Time,Height above ground [m],X [m],Y [m],Z [m],Opening Angle [°],Stalling Angle Left [°],Stalling Angle Right [°],Roll Angle Left [°],Roll Angle Right [°],Yaw Angle Left [°],Yaw Angle Right [°],Speed hor. [km/h],Speed vert. [km/h],Speed resulting [km/h],W1_Speed,W1_Tangent,W1_Turbulence,W1_CleanTan,W1_Cross,W2_Speed,W2_Tangent,W2_Turbulence,W2_CleanTan,W2_Cross,W3_Speed,W3_Tangent,W3_Turbulence,W3_CleanTan,W3_Cross,W4_Speed,W4_Tangent,W4_Turbulence,W4_CleanTan,W4_Cross,W5_Speed,W5_Tangent,W5_Turbulence,W5_CleanTan,W5_Cross,W6_Speed,W6_Tangent,W6_Turbulence,W6_CleanTan,W6_Cross,W7_Speed,W7_Tangent,W7_Turbulence,W7_CleanTan,W7_Cross,W8_Speed,W8_Tangent,W8_Turbulence,W8_CleanTan,W8_Cross,W9_Speed,W9_Tangent,W9_Turbulence,W9_CleanTan,W9_Cross,W10_Speed,W10_Tangent,W10_Turbulence,W10_CleanTan,W10_Cross,W11_Speed,W11_Tangent,W11_Turbulence,W11_CleanTan,W11_Cross,W12_Speed,W12_Tangent,W12_Turbulence,W12_CleanTan,W12_Cross
0.087,,-81.61,-0.0,43.25,,,,,,,,0.0,0.0,0.0,0.3,0.11,0.08,0.11,0.21,1.1,0.36,0.07,0.36,0.94,0.6,0.58,0.0,0.58,0.19,1.3,0.28,0.02,0.28,1.04,1.2,1.05,0.13,1.05,0.58,1.3,0.61,0.4,0.61,1.11,1.9,1.43,0.26,1.43,1.23,1.0,0.8,0.07,0.8,0.17,0.9,0.52,0.11,0.52,0.71,0.5,0.44,0.07,0.44,0.06,0.4,0.17,0.07,0.17,0.28,0.4,0.33,0.02,0.33,0.0
0.137,,-80.62851406588122,0.0,42.72992305842751,,,,,,,,1.154027410435201,-0.23479201731185387,1.1776628997355134,0.3,0.10891800913681174,0.07951911517191633,0.10891800913681174,0.21024044241404183,1.1,0.36024044241404185,0.06987977879297909,0.36024044241404185,0.9408415484491464,0.6012022120702092,0.5738687184419331,0.0016830968982928594,0.5738687184419331,0.18951911517191633,1.3,0.2796393363789373,0.02,0.2796393363789373,1.041562875691272,1.2084154844914643,1.0555301755229622,0.13625150276508777,1.0555301755229622,0.585890839144025,1.313224332772301,0.6156503967299831,0.404448184659774,0.6156503967299831,1.12045924501082,1.8963933637893724,1.4242293820629959,0.26,1.4242293820629959,1.2309617696561674,1.0024044241404184,0.8046886270738158,0.07072132724212551,0.8046886270738158,0.16915845155085357,0.8987977879297908,0.5203606636210628,0.10975955758595816,0.5203606636210628,0.7074753546525607,0.5024044241404184,0.4433661937965857,0.07108199086318827,0.4433661937965857,0.06156287569127194,0.4036066362106276,0.17216398172637654,0.07084154844914643,0.17216398172637654,0.28408752103871127,0.4,0.33096176965616736,0.019879778792979082,0.33096176965616736,0.0001202212070209185
0.18700000000000003,,-79.64702813176244,0.0,42.20984611685501,,,,,,,,2.308054820870402,-0.46958403462370774,2.355325799471027,0.3,0.10783601827362346,0.07903823034383266,0.10783601827362346,0.21048088482808366,1.1,0.36048088482808366,0.06975955758595817,0.36048088482808366,0.9416830968982928,0.6024044241404184,0.5677374368838662,0.003366193796585719,0.5677374368838662,0.18903823034383266,1.3,0.2792786727578745,0.02,0.2792786727578745,1.0431257513825438,1.2168309689829286,1.0610603510459244,0.14250300553017553,1.0610603510459244,0.59178167828805,1.3264486655446022,0.6213007934599664,0.408896369319548,0.6213007934599664,1.13091849002164,1.8927867275787449,1.4184587641259918,0.26,1.4184587641259918,1.2319235393123347,1.0048088482808368,0.8093772541476317,0.07144265448425102,0.8093772541476317,0.16831690310170716,0.8975955758595816,0.5207213272421255,0.10951911517191633,0.5207213272421255,0.7049507093051214,0.5048088482808367,0.44673238759317146,0.07216398172637654,0.44673238759317146,0.06312575138254388,0.40721327242125516,0.1743279634527531,0.07168309689829287,0.1743279634527531,0.2881750420774225,0.4,0.3319235393123347,0.019759557585958164,0.3319235393123347,0.000240442414041837
0.23700000000000004,,-78.66554219764366,0.0,41.68976917528252,,,,,,,,3.462082231305603,-0.7043760519355616,3.5329886992065402,0.3,0.1067540274104352,0.07855734551574899,0.1067540274104352,0.2107213272421255,1.1,0.3607213272421255,0.06963933637893725,0.3607213272421255,0.9425246453474392,0.6036066362106275,0.5616061553257994,0.005049290694878578,0.5616061553257994,0.188557345515749,1.3,0.27891800913681175,0.02,0.27891800913681175,1.0446886270738158,1.2252464534743928,1.0665905265688869,0.1487545082952633,1.0665905265688869,0.597672517432075,1.3396729983169031,0.6269511901899495,0.41334455397932196,0.6269511901899495,1.1413777350324599,1.8891800913681172,1.4126881461889877,0.26,1.4126881461889877,1.2328853089685021,1.007213272421255,0.8140658812214475,0.07216398172637654,0.8140658812214475,0.16747535465256072,0.8963933637893725,0.5210819908631883,0.10927867275787449,0.5210819908631883,0.7024260639576821,0.5072132724212551,0.45009858138975717,0.0732459725895648,0.45009858138975717,0.06468862707381581,0.41081990863188267,0.1764919451791296,0.0725246453474393,0.1764919451791296,0.2922625631161337,0.4,0.33288530896850205,0.019639336378937246,0.33288530896850205,0.00036066362106275553
0.28700000000000003,,-77.68405626352488,0.0,41.16969223371002,,,,,,,,4.616109641740803,-0.9391680692474154,4.710651598942053,0.3,0.10567203654724694,0.0780764606876653,0.10567203654724694,0.21096176965616734,1.1,0.36096176965616733,0.06951911517191633,0.36096176965616733,0.9433661937965857,0.6048088482808367,0.5554748737677326,0.006732387593171437,0.5554748737677326,0.18807646068766531,1.3,0.278557345515749,0.02,0.278557345515749,1.0462515027650878,1.233661937965857,1.072120702091849,0.15500601106035106,1.072120702091849,0.6035633565760999,1.352897331089204,0.6326015869199326,0.41779273863909594,0.6326015869199326,1.1518369800432797,1.8855734551574896,1.4069175282519837,0.26,1.4069175282519837,1.2338470786246694,1.0096176965616734,0.8187545082952633,0.07288530896850205,0.8187545082952633,0.16663380620341428,0.8951911517191633,0.5214426544842511,0.10903823034383266,0.5214426544842511,0.6999014186102428,0.5096176965616734,0.45346477518634287,0.07432796345275307,0.45346477518634287,0.06625150276508776,0.41442654484251024,0.17865592690550613,0.07336619379658572,0.17865592690550613,0.29635008415484493,0.4,0.3338470786246694,0.019519115171916325,0.3338470786246694,0.00048088482808367395
0.3370000000000001,,-76.7025703294061,0.0,40.64961529213753,,,,,,,,5.770137052176006,-1.1739600865592694,5.888314498677568,0.3,0.10459004568405866,0.07759557585958163,0.10459004568405866,0.21120221207020917,1.1,0.3612022120702092,0.06939889396489542,0.3612022120702092,0.9442077422457321,0.6060110603510459,0.5493435922096658,0.008415484491464297,0.5493435922096658,0.18759557585958164,1.3,0.27819668189468627,0.02,0.27819668189468627,1.0478143784563598,1.2420774224573214,1.0776508776148113,0.16125751382543882,1.0776508776148113,0.609454195720125,1.3661216638615052,0.6382519836499159,0.42224092329887,0.6382519836499159,1.1622962250540996,1.8819668189468621,1.4011469103149794,0.26,1.4011469103149794,1.2348088482808368,1.0120221207020919,0.8234431353690792,0.07360663621062756,0.8234431353690792,0.16579225775426787,0.8939889396489541,0.5218033181053138,0.10879778792979082,0.5218033181053138,0.6973767732628036,0.5120221207020919,0.4568309689829286,0.07540995431594134,0.4568309689829286,0.06781437845635971,0.4180331810531378,0.1808199086318827,0.07420774224573215,0.1808199086318827,0.30043760519355617,0.4,0.33480884828083673,0.019398893964895407,0.33480884828083673,0.0006011060351045925
0.3870000000000001,,-75.72108439528732,0.0,40.12953835056504,,,,,,,,6.924164462611207,-1.4087521038711235,7.065977398413082,0.3,0.1035080548208704,0.07711469103149796,0.1035080548208704,0.211442654484251,1.1,0.361442654484251,0.0692786727578745,0.361442654484251,0.9450492906948785,0.6072132724212551,0.5432123106515989,0.010098581389757158,0.5432123106515989,0.18711469103149797,1.3,0.2778360182736235,0.02,0.2778360182736235,1.0493772541476316,1.2504929069487858,1.0831810531377735,0.16750901659052658,1.0831810531377735,0.61534503486415,1.3793459966338062,0.643902380379899,0.42668910795864395,0.643902380379899,1.1727554700649196,1.8783601827362346,1.3953762923779753,0.26,1.3953762923779753,1.235770617937004,1.0144265448425103,0.828131762442895,0.07432796345275307,0.828131762442895,0.16495070930512143,0.8927867275787449,0.5221639817263766,0.10855734551574898,0.5221639817263766,0.6948521279153642,0.5144265448425103,0.46019716277951433,0.0764919451791296,0.46019716277951433,0.06937725414763164,0.42163981726376537,0.1829838903582592,0.07504929069487859,0.1829838903582592,0.3045251262322674,0.4,0.3357706179370041,0.01927867275787449,0.3357706179370041,0.0007213272421255112
0.43700000000000006,,-74.73959846116855,0.0,39.609461408992544,,,,,,,,8.078191873046407,-1.6435441211829769,8.243640298148593,0.3,0.10242606395768214,0.07663380620341428,0.10242606395768214,0.21168309689829284,1.1,0.36168309689829287,0.06915845155085358,0.36168309689829287,0.9458908391440249,0.6084154844914643,0.5370810290935321,0.011781678288050015,0.5370810290935321,0.18663380620341427,1.3,0.27747535465256074,0.02,0.27747535465256074,1.0509401298389036,1.25890839144025,1.0887112286607359,0.17376051935561435,1.0887112286607359,0.621235874008175,1.3925703294061074,0.6495527771098821,0.43113729261841793,0.6495527771098821,1.1832147150757395,1.874753546525607,1.3896056744409713,0.26,1.3896056744409713,1.2367323875931715,1.0168309689829287,0.8328203895167108,0.07504929069487859,0.8328203895167108,0.16410916085597502,0.8915845155085357,0.5225246453474393,0.10831690310170713,0.5225246453474393,0.692327482567925,0.5168309689829286,0.46356335657610004,0.07757393604231787,0.46356335657610004,0.07094012983890358,0.4252464534743929,0.18514787208463573,0.07589083914402502,0.18514787208463573,0.30861264727097865,0.4,0.3367323875931714,0.01915845155085357,0.3367323875931714,0.0008415484491464295
0.4870000000000001,,-73.75811252704978,0.0,39.089384467420054,,,,,,,,9.232219283481609,-1.878336138494831,9.421303197884107,0.3,0.10134407309449386,0.07615292137533061,0.10134407309449386,0.21192353931233468,1.1,0.3619235393123347,0.06903823034383266,0.3619235393123347,0.9467323875931714,0.6096176965616734,0.5309497475354652,0.013464775186342875,0.5309497475354652,0.1861529213753306,1.3,0.277114691031498,0.02,0.277114691031498,1.0525030055301756,1.2673238759317142,1.094241404183698,0.1800120221207021,1.094241404183698,0.6271267131522,1.4057946621784083,0.6552031738398654,0.4355854772781919,0.6552031738398654,1.1936739600865593,1.8711469103149794,1.3838350565039672,0.26,1.3838350565039672,1.2376941572493387,1.0192353931233469,0.8375090165905266,0.0757706179370041,0.8375090165905266,0.16326761240682858,0.8903823034383266,0.522885308968502,0.1080764606876653,0.522885308968502,0.6898028372204856,0.519235393123347,0.46692955037268574,0.07865592690550614,0.46692955037268574,0.07250300553017552,0.42885308968502045,0.18731185381101229,0.07673238759317144,0.18731185381101229,0.31270016830968983,0.4,0.3376941572493388,0.019038230343832653,0.3376941572493388,0.000961769656167348
0.5370000000000001,,-72.776626592931,0.0,38.569307525847556,,,,,,,,10.38624669391681,-2.113128155806685,10.598966097619622,0.3,0.1002620822313056,0.07567203654724694,0.1002620822313056,0.21216398172637652,1.1,0.36216398172637654,0.06891800913681174,0.36216398172637654,0.9475739360423178,0.6108199086318826,0.5248184659773983,0.015147872084635734,0.5248184659773983,0.18567203654724693,1.3,0.2767540274104352,0.02,0.2767540274104352,1.0540658812214474,1.2757393604231786,1.0997715797066603,0.18626352488578987,1.0997715797066603,0.633017552296225,1.4190189949507093,0.6608535705698485,0.4400336619379659,0.6608535705698485,1.2041332050973792,1.8675402741043519,1.3780644385669631,0.26,1.3780644385669631,1.2386559269055062,1.0216398172637653,0.8421976436643425,0.0764919451791296,0.8421976436643425,0.16242606395768214,0.8891800913681174,0.5232459725895648,0.10783601827362346,0.5232459725895648,0.6872781918730464,0.5216398172637653,0.47029574416927145,0.0797379177686944,0.47029574416927145,0.07406588122144747,0.432459725895648,0.1894758355373888,0.07757393604231787,0.1894758355373888,0.31678768934840107,0.4,0.33865592690550617,0.018918009136811735,0.33865592690550617,0.0010819908631882666
0.5870000000000002,,-71.79514065881222,0.0,38.049230584275065,,,,,,,,11.540274104352012,-2.347920173118539,11.776628997355136,0.3,0.09918009136811734,0.07519115171916327,0.09918009136811734,0.21240442414041835,1.1,0.36240442414041835,0.06879778792979083,0.36240442414041835,0.9484154844914643,0.6120221207020918,0.5186871844193315,0.016830968982928594,0.5186871844193315,0.18519115171916326,1.3,0.27639336378937246,0.02,0.27639336378937246,1.0556287569127194,1.284154844914643,1.1053017552296225,0.19251502765087763,1.1053017552296225,0.63890839144025,1.4322433277230104,0.6665039672998317,0.44448184659773987,0.6665039672998317,1.2145924501081993,1.8639336378937243,1.372293820629959,0.26,1.372293820629959,1.2396176965616734,1.0240442414041837,0.8468862707381583,0.07721327242125511,0.8468862707381583,0.16158451550853573,0.8879778792979082,0.5236066362106275,0.10759557585958163,0.5236066362106275,0.684753546525607,0.5240442414041837,0.4736619379658572,0.08081990863188268,0.4736619379658572,0.0756287569127194,0.4360663621062756,0.19163981726376533,0.07841548449146431,0.19163981726376533,0.3208752103871123,0.4,0.3396176965616735,0.018797787929790817,0.3396176965616735,0.001202212070209185
0.6370000000000001,,-70.81365472469344,0.0,37.529153642702575,,,,,,,,12.694301514787211,-2.5827121904303927,12.954291897090647,0.3,0.09809810050492906,0.07471026689107958,0.09809810050492906,0.2126448665544602,1.1,0.3626448665544602,0.06867756672276991,0.3626448665544602,0.9492570329406107,0.613224332772301,0.5125559028612647,0.018514065881221453,0.5125559028612647,0.18471026689107958,1.3,0.2760327001683097,0.02,0.2760327001683097,1.0571916326039914,1.2925703294061073,1.110831930752585,0.19876653041596537,1.110831930752585,0.644799230584275,1.4454676604953114,0.6721543640298149,0.44893003125751385,0.6721543640298149,1.2250516951190191,1.8603270016830968,1.366523202692955,0.26,1.366523202692955,1.2405794662178409,1.0264486655446021,0.851574897811974,0.07793459966338062,0.851574897811974,0.16074296705938929,0.886775667227699,0.5239672998316903,0.10735513344553979,0.5239672998316903,0.6822289011781678,0.526448665544602,0.4770281317624429,0.08190189949507094,0.4770281317624429,0.07719163260399134,0.4396729983169031,0.19380379899014188,0.07925703294061073,0.19380379899014188,0.32496273142582355,0.4,0.34057946621784085,0.018677566722769896,0.34057946621784085,0.0013224332772301035
0.6870000000000002,,-69.83216879057466,0.0,37.00907670113008,,,,,,,,13.848328925222413,-2.8175042077422465,14.131954796826161,0.3,0.0970161096417408,0.07422938206299591,0.0970161096417408,0.21288530896850205,1.1,0.362885308968502,0.06855734551574898,0.362885308968502,0.9500985813897571,0.6144265448425102,0.5064246213031979,0.020197162779514312,0.5064246213031979,0.1842293820629959,1.3,0.275672036547247,0.02,0.275672036547247,1.0587545082952634,1.3009858138975714,1.116362106275547,0.20501803318105316,1.116362106275547,0.6506900697283,1.4586919932676126,0.677804760759798,0.45337821591728783,0.677804760759798,1.235510940129839,1.8567203654724693,1.360752584755951,0.26,1.360752584755951,1.241541235874008,1.0288530896850205,0.8562635248857899,0.07865592690550614,0.8562635248857899,0.15990141861024285,0.8855734551574898,0.5243279634527531,0.10711469103149796,0.5243279634527531,0.6797042558307285,0.5288530896850204,0.4803943255590286,0.0829838903582592,0.4803943255590286,0.07875450829526329,0.44327963452753066,0.1959677807165184,0.08009858138975716,0.1959677807165184,0.3290502524645348,0.4,0.3415412358740082,0.018557345515748978,0.3415412358740082,0.0014426544842510221
0.7370000000000002,,-68.85068285645588,0.0,36.488999759557586,,,,,,,,15.002356335657614,-3.0522962250541004,15.309617696561675,0.3,0.09593411877855254,0.07374849723491224,0.09593411877855254,0.2131257513825439,1.1,0.3631257513825439,0.06843712430872806,0.3631257513825439,0.9509401298389035,0.6156287569127193,0.500293339745131,0.02188025967780717,0.500293339745131,0.18374849723491224,1.3,0.2753113729261842,0.02,0.2753113729261842,1.0603173839865352,1.3094012983890357,1.1218922817985093,0.21126953594614092,1.1218922817985093,0.6565809088723251,1.4719163260399135,0.6834551574897813,0.4578264005770618,0.6834551574897813,1.2459701851406588,1.8531137292618418,1.354981966818947,0.26,1.354981966818947,1.2425030055301756,1.0312575138254387,0.8609521519596057,0.07937725414763165,0.8609521519596057,0.15905987016109643,0.8843712430872807,0.5246886270738158,0.10687424861745612,0.5246886270738158,0.6771796104832892,0.5312575138254388,0.4837605193556143,0.08406588122144748,0.4837605193556143,0.08031738398653523,0.44688627073815823,0.19813176244289493,0.08094012983890359,0.19813176244289493,0.333137773503246,0.4,0.34250300553017554,0.01843712430872806,0.34250300553017554,0.0015628756912719405
0.7870000000000001,,-67.8691969223371,0.0,35.96892281798509,,,,,,,,16.156383746092814,-3.2870882423659538,16.487280596297186,0.3,0.09485212791536426,0.07326761240682857,0.09485212791536426,0.21336619379658572,1.1,0.3633661937965857,0.06831690310170714,0.3633661937965857,0.9517816782880499,0.6168309689829286,0.49416205818706416,0.02356335657610003,0.49416205818706416,0.18326761240682857,1.3,0.27495070930512144,0.02,0.27495070930512144,1.0618802596778072,1.3178167828805,1.1274224573214715,0.2175210387112287,1.1274224573214715,0.6624717480163501,1.4851406588122145,0.6891055542197644,0.4622745852368358,0.6891055542197644,1.256429430151479,1.849507093051214,1.3492113488819426,0.26,1.3492113488819426,1.2434647751863428,1.0336619379658571,0.8656407790334215,0.08009858138975716,0.8656407790334215,0.15821832171195,0.8831690310170714,0.5250492906948786,0.10663380620341428,0.5250492906948786,0.6746549651358499,0.5336619379658571,0.4871267131522,0.08514787208463574,0.4871267131522,0.08188025967780717,0.4504929069487858,0.20029574416927148,0.08178167828805002,0.20029574416927148,0.3372252945419572,0.4,0.3434647751863429,0.01831690310170714,0.3434647751863429,0.001683096898292859
0.8370000000000002,,-66.88771098821832,0.0,35.4488458764126,,,,,,,,17.310411156528016,-3.521880259677808,17.664943496032702,0.3,0.093770137052176,0.0727867275787449,0.093770137052176,0.21360663621062756,1.1,0.36360663621062755,0.06819668189468622,0.36360663621062755,0.9526232267371963,0.6180331810531378,0.4880307766289973,0.025246453474392888,0.4880307766289973,0.1827867275787449,1.3,0.2745900456840587,0.02,0.2745900456840587,1.0634431353690792,1.3262322673719644,1.1329526328444337,0.22377254147631642,1.1329526328444337,0.6683625871603751,1.4983649915845156,0.6947559509497475,0.46672276989660977,0.6947559509497475,1.2668886751622987,1.8459004568405866,1.3434407309449385,0.26,1.3434407309449385,1.2444265448425103,1.0360663621062756,0.8703294061072373,0.08081990863188267,0.8703294061072373,0.15737677326280358,0.8819668189468622,0.5254099543159414,0.10639336378937245,0.5254099543159414,0.6721303197884106,0.5360663621062756,0.4904929069487858,0.086229862947824,0.4904929069487858,0.0834431353690791,0.45409954315941337,0.202459725895648,0.08262322673719645,0.202459725895648,0.34131281558066845,0.4,0.34442654484251023,0.018196681894686224,0.34442654484251023,0.0018033181053137774
0.8870000000000002,,-65.90622505409954,0.0,34.92876893484011,,,,,,,,18.464438566963217,-3.756672276989662,18.842606395768215,0.3,0.09268814618898774,0.07230584275066122,0.09268814618898774,0.2138470786246694,1.1,0.36384707862466936,0.0680764606876653,0.36384707862466936,0.9534647751863429,0.619235393123347,0.48189949507093044,0.02692955037268575,0.48189949507093044,0.18230584275066122,1.3,0.2742293820629959,0.02,0.2742293820629959,1.065006011060351,1.3346477518634288,1.1384828083673961,0.2300240442414042,1.1384828083673961,0.6742534263044001,1.5115893243568166,0.7004063476797308,0.4711709545563838,0.7004063476797308,1.2773479201731186,1.842293820629959,1.3376701130079345,0.26,1.3376701130079345,1.2453883144986775,1.038470786246694,0.8750180331810532,0.08154123587400819,0.8750180331810532,0.15653522481365714,0.880764606876653,0.5257706179370041,0.10615292137533061,0.5257706179370041,0.6696056744409713,0.5384707862466939,0.4938591007453715,0.08731185381101228,0.4938591007453715,0.08500601106035105,0.4577061793700409,0.20462370762202453,0.08346477518634288,0.20462370762202453,0.3454003366193797,0.4,0.3453883144986776,0.018076460687665306,0.3453883144986776,0.001923539312334696
0.9370000000000003,,-64.92473911998076,0.0,34.40869199326761,,,,,,,,19.61846597739842,-3.991464294301516,20.02026929550373,0.3,0.09160615532579947,0.07182495792257754,0.09160615532579947,0.21408752103871123,1.1,0.3640875210387112,0.06795623948064439,0.3640875210387112,0.9543063236354893,0.6204376051935561,0.4757682135128636,0.02861264727097861,0.4757682135128636,0.18182495792257755,1.3,0.27386871844193317,0.02,0.27386871844193317,1.066568886751623,1.3430632363548929,1.1440129838903583,0.23627554700649195,1.1440129838903583,0.6801442654484251,1.5248136571291178,0.7060567444097139,0.4756191392161578,0.7060567444097139,1.2878071651839385,1.8386871844193315,1.3318994950709304,0.26,1.3318994950709304,1.246350084154845,1.0408752103871124,0.879706660254869,0.0822625631161337,0.879706660254869,0.1556936763645107,0.8795623948064439,0.5261312815580669,0.10591247896128878,0.5261312815580669,0.6670810290935321,0.5408752103871123,0.4972252945419572,0.08839384467420054,0.4972252945419572,0.08656888675162298,0.46131281558066844,0.20678768934840108,0.08430632363548932,0.20678768934840108,0.34948785765809093,0.4,0.3463500841548449,0.017956239480644384,0.3463500841548449,0.0020437605193556144
0.9870000000000003,,-63.94325318586198,0.0,33.88861505169512,,,,,,,,20.77249338783362,-4.22625631161337,21.197932195239243,0.3,0.0905241644626112,0.07134407309449387,0.0905241644626112,0.21432796345275307,1.1,0.36432796345275303,0.06783601827362347,0.36432796345275303,0.9551478720846357,0.6216398172637653,0.4696369319547967,0.030295744169271468,0.4696369319547967,0.18134407309449388,1.3,0.2735080548208704,0.02,0.2735080548208704,1.068131762442895,1.3514787208463572,1.1495431594133205,0.24252704977157974,1.1495431594133205,0.6860351045924501,1.5380379899014187,0.711707141139697,0.48006732387593176,0.711707141139697,1.2982664101947585,1.835080548208704,1.3261288771339264,0.26,1.3261288771339264,1.2473118538110122,1.0432796345275306,0.8843952873286848,0.0829838903582592,0.8843952873286848,0.1548521279153643,0.8783601827362347,0.5264919451791297,0.10567203654724694,0.5264919451791297,0.6645563837460928,0.5432796345275307,0.500591488338543,0.0894758355373888,0.500591488338543,0.08813176244289493,0.464919451791296,0.2089516710747776,0.08514787208463574,0.2089516710747776,0.35357537869680217,0.4,0.34731185381101226,0.017836018273623466,0.34731185381101226,0.0021639817263765333
1.0370000000000004,,-62.9617672517432,0.0,33.36853811012262,,,,,,,,21.92652079826882,-4.461048328925224,22.375595094974756,0.3,0.08944217359942294,0.0708631882664102,0.08944217359942294,0.2145684058667949,1.1,0.3645684058667949,0.06771579706660255,0.3645684058667949,0.9559894205337821,0.6228420293339745,0.4635056503967299,0.03197884106756433,0.4635056503967299,0.18086318826641018,1.3,0.2731473911998077,0.02,0.2731473911998077,1.069694638134167,1.3598942053378216,1.1550733349362827,0.2487785525366675,1.1550733349362827,0.6919259437364751,1.5512623226737197,0.7173575378696803,0.48451550853570574,0.7173575378696803,1.3087256552055784,1.8314739119980763,1.3203582591969223,0.26,1.3203582591969223,1.2482736234671796,1.045684058667949,0.8890839144025007,0.08370521760038471,0.8890839144025007,0.15401057946621785,0.8771579706660255,0.5268526088001924,0.1054315941332051,0.5268526088001924,0.6620317383986535,0.545684058667949,0.5039576821351286,0.09055782640057708,0.5039576821351286,0.08969463813416687,0.4685260880019236,0.21111565280115413,0.08598942053378217,0.21111565280115413,0.35766289973551335,0.4,0.3482736234671796,0.01771579706660255,0.3482736234671796,0.0022842029333974517
1.0870000000000004,,-61.980281317624424,0.0,32.84846116855013,,,,,,,,23.080548208704023,-4.695840346237078,23.553257994710272,0.3,0.08836018273623467,0.07038230343832652,0.08836018273623467,0.21480884828083674,1.1,0.3648088482808367,0.06759557585958163,0.3648088482808367,0.9568309689829285,0.6240442414041837,0.45737436883866306,0.03366193796585719,0.45737436883866306,0.1803823034383265,1.3,0.2727867275787449,0.02,0.2727867275787449,1.0712575138254388,1.368309689829286,1.1606035104592451,0.25503005530175527,1.1606035104592451,0.6978167828805002,1.5644866554460208,0.7230079345996634,0.4889636931954797,0.7230079345996634,1.3191849002163982,1.8278672757874488,1.3145876412599182,0.26,1.3145876412599182,1.2492353931233469,1.0480884828083674,0.8937725414763165,0.08442654484251023,0.8937725414763165,0.1531690310170714,0.8759557585958163,0.5272132724212552,0.10519115171916325,0.5272132724212552,0.6595070930512142,0.5480884828083674,0.5073238759317144,0.09163981726376534,0.5073238759317144,0.09125751382543881,0.47213272421255115,0.21327963452753068,0.08683096898292861,0.21327963452753068,0.3617504207742246,0.4,0.34923539312334695,0.01759557585958163,0.34923539312334695,0.00240442414041837
1.1370000000000002,,-60.99879538350565,0.0,32.32838422697764,,,,,,,,24.234575619139218,-4.930632363548931,24.73092089444578,0.3,0.0872781918730464,0.06990141861024285,0.0872781918730464,0.21504929069487858,1.1,0.36504929069487857,0.06747535465256072,0.36504929069487857,0.9576725174320749,0.6252464534743929,0.45124308728059626,0.03534503486415004,0.45124308728059626,0.17990141861024284,1.3,0.27242606395768215,0.02,0.27242606395768215,1.0728203895167108,1.3767251743207503,1.1661336859822073,0.261281558066843,1.1661336859822073,0.7037076220245251,1.5777109882183218,0.7286583313296465,0.4934118778552537,0.7286583313296465,1.329644145227218,1.8242606395768213,1.3088170233229142,0.26,1.3088170233229142,1.2501971627795143,1.0504929069487858,0.8984611685501322,0.08514787208463574,0.8984611685501322,0.152327482567925,0.8747535465256071,0.5275739360423178,0.10495070930512142,0.5275739360423178,0.6569824477037749,0.5504929069487857,0.5106900697283001,0.0927218081269536,0.5106900697283001,0.09282038951671075,0.47573936042317866,0.2154436162539072,0.08767251743207502,0.2154436162539072,0.36583794181293583,0.4,0.3501971627795143,0.017475354652560712,0.3501971627795143,0.0025246453474392886
1.1870000000000003,,-60.01730944938687,0.0,31.808307285405142,,,,,,,,25.388603029574423,-5.165424380860785,25.908583794181293,0.3,0.08619620100985814,0.06942053378215918,0.08619620100985814,0.2152897331089204,1.1,0.3652897331089204,0.0673551334455398,0.3652897331089204,0.9585140658812215,0.626448665544602,0.4451118057225294,0.037028131762442906,0.4451118057225294,0.17942053378215916,1.3,0.2720654003366194,0.02,0.2720654003366194,1.0743832652079828,1.3851406588122144,1.1716638615051695,0.26753306083193074,1.1716638615051695,0.7095984611685502,1.5909353209906227,0.7343087280596298,0.4978600625150277,0.7343087280596298,1.3401033902380382,1.8206540033661938,1.30304640538591,0.26,1.30304640538591,1.2511589324356815,1.052897331089204,0.903149795623948,0.08586919932676125,0.903149795623948,0.15148593411877856,0.873551334455398,0.5279345996633806,0.10471026689107958,0.5279345996633806,0.6544578023563357,0.5528973310892041,0.5140562635248858,0.09380379899014187,0.5140562635248858,0.09438326520798268,0.4793459966338062,0.21760759798028373,0.08851406588122146,0.21760759798028373,0.36992546285164707,0.4,0.35115893243568164,0.017355133445539794,0.35115893243568164,0.002644866554460207
1.2370000000000003,,-59.03582351526809,0.0,31.28823034383265,,,,,,,,26.542630440009624,-5.400216398172639,27.08624669391681,0.3,0.08511421014666987,0.0689396489540755,0.08511421014666987,0.21553017552296225,1.1,0.36553017552296224,0.06723491223851888,0.36553017552296224,0.9593556143303679,0.6276508776148112,0.43898052416446254,0.038711228660735765,0.43898052416446254,0.1789396489540755,1.3,0.2717047367155566,0.02,0.2717047367155566,1.0759461408992546,1.3935561433036787,1.1771940370281317,0.2737845635970185,1.1771940370281317,0.7154893003125752,1.604159653762924,0.7399591247896129,0.5023082471748017,0.7399591247896129,1.350562635248858,1.8170473671555663,1.297275787448906,0.26,1.297275787448906,1.252120702091849,1.0553017552296224,0.9078384226977639,0.08659052656888676,0.9078384226977639,0.15064438566963212,0.8723491223851888,0.5282952632844434,0.10446982447703775,0.5282952632844434,0.6519331570088963,0.5553017552296224,0.5174224573214715,0.09488578985333014,0.5174224573214715,0.09594614089925463,0.4829526328444338,0.21977157970666028,0.08935561433036789,0.21977157970666028,0.3740129838903583,0.4,0.35212070209184904,0.017234912238518876,0.35212070209184904,0.0027650877614811254
1.2870000000000004,,-58.05433758114931,0.0,30.768153402260157,,,,,,,,27.696657850444826,-5.635008415484493,28.263909593652322,0.3,0.0840322192834816,0.06845876412599182,0.0840322192834816,0.21577061793700408,1.1,0.3657706179370041,0.06711469103149796,0.3657706179370041,0.9601971627795143,0.6288530896850204,0.4328492426063957,0.040394325559028624,0.4328492426063957,0.17845876412599182,1.3,0.2713440730944939,0.02,0.2713440730944939,1.0775090165905266,1.401971627795143,1.182724212551094,0.2800360663621063,1.182724212551094,0.7213801394566002,1.6173839865352249,0.7456095215195961,0.5067564318345756,0.7456095215195961,1.3610218802596779,1.8134407309449387,1.2915051695119018,0.26,1.2915051695119018,1.2530824717480165,1.0577061793700409,0.9125270497715797,0.08731185381101227,0.9125270497715797,0.1498028372204857,0.8711469103149796,0.5286559269055061,0.10422938206299591,0.5286559269055061,0.6494085116614571,0.5577061793700409,0.5207886511180573,0.0959677807165184,0.5207886511180573,0.09750901659052658,0.4865592690550613,0.2219355614330368,0.09019716277951431,0.2219355614330368,0.37810050492906955,0.4,0.3530824717480164,0.017114691031497955,0.3530824717480164,0.0028853089685020442
1.3370000000000004,,-57.07285164703053,0.0,30.248076460687663,,,,,,,,28.850685260880027,-5.869800432796347,29.441572493387838,0.3,0.08295022842029334,0.06797787929790815,0.08295022842029334,0.21601106035104592,1.1,0.3660110603510459,0.06699446982447704,0.3660110603510459,0.9610387112286607,0.6300553017552296,0.4267179610483288,0.04207742245732148,0.4267179610483288,0.17797787929790815,1.3,0.27098340947343114,0.02,0.27098340947343114,1.0790718922817986,1.4103871122866074,1.1882543880740564,0.2862875691271941,1.1882543880740564,0.7272709786006252,1.6306083193075258,0.7512599182495793,0.5112046164943497,0.7512599182495793,1.3714811252704977,1.809834094734311,1.2857345515748977,0.26,1.2857345515748977,1.2540442414041837,1.0601106035104593,0.9172156768453955,0.08803318105313779,0.9172156768453955,0.14896128877133927,0.8699446982447704,0.5290165905265689,0.10398893964895407,0.5290165905265689,0.6468838663140177,0.5601106035104593,0.5241548449146429,0.09704977157970668,0.5241548449146429,0.09907189228179852,0.4901659052656889,0.22409954315941333,0.09103871122866075,0.22409954315941333,0.38218802596778073,0.4,0.3540442414041837,0.016994469824477037,0.3540442414041837,0.0030055301755229627
1.3870000000000005,,-56.09136571291175,0.0,29.72799951911517,,,,,,,,30.00471267131523,-6.104592450108201,30.61923539312335,0.3,0.08186823755710507,0.06749699446982448,0.08186823755710507,0.21625150276508776,1.1,0.3662515027650878,0.06687424861745613,0.3662515027650878,0.9618802596778071,0.6312575138254388,0.42058667949026196,0.04376051935561434,0.42058667949026196,0.17749699446982448,1.3,0.2706227458523684,0.02,0.2706227458523684,1.0806347679730703,1.4188025967780717,1.1937845635970186,0.29253907189228184,1.1937845635970186,0.7331618177446502,1.643832652079827,0.7569103149795624,0.5156528011541236,0.7569103149795624,1.3819403702813178,1.8062274585236835,1.2799639336378936,0.26,1.2799639336378936,1.2550060110603511,1.0625150276508777,0.9219043039192114,0.0887545082952633,0.9219043039192114,0.14811974032219283,0.8687424861745612,0.5293772541476317,0.10374849723491224,0.5293772541476317,0.6443592209665785,0.5625150276508776,0.5275210387112287,0.09813176244289494,0.5275210387112287,0.10063476797307046,0.49377254147631644,0.22626352488578988,0.09188025967780718,0.22626352488578988,0.38627554700649197,0.4,0.35500601106035107,0.01687424861745612,0.35500601106035107,0.003125751382543881
1.4370000000000005,,-55.10987977879297,0.0,29.207922577542675,,,,,,,,31.15874008175043,-6.339384467420055,31.796898292858867,0.3,0.0807862466939168,0.0670161096417408,0.0807862466939168,0.2164919451791296,1.1,0.3664919451791296,0.06675402741043521,0.3664919451791296,0.9627218081269535,0.6324597258956479,0.41445539793219516,0.04544361625390721,0.41445539793219516,0.1770161096417408,1.3,0.2702620822313056,0.02,0.2702620822313056,1.0821976436643423,1.4272180812695359,1.1993147391199808,0.2987905746573696,1.1993147391199808,0.7390526568886752,1.6570569848521282,0.7625607117095456,0.5201009858138976,0.7625607117095456,1.3923996152921376,1.802620822313056,1.2741933157008896,0.26,1.2741933157008896,1.2559677807165184,1.0649194517912959,0.9265929309930272,0.0894758355373888,0.9265929309930272,0.14727819187304642,0.8675402741043521,0.5297379177686944,0.1035080548208704,0.5297379177686944,0.6418345756191391,0.564919451791296,0.5308872325078144,0.0992137533060832,0.5308872325078144,0.10219764366434239,0.497379177686944,0.2284275066121664,0.0927218081269536,0.2284275066121664,0.3903630680452032,0.4,0.3559677807165184,0.0167540274104352,0.3559677807165184,0.0032459725895648
1.4870000000000003,,-54.12839384467419,0.0,28.687845635970184,,,,,,,,32.31276749218563,-6.5741764847319075,32.97456119259437,0.3,0.07970425583072854,0.06653522481365713,0.07970425583072854,0.21673238759317143,1.1,0.36673238759317145,0.06663380620341429,0.36673238759317145,0.9635633565761,0.6336619379658571,0.40832411637412835,0.04712671315220006,0.40832411637412835,0.17653522481365713,1.3,0.26990141861024286,0.02,0.26990141861024286,1.0837605193556143,1.4356335657610002,1.204844914642943,0.30504207742245737,1.204844914642943,0.7449434960327002,1.670281317624429,0.7682111084395288,0.5245491704736716,0.7682111084395288,1.4028588603029575,1.7990141861024285,1.2684226977638855,0.26,1.2684226977638855,1.2569295503726858,1.0673238759317143,0.931281558066843,0.09019716277951431,0.931281558066843,0.14643664342389998,0.8663380620341429,0.5300985813897572,0.10326761240682857,0.5300985813897572,0.6393099302716999,0.5673238759317143,0.5342534263044001,0.10029574416927146,0.5342534263044001,0.10376051935561434,0.5009858138975716,0.23059148833854293,0.09356335657610004,0.23059148833854293,0.3944505890839144,0.4,0.35692955037268576,0.016633806203414283,0.35692955037268576,0.003366193796585718
1.5370000000000004,,-53.14690791055541,0.0,28.16776869439769,,,,,,,,33.466794902620826,-6.808968502043762,34.15222409232989,0.3,0.07862226496754027,0.06605433998557346,0.07862226496754027,0.21697283000721326,1.1,0.36697283000721326,0.06651358499639337,0.36697283000721326,0.9644049050252465,0.6348641500360663,0.4021928348160615,0.04880981005049292,0.4021928348160615,0.17605433998557346,1.3,0.2695407549891801,0.02,0.2695407549891801,1.0853233950468864,1.4440490502524645,1.2103750901659054,0.3112935801875451,1.2103750901659054,0.7508343351767252,1.68350565039673,0.7738615051695119,0.5289973551334456,0.7738615051695119,1.4133181053137776,1.795407549891801,1.2626520798268814,0.26,1.2626520798268814,1.257891320028853,1.0697283000721327,0.9359701851406588,0.09091849002163982,0.9359701851406588,0.14559509497475356,0.8651358499639337,0.53045924501082,0.10302716999278673,0.53045924501082,0.6367852849242606,0.5697283000721327,0.5376196201009859,0.10137773503245973,0.5376196201009859,0.10532339504688627,0.5045924501081991,0.23275547006491948,0.09440490502524647,0.23275547006491948,0.39853811012262563,0.4,0.3578913200288531,0.016513584996393365,0.3578913200288531,0.0034864150036066363
1.5870000000000004,,-52.16542197643664,0.0,27.647691752825196,,,,,,,,34.62082231305603,-7.043760519355616,35.329886992065404,0.3,0.077540274104352,0.06557345515748979,0.077540274104352,0.2172132724212551,1.1,0.3672132724212551,0.06639336378937245,0.3672132724212551,0.9652464534743929,0.6360663621062755,0.39606155325799464,0.050492906948785776,0.39606155325799464,0.1755734551574898,1.3,0.2691800913681173,0.02,0.2691800913681173,1.0868862707381581,1.4524645347439287,1.2159052656888676,0.31754508295263284,1.2159052656888676,0.7567251743207501,1.696729983169031,0.7795119018994952,0.5334455397932196,0.7795119018994952,1.4237773503245974,1.7918009136811732,1.2568814618898774,0.26,1.2568814618898774,1.2588530896850205,1.0721327242125511,0.9406588122144747,0.09163981726376534,0.9406588122144747,0.14475354652560712,0.8639336378937245,0.5308199086318827,0.1027867275787449,0.5308199086318827,0.6342606395768213,0.5721327242125511,0.5409858138975715,0.102459725895648,0.5409858138975715,0.1068862707381582,0.5081990863188266,0.23491945179129597,0.0952464534743929,0.23491945179129597,0.40262563116133687,0.4,0.35885308968502044,0.016393363789372447,0.35885308968502044,0.0036066362106275548
1.6370000000000005,,-51.18393604231786,0.0,27.127614811252702,,,,,,,,35.77484972349123,-7.27855253666747,36.50754989180091,0.3,0.07645828324116374,0.0650925703294061,0.07645828324116374,0.21745371483529694,1.1,0.36745371483529693,0.06627314258235154,0.36745371483529693,0.9660880019235393,0.6372685741764847,0.3899302716999278,0.052176003847078635,0.3899302716999278,0.17509257032940612,1.3,0.2688194277470546,0.02,0.2688194277470546,1.0884491464294301,1.4608800192353932,1.2214354412118298,0.32379658571772063,1.2214354412118298,0.7626160134647753,1.7099543159413322,0.7851622986294783,0.5378937244529935,0.7851622986294783,1.4342365953354173,1.7881942774705457,1.251110843952873,0.26,1.251110843952873,1.2598148593411878,1.0745371483529695,0.9453474392882905,0.09236114450589085,0.9453474392882905,0.14391199807646068,0.8627314258235153,0.5311805722529455,0.10254628516470306,0.5311805722529455,0.6317359942293821,0.5745371483529694,0.5443520076941573,0.10354171675883628,0.5443520076941573,0.10844914642943015,0.5118057225294542,0.23708343351767253,0.09608800192353932,0.23708343351767253,0.4067131522000481,0.4,0.3598148593411878,0.016273142582351525,0.3598148593411878,0.0037268574176484736
1.6870000000000005,,-50.20245010819908,0.0,26.607537869680208,,,,,,,,36.928877133926434,-7.513344553979324,37.68521279153643,0.3,0.07537629237797547,0.06461168550132243,0.07537629237797547,0.21769415724933877,1.1,0.3676941572493388,0.06615292137533062,0.3676941572493388,0.9669295503726857,0.6384707862466938,0.3837989901418609,0.0538591007453715,0.3837989901418609,0.17461168550132244,1.3,0.26845876412599184,0.02,0.26845876412599184,1.0900120221207021,1.4692955037268574,1.226965616734792,0.3300480884828084,1.226965616734792,0.7685068526088003,1.7231786487136331,0.7908126953594614,0.5423419091127676,0.7908126953594614,1.444695840346237,1.7845876412599182,1.245340226015869,0.26,1.245340226015869,1.2607766289973552,1.0769415724933877,0.9500360663621064,0.09308247174801636,0.9500360663621064,0.14307044962731427,0.8615292137533062,0.5315412358740083,0.10230584275066121,0.5315412358740083,0.6292113488819427,0.5769415724933878,0.547718201490743,0.10462370762202454,0.547718201490743,0.1100120221207021,0.5154123587400817,0.23924741524404908,0.09692955037268576,0.23924741524404908,0.41080067323875935,0.4,0.36077662899735513,0.016152921375330608,0.36077662899735513,0.003847078624669392
1.7370000000000005,,-49.2209641740803,0.0,26.087460928107717,,,,,,,,38.08290454436163,-7.748136571291178,38.862875691271945,0.3,0.0742943015147872,0.06413080067323876,0.0742943015147872,0.21793459966338063,1.1,0.3679345996633806,0.0660327001683097,0.3679345996633806,0.9677710988218321,0.639672998316903,0.37766770858379406,0.05554219764366436,0.37766770858379406,0.17413080067323874,1.3,0.2680981005049291,0.02,0.2680981005049291,1.0915748978119741,1.4777109882183217,1.2324957922577544,0.33629959124789616,1.2324957922577544,0.7743976917528252,1.7364029814859343,0.7964630920894447,0.5467900937725415,0.7964630920894447,1.455155085357057,1.7809810050492907,1.239569608078865,0.26,1.239569608078865,1.2617383986535224,1.0793459966338061,0.9547246934359221,0.09380379899014188,0.9547246934359221,0.14222890117816783,0.860327001683097,0.5319018994950709,0.10206540033661937,0.5319018994950709,0.6266867035345034,0.5793459966338061,0.5510843952873287,0.1057056984852128,0.5510843952873287,0.11157489781197404,0.5190189949507094,0.2414113969704256,0.09777109882183219,0.2414113969704256,0.4148881942774706,0.4,0.3617383986535225,0.01603270016830969,0.3617383986535225,0.003967299831690311
1.7870000000000006,,-48.23947823996152,0.0,25.567383986535223,,,,,,,,39.23693195479684,-7.982928588603032,40.04053859100746,0.3,0.07321231065159894,0.06364991584515509,0.07321231065159894,0.21817504207742247,1.1,0.36817504207742247,0.06591247896128877,0.36817504207742247,0.9686126472709786,0.6408752103871123,0.37153642702572726,0.05722529454195722,0.37153642702572726,0.17364991584515507,1.3,0.2677374368838663,0.02,0.2677374368838663,1.093137773503246,1.486126472709786,1.2380259677807166,0.3425510940129839,1.2380259677807166,0.7802885308968502,1.7496273142582353,0.8021134888194278,0.5512382784323155,0.8021134888194278,1.465614330367877,1.7773743688386632,1.233798990141861,0.26,1.233798990141861,1.26270016830969,1.0817504207742246,0.9594133205097379,0.09452512623226739,0.9594133205097379,0.1413873527290214,0.8591247896128877,0.5322625631161337,0.10182495792257754,0.5322625631161337,0.6241620581870642,0.5817504207742246,0.5544505890839144,0.10678768934840108,0.5544505890839144,0.11313777350324597,0.5226256311613369,0.24357537869680213,0.09861264727097861,0.24357537869680213,0.41897571531618183,0.4,0.3627001683096898,0.01591247896128877,0.3627001683096898,0.004087521038711229
1.8370000000000006,,-47.25799230584274,0.0,25.04730704496273,,,,,,,,40.390959365232035,-8.217720605914886,41.21820149074297,0.3,0.07213031978841067,0.06316903101707141,0.07213031978841067,0.2184154844914643,1.1,0.3684154844914643,0.06579225775426785,0.3684154844914643,0.969454195720125,0.6420774224573215,0.3654051454676604,0.05890839144025008,0.3654051454676604,0.1731690310170714,1.3,0.26737677326280357,0.02,0.26737677326280357,1.094700649194518,1.4945419572012504,1.2435561433036788,0.3488025967780717,1.2435561433036788,0.7861793700408752,1.7628516470305362,0.8077638855494109,0.5556864630920895,0.8077638855494109,1.4760735753786969,1.7737677326280354,1.2280283722048568,0.26,1.2280283722048568,1.2636619379658571,1.084154844914643,0.9641019475835537,0.0952464534743929,0.9641019475835537,0.14054580427987498,0.8579225775426785,0.5326232267371964,0.1015845155085357,0.5326232267371964,0.6216374128396249,0.584154844914643,0.5578167828805001,0.10786968021158934,0.5578167828805001,0.11470064919451792,0.5262322673719644,0.24573936042317868,0.09945419572012504,0.24573936042317868,0.42306323635489307,0.4,0.36366193796585716,0.015792257754267854,0.36366193796585716,0.004207742245732148
1.8870000000000007,,-46.27650637172396,0.0,24.527230103390234,,,,,,,,41.54498677566724,-8.45251262322674,42.395864390478486,0.3,0.07104832892522239,0.06268814618898774,0.07104832892522239,0.21865592690550614,1.1,0.36865592690550614,0.06567203654724693,0.36865592690550614,0.9702957441692714,0.6432796345275307,0.35927386390959354,0.060591488338542936,0.35927386390959354,0.17268814618898773,1.3,0.26701610964174083,0.02,0.26701610964174083,1.09626352488579,1.5029574416927147,1.249086318826641,0.3550540995431595,1.249086318826641,0.7920702091849002,1.7760759798028374,0.8134142822793942,0.5601346477518635,0.8134142822793942,1.4865328203895167,1.770161096417408,1.2222577542678528,0.26,1.2222577542678528,1.2646237076220246,1.0865592690550614,0.9687905746573696,0.0959677807165184,0.9687905746573696,0.13970425583072854,0.8567203654724693,0.5329838903582592,0.10134407309449386,0.5329838903582592,0.6191127674921856,0.5865592690550613,0.5611829766770858,0.1089516710747776,0.5611829766770858,0.11626352488578987,0.529838903582592,0.2479033421495552,0.10029574416927148,0.2479033421495552,0.4271507573936043,0.4,0.36462370762202456,0.015672036547246936,0.36462370762202456,0.004327963452753067
1.9370000000000005,,-45.29502043760519,0.0,24.007153161817744,,,,,,,,42.69901418610244,-8.687304640538592,43.573527290213995,0.3,0.06996633806203414,0.06220726136090406,0.06996633806203414,0.21889636931954798,1.1,0.36889636931954795,0.06555181534022601,0.36889636931954795,0.9711372926184179,0.6444818465977398,0.35314258235152673,0.062274585236835794,0.35314258235152673,0.17220726136090406,1.3,0.26665544602067803,0.02,0.26665544602067803,1.0978264005770617,1.5113729261841788,1.2546164943496034,0.3613056023082472,1.2546164943496034,0.7979610483289252,1.7893003125751383,0.8190646790093773,0.5645828324116374,0.8190646790093773,1.4969920654003368,1.7665544602067804,1.2164871363308487,0.26,1.2164871363308487,1.2655854772781918,1.0889636931954796,0.9734792017311854,0.09668910795864391,0.9734792017311854,0.13886270738158213,0.8555181534022602,0.533344553979322,0.10110363068045203,0.533344553979322,0.6165881221447463,0.5889636931954797,0.5645491704736716,0.11003366193796588,0.5645491704736716,0.1178264005770618,0.5334455397932195,0.2500673238759317,0.1011372926184179,0.2500673238759317,0.4312382784323155,0.4,0.3655854772781919,0.015551815340226016,0.3655854772781919,0.004448184659773985
1.9870000000000005,,-44.31353450348641,0.0,23.48707622024525,,,,,,,,43.853041596537636,-8.922096657850448,44.75119018994951,0.3,0.06888434719884587,0.061726376532820385,0.06888434719884587,0.21913681173358981,1.1,0.3691368117335898,0.0654315941332051,0.3691368117335898,0.9719788410675643,0.645684058667949,0.3470113007934599,0.06395768213512865,0.3470113007934599,0.17172637653282039,1.3,0.2662947823996153,0.02,0.2662947823996153,1.0993892762683337,1.5197884106756432,1.2601466698725656,0.36755710507333494,1.2601466698725656,0.8038518874729503,1.8025246453474395,0.8247150757393604,0.5690310170714115,0.8247150757393604,1.5074513104111567,1.762947823996153,1.2107165183938446,0.26,1.2107165183938446,1.2665472469343593,1.091368117335898,0.9781678288050012,0.09741043520076942,0.9781678288050012,0.1380211589324357,0.854315941332051,0.5337052176003847,0.10086318826641019,0.5337052176003847,0.614063476797307,0.591368117335898,0.5679153642702572,0.11111565280115414,0.5679153642702572,0.11938927626833373,0.5370521760038471,0.2522313056023083,0.10197884106756433,0.2522313056023083,0.43532579947102673,0.4,0.36654724693435925,0.015431594133205096,0.36654724693435925,0.004568405866794903
2.037000000000001,,-43.33204856936762,0.0,22.966999278672752,,,,,,,,45.00706900697284,-9.156888675162302,45.92885308968503,0.3,0.0678023563356576,0.06124549170473671,0.0678023563356576,0.21937725414763165,1.1,0.3693772541476316,0.06531137292618418,0.3693772541476316,0.9728203895167107,0.6468862707381582,0.340880019235393,0.06564077903342153,0.340880019235393,0.1712454917047367,1.3,0.26593411877855255,0.02,0.26593411877855255,1.1009521519596057,1.5282038951671075,1.2656768453955278,0.37380860783842274,1.2656768453955278,0.8097427266169753,1.8157489781197405,0.8303654724693437,0.5734792017311855,0.8303654724693437,1.5179105554219765,1.7593411877855254,1.2049459004568406,0.26,1.2049459004568406,1.2675090165905265,1.0937725414763164,0.9828564558788171,0.09813176244289494,0.9828564558788171,0.13717961048328925,0.8531137292618418,0.5340658812214475,0.10062274585236836,0.5340658812214475,0.6115388314498678,0.5937725414763164,0.571281558066843,0.1121976436643424,0.571281558066843,0.12095215195960568,0.5406588122144746,0.25439528732868477,0.10282038951671077,0.25439528732868477,0.43941332050973797,0.4,0.3675090165905266,0.015311372926184178,0.3675090165905266,0.004688627073815822
2.087000000000001,,-42.35056263524885,0.0,22.446922337100258,,,,,,,,46.16109641740805,-9.391680692474155,47.106515989420544,0.3,0.06672036547246933,0.06076460687665304,0.06672036547246933,0.2196176965616735,1.1,0.3696176965616735,0.06519115171916326,0.3696176965616735,0.9736619379658572,0.6480884828083674,0.33474873767732616,0.06732387593171438,0.33474873767732616,0.17076460687665304,1.3,0.2655734551574898,0.02,0.2655734551574898,1.1025150276508775,1.5366193796585719,1.27120702091849,0.3800601106035105,1.27120702091849,0.8156335657610003,1.8289733108920414,0.8360158691993269,0.5779273863909594,0.8360158691993269,1.5283698004327966,1.7557345515748977,1.1991752825198363,0.26,1.1991752825198363,1.268470786246694,1.0961769656167348,0.9875450829526329,0.09885308968502045,0.9875450829526329,0.13633806203414284,0.8519115171916326,0.5344265448425103,0.10038230343832652,0.5344265448425103,0.6090141861024284,0.5961769656167348,0.5746477518634288,0.11327963452753068,0.5746477518634288,0.12251502765087763,0.5442654484251022,0.2565592690550613,0.1036619379658572,0.2565592690550613,0.4435008415484492,0.4,0.36847078624669394,0.01519115171916326,0.36847078624669394,0.00480884828083674
2.137000000000001,,-41.36907670113007,0.0,21.926845395527767,,,,,,,,47.315123827843244,-9.62647270978601,48.28417888915605,0.3,0.06563837460928107,0.06028372204856937,0.06563837460928107,0.21985813897571532,1.1,0.3698581389757153,0.06507093051214234,0.3698581389757153,0.9745034864150036,0.6492906948785766,0.32861745611925935,0.06900697283000723,0.32861745611925935,0.17028372204856937,1.3,0.265212791536427,0.02,0.265212791536427,1.1040779033421495,1.545034864150036,1.2767371964414522,0.38631161336859826,1.2767371964414522,0.8215244049050253,1.8421976436643424,0.8416662659293099,0.5823755710507335,0.8416662659293099,1.5388290454436164,1.7521279153642701,1.1934046645828322,0.26,1.1934046645828322,1.2694325559028612,1.0985813897571532,0.9922337100264487,0.09957441692714596,0.9922337100264487,0.1354965135849964,0.8507093051214234,0.534787208463573,0.10014186102428468,0.534787208463573,0.6064895407549892,0.5985813897571531,0.5780139456600144,0.11436162539071894,0.5780139456600144,0.12407790334214956,0.5478720846357298,0.2587232507814379,0.10450348641500362,0.2587232507814379,0.4475883625871604,0.4,0.3694325559028613,0.015070930512142342,0.3694325559028613,0.004929069487857659
2.1870000000000007,,-40.3875907670113,0.0,21.406768453955276,,,,,,,,48.469151238278435,-9.861264727097861,49.46184178889156,0.3,0.06455638374609281,0.0598028372204857,0.06455638374609281,0.22009858138975716,1.1,0.37009858138975715,0.06495070930512142,0.37009858138975715,0.97534503486415,0.6504929069487857,0.3224861745611925,0.07069006972830008,0.3224861745611925,0.1698028372204857,1.3,0.2648521279153643,0.02,0.2648521279153643,1.1056407790334215,1.5534503486415003,1.2822673719644146,0.392563116133686,1.2822673719644146,0.8274152440490503,1.8554219764366435,0.8473166626592932,0.5868237557105074,0.8473166626592932,1.5492882904544363,1.7485212791536426,1.1876340466458282,0.26,1.1876340466458282,1.2703943255590286,1.1009858138975714,0.9969223371002645,0.10029574416927146,0.9969223371002645,0.13465496513584996,0.8495070930512143,0.5351478720846358,0.09990141861024285,0.5351478720846358,0.6039648954075498,0.6009858138975716,0.5813801394566002,0.1154436162539072,0.5813801394566002,0.1256407790334215,0.5514787208463573,0.26088723250781437,0.10534503486415005,0.26088723250781437,0.45167588362587163,0.4,0.3703943255590286,0.014950709305121424,0.3703943255590286,0.005049290694878577
2.237000000000001,,-39.40610483289251,0.0,20.88669151238278,,,,,,,,49.62317864871365,-10.096056744409717,50.63950468862708,0.3,0.06347439288290455,0.05932195239240202,0.06347439288290455,0.220339023803799,1.1,0.37033902380379896,0.0648304880981005,0.37033902380379896,0.9761865833132964,0.6516951190189949,0.31635489300312564,0.07237316662659295,0.31635489300312564,0.16932195239240203,1.3,0.26449146429430154,0.02,0.26449146429430154,1.1072036547246935,1.5618658331329647,1.2877975474873768,0.3988146188987738,1.2877975474873768,0.8333060831930753,1.8686463092089447,0.8529670593892763,0.5912719403702814,0.8529670593892763,1.5597475354652561,1.7449146429430151,1.181863428708824,0.26,1.181863428708824,1.2713560952151959,1.1033902380379899,1.0016109641740802,0.10101707141139699,1.0016109641740802,0.13381341668670355,0.8483048809810051,0.5355085357056986,0.09966097619620101,0.5355085357056986,0.6014402500601106,0.6033902380379899,0.5847463332531859,0.11652560711709548,0.5847463332531859,0.12720365472469344,0.5550853570569849,0.2630512142341909,0.10618658331329647,0.2630512142341909,0.45576340466458287,0.4,0.37135609521519597,0.014830488098100504,0.37135609521519597,0.005169511901899496
2.287000000000001,,-38.42461889877374,0.0,20.366614570810288,,,,,,,,50.777206059148845,-10.33084876172157,51.81716758836259,0.3,0.06239240201971628,0.058841067564318346,0.06239240201971628,0.22057946621784083,1.1,0.3705794662178408,0.06471026689107959,0.3705794662178408,0.9770281317624429,0.6528973310892041,0.31022361144505883,0.07405626352488581,0.31022361144505883,0.16884106756431835,1.3,0.2641308006732388,0.02,0.2641308006732388,1.1087665304159653,1.570281317624429,1.293327723010339,0.4050661216638615,1.293327723010339,0.8391969223371003,1.8818706419812457,0.8586174561192594,0.5957201250300553,0.8586174561192594,1.570206780476076,1.7413080067323876,1.17609281077182,0.26,1.17609281077182,1.2723178648713633,1.1057946621784083,1.0062995912478963,0.1017383986535225,1.0062995912478963,0.1329718682375571,0.8471026689107959,0.5358691993267612,0.09942053378215918,0.5358691993267612,0.5989156047126712,0.6057946621784083,0.5881125270497716,0.11760759798028372,0.5881125270497716,0.12876653041596536,0.5586919932676124,0.2652151959605674,0.10702813176244291,0.2652151959605674,0.4598509257032941,0.4,0.3723178648713633,0.014710266891079586,0.3723178648713633,0.005289733108920414
2.337000000000001,,-37.44313296465496,0.0,19.846537629237794,,,,,,,,51.93123346958405,-10.565640779033425,52.99483048809811,0.3,0.061310411156528,0.05836018273623467,0.061310411156528,0.22081990863188267,1.1,0.3708199086318827,0.06459004568405867,0.3708199086318827,0.9778696802115893,0.6540995431594133,0.304092329886992,0.07573936042317868,0.304092329886992,0.16836018273623465,1.3,0.263770137052176,0.02,0.263770137052176,1.1103294061072373,1.5786968021158931,1.2988578985333012,0.4113176244289493,1.2988578985333012,0.8450877614811254,1.8950949747535466,0.8642678528492427,0.6001683096898294,0.8642678528492427,1.580666025486896,1.7377013705217599,1.170322192834816,0.26,1.170322192834816,1.2732796345275308,1.1081990863188267,1.010988218321712,0.102459725895648,1.010988218321712,0.13213031978841067,0.8459004568405867,0.536229862947824,0.09918009136811734,0.536229862947824,0.596390959365232,0.6081990863188267,0.5914787208463573,0.118689588843472,0.5914787208463573,0.1303294061072373,0.5622986294782399,0.26737917768694397,0.10786968021158935,0.26737917768694397,0.46393844674200535,0.4,0.37327963452753066,0.014590045684058667,0.37327963452753066,0.005409954315941333
2.387000000000001,,-36.46164703053618,0.0,19.3264606876653,,,,,,,,53.08526088001925,-10.800432796345278,54.17249338783362,0.3,0.06022842029333974,0.057879297908150995,0.06022842029333974,0.2210603510459245,1.1,0.3710603510459245,0.06446982447703775,0.3710603510459245,0.9787112286607358,0.6553017552296225,0.2979610483289251,0.07742245732147153,0.2979610483289251,0.16787929790815098,1.3,0.26340947343111326,0.02,0.26340947343111326,1.1118922817985093,1.5871122866073575,1.3043880740562637,0.41756912719403705,1.3043880740562637,0.8509786006251503,1.9083193075258476,0.8699182495792258,0.6046164943496033,0.8699182495792258,1.591125270497716,1.7340947343111324,1.164551574897812,0.26,1.164551574897812,1.274241404183698,1.1106035104592449,1.0156768453955278,0.10318105313777351,1.0156768453955278,0.13128877133926425,0.8446982447703775,0.5365905265688868,0.0989396489540755,0.5365905265688868,0.5938663140177927,0.610603510459245,0.5948449146429431,0.11977157970666027,0.5948449146429431,0.13189228179850926,0.5659052656888676,0.2695431594133205,0.10871122866073576,0.2695431594133205,0.4680259677807166,0.4,0.374241404183698,0.014469824477037749,0.374241404183698,0.005530175522962251
2.437000000000001,,-35.4801610964174,0.0,18.806383746092806,,,,,,,,54.23928829045445,-11.035224813657132,55.350156287569135,0.3,0.05914642943015147,0.05739841308006732,0.05914642943015147,0.22130079345996634,1.1,0.37130079345996636,0.06434960327001683,0.37130079345996636,0.9795527771098822,0.6565039672998316,0.29182976677085826,0.0791055542197644,0.29182976677085826,0.1673984130800673,1.3,0.2630488098100505,0.02,0.2630488098100505,1.1134551574897813,1.5955277710988218,1.3099182495792259,0.42382062995912484,1.3099182495792259,0.8568694397691754,1.9215436402981487,0.875568646309209,0.6090646790093773,0.875568646309209,1.6015845155085358,1.7304880981005049,1.1587809569608079,0.26,1.1587809569608079,1.2752031738398655,1.1130079345996633,1.0203654724693436,0.10390238037989902,1.0203654724693436,0.13044722289011781,0.8434960327001684,0.5369511901899495,0.09869920654003365,0.5369511901899495,0.5913416686703534,0.6130079345996634,0.5982111084395287,0.12085357056984854,0.5982111084395287,0.1334551574897812,0.5695119018994951,0.2717071411396971,0.1095527771098822,0.2717071411396971,0.47211348881942783,0.4,0.37520317383986534,0.01434960327001683,0.37520317383986534,0.0056503967299831705
2.487000000000001,,-34.49867516229862,0.0,18.286306804520315,,,,,,,,55.39331570088965,-11.270016830968986,56.527819187304644,0.3,0.05806443856696321,0.05691752825198365,0.05806443856696321,0.22154123587400817,1.1,0.37154123587400817,0.06422938206299592,0.37154123587400817,0.9803943255590286,0.6577061793700408,0.28569848521279145,0.08078865111805725,0.28569848521279145,0.16691752825198364,1.3,0.2626881461889877,0.02,0.2626881461889877,1.115018033181053,1.6039432555902862,1.315448425102188,0.4300721327242126,1.315448425102188,0.8627602789132003,1.93476797307045,0.8812190430391922,0.6135128636691514,0.8812190430391922,1.6120437605193558,1.7268814618898773,1.1530103390238038,0.26,1.1530103390238038,1.2761649434960327,1.1154123587400817,1.0250540995431594,0.10462370762202453,1.0250540995431594,0.12960567444097137,0.8422938206299592,0.5373118538110123,0.09845876412599182,0.5373118538110123,0.5888170233229141,0.6154123587400817,0.6015773022361145,0.1219355614330368,0.6015773022361145,0.13501803318105315,0.5731185381101227,0.27387112286607357,0.11039432555902863,0.27387112286607357,0.476201009858139,0.4,0.3761649434960327,0.014229382062995913,0.3761649434960327,0.0057706179370040885
2.537000000000001,,-33.517189228179845,0.0,17.76622986294782,,,,,,,,56.54734311132484,-11.504808848280838,57.70548208704015,0.3,0.05698244770377494,0.05643664342389998,0.05698244770377494,0.22178167828805,1.1,0.37178167828805003,0.064109160855975,0.37178167828805003,0.981235874008175,0.65890839144025,0.2795672036547246,0.0824717480163501,0.2795672036547246,0.16643664342389997,1.3,0.262327482567925,0.02,0.262327482567925,1.116580908872325,1.6123587400817505,1.3209786006251503,0.4363236354893003,1.3209786006251503,0.8686511180572254,1.9479923058427508,0.8868694397691753,0.6179610483289253,0.8868694397691753,1.6225030055301755,1.7232748256792498,1.1472397210867995,0.26,1.1472397210867995,1.2771267131522002,1.1178167828805001,1.0297427266169752,0.10534503486415005,1.0297427266169752,0.12876412599182496,0.84109160855975,0.537672517432075,0.09821832171194998,0.537672517432075,0.5862923779754748,0.6178167828805001,0.6049434960327001,0.12301755229622507,0.6049434960327001,0.13658090887232507,0.5767251743207502,0.2760351045924501,0.11123587400817506,0.2760351045924501,0.4802885308968502,0.4,0.37712671315220003,0.014109160855974995,0.37712671315220003,0.0058908391440250065
2.587000000000001,,-32.535703294061065,0.0,17.246152921375327,,,,,,,,57.701370521760055,-11.739600865592694,58.883144986775676,0.3,0.05590045684058667,0.0559557585958163,0.05590045684058667,0.22202212070209185,1.1,0.37202212070209184,0.06398893964895408,0.37202212070209184,0.9820774224573214,0.6601106035104592,0.27343592209665774,0.08415484491464297,0.27343592209665774,0.1659557585958163,1.3,0.26196681894686225,0.02,0.26196681894686225,1.118143784563597,1.6207742245732146,1.3265087761481125,0.44257513825438816,1.3265087761481125,0.8745419572012504,1.9612166386150518,0.8925198364991586,0.6224092329886992,0.8925198364991586,1.6329622505409955,1.7196681894686223,1.1414691031497957,0.26,1.1414691031497957,1.2780884828083674,1.1202212070209185,1.034431353690791,0.10606636210627556,1.034431353690791,0.12792257754267852,0.8398893964895408,0.5380331810531378,0.09797787929790815,0.5380331810531378,0.5837677326280355,0.6202212070209185,0.6083096898292859,0.12409954315941334,0.6083096898292859,0.13814378456359705,0.5803318105313777,0.27819908631882667,0.1120774224573215,0.27819908631882667,0.48437605193556144,0.4,0.3780884828083674,0.013988939648954075,0.3780884828083674,0.006011060351045925
2.637000000000001,,-31.554217359942285,0.0,16.726075979802836,,,,,,,,58.855397932195245,-11.974392882904548,60.060807886511185,0.3,0.05481846597739841,0.05547487376773263,0.05481846597739841,0.22226256311613368,1.1,0.3722625631161337,0.06386871844193316,0.3722625631161337,0.9829189709064678,0.6613128155806685,0.26730464053859093,0.08583794181293582,0.26730464053859093,0.16547487376773262,1.3,0.26160615532579945,0.02,0.26160615532579945,1.1197066602548689,1.629189709064679,1.3320389516710749,0.4488266410194759,1.3320389516710749,0.8804327963452754,1.9744409713873528,0.8981702332291417,0.6268574176484732,0.8981702332291417,1.6434214955518154,1.7160615532579948,1.1356984852127914,0.26,1.1356984852127914,1.2790502524645349,1.1226256311613367,1.0391199807646068,0.10678768934840108,1.0391199807646068,0.1270810290935321,0.8386871844193315,0.5383938446742006,0.09773743688386631,0.5383938446742006,0.5812430872805963,0.6226256311613368,0.6116758836258716,0.1251815340226016,0.6116758836258716,0.13970666025486897,0.5839384467420052,0.28036306804520317,0.11291897090646791,0.28036306804520317,0.4884635729742727,0.4,0.3790502524645347,0.013868718441933157,0.3790502524645347,0.006131281558066843
2.687000000000001,,-30.572731425823505,0.0,16.20599903823034,,,,,,,,60.00942534263046,-12.209184900216401,61.2384707862467,0.3,0.05373647511421013,0.05499398893964895,0.05373647511421013,0.22250300553017552,1.1,0.3725030055301755,0.06374849723491224,0.3725030055301755,0.9837605193556144,0.6625150276508776,0.261173358980524,0.08752103871122868,0.261173358980524,0.16499398893964895,1.3,0.2612454917047367,0.02,0.2612454917047367,1.1212695359461409,1.6376051935561433,1.337569127194037,0.4550781437845637,1.337569127194037,0.8863236354893004,1.987665304159654,0.9038206299591249,0.6313056023082473,0.9038206299591249,1.6538807405626352,1.712454917047367,1.1299278672757873,0.26,1.1299278672757873,1.280012022120702,1.1250300553017551,1.0438086078384228,0.10750901659052658,1.0438086078384228,0.12623948064438567,0.8374849723491224,0.5387545082952633,0.09749699446982447,0.5387545082952633,0.578718441933157,0.6250300553017553,0.6150420774224573,0.12626352488578987,0.6150420774224573,0.14126953594614092,0.5875450829526329,0.2825270497715797,0.11376051935561435,0.2825270497715797,0.4925510940129839,0.4,0.3800120221207021,0.013748497234912237,0.3800120221207021,0.006251502765087762
2.737000000000001,,-29.591245491704726,0.0,15.685922096657848,,,,,,,,61.16345275306565,-12.443976917528255,62.41613368598221,0.3,0.05265448425102187,0.05451310411156528,0.05265448425102187,0.22274344794421735,1.1,0.3727434479442174,0.06362827602789133,0.3727434479442174,0.9846020678047608,0.6637172397210868,0.2550420774224572,0.08920413560952153,0.2550420774224572,0.16451310411156528,1.3,0.26088482808367397,0.02,0.26088482808367397,1.1228324116374129,1.6460206780476077,1.3430993027169993,0.4613296465496514,1.3430993027169993,0.8922144746333254,2.000889636931955,0.909471026689108,0.6357537869680212,0.909471026689108,1.6643399855734553,1.7088482808367396,1.1241572493387832,0.26,1.1241572493387832,1.2809737917768695,1.1274344794421736,1.0484972349122386,0.10823034383265209,1.0484972349122386,0.12539793219523926,0.8362827602789132,0.5391151719163261,0.09725655205578264,0.5391151719163261,0.5761937965857177,0.6274344794421736,0.6184082712190431,0.12734551574897812,0.6184082712190431,0.14283241163741284,0.5911517191632605,0.28469103149795627,0.11460206780476077,0.28469103149795627,0.49663861505169515,0.4,0.38097379177686946,0.01362827602789132,0.38097379177686946,0.00637172397210868
2.7870000000000013,,-28.609759557585946,0.0,15.16584515508535,,,,,,,,62.31748016350086,-12.67876893484011,63.59379658571773,0.3,0.0515724933878336,0.054032219283481606,0.0515724933878336,0.2229838903582592,1.1,0.3729838903582592,0.06350805482087041,0.3729838903582592,0.9854436162539072,0.664919451791296,0.24891079586439036,0.09088723250781441,0.24891079586439036,0.1640322192834816,1.3,0.26052416446261123,0.02,0.26052416446261123,1.1243952873286847,1.654436162539072,1.3486294782399617,0.4675811493147392,1.3486294782399617,0.8981053137773505,2.014113969704256,0.9151214234190912,0.6402019716277952,0.9151214234190912,1.6747992305842752,1.705241644626112,1.1183866314017792,0.26,1.1183866314017792,1.2819355614330368,1.129838903582592,1.0531858619860544,0.1089516710747776,1.0531858619860544,0.1245563837460928,0.835080548208704,0.5394758355373889,0.0970161096417408,0.5394758355373889,0.5736691512382783,0.629838903582592,0.6217744650156287,0.1284275066121664,0.6217744650156287,0.14439528732868478,0.594758355373888,0.2868550132243328,0.11544361625390721,0.2868550132243328,0.5007261360904064,0.4,0.3819355614330368,0.013508054820870401,0.3819355614330368,0.0064919451791296
2.837000000000001,,-27.628273623467173,0.0,14.64576821351286,,,,,,,,63.47150757393606,-12.913560952151963,64.77145948545324,0.3,0.05049050252464534,0.053551334455397934,0.05049050252464534,0.22322433277230103,1.1,0.37322433277230105,0.06338783361384948,0.37322433277230105,0.9862851647030536,0.6661216638615052,0.24277951430632355,0.09257032940610727,0.24277951430632355,0.16355133445539793,1.3,0.26016350084154843,0.02,0.26016350084154843,1.1259581630199567,1.6628516470305361,1.354159653762924,0.47383265207982694,1.354159653762924,0.9039961529213754,2.027338302476557,0.9207718201490744,0.6446501562875692,0.9207718201490744,1.685258475595095,1.7016350084154845,1.1126160134647751,0.26,1.1126160134647751,1.2828973310892042,1.1322433277230104,1.0578744890598701,0.10967299831690311,1.0578744890598701,0.12371483529694638,0.8338783361384948,0.5398364991584516,0.09677566722769897,0.5398364991584516,0.5711445058908391,0.6322433277230103,0.6251406588122145,0.12950949747535467,0.6251406588122145,0.14595816301995673,0.5983649915845155,0.2890189949507093,0.11628516470305364,0.2890189949507093,0.5048136571291176,0.4,0.38289733108920415,0.013387833613849483,0.38289733108920415,0.006612166386150518
2.887000000000001,,-26.646787689348393,0.0,14.125691271940369,,,,,,,,64.62553498437126,-13.148352969463815,65.94912238518874,0.3,0.04940851166145708,0.05307044962731426,0.04940851166145708,0.2234647751863429,1.1,0.37346477518634286,0.06326761240682857,0.37346477518634286,0.9871267131522,0.6673238759317143,0.2366482327482567,0.09425342630440012,0.2366482327482567,0.16307044962731426,1.3,0.2598028372204857,0.02,0.2598028372204857,1.1275210387112287,1.6712671315220005,1.359689829285886,0.4800841548449147,1.359689829285886,0.9098869920654005,2.040562635248858,0.9264222168790575,0.6490983409473432,0.9264222168790575,1.695717720605915,1.698028372204857,1.106845395527771,0.26,1.106845395527771,1.2838591007453715,1.1346477518634286,1.062563116133686,0.11039432555902862,1.062563116133686,0.12287328684779995,0.8326761240682857,0.5401971627795144,0.09653522481365713,0.5401971627795144,0.5686198605433999,0.6346477518634287,0.6285068526088002,0.13059148833854292,0.6285068526088002,0.14752103871122868,0.601971627795143,0.2911829766770858,0.11712671315220007,0.2911829766770858,0.5089011781678288,0.4,0.3838591007453715,0.013267612406828565,0.3838591007453715,0.006732387593171436
2.937000000000001,,-25.665301755229613,0.0,13.605614330367871,,,,,,,,65.77956239480646,-13.38314498677567,67.12678528492427,0.3,0.0483265207982688,0.05258956479923058,0.0483265207982688,0.22370521760038473,1.1,0.3737052176003847,0.06314739119980764,0.3737052176003847,0.9879682616013464,0.6685260880019235,0.23051695119018983,0.09593652320269298,0.23051695119018983,0.1625895647992306,1.3,0.25944217359942295,0.02,0.25944217359942295,1.1290839144025007,1.6796826160134648,1.3652200048088483,0.48633565761000247,1.3652200048088483,0.9157778312094254,2.053786968021159,0.9320726136090407,0.6535465256071171,0.9320726136090407,1.706176965616735,1.6944217359942293,1.101074777590767,0.26,1.101074777590767,1.284820870401539,1.137052176003847,1.067251743207502,0.11111565280115414,1.067251743207502,0.12203173839865353,0.8314739119980765,0.5405578264005771,0.0962947823996153,0.5405578264005771,0.5660952151959605,0.637052176003847,0.6318730464053859,0.1316734792017312,0.6318730464053859,0.14908391440250063,0.6055782640057706,0.29334695840346237,0.11796826160134649,0.29334695840346237,0.5129886992065401,0.4,0.38482087040153884,0.013147391199807646,0.38482087040153884,0.006852608800192355
2.987000000000001,,-24.683815821110834,0.0,13.08553738879538,,,,,,,,66.93358980524165,-13.617937004087524,68.30444818465978,0.3,0.04724452993508055,0.05210867997114691,0.04724452993508055,0.22394566001442656,1.1,0.37394566001442653,0.06302716999278672,0.37394566001442653,0.988809810050493,0.6697283000721327,0.22438566963212303,0.09761962010098583,0.22438566963212303,0.16210867997114692,1.3,0.2590815099783602,0.02,0.2590815099783602,1.1306467900937724,1.688098100504929,1.3707501803318105,0.4925871603750902,1.3707501803318105,0.9216686703534505,2.0670113007934603,0.9377230103390239,0.6579947102668912,0.9377230103390239,1.7166362106275548,1.6908150997836018,1.0953041596537627,0.26,1.0953041596537627,1.2857826400577061,1.1394566001442654,1.0719403702813177,0.11183698004327965,1.0719403702813177,0.12119018994950709,0.8302716999278673,0.5409184900216398,0.09605433998557344,0.5409184900216398,0.5635705698485213,0.6394566001442654,0.6352392402019716,0.13275547006491945,0.6352392402019716,0.15064679009377255,0.6091849002163982,0.2955109401298389,0.11880981005049293,0.2955109401298389,0.5170762202452512,0.4,0.3857826400577062,0.013027169992786728,0.3857826400577062,0.006972830007213273
3.0370000000000013,,-23.702329886992054,0.0,12.565460447222886,,,,,,,,68.08761721567686,-13.852729021399378,69.4821110843953,0.3,0.04616253907189227,0.05162779514306323,0.04616253907189227,0.2241861024284684,1.1,0.3741861024284684,0.0629069487857658,0.3741861024284684,0.9896513584996394,0.6709305121423419,0.21825438807405612,0.0993027169992787,0.21825438807405612,0.16162779514306322,1.3,0.2587208463572974,0.02,0.2587208463572974,1.1322096657850445,1.6965135849963935,1.3762803558547727,0.498838663140178,1.3762803558547727,0.9275595094974755,2.0802356335657612,0.9433734070690071,0.6624428949266652,0.9433734070690071,1.7270954556383749,1.6872084635729743,1.0895335417167586,0.26,1.0895335417167586,1.2867444097138736,1.1418610242846838,1.0766289973551335,0.11255830728540517,1.0766289973551335,0.12034864150036066,0.8290694878576581,0.5412791536427026,0.09581389757153161,0.5412791536427026,0.5610459245010819,0.6418610242846838,0.6386054339985574,0.13383746092810772,0.6386054339985574,0.1522096657850445,0.6127915364270258,0.29767492185621547,0.11965135849963936,0.29767492185621547,0.5211637412839625,0.4,0.3867444097138735,0.012906948785765808,0.3867444097138735,0.0070930512142341915
3.087000000000001,,-22.72084395287328,0.0,12.045383505650392,,,,,,,,69.24164462611206,-14.087521038711232,70.65977398413081,0.3,0.04508054820870401,0.05114691031497956,0.04508054820870401,0.22442654484251023,1.1,0.3744265448425102,0.06278672757874489,0.3744265448425102,0.9904929069487858,0.6721327242125511,0.2121231065159893,0.10098581389757155,0.2121231065159893,0.16114691031497955,1.3,0.2583601827362347,0.02,0.2583601827362347,1.1337725414763165,1.7049290694878576,1.3818105313777351,0.5050901659052658,1.3818105313777351,0.9334503486415004,2.093459966338062,0.9490238037989902,0.6668910795864391,0.9490238037989902,1.7375547006491945,1.6836018273623468,1.0837629237797546,0.26,1.0837629237797546,1.2877061793700408,1.1442654484251022,1.0813176244289493,0.11327963452753068,1.0813176244289493,0.11950709305121424,0.8278672757874489,0.5416398172637654,0.09557345515748977,0.5416398172637654,0.5585212791536427,0.6442654484251021,0.641971627795143,0.134919451791296,0.641971627795143,0.15377254147631642,0.6163981726376533,0.29983890358259196,0.12049290694878578,0.29983890358259196,0.5252512623226737,0.4,0.38770617937004087,0.01278672757874489,0.38770617937004087,0.0072132724212551095
3.1370000000000013,,-21.739358018754494,0.0,11.525306564077898,,,,,,,,70.39567203654727,-14.322313056023088,71.83743688386632,0.3,0.043998557345515735,0.05066602548689589,0.043998557345515735,0.22466698725655207,1.1,0.37466698725655206,0.06266650637172397,0.37466698725655206,0.9913344553979322,0.6733349362827603,0.20599182495792245,0.10266891079586442,0.20599182495792245,0.16066602548689587,1.3,0.25799951911517194,0.02,0.25799951911517194,1.1353354171675882,1.713344553979322,1.3873407069006973,0.5113416686703536,1.3873407069006973,0.9393411877855256,2.106684299110363,0.9546742005289734,0.671339264246213,0.9546742005289734,1.7480139456600146,1.6799951911517192,1.0779923058427505,0.26,1.0779923058427505,1.2886679490262083,1.1466698725655204,1.086006251502765,0.11400096176965618,1.086006251502765,0.1186655446020678,0.8266650637172397,0.5420004808848281,0.09533301274344794,0.5420004808848281,0.5559966338062033,0.6466698725655206,0.6453378215917288,0.13600144265448427,0.6453378215917288,0.15533541716758836,0.6200048088482809,0.3020028853089685,0.12133445539793222,0.3020028853089685,0.529338783361385,0.4,0.3886679490262082,0.012666506371723972,0.3886679490262082,0.007333493628276029
3.187000000000001,,-20.75787208463572,0.0,11.005229622505404,,,,,,,,71.54969944698246,-14.55710507333494,73.01509978360183,0.3,0.04291656648232747,0.050185140658812216,0.04291656648232747,0.2249074296705939,1.1,0.3749074296705939,0.06254628516470305,0.3749074296705939,0.9921760038470786,0.6745371483529694,0.1998605433998556,0.10435200769415727,0.1998605433998556,0.1601851406588122,1.3,0.25763885549410914,0.02,0.25763885549410914,1.1368982928588602,1.7217600384707863,1.3928708824236595,0.5175931714354413,1.3928708824236595,0.9452320269295504,2.119908631882664,0.9603245972589566,0.6757874489059871,0.9603245972589566,1.7584731906708344,1.6763885549410915,1.0722216879057465,0.26,1.0722216879057465,1.2896297186823755,1.1490742967059389,1.0906948785765809,0.11472228901178169,1.0906948785765809,0.11782399615292138,0.8254628516470306,0.5423611445058909,0.0950925703294061,0.5423611445058909,0.5534719884587641,0.6490742967059389,0.6487040153883146,0.13708343351767255,0.6487040153883146,0.1568982928588603,0.6236114450589084,0.304166867035345,0.12217600384707863,0.304166867035345,0.5334263044000962,0.4,0.38962971868237556,0.012546285164703054,0.38962971868237556,0.007453714835296947
3.2370000000000014,,-19.776386150516934,0.0,10.485152680932913,,,,,,,,72.70372685741766,-14.791897090646795,74.19276268333735,0.3,0.0418345756191392,0.04970425583072854,0.0418345756191392,0.22514787208463574,1.1,0.37514787208463574,0.06242606395768213,0.37514787208463574,0.993017552296225,0.6757393604231786,0.19372926184178874,0.10603510459245015,0.19372926184178874,0.15970425583072853,1.3,0.2572781918730464,0.02,0.2572781918730464,1.1384611685501322,1.7301755229622506,1.398401057946622,0.523844674200529,1.398401057946622,0.9511228660735755,2.1331329646549655,0.9659749939889397,0.6802356335657611,0.9659749939889397,1.7689324356816543,1.672781918730464,1.0664510699687424,0.26,1.0664510699687424,1.290591488338543,1.1514787208463573,1.0953835056503967,0.1154436162539072,1.0953835056503967,0.11698244770377494,0.8242606395768214,0.5427218081269536,0.09485212791536426,0.5427218081269536,0.5509473431113248,0.6514787208463573,0.6520702091849002,0.13816542438086082,0.6520702091849002,0.15846116855013226,0.627218081269536,0.30633084876172156,0.12301755229622507,0.30633084876172156,0.5375138254388074,0.4,0.3905914883385429,0.012426063957682134,0.3905914883385429,0.007573936042317866
3.2870000000000013,,-18.79490021639816,0.0,9.965075739360415,,,,,,,,73.85775426785287,-15.026689107958648,75.37042558307286,0.3,0.040752584755950935,0.049223371002644865,0.040752584755950935,0.22538831449867758,1.1,0.37538831449867754,0.062305842750661214,0.37538831449867754,0.9938591007453715,0.6769415724933878,0.18759798028372193,0.107718201490743,0.18759798028372193,0.15922337100264486,1.3,0.25691752825198366,0.02,0.25691752825198366,1.1400240442414042,1.738591007453715,1.4039312334695841,0.5300961769656167,1.4039312334695841,0.9570137052176004,2.1463572974272664,0.971625390718923,0.684683818225535,0.971625390718923,1.7793916806924743,1.6691752825198365,1.0606804520317383,0.26,1.0606804520317383,1.2915532579947102,1.1538831449867757,1.1000721327242124,0.11616494349603271,1.1000721327242124,0.1161408992546285,0.8230584275066122,0.5430824717480164,0.09461168550132243,0.5430824717480164,0.5484226977638855,0.6538831449867757,0.655436402981486,0.13924741524404907,0.655436402981486,0.1600240442414042,0.6308247174801636,0.3084948304880981,0.12385910074537151,0.3084948304880981,0.5416013464775187,0.4,0.39155325799471025,0.012305842750661216,0.39155325799471025,0.007694157249338784
3.337000000000001,,-17.81341428227939,0.0,9.444998797787925,,,,,,,,75.01178167828806,-15.261481125270501,76.54808848280837,0.3,0.03967059389276267,0.04874248617456119,0.03967059389276267,0.2256287569127194,1.1,0.3756287569127194,0.062185621543640296,0.3756287569127194,0.994700649194518,0.678143784563597,0.18146669872565513,0.10940129838903585,0.18146669872565513,0.1587424861745612,1.3,0.2565568646309209,0.02,0.2565568646309209,1.141586919932676,1.747006491945179,1.4094614089925463,0.5363476797307045,1.4094614089925463,0.9629045443616255,2.1595816301995674,0.9772757874489061,0.689132002885309,0.9772757874489061,1.789850925703294,1.665568646309209,1.0549098340947343,0.26,1.0549098340947343,1.2925150276508777,1.156287569127194,1.1047607597980282,0.11688627073815822,1.1047607597980282,0.11529935080548209,0.821856215436403,0.5434431353690792,0.09437124308728059,0.5434431353690792,0.5458980524164463,0.656287569127194,0.6588025967780716,0.14032940610723732,0.6588025967780716,0.16158691993267613,0.6344313536907911,0.31065881221447467,0.12470064919451793,0.31065881221447467,0.5456888675162299,0.4,0.3925150276508776,0.012185621543640298,0.3925150276508776,0.007814378456359702
3.3870000000000013,,-16.831928348160602,0.0,8.924921856215434,,,,,,,,76.16580908872326,-15.496273142582355,77.72575138254389,0.3,0.03858860302957441,0.048261601346477515,0.03858860302957441,0.22586919932676125,1.1,0.3758691993267612,0.06206540033661938,0.3758691993267612,0.9955421976436644,0.6793459966338061,0.17533541716758821,0.11108439528732872,0.17533541716758821,0.15826160134647752,1.3,0.2561962010098581,0.02,0.2561962010098581,1.143149795623948,1.7554219764366434,1.4149915845155085,0.5425991824957923,1.4149915845155085,0.9687953835056505,2.1728059629718683,0.9829261841788892,0.6935801875450831,0.9829261841788892,1.800310170714114,1.6619620100985815,1.0491392161577302,0.26,1.0491392161577302,1.293476797307045,1.1586919932676123,1.1094493868718442,0.11760759798028374,1.1094493868718442,0.11445780235633565,0.8206540033661939,0.5438037989901419,0.09413080067323876,0.5438037989901419,0.5433734070690069,0.6586919932676124,0.6621687905746574,0.1414113969704256,0.6621687905746574,0.16314979562394807,0.6380379899014186,0.3128227939408512,0.12554219764366437,0.3128227939408512,0.5497763885549412,0.4,0.393476797307045,0.012065400336619379,0.393476797307045,0.007934599663380622
3.437000000000001,,-15.850442414041822,0.0,8.404844914642936,,,,,,,,77.31983649915847,-15.731065159894209,78.9034142822794,0.3,0.03750661216638615,0.04778071651839384,0.03750661216638615,0.22610964174080309,1.1,0.3761096417408031,0.06194517912959846,0.3761096417408031,0.9963837460928108,0.6805482087040153,0.1692041356095214,0.11276749218562157,0.1692041356095214,0.15778071651839384,1.3,0.2558355373887954,0.02,0.2558355373887954,1.14471267131522,1.7638374609281078,1.4205217600384707,0.5488506852608801,1.4205217600384707,0.9746862226496755,2.1860302957441693,0.9885765809088725,0.698028372204857,0.9885765809088725,1.810769415724934,1.6583553738879537,1.043368598220726,0.26,1.043368598220726,1.2944385669632124,1.1610964174080307,1.11413801394566,0.11832892522240925,1.11413801394566,0.11361625390718923,0.8194517912959847,0.5441644626112047,0.09389035825919692,0.5441644626112047,0.5408487617215676,0.6610964174080307,0.665534984371243,0.14249338783361387,0.665534984371243,0.16471267131522,0.6416446261120462,0.3149867756672277,0.12638374609281078,0.3149867756672277,0.5538639095936524,0.4,0.39443856696321233,0.01194517912959846,0.39443856696321233,0.00805482087040154
3.4870000000000014,,-14.868956479923042,0.0,7.884767973070446,,,,,,,,78.47386390959367,-15.965857177206065,80.08107718201492,0.3,0.036424621303197874,0.04729983169031017,0.036424621303197874,0.22635008415484492,1.1,0.37635008415484494,0.06182495792257754,0.37635008415484494,0.9972252945419572,0.6817504207742245,0.16307285405145455,0.11445058908391444,0.16307285405145455,0.15729983169031017,1.3,0.25547487376773265,0.02,0.25547487376773265,1.1462755470064918,1.772252945419572,1.4260519355614332,0.5551021880259679,1.4260519355614332,0.9805770617937005,2.1992546285164707,0.9942269776388556,0.702476556864631,0.9942269776388556,1.8212286607357537,1.6547487376773262,1.0375979802837219,0.26,1.0375979802837219,1.2954003366193798,1.1635008415484491,1.1188266410194758,0.11905025246453477,1.1188266410194758,0.1127747054580428,0.8182495792257755,0.5445251262322675,0.09364991584515509,0.5445251262322675,0.5383241163741284,0.6635008415484491,0.6689011781678288,0.14357537869680215,0.6689011781678288,0.16627554700649194,0.6452512623226737,0.3171507573936042,0.12722529454195722,0.3171507573936042,0.5579514306323636,0.4,0.3954003366193797,0.011824957922577543,0.3954003366193797,0.008175042077422458
3.5370000000000013,,-13.887470545804263,0.0,7.364691031497955,,,,,,,,79.62789132002887,-16.20064919451792,81.25874008175043,0.3,0.03534263044000961,0.0468189468622265,0.03534263044000961,0.22659052656888676,1.1,0.37659052656888675,0.061704736715556624,0.37659052656888675,0.9980668429911036,0.6829526328444337,0.1569415724933877,0.11613368598220729,0.1569415724933877,0.1568189468622265,1.3,0.25511421014666985,0.02,0.25511421014666985,1.1478384226977638,1.7806684299110365,1.4315821110843954,0.5613536907910556,1.4315821110843954,0.9864679009377255,2.2124789612887716,0.9998773743688387,0.706924741524405,0.9998773743688387,1.8316879057465738,1.6511421014666987,1.0318273623467178,0.26,1.0318273623467178,1.296362106275547,1.1659052656888675,1.1235152680932916,0.11977157970666027,1.1235152680932916,0.11193315700889636,0.8170473671555663,0.5448857898533301,0.09340947343111325,0.5448857898533301,0.5357994710266891,0.6659052656888675,0.6722673719644146,0.1446573695599904,0.6722673719644146,0.1678384226977639,0.6488578985333013,0.31931473911998076,0.12806684299110366,0.31931473911998076,0.5620389516710749,0.4,0.396362106275547,0.011704736715556625,0.396362106275547,0.008295263284443376
3.5870000000000015,,-12.905984611685483,0.0,6.844614089925457,,,,,,,,80.78191873046407,-16.435441211829772,82.43640298148594,0.3,0.034260639576821336,0.04633806203414282,0.034260639576821336,0.2268309689829286,1.1,0.3768309689829286,0.061584515508535706,0.3768309689829286,0.9989083914402501,0.684154844914643,0.15081029093532083,0.11781678288050015,0.15081029093532083,0.1563380620341428,1.3,0.2547535465256071,0.02,0.2547535465256071,1.1494012983890358,1.7890839144025006,1.4371122866073576,0.5676051935561435,1.4371122866073576,0.9923587400817506,2.2257032940610726,1.005527771098822,0.711372926184179,1.005527771098822,1.8421471507573939,1.6475354652560712,1.0260567444097137,0.26,1.0260567444097137,1.2973238759317145,1.168309689829286,1.1282038951671076,0.12049290694878578,1.1282038951671076,0.11109160855974994,0.815845155085357,0.5452464534743929,0.09316903101707141,0.5452464534743929,0.5332748256792498,0.6683096898292858,0.6756335657610002,0.14573936042317867,0.6756335657610002,0.16940129838903584,0.6524645347439288,0.3214787208463573,0.12890839144025007,0.3214787208463573,0.5661264727097861,0.4,0.39732387593171437,0.011584515508535705,0.39732387593171437,0.008415484491464295
3.6370000000000013,,-11.924498677566717,0.0,6.324537148352967,,,,,,,,81.93594614089928,-16.670233229141626,83.61406588122145,0.3,0.033178648713633074,0.04585717720605915,0.033178648713633074,0.22707141139697043,1.1,0.3770714113969704,0.06146429430151479,0.3770714113969704,0.9997499398893965,0.685357056984852,0.14467900937725403,0.119499879778793,0.14467900937725403,0.15585717720605913,1.3,0.25439288290454437,0.02,0.25439288290454437,1.1509641740803076,1.797499398893965,1.4426424621303198,0.5738566963212312,1.4426424621303198,0.9982495792257755,2.2389276268333735,1.0111781678288052,0.715821110843953,1.0111781678288052,1.8526063957682135,1.6439288290454437,1.0202861264727097,0.26,1.0202861264727097,1.2982856455878817,1.1707141139697042,1.1328925222409234,0.12121423419091129,1.1328925222409234,0.11025006011060351,0.814642943015148,0.5456071170954557,0.09292858860302958,0.5456071170954557,0.5307501803318105,0.6707141139697043,0.678999759557586,0.14682135128636692,0.678999759557586,0.17096417408030778,0.6560711709545564,0.32364270257273386,0.1297499398893965,0.32364270257273386,0.5702139937484973,0.4,0.3982856455878817,0.011464294301514787,0.3982856455878817,0.008535705698485213
3.6870000000000016,,-10.943012743447923,0.0,5.804460206780469,,,,,,,,83.08997355133448,-16.90502524645348,84.79172878095697,0.3,0.0320966578504448,0.04537629237797547,0.0320966578504448,0.22731185381101227,1.1,0.3773118538110123,0.06134407309449387,0.3773118538110123,1.000591488338543,0.6865592690550613,0.13854772781918712,0.12118297667708587,0.13854772781918712,0.15537629237797546,1.3,0.25403221928348163,0.02,0.25403221928348163,1.1525270497715796,1.8059148833854293,1.4481726376532822,0.5801081990863189,1.4481726376532822,1.0041404183698006,2.2521519596056745,1.0168285645587882,0.720269295503727,1.0168285645587882,1.8630656407790336,1.640322192834816,1.0145155085357056,0.26,1.0145155085357056,1.2992474152440492,1.1731185381101226,1.1375811493147392,0.1219355614330368,1.1375811493147392,0.10940851166145707,0.8134407309449387,0.5459677807165184,0.09268814618898773,0.5459677807165184,0.5282255349843712,0.6731185381101226,0.6823659533541717,0.1479033421495552,0.6823659533541717,0.17252704977157973,0.659677807165184,0.3258066842991104,0.13059148833854295,0.3258066842991104,0.5743015147872086,0.4,0.39924741524404905,0.011344073094493867,0.39924741524404905,0.008655926905506133
3.7370000000000014,,-9.961526809329158,0.0,5.284383265207978,,,,,,,,84.24400096176967,-17.139817263765334,85.96939168069248,0.3,0.031014666987256537,0.0448954075498918,0.031014666987256537,0.2275522962250541,1.1,0.3775522962250541,0.06122385188747295,0.3775522962250541,1.0014330367876894,0.6877614811252705,0.1324164462611203,0.12286607357537874,0.1324164462611203,0.15489540754989178,1.3,0.25367155566241884,0.02,0.25367155566241884,1.1540899254628516,1.8143303678768934,1.4537028131762444,0.5863597018514066,1.4537028131762444,1.0100312575138255,2.265376292377976,1.0224789612887715,0.7247174801635009,1.0224789612887715,1.8735248857898534,1.6367155566241884,1.0087448905987015,0.26,1.0087448905987015,1.3002091849002164,1.175522962250541,1.142269776388555,0.1226568886751623,1.142269776388555,0.10856696321231064,0.8122385188747295,0.5463284443375812,0.09244770377494589,0.5463284443375812,0.525700889636932,0.675522962250541,0.6857321471507574,0.14898533301274347,0.6857321471507574,0.17408992546285168,0.6632844433758115,0.3279706660254869,0.13143303678768936,0.3279706660254869,0.5783890358259197,0.4,0.4002091849002164,0.01122385188747295,0.4002091849002164,0.008776148112527051
3.7870000000000013,,-8.980040875210378,0.0,4.764306323635488,,,,,,,,85.39802837220488,-17.374609281077184,87.14705458042799,0.3,0.029932676124068275,0.044414522721808125,0.029932676124068275,0.22779273863909594,1.1,0.37779273863909596,0.061103630680452034,0.37779273863909596,1.0022745852368358,0.6889636931954797,0.1262851647030535,0.12454917047367159,0.1262851647030535,0.1544145227218081,1.3,0.2533108920413561,0.02,0.2533108920413561,1.1556528011541236,1.8227458523683577,1.4592329886992066,0.5926112046164944,1.4592329886992066,1.0159220966578506,2.2786006251502764,1.0281293580187545,0.7291656648232749,1.0281293580187545,1.8839841308006733,1.633108920413561,1.0029742726616975,0.26,1.0029742726616975,1.3011709545563839,1.1779273863909594,1.1469584034623708,0.12337821591728781,1.1469584034623708,0.10772541476316422,0.8110363068045203,0.546689107958644,0.09220726136090406,0.546689107958644,0.5231762442894926,0.6779273863909594,0.6890983409473431,0.15006732387593175,0.6890983409473431,0.1756528011541236,0.6668910795864391,0.3301346477518634,0.1322745852368358,0.3301346477518634,0.582476556864631,0.4,0.40117095455638374,0.011103630680452031,0.40117095455638374,0.00889636931954797
3.8370000000000015,,-7.998554941091598,0.0,4.24422938206299,,,,,,,,86.55205578264008,-17.60940129838904,88.32471748016351,0.3,0.02885068526088,0.04393363789372445,0.02885068526088,0.22803318105313777,1.1,0.37803318105313777,0.06098340947343111,0.37803318105313777,1.0031161336859822,0.6901659052656889,0.12015388314498665,0.12623226737196444,0.12015388314498665,0.15393363789372444,1.3,0.25295022842029335,0.02,0.25295022842029335,1.1572156768453954,1.831161336859822,1.4647631642221688,0.5988627073815822,1.4647631642221688,1.0218129358018757,2.291824957922578,1.0337797547487377,0.7336138494830489,1.0337797547487377,1.8944433758114934,1.6295022842029334,0.9972036547246933,0.26,0.9972036547246933,1.302132724212551,1.1803318105313778,1.1516470305361866,0.12409954315941334,1.1516470305361866,0.10688386631401779,0.8098340947343111,0.5470497715797067,0.09196681894686222,0.5470497715797067,0.5206515989420534,0.6803318105313777,0.6924645347439289,0.15114931473912002,0.6924645347439289,0.17721567684539555,0.6704977157970666,0.33229862947823996,0.13311613368598224,0.33229862947823996,0.5865640779033422,0.4,0.4021327242125511,0.010983409473431113,0.4021327242125511,0.009016590526568887
3.8870000000000013,,-7.017069006972818,0.0,3.7241524404904993,,,,,,,,87.70608319307527,-17.844193315700895,89.50238037989902,0.3,0.027768694397691737,0.043452753065640774,0.027768694397691737,0.2282736234671796,1.1,0.37827362346717963,0.06086318826641019,0.37827362346717963,1.0039576821351286,0.691368117335898,0.11402260158691979,0.1279153642702573,0.11402260158691979,0.15345275306564077,1.3,0.25258956479923056,0.02,0.25258956479923056,1.1587785525366674,1.8395768213512864,1.470293339745131,0.60511421014667,1.470293339745131,1.0277037749459006,2.3050492906948787,1.039430151478721,0.7380620341428229,1.039430151478721,1.904902620822313,1.625895647992306,0.9914330367876892,0.26,0.9914330367876892,1.3030944938687186,1.182736234671796,1.1563356576100023,0.12482087040153884,1.1563356576100023,0.10604231786487137,0.808631882664102,0.5474104352007695,0.09172637653282038,0.5474104352007695,0.518126953594614,0.6827362346717961,0.6958307285405145,0.15223130560230827,0.6958307285405145,0.17877855253666747,0.6741043520076941,0.3344626112046165,0.13395768213512865,0.3344626112046165,0.5906515989420534,0.4,0.40309449386871843,0.010863188266410194,0.40309449386871843,0.009136811733589807
3.9370000000000016,,-6.035583072854038,0.0,3.2040754989180016,,,,,,,,88.86011060351048,-18.07898533301275,90.68004327963453,0.3,0.026686703534503475,0.0429718682375571,0.026686703534503475,0.22851406588122147,1.1,0.37851406588122144,0.06074296705938927,0.37851406588122144,1.004799230584275,0.6925703294061072,0.10789132002885293,0.12959846116855017,0.10789132002885293,0.1529718682375571,1.3,0.2522289011781678,0.02,0.2522289011781678,1.1603414282279394,1.8479923058427508,1.4758235152680934,0.6113657129117578,1.4758235152680934,1.0335946140899255,2.3182736234671797,1.0450805482087042,0.7425102188025969,1.0450805482087042,1.915361865833133,1.6222890117816782,0.9856624188506851,0.26,0.9856624188506851,1.3040562635248858,1.1851406588122144,1.1610242846838181,0.12554219764366437,1.1610242846838181,0.10520076941572493,0.8074296705938928,0.5477710988218322,0.09148593411877855,0.5477710988218322,0.5156023082471748,0.6851406588122144,0.6991969223371003,0.15331329646549652,0.6991969223371003,0.18034142822793942,0.6777109882183218,0.33662659293099306,0.1347992305842751,0.33662659293099306,0.5947391199807647,0.4,0.4040562635248858,0.010742967059389276,0.4040562635248858,0.009257032940610725
3.9870000000000014,,-5.0540971387352585,0.0,2.683998557345511,,,,,,,,90.01413801394568,-18.313777350324603,91.85770617937004,0.3,0.025604712671315213,0.04249098340947343,0.025604712671315213,0.22875450829526328,1.1,0.3787545082952633,0.060622745852368355,0.3787545082952633,1.0056407790334214,0.6937725414763164,0.10176003847078613,0.13128155806684302,0.10176003847078613,0.15249098340947342,1.3,0.2518682375571051,0.02,0.2518682375571051,1.1619043039192114,1.8564077903342149,1.4813536907910556,0.6176172156768455,1.4813536907910556,1.0394854532339506,2.331497956239481,1.0507309449386872,0.7469584034623709,1.0507309449386872,1.925821110843953,1.6186823755710509,0.979891800913681,0.26,0.979891800913681,1.3050180331810532,1.1875450829526328,1.165712911757634,0.12626352488578987,1.165712911757634,0.1043592209665785,0.8062274585236836,0.548131762442895,0.09124549170473671,0.548131762442895,0.5130776628997354,0.6875450829526328,0.702563116133686,0.1543952873286848,0.702563116133686,0.18190430391921136,0.6813176244289493,0.33879057465736956,0.13564077903342153,0.33879057465736956,0.5988266410194758,0.4,0.4050180331810531,0.010622745852368358,0.4050180331810531,0.009377254147631643
4.037000000000002,,-4.072611204616479,0.0,2.1639216157730132,,,,,,,,91.16816542438089,-18.548569367636457,93.03536907910556,0.3,0.024522721808126938,0.04201009858138975,0.024522721808126938,0.22899495070930515,1.1,0.3789949507093051,0.06050252464534744,0.3789949507093051,1.006482327482568,0.6949747535465256,0.09562875691271921,0.1329646549651359,0.09562875691271921,0.15201009858138975,1.3,0.2515075739360423,0.02,0.2515075739360423,1.1634671796104832,1.8648232748256794,1.4868838663140178,0.6238687184419333,1.4868838663140178,1.0453762923779757,2.3447222890117816,1.0563813416686705,0.7514065881221448,1.0563813416686705,1.9362803558547728,1.6150757393604231,0.9741211829766769,0.26,0.9741211829766769,1.3059798028372205,1.1899495070930513,1.17040153883145,0.12698485212791538,1.17040153883145,0.10351767251743206,0.8050252464534744,0.5484924260639578,0.09100504929069488,0.5484924260639578,0.5105530175522962,0.6899495070930513,0.7059293099302717,0.15547727819187307,0.7059293099302717,0.1834671796104833,0.6849242606395769,0.3409545563837461,0.13648232748256794,0.3409545563837461,0.602914162058187,0.4,0.40597980283722046,0.010502524645347438,0.40597980283722046,0.009497475354652563
4.0870000000000015,,-3.091125270497699,0.0,1.6438446742005155,,,,,,,,92.3221928348161,-18.78336138494831,94.21303197884109,0.3,0.023440730944938662,0.04152921375330608,0.023440730944938662,0.22923539312334698,1.1,0.379235393123347,0.06038230343832652,0.379235393123347,1.0073238759317145,0.6961769656167348,0.08949747535465236,0.13464775186342876,0.08949747535465236,0.15152921375330608,1.3,0.25114691031497954,0.02,0.25114691031497954,1.1650300553017552,1.8732387593171436,1.4924140418369802,0.630120221207021,1.4924140418369802,1.0512671315220006,2.357946621784083,1.0620317383986537,0.7558547727819189,1.0620317383986537,1.9467396008655928,1.6114691031497956,0.9683505650396729,0.26,0.9683505650396729,1.306941572493388,1.1923539312334697,1.1750901659052657,0.1277061793700409,1.1750901659052657,0.10267612406828563,0.8038230343832652,0.5488530896850204,0.09076460687665304,0.5488530896850204,0.5080283722048569,0.6923539312334696,0.7092955037268575,0.15655926905506135,0.7092955037268575,0.18503005530175526,0.6885308968502044,0.34311853811012266,0.13732387593171438,0.34311853811012266,0.6070016830968984,0.4,0.4069415724933878,0.01038230343832652,0.4069415724933878,0.00961769656167348
4.137000000000001,,-2.109639336378919,0.0,1.1237677326280249,,,,,,,,93.47622024525128,-19.018153402260165,95.3906948785766,0.3,0.0223587400817504,0.04104832892522241,0.0223587400817504,0.22947583553738882,1.1,0.3794758355373888,0.060262082231305594,0.3794758355373888,1.0081654243808609,0.6973791776869439,0.08336619379658555,0.1363308487617216,0.08336619379658555,0.1510483289252224,1.3,0.2507862466939168,0.02,0.2507862466939168,1.1665929309930272,1.881654243808608,1.4979442173599424,0.6363717239721088,1.4979442173599424,1.0571579706660257,2.371170954556384,1.0676821351286367,0.7603029574416929,1.0676821351286367,1.9571988458764127,1.6078624669391681,0.9625799471026688,0.26,0.9625799471026688,1.3079033421495552,1.1947583553738879,1.1797787929790815,0.1284275066121664,1.1797787929790815,0.10183457561913921,0.8026208223130561,0.5492137533060832,0.09052416446261119,0.5492137533060832,0.5055037268574176,0.694758355373888,0.7126616975234432,0.15764125991824962,0.7126616975234432,0.1865929309930272,0.6921375330608319,0.34528251983649916,0.13816542438086082,0.34528251983649916,0.6110892041356095,0.4,0.40790334214955515,0.010262082231305602,0.40790334214955515,0.009737917768694399
4.187000000000001,,-1.1281534022601392,0.0,0.6036907910555342,,,,,,,,94.63024765568649,-19.25294541957202,96.5683577783121,0.3,0.021276749218562138,0.04056744409713873,0.021276749218562138,0.22971627795143065,1.1,0.37971627795143065,0.060141861024284676,0.37971627795143065,1.0090069728300073,0.6985813897571531,0.07723491223851875,0.13801394566001446,0.07723491223851875,0.15056744409713874,1.3,0.25042558307285406,0.02,0.25042558307285406,1.168155806684299,1.8900697283000722,1.5034743928829046,0.6426232267371965,1.5034743928829046,1.0630488098100506,2.384395287328685,1.07333253185862,0.7647511421014668,1.07333253185862,1.9676580908872325,1.6042558307285406,0.9568093291656647,0.26,0.9568093291656647,1.3088651118057226,1.1971627795143063,1.1844674200528973,0.1291488338542919,1.1844674200528973,0.10099302716999278,0.8014186102428469,0.549574416927146,0.09028372204856935,0.549574416927146,0.5029790815099784,0.6971627795143063,0.7160278913200289,0.15872325078143787,0.7160278913200289,0.18815580668429913,0.6957441692714594,0.3474465015628757,0.13900697283000724,0.3474465015628757,0.6151767251743208,0.4,0.4088651118057225,0.010141861024284682,0.4088651118057225,0.009858138975715318
4.237000000000001,,-0.14666746814137355,0.0,0.08361384948304362,,,,,,,,95.78427506612168,-19.487737436883872,97.74602067804761,0.3,0.020194758355373876,0.04008655926905506,0.020194758355373876,0.2299567203654725,1.1,0.37995672036547246,0.06002163981726376,0.37995672036547246,1.0098485212791537,0.6997836018273623,0.07110363068045189,0.1396970425583073,0.07110363068045189,0.15008655926905506,1.3,0.25006491945179127,0.02,0.25006491945179127,1.169718682375571,1.8984852127915364,1.5090045684058668,0.6488747295022843,1.5090045684058668,1.0689396489540757,2.3976196201009863,1.0789829285886032,0.7691993267612407,1.0789829285886032,1.9781173358980526,1.600649194517913,0.9510387112286607,0.26,0.9510387112286607,1.3098268814618899,1.1995672036547247,1.189156047126713,0.1298701610964174,1.189156047126713,0.10015147872084636,0.8002163981726377,0.5499350805482087,0.09004327963452752,0.5499350805482087,0.500454436162539,0.6995672036547247,0.7193940851166145,0.15980524164462612,0.7193940851166145,0.18971868237557107,0.6993508054820871,0.34961048328925226,0.13984852127915365,0.34961048328925226,0.619264246213032,0.4,0.40982688146188984,0.010021639817263764,0.40982688146188984,0.009978360182736236
4.287000000000001,2.9273885350318474,0.36165605095541875,-0.005222929936305808,-0.04917197452229356,0.7834394904458712,-11.021057324840758,-10.935140127388527,-0.5102802547770775,1.0247388535031996,0.5669490445859955,-0.2282420382165638,95.46161146496814,-17.598038216560482,97.11841401273884,0.3,0.017388535031847098,0.04,0.017388535031847098,0.2326114649681529,1.1,0.39566878980891745,0.06261146496815291,0.39566878980891745,1.01,0.7,0.08828025477707034,0.12433121019108259,0.08828025477707034,0.14216560509554127,1.3,0.2604458598726116,0.017388535031847098,0.2604458598726116,1.167388535031847,1.9,1.512611464968153,0.6343312101910826,1.512611464968153,1.0621656050955413,2.347770700636942,1.032993630573248,0.6994904458598716,1.032993630573248,1.9643312101910826,1.6,0.9447770700636942,0.26,0.9447770700636942,1.3152229299363059,1.226114649681529,1.216114649681529,0.14828025477707032,1.216114649681529,0.08955414012738838,0.8,0.5552229299363058,0.0873885350318471,0.5552229299363058,0.5,0.7261146496815291,0.7252229299363058,0.16,0.7252229299363058,0.1847770700636942,0.7,0.3447770700636942,0.1269426751592355,0.3447770700636942,0.6121656050955413,0.4,0.4126114649681529,0.012611464968152904,0.4126114649681529,0.012611464968152904
4.3370000000000015,2.924203821656051,0.7661146496815414,-0.01159235668789829,-0.09694267515923717,1.7388535031847434,-10.436980891719728,-10.2462866242038,-1.132573248407663,2.2744203821656446,1.2583503184713594,-0.5065859872611552,94.81479617834393,-15.241987261146424,96.09452866242034,0.3,0.014203821656050854,0.04,0.014203821656050854,0.23579617834394914,1.1,0.41477707006369485,0.06579617834394914,0.41477707006369485,1.01,0.7,0.11057324840764403,0.10522292993630514,0.11057324840764403,0.13261146496815257,1.3,0.2731847133757966,0.014203821656050854,0.2731847133757966,1.1642038216560509,1.9,1.515796178343949,0.6152229299363051,1.515796178343949,1.0526114649681526,2.284076433121017,0.9756687898089155,0.6135031847133731,0.9756687898089155,1.945222929936305,1.6,0.9384076433121017,0.26,0.9384076433121017,1.3215923566878984,1.2579617834394914,1.2479617834394914,0.17057324840764404,1.2479617834394914,0.07681528662420342,0.8,0.5615923566878983,0.08420382165605085,0.5615923566878983,0.5,0.7579617834394915,0.7315923566878982,0.16,0.7315923566878982,0.1784076433121017,0.7,0.3384076433121017,0.11101910828025427,0.3384076433121017,0.6026114649681525,0.4,0.4157961783439491,0.015796178343949144,0.4157961783439491,0.015796178343949144
4.387000000000001,2.921019108280255,1.1705732484076568,-0.017961783439490658,-0.14471337579617996,2.694267515923599,-9.852904458598706,-9.557433121019084,-1.7548662420382375,3.5241019108280676,1.949751592356711,-0.7849299363057418,94.16798089171972,-12.885936305732404,95.07064331210188,0.3,0.011019108280254672,0.04,0.011019108280254672,0.23898089171974532,1.1,0.433885350318472,0.06898089171974534,0.433885350318472,1.01,0.7,0.13286624203821734,0.08611464968152802,0.13286624203821734,0.12305732484076401,1.3,0.2859235668789813,0.011019108280254672,0.2859235668789813,1.1610191082802546,1.9,1.5189808917197454,0.5961146496815279,1.5189808917197454,1.043057324840764,2.2203821656050935,0.918343949044584,0.527515923566876,0.918343949044584,1.926114649681528,1.6,0.9320382165605093,0.26,0.9320382165605093,1.3279617834394908,1.2898089171974534,1.2798089171974534,0.19286624203821734,1.2798089171974534,0.06407643312101868,0.8,0.5679617834394907,0.08101910828025467,0.5679617834394907,0.5,0.7898089171974534,0.7379617834394907,0.16,0.7379617834394907,0.17203821656050935,0.7,0.33203821656050936,0.09509554140127335,0.33203821656050936,0.593057324840764,0.4,0.4189808917197453,0.01898089171974533,0.4189808917197453,0.01898089171974533
4.437000000000001,2.935937500000001,1.8790625000000265,-0.02531250000000024,-0.22375000000000295,4.75312500000008,-8.13440624999993,-7.624249999999922,-2.454968750000023,3.0346874999999596,3.390218750000056,-1.4073750000000245,94.44762500000002,-11.181062499999957,95.11381250000002,0.3,0.01,0.04,0.01,0.24,1.1,0.44,0.07,0.44,1.01,0.7,0.14,0.08,0.14,0.12,1.3,0.29,0.01,0.29,1.16,1.9,1.52,0.59,1.52,1.04,2.2,0.9,0.5,0.9,1.92,1.6,0.93,0.26,0.93,1.33,1.3,1.29,0.2,1.29,0.06,0.8,0.57,0.08,0.57,0.5,0.8,0.74,0.16,0.74,0.17,0.7,0.33,0.09,0.33,0.59,0.4,0.42,0.02,0.42,0.02
4.487000000000001,2.975641025641027,2.9233333333333613,-0.040256410256410795,-0.3364102564102594,7.9410256410257265,-4.5399230769229595,-4.151974358974257,-2.9805897435897477,1.6607692307692,5.829076923076994,-2.4800512820513134,95.1718717948718,-11.020974358974396,95.81279487179489,0.3,0.01,0.04,0.01,0.24,1.1,0.44,0.07,0.44,1.01,0.7,0.14,0.08,0.14,0.12,1.3,0.29,0.01,0.29,1.16,1.9,1.52,0.59,1.52,1.04,2.2,0.9,0.5,0.9,1.92,1.6,0.93,0.26,0.93,1.33,1.3,1.29,0.2,1.29,0.06,0.8,0.57,0.08,0.57,0.5,0.8,0.74,0.16,0.74,0.17,0.7,0.33,0.09,0.33,0.59,0.4,0.42,0.02,0.42,0.02
4.537000000000001,3.0387500000000007,4.236000000000014,-0.06550000000000028,-0.4907500000000018,12.057500000000047,1.301700000000067,0.9016750000000573,-2.4314749999999887,1.66907500000001,9.32035000000004,-4.057175000000019,95.15905,-13.360150000000031,96.104,0.3,0.01,0.04,0.01,0.24,1.1,0.44,0.07,0.44,1.01,0.7,0.14,0.08,0.14,0.12,1.3,0.29,0.01,0.29,1.16,1.9,1.52,0.59,1.52,1.04,2.2,0.9,0.5,0.9,1.92,1.6,0.93,0.26,0.93,1.33,1.3,1.29,0.2,1.29,0.06,0.8,0.57,0.08,0.57,0.5,0.8,0.74,0.16,0.74,0.17,0.7,0.33,0.09,0.33,0.59,0.4,0.42,0.02,0.42,0.02
4.5870000000000015,3.1035897435897466,5.553333333333375,-0.08,-0.6671794871794928,17.220512820512994,5.0791025641026675,6.1337692307693965,0.19874358974368384,2.6004871794872093,12.504666666666765,-5.707410256410308,94.99405128205129,-14.009692307692314,96.02817948717949,0.3,0.010512820512820917,0.039487179487179086,0.010512820512820917,0.2405128205128209,1.1051282051282092,0.44256410256410456,0.07102564102564184,0.44256410256410456,1.0094871794871791,0.6897435897435816,0.14410256410256733,0.08,0.14410256410256733,0.11589743589743268,1.3,0.2905128205128209,0.009487179487179084,0.2905128205128209,1.1605128205128208,1.8897435897435817,1.5092307692307607,0.5751282051281934,1.5092307692307607,1.0364102564102535,2.194871794871791,0.8943589743589699,0.49538461538461176,0.8943589743589699,1.92,1.6051282051282092,0.9325641025641046,0.2564102564102536,0.9325641025641046,1.331538461538463,1.3,1.29,0.1994871794871791,1.29,0.06256410256410458,0.8,0.57,0.07794871794871634,0.57,0.5030769230769255,0.7948717948717909,0.74,0.15897435897435816,0.74,0.16794871794871635,0.7,0.3294871794871791,0.08897435897435817,0.3294871794871791,0.5894871794871791,0.4,0.42102564102564183,0.020512820512820915,0.42102564102564183,0.020512820512820915
4.637000000000001,3.190000000000002,6.883333333333373,-0.09000000000000113,-0.8533333333333394,22.066666666666755,7.996333333333387,10.095000000000006,3.6740000000001434,2.570333333333251,15.433333333333405,-7.307333333333376,95.06900000000002,-14.719000000000063,96.20966666666669,0.3,0.02,0.03,0.02,0.25,1.2,0.49,0.09,0.49,1.0,0.5,0.22,0.08,0.22,0.04,1.3,0.3,0.0,0.3,1.17,1.7,1.31,0.3,1.31,0.97,2.1,0.79,0.41,0.79,1.92,1.7,0.98,0.19,0.98,1.36,1.3,1.29,0.19,1.29,0.11,0.8,0.57,0.04,0.57,0.56,0.7,0.74,0.14,0.74,0.13,0.7,0.32,0.07,0.32,0.58,0.4,0.44,0.03,0.44,0.03
4.687000000000001,3.266923076923079,8.203846153846182,-0.12230769230769287,-1.0707692307692358,25.01538461538468,9.300538461538476,9.264538461538418,8.723846153846269,-1.006846153846251,17.557384615384656,-8.686923076923106,95.53300000000002,-16.719461538461577,96.99023076923079,0.3,0.02,0.03,0.02,0.25,1.2,0.49,0.09,0.49,1.0,0.5,0.22,0.08,0.22,0.04,1.3,0.3,0.0,0.3,1.17,1.7,1.31,0.3,1.31,0.97,2.1,0.79,0.41,0.79,1.92,1.7,0.98,0.19,0.98,1.36,1.3,1.29,0.19,1.29,0.11,0.8,0.57,0.04,0.57,0.56,0.7,0.74,0.14,0.74,0.13,0.7,0.32,0.07,0.32,0.58,0.4,0.44,0.03,0.44,0.03
4.737000000000001,3.3452631578947383,9.539473684210547,-0.10236842105263096,-1.315000000000004,28.663157894736905,9.655710526315792,7.179578947368387,13.74236842105271,-5.382078947368489,19.095289473684232,-9.97750000000002,95.35615789473682,-17.408368421052636,96.93547368421052,0.3,0.02,0.03,0.02,0.25,1.2,0.49,0.09,0.49,1.0,0.5,0.22,0.08,0.22,0.04,1.3,0.3,0.0,0.3,1.17,1.7,1.31,0.3,1.31,0.97,2.1,0.79,0.41,0.79,1.92,1.7,0.98,0.19,0.98,1.36,1.3,1.29,0.19,1.29,0.11,0.8,0.57,0.04,0.57,0.56,0.7,0.74,0.14,0.74,0.13,0.7,0.32,0.07,0.32,0.58,0.4,0.44,0.03,0.44,0.03
4.787000000000002,3.432307692307695,10.849230769230818,-0.11205128205128252,-1.573076923076933,29.94102564102565,10.141256410256402,4.681461538461471,18.82812820512831,-8.185692307692417,19.705589743589748,-10.449794871794861,95.15297435897436,-19.360000000000053,97.10510256410258,0.3,0.02,0.03,0.02,0.25,1.2,0.49,0.09,0.49,1.0,0.5,0.22,0.08,0.22,0.04,1.3,0.3,0.0,0.3,1.17,1.7,1.31,0.3,1.31,0.97,2.1,0.79,0.41,0.79,1.92,1.7,0.98,0.19,0.98,1.36,1.3,1.29,0.19,1.29,0.11,0.8,0.57,0.04,0.57,0.56,0.7,0.74,0.14,0.74,0.13,0.7,0.32,0.07,0.32,0.58,0.4,0.44,0.03,0.44,0.03
4.8370000000000015,3.5200000000000036,12.170000000000048,-0.12500000000000047,-1.8500000000000103,30.150000000000006,9.827499999999985,2.8979999999999393,21.45750000000008,-11.217500000000111,19.811500000000002,-10.071499999999983,95.16550000000001,-20.707000000000047,97.394,0.3,0.02,0.03,0.02,0.25,1.2,0.49,0.09,0.49,1.0,0.5,0.22,0.08,0.22,0.04,1.3,0.3,0.0,0.3,1.17,1.7,1.31,0.3,1.31,0.97,2.1,0.79,0.41,0.79,1.92,1.7,0.98,0.19,0.98,1.36,1.3,1.29,0.19,1.29,0.11,0.8,0.57,0.04,0.57,0.56,0.7,0.74,0.14,0.74,0.13,0.7,0.32,0.07,0.32,0.58,0.4,0.44,0.03,0.44,0.03
4.887000000000001,3.617105263157897,13.503947368421086,-0.13815789473684245,-2.1394736842105337,30.03684210526315,9.236605263157877,1.20044736842101,23.137815789473716,-14.34186842105271,19.8415,-9.567552631578934,95.20484210526315,-21.89900000000003,97.69228947368423,0.3,0.011842105263157564,0.03815789473684244,0.011842105263157564,0.2581578947368424,1.2,0.49,0.08184210526315756,0.49,1.0,0.41842105263157564,0.18736842105263024,0.13710526315789706,0.18736842105263024,0.11342105263158192,1.3815789473684243,0.26736842105263026,0.04078947368421219,0.26736842105263026,1.2026315789473696,1.7815789473684245,1.3915789473684244,0.35710526315789703,1.3915789473684244,1.0189473684210546,2.1815789473684246,0.5778947368420967,0.39368421052631514,0.5778947368420967,1.9852631578947395,1.7815789473684245,1.0860526315789518,0.10026315789473318,1.0860526315789518,1.3844736842105272,1.3,1.2492105263157878,0.14921052631578782,1.2492105263157878,0.08552631578947269,0.8,0.5618421052631576,0.015526315789472687,0.5618421052631576,0.5926315789473697,0.7,0.7236842105263152,0.10736842105263025,0.7236842105263152,0.11368421052631512,0.7,0.3036842105263151,0.053684210526315126,0.3036842105263151,0.5881578947368424,0.4,0.44,0.03,0.44,0.03
4.937000000000001,3.700256410256412,14.8294871794872,-0.14,-2.452051282051287,28.887179487179484,7.828333333333309,-0.3460769230769285,22.031923076923142,-17.11687179487179,19.842717948717954,-9.081307692307686,95.24910256410257,-22.80010256410259,97.94343589743592,0.3,0.01,0.04,0.01,0.26,1.2,0.49,0.08,0.49,1.0,0.4,0.18,0.15,0.18,0.13,1.4,0.26,0.05,0.26,1.21,1.8,1.41,0.37,1.41,1.03,2.2,0.53,0.39,0.53,2.0,1.8,1.11,0.08,1.11,1.39,1.3,1.24,0.14,1.24,0.08,0.8,0.56,0.01,0.56,0.6,0.7,0.72,0.1,0.72,0.11,0.7,0.3,0.05,0.3,0.59,0.4,0.44,0.03,0.44,0.03
4.987000000000001,3.8045945945945965,16.142432432432457,-0.14864864864864916,-2.7781081081081145,28.756756756756754,6.264513513513481,-0.647540540540545,24.92018918918919,-16.700324324324303,19.972162162162164,-8.869972972972976,95.4431081081081,-24.296972972972995,98.49237837837839,0.3,0.01,0.04,0.01,0.26,1.2,0.49,0.08,0.49,1.0,0.4,0.18,0.15,0.18,0.13,1.4,0.26,0.05,0.26,1.21,1.8,1.41,0.37,1.41,1.03,2.2,0.53,0.39,0.53,2.0,1.8,1.11,0.08,1.11,1.39,1.3,1.24,0.14,1.24,0.08,0.8,0.56,0.01,0.56,0.6,0.7,0.72,0.1,0.72,0.11,0.7,0.3,0.05,0.3,0.59,0.4,0.44,0.03,0.44,0.03
5.037000000000002,3.9034210526315816,17.473157894736882,-0.16763157894736883,-3.1184210526315894,28.77631578947369,4.499131578947316,-0.8983421052631656,24.54736842105261,-15.391552631578904,19.886473684210525,-9.209842105263172,95.35710526315789,-25.33731578947371,98.67128947368421,0.3,0.01,0.04,0.01,0.26,1.2,0.49,0.08,0.49,1.0,0.4,0.18,0.15,0.18,0.13,1.4,0.26,0.05,0.26,1.21,1.8,1.41,0.37,1.41,1.03,2.2,0.53,0.39,0.53,2.0,1.8,1.11,0.08,1.11,1.39,1.3,1.24,0.14,1.24,0.08,0.8,0.56,0.01,0.56,0.6,0.7,0.72,0.1,0.72,0.11,0.7,0.3,0.05,0.3,0.59,0.4,0.44,0.03,0.44,0.03
5.0870000000000015,3.9956756756756793,18.78108108108113,-0.1808108108108113,-3.4827027027027166,29.27567567567566,3.0146756756756443,-1.139513513513513,28.69951351351354,-14.021729729729735,19.677054054054036,-9.690405405405421,95.44094594594594,-26.706918918918973,99.11089189189191,0.3,0.01,0.04,0.01,0.26,1.2,0.49,0.08,0.49,1.0,0.4,0.18,0.15,0.18,0.13,1.4,0.26,0.05,0.26,1.21,1.8,1.41,0.37,1.41,1.03,2.2,0.53,0.39,0.53,2.0,1.8,1.11,0.08,1.11,1.39,1.3,1.24,0.14,1.24,0.08,0.8,0.56,0.01,0.56,0.6,0.7,0.72,0.1,0.72,0.11,0.7,0.3,0.05,0.3,0.59,0.4,0.44,0.03,0.44,0.03
5.137000000000001,4.097894736842108,20.11684210526319,-0.19421052631578978,-3.862105263157904,28.873684210526307,2.180789473684192,-1.1259999999999994,29.275684210526325,-14.167473684210531,19.1927894736842,-10.142473684210536,95.471,-28.09084210526319,99.52268421052632,0.3,0.01,0.04,0.01,0.26,1.2,0.49,0.08,0.49,1.0,0.4,0.18,0.15,0.18,0.13,1.4,0.26,0.05,0.26,1.21,1.8,1.41,0.37,1.41,1.03,2.2,0.53,0.39,0.53,2.0,1.8,1.11,0.08,1.11,1.39,1.3,1.24,0.14,1.24,0.08,0.8,0.56,0.01,0.56,0.6,0.7,0.72,0.1,0.72,0.11,0.7,0.3,0.05,0.3,0.59,0.4,0.44,0.03,0.44,0.03
5.187000000000001,4.210540540540544,21.43918918918923,-0.2151351351351359,-4.241891891891902,28.47297297297296,1.508594594594578,-1.100621621621621,29.61472972972974,-14.387864864864872,18.738108108108097,-10.589756756756769,95.48805405405405,-29.41551351351355,99.91894594594596,0.3,0.01,0.04,0.01,0.26,1.2,0.49,0.08,0.49,1.0,0.4,0.18,0.15,0.18,0.13,1.4,0.26,0.05,0.26,1.21,1.8,1.41,0.37,1.41,1.03,2.2,0.53,0.39,0.53,2.0,1.8,1.11,0.08,1.11,1.39,1.3,1.24,0.14,1.24,0.08,0.8,0.56,0.01,0.56,0.6,0.7,0.72,0.1,0.72,0.11,0.7,0.3,0.05,0.3,0.59,0.4,0.44,0.03,0.44,0.03
5.237000000000002,4.307567567567571,22.765945945946005,-0.22108108108108168,-4.643513513513533,28.2,1.443621621621629,-1.0739459459459448,29.86229729729725,-14.610729729729739,18.498081081081082,-11.039891891891912,95.45862162162162,-30.556810810810877,100.23172972972975,0.3,0.01,0.04,0.01,0.26,1.2,0.49,0.08,0.49,1.0,0.4,0.18,0.15,0.18,0.13,1.4,0.26,0.05,0.26,1.21,1.8,1.41,0.37,1.41,1.03,2.2,0.53,0.39,0.53,2.0,1.8,1.11,0.08,1.11,1.39,1.3,1.24,0.14,1.24,0.08,0.8,0.56,0.01,0.56,0.6,0.7,0.72,0.1,0.72,0.11,0.7,0.3,0.05,0.3,0.59,0.4,0.44,0.03,0.44,0.03
5.287000000000002,4.39756756756757,24.08567567567572,-0.23459459459459506,-5.071621621621637,28.705405405405457,1.6538648648648748,-1.0482702702702693,29.463945945945973,-14.83097297297298,18.606621621621628,-11.486243243243258,95.30545945945946,-31.779675675675705,100.4678918918919,0.3,0.01,0.04,0.01,0.26,1.2,0.49,0.08,0.49,1.0,0.4,0.18,0.15,0.18,0.13,1.4,0.26,0.05,0.26,1.21,1.8,1.41,0.37,1.41,1.03,2.2,0.53,0.39,0.53,2.0,1.8,1.11,0.08,1.11,1.39,1.3,1.24,0.14,1.24,0.08,0.8,0.56,0.01,0.56,0.6,0.7,0.72,0.1,0.72,0.11,0.7,0.3,0.05,0.3,0.59,0.4,0.44,0.03,0.44,0.03
5.3370000000000015,4.463333333333335,25.418333333333372,-0.24833333333333374,-5.533333333333347,30.55000000000006,1.9923333333333442,-0.9654999999999964,30.71883333333338,-14.847999999999995,18.860000000000007,-11.918833333333346,95.106,-32.37150000000001,100.46933333333332,0.3,0.01,0.04,0.01,0.26,1.2,0.49,0.08,0.49,1.0,0.4,0.18,0.15,0.18,0.13,1.4,0.26,0.05,0.26,1.21,1.8,1.41,0.37,1.41,1.03,2.2,0.53,0.39,0.53,2.0,1.8,1.11,0.08,1.11,1.39,1.3,1.24,0.14,1.24,0.08,0.8,0.56,0.01,0.56,0.6,0.7,0.72,0.1,0.72,0.11,0.7,0.3,0.05,0.3,0.59,0.4,0.44,0.03,0.44,0.03
5.387000000000001,4.539722222222224,26.726666666666702,-0.25388888888888966,-5.988055555555569,31.177777777777795,2.344972222222232,-0.5910555555555551,29.411333333333285,-13.934583333333366,19.177888888888898,-12.220250000000002,95.07438888888889,-33.24105555555559,100.72380555555557,0.4,0.03,0.06,0.03,0.29,1.2,0.41,0.05,0.41,1.01,0.4,0.1,0.19,0.1,0.16,1.4,0.2,0.03,0.2,1.2,1.7,1.45,0.3,1.45,0.91,2.3,0.57,0.4,0.57,2.08,1.9,1.2,0.01,1.2,1.43,1.0,0.93,0.13,0.93,0.07,0.8,0.57,0.01,0.57,0.61,0.7,0.7,0.07,0.7,0.15,0.7,0.24,0.02,0.24,0.61,0.5,0.49,0.07,0.49,0.03
5.437000000000001,4.608378378378379,28.044864864864888,-0.2813513513513518,-6.4686486486486565,31.670270270270276,2.704675675675682,-0.6181891891891906,28.177837837837828,-15.346432432432461,19.46164864864865,-12.28518918918919,95.0628918918919,-34.61364864864867,101.17351351351353,0.4,0.03,0.06,0.03,0.29,1.2,0.41,0.05,0.41,1.01,0.4,0.1,0.19,0.1,0.16,1.4,0.2,0.03,0.2,1.2,1.7,1.45,0.3,1.45,0.91,2.3,0.57,0.4,0.57,2.08,1.9,1.2,0.01,1.2,1.43,1.0,0.93,0.13,0.93,0.07,0.8,0.57,0.01,0.57,0.61,0.7,0.7,0.07,0.7,0.15,0.7,0.24,0.02,0.24,0.61,0.5,0.49,0.07,0.49,0.03
5.487000000000002,4.66777777777778,29.357222222222273,-0.29944444444444496,-6.96000000000002,31.8,3.0816666666666817,-0.7035555555555589,28.515888888888917,-17.06961111111118,19.58966666666667,-12.320555555555556,95.16944444444445,-36.06633333333339,101.7791666666667,0.4,0.03,0.06,0.03,0.29,1.2,0.41,0.05,0.41,1.01,0.4,0.1,0.19,0.1,0.16,1.4,0.2,0.03,0.2,1.2,1.7,1.45,0.3,1.45,0.91,2.3,0.57,0.4,0.57,2.08,1.9,1.2,0.01,1.2,1.43,1.0,0.93,0.13,0.93,0.07,0.8,0.57,0.01,0.57,0.61,0.7,0.7,0.07,0.7,0.15,0.7,0.24,0.02,0.24,0.61,0.5,0.49,0.07,0.49,0.03
5.537000000000002,4.714444444444447,30.69944444444449,-0.3136111111111116,-7.48361111111113,31.563888888888886,3.364138888888899,-0.7900277777777809,28.343555555555547,-18.830138888888953,19.33338888888888,-12.357027777777779,95.17091666666667,-37.163527777777816,102.17394444444446,0.4,0.03,0.06,0.03,0.29,1.2,0.41,0.05,0.41,1.01,0.4,0.1,0.19,0.1,0.16,1.4,0.2,0.03,0.2,1.2,1.7,1.45,0.3,1.45,0.91,2.3,0.57,0.4,0.57,2.08,1.9,1.2,0.01,1.2,1.43,1.0,0.93,0.13,0.93,0.07,0.8,0.57,0.01,0.57,0.61,0.7,0.7,0.07,0.7,0.15,0.7,0.24,0.02,0.24,0.61,0.5,0.49,0.07,0.49,0.03
5.5870000000000015,4.762500000000001,32.01250000000004,-0.32750000000000046,-8.005000000000017,31.34999999999999,3.6370000000000084,-0.8747500000000026,28.137249999999995,-20.553000000000054,19.06874999999999,-12.3925,95.166,-38.221750000000036,102.55825000000002,0.4,0.03,0.06,0.03,0.29,1.2,0.41,0.05,0.41,1.01,0.4,0.1,0.19,0.1,0.16,1.4,0.2,0.03,0.2,1.2,1.7,1.45,0.3,1.45,0.91,2.3,0.57,0.4,0.57,2.08,1.9,1.2,0.01,1.2,1.43,1.0,0.93,0.13,0.93,0.07,0.8,0.57,0.01,0.57,0.61,0.7,0.7,0.07,0.7,0.15,0.7,0.24,0.02,0.24,0.61,0.5,0.49,0.07,0.49,0.03
5.637000000000001,4.814285714285715,33.32285714285718,-0.35142857142857187,-8.524285714285734,31.071428571428562,3.889428571428574,-0.9597142857142885,27.804857142857095,-22.276571428571486,18.812142857142852,-12.42757142857143,95.14642857142857,-39.23914285714288,102.92285714285715,0.4,0.04,0.07,0.04,0.31,1.1,0.41,0.04,0.41,1.01,0.3,-0.09,0.27,-0.09,0.07,1.4,0.17,0.04,0.17,1.23,1.7,1.26,0.17,1.26,1.08,2.2,0.78,0.32,0.78,2.02,1.9,1.29,0.08,1.29,1.42,0.9,0.83,0.22,0.83,0.03,0.9,0.54,0.03,0.54,0.65,0.7,0.64,0.0,0.64,0.19,0.7,0.23,0.01,0.23,0.61,0.5,0.53,0.1,0.53,0.01
5.687000000000001,4.851428571428572,34.657142857142894,-0.36571428571428605,-9.072857142857156,30.842857142857138,3.8694285714285677,-1.0462857142857165,26.24942857142853,-24.029428571428614,18.645285714285713,-12.463857142857144,94.92271428571428,-39.90400000000002,102.97085714285714,0.4,0.04,0.07,0.04,0.31,1.1,0.41,0.04,0.41,1.01,0.3,-0.09,0.27,-0.09,0.07,1.4,0.17,0.04,0.17,1.23,1.7,1.26,0.17,1.26,1.08,2.2,0.78,0.32,0.78,2.02,1.9,1.29,0.08,1.29,1.42,0.9,0.83,0.22,0.83,0.03,0.9,0.54,0.03,0.54,0.65,0.7,0.64,0.0,0.64,0.19,0.7,0.23,0.01,0.23,0.61,0.5,0.53,0.1,0.53,0.01
5.737000000000002,4.879444444444445,35.964166666666706,-0.37,-9.619166666666683,30.8,3.521555555555543,-1.131305555555558,24.62402777777773,-25.741083333333382,18.556388888888886,-12.499305555555557,94.50027777777777,-40.602777777777796,102.85591666666666,0.4,0.04,0.07,0.04,0.31,1.1,0.41,0.04,0.41,1.01,0.3,-0.09,0.27,-0.09,0.07,1.4,0.17,0.04,0.17,1.23,1.7,1.26,0.17,1.26,1.08,2.2,0.78,0.32,0.78,2.02,1.9,1.29,0.08,1.29,1.42,0.9,0.83,0.22,0.83,0.03,0.9,0.54,0.03,0.54,0.65,0.7,0.64,0.0,0.64,0.19,0.7,0.23,0.01,0.23,0.61,0.5,0.53,0.1,0.53,0.01
5.787000000000002,4.920833333333335,37.255833333333385,-0.34638888888888836,-10.147222222222242,30.936111111111114,2.3281944444444003,-1.216388888888892,24.49908333333333,-27.47466666666673,18.783666666666672,-12.53502777777778,94.47430555555555,-41.06616666666669,103.01669444444445,0.4,0.04,0.07,0.04,0.31,1.1,0.41,0.04,0.41,1.01,0.3,-0.09,0.27,-0.09,0.07,1.4,0.17,0.04,0.17,1.23,1.7,1.26,0.17,1.26,1.08,2.2,0.78,0.32,0.78,2.02,1.9,1.29,0.08,1.29,1.42,0.9,0.83,0.22,0.83,0.03,0.9,0.54,0.03,0.54,0.65,0.7,0.64,0.0,0.64,0.19,0.7,0.23,0.01,0.23,0.61,0.5,0.53,0.1,0.53,0.01
5.8370000000000015,4.947714285714286,38.559714285714335,-0.3322857142857138,-10.690857142857162,31.154285714285724,1.1118857142856702,-1.3501142857142918,24.403314285714284,-29.015657142857194,19.018285714285724,-12.564885714285715,94.45057142857142,-41.65654285714288,103.23285714285716,0.4,0.04,0.07,0.04,0.31,1.1,0.41,0.04,0.41,1.01,0.3,-0.09,0.27,-0.09,0.07,1.4,0.17,0.04,0.17,1.23,1.7,1.26,0.17,1.26,1.08,2.2,0.78,0.32,0.78,2.02,1.9,1.29,0.08,1.29,1.42,0.9,0.83,0.22,0.83,0.03,0.9,0.54,0.03,0.54,0.65,0.7,0.64,0.0,0.64,0.19,0.7,0.23,0.01,0.23,0.61,0.5,0.53,0.1,0.53,0.01
5.887000000000001,4.915428571428571,39.88571428571433,-0.36457142857142955,-11.308285714285736,31.79142857142859,-0.05822857142860474,-1.7117142857142957,24.30151428571428,-29.455685714285718,19.29728571428573,-12.564,94.41785714285714,-42.862600000000036,103.6969142857143,0.4,0.04,0.07,0.04,0.31,1.1,0.41,0.04,0.41,1.01,0.3,-0.09,0.27,-0.09,0.07,1.4,0.17,0.04,0.17,1.23,1.7,1.26,0.17,1.26,1.08,2.1,1.01,0.18,1.01,1.85,1.9,1.29,0.08,1.29,1.42,0.9,0.77,0.25,0.77,0.0,0.9,0.54,0.03,0.54,0.65,0.7,0.64,0.0,0.64,0.19,0.7,0.23,0.01,0.23,0.61,0.5,0.53,0.1,0.53,0.01
5.937000000000002,4.87970588235294,41.19558823529417,-0.3867647058823535,-11.924117647058848,32.37058823529414,-0.9954705882353287,-1.9864117647058923,24.16067647058823,-29.539058823529412,19.85235294117649,-12.566029411764706,94.53023529411766,-43.847705882352976,104.21150000000002,0.4,0.04,0.07,0.04,0.31,1.1,0.41,0.04,0.41,1.01,0.3,-0.09,0.27,-0.09,0.07,1.4,0.17,0.04,0.17,1.23,1.7,1.26,0.17,1.26,1.08,2.1,1.01,0.18,1.01,1.85,1.9,1.29,0.08,1.29,1.42,0.9,0.77,0.25,0.77,0.0,0.9,0.54,0.03,0.54,0.65,0.7,0.64,0.0,0.64,0.19,0.7,0.23,0.01,0.23,0.61,0.5,0.53,0.1,0.53,0.01
5.987000000000002,4.84411764705882,42.494705882352996,-0.4111764705882359,-12.531764705882381,32.92352941176472,-1.778117647058799,-2.2415882352941288,24.10164705882357,-29.597705882352944,20.413058823529422,-12.569352941176472,94.65135294117647,-44.76264705882356,104.71047058823531,0.4,0.04,0.07,0.04,0.31,1.1,0.41,0.04,0.41,1.01,0.3,-0.09,0.27,-0.09,0.07,1.4,0.17,0.04,0.17,1.23,1.7,1.26,0.17,1.26,1.08,2.1,1.01,0.18,1.01,1.85,1.9,1.29,0.08,1.29,1.42,0.9,0.77,0.25,0.77,0.0,0.9,0.54,0.03,0.54,0.65,0.7,0.64,0.0,0.64,0.19,0.7,0.23,0.01,0.23,0.61,0.5,0.53,0.1,0.53,0.01
6.037000000000002,4.770588235294116,43.80941176470592,-0.43176470588235377,-13.18470588235296,33.15882352941177,-1.145764705882332,-2.4989411764705958,25.089588235294148,-29.65594117647059,20.636588235294123,-12.573176470588235,94.62547058823529,-45.44764705882355,104.98252941176472,0.4,0.04,0.07,0.04,0.31,1.1,0.41,0.04,0.41,1.01,0.3,-0.09,0.27,-0.09,0.07,1.4,0.17,0.04,0.17,1.23,1.7,1.26,0.17,1.26,1.08,2.1,1.01,0.18,1.01,1.85,1.9,1.29,0.08,1.29,1.42,0.9,0.77,0.25,0.77,0.0,0.9,0.54,0.03,0.54,0.65,0.7,0.64,0.0,0.64,0.19,0.7,0.23,0.01,0.23,0.61,0.5,0.53,0.1,0.53,0.01
6.0870000000000015,4.6870588235294095,45.12235294117651,-0.46117647058823624,-13.835882352941198,33.40588235294118,-0.4249999999999773,-2.7563529411764787,26.141294117647092,-29.71435294117647,20.83711764705883,-12.576176470588235,94.59058823529412,-46.11694117647061,105.24364705882354,0.4,0.04,0.07,0.04,0.31,1.1,0.41,0.04,0.41,1.01,0.3,-0.09,0.27,-0.09,0.07,1.4,0.17,0.04,0.17,1.23,1.7,1.26,0.17,1.26,1.08,2.1,1.01,0.18,1.01,1.85,1.9,1.29,0.08,1.29,1.42,0.9,0.77,0.25,0.77,0.0,0.9,0.54,0.03,0.54,0.65,0.7,0.64,0.0,0.64,0.19,0.7,0.23,0.01,0.23,0.61,0.5,0.53,0.1,0.53,0.01
6.137000000000001,4.619428571428569,46.42800000000004,-0.48514285714285754,-14.48142857142859,33.602857142857154,0.2940857142857355,-3.0130285714285794,27.19034285714289,-29.772571428571432,21.037971428571435,-12.580028571428572,94.55565714285714,-46.785085714285735,105.50811428571429,0.4,0.045142857142857575,0.06485714285714243,0.045142857142857575,0.3202857142857152,1.1,0.41,0.024571428571427287,0.41,0.9945714285714273,0.3,-0.15171428571429085,0.24428571428571216,-0.15171428571429085,0.06485714285714243,1.4,0.1545714285714273,0.03485714285714243,0.1545714285714273,1.2351428571428575,1.5971428571428485,1.2754285714285727,0.08771428571427889,1.2754285714285727,0.9359999999999881,2.0485714285714245,1.0717142857142907,0.08742857142856372,1.0717142857142907,1.7265714285714184,1.8485714285714243,1.279714285714285,0.04399999999999701,1.279714285714285,1.373714285714282,0.9,0.7545714285714273,0.25,0.7545714285714273,0.04114285714286056,0.8485714285714243,0.49885714285713945,0.04028571428571514,0.49885714285713945,0.6242857142857121,0.6485714285714242,0.6245714285714273,0.02057142857143028,0.6245714285714273,0.1951428571428576,0.7,0.193999999999997,0.01,0.193999999999997,0.6305714285714303,0.5,0.5351428571428576,0.1,0.5351428571428576,0.020285714285715142
6.187000000000002,4.551470588235291,47.75323529411771,-0.5094117647058837,-15.136764705882385,33.79705882352942,1.0193235294117988,-3.271764705882365,28.249558823529462,-29.83179411764706,21.23991176470589,-12.583911764705881,94.52070588235294,-47.45838235294121,105.77850000000002,0.4,0.05,0.06,0.05,0.33,1.1,0.41,0.01,0.41,0.98,0.3,-0.21,0.22,-0.21,0.06,1.4,0.14,0.03,0.14,1.24,1.5,1.29,0.01,1.29,0.8,2.0,1.13,0.0,1.13,1.61,1.8,1.27,0.01,1.27,1.33,0.9,0.74,0.25,0.74,0.08,0.8,0.46,0.05,0.46,0.6,0.6,0.61,0.04,0.61,0.2,0.7,0.16,0.01,0.16,0.65,0.5,0.54,0.1,0.54,0.03
6.237000000000002,4.497999999999998,49.05000000000005,-0.5340000000000006,-15.780000000000026,33.98000000000001,1.7336000000000278,-3.52620000000001,29.291200000000043,-29.889400000000002,21.43960000000001,-12.5868,94.48639999999999,-48.12160000000002,106.04800000000002,0.4,0.05,0.06,0.05,0.33,1.1,0.41,0.01,0.41,0.98,0.3,-0.21,0.22,-0.21,0.06,1.4,0.14,0.03,0.14,1.24,1.5,1.29,0.01,1.29,0.8,2.0,1.13,0.0,1.13,1.61,1.8,1.27,0.01,1.27,1.33,0.9,0.74,0.25,0.74,0.08,0.8,0.46,0.05,0.46,0.6,0.6,0.61,0.04,0.61,0.2,0.7,0.16,0.01,0.16,0.65,0.5,0.54,0.1,0.54,0.03
6.287000000000002,4.445882352941175,50.366176470588286,-0.5570588235294129,-16.442352941176498,34.18529411764707,2.3562647058823734,-3.7848235294117742,30.334441176470627,-29.948117647058826,21.650941176470596,-12.590558823529411,94.43958823529411,-48.806000000000026,106.32064705882354,0.4,0.05,0.06,0.05,0.33,1.1,0.41,0.01,0.41,0.98,0.3,-0.21,0.22,-0.21,0.06,1.4,0.14,0.03,0.14,1.24,1.5,1.29,0.01,1.29,0.8,2.0,1.13,0.0,1.13,1.61,1.8,1.27,0.01,1.27,1.33,0.9,0.74,0.25,0.74,0.08,0.8,0.46,0.05,0.46,0.6,0.6,0.61,0.04,0.61,0.2,0.7,0.16,0.01,0.16,0.65,0.5,0.54,0.1,0.54,0.03
6.3370000000000015,4.362352941176468,51.66176470588239,-0.5858823529411774,-17.12117647058826,34.458823529411774,2.2178823529411695,-4.0390588235294205,31.25200000000003,-30.005764705882353,21.930529411764716,-12.593882352941177,94.31235294117647,-49.567058823529436,106.55952941176471,0.4,0.05,0.06,0.05,0.33,1.1,0.41,0.01,0.41,0.98,0.3,-0.21,0.22,-0.21,0.06,1.4,0.14,0.03,0.14,1.24,1.5,1.29,0.01,1.29,0.8,2.0,1.13,0.0,1.13,1.61,1.8,1.27,0.01,1.27,1.33,0.9,0.74,0.25,0.74,0.08,0.8,0.46,0.05,0.46,0.6,0.6,0.61,0.04,0.61,0.2,0.7,0.16,0.01,0.16,0.65,0.5,0.54,0.1,0.54,0.03
6.387000000000002,4.281764705882349,52.97823529411772,-0.6152941176470603,-17.82705882352945,34.7529411764706,1.9965294117646943,-4.299352941176484,32.17700000000005,-30.065352941176474,22.22317647058825,-12.597529411764707,94.17411764705882,-50.35235294117651,106.8044705882353,0.4,0.05,0.06,0.05,0.33,1.1,0.41,0.01,0.41,0.98,0.3,-0.21,0.22,-0.21,0.06,1.4,0.14,0.03,0.14,1.24,1.5,1.29,0.01,1.29,0.8,1.9235294117646982,1.2447058823529527,0.09176470588236216,1.2447058823529527,1.4188235294117457,1.8,1.27,0.01,1.27,1.33,0.9,0.7552941176470603,0.24235294117646983,0.7552941176470603,0.10294117647059053,0.8,0.46,0.05,0.46,0.6,0.6,0.61,0.04,0.61,0.2,0.7,0.11411764705881892,0.017647058823530182,0.11411764705881892,0.6729411764705906,0.5,0.54,0.1,0.54,0.03
6.437000000000002,4.207647058823525,54.273235294117704,-0.6441176470588248,-18.51088235294121,35.061764705882375,1.6924117647058452,-4.553029411764718,33.02794117647061,-30.12323529411765,22.527088235294137,-12.600617647058824,94.04297058823529,-51.11700000000003,107.05226470588237,0.4,0.05,0.06,0.05,0.33,1.1,0.41,0.01,0.41,0.98,0.3,-0.21,0.22,-0.21,0.06,1.4,0.14,0.03,0.14,1.24,1.5,1.29,0.01,1.29,0.8,1.9,1.28,0.12,1.28,1.36,1.8,1.27,0.01,1.27,1.33,0.9,0.76,0.24,0.76,0.11,0.8,0.46,0.05,0.46,0.6,0.6,0.61,0.04,0.61,0.2,0.7,0.1,0.02,0.1,0.68,0.5,0.54,0.1,0.54,0.03
6.487000000000002,4.119411764705879,55.58205882352945,-0.6667647058823535,-19.231470588235318,35.5029411764706,0.7810882352940862,-4.811058823529421,33.69582352941179,-30.181382352941178,22.949147058823545,-12.60435294117647,94.00935294117647,-51.93464705882356,107.41720588235296,0.4,0.05,0.06,0.05,0.33,1.1,0.41,0.01,0.41,0.98,0.3,-0.21,0.22,-0.21,0.06,1.4,0.14,0.03,0.14,1.24,1.5,1.29,0.01,1.29,0.8,1.9,1.28,0.12,1.28,1.36,1.8,1.27,0.01,1.27,1.33,0.9,0.76,0.24,0.76,0.11,0.8,0.46,0.05,0.46,0.6,0.6,0.61,0.04,0.61,0.2,0.7,0.1,0.02,0.1,0.68,0.5,0.54,0.1,0.54,0.03
6.537000000000002,4.031176470588233,56.87941176470593,-0.7014705882352946,-19.963529411764732,35.9,-0.1754705882353167,-5.068441176470597,34.846499999999985,-30.23988235294118,23.300029411764708,-12.607441176470587,94.2859705882353,-53.04255882352945,108.19964705882356,0.4,0.05,0.06,0.05,0.33,1.1,0.41,0.01,0.41,0.98,0.3,-0.21,0.22,-0.21,0.06,1.4,0.14,0.03,0.14,1.24,1.5,1.29,0.01,1.29,0.8,1.9,1.28,0.12,1.28,1.36,1.8,1.27,0.01,1.27,1.33,0.9,0.76,0.24,0.76,0.11,0.8,0.46,0.05,0.46,0.6,0.6,0.61,0.04,0.61,0.2,0.7,0.1,0.02,0.1,0.68,0.5,0.54,0.1,0.54,0.03
6.5870000000000015,3.9418181818181792,58.19636363636368,-0.7227272727272736,-20.714545454545476,35.83636363636363,-0.7786363636363788,-5.325454545454553,34.0952727272727,-30.298818181818184,23.299999999999997,-12.611272727272727,94.62272727272729,-54.068090909090934,108.99754545454547,0.4,0.05,0.06,0.05,0.33,1.1,0.41,0.01,0.41,0.98,0.3,-0.21,0.22,-0.21,0.06,1.4,0.14,0.03,0.14,1.24,1.5,1.29,0.01,1.29,0.8,1.9,1.28,0.12,1.28,1.36,1.8,1.27,0.01,1.27,1.33,0.9,0.76,0.24,0.76,0.11,0.8,0.46,0.05,0.46,0.6,0.6,0.61,0.04,0.61,0.2,0.7,0.1,0.02,0.1,0.68,0.5,0.54,0.1,0.54,0.03
6.637000000000002,3.8427272727272688,59.49666666666673,-0.7624242424242438,-21.471818181818215,35.66363636363634,-1.1206363636363634,-5.580848484848496,32.87739393939394,-30.356727272727277,23.08369696969695,-12.614363636363638,94.7079696969697,-54.76639393939397,109.421,0.4,0.05,0.04,0.05,0.32,1.1,0.39,0.03,0.39,0.94,0.3,-0.2,0.18,-0.2,0.1,1.4,0.13,0.02,0.13,1.21,1.5,1.31,0.07,1.31,0.64,2.0,1.49,0.06,1.49,1.26,1.7,1.22,0.06,1.22,1.23,0.9,0.79,0.21,0.79,0.08,0.7,0.42,0.08,0.42,0.58,0.7,0.62,0.02,0.62,0.22,0.7,0.06,0.02,0.06,0.7,0.4,0.44,0.0,0.44,0.07
6.687000000000002,3.752941176470585,60.813529411764755,-0.7923529411764717,-22.235000000000028,35.15294117647057,-1.1050294117647048,-5.8382352941176565,32.937823529411766,-30.415088235294117,22.607117647058807,-12.618235294117648,94.66441176470587,-55.43670588235297,109.72473529411766,0.4,0.05,0.04,0.05,0.32,1.1,0.39,0.03,0.39,0.94,0.3,-0.2,0.18,-0.2,0.1,1.4,0.13,0.02,0.13,1.21,1.5,1.31,0.07,1.31,0.64,2.0,1.49,0.06,1.49,1.26,1.7,1.22,0.06,1.22,1.23,0.9,0.79,0.21,0.79,0.08,0.7,0.42,0.08,0.42,0.58,0.7,0.62,0.02,0.62,0.22,0.7,0.06,0.02,0.06,0.7,0.4,0.44,0.0,0.44,0.07
6.737000000000002,3.6615151515151467,62.12545454545461,-0.8236363636363656,-23.013030303030337,34.675757575757565,-1.0649090909090817,-6.095606060606072,32.87975757575756,-30.473727272727277,22.147424242424226,-12.621363636363638,94.79581818181818,-56.25412121212125,110.2547272727273,0.4,0.05,0.04,0.05,0.32,1.1,0.39,0.03,0.39,0.94,0.3,-0.2,0.18,-0.2,0.1,1.4,0.13,0.02,0.13,1.21,1.5,1.31,0.07,1.31,0.64,2.0,1.49,0.06,1.49,1.26,1.7,1.22,0.06,1.22,1.23,0.9,0.79,0.21,0.79,0.08,0.7,0.42,0.08,0.42,0.58,0.7,0.62,0.02,0.62,0.22,0.7,0.06,0.02,0.06,0.7,0.4,0.44,0.0,0.44,0.07
6.787000000000002,3.5618181818181793,63.4436363636364,-0.8627272727272736,-23.80727272727275,34.37272727272726,-0.8627272727272672,-6.353181818181826,32.39136363636363,-30.53218181818182,21.816545454545448,-12.625272727272728,94.81790909090908,-57.03818181818184,110.6788181818182,0.4,0.05,0.04,0.05,0.32,1.1,0.39,0.03,0.39,0.94,0.3,-0.2,0.18,-0.2,0.1,1.4,0.13,0.02,0.13,1.21,1.5,1.31,0.07,1.31,0.64,2.0,1.49,0.06,1.49,1.26,1.7,1.22,0.06,1.22,1.23,0.9,0.79,0.21,0.79,0.08,0.7,0.42,0.08,0.42,0.58,0.7,0.62,0.02,0.62,0.22,0.7,0.06,0.02,0.06,0.7,0.4,0.44,0.0,0.44,0.07
6.837000000000002,3.4609090909090865,64.75181818181825,-0.9030303030303046,-24.610303030303072,34.18484848484848,-0.7328484848484823,-6.610606060606074,31.94072727272722,-30.59075757575758,21.633757575757567,-12.62830303030303,94.8498787878788,-57.55233333333336,110.9710303030303,0.4,0.05,0.04,0.05,0.32,1.1,0.39,0.03,0.39,0.94,0.3,-0.2,0.18,-0.2,0.1,1.4,0.13,0.02,0.13,1.21,1.5,1.31,0.07,1.31,0.64,2.0,1.49,0.06,1.49,1.26,1.7,1.22,0.06,1.22,1.23,0.9,0.79,0.21,0.79,0.08,0.7,0.42,0.08,0.42,0.58,0.7,0.62,0.02,0.62,0.22,0.7,0.06,0.02,0.06,0.7,0.4,0.44,0.0,0.44,0.07
6.887000000000002,3.3699999999999957,66.06333333333339,-0.9333333333333348,-25.406666666666702,34.033333333333324,-0.6846666666666646,-6.866000000000012,30.829999999999945,-30.649,21.492666666666658,-12.632,94.82533333333333,-58.03633333333336,111.19933333333334,0.4,0.05,0.03333333333333262,0.05,0.31333333333333263,1.1,0.36999999999999783,0.050000000000002154,0.36999999999999783,0.9333333333333327,0.23333333333332618,-0.18666666666666523,0.20000000000000215,-0.18666666666666523,0.09333333333333262,1.3333333333333262,0.14333333333333476,0.03333333333333477,0.14333333333333476,1.1699999999999957,1.7000000000000215,1.4700000000000173,0.13666666666667385,1.4700000000000173,0.7733333333333476,2.066666666666674,1.6233333333333477,0.06,1.6233333333333477,1.2399999999999978,1.6333333333333262,1.1799999999999957,0.13333333333334124,1.1799999999999957,1.1566666666666587,0.9,0.8233333333333369,0.20333333333333262,0.8233333333333369,0.0399999999999957,0.7666666666666738,0.333333333333324,0.0399999999999957,0.333333333333324,0.6600000000000086,0.7,0.6333333333333347,0.013333333333332616,0.6333333333333347,0.25333333333333696,0.7,0.053333333333332615,0.026666666666667383,0.053333333333332615,0.7066666666666673,0.4,0.40666666666666307,0.026666666666669538,0.40666666666666307,0.09666666666666954
6.937000000000002,3.2945454545454527,67.37818181818187,-0.9654545454545472,-26.204545454545485,33.84545454545453,-0.6235454545454476,-7.121909090909101,29.773272727272715,-30.707090909090912,21.315909090909074,-12.635363636363637,94.76727272727271,-58.48618181818183,111.38363636363637,0.4,0.05,0.03,0.05,0.31,1.1,0.36,0.06,0.36,0.93,0.2,-0.18,0.21,-0.18,0.09,1.3,0.15,0.04,0.15,1.15,1.8,1.55,0.17,1.55,0.84,2.1,1.69,0.06,1.69,1.23,1.6,1.16,0.17,1.16,1.12,0.9,0.84,0.2,0.84,0.02,0.8,0.29,0.02,0.29,0.7,0.7,0.64,0.01,0.64,0.27,0.7,0.05,0.03,0.05,0.71,0.4,0.39,0.04,0.39,0.11
6.987000000000002,3.2490909090909077,68.69636363636369,-1.003939393939395,-26.99242424242427,33.39090909090907,-0.43639393939393223,-7.378787878787888,29.608,-30.765484848484853,20.848393939393922,-12.63909090909091,94.54054545454545,-58.66127272727273,111.28281818181819,0.4,0.05,0.03,0.05,0.31,1.1,0.36,0.06,0.36,0.93,0.2,-0.18,0.21,-0.18,0.09,1.3,0.15,0.04,0.15,1.15,1.8,1.55,0.17,1.55,0.84,2.1,1.69,0.06,1.69,1.23,1.6,1.16,0.17,1.16,1.12,0.9,0.84,0.2,0.84,0.02,0.8,0.29,0.02,0.29,0.7,0.7,0.64,0.01,0.64,0.27,0.7,0.05,0.03,0.05,0.71,0.4,0.39,0.04,0.39,0.11
7.037000000000002,3.181249999999998,70.00812500000004,-1.0365625000000014,-27.798125000000024,32.978125,-0.3060625000000064,-7.6347500000000075,29.923156250000023,-30.823531250000002,20.393749999999997,-12.6424375,94.57531250000001,-58.887062500000006,111.43496875,0.4,0.05,0.03,0.05,0.31,1.1,0.36,0.06,0.36,0.93,0.2,-0.18,0.21,-0.18,0.09,1.3,0.15,0.04,0.15,1.15,1.8,1.55,0.17,1.55,0.84,2.1,1.69,0.06,1.69,1.23,1.6,1.16,0.17,1.16,1.12,0.9,0.84,0.2,0.84,0.02,0.8,0.29,0.02,0.29,0.7,0.7,0.64,0.01,0.64,0.27,0.7,0.05,0.03,0.05,0.71,0.4,0.39,0.04,0.39,0.11
7.087000000000002,3.1121212121212083,71.32393939393945,-1.0751515151515167,-28.62909090909095,32.824242424242414,-0.5715454545454701,-7.894030303030315,30.800878787878837,-30.88278787878788,20.247727272727268,-12.645515151515152,94.51636363636364,-59.158606060606076,111.53366666666668,0.4,0.05,0.03,0.05,0.31,1.1,0.36,0.06,0.36,0.93,0.2,-0.18,0.21,-0.18,0.09,1.3,0.15,0.04,0.15,1.15,1.8,1.55,0.17,1.55,0.84,2.1,1.69,0.06,1.69,1.23,1.6,1.16,0.17,1.16,1.12,0.9,0.84,0.2,0.84,0.02,0.8,0.29,0.02,0.29,0.7,0.7,0.64,0.01,0.64,0.27,0.7,0.05,0.03,0.05,0.71,0.4,0.39,0.04,0.39,0.11
7.137000000000002,3.049090909090906,72.62181818181824,-1.1181818181818204,-29.457272727272763,32.7,-0.8816363636363775,-8.148818181818193,31.72636363636368,-30.94036363636364,20.142181818181815,-12.649545454545454,94.44036363636363,-59.428818181818194,111.61827272727272,0.4,0.06,0.03,0.06,0.31,1.0,0.34,0.09,0.34,0.91,0.2,-0.18,0.21,-0.18,0.09,1.3,0.15,0.04,0.15,1.15,1.9,1.66,0.24,1.66,0.85,2.4,1.95,0.28,1.95,1.33,1.6,1.18,0.15,1.18,1.1,0.9,0.86,0.18,0.86,0.0,0.8,0.25,0.04,0.25,0.78,0.7,0.64,0.01,0.64,0.27,0.7,0.06,0.04,0.06,0.72,0.4,0.39,0.04,0.39,0.11
7.187000000000002,2.9956249999999978,73.93875000000006,-1.1643750000000022,-30.288750000000043,32.53749999999999,-1.2095625000000167,-8.407500000000013,32.87037500000007,-30.999687500000004,20.00668749999999,-12.652625,94.386125,-59.72150000000001,111.7329375,0.4,0.06,0.03,0.06,0.31,1.0,0.34,0.09,0.34,0.91,0.2,-0.18,0.21,-0.18,0.09,1.3,0.15,0.04,0.15,1.15,1.9,1.66,0.24,1.66,0.85,2.4,1.95,0.28,1.95,1.33,1.6,1.18,0.15,1.18,1.1,0.9,0.86,0.18,0.86,0.0,0.8,0.25,0.04,0.25,0.78,0.7,0.64,0.01,0.64,0.27,0.7,0.06,0.04,0.06,0.72,0.4,0.39,0.04,0.39,0.11
7.237000000000002,2.9499999999999984,75.23333333333338,-1.2000000000000015,-31.11333333333336,32.19999999999998,-1.6093333333333466,-8.662666666666675,35.11533333333339,-31.05766666666667,19.65766666666665,-12.656666666666666,94.46033333333332,-60.17000000000002,112.03366666666668,0.4,0.06,0.03,0.06,0.31,1.0,0.34,0.09,0.34,0.91,0.2,-0.18,0.21,-0.18,0.09,1.3,0.15,0.04,0.15,1.15,1.9,1.66,0.24,1.66,0.85,2.4,1.95,0.28,1.95,1.33,1.6,1.18,0.15,1.18,1.1,0.9,0.86,0.18,0.86,0.0,0.8,0.25,0.04,0.25,0.78,0.7,0.64,0.01,0.64,0.27,0.7,0.06,0.04,0.06,0.72,0.4,0.39,0.04,0.39,0.11
7.287000000000003,2.903749999999998,76.54375000000006,-1.246250000000002,-31.95250000000004,31.649999999999974,-1.9980000000000175,-8.920125000000013,36.54887500000005,-31.11625,19.136999999999976,-12.65975,94.469625,-60.86800000000003,112.41450000000002,0.4,0.06,0.03,0.06,0.31,1.0,0.34,0.09,0.34,0.91,0.2,-0.18,0.21,-0.18,0.09,1.3,0.15,0.04,0.15,1.15,1.9,1.66,0.24,1.66,0.85,2.4,1.95,0.28,1.95,1.33,1.6,1.18,0.15,1.18,1.1,0.9,0.86,0.18,0.86,0.0,0.8,0.25,0.04,0.25,0.78,0.7,0.64,0.01,0.64,0.27,0.7,0.06,0.04,0.06,0.72,0.4,0.39,0.04,0.39,0.11
7.337000000000002,2.8672727272727254,77.8563636363637,-1.2827272727272747,-32.8075757575758,31.215151515151504,-2.5971515151515465,-9.176424242424254,37.15866666666669,-31.174121212121214,18.704787878787865,-12.663272727272728,94.62409090909091,-61.62124242424245,112.95224242424246,0.4,0.06,0.03,0.06,0.31,1.0,0.34,0.09,0.34,0.91,0.2,-0.18,0.21,-0.18,0.09,1.3,0.15,0.04,0.15,1.15,1.9,1.66,0.24,1.66,0.85,2.4,1.95,0.28,1.95,1.33,1.6,1.18,0.15,1.18,1.1,0.9,0.86,0.18,0.86,0.0,0.8,0.25,0.04,0.25,0.78,0.7,0.64,0.01,0.64,0.27,0.7,0.06,0.04,0.06,0.72,0.4,0.39,0.04,0.39,0.11
7.387000000000002,2.8209374999999977,79.15375000000007,-1.3193750000000015,-33.67250000000004,31.003124999999994,-3.3609062500000375,-9.431843750000011,37.66790625000002,-31.231843750000003,18.42503124999999,-12.6669375,94.71840625,-62.41865625000004,113.46478125000002,0.4,0.06,0.010624999999998545,0.06,0.30031249999999926,1.0,0.3012499999999971,0.08031249999999927,0.3012499999999971,0.9196875000000008,0.10312499999999272,-0.0056249999999868905,0.3746875000000124,-0.0056249999999868905,0.05124999999999709,1.2031249999999927,0.2953125000000109,0.09812500000000438,0.2953125000000109,1.0918749999999957,2.0937500000000147,1.7956250000000102,0.38531250000001094,1.7956250000000102,1.0050000000000117,2.4968750000000073,1.9596875000000007,0.3575000000000058,1.9596875000000007,1.4850000000000116,1.6,1.18,0.12093749999999781,1.18,1.1096875000000008,0.9,0.8503124999999992,0.17031249999999928,0.8503124999999992,0.05812500000000437,0.8968750000000073,0.19187499999999563,0.07875000000000291,0.19187499999999563,0.8381250000000043,0.7968750000000073,0.6690625000000022,0.048750000000002916,0.6690625000000022,0.3087500000000029,0.7,0.07937500000000146,0.04968750000000073,0.07937500000000146,0.7296875000000007,0.4,0.39,0.04,0.39,0.11
7.437000000000002,2.7893749999999984,80.46625000000006,-1.3606250000000015,-34.547500000000035,30.746874999999992,-4.155031250000032,-9.689656250000011,38.159843750000014,-31.29065625,18.18999999999999,-12.6700625,94.8039375,-63.22740625000004,113.97990625000001,0.4,0.06,0.01,0.06,0.3,1.0,0.3,0.08,0.3,0.92,0.1,0.0,0.38,0.0,0.05,1.2,0.3,0.1,0.3,1.09,2.1,1.8,0.39,1.8,1.01,2.5,1.96,0.36,1.96,1.49,1.6,1.18,0.12,1.18,1.11,0.9,0.85,0.17,0.85,0.06,0.9,0.19,0.08,0.19,0.84,0.8,0.67,0.05,0.67,0.31,0.7,0.08,0.05,0.08,0.73,0.4,0.39,0.04,0.39,0.11
7.487000000000002,2.7580645161290307,81.7812903225807,-1.401935483870969,-35.42516129032261,30.590322580645157,-4.907032258064542,-9.945774193548397,38.55248387096773,-31.349580645161293,18.030096774193545,-12.673290322580645,94.92432258064517,-64.02100000000004,114.52200000000003,0.4,0.06,0.01,0.06,0.3,1.0,0.3,0.08,0.3,0.92,0.1,0.0,0.38,0.0,0.05,1.2,0.3,0.1,0.3,1.09,2.1,1.8,0.39,1.8,1.01,2.5,1.96,0.36,1.96,1.49,1.6,1.18,0.12,1.18,1.11,0.9,0.85,0.17,0.85,0.06,0.9,0.19,0.08,0.19,0.84,0.8,0.67,0.05,0.67,0.31,0.7,0.08,0.05,0.08,0.73,0.4,0.39,0.04,0.39,0.11
7.537000000000003,2.697419354838705,83.11483870967749,-1.391612903225803,-36.36580645161295,30.429032258064506,-5.561806451612934,-10.204419354838722,38.05622580645158,-31.40783870967742,17.96009677419355,-12.67741935483871,95.07677419354837,-64.81377419354843,115.09135483870969,0.4,0.06,0.01,0.06,0.3,1.0,0.3,0.08,0.3,0.92,0.1,0.0,0.38,0.0,0.05,1.2,0.3,0.1,0.3,1.09,2.1,1.8,0.39,1.8,1.01,2.5,1.96,0.36,1.96,1.49,1.6,1.18,0.12,1.18,1.11,0.9,0.85,0.17,0.85,0.06,0.9,0.19,0.08,0.19,0.84,0.8,0.67,0.05,0.67,0.31,0.7,0.08,0.05,0.08,0.73,0.4,0.39,0.04,0.39,0.11
7.587000000000002,2.547878787878789,84.46484848484855,-1.2775757575757627,-37.40666666666671,30.339393939393947,-6.128818181818208,-10.511212121212143,37.08809090909086,-31.514424242424255,18.024666666666672,-12.498393939393905,94.77430303030305,-64.93784848484853,114.90448484848488,0.4,0.06,0.01,0.06,0.3,1.0,0.3,0.08,0.3,0.92,0.1,0.0,0.38,0.0,0.05,1.2,0.3,0.1,0.3,1.09,2.1,1.8,0.39,1.8,1.01,2.5,1.96,0.36,1.96,1.49,1.6,1.18,0.12,1.18,1.11,0.9,0.85,0.17,0.85,0.06,0.9,0.19,0.08,0.19,0.84,0.8,0.67,0.05,0.67,0.31,0.7,0.08,0.05,0.08,0.73,0.4,0.39,0.04,0.39,0.11
7.637000000000002,2.6482352941176535,85.75647058823535,-1.496470588235307,-38.1723529411765,30.4,-6.674352941176495,-11.037647058823554,36.05782352941172,-31.83082352941178,18.10388235294118,-11.534294117647008,95.38223529411768,-66.28505882352948,116.17658823529419,0.4,0.06,0.01,0.06,0.3,1.0,0.3,0.08,0.3,0.92,0.1,0.0,0.38,0.0,0.05,1.2,0.3,0.1,0.3,1.09,2.1,1.8,0.39,1.8,1.01,2.5,1.8541176470588159,0.29823529411764255,1.8541176470588159,1.5341176470588267,1.6,1.18,0.12,1.18,1.11,0.9,0.85,0.17,0.85,0.06,0.9,0.19,0.08,0.19,0.84,0.8,0.67,0.05,0.67,0.31,0.7,0.08,0.05,0.08,0.73,0.4,0.39,0.04,0.39,0.11
7.687000000000002,2.631333333333331,87.06800000000005,-1.5213333333333308,-39.09000000000004,29.83999999999992,-7.076466666666679,-11.601000000000022,35.31979999999999,-32.185266666666685,18.060333333333325,-10.425666666666624,95.48986666666667,-66.5438,116.4132,0.4,0.06,0.01,0.06,0.3,1.0,0.3,0.08,0.3,0.92,0.1,0.0,0.38,0.0,0.05,1.2,0.3,0.1,0.3,1.09,2.1,1.8,0.39,1.8,1.01,2.5,1.84,0.29,1.84,1.54,1.6,1.18,0.12,1.18,1.11,0.9,0.85,0.17,0.85,0.06,0.9,0.19,0.08,0.19,0.84,0.8,0.67,0.05,0.67,0.31,0.7,0.08,0.05,0.08,0.73,0.4,0.39,0.04,0.39,0.11
7.737000000000002,2.548709677419354,88.40580645161296,-1.4312903225806457,-40.10483870967746,26.82258064516125,-7.332000000000004,-12.073322580645135,35.22306451612905,-32.4444838709677,17.750709677419334,-9.33170967741932,95.44490322580646,-66.80325806451617,116.52377419354842,0.4,0.06,0.01,0.06,0.3,1.0,0.3,0.08,0.3,0.92,0.1,0.0,0.38,0.0,0.05,1.2,0.3,0.1,0.3,1.09,2.1,1.8,0.39,1.8,1.01,2.5,1.84,0.29,1.84,1.54,1.6,1.18,0.12,1.18,1.11,0.9,0.85,0.17,0.85,0.06,0.9,0.19,0.08,0.19,0.84,0.8,0.67,0.05,0.67,0.31,0.7,0.08,0.05,0.08,0.73,0.4,0.39,0.04,0.39,0.11
7.787000000000003,2.54,89.73580645161297,-1.454838709677421,-41.04032258064521,25.929032258064474,-7.424580645161295,-11.28616129032253,35.5681612903226,-31.526451612903173,17.22419354838707,-8.626870967741906,95.62651612903227,-67.54816129032261,117.09738709677421,0.4,0.06,0.01,0.06,0.3,1.0,0.3,0.08,0.3,0.92,0.1,0.0,0.38,0.0,0.05,1.2,0.3,0.1,0.3,1.09,2.1,1.8,0.39,1.8,1.01,2.5,1.84,0.29,1.84,1.54,1.6,1.18,0.12,1.18,1.11,0.9,0.85,0.17,0.85,0.06,0.9,0.19,0.08,0.19,0.84,0.8,0.67,0.05,0.67,0.31,0.7,0.08,0.05,0.08,0.73,0.4,0.39,0.04,0.39,0.11
7.837000000000002,2.53,91.06066666666675,-1.4973333333333352,-41.976333333333386,24.953333333333298,-7.473499999999996,-9.825233333333248,36.00230000000004,-30.57043333333328,16.701899999999974,-8.515866666666666,95.59713333333333,-67.61260000000003,117.11100000000002,0.4,0.06,0.01,0.06,0.3,1.0,0.3,0.08,0.3,0.92,0.1,0.0,0.38,0.0,0.05,1.2,0.3,0.1,0.3,1.09,2.1,1.8,0.39,1.8,1.01,2.5,1.84,0.29,1.84,1.54,1.6,1.18,0.12,1.18,1.11,0.9,0.85,0.17,0.85,0.06,0.9,0.19,0.08,0.19,0.84,0.8,0.67,0.05,0.67,0.31,0.7,0.08,0.05,0.08,0.73,0.4,0.39,0.04,0.39,0.11
7.887000000000002,2.519999999999999,92.40000000000008,-1.5200000000000018,-42.93000000000005,24.60000000000002,-7.3499999999999845,-8.289999999999907,36.71899999999998,-29.638999999999967,16.290999999999997,-8.49900000000002,95.789,-68.22100000000002,117.61900000000001,0.3,0.06,0.01,0.06,0.27,1.1,0.32,0.06,0.32,0.94,0.3,0.32,0.07,0.32,0.01,1.2,0.31,0.11,0.31,1.07,2.5,2.11,0.71,2.11,1.26,2.3,1.58,0.06,1.58,1.51,1.6,1.13,0.13,1.13,1.12,0.9,0.84,0.15,0.84,0.21,0.8,0.16,0.04,0.16,0.81,0.8,0.69,0.06,0.69,0.32,0.8,0.11,0.07,0.11,0.76,0.3,0.32,0.12,0.32,0.01
7.937000000000002,2.5035483870967736,93.73258064516133,-1.5464516129032264,-43.88419354838713,24.993548387096794,-7.01970967741934,-6.636838709677363,36.223290322580624,-29.41367741935485,16.273322580645164,-8.889645161290337,95.71499999999999,-68.56764516129033,117.75790322580646,0.3,0.06,0.01,0.06,0.27,1.1,0.32,0.06,0.32,0.94,0.3,0.32,0.07,0.32,0.01,1.2,0.31,0.11,0.31,1.07,2.5,2.11,0.71,2.11,1.26,2.3,1.58,0.06,1.58,1.51,1.6,1.13,0.13,1.13,1.12,0.9,0.84,0.15,0.84,0.21,0.8,0.16,0.04,0.16,0.81,0.8,0.69,0.06,0.69,0.32,0.8,0.11,0.07,0.11,0.76,0.3,0.32,0.12,0.32,0.01
7.987000000000003,2.4873333333333325,95.05600000000007,-1.575333333333335,-44.83466666666671,25.633333333333375,-6.449399999999965,-5.403133333333291,35.58033333333331,-30.837400000000095,16.41133333333335,-9.328333333333358,95.69506666666666,-68.80793333333334,117.88193333333334,0.3,0.06,0.01,0.06,0.27,1.1,0.32,0.06,0.32,0.94,0.3,0.32,0.07,0.32,0.01,1.2,0.31,0.11,0.31,1.07,2.5,2.11,0.71,2.11,1.26,2.3,1.58,0.06,1.58,1.51,1.6,1.13,0.13,1.13,1.12,0.9,0.84,0.15,0.84,0.21,0.8,0.16,0.04,0.16,0.81,0.8,0.69,0.06,0.69,0.32,0.8,0.11,0.07,0.11,0.76,0.3,0.32,0.12,0.32,0.01
8.037000000000003,2.470967741935483,96.38161290322589,-1.6080645161290346,-45.79290322580652,26.361290322580686,-5.821193548387057,-4.747935483870933,35.01035483870964,-32.505967741935585,16.759258064516153,-9.752193548387122,95.63158064516129,-69.10770967741938,118.00535483870969,0.3,0.06,0.01,0.06,0.27,1.1,0.32,0.06,0.32,0.94,0.3,0.32,0.07,0.32,0.01,1.2,0.31,0.11,0.31,1.07,2.5,2.11,0.71,2.11,1.26,2.3,1.58,0.06,1.58,1.51,1.6,1.13,0.13,1.13,1.12,0.9,0.84,0.15,0.84,0.21,0.8,0.16,0.04,0.16,0.81,0.8,0.69,0.06,0.69,0.32,0.8,0.11,0.07,0.11,0.76,0.3,0.32,0.12,0.32,0.01
8.087000000000003,2.4386666666666645,97.72900000000008,-1.6313333333333355,-46.7743333333334,26.970000000000034,-5.50786666666665,-4.943166666666683,33.91476666666659,-32.25333333333331,17.332466666666704,-9.845500000000005,95.73666666666668,-69.37883333333335,118.24930000000002,0.3,0.06,0.01,0.06,0.27,1.1,0.32,0.06,0.32,0.94,0.3,0.32,0.07,0.32,0.01,1.2,0.31,0.11,0.31,1.07,2.5,2.11,0.71,2.11,1.26,2.3,1.58,0.06,1.58,1.51,1.6,1.13,0.13,1.13,1.12,0.9,0.84,0.15,0.84,0.21,0.8,0.16,0.04,0.16,0.81,0.8,0.69,0.06,0.69,0.32,0.8,0.11,0.07,0.11,0.76,0.3,0.32,0.12,0.32,0.01
8.137000000000002,2.4079999999999995,99.05200000000006,-1.6640000000000013,-47.73800000000004,27.420000000000005,-5.302199999999989,-5.18120000000001,32.74279999999996,-31.893999999999984,17.758200000000006,-9.917800000000003,95.833,-69.56439999999999,118.4344,0.3,0.07,0.03,0.07,0.24,1.1,0.35,0.05,0.35,0.93,0.4,0.41,0.04,0.41,0.14,1.2,0.32,0.11,0.32,1.06,2.8,2.2,0.87,2.2,1.64,2.1,1.27,0.15,1.27,1.45,1.7,1.16,0.03,1.16,1.23,1.0,0.89,0.08,0.89,0.25,0.7,0.11,0.09,0.11,0.68,0.8,0.7,0.07,0.7,0.35,0.8,0.12,0.08,0.12,0.77,0.3,0.32,0.11,0.32,0.02
8.187000000000003,2.3913333333333324,100.40200000000007,-1.6886666666666674,-48.72133333333338,27.5,-5.068066666666657,-5.423666666666678,31.752333333333286,-31.527333333333317,17.83666666666667,-9.991133333333337,95.7858,-69.35713333333332,118.27246666666666,0.3,0.07,0.03,0.07,0.24,1.1,0.35,0.05,0.35,0.93,0.4,0.41,0.04,0.41,0.14,1.2,0.32,0.11,0.32,1.06,2.8,2.2,0.87,2.2,1.64,2.1,1.27,0.15,1.27,1.45,1.7,1.16,0.03,1.16,1.23,1.0,0.89,0.08,0.89,0.25,0.7,0.11,0.09,0.11,0.68,0.8,0.7,0.07,0.7,0.35,0.8,0.12,0.08,0.12,0.77,0.3,0.32,0.11,0.32,0.02
8.237000000000002,2.3649999999999993,101.71500000000005,-1.7150000000000005,-49.69000000000004,27.5,-5.097000000000001,-5.661500000000009,31.04099999999997,-31.167499999999986,17.828999999999997,-10.064000000000002,95.778,-69.485,118.342,0.3,0.07,0.03,0.07,0.24,1.1,0.35,0.05,0.35,0.93,0.4,0.41,0.04,0.41,0.14,1.2,0.32,0.11,0.32,1.06,2.8,2.2,0.87,2.2,1.64,2.1,1.27,0.15,1.27,1.45,1.7,1.16,0.03,1.16,1.23,1.0,0.89,0.08,0.89,0.25,0.7,0.11,0.09,0.11,0.68,0.8,0.7,0.07,0.7,0.35,0.8,0.12,0.08,0.12,0.77,0.3,0.32,0.11,0.32,0.02
8.287000000000003,2.348387096774193,103.0606451612904,-1.7432258064516144,-50.673548387096815,27.383870967741927,-5.124387096774188,-5.901548387096786,30.246548387096773,-30.80351612903224,17.70019354838709,-10.137096774193552,95.8578064516129,-69.23409677419355,118.26232258064516,0.3,0.07,0.03,0.07,0.24,1.1,0.35,0.05,0.35,0.93,0.4,0.41,0.04,0.41,0.14,1.2,0.32,0.11,0.32,1.06,2.8,2.2,0.87,2.2,1.64,2.1,1.27,0.15,1.27,1.45,1.7,1.16,0.03,1.16,1.23,1.0,0.89,0.08,0.89,0.25,0.7,0.11,0.09,0.11,0.68,0.8,0.7,0.07,0.7,0.35,0.8,0.12,0.08,0.12,0.77,0.3,0.32,0.11,0.32,0.02
8.337000000000003,2.34,104.38800000000008,-1.7760000000000022,-51.63200000000006,27.219999999999988,-4.998399999999991,-6.140800000000016,30.285400000000006,-30.442999999999977,17.54519999999999,-10.209200000000004,95.8048,-69.19739999999999,118.202,0.3,0.07,0.03,0.07,0.24,1.1,0.35,0.05,0.35,0.93,0.4,0.41,0.04,0.41,0.14,1.2,0.32,0.11,0.32,1.06,2.8,2.2,0.87,2.2,1.64,2.1,1.27,0.15,1.27,1.45,1.7,1.16,0.03,1.16,1.23,1.0,0.89,0.08,0.89,0.25,0.7,0.11,0.09,0.11,0.68,0.8,0.7,0.07,0.7,0.35,0.8,0.12,0.08,0.12,0.77,0.3,0.32,0.11,0.32,0.02
8.387000000000002,2.33,105.72580645161297,-1.809032258064518,-52.60645161290328,27.1,-4.874548387096766,-6.380935483870981,30.47800000000003,-30.078645161290304,17.44364516129032,-10.282870967741939,95.76883870967741,-69.0367741935484,118.083,0.3,0.07903225806451783,0.03451612903225892,0.07903225806451783,0.2354838709677411,1.1,0.3680645161290357,0.04096774193548217,0.3680645161290357,0.93,0.4,0.41,0.04,0.41,0.14,1.2,0.3245161290322589,0.10096774193548216,0.3245161290322589,1.069032258064518,2.8,2.2,0.87,2.2,1.64,2.009677419354822,1.1751612903225628,0.19516129032258914,1.1751612903225628,1.440967741935482,1.7,1.16,0.03,1.16,1.23,1.0,0.9261290322580713,0.0483870967741876,0.9261290322580713,0.2229032258064465,0.7,0.11,0.09,0.11,0.68,0.8,0.7,0.07,0.7,0.35,0.8,0.12451612903225892,0.08451612903225891,0.12451612903225892,0.7790322580645178,0.3,0.3154838709677411,0.11,0.3154838709677411,0.024516129032258915
8.437000000000003,2.32,107.0610000000001,-1.8520000000000025,-53.57900000000007,27.110000000000014,-4.694899999999987,-6.6225000000000165,31.370900000000066,-29.714099999999974,17.42360000000001,-10.356400000000006,95.85900000000001,-69.18289999999999,118.2472,0.3,0.09,0.04,0.09,0.23,1.1,0.39,0.03,0.39,0.93,0.4,0.41,0.04,0.41,0.14,1.2,0.33,0.09,0.33,1.08,2.8,2.2,0.87,2.2,1.64,1.9,1.06,0.25,1.06,1.43,1.7,1.16,0.03,1.16,1.23,1.0,0.97,0.01,0.97,0.19,0.7,0.11,0.09,0.11,0.68,0.8,0.7,0.07,0.7,0.35,0.8,0.13,0.09,0.13,0.79,0.3,0.31,0.11,0.31,0.03
8.487000000000002,2.32,108.39096774193554,-1.8848387096774208,-54.54774193548392,27.274193548387103,-4.522290322580638,-6.861322580645172,32.40309677419361,-29.35377419354837,17.56322580645162,-10.428645161290326,95.96429032258065,-69.10499999999999,118.28851612903226,0.3,0.09,0.04,0.09,0.23,1.1,0.39,0.03,0.39,0.93,0.4,0.41,0.04,0.41,0.14,1.2,0.33,0.09,0.33,1.08,2.8,2.2,0.87,2.2,1.64,1.9,1.06,0.25,1.06,1.43,1.7,1.16,0.03,1.16,1.23,1.0,0.97,0.01,0.97,0.19,0.7,0.11,0.09,0.11,0.68,0.8,0.7,0.07,0.7,0.35,0.8,0.13,0.09,0.13,0.79,0.3,0.31,0.11,0.31,0.03
8.537000000000003,2.325999999999999,109.73400000000007,-1.9240000000000008,-55.52000000000005,27.480000000000015,-4.4281999999999995,-7.102000000000012,33.869400000000056,-28.988999999999983,17.745200000000004,-10.501600000000003,96.04220000000001,-69.30940000000002,118.46720000000002,0.3,0.09,0.04,0.09,0.23,1.1,0.39,0.03,0.39,0.93,0.4,0.41,0.04,0.41,0.14,1.2,0.33,0.09,0.33,1.08,2.8,2.2,0.87,2.2,1.64,1.9,1.06,0.25,1.06,1.43,1.7,1.16,0.03,1.16,1.23,1.0,0.97,0.01,0.97,0.19,0.7,0.11,0.09,0.11,0.68,0.8,0.7,0.07,0.7,0.35,0.8,0.13,0.09,0.13,0.79,0.3,0.31,0.11,0.31,0.03
8.587000000000003,2.3196666666666657,111.05700000000009,-1.9406666666666685,-56.48966666666672,27.91000000000003,-4.475466666666671,-7.339866666666682,34.67570000000004,-28.628666666666643,17.8088,-10.574466666666671,96.23336666666668,-70.01010000000005,119.02486666666671,0.3,0.09,0.04,0.09,0.23,1.1,0.39,0.03,0.39,0.93,0.4,0.41,0.04,0.41,0.14,1.2,0.33,0.09,0.33,1.08,2.8,2.2,0.87,2.2,1.64,1.9,1.06,0.25,1.06,1.43,1.7,1.16,0.03,1.16,1.23,1.0,0.97,0.01,0.97,0.19,0.7,0.11,0.09,0.11,0.68,0.8,0.7,0.07,0.7,0.35,0.8,0.13,0.09,0.13,0.79,0.3,0.31,0.11,0.31,0.03
8.637000000000002,2.31,112.40000000000005,-1.9670000000000005,-57.48000000000003,28.270000000000007,-4.567000000000004,-7.4796,35.35300000000002,-28.343899999999994,17.8292,-10.648500000000004,96.4216,-70.72130000000001,119.58910000000002,0.3,0.09,0.04,0.09,0.23,1.1,0.39,0.03,0.39,0.93,0.4700000000000059,0.4590000000000041,0.11000000000000593,0.4590000000000041,0.21700000000000652,1.2,0.33,0.08299999999999941,0.33,1.08,2.589999999999982,2.101999999999992,0.6739999999999834,2.101999999999992,1.4789999999999863,1.9,0.9269999999999887,0.2710000000000018,0.9269999999999887,1.465000000000003,1.7,1.138999999999998,0.015999999999998817,1.138999999999998,1.2580000000000024,1.0,0.97,0.01,0.97,0.19,0.7,0.13100000000000178,0.11800000000000237,0.13100000000000178,0.644999999999997,0.8,0.7210000000000018,0.08400000000000118,0.7210000000000018,0.3570000000000006,0.8,0.13,0.09,0.13,0.79,0.3,0.3029999999999994,0.11,0.3029999999999994,0.03
8.687000000000003,2.31,113.72000000000008,-1.9833333333333343,-58.44666666666673,28.3,-4.769666666666685,-7.105666666666639,35.876000000000005,-28.47166666666668,17.785000000000004,-10.721666666666671,96.44833333333334,-70.97433333333335,119.75766666666668,0.3,0.09,0.04,0.09,0.23,1.1,0.39,0.03,0.39,0.93,0.5,0.48,0.14,0.48,0.25,1.2,0.33,0.08,0.33,1.08,2.5,2.06,0.59,2.06,1.41,1.9,0.87,0.28,0.87,1.48,1.7,1.13,0.01,1.13,1.27,1.0,0.97,0.01,0.97,0.19,0.7,0.14,0.13,0.14,0.63,0.8,0.73,0.09,0.73,0.36,0.8,0.13,0.09,0.13,0.79,0.3,0.3,0.11,0.3,0.03
8.737000000000002,2.31,115.06000000000004,-2.0100000000000002,-59.44000000000003,28.400000000000034,-5.113000000000024,-6.638999999999983,35.89300000000002,-28.67000000000001,17.924000000000024,-10.796000000000003,96.422,-71.225,119.88399999999999,0.3,0.09,0.04,0.09,0.23,1.1,0.39,0.03,0.39,0.93,0.5,0.48,0.14,0.48,0.25,1.2,0.33,0.08,0.33,1.08,2.5,2.06,0.59,2.06,1.41,1.9,0.87,0.28,0.87,1.48,1.7,1.13,0.01,1.13,1.27,1.0,0.97,0.01,0.97,0.19,0.7,0.14,0.13,0.14,0.63,0.8,0.73,0.09,0.73,0.36,0.8,0.13,0.09,0.13,0.79,0.3,0.3,0.11,0.3,0.03
8.787000000000003,2.3166666666666673,116.41000000000007,-2.02,-60.42333333333338,29.200000000000024,-5.797333333333365,-6.310333333333327,36.26733333333333,-29.020666666666695,18.614000000000033,-10.838999999999999,96.331,-71.10033333333332,119.73533333333333,0.3,0.09,0.04,0.09,0.23,1.1,0.39,0.03,0.39,0.93,0.5,0.48,0.14,0.48,0.25,1.2,0.33,0.08,0.33,1.08,2.5,2.06,0.59,2.06,1.41,1.9,0.87,0.28,0.87,1.48,1.7,1.13,0.01,1.13,1.27,1.0,0.97,0.01,0.97,0.19,0.7,0.14,0.13,0.14,0.63,0.8,0.73,0.09,0.73,0.36,0.8,0.13,0.09,0.13,0.79,0.3,0.3,0.11,0.3,0.03
8.837000000000003,2.3233333333333346,117.76000000000009,-2.0333333333333345,-61.40666666666674,29.333333333333382,-6.481666666666715,-6.653000000000037,35.629999999999946,-30.12700000000009,19.25533333333338,-10.636666666666626,96.45166666666668,-71.28133333333336,119.94033333333337,0.3,0.09,0.04,0.09,0.23,1.1,0.39,0.03,0.39,0.93,0.5,0.48,0.14,0.48,0.25,1.2,0.33,0.08,0.33,1.08,2.5,2.06,0.59,2.06,1.41,1.9,0.87,0.28,0.87,1.48,1.7,1.13,0.01,1.13,1.27,1.0,0.97,0.01,0.97,0.19,0.7,0.14,0.13,0.14,0.63,0.8,0.73,0.09,0.73,0.36,0.8,0.13,0.09,0.13,0.79,0.3,0.3,0.11,0.3,0.03
8.887000000000002,2.34,119.10000000000004,-2.0600000000000005,-62.400000000000034,30.10000000000003,-7.164000000000024,-7.19200000000002,34.81999999999997,-31.392000000000046,19.88600000000002,-9.948999999999973,96.66900000000001,-71.76100000000001,120.39800000000001,0.3,0.11,0.04,0.11,0.22,1.1,0.41,0.01,0.41,0.93,0.5,0.48,0.14,0.48,0.25,1.2,0.31,0.07,0.31,1.1,2.6,2.21,0.67,2.21,1.39,1.9,0.76,0.26,0.76,1.53,1.8,1.18,0.04,1.18,1.3,1.1,1.02,0.07,1.02,0.22,0.6,0.16,0.16,0.16,0.59,0.8,0.75,0.11,0.75,0.38,0.8,0.12,0.11,0.12,0.81,0.3,0.3,0.11,0.3,0.03
8.937000000000003,2.346666666666668,120.45000000000009,-2.076666666666668,-63.383333333333404,30.466666666666644,-7.7106666666666905,-7.743666666666706,33.972666666666605,-32.66200000000009,20.385333333333357,-9.188999999999947,96.84733333333334,-72.17800000000001,120.78700000000002,0.3,0.11,0.04,0.11,0.22,1.1,0.41,0.01,0.41,0.93,0.5,0.48,0.14,0.48,0.25,1.2,0.31,0.07,0.31,1.1,2.6,2.21,0.67,2.21,1.39,1.9,0.76,0.26,0.76,1.53,1.8,1.18,0.04,1.18,1.3,1.1,1.02,0.07,1.02,0.22,0.6,0.16,0.16,0.16,0.59,0.8,0.75,0.11,0.75,0.38,0.8,0.12,0.11,0.12,0.81,0.3,0.3,0.11,0.3,0.03
8.987000000000002,2.35,121.7866666666667,-2.083333333333334,-64.38000000000004,28.599999999999945,-7.55166666666665,-8.237000000000009,32.927666666666624,-33.809000000000026,20.266333333333325,-8.397999999999968,96.82833333333335,-72.146,120.75533333333334,0.3,0.11,0.04,0.11,0.22,1.1,0.41,0.01,0.41,0.93,0.5,0.48,0.14,0.48,0.25,1.2,0.31,0.07,0.31,1.1,2.6,2.21,0.67,2.21,1.39,1.9,0.76,0.26,0.76,1.53,1.8,1.18,0.04,1.18,1.3,1.1,1.02,0.07,1.02,0.22,0.6,0.16,0.16,0.16,0.59,0.8,0.75,0.11,0.75,0.38,0.8,0.12,0.11,0.12,0.81,0.3,0.3,0.11,0.3,0.03
9.037000000000003,2.36,123.13000000000004,-2.1000000000000005,-65.38000000000004,27.299999999999983,-6.989999999999971,-8.420999999999996,31.74899999999996,-34.28999999999998,20.071000000000005,-7.461999999999981,96.975,-72.23,120.925,0.3,0.11,0.04,0.11,0.22,1.1,0.41,0.01,0.41,0.93,0.5,0.48,0.14,0.48,0.25,1.2,0.31,0.07,0.31,1.1,2.6,2.21,0.67,2.21,1.39,1.9,0.76,0.26,0.76,1.53,1.8,1.18,0.04,1.18,1.3,1.1,1.02,0.07,1.02,0.22,0.6,0.16,0.16,0.16,0.59,0.8,0.75,0.11,0.75,0.38,0.8,0.12,0.11,0.12,0.81,0.3,0.3,0.11,0.3,0.03
9.087000000000003,2.366666666666668,124.46333333333344,-2.116666666666668,-66.38000000000007,27.0,-6.156666666666607,-8.224999999999978,30.79666666666661,-33.98533333333334,20.21733333333335,-7.004333333333308,97.05266666666667,-72.277,121.01433333333334,0.3,0.11,0.04,0.11,0.22,1.1,0.41,0.01,0.41,0.93,0.5,0.48,0.14,0.48,0.25,1.2,0.31,0.07,0.31,1.1,2.6,2.21,0.67,2.21,1.39,1.9,0.76,0.26,0.76,1.53,1.8,1.18,0.04,1.18,1.3,1.1,1.02,0.07,1.02,0.22,0.6,0.16,0.16,0.16,0.59,0.8,0.75,0.11,0.75,0.38,0.8,0.12,0.11,0.12,0.81,0.3,0.3,0.11,0.3,0.03
9.137000000000002,2.3736666666666677,125.8333333333334,-2.14,-67.39000000000004,27.273333333333348,-5.242899999999955,-7.563433333333288,30.477500000000006,-34.58336666666666,20.565900000000013,-6.935400000000006,97.1141,-72.22753333333334,121.0346,0.3,0.12,0.04,0.12,0.21,1.1,0.43,0.02,0.43,0.91,0.7,0.49,0.3,0.49,0.43,1.2,0.28,0.06,0.28,1.12,2.5,2.04,0.49,2.04,1.32,1.9,0.8,0.25,0.8,1.53,1.8,1.2,0.02,1.2,1.28,1.1,1.03,0.13,1.03,0.27,0.6,0.15,0.17,0.15,0.57,0.9,0.77,0.13,0.77,0.39,0.8,0.13,0.08,0.13,0.79,0.3,0.3,0.11,0.3,0.03
9.187000000000003,2.4,127.17666666666675,-2.1506666666666687,-68.38000000000007,27.523333333333404,-4.269399999999941,-6.511266666666604,30.73060000000002,-34.250366666666686,20.89843333333335,-7.109000000000027,97.03143333333333,-72.50013333333331,121.13223333333332,0.3,0.12,0.04,0.12,0.21,1.1,0.43,0.02,0.43,0.91,0.7,0.49,0.3,0.49,0.43,1.2,0.28,0.06,0.28,1.12,2.5,2.04,0.49,2.04,1.32,1.9,0.8,0.25,0.8,1.53,1.8,1.2,0.02,1.2,1.28,1.1,1.03,0.13,1.03,0.27,0.6,0.15,0.17,0.15,0.57,0.9,0.77,0.13,0.77,0.39,0.8,0.13,0.08,0.13,0.79,0.3,0.3,0.11,0.3,0.03
9.237000000000004,2.4070000000000014,128.5100000000001,-2.1770000000000014,-69.38000000000007,28.620000000000072,-3.437799999999956,-5.513799999999933,30.912899999999997,-34.56590000000002,21.159900000000015,-7.562500000000032,96.987,-72.17229999999998,120.90129999999999,0.3,0.12,0.04,0.12,0.21,1.1,0.43,0.02,0.43,0.91,0.7,0.49,0.3,0.49,0.43,1.2,0.28,0.06,0.28,1.12,2.5,2.04,0.49,2.04,1.32,1.9,0.8,0.25,0.8,1.53,1.8,1.2,0.02,1.2,1.28,1.1,1.03,0.13,1.03,0.27,0.6,0.15,0.17,0.15,0.57,0.9,0.77,0.13,0.77,0.39,0.8,0.13,0.08,0.13,0.79,0.3,0.3,0.11,0.3,0.03
9.287000000000003,2.4136666666666677,129.84333333333342,-2.1873333333333354,-70.39000000000006,29.173333333333353,-3.3970666666666722,-4.7749333333333,30.30903333333329,-34.740799999999986,21.094966666666657,-8.012400000000023,96.85096666666666,-72.41046666666668,120.9383,0.3,0.12,0.04,0.12,0.21,1.1,0.43,0.02,0.43,0.91,0.7,0.49,0.3,0.49,0.43,1.2,0.28,0.06,0.28,1.12,2.5,2.04,0.49,2.04,1.32,1.9,0.8,0.25,0.8,1.53,1.8,1.2,0.02,1.2,1.28,1.1,1.03,0.13,1.03,0.27,0.6,0.15,0.17,0.15,0.57,0.9,0.77,0.13,0.77,0.39,0.8,0.13,0.08,0.13,0.79,0.3,0.3,0.11,0.3,0.03
9.337000000000003,2.4306666666666676,131.2033333333334,-2.2106666666666674,-71.41000000000005,29.51333333333335,-3.4864666666666713,-4.319600000000003,29.561799999999966,-34.26446666666661,20.97426666666666,-8.351600000000012,96.6676,-72.49686666666668,120.8502,0.3,0.12,0.04,0.12,0.21,1.1,0.43,0.02,0.43,0.91,0.7,0.49,0.3,0.49,0.43,1.2,0.28,0.06,0.28,1.12,2.5,2.04,0.49,2.04,1.32,1.9,0.8,0.25,0.8,1.53,1.8,1.2,0.02,1.2,1.28,1.1,1.03,0.13,1.03,0.27,0.6,0.15,0.17,0.15,0.57,0.9,0.77,0.13,0.77,0.39,0.8,0.13,0.08,0.13,0.79,0.3,0.3,0.11,0.3,0.03
9.387000000000002,2.4473333333333342,132.53666666666672,-2.2346666666666684,-72.41000000000004,29.77333333333334,-3.5731333333333377,-4.404400000000005,28.83106666666663,-33.11153333333327,20.85593333333333,-8.601200000000011,96.42439999999999,-72.61793333333334,120.7324,0.3,0.13466666666666832,0.047333333333334164,0.13466666666666832,0.1879999999999975,1.1,0.40799999999999753,0.04200000000000249,0.40799999999999753,0.9026666666666658,0.7,0.5120000000000025,0.3220000000000025,0.5120000000000025,0.43,1.2,0.2433333333333292,0.06733333333333416,0.2433333333333292,1.1273333333333342,2.5733333333333417,2.1426666666666785,0.5413333333333392,2.1426666666666785,1.2906666666666633,1.7533333333333168,0.8,0.33800000000000996,0.8,1.4199999999999875,1.7266666666666584,1.1853333333333316,0.02,1.1853333333333316,1.2653333333333316,1.1733333333333416,1.0666666666666709,0.19600000000000745,1.0666666666666709,0.3066666666666708,0.6,0.14266666666666586,0.14799999999999752,0.14266666666666586,0.5846666666666683,0.9,0.77,0.10799999999999751,0.77,0.3679999999999975,0.8,0.13,0.05799999999999751,0.13,0.7753333333333317,0.3,0.3,0.10266666666666584,0.3,0.06666666666667082
9.437000000000003,2.464000000000001,133.87600000000006,-2.2640000000000007,-73.41000000000005,29.94000000000001,-3.6608000000000045,-4.574000000000008,28.097399999999965,-31.791399999999935,20.737599999999993,-8.77800000000001,96.4394,-72.4642,120.652,0.3,0.14,0.05,0.14,0.18,1.1,0.4,0.05,0.4,0.9,0.7,0.52,0.33,0.52,0.43,1.2,0.23,0.07,0.23,1.13,2.6,2.18,0.56,2.18,1.28,1.7,0.8,0.37,0.8,1.38,1.7,1.18,0.02,1.18,1.26,1.2,1.08,0.22,1.08,0.32,0.6,0.14,0.14,0.14,0.59,0.9,0.77,0.1,0.77,0.36,0.8,0.13,0.05,0.13,0.77,0.3,0.3,0.1,0.3,0.08
9.487000000000004,2.470666666666668,135.20333333333346,-2.281333333333336,-74.41000000000008,30.120000000000044,-3.748466666666674,-4.723466666666682,27.366733333333272,-30.626999999999953,20.619266666666658,-9.013000000000034,96.5626,-72.36319999999998,120.68513333333333,0.3,0.14,0.05,0.14,0.18,1.1,0.4,0.05,0.4,0.9,0.7,0.52,0.33,0.52,0.43,1.2,0.23,0.07,0.23,1.13,2.6,2.18,0.56,2.18,1.28,1.7,0.8,0.37,0.8,1.38,1.7,1.18,0.02,1.18,1.26,1.2,1.08,0.22,1.08,0.32,0.6,0.14,0.14,0.14,0.59,0.9,0.77,0.1,0.77,0.36,0.8,0.13,0.05,0.13,0.77,0.3,0.3,0.1,0.3,0.08
9.537000000000003,2.4875862068965526,136.55689655172418,-2.3075862068965525,-75.42517241379313,30.55172413793105,-3.836448275862073,-4.831034482758621,26.62396551724135,-30.149482758620675,20.49913793103448,-9.397827586206912,96.58955172413792,-72.11599999999999,120.55403448275862,0.3,0.14,0.05,0.14,0.18,1.1,0.4,0.05,0.4,0.9,0.7,0.52,0.33,0.52,0.43,1.2,0.23,0.07,0.23,1.13,2.6,2.18,0.56,2.18,1.28,1.7,0.8,0.37,0.8,1.38,1.7,1.18,0.02,1.18,1.26,1.2,1.08,0.22,1.08,0.32,0.6,0.14,0.14,0.14,0.59,0.9,0.77,0.1,0.77,0.36,0.8,0.13,0.05,0.13,0.77,0.3,0.3,0.1,0.3,0.08
9.587000000000003,2.5043333333333346,137.89666666666676,-2.328666666666669,-76.42000000000007,30.78666666666669,-3.9249666666666734,-4.433099999999966,25.88633333333328,-30.26053333333335,20.380233333333326,-9.632466666666682,96.54899999999999,-71.90326666666665,120.39396666666666,0.3,0.14,0.05,0.14,0.18,1.1,0.4,0.05,0.4,0.9,0.7,0.52,0.33,0.52,0.43,1.2,0.23,0.07,0.23,1.13,2.6,2.18,0.56,2.18,1.28,1.7,0.8,0.37,0.8,1.38,1.7,1.18,0.02,1.18,1.26,1.2,1.08,0.22,1.08,0.32,0.6,0.14,0.14,0.14,0.59,0.9,0.77,0.1,0.77,0.36,0.8,0.13,0.05,0.13,0.77,0.3,0.3,0.1,0.3,0.08
9.637000000000002,2.52,139.23000000000005,-2.351000000000001,-77.41900000000004,31.010000000000005,-4.012300000000003,-3.9681999999999817,25.15289999999997,-30.447200000000006,20.261799999999994,-9.844800000000008,96.5,-71.69559999999998,120.23129999999999,0.3,0.14,0.05,0.14,0.18,1.0,0.36,0.05,0.36,0.92,0.8,0.54,0.38,0.54,0.47,1.2,0.23,0.07,0.23,1.13,2.7,2.14,0.57,2.14,1.3,1.5,0.68,0.53,0.68,1.26,1.8,1.21,0.0,1.21,1.25,1.3,1.16,0.29,1.16,0.31,0.6,0.13,0.11,0.13,0.61,0.9,0.77,0.1,0.77,0.36,0.8,0.12,0.04,0.12,0.76,0.3,0.3,0.1,0.3,0.08
9.687000000000003,2.52,140.5633333333334,-2.3676666666666675,-78.41000000000004,31.25333333333335,-4.099866666666671,-3.46116666666664,24.41866666666663,-30.44679999999999,20.14256666666666,-10.084200000000013,96.42546666666667,-71.51883333333332,120.06733333333332,0.3,0.14,0.05,0.14,0.18,1.0,0.36,0.05,0.36,0.92,0.8,0.54,0.38,0.54,0.47,1.2,0.23,0.07,0.23,1.13,2.7,2.14,0.57,2.14,1.3,1.5,0.68,0.53,0.68,1.26,1.8,1.21,0.0,1.21,1.25,1.3,1.16,0.29,1.16,0.31,0.6,0.13,0.11,0.13,0.61,0.9,0.77,0.1,0.77,0.36,0.8,0.12,0.04,0.12,0.76,0.3,0.3,0.1,0.3,0.08
9.737000000000004,2.52,141.89666666666676,-2.3943333333333348,-79.40000000000008,31.71666666666673,-4.18753333333334,-2.7100999999999464,23.686333333333277,-29.613999999999997,20.024233333333324,-10.558566666666719,96.19413333333333,-71.48203333333332,119.85946666666665,0.3,0.14,0.05,0.14,0.18,1.0,0.36,0.05,0.36,0.92,0.8,0.54,0.38,0.54,0.47,1.2,0.23,0.07,0.23,1.13,2.7,2.14,0.57,2.14,1.3,1.5,0.68,0.53,0.68,1.26,1.8,1.21,0.0,1.21,1.25,1.3,1.16,0.29,1.16,0.31,0.6,0.13,0.11,0.13,0.61,0.9,0.77,0.1,0.77,0.36,0.8,0.12,0.04,0.12,0.76,0.3,0.3,0.1,0.3,0.08
9.787000000000003,2.53,143.24000000000004,-2.411000000000001,-80.39000000000004,32.56000000000004,-4.275200000000003,-2.0674999999999946,22.95279999999997,-30.077299999999997,19.905899999999995,-11.38950000000004,95.9508,-71.2907,119.549,0.3,0.14,0.05,0.14,0.18,1.0,0.36,0.05,0.36,0.92,0.8,0.54,0.38,0.54,0.47,1.2,0.23,0.07,0.23,1.13,2.7,2.14,0.57,2.14,1.3,1.5,0.68,0.53,0.68,1.26,1.8,1.21,0.0,1.21,1.25,1.3,1.16,0.29,1.16,0.31,0.6,0.13,0.11,0.13,0.61,0.9,0.77,0.1,0.77,0.36,0.8,0.12,0.04,0.12,0.76,0.3,0.3,0.1,0.3,0.08
9.837000000000003,2.522333333333332,144.57333333333344,-2.4353333333333356,-81.3823333333334,33.56000000000008,-4.36263333333334,-2.001733333333335,22.21613333333328,-30.016399999999994,19.78679999999999,-12.413533333333408,95.85339999999998,-71.43263333333334,119.5557,0.3,0.14,0.05,0.14,0.18,1.0,0.36,0.05,0.36,0.92,0.8,0.54,0.38,0.54,0.47,1.2,0.23,0.07,0.23,1.13,2.7,2.14,0.57,2.14,1.3,1.5,0.68,0.53,0.68,1.26,1.8,1.21,0.0,1.21,1.25,1.3,1.16,0.29,1.16,0.31,0.6,0.13,0.11,0.13,0.61,0.9,0.77,0.1,0.77,0.36,0.8,0.12,0.04,0.12,0.76,0.3,0.3,0.1,0.3,0.08
9.887000000000002,2.505666666666666,145.89666666666673,-2.454333333333334,-82.38000000000004,34.37333333333336,-4.45096666666667,-2.38156666666669,21.477033333333303,-29.944133333333312,19.667799999999996,-13.239133333333358,95.68403333333332,-71.44643333333333,119.43149999999999,0.3,0.14,0.05,0.14,0.17566666666666603,1.0433333333333399,0.35133333333333205,0.03699999999999805,0.35133333333333205,0.9330000000000019,0.8,0.544333333333334,0.38,0.544333333333334,0.48300000000000193,1.2,0.22566666666666602,0.07866666666666797,0.22566666666666602,1.112666666666664,2.65666666666666,2.0749999999999904,0.5006666666666562,2.0749999999999904,1.3,1.4566666666666601,0.6583333333333301,0.5560000000000039,0.6583333333333301,1.233999999999996,1.7566666666666602,1.192666666666664,0.021666666666669925,1.192666666666664,1.2326666666666641,1.3,1.186000000000004,0.3116666666666699,1.186000000000004,0.29699999999999804,0.6,0.12133333333333203,0.11866666666666797,0.12133333333333203,0.596999999999998,0.8566666666666601,0.7353333333333281,0.056666666666660155,0.7353333333333281,0.33833333333333004,0.8,0.11133333333333204,0.04,0.11133333333333204,0.764333333333334,0.3,0.29133333333333206,0.11300000000000196,0.29133333333333206,0.049666666666662106
9.937000000000003,2.488999999999999,147.2300000000001,-2.4720000000000026,-83.37000000000008,34.91000000000001,-4.539300000000006,-3.0688000000000413,20.738699999999948,-29.126599999999968,19.54789999999999,-13.767200000000006,95.6489,-71.2971,119.31869999999999,0.3,0.14,0.05,0.14,0.17,1.1,0.34,0.02,0.34,0.95,0.8,0.55,0.38,0.55,0.5,1.2,0.22,0.09,0.22,1.09,2.6,1.99,0.41,1.99,1.3,1.4,0.63,0.59,0.63,1.2,1.7,1.17,0.05,1.17,1.21,1.3,1.22,0.34,1.22,0.28,0.6,0.11,0.13,0.11,0.58,0.8,0.69,0.0,0.69,0.31,0.8,0.1,0.04,0.1,0.77,0.3,0.28,0.13,0.28,0.01
9.987000000000004,2.472580645161289,148.54354838709688,-2.497419354838711,-84.34774193548395,35.0,-4.626322580645168,-3.6357419354839164,20.01058064516123,-28.70796774193545,19.43058064516128,-13.842193548387103,95.57861290322579,-71.2196129032258,119.216,0.3,0.14,0.05,0.14,0.17,1.1,0.34,0.02,0.34,0.95,0.8,0.55,0.38,0.55,0.5,1.2,0.22,0.09,0.22,1.09,2.6,1.99,0.41,1.99,1.3,1.4,0.63,0.59,0.63,1.2,1.7,1.17,0.05,1.17,1.21,1.3,1.22,0.34,1.22,0.28,0.6,0.11,0.13,0.11,0.58,0.8,0.69,0.0,0.69,0.31,0.8,0.1,0.04,0.1,0.77,0.3,0.28,0.13,0.28,0.01
10.037000000000003,2.451999999999998,149.87000000000006,-2.528000000000002,-85.33600000000004,35.0,-4.714200000000004,-4.158000000000019,19.275799999999965,-28.171399999999952,19.312199999999994,-13.880999999999998,95.5218,-71.16040000000001,119.1346,0.3,0.14,0.05,0.14,0.17,1.1,0.34,0.02,0.34,0.95,0.8,0.55,0.38,0.55,0.5,1.2,0.22,0.09,0.22,1.09,2.6,1.99,0.41,1.99,1.3,1.4,0.63,0.59,0.63,1.2,1.7,1.17,0.05,1.17,1.21,1.3,1.22,0.34,1.22,0.28,0.6,0.11,0.13,0.11,0.58,0.8,0.69,0.0,0.69,0.31,0.8,0.1,0.04,0.1,0.77,0.3,0.28,0.13,0.28,0.01
10.087000000000003,2.408666666666665,151.2033333333334,-2.551333333333335,-86.33000000000006,35.0,-4.802533333333338,-4.453666666666658,18.536266666666627,-27.045199999999987,19.192199999999993,-13.820600000000006,95.53499999999998,-71.17393333333334,119.15246666666667,0.3,0.14,0.05,0.14,0.17,1.1,0.34,0.02,0.34,0.95,0.8,0.55,0.38,0.55,0.5,1.2,0.22,0.09,0.22,1.09,2.6,1.99,0.41,1.99,1.3,1.4,0.63,0.59,0.63,1.2,1.7,1.17,0.05,1.17,1.21,1.3,1.22,0.34,1.22,0.28,0.6,0.11,0.13,0.11,0.58,0.8,0.69,0.0,0.69,0.31,0.8,0.1,0.04,0.1,0.77,0.3,0.28,0.13,0.28,0.01
10.137000000000002,2.3758064516129025,152.5177419354839,-2.577096774193549,-87.30870967741939,35.07096774193549,-4.889612903225809,-4.266548387096768,17.802774193548363,-26.817161290322574,19.073903225806447,-13.962161290322584,95.38499999999999,-71.09693548387096,118.9886129032258,0.3,0.14,0.05,0.14,0.17,1.1,0.34,0.02,0.34,0.95,0.8,0.55,0.38,0.55,0.5,1.2,0.22,0.09,0.22,1.09,2.6,1.99,0.41,1.99,1.3,1.4,0.49516129032257084,0.582903225806451,0.49516129032257084,1.2,1.7,1.17,0.05,1.17,1.21,1.370967741935489,1.2767741935483912,0.3612903225806467,1.2767741935483912,0.2445161290322555,0.6,0.11,0.13,0.11,0.58,0.8,0.69,0.0,0.69,0.31,0.8,0.07161290322580438,0.04,0.07161290322580438,0.777096774193549,0.3,0.28,0.13,0.28,0.01
10.187000000000003,2.338999999999997,153.84333333333342,-2.6036666666666677,-88.2963333333334,35.23666666666668,-4.9778000000000056,-4.069366666666655,17.06346666666662,-26.60643333333332,18.954599999999992,-14.109633333333342,95.23089999999999,-71.01703333333333,118.81859999999999,0.3,0.14,0.05,0.14,0.17,1.1,0.34,0.02,0.34,0.95,0.8,0.55,0.38,0.55,0.5,1.2,0.22,0.09,0.22,1.09,2.6,1.99,0.41,1.99,1.3,1.4,0.44,0.58,0.44,1.2,1.7,1.17,0.05,1.17,1.21,1.4,1.3,0.37,1.3,0.23,0.6,0.11,0.13,0.11,0.58,0.8,0.69,0.0,0.69,0.31,0.8,0.06,0.04,0.06,0.78,0.3,0.28,0.13,0.28,0.01
10.237000000000004,2.2899999999999965,155.1500000000001,-2.6300000000000012,-89.27000000000007,35.40000000000001,-5.065000000000007,-3.8759999999999857,16.334999999999948,-26.398999999999987,18.836999999999993,-14.255000000000011,95.07899999999998,-70.938,118.65199999999999,0.3,0.14,0.05,0.14,0.17,1.1,0.34,0.02,0.34,0.95,0.8,0.55,0.38,0.55,0.5,1.2,0.22,0.09,0.22,1.09,2.6,1.99,0.41,1.99,1.3,1.4,0.44,0.58,0.44,1.2,1.7,1.17,0.05,1.17,1.21,1.4,1.3,0.37,1.3,0.23,0.6,0.11,0.13,0.11,0.58,0.8,0.69,0.0,0.69,0.31,0.8,0.06,0.04,0.06,0.78,0.3,0.28,0.13,0.28,0.01
10.287000000000003,2.2399999999999975,156.4833333333334,-2.6466666666666674,-90.26000000000005,35.56666666666668,-5.154000000000004,-3.6776666666666573,15.590666666666632,-26.186666666666653,18.716333333333328,-14.40333333333334,94.92399999999999,-70.85799999999999,118.48199999999999,0.3,0.14,0.05,0.14,0.17,1.1,0.34,0.02,0.34,0.95,0.8,0.55,0.38,0.55,0.5,1.2,0.22,0.09,0.22,1.09,2.6,1.99,0.41,1.99,1.3,1.4,0.44,0.58,0.44,1.2,1.7,1.17,0.05,1.17,1.21,1.4,1.3,0.37,1.3,0.23,0.6,0.11,0.13,0.11,0.58,0.8,0.69,0.0,0.69,0.31,0.8,0.06,0.04,0.06,0.78,0.3,0.28,0.13,0.28,0.01
10.337000000000003,2.177999999999995,157.7900000000001,-2.6730000000000014,-91.22700000000007,35.73000000000001,-5.240900000000006,-3.4835999999999863,14.861899999999947,-25.978899999999985,18.59839999999999,-14.54870000000001,94.77209999999998,-70.7786,118.31439999999999,0.3,0.14,0.05,0.14,0.17,1.1,0.34,0.02,0.34,0.95,0.8,0.55,0.38,0.55,0.5,1.2,0.22,0.09,0.22,1.09,2.6,1.99,0.41,1.99,1.3,1.4,0.44,0.58,0.44,1.2,1.7,1.17,0.05,1.17,1.21,1.4,1.3,0.37,1.3,0.23,0.6,0.11,0.13,0.11,0.58,0.8,0.69,0.0,0.69,0.31,0.8,0.06,0.04,0.06,0.78,0.3,0.28,0.13,0.28,0.01
10.387000000000004,2.1113333333333277,159.12333333333345,-2.6993333333333362,-92.22000000000007,35.896666666666675,-5.329233333333341,-3.2859666666666505,14.117866666666606,-25.76723333333332,18.47839999999999,-14.697033333333344,94.6171,-70.6986,118.14439999999999,0.3,0.14966666666666803,0.06933333333333606,0.14966666666666803,0.16033333333333197,1.1,0.3109999999999959,0.0006666666666639461,0.3109999999999959,0.969333333333336,0.8,0.55,0.38966666666666805,0.55,0.5386666666666722,1.2,0.24900000000000408,0.08033333333333198,0.24900000000000408,1.080333333333332,2.213333333333279,1.8643333333333159,0.02333333333327886,1.8643333333333159,1.0099999999999592,1.4,0.24666666666663942,0.5316666666666598,0.24666666666663942,1.2676666666666763,1.6033333333333197,1.1409999999999958,0.10800000000000817,1.1409999999999958,1.1423333333333237,1.4,1.3386666666666722,0.37,1.3386666666666722,0.22033333333333197,0.6,0.11,0.13,0.11,0.5703333333333319,0.8,0.69,0.0,0.69,0.31966666666666804,0.8,0.050333333333331974,0.03033333333333197,0.050333333333331974,0.78,0.3,0.3090000000000041,0.10099999999999593,0.3090000000000041,0.019666666666668026
10.437000000000003,2.045999999999996,160.43000000000006,-2.716000000000001,-93.19000000000005,35.96000000000001,-5.416800000000005,-3.0915999999999886,13.388799999999959,-25.558799999999987,18.360799999999994,-14.842400000000008,94.4652,-70.61959999999999,117.97779999999999,0.3,0.15,0.07,0.15,0.16,1.1,0.31,0.0,0.31,0.97,0.8,0.55,0.39,0.55,0.54,1.2,0.25,0.08,0.25,1.08,2.2,1.86,0.01,1.86,1.0,1.4,0.24,0.53,0.24,1.27,1.6,1.14,0.11,1.14,1.14,1.4,1.34,0.37,1.34,0.22,0.6,0.11,0.13,0.11,0.57,0.8,0.69,0.0,0.69,0.32,0.8,0.05,0.03,0.05,0.78,0.3,0.31,0.1,0.31,0.02
10.487000000000004,1.9683333333333277,161.73666666666676,-2.7423333333333346,-94.16000000000007,36.12333333333335,-5.503600000000006,-2.89823333333332,12.65969999999995,-25.351366666666653,18.243199999999995,-14.987766666666676,94.31329999999998,-70.5408,117.81119999999999,0.3,0.15,0.07,0.15,0.16,1.1,0.31,0.0,0.31,0.97,0.8,0.55,0.39,0.55,0.54,1.2,0.25,0.08,0.25,1.08,2.2,1.86,0.01,1.86,1.0,1.4,0.24,0.53,0.24,1.27,1.6,1.14,0.11,1.14,1.14,1.4,1.34,0.37,1.34,0.22,0.6,0.11,0.13,0.11,0.57,0.8,0.69,0.0,0.69,0.32,0.8,0.05,0.03,0.05,0.78,0.3,0.31,0.1,0.31,0.02
10.537000000000003,1.8849999999999942,163.0700000000001,-2.7680000000000025,-95.16000000000007,36.290000000000006,-5.592700000000006,-2.758399999999994,11.914699999999948,-25.163099999999986,18.12229999999999,-15.092900000000004,94.14479999999999,-70.4914,117.64839999999998,0.3,0.15,0.07,0.15,0.16,1.1,0.31,0.0,0.31,0.97,0.8,0.55,0.39,0.55,0.54,1.2,0.25,0.08,0.25,1.08,2.2,1.86,0.01,1.86,1.0,1.4,0.24,0.53,0.24,1.27,1.6,1.14,0.11,1.14,1.14,1.4,1.34,0.37,1.34,0.22,0.6,0.11,0.13,0.11,0.57,0.8,0.69,0.0,0.69,0.32,0.8,0.05,0.03,0.05,0.78,0.3,0.31,0.1,0.31,0.02
10.587000000000003,1.7826666666666597,164.3713333333334,-2.796000000000003,-96.14000000000006,35.94666666666666,-5.680266666666672,-3.403066666666723,11.180533333333289,-24.79039999999992,18.00406666666666,-14.769733333333319,93.88806666666666,-70.81026666666669,117.63186666666667,0.3,0.15,0.07,0.15,0.16,1.1,0.31,0.0,0.31,0.97,0.8,0.55,0.39,0.55,0.54,1.2,0.25,0.08,0.25,1.08,2.2,1.86,0.01,1.86,1.0,1.4,0.24,0.53,0.24,1.27,1.6,1.14,0.11,1.14,1.14,1.4,1.34,0.37,1.34,0.22,0.6,0.11,0.13,0.11,0.57,0.8,0.69,0.0,0.69,0.32,0.8,0.05,0.03,0.05,0.78,0.3,0.31,0.1,0.31,0.02
10.637000000000004,1.6583333333333237,165.67166666666677,-2.8350000000000044,-97.12166666666674,35.78333333333332,-5.767833333333341,-4.59500000000011,10.44733333333327,-22.51166666666644,17.885833333333323,-14.659833333333328,93.87166666666667,-71.2326666666667,117.88100000000001,0.3,0.15,0.07,0.15,0.16,1.1,0.31,0.04,0.31,1.01,0.9,0.6,0.43,0.6,0.65,1.2,0.35,0.04,0.35,1.06,2.0,1.79,0.21,1.79,0.83,1.5,0.05,0.38,0.05,1.38,1.3,0.98,0.34,0.98,0.91,1.4,1.35,0.34,1.35,0.2,0.5,0.07,0.17,0.07,0.49,0.9,0.77,0.1,0.77,0.42,0.8,0.05,0.01,0.05,0.75,0.4,0.41,0.01,0.41,0.01
10.687000000000003,1.535483870967734,166.97516129032266,-2.8841935483871,-98.12193548387103,35.7,-5.855548387096779,-5.894516129032337,9.711903225806406,-19.832258064515965,17.76693548387096,-14.599161290322577,93.90693548387097,-71.67293548387099,118.186,0.3,0.15,0.07,0.15,0.16,1.1,0.31,0.04,0.31,1.01,0.9,0.6,0.43,0.6,0.65,1.2,0.35,0.04,0.35,1.06,2.0,1.79,0.21,1.79,0.83,1.5,0.05,0.38,0.05,1.38,1.3,0.98,0.34,0.98,0.91,1.4,1.35,0.34,1.35,0.2,0.5,0.07,0.17,0.07,0.49,0.9,0.77,0.1,0.77,0.42,0.8,0.05,0.01,0.05,0.75,0.4,0.41,0.01,0.41,0.01
10.737000000000004,1.3993548387096675,168.27677419354848,-2.9290322580645185,-99.11548387096781,35.509677419354816,-5.943935483870973,-7.207612903225897,8.974580645161241,-17.01480645161269,17.647483870967733,-14.469645161290302,93.97625806451614,-72.13580645161294,118.53319354838713,0.3,0.15,0.07,0.15,0.16,1.1,0.31,0.04,0.31,1.01,0.9,0.6,0.43,0.6,0.65,1.2,0.35,0.04,0.35,1.06,2.0,1.79,0.21,1.79,0.83,1.5,0.05,0.38,0.05,1.38,1.3,0.98,0.34,0.98,0.91,1.4,1.35,0.34,1.35,0.2,0.5,0.07,0.17,0.07,0.49,0.9,0.77,0.1,0.77,0.42,0.8,0.05,0.01,0.05,0.75,0.4,0.41,0.01,0.41,0.01
10.787000000000003,1.2509999999999941,169.58900000000006,-2.974000000000003,-100.12100000000004,35.02999999999996,-6.031300000000003,-8.538900000000037,8.24039999999997,-13.550199999999807,17.528799999999997,-13.999099999999952,94.20530000000002,-72.6611,119.04200000000002,0.3,0.15,0.07,0.15,0.16,1.1,0.31,0.04,0.31,1.01,0.9,0.6,0.43,0.6,0.65,1.2,0.35,0.04,0.35,1.06,2.0,1.79,0.21,1.79,0.83,1.5,0.05,0.38,0.05,1.38,1.3,0.98,0.34,0.98,0.91,1.4,1.35,0.34,1.35,0.2,0.5,0.07,0.17,0.07,0.49,0.9,0.77,0.1,0.77,0.42,0.8,0.05,0.01,0.05,0.75,0.4,0.41,0.01,0.41,0.01
10.837000000000003,1.1086666666666567,170.91333333333344,-3.002333333333332,-101.13000000000007,33.249999999999815,-6.118866666666674,-9.410766666666726,7.506266666666613,-8.837933333333002,17.410333333333323,-12.736366666666566,94.57140000000003,-72.69913333333334,119.35326666666668,0.3,0.15,0.07,0.15,0.16,1.1,0.31,0.04,0.31,1.01,0.9,0.6,0.43,0.6,0.65,1.2,0.35,0.04,0.35,1.06,2.0,1.79,0.21,1.79,0.83,1.5,0.05,0.38,0.05,1.38,1.3,0.98,0.34,0.98,0.91,1.4,1.35,0.34,1.35,0.2,0.5,0.07,0.17,0.07,0.49,0.9,0.77,0.1,0.77,0.42,0.8,0.05,0.01,0.05,0.75,0.4,0.41,0.01,0.41,0.01
10.887000000000004,0.9958620689655072,172.36689655172424,-2.851379310344819,-102.16551724137939,28.641379310344565,-6.4162413793103985,-9.762310344827565,6.685758620689583,-5.603241379310167,17.0829310344827,-11.141931034482653,94.8084827586207,-72.40675862068963,119.30910344827586,0.3,0.15551724137931158,0.07,0.15551724137931158,0.16,1.1,0.32655172413793476,0.04,0.32655172413793476,1.0044827586206884,0.9551724137931159,0.6551724137931159,0.45206896551724635,0.6551724137931159,0.65,1.2,0.3720689655172464,0.028965517241376817,0.3720689655172464,1.06,2.055172413793116,1.8506896551724275,0.1493103448275725,1.8506896551724275,0.9017241379310507,1.555172413793116,-0.027241379310362288,0.31379310344826095,-0.027241379310362288,1.4131034482758695,1.3551724137931158,1.0020689655172463,0.31241379310344203,1.0020689655172463,0.8989655172413769,1.4,1.3775862068965579,0.34,1.3775862068965579,0.1889655172413768,0.5,0.05344827586206523,0.18655172413793478,0.05344827586206523,0.46793103448275364,0.9551724137931159,0.8196551724138044,0.14413793103449274,0.8196551724138044,0.43655172413793475,0.744827586206884,0.03896551724137682,0.02103448275862318,0.03896551724137682,0.7389655172413768,0.4,0.41551724137931156,0.02103448275862318,0.41551724137931156,0.01
10.937000000000003,0.8496774193548298,173.71064516129042,-2.80548387096774,-103.16774193548393,26.5967741935483,-7.6852580645162165,-8.76129032258057,5.475548387096697,-3.788225806451517,15.788354838709589,-9.835741935483796,95.06245161290325,-72.04709677419352,119.28619354838709,0.3,0.16,0.07,0.16,0.16,1.1,0.34,0.04,0.34,1.0,1.0,0.7,0.47,0.7,0.65,1.2,0.39,0.02,0.39,1.06,2.1,1.9,0.1,1.9,0.96,1.6,-0.09,0.26,-0.09,1.44,1.4,1.02,0.29,1.02,0.89,1.4,1.4,0.34,1.4,0.18,0.5,0.04,0.2,0.04,0.45,1.0,0.86,0.18,0.86,0.45,0.7,0.03,0.03,0.03,0.73,0.4,0.42,0.03,0.42,0.01
10.987000000000004,0.6933333333333204,175.02333333333343,-2.7813333333333317,-104.16000000000007,25.119999999999884,-9.126800000000115,-7.521666666666569,4.200599999999899,-2.213866666666542,14.32306666666655,-8.598533333333235,95.32093333333336,-71.68446666666664,119.27393333333333,0.3,0.16,0.07,0.16,0.16,1.1,0.34,0.04,0.34,1.0,1.0,0.7,0.47,0.7,0.65,1.2,0.39,0.02,0.39,1.06,2.1,1.9,0.1,1.9,0.96,1.6,-0.09,0.26,-0.09,1.44,1.4,1.02,0.29,1.02,0.89,1.4,1.4,0.34,1.4,0.18,0.5,0.04,0.2,0.04,0.45,1.0,0.86,0.18,0.86,0.45,0.7,0.03,0.03,0.03,0.73,0.4,0.42,0.03,0.42,0.01
11.037000000000003,0.5249999999999919,176.33000000000007,-2.764999999999999,-105.14000000000006,23.54999999999992,-10.662000000000095,-6.287999999999933,3.2629999999999897,-0.646499999999915,12.838499999999916,-7.367499999999933,95.64800000000002,-71.443,119.38950000000003,0.3,0.16,0.07,0.16,0.16,1.1,0.34,0.04,0.34,1.0,1.0,0.7,0.47,0.7,0.65,1.2,0.39,0.02,0.39,1.06,2.1,1.9,0.1,1.9,0.96,1.6,-0.09,0.26,-0.09,1.44,1.4,1.02,0.29,1.02,0.89,1.4,1.4,0.34,1.4,0.18,0.5,0.04,0.2,0.04,0.45,1.0,0.86,0.18,0.86,0.45,0.7,0.03,0.03,0.03,0.73,0.4,0.42,0.03,0.42,0.01
11.087000000000003,0.364999999999992,177.67500000000007,-2.736666666666665,-106.13833333333339,21.98333333333327,-12.601833333333412,-5.0351666666666,3.645499999999981,0.9455000000000845,11.268666666666608,-6.116499999999934,96.29300000000003,-71.85033333333342,120.14966666666676,0.3,0.16,0.07,0.16,0.16,1.1,0.34,0.04,0.34,1.0,1.0,0.7,0.47,0.7,0.65,1.2,0.39,0.02,0.39,1.06,2.1,1.9,0.1,1.9,0.96,1.6,-0.09,0.26,-0.09,1.44,1.4,1.02,0.29,1.02,0.89,1.4,1.4,0.34,1.4,0.18,0.5,0.04,0.2,0.04,0.45,1.0,0.86,0.18,0.86,0.45,0.7,0.03,0.03,0.03,0.73,0.4,0.42,0.03,0.42,0.01
11.137000000000004,0.21499999999998667,179.02500000000012,-2.728333333333335,-107.12166666666675,20.233333333333125,-13.850166666666757,-3.7976666666665575,2.957999999999909,2.517166666666805,10.323666666666599,-4.881499999999892,97.18383333333342,-73.47283333333347,121.83216666666682,0.3,0.16,0.06166666666666518,0.16,0.16833333333333483,1.1,0.3900000000000089,0.05666666666666963,0.3900000000000089,1.0083333333333349,1.0,0.741666666666674,0.44499999999999557,0.741666666666674,0.5999999999999911,1.2,0.39,0.02,0.39,1.06,2.1,1.9,0.1,1.9,0.96,1.6833333333333482,-0.15666666666667853,0.22666666666666074,-0.15666666666667853,1.4483333333333348,1.4,1.02,0.29,1.02,0.89,1.4,1.391666666666665,0.28999999999999115,1.391666666666665,0.1633333333333304,0.5,0.04,0.2,0.04,0.45,1.0,0.86,0.18,0.86,0.45,0.7,0.02166666666666519,0.038333333333334815,0.02166666666666519,0.7216666666666651,0.4,0.42,0.02166666666666519,0.42,0.01
11.187000000000003,0.09655172413792681,180.43896551724146,-2.891034482758628,-108.1617241379311,14.575862068965243,-15.491517241379613,-4.439310344827849,0.38424137931020663,3.6730000000000214,10.178103448275833,-3.6990344827585546,97.4442758620688,-73.29648275862058,121.93320689655152,0.3,0.16,0.06,0.16,0.17,1.1,0.4,0.06,0.4,1.01,1.0,0.75,0.44,0.75,0.59,1.2,0.39,0.02,0.39,1.06,2.1,1.9,0.1,1.9,0.96,1.7,-0.17,0.22,-0.17,1.45,1.4,1.02,0.29,1.02,0.89,1.4,1.39,0.28,1.39,0.16,0.5,0.04,0.2,0.04,0.45,1.0,0.86,0.18,0.86,0.45,0.7,0.02,0.04,0.02,0.72,0.4,0.42,0.02,0.42,0.01
11.237000000000004,0.10461538461537699,181.7823076923078,-2.9230769230769247,-109.17692307692315,12.476923076923015,-24.404769230769634,-13.243923076923597,-0.5733076923075122,2.8209230769229605,9.246230769230756,-2.92100000000001,92.15415384615386,-69.86569230769223,115.64569230769226,0.3,0.16,0.06,0.16,0.17,1.1,0.4,0.06,0.4,1.01,1.0,0.75,0.44,0.75,0.59,1.2,0.39,0.02,0.39,1.06,2.1,1.9,0.1,1.9,0.96,1.7,-0.17,0.22,-0.17,1.45,1.4,1.02,0.29,1.02,0.89,1.4,1.39,0.28,1.39,0.16,0.5,0.04,0.2,0.04,0.45,1.0,0.86,0.18,0.86,0.45,0.7,0.02,0.04,0.02,0.72,0.4,0.42,0.02,0.42,0.01
