Time,Height above ground [m],X [m],Y [m],Z [m],Opening Angle [°],Stalling Angle Left [°],Stalling Angle Right [°],Roll Angle Left [°],Roll Angle Right [°],Yaw Angle Left [°],Yaw Angle Right [°],Speed hor. [km/h],Speed vert. [km/h],Speed resulting [km/h],W1_Speed,W1_Tangent,W1_Turbulence,W1_CleanTan,W1_Cross,W2_Speed,W2_Tangent,W2_Turbulence,W2_CleanTan,W2_Cross,W3_Speed,W3_Tangent,W3_Turbulence,W3_CleanTan,W3_Cross,W4_Speed,W4_Tangent,W4_Turbulence,W4_CleanTan,W4_Cross,W5_Speed,W5_Tangent,W5_Turbulence,W5_CleanTan,W5_Cross,W6_Speed,W6_Tangent,W6_Turbulence,W6_CleanTan,W6_Cross,W7_Speed,W7_Tangent,W7_Turbulence,W7_CleanTan,W7_Cross,W8_Speed,W8_Tangent,W8_Turbulence,W8_CleanTan,W8_Cross,W9_Speed,W9_Tangent,W9_Turbulence,W9_CleanTan,W9_Cross,W10_Speed,W10_Tangent,W10_Turbulence,W10_CleanTan,W10_Cross,W11_Speed,W11_Tangent,W11_Turbulence,W11_CleanTan,W11_Cross,W12_Speed,W12_Tangent,W12_Turbulence,W12_CleanTan,W12_Cross
0.054,,-81.73,0.0,43.35,,,,,,,,0.0,0.0,0.0,0.8,0.57,0.22,0.57,0.07,0.5,0.37,0.01,0.37,0.11,0.6,0.35,0.21,0.35,0.26,1.1,0.38,0.15,0.38,0.79,1.9,1.67,0.11,1.67,0.56,1.1,0.35,0.19,0.35,1.0,1.7,0.51,0.16,0.51,1.56,0.9,-0.3,0.05,-0.3,0.78,1.0,0.76,0.03,0.76,0.67,0.9,-0.28,0.23,-0.28,0.23,0.7,0.01,0.01,0.01,0.03,0.5,0.12,0.06,0.12,0.13
0.10400000000000001,,-80.7331699585467,0.0,42.821348451597174,,,,,,,,1.2205315776639847,-0.2483174835405999,1.245537673738113,0.8,0.5664642770056083,0.21731772738356497,0.5664642770056083,0.07719336747134846,0.5024384296513046,0.3697561570348695,0.01182882223847842,0.3697561570348695,0.11621799561082663,0.6036576444769568,0.35292611558156545,0.21085345037795658,0.35292611558156545,0.26134113630821754,1.103657644476957,0.375732748110217,0.1513411363082175,0.375732748110217,0.797437210436479,1.904876859302609,1.6704876859302609,0.11329188002926116,1.6704876859302609,0.5707290904657402,1.1024384296513046,0.35536454523287003,0.1887807851743477,0.35536454523287003,0.9990246281394781,1.6975615703486955,0.5052450621799561,0.15890270665691295,0.5052450621799561,1.5548792977322605,0.8939039258717386,-0.29951231406973905,0.05182882223847842,-0.29951231406973905,0.7743916118019996,0.9975615703486954,0.7580492562789564,0.031341136308217506,0.7580492562789564,0.668415020726652,0.9048768593026092,-0.28877834674469643,0.22792733479639113,-0.28877834674469643,0.23755913191904415,0.6987807851743477,0.01548646671543526,0.010975371860521825,0.01548646671543526,0.033169958546695924,0.4963423555230432,0.11756157034869544,0.06158497927334796,0.11756157034869544,0.1287807851743477
0.15400000000000003,,-79.73633991709339,0.0,42.29269690319435,,,,,,,,2.44106315532797,-0.49663496708119986,2.4910753474762264,0.8,0.5629285540112168,0.21463545476712997,0.5629285540112168,0.08438673494269691,0.5048768593026092,0.36951231406973906,0.01365764447695684,0.36951231406973906,0.12243599122165326,0.6073152889539136,0.3558522311631309,0.2117069007559132,0.3558522311631309,0.262682272616435,1.1073152889539137,0.37146549622043407,0.15268227261643502,0.37146549622043407,0.8048744208729579,1.9097537186052183,1.6709753718605218,0.11658376005852232,1.6709753718605218,0.5814581809314802,1.1048768593026093,0.36072909046574003,0.18756157034869544,0.36072909046574003,0.9980492562789564,1.6951231406973908,0.5004901243599122,0.1578054133138259,0.5004901243599122,1.549758595464521,0.8878078517434772,-0.29902462813947817,0.053657644476956846,-0.29902462813947817,0.7687832236039991,0.9951231406973908,0.7560985125579127,0.03268227261643501,0.7560985125579127,0.6668300414533042,0.9097537186052183,-0.29755669348939284,0.22585466959278225,-0.29755669348939284,0.2451182638380883,0.6975615703486954,0.020972933430870526,0.011950743721043648,0.020972933430870526,0.036339917093391856,0.4926847110460863,0.11512314069739088,0.06316995854669592,0.11512314069739088,0.12756157034869545
0.20400000000000001,,-78.7395098756401,0.0,41.76404535479151,,,,,,,,3.661594732991954,-0.7449524506217997,3.736613021214339,0.8,0.5593928310168251,0.21195318215069495,0.5593928310168251,0.09158010241404536,0.5073152889539136,0.36926847110460864,0.01548646671543526,0.36926847110460864,0.1286539868324799,0.6109729334308704,0.3587783467446964,0.21256035113386978,0.3587783467446964,0.26402340892465254,1.1109729334308707,0.36719824433065107,0.15402340892465252,0.36719824433065107,0.8123116313094367,1.9146305779078272,1.6714630577907827,0.11987564008778347,1.6714630577907827,0.5921872713972203,1.1073152889539137,0.3660936356986101,0.18634235552304315,0.3660936356986101,0.9970738844184345,1.6926847110460863,0.4957351865398683,0.15670811997073886,0.4957351865398683,1.5446378931967812,0.8817117776152158,-0.2985369422092172,0.055486466715435265,-0.2985369422092172,0.7631748354059985,0.9926847110460864,0.7541477688368691,0.034023408924652526,0.7541477688368691,0.6652450621799562,0.9146305779078274,-0.30633504023408925,0.2237820043891734,-0.30633504023408925,0.25267739575713244,0.6963423555230431,0.02645940014630578,0.012926115581565473,0.02645940014630578,0.03950987564008779,0.4890270665691295,0.11268471104608632,0.06475493782004389,0.11268471104608632,0.12634235552304315
0.25400000000000006,,-77.74267983418679,0.0,41.235393806388686,,,,,,,,4.88212631065594,-0.9932699341623997,4.982150694952453,0.8,0.5558571080224335,0.20927090953425992,0.5558571080224335,0.09877346988539383,0.5097537186052182,0.3690246281394782,0.017315288953913682,0.3690246281394782,0.13487198244330653,0.6146305779078274,0.36170446232626186,0.21341380151182637,0.36170446232626186,0.26536454523287006,1.1146305779078274,0.36293099244086807,0.15536454523287002,0.36293099244086807,0.8197488417459157,1.9195074372104364,1.6719507437210437,0.12316752011704463,1.6719507437210437,0.6029163618629603,1.1097537186052184,0.3714581809314801,0.1851231406973909,0.3714581809314801,0.9960985125579127,1.6902462813947816,0.49098024871982443,0.1556108266276518,0.49098024871982443,1.5395171909290417,0.8756157034869544,-0.29804925627895634,0.05731528895391368,-0.29804925627895634,0.757566447207998,0.9902462813947818,0.7521970251158254,0.03536454523287003,0.7521970251158254,0.6636600829066082,0.9195074372104365,-0.3151133869787857,0.2217093391855645,-0.3151133869787857,0.26023652767617655,0.6951231406973908,0.03194586686174105,0.013901487442087298,0.03194586686174105,0.04267983418678371,0.48536942209217265,0.11024628139478175,0.06633991709339186,0.11024628139478175,0.1251231406973909
0.30400000000000005,,-76.74584979273348,0.0,40.70674225798586,,,,,,,,6.102657888319924,-1.2415874177029995,6.227688368690566,0.8,0.5523213850280418,0.20658863691782492,0.5523213850280418,0.10596683735674228,0.5121921482565228,0.3687807851743477,0.0191441111923921,0.3687807851743477,0.14108997805413315,0.6182882223847842,0.3646305779078273,0.21426725188978296,0.3646305779078273,0.26670568154108754,1.1182882223847843,0.3586637405510851,0.15670568154108755,0.3586637405510851,0.8271860521823946,1.9243842965130455,1.6724384296513044,0.12645940014630577,1.6724384296513044,0.6136454523287004,1.112192148256523,0.37682272616435014,0.1839039258717386,0.37682272616435014,0.9951231406973908,1.6878078517434771,0.48622531089978055,0.15451353328456474,0.48622531089978055,1.5343964886613022,0.869519629358693,-0.2975615703486954,0.0591441111923921,-0.2975615703486954,0.7519580590099976,0.9878078517434772,0.7502462813947818,0.03670568154108754,0.7502462813947818,0.6620751036332602,0.9243842965130457,-0.3238917337234821,0.21963667398195563,-0.3238917337234821,0.26779565959522067,0.6939039258717385,0.037432333577176305,0.014876859302609121,0.037432333577176305,0.04584979273347964,0.4817117776152158,0.10780785174347719,0.06792489636673982,0.10780785174347719,0.1239039258717386
0.35400000000000004,,-75.74901975128017,0.0,40.17809070958303,,,,,,,,7.323189465983908,-1.4899049012435994,7.473226042428678,0.8,0.5487856620336503,0.2039063643013899,0.5487856620336503,0.11316020482809072,0.5146305779078274,0.36853694220921723,0.02097293343087052,0.36853694220921723,0.1473079736649598,0.621945866861741,0.3675566934893928,0.21512070226773958,0.3675566934893928,0.26804681784930506,1.121945866861741,0.35439648866130213,0.15804681784930505,0.35439648866130213,0.8346232626188734,1.9292611558156547,1.6729261155815653,0.12975128017556695,1.6729261155815653,0.6243745427944405,1.1146305779078274,0.3821872713972202,0.18268471104608633,0.3821872713972202,0.9941477688368691,1.6853694220921727,0.48147037307973667,0.15341623994147768,0.48147037307973667,1.5292757863935627,0.8634235552304316,-0.2970738844184345,0.06097293343087053,-0.2970738844184345,0.7463496708119971,0.9853694220921726,0.7482955376737381,0.03804681784930505,0.7482955376737381,0.6604901243599123,0.9292611558156547,-0.33267008046817853,0.21756400877834675,-0.33267008046817853,0.27535479151426484,0.6926847110460863,0.04291880029261157,0.015852231163130944,0.04291880029261157,0.04901975128017557,0.47805413313825895,0.10536942209217263,0.06950987564008779,0.10536942209217263,0.12268471104608633
0.4040000000000001,,-74.75218970982688,0.0,39.6494391611802,,,,,,,,8.543721043647894,-1.7382223847841995,8.718763716166793,0.8,0.5452499390392587,0.2012240916849549,0.5452499390392587,0.12035357229943919,0.5170690075591319,0.3682930992440868,0.02280175566934894,0.3682930992440868,0.1535259692757864,0.6256035113386978,0.37048280907095826,0.21597415264569617,0.37048280907095826,0.2693879541575226,1.125603511338698,0.35012923677151914,0.15938795415752255,0.35012923677151914,0.8420604730553524,1.9341380151182637,1.6734138015118263,0.1330431602048281,1.6734138015118263,0.6351036332601805,1.117069007559132,0.3875518166300902,0.18146549622043404,0.3875518166300902,0.9931723969763472,1.682930992440868,0.47671543525969273,0.15231894659839063,0.47671543525969273,1.524155084125823,0.8573274811021703,-0.2965861984881736,0.06280175566934895,-0.2965861984881736,0.7407412826139966,0.9829309924408681,0.7463447939526945,0.03938795415752256,0.7463447939526945,0.6589051450865643,0.9341380151182639,-0.34144842721287494,0.21549134357473787,-0.34144842721287494,0.28291392343330896,0.691465496220434,0.04840526700804683,0.01682760302365277,0.04840526700804683,0.0521897098268715,0.47439648866130213,0.10293099244086808,0.07109485491343574,0.10293099244086808,0.12146549622043404
0.45400000000000007,,-73.75535966837357,0.0,39.12078761277737,,,,,,,,9.764252621311877,-1.9865398683247992,9.964301389904904,0.8,0.541714216044867,0.19854181906851986,0.541714216044867,0.12754693977078763,0.5195074372104365,0.36804925627895635,0.024630577907827363,0.36804925627895635,0.15974396488661302,0.6292611558156547,0.37340892465252373,0.21682760302365275,0.37340892465252373,0.27072909046574006,1.129261155815655,0.34586198488173614,0.16072909046574008,0.34586198488173614,0.8494976834918313,1.9390148744208728,1.6739014874420872,0.13633504023408927,1.6739014874420872,0.6458327237259206,1.1195074372104366,0.39291636186296025,0.18024628139478177,0.39291636186296025,0.9921970251158254,1.6804925627895635,0.47196049743964885,0.1512216532553036,0.47196049743964885,1.5190343818580834,0.8512314069739089,-0.2960985125579127,0.06463057790782736,-0.2960985125579127,0.7351328944159962,0.9804925627895635,0.7443940502316508,0.04072909046574007,0.7443940502316508,0.6573201658132163,0.939014874420873,-0.35022677395757135,0.213418678371129,-0.35022677395757135,0.2904730553523531,0.6902462813947817,0.05389173372348209,0.017802974884174594,0.05389173372348209,0.05535966837356743,0.4707388441843453,0.1004925627895635,0.07267983418678371,0.1004925627895635,0.12024628139478176
0.5040000000000001,,-72.75852962692026,0.0,38.59213606437454,,,,,,,,10.984784198975863,-2.2348573518653994,11.209839063643019,0.8,0.5381784930504755,0.19585954645208487,0.5381784930504755,0.1347403072421361,0.521945866861741,0.3678054133138259,0.02645940014630578,0.3678054133138259,0.16596196049743966,0.6329188002926116,0.37633504023408926,0.21768105340160937,0.37633504023408926,0.2720702267739576,1.1329188002926116,0.3415947329919532,0.16207022677395758,0.3415947329919532,0.8569348939283102,1.943891733723482,1.6743891733723482,0.1396269202633504,1.6743891733723482,0.6565618141916606,1.121945866861741,0.3982809070958303,0.17902706656912948,0.3982809070958303,0.9912216532553035,1.678054133138259,0.46720555961960497,0.15012435991221654,0.46720555961960497,1.5139136795903438,0.8451353328456475,-0.29561082662765176,0.06645940014630579,-0.29561082662765176,0.7295245062179956,0.978054133138259,0.7424433065106072,0.042070226773957574,0.7424433065106072,0.6557351865398684,0.9438917337234821,-0.35900512070226775,0.2113460131675201,-0.35900512070226775,0.29803218727139724,0.6890270665691295,0.05937820043891735,0.018778346744696417,0.05937820043891735,0.05852962692026335,0.46708119970738843,0.09805413313825895,0.07426481346013168,0.09805413313825895,0.11902706656912948
0.5540000000000002,,-71.76169958546696,0.0,38.063484515971716,,,,,,,,12.205315776639848,-2.483174835405999,12.455376737381131,0.8,0.5346427700560838,0.19317727383564984,0.5346427700560838,0.14193367471348456,0.5243842965130456,0.3675615703486954,0.0282882223847842,0.3675615703486954,0.1721799561082663,0.6365764447695684,0.3792611558156547,0.21853450377956596,0.3792611558156547,0.27341136308217506,1.1365764447695685,0.3373274811021702,0.16341136308217508,0.3373274811021702,0.8643721043647891,1.9487685930260912,1.674876859302609,0.14291880029261156,1.674876859302609,0.6672909046574007,1.1243842965130457,0.4036454523287003,0.17780785174347719,0.4036454523287003,0.9902462813947818,1.6756157034869543,0.4624506217995611,0.14902706656912948,0.4624506217995611,1.5087929773226043,0.839039258717386,-0.2951231406973909,0.06828822238478421,-0.2951231406973909,0.7239161180199951,0.9756157034869544,0.7404925627895635,0.04341136308217508,0.7404925627895635,0.6541502072665204,0.9487685930260912,-0.3677834674469642,0.20927334796391125,-0.3677834674469642,0.30559131919044136,0.6878078517434771,0.06486466715435261,0.01975371860521824,0.06486466715435261,0.061699585466959285,0.4634235552304316,0.09561570348695439,0.07584979273347964,0.09561570348695439,0.1178078517434772
0.6040000000000002,,-70.76486954401365,0.0,37.53483296756889,,,,,,,,13.425847354303833,-2.731492318946599,13.700914411119244,0.8,0.5311070470616922,0.1904950012192148,0.5311070470616922,0.14912704218483303,0.5268227261643501,0.367317727383565,0.030117044623262625,0.367317727383565,0.17839795171909292,0.6402340892465253,0.3821872713972202,0.21938795415752255,0.3821872713972202,0.2747524993903926,1.1402340892465253,0.3330602292123872,0.16475249939039258,0.3330602292123872,0.871809314801268,1.9536454523287001,1.67536454523287,0.14621068032187273,1.67536454523287,0.6780199951231408,1.1268227261643502,0.40900999756157036,0.17658863691782492,0.40900999756157036,0.9892709095342599,1.6731772738356498,0.4576956839795172,0.14792977322604242,0.4576956839795172,1.5036722750548648,0.8329431845891246,-0.29463545476712993,0.07011704462326263,-0.29463545476712993,0.7183077298219946,0.9731772738356499,0.7385418190685199,0.044752499390392594,0.7385418190685199,0.6525652279931724,0.9536454523287003,-0.3765618141916606,0.20720068276030237,-0.3765618141916606,0.31315045110948553,0.6865886369178249,0.07035113386978788,0.020729090465740067,0.07035113386978788,0.06486954401365522,0.4597659107534747,0.09317727383564983,0.0774347720068276,0.09317727383564983,0.11658863691782492
0.6540000000000001,,-69.76803950256036,0.0,37.006181419166055,,,,,,,,14.646378931967815,-2.979809802487199,14.946452084857356,0.8,0.5275713240673006,0.1878127286027798,0.5275713240673006,0.15632040965618144,0.5292611558156547,0.3670738844184345,0.03194586686174104,0.3670738844184345,0.18461594732991954,0.6438917337234821,0.38511338697878567,0.22024140453547916,0.38511338697878567,0.2760936356986101,1.1438917337234822,0.32879297732260426,0.1660936356986101,0.32879297732260426,0.8792465252377469,1.9585223116313093,1.675852231163131,0.14950256035113388,1.675852231163131,0.6887490855888808,1.129261155815655,0.41437454279444036,0.17536942209217266,0.41437454279444036,0.9882955376737381,1.6707388441843452,0.45294074615947333,0.1468324798829554,0.45294074615947333,1.498551572787125,0.8268471104608632,-0.29414776883686905,0.07194586686174105,-0.29414776883686905,0.7126993416239942,0.9707388441843453,0.7365910753474763,0.046093635698610094,0.7365910753474763,0.6509802487198245,0.9585223116313095,-0.38534016093635703,0.2051280175566935,-0.38534016093635703,0.32070958302852964,0.6853694220921726,0.07583760058522312,0.02170446232626189,0.07583760058522312,0.06803950256035114,0.4561082662765179,0.09073884418434527,0.07901975128017558,0.09073884418434527,0.11536942209217264
0.7040000000000002,,-68.77120946110705,0.0,36.47752987076323,,,,,,,,15.8669105096318,-3.228127286027799,16.19198975859547,0.8,0.524035601072909,0.18513045598634478,0.524035601072909,0.1635137771275299,0.5316995854669593,0.36683004145330406,0.03377468910021946,0.36683004145330406,0.19083394294074618,0.6475493782004389,0.38803950256035113,0.22109485491343575,0.38803950256035113,0.2774347720068276,1.147549378200439,0.32452572543282127,0.1674347720068276,0.32452572543282127,0.8866837356742259,1.9633991709339185,1.6763399170933917,0.15279444038039502,1.6763399170933917,0.6994781760546209,1.1316995854669594,0.4197390880273104,0.17415020726652036,0.4197390880273104,0.9873201658132162,1.6683004145330407,0.4481858083394294,0.14573518653986833,0.4481858083394294,1.4934308705193855,0.8207510363326018,-0.2936600829066081,0.07377468910021948,-0.2936600829066081,0.7070909534259937,0.9683004145330407,0.7346403316264326,0.04743477200682761,0.7346403316264326,0.6493952694464765,0.9633991709339186,-0.39411850768105344,0.2030553523530846,-0.39411850768105344,0.3282687149475738,0.6841502072665203,0.08132406730065839,0.022679834186783716,0.08132406730065839,0.07120946110704707,0.4524506217995611,0.08830041453304072,0.08060473055352353,0.08830041453304072,0.11415020726652036
0.7540000000000002,,-67.77437941965374,0.0,35.9488783223604,,,,,,,,17.087442087295788,-3.476444769568399,17.437527432333585,0.8,0.5204998780785174,0.18244818336990976,0.5204998780785174,0.17070714459887837,0.5341380151182639,0.3665861984881736,0.03560351133869788,0.3665861984881736,0.19705193855157283,0.6512070226773957,0.3909656181419166,0.22194830529139234,0.3909656181419166,0.2787759083150451,1.1512070226773958,0.32025847354303827,0.1687759083150451,0.32025847354303827,0.8941209461107047,1.9682760302365276,1.6768276030236526,0.1560863204096562,1.6768276030236526,0.7102072665203609,1.1341380151182638,0.42510363326018047,0.17293099244086807,0.42510363326018047,0.9863447939526945,1.6658619848817362,0.4434308705193855,0.14463789319678128,0.4434308705193855,1.488310168251646,0.8146549622043404,-0.2931723969763472,0.07560351133869789,-0.2931723969763472,0.7014825652279932,0.9658619848817361,0.732689587905389,0.04877590831504512,0.732689587905389,0.6478102901731285,0.9682760302365278,-0.40289685442574985,0.20098268714947573,-0.40289685442574985,0.33582784686661793,0.6829309924408681,0.08681053401609365,0.02365520604730554,0.08681053401609365,0.074379419653743,0.44879297732260426,0.08586198488173616,0.0821897098268715,0.08586198488173616,0.11293099244086809
0.8040000000000002,,-66.77754937820043,0.0,35.42022677395757,,,,,,,,18.30797366495977,-3.7247622531089983,18.683065106071695,0.8,0.5169641550841257,0.17976591075347476,0.5169641550841257,0.1779005120702268,0.5365764447695685,0.3663423555230432,0.0374323335771763,0.3663423555230432,0.2032699341623994,0.6548646671543525,0.3938917337234821,0.22280175566934896,0.3938917337234821,0.28011704462326265,1.1548646671543528,0.3159912216532553,0.17011704462326263,0.3159912216532553,0.9015581565471836,1.9731528895391368,1.6773152889539136,0.15937820043891734,1.6773152889539136,0.720936356986101,1.1365764447695685,0.43046817849305047,0.1717117776152158,0.43046817849305047,0.9853694220921726,1.6634235552304315,0.43867593269934163,0.14354059985369422,0.43867593269934163,1.4831894659839064,0.808558888076079,-0.2926847110460863,0.07743233357717631,-0.2926847110460863,0.6958741770299927,0.9634235552304315,0.7307388441843453,0.05011704462326262,0.7307388441843453,0.6462253108997805,0.9731528895391368,-0.41167520117044626,0.19891002194586688,-0.41167520117044626,0.34338697878566204,0.6817117776152157,0.09229700073152891,0.024630577907827363,0.09229700073152891,0.07754937820043892,0.4451353328456474,0.0834235552304316,0.08377468910021946,0.0834235552304316,0.11171177761521581
0.8540000000000002,,-65.78071933674714,0.0,34.891575225554746,,,,,,,,19.528505242623755,-3.9730797366495985,19.928602779809808,0.8,0.5134284320897342,0.17708363813703973,0.5134284320897342,0.18509387954157527,0.5390148744208729,0.3660985125579127,0.03926115581565472,0.3660985125579127,0.20948792977322606,0.6585223116313095,0.39681784930504754,0.22365520604730554,0.39681784930504754,0.2814581809314801,1.1585223116313095,0.31172396976347233,0.17145818093148013,0.31172396976347233,0.9089953669836626,1.9780297488417458,1.6778029748841745,0.1626700804681785,1.6778029748841745,0.7316654474518411,1.139014874420873,0.4358327237259205,0.1704925627895635,0.4358327237259205,0.9843940502316508,1.660985125579127,0.4339209948792977,0.14244330651060716,0.4339209948792977,1.4780687637161667,0.8024628139478176,-0.2921970251158254,0.07926115581565474,-0.2921970251158254,0.6902657888319922,0.9609851255791271,0.7287881004633017,0.051458180931480135,0.7287881004633017,0.6446403316264326,0.978029748841746,-0.42045354791514267,0.196837356742258,-0.42045354791514267,0.3509461107047062,0.6804925627895635,0.09778346744696417,0.025605949768349186,0.09778346744696417,0.08071933674713486,0.44147768836869056,0.08098512557912703,0.08535966837356743,0.08098512557912703,0.11049256278956351
0.9040000000000002,,-64.78388929529383,0.0,34.36292367715191,,,,,,,,20.749036820287742,-4.221397220190199,21.174140453547924,0.8,0.5098927090953426,0.17440136552060473,0.5098927090953426,0.1922872470129237,0.5414533040721775,0.36585466959278223,0.04108997805413314,0.36585466959278223,0.2157059253840527,0.6621799561082663,0.399743964886613,0.22450865642526213,0.399743964886613,0.28279931723969765,1.1621799561082664,0.30745671787368933,0.17279931723969763,0.30745671787368933,0.9164325774201414,1.982906608144355,1.6782906608144355,0.16596196049743966,1.6782906608144355,0.7423945379175811,1.1414533040721777,0.4411972689587905,0.16927334796391125,0.4411972689587905,0.983418678371129,1.6585466959278223,0.4291660570592538,0.1413460131675201,0.4291660570592538,1.4729480614484272,0.7963667398195562,-0.29170933918556446,0.08108997805413315,-0.29170933918556446,0.6846574006339917,0.9585466959278225,0.726837356742258,0.05279931723969764,0.726837356742258,0.6430553523530846,0.982906608144355,-0.42923189465983913,0.19476469153864912,-0.42923189465983913,0.3585052426237504,0.6792733479639111,0.10326993416239943,0.02658132162887101,0.10326993416239943,0.0838892952938308,0.43782004389173373,0.07854669592782246,0.0869446476469154,0.07854669592782246,0.10927334796391124
0.9540000000000002,,-63.787059253840525,0.0,33.834272128749085,,,,,,,,21.969568397951722,-4.469714703730798,22.419678127286033,0.8,0.5063569861009509,0.1717190929041697,0.5063569861009509,0.19948061448427218,0.5438917337234821,0.36561082662765176,0.04291880029261156,0.36561082662765176,0.22192392099487931,0.6658376005852231,0.4026700804681785,0.22536210680321872,0.4026700804681785,0.2841404535479152,1.1658376005852231,0.3031894659839064,0.17414045354791513,0.3031894659839064,0.9238697878566203,1.987783467446964,1.6787783467446964,0.1692538405267008,1.6787783467446964,0.7531236283833211,1.1438917337234822,0.4465618141916606,0.16805413313825895,0.4465618141916606,0.9824433065106072,1.6561082662765179,0.42441111923920993,0.14024871982443307,0.42441111923920993,1.4678273591806876,0.7902706656912948,-0.2912216532553036,0.08291880029261156,-0.2912216532553036,0.6790490124359913,0.9561082662765179,0.7248866130212144,0.05414045354791515,0.7248866130212144,0.6414703730797366,0.9877834674469642,-0.4380102414045355,0.19269202633504023,-0.4380102414045355,0.3660643745427945,0.6780541331382589,0.10875640087783468,0.027556693489392832,0.10875640087783468,0.0870592538405267,0.43416239941477686,0.07610826627651791,0.08852962692026335,0.07610826627651791,0.10805413313825896
1.0040000000000002,,-62.79022921238722,0.0,33.30562058034626,,,,,,,,23.19009997561571,-4.718032187271398,23.665215801024146,0.8,0.5028212631065594,0.1690368202877347,0.5028212631065594,0.20667398195562062,0.5463301633747867,0.36536698366252135,0.044747622531089985,0.36536698366252135,0.22814191660570596,0.6694952450621799,0.40559619604974395,0.22621555718117534,0.40559619604974395,0.28548158985613264,1.16949524506218,0.2989222140941234,0.17548158985613266,0.2989222140941234,0.9313069982930993,1.9926603267495733,1.6792660326749573,0.17254572055596196,1.6792660326749573,0.7638527188490613,1.1463301633747867,0.45192635942453063,0.1668349183126067,0.45192635942453063,0.9814679346500853,1.6536698366252134,0.41965618141916605,0.139151426481346,0.41965618141916605,1.462706656912948,0.7841745915630334,-0.29073396732504264,0.08474762253109,-0.29073396732504264,0.6734406242379908,0.9536698366252133,0.7229358693001707,0.05548158985613266,0.7229358693001707,0.6398853938063888,0.9926603267495733,-0.44678858814923195,0.19061936113143135,-0.44678858814923195,0.3736235064618386,0.6768349183126067,0.11424286759326996,0.028532065349914662,0.11424286759326996,0.09022921238722265,0.43050475493782003,0.07366983662521334,0.09011460619361132,0.07366983662521334,0.10683491831260668
1.0540000000000003,,-61.79339917093392,0.0,32.77696903194343,,,,,,,,24.410631553279696,-4.966349670811998,24.910753474762263,0.8,0.49928554011216775,0.16635454767129967,0.49928554011216775,0.21386734942696908,0.5487685930260912,0.3651231406973909,0.046576444769568404,0.3651231406973909,0.23435991221653257,0.6731528895391368,0.4085223116313094,0.22706900755913192,0.4085223116313094,0.2868227261643502,1.1731528895391368,0.2946549622043404,0.17682272616435016,0.2946549622043404,0.9387442087295782,1.9975371860521822,1.6797537186052183,0.17583760058522313,1.6797537186052183,0.7745818093148014,1.1487685930260914,0.45729090465740063,0.1656157034869544,0.45729090465740063,0.9804925627895635,1.6512314069739087,0.41490124359912217,0.13805413313825896,0.41490124359912217,1.4575859546452086,0.778078517434772,-0.29024628139478176,0.08657644476956841,-0.29024628139478176,0.6678322360399902,0.9512314069739088,0.7209851255791271,0.05682272616435017,0.7209851255791271,0.6383004145330408,0.9975371860521824,-0.45556693489392835,0.18854669592782247,-0.45556693489392835,0.38118263838088273,0.6756157034869543,0.11972933430870522,0.029507437210436485,0.11972933430870522,0.09339917093391857,0.4268471104608632,0.07123140697390878,0.09169958546695928,0.07123140697390878,0.1056157034869544
1.1040000000000003,,-60.79656912948061,0.0,32.2483174835406,,,,,,,,25.63116313094368,-5.214667154352599,26.156291148500376,0.8,0.4957498171177761,0.16367227505486465,0.4957498171177761,0.22106071689831755,0.5512070226773957,0.3648792977322604,0.04840526700804683,0.3648792977322604,0.24057790782735922,0.6768105340160937,0.4114484272128749,0.2279224579370885,0.4114484272128749,0.2881638624725677,1.1768105340160937,0.2903877103145574,0.17816386247256766,0.2903877103145574,0.9461814191660571,2.0024140453547914,1.680241404535479,0.1791294806144843,1.680241404535479,0.7853108997805414,1.1512070226773958,0.4626554498902707,0.16439648866130213,0.4626554498902707,0.9795171909290417,1.6487929773226042,0.41014630577907824,0.1369568397951719,0.41014630577907824,1.4524652523774688,0.7719824433065106,-0.2897585954645208,0.08840526700804684,-0.2897585954645208,0.6622238478419897,0.9487929773226043,0.7190343818580833,0.058163862472567676,0.7190343818580833,0.6367154352596928,1.0024140453547916,-0.46434528163862476,0.1864740307242136,-0.46434528163862476,0.3887417702999269,0.6743964886613021,0.12521580102414048,0.03048280907095831,0.12521580102414048,0.0965691294806145,0.42318946598390633,0.06879297732260423,0.09328456474030725,0.06879297732260423,0.10439648866130212
1.1540000000000004,,-59.79973908802731,0.0,31.71966593513777,,,,,,,,26.851694708607667,-5.462984637893198,27.40182882223849,0.8,0.49221409412338446,0.16099000243842965,0.49221409412338446,0.22825408436966602,0.5536454523287003,0.36463545476712994,0.05023408924652525,0.36463545476712994,0.24679590343818586,0.6804681784930505,0.41437454279444036,0.22877590831504513,0.41437454279444036,0.28950499878078517,1.1804681784930506,0.2861204584247744,0.17950499878078519,0.2861204584247744,0.953618629602536,2.0072909046574003,1.68072909046574,0.18242136064374545,1.68072909046574,0.7960399902462815,1.1536454523287003,0.46801999512314074,0.16317727383564984,0.46801999512314074,0.9785418190685199,1.6463545476712997,0.40539136795903435,0.13585954645208487,0.40539136795903435,1.4473445501097293,0.7658863691782491,-0.28927090953425993,0.09023408924652526,-0.28927090953425993,0.6566154596439893,0.9463545476712997,0.7170836381370398,0.05950499878078519,0.7170836381370398,0.6351304559863449,1.0072909046574008,-0.4731236283833212,0.1844013655206047,-0.4731236283833212,0.3963009022189711,0.6731772738356498,0.13070226773957574,0.03145818093148013,0.13070226773957574,0.09973908802731044,0.4195318215069495,0.06635454767129967,0.09486954401365522,0.06635454767129967,0.10317727383564984
1.2040000000000002,,-58.802909046574,0.0,31.191014386734942,,,,,,,,28.072226286271647,-5.711302121433797,28.6473664959766,0.8,0.48867837112899287,0.15830772982199462,0.48867837112899287,0.23544745184101443,0.5560838819800049,0.3643916118019995,0.05206291148500366,0.3643916118019995,0.25301389904901245,0.6841258229700073,0.41730065837600583,0.22962935869300172,0.41730065837600583,0.2908461350890027,1.1841258229700073,0.28185320653499146,0.18084613508900269,0.28185320653499146,0.9610558400390149,2.0121677639600097,1.6812167763960009,0.1857132406730066,1.6812167763960009,0.8067690807120216,1.156083881980005,0.47338454035601074,0.16195805900999755,0.47338454035601074,0.977566447207998,1.643916118019995,0.4006364301389905,0.1347622531089978,0.4006364301389905,1.4422238478419898,0.7597902950499879,-0.288783223603999,0.09206291148500367,-0.288783223603999,0.6510070714459888,0.9439161180199951,0.715132894415996,0.06084613508900269,0.715132894415996,0.6335454767129969,1.0121677639600097,-0.4819019751280176,0.18232870031699586,-0.4819019751280176,0.4038600341380152,0.6719580590099975,0.136188734455011,0.032433552792001955,0.136188734455011,0.10290904657400635,0.4158741770299927,0.06391611801999511,0.09645452328700317,0.06391611801999511,0.10195805900999756
1.2540000000000002,,-57.8060790051207,0.0,30.662362838332115,,,,,,,,29.29275786393563,-5.959619604974398,29.89290416971471,0.8,0.4851426481346013,0.1556254572055596,0.4851426481346013,0.2426408193123629,0.5585223116313094,0.36414776883686906,0.053891733723482084,0.36414776883686906,0.2592318946598391,0.6877834674469642,0.4202267739575713,0.2304828090709583,0.4202267739575713,0.2921872713972202,1.1877834674469643,0.27758595464520847,0.18218727139722019,0.27758595464520847,0.9684930504754938,2.0170446232626187,1.6817044623262618,0.18900512070226777,1.6817044623262618,0.8174981711777616,1.1585223116313095,0.47874908558888074,0.16073884418434528,0.47874908558888074,0.9765910753474762,1.6414776883686906,0.3958814923189466,0.13366495976591075,0.3958814923189466,1.4371031455742502,0.7536942209217264,-0.2882955376737381,0.09389173372348208,-0.2882955376737381,0.6453986832479883,0.9414776883686906,0.7131821506949525,0.0621872713972202,0.7131821506949525,0.6319604974396489,1.017044623262619,-0.49068032187271404,0.18025603511338698,-0.49068032187271404,0.4114191660570593,0.6707388441843453,0.14167520117044627,0.03340892465252378,0.14167520117044627,0.10607900512070229,0.4122165325530358,0.06147768836869055,0.09803950256035114,0.06147768836869055,0.10073884418434528
1.3040000000000003,,-56.8092489636674,0.0,30.133711289929288,,,,,,,,30.513289441599618,-6.207937088514997,31.138441843452824,0.8,0.48160692514020964,0.1529431845891246,0.48160692514020964,0.24983418678371136,0.560960741282614,0.3639039258717386,0.0557205559619605,0.3639039258717386,0.26544989027066573,0.691441111923921,0.42315288953913677,0.2313362594489149,0.42315288953913677,0.2935284077054377,1.191441111923921,0.27331870275542547,0.1835284077054377,0.27331870275542547,0.9759302609119727,2.021921482565228,1.6821921482565227,0.19229700073152892,1.6821921482565227,0.8282272616435017,1.1609607412826142,0.48411363082175085,0.159519629358693,0.48411363082175085,0.9756157034869544,1.6390392587173859,0.39112655449890266,0.1325676664228237,0.39112655449890266,1.4319824433065107,0.747598146793465,-0.28780785174347717,0.09572055596196051,-0.28780785174347717,0.6397902950499879,0.939039258717386,0.7112314069739087,0.06352840770543772,0.7112314069739087,0.6303755181663009,1.021921482565228,-0.49945866861741045,0.1781833699097781,-0.49945866861741045,0.4189782979761034,0.6695196293586929,0.14716166788588153,0.0343842965130456,0.14716166788588153,0.10924896366739821,0.408558888076079,0.05903925871738599,0.0996244818336991,0.05903925871738599,0.099519629358693
1.3540000000000003,,-55.81241892221409,0.0,29.605059741526457,,,,,,,,31.7338210192636,-6.456254572055598,32.38397951719094,0.8,0.47807120214581805,0.15026091197268956,0.47807120214581805,0.2570275542550598,0.5633991709339186,0.3636600829066081,0.05754937820043893,0.3636600829066081,0.2716678858814924,0.6950987564008778,0.4260790051207023,0.2321897098268715,0.4260790051207023,0.2948695440136552,1.195098756400878,0.2690514508656425,0.1848695440136552,0.2690514508656425,0.9833674713484516,2.026798341867837,1.6826798341867837,0.19558888076079006,1.6826798341867837,0.8389563521092418,1.1633991709339186,0.48947817605462085,0.15830041453304072,0.48947817605462085,0.9746403316264326,1.6366008290660814,0.3863716166788588,0.13147037307973664,0.3863716166788588,1.426861741038771,0.7415020726652036,-0.2873201658132163,0.09754937820043894,-0.2873201658132163,0.6341819068519873,0.9366008290660814,0.7092806632528651,0.06486954401365522,0.7092806632528651,0.628790538892953,1.0267983418678372,-0.5082370153621069,0.1761107047061692,-0.5082370153621069,0.4265374298951476,0.6683004145330407,0.1526481346013168,0.03535966837356743,0.1526481346013168,0.11241892221409414,0.40490124359912216,0.05660082906608142,0.10120946110704707,0.05660082906608142,0.09830041453304073
1.4040000000000004,,-54.815588880760785,0.0,29.076408193123626,,,,,,,,32.954352596927585,-6.704572055596198,33.62951719092905,0.8,0.47453547915142646,0.14757863935625454,0.47453547915142646,0.26422092172640826,0.5658376005852231,0.3634162399414777,0.059378200438917346,0.3634162399414777,0.277885881492319,0.6987564008778346,0.4290051207022677,0.2330431602048281,0.4290051207022677,0.2962106803218727,1.1987564008778346,0.26478419897585953,0.1862106803218727,0.26478419897585953,0.9908046817849305,2.031675201170446,1.6831675201170446,0.19888076079005124,1.6831675201170446,0.8496854425749818,1.1658376005852231,0.4948427212874909,0.15708119970738843,0.4948427212874909,0.9736649597659107,1.634162399414777,0.3816166788588149,0.1303730797366496,0.3816166788588149,1.4217410387710314,0.7354059985369422,-0.28683247988295535,0.09937820043891735,-0.28683247988295535,0.6285735186539868,0.9341623994147769,0.7073299195318214,0.06621068032187273,0.7073299195318214,0.627205559619605,1.0316752011704462,-0.5170153621068033,0.17403803950256033,-0.5170153621068033,0.43409656181419176,0.6670811997073884,0.15813460131675205,0.036335040234089254,0.15813460131675205,0.11558888076079007,0.40124359912216534,0.054162399414776866,0.10279444038039504,0.054162399414776866,0.09708119970738843
1.4540000000000004,,-53.81875883930748,0.0,28.5477566447208,,,,,,,,34.174884174591575,-6.952889539136798,34.87505486466717,0.8,0.4709997561570348,0.14489636673981954,0.4709997561570348,0.27141428919775673,0.5682760302365277,0.36317239697634723,0.061207022677395764,0.36317239697634723,0.2841038771031456,0.7024140453547916,0.43193123628383323,0.23389661058278471,0.43193123628383323,0.2975518166300902,1.2024140453547916,0.26051694708607653,0.18755181663009024,0.26051694708607653,0.9982418922214095,2.0365520604730554,1.6836552060473056,0.20217264081931238,1.6836552060473056,0.8604145330407219,1.1682760302365278,0.500207266520361,0.15586198488173617,0.500207266520361,0.972689587905389,1.6317239697634722,0.376861741038771,0.12927578639356255,0.376861741038771,1.4166203365032919,0.7293099244086808,-0.28634479395269447,0.10120702267739579,-0.28634479395269447,0.6229651304559863,0.9317239697634723,0.7053791758107778,0.06755181663009024,0.7053791758107778,0.625620580346257,1.0365520604730554,-0.5257937088514997,0.17196537429895145,-0.5257937088514997,0.4416556937332359,0.6658619848817361,0.16362106803218732,0.03731041209461108,0.16362106803218732,0.118758839307486,0.39758595464520846,0.05172396976347231,0.104379419653743,0.05172396976347231,0.09586198488173617
1.5040000000000002,,-52.821928797854184,0.0,28.019105096317972,,,,,,,,35.39541575225555,-7.201207022677397,36.120592538405276,0.8,0.46746403316264323,0.14221409412338454,0.46746403316264323,0.27860765666910514,0.5707144598878322,0.36292855401121676,0.06303584491587418,0.36292855401121676,0.29032187271397225,0.7060716898317484,0.43485735186539864,0.2347500609607413,0.43485735186539864,0.29889295293830775,1.2060716898317483,0.2562496951962936,0.18889295293830774,0.2562496951962936,1.0056791026578884,2.0414289197756643,1.6841428919775663,0.20546452084857353,1.6841428919775663,0.8711436235064619,1.1707144598878323,0.505571811753231,0.15464277005608387,0.505571811753231,0.9717142160448671,1.6292855401121678,0.37210680321872713,0.1281784930504755,0.37210680321872713,1.4114996342355524,0.7232138502804194,-0.2858571080224335,0.1030358449158742,-0.2858571080224335,0.6173567422579859,0.9292855401121678,0.7034284320897342,0.06889295293830774,0.7034284320897342,0.6240356010729091,1.0414289197756645,-0.5345720555961961,0.1698927090953426,-0.5345720555961961,0.44921482565228,0.6646427700560839,0.16910753474762258,0.0382857839551329,0.16910753474762258,0.12192879785418193,0.39392831016825164,0.04928554011216775,0.10596439892709096,0.04928554011216775,0.09464277005608387
1.5540000000000003,,-51.82509875640088,0.0,27.490453547915145,,,,,,,,36.61594732991954,-7.449524506217997,37.36613021214339,0.8,0.4639283101682516,0.1395318215069495,0.4639283101682516,0.2858010241404536,0.5731528895391368,0.3626847110460863,0.0648646671543526,0.3626847110460863,0.29653986832479884,0.7097293343087052,0.43778346744696417,0.2356035113386979,0.43778346744696417,0.3002340892465252,1.2097293343087052,0.2519824433065106,0.19023408924652524,0.2519824433065106,1.0131163130943672,2.0463057790782733,1.6846305779078272,0.2087564008778347,1.6846305779078272,0.881872713972202,1.173152889539137,0.510936356986101,0.1534235552304316,0.510936356986101,0.9707388441843453,1.6268471104608633,0.36735186539868325,0.12708119970738846,0.36735186539868325,1.4063789319678126,0.717117776152158,-0.28536942209217264,0.10486466715435261,-0.28536942209217264,0.6117483540599854,0.9268471104608632,0.7014776883686905,0.07023408924652524,0.7014776883686905,0.6224506217995611,1.0463057790782737,-0.5433504023408925,0.16782004389173372,-0.5433504023408925,0.4567739575713241,0.6634235552304315,0.17459400146305784,0.03926115581565472,0.17459400146305784,0.12509875640087786,0.3902706656912948,0.04684711046086319,0.10754937820043892,0.04684711046086319,0.09342355523043161
1.6040000000000003,,-50.82826871494757,0.0,26.961801999512314,,,,,,,,37.836478907583526,-7.697841989758597,38.6116678858815,0.8,0.46039258717386,0.13684954889051448,0.46039258717386,0.2929943916118021,0.5755913191904414,0.3624408680809558,0.06669348939283103,0.3624408680809558,0.3027578639356255,0.713386978785662,0.44070958302852964,0.23645696171665448,0.44070958302852964,0.30157522555474275,1.2133869787856622,0.24771519141672763,0.19157522555474277,0.24771519141672763,1.020553523530846,2.0511826383808827,1.6851182638380882,0.21204828090709585,1.6851182638380882,0.892601804437942,1.1755913191904415,0.5163009022189711,0.15220434040477931,0.5163009022189711,0.9697634723238234,1.6244086808095586,0.36259692757863937,0.1259839063643014,0.36259692757863937,1.401258229700073,0.7110217020238966,-0.2848817361619117,0.10669348939283103,-0.2848817361619117,0.6061399658619848,0.9244086808095586,0.6995269446476469,0.07157522555474276,0.6995269446476469,0.6208656425262131,1.0511826383808827,-0.552128749085589,0.16574737868812484,-0.552128749085589,0.4643330894903683,0.6622043404047793,0.1800804681784931,0.040236527676176546,0.1800804681784931,0.12826871494757378,0.38661302121433794,0.04440868080955862,0.10913435747378689,0.04440868080955862,0.09220434040477932
1.6540000000000004,,-49.83143867349426,0.0,26.433150451109483,,,,,,,,39.05701048524751,-7.946159473299197,39.857205559619615,0.8,0.45685686417946836,0.13416727627407948,0.45685686417946836,0.30018775908315054,0.5780297488417458,0.3621970251158254,0.06852231163130944,0.3621970251158254,0.3089758595464521,0.7170446232626189,0.4436356986100951,0.2373104120946111,0.4436356986100951,0.3029163618629603,1.2170446232626189,0.24344793952694463,0.19291636186296027,0.24344793952694463,1.027990733967325,2.0560594976834916,1.685605949768349,0.215340160936357,1.685605949768349,0.9033308949036821,1.178029748841746,0.5216654474518411,0.15098512557912702,0.5216654474518411,0.9687881004633017,1.621970251158254,0.35784198975859544,0.12488661302121434,0.35784198975859544,1.3961375274323335,0.7049256278956352,-0.2843940502316508,0.10852231163130946,-0.2843940502316508,0.6005315776639844,0.9219702511582542,0.6975762009266032,0.07291636186296027,0.6975762009266032,0.6192806632528651,1.0560594976834918,-0.5609070958302853,0.16367471348451595,-0.5609070958302853,0.47189222140941245,0.660985125579127,0.18556693489392836,0.041211899536698376,0.18556693489392836,0.13143867349426971,0.3829553767373811,0.04197025115825406,0.11071933674713486,0.04197025115825406,0.09098512557912704
1.7040000000000004,,-48.83460863204096,0.0,25.904498902706656,,,,,,,,40.27754206291149,-8.194476956839797,41.10274323335773,0.8,0.45332114118507677,0.13148500365764446,0.45332114118507677,0.307381126554499,0.5804681784930504,0.36195318215069494,0.07035113386978786,0.36195318215069494,0.31519385515727877,0.7207022677395757,0.4465618141916606,0.23816386247256768,0.4465618141916606,0.30425749817117775,1.2207022677395758,0.23918068763716166,0.19425749817117777,0.23918068763716166,1.035427944403804,2.060936356986101,1.68609363569861,0.21863204096561817,1.68609363569861,0.9140599853694222,1.1804681784930506,0.5270299926847111,0.14976591075347476,0.5270299926847111,0.9678127286027798,1.6195318215069494,0.35308705193855155,0.12378931967812729,0.35308705193855155,1.391016825164594,0.6988295537673738,-0.2839063643013899,0.11035113386978787,-0.2839063643013899,0.5949231894659839,0.9195318215069496,0.6956254572055596,0.07425749817117777,0.6956254572055596,0.6176956839795172,1.060936356986101,-0.5696854425749818,0.16160204828090707,-0.5696854425749818,0.47945135332845656,0.6597659107534747,0.19105340160936363,0.0421872713972202,0.19105340160936363,0.13460863204096563,0.3792977322604243,0.039531821506949505,0.11230431602048283,0.039531821506949505,0.08976591075347476
1.7540000000000004,,-47.837778590587654,0.0,25.375847354303826,,,,,,,,41.498073640575484,-8.442794440380398,42.34828090709585,0.8,0.4497854181906852,0.12880273104120943,0.4497854181906852,0.3145744940258475,0.582906608144355,0.36170933918556447,0.07217995610826629,0.36170933918556447,0.3214118507681054,0.7243599122165326,0.44948792977322605,0.23901731285052427,0.44948792977322605,0.3055986344793953,1.2243599122165325,0.23491343574737866,0.1955986344793953,0.23491343574737866,1.0428651548402827,2.06581321628871,1.686581321628871,0.22192392099487934,1.686581321628871,0.9247890758351622,1.182906608144355,0.5323945379175812,0.14854669592782246,0.5323945379175812,0.966837356742258,1.617093391855645,0.3483321141185076,0.12269202633504023,0.3483321141185076,1.3858961228968543,0.6927334796391124,-0.283418678371129,0.11217995610826631,-0.283418678371129,0.5893148012679834,0.917093391855645,0.6936747134845159,0.07559863447939529,0.6936747134845159,0.6161107047061692,1.0658132162887102,-0.5784637893196782,0.1595293830772982,-0.5784637893196782,0.4870104852475007,0.6585466959278224,0.1965398683247989,0.04316264325774202,0.1965398683247989,0.13777859058766156,0.3756400877834674,0.03709339185564493,0.1138892952938308,0.03709339185564493,0.08854669592782247
1.8040000000000005,,-46.840948549134346,0.0,24.847195805901,,,,,,,,42.71860521823947,-8.691111923920998,43.59381858083396,0.8,0.44624969519629354,0.12612045842477443,0.44624969519629354,0.3217678614971959,0.5853450377956596,0.361465496220434,0.0740087783467447,0.361465496220434,0.32762984637893205,0.7280175566934894,0.4524140453547915,0.2398707632284809,0.4524140453547915,0.3069397707876128,1.2280175566934894,0.2306461838575957,0.1969397707876128,0.2306461838575957,1.0503023652767618,2.070690075591319,1.687069007559132,0.2252158010241405,1.687069007559132,0.9355181663009023,1.1853450377956596,0.5377590831504512,0.1473274811021702,0.5377590831504512,0.9658619848817361,1.6146549622043405,0.34357717629846374,0.12159473299195317,0.34357717629846374,1.3807754206291147,0.686637405510851,-0.28293099244086806,0.11400877834674472,-0.28293099244086806,0.5837064130699829,0.9146549622043404,0.6917239697634723,0.0769397707876128,0.6917239697634723,0.6145257254328212,1.0706900755913193,-0.5872421360643747,0.1574567178736893,-0.5872421360643747,0.4945696171665448,0.6573274811021702,0.20202633504023415,0.04413801511826385,0.20202633504023415,0.1409485491343575,0.3719824433065106,0.034654962204340375,0.11547427456717875,0.034654962204340375,0.0873274811021702
1.8540000000000003,,-45.844118507681046,0.0,24.31854425749817,,,,,,,,43.939136795903444,-8.939429407461596,44.83935625457207,0.8,0.44271397220190195,0.12343818580833942,0.44271397220190195,0.32896122896854435,0.5877834674469642,0.3612216532553036,0.07583760058522311,0.3612216532553036,0.33384784198975864,0.7316752011704463,0.455340160936357,0.24072421360643748,0.455340160936357,0.3082809070958303,1.2316752011704462,0.22637893196781272,0.1982809070958303,0.22637893196781272,1.0577395757132406,2.0755669348939283,1.6875566934893929,0.22850768105340163,1.6875566934893929,0.9462472567666423,1.1877834674469643,0.5431236283833212,0.1461082662765179,0.5431236283833212,0.9648866130212144,1.6122165325530358,0.33882223847841986,0.12049743964886614,0.33882223847841986,1.3756547183613752,0.6805413313825897,-0.2824433065106072,0.11583760058522313,-0.2824433065106072,0.5780980248719825,0.9122165325530358,0.6897732260424286,0.0782809070958303,0.6897732260424286,0.6129407461594734,1.0755669348939283,-0.5960204828090709,0.15538405267008046,-0.5960204828090709,0.5021287490855889,0.6561082662765179,0.20751280175566938,0.04511338697878567,0.20751280175566938,0.14411850768105341,0.36832479882955377,0.03221653255303583,0.1170592538405267,0.03221653255303583,0.08610826627651792
1.9040000000000004,,-44.847288466227745,0.0,23.78989270909534,,,,,,,,45.159668373567435,-9.187746891002197,46.08489392831018,0.8,0.43917824920751036,0.12075591319190439,0.43917824920751036,0.3361545964398928,0.5902218970982687,0.3609778102901731,0.07766642282370154,0.3609778102901731,0.3400658376005853,0.7353328456474031,0.45826627651792246,0.24157766398439406,0.45826627651792246,0.3096220434040478,1.235332845647403,0.22211168007802973,0.19962204340404782,0.22211168007802973,1.0651767861497197,2.0804437941965372,1.6880443794196538,0.23179956108266278,1.6880443794196538,0.9569763472323825,1.1902218970982688,0.5484881736161913,0.14488905145086564,0.5484881736161913,0.9639112411606925,1.6097781029017313,0.334067300658376,0.11940014630577908,0.334067300658376,1.3705340160936357,0.6744452572543282,-0.28195562058034623,0.11766642282370156,-0.28195562058034623,0.572489636673982,0.9097781029017313,0.687822482321385,0.07962204340404781,0.687822482321385,0.6113557668861254,1.0804437941965375,-0.6047988295537674,0.15331138746647158,-0.6047988295537674,0.5096878810046331,0.6548890514508656,0.21299926847110465,0.04608875883930749,0.21299926847110465,0.14728846622774935,0.3646671543525969,0.02977810290173126,0.11864423311387468,0.02977810290173126,0.08488905145086564
1.9540000000000004,,-43.85045842477444,0.0,23.261241160692514,,,,,,,,46.38019995123142,-9.436064374542797,47.33043160204829,0.8,0.4356425262131187,0.11807364057546937,0.4356425262131187,0.3433479639112412,0.5926603267495733,0.36073396732504265,0.07949524506217996,0.36073396732504265,0.34628383321141193,0.7389904901243599,0.4611923920994879,0.24243111436235065,0.4611923920994879,0.31096317971226534,1.23899049012436,0.21784442818824676,0.20096317971226532,0.21784442818824676,1.0726139965861985,2.0853206534991466,1.6885320653499145,0.23509144111192393,1.6885320653499145,0.9677054376981225,1.1926603267495735,0.5538527188490613,0.14366983662521335,0.5538527188490613,0.9629358693001707,1.6073396732504266,0.3293123628383321,0.11830285296269202,0.3293123628383321,1.3654133138258961,0.6683491831260668,-0.28146793465008535,0.11949524506217998,-0.28146793465008535,0.5668812484759814,0.9073396732504267,0.6858717386003413,0.08096317971226533,0.6858717386003413,0.6097707876127774,1.0853206534991466,-0.6135771762984639,0.1512387222628627,-0.6135771762984639,0.5172470129236773,0.6536698366252133,0.21848573518653994,0.04706413069982932,0.21848573518653994,0.15045842477444527,0.36100950987564007,0.027339673250426702,0.12022921238722264,0.027339673250426702,0.08366983662521335
2.0040000000000004,,-42.85362838332113,0.0,22.732589612289683,,,,,,,,47.6007315288954,-9.684381858083396,48.575969275786406,0.8,0.4321068032187271,0.11539136795903436,0.4321068032187271,0.3505413313825897,0.5950987564008778,0.3604901243599122,0.08132406730065837,0.3604901243599122,0.3525018288222385,0.7426481346013167,0.4641185076810534,0.24328456474030727,0.4641185076810534,0.3123043160204828,1.2426481346013167,0.21357717629846376,0.20230431602048282,0.21357717629846376,1.0800512070226773,2.0901975128017556,1.6890197512801755,0.2383833211411851,1.6890197512801755,0.9784345281638626,1.195098756400878,0.5592172640819313,0.14245062179956108,0.5592172640819313,0.9619604974396488,1.6049012435991221,0.3245574250182882,0.11720555961960497,0.3245574250182882,1.3602926115581564,0.6622531089978054,-0.2809802487198244,0.1213240673006584,-0.2809802487198244,0.561272860277981,0.9049012435991222,0.6839209948792977,0.08230431602048283,0.6839209948792977,0.6081858083394295,1.0901975128017558,-0.6223555230431603,0.14916605705925381,-0.6223555230431603,0.5248061448427214,0.652450621799561,0.2239722019019752,0.048039502560351145,0.2239722019019752,0.1536283833211412,0.35735186539868324,0.024901243599122144,0.12181419166057061,0.024901243599122144,0.08245062179956109
2.0540000000000003,,-41.85679834186783,0.0,22.203938063886856,,,,,,,,48.82126310655939,-9.932699341623996,49.821506949524526,0.8,0.4285710802243355,0.11270909534259933,0.4285710802243355,0.35773469885393816,0.5975371860521824,0.36024628139478176,0.0831528895391368,0.36024628139478176,0.35871982443306516,0.7463057790782737,0.46704462326261886,0.24413801511826386,0.46704462326261886,0.31364545232870034,1.2463057790782737,0.2093099244086808,0.20364545232870035,0.2093099244086808,1.0874884174591564,2.0950743721043645,1.6895074372104364,0.24167520117044627,1.6895074372104364,0.9891636186296027,1.1975371860521824,0.5645818093148014,0.1412314069739088,0.5645818093148014,0.9609851255791271,1.6024628139478176,0.3198024871982443,0.11610826627651792,0.3198024871982443,1.3551719092904169,0.656157034869544,-0.2804925627895635,0.12315288953913682,-0.2804925627895635,0.5556644720799805,0.9024628139478176,0.681970251158254,0.08364545232870034,0.681970251158254,0.6066008290660815,1.095074372104365,-0.6311338697878567,0.14709339185564496,-0.6311338697878567,0.5323652767617655,0.6512314069739088,0.22945866861741046,0.04901487442087297,0.22945866861741046,0.15679834186783714,0.3536942209217264,0.022462813947817573,0.12339917093391857,0.022462813947817573,0.08123140697390879
2.104,,-40.85996830041453,0.0,21.67528651548403,,,,,,,,50.04179468422337,-10.181016825164596,51.06704462326263,0.8,0.4250353572299439,0.11002682272616433,0.4250353572299439,0.36492806632528657,0.5999756157034869,0.3600024384296513,0.08498171177761521,0.3600024384296513,0.36493782004389175,0.7499634235552304,0.46997073884418433,0.24499146549622045,0.46997073884418433,0.31498658863691786,1.2499634235552304,0.20504267251889782,0.20498658863691782,0.20504267251889782,1.0949256278956352,2.099951231406974,1.6899951231406973,0.2449670811997074,1.6899951231406973,0.9998927090953427,1.199975615703487,0.5699463545476713,0.14001219214825653,0.5699463545476713,0.9600097537186052,1.600024384296513,0.31504754937820045,0.11501097293343088,0.31504754937820045,1.3500512070226773,0.6500609607412826,-0.2800048768593026,0.12498171177761523,-0.2800048768593026,0.55005608388198,0.9000243842965131,0.6800195074372104,0.08498658863691784,0.6800195074372104,0.6050158497927335,1.099951231406974,-0.639912216532553,0.14502072665203608,-0.639912216532553,0.5399244086808096,0.6500121921482565,0.2349451353328457,0.04999024628139479,0.2349451353328457,0.15996830041453305,0.3500365764447696,0.02002438429651303,0.12498415020726653,0.02002438429651303,0.08001219214825653
2.1540000000000004,,-39.863138258961214,0.0,21.146634967081198,,,,,,,,51.26232626188736,-10.429334308705197,52.31258229700075,0.8,0.42149963423555226,0.1073445501097293,0.42149963423555226,0.3721214337966351,0.6024140453547915,0.3597585954645208,0.08681053401609365,0.3597585954645208,0.37115581565471845,0.7536210680321873,0.4728968544257498,0.24584491587417706,0.4728968544257498,0.31632772494513534,1.2536210680321873,0.20077542062911483,0.20632772494513535,0.20077542062911483,1.1023628383321142,2.104828090709583,1.6904828090709583,0.24825896122896857,1.6904828090709583,1.0106217995610827,1.2024140453547916,0.5753108997805414,0.13879297732260423,0.5753108997805414,0.9590343818580834,1.5975859546452085,0.31029261155815646,0.11391367959034382,0.31029261155815646,1.3449305047549378,0.6439648866130212,-0.2795171909290417,0.12681053401609366,-0.2795171909290417,0.5444476956839794,0.8975859546452085,0.6780687637161668,0.08632772494513535,0.6780687637161668,0.6034308705193856,1.104828090709583,-0.6486905632772495,0.1429480614484272,-0.6486905632772495,0.5474835405998538,0.6487929773226042,0.24043160204828098,0.05096561814191662,0.24043160204828098,0.163138258961229,0.34637893196781266,0.017585954645208457,0.1265691294806145,0.017585954645208457,0.07879297732260424
2.204,,-38.866308217507914,0.0,20.61798341867837,,,,,,,,52.48285783955134,-10.677651792245795,53.55811997073886,0.8,0.41796391124116067,0.10466227749329429,0.41796391124116067,0.3793148012679835,0.6048524750060961,0.35951475249939036,0.08863935625457206,0.35951475249939036,0.37737381126554503,0.7572787125091441,0.4758229700073153,0.24669836625213365,0.4758229700073153,0.31766886125335286,1.257278712509144,0.19650816873933186,0.20766886125335285,0.19650816873933186,1.109800048768593,2.1097049500121923,1.6909704950012192,0.25155084125822974,1.6909704950012192,1.0213508900268229,1.204852475006096,0.5806754450134114,0.13757376249695197,0.5806754450134114,0.9580590099975616,1.5951475249939038,0.30553767373811264,0.11281638624725676,0.30553767373811264,1.3398098024871983,0.6378688124847598,-0.27902950499878076,0.12863935625457207,-0.27902950499878076,0.538839307485979,0.8951475249939039,0.6761180199951231,0.08766886125335285,0.6761180199951231,0.6018458912460376,1.1097049500121923,-0.657468910021946,0.14087539624481832,-0.657468910021946,0.5550426725188979,0.647573762496952,0.24591806876371622,0.05194099000243844,0.24591806876371622,0.16630821750792493,0.34272128749085584,0.0151475249939039,0.12815410875396246,0.0151475249939039,0.07757376249695196
2.2540000000000004,,-37.869478176054606,0.0,20.08933187027554,,,,,,,,53.703389417215334,-10.925969275786397,54.80365764447698,0.8,0.414428188246769,0.10198000487685926,0.414428188246769,0.386508168739332,0.6072909046574007,0.35927090953425994,0.09046817849305049,0.35927090953425994,0.3835918068763717,0.760936356986101,0.47874908558888074,0.24755181663009024,0.47874908558888074,0.3190099975615704,1.260936356986101,0.19224091684954886,0.20900999756157038,0.19224091684954886,1.1172372592050719,2.114581809314801,1.6914581809314801,0.2548427212874909,1.6914581809314801,1.0320799804925629,1.2072909046574007,0.5860399902462815,0.13635454767129968,0.5860399902462815,0.9570836381370398,1.5927090953425993,0.3007827359180687,0.1117190929041697,0.3007827359180687,1.3346891002194585,0.6317727383564984,-0.2785418190685199,0.1304681784930505,-0.2785418190685199,0.5332309192879785,0.8927090953425993,0.6741672762740795,0.08900999756157038,0.6741672762740795,0.6002609119726896,1.1145818093148014,-0.6662472567666424,0.13880273104120944,-0.6662472567666424,0.562601804437942,0.6463545476712996,0.2514045354791515,0.05291636186296027,0.2514045354791515,0.16947817605462087,0.339063643013899,0.012709095342599327,0.12973908802731043,0.012709095342599327,0.07635454767129968
2.3040000000000003,,-36.872648134601306,0.0,19.560680321872713,,,,,,,,54.92392099487931,-11.174286759326996,56.049195318215084,0.8,0.41089246525237744,0.09929773226042425,0.41089246525237744,0.39370153621068044,0.6097293343087051,0.35902706656912947,0.0922970007315289,0.35902706656912947,0.3898098024871983,0.7645940014630578,0.48167520117044627,0.24840526700804683,0.48167520117044627,0.32035113386978786,1.264594001463058,0.1879736649597659,0.21035113386978788,0.1879736649597659,1.1246744696415507,2.11945866861741,1.691945866861741,0.25813460131675203,1.691945866861741,1.0428090709583029,1.2097293343087052,0.5914045354791515,0.13513533284564738,0.5914045354791515,0.9561082662765179,1.5902706656912948,0.2960277980980248,0.11062179956108266,0.2960277980980248,1.329568397951719,0.625676664228237,-0.27805413313825894,0.13229700073152892,-0.27805413313825894,0.527622531089978,0.8902706656912949,0.6722165325530358,0.09035113386978788,0.6722165325530358,0.5986759326993416,1.1194586686174104,-0.6750256035113388,0.13673006583760056,-0.6750256035113388,0.5701609363569862,0.6451353328456474,0.2568910021945867,0.05389173372348209,0.2568910021945867,0.17264813460131678,0.3354059985369422,0.010270665691294784,0.13132406730065838,0.010270665691294784,0.0751353328456474
2.354,,-35.875818093148006,0.0,19.032028773469886,,,,,,,,56.144452572543294,-11.422604242867594,57.2947329919532,0.8,0.4073567422579858,0.09661545964398925,0.4073567422579858,0.40089490368202885,0.6121677639600097,0.358783223603999,0.09412582297000731,0.358783223603999,0.3960277980980249,0.7682516459400146,0.4846013167520117,0.24925871738600344,0.4846013167520117,0.3216922701780054,1.2682516459400146,0.18370641306998292,0.21169227017800538,0.18370641306998292,1.1321116800780298,2.1243355279200196,1.6924335527920018,0.2614264813460132,1.6924335527920018,1.053538161424043,1.21216776396001,0.5967690807120215,0.13391611801999512,0.5967690807120215,0.9551328944159961,1.5878322360399901,0.29127286027798094,0.10952450621799562,0.29127286027798094,1.3244476956839795,0.6195805900999756,-0.27756644720799806,0.13412582297000733,-0.27756644720799806,0.5220141428919776,0.8878322360399903,0.6702657888319922,0.09169227017800538,0.6702657888319922,0.5970909534259937,1.1243355279200196,-0.6838039502560351,0.13465740063399168,-0.6838039502560351,0.5777200682760303,0.643916118019995,0.262377468910022,0.05486710558400391,0.262377468910022,0.1758180931480127,0.3317483540599854,0.007832236039990226,0.13290904657400635,0.007832236039990226,0.07391611801999512
2.4040000000000004,,-34.8789880516947,0.0,18.503377225067055,,,,,,,,57.364984150207285,-11.670921726408196,58.54027066569132,0.8,0.4038210192635942,0.09393318702755421,0.4038210192635942,0.40808827115337737,0.6146061936113143,0.35853938063886853,0.09595464520848575,0.35853938063886853,0.40224579370885155,0.7719092904169715,0.4875274323335772,0.25011216776396006,0.4875274323335772,0.3230334064862229,1.2719092904169715,0.17943916118019992,0.21303340648622288,0.17943916118019992,1.1395488905145088,2.1292123872226285,1.6929212387222627,0.2647183613752744,1.6929212387222627,1.064267251889783,1.2146061936113144,0.6021336259448915,0.13269690319434282,0.6021336259448915,0.9541575225554743,1.5853938063886857,0.28651792245793706,0.10842721287490856,0.28651792245793706,1.31932699341624,0.6134845159717142,-0.2770787612777371,0.13595464520848577,-0.2770787612777371,0.5164057546939771,0.8853938063886857,0.6683150451109485,0.0930334064862229,0.6683150451109485,0.5955059741526457,1.1292123872226287,-0.6925822970007316,0.1325847354303828,-0.6925822970007316,0.5852792001950745,0.6426969031943428,0.2678639356254573,0.05584247744452574,0.2678639356254573,0.17898805169470863,0.3280907095830285,0.005393806388685654,0.13449402584735431,0.005393806388685654,0.07269690319434283
2.454,,-33.8821580102414,0.0,17.974725676664228,,,,,,,,58.58551572787126,-11.919239209948795,59.78580833942942,0.8,0.4002852962692026,0.09125091441111921,0.4002852962692026,0.4152816386247258,0.6170446232626189,0.3582955376737381,0.09778346744696416,0.3582955376737381,0.4084637893196782,0.7755669348939284,0.4904535479151426,0.25096561814191665,0.4904535479151426,0.3243745427944404,1.2755669348939283,0.17517190929041696,0.2143745427944404,0.17517190929041696,1.1469861009509876,2.1340892465252375,1.6934089246525237,0.2680102414045355,1.6934089246525237,1.074996342355523,1.2170446232626189,0.6074981711777616,0.13147768836869056,0.6074981711777616,0.9531821506949525,1.5829553767373812,0.2817629846378932,0.1073299195318215,0.2817629846378932,1.3142062911485004,0.6073884418434528,-0.27659107534747623,0.13778346744696418,-0.27659107534747623,0.5107973664959766,0.8829553767373811,0.6663643013899049,0.0943745427944404,0.6663643013899049,0.5939209948792977,1.134089246525238,-0.7013606437454281,0.13051207022677394,-0.7013606437454281,0.5928383321141186,0.6414776883686906,0.27335040234089253,0.05681784930504756,0.27335040234089253,0.18215801024140457,0.32443306510607167,0.00295537673738111,0.13607900512070228,0.00295537673738111,0.07147768836869056
2.5040000000000004,,-32.88532796878809,0.0,17.446074128261397,,,,,,,,59.80604730553525,-12.167556693489397,61.03134601316754,0.8,0.396749573274811,0.08856864179468418,0.396749573274811,0.42247500609607425,0.6194830529139235,0.35805169470860765,0.09961228968544258,0.35805169470860765,0.41468178493050484,0.7792245793708852,0.49337966349670814,0.25181906851987323,0.49337966349670814,0.3257156791026579,1.2792245793708852,0.17090465740063396,0.21571567910265793,0.17090465740063396,1.1544233113874665,2.138966105827847,1.6938966105827846,0.2713021214337967,1.6938966105827846,1.0857254328212633,1.2194830529139236,0.6128627164106317,0.13025847354303827,0.6128627164106317,0.9522067788344306,1.5805169470860765,0.27700804681784924,0.10623262618873444,0.27700804681784924,1.3090855888807607,0.6012923677151913,-0.2761033894172153,0.1396122896854426,-0.2761033894172153,0.505188978297976,0.8805169470860765,0.6644135576688612,0.09571567910265792,0.6644135576688612,0.5923360156059498,1.1389661058278469,-0.7101389904901245,0.12843940502316503,-0.7101389904901245,0.6003974640331627,0.6402584735430382,0.2788368690563278,0.05779322116556939,0.2788368690563278,0.1853279687881005,0.3207754206291148,0.0005169470860765246,0.13766398439405025,0.0005169470860765246,0.07025847354303827
2.5540000000000003,,-31.88849792733479,0.0,16.91742257985857,,,,,,,,61.026578883199235,-12.415874177029995,62.27688368690565,0.8,0.3932138502804194,0.08588636917824918,0.3932138502804194,0.4296683735674227,0.621921482565228,0.3578078517434772,0.101441111923921,0.3578078517434772,0.4208997805413314,0.782882223847842,0.49630577907827356,0.2526725188978298,0.49630577907827356,0.3270568154108754,1.282882223847842,0.166637405510851,0.2170568154108754,0.166637405510851,1.1618605218239453,2.143842965130456,1.6943842965130456,0.27459400146305785,1.6943842965130456,1.0964545232870033,1.221921482565228,0.6182272616435016,0.129039258717386,0.6182272616435016,0.9512314069739088,1.578078517434772,0.27225310899780536,0.1051353328456474,0.27225310899780536,1.3039648866130211,0.5951962935869299,-0.2756157034869544,0.141441111923921,-0.2756157034869544,0.4995805900999756,0.878078517434772,0.6624628139478176,0.09705681541087542,0.6624628139478176,0.5907510363326018,1.143842965130456,-0.7189173372348209,0.12636673981955618,-0.7189173372348209,0.6079565959522069,0.639039258717386,0.28432333577176305,0.058768593026091206,0.28432333577176305,0.18849792733479642,0.31711777615215797,-0.0019214825652280193,0.1392489636673982,-0.0019214825652280193,0.069039258717386
2.6040000000000005,,-30.891667885881475,0.0,16.388771031455736,,,,,,,,62.247110460863226,-12.664191660570596,63.52242136064377,0.8,0.38967812728602774,0.08320409656181416,0.38967812728602774,0.4368617410387712,0.6243599122165325,0.3575640087783467,0.10326993416239942,0.3575640087783467,0.4271177761521581,0.7865398683247988,0.4992318946598391,0.2535259692757864,0.4992318946598391,0.3283979517190929,1.2865398683247988,0.162370153621068,0.21839795171909293,0.162370153621068,1.1692977322604243,2.148719824433065,1.6948719824433065,0.277885881492319,1.6948719824433065,1.1071836137527433,1.2243599122165327,0.6235918068763717,0.1278200438917337,0.6235918068763717,0.950256035113387,1.5756400877834673,0.2674981711777614,0.10403803950256034,0.2674981711777614,1.2988441843452816,0.5891002194586685,-0.27512801755669347,0.14326993416239947,-0.27512801755669347,0.49397220190197505,0.8756400877834675,0.6605120702267739,0.09839795171909294,0.6605120702267739,0.5891660570592538,1.1487198244330652,-0.7276956839795173,0.1242940746159473,-0.7276956839795173,0.6155157278712511,0.6378200438917336,0.28980980248719834,0.05974396488661304,0.28980980248719834,0.19166788588149236,0.31346013167520115,-0.004359912216532591,0.1408339429407462,-0.004359912216532591,0.06782004389173371
2.6540000000000004,,-29.894837844428174,0.0,15.860119483052912,,,,,,,,63.4676420385272,-12.912509144111196,64.76795903438187,0.8,0.38614240429163615,0.08052182394537913,0.38614240429163615,0.4440551085101196,0.6267983418678371,0.3573201658132163,0.10509875640087785,0.3573201658132163,0.4333357717629847,0.7901975128017558,0.5021580102414045,0.254379419653743,0.5021580102414045,0.32973908802731045,1.2901975128017558,0.15810290173128502,0.21973908802731043,0.15810290173128502,1.1767349426969032,2.153596683735674,1.6953596683735674,0.28117776152158014,1.6953596683735674,1.1179127042184835,1.2267983418678372,0.6289563521092417,0.12660082906608144,0.6289563521092417,0.9492806632528652,1.5732016581321628,0.26274323335771754,0.1029407461594733,0.26274323335771754,1.2937234820775418,0.5830041453304071,-0.2746403316264326,0.14509875640087788,-0.2746403316264326,0.4883638137039746,0.8732016581321629,0.6585613265057303,0.09973908802731044,0.6585613265057303,0.5875810777859058,1.1535966837356744,-0.7364740307242137,0.12222140941233843,-0.7364740307242137,0.6230748597902952,0.6366008290660814,0.2952962692026336,0.06071933674713486,0.2952962692026336,0.19483784442818827,0.3098024871982443,-0.006798341867837149,0.14241892221409413,-0.006798341867837149,0.06660082906608143
2.704,,-28.898007802974874,0.0,15.331467934650085,,,,,,,,64.68817361619118,-13.160826627651794,66.01349670811999,0.8,0.3826066812972445,0.07783955132894413,0.3826066812972445,0.45124847598146806,0.6292367715191416,0.3570763228480858,0.10692757863935626,0.3570763228480858,0.4395537673738113,0.7938551572787125,0.50508412582297,0.2552328700316996,0.50508412582297,0.3310802243355279,1.2938551572787125,0.15383564984150205,0.22108022433552793,0.15383564984150205,1.1841721531333822,2.158473543038283,1.6958473543038284,0.28446964155084126,1.6958473543038284,1.1286417946842233,1.2292367715191417,0.6343208973421117,0.12538161424042915,0.6343208973421117,0.9483052913923433,1.5707632284808584,0.2579882955376737,0.10184345281638624,0.2579882955376737,1.2886027798098025,0.5769080712021458,-0.27415264569617165,0.1469275786393563,-0.27415264569617165,0.4827554255059741,0.8707632284808584,0.6566105827846866,0.10108022433552794,0.6566105827846866,0.585996098512558,1.1584735430382835,-0.7452523774689102,0.12014874420872955,-0.7452523774689102,0.6306339917093393,0.6353816142404292,0.3007827359180688,0.06169470860765668,0.3007827359180688,0.1980078029748842,0.3061448427212875,-0.009236771519141707,0.1440039014874421,-0.009236771519141707,0.06538161424042915
2.7540000000000004,,-27.901177761521566,0.0,14.802816386247255,,,,,,,,65.90870519385517,-13.409144111192395,67.2590343818581,0.8,0.3790709583028529,0.0751572787125091,0.3790709583028529,0.4584418434528165,0.6316752011704463,0.35683247988295536,0.10875640087783468,0.35683247988295536,0.445771762984638,0.7975128017556694,0.5080102414045355,0.25608632040965623,0.5080102414045355,0.33242136064374544,1.2975128017556694,0.14956839795171906,0.22242136064374546,0.14956839795171906,1.191609363569861,2.1633504023408925,1.696335040234089,0.28776152158010243,1.696335040234089,1.1393708851499635,1.2316752011704464,0.6396854425749818,0.12416239941477687,0.6396854425749818,0.9473299195318216,1.5683247988295537,0.2532333577176298,0.10074615947329918,0.2532333577176298,1.2834820775420628,0.5708119970738843,-0.27366495976591076,0.1487564008778347,-0.27366495976591076,0.47714703730797364,0.8683247988295537,0.654659839063643,0.10242136064374546,0.654659839063643,0.58441111923921,1.1633504023408925,-0.7540307242136066,0.11807607900512067,-0.7540307242136066,0.6381931236283834,0.6341623994147768,0.3062692026335041,0.0626700804681785,0.3062692026335041,0.20117776152158015,0.3024871982443306,-0.011675201170446264,0.14558888076079007,-0.011675201170446264,0.06416239941477687
2.8040000000000003,,-26.904347720068266,0.0,14.274164837844427,,,,,,,,67.12923677151916,-13.657461594732995,68.50457205559621,0.8,0.37553523530846133,0.0724750060960741,0.37553523530846133,0.46563521092416493,0.6341136308217508,0.3565886369178249,0.1105852231163131,0.3565886369178249,0.4519897585954646,0.8011704462326262,0.510936356986101,0.2569397707876128,0.510936356986101,0.3337624969519629,1.3011704462326261,0.1453011460619361,0.22376249695196296,0.1453011460619361,1.1990465740063398,2.1682272616435014,1.69682272616435,0.2910534016093636,1.69682272616435,1.1500999756157035,1.2341136308217509,0.6450499878078518,0.1229431845891246,0.6450499878078518,0.9463545476712997,1.5658863691782492,0.2484784198975859,0.09964886613021215,0.2484784198975859,1.2783613752743233,0.564715922945623,-0.2731772738356498,0.15058522311631312,-0.2731772738356498,0.4715386491099732,0.8658863691782492,0.6527090953425994,0.10376249695196296,0.6527090953425994,0.582826139965862,1.1682272616435017,-0.7628090709583029,0.1160034138015118,-0.7628090709583029,0.6457522555474275,0.6329431845891246,0.31175566934893933,0.06364545232870032,0.31175566934893933,0.20434772006827606,0.2988295537673738,-0.014113630821750822,0.14717386003413802,-0.014113630821750822,0.0629431845891246
2.8540000000000005,,-25.90751767861496,0.0,13.745513289441593,,,,,,,,68.34976834918315,-13.905779078273596,69.75010972933434,0.8,0.3719995123140697,0.06979273347963907,0.3719995123140697,0.47282857839551345,0.6365520604730553,0.35634479395269447,0.11241404535479152,0.35634479395269447,0.45820775420629123,0.804828090709583,0.5138624725676664,0.2577932211655694,0.5138624725676664,0.33510363326018044,1.304828090709583,0.1410338941721531,0.22510363326018046,0.1410338941721531,1.206483784442819,2.1731041209461104,1.697310412094611,0.2943452816386248,1.697310412094611,1.1608290660814438,1.2365520604730555,0.6504145330407218,0.12172396976347231,0.6504145330407218,0.9453791758107779,1.5634479395269447,0.24372348207754202,0.09855157278712509,0.24372348207754202,1.2732406730065837,0.5586198488173616,-0.27268958790538894,0.15241404535479156,-0.27268958790538894,0.46593026091197265,0.8634479395269447,0.6507583516215557,0.10510363326018048,0.6507583516215557,0.5812411606925141,1.1731041209461108,-0.7715874177029993,0.1139307485979029,-0.7715874177029993,0.6533113874664718,0.6317239697634722,0.3172421360643746,0.06462082418922216,0.3172421360643746,0.207517678614972,0.2951719092904169,-0.01655206047305538,0.148758839307486,-0.01655206047305538,0.06172396976347232
2.9040000000000004,,-24.910687637161658,0.0,13.21686174103877,,,,,,,,69.57029992684713,-14.154096561814194,70.99564740307244,0.8,0.3684637893196781,0.06711046086320405,0.3684637893196781,0.48002194586686187,0.6389904901243599,0.356100950987564,0.11424286759326995,0.356100950987564,0.46442574981711787,0.8084857351865399,0.5167885881492319,0.258646671543526,0.5167885881492319,0.33644476956839797,1.3084857351865398,0.13676664228237012,0.22644476956839799,0.13676664228237012,1.2139209948792977,2.1779809802487198,1.697798098024872,0.2976371616678859,1.697798098024872,1.1715581565471838,1.23899049012436,0.6557790782735919,0.12050475493782004,0.6557790782735919,0.944403803950256,1.56100950987564,0.23896854425749814,0.09745427944403803,0.23896854425749814,1.268119970738844,0.5525237746891002,-0.272201901975128,0.15424286759326997,-0.272201901975128,0.4603218727139722,0.8610095098756401,0.6488076079005121,0.10644476956839798,0.6488076079005121,0.5796561814191661,1.1779809802487198,-0.7803657644476958,0.11185808339429404,-0.7803657644476958,0.6608705193855159,0.63050475493782,0.32272860277980986,0.06559619604974398,0.32272860277980986,0.2106876371616679,0.2915142648134601,-0.018990490124359938,0.15034381858083395,-0.018990490124359938,0.06050475493782004
2.954,,-23.913857595708357,0.0,12.688210192635943,,,,,,,,70.7908315045111,-14.402414045354794,72.24118507681055,0.8,0.3649280663252865,0.06442818824676905,0.3649280663252865,0.4872153133382103,0.6414289197756644,0.35585710802243353,0.11607168983174836,0.35585710802243353,0.47064374542794446,0.8121433796634967,0.5197147037307974,0.2595001219214826,0.5197147037307974,0.3377859058766155,1.3121433796634967,0.13249939039258715,0.22778590587661546,0.13249939039258715,1.2213582053157765,2.1828578395513287,1.6982857839551329,0.30092904169714707,1.6982857839551329,1.1822872470129238,1.2414289197756645,0.6611436235064618,0.11928554011216776,0.6611436235064618,0.9434284320897343,1.5585710802243355,0.23421360643745426,0.09635698610095099,0.23421360643745426,1.2629992684711044,0.5464277005608389,-0.2717142160448671,0.15607168983174838,-0.2717142160448671,0.4547134845159717,0.8585710802243356,0.6468568641794684,0.10778590587661548,0.6468568641794684,0.5780712021458181,1.182857839551329,-0.7891441111923921,0.10978541819068517,-0.7891441111923921,0.66842965130456,0.6292855401121678,0.32821506949524515,0.06657156791026579,0.32821506949524515,0.21385759570836385,0.2878566203365033,-0.021428919775664496,0.15192879785418192,-0.021428919775664496,0.05928554011216776
3.0040000000000004,,-22.917027554255043,0.0,12.159558644233112,,,,,,,,72.0113630821751,-14.650731528895395,73.48672275054867,0.8,0.36139234333089487,0.06174591563033402,0.36139234333089487,0.4944086808095588,0.643867349426969,0.35561326505730306,0.11790051207022678,0.35561326505730306,0.4768617410387711,0.8158010241404536,0.5226408193123628,0.2603535722994392,0.5226408193123628,0.33912704218483297,1.3158010241404536,0.12823213850280413,0.22912704218483299,0.12823213850280413,1.2287954157522556,2.187734698853938,1.6987734698853938,0.30422092172640824,1.6987734698853938,1.1930163374786638,1.2438673494269692,0.6665081687393319,0.11806632528651546,0.6665081687393319,0.9424530602292124,1.5561326505730309,0.22945866861741032,0.09525969275786393,0.22945866861741032,1.257878566203365,0.5403316264325774,-0.2712265301146062,0.15790051207022682,-0.2712265301146062,0.4491050963179712,0.856132650573031,0.6449061204584248,0.109127042184833,0.6449061204584248,0.5764862228724701,1.1877346988539381,-0.7979224579370886,0.10771275298707629,-0.7979224579370886,0.6759887832236041,0.6280663252865154,0.33370153621068044,0.06754693977078763,0.33370153621068044,0.2170275542550598,0.28419897585954645,-0.02386734942696908,0.1535137771275299,-0.02386734942696908,0.058066325286515466
3.0540000000000003,,-21.920197512801742,0.0,11.630907095830285,,,,,,,,73.23189465983909,-14.899049012435993,74.73226042428678,0.8,0.35785662033650323,0.05906364301389902,0.35785662033650323,0.5016020482809072,0.6463057790782736,0.3553694220921726,0.1197293343087052,0.3553694220921726,0.4830797366495977,0.8194586686174105,0.5255669348939283,0.2612070226773958,0.5255669348939283,0.3404681784930505,1.3194586686174103,0.12396488661302119,0.2304681784930505,0.12396488661302119,1.2362326261887344,2.192611558156547,1.6992611558156547,0.30751280175566936,1.6992611558156547,1.203745427944404,1.2463057790782737,0.671872713972202,0.1168471104608632,0.671872713972202,0.9414776883686906,1.5536942209217264,0.22470373079736644,0.09416239941477689,0.22470373079736644,1.2527578639356254,0.5342355523043161,-0.2707388441843453,0.15972933430870523,-0.2707388441843453,0.4434967081199707,0.8536942209217264,0.6429553767373811,0.1104681784930505,0.6429553767373811,0.5749012435991222,1.1926115581565473,-0.806700804681785,0.10564008778346742,-0.806700804681785,0.6835479151426482,0.6268471104608632,0.3391880029261157,0.06852231163130945,0.3391880029261157,0.2201975128017557,0.28054133138258963,-0.02630577907827361,0.15509875640087784,-0.02630577907827361,0.0568471104608632
3.1040000000000005,,-20.923367471348435,0.0,11.102255547427454,,,,,,,,74.45242623750308,-15.147366495976595,75.97779809802489,0.8,0.35432089734211164,0.05638137039746399,0.35432089734211164,0.5087954157522557,0.6487442087295782,0.3551255791270422,0.12155815654718362,0.3551255791270422,0.4892977322604244,0.8231163130943673,0.5284930504754938,0.2620604730553524,0.5284930504754938,0.34180931480126797,1.3231163130943673,0.11969763472323819,0.231809314801268,0.11969763472323819,1.2436698366252132,2.197488417459156,1.6997488417459157,0.31080468178493054,1.6997488417459157,1.214474518410144,1.2487442087295781,0.677237259205072,0.1156278956352109,0.677237259205072,0.9405023165081687,1.551255791270422,0.21994879297732256,0.09306510607168983,0.21994879297732256,1.2476371616678859,0.5281394781760546,-0.27025115825408436,0.16155815654718364,-0.27025115825408436,0.4378883199219702,0.8512557912704218,0.6410046330163375,0.11180931480126802,0.6410046330163375,0.5733162643257742,1.1974884174591565,-0.8154791514264814,0.10356742257985854,-0.8154791514264814,0.6911070470616925,0.6256278956352109,0.34467446964155096,0.06949768349183127,0.34467446964155096,0.22336747134845164,0.27688368690563275,-0.028744208729578197,0.15668373567422583,-0.028744208729578197,0.05562789563521091
3.1540000000000004,,-19.926537429895134,0.0,10.573603999024627,,,,,,,,75.67295781516705,-15.395683979517194,77.223335771763,0.8,0.35078517434772005,0.05369909778102899,0.35078517434772005,0.5159887832236041,0.6511826383808828,0.3548817361619117,0.12338697878566204,0.3548817361619117,0.495515727871251,0.8267739575713241,0.5314191660570593,0.262913923433309,0.5314191660570593,0.3431504511094855,1.326773957571324,0.11543038283345525,0.2331504511094855,0.11543038283345525,1.2511070470616923,2.2023652767617654,1.7002365276761766,0.3140965618141917,1.7002365276761766,1.225203608875884,1.2511826383808828,0.682601804437942,0.11440868080955863,0.682601804437942,0.939526944647647,1.5488173616191172,0.21519385515727868,0.09196781272860277,0.21519385515727868,1.242516459400146,0.5220434040477933,-0.26976347232382347,0.16338697878566205,-0.26976347232382347,0.4322799317239697,0.8488173616191172,0.6390538892952938,0.11315045110948552,0.6390538892952938,0.5717312850524263,1.2023652767617654,-0.8242574981711779,0.10149475737624966,-0.8242574981711779,0.6986661789807366,0.6244086808095586,0.3501609363569862,0.0704730553523531,0.3501609363569862,0.22653742989514755,0.2732260424286759,-0.031182638380882755,0.15826871494757377,-0.031182638380882755,0.05440868080955863
3.2040000000000006,,-18.929707388441827,0.0,10.044952450621793,,,,,,,,76.89348939283104,-15.644001463057796,78.46887344550113,0.8,0.3472494513533284,0.05101682516459394,0.3472494513533284,0.5231821506949526,0.6536210680321872,0.35463789319678124,0.12521580102414048,0.35463789319678124,0.5017337234820777,0.8304316020482809,0.5343452816386247,0.2637673738112656,0.5343452816386247,0.344491587417703,1.330431602048281,0.1111631309436722,0.23449158741770304,0.1111631309436722,1.2585442574981711,2.2072421360643744,1.7007242136064373,0.3173884418434529,1.7007242136064373,1.2359326993416242,1.2536210680321873,0.6879663496708122,0.11318946598390635,0.6879663496708122,0.9385515727871251,1.5463789319678127,0.21043891733723474,0.09087051938551571,0.21043891733723474,1.2373957571324066,0.5159473299195317,-0.26927578639356253,0.1652158010241405,-0.26927578639356253,0.4266715435259692,0.8463789319678128,0.6371031455742502,0.11449158741770303,0.6371031455742502,0.5701463057790783,1.2072421360643746,-0.8330358449158743,0.09942209217264078,-0.8330358449158743,0.7062253108997807,0.6231894659839063,0.3556474030724215,0.07144842721287492,0.3556474030724215,0.22970738844184352,0.26956839795171905,-0.03362106803218731,0.15985369422092177,-0.03362106803218731,0.05318946598390635
3.2540000000000004,,-17.932877346988526,0.0,9.516300902218966,,,,,,,,78.11402097049502,-15.892318946598394,79.71441111923923,0.8,0.3437137283589368,0.04833455254815894,0.3437137283589368,0.530375518166301,0.6560594976834918,0.35439405023165077,0.1270446232626189,0.35439405023165077,0.5079517190929043,0.8340892465252379,0.5372713972201902,0.26462082418922217,0.5372713972201902,0.34583272372592055,1.3340892465252376,0.10689587905388925,0.23583272372592054,0.10689587905388925,1.2659814679346502,2.2121189953669838,1.7012118995366983,0.320680321872714,1.7012118995366983,1.2466617898073642,1.2560594976834918,0.6933308949036822,0.11197025115825407,0.6933308949036822,0.9375762009266033,1.543940502316508,0.20568397951719086,0.08977322604242867,0.20568397951719086,1.232275054864667,0.5098512557912704,-0.26878810046330165,0.16704462326261893,-0.26878810046330165,0.42106315532796873,0.8439405023165082,0.6351524018532065,0.11583272372592054,0.6351524018532065,0.5685613265057303,1.2121189953669838,-0.8418141916605707,0.0973494269690319,-0.8418141916605707,0.7137844428188248,0.6219702511582541,0.3611338697878567,0.07242379907339674,0.3611338697878567,0.23287734698853943,0.26591075347476223,-0.03605949768349187,0.1614386734942697,-0.03605949768349187,0.05197025115825407
3.3040000000000003,,-16.936047305535226,0.0,8.987649353816138,,,,,,,,79.334552548159,-16.140636430138994,80.95994879297734,0.8,0.34017800536454523,0.04565227993172394,0.34017800536454523,0.5375688856376495,0.6584979273347964,0.35415020726652036,0.1288734455010973,0.35415020726652036,0.5141697147037309,0.8377468910021946,0.5401975128017557,0.26547427456717876,0.5401975128017557,0.347173860034138,1.3377468910021946,0.10262862716410631,0.23717386003413804,0.10262862716410631,1.273418678371129,2.2169958546695927,1.7016995854669592,0.3239722019019752,1.7016995854669592,1.2573908802731042,1.2584979273347965,0.6986954401365522,0.11075103633260179,0.6986954401365522,0.9366008290660814,1.5415020726652036,0.20092904169714698,0.08867593269934163,0.20092904169714698,1.2271543525969275,0.503755181663009,-0.2683004145330407,0.16887344550109734,-0.2683004145330407,0.41545476712996826,0.8415020726652036,0.6332016581321629,0.11717386003413804,0.6332016581321629,0.5669763472323823,1.216995854669593,-0.850592538405267,0.09527676176542305,-0.850592538405267,0.7213435747378689,0.6207510363326018,0.36662033650329195,0.07339917093391857,0.36662033650329195,0.23604730553523534,0.2622531089978054,-0.03849792733479643,0.16302365276761766,-0.03849792733479643,0.05075103633260179
3.3540000000000005,,-15.939217264081918,0.0,8.458997805413311,,,,,,,,80.55508412582299,-16.388953913679593,82.20548646671546,0.8,0.3366422823701536,0.04297000731528891,0.3366422823701536,0.544762253108998,0.660936356986101,0.3539063643013899,0.13070226773957572,0.3539063643013899,0.5203877103145576,0.8414045354791515,0.5431236283833212,0.26632772494513535,0.5431236283833212,0.34851499634235555,1.3414045354791515,0.09836137527432331,0.23851499634235557,0.09836137527432331,1.2808558888076078,2.2218727139722017,1.7021872713972201,0.32726408193123635,1.7021872713972201,1.2681199707388444,1.260936356986101,0.7040599853694223,0.10953182150694951,0.7040599853694223,0.9356254572055597,1.539063643013899,0.1961741038771031,0.08757863935625457,0.1961741038771031,1.222033650329188,0.49765910753474757,-0.2678127286027798,0.17070226773957575,-0.2678127286027798,0.40984637893196774,0.839063643013899,0.6312509144111191,0.11851499634235556,0.6312509144111191,0.5653913679590344,1.221872713972202,-0.8593708851499635,0.09320409656181414,-0.8593708851499635,0.7289027066569131,0.6195318215069495,0.37210680321872724,0.07437454279444039,0.37210680321872724,0.23921726408193128,0.2585954645208486,-0.040936356986100986,0.16460863204096565,-0.040936356986100986,0.049531821506949514
3.4040000000000004,,-14.94238722262861,0.0,7.930346257010484,,,,,,,,81.77561570348698,-16.637271397220193,83.45102414045357,0.8,0.33310655937576195,0.04028773469885391,0.33310655937576195,0.5519556205803464,0.6633747866374055,0.3536625213362594,0.13253108997805416,0.3536625213362594,0.5266057059253841,0.8450621799561083,0.5460497439648866,0.26718117532309194,0.5460497439648866,0.349856132650573,1.3450621799561082,0.09409412338454032,0.23985613265057304,0.09409412338454032,1.2882930992440869,2.226749573274811,1.702674957327481,0.33055596196049747,1.702674957327481,1.2788490612045844,1.2633747866374057,0.7094245306022922,0.10831260668129723,0.7094245306022922,0.9346500853450378,1.5366252133625944,0.19141916605705922,0.08648134601316751,0.19141916605705922,1.2169129480614482,0.4915630334064862,-0.2673250426725189,0.17253108997805416,-0.2673250426725189,0.40423799073396727,0.8366252133625945,0.6293001706900756,0.11985613265057306,0.6293001706900756,0.5638063886856864,1.226749573274811,-0.86814923189466,0.09113143135820528,-0.86814923189466,0.7364618385759572,0.6183126066812972,0.3775932699341625,0.07534991465496221,0.3775932699341625,0.2423872226286272,0.2549378200438917,-0.043374786637405544,0.1661936113143136,-0.043374786637405544,0.048312606681297235
3.4540000000000006,,-13.945557181175303,0.0,7.40169470860765,,,,,,,,82.99614728115097,-16.885588880760796,84.6965618141917,0.8,0.32957083638137036,0.03760546208241888,0.32957083638137036,0.5591489880516949,0.66581321628871,0.35341867837112895,0.13435991221653257,0.35341867837112895,0.5328237015362108,0.8487198244330652,0.5489758595464521,0.2680346257010486,0.5489758595464521,0.35119726895879055,1.3487198244330652,0.08982687149475732,0.24119726895879057,0.08982687149475732,1.2957303096805657,2.23162643257742,1.703162643257742,0.33384784198975864,1.703162643257742,1.2895781516703244,1.2658132162887101,0.7147890758351623,0.10709339185564494,0.7147890758351623,0.933674713484516,1.53418678371129,0.18666422823701528,0.08538405267008045,0.18666422823701528,1.2117922457937087,0.48546695927822475,-0.266837356742258,0.1743599122165326,-0.266837356742258,0.39862960253596674,0.83418678371129,0.6273494269690318,0.12119726895879057,0.6273494269690318,0.5622214094123384,1.2316264325774202,-0.8769275786393564,0.0890587661545964,-0.8769275786393564,0.7440209704950014,0.6170933918556449,0.38307973664959777,0.07632528651548404,0.38307973664959777,0.24555718117532316,0.2512801755669348,-0.04581321628871013,0.1677785905876616,-0.04581321628871013,0.04709339185564494
3.5040000000000004,,-12.94872713972201,0.0,6.873043160204823,,,,,,,,84.21667885881494,-17.133906364301392,85.9420994879298,0.8,0.32603511338697877,0.034923189465983856,0.32603511338697877,0.5663423555230434,0.6682516459400146,0.35317483540599853,0.136188734455011,0.35317483540599853,0.5390416971470374,0.852377468910022,0.5519019751280175,0.26888807607900517,0.5519019751280175,0.3525384052670081,1.3523774689100219,0.08555961960497438,0.2425384052670081,0.08555961960497438,1.3031675201170447,2.2365032918800294,1.703650329188003,0.3371397220190198,1.703650329188003,1.3003072421360646,1.2682516459400146,0.7201536210680324,0.10587417702999267,0.7201536210680324,0.9326993416239941,1.5317483540599852,0.1819092904169714,0.08428675932699341,0.1819092904169714,1.2066715435259692,0.4793708851499634,-0.26634967081199706,0.176188734455011,-0.26634967081199706,0.3930212143379663,0.8317483540599854,0.6253986832479883,0.12253840526700809,0.6253986832479883,0.5606364301389906,1.2365032918800294,-0.8857059253840528,0.08698610095098752,-0.8857059253840528,0.7515801024140455,0.6158741770299927,0.388566203365033,0.07730065837600586,0.388566203365033,0.24872713972201907,0.247622531089978,-0.04825164594001466,0.16936356986100953,-0.04825164594001466,0.04587417702999268
3.5540000000000007,,-11.951897098268688,0.0,6.344391611801996,,,,,,,,85.43721043647894,-17.382223847841995,87.18763716166792,0.8,0.3224993903925871,0.03224091684954883,0.3224993903925871,0.5735357229943918,0.6706900755913192,0.35293099244086806,0.13801755669348942,0.35293099244086806,0.5452596927578641,0.8560351133869788,0.554828090709583,0.26974152645696176,0.554828090709583,0.3538795415752256,1.3560351133869788,0.08129236771519138,0.2438795415752256,0.08129236771519138,1.3106047305535236,2.2413801511826383,1.704138015118264,0.340431602048281,1.704138015118264,1.3110363326018046,1.2706900755913193,0.7255181663009024,0.10465496220434038,0.7255181663009024,0.9317239697634724,1.5293099244086807,0.17715435259692747,0.08318946598390635,0.17715435259692747,1.2015508412582294,0.47327481102170194,-0.2658619848817362,0.17801755669348945,-0.2658619848817362,0.3874128261399658,0.8293099244086808,0.6234479395269446,0.1238795415752256,0.6234479395269446,0.5590514508656426,1.2413801511826386,-0.8944842721287493,0.08491343574737864,-0.8944842721287493,0.7591392343330896,0.6146549622043403,0.3940526700804683,0.0782760302365277,0.3940526700804683,0.251897098268715,0.24396488661302118,-0.050690075591319245,0.1709485491343575,-0.050690075591319245,0.044654962204340384
3.6040000000000005,,-10.955067056815395,0.0,5.8157400633991685,,,,,,,,86.65774201414291,-17.630541331382595,88.43317483540602,0.8,0.31896366739819554,0.02955864423311383,0.31896366739819554,0.5807290904657403,0.6731285052426237,0.3526871494757376,0.13984637893196783,0.3526871494757376,0.5514776883686907,0.8596927578639357,0.5577542062911485,0.27059497683491834,0.5577542062911485,0.3552206778834431,1.3596927578639355,0.07702511582540839,0.2452206778834431,0.07702511582540839,1.3180419409900024,2.2462570104852473,1.7046257010485246,0.3437234820775421,1.7046257010485246,1.3217654230675446,1.2731285052426238,0.7308827115337724,0.1034357473786881,0.7308827115337724,0.9307485979029505,1.5268714947573763,0.17239941477688364,0.0820921726408193,0.17239941477688364,1.1964301389904899,0.4671787368934406,-0.26537429895147524,0.17984637893196787,-0.26537429895147524,0.38180443794196534,0.8268714947573763,0.621497195805901,0.1252206778834431,0.621497195805901,0.5574664715922946,1.2462570104852477,-0.9032626188734456,0.08284077054376976,-0.9032626188734456,0.7666983662521337,0.6134357473786881,0.3995391367959035,0.0792514020970495,0.3995391367959035,0.2550670568154109,0.24030724213606436,-0.0531285052426238,0.17253352840770547,-0.0531285052426238,0.043435747378688105
3.6540000000000004,,-9.958237015362087,0.0,5.287088514996341,,,,,,,,87.87827359180689,-17.87885881492319,89.67871250914413,0.8,0.31542794440380395,0.02687637161667883,0.31542794440380395,0.5879224579370887,0.6755669348939283,0.3524433065106071,0.14167520117044624,0.3524433065106071,0.5576956839795173,0.8633504023408924,0.560680321872714,0.27144842721287493,0.560680321872714,0.35656181419166055,1.3633504023408924,0.07275786393562544,0.2465618141916606,0.07275786393562544,1.3254791514264812,2.2511338697878567,1.7051133869787856,0.3470153621068032,1.7051133869787856,1.3324945135332846,1.2755669348939285,0.7362472567666424,0.10221653255303584,0.7362472567666424,0.9297732260424287,1.5244330651060716,0.16764447695683976,0.08099487929773226,0.16764447695683976,1.1913094367227504,0.46108266276517923,-0.26488661302121436,0.18167520117044628,-0.26488661302121436,0.37619604974396487,0.8244330651060717,0.6195464520848573,0.1265618141916606,0.6195464520848573,0.5558814923189466,1.2511338697878567,-0.912040965618142,0.0807681053401609,-0.912040965618142,0.7742574981711778,0.6122165325530358,0.40502560351133876,0.08022677395757133,0.40502560351133876,0.25823701536210686,0.23664959765910754,-0.05556693489392833,0.1741185076810534,-0.05556693489392833,0.04221653255303584
3.7040000000000006,,-8.96140697390878,0.0,4.758436966593507,,,,,,,,89.09880516947088,-18.127176298463795,90.92425018288225,0.8,0.3118922214094123,0.0241940990002438,0.3118922214094123,0.5951158254084372,0.6780053645452329,0.3521994635454767,0.14350402340892468,0.3521994635454767,0.563913679590344,0.8670080468178494,0.5636064374542795,0.2723018775908316,0.5636064374542795,0.3579029504998781,1.3670080468178494,0.06849061204584245,0.2479029504998781,0.06849061204584245,1.3329163618629603,2.2560107290904656,1.7056010729090465,0.3503072421360644,1.7056010729090465,1.3432236039990249,1.278005364545233,0.7416118019995124,0.10099731772738355,0.7416118019995124,0.9287978541819069,1.521994635454767,0.16288953913679582,0.0798975859546452,0.16288953913679582,1.1861887344550108,0.45498658863691777,-0.2643989270909534,0.1835040234089247,-0.2643989270909534,0.37058766154596434,0.8219946354547671,0.6175957083638136,0.1279029504998781,0.6175957083638136,0.5542965130455987,1.2560107290904658,-0.9208193123628384,0.07869544013655203,-0.9208193123628384,0.7818166300902221,0.6109973177273835,0.41051207022677405,0.08120214581809317,0.41051207022677405,0.2614069739088028,0.23299195318215066,-0.05800536454523292,0.1757034869544014,-0.05800536454523292,0.04099731772738355
3.7540000000000004,,-7.964576932455486,0.0,4.22978541819068,,,,,,,,90.31933674713487,-18.375493782004394,92.16978785662036,0.8,0.3083564984150207,0.021511826383808774,0.3083564984150207,0.6023091928797857,0.6804437941965374,0.35195562058034624,0.1453328456474031,0.35195562058034624,0.5701316752011706,0.8706656912948062,0.5665325530358449,0.27315532796878816,0.5665325530358449,0.3592440868080956,1.370665691294806,0.06422336015605945,0.24924408680809562,0.06422336015605945,1.340353572299439,2.2608875883930746,1.7060887588393074,0.3535991221653256,1.7060887588393074,1.3539526944647648,1.2804437941965374,0.7469763472323825,0.09977810290173127,0.7469763472323825,0.9278224823213851,1.5195562058034626,0.15813460131675194,0.07880029261155815,0.15813460131675194,1.1810680321872713,0.4488905145086564,-0.26391124116069253,0.1853328456474031,-0.26391124116069253,0.3649792733479639,0.8195562058034626,0.61564496464277,0.12924408680809563,0.61564496464277,0.5527115337722507,1.260887588393075,-0.9295976591075349,0.07662277493294314,-0.9295976591075349,0.7893757620092662,0.6097781029017313,0.4159985369422093,0.08217751767861498,0.4159985369422093,0.26457693245549874,0.22933430870519383,-0.060443794196537476,0.17728846622774935,-0.060443794196537476,0.03977810290173127
3.8040000000000007,,-6.967746891002179,0.0,3.701133869787853,,,,,,,,91.53986832479886,-18.623811265544994,93.41532553035849,0.8,0.3048207754206291,0.018829553767373747,0.3048207754206291,0.6095025603511341,0.682882223847842,0.35171177761521577,0.14716166788588153,0.35171177761521577,0.5763496708119972,0.874323335771763,0.5694586686174103,0.27400877834674475,0.5694586686174103,0.36058522311631314,1.374323335771763,0.05995610826627645,0.25058522311631315,0.05995610826627645,1.3477907827359181,2.265764447695684,1.7065764447695684,0.35689100219458675,1.7065764447695684,1.364681784930505,1.2828822238478421,0.7523408924652526,0.09855888807607899,0.7523408924652526,0.9268471104608632,1.517117776152158,0.153379663496708,0.07770299926847109,0.153379663496708,1.1759473299195315,0.44279444038039495,-0.2634235552304316,0.18716166788588157,-0.2634235552304316,0.35937088514996335,0.817117776152158,0.6136942209217263,0.13058522311631315,0.6136942209217263,0.5511265544989027,1.265764447695684,-0.9383760058522314,0.07455010972933426,-0.9383760058522314,0.7969348939283103,0.6085588880760789,0.4214850036576446,0.08315288953913681,0.4214850036576446,0.2677468910021946,0.22567666422823696,-0.06288222384784203,0.17887344550109732,-0.06288222384784203,0.03855888807607899
3.8540000000000005,,-5.970916849548871,0.0,3.1724823213850257,,,,,,,,92.76039990246284,-18.872128749085594,94.66086320409659,0.8,0.3012850524262375,0.016147281150938747,0.3012850524262375,0.6166959278224824,0.6853206534991465,0.3514679346500853,0.14899049012435994,0.3514679346500853,0.5825676664228239,0.87798098024872,0.5723847841989759,0.27486222872470134,0.5723847841989759,0.3619263594245306,1.3779809802487197,0.05568885637649351,0.2519263594245306,0.05568885637649351,1.355227993172397,2.270641306998293,1.7070641306998293,0.36018288222384787,1.7070641306998293,1.3754108753962448,1.2853206534991466,0.7577054376981225,0.09733967325042671,0.7577054376981225,0.9258717386003414,1.5146793465008535,0.14862472567666418,0.07660570592538404,0.14862472567666418,1.170826627651792,0.4366983662521336,-0.2629358693001707,0.18899049012435998,-0.2629358693001707,0.3537624969519629,0.8146793465008535,0.6117434772006827,0.13192635942453063,0.6117434772006827,0.5495415752255548,1.2706413069982931,-0.9471543525969277,0.07247744452572538,-0.9471543525969277,0.8044940258473544,0.6073396732504267,0.42697147037307986,0.08412826139965864,0.42697147037307986,0.27091684954889056,0.22201901975128013,-0.06532065349914659,0.1804584247744453,-0.06532065349914659,0.03733967325042671
3.9040000000000004,,-4.974086808095578,0.0,2.6438307729821986,,,,,,,,93.98093148012681,-19.120446232626193,95.9064008778347,0.8,0.2977493294318459,0.013465008534503747,0.2977493294318459,0.6238892952938309,0.6877590831504511,0.3512240916849549,0.15081931236283835,0.3512240916849549,0.5887856620336505,0.8816386247256767,0.5753108997805414,0.27571567910265793,0.5753108997805414,0.36326749573274814,1.3816386247256767,0.051421604486710515,0.25326749573274815,0.051421604486710515,1.3626652036088758,2.275518166300902,1.7075518166300903,0.36347476225310904,1.7075518166300903,1.386139965861985,1.2877590831504513,0.7630699829309926,0.09612045842477443,0.7630699829309926,0.9248963667398196,1.512240916849549,0.1438697878566203,0.075508412582297,0.1438697878566203,1.1657059253840525,0.4306022921238722,-0.26244818336990977,0.1908193123628384,-0.26244818336990977,0.3481541087539624,0.8122409168495489,0.609792733479639,0.13326749573274815,0.609792733479639,0.5479565959522068,1.2755181663009023,-0.9559326993416241,0.07040477932211653,-0.9559326993416241,0.8120531577663985,0.6061204584247744,0.4324579370885151,0.08510363326018046,0.4324579370885151,0.2740868080955865,0.2183613752743233,-0.06775908315045115,0.18204340404779323,-0.06775908315045115,0.03612045842477443
3.9540000000000006,,-3.977256766642256,0.0,2.1151792245793644,,,,,,,,95.2014630577908,-19.368763716166793,97.15193855157281,0.8,0.29421360643745426,0.01078273591806872,0.29421360643745426,0.6310826627651793,0.6901975128017557,0.3509802487198244,0.15264813460131677,0.3509802487198244,0.595003657644477,0.8852962692026336,0.5782370153621068,0.2765691294806145,0.5782370153621068,0.3646086320409656,1.3852962692026334,0.04715435259692752,0.2546086320409656,0.04715435259692752,1.3701024140453548,2.2803950256035113,1.7080395025603512,0.3667666422823702,1.7080395025603512,1.396869056327725,1.2901975128017558,0.7684345281638626,0.09490124359912215,0.7684345281638626,0.9239209948792978,1.5098024871982443,0.13911485003657637,0.07441111923920994,0.13911485003657637,1.160585223116313,0.4245062179956108,-0.2619604974396489,0.1926481346013168,-0.2619604974396489,0.3425457205559619,0.8098024871982443,0.6078419897585954,0.13460863204096565,0.6078419897585954,0.5463716166788588,1.2803950256035115,-0.9647110460863205,0.06833211411850762,-0.9647110460863205,0.8196122896854428,0.6049012435991221,0.4379444038039504,0.08607900512070228,0.4379444038039504,0.27725676664228244,0.2147037307973665,-0.07019751280175571,0.18362838332114123,-0.07019751280175571,0.03490124359912215
4.0040000000000004,,-2.9804267251889627,0.0,1.5865276761765372,,,,,,,,96.4219946354548,-19.617081199707393,98.39747622531092,0.8,0.29067788344306267,0.008100463301633692,0.29067788344306267,0.6382760302365278,0.6926359424530601,0.35073640575469395,0.1544769568397952,0.35073640575469395,0.6012216532553037,0.8889539136795904,0.5811631309436722,0.2774225798585711,0.5811631309436722,0.36594976834918314,1.3889539136795903,0.042887100707144576,0.25594976834918315,0.042887100707144576,1.3775396244818336,2.28527188490612,1.708527188490612,0.37005852231163133,1.708527188490612,1.407598146793465,1.2926359424530602,0.7737990733967326,0.09368202877346987,0.7737990733967326,0.9229456230187759,1.5073640575469398,0.13435991221653248,0.0733138258961229,0.13435991221653248,1.1554645208485734,0.41841014386734937,-0.26147281150938795,0.1944769568397952,-0.26147281150938795,0.3369373323579614,0.8073640575469399,0.6058912460375517,0.13594976834918315,0.6058912460375517,0.5447866374055108,1.2852718849061207,-0.9734893928310169,0.06625944891489877,-0.9734893928310169,0.8271714216044869,0.6036820287734699,0.4434308705193856,0.0870543769812241,0.4434308705193856,0.2804267251889784,0.2110460863204096,-0.07263594245306026,0.18521336259448917,-0.07263594245306026,0.033682028773469874
4.054000000000001,,-1.9835966837356551,0.0,1.05787612777371,,,,,,,,97.64252621311878,-19.865398683247992,99.64301389904905,0.8,0.287142160448671,0.005418190685198665,0.287142160448671,0.6454693977078763,0.6950743721043648,0.3504925627895635,0.15630577907827362,0.3504925627895635,0.6074396488661303,0.8926115581565472,0.5840892465252377,0.2782760302365277,0.5840892465252377,0.36729090465740066,1.3926115581565472,0.03861984881736158,0.2572909046574007,0.03861984881736158,1.3849768349183127,2.2901487442087296,1.7090148744208729,0.3733504023408925,1.7090148744208729,1.4183272372592053,1.295074372104365,0.7791636186296027,0.09246281394781758,0.7791636186296027,0.9219702511582542,1.504925627895635,0.12960497439648855,0.07221653255303584,0.12960497439648855,1.1503438185808337,0.41231406973908796,-0.26098512557912706,0.19630577907827362,-0.26098512557912706,0.3313289441599609,0.8049256278956352,0.6039405023165081,0.13729090465740068,0.6039405023165081,0.5432016581321629,1.2901487442087296,-0.9822677395757133,0.06418678371128989,-0.9822677395757133,0.834730553523531,0.6024628139478175,0.4489173372348209,0.08802974884174593,0.4489173372348209,0.28359668373567426,0.2073884418434528,-0.07507437210436485,0.18679834186783714,-0.07507437210436485,0.03246281394781758
4.104000000000001,,-0.9867666422823476,0.0,0.529224579370883,,,,,,,,98.86305779078276,-20.113716166788592,100.88855157278715,0.8,0.28360643745427944,0.0027359180687636653,0.28360643745427944,0.6526627651792247,0.6975128017556693,0.35024871982443306,0.15813460131675203,0.35024871982443306,0.6136576444769569,0.8962692026335041,0.5870153621068033,0.2791294806144843,0.5870153621068033,0.3686320409656182,1.396269202633504,0.03435259692757858,0.2586320409656182,0.03435259692757858,1.3924140453547915,2.2950256035113386,1.7095025603511338,0.3766422823701537,1.7095025603511338,1.4290563277249453,1.2975128017556694,0.7845281638624727,0.09124359912216531,0.7845281638624727,0.9209948792977323,1.5024871982443306,0.12485003657644472,0.07111923920994878,0.12485003657644472,1.1452231163130941,0.4062179956108266,-0.2604974396488661,0.19813460131675203,-0.2604974396488661,0.3257205559619604,0.8024871982443307,0.6019897585954644,0.13863204096561818,0.6019897585954644,0.5416166788588149,1.2950256035113388,-0.9910460863204098,0.062114118507681004,-0.9910460863204098,0.8422896854425751,0.6012435991221653,0.45440380395025615,0.08900512070226775,0.45440380395025615,0.28676664228237025,0.20373079736649596,-0.07751280175566938,0.1883833211411851,-0.07751280175566938,0.031243599122165316
4.154000000000001,,0.010063399170945786,0.0,0.0005730309680558321,,,,,,,,100.08358936844674,-20.36203365032919,102.13408924652526,0.8,0.2800707144598878,5.364545232866558e-05,0.2800707144598878,0.6598561326505732,0.6999512314069739,0.3500048768593026,0.15996342355523044,0.3500048768593026,0.6198756400877835,0.8999268471104609,0.5899414776883687,0.2799829309924409,0.5899414776883687,0.36997317727383566,1.3999268471104607,0.03008534503779564,0.2599731772738357,0.03008534503779564,1.3998512557912703,2.2999024628139475,1.7099902462813947,0.3799341623994148,1.7099902462813947,1.4397854181906853,1.2999512314069739,0.7898927090953427,0.09002438429651304,0.7898927090953427,0.9200195074372105,1.5000487685930262,0.12009509875640084,0.07002194586686174,0.12009509875640084,1.1401024140453546,0.4001219214825652,-0.26000975371860524,0.19996342355523045,-0.26000975371860524,0.32011216776395995,0.8000487685930261,0.6000390148744208,0.13997317727383568,0.6000390148744208,0.540031699585467,1.299902462813948,-0.9998244330651062,0.06004145330407215,-0.9998244330651062,0.8498488173616192,0.6000243842965131,0.4598902706656914,0.08998049256278957,0.4598902706656914,0.28993660082906614,0.20007315288953914,-0.07995123140697394,0.18996830041453305,-0.07995123140697394,0.030024384296513038
4.2040000000000015,2.9180487804878044,0.5120325203252183,-0.007967479674796997,-0.07772357723577446,1.0756097560975946,-10.960601626016244,-10.908016260162583,-0.9409593495935255,-0.5633008130081477,0.36411382113822277,-0.7437642276422997,99.23436585365852,-18.346447154471484,100.94156910569102,0.8,0.28,0.0,0.28,0.66,0.7,0.35,0.16,0.35,0.62,0.9,0.59,0.28,0.59,0.37,1.4,0.03,0.26,0.03,1.4,2.3,1.71,0.38,1.71,1.44,1.3,0.79,0.09,0.79,0.92,1.5,0.12,0.07,0.12,1.14,0.4,-0.26,0.2,-0.26,0.32,0.8,0.6,0.14,0.6,0.54,1.3,-1.0,0.06,-1.0,0.85,0.6,0.46,0.09,0.46,0.29,0.2,-0.08,0.19,-0.08,0.03
4.254000000000001,2.905853658536585,1.0039024390244062,-0.01609756097561002,-0.14682926829268517,2.1731707317073528,-10.410195121951203,-10.303951219512175,-1.9011219512195436,-1.1380975609756285,0.7356585365853779,-1.5027073170731955,98.34290243902437,-16.284658536585297,99.69929268292678,0.8,0.28,0.0,0.28,0.66,0.7,0.35,0.16,0.35,0.62,0.9,0.59,0.28,0.59,0.37,1.4,0.03,0.26,0.03,1.4,2.3,1.71,0.38,1.71,1.44,1.3,0.79,0.09,0.79,0.92,1.5,0.12,0.07,0.12,1.14,0.4,-0.26,0.2,-0.26,0.32,0.8,0.6,0.14,0.6,0.54,1.3,-1.0,0.06,-1.0,0.85,0.6,0.46,0.09,0.46,0.29,0.2,-0.08,0.19,-0.08,0.03
4.304000000000001,2.8970786516853932,1.573033707865187,-0.02584269662921381,-0.22674157303371048,3.4887640449438644,-9.747528089887618,-9.626629213483124,-3.048224719101162,-1.1870112359550433,1.1926966292134988,-2.362752808988792,97.81859550561798,-14.307584269662867,98.87162921348313,0.8,0.28,0.0,0.28,0.66,0.7,0.35,0.16,0.35,0.62,0.9,0.59,0.28,0.59,0.37,1.4,0.03,0.26,0.03,1.4,2.3,1.71,0.38,1.71,1.44,1.3,0.79,0.09,0.79,0.92,1.5,0.12,0.07,0.12,1.14,0.4,-0.26,0.2,-0.26,0.32,0.8,0.6,0.14,0.6,0.54,1.3,-1.0,0.06,-1.0,0.85,0.6,0.46,0.09,0.46,0.29,0.2,-0.08,0.19,-0.08,0.03
4.354000000000001,2.8914606741573032,2.2134831460674294,-0.037078651685393496,-0.316629213483148,5.0056179775281215,-8.981235955056164,-8.881685393258412,-4.367887640449466,-0.7504943820224628,1.7286516853932699,-3.316123595505638,97.63320224719101,-12.408707865168498,98.42668539325842,0.8,0.28,0.0,0.28,0.66,0.7,0.35,0.16,0.35,0.62,0.9,0.59,0.28,0.59,0.37,1.4,0.03,0.26,0.03,1.4,2.3,1.71,0.38,1.71,1.44,1.3,0.79,0.09,0.79,0.92,1.5,0.12,0.07,0.12,1.14,0.4,-0.26,0.2,-0.26,0.32,0.8,0.6,0.14,0.6,0.54,1.3,-1.0,0.06,-1.0,0.85,0.6,0.46,0.09,0.46,0.29,0.2,-0.08,0.19,-0.08,0.03
4.404000000000001,2.9192105263157897,3.382894736842121,-0.04,-0.466578947368423,7.834210526315827,-7.051763157894711,-7.355026315789454,-6.805394736842137,3.1350526315790046,2.8971842105263312,-4.986552631578969,99.72807894736846,-11.4563947368421,100.38494736842108,0.8,0.2897368421052633,0.019473684210526608,0.2897368421052633,0.6210526315789467,0.7973684210526331,0.4668421052631596,0.22815789473684314,0.4668421052631596,0.6394736842105266,0.9,0.5997368421052632,0.2605263157894734,0.5997368421052632,0.40894736842105317,1.302631578947367,0.25394736842105603,0.17236842105263028,0.25394736842105603,1.2928947368421038,2.494736842105266,1.8463157894736864,0.5650000000000028,1.8463157894736864,1.6055263157894764,1.397368421052633,0.8192105263157898,0.15815789473684314,0.8192105263157898,1.0076315789473698,1.597368421052633,0.1492105263157899,0.040789473684210084,0.1492105263157899,1.2276315789473697,0.4,-0.11394736842105041,0.2194736842105266,-0.11394736842105041,0.32,0.8,0.48315789473684034,0.12052631578947338,0.48315789473684034,0.6471052631578964,1.202631578947367,-0.9610526315789467,0.15736842105263305,-0.9610526315789467,0.7818421052631569,0.6,0.4697368421052633,0.0705263157894734,0.4697368421052633,0.29,0.2,-0.12868421052631654,0.1607894736842101,-0.12868421052631654,0.01052631578947339
4.4540000000000015,2.974864864864867,4.759189189189236,-0.05,-0.6445945945946013,11.991891891892026,0.11008108108125203,-2.209756756756648,-6.6885675675675005,5.2207027027027175,4.849270270270332,-7.1386756756757475,99.14118918918918,-15.158027027027067,100.29391891891892,0.8,0.29,0.02,0.29,0.62,0.8,0.47,0.23,0.47,0.64,0.9,0.6,0.26,0.6,0.41,1.3,0.26,0.17,0.26,1.29,2.5,1.85,0.57,1.85,1.61,1.4,0.82,0.16,0.82,1.01,1.6,0.15,0.04,0.15,1.23,0.4,-0.11,0.22,-0.11,0.32,0.8,0.48,0.12,0.48,0.65,1.2,-0.96,0.16,-0.96,0.78,0.6,0.47,0.07,0.47,0.29,0.2,-0.13,0.16,-0.13,0.01
4.504000000000001,3.0424324324324337,6.158108108108134,-0.043513513513513256,-0.8537837837837879,15.916216216216288,4.797972972973053,0.641162162162208,-4.268189189189135,5.330108108108103,6.68494594594598,-9.291756756756797,98.92637837837837,-15.784081081081082,100.17732432432432,0.8,0.29,0.02,0.29,0.62,0.8,0.47,0.23,0.47,0.64,0.9,0.6,0.26,0.6,0.41,1.3,0.26,0.17,0.26,1.29,2.5,1.85,0.57,1.85,1.61,1.4,0.82,0.16,0.82,1.01,1.6,0.15,0.04,0.15,1.23,0.4,-0.11,0.22,-0.11,0.32,0.8,0.48,0.12,0.48,0.65,1.2,-0.96,0.16,-0.96,0.78,0.6,0.47,0.07,0.47,0.29,0.2,-0.13,0.16,-0.13,0.01
4.554000000000001,3.1300000000000012,7.550000000000025,-0.04,-1.0600000000000043,19.800000000000058,8.852000000000022,2.9870000000000245,-1.6120000000000274,5.195000000000047,8.48200000000003,-11.41700000000003,98.82500000000002,-15.928000000000054,100.10000000000001,0.8,0.29,0.02,0.29,0.62,0.8,0.47,0.23,0.47,0.64,0.9,0.6,0.26,0.6,0.41,1.3,0.26,0.17,0.26,1.29,2.5,1.85,0.57,1.85,1.61,1.4,0.82,0.16,0.82,1.01,1.6,0.15,0.04,0.15,1.23,0.4,-0.11,0.22,-0.11,0.32,0.8,0.48,0.12,0.48,0.65,1.2,-0.96,0.16,-0.96,0.78,0.6,0.47,0.07,0.47,0.29,0.2,-0.13,0.16,-0.13,0.01
4.604000000000001,3.2110810810810824,8.931891891891915,-0.04,-1.3032432432432473,23.043243243243296,10.013324324324339,4.302081081081099,-1.2627297297296363,5.40827027027016,10.186243243243274,-13.049891891891916,99.11016216216215,-18.277324324324333,100.78194594594594,0.8,0.2829729729729725,0.030540540540541204,0.2829729729729725,0.6059459459459451,0.8351351351351374,0.5051351351351373,0.26864864864865107,0.5051351351351373,0.6751351351351373,0.9,0.5894594594594588,0.25297297297297255,0.5894594594594588,0.42756756756756864,1.3,0.312702702702706,0.1594594594594588,0.312702702702706,1.2443243243243214,2.5,1.8675675675675687,0.5664864864864863,1.8675675675675687,1.595945945945945,1.4,0.8129729729729726,0.17405405405405494,0.8129729729729726,1.0591891891891922,1.6351351351351373,0.15702702702702748,0.07162162162162361,0.15702702702702748,1.2545945945945962,0.4,-0.0994594594594588,0.21297297297297255,-0.0994594594594588,0.32,0.8351351351351374,0.4729729729729725,0.10594594594594506,0.4729729729729725,0.6675675675675686,1.2,-0.9213513513513489,0.1986486486486511,-0.9213513513513489,0.7764864864864863,0.6,0.45945945945945876,0.07351351351351373,0.45945945945945876,0.3005405405405412,0.2,-0.1616216216216236,0.12486486486486266,-0.1616216216216236,0.024054054054054936
4.654000000000001,3.3047368421052643,10.29789473684212,-0.04,-1.5500000000000027,26.173684210526346,10.497368421052633,5.102947368421058,4.910210526315858,-1.740526315789551,12.038473684210546,-14.39884210526317,98.64889473684211,-18.739631578947375,100.41357894736842,0.8,0.27,0.05,0.27,0.58,0.9,0.57,0.34,0.57,0.74,0.9,0.57,0.24,0.57,0.46,1.3,0.41,0.14,0.41,1.16,2.5,1.9,0.56,1.9,1.57,1.4,0.8,0.2,0.8,1.15,1.7,0.17,0.13,0.17,1.3,0.4,-0.08,0.2,-0.08,0.32,0.9,0.46,0.08,0.46,0.7,1.2,-0.85,0.27,-0.85,0.77,0.6,0.44,0.08,0.44,0.32,0.2,-0.22,0.06,-0.22,0.05
4.7040000000000015,3.4021621621621647,11.667567567567602,-0.04,-1.8159459459459533,29.243243243243295,9.629297297297255,4.936567567567559,9.188027027027147,-5.549162162162235,13.900567567567597,-15.622162162162182,98.59713513513513,-20.691972972972994,100.74605405405406,0.8,0.27,0.05,0.27,0.58,0.9,0.57,0.34,0.57,0.74,0.9,0.57,0.24,0.57,0.46,1.3,0.41,0.14,0.41,1.16,2.5,1.9,0.56,1.9,1.57,1.4,0.8,0.2,0.8,1.15,1.7,0.17,0.13,0.17,1.3,0.4,-0.08,0.2,-0.08,0.32,0.9,0.46,0.08,0.46,0.7,1.2,-0.85,0.27,-0.85,0.77,0.6,0.44,0.08,0.44,0.32,0.2,-0.22,0.06,-0.22,0.05
4.754000000000001,3.5102702702702726,13.042162162162194,-0.0362162162162159,-2.109459459459466,31.367567567567615,7.894540540540501,4.61456756756756,14.089378378378493,-8.50689189189196,15.128945945945974,-16.42989189189191,98.60351351351352,-21.640621621621644,100.95102702702702,0.8,0.27,0.05,0.27,0.58,0.9,0.57,0.34,0.57,0.74,0.9,0.57,0.24,0.57,0.46,1.3,0.41,0.14,0.41,1.16,2.5,1.9,0.56,1.9,1.57,1.4,0.8,0.2,0.8,1.15,1.7,0.17,0.13,0.17,1.3,0.4,-0.08,0.2,-0.08,0.32,0.9,0.46,0.08,0.46,0.7,1.2,-0.85,0.27,-0.85,0.77,0.6,0.44,0.08,0.44,0.32,0.2,-0.22,0.06,-0.22,0.05
4.804000000000001,3.6256756756756783,14.414324324324355,-0.03,-2.400540540540547,33.24864864864869,6.240297297297263,4.303270270270264,19.322027027027147,-10.920729729729771,16.198243243243265,-17.177540540540555,98.61110810810811,-22.41924324324326,101.12827027027028,0.8,0.27,0.05,0.27,0.58,0.9,0.57,0.34,0.57,0.74,0.9,0.57,0.24,0.57,0.46,1.3,0.41,0.14,0.41,1.16,2.5,1.9,0.56,1.9,1.57,1.4,0.8,0.2,0.8,1.15,1.7,0.17,0.13,0.17,1.3,0.4,-0.08,0.2,-0.08,0.32,0.9,0.46,0.08,0.46,0.7,1.2,-0.85,0.27,-0.85,0.77,0.6,0.44,0.08,0.44,0.32,0.2,-0.22,0.06,-0.22,0.05
4.854000000000001,3.7572972972972996,15.781891891891918,-0.03,-2.709459459459466,34.216216216216225,4.90224324324322,4.066081081081086,25.35837837837835,-11.304810810810835,16.63156756756757,-17.676486486486493,98.63002702702703,-22.662837837837877,101.20116216216218,0.8,0.27,0.05,0.27,0.58,0.9,0.57,0.34,0.57,0.74,0.9,0.57,0.24,0.57,0.46,1.3,0.41,0.14,0.41,1.16,2.516216216216222,1.920270270270277,0.5721621621621663,1.920270270270277,1.569189189189189,1.4,0.8,0.2,0.8,1.15,1.7,0.1667567567567557,0.13,0.1667567567567557,1.299189189189189,0.4,-0.08,0.2,-0.08,0.32,0.9,0.46,0.08,0.46,0.7,1.2,-0.85,0.27,-0.85,0.77,0.6,0.43756756756756676,0.08081081081081108,0.43756756756756676,0.31756756756756677,0.2,-0.22,0.06,-0.22,0.05
4.904000000000001,3.8800000000000017,17.154444444444465,-0.03444444444444464,-3.041111111111116,34.355555555555554,3.8156666666666554,4.300555555555558,24.779777777777788,-12.76044444444447,16.60533333333333,-17.83888888888889,98.66166666666666,-24.518555555555576,101.66455555555555,0.8,0.27,0.05,0.27,0.58,0.9,0.57,0.34,0.57,0.74,0.9,0.57,0.24,0.57,0.46,1.3,0.41,0.14,0.41,1.16,2.7,2.15,0.71,2.15,1.56,1.4,0.8,0.2,0.8,1.15,1.7,0.13,0.13,0.13,1.29,0.4,-0.08,0.2,-0.08,0.32,0.9,0.46,0.08,0.46,0.7,1.2,-0.85,0.27,-0.85,0.77,0.6,0.41,0.09,0.41,0.29,0.2,-0.22,0.06,-0.22,0.05
4.9540000000000015,4.002972972972976,18.520810810810843,-0.04,-3.390810810810819,34.05675675675675,3.1115675675675534,4.4675675675675715,26.56740540540546,-14.788702702702754,16.30308108108107,-17.852027027027027,98.52135135135134,-25.681783783783807,101.81535135135135,0.8,0.27,0.05,0.27,0.58,0.9,0.57,0.34,0.57,0.74,0.9,0.57,0.24,0.57,0.46,1.3,0.41,0.14,0.41,1.16,2.7,2.15,0.71,2.15,1.56,1.4,0.8,0.2,0.8,1.15,1.7,0.13,0.13,0.13,1.29,0.4,-0.08,0.2,-0.08,0.32,0.9,0.46,0.08,0.46,0.7,1.2,-0.85,0.27,-0.85,0.77,0.6,0.41,0.09,0.41,0.29,0.2,-0.22,0.06,-0.22,0.05
5.004000000000001,4.13666666666667,19.885000000000034,-0.041666666666667,-3.7350000000000088,33.68333333333333,2.5391666666666586,4.552833333333325,28.491666666666635,-17.142833333333428,15.964333333333329,-17.825666666666667,98.33983333333333,-26.576000000000008,101.86966666666666,0.8,0.27,0.05,0.27,0.58,0.9,0.57,0.34,0.57,0.74,0.9,0.57,0.24,0.57,0.46,1.3,0.41,0.14,0.41,1.16,2.7,2.15,0.71,2.15,1.56,1.4,0.8,0.2,0.8,1.15,1.7,0.13,0.13,0.13,1.29,0.4,-0.08,0.2,-0.08,0.32,0.9,0.46,0.08,0.46,0.7,1.2,-0.85,0.27,-0.85,0.77,0.6,0.41,0.09,0.41,0.29,0.2,-0.22,0.06,-0.22,0.05
5.054000000000001,4.274054054054058,21.25054054054058,-0.05540540540540578,-4.111351351351362,33.545945945945945,2.2829729729729697,4.153756756756744,26.906486486486433,-21.576729729729873,15.864648648648648,-17.761027027027026,98.19386486486486,-27.222216216216246,101.90056756756758,0.8,0.27,0.05,0.27,0.58,0.9,0.57,0.34,0.57,0.74,0.9,0.57,0.24,0.57,0.46,1.3,0.41,0.14,0.41,1.16,2.7,2.15,0.71,2.15,1.56,1.4,0.8,0.2,0.8,1.15,1.7,0.13,0.13,0.13,1.29,0.4,-0.08,0.2,-0.08,0.32,0.9,0.46,0.08,0.46,0.7,1.2,-0.85,0.27,-0.85,0.77,0.6,0.41,0.09,0.41,0.29,0.2,-0.22,0.06,-0.22,0.05
5.104000000000001,4.4025000000000025,22.61750000000002,-0.0691666666666669,-4.496666666666672,33.5,2.2750833333333342,3.5891666666666566,24.922166666666634,-27.080583333333426,15.898083333333334,-17.680749999999996,98.1585,-28.81633333333336,102.30316666666667,0.8,0.27,0.05,0.27,0.58,0.9,0.57,0.34,0.57,0.74,0.9,0.57,0.24,0.57,0.46,1.3,0.41,0.14,0.41,1.16,2.7,2.15,0.71,2.15,1.56,1.4,0.8,0.2,0.8,1.15,1.7,0.13,0.13,0.13,1.29,0.4,-0.08,0.2,-0.08,0.32,0.9,0.46,0.08,0.46,0.7,1.2,-0.85,0.27,-0.85,0.77,0.6,0.41,0.09,0.41,0.29,0.2,-0.22,0.06,-0.22,0.05
5.154000000000002,4.519729729729735,23.974324324324375,-0.0729729729729735,-4.906216216216231,33.7,2.212432432432426,2.3737567567567135,23.043864864864855,-29.02386486486501,15.994324324324326,-17.769513513513512,98.09343243243242,-29.479189189189242,102.43013513513515,0.7,0.25,0.11,0.25,0.53,1.1,0.64,0.43,0.64,0.84,1.0,0.6,0.32,0.6,0.53,1.4,0.38,0.22,0.38,1.24,2.8,2.22,0.75,2.22,1.6,1.5,0.76,0.22,0.76,1.23,1.7,0.07,0.17,0.07,1.32,0.4,-0.04,0.16,-0.04,0.35,0.9,0.48,0.04,0.48,0.72,1.0,-0.53,0.47,-0.53,0.78,0.5,0.35,0.13,0.35,0.26,0.3,-0.25,0.0,-0.25,0.08
5.2040000000000015,4.650000000000004,25.323333333333373,-0.09333333333333416,-5.310000000000013,33.76666666666667,2.0246666666666604,1.1603333333332946,23.07300000000001,-32.583666666666765,16.02133333333333,-17.76,98.00366666666666,-30.88466666666671,102.75766666666668,0.7,0.25,0.11,0.25,0.53,1.1,0.64,0.43,0.64,0.84,1.0,0.6,0.32,0.6,0.53,1.4,0.38,0.22,0.38,1.24,2.8,2.22,0.75,2.22,1.6,1.5,0.76,0.22,0.76,1.23,1.7,0.07,0.17,0.07,1.32,0.4,-0.04,0.16,-0.04,0.35,0.9,0.48,0.04,0.48,0.72,1.0,-0.53,0.47,-0.53,0.78,0.5,0.35,0.13,0.35,0.26,0.3,-0.25,0.0,-0.25,0.08
5.254000000000001,4.774444444444447,26.674444444444486,-0.11111111111111197,-5.737777777777791,34.0,1.8146111111111047,-0.34122222222224685,23.438500000000012,-34.02644444444452,16.03655555555556,-17.991277777777775,98.24161111111111,-32.057333333333396,103.34050000000002,0.7,0.25,0.11,0.25,0.53,1.1,0.64,0.43,0.64,0.84,1.0,0.6,0.32,0.6,0.53,1.4,0.38,0.22,0.38,1.24,2.8,2.22,0.75,2.22,1.6,1.5,0.76,0.22,0.76,1.23,1.7,0.07,0.17,0.07,1.32,0.4,-0.04,0.16,-0.04,0.35,0.9,0.48,0.04,0.48,0.72,1.0,-0.53,0.47,-0.53,0.78,0.5,0.35,0.13,0.35,0.26,0.3,-0.25,0.0,-0.25,0.08
5.304000000000001,4.8820000000000014,28.038857142857164,-0.1345714285714288,-6.19085714285715,34.0,1.6038857142857106,-1.146828571428585,23.803400000000003,-35.435685714285704,16.05102857142857,-17.984314285714287,98.34534285714287,-33.897685714285736,104.02377142857145,0.7,0.25,0.11,0.25,0.53,1.1,0.64,0.43,0.64,0.84,1.0,0.6,0.32,0.6,0.53,1.4,0.38,0.22,0.38,1.24,2.8,2.22,0.75,2.22,1.6,1.5,0.76,0.22,0.76,1.23,1.7,0.07,0.17,0.07,1.32,0.4,-0.04,0.16,-0.04,0.35,0.9,0.48,0.04,0.48,0.72,1.0,-0.53,0.47,-0.53,0.78,0.5,0.35,0.13,0.35,0.26,0.3,-0.25,0.0,-0.25,0.08
5.354000000000001,4.98027777777778,29.395277777777803,-0.15722222222222276,-6.662777777777786,34.086111111111116,1.3955555555555517,-1.8293055555555668,24.165305555555562,-33.79177777777774,16.06561111111111,-18.093861111111114,98.57033333333334,-35.03583333333335,104.6123888888889,0.7,0.25,0.11,0.25,0.53,1.1,0.64,0.43,0.64,0.84,1.0,0.6,0.32,0.6,0.53,1.4,0.38,0.22,0.38,1.24,2.8,2.22,0.75,2.22,1.6,1.5,0.76,0.22,0.76,1.23,1.7,0.07,0.17,0.07,1.32,0.4,-0.04,0.16,-0.04,0.35,0.9,0.48,0.04,0.48,0.72,1.0,-0.53,0.47,-0.53,0.78,0.5,0.35,0.13,0.35,0.26,0.3,-0.25,0.0,-0.25,0.08
5.404000000000002,5.067142857142859,30.754285714285757,-0.1728571428571433,-7.160000000000015,33.68571428571427,1.1849999999999936,-1.8138571428571415,24.531142857142868,-34.16728571428573,16.080857142857145,-17.627428571428553,98.33128571428571,-36.41971428571431,104.85971428571429,0.6,0.24,0.15,0.24,0.5,1.1,0.75,0.38,0.75,0.75,1.0,0.62,0.32,0.62,0.52,1.5,0.23,0.23,0.23,1.35,3.0,2.29,0.87,2.29,1.75,1.5,0.72,0.23,0.72,1.33,1.7,-0.06,0.16,-0.06,1.34,0.4,-0.01,0.1,-0.01,0.39,0.9,0.56,0.04,0.56,0.64,0.9,-0.4,0.54,-0.4,0.76,0.5,0.3,0.16,0.3,0.27,0.4,-0.28,0.09,-0.28,0.15
5.4540000000000015,5.152857142857145,32.11857142857146,-0.17285714285714254,-7.660000000000012,33.04285714285712,0.975714285714281,-1.6988571428571386,24.894714285714294,-34.57085714285715,16.095142857142857,-17.033142857142842,98.30485714285714,-37.10900000000001,105.07614285714286,0.6,0.24,0.15,0.24,0.5,1.1,0.75,0.38,0.75,0.75,1.0,0.62,0.32,0.62,0.52,1.5,0.23,0.23,0.23,1.35,3.0,2.29,0.87,2.29,1.75,1.5,0.72,0.23,0.72,1.33,1.7,-0.06,0.16,-0.06,1.34,0.4,-0.01,0.1,-0.01,0.39,0.9,0.56,0.04,0.56,0.64,0.9,-0.4,0.54,-0.4,0.76,0.5,0.3,0.16,0.3,0.27,0.4,-0.28,0.09,-0.28,0.15
5.504000000000001,5.255882352941178,33.48823529411769,-0.12147058823529458,-8.1544117647059,32.44117647058822,0.7335882352941007,-1.3231176470588217,25.41500000000006,-34.458735294117616,16.1584117647059,-16.298382352941157,97.69658823529412,-37.32508823529414,104.58355882352942,0.6,0.24,0.15,0.24,0.5,1.1,0.75,0.38,0.75,0.75,1.0,0.62,0.32,0.62,0.52,1.5,0.23,0.23,0.23,1.35,3.0,2.29,0.87,2.29,1.75,1.5,0.72,0.23,0.72,1.33,1.7,-0.06,0.16,-0.06,1.34,0.4,-0.01,0.1,-0.01,0.39,0.9,0.56,0.04,0.56,0.64,0.9,-0.4,0.54,-0.4,0.76,0.5,0.3,0.16,0.3,0.27,0.4,-0.28,0.09,-0.28,0.15
5.554000000000001,5.314000000000002,34.85400000000003,-0.13,-8.692000000000013,31.979999999999993,0.18039999999998593,-1.2649999999999986,27.41480000000005,-33.85479999999999,16.668200000000013,-15.666199999999984,97.5992,-38.19260000000003,104.80660000000002,0.6,0.24,0.15,0.24,0.5,1.1,0.75,0.38,0.75,0.75,1.0,0.62,0.32,0.62,0.52,1.5,0.23,0.23,0.23,1.35,3.0,2.29,0.87,2.29,1.75,1.5,0.72,0.23,0.72,1.33,1.7,-0.06,0.16,-0.06,1.34,0.4,-0.01,0.1,-0.01,0.39,0.9,0.56,0.04,0.56,0.64,0.9,-0.4,0.54,-0.4,0.76,0.5,0.3,0.16,0.3,0.27,0.4,-0.28,0.09,-0.28,0.15
5.604000000000001,5.390882352941177,36.19764705882356,-0.12029411764705918,-9.211176470588248,32.2,-0.38167647058824594,-1.1815882352941245,29.4583529411765,-33.965235294117555,17.200000000000014,-14.957588235294107,97.59555882352942,-39.30358823529414,105.21235294117648,0.6,0.24058823529411835,0.1502941176470592,0.24058823529411835,0.4994117647058816,1.1,0.7511764705882368,0.3794117647058816,0.7511764705882368,0.7488235294117632,1.0,0.62,0.3194117647058816,0.62,0.5194117647058817,1.4941176470588162,0.22970588235294082,0.22529411764705307,0.22970588235294082,1.3464705882352899,2.9970588235294082,2.288823529411763,0.8664705882352898,2.288823529411763,1.7497058823529408,1.5,0.7188235294117632,0.22941176470588165,0.7188235294117632,1.3305882352941185,1.6970588235294082,-0.0638235294117694,0.1579411764705857,-0.0638235294117694,1.3397058823529409,0.4,-0.009705882352940816,0.10088235294117756,-0.009705882352940816,0.3888235294117633,0.9,0.5617647058823552,0.03941176470588163,0.5617647058823552,0.6394117647058817,0.9,-0.3988235294117633,0.5394117647058817,-0.3988235294117633,0.7602941176470592,0.49705882352940817,0.2994117647058816,0.16117647058823675,0.2994117647058816,0.26911764705882246,0.4,-0.27911764705882247,0.09029411764705918,-0.27911764705882247,0.15088235294117755
5.654000000000002,5.4300000000000015,37.57000000000005,-0.13,-9.77500000000002,32.04999999999998,-0.6900000000000023,-1.4100000000000046,30.493500000000026,-30.84749999999994,17.549000000000003,-14.427999999999978,97.572,-40.32500000000004,105.57750000000001,0.6,0.26,0.16,0.26,0.48,1.1,0.79,0.36,0.79,0.71,1.0,0.62,0.3,0.62,0.5,1.3,0.22,0.07,0.22,1.23,2.9,2.25,0.75,2.25,1.74,1.5,0.68,0.21,0.68,1.35,1.6,-0.19,0.09,-0.19,1.33,0.4,0.0,0.13,0.0,0.35,0.9,0.62,0.02,0.62,0.62,0.9,-0.36,0.52,-0.36,0.77,0.4,0.28,0.2,0.28,0.24,0.4,-0.25,0.1,-0.25,0.18
5.7040000000000015,5.449705882352942,38.92294117647063,-0.13,-10.358235294117662,31.41470588235292,-0.5693235294117585,-1.490882352941178,30.902617647058833,-30.050441176470578,17.37873529411764,-13.71885294117645,97.53776470588235,-41.312441176470614,105.92614705882355,0.6,0.26,0.16,0.26,0.48,1.1,0.79,0.36,0.79,0.71,1.0,0.62,0.3,0.62,0.5,1.3,0.22,0.07,0.22,1.23,2.9,2.25,0.75,2.25,1.74,1.5,0.68,0.21,0.68,1.35,1.6,-0.19,0.09,-0.19,1.33,0.4,0.0,0.13,0.0,0.35,0.9,0.62,0.02,0.62,0.62,0.9,-0.36,0.52,-0.36,0.77,0.4,0.28,0.2,0.28,0.24,0.4,-0.25,0.1,-0.25,0.18
5.754000000000001,5.46,40.27588235294122,-0.14441176470588282,-10.936470588235313,30.923529411764687,-0.35358823529411104,-1.86105882352942,31.171735294117656,-27.64049999999993,17.093411764705873,-13.25123529411763,97.41582352941175,-42.16447058823532,106.14964705882353,0.6,0.26,0.16,0.26,0.48,1.1,0.79,0.36,0.79,0.71,1.0,0.62,0.3,0.62,0.5,1.3,0.22,0.07,0.22,1.23,2.9,2.25,0.75,2.25,1.74,1.5,0.68,0.21,0.68,1.35,1.6,-0.19,0.09,-0.19,1.33,0.4,0.0,0.13,0.0,0.35,0.9,0.62,0.02,0.62,0.62,0.9,-0.36,0.52,-0.36,0.77,0.4,0.28,0.2,0.28,0.24,0.4,-0.25,0.1,-0.25,0.18
5.804000000000001,5.450882352941177,41.61970588235297,-0.15911764705882378,-11.533823529411775,30.33529411764705,-0.13888235294117288,-2.0753235294117673,31.439941176470594,-25.690088235294088,16.80811764705882,-12.65614705882352,97.23064705882352,-42.92626470588236,106.28476470588235,0.6,0.26,0.16,0.26,0.48,1.1,0.79,0.36,0.79,0.71,1.0,0.62,0.3,0.62,0.5,1.3,0.22,0.07,0.22,1.23,2.9,2.25,0.75,2.25,1.74,1.5,0.68,0.21,0.68,1.35,1.6,-0.19,0.09,-0.19,1.33,0.4,0.0,0.13,0.0,0.35,0.9,0.62,0.02,0.62,0.62,0.9,-0.36,0.52,-0.36,0.77,0.4,0.28,0.2,0.28,0.24,0.4,-0.25,0.1,-0.25,0.18
5.854000000000001,5.421764705882352,42.98058823529415,-0.1641176470588239,-12.162941176470603,29.876470588235282,0.07970588235294632,-2.184176470588234,31.71152941176471,-25.72364705882351,16.51994117647058,-12.156058823529401,97.12676470588235,-43.72576470588237,106.51582352941178,0.6,0.26,0.16,0.26,0.48,1.1,0.79,0.36,0.79,0.71,1.0,0.62,0.3,0.62,0.5,1.3,0.22,0.07,0.22,1.23,2.9,2.25,0.75,2.25,1.74,1.5,0.68,0.21,0.68,1.35,1.6,-0.19,0.09,-0.19,1.33,0.4,0.0,0.13,0.0,0.35,0.9,0.62,0.02,0.62,0.62,0.9,-0.36,0.52,-0.36,0.77,0.4,0.28,0.2,0.28,0.24,0.4,-0.25,0.1,-0.25,0.18
5.904000000000002,5.382727272727271,44.32818181818186,-0.1790909090909096,-12.791818181818204,29.42727272727271,0.29590909090909834,-2.0611818181818125,31.981636363636373,-24.66963636363632,16.232454545454534,-11.750818181818168,97.0540909090909,-44.374000000000024,106.717,0.6,0.2690909090909096,0.16,0.2690909090909096,0.4709090909090904,1.1,0.79,0.36,0.79,0.71,1.0,0.6381818181818192,0.2818181818181808,0.6381818181818192,0.5090909090909096,1.3,0.22,0.07,0.22,1.23,2.718181818181808,1.8863636363636158,0.49545454545453105,1.8863636363636158,1.8490909090909153,1.5,0.68,0.21,0.68,1.35,1.6,-0.19,0.09,-0.19,1.33,0.4,0.0,0.13,0.0,0.35,0.9,0.62,0.02,0.62,0.62,0.9909090909090961,-0.3963636363636384,0.44727272727272316,-0.3963636363636384,0.815454545454548,0.4,0.27090909090909043,0.2,0.27090909090909043,0.2672727272727288,0.4,-0.25,0.1,-0.25,0.18
5.9540000000000015,5.3335294117647045,45.68058823529415,-0.18411764705882389,-13.437058823529426,29.3,0.5127058823529463,-1.8505294117646962,32.25152941176471,-24.571058823529416,15.94594117647058,-11.625470588235293,96.97329411764706,-45.10076470588237,106.94882352941177,0.6,0.27,0.16,0.27,0.47,1.1,0.79,0.36,0.79,0.71,1.0,0.64,0.28,0.64,0.51,1.3,0.22,0.07,0.22,1.23,2.7,1.85,0.47,1.85,1.86,1.5,0.68,0.21,0.68,1.35,1.6,-0.19,0.09,-0.19,1.33,0.4,0.0,0.13,0.0,0.35,0.9,0.62,0.02,0.62,0.62,1.0,-0.4,0.44,-0.4,0.82,0.4,0.27,0.2,0.27,0.27,0.4,-0.25,0.1,-0.25,0.18
6.004000000000001,5.292352941176469,47.01294117647062,-0.19,-14.069411764705897,29.035294117647048,0.7277058823529468,-1.3411176470588084,32.5194705882353,-24.902529411764718,15.661823529411757,-11.599,96.87682352941177,-45.69929411764708,107.1164705882353,0.6,0.27,0.16,0.27,0.47,1.1,0.79,0.36,0.79,0.71,1.0,0.64,0.28,0.64,0.51,1.3,0.22,0.07,0.22,1.23,2.7,1.85,0.47,1.85,1.86,1.5,0.68,0.21,0.68,1.35,1.6,-0.19,0.09,-0.19,1.33,0.4,0.0,0.13,0.0,0.35,0.9,0.62,0.02,0.62,0.62,1.0,-0.4,0.44,-0.4,0.82,0.4,0.27,0.2,0.27,0.27,0.4,-0.25,0.1,-0.25,0.18
6.054000000000001,5.292941176470587,48.37470588235298,-0.17,-14.675294117647077,27.423529411764687,0.876764705882351,-0.6793529411764494,32.98864705882356,-26.14958823529411,15.387235294117641,-11.750117647058827,97.00488235294118,-47.19088235294121,107.8759411764706,0.6,0.27,0.16,0.27,0.47,1.1,0.79,0.36,0.79,0.71,1.0,0.64,0.28,0.64,0.51,1.3,0.22,0.07,0.22,1.23,2.7,1.85,0.47,1.85,1.86,1.5,0.68,0.21,0.68,1.35,1.6,-0.19,0.09,-0.19,1.33,0.4,0.0,0.13,0.0,0.35,0.9,0.62,0.02,0.62,0.62,1.0,-0.4,0.44,-0.4,0.82,0.4,0.27,0.2,0.27,0.27,0.4,-0.25,0.1,-0.25,0.18
6.104000000000002,5.255294117647058,49.71941176470593,-0.17,-15.33058823529414,27.017647058823524,0.7341764705882285,0.09800000000002679,34.1497647058824,-25.70788235294116,15.193588235294111,-11.850176470588238,96.99994117647059,-48.0148823529412,108.23370588235295,0.6,0.27,0.16,0.27,0.47,1.1,0.79,0.36,0.79,0.71,1.0,0.64,0.28,0.64,0.51,1.3,0.22,0.07,0.22,1.23,2.7,1.85,0.47,1.85,1.86,1.5,0.68,0.21,0.68,1.35,1.6,-0.19,0.09,-0.19,1.33,0.4,0.0,0.13,0.0,0.35,0.9,0.62,0.02,0.62,0.62,1.0,-0.4,0.44,-0.4,0.82,0.4,0.27,0.2,0.27,0.27,0.4,-0.25,0.1,-0.25,0.18
6.154000000000002,5.207058823529409,51.08441176470593,-0.17,-16.008823529411792,27.0,0.4159705882352708,0.9045294117647341,34.31714705882349,-26.820147058823597,15.183852941176474,-11.807764705882352,96.87923529411763,-48.74161764705884,108.45220588235294,0.6,0.29,0.15,0.29,0.47,1.0,0.77,0.29,0.77,0.67,1.0,0.67,0.24,0.67,0.51,1.0,0.13,0.32,0.13,0.74,2.8,1.99,0.53,1.99,1.93,1.4,0.56,0.1,0.56,1.3,1.4,-0.08,0.08,-0.08,1.26,0.3,-0.04,0.16,-0.04,0.3,1.0,0.71,0.07,0.71,0.62,1.0,-0.5,0.38,-0.5,0.84,0.4,0.22,0.21,0.22,0.3,0.4,-0.17,0.08,-0.17,0.15
6.2040000000000015,5.1561764705882345,52.422647058823564,-0.17794117647058863,-16.68529411764708,27.07941176470589,-0.24314705882354878,1.4996470588235427,32.980647058823486,-28.828411764705944,15.271000000000003,-11.862147058823533,96.70426470588235,-49.142617647058835,108.47767647058824,0.6,0.29,0.15,0.29,0.47,1.0,0.77,0.29,0.77,0.67,1.0,0.67,0.24,0.67,0.51,1.0,0.13,0.32,0.13,0.74,2.8,1.99,0.53,1.99,1.93,1.4,0.56,0.1,0.56,1.3,1.4,-0.08,0.08,-0.08,1.26,0.3,-0.04,0.16,-0.04,0.3,1.0,0.71,0.07,0.71,0.62,1.0,-0.5,0.38,-0.5,0.84,0.4,0.22,0.21,0.22,0.3,0.4,-0.17,0.08,-0.17,0.15
6.254000000000001,5.099090909090908,53.75545454545458,-0.19,-17.378181818181837,27.609090909090927,-1.0032727272727548,1.40290909090907,31.569090909090885,-31.646363636363695,15.337545454545452,-12.268545454545471,96.63572727272727,-49.872090909090936,108.74845454545456,0.6,0.29,0.15,0.29,0.47,1.0,0.77,0.29,0.77,0.67,1.0,0.67,0.24,0.67,0.51,1.0,0.13,0.32,0.13,0.74,2.8,1.99,0.53,1.99,1.93,1.4,0.56,0.1,0.56,1.3,1.4,-0.08,0.08,-0.08,1.26,0.3,-0.04,0.16,-0.04,0.3,1.0,0.71,0.07,0.71,0.62,1.0,-0.5,0.38,-0.5,0.84,0.4,0.22,0.21,0.22,0.3,0.4,-0.17,0.08,-0.17,0.15
6.304000000000001,5.047058823529411,55.09823529411768,-0.19764705882352973,-18.0794117647059,27.976470588235298,-1.9963529411764913,0.4007058823529155,30.878294117647048,-33.73088235294122,15.19117647058823,-12.868058823529424,96.57129411764706,-50.82035294117649,109.12982352941178,0.6,0.29,0.15,0.29,0.47,1.0,0.77,0.29,0.77,0.67,1.0,0.67,0.24,0.67,0.51,1.0,0.13,0.32,0.13,0.74,2.8,1.99,0.53,1.99,1.93,1.4,0.56,0.1,0.56,1.3,1.4,-0.08,0.08,-0.08,1.26,0.3,-0.04,0.16,-0.04,0.3,1.0,0.71,0.07,0.71,0.62,1.0,-0.5,0.38,-0.5,0.84,0.4,0.22,0.21,0.22,0.3,0.4,-0.17,0.08,-0.17,0.15
6.354000000000002,4.98205882352941,56.44823529411771,-0.2052941176470601,-18.80441176470591,27.879411764705903,-2.8098529411764903,-1.4753529411765567,30.202147058823506,-36.504411764706006,14.783794117647036,-13.305323529411782,96.60473529411765,-51.68408823529418,109.56520588235297,0.6,0.29,0.14735294117646994,0.29,0.47,1.0264705882353005,0.7779411764705901,0.2952941176470601,0.7779411764705901,0.6832352941176503,1.0,0.67,0.23205882352940985,0.67,0.5205882352941202,0.9205882352940985,0.10352941176469951,0.38088235294119116,0.10352941176469951,0.684411764705869,2.694117647058798,1.9317647058823388,0.3923529411764375,1.9317647058823388,1.8135294117646779,1.4,0.5388235294117596,0.08147058823528966,0.5388235294117596,1.2867647058823497,1.4,-0.08,0.08,-0.08,1.26,0.3,-0.04794117647059015,0.1494117647058798,-0.04794117647059015,0.30264705882353005,0.9735294117646995,0.6941176470588197,0.054117647058819704,0.6941176470588197,0.6094117647058798,1.0,-0.5238235294117705,0.3852941176470601,-0.5238235294117705,0.8188235294117596,0.4,0.2041176470588197,0.21264705882353005,0.2041176470588197,0.3052941176470601,0.3735294117646995,-0.1752941176470601,0.07205882352940986,-0.1752941176470601,0.13676470588234976
6.404000000000002,4.945294117647058,57.7717647058824,-0.23470588235294212,-19.49558823529414,28.39411764705884,-3.218676470588247,-3.4930000000000665,29.661705882352926,-38.800000000000054,14.22129411764704,-13.658264705882363,96.60473529411765,-53.23702941176476,110.30344117647061,0.6,0.29,0.14,0.29,0.47,1.1,0.8,0.31,0.8,0.72,1.0,0.67,0.21,0.67,0.55,0.7,0.03,0.55,0.03,0.53,2.4,1.77,0.01,1.77,1.49,1.4,0.48,0.03,0.48,1.25,1.4,-0.08,0.08,-0.08,1.26,0.3,-0.07,0.12,-0.07,0.31,0.9,0.65,0.01,0.65,0.58,1.0,-0.59,0.4,-0.59,0.76,0.4,0.16,0.22,0.16,0.32,0.3,-0.19,0.05,-0.19,0.1
6.4540000000000015,4.877878787878785,59.11575757575762,-0.24757575757575706,-20.241212121212147,28.209090909090847,-3.578969696969709,-5.533606060606104,29.137333333333316,-38.58457575757576,13.637636363636345,-13.707333333333322,96.61115151515152,-54.179000000000016,110.76609090909092,0.6,0.29,0.14,0.29,0.47,1.1,0.8,0.31,0.8,0.72,1.0,0.67,0.21,0.67,0.55,0.7,0.03,0.55,0.03,0.53,2.4,1.77,0.01,1.77,1.49,1.4,0.48,0.03,0.48,1.25,1.4,-0.08,0.08,-0.08,1.26,0.3,-0.07,0.12,-0.07,0.31,0.9,0.65,0.01,0.65,0.58,1.0,-0.59,0.4,-0.59,0.76,0.4,0.16,0.22,0.16,0.32,0.3,-0.19,0.05,-0.19,0.1
6.504000000000001,4.80212121212121,60.45666666666671,-0.24,-20.998787878787905,26.542424242424193,-3.9266969696969807,-6.519212121212144,28.509303030303005,-38.69821212121212,13.108848484848469,-13.421727272727264,96.46493939393939,-54.629757575757594,110.86078787878789,0.6,0.29,0.14,0.29,0.47,1.1,0.8,0.31,0.8,0.72,1.0,0.67,0.21,0.67,0.55,0.7,0.03,0.55,0.03,0.53,2.4,1.77,0.01,1.77,1.49,1.4,0.48,0.03,0.48,1.25,1.4,-0.08,0.08,-0.08,1.26,0.3,-0.07,0.12,-0.07,0.31,0.9,0.65,0.01,0.65,0.58,1.0,-0.59,0.4,-0.59,0.76,0.4,0.16,0.22,0.16,0.32,0.3,-0.19,0.05,-0.19,0.1
6.554000000000001,4.729090909090908,61.80000000000003,-0.24,-21.769090909090927,26.1,-4.212363636363641,-6.425363636363631,27.55818181818182,-38.0131818181818,12.830999999999996,-13.457636363636366,96.36527272727272,-55.06136363636365,110.98700000000001,0.6,0.29,0.14,0.29,0.47,1.1,0.8,0.31,0.8,0.72,1.0,0.67,0.21,0.67,0.55,0.7,0.03,0.55,0.03,0.53,2.4,1.77,0.01,1.77,1.49,1.4,0.48,0.03,0.48,1.25,1.4,-0.08,0.08,-0.08,1.26,0.3,-0.07,0.12,-0.07,0.31,0.9,0.65,0.01,0.65,0.58,1.0,-0.59,0.4,-0.59,0.76,0.4,0.16,0.22,0.16,0.32,0.3,-0.19,0.05,-0.19,0.1
6.604000000000002,4.659374999999998,63.155000000000044,-0.24812500000000048,-22.546250000000025,26.181250000000006,-4.384562500000006,-6.067687499999986,27.90500000000002,-37.15831249999997,12.699124999999997,-13.601125000000007,96.5395625,-55.81212500000002,111.51312500000002,0.6,0.29,0.14,0.29,0.47,1.1,0.8,0.31,0.8,0.72,1.0,0.67,0.21,0.67,0.55,0.7,0.03,0.55,0.03,0.53,2.4,1.77,0.01,1.77,1.49,1.4,0.48,0.03,0.48,1.25,1.4,-0.08,0.08,-0.08,1.26,0.3,-0.07,0.12,-0.07,0.31,0.9,0.65,0.01,0.65,0.58,1.0,-0.59,0.4,-0.59,0.76,0.4,0.16,0.22,0.16,0.32,0.3,-0.19,0.05,-0.19,0.1
6.654000000000002,4.596666666666665,64.49333333333338,-0.26333333333333386,-23.330000000000027,26.66666666666668,-4.655333333333348,-5.026333333333285,28.88633333333336,-36.71000000000004,12.90400000000002,-13.971000000000007,96.58833333333334,-56.505000000000024,111.90366666666668,0.6,0.27,0.16,0.27,0.46,1.1,0.8,0.31,0.8,0.72,1.0,0.65,0.21,0.65,0.61,0.7,0.03,0.55,0.03,0.53,2.4,1.85,0.07,1.85,1.58,1.4,0.48,0.03,0.48,1.25,1.3,0.01,0.21,0.01,1.17,0.3,-0.07,0.12,-0.07,0.31,0.9,0.65,0.01,0.65,0.58,0.9,-0.61,0.44,-0.61,0.67,0.4,0.09,0.2,0.09,0.34,0.3,-0.19,0.05,-0.19,0.1
6.7040000000000015,4.526249999999997,65.84125000000004,-0.27,-24.13375000000002,26.887500000000003,-5.132750000000014,-3.6456249999999626,29.531125000000014,-37.98300000000003,13.525625000000018,-14.166500000000005,96.55024999999999,-57.29662500000002,112.27162500000001,0.6,0.27,0.16,0.27,0.46,1.1,0.8,0.31,0.8,0.72,1.0,0.65,0.21,0.65,0.61,0.7,0.03,0.55,0.03,0.53,2.4,1.85,0.07,1.85,1.58,1.4,0.48,0.03,0.48,1.25,1.3,0.01,0.21,0.01,1.17,0.3,-0.07,0.12,-0.07,0.31,0.9,0.65,0.01,0.65,0.58,0.9,-0.61,0.44,-0.61,0.67,0.4,0.09,0.2,0.09,0.34,0.3,-0.19,0.05,-0.19,0.1
6.754000000000001,4.458181818181817,67.1666666666667,-0.28,-24.924848484848507,27.51515151515155,-5.6340000000000146,-2.789969696969674,30.10012121212123,-36.122696969696975,14.198909090909112,-14.39254545454545,96.61,-57.96760606060607,112.66660606060607,0.6,0.27,0.16,0.27,0.46,1.1,0.8,0.31,0.8,0.72,1.0,0.65,0.21,0.65,0.61,0.7,0.03,0.55,0.03,0.53,2.4,1.85,0.07,1.85,1.58,1.4,0.48,0.03,0.48,1.25,1.3,0.01,0.21,0.01,1.17,0.3,-0.07,0.12,-0.07,0.31,0.9,0.65,0.01,0.65,0.58,0.9,-0.61,0.44,-0.61,0.67,0.4,0.09,0.2,0.09,0.34,0.3,-0.19,0.05,-0.19,0.1
6.804000000000001,4.42125,68.51562500000003,-0.27062499999999967,-25.71812500000002,28.84375000000003,-6.140562500000011,-2.0739374999999844,30.645812500000012,-37.10987500000003,14.860812500000016,-14.06893749999999,96.6553125,-58.302312500000006,112.8785,0.6,0.27,0.16,0.27,0.46,1.1,0.8,0.31,0.8,0.72,1.0,0.65,0.21,0.65,0.61,0.7,0.03,0.55,0.03,0.53,2.4,1.85,0.07,1.85,1.58,1.4,0.48,0.03,0.48,1.25,1.3,0.01,0.21,0.01,1.17,0.3,-0.07,0.12,-0.07,0.31,0.9,0.65,0.01,0.65,0.58,0.9,-0.61,0.44,-0.61,0.67,0.4,0.09,0.2,0.09,0.34,0.3,-0.19,0.05,-0.19,0.1
6.854000000000002,4.3659374999999985,69.84781250000005,-0.27,-26.528437500000024,28.559374999999985,-6.467718750000001,-1.646812499999996,30.779,-38.02034374999998,15.097906249999998,-13.413249999999982,96.67340625,-59.00521875000002,113.25825,0.6,0.27,0.16,0.27,0.46,1.1,0.8,0.31,0.8,0.72,1.0,0.65,0.21,0.65,0.61,0.7,0.03,0.55,0.03,0.53,2.4,1.85,0.07,1.85,1.58,1.4,0.48,0.03,0.48,1.25,1.3,0.01,0.21,0.01,1.17,0.3,-0.07,0.12,-0.07,0.31,0.9,0.65,0.01,0.65,0.58,0.9,-0.61,0.44,-0.61,0.67,0.4,0.09,0.2,0.09,0.34,0.3,-0.19,0.05,-0.19,0.1
6.904000000000002,4.309062499999998,71.19718750000006,-0.28,-27.366562500000036,27.96562499999993,-6.307781249999989,-1.7093750000000134,30.7825625,-36.15571875000007,14.74040624999998,-12.840249999999969,96.52268750000002,-59.54103125000003,113.41003125000002,0.6,0.22,0.2,0.22,0.44,1.2,0.92,0.38,0.92,0.74,1.1,0.64,0.22,0.64,0.68,0.5,-0.05,0.79,-0.05,0.34,2.4,1.73,0.02,1.73,1.63,1.3,0.45,0.07,0.45,1.16,1.1,0.09,0.3,0.09,1.06,0.4,-0.14,0.03,-0.14,0.36,0.9,0.53,0.0,0.53,0.71,0.8,-0.61,0.49,-0.61,0.55,0.4,0.0,0.16,0.0,0.37,0.3,-0.23,0.04,-0.23,0.05
6.9540000000000015,4.262187499999999,72.55062500000005,-0.28,-28.194687500000033,26.306249999999938,-5.921562499999977,-2.0685000000000158,30.701312499999993,-37.65271875000005,14.203718749999975,-12.125906249999973,96.79056250000001,-60.09806250000002,113.93143750000002,0.6,0.22,0.2,0.22,0.44,1.2,0.92,0.38,0.92,0.74,1.1,0.64,0.22,0.64,0.68,0.5,-0.05,0.79,-0.05,0.34,2.4,1.73,0.02,1.73,1.63,1.3,0.45,0.07,0.45,1.16,1.1,0.09,0.3,0.09,1.06,0.4,-0.14,0.03,-0.14,0.36,0.9,0.53,0.0,0.53,0.71,0.8,-0.61,0.49,-0.61,0.55,0.4,0.0,0.16,0.0,0.37,0.3,-0.23,0.04,-0.23,0.05
7.004000000000001,4.216874999999999,73.89437500000005,-0.28,-29.034375000000026,24.859374999999954,-5.070624999999969,-2.579062500000018,30.39584374999999,-38.631812500000024,13.456093749999974,-11.496906249999979,96.81103125,-60.49109375000001,114.1555625,0.6,0.22,0.2,0.22,0.44,1.2,0.92,0.38,0.92,0.74,1.1,0.64,0.22,0.64,0.68,0.5,-0.05,0.79,-0.05,0.34,2.4,1.73,0.02,1.73,1.63,1.3,0.45,0.07,0.45,1.16,1.1,0.09,0.3,0.09,1.06,0.4,-0.14,0.03,-0.14,0.36,0.9,0.53,0.0,0.53,0.71,0.8,-0.61,0.49,-0.61,0.55,0.4,0.0,0.16,0.0,0.37,0.3,-0.23,0.04,-0.23,0.05
7.054000000000002,4.185624999999998,75.23812500000007,-0.28,-29.87812500000004,23.668749999999957,-4.124718749999956,-3.1304687500000266,30.47265625000003,-38.95218749999999,12.74321874999997,-10.955687499999978,96.7734375,-60.89156250000002,114.33700000000002,0.6,0.22,0.2,0.22,0.44,1.2,0.92,0.38,0.92,0.74,1.1,0.64,0.22,0.64,0.68,0.5,-0.05,0.79,-0.05,0.34,2.4,1.73,0.02,1.73,1.63,1.3,0.45,0.07,0.45,1.16,1.1,0.09,0.3,0.09,1.06,0.4,-0.14,0.03,-0.14,0.36,0.9,0.53,0.0,0.53,0.71,0.8,-0.61,0.49,-0.61,0.55,0.4,0.0,0.16,0.0,0.37,0.3,-0.23,0.04,-0.23,0.05
7.104000000000002,4.164374999999999,76.58187500000005,-0.28,-30.724687500000037,23.071874999999995,-3.232562499999975,-3.682156250000015,32.18312500000003,-36.966343749999936,12.405906249999996,-10.743093749999996,96.7174375,-61.423968750000014,114.57331250000001,0.5718749999999934,0.20593749999999672,0.2,0.20593749999999672,0.44,1.1718749999999933,0.9031249999999961,0.35187499999999344,0.9031249999999961,0.7456250000000013,1.1,0.6371874999999994,0.228437500000002,0.6371874999999994,0.696875000000004,0.47187499999999344,0.01750000000001581,0.7871874999999994,0.01750000000001581,0.3118749999999934,2.4281250000000068,1.7890625000000138,0.03968750000000461,1.7890625000000138,1.6074999999999946,1.2718749999999934,0.46125000000000266,0.08687500000000396,0.46125000000000266,1.143124999999996,1.0718749999999935,0.10125000000000263,0.32531250000000594,0.10125000000000263,1.012187499999989,0.4,-0.16250000000000528,0.024374999999998682,-0.16250000000000528,0.3571874999999993,0.9281250000000066,0.5581250000000066,0.03093750000000725,0.5581250000000066,0.7325000000000053,0.7718749999999934,-0.593124999999996,0.5181250000000066,-0.593124999999996,0.49374999999998687,0.4,-0.016875000000003953,0.14874999999999736,-0.016875000000003953,0.37281250000000066,0.3,-0.24125000000000266,0.034374999999998684,-0.24125000000000266,0.041562499999998025
7.154000000000002,4.133124999999999,77.91718750000005,-0.28,-31.584062500000034,23.0,-2.7824999999999878,-3.98021875000001,32.964062500000026,-35.51140624999995,12.3469375,-10.726937500000002,96.73118749999999,-61.76296875000001,114.76731250000002,0.5,0.17,0.2,0.17,0.44,1.1,0.86,0.28,0.86,0.76,1.1,0.63,0.25,0.63,0.74,0.4,0.19,0.78,0.19,0.24,2.5,1.94,0.09,1.94,1.55,1.2,0.49,0.13,0.49,1.1,1.0,0.13,0.39,0.13,0.89,0.4,-0.22,0.01,-0.22,0.35,1.0,0.63,0.11,0.63,0.79,0.7,-0.55,0.59,-0.55,0.35,0.4,-0.06,0.12,-0.06,0.38,0.3,-0.27,0.02,-0.27,0.02
7.2040000000000015,4.115937499999999,79.25531250000004,-0.28593749999999946,-32.433437500000025,23.46250000000002,-3.0214062500000103,-4.1326875,34.81368750000007,-34.334781249999956,12.511937500000007,-11.086500000000015,96.77265625,-62.16809375000001,115.02059375,0.5,0.17,0.2,0.17,0.44,1.1,0.86,0.28,0.86,0.76,1.1,0.63,0.25,0.63,0.74,0.4,0.19,0.78,0.19,0.24,2.5,1.94,0.09,1.94,1.55,1.2,0.49,0.13,0.49,1.1,1.0,0.13,0.39,0.13,0.89,0.4,-0.22,0.01,-0.22,0.35,1.0,0.63,0.11,0.63,0.79,0.7,-0.55,0.59,-0.55,0.35,0.4,-0.06,0.12,-0.06,0.38,0.3,-0.27,0.02,-0.27,0.02
7.254000000000001,4.1,80.61000000000004,-0.28,-33.32000000000003,24.200000000000017,-3.343000000000021,-4.099,36.8690000000001,-32.93299999999995,12.696000000000003,-11.534000000000017,96.695,-62.60700000000001,115.193,0.5,0.17,0.2,0.17,0.44,1.1,0.86,0.28,0.86,0.76,1.1,0.63,0.25,0.63,0.74,0.4,0.19,0.78,0.19,0.24,2.5,1.94,0.09,1.94,1.55,1.2,0.49,0.13,0.49,1.1,1.0,0.13,0.39,0.13,0.89,0.4,-0.22,0.01,-0.22,0.35,1.0,0.63,0.11,0.63,0.79,0.7,-0.55,0.59,-0.55,0.35,0.4,-0.06,0.12,-0.06,0.38,0.3,-0.27,0.02,-0.27,0.02
7.304000000000002,4.1,81.93812500000007,-0.28562500000000074,-34.17937500000004,24.668750000000024,-3.9521250000000316,-4.079124999999998,39.14856250000006,-32.345812500000044,12.83287500000001,-11.928312500000013,96.63625,-63.05743750000002,115.38993750000002,0.5,0.17,0.2,0.17,0.44,1.1,0.86,0.28,0.86,0.76,1.1,0.63,0.25,0.63,0.74,0.4,0.19,0.78,0.19,0.24,2.5,1.94,0.09,1.94,1.55,1.2,0.49,0.13,0.49,1.1,1.0,0.13,0.39,0.13,0.89,0.4,-0.22,0.01,-0.22,0.35,1.0,0.63,0.11,0.63,0.79,0.7,-0.55,0.59,-0.55,0.35,0.4,-0.06,0.12,-0.06,0.38,0.3,-0.27,0.02,-0.27,0.02
7.354000000000002,4.1,83.29125000000005,-0.29,-35.067500000000024,25.115625000000005,-4.649062500000018,-4.028531250000007,39.184999999999974,-34.80071875000001,13.096562500000006,-12.123593750000007,96.75121875,-63.55187500000001,115.75815625,0.5,0.16062499999999688,0.2,0.16062499999999688,0.4384374999999995,1.1,0.86,0.28,0.86,0.76,1.1156250000000052,0.63,0.25,0.63,0.7446875000000015,0.4,0.19,0.78,0.19,0.24,2.4843749999999947,1.930624999999997,0.08062499999999688,1.930624999999997,1.5406249999999968,1.2,0.49,0.13,0.49,1.1,1.0,0.1362500000000021,0.39312500000000106,0.1362500000000021,0.8712499999999938,0.4,-0.22937500000000313,0.01156250000000052,-0.22937500000000313,0.34843749999999946,1.0312500000000104,0.6550000000000084,0.13500000000000834,0.6550000000000084,0.7993750000000032,0.6843749999999947,-0.5406249999999969,0.59,-0.5406249999999969,0.3437499999999979,0.4,-0.058437499999999476,0.11374999999999791,-0.058437499999999476,0.3815625000000005,0.3,-0.27,0.02,-0.27,0.02
7.404000000000002,4.107419354838711,84.63064516129036,-0.29,-35.955483870967775,25.348387096774204,-5.126483870967755,-4.240096774193557,38.92187096774195,-34.885354838709674,13.2641935483871,-12.366000000000009,96.72222580645162,-63.96319354838712,115.95870967741936,0.5,0.11,0.2,0.11,0.43,1.1,0.86,0.28,0.86,0.76,1.2,0.63,0.25,0.63,0.77,0.4,0.19,0.78,0.19,0.24,2.4,1.88,0.03,1.88,1.49,1.2,0.49,0.13,0.49,1.1,1.0,0.17,0.41,0.17,0.77,0.4,-0.28,0.02,-0.28,0.34,1.2,0.79,0.27,0.79,0.85,0.6,-0.49,0.59,-0.49,0.31,0.4,-0.05,0.08,-0.05,0.39,0.3,-0.27,0.02,-0.27,0.02
7.4540000000000015,4.126451612903227,85.97096774193554,-0.30322580645161346,-36.84064516129035,25.6,-5.264645161290323,-4.480612903225817,40.51567741935476,-35.18770967741941,13.158161290322571,-12.603967741935492,96.8673870967742,-64.59629032258067,116.43074193548388,0.5,0.11,0.2,0.11,0.43,1.1,0.86,0.28,0.86,0.76,1.2,0.63,0.25,0.63,0.77,0.4,0.19,0.78,0.19,0.24,2.4,1.88,0.03,1.88,1.49,1.2,0.49,0.13,0.49,1.1,1.0,0.17,0.41,0.17,0.77,0.4,-0.28,0.02,-0.28,0.34,1.2,0.79,0.27,0.79,0.85,0.6,-0.49,0.59,-0.49,0.31,0.4,-0.05,0.08,-0.05,0.39,0.3,-0.27,0.02,-0.27,0.02
7.504000000000001,4.158709677419355,87.32580645161293,-0.31,-37.743870967741955,25.506451612903223,-5.222967741935482,-4.813000000000008,37.300193548387014,-37.04767741935488,12.825967741935475,-12.81161290322581,97.00464516129033,-65.32748387096775,116.95261290322581,0.5,0.11,0.2,0.11,0.43,1.1,0.86,0.28,0.86,0.76,1.2,0.63,0.25,0.63,0.77,0.4,0.19,0.78,0.19,0.24,2.4,1.88,0.03,1.88,1.49,1.2,0.49,0.13,0.49,1.1,1.0,0.17,0.41,0.17,0.77,0.4,-0.28,0.02,-0.28,0.34,1.2,0.79,0.27,0.79,0.85,0.6,-0.49,0.59,-0.49,0.31,0.4,-0.05,0.08,-0.05,0.39,0.3,-0.27,0.02,-0.27,0.02
7.554000000000002,4.180625000000002,88.66625000000006,-0.32,-38.65281250000004,25.346874999999994,-5.000843749999996,-5.168375000000009,37.0048125,-36.2181875,12.25803124999998,-13.084937500000006,97.16234375,-65.62296875000001,117.24868750000002,0.5,0.11,0.2,0.11,0.43,1.1,0.86,0.28,0.86,0.76,1.2,0.63,0.25,0.63,0.77,0.4,0.19,0.78,0.19,0.24,2.4,1.88,0.03,1.88,1.49,1.2,0.49,0.13,0.49,1.1,1.0,0.17,0.41,0.17,0.77,0.4,-0.28,0.02,-0.28,0.34,1.2,0.79,0.27,0.79,0.85,0.6,-0.49,0.59,-0.49,0.31,0.4,-0.05,0.08,-0.05,0.39,0.3,-0.27,0.02,-0.27,0.02
7.604000000000002,4.2125806451612915,90.0170967741936,-0.33,-39.55354838709681,25.287096774193543,-5.054903225806457,-5.286225806451625,37.027516129032264,-36.71958064516122,11.861225806451598,-13.114645161290321,97.2003870967742,-66.08012903225807,117.53719354838711,0.5,0.11129032258064585,0.1974193548387083,0.11129032258064585,0.4274193548387083,1.1,0.8290322580644994,0.26451612903224975,0.8290322580644994,0.7767741935483962,1.2,0.6338709677419375,0.25,0.6338709677419375,0.7725806451612918,0.4258064516129171,0.2209677419355005,0.7464516129032078,0.2209677419355005,0.2425806451612917,2.425806451612917,1.8761290322580624,0.04032258064516683,1.8761290322580624,1.5119354838709795,1.2129032258064585,0.49645161290322926,0.11967741935483317,0.49645161290322926,1.109032258064521,1.0,0.17516129032258343,0.4048387096774166,0.17516129032258343,0.7661290322580625,0.41290322580645855,-0.289032258064521,0.026451612903229272,-0.289032258064521,0.34,1.225806451612917,0.8119354838709796,0.288064516129042,0.8119354838709796,0.85,0.6,-0.47967741935483316,0.5887096774193541,-0.47967741935483316,0.3112903225806459,0.4,-0.04354838709677073,0.07483870967741658,-0.04354838709677073,0.3938709677419376,0.3,-0.26870967741935414,0.017419354838708292,-0.26870967741935414,0.025161290322583418
7.654000000000002,4.245333333333335,91.37633333333338,-0.33766666666666734,-40.47933333333337,25.046666666666653,-5.167900000000005,-5.594033333333345,37.08560000000001,-35.30916666666663,11.496799999999986,-13.031433333333329,97.29533333333335,-66.33713333333334,117.75966666666667,0.5,0.12,0.18,0.12,0.41,1.1,0.62,0.16,0.62,0.89,1.2,0.66,0.25,0.66,0.79,0.6,0.43,0.52,0.43,0.26,2.6,1.85,0.11,1.85,1.66,1.3,0.54,0.05,0.54,1.17,1.0,0.21,0.37,0.21,0.74,0.5,-0.35,0.07,-0.35,0.34,1.4,0.96,0.41,0.96,0.85,0.6,-0.41,0.58,-0.41,0.32,0.4,0.0,0.04,0.0,0.42,0.3,-0.26,0.0,-0.26,0.06
7.7040000000000015,4.267741935483872,92.71741935483875,-0.34,-41.40064516129035,24.12903225806448,-5.2793225806451645,-5.930903225806461,37.142548387096774,-35.751838709677436,11.138451612903216,-12.744903225806443,97.31393548387096,-66.63616129032259,117.94435483870969,0.5,0.12,0.18,0.12,0.41,1.1,0.62,0.16,0.62,0.89,1.2,0.66,0.25,0.66,0.79,0.6,0.43,0.52,0.43,0.26,2.6,1.85,0.11,1.85,1.66,1.3,0.54,0.05,0.54,1.17,1.0,0.21,0.37,0.21,0.74,0.5,-0.35,0.07,-0.35,0.34,1.4,0.96,0.41,0.96,0.85,0.6,-0.41,0.58,-0.41,0.32,0.4,0.0,0.04,0.0,0.42,0.3,-0.26,0.0,-0.26,0.06
7.754000000000001,4.290322580645162,94.07645161290326,-0.35032258064516164,-42.33838709677422,23.1,-5.419129032258083,-6.257516129032257,37.142774193548355,-36.50467741935488,10.798709677419358,-12.432064516129028,97.3277741935484,-66.94551612903226,118.13241935483872,0.5,0.12,0.18,0.12,0.41,1.1,0.62,0.16,0.62,0.89,1.2,0.66,0.25,0.66,0.79,0.6,0.43,0.52,0.43,0.26,2.6,1.85,0.11,1.85,1.66,1.3,0.54,0.05,0.54,1.17,1.0,0.21,0.37,0.21,0.74,0.5,-0.35,0.07,-0.35,0.34,1.4,0.96,0.41,0.96,0.85,0.6,-0.41,0.58,-0.41,0.32,0.4,0.0,0.04,0.0,0.42,0.3,-0.26,0.0,-0.26,0.06
7.804000000000002,4.313333333333335,95.42333333333339,-0.36,-43.26333333333337,23.1,-6.068333333333354,-6.101666666666655,36.0413333333333,-38.1243333333334,10.963333333333338,-12.243333333333327,97.47566666666667,-67.25833333333334,118.43166666666669,0.5,0.12,0.18,0.12,0.41,1.1,0.62,0.16,0.62,0.89,1.2,0.66,0.25,0.66,0.79,0.6,0.43,0.52,0.43,0.26,2.6,1.85,0.11,1.85,1.66,1.3,0.54,0.05,0.54,1.17,1.0,0.21,0.37,0.21,0.74,0.5,-0.35,0.07,-0.35,0.34,1.4,0.96,0.41,0.96,0.85,0.6,-0.41,0.58,-0.41,0.32,0.4,0.0,0.04,0.0,0.42,0.3,-0.26,0.0,-0.26,0.06
7.854000000000002,4.343000000000001,96.77600000000005,-0.38,-44.191000000000045,23.0,-6.202400000000002,-5.584699999999975,35.71979999999999,-39.22340000000002,11.023800000000001,-12.064099999999986,97.6393,-67.64940000000001,118.7887,0.5,0.12,0.18,0.12,0.41,1.1,0.62,0.16,0.62,0.89,1.2,0.66,0.25,0.66,0.79,0.6600000000000136,0.49000000000001365,0.4479999999999837,0.49000000000001365,0.27200000000000274,2.6,1.85,0.11,1.85,1.66,1.3,0.5369999999999994,0.034999999999996596,0.5369999999999994,1.1910000000000047,1.0,0.21,0.37,0.21,0.74,0.5,-0.35,0.07,-0.35,0.34,1.4,0.96,0.41,0.96,0.85,0.6,-0.41,0.58,-0.41,0.32,0.4,0.0,0.04,0.0,0.42,0.3,-0.25099999999999795,0.0030000000000006814,-0.25099999999999795,0.0750000000000034
7.904000000000002,4.35,98.14266666666671,-0.38,-45.150666666666694,23.0,-6.248100000000001,-4.958633333333315,35.529799999999994,-39.49656666666667,11.067133333333334,-11.68903333333332,97.72453333333334,-67.69506666666666,118.88483333333333,0.5,0.12,0.18,0.12,0.41,1.1,0.62,0.16,0.62,0.89,1.2,0.66,0.25,0.66,0.79,0.8,0.63,0.28,0.63,0.3,2.6,1.85,0.11,1.85,1.66,1.3,0.53,0.0,0.53,1.24,1.0,0.21,0.37,0.21,0.74,0.5,-0.35,0.07,-0.35,0.34,1.4,0.96,0.41,0.96,0.85,0.6,-0.41,0.58,-0.41,0.32,0.4,0.0,0.04,0.0,0.42,0.3,-0.23,0.01,-0.23,0.11
7.9540000000000015,4.372000000000001,99.48200000000004,-0.3960000000000005,-46.09200000000003,22.919999999999987,-6.295000000000002,-4.339399999999982,35.4414,-39.665400000000005,11.126200000000003,-11.29579999999999,97.75059999999999,-67.84720000000002,118.9912,0.5,0.12,0.18,0.12,0.41,1.1,0.62,0.16,0.62,0.89,1.2,0.66,0.25,0.66,0.79,0.8,0.63,0.28,0.63,0.3,2.6,1.85,0.11,1.85,1.66,1.3,0.53,0.0,0.53,1.24,1.0,0.21,0.37,0.21,0.74,0.5,-0.35,0.07,-0.35,0.34,1.4,0.96,0.41,0.96,0.85,0.6,-0.41,0.58,-0.41,0.32,0.4,0.0,0.04,0.0,0.42,0.3,-0.23,0.01,-0.23,0.11
8.004000000000001,4.41,100.83900000000004,-0.41,-47.015333333333366,22.1,-6.346466666666669,-3.907133333333357,35.75730000000001,-39.85650000000001,11.250133333333338,-11.001433333333344,97.66070000000002,-68.5063,119.29263333333334,0.5,0.12,0.18,0.12,0.41,1.1,0.62,0.16,0.62,0.89,1.2,0.66,0.25,0.66,0.79,0.8,0.63,0.28,0.63,0.3,2.6,1.85,0.11,1.85,1.66,1.3,0.53,0.0,0.53,1.24,1.0,0.21,0.37,0.21,0.74,0.5,-0.35,0.07,-0.35,0.34,1.4,0.96,0.41,0.96,0.85,0.6,-0.41,0.58,-0.41,0.32,0.4,0.0,0.04,0.0,0.42,0.3,-0.23,0.01,-0.23,0.11
8.054000000000002,4.41,102.19800000000005,-0.41,-47.982000000000035,22.280000000000012,-6.434900000000004,-4.801300000000037,36.17930000000002,-40.19950000000001,11.375100000000003,-11.416800000000016,98.01030000000002,-68.4405,119.54530000000001,0.5,0.12,0.18,0.12,0.41,1.1,0.62,0.16,0.62,0.89,1.2,0.66,0.25,0.66,0.79,0.8,0.63,0.28,0.63,0.3,2.6,1.85,0.11,1.85,1.66,1.3,0.53,0.0,0.53,1.24,1.0,0.21,0.37,0.21,0.74,0.5,-0.35,0.07,-0.35,0.34,1.4,0.96,0.41,0.96,0.85,0.6,-0.41,0.58,-0.41,0.32,0.4,0.0,0.04,0.0,0.42,0.3,-0.23,0.01,-0.23,0.11
8.104000000000001,4.435666666666667,103.56466666666668,-0.42566666666666686,-48.94300000000001,23.126666666666676,-6.991166666666676,-5.932666666666683,36.71510000000001,-40.55473333333334,11.436266666666668,-11.928000000000006,97.75073333333333,-69.28183333333335,119.8163,0.5,0.12,0.18,0.12,0.41,1.1,0.62,0.16,0.62,0.89,1.2,0.66,0.25,0.66,0.79,0.8,0.63,0.28,0.63,0.3,2.6,1.85,0.11,1.85,1.66,1.3,0.53,0.0,0.53,1.24,1.0,0.21,0.37,0.21,0.74,0.5,-0.35,0.07,-0.35,0.34,1.4,0.96,0.41,0.96,0.85,0.6,-0.41,0.58,-0.41,0.32,0.4,0.0,0.04,0.0,0.42,0.3,-0.23,0.01,-0.23,0.11
8.154000000000002,4.45,104.92900000000004,-0.43233333333333385,-49.915333333333365,23.670000000000016,-8.015000000000034,-7.393600000000038,36.55809999999999,-40.76339999999998,11.704933333333344,-12.476866666666677,97.67606666666667,-69.97490000000002,120.15593333333335,0.5,0.17,0.17,0.17,0.38,1.0,0.6,0.05,0.6,0.81,1.2,0.71,0.25,0.71,0.81,0.9,0.73,0.17,0.73,0.3,2.4,1.69,0.07,1.69,1.64,1.4,0.52,0.03,0.52,1.29,1.1,0.31,0.26,0.31,0.89,0.6,-0.42,0.13,-0.42,0.31,1.5,1.07,0.54,1.07,0.92,0.5,-0.33,0.56,-0.33,0.32,0.5,0.04,0.01,0.04,0.43,0.3,-0.2,0.01,-0.2,0.15
8.204000000000002,4.45,106.28800000000005,-0.4490000000000006,-50.89100000000004,24.080000000000013,-9.11320000000004,-8.54400000000004,36.27219999999999,-40.13789999999997,12.01070000000001,-12.76230000000001,97.8392,-70.55180000000001,120.62430000000002,0.5,0.17,0.17,0.17,0.38,1.0,0.6,0.05,0.6,0.81,1.2,0.71,0.25,0.71,0.81,0.9,0.73,0.17,0.73,0.3,2.4,1.69,0.07,1.69,1.64,1.4,0.52,0.03,0.52,1.29,1.1,0.31,0.26,0.31,0.89,0.6,-0.42,0.13,-0.42,0.31,1.5,1.07,0.54,1.07,0.92,0.5,-0.33,0.56,-0.33,0.32,0.5,0.04,0.01,0.04,0.43,0.3,-0.2,0.01,-0.2,0.15
8.254000000000001,4.45,107.63900000000004,-0.46,-51.86433333333336,24.570000000000014,-10.204766666666702,-9.661233333333369,36.10893333333334,-39.438566666666645,12.28963333333334,-13.022400000000008,98.04740000000001,-71.14900000000002,121.14316666666669,0.5,0.17,0.17,0.17,0.38,1.0,0.6,0.05,0.6,0.81,1.2,0.71,0.25,0.71,0.81,0.9,0.73,0.17,0.73,0.3,2.4,1.69,0.07,1.69,1.64,1.4,0.52,0.03,0.52,1.29,1.1,0.31,0.26,0.31,0.89,0.6,-0.42,0.13,-0.42,0.31,1.5,1.07,0.54,1.07,0.92,0.5,-0.33,0.56,-0.33,0.32,0.5,0.04,0.01,0.04,0.43,0.3,-0.2,0.01,-0.2,0.15
8.304000000000002,4.467000000000001,108.99366666666671,-0.46,-52.84300000000003,25.270000000000014,-11.164266666666675,-10.719433333333356,36.27833333333331,-38.614399999999954,12.365133333333317,-13.315600000000016,98.31206666666667,-71.85890000000002,121.77560000000001,0.5,0.17,0.17,0.17,0.38,1.0,0.6,0.05,0.6,0.81,1.2,0.71,0.25,0.71,0.81,0.9,0.73,0.17,0.73,0.3,2.4,1.69,0.07,1.69,1.64,1.4,0.52,0.03,0.52,1.29,1.1,0.31,0.26,0.31,0.89,0.6,-0.42,0.13,-0.42,0.31,1.5,1.07,0.54,1.07,0.92,0.5,-0.33,0.56,-0.33,0.32,0.5,0.04,0.01,0.04,0.43,0.3,-0.2,0.01,-0.2,0.15
8.354000000000003,4.508000000000002,110.3680000000001,-0.4690000000000011,-53.79300000000006,25.68000000000002,-11.348500000000008,-11.27420000000003,35.35819999999993,-37.064899999999895,11.777099999999956,-13.769600000000029,98.2509,-72.55880000000005,122.14130000000003,0.5,0.17,0.17,0.17,0.38,1.0,0.6,0.05,0.6,0.81,1.2,0.71,0.25,0.71,0.81,0.9,0.73,0.17,0.73,0.3,2.4,1.69,0.07,1.69,1.64,1.4,0.52,0.03,0.52,1.29,1.1,0.31,0.26,0.31,0.89,0.6,-0.42,0.13,-0.42,0.31,1.5,1.07,0.54,1.07,0.92,0.5,-0.33,0.56,-0.33,0.32,0.5,0.04,0.01,0.04,0.43,0.3,-0.2,0.01,-0.2,0.15
8.404000000000002,4.471379310344825,111.746551724138,-0.486206896551725,-54.83862068965522,24.88965517241375,-11.456103448275869,-11.001172413793087,34.312241379310294,-36.854068965517236,11.120517241379277,-13.616724137931024,98.56203448275863,-72.90368965517243,122.5969655172414,0.5,0.32,0.14,0.32,0.26,0.9,0.61,0.06,0.61,0.69,1.2,0.73,0.21,0.73,0.79,0.9,0.76,0.12,0.76,0.29,2.1,1.46,0.4,1.46,1.47,1.4,0.51,0.01,0.51,1.26,1.2,0.37,0.2,0.37,0.97,0.6,-0.43,0.16,-0.43,0.31,1.5,1.05,0.53,1.05,0.98,0.6,-0.3,0.37,-0.3,0.45,0.6,0.13,0.08,0.13,0.46,0.3,-0.19,0.01,-0.19,0.18
8.454000000000002,4.433103448275861,113.12586206896556,-0.4934482758620695,-55.88689655172417,24.027586206896522,-11.564379310344831,-10.681206896551714,33.26568965517238,-36.72648275862068,10.46262068965515,-13.426724137931028,98.89824137931036,-73.2288275862069,123.05941379310346,0.5,0.32,0.14,0.32,0.26,0.9,0.61,0.06,0.61,0.69,1.2,0.73,0.21,0.73,0.79,0.9,0.76,0.12,0.76,0.29,2.1,1.46,0.4,1.46,1.47,1.4,0.51,0.01,0.51,1.26,1.2,0.37,0.2,0.37,0.97,0.6,-0.43,0.16,-0.43,0.31,1.5,1.05,0.53,1.05,0.98,0.6,-0.3,0.37,-0.3,0.45,0.6,0.13,0.08,0.13,0.46,0.3,-0.19,0.01,-0.19,0.18
8.504000000000001,4.400666666666667,114.50400000000002,-0.5093333333333331,-56.929333333333346,23.166666666666654,-11.59759999999998,-10.36253333333333,32.254533333333335,-36.59893333333333,9.827799999999998,-13.23653333333333,99.21586666666667,-73.56720000000001,123.51646666666667,0.5,0.32,0.14,0.32,0.26,0.9,0.61,0.06,0.61,0.69,1.2,0.73,0.21,0.73,0.79,0.9,0.76,0.12,0.76,0.29,2.1,1.46,0.4,1.46,1.47,1.4,0.51,0.01,0.51,1.26,1.2,0.37,0.2,0.37,0.97,0.6,-0.43,0.16,-0.43,0.31,1.5,1.05,0.53,1.05,0.98,0.6,-0.3,0.37,-0.3,0.45,0.6,0.13,0.08,0.13,0.46,0.3,-0.19,0.01,-0.19,0.18
8.554000000000002,4.4173333333333344,115.85400000000007,-0.5,-57.912666666666716,22.553333333333317,-10.184666666666596,-9.996599999999978,32.224466666666686,-36.174533333333294,9.699799999999998,-13.120999999999999,99.20073333333333,-74.10913333333336,123.82673333333334,0.5,0.32,0.14,0.32,0.26,0.9,0.61,0.06,0.61,0.69,1.2,0.73,0.21,0.73,0.79,0.9,0.76,0.12,0.76,0.29,2.1,1.46,0.4,1.46,1.47,1.4,0.51,0.01,0.51,1.26,1.2,0.37,0.2,0.37,0.97,0.6,-0.43,0.16,-0.43,0.31,1.5,1.05,0.53,1.05,0.98,0.6,-0.3,0.37,-0.3,0.45,0.6,0.13,0.08,0.13,0.46,0.3,-0.19,0.01,-0.19,0.18
8.604000000000003,4.415517241379309,117.23310344827597,-0.5,-58.938965517241456,23.034482758620726,-8.964068965517205,-9.30631034482753,33.599241379310435,-34.528689655172364,10.036206896551763,-13.40217241379313,99.24962068965517,-74.36737931034486,124.0204827586207,0.5,0.32,0.14,0.32,0.26,0.9,0.61,0.06,0.61,0.69,1.2,0.73,0.21,0.73,0.79,0.9,0.76,0.12,0.76,0.29,2.1,1.46,0.4,1.46,1.47,1.4,0.51,0.01,0.51,1.26,1.2,0.37,0.2,0.37,0.97,0.6,-0.43,0.16,-0.43,0.31,1.5,1.05,0.53,1.05,0.98,0.6,-0.3,0.37,-0.3,0.45,0.6,0.13,0.08,0.13,0.46,0.3,-0.19,0.01,-0.19,0.18
8.654000000000002,4.398275862068965,118.61793103448282,-0.5017241379310353,-59.97344827586211,23.603448275862117,-8.853103448275867,-8.490034482758599,34.663413793103494,-34.41424137931034,10.662724137931065,-13.786310344827598,99.26906896551725,-74.73758620689657,124.25841379310346,0.5,0.38,0.11,0.38,0.22,0.8,0.61,0.16,0.61,0.56,1.2,0.7,0.18,0.7,0.84,0.9,0.75,0.11,0.75,0.29,2.1,1.25,0.45,1.25,1.57,1.3,0.53,0.05,0.53,1.2,1.2,0.41,0.16,0.41,1.03,0.7,-0.48,0.27,-0.48,0.33,1.5,1.05,0.52,1.05,1.03,0.6,-0.35,0.29,-0.35,0.45,0.6,0.17,0.16,0.17,0.47,0.3,-0.2,0.01,-0.2,0.18
8.704000000000002,4.38103448275862,119.9972413793104,-0.51,-61.01689655172417,24.637931034482794,-8.934137931034485,-8.023689655172399,35.636655172413825,-34.31872413793103,11.329068965517264,-14.018655172413801,99.34424137931035,-75.00537931034484,124.47986206896552,0.5,0.38,0.11,0.38,0.22,0.8,0.61,0.16,0.61,0.56,1.2,0.7,0.18,0.7,0.84,0.9,0.75,0.11,0.75,0.29,2.1,1.25,0.45,1.25,1.57,1.3,0.53,0.05,0.53,1.2,1.2,0.41,0.16,0.41,1.03,0.7,-0.48,0.27,-0.48,0.33,1.5,1.05,0.52,1.05,1.03,0.6,-0.35,0.29,-0.35,0.45,0.6,0.17,0.16,0.17,0.47,0.3,-0.2,0.01,-0.2,0.18
8.754000000000001,4.37,121.37655172413795,-0.52,-62.058620689655186,25.772413793103464,-9.015172413793104,-7.579862068965511,36.609689655172424,-34.20503448275862,11.995206896551734,-14.241068965517243,99.42355172413794,-75.26472413793104,124.70044827586207,0.5,0.38,0.11,0.38,0.22,0.8,0.61,0.16,0.61,0.56,1.2,0.7,0.18,0.7,0.84,0.9,0.75,0.11,0.75,0.29,2.1,1.25,0.45,1.25,1.57,1.3,0.53,0.05,0.53,1.2,1.2,0.41,0.16,0.41,1.03,0.7,-0.48,0.27,-0.48,0.33,1.5,1.05,0.52,1.05,1.03,0.6,-0.35,0.29,-0.35,0.45,0.6,0.17,0.16,0.17,0.47,0.3,-0.2,0.01,-0.2,0.18
8.804000000000002,4.356551724137931,122.75586206896557,-0.53,-63.10034482758624,26.668965517241393,-9.166586206896566,-7.18431034482758,37.120758620689614,-33.900517241379276,12.560068965517248,-14.4438275862069,99.517,-75.55644827586208,124.9511379310345,0.5,0.38,0.11,0.38,0.22,0.8,0.61,0.16,0.61,0.56,1.2,0.7,0.18,0.7,0.84,0.9,0.75,0.11,0.75,0.29,2.1,1.25,0.45,1.25,1.57,1.3,0.53,0.05,0.53,1.2,1.2,0.41,0.16,0.41,1.03,0.7,-0.48,0.27,-0.48,0.33,1.5,1.05,0.52,1.05,1.03,0.6,-0.35,0.29,-0.35,0.45,0.6,0.17,0.16,0.17,0.47,0.3,-0.2,0.01,-0.2,0.18
8.854000000000003,4.339310344827585,124.13448275862075,-0.5306896551724146,-64.15137931034488,26.87931034482756,-9.660344827586202,-7.0288620689655,35.39093103448283,-32.6886206896552,12.579172413793076,-14.542448275862071,99.68731034482761,-75.98062068965515,125.3433103448276,0.5,0.3813793103448293,0.10793103448275608,0.3813793103448293,0.22,0.8,0.617586206896561,0.16275862068965855,0.617586206896561,0.5462068965517073,1.2,0.6958620689655122,0.17862068965517072,0.6958620689655122,0.8434482758620732,0.8931034482758536,0.7444827586206829,0.11413793103448783,0.7444827586206829,0.2879310344827561,2.1,1.2410344827586097,0.44724137931034147,1.2410344827586097,1.5831034482758781,1.3,0.5431034482758782,0.04931034482758537,0.5431034482758782,1.1951724137930975,1.1931034482758536,0.41896551724139025,0.16275862068965855,0.41896551724139025,1.0251724137930975,0.7,-0.4813793103448293,0.27068965517241467,-0.4813793103448293,0.33,1.5,1.0555172413793172,0.5117241379310243,1.0555172413793172,1.0231034482758536,0.6,-0.3541379310344878,0.28379310344826825,-0.3541379310344878,0.45,0.6068965517241464,0.17275862068965855,0.16551724137931711,0.17275862068965855,0.4693103448275853,0.3,-0.20275862068965855,0.009310344827585363,-0.20275862068965855,0.17862068965517072
8.904000000000002,4.33,125.52714285714289,-0.5482142857142861,-65.21107142857144,26.435714285714276,-9.532142857142855,-6.703285714285708,36.74953571428574,-33.37153571428573,12.088642857142847,-14.601428571428572,99.93610714285714,-75.79321428571428,125.42907142857143,0.5,0.4,0.08,0.4,0.22,0.8,0.72,0.2,0.72,0.36,1.2,0.64,0.16,0.64,0.89,0.8,0.67,0.17,0.67,0.26,2.1,1.12,0.41,1.12,1.76,1.3,0.72,0.04,0.72,1.13,1.1,0.54,0.2,0.54,0.96,0.7,-0.5,0.28,-0.5,0.33,1.5,1.13,0.4,1.13,0.93,0.6,-0.41,0.2,-0.41,0.45,0.7,0.21,0.24,0.21,0.46,0.3,-0.24,0.0,-0.24,0.16
8.954000000000002,4.33,126.91137931034487,-0.555517241379311,-66.25655172413798,26.55517241379311,-9.193793103448263,-6.612793103448274,36.94968965517241,-33.678896551724144,12.200517241379316,-14.768241379310348,99.93679310344827,-75.92555172413793,125.51175862068966,0.5,0.4,0.08,0.4,0.22,0.8,0.72,0.2,0.72,0.36,1.2,0.64,0.16,0.64,0.89,0.8,0.67,0.17,0.67,0.26,2.1,1.12,0.41,1.12,1.76,1.3,0.72,0.04,0.72,1.13,1.1,0.54,0.2,0.54,0.96,0.7,-0.5,0.28,-0.5,0.33,1.5,1.13,0.4,1.13,0.93,0.6,-0.41,0.2,-0.41,0.45,0.7,0.21,0.24,0.21,0.46,0.3,-0.24,0.0,-0.24,0.16
9.004000000000001,4.317142857142857,128.29571428571433,-0.57,-67.31428571428575,26.72857142857143,-8.835857142857133,-6.570714285714285,37.04085714285715,-33.79942857142857,12.369000000000003,-14.768857142857142,99.94657142857143,-75.96257142857142,125.54242857142857,0.5,0.4,0.08,0.4,0.22,0.8,0.72,0.2,0.72,0.36,1.2,0.64,0.16,0.64,0.89,0.8,0.67,0.17,0.67,0.26,2.1,1.12,0.41,1.12,1.76,1.3,0.72,0.04,0.72,1.13,1.1,0.54,0.2,0.54,0.96,0.7,-0.5,0.28,-0.5,0.33,1.5,1.13,0.4,1.13,0.93,0.6,-0.41,0.2,-0.41,0.45,0.7,0.21,0.24,0.21,0.46,0.3,-0.24,0.0,-0.24,0.16
9.054000000000002,4.3,129.6882142857143,-0.5803571428571432,-68.38178571428574,27.003571428571433,-8.474607142857133,-6.532214285714285,37.13185714285715,-33.89292857142857,12.53946428571429,-14.737357142857142,99.96232142857143,-75.9782857142857,125.56342857142857,0.5,0.4,0.08,0.4,0.22,0.8,0.72,0.2,0.72,0.36,1.2,0.64,0.16,0.64,0.89,0.8,0.67,0.17,0.67,0.26,2.1,1.12,0.41,1.12,1.76,1.3,0.72,0.04,0.72,1.13,1.1,0.54,0.2,0.54,0.96,0.7,-0.5,0.28,-0.5,0.33,1.5,1.13,0.4,1.13,0.93,0.6,-0.41,0.2,-0.41,0.45,0.7,0.21,0.24,0.21,0.46,0.3,-0.24,0.0,-0.24,0.16
9.104000000000003,4.29206896551724,131.08448275862077,-0.5979310344827597,-69.45379310344835,27.1793103448276,-8.11162068965515,-6.493551724137928,37.22324137931035,-33.987827586206905,12.70993103448277,-14.705724137931032,99.97813793103448,-75.99313793103448,125.58451724137932,0.5,0.4,0.08,0.4,0.22,0.8,0.72,0.2,0.72,0.36,1.2,0.64,0.16,0.64,0.89,0.8,0.67,0.17,0.67,0.26,2.1,1.12,0.41,1.12,1.76,1.3,0.72,0.04,0.72,1.13,1.1,0.54,0.2,0.54,0.96,0.7,-0.5,0.28,-0.5,0.33,1.5,1.13,0.4,1.13,0.93,0.6,-0.41,0.2,-0.41,0.45,0.7,0.21,0.24,0.21,0.46,0.3,-0.24,0.0,-0.24,0.16
9.154000000000002,4.284642857142857,132.47321428571436,-0.61,-70.51678571428576,27.353571428571435,-7.7516428571428415,-6.455214285714284,37.31485714285714,-34.08092857142858,12.879500000000007,-14.674357142857142,99.99382142857144,-76.00828571428572,125.60542857142858,0.5,0.39,0.08,0.39,0.21,0.9,0.78,0.14,0.78,0.39,1.2,0.56,0.14,0.56,0.96,0.8,0.71,0.16,0.71,0.19,1.9,0.96,0.57,0.96,1.61,1.5,0.78,0.08,0.78,1.24,1.1,0.47,0.26,0.47,0.91,0.8,-0.5,0.3,-0.5,0.34,1.4,1.09,0.31,1.09,0.89,0.7,-0.47,0.13,-0.47,0.44,0.8,0.24,0.3,0.24,0.48,0.3,-0.23,0.01,-0.23,0.16
9.204000000000002,4.277241379310344,133.85793103448282,-0.6227586206896562,-71.57827586206902,27.555172413793123,-7.392172413793085,-6.417206896551722,37.40534482758621,-34.17462068965518,13.048758620689664,-14.643034482758619,100.00948275862069,-76.02348275862069,125.62631034482759,0.5,0.39,0.08,0.39,0.21,0.9,0.78,0.14,0.78,0.39,1.2,0.56,0.14,0.56,0.96,0.8,0.71,0.16,0.71,0.19,1.9,0.96,0.57,0.96,1.61,1.5,0.78,0.08,0.78,1.24,1.1,0.47,0.26,0.47,0.91,0.8,-0.5,0.3,-0.5,0.34,1.4,1.09,0.31,1.09,0.89,0.7,-0.47,0.13,-0.47,0.44,0.8,0.24,0.3,0.24,0.48,0.3,-0.23,0.01,-0.23,0.16
9.254000000000001,4.269655172413792,135.24724137931037,-0.64,-72.65103448275865,27.803448275862074,-7.0299310344827495,-6.3792413793103435,37.496793103448276,-34.2688275862069,13.219310344827589,-14.611413793103448,100.02531034482759,-76.03831034482758,125.64841379310344,0.5,0.39,0.08,0.39,0.21,0.9,0.78,0.14,0.78,0.39,1.2,0.56,0.14,0.56,0.96,0.8,0.71,0.16,0.71,0.19,1.9,0.96,0.57,0.96,1.61,1.5,0.78,0.08,0.78,1.24,1.1,0.47,0.26,0.47,0.91,0.8,-0.5,0.3,-0.5,0.34,1.4,1.09,0.31,1.09,0.89,0.7,-0.47,0.13,-0.47,0.44,0.8,0.24,0.3,0.24,0.48,0.3,-0.23,0.01,-0.23,0.16
9.304000000000002,4.252142857142856,136.63857142857148,-0.6478571428571435,-73.71928571428575,27.978571428571435,-6.670142857142845,-6.340714285714284,37.587857142857146,-34.36164285714286,13.388214285714291,-14.580857142857141,100.04107142857144,-76.05407142857143,125.66942857142857,0.5,0.39,0.08,0.39,0.21,0.9,0.78,0.14,0.78,0.39,1.2,0.56,0.14,0.56,0.96,0.8,0.71,0.16,0.71,0.19,1.9,0.96,0.57,0.96,1.61,1.5,0.78,0.08,0.78,1.24,1.1,0.47,0.26,0.47,0.91,0.8,-0.5,0.3,-0.5,0.34,1.4,1.09,0.31,1.09,0.89,0.7,-0.47,0.13,-0.47,0.44,0.8,0.24,0.3,0.24,0.48,0.3,-0.23,0.01,-0.23,0.16
9.354000000000003,4.234642857142857,138.02321428571435,-0.6653571428571436,-74.77678571428577,28.153571428571436,-6.470821428571436,-6.302749999999999,37.78010714285716,-34.45539285714286,13.556892857142865,-14.549357142857142,100.10557142857144,-76.10203571428572,125.74989285714287,0.5,0.39,0.08,0.39,0.21,0.9,0.78,0.14,0.78,0.39,1.2,0.56,0.14,0.56,0.96,0.8,0.71,0.16,0.71,0.19,1.9,0.96,0.57,0.96,1.61,1.5,0.78,0.08,0.78,1.24,1.1,0.47,0.26,0.47,0.91,0.8,-0.5,0.3,-0.5,0.34,1.4,1.09,0.31,1.09,0.89,0.7,-0.47,0.13,-0.47,0.44,0.8,0.24,0.3,0.24,0.48,0.3,-0.23,0.01,-0.23,0.16
9.404000000000002,4.224285714285713,139.40571428571434,-0.6728571428571434,-75.8414285714286,28.27142857142857,-6.919857142857151,-6.264714285714285,38.38957142857144,-34.54814285714286,13.662571428571423,-14.517857142857142,100.35928571428572,-76.33628571428574,126.09457142857144,0.5,0.37,0.07,0.37,0.22,0.9,0.78,0.14,0.78,0.39,1.2,0.5,0.11,0.5,1.0,0.8,0.71,0.16,0.71,0.19,1.9,0.84,0.6,0.84,1.62,1.5,0.78,0.08,0.78,1.24,1.1,0.47,0.26,0.47,0.91,0.8,-0.5,0.3,-0.5,0.34,1.4,1.09,0.31,1.09,0.89,0.7,-0.45,0.11,-0.45,0.41,0.8,0.26,0.29,0.26,0.47,0.3,-0.23,0.01,-0.23,0.16
9.454000000000002,4.189310344827586,140.81448275862076,-0.6906896551724145,-76.92206896551728,27.993103448275853,-7.175413793103436,-6.226482758620688,38.9131724137931,-34.642655172413804,13.392586206896539,-14.486758620689653,100.50655172413794,-76.83724137931034,126.5136551724138,0.5,0.37,0.07,0.37,0.22,0.9,0.78,0.14,0.78,0.39,1.2,0.5,0.11,0.5,1.0,0.8,0.71,0.16,0.71,0.19,1.9,0.84,0.6,0.84,1.62,1.5,0.78,0.08,0.78,1.24,1.1,0.47,0.26,0.47,0.91,0.8,-0.5,0.3,-0.5,0.34,1.4,1.09,0.31,1.09,0.89,0.7,-0.45,0.11,-0.45,0.41,0.8,0.26,0.29,0.26,0.47,0.3,-0.23,0.01,-0.23,0.16
9.504000000000001,4.163571428571428,142.1989285714286,-0.708214285714286,-77.98285714285717,27.735714285714277,-6.930999999999995,-6.187928571428571,38.84214285714285,-34.73553571428572,13.127964285714281,-14.455214285714286,100.52057142857143,-76.97125,126.60735714285715,0.5,0.37,0.07,0.37,0.22,0.9,0.78,0.14,0.78,0.39,1.2,0.5,0.11,0.5,1.0,0.8,0.71,0.16,0.71,0.19,1.9,0.84,0.6,0.84,1.62,1.5,0.78,0.08,0.78,1.24,1.1,0.47,0.26,0.47,0.91,0.8,-0.5,0.3,-0.5,0.34,1.4,1.09,0.31,1.09,0.89,0.7,-0.45,0.11,-0.45,0.41,0.8,0.26,0.29,0.26,0.47,0.3,-0.23,0.01,-0.23,0.16
9.554000000000002,4.127857142857142,143.60964285714292,-0.7260714285714293,-79.07035714285719,27.478571428571414,-6.682607142857133,-6.149642857142855,38.76971428571428,-34.830178571428576,12.857714285714275,-14.424071428571427,100.53485714285715,-77.10775000000001,126.70278571428572,0.5,0.37,0.07,0.37,0.22,0.9,0.78,0.14,0.78,0.39,1.2,0.5,0.11,0.5,1.0,0.8,0.71,0.16,0.71,0.19,1.9,0.84,0.6,0.84,1.62,1.5,0.78,0.08,0.78,1.24,1.1,0.47,0.26,0.47,0.91,0.8,-0.5,0.3,-0.5,0.34,1.4,1.09,0.31,1.09,0.89,0.7,-0.45,0.11,-0.45,0.41,0.8,0.26,0.29,0.26,0.47,0.3,-0.23,0.01,-0.23,0.16
9.604000000000003,4.089285714285711,144.99214285714297,-0.7435714285714297,-80.12785714285721,27.228571428571406,-6.439357142857127,-6.112142857142855,38.69871428571428,-34.92292857142858,12.593071428571411,-14.392571428571426,100.5492142857143,-77.24114285714286,126.79628571428572,0.5,0.37,0.07,0.37,0.22,0.9,0.78,0.14,0.78,0.39,1.2,0.5,0.11,0.5,1.0,0.8,0.71,0.16,0.71,0.19,1.9,0.84,0.6,0.84,1.62,1.5,0.78,0.08,0.78,1.24,1.1,0.47,0.26,0.47,0.91,0.8,-0.5,0.3,-0.5,0.34,1.4,1.09,0.31,1.09,0.89,0.7,-0.45,0.11,-0.45,0.41,0.8,0.26,0.29,0.26,0.47,0.3,-0.23,0.01,-0.23,0.16
9.654000000000002,4.0457142857142845,146.4028571428572,-0.7614285714285719,-81.21571428571431,26.97142857142856,-6.191142857142851,-6.0738571428571415,38.62628571428571,-35.01657142857143,12.323428571428565,-14.361428571428572,100.56414285714285,-77.37785714285715,126.89171428571429,0.5,0.35,0.07,0.35,0.23,1.0,0.9,0.03,0.9,0.37,1.2,0.46,0.07,0.46,1.02,1.0,0.96,0.07,0.96,0.03,2.2,1.13,0.26,1.13,1.81,1.7,0.76,0.29,0.76,1.5,0.9,0.21,0.38,0.21,0.81,0.9,-0.39,0.36,-0.39,0.51,1.3,0.84,0.12,0.84,0.98,0.6,-0.45,0.12,-0.45,0.37,0.7,0.26,0.23,0.26,0.44,0.3,-0.2,0.02,-0.2,0.26
9.704000000000002,3.9921428571428543,147.81357142857152,-0.7792857142857154,-82.29642857142863,26.707142857142845,-5.942928571428557,-6.035499999999998,38.55392857142857,-35.11121428571429,12.053785714285699,-14.329285714285712,100.57842857142856,-77.5145,126.98814285714286,0.5,0.35,0.07,0.35,0.23,1.0,0.9,0.03,0.9,0.37,1.2,0.46,0.07,0.46,1.02,1.0,0.96,0.07,0.96,0.03,2.2,1.13,0.26,1.13,1.81,1.7,0.76,0.29,0.76,1.5,0.9,0.21,0.38,0.21,0.81,0.9,-0.39,0.36,-0.39,0.51,1.3,0.84,0.12,0.84,0.98,0.6,-0.45,0.12,-0.45,0.37,0.7,0.26,0.23,0.26,0.44,0.3,-0.2,0.02,-0.2,0.26
9.754000000000001,3.9396428571428554,149.19607142857146,-0.7967857142857149,-83.3539285714286,26.56785714285715,-5.8035000000000005,-5.997071428571427,38.45264285714285,-35.203964285714285,11.957821428571435,-14.298785714285712,100.59989285714286,-77.65503571428573,127.0914642857143,0.5,0.35,0.07,0.35,0.23,1.0,0.9,0.03,0.9,0.37,1.2,0.46,0.07,0.46,1.02,1.0,0.96,0.07,0.96,0.03,2.2,1.13,0.26,1.13,1.81,1.7,0.76,0.29,0.76,1.5,0.9,0.21,0.38,0.21,0.81,0.9,-0.39,0.36,-0.39,0.51,1.3,0.84,0.12,0.84,0.98,0.6,-0.45,0.12,-0.45,0.37,0.7,0.26,0.23,0.26,0.44,0.3,-0.2,0.02,-0.2,0.26
9.804000000000002,3.8667857142857116,150.6021428571429,-0.8146428571428577,-84.44321428571432,27.332142857142884,-6.189714285714299,-5.958785714285713,38.19364285714285,-35.297607142857146,12.709428571428598,-14.267107142857142,100.65725,-77.83382142857143,127.24525,0.5,0.35,0.07,0.35,0.23,1.0,0.9,0.03,0.9,0.37,1.2,0.46,0.07,0.46,1.02,1.0,0.96,0.07,0.96,0.03,2.2,1.13,0.26,1.13,1.81,1.7,0.76,0.29,0.76,1.5,0.9,0.21,0.38,0.21,0.81,0.9,-0.39,0.36,-0.39,0.51,1.3,0.84,0.12,0.84,0.98,0.6,-0.45,0.12,-0.45,0.37,0.7,0.26,0.23,0.26,0.44,0.3,-0.2,0.02,-0.2,0.26
9.854000000000003,3.7874999999999943,152.00750000000008,-0.8350000000000022,-85.53250000000007,28.150000000000023,-6.627750000000018,-5.920749999999998,37.873499999999964,-35.392,13.521000000000024,-14.235749999999998,100.71775,-77.9905,127.38850000000001,0.5,0.35,0.07,0.35,0.23,1.0,0.9,0.03,0.9,0.37,1.2,0.46,0.07,0.46,1.02,1.0,0.96,0.07,0.96,0.03,2.2,1.13,0.26,1.13,1.81,1.7,0.76,0.29,0.76,1.5,0.9,0.21,0.38,0.21,0.81,0.9,-0.39,0.36,-0.39,0.51,1.3,0.84,0.12,0.84,0.98,0.6,-0.45,0.12,-0.45,0.37,0.7,0.26,0.23,0.26,0.44,0.3,-0.2,0.02,-0.2,0.26
9.904000000000002,3.709999999999997,153.38000000000005,-0.8600000000000012,-86.60000000000004,28.500000000000007,-6.879000000000008,-5.882999999999999,37.299999999999976,-35.484,13.852000000000011,-14.204999999999998,100.763,-77.957,127.406,0.5,0.33,0.06,0.33,0.26,1.1,0.98,0.04,0.98,0.36,1.1,0.44,0.01,0.44,1.0,1.1,1.08,0.21,1.08,0.09,2.1,1.23,0.27,1.23,1.71,1.8,0.72,0.35,0.72,1.6,0.8,0.1,0.37,0.1,0.8,0.9,-0.34,0.4,-0.34,0.63,1.3,0.71,0.09,0.71,1.06,0.6,-0.45,0.12,-0.45,0.33,0.7,0.22,0.15,0.22,0.42,0.4,-0.2,0.06,-0.2,0.32
9.954000000000002,3.6128571428571394,154.79071428571433,-0.8878571428571435,-87.68928571428575,28.678571428571434,-7.090000000000005,-5.844714285714284,36.72092857142855,-35.57785714285715,14.087142857142862,-14.173642857142855,100.85792857142857,-77.91328571428572,127.45635714285714,0.5,0.33,0.06,0.33,0.26,1.1,0.98,0.04,0.98,0.36,1.1,0.44,0.01,0.44,1.0,1.1,1.08,0.21,1.08,0.09,2.1,1.23,0.27,1.23,1.71,1.8,0.72,0.35,0.72,1.6,0.8,0.1,0.37,0.1,0.8,0.9,-0.34,0.4,-0.34,0.63,1.3,0.71,0.09,0.71,1.06,0.6,-0.45,0.12,-0.45,0.33,0.7,0.22,0.15,0.22,0.42,0.4,-0.2,0.06,-0.2,0.32
10.004000000000001,3.5157142857142825,156.19142857142862,-0.9114285714285726,-88.77857142857147,28.485714285714273,-7.039714285714279,-5.80642857142857,36.32099999999999,-35.671714285714295,13.896714285714276,-14.142285714285713,101.19614285714287,-77.98542857142859,127.7687142857143,0.5,0.33,0.06,0.33,0.26,1.1,0.98,0.04,0.98,0.36,1.1,0.44,0.01,0.44,1.0,1.1,1.08,0.21,1.08,0.09,2.1,1.23,0.27,1.23,1.71,1.8,0.72,0.35,0.72,1.6,0.8,0.1,0.37,0.1,0.8,0.9,-0.34,0.4,-0.34,0.63,1.3,0.71,0.09,0.71,1.06,0.6,-0.45,0.12,-0.45,0.33,0.7,0.22,0.15,0.22,0.42,0.4,-0.2,0.06,-0.2,0.32
10.054000000000002,3.433571428571429,157.6128571428572,-0.9157142857142828,-89.85000000000004,28.09285714285712,-6.667285714285704,-5.7681428571428555,35.73214285714281,-35.765571428571434,13.604714285714286,-14.110571428571427,101.21885714285715,-78.26992857142857,127.95835714285714,0.5,0.33,0.06,0.33,0.26,1.1,0.98,0.04,0.98,0.36,1.1,0.44,0.01,0.44,1.0,1.1,1.08,0.21,1.08,0.09,2.1,1.23,0.27,1.23,1.71,1.8,0.72,0.35,0.72,1.6,0.8,0.1,0.37,0.1,0.8,0.9,-0.34,0.4,-0.34,0.63,1.3,0.71,0.09,0.71,1.06,0.6,-0.45,0.12,-0.45,0.33,0.7,0.22,0.15,0.22,0.42,0.4,-0.2,0.06,-0.2,0.32
10.104000000000003,3.471428571428565,159.0842857142858,-0.81,-90.83714285714292,27.6571428571429,-6.483428571428571,-5.791285714285759,34.39442857142847,-35.695571428571306,13.684857142857155,-14.12257142857146,101.364,-77.94942857142856,127.87557142857142,0.5,0.33,0.058571428571427483,0.33,0.26285714285714507,1.1,0.9900000000000077,0.045714285714290065,0.9900000000000077,0.3514285714285649,1.1,0.4414285714285725,0.008571428571427484,0.4414285714285725,1.0,1.1,1.08,0.21,1.08,0.09,2.1,1.2657142857143129,0.2771428571428626,1.2657142857143129,1.6628571428571068,1.8,0.72,0.35,0.72,1.6,0.8,0.1,0.37,0.1,0.8,0.9142857142857251,-0.32428571428570235,0.39714285714285497,-0.32428571428570235,0.6414285714285801,1.3,0.71,0.09,0.71,1.06,0.6,-0.4514285714285725,0.11857142857142748,-0.4514285714285725,0.3314285714285725,0.6857142857142748,0.21142857142856492,0.1414285714285649,0.21142857142856492,0.4128571428571374,0.4,-0.2,0.06,-0.2,0.32
10.154000000000002,3.3642857142857117,160.49428571428575,-0.8192857142857146,-91.91714285714288,28.371428571428588,-6.510642857142859,-6.530071428571445,32.84185714285711,-33.71978571428567,13.896500000000005,-14.631571428571439,101.32835714285714,-77.87835714285714,127.80121428571428,0.5,0.33,0.05,0.33,0.28,1.1,1.05,0.08,1.05,0.3,1.1,0.45,0.0,0.45,1.0,1.1,1.08,0.21,1.08,0.09,2.1,1.48,0.32,1.48,1.38,1.8,0.72,0.35,0.72,1.6,0.8,0.1,0.37,0.1,0.8,1.0,-0.23,0.38,-0.23,0.71,1.3,0.71,0.09,0.71,1.06,0.6,-0.46,0.11,-0.46,0.34,0.6,0.16,0.09,0.16,0.37,0.4,-0.2,0.06,-0.2,0.32
10.204000000000002,3.239999999999993,161.90428571428578,-0.8471428571428581,-93.00857142857149,28.571428571428584,-6.904000000000025,-7.012857142857169,33.000571428571426,-32.498714285714215,14.084857142857151,-14.889571428571443,101.39485714285715,-77.62728571428572,127.70242857142857,0.5,0.33,0.05,0.33,0.28,1.1,1.05,0.08,1.05,0.3,1.1,0.45,0.0,0.45,1.0,1.1,1.08,0.21,1.08,0.09,2.1,1.48,0.32,1.48,1.38,1.8,0.72,0.35,0.72,1.6,0.8,0.1,0.37,0.1,0.8,1.0,-0.23,0.38,-0.23,0.71,1.3,0.71,0.09,0.71,1.06,0.6,-0.46,0.11,-0.46,0.34,0.6,0.16,0.09,0.16,0.37,0.4,-0.2,0.06,-0.2,0.32
10.254000000000003,3.114999999999993,163.31500000000008,-0.85,-94.09000000000006,29.05000000000001,-7.437500000000026,-7.481500000000025,32.378999999999955,-31.1324999999999,14.191000000000003,-15.124000000000011,101.37650000000001,-78.08850000000001,127.96750000000002,0.5,0.33,0.05,0.33,0.28,1.1,1.05,0.08,1.05,0.3,1.1,0.45,0.0,0.45,1.0,1.1,1.08,0.21,1.08,0.09,2.1,1.48,0.32,1.48,1.38,1.8,0.72,0.35,0.72,1.6,0.8,0.1,0.37,0.1,0.8,1.0,-0.23,0.38,-0.23,0.71,1.3,0.71,0.09,0.71,1.06,0.6,-0.46,0.11,-0.46,0.34,0.6,0.16,0.09,0.16,0.37,0.4,-0.2,0.06,-0.2,0.32
10.304000000000002,2.984285714285706,164.72571428571436,-0.86,-95.17428571428577,29.22857142857144,-7.867000000000017,-7.982857142857175,31.30185714285706,-28.930714285714163,14.213000000000006,-15.309571428571436,101.52228571428572,-78.18028571428573,128.13885714285718,0.5,0.33,0.05,0.33,0.28,1.1,1.05,0.08,1.05,0.3,1.1,0.45,0.0,0.45,1.0,1.1,1.08,0.21,1.08,0.09,2.1,1.48,0.32,1.48,1.38,1.8,0.72,0.35,0.72,1.6,0.8,0.1,0.37,0.1,0.8,1.0,-0.23,0.38,-0.23,0.71,1.3,0.71,0.09,0.71,1.06,0.6,-0.46,0.11,-0.46,0.34,0.6,0.16,0.09,0.16,0.37,0.4,-0.2,0.06,-0.2,0.32
10.354000000000003,2.8335714285714206,166.13571428571436,-0.8721428571428598,-96.26357142857148,29.507142857142867,-8.19607142857145,-8.674071428571485,29.49442857142846,-26.42671428571404,14.348785714285725,-15.453142857142844,101.4790714285714,-78.55678571428571,128.33492857142855,0.5071428571428658,0.3314285714285732,0.047142857142853704,0.3314285714285732,0.28428571428571947,1.1,1.0521428571428597,0.08214285714285972,1.0521428571428597,0.3,1.1,0.4514285714285732,0.0014285714285731505,0.4514285714285732,0.9992857142857134,1.1071428571428659,1.0850000000000062,0.21785714285715232,1.0850000000000062,0.10071428571429862,2.0928571428571345,1.491428571428585,0.31928571428571345,1.491428571428585,1.3585714285714026,1.8,0.7178571428571402,0.3492857142857134,0.7178571428571402,1.6014285714285732,0.8071428571428658,0.10428571428571945,0.36357142857142083,0.10428571428571945,0.8021428571428597,0.9928571428571342,-0.22857142857142687,0.3742857142857074,-0.22857142857142687,0.7092857142857134,1.3071428571428658,0.7021428571428476,0.09357142857143287,0.7021428571428476,1.0728571428571585,0.6071428571428658,-0.4650000000000061,0.10571428571428054,-0.4650000000000061,0.3414285714285732,0.6,0.15571428571428056,0.08785714285714027,0.15571428571428056,0.3664285714285671,0.4,-0.2007142857142866,0.06357142857143287,-0.2007142857142866,0.3235714285714329
10.404000000000002,2.664285714285707,167.53714285714292,-0.9171428571428586,-97.36142857142862,29.685714285714294,-8.756714285714313,-9.875000000000048,27.185142857142765,-21.348857142856936,14.607857142857155,-15.156714285714273,100.957,-78.50285714285714,127.89457142857141,0.6,0.35,0.01,0.35,0.34,1.1,1.08,0.11,1.08,0.3,1.1,0.47,0.02,0.47,0.99,1.2,1.15,0.32,1.15,0.24,2.0,1.64,0.31,1.64,1.08,1.8,0.69,0.34,0.69,1.62,0.9,0.16,0.28,0.16,0.83,0.9,-0.21,0.3,-0.21,0.7,1.4,0.6,0.14,0.6,1.24,0.7,-0.53,0.05,-0.53,0.36,0.6,0.1,0.06,0.1,0.32,0.4,-0.21,0.11,-0.21,0.37
10.454000000000002,2.5021428571428506,168.9478571428572,-0.91,-98.4521428571429,29.7,-10.142714285714348,-11.06907142857148,25.10157142857134,-16.300285714285497,15.172500000000024,-14.861928571428558,101.20492857142858,-78.83650000000002,128.29085714285716,0.6,0.35,0.01,0.35,0.34,1.1,1.08,0.11,1.08,0.3,1.1,0.47,0.02,0.47,0.99,1.2,1.15,0.32,1.15,0.24,2.0,1.64,0.31,1.64,1.08,1.8,0.69,0.34,0.69,1.62,0.9,0.16,0.28,0.16,0.83,0.9,-0.21,0.3,-0.21,0.7,1.4,0.6,0.14,0.6,1.24,0.7,-0.53,0.05,-0.53,0.36,0.6,0.1,0.06,0.1,0.32,0.4,-0.21,0.11,-0.21,0.37
10.504000000000003,2.322857142857132,170.3542857142858,-0.9,-99.54571428571435,29.614285714285693,-11.6780000000001,-12.308142857142935,22.786714285714112,-10.882714285713917,15.718857142857166,-14.542857142857121,101.4997142857143,-79.21757142857145,128.7547142857143,0.6,0.35,0.01,0.35,0.34,1.1,1.08,0.11,1.08,0.3,1.1,0.47,0.02,0.47,0.99,1.2,1.15,0.32,1.15,0.24,2.0,1.64,0.31,1.64,1.08,1.8,0.69,0.34,0.69,1.62,0.9,0.16,0.28,0.16,0.83,0.9,-0.21,0.3,-0.21,0.7,1.4,0.6,0.14,0.6,1.24,0.7,-0.53,0.05,-0.53,0.36,0.6,0.1,0.06,0.1,0.32,0.4,-0.21,0.11,-0.21,0.37
10.554000000000002,2.126428571428564,171.75928571428577,-0.9021428571428578,-100.64285714285718,29.19285714285711,-13.615500000000072,-13.728857142857189,19.41585714285704,-4.0070714285712405,16.015642857142854,-14.085571428571404,101.72578571428572,-79.62614285714285,129.18507142857143,0.6,0.35,0.01,0.35,0.34,1.1,1.08,0.11,1.08,0.3,1.1,0.47,0.02,0.47,0.99,1.2,1.15,0.32,1.15,0.24,2.0,1.64,0.31,1.64,1.08,1.8,0.69,0.34,0.69,1.62,0.9,0.16,0.28,0.16,0.83,0.9,-0.21,0.3,-0.21,0.7,1.4,0.6,0.14,0.6,1.24,0.7,-0.53,0.05,-0.53,0.36,0.6,0.1,0.06,0.1,0.32,0.4,-0.21,0.11,-0.21,0.37
10.604000000000003,1.9299999999999855,173.1700000000001,-0.9099999999999974,-101.75000000000009,28.199999999999932,-15.513000000000124,-14.916000000000102,16.705999999999676,0.6930000000003359,15.784999999999885,-13.405999999999937,101.85400000000004,-79.60900000000001,129.27600000000007,0.6,0.3500000000000026,0.01000000000000658,0.3500000000000026,0.3400000000000079,1.1,1.0799999999999987,0.10999999999999868,1.0799999999999987,0.3,1.1,0.4700000000000039,0.02,0.4700000000000039,0.9899999999999987,1.200000000000013,1.1500000000000066,0.3200000000000145,1.1500000000000066,0.24000000000002236,1.9999999999999474,1.6399999999999184,0.31000000000005,1.6399999999999184,1.0800000000000145,1.8,0.6900000000000052,0.3399999999999961,0.6900000000000052,1.619999999999996,0.9000000000000132,0.1600000000000171,0.27999999999997766,0.1600000000000171,0.8300000000000132,0.8999999999999868,-0.20999999999999605,0.2999999999999802,-0.20999999999999605,0.6999999999999921,1.4,0.6000000000000079,0.14000000000000132,0.6000000000000079,1.2400000000000013,0.7,-0.5300000000000066,0.049999999999994736,-0.5300000000000066,0.36000000000000393,0.6,0.09999999999999211,0.05999999999999737,0.09999999999999211,0.31999999999999607,0.4000000000000132,-0.21,0.11000000000000394,-0.21,0.37000000000000527
10.654000000000002,1.7296428571428528,174.6089285714286,-0.8653571428571417,-102.86107142857145,27.207142857142834,-17.22778571428575,-16.283250000000027,12.230749999999905,5.128714285714374,14.190249999999967,-12.445964285714263,102.47739285714287,-79.87217857142858,129.92825,0.6,0.37,0.06,0.37,0.4,1.1,1.07,0.1,1.07,0.3,1.1,0.5,0.02,0.5,0.98,1.3,1.2,0.43,1.2,0.41,1.6,1.02,0.69,1.02,1.19,1.8,0.73,0.31,0.73,1.59,1.0,0.29,0.11,0.29,0.93,0.8,-0.18,0.15,-0.18,0.64,1.4,0.66,0.15,0.66,1.25,0.7,-0.58,0.01,-0.58,0.39,0.6,0.04,0.04,0.04,0.29,0.5,-0.21,0.14,-0.21,0.41
10.704000000000002,1.5228571428571336,176.05785714285722,-0.8428571428571444,-103.96857142857147,24.94999999999984,-18.94414285714293,-17.279500000000038,7.753071428571238,8.445142857143027,12.593928571428503,-10.918785714285642,103.05328571428574,-80.05000000000001,130.49278571428573,0.6,0.37,0.06,0.37,0.4,1.1,1.07,0.1,1.07,0.3,1.1,0.5,0.02,0.5,0.98,1.3,1.2,0.43,1.2,0.41,1.6,1.02,0.69,1.02,1.19,1.8,0.73,0.31,0.73,1.59,1.0,0.29,0.11,0.29,0.93,0.8,-0.18,0.15,-0.18,0.64,1.4,0.66,0.15,0.66,1.25,0.7,-0.58,0.01,-0.58,0.39,0.6,0.04,0.04,0.04,0.29,0.5,-0.21,0.14,-0.21,0.41
10.754000000000003,1.2785714285714167,177.4585714285715,-0.9285714285714306,-105.08571428571435,19.542857142856942,-20.25271428571429,-17.838571428571427,3.3508571428569014,13.32428571428592,10.808285714285578,-9.019857142857038,103.19514285714286,-80.19114285714288,130.69542857142858,0.6,0.37,0.06,0.37,0.4,1.1,1.07,0.1,1.07,0.3,1.1,0.5,0.02,0.5,0.98,1.3,1.2,0.43,1.2,0.41,1.6,1.02,0.69,1.02,1.19,1.8,0.73,0.31,0.73,1.59,1.0,0.29,0.11,0.29,0.93,0.8,-0.18,0.15,-0.18,0.64,1.4,0.66,0.15,0.66,1.25,0.7,-0.58,0.01,-0.58,0.39,0.6,0.04,0.04,0.04,0.29,0.5,-0.21,0.14,-0.21,0.41
10.804000000000002,1.0599999999999898,178.90500000000006,-0.940000000000005,-106.20000000000005,16.724999999999827,-19.69549999999997,-17.2472499999999,-1.010750000000151,15.77949999999996,7.972999999999895,-7.324749999999982,103.25625000000007,-80.68350000000001,131.05550000000005,0.6,0.37,0.06,0.37,0.4,1.1,1.07,0.1,1.07,0.3,1.1,0.5,0.02,0.5,0.98,1.3,1.2,0.43,1.2,0.41,1.6,1.02,0.69,1.02,1.19,1.8,0.73,0.31,0.73,1.59,1.0,0.29,0.11,0.29,0.93,0.8,-0.18,0.15,-0.18,0.64,1.4,0.66,0.15,0.66,1.25,0.7,-0.58,0.01,-0.58,0.39,0.6,0.04,0.04,0.04,0.29,0.5,-0.21,0.14,-0.21,0.41
10.854000000000003,0.7759259259259139,180.29962962962972,-1.0996296296296286,-107.35222222222228,11.677777777777711,-18.757999999999747,-14.211518518518321,-5.178666666666772,14.247185185185073,5.103666666666601,-6.995555555555542,105.07874074074076,-80.72981481481483,132.51103703703706,0.6,0.37,0.06,0.37,0.4,1.1,1.07,0.1,1.07,0.3,1.1,0.5,0.02,0.5,0.98,1.3,1.1977777777777712,0.42925925925925706,1.1977777777777712,0.41333333333334316,1.6,1.0129629629629422,0.6874074074073997,1.0129629629629422,1.1959259259259434,1.7962962962962854,0.7311111111111144,0.30851851851851414,0.7311111111111144,1.5881481481481428,1.0074074074074293,0.29333333333334316,0.11074074074074293,0.29333333333334316,0.9366666666666864,0.8,-0.18,0.15,-0.18,0.64,1.4,0.66,0.15,0.66,1.25,0.7,-0.58,0.01,-0.58,0.39,0.6,0.04,0.04,0.04,0.29,0.5,-0.20925925925925706,0.1411111111111144,-0.20925925925925706,0.4118518518518573
10.904000000000002,0.5722222222222159,181.78111111111116,-1.0811111111111107,-108.47222222222227,10.477777777777737,-14.507999999999866,-10.888333333333229,-6.962888888888946,12.356444444444385,3.9869999999999646,-6.774222222222216,105.46577777777779,-81.12055555555557,133.06555555555556,0.6,0.37,0.06,0.37,0.4,1.1,1.07,0.1,1.07,0.3,1.1,0.5,0.02,0.5,0.98,1.3,1.14,0.41,1.14,0.5,1.6,0.83,0.62,0.83,1.35,1.7,0.76,0.27,0.76,1.54,1.2,0.38,0.13,0.38,1.11,0.8,-0.18,0.15,-0.18,0.64,1.4,0.66,0.15,0.66,1.25,0.7,-0.58,0.01,-0.58,0.39,0.6,0.04,0.04,0.04,0.29,0.5,-0.19,0.17,-0.19,0.46
10.954000000000002,0.3725925925925827,183.23296296296303,-1.07,-109.56925925925931,9.237037037036965,-11.435555555555489,-8.79296296296295,-7.992185185185179,10.118592592592451,2.9612222222221765,-6.448888888888865,105.3074444444444,-81.42325925925927,133.13840740740736,0.6,0.37,0.06,0.37,0.4,1.1,1.07,0.1,1.07,0.3,1.1,0.5,0.02,0.5,0.98,1.3,1.14,0.41,1.14,0.5,1.6,0.83,0.62,0.83,1.35,1.7,0.76,0.27,0.76,1.54,1.2,0.38,0.13,0.38,1.11,0.8,-0.18,0.15,-0.18,0.64,1.4,0.66,0.15,0.66,1.25,0.7,-0.58,0.01,-0.58,0.39,0.6,0.04,0.04,0.04,0.29,0.5,-0.19,0.17,-0.19,0.46
11.004000000000003,0.15333333333332105,184.6811111111112,-1.0955555555555567,-110.67666666666673,6.822222222221987,-16.275333333333894,-14.883888888889507,-4.982444444444237,6.5769999999999005,2.069555555555481,-4.953777777777618,102.49111111111097,-80.10955555555533,130.09677777777753,0.6,0.37,0.06,0.37,0.4,1.1,1.07,0.1,1.07,0.3,1.1,0.5,0.02,0.5,0.98,1.3,1.14,0.41,1.14,0.5,1.6,0.83,0.62,0.83,1.35,1.7,0.76,0.27,0.76,1.54,1.2,0.38,0.13,0.38,1.11,0.8,-0.18,0.15,-0.18,0.64,1.4,0.66,0.15,0.66,1.25,0.7,-0.58,0.01,-0.58,0.39,0.6,0.04,0.04,0.04,0.29,0.5,-0.19,0.17,-0.19,0.46
