Time,Height above ground [m],X [m],Y [m],Z [m],Opening Angle [°],Stalling Angle Left [°],Stalling Angle Right [°],Roll Angle Left [°],Roll Angle Right [°],Yaw Angle Left [°],Yaw Angle Right [°],Speed hor. [km/h],Speed vert. [km/h],Speed resulting [km/h],W1_Speed,W1_Tangent,W1_Turbulence,W1_CleanTan,W1_Cross,W2_Speed,W2_Tangent,W2_Turbulence,W2_CleanTan,W2_Cross,W3_Speed,W3_Tangent,W3_Turbulence,W3_CleanTan,W3_Cross,W4_Speed,W4_Tangent,W4_Turbulence,W4_CleanTan,W4_Cross,W5_Speed,W5_Tangent,W5_Turbulence,W5_CleanTan,W5_Cross,W6_Speed,W6_Tangent,W6_Turbulence,W6_CleanTan,W6_Cross,W7_Speed,W7_Tangent,W7_Turbulence,W7_CleanTan,W7_Cross,W8_Speed,W8_Tangent,W8_Turbulence,W8_CleanTan,W8_Cross,W9_Speed,W9_Tangent,W9_Turbulence,W9_CleanTan,W9_Cross,W10_Speed,W10_Tangent,W10_Turbulence,W10_CleanTan,W10_Cross,W11_Speed,W11_Tangent,W11_Turbulence,W11_CleanTan,W11_Cross,W12_Speed,W12_Tangent,W12_Turbulence,W12_CleanTan,W12_Cross
0.0,,-83.0,-0.0,44.37,,,,,,,,0.0,0.0,0.0,0.6,0.47,0.09,0.47,0.35,1.2,1.22,0.35,1.22,0.04,1.0,-0.05,0.1,-0.05,0.92,1.5,0.0,0.17,0.0,1.53,0.8,-0.02,0.47,-0.02,0.6,3.4,-2.55,0.77,-2.55,2.19,1.3,0.01,0.27,0.01,1.2,1.1,-0.08,0.16,-0.08,1.02,1.1,-0.2,0.28,-0.2,1.09,1.8,0.15,0.49,0.15,1.79,0.1,0.12,0.01,0.12,0.08,0.7,-0.55,0.18,-0.55,0.38
0.05,,-82.00907137741704,0.0,43.84039866316543,,,,,,,,1.1775364048698973,-0.2395679159703987,1.2016591071854859,0.6023872045834328,0.47179040343757456,0.0911936022917164,0.47179040343757456,0.35238720458343276,1.1988063977082835,1.215344951062306,0.34606111243733584,1.215344951062306,0.047997135354499884,0.9988063977082836,-0.050596801145858204,0.09988063977082837,-0.050596801145858204,0.9194031988541418,1.5023872045834328,-0.0032227261876342805,0.17095488183337312,-0.0032227261876342805,1.5320291238959178,0.794031988541418,-0.02035808068751492,0.4691644783957985,-0.02035808068751492,0.5931964669372165,3.3928383862497014,-2.5383026975411793,0.7654643112914777,-2.5383026975411793,2.1915516829792314,1.294031988541418,0.0117904034375746,0.26952255908331346,0.0117904034375746,1.1929577464788732,1.1011936022917166,-0.08501312962520888,0.1590451181666269,-0.08501312962520888,1.0208355216042015,1.1,-0.20381952733349248,0.27737407495822397,-0.20381952733349248,1.0876127954165673,1.7964191931248508,0.14629983289567916,0.4861804726665075,0.14629983289567916,1.7868966340415373,0.1,0.11856767724994031,0.010835521604201481,0.11856767724994031,0.08,0.705968011458582,-0.5565648126044402,0.18155168297923133,-0.5565648126044402,0.3755836715206493
0.1,,-81.01814275483409,0.0,43.310797326330864,,,,,,,,2.3550728097397946,-0.4791358319407974,2.4033182143709717,0.6047744091668655,0.4735808068751492,0.0923872045834328,0.4735808068751492,0.3547744091668656,1.1976127954165672,1.210689902124612,0.34212222487467175,1.210689902124612,0.05599427070899976,0.9976127954165672,-0.051193602291716406,0.09976127954165673,-0.051193602291716406,0.9188063977082837,1.5047744091668656,-0.006445452375268561,0.17190976366674626,-0.006445452375268561,1.5340582477918359,0.788063977082836,-0.02071616137502984,0.46832895679159703,-0.02071616137502984,0.586392933874433,3.3856767724994032,-2.5266053950823584,0.7609286225829553,-2.5266053950823584,2.1931033659584624,1.2880639770828362,0.0135808068751492,0.2690451181666269,0.0135808068751492,1.1859154929577465,1.1023872045834329,-0.09002625925041777,0.15809023633325375,-0.09002625925041777,1.021671043208403,1.1,-0.20763905466698498,0.27474814991644786,-0.20763905466698498,1.0852255908331345,1.7928383862497017,0.14259966579135833,0.48236094533301505,0.14259966579135833,1.7837932680830748,0.1,0.11713535449988063,0.01167104320840296,0.11713535449988063,0.08,0.711936022917164,-0.5631296252088804,0.18310336595846263,-0.5631296252088804,0.37116734304129867
0.15000000000000002,,-80.02721413225113,0.0,42.7811959894963,,,,,,,,3.5326092146096926,-0.7187037479111962,3.604977321556458,0.6071616137502984,0.4753712103127238,0.09358080687514919,0.4753712103127238,0.35716161375029837,1.1964191931248507,1.206034853186918,0.3381833373120076,1.206034853186918,0.06399140606349964,0.9964191931248508,-0.0517904034375746,0.09964191931248509,-0.0517904034375746,0.9182095965624254,1.5071616137502983,-0.009668178562902842,0.17286464550011937,-0.009668178562902842,1.5360873716877537,0.7820959656242541,-0.02107424206254476,0.46749343518739556,-0.02107424206254476,0.5795894008116496,3.3785151587491047,-2.514908092623538,0.7563929338744331,-2.514908092623538,2.194655048937694,1.282095965624254,0.015371210312723801,0.26856767724994035,0.015371210312723801,1.1788732394366197,1.1035808068751494,-0.09503938887562664,0.15713535449988064,-0.09503938887562664,1.0225065648126044,1.1,-0.21145858200047746,0.2721222248746718,-0.21145858200047746,1.0828383862497017,1.7892575793745524,0.13889949868703746,0.47854141799952254,0.13889949868703746,1.780689902124612,0.1,0.11570303174982095,0.012506564812604442,0.11570303174982095,0.08,0.7179040343757459,-0.5696944378133206,0.18465504893769397,-0.5696944378133206,0.366751014561948
0.2,,-79.03628550966818,0.0,42.25159465266173,,,,,,,,4.710145619479589,-0.9582716638815948,4.806636428741943,0.6095488183337312,0.47716161375029836,0.0947744091668656,0.47716161375029836,0.3595488183337312,1.1952255908331344,1.201379804249224,0.3342444497493435,1.201379804249224,0.07198854141799951,0.9952255908331344,-0.0523872045834328,0.09952255908331345,-0.0523872045834328,0.9176127954165673,1.5095488183337311,-0.012890904750537122,0.17381952733349249,-0.012890904750537122,1.5381164955836715,0.776127954165672,-0.02143232275005968,0.46665791358319403,-0.02143232275005968,0.5727858677488661,3.371353544998806,-2.503210790164717,0.7518572451659107,-2.503210790164717,2.1962067319169254,1.276127954165672,0.0171616137502984,0.2680902363332538,0.0171616137502984,1.171830985915493,1.1047744091668656,-0.10005251850083552,0.15618047266650753,-0.10005251850083552,1.023342086416806,1.1,-0.21527810933396993,0.2694962998328957,-0.21527810933396993,1.080451181666269,1.7856767724994032,0.13519933158271663,0.4747218906660301,0.13519933158271663,1.7775865361661494,0.1,0.11427070899976127,0.013342086416805921,0.11427070899976127,0.08,0.723872045834328,-0.5762592504177608,0.18620673191692527,-0.5762592504177608,0.3623346860825973
0.25,,-78.04535688708522,0.0,41.72199331582716,,,,,,,,5.887682024349487,-1.1978395798519934,6.008295535927429,0.611936022917164,0.47895201718787295,0.095968011458582,0.47895201718787295,0.361936022917164,1.194031988541418,1.19672475531153,0.3303055621866794,1.19672475531153,0.0799856767724994,0.994031988541418,-0.052984005729291,0.09940319885414181,-0.052984005729291,0.917015994270709,1.511936022917164,-0.016113630938171402,0.17477440916686562,-0.016113630938171402,1.5401456194795895,0.7701599427070901,-0.0217904034375746,0.46582239197899256,-0.0217904034375746,0.5659823346860826,3.364191931248508,-2.4915134877058964,0.7473215564573884,-2.4915134877058964,2.1977584148961564,1.27015994270709,0.018952017187873,0.26761279541656724,0.018952017187873,1.1647887323943662,1.1059680114585821,-0.10506564812604441,0.1552255908331344,-0.10506564812604441,1.0241776080210074,1.1,-0.2190976366674624,0.26687037479111964,-0.2190976366674624,1.078063977082836,1.782095965624254,0.1314991644783958,0.4709023633325376,0.1314991644783958,1.7744831702076869,0.1,0.11283838624970159,0.014177608021007402,0.11283838624970159,0.08,0.7298400572929099,-0.582824063022201,0.1877584148961566,-0.582824063022201,0.3579183576032466
0.30000000000000004,,-77.05442826450226,0.0,41.192391978992596,,,,,,,,7.065218429219385,-1.4374074958223924,7.209954643112916,0.6143232275005968,0.4807424206254476,0.0971616137502984,0.4807424206254476,0.36432322750059676,1.1928383862497016,1.1920697063738361,0.32636667462401525,1.1920697063738361,0.08798281212699928,0.9928383862497016,-0.053580806875149205,0.09928383862497016,-0.053580806875149205,0.9164191931248509,1.514323227500597,-0.019336357125805684,0.17572929100023874,-0.019336357125805684,1.5421747433755073,0.764191931248508,-0.02214848412508952,0.4649868703747911,-0.02214848412508952,0.5591788016232991,3.3570303174982095,-2.4798161852470755,0.7427858677488661,-2.4798161852470755,2.199310097875388,1.264191931248508,0.0207424206254476,0.2671353544998807,0.0207424206254476,1.1577464788732394,1.1071616137502984,-0.11007877775125328,0.15427070899976128,-0.11007877775125328,1.025013129625209,1.1,-0.2229171640009549,0.2642444497493435,-0.2229171640009549,1.0756767724994032,1.7785151587491048,0.12779899737407496,0.4670828359990451,0.12779899737407496,1.7713798042492241,0.1,0.11140606349964191,0.015013129625208881,0.11140606349964191,0.08,0.735808068751492,-0.5893888756266412,0.1893100978753879,-0.5893888756266412,0.35350202912389594
0.35000000000000003,,-76.06349964191931,0.0,40.66279064215803,,,,,,,,8.242754834089283,-1.6769754117927909,8.411613750298402,0.6167104320840295,0.48253282406302217,0.0983552160420148,0.48253282406302217,0.3667104320840296,1.1916447839579851,1.1874146574361422,0.3224277870613511,1.1874146574361422,0.09597994748149916,0.9916447839579852,-0.054177608021007406,0.09916447839579852,-0.054177608021007406,0.9158223919789926,1.5167104320840297,-0.022559083313439966,0.17668417283361185,-0.022559083313439966,1.5442038672714251,0.7582239197899261,-0.022506564812604442,0.4641513487705896,-0.022506564812604442,0.5523752685605157,3.349868703747911,-2.468118882788255,0.7382501790403437,-2.468118882788255,2.2008617808546194,1.258223919789926,0.0225328240630222,0.2666579135831941,0.0225328240630222,1.1507042253521127,1.108355216042015,-0.11509190737646216,0.15331582716638817,-0.11509190737646216,1.0258486512294105,1.1,-0.22673669133444738,0.26161852470756747,-0.22673669133444738,1.0732895679159704,1.7749343518739555,0.12409883026975412,0.46326330866555265,0.12409883026975412,1.7682764382907616,0.1,0.10997374074958223,0.015848651229410364,0.10997374074958223,0.08,0.7417760802100739,-0.5959536882310814,0.19086178085461925,-0.5959536882310814,0.34908570064454525
0.4,,-75.07257101933635,0.0,40.13318930532346,,,,,,,,9.420291238959178,-1.9165433277631896,9.613272857483887,0.6190976366674624,0.48432322750059675,0.09954881833373119,0.48432322750059675,0.36909763666746237,1.1904511816662688,1.1827596084984482,0.31848889949868703,1.1827596084984482,0.10397708283599905,0.9904511816662688,-0.0547744091668656,0.09904511816662688,-0.0547744091668656,0.9152255908331345,1.5190976366674624,-0.025781809501074244,0.17763905466698499,-0.025781809501074244,1.5462329911673431,0.752255908331344,-0.022864645500119362,0.46331582716638814,-0.022864645500119362,0.5455717354977321,3.342707089997613,-2.456421580329434,0.7337144903318215,-2.456421580329434,2.2024134638338504,1.252255908331344,0.024323227500596803,0.2661804726665075,0.024323227500596803,1.143661971830986,1.1095488183337312,-0.12010503700167105,0.15236094533301503,-0.12010503700167105,1.0266841728336118,1.1,-0.23055621866793985,0.25899259966579136,-0.23055621866793985,1.0709023633325376,1.7713535449988065,0.12039866316543327,0.45944378133206015,0.12039866316543327,1.765173072332299,0.1,0.10854141799952255,0.016684172833611843,0.10854141799952255,0.08,0.747744091668656,-0.6025185008355216,0.19241346383385055,-0.6025185008355216,0.34466937216519455
0.45,,-74.08164239675341,0.0,39.603587968488895,,,,,,,,10.597827643829076,-2.156111243733588,10.814931964669373,0.6214848412508952,0.4861136309381714,0.1007424206254476,0.4861136309381714,0.3714848412508952,1.1892575793745523,1.1781045595607544,0.3145500119360229,1.1781045595607544,0.11197421819049891,0.9892575793745524,-0.0553712103127238,0.09892575793745524,-0.0553712103127238,0.9146287896872762,1.5214848412508952,-0.029004535688708526,0.1785939365003581,-0.029004535688708526,1.548262115063261,0.7462878968727621,-0.023222726187634282,0.46248030556218667,-0.023222726187634282,0.5387682024349486,3.3355454762473142,-2.4447242778706135,0.7291788016232992,-2.4447242778706135,2.203965146813082,1.246287896872762,0.0261136309381714,0.26570303174982096,0.0261136309381714,1.1366197183098592,1.1107424206254477,-0.1251181666268799,0.15140606349964192,-0.1251181666268799,1.0275196944378133,1.1,-0.23437574600143235,0.2563666746240153,-0.23437574600143235,1.0685151587491049,1.7677727381236572,0.11669849606111243,0.45562425399856765,0.11669849606111243,1.7620697063738362,0.1,0.10710909524946287,0.017519694437813323,0.10710909524946287,0.08,0.7537121031272379,-0.6090833134399618,0.19396514681308188,-0.6090833134399618,0.34025304368584386
0.5,,-73.09071377417045,0.0,39.07398663165433,,,,,,,,11.775364048698973,-2.395679159703987,12.016591071854858,0.623872045834328,0.487904034375746,0.101936022917164,0.487904034375746,0.373872045834328,1.188063977082836,1.1734495106230605,0.3106111243733588,1.1734495106230605,0.1199713535449988,0.988063977082836,-0.055968011458582004,0.0988063977082836,-0.055968011458582004,0.914031988541418,1.523872045834328,-0.032227261876342804,0.1795488183337312,-0.032227261876342804,1.5502912389591788,0.74031988541418,-0.023580806875149202,0.4616447839579852,-0.023580806875149202,0.5319646693721651,3.3283838624970157,-2.4330269754117926,0.7246431129147768,-2.4330269754117926,2.2055168297923133,1.2403198854141801,0.027904034375745998,0.2652255908331344,0.027904034375745998,1.1295774647887324,1.111936022917164,-0.1301312962520888,0.1504511816662688,-0.1301312962520888,1.0283552160420149,1.1,-0.23819527333492482,0.25374074958223924,-0.23819527333492482,1.066127954165672,1.764191931248508,0.1129983289567916,0.4518047266650752,0.1129983289567916,1.7589663404153737,0.1,0.10567677249940319,0.018355216042014802,0.10567677249940319,0.08,0.75968011458582,-0.615648126044402,0.1955168297923132,-0.615648126044402,0.3358367152064932
0.55,,-72.0997851515875,0.0,38.54438529481976,,,,,,,,12.952900453568871,-2.6352470756743855,13.218250179040345,0.6262592504177608,0.48969443781332056,0.1031296252088804,0.48969443781332056,0.3762592504177608,1.1868703747911196,1.1687944616853665,0.30667223681069467,1.1687944616853665,0.1279684888994987,0.9868703747911196,-0.056564812604440205,0.09868703747911196,-0.056564812604440205,0.9134351873955598,1.5262592504177608,-0.03544998806397709,0.18050370016710432,-0.03544998806397709,1.5523203628550968,0.7343518739555981,-0.023938887562664123,0.4608092623537837,-0.023938887562664123,0.5251611363093817,3.3212222487467176,-2.421329672952972,0.7201074242062545,-2.421329672952972,2.2070685127715444,1.234351873955598,0.029694437813320602,0.26474814991644785,0.029694437813320602,1.1225352112676057,1.1131296252088805,-0.1351444258772977,0.14949629983289567,-0.1351444258772977,1.0291907376462164,1.1,-0.2420148006684173,0.25111482454046313,-0.2420148006684173,1.0637407495822393,1.7606111243733589,0.10929816185247075,0.4479851993315827,0.10929816185247075,1.755862974456911,0.1,0.10424444974934352,0.01919073764621628,0.10424444974934352,0.08,0.7656481260444019,-0.6222129386488423,0.19706851277154452,-0.6222129386488423,0.3314203867271425
0.6000000000000001,,-71.10885652900454,0.0,38.014783957985195,,,,,,,,14.13043685843877,-2.8748149916447847,14.419909286225831,0.6286464550011936,0.4914848412508952,0.1043232275005968,0.4914848412508952,0.3786464550011936,1.185676772499403,1.1641394127476725,0.3027333492480305,1.1641394127476725,0.13596562425399855,0.9856767724994032,-0.05716161375029841,0.09856767724994032,-0.05716161375029841,0.9128383862497016,1.5286464550011936,-0.03867271425161137,0.18145858200047746,-0.03867271425161137,1.5543494867510146,0.728383862497016,-0.024296968250179043,0.4599737407495822,-0.024296968250179043,0.5183576032465982,3.314060634996419,-2.409632370494151,0.7155717354977321,-2.409632370494151,2.208620195750776,1.228383862497016,0.0314848412508952,0.2642707089997613,0.0314848412508952,1.1154929577464787,1.114323227500597,-0.14015755550250658,0.14854141799952256,-0.14015755550250658,1.0300262592504177,1.1,-0.2458343280019098,0.24848889949868705,-0.2458343280019098,1.0613535449988065,1.7570303174982096,0.1055979947481499,0.4441656719980902,0.1055979947481499,1.7527596084984483,0.1,0.10281212699928383,0.020026259250417764,0.10281212699928383,0.08,0.771616137502984,-0.6287777512532825,0.19862019575077583,-0.6287777512532825,0.32700405824779183
0.65,,-70.11792790642158,0.0,37.48518262115063,,,,,,,,15.307973263308666,-3.114382907615183,15.621568393411316,0.6310336595846264,0.4932752446884698,0.1055168297923132,0.4932752446884698,0.38103365958462637,1.1844831702076868,1.1594843638099785,0.2987944616853664,1.1594843638099785,0.14396275960849844,0.9844831702076868,-0.0577584148961566,0.09844831702076869,-0.0577584148961566,0.9122415851038435,1.5310336595846263,-0.041895440439245646,0.18241346383385057,-0.041895440439245646,1.5563786106469324,0.722415851038434,-0.024655048937693963,0.4591382191453807,-0.024655048937693963,0.5115540701838147,3.306899021246121,-2.3979350680353306,0.7110360467892098,-2.3979350680353306,2.2101718787300073,1.222415851038434,0.0332752446884698,0.26379326808307474,0.0332752446884698,1.1084507042253522,1.1155168297923133,-0.14517068512771544,0.14758653616614945,-0.14517068512771544,1.0308617808546192,1.1,-0.24965385533540227,0.24586297445691097,-0.24965385533540227,1.0589663404153737,1.7534495106230605,0.10189782764382907,0.44034614466459776,0.10189782764382907,1.7496562425399858,0.1,0.10137980424922416,0.020861780854619243,0.10137980424922416,0.08,0.777584148961566,-0.6353425638577227,0.20017187873000716,-0.6353425638577227,0.3225877297684412
0.7000000000000001,,-69.12699928383863,0.0,36.95558128431606,,,,,,,,16.485509668178565,-3.3539508235855817,16.823227500596804,0.6334208641680592,0.49506564812604437,0.1067104320840296,0.49506564812604437,0.3834208641680592,1.1832895679159703,1.1548293148722846,0.2948555741227023,1.1548293148722846,0.15195989496299833,0.9832895679159704,-0.0583552160420148,0.09832895679159705,-0.0583552160420148,0.9116447839579852,1.5334208641680591,-0.04511816662687993,0.18336834566722368,-0.04511816662687993,1.5584077345428504,0.716447839579852,-0.02501312962520888,0.45830269754117925,-0.02501312962520888,0.5047505371210312,3.2997374074958223,-2.3862377655765097,0.7065003580806876,-2.3862377655765097,2.2117235617092383,1.216447839579852,0.0350656481260444,0.2633158271663882,0.0350656481260444,1.1014084507042252,1.1167104320840298,-0.15018381475292433,0.1466316543327763,-0.15018381475292433,1.0316973024588207,1.1,-0.25347338266889474,0.2432370494151349,-0.25347338266889474,1.056579135831941,1.7498687037479113,0.09819766053950824,0.43652661733110526,0.09819766053950824,1.746552876581523,0.1,0.09994748149916446,0.021697302458820726,0.09994748149916446,0.08,0.783552160420148,-0.6419073764621629,0.20172356170923847,-0.6419073764621629,0.3181714012890905
0.75,,-68.13607066125567,0.0,36.425979947481494,,,,,,,,17.66304607304846,-3.5935187395559804,18.024886607782285,0.635808068751492,0.496856051563619,0.107904034375746,0.496856051563619,0.385808068751492,1.182095965624254,1.1501742659345906,0.29091668656003816,1.1501742659345906,0.1599570303174982,0.982095965624254,-0.058952017187873004,0.09820959656242541,-0.058952017187873004,0.9110479828121271,1.535808068751492,-0.0483408928145142,0.18432322750059682,-0.0483408928145142,1.5604368584387682,0.7104798281212701,-0.025371210312723803,0.4574671759369778,-0.025371210312723803,0.49794700405824777,3.292575793745524,-2.374540463117689,0.7019646693721652,-2.374540463117689,2.21327524468847,1.21047982812127,0.036856051563619,0.2628383862497016,0.036856051563619,1.0943661971830985,1.117904034375746,-0.1551969443781332,0.1456767724994032,-0.1551969443781332,1.0325328240630223,1.1,-0.2572929100023872,0.24061112437335883,-0.2572929100023872,1.054191931248508,1.746287896872762,0.09449749343518739,0.4327070899976128,0.09449749343518739,1.7434495106230605,0.1,0.0985151587491048,0.022532824063022205,0.0985151587491048,0.08,0.7895201718787299,-0.6484721890666031,0.2032752446884698,-0.6484721890666031,0.3137550728097398
0.8,,-67.14514203867272,0.0,35.89637861064693,,,,,,,,18.840582477918357,-3.833086655526379,19.226545714967774,0.6381952733349248,0.4986464550011936,0.1090976366674624,0.4986464550011936,0.3881952733349248,1.1809023633325375,1.1455192169968966,0.2869777989973741,1.1455192169968966,0.16795416567199808,0.9809023633325376,-0.059548818333731206,0.09809023633325377,-0.059548818333731206,0.9104511816662688,1.538195273334925,-0.05156361900214849,0.18527810933396993,-0.05156361900214849,1.562465982334686,0.704511816662688,-0.02572929100023872,0.4566316543327763,-0.02572929100023872,0.4911434709954643,3.2854141799952257,-2.3628431606588682,0.6974289806636429,-2.3628431606588682,2.214826927667701,1.204511816662688,0.038646455001193604,0.26236094533301507,0.038646455001193604,1.0873239436619717,1.1190976366674625,-0.16021007400334208,0.14472189066603008,-0.16021007400334208,1.0333683456672238,1.1,-0.2611124373358797,0.23798519933158274,-0.2611124373358797,1.0518047266650752,1.742707089997613,0.09079732633086654,0.4288875626641203,0.09079732633086654,1.7403461446645978,0.1,0.09708283599904512,0.023368345667223685,0.09708283599904512,0.08,0.795488183337312,-0.6550370016710433,0.2048269276677011,-0.6550370016710433,0.3093387443303891
0.8500000000000001,,-66.15421341608976,0.0,35.36677727381236,,,,,,,,20.018118882788258,-4.072654571496778,20.428204822153262,0.6405824779183577,0.5004368584387682,0.1102912389591788,0.5004368584387682,0.3905824779183576,1.1797087610408212,1.1408641680592027,0.28303891143470994,1.1408641680592027,0.17595130102649797,0.9797087610408212,-0.06014561947958941,0.09797087610408212,-0.06014561947958941,0.9098543805204107,1.5405824779183577,-0.05478634518978277,0.18623299116734304,-0.05478634518978277,1.564495106230604,0.698543805204106,-0.026087371687753644,0.45579613272857483,-0.026087371687753644,0.4843399379326808,3.278252566244927,-2.3511458582000477,0.6928932919551205,-2.3511458582000477,2.2163786106469323,1.198543805204106,0.0404368584387682,0.2618835044163285,0.0404368584387682,1.080281690140845,1.1202912389591788,-0.16522320362855097,0.14376700883265697,-0.16522320362855097,1.034203867271425,1.1,-0.2649319646693722,0.23535927428980666,-0.2649319646693722,1.0494175220816424,1.7391262831224636,0.0870971592265457,0.4250680353306278,0.0870971592265457,1.737242778706135,0.1,0.09565051324898544,0.024203867271425164,0.09565051324898544,0.08,0.801456194795894,-0.6616018142754835,0.20637861064693244,-0.6616018142754835,0.3049224158510384
0.9,,-65.1632847935068,0.0,34.8371759369778,,,,,,,,21.195655287658152,-4.312222487467176,21.629863929338747,0.6429696825017904,0.5022272618763428,0.1114848412508952,0.5022272618763428,0.39296968250179043,1.1785151587491047,1.1362091191215087,0.2791000238720458,1.1362091191215087,0.18394843638099784,0.9785151587491048,-0.0607424206254476,0.09785151587491048,-0.0607424206254476,0.9092575793745524,1.5429696825017905,-0.05800907137741705,0.18718787300071618,-0.05800907137741705,1.5665242301265219,0.692575793745524,-0.02644545237526856,0.45496061112437336,-0.02644545237526856,0.47753640486989735,3.2710909524946286,-2.339448555741227,0.6883576032465982,-2.339448555741227,2.217930293626164,1.1925757937455241,0.0422272618763428,0.26140606349964196,0.0422272618763428,1.0732394366197182,1.1214848412508953,-0.17023633325375986,0.14281212699928383,-0.17023633325375986,1.0350393888756266,1.1,-0.26875149200286463,0.23273334924803057,-0.26875149200286463,1.0470303174982096,1.7355454762473144,0.08339699212222487,0.42124850799713537,0.08339699212222487,1.7341394127476726,0.1,0.09421819049892576,0.025039388875626643,0.09421819049892576,0.08,0.807424206254476,-0.6681666268799237,0.20793029362616375,-0.6681666268799237,0.30050608737168777
0.9500000000000001,,-64.17235617092385,0.0,34.30757460014323,,,,,,,,22.37319169252805,-4.551790403437575,22.83152303652423,0.6453568870852232,0.5040176653139173,0.1126784435426116,0.5040176653139173,0.3953568870852232,1.1773215564573885,1.1315540701838147,0.27516113630938166,1.1315540701838147,0.19194557173549773,0.9773215564573884,-0.0613392217713058,0.09773215564573884,-0.0613392217713058,0.9086607782286942,1.5453568870852232,-0.06123179756505133,0.1881427548340893,-0.06123179756505133,1.5685533540224397,0.6866077822869421,-0.026803533062783484,0.4541250895201719,-0.026803533062783484,0.4707328718071139,3.2639293387443304,-2.3277512532824063,0.683821914538076,-2.3277512532824063,2.219481976605395,1.186607782286942,0.0440176653139174,0.26092862258295535,0.0440176653139174,1.0661971830985915,1.1226784435426116,-0.17524946287896873,0.14185724516591072,-0.17524946287896873,1.0358749104798282,1.1,-0.27257101933635713,0.2301074242062545,-0.27257101933635713,1.0446431129147769,1.7319646693721653,0.07969682501790402,0.41742898066364287,0.07969682501790402,1.7310360467892099,0.1,0.09278586774886607,0.025874910479828123,0.09278586774886607,0.08,0.8133922177130579,-0.6747314394843639,0.20948197660539508,-0.6747314394843639,0.2960897588923371
1.0,,-63.18142754834089,0.0,33.77797326330867,,,,,,,,23.550728097397947,-4.791358319407974,24.033182143709716,0.647744091668656,0.505808068751492,0.113872045834328,0.505808068751492,0.397744091668656,1.176127954165672,1.1268990212461207,0.2712222487467176,1.1268990212461207,0.1999427070899976,0.976127954165672,-0.061936022917164005,0.0976127954165672,-0.061936022917164005,0.908063977082836,1.547744091668656,-0.06445452375268561,0.1890976366674624,-0.06445452375268561,1.5705824779183577,0.68063977082836,-0.0271616137502984,0.45328956791597036,-0.0271616137502984,0.4639293387443304,3.256767724994032,-2.3160539508235853,0.6792862258295536,-2.3160539508235853,2.2210336595846263,1.18063977082836,0.045808068751492,0.2604511816662688,0.045808068751492,1.0591549295774647,1.123872045834328,-0.1802625925041776,0.1409023633325376,-0.1802625925041776,1.0367104320840297,1.1,-0.27639054666984963,0.2274814991644784,-0.27639054666984963,1.042255908331344,1.728383862497016,0.07599665791358319,0.4136094533301504,0.07599665791358319,1.7279326808307471,0.1,0.0913535449988064,0.026710432084029602,0.0913535449988064,0.08,0.81936022917164,-0.6812962520888041,0.2110336595846264,-0.6812962520888041,0.29167343041298643
1.05,,-62.190498925757936,0.0,33.24837192647409,,,,,,,,24.728264502267844,-5.030926235378373,25.234841250895204,0.6501312962520888,0.5075984721890666,0.1150656481260444,0.5075984721890666,0.4001312962520888,1.1749343518739557,1.1222439723084268,0.26728336118405344,1.1222439723084268,0.20793984244449748,0.9749343518739556,-0.06253282406302221,0.09749343518739556,-0.06253282406302221,0.9074671759369778,1.5501312962520888,-0.06767724994031989,0.19005251850083554,-0.06767724994031989,1.5726116018142755,0.674671759369778,-0.02751969443781332,0.4524540463117689,-0.02751969443781332,0.4571258056815469,3.2496061112437333,-2.304356648364765,0.6747505371210313,-2.304356648364765,2.2225853425638578,1.174671759369778,0.047598472189066605,0.25997374074958224,0.047598472189066605,1.052112676056338,1.1250656481260444,-0.18527572212938648,0.13994748149916447,-0.18527572212938648,1.0375459536882312,1.1,-0.2802100740033421,0.22485557412270232,-0.2802100740033421,1.0398687037479113,1.7248030556218668,0.07229649080926234,0.4097899259966579,0.07229649080926234,1.7248293148722846,0.1,0.08992122224874671,0.02754595368823108,0.08992122224874671,0.08,0.825328240630222,-0.6878610646932443,0.21258534256385772,-0.6878610646932443,0.28725710193363574
1.1,,-61.19957030317498,0.0,32.71877058963953,,,,,,,,25.905800907137742,-5.270494151348771,26.43650035808069,0.6525185008355217,0.5093888756266411,0.1162592504177608,0.5093888756266411,0.4025185008355216,1.1737407495822392,1.1175889233707328,0.26334447362138935,1.1175889233707328,0.21593697779899737,0.9737407495822392,-0.06312962520888041,0.09737407495822392,-0.06312962520888041,0.9068703747911196,1.5525185008355216,-0.07089997612795418,0.19100740033420865,-0.07089997612795418,1.5746407257101933,0.668703747911196,-0.02787777512532824,0.4516185247075674,-0.02787777512532824,0.4503222726187634,3.242444497493435,-2.292659345905944,0.670214848412509,-2.292659345905944,2.224137025543089,1.168703747911196,0.0493888756266412,0.2594962998328957,0.0493888756266412,1.0450704225352112,1.1262592504177609,-0.19028885175459537,0.13899259966579136,-0.19028885175459537,1.0383814752924325,1.1,-0.2840296013368346,0.22222964908092624,-0.2840296013368346,1.0374814991644785,1.7212222487467177,0.06859632370494151,0.4059703986631654,0.06859632370494151,1.721725948913822,0.1,0.08848889949868703,0.028381475292432568,0.08848889949868703,0.08,0.831296252088804,-0.6944258772976845,0.21413702554308905,-0.6944258772976845,0.28284077345428504
1.1500000000000001,,-60.208641680592024,0.0,32.18916925280496,,,,,,,,27.083337312007643,-5.51006206731917,27.638159465266178,0.6549057054189544,0.5111792790642158,0.11745285270947721,0.5111792790642158,0.40490570541895443,1.172547147290523,1.1129338744330388,0.2594055860587252,1.1129338744330388,0.22393411315349726,0.9725471472905228,-0.0637264263547386,0.09725471472905228,-0.0637264263547386,0.9062735736452614,1.5549057054189543,-0.07412270231558846,0.19196228216758177,-0.07412270231558846,1.5766698496061113,0.6627357364526141,-0.028235855812843165,0.45078300310336594,-0.028235855812843165,0.4435187395559799,3.2352828837431367,-2.2809620434471234,0.6656791597039866,-2.2809620434471234,2.2256887085223203,1.162735736452614,0.05117927906421581,0.2590188589162091,0.05117927906421581,1.0380281690140845,1.1274528527094771,-0.19530198137980426,0.13803771783241825,-0.19530198137980426,1.039216996896634,1.1,-0.2878491286703271,0.21960372403915016,-0.2878491286703271,1.0350942945810457,1.7176414418715684,0.06489615660062066,0.402150871329673,0.06489615660062066,1.7186225829553594,0.1,0.08705657674862735,0.029216996896634047,0.08705657674862735,0.08,0.8372642635473859,-0.7009906899021247,0.21568870852232036,-0.7009906899021247,0.27842444497493435
1.2000000000000002,,-59.21771305800907,0.0,31.659567915970392,,,,,,,,28.26087371687754,-5.749629983289569,28.839818572451662,0.6572929100023872,0.5129696825017904,0.11864645500119361,0.5129696825017904,0.4072929100023872,1.1713535449988064,1.1082788254953448,0.2554666984960611,1.1082788254953448,0.23193124850799712,0.9713535449988064,-0.06432322750059681,0.09713535449988064,-0.06432322750059681,0.9056767724994033,1.5572929100023871,-0.07734542850322274,0.1929171640009549,-0.07734542850322274,1.5786989735020291,0.656767724994032,-0.02859393650035808,0.44994748149916447,-0.02859393650035808,0.4367152064931964,3.228121269992838,-2.2692647409883024,0.6611434709954643,-2.2692647409883024,2.2272403915015517,1.156767724994032,0.052969682501790405,0.25854141799952257,0.052969682501790405,1.0309859154929577,1.1286464550011936,-0.20031511100501315,0.1370828359990451,-0.20031511100501315,1.0400525185008356,1.1,-0.2916686560038195,0.21697779899737407,-0.2916686560038195,1.0327070899976127,1.7140606349964191,0.06119598949629981,0.3983313439961805,0.06119598949629981,1.7155192169968967,0.1,0.08562425399856767,0.030052518500835526,0.08562425399856767,0.08,0.843232275005968,-0.707555502506565,0.2172403915015517,-0.707555502506565,0.27400811649558365
1.25,,-58.22678443542612,0.0,31.12996657913583,,,,,,,,29.438410121747435,-5.989197899259967,30.041477679637147,0.65968011458582,0.514760085939365,0.11984005729291,0.514760085939365,0.40968011458582,1.17015994270709,1.1036237765576509,0.251527810933397,1.1036237765576509,0.23992838386249699,0.97015994270709,-0.064920028646455,0.097015994270709,-0.064920028646455,0.905079971353545,1.55968011458582,-0.08056815469085701,0.19387204583432802,-0.08056815469085701,1.580728097397947,0.6507997135354501,-0.028952017187873002,0.449111959894963,-0.028952017187873002,0.429911673430413,3.22095965624254,-2.257567438529482,0.656607782286942,-2.257567438529482,2.2287920744807828,1.15079971353545,0.054760085939365,0.258063977082836,0.054760085939365,1.023943661971831,1.1298400572929101,-0.20532824063022198,0.136127954165672,-0.20532824063022198,1.040888040105037,1.1,-0.295488183337312,0.21435187395559802,-0.295488183337312,1.03031988541418,1.71047982812127,0.05749582239197899,0.394511816662688,0.05749582239197899,1.712415851038434,0.1,0.08419193124850799,0.030888040105037005,0.08419193124850799,0.08,0.8492002864645499,-0.714120315111005,0.218792074480783,-0.714120315111005,0.269591788016233
1.3,,-57.23585581284316,0.0,30.60036524230126,,,,,,,,30.615946526617332,-6.228765815230366,31.24313678682263,0.6620673191692528,0.5165504893769396,0.1210336595846264,0.5165504893769396,0.4120673191692528,1.1689663404153736,1.098968727619957,0.24758892337073285,1.098968727619957,0.24792551921699688,0.9689663404153736,-0.06551682979231321,0.09689663404153737,-0.06551682979231321,0.9044831702076869,1.562067319169253,-0.08379088087849129,0.19482692766770113,-0.08379088087849129,1.582757221293865,0.644831702076868,-0.029310097875387922,0.4482764382907615,-0.029310097875387922,0.42310814036762945,3.2137980424922414,-2.245870136070661,0.6520720935784197,-2.245870136070661,2.2303437574600142,1.1448317020768681,0.0565504893769396,0.25758653616614946,0.0565504893769396,1.0169014084507042,1.1310336595846264,-0.21034137025543087,0.1351730723322989,-0.21034137025543087,1.0417235617092384,1.1,-0.2993077106708045,0.21172594891382193,-0.2993077106708045,1.0279326808307472,1.7068990212461208,0.053795655287658145,0.39069228932919553,0.053795655287658145,1.7093124850799715,0.1,0.08275960849844831,0.031723561709238485,0.08275960849844831,0.08,0.855168297923132,-0.7206851277154452,0.22034375746001433,-0.7206851277154452,0.2651754595368823
1.35,,-56.244927190260206,0.0,30.070763905466695,,,,,,,,31.79348293148723,-6.468333731200765,32.44479589400812,0.6644545237526857,0.5183408928145142,0.12222726187634281,0.5183408928145142,0.4144545237526856,1.1677727381236571,1.094313678682263,0.2436500358080687,1.094313678682263,0.25592265457149677,0.9677727381236572,-0.06611363093817141,0.09677727381236573,-0.06611363093817141,0.9038863690618286,1.5644545237526857,-0.08701360706612557,0.19578180950107427,-0.08701360706612557,1.5847863451897828,0.6388636906182861,-0.029668178562902842,0.44744091668656005,-0.029668178562902842,0.416304607304846,3.206636428741943,-2.2341728336118405,0.6475364048698974,-2.2341728336118405,2.2318954404392457,1.138863690618286,0.058340892814514204,0.2571090952494629,0.058340892814514204,1.0098591549295775,1.132227261876343,-0.21535449988063976,0.13421819049892575,-0.21535449988063976,1.04255908331344,1.1,-0.303127238004297,0.20910002387204585,-0.303127238004297,1.0255454762473144,1.7033182143709715,0.0500954881833373,0.38687276199570303,0.0500954881833373,1.7062091191215087,0.1,0.08132728574838863,0.032559083313439964,0.08132728574838863,0.08,0.8611363093817139,-0.7272499403198855,0.22189544043924564,-0.7272499403198855,0.2607591310575316
1.4000000000000001,,-55.25399856767725,0.0,29.541162568632128,,,,,,,,32.97101933635713,-6.707901647171163,33.64645500119361,0.6668417283361184,0.5201312962520888,0.1234208641680592,0.5201312962520888,0.41684172833611843,1.1665791358319408,1.089658629744569,0.2397111482454046,1.089658629744569,0.26391978992599663,0.9665791358319408,-0.0667104320840296,0.09665791358319409,-0.0667104320840296,0.9032895679159704,1.5668417283361185,-0.09023633325375986,0.19673669133444738,-0.09023633325375986,1.5868154690857006,0.632895679159704,-0.030026259250417763,0.4466053950823585,-0.030026259250417763,0.4095010742420625,3.1994748149916448,-2.2224755311530195,0.6430007161613751,-2.2224755311530195,2.2334471234184767,1.132895679159704,0.0601312962520888,0.25663165433277635,0.0601312962520888,1.0028169014084507,1.1334208641680592,-0.22036762950584865,0.13326330866555264,-0.22036762950584865,1.0433946049176415,1.1,-0.3069467653377895,0.20647409883026976,-0.3069467653377895,1.0231582716638816,1.6997374074958225,0.04639532107901646,0.38305323466221053,0.04639532107901646,1.703105753163046,0.1,0.07989496299832895,0.03339460491764145,0.07989496299832895,0.08,0.867104320840296,-0.7338147529243257,0.22344712341847697,-0.7338147529243257,0.256342802578181
1.4500000000000002,,-54.263069945094294,0.0,29.01156123179756,,,,,,,,34.14855574122703,-6.947469563141563,34.84811410837909,0.6692289329195512,0.5219216996896634,0.12461446645977561,0.5219216996896634,0.4192289329195512,1.1653855335402243,1.085003580806875,0.2357722606827405,1.085003580806875,0.2719169252804965,0.9653855335402244,-0.06730723322988781,0.09653855335402244,-0.06730723322988781,0.9026927667701122,1.5692289329195512,-0.09345905944139414,0.1976915731678205,-0.09345905944139414,1.5888445929816186,0.626927667701122,-0.030384339937932686,0.44576987347815705,-0.030384339937932686,0.40269754117927903,3.192313201241346,-2.210778228694199,0.6384650274528527,-2.210778228694199,2.234998806397708,1.126927667701122,0.061921699689663406,0.2561542134160898,0.061921699689663406,0.995774647887324,1.1346144664597757,-0.22538075913105754,0.13230842683217953,-0.22538075913105754,1.044230126521843,1.1,-0.310766292671282,0.20384817378849368,-0.310766292671282,1.0207710670804488,1.6961566006206732,0.042695153974695615,0.3792337073287181,0.042695153974695615,1.7000023872045835,0.1,0.07846264024826927,0.03423012652184293,0.07846264024826927,0.08,0.873072332298878,-0.7403795655287659,0.22499880639770828,-0.7403795655287659,0.2519264740988303
1.5,,-53.272141322511345,0.0,28.481959894962998,,,,,,,,35.32609214609692,-7.187037479111961,36.04977321556457,0.671616137502984,0.523712103127238,0.125808068751492,0.523712103127238,0.421616137502984,1.164191931248508,1.0803485318691812,0.23183337312007637,1.0803485318691812,0.27991406063499635,0.964191931248508,-0.067904034375746,0.0964191931248508,-0.067904034375746,0.902095965624254,1.571616137502984,-0.0966817856290284,0.1986464550011936,-0.0966817856290284,1.5908737168775364,0.62095965624254,-0.030742420625447603,0.4449343518739556,-0.030742420625447603,0.39589400811649555,3.185151587491048,-2.1990809262353785,0.6339293387443304,-2.1990809262353785,2.2365504893769397,1.1209596562425401,0.06371210312723799,0.25567677249940324,0.06371210312723799,0.9887323943661972,1.135808068751492,-0.23039388875626643,0.13135354499880642,-0.23039388875626643,1.0450656481260445,1.1,-0.3145858200047744,0.20122224874671762,-0.3145858200047744,1.018383862497016,1.6925757937455241,0.03899498687037478,0.3754141799952256,0.03899498687037478,1.6968990212461208,0.1,0.0770303174982096,0.03506564812604441,0.0770303174982096,0.08,0.87904034375746,-0.7469443781332061,0.2265504893769396,-0.7469443781332061,0.2475101456194796
1.55,,-52.28121269992839,0.0,27.952358558128427,,,,,,,,36.503628550966816,-7.426605395082359,37.25143232275006,0.6740033420864168,0.5255025065648126,0.12700167104320842,0.5255025065648126,0.4240033420864168,1.1629983289567916,1.0756934829314873,0.22789448555741226,1.0756934829314873,0.28791119598949627,0.9629983289567916,-0.06850083552160421,0.09629983289567916,-0.06850083552160421,0.9014991644783958,1.5740033420864168,-0.0999045118166627,0.19960133683456674,-0.0999045118166627,1.5929028407734542,0.6149916447839581,-0.031100501312962523,0.4440988302697541,-0.031100501312962523,0.3890904750537121,3.1779899737407495,-2.1873836237765576,0.629393650035808,-2.1873836237765576,2.2381021723561707,1.114991644783958,0.0655025065648126,0.2551993315827166,0.0655025065648126,0.9816901408450704,1.1370016710432085,-0.23540701838147526,0.13039866316543328,-0.23540701838147526,1.0459011697302458,1.1,-0.3184053473382669,0.1985963237049415,-0.3184053473382669,1.0159966579135833,1.6889949868703749,0.03529481976605395,0.3715946526617331,0.03529481976605395,1.693795655287658,0.1,0.0755979947481499,0.03590116973024589,0.0755979947481499,0.08,0.8850083552160419,-0.7535091907376463,0.22810217235617092,-0.7535091907376463,0.24309381714012893
1.6,,-51.29028407734543,0.0,27.42275722129386,,,,,,,,37.681164955836714,-7.666173311052758,38.45309142993555,0.6763905466698497,0.5272929100023872,0.1281952733349248,0.5272929100023872,0.4263905466698496,1.1618047266650753,1.0710384339937933,0.22395559799474812,1.0710384339937933,0.29590833134399613,0.9618047266650752,-0.06909763666746241,0.09618047266650752,-0.06909763666746241,0.9009023633325376,1.5763905466698496,-0.10312723800429698,0.20055621866793985,-0.10312723800429698,1.5949319646693723,0.609023633325376,-0.03145858200047744,0.44326330866555264,-0.03145858200047744,0.3822869419909286,3.170828359990451,-2.1756863213177366,0.6248579613272858,-2.1756863213177366,2.239653855335402,1.109023633325376,0.0672929100023872,0.25472189066603007,0.0672929100023872,0.9746478873239437,1.1381952733349248,-0.24042014800668415,0.12944378133206016,-0.24042014800668415,1.0467366913344474,1.1,-0.3222248746717594,0.19597039866316546,-0.3222248746717594,1.0136094533301505,1.6854141799952256,0.0315946526617331,0.36777512532824064,0.0315946526617331,1.6906922893291956,0.1,0.07416567199809024,0.03673669133444737,0.07416567199809024,0.08,0.890976366674624,-0.7600740033420865,0.22965385533540225,-0.7600740033420865,0.23867748866077823
1.6500000000000001,,-50.29935545476248,0.0,26.893155884459294,,,,,,,,38.85870136070662,-7.9057412270231575,39.65475053712103,0.6787777512532824,0.5290833134399617,0.1293888756266412,0.5290833134399617,0.42877775125328244,1.1606111243733588,1.0663833850560993,0.220016710432084,1.0663833850560993,0.303905466698496,0.9606111243733588,-0.0696944378133206,0.09606111243733588,-0.0696944378133206,0.9003055621866795,1.5787777512532823,-0.10634996419193127,0.201511100501313,-0.10634996419193127,1.59696108856529,0.603055621866794,-0.03181666268799237,0.44242778706135116,-0.03181666268799237,0.37548340892814513,3.1636667462401524,-2.163989018858916,0.6203222726187634,-2.163989018858916,2.2412055383146336,1.103055621866794,0.0690833134399618,0.2542444497493435,0.0690833134399618,0.9676056338028168,1.1393888756266413,-0.24543327763189304,0.12848889949868703,-0.24543327763189304,1.0475722129386489,1.1,-0.32604440200525187,0.19334447362138935,-0.32604440200525187,1.0112222487467177,1.6818333731200763,0.027894485557412252,0.36395559799474814,0.027894485557412252,1.6875889233707329,0.1,0.07273334924803054,0.03757221293864885,0.07273334924803054,0.08,0.896944378133206,-0.7666388159465267,0.23120553831463356,-0.7666388159465267,0.23426116018142756
1.7000000000000002,,-49.30842683217952,0.0,26.363554547624727,,,,,,,,40.036237765576516,-8.145309142993556,40.856409644306524,0.6811649558367152,0.5308737168775364,0.13058247791835761,0.5308737168775364,0.4311649558367152,1.1594175220816425,1.0617283361184053,0.21607782286941987,1.0617283361184053,0.3119026020529959,0.9594175220816424,-0.07029123895917881,0.09594175220816424,-0.07029123895917881,0.8997087610408212,1.5811649558367151,-0.10957269037956555,0.2024659823346861,-0.10957269037956555,1.5989902124612079,0.597087610408212,-0.032174743375507284,0.4415922654571497,-0.032174743375507284,0.36867987586536166,3.1565051324898543,-2.1522917164000956,0.6157865839102411,-2.1522917164000956,2.2427572212938647,1.0970876104082121,0.07087371687753641,0.25376700883265696,0.07087371687753641,0.9605633802816901,1.1405824779183575,-0.25044640725710193,0.12753401766531391,-0.25044640725710193,1.0484077345428504,1.1,-0.32986392933874437,0.1907185485796133,-0.32986392933874437,1.0088350441632847,1.6782525662449272,0.024194318453091418,0.36013607066125564,0.024194318453091418,1.6844855574122704,0.1,0.07130102649797088,0.038407734542850326,0.07130102649797088,0.08,0.902912389591788,-0.7732036285509669,0.2327572212938649,-0.7732036285509669,0.22984483170207687
1.75,,-48.317498209596565,0.0,25.833953210790163,,,,,,,,41.213774170446406,-8.384877058963953,42.058068751492,0.683552160420148,0.532664120315111,0.131776080210074,0.532664120315111,0.433552160420148,1.158223919789926,1.0570732871807114,0.21213893530675576,1.0570732871807114,0.3198997374074957,0.958223919789926,-0.070888040105037,0.0958223919789926,-0.070888040105037,0.8991119598949631,1.583552160420148,-0.11279541656719981,0.2034208641680592,-0.11279541656719981,1.601019336357126,0.5911195989496301,-0.0325328240630222,0.44075674385294816,-0.0325328240630222,0.3618763428025782,3.1493435187395558,-2.1405944139412747,0.6112508952017188,-2.1405944139412747,2.244308904273096,1.09111959894963,0.07266412031511099,0.2532895679159704,0.07266412031511099,0.9535211267605634,1.141776080210074,-0.2554595368823108,0.1265791358319408,-0.2554595368823108,1.049243256147052,1.1,-0.33368345667223687,0.1880926235378372,-0.33368345667223687,1.006447839579852,1.674671759369778,0.020494151348770584,0.3563165433277632,0.020494151348770584,1.6813821914538076,0.1,0.0698687037479112,0.039243256147051805,0.0698687037479112,0.08,0.9088804010503699,-0.7797684411554071,0.2343089042730962,-0.7797684411554071,0.2254285032227262
1.8,,-47.32656958701361,0.0,25.304351873955596,,,,,,,,42.391310575316304,-8.624444974934352,43.25972785867749,0.6859393650035808,0.5344545237526855,0.13296968250179042,0.5344545237526855,0.4359393650035808,1.1570303174982095,1.0524182382430174,0.20820004774409165,1.0524182382430174,0.32789687276199564,0.9570303174982095,-0.07148484125089521,0.09570303174982096,-0.07148484125089521,0.8985151587491048,1.585939365003581,-0.1160181427548341,0.20437574600143232,-0.1160181427548341,1.6030484602530437,0.585151587491048,-0.032890904750537124,0.4399212222487467,-0.032890904750537124,0.3550728097397947,3.1421819049892576,-2.1288971114824538,0.6067152064931964,-2.1288971114824538,2.2458605872523276,1.085151587491048,0.07445452375268559,0.25281212699928385,0.07445452375268559,0.9464788732394366,1.1429696825017905,-0.2604726665075197,0.1256242539985677,-0.2604726665075197,1.0500787777512532,1.1,-0.3375029840057293,0.18546669849606112,-0.3375029840057293,1.0040606349964192,1.671090952494629,0.01679398424444975,0.35249701599427075,0.01679398424444975,1.678278825495345,0.1,0.06843638099785151,0.040078777751253285,0.06843638099785151,0.08,0.914848412508952,-0.7863332537598473,0.23586058725232753,-0.7863332537598473,0.22101217474337553
1.85,,-46.33564096443065,0.0,24.77475053712103,,,,,,,,43.5688469801862,-8.864012890904752,44.46138696586298,0.6883265695870137,0.5362449271902602,0.1341632847935068,0.5362449271902602,0.4383265695870136,1.1558367152064932,1.0477631893053234,0.20426116018142754,1.0477631893053234,0.3358940081164955,0.9558367152064932,-0.07208164239675341,0.09558367152064932,-0.07208164239675341,0.8979183576032466,1.5883265695870137,-0.11924086894246838,0.20533062783480543,-0.11924086894246838,1.6050775841489615,0.5791835760324661,-0.03324898543805205,0.4390857006445452,-0.03324898543805205,0.3482692766770112,3.135020291238959,-2.1171998090236333,0.6021795177846742,-2.1171998090236333,2.2474122702315587,1.079183576032466,0.0762449271902602,0.2523346860825973,0.0762449271902602,0.9394366197183098,1.1441632847935068,-0.26548579613272855,0.12466937216519455,-0.26548579613272855,1.0509142993554548,1.1,-0.34132251133922176,0.18284077345428504,-0.34132251133922176,1.0016734304129864,1.6675101456194796,0.013093817140128888,0.34867748866077825,0.013093817140128888,1.6751754595368824,0.1,0.06700405824779182,0.04091429935545477,0.06700405824779182,0.08,0.9208164239675339,-0.7928980663642875,0.23741227023155884,-0.7928980663642875,0.21659584626402484
1.9000000000000001,,-45.344712341847696,0.0,24.245149200286463,,,,,,,,44.7463833850561,-9.10358080687515,45.66304607304846,0.6907137741704464,0.5380353306278348,0.1353568870852232,0.5380353306278348,0.44071377417044644,1.1546431129147767,1.0431081403676294,0.2003222726187634,1.0431081403676294,0.3438911434709954,0.9546431129147768,-0.0726784435426116,0.09546431129147769,-0.0726784435426116,0.8973215564573884,1.5907137741704465,-0.12246359513010266,0.20628550966817857,-0.12246359513010266,1.6071067080448795,0.573215564573884,-0.033607066125566964,0.43825017904034375,-0.033607066125566964,0.3414657436142277,3.1278586774886605,-2.1055025065648127,0.5976438290761519,-2.1055025065648127,2.24896395321079,1.073215564573884,0.0780353306278348,0.25185724516591074,0.0780353306278348,0.9323943661971831,1.1453568870852233,-0.27049892575793744,0.12371449033182144,-0.27049892575793744,1.0517498209596563,1.1,-0.3451420386727143,0.18021484841250895,-0.3451420386727143,0.9992862258295536,1.6639293387443304,0.009393650035808054,0.34485796132728574,0.009393650035808054,1.6720720935784197,0.1,0.06557173549773215,0.04174982095965625,0.06557173549773215,0.08,0.926784435426116,-0.7994628789687277,0.23896395321079017,-0.7994628789687277,0.21217951778467414
1.9500000000000002,,-44.35378371926474,0.0,23.715547863451892,,,,,,,,45.923919789926,-9.34314872284555,46.86470518023395,0.6931009787538792,0.5398257340654093,0.13655048937693962,0.5398257340654093,0.4431009787538792,1.1534495106230604,1.0384530914299355,0.19638338505609929,1.0384530914299355,0.3518882788254953,0.9534495106230604,-0.07327524468846981,0.09534495106230605,-0.07327524468846981,0.8967247553115302,1.5931009787538792,-0.12568632131773694,0.20724039150155169,-0.12568632131773694,1.6091358319407973,0.5672475531153021,-0.03396514681308188,0.4374146574361423,-0.03396514681308188,0.33466221055144424,3.1206970637383624,-2.093805204105992,0.5931081403676295,-2.093805204105992,2.2505156361900216,1.067247553115302,0.0798257340654094,0.2513798042492242,0.0798257340654094,0.9253521126760563,1.1465504893769396,-0.2755120553831463,0.12275960849844832,-0.2755120553831463,1.0525853425638578,1.1,-0.34896156600620676,0.17758892337073287,-0.34896156600620676,0.9968990212461208,1.6603485318691813,0.00569348293148722,0.3410384339937933,0.00569348293148722,1.668968727619957,0.1,0.06413941274767246,0.04258534256385773,0.06413941274767246,0.08,0.9327524468846979,-0.8060276915731679,0.24051563619002148,-0.8060276915731679,0.20776318930532348
2.0,,-43.36285509668179,0.0,23.18594652661733,,,,,,,,47.101456194795894,-9.582716638815947,48.06636428741943,0.695488183337312,0.541616137502984,0.137744091668656,0.541616137502984,0.445488183337312,1.152255908331344,1.0337980424922415,0.19244449749343517,1.0337980424922415,0.35988541417999514,0.952255908331344,-0.073872045834328,0.0952255908331344,-0.073872045834328,0.896127954165672,1.595488183337312,-0.12890904750537122,0.20819527333492482,-0.12890904750537122,1.6111649558367152,0.56127954165672,-0.034323227500596805,0.4365791358319408,-0.034323227500596805,0.32785867748866077,3.113535449988064,-2.0821079016471713,0.5885724516591072,-2.0821079016471713,2.2520673191692526,1.06127954165672,0.08161613750298399,0.2509023633325376,0.08161613750298399,0.9183098591549296,1.147744091668656,-0.2805251850083552,0.12180472666507519,-0.2805251850083552,1.0534208641680594,1.1,-0.3527810933396992,0.1749629983289568,-0.3527810933396992,0.9945118166626881,1.656767724994032,0.0019933158271663864,0.3372189066603008,0.0019933158271663864,1.6658653616614945,0.1,0.06270708999761279,0.04342086416805921,0.06270708999761279,0.08,0.93872045834328,-0.8125925041776081,0.2420673191692528,-0.8125925041776081,0.2033468608259728
2.0500000000000003,,-42.37192647409883,0.0,22.65634518978276,,,,,,,,48.2789925996658,-9.822284554786346,49.268023394604924,0.6978753879207449,0.5434065409405586,0.13893769396037242,0.5434065409405586,0.4478753879207448,1.1510623060396277,1.0291429935545475,0.18850560993077103,1.0291429935545475,0.36788254953449506,0.9510623060396276,-0.07446884698018622,0.09510623060396275,-0.07446884698018622,0.8955311530198138,1.5978753879207448,-0.13213177369300552,0.20915015516829794,-0.13213177369300552,1.6131940797326332,0.555311530198138,-0.03468130818811173,0.43574361422773933,-0.03468130818811173,0.32105514442587724,3.1063738362377653,-2.0704105991883504,0.5840367629505849,-2.0704105991883504,2.253619002148484,1.055311530198138,0.0834065409405586,0.25042492241585107,0.0834065409405586,0.9112676056338027,1.1489376939603724,-0.2855383146335641,0.12084984483170208,-0.2855383146335641,1.0542563857722607,1.1,-0.35660062067319176,0.1723370732871807,-0.35660062067319176,0.9921246120792552,1.6531869181188827,-0.0017068512771544753,0.3333993793268083,-0.0017068512771544753,1.6627619957030317,0.1,0.061274767247553104,0.044256385772260695,0.061274767247553104,0.08,0.944688469801862,-0.8191573167820483,0.24361900214848414,-0.8191573167820483,0.1989305323466221
2.1,,-41.38099785151588,0.0,22.126743852948195,,,,,,,,49.45652900453569,-10.061852470756746,50.46968250179041,0.7002625925041777,0.5451969443781332,0.1401312962520888,0.5451969443781332,0.45026259250417766,1.1498687037479112,1.0244879446168536,0.18456672236810692,1.0244879446168536,0.3758796848889949,0.9498687037479112,-0.07506564812604441,0.09498687037479112,-0.07506564812604441,0.8949343518739556,1.6002625925041776,-0.13535449988063977,0.21010503700167105,-0.13535449988063977,1.615223203628551,0.549343518739556,-0.035039388875626645,0.43490809262353786,-0.035039388875626645,0.3142516113630938,3.099212222487467,-2.05871329672953,0.5795010742420625,-2.05871329672953,2.255170685127715,1.0493435187395561,0.0851969443781332,0.2499474814991645,0.0851969443781332,0.904225352112676,1.1501312962520889,-0.290551444258773,0.11989496299832895,-0.290551444258773,1.0550919073764622,1.1,-0.3604201480066842,0.16971114824540462,-0.3604201480066842,0.9897374074958224,1.6496061112437337,-0.005407018381475309,0.32957985199331585,-0.005407018381475309,1.6596586297445692,0.1,0.05984244449749343,0.04509190737646217,0.05984244449749343,0.08,0.950656481260444,-0.8257221293864885,0.24517068512771545,-0.8257221293864885,0.19451420386727145
2.15,,-40.39006922893293,0.0,21.597142516113628,,,,,,,,50.634065409405586,-10.301420386727143,51.67134160897589,0.7026497970876104,0.5469873478157078,0.1413248985438052,0.5469873478157078,0.45264979708761044,1.148675101456195,1.0198328956791598,0.1806278348054428,1.0198328956791598,0.3838768202434948,0.9486751014561948,-0.0756624492719026,0.09486751014561948,-0.0756624492719026,0.8943375507280974,1.6026497970876104,-0.13857722606827405,0.21105991883504416,-0.13857722606827405,1.6172523275244688,0.5433755072809741,-0.03539746956314156,0.4340725710193364,-0.03539746956314156,0.30744807830031035,3.0920506087371686,-2.047015994270709,0.5749653855335403,-2.047015994270709,2.2567223681069466,1.043375507280974,0.08698734781570779,0.24947004058247793,0.08698734781570779,0.8971830985915493,1.1513248985438052,-0.29556457388398183,0.11894008116495583,-0.29556457388398183,1.0559274289806637,1.1,-0.36423967534017665,0.16708522320362856,-0.36423967534017665,0.9873502029123896,1.6460253043685844,-0.009107185485796115,0.32576032465982335,-0.009107185485796115,1.6565552637861065,0.1,0.058410121747433756,0.04592742898066365,0.058410121747433756,0.08,0.9566244927190259,-0.8322869419909287,0.24672236810694675,-0.8322869419909287,0.19009787538792078
2.2,,-39.39914060634997,0.0,21.06754117927906,,,,,,,,51.811601814275484,-10.540988302697542,52.87300071616138,0.7050370016710432,0.5487777512532824,0.14251850083552162,0.5487777512532824,0.4550370016710432,1.1474814991644784,1.0151778467414656,0.17668894724277867,1.0151778467414656,0.3918739555979947,0.9474814991644784,-0.07625925041776081,0.09474814991644784,-0.07625925041776081,0.8937407495822393,1.6050370016710431,-0.14179995225590836,0.2120148006684173,-0.14179995225590836,1.6192814514203868,0.537407495822392,-0.035755550250656486,0.43323704941513486,-0.035755550250656486,0.3006445452375268,3.08488899498687,-2.035318691811888,0.5704296968250179,-2.035318691811888,2.258274051086178,1.037407495822392,0.0887777512532824,0.24899259966579138,0.0887777512532824,0.8901408450704225,1.1525185008355217,-0.3005777035091907,0.11798519933158272,-0.3005777035091907,1.0567629505848652,1.1,-0.3680592026736692,0.16445929816185245,-0.3680592026736692,0.9849629983289568,1.6424444974934351,-0.012807352590116977,0.32194079732633085,-0.012807352590116977,1.6534518978276438,0.1,0.05697779899737407,0.04676295058486513,0.05697779899737407,0.08,0.962592504177608,-0.8388517545953689,0.2482740510861781,-0.8388517545953689,0.18568154690857008
2.25,,-38.40821198376702,0.0,20.537939842444494,,,,,,,,52.98913821914538,-10.780556218667941,54.07465982334686,0.707424206254476,0.550568154690857,0.143712103127238,0.550568154690857,0.457424206254476,1.1462878968727621,1.0105227978037719,0.1727500596801146,1.0105227978037719,0.39987109095249457,0.946287896872762,-0.07685605156361901,0.0946287896872762,-0.07685605156361901,0.893143948436381,1.607424206254476,-0.1450226784435426,0.2129696825017904,-0.1450226784435426,1.6213105753163046,0.53143948436381,-0.0361136309381714,0.4324015278109334,-0.0361136309381714,0.29384101217474334,3.077727381236572,-2.0236213893530675,0.5658940081164956,-2.0236213893530675,2.259825734065409,1.0314394843638102,0.090568154690857,0.24851515874910482,0.090568154690857,0.8830985915492957,1.153712103127238,-0.3055908331343996,0.11703031749820961,-0.3055908331343996,1.0575984721890666,1.1,-0.37187873000716165,0.1618333731200764,-0.37187873000716165,0.9825757937455241,1.638863690618286,-0.01650751969443781,0.3181212699928384,-0.01650751969443781,1.6503485318691813,0.1,0.05554547624731439,0.04759847218906661,0.05554547624731439,0.08,0.96856051563619,-0.8454165671998091,0.24982573406540942,-0.8454165671998091,0.18126521842921942
2.3000000000000003,,-37.417283361184055,0.0,20.008338505609927,,,,,,,,54.166674624015286,-11.02012413463834,55.276318930532355,0.7098114108379089,0.5523585581284316,0.14490570541895442,0.5523585581284316,0.45981141083790883,1.1450942945810456,1.0058677488660779,0.16881117211745042,1.0058677488660779,0.4078682263069945,0.9450942945810457,-0.07745285270947722,0.09450942945810456,-0.07745285270947722,0.8925471472905229,1.6098114108379087,-0.1482454046311769,0.21392456433516355,-0.1482454046311769,1.6233396992122224,0.525471472905228,-0.036471711625686326,0.4315660062067319,-0.036471711625686326,0.28703747911195987,3.0705657674862734,-2.011924086894247,0.5613583194079732,-2.011924086894247,2.2613774170446406,1.0254714729052279,0.0923585581284316,0.24803771783241824,0.0923585581284316,0.876056338028169,1.1549057054189544,-0.3106039627596085,0.11607543566483647,-0.3106039627596085,1.058433993793268,1.1,-0.3756982573406541,0.15920744807830028,-0.3756982573406541,0.9801885891620912,1.6352828837431368,-0.020207686798758673,0.3143017426593459,-0.020207686798758673,1.6472451659107186,0.1,0.05411315349725471,0.04843399379326809,0.05411315349725471,0.08,0.974528527094772,-0.8519813798042493,0.2513774170446407,-0.8519813798042493,0.1768488899498687
2.35,,-36.426354738601106,0.0,19.47873716877536,,,,,,,,55.34421102888518,-11.259692050608738,56.47797803771783,0.7121986154213417,0.5541489615660062,0.1460993077106708,0.5541489615660062,0.46219861542134166,1.1439006922893293,1.001212699928384,0.16487228455478634,1.001212699928384,0.4158653616614943,0.9439006922893292,-0.07804965385533541,0.09439006922893292,-0.07804965385533541,0.8919503461446646,1.6121986154213417,-0.1514681308188112,0.21487944616853666,-0.1514681308188112,1.6253688231081402,0.519503461446646,-0.03682979231320124,0.43073048460253044,-0.03682979231320124,0.2802339460491764,3.063404153735975,-2.000226784435426,0.5568226306994509,-2.000226784435426,2.262929100023872,1.019503461446646,0.09414896156600619,0.24756027691573168,0.09414896156600619,0.8690140845070422,1.156099307710671,-0.3156170923848174,0.11512055383146336,-0.3156170923848174,1.0592695153974696,1.1,-0.3795177846741466,0.15658152303652423,-0.3795177846741466,0.9778013845786584,1.6317020768679875,-0.023907853903079507,0.3104822153258534,-0.023907853903079507,1.6441417999522558,0.1,0.052680830747195026,0.04926951539746957,0.052680830747195026,0.08,0.980496538553354,-0.8585461924086895,0.25292910002387203,-0.8585461924086895,0.17243256147051805
2.4000000000000004,,-35.43542611601814,0.0,18.94913583194079,,,,,,,,56.52174743375508,-11.499259966579139,57.679637144903324,0.7145858200047744,0.5559393650035808,0.1472929100023872,0.5559393650035808,0.46458582000477444,1.1427070899976128,0.9965576509906898,0.1609333969921222,0.9965576509906898,0.4238624970159942,0.9427070899976128,-0.0786464550011936,0.09427070899976128,-0.0786464550011936,0.8913535449988064,1.6145858200047745,-0.15469085700644547,0.21583432800190977,-0.15469085700644547,1.6273979470040583,0.513535449988064,-0.037187873000716166,0.42989496299832897,-0.037187873000716166,0.27343041298639287,3.0562425399856767,-1.9885294819766053,0.5522869419909286,-1.9885294819766053,2.264480783003103,1.013535449988064,0.0959393650035808,0.24708283599904513,0.0959393650035808,0.8619718309859155,1.1572929100023872,-0.3206302220100263,0.11416567199809023,-0.3206302220100263,1.0601050370016711,1.1,-0.3833373120076391,0.15395559799474814,-0.3833373120076391,0.9754141799952256,1.6281212699928385,-0.02760802100740037,0.30666268799236096,-0.02760802100740037,1.6410384339937933,0.1,0.051248507997135345,0.05010503700167106,0.051248507997135345,0.08,0.986464550011936,-0.8651110050131298,0.2544807830031034,-0.8651110050131298,0.16801623299116733
2.45,,-34.44449749343519,0.0,18.419534495106227,,,,,,,,57.69928383862497,-11.738827882549536,58.88129625208881,0.7169730245882072,0.5577297684411554,0.14848651229410362,0.5577297684411554,0.4669730245882072,1.1415134877058963,0.9919026020529959,0.15699450942945808,0.9919026020529959,0.4318596323704941,0.9415134877058964,-0.07924325614705181,0.09415134877058964,-0.07924325614705181,0.8907567438529482,1.6169730245882072,-0.15791358319407975,0.21678920983528288,-0.15791358319407975,1.629427070899976,0.5075674385294819,-0.03754595368823109,0.4290594413941275,-0.03754595368823109,0.2666268799236094,3.049080926235378,-1.9768321795177846,0.5477512532824063,-1.9768321795177846,2.2660324659823345,1.007567438529482,0.0977297684411554,0.24660539508235857,0.0977297684411554,0.8549295774647887,1.1584865122941037,-0.3256433516352351,0.1132107901647171,-0.3256433516352351,1.0609405586058727,1.1,-0.38715683934113154,0.15132967295297206,-0.38715683934113154,0.9730269754117928,1.6245404631176892,-0.031308188111721175,0.30284316065886846,-0.031308188111721175,1.6379350680353306,0.1,0.049816185247075664,0.05094055860587254,0.049816185247075664,0.08,0.9924325614705181,-0.8716758176175698,0.2560324659823347,-0.8716758176175698,0.16359990451181666
2.5,,-33.45356887085224,0.0,17.88993315827166,,,,,,,,58.87682024349487,-11.978395798519934,60.082955359274294,0.71936022917164,0.5595201718787299,0.14968011458582,0.5595201718787299,0.46936022917164,1.14031988541418,0.987247553115302,0.15305562186679397,0.987247553115302,0.43985676772499394,0.94031988541418,-0.07984005729291001,0.094031988541418,-0.07984005729291001,0.89015994270709,1.61936022917164,-0.16113630938171403,0.217744091668656,-0.16113630938171403,1.631456194795894,0.5015994270709001,-0.03790403437574601,0.428223919789926,-0.03790403437574601,0.259823346860826,3.0419193124850796,-1.965134877058964,0.543215564573884,-1.965134877058964,2.267584148961566,1.0015994270709,0.09952017187873,0.246127954165672,0.09952017187873,0.847887323943662,1.15968011458582,-0.330656481260444,0.112255908331344,-0.330656481260444,1.061776080210074,1.1,-0.39097636667462404,0.148703747911196,-0.39097636667462404,0.9706397708283601,1.62095965624254,-0.03500835521604201,0.299023633325376,-0.03500835521604201,1.634831702076868,0.1,0.048383862497015984,0.05177608021007401,0.048383862497015984,0.08,0.9984005729290999,-0.87824063022201,0.257584148961566,-0.87824063022201,0.15918357603246602
2.5500000000000003,,-32.46264024826928,0.0,17.360331821437093,,,,,,,,60.054356648364774,-12.217963714490335,61.284614466459786,0.7217474337550729,0.5613105753163046,0.15087371687753642,0.5613105753163046,0.47174743375507283,1.1391262831224636,0.982592504177608,0.14911673430412983,0.982592504177608,0.44785390307949385,0.9391262831224636,-0.08043685843876822,0.09391262831224637,-0.08043685843876822,0.8895631415612318,1.6217474337550728,-0.1643590355693483,0.21869897350202913,-0.1643590355693483,1.633485318691812,0.495631415612318,-0.038262115063260924,0.4273883981857245,-0.038262115063260924,0.25301981379804245,3.0347576987347815,-1.9534375746001431,0.5386798758653617,-1.9534375746001431,2.269135831940797,0.995631415612318,0.10131057531630461,0.24565051324898546,0.10131057531630461,0.8408450704225352,1.1608737168775365,-0.33566961088565295,0.11130102649797087,-0.33566961088565295,1.0626116018142755,1.1,-0.39479589400811654,0.1460778228694199,-0.39479589400811654,0.9682525662449272,1.6173788493673908,-0.03870852232036287,0.2952041059918835,-0.03870852232036287,1.6317283361184054,0.1,0.0469515397469563,0.052611601814275495,0.0469515397469563,0.08,1.004368584387682,-0.8848054428264504,0.25913583194079737,-0.8848054428264504,0.1547672475531153
2.6,,-31.471711625686325,0.0,16.830730484602526,,,,,,,,61.231893053234664,-12.457531630460732,62.48627357364526,0.7241346383385057,0.5631009787538792,0.1520673191692528,0.5631009787538792,0.47413463833850567,1.1379326808307473,0.977937455239914,0.14517784674146572,0.977937455239914,0.4558510384339937,0.9379326808307472,-0.08103365958462641,0.09379326808307471,-0.08103365958462641,0.8889663404153736,1.6241346383385056,-0.16758176175698258,0.21965385533540224,-0.16758176175698258,1.6355144425877297,0.489663404153736,-0.03862019575077584,0.426552876581523,-0.03862019575077584,0.24621628073525897,3.027596084984483,-1.9417402721413226,0.5341441871568393,-1.9417402721413226,2.2706875149200285,0.989663404153736,0.10310097875387919,0.2451730723322989,0.10310097875387919,0.8338028169014085,1.1620673191692528,-0.3406827405108618,0.11034614466459775,-0.3406827405108618,1.063447123418477,1.1,-0.398615421341609,0.14345189782764384,-0.398615421341609,0.9658653616614944,1.6137980424922416,-0.042408689424683704,0.29138457865839107,-0.042408689424683704,1.6286249701599427,0.1,0.04551921699689662,0.053447123418476974,0.04551921699689662,0.08,1.010336595846264,-0.8913702554308904,0.2606875149200286,-0.8913702554308904,0.15035091907376463
2.6500000000000004,,-30.48078300310337,0.0,16.30112914776796,,,,,,,,62.40942945810457,-12.697099546431131,63.687932680830755,0.7265218429219384,0.5648913821914539,0.1532609214609692,0.5648913821914539,0.47652184292193844,1.1367390785390308,0.9732824063022201,0.14123895917880158,0.9732824063022201,0.46384817378849363,0.9367390785390308,-0.0816304607304846,0.09367390785390307,-0.0816304607304846,0.8883695392695155,1.6265218429219384,-0.1708044879446169,0.22060873716877538,-0.1708044879446169,1.6375435664836477,0.483695392695154,-0.03897827643829077,0.42571735497732155,-0.03897827643829077,0.2394127476724755,3.0204344712341844,-1.9300429696825017,0.529608498448317,-1.9300429696825017,2.27223919789926,0.9836953926951539,0.1048913821914538,0.24469563141561232,0.1048913821914538,0.8267605633802817,1.1632609214609693,-0.34569587013607067,0.10939126283122463,-0.34569587013607067,1.0642826450226786,1.1,-0.40243494867510154,0.14082597278586773,-0.40243494867510154,0.9634781570780616,1.6102172356170923,-0.046108856529004566,0.2875650513248985,-0.046108856529004566,1.62552160420148,0.1,0.04408689424683694,0.054282645022678454,0.04408689424683694,0.08,1.016304607304846,-0.8979350680353307,0.26223919789926,-0.8979350680353307,0.14593459059441394
2.7,,-29.489854380520413,0.0,15.771527810933392,,,,,,,,63.58696586297446,-12.93666746240153,64.88959178801623,0.7289090475053712,0.5666817856290284,0.15445452375268562,0.5666817856290284,0.4789090475053712,1.1355454762473145,0.9686273573645261,0.13730007161613747,0.9686273573645261,0.4718453091429935,0.9355454762473144,-0.08222726187634281,0.09355454762473144,-0.08222726187634281,0.8877727381236572,1.6289090475053711,-0.17402721413225114,0.2215636190021485,-0.17402721413225114,1.6395726903795655,0.477727381236572,-0.03933635712580569,0.4248818333731201,-0.03933635712580569,0.23260921460969203,3.0132728574838863,-1.9183456672236812,0.5250728097397948,-1.9183456672236812,2.273790880878491,0.977727381236572,0.1066817856290284,0.24421819049892576,0.1066817856290284,0.819718309859155,1.1644545237526855,-0.35070899976127956,0.10843638099785152,-0.35070899976127956,1.06511816662688,1.1,-0.406254476008594,0.13820004774409167,-0.406254476008594,0.9610909524946288,1.6066364287419432,-0.0498090236333254,0.28374552399140607,-0.0498090236333254,1.6224182382430175,0.1,0.04265457149677726,0.05511816662687993,0.04265457149677726,0.08,1.0222726187634281,-0.9044998806397709,0.2637908808784913,-0.9044998806397709,0.14151826211506327
2.75,,-28.498925757937464,0.0,15.241926474098829,,,,,,,,64.76450226784435,-13.176235378371928,66.09125089520172,0.731296252088804,0.568472189066603,0.155648126044402,0.568472189066603,0.481296252088804,1.134351873955598,0.9639723084268321,0.13336118405347336,0.9639723084268321,0.4798424444974933,0.934351873955598,-0.08282406302220101,0.0934351873955598,-0.08282406302220101,0.8871759369777991,1.631296252088804,-0.17724994031988542,0.2225185008355216,-0.17724994031988542,1.6416018142754834,0.47175936977799005,-0.039694437813320604,0.4240463117689186,-0.039694437813320604,0.22580568154690855,3.0061112437335877,-1.9066483647648602,0.5205371210312724,-1.9066483647648602,2.2753425638577225,0.97175936977799,0.108472189066603,0.2437407495822392,0.108472189066603,0.8126760563380282,1.165648126044402,-0.3557221293864884,0.1074814991644784,-0.3557221293864884,1.0659536882310814,1.1,-0.41007400334208643,0.13557412270231559,-0.41007400334208643,0.9587037479111961,1.603055621866794,-0.053509190737646206,0.2799259966579136,-0.053509190737646206,1.6193148722845547,0.1,0.041222248746717594,0.05595368823108141,0.041222248746717594,0.08,1.02824063022201,-0.9110646932442111,0.2653425638577226,-0.9110646932442111,0.1371019336357126
2.8000000000000003,,-27.5079971353545,0.0,14.712325137264259,,,,,,,,65.94203867271426,-13.415803294342327,67.29291000238722,0.7336834566722369,0.5702625925041775,0.15684172833611842,0.5702625925041775,0.4836834566722369,1.1331582716638817,0.9593172594891382,0.12942229649080922,0.9593172594891382,0.4878395798519933,0.9331582716638815,-0.08342086416805922,0.09331582716638816,-0.08342086416805922,0.8865791358319408,1.633683456672237,-0.18047266650751972,0.22347338266889474,-0.18047266650751972,1.6436309381714014,0.465791358319408,-0.04005251850083552,0.42321079016471713,-0.04005251850083552,0.21900214848412503,2.998949629983289,-1.8949510623060397,0.5160014323227501,-1.8949510623060397,2.276894246836954,0.965791358319408,0.1102625925041776,0.24326330866555265,0.1102625925041776,0.8056338028169014,1.1668417283361183,-0.36073525901169734,0.10652661733110527,-0.36073525901169734,1.066789209835283,1.1,-0.41389353067557894,0.1329481976605395,-0.41389353067557894,0.9563165433277632,1.5994748149916447,-0.05720935784196707,0.27610646932442107,-0.05720935784196707,1.6162115063260922,0.1,0.0397899259966579,0.0567892098352829,0.0397899259966579,0.08,1.034208641680592,-0.9176295058486513,0.26689424683695395,-0.9176295058486513,0.1326856051563619
2.85,,-26.51706851277155,0.0,14.182723800429695,,,,,,,,67.11957507758414,-13.655371210312726,68.4945691095727,0.7360706612556697,0.5720529959417522,0.1580353306278348,0.5720529959417522,0.48607066125566967,1.1319646693721652,0.9546622105514442,0.12548340892814513,0.9546622105514442,0.4958367152064931,0.9319646693721653,-0.08401766531391741,0.09319646693721652,-0.08401766531391741,0.8859823346860826,1.6360706612556695,-0.18369539269515398,0.22442826450226785,-0.18369539269515398,1.6456600620673192,0.45982334686082604,-0.040410599188350445,0.42237526856051566,-0.040410599188350445,0.2121986154213416,2.991788016232991,-1.8832537598472188,0.5114657436142278,-1.8832537598472188,2.278445929816185,0.959823346860826,0.11205299594175219,0.2427858677488661,0.11205299594175219,0.7985915492957747,1.1680353306278348,-0.3657483886369062,0.10557173549773216,-0.3657483886369062,1.0676247314394844,1.1,-0.41771305800907144,0.13032227261876342,-0.41771305800907144,0.9539293387443304,1.5958940081164956,-0.0609095249462879,0.2722869419909286,-0.0609095249462879,1.6131081403676295,0.1,0.03835760324659823,0.05762473143948437,0.03835760324659823,0.08,1.040176653139174,-0.9241943184530915,0.26844592981618526,-0.9241943184530915,0.12826927667701127
2.9000000000000004,,-25.52613989018859,0.0,13.653122463595125,,,,,,,,68.29711148245406,-13.894939126283125,69.69622821675819,0.7384578658391024,0.5738433993793268,0.1592289329195512,0.5738433993793268,0.48845786583910245,1.130771067080449,0.9500071616137502,0.121544521365481,0.9500071616137502,0.5038338505609931,0.9307710670804488,-0.0846144664597756,0.09307710670804488,-0.0846144664597756,0.8853855335402244,1.6384578658391025,-0.18691811888278828,0.22538314633564097,-0.18691811888278828,1.647689185963237,0.453855335402244,-0.04076867987586537,0.42153974695631413,-0.04076867987586537,0.20539508235855808,2.9846264024826925,-1.8715564573883983,0.5069300549057054,-1.8715564573883983,2.2799976127954165,0.953855335402244,0.1138433993793268,0.2423084268321795,0.1138433993793268,0.7915492957746478,1.1692289329195513,-0.37076151826211506,0.10461685366435902,-0.37076151826211506,1.068460253043686,1.1,-0.4215325853425639,0.12769634757698733,-0.4215325853425639,0.9515421341608976,1.5923132012413463,-0.06460969205060876,0.2684674146574362,-0.06460969205060876,1.6100047744091668,0.1,0.03692528049653854,0.05846025304368586,0.03692528049653854,0.08,1.046144664597756,-0.9307591310575318,0.26999761279541656,-0.9307591310575318,0.12385294819766052
2.95,,-24.53521126760564,0.0,13.123521126760558,,,,,,,,69.47464788732395,-14.134507042253523,70.89788732394366,0.7408450704225352,0.5756338028169014,0.16042253521126762,0.5756338028169014,0.4908450704225352,1.1295774647887324,0.9453521126760562,0.11760563380281688,0.9453521126760562,0.5118309859154929,0.9295774647887324,-0.08521126760563381,0.09295774647887324,-0.08521126760563381,0.8847887323943662,1.6408450704225352,-0.19014084507042256,0.2263380281690141,-0.19014084507042256,1.6497183098591548,0.447887323943662,-0.041126760563380285,0.42070422535211266,-0.041126760563380285,0.1985915492957746,2.9774647887323944,-1.8598591549295773,0.502394366197183,-1.8598591549295773,2.281549295774648,0.947887323943662,0.1156338028169014,0.24183098591549296,0.1156338028169014,0.7845070422535212,1.1704225352112676,-0.37577464788732395,0.10366197183098591,-0.37577464788732395,1.0692957746478875,1.1,-0.4253521126760564,0.12507042253521125,-0.4253521126760564,0.9491549295774648,1.5887323943661973,-0.0683098591549296,0.2646478873239437,-0.0683098591549296,1.6069014084507043,0.1,0.03549295774647887,0.05929577464788734,0.03549295774647887,0.08,1.052112676056338,-0.9373239436619719,0.2715492957746479,-0.9373239436619719,0.11943661971830988
3.0,,-23.54428264502269,0.0,12.593919789925994,,,,,,,,70.65218429219384,-14.374074958223922,72.09954643112914,0.7432322750059681,0.577424206254476,0.161616137502984,0.577424206254476,0.49323227500596806,1.128383862497016,0.9406970637383624,0.11366674624015277,0.9406970637383624,0.5198281212699928,0.928383862497016,-0.08580806875149201,0.0928383862497016,-0.08580806875149201,0.884191931248508,1.643232275005968,-0.1933635712580568,0.22729291000238722,-0.1933635712580568,1.6517474337550728,0.44191931248508004,-0.0414848412508952,0.4198687037479112,-0.0414848412508952,0.19178801623299113,2.970303174982096,-1.8481618524707568,0.4978586774886608,-1.8481618524707568,2.283100978753879,0.94191931248508,0.11742420625447599,0.2413535449988064,0.11742420625447599,0.7774647887323944,1.1716161375029839,-0.38078777751253284,0.1027070899976128,-0.38078777751253284,1.0701312962520888,1.1,-0.4291716400095488,0.1224444974934352,-0.4291716400095488,0.9467677249940321,1.585151587491048,-0.07201002625925043,0.2608283599904512,-0.07201002625925043,1.6037980424922416,0.1,0.03406063499641919,0.060131296252088816,0.03406063499641919,0.08,1.05808068751492,-0.9438887562664121,0.2731009787538792,-0.9438887562664121,0.11502029123895918
3.0500000000000003,,-22.553354022439727,0.0,12.064318453091424,,,,,,,,71.82972069706375,-14.613642874194321,73.30120553831465,0.7456194795894009,0.5792146096920506,0.16280973979470043,0.5792146096920506,0.4956194795894009,1.1271902602052997,0.9360420148006683,0.10972785867748863,0.9360420148006683,0.5278252566244926,0.9271902602052996,-0.08640486989735022,0.09271902602052996,-0.08640486989735022,0.8835951301026498,1.6456194795894008,-0.19658629744569112,0.22824779183576033,-0.19658629744569112,1.6537765576509906,0.435951301026498,-0.041842921938410126,0.4190331821437097,-0.041842921938410126,0.18498448317020766,2.9631415612317973,-1.8364645500119359,0.49332298878013847,-1.8364645500119359,2.2846526617331104,0.9359513010264979,0.1192146096920506,0.24087610408211985,0.1192146096920506,0.7704225352112676,1.1728097397947004,-0.38580090713774173,0.10175220816423966,-0.38580090713774173,1.0709668178562903,1.1,-0.4329911673430413,0.11981857245165908,-0.4329911673430413,0.9443805204105992,1.5815707806158987,-0.07571019336357127,0.25700883265695873,-0.07571019336357127,1.600694676533779,0.1,0.032628312246359495,0.060966817856290295,0.032628312246359495,0.08,1.064048698973502,-0.9504535688708524,0.27465266173311054,-0.9504535688708524,0.11060396275960849
3.1,,-21.562425399856778,0.0,11.534717116256857,,,,,,,,73.00725710193363,-14.853210790164718,74.50286464550013,0.7480066841728337,0.5810050131296252,0.16400334208641681,0.5810050131296252,0.49800668417283367,1.1259966579135832,0.9313869658629744,0.10578897111482452,0.9313869658629744,0.5358223919789925,0.9259966579135832,-0.08700167104320841,0.09259966579135832,-0.08700167104320841,0.8829983289567916,1.6480066841728336,-0.1998090236333254,0.22920267366913344,-0.1998090236333254,1.6558056815469087,0.42998328956791604,-0.04220100262592505,0.41819766053950824,-0.04220100262592505,0.17818095010742419,2.955979947481499,-1.8247672475531154,0.48878730007161614,-1.8247672475531154,2.286204344712342,0.9299832895679161,0.1210050131296252,0.2403986631654333,0.1210050131296252,0.7633802816901408,1.1740033420864169,-0.39081403676295057,0.10079732633086655,-0.39081403676295057,1.0718023394604919,1.1,-0.4368106946765338,0.11719264740988303,-0.4368106946765338,0.9419933158271664,1.5779899737407497,-0.0794103604678921,0.25318930532346623,-0.0794103604678921,1.5975913105753163,0.1,0.031195989496299828,0.061802339460491774,0.031195989496299828,0.08,1.070016710432084,-0.9570183814752925,0.27620434471234184,-0.9570183814752925,0.10618763428025785
3.1500000000000004,,-20.571496777273815,0.0,11.00511577942229,,,,,,,,74.18479350680354,-15.09277870613512,75.70452375268562,0.7503938887562664,0.5827954165671998,0.1651969443781332,0.5827954165671998,0.5003938887562664,1.1248030556218669,0.9267319169252805,0.10185008355216038,0.9267319169252805,0.5438195273334925,0.9248030556218668,-0.0875984721890666,0.09248030556218667,-0.0875984721890666,0.8824015278109334,1.6503938887562664,-0.2030317498209597,0.23015755550250658,-0.2030317498209597,1.6578348054428265,0.424015278109334,-0.042559083313439966,0.41736213893530677,-0.042559083313439966,0.17137741704464066,2.9488183337312006,-1.8130699450942944,0.4842516113630938,-1.8130699450942944,2.287756027691573,0.924015278109334,0.1227954165671998,0.23992122224874673,0.1227954165671998,0.7563380281690141,1.1751969443781332,-0.3958271663881595,0.09984244449749344,-0.3958271663881595,1.0726378610646934,1.1,-0.44063022201002633,0.11456672236810692,-0.44063022201002633,0.9396061112437336,1.5744091668656004,-0.08311052757221296,0.24936977798997373,-0.08311052757221296,1.5944879446168536,0.1,0.029763666746240133,0.06263786106469325,0.029763666746240133,0.08,1.075984721890666,-0.9635831940797328,0.27775602769157315,-0.9635831940797328,0.10177130580090715
3.2,,-19.580568154690866,0.0,10.475514442587723,,,,,,,,75.36232991167343,-15.332346622105517,76.9061828598711,0.7527810933396992,0.5845858200047744,0.16639054666984962,0.5845858200047744,0.5027810933396992,1.1236094533301504,0.9220768679875865,0.09791119598949627,0.9220768679875865,0.5518166626879923,0.9236094533301504,-0.08819527333492481,0.09236094533301503,-0.08819527333492481,0.8818047266650753,1.6527810933396991,-0.20625447600859395,0.2311124373358797,-0.20625447600859395,1.6598639293387443,0.418047266650752,-0.04291716400095488,0.4165266173311053,-0.04291716400095488,0.16457388398185724,2.941656719980902,-1.801372642635474,0.4797159226545715,-1.801372642635474,2.2893077106708044,0.918047266650752,0.1245858200047744,0.23944378133206018,0.1245858200047744,0.7492957746478873,1.1763905466698497,-0.40084029601336835,0.09888756266412031,-0.40084029601336835,1.0734733826688947,1.1,-0.4444497493435188,0.11194079732633086,-0.4444497493435188,0.9372189066603008,1.5708283599904511,-0.0868106946765338,0.24555025065648128,-0.0868106946765338,1.5913845786583911,0.1,0.028331343996180466,0.06347338266889473,0.028331343996180466,0.08,1.081952733349248,-0.970148006684173,0.2793077106708045,-0.970148006684173,0.09735497732155646
3.25,,-18.58963953210791,0.0,9.945913105753164,,,,,,,,76.53986631654332,-15.571914538075914,78.10784196705657,0.755168297923132,0.586376223442349,0.167584148961566,0.586376223442349,0.505168297923132,1.122415851038434,0.9174218190498926,0.09397230842683219,0.9174218190498926,0.5598137980424922,0.922415851038434,-0.08879207448078301,0.0922415851038434,-0.08879207448078301,0.881207925519217,1.655168297923132,-0.20947720219622823,0.2320673191692528,-0.20947720219622823,1.661893053234662,0.41207925519217004,-0.043275244688469806,0.4156910957269038,-0.043275244688469806,0.15777035091907377,2.934495106230604,-1.7896753401766532,0.4751802339460492,-1.7896753401766532,2.290859393650036,0.91207925519217,0.126376223442349,0.23896634041537362,0.126376223442349,0.7422535211267606,1.177584148961566,-0.40585342563857724,0.09793268083074719,-0.40585342563857724,1.0743089042730962,1.1,-0.4482692766770112,0.10931487228455478,-0.4482692766770112,0.9348317020768679,1.567247553115302,-0.09051086178085463,0.2417307233229888,-0.09051086178085463,1.5882812126999284,0.1,0.026899021246120786,0.06430890427309621,0.026899021246120786,0.08,1.08792074480783,-0.9767128192886131,0.2808593936500358,-0.9767128192886131,0.09293864884220582
3.3000000000000003,,-17.598710909524954,0.0,9.41631176891859,,,,,,,,77.71740272141324,-15.811482454046315,79.30950107424206,0.7575555025065649,0.5881666268799236,0.16877775125328243,0.5881666268799236,0.5075555025065649,1.1212222487467176,0.9127667701121985,0.09003342086416805,0.9127667701121985,0.5678109333969921,0.9212222487467177,-0.08938887562664122,0.09212222487467175,-0.08938887562664122,0.8806111243733588,1.6575555025065647,-0.21269992838386254,0.23302220100262594,-0.21269992838386254,1.66392217713058,0.406111243733588,-0.04363332537598473,0.41485557412270235,-0.04363332537598473,0.15096681785629024,2.9273334924803054,-1.7779780377178325,0.47064454523752686,-1.7779780377178325,2.292411076629267,0.906111243733588,0.1281666268799236,0.23848889949868704,0.1281666268799236,0.7352112676056337,1.1787777512532824,-0.4108665552637861,0.09697779899737408,-0.4108665552637861,1.0751444258772977,1.1,-0.4520888040105037,0.10668894724277869,-0.4520888040105037,0.9324444974934352,1.5636667462401528,-0.09421102888517549,0.23791119598949628,-0.09421102888517549,1.5851778467414657,0.1,0.025466698496061105,0.0651444258772977,0.025466698496061105,0.08,1.093888756266412,-0.9832776318930534,0.2824110766292671,-0.9832776318930534,0.08852232036285512
3.35,,-16.607782286941998,0.0,8.88671043208403,,,,,,,,78.89493912628312,-16.05105037001671,80.51116018142756,0.7599427070899977,0.5899570303174982,0.16997135354499882,0.5899570303174982,0.5099427070899977,1.1200286464550013,0.9081117211745047,0.0860945333015039,0.9081117211745047,0.5758080687514919,0.9200286464550012,-0.08998567677249941,0.09200286464550012,-0.08998567677249941,0.8800143232275006,1.6599427070899977,-0.21592265457149679,0.23397708283599905,-0.21592265457149679,1.665951301026498,0.40014323227500603,-0.04399140606349965,0.4140200525185008,-0.04399140606349965,0.14416328479350676,2.920171878730007,-1.7662807352590117,0.4661088565290046,-1.7662807352590117,2.2939627596084984,0.900143232275006,0.1299570303174982,0.23801145858200048,0.1299570303174982,0.7281690140845071,1.1799713535449987,-0.41587968488899496,0.09602291716400095,-0.41587968488899496,1.0759799474814993,1.1,-0.4559083313439962,0.10406302220100261,-0.4559083313439962,0.9300572929100024,1.5600859393650035,-0.0979111959894963,0.23409166865600384,-0.0979111959894963,1.5820744807830032,0.1,0.024034375746001424,0.06597994748149917,0.024034375746001424,0.08,1.099856767724994,-0.9898424444974936,0.2839627596084985,-0.9898424444974936,0.08410599188350443
3.4000000000000004,,-15.616853664359041,0.0,8.357109095249456,,,,,,,,80.07247553115303,-16.29061828598711,81.71281928861305,0.7623299116734304,0.5917474337550728,0.1711649558367152,0.5917474337550728,0.5123299116734304,1.1188350441632848,0.9034566722368107,0.08215564573883977,0.9034566722368107,0.5838052041059919,0.9188350441632848,-0.0905824779183576,0.09188350441632848,-0.0905824779183576,0.8794175220816424,1.6623299116734305,-0.2191453807591311,0.23493196466937216,-0.2191453807591311,1.667980424922416,0.394175220816424,-0.044349486751014564,0.41318453091429935,-0.044349486751014564,0.1373597517307233,2.9130102649797087,-1.754583432800191,0.4615731678204822,-1.754583432800191,2.29551444258773,0.894175220816424,0.1317474337550728,0.23753401766531393,0.1317474337550728,0.7211267605633802,1.1811649558367152,-0.4208928145142039,0.09506803533062783,-0.4208928145142039,1.0768154690857008,1.1,-0.4597278586774887,0.10143709715922652,-0.4597278586774887,0.9276700883265696,1.5565051324898544,-0.10161136309381716,0.23027214132251134,-0.10161136309381716,1.5789711148245404,0.1,0.022602052995941743,0.06681546908570066,0.022602052995941743,0.08,1.105824779183576,-0.9964072571019338,0.2855144425877298,-0.9964072571019338,0.07968966340415373
3.45,,-14.625925041776085,0.0,7.827507758414889,,,,,,,,81.25001193602291,-16.53018620195751,82.91447839579853,0.7647171162568632,0.5935378371926474,0.17235855812843162,0.5935378371926474,0.5147171162568632,1.1176414418715686,0.8988016232991167,0.07821675817617568,0.8988016232991167,0.5918023394604918,0.9176414418715684,-0.09117927906421582,0.09176414418715684,-0.09117927906421582,0.8788207209357842,1.6647171162568632,-0.22236810694676537,0.23588684650274527,-0.22236810694676537,1.6700095488183337,0.388207209357842,-0.04470756743852949,0.4123490093100979,-0.04470756743852949,0.13055621866793982,2.90584865122941,-1.7428861303413703,0.4570374791119599,-1.7428861303413703,2.297066125566961,0.8882072093578419,0.13353783719264742,0.23705657674862737,0.13353783719264742,0.7140845070422535,1.1823585581284315,-0.42590594413941274,0.09411315349725471,-0.42590594413941274,1.077650990689902,1.1,-0.46354738601098117,0.09881117211745044,-0.46354738601098117,0.9252828837431368,1.5529243256147052,-0.10531153019813796,0.2264526139890189,-0.10531153019813796,1.5758677488660777,0.1,0.021169730245882062,0.06765099068990213,0.021169730245882062,0.08,1.111792790642158,-1.002972069706374,0.2870661255669611,-1.002972069706374,0.07527333492480309
3.5,,-13.63499641919313,0.0,7.297906421580329,,,,,,,,82.42754834089281,-16.769754117927906,84.116137502984,0.7671043208402961,0.595328240630222,0.173552160420148,0.595328240630222,0.5171043208402961,1.116447839579852,0.8941465743614228,0.07427787061351154,0.8941465743614228,0.5997994748149915,0.916447839579852,-0.09177608021007401,0.0916447839579852,-0.09177608021007401,0.878223919789926,1.667104320840296,-0.22559083313439962,0.2368417283361184,-0.22559083313439962,1.6720386727142516,0.38223919789926003,-0.045065648126044404,0.4115134877058964,-0.045065648126044404,0.12375268560515634,2.898687037479112,-1.7311888278825496,0.45250179040343763,-1.7311888278825496,2.2986178085461924,0.8822391978992601,0.135328240630222,0.2365791358319408,0.135328240630222,0.7070422535211268,1.183552160420148,-0.43091907376462163,0.09315827166388159,-0.43091907376462163,1.0784865122941036,1.1,-0.46736691334447367,0.09618524707567438,-0.46736691334447367,0.922895679159704,1.5493435187395561,-0.10901169730245883,0.2226330866555264,-0.10901169730245883,1.5727643829076152,0.1,0.019737407495822396,0.06848651229410362,0.019737407495822396,0.08,1.11776080210074,-1.0095368823108142,0.2886178085461924,-1.0095368823108142,0.0708570064454524
3.5500000000000003,,-12.644067796610173,0.0,6.768305084745755,,,,,,,,83.60508474576272,-17.009322033898307,85.3177966101695,0.7694915254237289,0.5971186440677966,0.17474576271186443,0.5971186440677966,0.5194915254237289,1.1152542372881356,0.8894915254237288,0.0703389830508474,0.8894915254237288,0.6077966101694915,0.9152542372881356,-0.09237288135593222,0.09152542372881356,-0.09237288135593222,0.8776271186440678,1.6694915254237288,-0.22881355932203393,0.23779661016949155,-0.22881355932203393,1.6740677966101694,0.376271186440678,-0.04542372881355933,0.41067796610169494,-0.04542372881355933,0.11694915254237281,2.8915254237288135,-1.7194915254237289,0.44796610169491524,-1.7194915254237289,2.3001694915254234,0.876271186440678,0.1371186440677966,0.23610169491525423,0.1371186440677966,0.7,1.1847457627118643,-0.4359322033898305,0.09220338983050846,-0.4359322033898305,1.0793220338983052,1.1,-0.47118644067796617,0.09355932203389827,-0.47118644067796617,0.9205084745762712,1.5457627118644068,-0.11271186440677969,0.2188135593220339,-0.11271186440677969,1.5696610169491525,0.1,0.0183050847457627,0.0693220338983051,0.0183050847457627,0.08,1.123728813559322,-1.0161016949152544,0.2901694915254237,-1.0161016949152544,0.0664406779661017
3.6,,-11.653139174027217,0.0,6.238703747911195,,,,,,,,84.78262115063261,-17.248889949868705,86.51945571735499,0.7718787300071617,0.5989090475053712,0.17593936500358082,0.5989090475053712,0.5218787300071617,1.1140606349964193,0.8848364764860348,0.06640009548818332,0.8848364764860348,0.6157937455239914,0.9140606349964192,-0.09296968250179041,0.09140606349964192,-0.09296968250179041,0.8770303174982096,1.6718787300071616,-0.2320362855096682,0.23875149200286466,-0.2320362855096682,1.6760969205060874,0.37030317498209603,-0.045781809501074244,0.40984244449749346,-0.045781809501074244,0.1101456194795894,2.884363809978515,-1.7077942229649081,0.44343041298639296,-1.7077942229649081,2.301721174504655,0.870303174982096,0.1389090475053712,0.23562425399856768,0.1389090475053712,0.6929577464788732,1.1859393650035808,-0.4409453330150394,0.09124850799713535,-0.4409453330150394,1.0801575555025067,1.1,-0.4750059680114586,0.09093339699212222,-0.4750059680114586,0.9181212699928384,1.5421819049892576,-0.1164120315111005,0.21499403198854145,-0.1164120315111005,1.56655765099069,0.1,0.01687276199570302,0.07015755550250657,0.01687276199570302,0.08,1.129696825017904,-1.0226665075196946,0.29172117450465507,-1.0226665075196946,0.06202434948675106
3.6500000000000004,,-10.66221055144426,0.0,5.709102411076621,,,,,,,,85.96015755550252,-17.488457865839106,87.72111482454048,0.7742659345905945,0.6006994509429457,0.1771329672952972,0.6006994509429457,0.5242659345905945,1.1128670327047028,0.8801814275483408,0.06246120792551918,0.8801814275483408,0.6237908808784912,0.9128670327047028,-0.09356648364764861,0.09128670327047028,-0.09356648364764861,0.8764335163523513,1.6742659345905944,-0.23525901169730248,0.23970637383623777,-0.23525901169730248,1.6781260444020052,0.36433516352351397,-0.04613989018858917,0.409006922893292,-0.04613989018858917,0.10334208641680587,2.8772021962282164,-1.6960969205060874,0.43889472427787063,-1.6960969205060874,2.3032728574838863,0.8643351635235139,0.1406994509429458,0.23514681308188112,0.1406994509429458,0.6859154929577465,1.1871329672952973,-0.4459584626402483,0.09029362616376223,-0.4459584626402483,1.0809930771067082,1.1,-0.4788254953449511,0.08830747195034613,-0.4788254953449511,0.9157340654094056,1.5386010981141083,-0.12011219861542136,0.21117450465504894,-0.12011219861542136,1.5634542850322273,0.1,0.01544043924564334,0.07099307710670806,0.01544043924564334,0.08,1.135664836476486,-1.0292313201241348,0.2932728574838864,-1.0292313201241348,0.05760802100740037
3.7,,-9.671281928861305,0.0,5.1795010742420615,,,,,,,,87.1376939603724,-17.728025781809503,88.92277393172596,0.7766531391740272,0.6024898543805204,0.17832656958701362,0.6024898543805204,0.5266531391740272,1.1116734304129865,0.8755263786106469,0.058522320362855096,0.8755263786106469,0.6317880162329911,0.9116734304129864,-0.09416328479350682,0.09116734304129864,-0.09416328479350682,0.8758367152064932,1.6766531391740271,-0.23848173788493676,0.24066125566961089,-0.23848173788493676,1.680155168297923,0.358367152064932,-0.04649797087610409,0.40817140128909046,-0.04649797087610409,0.0965385533540224,2.8700405824779183,-1.6843996180472667,0.4343590355693483,-1.6843996180472667,2.3048245404631174,0.8583671520649321,0.14248985438052042,0.23466937216519457,0.14248985438052042,0.6788732394366197,1.1883265695870135,-0.45097159226545713,0.08933874433038912,-0.45097159226545713,1.0818285987109095,1.1,-0.48264502267844356,0.08568154690857005,-0.48264502267844356,0.9133468608259728,1.5350202912389592,-0.12381236571974222,0.2073549773215565,-0.12381236571974222,1.5603509190737646,0.1,0.014008116495583658,0.07182859871090953,0.014008116495583658,0.08,1.141632847935068,-1.035796132728575,0.2948245404631177,-1.035796132728575,0.05319169252804967
3.75,,-8.680353306278363,0.0,4.649899737407495,,,,,,,,88.3152303652423,-17.9675936977799,90.12443303891143,0.77904034375746,0.604280257818095,0.17952017187873,0.604280257818095,0.52904034375746,1.11047982812127,0.8708713296729529,0.054583432800190956,0.8708713296729529,0.6397851515874909,0.91047982812127,-0.09476008593936501,0.091047982812127,-0.09476008593936501,0.875239914060635,1.67904034375746,-0.24170446407257104,0.241616137502984,-0.24170446407257104,1.682184292193841,0.35239914060635,-0.04685605156361901,0.40733587968488905,-0.04685605156361901,0.08973502029123892,2.8628789687276197,-1.6727023155884462,0.429823346860826,-1.6727023155884462,2.306376223442349,0.85239914060635,0.144280257818095,0.234191931248508,0.144280257818095,0.671830985915493,1.18952017187873,-0.455984721890666,0.08838386249701599,-0.455984721890666,1.082664120315111,1.1,-0.48646455001193606,0.08305562186679397,-0.48646455001193606,0.9109596562425399,1.53143948436381,-0.12751253282406302,0.203535449988064,-0.12751253282406302,1.557247553115302,0.1,0.012575793745523992,0.072664120315111,0.012575793745523992,0.08,1.14760085939365,-1.0423609453330152,0.29637622344234904,-1.0423609453330152,0.04877536404869903
3.8000000000000003,,-7.689424683695393,0.0,4.120298400572928,,,,,,,,89.4927667701122,-18.2071616137503,91.32609214609693,0.7814275483408929,0.6060706612556697,0.18071377417044643,0.6060706612556697,0.5314275483408929,1.1092862258295537,0.8662162807352589,0.05064454523752682,0.8662162807352589,0.6477822869419909,0.9092862258295537,-0.09535688708522322,0.09092862258295535,-0.09535688708522322,0.8746431129147768,1.6814275483408927,-0.24492719026020532,0.24257101933635714,-0.24492719026020532,1.6842134160897588,0.34643112914776797,-0.047214132251133925,0.4065003580806875,-0.047214132251133925,0.08293148722845545,2.8557173549773216,-1.6610050131296252,0.4252876581523037,-1.6610050131296252,2.3079279064215803,0.846431129147768,0.14607066125566961,0.23371449033182146,0.14607066125566961,0.6647887323943662,1.1907137741704463,-0.4609978515158749,0.08742898066364287,-0.4609978515158749,1.0834996419193126,1.1,-0.49028407734542856,0.08042969682501788,-0.49028407734542856,0.9085724516591072,1.5278586774886609,-0.13121269992838389,0.1997159226545715,-0.13121269992838389,1.5541441871568393,0.1,0.011143470995464297,0.07349964191931249,0.011143470995464297,0.08,1.153568870852232,-1.0489257579374553,0.29792790642158035,-1.0489257579374553,0.04435903556934828
3.85,,-6.698496061112451,0.0,3.590697063738361,,,,,,,,90.6703031749821,-18.4467295297207,92.5277512532824,0.7838147529243257,0.6078610646932442,0.18190737646216282,0.6078610646932442,0.5338147529243257,1.1080926235378372,0.8615612317975649,0.04670565767486273,0.8615612317975649,0.6557794222964908,0.9080926235378373,-0.09595368823108141,0.09080926235378371,-0.09595368823108141,0.8740463117689186,1.6838147529243255,-0.2481499164478396,0.24352590116973025,-0.2481499164478396,1.6862425399856766,0.340463117689186,-0.04757221293864884,0.40566483647648605,-0.04757221293864884,0.07612795416567197,2.848555741227023,-1.6493077106708047,0.42075196944378135,-1.6493077106708047,2.3094795894008113,0.840463117689186,0.1478610646932442,0.2332370494151349,0.1478610646932442,0.6577464788732394,1.1919073764621628,-0.4660109811410838,0.08647409883026975,-0.4660109811410838,1.0843351635235141,1.1,-0.494103604678921,0.0778037717832418,-0.494103604678921,0.9061852470756744,1.5242778706135116,-0.1349128670327047,0.19589639532107905,-0.1349128670327047,1.5510408211983768,0.1,0.00971114824540463,0.07433516352351396,0.00971114824540463,0.08,1.1595368823108139,-1.0554905705418955,0.29947958940081165,-1.0554905705418955,0.03994270708999764
3.9000000000000004,,-5.70756743852948,0.0,3.061095726903787,,,,,,,,91.847839579852,-18.6862974456911,93.7294103604679,0.7862019575077585,0.6096514681308188,0.1831009787538792,0.6096514681308188,0.5362019575077585,1.106899021246121,0.856906182859871,0.04276677011219859,0.856906182859871,0.6637765576509906,0.9068990212461208,-0.09655048937693961,0.09068990212461207,-0.09655048937693961,0.8734495106230604,1.6862019575077585,-0.2513726426354739,0.24448078300310339,-0.2513726426354739,1.6882716638815947,0.33449510623060397,-0.04793029362616377,0.4048293148722846,-0.04793029362616377,0.0693244211028885,2.8413941274767245,-1.6376104082119838,0.416216280735259,-1.6376104082119838,2.311031272380043,0.834495106230604,0.1496514681308188,0.23275960849844832,0.1496514681308188,0.6507042253521127,1.193100978753879,-0.4710241107662927,0.08551921699689663,-0.4710241107662927,1.0851706851277156,1.1,-0.4979231320124135,0.07517784674146571,-0.4979231320124135,0.9037980424922416,1.5206970637383623,-0.13861303413702555,0.19207686798758655,-0.13861303413702555,1.547937455239914,0.1,0.008278825495344935,0.07517068512771545,0.008278825495344935,0.08,1.1655048937693961,-1.0620553831463357,0.301031272380043,-1.0620553831463357,0.03552637861064695
3.95,,-4.716638815946538,0.0,2.531494390069227,,,,,,,,93.02537598472189,-18.925865361661497,94.93106946765339,0.7885891620911912,0.6114418715683934,0.18429458104559562,0.6114418715683934,0.5385891620911912,1.1057054189544044,0.852251133922177,0.038827882549534454,0.852251133922177,0.6717736930054905,0.9057054189544044,-0.09714729052279782,0.09057054189544043,-0.09714729052279782,0.8728527094772022,1.6885891620911913,-0.2545953688231082,0.2454356648364765,-0.2545953688231082,1.6903007877775125,0.328527094772022,-0.04828837431367869,0.4039937932680831,-0.04828837431367869,0.06252088804010503,2.834232513726426,-1.6259131057531633,0.4116805920267367,-1.6259131057531633,2.3125829553592743,0.828527094772022,0.15144187156839342,0.23228216758176176,0.15144187156839342,0.643661971830986,1.1942945810455956,-0.4760372403915015,0.0845643351635235,-0.4760372403915015,1.086006206731917,1.1,-0.501742659345906,0.07255192169968966,-0.501742659345906,0.9014108379088088,1.517116256863213,-0.14231320124134642,0.18825734065409405,-0.14231320124134642,1.5448340892814514,0.1,0.006846502745285268,0.07600620673191694,0.006846502745285268,0.08,1.171472905227978,-1.068620195750776,0.30258295535927426,-1.068620195750776,0.031110050131296252
4.0,,-3.7257101933635823,0.0,2.00189305323466,,,,,,,,94.20291238959179,-19.165433277631895,96.13272857483886,0.7909763666746241,0.613232275005968,0.185488183337312,0.613232275005968,0.5409763666746241,1.1045118166626882,0.8475960849844831,0.03488899498687037,0.8475960849844831,0.6797708283599904,0.904511816662688,-0.09774409166865601,0.0904511816662688,-0.09774409166865601,0.872255908331344,1.690976366674624,-0.25781809501074243,0.2463905466698496,-0.25781809501074243,1.6923299116734303,0.32255908331344,-0.048646455001193606,0.40315827166388163,-0.048646455001193606,0.055717354977321554,2.827070899976128,-1.6142158032943423,0.4071449033182144,-1.6142158032943423,2.3141346383385053,0.82255908331344,0.153232275005968,0.2318047266650752,0.153232275005968,0.6366197183098592,1.1954881833373119,-0.4810503700167104,0.0836094533301504,-0.4810503700167104,1.0868417283361185,1.1,-0.5055621866793985,0.06992599665791357,-0.5055621866793985,0.899023633325376,1.513535449988064,-0.14601336834566722,0.1844378133206016,-0.14601336834566722,1.5417307233229889,0.1,0.005414179995225588,0.07684172833611841,0.005414179995225588,0.08,1.17744091668656,-1.0751850083552161,0.3041346383385056,-1.0751850083552161,0.026693721651945612
4.05,,-2.7347815707806262,0.0,1.4722917164000933,,,,,,,,95.38044879446169,-19.405001193602292,97.33438768202434,0.7933635712580569,0.6150226784435426,0.1866817856290284,0.6150226784435426,0.5433635712580569,1.1033182143709717,0.8429410360467893,0.030950107424206286,0.8429410360467893,0.6877679637144902,0.9033182143709716,-0.0983408928145142,0.09033182143709716,-0.0983408928145142,0.8716591071854858,1.6933635712580568,-0.2610408211983767,0.24734542850322272,-0.2610408211983767,1.6943590355693483,0.316591071854858,-0.04900453568870852,0.40232275005968016,-0.04900453568870852,0.04891382191453808,2.8199092862258297,-1.6025185008355218,0.4026092146096921,-1.6025185008355218,2.3156863213177368,0.816591071854858,0.1550226784435426,0.23132728574838865,0.1550226784435426,0.6295774647887324,1.1966817856290284,-0.4860634996419193,0.08265457149677728,-0.4860634996419193,1.08767724994032,1.1,-0.5093817140128909,0.06730007161613749,-0.5093817140128909,0.8966364287419432,1.509954643112915,-0.14971353544998803,0.18061828598710916,-0.14971353544998803,1.5386273573645262,0.1,0.003981857245165907,0.07767724994031988,0.003981857245165907,0.08,1.183408928145142,-1.0817498209596563,0.30568632131773693,-1.0817498209596563,0.022277393172594973
4.1000000000000005,,-1.743852948197656,0.0,0.9426903795655193,,,,,,,,96.5579851993316,-19.644569109572693,98.53604678920985,0.7957507758414897,0.6168130818811173,0.18787538792074482,0.6168130818811173,0.5457507758414897,1.1021246120792552,0.8382859871090952,0.02701121986154209,0.8382859871090952,0.6957650990689902,0.9021246120792552,-0.09893769396037241,0.09021246120792552,-0.09893769396037241,0.8710623060396276,1.6957507758414896,-0.26426354738601104,0.24830031033659586,-0.26426354738601104,1.696388159465266,0.31062306039627596,-0.04936261637622345,0.40148722845547863,-0.04936261637622345,0.042110288851754496,2.812747672475531,-1.5908211983767009,0.39807352590116973,-1.5908211983767009,2.3172380042969682,0.810623060396276,0.15681308188111723,0.23084984483170207,0.15681308188111723,0.6225352112676056,1.1978753879207447,-0.49107662926712825,0.08169968966340414,-0.49107662926712825,1.0885127715445215,1.1,-0.5132012413463835,0.06467414657436138,-0.5132012413463835,0.8942492241585104,1.5063738362377657,-0.15341370255430894,0.1767987586536166,-0.15341370255430894,1.5355239914060634,0.1,0.002549534495106212,0.07851277154452138,0.002549534495106212,0.08,1.189376939603724,-1.0883146335640967,0.30723800429696824,-1.0883146335640967,0.017861064693244222
4.15,,-0.752924325614714,0.0,0.4130890427309595,,,,,,,,97.7355216042015,-19.884137025543094,99.73770589639533,0.7981379804249225,0.6186034853186918,0.1890689902124612,0.6186034853186918,0.5481379804249225,1.1009310097875389,0.8336309381714012,0.023072332298878007,0.8336309381714012,0.7037622344234901,0.9009310097875388,-0.09953449510623061,0.09009310097875388,-0.09953449510623061,0.8704655048937694,1.6981379804249224,-0.2674862735736453,0.24925519216996897,-0.2674862735736453,1.698417283361184,0.30465504893769396,-0.04972069706373837,0.40065170685127716,-0.04972069706373837,0.03530675578897102,2.8055860587252326,-1.5791238959178802,0.3935378371926474,-1.5791238959178802,2.3187896872761993,0.804655048937694,0.1586034853186918,0.2303724039150155,0.1586034853186918,0.6154929577464788,1.1990689902124612,-0.4960897588923371,0.08074480783003103,-0.4960897588923371,1.0893482931487228,1.1,-0.5170207686798759,0.062048221532585324,-0.5170207686798759,0.8918620195750776,1.5027930293626164,-0.15711386965862975,0.17297923132012416,-0.15711386965862975,1.532420625447601,0.1,0.0011172117450465313,0.07934829314872285,0.0011172117450465313,0.08,1.195344951062306,-1.094879446168537,0.3087896872761996,-1.094879446168537,0.013444736213893527
4.2,2.9250837988826817,0.10050279329609016,0.0012290502793296206,-0.014748603351955446,0.2581005586592203,-11.626653631284917,-11.538284916201118,0.11055307262569937,0.3099050279329638,0.13826815642458232,-0.1259776536312861,98.70402234636872,-19.70898324022346,100.66320111731844,0.8,0.62,0.19,0.62,0.55,1.1,0.83,0.02,0.83,0.71,0.9,-0.1,0.09,-0.1,0.87,1.7,-0.27,0.25,-0.27,1.7,0.3,-0.05,0.4,-0.05,0.03,2.8,-1.57,0.39,-1.57,2.32,0.8,0.16,0.23,0.16,0.61,1.2,-0.5,0.08,-0.5,1.09,1.1,-0.52,0.06,-0.52,0.89,1.5,-0.16,0.17,-0.16,1.53,0.1,0.0,0.08,0.0,0.08,1.2,-1.1,0.31,-1.1,0.01
4.25,2.902737430167598,0.46642458100558554,0.006815642458100543,-0.0817877094972065,1.4312849162011139,-12.202351955307261,-11.712307262569832,0.6130670391061437,1.7185642458100516,0.7667597765363109,-0.6986033519553054,98.9313966480447,-18.063452513966485,100.60956983240223,0.8,0.62,0.19,0.62,0.55,1.1,0.83,0.02,0.83,0.71,0.9,-0.1,0.09,-0.1,0.87,1.7,-0.27,0.25,-0.27,1.7,0.3,-0.05,0.4,-0.05,0.03,2.8,-1.57,0.39,-1.57,2.32,0.8,0.16,0.23,0.16,0.61,1.2,-0.5,0.08,-0.5,1.09,1.1,-0.52,0.06,-0.52,0.89,1.5,-0.16,0.17,-0.16,1.53,0.1,0.0,0.08,0.0,0.08,1.2,-1.1,0.31,-1.1,0.01
4.3,2.880391061452514,0.8323463687150809,0.012402234636871465,-0.14882681564245756,2.6044692737430077,-12.778050279329605,-11.886329608938546,1.115581005586588,3.1272234636871397,1.3952513966480395,-1.2712290502793249,99.15877094972068,-16.41792178770951,100.55593854748604,0.8,0.62,0.19,0.62,0.55,1.1,0.83,0.02,0.83,0.71,0.9,-0.1,0.09,-0.1,0.87,1.7,-0.27,0.25,-0.27,1.7,0.3,-0.05,0.4,-0.05,0.03,2.8,-1.57,0.39,-1.57,2.32,0.8,0.16,0.23,0.16,0.61,1.2,-0.5,0.08,-0.5,1.09,1.1,-0.52,0.06,-0.52,0.89,1.5,-0.16,0.17,-0.16,1.53,0.1,0.0,0.08,0.0,0.08,1.2,-1.1,0.31,-1.1,0.01
4.3500000000000005,2.85804469273743,1.1982681564245827,0.017988826815642487,-0.2158659217877098,3.777653631284922,-13.353748603351958,-12.060351955307263,1.6180949720670414,4.535882681564252,2.0237430167597794,-1.8438547486033543,99.38614525139666,-14.772391061452506,100.50230726256983,0.8,0.62,0.19,0.62,0.55,1.1,0.83,0.02,0.83,0.71,0.9,-0.1,0.09,-0.1,0.87,1.7,-0.27,0.25,-0.27,1.7,0.3,-0.05,0.4,-0.05,0.03,2.8,-1.57,0.39,-1.57,2.32,0.8,0.16,0.23,0.16,0.61,1.2,-0.5,0.08,-0.5,1.09,1.1,-0.52,0.06,-0.52,0.89,1.5,-0.16,0.17,-0.16,1.53,0.1,0.0,0.08,0.0,0.08,1.2,-1.1,0.31,-1.1,0.01
4.4,2.85,2.2057894736842263,0.028421052631579093,-0.3578947368421073,6.221052631578982,-13.639315789473686,-10.202157894736809,-0.8654210526316253,7.0438421052631925,3.1005263157894882,-3.2441052631579157,97.68778947368418,-14.527789473684216,98.76763157894733,0.8,0.62,0.19,0.62,0.55,1.1,0.83,0.02,0.83,0.71,0.9,-0.1,0.09,-0.1,0.87,1.7,-0.27,0.25,-0.27,1.7,0.3,-0.05,0.4,-0.05,0.03,2.8,-1.57,0.39,-1.57,2.32,0.8,0.16,0.23,0.16,0.61,1.2,-0.5,0.08,-0.5,1.09,1.1,-0.52,0.06,-0.52,0.89,1.5,-0.16,0.17,-0.16,1.53,0.1,0.0,0.08,0.0,0.08,1.2,-1.1,0.31,-1.1,0.01
4.45,2.864736842105263,3.5726315789473735,0.041578947368421104,-0.5536842105263166,9.494736842105276,-10.288947368421038,-4.717578947368399,-1.1531052631578937,10.850052631578961,4.593421052631585,-5.004210526315796,97.54026315789474,-15.405684210526319,98.75478947368421,0.8,0.65,0.15,0.65,0.5,1.0,0.45,0.11,0.45,0.88,0.9,-0.15,0.06,-0.15,0.91,1.7,-0.04,0.28,-0.04,1.69,0.1,-0.09,0.45,-0.09,0.0,2.8,-1.59,0.33,-1.59,2.31,0.9,0.26,0.07,0.26,0.68,1.1,-0.44,0.16,-0.44,1.03,1.1,-0.54,0.04,-0.54,0.9,1.5,-0.09,0.23,-0.09,1.46,0.1,0.0,0.04,0.0,0.07,1.4,-1.26,0.38,-1.26,0.1
4.5,2.9042105263157896,4.9278947368421075,0.05473684210526318,-0.7510526315789477,12.6421052631579,-6.330684210526308,0.8976842105263254,-1.0226842105263159,13.424842105263158,6.104789473684213,-6.592263157894739,97.81047368421052,-16.07226315789474,99.12936842105263,0.8,0.65,0.15,0.65,0.5,1.0,0.45,0.11,0.45,0.88,0.9,-0.15,0.06,-0.15,0.91,1.7,-0.04,0.28,-0.04,1.69,0.1,-0.09,0.45,-0.09,0.0,2.8,-1.59,0.33,-1.59,2.31,0.9,0.26,0.07,0.26,0.68,1.1,-0.44,0.16,-0.44,1.03,1.1,-0.54,0.04,-0.54,0.9,1.5,-0.09,0.23,-0.09,1.46,0.1,0.0,0.04,0.0,0.07,1.4,-1.26,0.38,-1.26,0.1
4.55,2.952432432432432,6.3051351351351235,0.07621621621621599,-0.967837837837836,15.34054054054052,-1.8845675675676055,5.9496756756756355,-1.1081891891891884,11.92718918918921,7.659270270270257,-7.738891891891884,98.29829729729728,-16.29645945945946,99.64794594594593,0.8,0.65,0.15,0.65,0.5,1.0,0.45,0.11,0.45,0.88,0.9,-0.15,0.06,-0.15,0.91,1.7,-0.04,0.28,-0.04,1.69,0.1,-0.09,0.45,-0.09,0.0,2.8,-1.59,0.33,-1.59,2.31,0.9,0.26,0.07,0.26,0.68,1.1,-0.44,0.16,-0.44,1.03,1.1,-0.54,0.04,-0.54,0.9,1.5,-0.09,0.23,-0.09,1.46,0.1,0.0,0.04,0.0,0.07,1.4,-1.26,0.38,-1.26,0.1
4.6000000000000005,3.015405405405406,7.666486486486508,0.09135135135135156,-1.1970270270270313,18.11081081081086,2.151702702702721,10.217027027027035,-0.37956756756753307,9.75437837837832,9.326378378378408,-8.916972972972992,98.8971081081081,-18.292405405405432,100.58383783783785,0.8,0.65,0.15,0.65,0.5,1.0,0.45,0.11,0.45,0.88,0.9,-0.15,0.06,-0.15,0.91,1.7,-0.04,0.28,-0.04,1.69,0.1,-0.09,0.45,-0.09,0.0,2.8,-1.59,0.33,-1.59,2.31,0.9,0.26,0.07,0.26,0.68,1.1,-0.44,0.16,-0.44,1.03,1.1,-0.54,0.04,-0.54,0.9,1.5,-0.09,0.23,-0.09,1.46,0.1,0.0,0.04,0.0,0.07,1.4,-1.26,0.38,-1.26,0.1
4.65,3.06945945945946,9.036216216216236,0.10972972972973012,-1.4721621621621663,21.218918918918963,3.1847297297297406,10.496108108108109,1.85994594594598,5.906918918918861,11.16551351351354,-10.198648648648668,98.95094594594595,-19.859486486486507,100.934,0.8,0.65,0.15,0.65,0.5,1.0,0.45,0.11,0.45,0.88,0.9,-0.15,0.06,-0.15,0.91,1.7,-0.04,0.28,-0.04,1.69,0.1,-0.09,0.45,-0.09,0.0,2.8,-1.59,0.33,-1.59,2.31,0.9,0.26,0.07,0.26,0.68,1.1,-0.44,0.16,-0.44,1.03,1.1,-0.54,0.04,-0.54,0.9,1.5,-0.09,0.23,-0.09,1.46,0.1,0.0,0.04,0.0,0.07,1.4,-1.26,0.38,-1.26,0.1
4.7,3.131891891891892,10.414594594594591,0.12837837837837834,-1.7559459459459454,24.32702702702702,3.819324324324323,10.181432432432434,4.21032432432432,1.7231621621621702,13.023378378378375,-11.508081081081079,98.92032432432433,-21.31224324324324,101.19881081081081,0.8,0.65,0.15,0.65,0.5,1.0,0.45,0.11,0.45,0.88,0.9,-0.15,0.06,-0.15,0.91,1.7,-0.04,0.28,-0.04,1.69,0.1,-0.09,0.45,-0.09,0.0,2.8,-1.59,0.33,-1.59,2.31,0.9,0.26,0.07,0.26,0.68,1.1,-0.44,0.16,-0.44,1.03,1.1,-0.54,0.04,-0.54,0.9,1.5,-0.09,0.23,-0.09,1.46,0.1,0.0,0.04,0.0,0.07,1.4,-1.26,0.38,-1.26,0.1
4.75,3.199459459459459,11.781081081081073,0.14378378378378362,-2.0535135135135114,27.69729729729728,3.5667567567567553,8.20045945945947,6.724270270270248,-3.780810810810776,14.87345945945945,-12.980810810810802,98.64683783783785,-22.383108108108104,101.16248648648649,0.8,0.65,0.15,0.65,0.5,1.0,0.45,0.11,0.45,0.88,0.9,-0.15,0.06,-0.15,0.91,1.7,-0.04,0.28,-0.04,1.69,0.1,-0.09,0.45,-0.09,0.0,2.8,-1.59,0.33,-1.59,2.31,0.9,0.26,0.07,0.26,0.68,1.1,-0.44,0.16,-0.44,1.03,1.1,-0.54,0.04,-0.54,0.9,1.5,-0.09,0.23,-0.09,1.46,0.1,0.0,0.04,0.0,0.07,1.4,-1.26,0.38,-1.26,0.1
4.800000000000001,3.2733333333333343,13.155555555555575,0.1711111111111115,-2.373333333333338,30.28888888888892,3.855000000000005,6.716555555555537,10.449555555555609,-8.57500000000005,16.092888888888904,-14.420555555555575,98.47455555555555,-23.20666666666668,101.17711111111112,0.8,0.65,0.15,0.65,0.5,1.0,0.45,0.11,0.45,0.88,0.9,-0.15,0.06,-0.15,0.91,1.7,-0.04,0.28,-0.04,1.69,0.1,-0.09,0.45,-0.09,0.0,2.8,-1.59,0.33,-1.59,2.31,0.9,0.26,0.07,0.26,0.68,1.1,-0.44,0.16,-0.44,1.03,1.1,-0.54,0.04,-0.54,0.9,1.5,-0.09,0.23,-0.09,1.46,0.1,0.0,0.04,0.0,0.07,1.4,-1.26,0.38,-1.26,0.1
4.8500000000000005,3.355135135135136,14.528108108108128,0.2075675675675682,-2.7097297297297347,31.91891891891894,4.124729729729734,5.590621621621605,14.013243243243297,-10.757810810810833,16.6838918918919,-15.733432432432451,98.62721621621623,-24.321567567567588,101.58291891891892,0.8,0.65,0.15,0.65,0.5,1.0,0.45,0.11,0.45,0.88,0.9,-0.15,0.06,-0.15,0.91,1.7,-0.04,0.28,-0.04,1.69,0.1,-0.09,0.45,-0.09,0.0,2.8,-1.59,0.33,-1.59,2.31,0.9,0.26,0.07,0.26,0.68,1.1,-0.44,0.16,-0.44,1.03,1.1,-0.54,0.04,-0.54,0.9,1.5,-0.09,0.23,-0.09,1.46,0.1,0.0,0.04,0.0,0.07,1.4,-1.26,0.38,-1.26,0.1
4.9,3.4494444444444454,15.887777777777792,0.2,-3.049444444444448,33.27777777777779,4.363888888888892,5.488388888888888,17.461444444444485,-13.060111111111137,17.12016666666667,-16.476000000000006,98.48738888888889,-25.311444444444454,101.68977777777778,0.8,0.6361111111111104,0.13333333333333242,0.6361111111111104,0.5,1.0,0.31944444444443737,0.09333333333333244,0.31944444444443737,0.921666666666669,0.9,-0.1611111111111117,0.06555555555555585,-0.1611111111111117,0.9016666666666663,1.7277777777777792,-0.05666666666666757,0.2716666666666662,-0.05666666666666757,1.6983333333333337,0.1277777777777793,-0.09,0.4277777777777766,-0.09,0.016666666666667572,2.772222222222221,-1.5733333333333326,0.3383333333333338,-1.5733333333333326,2.2988888888888885,0.9277777777777793,0.28222222222222343,0.05888888888888829,0.28222222222222343,0.6911111111111118,1.0722222222222209,-0.44,0.19055555555555723,-0.44,0.991111111111109,1.1,-0.5261111111111104,0.028888888888888284,-0.5261111111111104,0.9222222222222234,1.5,-0.08166666666666621,0.22166666666666623,-0.08166666666666621,1.462777777777778,0.1,0.002777777777777929,0.03722222222222207,0.002777777777777929,0.07277777777777793,1.4,-1.2933333333333352,0.3911111111111117,-1.2933333333333352,0.11111111111111172
4.95,3.5518918918918923,17.25864864864865,0.2,-3.398648648648649,34.38918918918919,4.643432432432433,5.540594594594595,21.111810810810816,-15.315756756756759,17.45772972972973,-17.085864864864867,98.30205405405405,-26.274324324324326,101.75610810810811,0.8,0.6,0.09,0.6,0.5,1.0,-0.02,0.05,-0.02,1.03,0.9,-0.19,0.08,-0.19,0.88,1.8,-0.1,0.25,-0.1,1.72,0.2,-0.09,0.37,-0.09,0.06,2.7,-1.53,0.36,-1.53,2.27,1.0,0.34,0.03,0.34,0.72,1.0,-0.44,0.27,-0.44,0.89,1.1,-0.49,0.0,-0.49,0.98,1.5,-0.06,0.2,-0.06,1.47,0.1,0.01,0.03,0.01,0.08,1.4,-1.38,0.42,-1.38,0.14
5.0,3.652162162162163,18.626756756756766,0.21027027027027034,-3.7772972972972996,34.6,5.061594594594595,5.934162162162164,25.299756756756754,-17.13637837837839,17.422216216216214,-17.309027027027028,98.04708108108107,-27.174270270270277,101.74832432432433,0.8,0.6,0.09,0.6,0.5,1.0,-0.02,0.05,-0.02,1.03,0.9,-0.19,0.08,-0.19,0.88,1.8,-0.1,0.25,-0.1,1.72,0.2,-0.09,0.37,-0.09,0.06,2.7,-1.53,0.36,-1.53,2.27,1.0,0.34,0.03,0.34,0.72,1.0,-0.44,0.27,-0.44,0.89,1.1,-0.49,0.0,-0.49,0.98,1.5,-0.06,0.2,-0.06,1.47,0.1,0.01,0.03,0.01,0.08,1.4,-1.38,0.42,-1.38,0.14
5.050000000000001,3.757222222222224,19.975000000000026,0.22388888888888916,-4.152777777777786,34.6,5.2326111111111135,6.20244444444445,25.576222222222242,-18.667944444444487,17.39633333333333,-17.340555555555557,97.89727777777777,-28.412444444444464,101.9425,0.8,0.6,0.09,0.6,0.5,1.0,-0.02,0.05,-0.02,1.03,0.9,-0.19,0.08,-0.19,0.88,1.8,-0.1,0.25,-0.1,1.72,0.2,-0.09,0.37,-0.09,0.06,2.7,-1.53,0.36,-1.53,2.27,1.0,0.34,0.03,0.34,0.72,1.0,-0.44,0.27,-0.44,0.89,1.1,-0.49,0.0,-0.49,0.98,1.5,-0.06,0.2,-0.06,1.47,0.1,0.01,0.03,0.01,0.08,1.4,-1.38,0.42,-1.38,0.14
5.1000000000000005,3.8622222222222238,21.350000000000023,0.245555555555556,-4.5555555555555625,34.6,5.352444444444446,6.466555555555559,26.88444444444447,-21.04600000000004,17.452111111111112,-17.341333333333335,97.74922222222223,-29.439000000000014,102.0908888888889,0.8,0.6,0.09,0.6,0.5,1.0,-0.02,0.05,-0.02,1.03,0.9,-0.19,0.08,-0.19,0.88,1.8,-0.1,0.25,-0.1,1.72,0.2,-0.09,0.37,-0.09,0.06,2.7,-1.53,0.36,-1.53,2.27,1.0,0.34,0.03,0.34,0.72,1.0,-0.44,0.27,-0.44,0.89,1.1,-0.49,0.0,-0.49,0.98,1.5,-0.06,0.2,-0.06,1.47,0.1,0.01,0.03,0.01,0.08,1.4,-1.38,0.42,-1.38,0.14
5.15,3.959722222222224,22.68472222222224,0.2613888888888891,-4.963055555555561,35.06944444444446,5.404777777777782,6.540000000000001,27.33163888888889,-22.988361111111132,17.69016666666667,-17.54533333333334,97.67916666666667,-30.70519444444446,102.39711111111112,0.7861111111111092,0.5930555555555546,0.08305555555555456,0.5930555555555546,0.4986111111111109,1.0138888888888908,-0.04638888888889267,0.04583333333333274,-0.04638888888889267,1.0355555555555565,0.9,-0.2025000000000018,0.08416666666666726,-0.2025000000000018,0.8674999999999983,1.8138888888888909,-0.12222222222222541,0.23194444444444184,-0.12222222222222541,1.7408333333333363,0.22777777777778177,-0.06083333333332916,0.33249999999999463,-0.06083333333332916,0.09055555555555993,2.7,-1.5174999999999983,0.35722222222222183,-1.5174999999999983,2.2755555555555564,1.0,0.34694444444444544,0.035555555555556353,0.34694444444444544,0.7158333333333327,0.9861111111111092,-0.4205555555555528,0.28527777777777996,-0.4205555555555528,0.8691666666666636,1.1,-0.4316666666666583,0.0013888888888890878,-0.4316666666666583,0.9980555555555581,1.5,-0.06138888888888909,0.1888888888888873,-0.06138888888888909,1.4797222222222235,0.11388888888889089,0.012777777777778176,0.027222222222221825,0.012777777777778176,0.08277777777777817,1.4,-1.382777777777778,0.41305555555555457,-1.382777777777778,0.14833333333333454
5.2,4.0525714285714285,24.052,0.27542857142857147,-5.403714285714286,35.77142857142857,5.768142857142857,6.586742857142857,27.39794285714286,-24.447085714285716,18.0502,-17.939342857142858,97.57622857142857,-31.59942857142857,102.57088571428572,0.7,0.55,0.04,0.55,0.49,1.1,-0.21,0.02,-0.21,1.07,0.9,-0.28,0.11,-0.28,0.79,1.9,-0.26,0.12,-0.26,1.87,0.4,0.12,0.1,0.12,0.28,2.7,-1.44,0.34,-1.44,2.31,1.0,0.39,0.07,0.39,0.69,0.9,-0.3,0.38,-0.3,0.74,1.1,-0.07,0.01,-0.07,1.11,1.5,-0.07,0.12,-0.07,1.54,0.2,0.03,0.01,0.03,0.1,1.4,-1.4,0.37,-1.4,0.2
5.25,4.146111111111112,25.416111111111114,0.28,-5.852222222222224,36.56666666666667,6.2118333333333355,6.621722222222223,27.695944444444443,-25.680888888888894,18.450777777777777,-18.32788888888889,97.32544444444444,-32.538000000000004,102.62494444444445,0.7,0.55,0.04,0.55,0.49,1.1,-0.21,0.02,-0.21,1.07,0.9,-0.28,0.11,-0.28,0.79,1.9,-0.26,0.12,-0.26,1.87,0.4,0.12,0.1,0.12,0.28,2.7,-1.44,0.34,-1.44,2.31,1.0,0.39,0.07,0.39,0.69,0.9,-0.3,0.38,-0.3,0.74,1.1,-0.07,0.01,-0.07,1.11,1.5,-0.07,0.12,-0.07,1.54,0.2,0.03,0.01,0.03,0.1,1.4,-1.4,0.37,-1.4,0.2
5.300000000000001,4.240000000000001,26.753333333333348,0.2933333333333335,-6.310000000000006,37.13333333333334,6.704333333333339,6.650666666666665,28.823666666666675,-27.161000000000023,18.89233333333334,-18.519333333333336,97.10733333333333,-33.37133333333335,102.68666666666668,0.7,0.55,0.04,0.55,0.49,1.1,-0.21,0.02,-0.21,1.07,0.9,-0.28,0.11,-0.28,0.79,1.9,-0.26,0.12,-0.26,1.87,0.4,0.12,0.1,0.12,0.28,2.7,-1.44,0.34,-1.44,2.31,1.0,0.39,0.07,0.39,0.69,0.9,-0.3,0.38,-0.3,0.74,1.1,-0.07,0.01,-0.07,1.11,1.5,-0.07,0.12,-0.07,1.54,0.2,0.03,0.01,0.03,0.1,1.4,-1.4,0.37,-1.4,0.2
5.3500000000000005,4.323333333333334,28.09333333333334,0.3072222222222223,-6.775555555555559,37.616666666666674,7.029833333333335,6.5410555555555545,29.29027777777778,-28.946888888888903,19.465277777777782,-18.581944444444446,96.984,-34.433555555555564,102.91977777777778,0.7,0.55,0.04,0.55,0.49,1.1,-0.21,0.02,-0.21,1.07,0.9,-0.28,0.11,-0.28,0.79,1.9,-0.26,0.12,-0.26,1.87,0.4,0.12,0.1,0.12,0.28,2.7,-1.44,0.34,-1.44,2.31,1.0,0.39,0.07,0.39,0.69,0.9,-0.3,0.38,-0.3,0.74,1.1,-0.07,0.01,-0.07,1.11,1.5,-0.07,0.12,-0.07,1.54,0.2,0.03,0.01,0.03,0.1,1.4,-1.4,0.37,-1.4,0.2
5.4,4.3985714285714295,29.455714285714308,0.32857142857142835,-7.270000000000008,37.82857142857145,6.8984285714285685,6.435857142857148,29.478857142857148,-30.888000000000012,20.219142857142867,-18.460428571428565,96.89857142857143,-35.381857142857164,103.159,0.7,0.5485714285714284,0.038571428571428354,0.5485714285714284,0.49142857142857166,1.1,-0.21,0.02,-0.21,1.07,0.8857142857142836,-0.28142857142857164,0.11142857142857164,-0.28142857142857164,0.7842857142857135,1.9,-0.2785714285714314,0.12,-0.2785714285714314,1.8671428571428568,0.38571428571428357,0.11571428571428506,0.11142857142857318,0.11571428571428506,0.28142857142857164,2.7142857142857166,-1.427142857142855,0.31999999999999695,-1.427142857142855,2.3314285714285745,0.9857142857142835,0.3928571428571433,0.061428571428570125,0.3928571428571433,0.661428571428567,0.9,-0.2885714285714268,0.3714285714285701,-0.2885714285714268,0.7457142857142866,1.1142857142857165,-0.045714285714282016,0.02428571428571646,-0.045714285714282016,1.122857142857145,1.5142857142857165,-0.08285714285714482,0.10857142857142682,-0.08285714285714482,1.5485714285714298,0.2,0.03714285714285823,0.011428571428571645,0.03714285714285823,0.10714285714285823,1.4,-1.3928571428571417,0.3599999999999985,-1.3928571428571417,0.21000000000000155
5.45,4.477777777777778,30.79777777777778,0.3255555555555556,-7.764444444444447,38.766666666666666,6.6773333333333325,6.772555555555557,29.588444444444445,-31.458111111111112,20.870333333333335,-18.06511111111111,96.83822222222223,-36.632555555555555,103.53855555555556,0.7,0.54,0.03,0.54,0.5,1.1,-0.21,0.02,-0.21,1.07,0.8,-0.29,0.12,-0.29,0.75,1.9,-0.39,0.12,-0.39,1.85,0.3,0.09,0.18,0.09,0.29,2.8,-1.35,0.2,-1.35,2.46,0.9,0.41,0.01,0.41,0.49,0.9,-0.22,0.32,-0.22,0.78,1.2,0.1,0.11,0.1,1.2,1.6,-0.16,0.04,-0.16,1.6,0.2,0.08,0.02,0.08,0.15,1.4,-1.35,0.3,-1.35,0.27
5.5,4.548571428571428,32.14285714285714,0.3591428571428569,-8.269714285714281,38.31714285714286,6.426228571428574,7.157114285714283,29.532000000000004,-31.987799999999996,21.1298,-17.64354285714286,96.91674285714285,-37.34362857142857,103.86385714285714,0.7,0.54,0.03,0.54,0.5,1.1,-0.21,0.02,-0.21,1.07,0.8,-0.29,0.12,-0.29,0.75,1.9,-0.39,0.12,-0.39,1.85,0.3,0.09,0.18,0.09,0.29,2.8,-1.35,0.2,-1.35,2.46,0.9,0.41,0.01,0.41,0.49,0.9,-0.22,0.32,-0.22,0.78,1.2,0.1,0.11,0.1,1.2,1.6,-0.16,0.04,-0.16,1.6,0.2,0.08,0.02,0.08,0.15,1.4,-1.35,0.3,-1.35,0.27
5.550000000000001,4.593714285714285,33.45542857142859,0.37,-8.79485714285715,38.0,6.175885714285711,7.603914285714287,29.435742857142856,-33.35285714285716,21.283485714285717,-17.301542857142856,96.75074285714285,-38.03262857142858,103.95865714285715,0.7,0.54,0.03,0.54,0.5,1.1,-0.21,0.02,-0.21,1.07,0.8,-0.29,0.12,-0.29,0.75,1.9,-0.39,0.12,-0.39,1.85,0.3,0.09,0.18,0.09,0.29,2.8,-1.35,0.2,-1.35,2.46,0.9,0.41,0.01,0.41,0.49,0.9,-0.22,0.32,-0.22,0.78,1.2,0.1,0.11,0.1,1.2,1.6,-0.16,0.04,-0.16,1.6,0.2,0.08,0.02,0.08,0.15,1.4,-1.35,0.3,-1.35,0.27
5.6000000000000005,4.6,34.79764705882355,0.37,-9.377647058823536,38.247058823529414,5.918235294117643,7.601235294117646,29.337,-34.27505882352942,21.44094117647059,-17.352705882352943,96.61270588235294,-38.81247058823531,104.11864705882353,0.7,0.54,0.03,0.54,0.5,1.1,-0.21,0.02,-0.21,1.07,0.8,-0.29,0.12,-0.29,0.75,1.9,-0.39,0.12,-0.39,1.85,0.3,0.09,0.18,0.09,0.29,2.8,-1.35,0.2,-1.35,2.46,0.9,0.41,0.01,0.41,0.49,0.9,-0.22,0.32,-0.22,0.78,1.2,0.1,0.11,0.1,1.2,1.6,-0.16,0.04,-0.16,1.6,0.2,0.08,0.02,0.08,0.15,1.4,-1.35,0.3,-1.35,0.27
5.65,4.61,36.13352941176472,0.37,-9.95852941176471,38.55294117647059,5.66341176470588,7.493411764705882,29.239,-35.07464705882354,21.59658823529412,-17.49394117647059,96.48570588235295,-39.599264705882355,104.29635294117648,0.7,0.54,0.03,0.54,0.5,1.1264705882352952,-0.27617647058823813,0.04911764705882479,-0.27617647058823813,1.0779411764705886,0.8,-0.29,0.12,-0.29,0.75,1.9,-0.39,0.12,-0.39,1.85,0.3,0.09,0.18,0.09,0.29,2.8,-1.35,0.2,-1.35,2.46,0.9,0.41,0.01,0.41,0.49,0.9,-0.22,0.32,-0.22,0.78,1.2,0.1,0.11,0.1,1.2,1.6,-0.16,0.04,-0.16,1.6,0.2,0.08,0.02,0.08,0.15,1.4,-1.35,0.3,-1.35,0.27
5.7,4.61,37.46714285714286,0.37,-10.545714285714288,38.91428571428572,5.408285714285713,7.386142857142857,29.141142857142857,-35.877,21.75314285714286,-17.636000000000003,96.35814285714285,-40.38857142857143,104.48114285714286,0.7,0.54,0.03,0.54,0.5,1.2,-0.46,0.13,-0.46,1.1,0.8,-0.29,0.12,-0.29,0.75,1.9,-0.39,0.12,-0.39,1.85,0.3,0.09,0.18,0.09,0.29,2.8,-1.35,0.2,-1.35,2.46,0.9,0.41,0.01,0.41,0.49,0.9,-0.22,0.32,-0.22,0.78,1.2,0.1,0.11,0.1,1.2,1.6,-0.16,0.04,-0.16,1.6,0.2,0.08,0.02,0.08,0.15,1.4,-1.35,0.3,-1.35,0.27
5.75,4.62,38.806000000000004,0.37,-11.128571428571432,39.23428571428572,5.151828571428571,7.278142857142857,29.042514285714283,-36.682457142857146,21.910342857142858,-17.777628571428572,96.23008571428572,-41.18091428571429,104.67197142857142,0.7,0.54,0.03,0.54,0.5,1.2,-0.46,0.13,-0.46,1.1,0.8,-0.29,0.12,-0.29,0.75,1.9,-0.39,0.12,-0.39,1.85,0.3,0.09,0.18,0.09,0.29,2.8,-1.35,0.2,-1.35,2.46,0.9,0.41,0.01,0.41,0.49,0.9,-0.22,0.32,-0.22,0.78,1.2,0.1,0.11,0.1,1.2,1.6,-0.16,0.04,-0.16,1.6,0.2,0.08,0.02,0.08,0.15,1.4,-1.35,0.3,-1.35,0.27
5.800000000000001,4.62,40.12823529411767,0.37,-11.713235294117657,39.58529411764707,4.897911764705878,7.17091176470588,28.94561764705882,-37.47932352941178,22.065705882352944,-17.917911764705885,96.10364705882353,-41.96538235294119,104.867,0.7,0.54,0.03,0.54,0.5,1.2,-0.46,0.13,-0.46,1.1,0.8,-0.29,0.12,-0.29,0.75,1.9,-0.39,0.12,-0.39,1.85,0.3,0.09,0.18,0.09,0.29,2.8,-1.35,0.2,-1.35,2.46,0.9,0.41,0.01,0.41,0.49,0.9,-0.22,0.32,-0.22,0.78,1.2,0.1,0.11,0.1,1.2,1.6,-0.16,0.04,-0.16,1.6,0.2,0.08,0.02,0.08,0.15,1.4,-1.35,0.3,-1.35,0.27
5.8500000000000005,4.63,41.478,0.37,-12.304285714285715,39.925714285714285,4.640085714285713,7.062657142857143,28.846257142857144,-38.28714285714286,22.22317142857143,-18.060314285714284,95.97545714285715,-42.76037142857143,105.07008571428572,0.7,0.54,0.03,0.54,0.5,1.2,-0.46,0.13,-0.46,1.1,0.8,-0.29,0.12,-0.29,0.75,1.9,-0.39,0.12,-0.39,1.85,0.3,0.09,0.18,0.09,0.29,2.8,-1.35,0.2,-1.35,2.46,0.9,0.41,0.01,0.41,0.49,0.9,-0.22,0.32,-0.22,0.78,1.2,0.1,0.11,0.1,1.2,1.6,-0.16,0.04,-0.16,1.6,0.2,0.08,0.02,0.08,0.15,1.4,-1.35,0.3,-1.35,0.27
5.9,4.63,42.791764705882365,0.37,-12.881764705882357,40.305882352941175,4.388352941176469,6.955823529411764,28.749529411764705,-39.08011764705883,22.37764705882353,-18.200352941176472,95.84894117647059,-43.54035294117647,105.27523529411765,0.7,0.54,0.03,0.54,0.5,1.2,-0.46,0.13,-0.46,1.1,0.8,-0.29,0.12,-0.29,0.75,1.9,-0.39,0.12,-0.39,1.85,0.3,0.09,0.18,0.09,0.29,2.8,-1.35,0.2,-1.35,2.46,0.9,0.41,0.01,0.41,0.49,0.9,-0.22,0.32,-0.22,0.78,1.2,0.1,0.11,0.1,1.2,1.6,-0.16,0.04,-0.16,1.6,0.2,0.08,0.02,0.08,0.15,1.4,-1.35,0.3,-1.35,0.27
5.95,4.63,44.13,0.37,-13.47,40.6,4.131,6.848,28.651,-39.886,22.535,-18.343,95.721,-44.333,105.489,0.7,0.46,0.05,0.46,0.48,1.2,-0.49,0.1,-0.49,1.04,0.9,-0.27,0.05,-0.27,0.79,1.8,-0.64,0.23,-0.64,1.65,0.3,0.06,0.11,0.06,0.29,2.8,-1.3,0.15,-1.3,2.52,0.8,0.36,0.09,0.36,0.32,1.2,-0.4,0.02,-0.4,1.05,1.3,0.1,0.16,0.1,1.24,1.6,-0.23,0.09,-0.23,1.54,0.2,0.09,0.03,0.09,0.17,1.5,-1.32,0.27,-1.32,0.31
6.0,4.6245714285714286,45.46057142857143,0.37,-14.04742857142857,40.99142857142857,3.8770000000000002,6.740171428571429,28.553914285714285,-40.68488571428571,22.690371428571428,-18.48334285714286,95.59422857142857,-45.119771428571426,105.70794285714285,0.7,0.46,0.05,0.46,0.48,1.2,-0.49,0.1,-0.49,1.04,0.9,-0.27,0.05,-0.27,0.79,1.8,-0.64,0.23,-0.64,1.65,0.3,0.06,0.11,0.06,0.29,2.8,-1.3,0.15,-1.3,2.52,0.8,0.36,0.09,0.36,0.32,1.2,-0.4,0.02,-0.4,1.05,1.3,0.1,0.16,0.1,1.24,1.6,-0.23,0.09,-0.23,1.54,0.2,0.09,0.03,0.09,0.17,1.5,-1.32,0.27,-1.32,0.31
6.050000000000001,4.63,46.798823529411784,0.37,-14.63470588235295,41.28235294117647,3.645235294117644,6.587852941176468,28.491470588235295,-41.387000000000015,22.826500000000003,-18.625352941176473,95.47588235294117,-45.924588235294124,105.94691176470589,0.7,0.46,0.05,0.46,0.48,1.2,-0.49,0.1,-0.49,1.04,0.9,-0.27,0.05,-0.27,0.79,1.8,-0.64,0.23,-0.64,1.65,0.3,0.06,0.11,0.06,0.29,2.8,-1.3,0.15,-1.3,2.52,0.8,0.36,0.09,0.36,0.32,1.2,-0.4,0.02,-0.4,1.05,1.3,0.1,0.16,0.1,1.24,1.6,-0.23,0.09,-0.23,1.54,0.2,0.09,0.03,0.09,0.17,1.5,-1.32,0.27,-1.32,0.31
6.1000000000000005,4.579411764705882,48.11117647058825,0.37,-15.27882352941177,41.4,3.6982941176470594,5.982647058823525,28.84652941176471,-40.72123529411763,22.719352941176467,-18.713823529411762,95.45194117647058,-46.84123529411766,106.32988235294118,0.7,0.46,0.05,0.46,0.48,1.2,-0.49,0.1,-0.49,1.04,0.9,-0.27,0.05,-0.27,0.79,1.8,-0.64,0.23,-0.64,1.65,0.3,0.06,0.11,0.06,0.29,2.8,-1.3,0.15,-1.3,2.52,0.8,0.36,0.09,0.36,0.32,1.2,-0.4,0.02,-0.4,1.05,1.3,0.1,0.16,0.1,1.24,1.6,-0.23,0.09,-0.23,1.54,0.2,0.09,0.03,0.09,0.17,1.5,-1.32,0.27,-1.32,0.31
6.15,4.528,49.42800000000001,0.3619999999999999,-15.930000000000005,41.24,3.7692000000000005,5.645599999999998,29.230000000000004,-39.36359999999999,22.596999999999998,-18.5446,95.3856,-47.595400000000005,106.6066,0.7,0.46,0.05,0.46,0.48,1.2,-0.49,0.1,-0.49,1.04,0.9,-0.27,0.05,-0.27,0.79,1.8,-0.64,0.23,-0.64,1.65,0.3,0.06,0.11,0.06,0.29,2.8,-1.3,0.15,-1.3,2.52,0.8,0.36,0.09,0.36,0.32,1.2,-0.4,0.02,-0.4,1.05,1.3,0.1,0.16,0.1,1.24,1.6,-0.23,0.09,-0.23,1.54,0.2,0.09,0.03,0.09,0.17,1.5,-1.32,0.27,-1.32,0.31
6.2,4.472058823529411,50.75823529411766,0.3473529411764705,-16.59176470588236,40.89411764705882,3.8409705882352947,5.597235294117647,29.61535294117647,-38.532176470588226,22.47476470588235,-18.22447058823529,95.29394117647058,-48.228058823529416,106.8084411764706,0.7,0.41,0.08,0.41,0.48,1.1,-0.47,0.02,-0.47,0.95,0.9,-0.28,0.0,-0.28,0.82,1.8,-0.82,0.18,-0.82,1.6,0.4,0.0,0.06,0.0,0.24,2.6,-1.14,0.29,-1.14,2.38,0.6,0.3,0.28,0.3,0.02,1.4,-0.59,0.22,-0.59,1.23,1.3,-0.01,0.17,-0.01,1.25,1.4,-0.3,0.24,-0.3,1.34,0.2,0.09,0.06,0.09,0.2,1.5,-1.4,0.26,-1.4,0.33
6.25,4.420588235294118,52.08911764705882,0.34,-17.268235294117645,40.30588235294118,3.879205882352941,5.6222352941176466,30.052852941176468,-37.425558823529414,22.388735294117648,-17.982558823529413,95.12482352941176,-48.57438235294117,106.81211764705883,0.7,0.41,0.08,0.41,0.48,1.1,-0.47,0.02,-0.47,0.95,0.9,-0.28,0.0,-0.28,0.82,1.8,-0.82,0.18,-0.82,1.6,0.4,0.0,0.06,0.0,0.24,2.6,-1.14,0.29,-1.14,2.38,0.6,0.3,0.28,0.3,0.02,1.4,-0.59,0.22,-0.59,1.23,1.3,-0.01,0.17,-0.01,1.25,1.4,-0.3,0.24,-0.3,1.34,0.2,0.09,0.06,0.09,0.2,1.5,-1.4,0.26,-1.4,0.33
6.300000000000001,4.371764705882352,53.41529411764707,0.32794117647058807,-17.946764705882362,40.07941176470588,3.780088235294118,5.586676470588232,30.725941176470595,-37.33579411764706,22.509000000000004,-17.73447058823529,94.94517647058824,-49.0939411764706,106.88861764705882,0.7,0.41,0.08,0.41,0.48,1.1,-0.47,0.02,-0.47,0.95,0.9,-0.28,0.0,-0.28,0.82,1.8,-0.82,0.18,-0.82,1.6,0.4,0.0,0.06,0.0,0.24,2.6,-1.14,0.29,-1.14,2.38,0.6,0.3,0.28,0.3,0.02,1.4,-0.59,0.22,-0.59,1.23,1.3,-0.01,0.17,-0.01,1.25,1.4,-0.3,0.24,-0.3,1.34,0.2,0.09,0.06,0.09,0.2,1.5,-1.4,0.26,-1.4,0.33
6.3500000000000005,4.306176470588234,54.73882352941178,0.32,-18.64470588235295,40.0,3.8183823529411773,5.377441176470585,31.295676470588244,-37.59317647058824,22.82388235294118,-17.54,94.80620588235294,-49.73261764705883,107.06129411764707,0.7,0.41,0.08,0.41,0.48,1.1,-0.47,0.02,-0.47,0.95,0.9,-0.28,0.0,-0.28,0.82,1.8,-0.82,0.18,-0.82,1.6,0.4,0.0,0.06,0.0,0.24,2.6,-1.14,0.29,-1.14,2.38,0.6,0.3,0.28,0.3,0.02,1.4,-0.59,0.22,-0.59,1.23,1.3,-0.01,0.17,-0.01,1.25,1.4,-0.3,0.24,-0.3,1.34,0.2,0.09,0.06,0.09,0.2,1.5,-1.4,0.26,-1.4,0.33
6.4,4.211176470588234,56.04088235294119,0.30852941176470566,-19.37205882352942,40.22941176470589,3.8745882352941186,5.314058823529411,31.844852941176477,-38.05958823529412,23.154941176470594,-17.495529411764707,94.7305294117647,-50.36379411764707,107.2889705882353,0.7,0.41,0.08,0.41,0.48,1.1,-0.47,0.02,-0.47,0.95,0.9,-0.28,0.0,-0.28,0.82,1.8,-0.82,0.18,-0.82,1.6,0.4,0.0,0.06,0.0,0.24,2.6,-1.14,0.29,-1.14,2.38,0.6,0.3,0.28,0.3,0.02,1.4,-0.59,0.22,-0.59,1.23,1.3,-0.01,0.17,-0.01,1.25,1.4,-0.3,0.24,-0.3,1.34,0.2,0.09,0.06,0.09,0.2,1.5,-1.4,0.26,-1.4,0.33
6.45,4.129117647058823,57.349705882352936,0.2938235294117647,-20.098823529411764,40.58529411764706,3.930470588235294,5.284029411764705,32.393382352941174,-38.56485294117647,23.484970588235296,-17.480823529411765,94.66582352941177,-50.991735294117646,107.52929411764705,0.7,0.41,0.08,0.41,0.48,1.1,-0.47,0.02,-0.47,0.95,0.9,-0.28,0.0,-0.28,0.82,1.8,-0.82,0.18,-0.82,1.6,0.4,0.0,0.06,0.0,0.24,2.6,-1.14,0.29,-1.14,2.38,0.6,0.3,0.28,0.3,0.02,1.4,-0.59,0.22,-0.59,1.23,1.3,-0.01,0.17,-0.01,1.25,1.4,-0.3,0.24,-0.3,1.34,0.2,0.09,0.06,0.09,0.2,1.5,-1.4,0.26,-1.4,0.33
6.5,4.045294117647059,58.67470588235293,0.27882352941176486,-20.847647058823522,40.923529411764704,3.9884705882352938,5.25364705882353,32.952764705882345,-39.080352941176464,23.821470588235293,-17.465823529411765,94.59982352941176,-51.63211764705882,107.77664705882353,0.7,0.41,0.08,0.41,0.48,1.1,-0.47,0.02,-0.47,0.95,0.9,-0.28,0.0,-0.28,0.82,1.8,-0.82,0.18,-0.82,1.6,0.4,0.0,0.06,0.0,0.24,2.6,-1.14,0.29,-1.14,2.38,0.6,0.3,0.28,0.3,0.02,1.4,-0.59,0.22,-0.59,1.23,1.3,-0.01,0.17,-0.01,1.25,1.4,-0.3,0.24,-0.3,1.34,0.2,0.09,0.06,0.09,0.2,1.5,-1.4,0.26,-1.4,0.33
6.550000000000001,3.9805882352941167,59.97764705882355,0.26411764705882335,-21.574117647058834,41.2764705882353,4.044352941176471,5.223647058823529,33.50041176470589,-39.585352941176474,24.151764705882357,-17.451117647058823,94.53570588235294,-52.259176470588244,108.02341176470588,0.7,0.41,0.08,0.41,0.48,1.1,-0.47,0.02,-0.47,0.95,0.9,-0.28,0.0,-0.28,0.82,1.8,-0.82,0.18,-0.82,1.6,0.4,0.0,0.06,0.0,0.24,2.6,-1.14,0.29,-1.14,2.38,0.6,0.3,0.28,0.3,0.02,1.4,-0.59,0.22,-0.59,1.23,1.3,-0.01,0.17,-0.01,1.25,1.4,-0.3,0.24,-0.3,1.34,0.2,0.09,0.06,0.09,0.2,1.5,-1.4,0.26,-1.4,0.33
6.6000000000000005,3.9181818181818175,61.283333333333346,0.2487878787878784,-22.30969696969698,41.61212121212122,4.100363636363637,5.193787878787878,34.04854545454547,-40.090787878787886,24.48157575757576,-17.43639393939394,94.47133333333333,-52.886818181818185,108.27242424242425,0.7,0.41,0.08,0.41,0.48,1.1,-0.47,0.02,-0.47,0.95,0.9,-0.28,0.0,-0.28,0.82,1.8,-0.82,0.18,-0.82,1.6,0.4,0.0,0.06,0.0,0.24,2.6,-1.14,0.29,-1.14,2.38,0.6,0.3,0.28,0.3,0.02,1.4,-0.59,0.22,-0.59,1.23,1.3,-0.01,0.17,-0.01,1.25,1.4,-0.3,0.24,-0.3,1.34,0.2,0.09,0.06,0.09,0.2,1.5,-1.4,0.26,-1.4,0.33
6.65,3.873235294117647,62.60735294117648,0.22441176470588228,-23.049411764705887,41.96764705882353,4.158235294117647,5.163823529411765,34.60644117647059,-40.60467647058824,24.817176470588237,-17.421411764705883,94.40597058823529,-53.52561764705882,108.53011764705882,0.7,0.41,0.08,0.41,0.48,1.1,-0.47,0.02,-0.47,0.95,0.9,-0.28,0.0,-0.28,0.82,1.8,-0.82,0.18,-0.82,1.6,0.4,0.0,0.06,0.0,0.24,2.6,-1.14,0.29,-1.14,2.38,0.6,0.3,0.28,0.3,0.02,1.4,-0.59,0.22,-0.59,1.23,1.3,-0.01,0.17,-0.01,1.25,1.4,-0.3,0.24,-0.3,1.34,0.2,0.09,0.06,0.09,0.2,1.5,-1.4,0.26,-1.4,0.33
6.7,3.829393939393939,63.90696969696971,0.2096969696969696,-23.78484848484849,42.306060606060605,4.214151515151515,5.133393939393939,35.15427272727273,-41.110393939393944,25.14778787878788,-17.40669696969697,94.34166666666667,-54.1529090909091,108.78533333333334,0.6,0.3,0.16,0.3,0.43,0.9,-0.35,0.21,-0.35,0.72,1.0,-0.27,0.08,-0.27,0.86,2.0,-0.76,0.01,-0.76,1.78,0.8,-0.15,0.37,-0.15,0.53,2.4,-1.06,0.4,-1.06,2.19,0.5,-0.14,0.37,-0.14,0.17,1.8,-1.04,0.57,-1.04,1.33,1.3,-0.02,0.18,-0.02,1.25,1.3,-0.27,0.28,-0.27,1.26,0.2,0.05,0.06,0.05,0.22,1.5,-1.4,0.19,-1.4,0.3
6.75,3.7994117647058823,65.23588235294118,0.1947058823529412,-24.52470588235294,42.65882352941176,4.27164705882353,5.103411764705882,35.71194117647059,-41.62458823529412,25.483588235294114,-17.39170588235294,94.27570588235294,-54.79152941176471,109.04970588235294,0.6,0.3,0.16,0.3,0.43,0.9,-0.35,0.21,-0.35,0.72,1.0,-0.27,0.08,-0.27,0.86,2.0,-0.76,0.01,-0.76,1.78,0.8,-0.15,0.37,-0.15,0.53,2.4,-1.06,0.4,-1.06,2.19,0.5,-0.14,0.37,-0.14,0.17,1.8,-1.04,0.57,-1.04,1.33,1.3,-0.02,0.18,-0.02,1.25,1.3,-0.27,0.28,-0.27,1.26,0.2,0.05,0.06,0.05,0.22,1.5,-1.4,0.19,-1.4,0.3
6.800000000000001,3.78,66.53000000000003,0.17999999999999972,-25.250000000000014,43.00000000000001,4.328000000000001,5.073999999999999,36.25900000000001,-42.129000000000005,25.813000000000006,-17.377,94.212,-55.41800000000001,109.311,0.6,0.3,0.16,0.3,0.43,0.9,-0.35,0.21,-0.35,0.72,1.0,-0.27,0.08,-0.27,0.86,2.0,-0.76,0.01,-0.76,1.78,0.8,-0.15,0.37,-0.15,0.53,2.4,-1.06,0.4,-1.06,2.19,0.5,-0.14,0.37,-0.14,0.17,1.8,-1.04,0.57,-1.04,1.33,1.3,-0.02,0.18,-0.02,1.25,1.3,-0.27,0.28,-0.27,1.26,0.2,0.05,0.06,0.05,0.22,1.5,-1.4,0.19,-1.4,0.3
6.8500000000000005,3.7699999999999996,67.86000000000001,0.16499999999999987,-26.005000000000006,43.50000000000001,4.263499999999997,5.000999999999999,36.658500000000004,-42.64750000000001,26.206500000000005,-17.487500000000004,94.1635,-56.078,109.6075,0.6,0.3,0.16,0.3,0.43,0.9,-0.35,0.21,-0.35,0.72,1.0,-0.27,0.08,-0.27,0.86,2.0,-0.76,0.01,-0.76,1.78,0.8,-0.15,0.37,-0.15,0.53,2.4,-1.06,0.4,-1.06,2.19,0.5,-0.14,0.37,-0.14,0.17,1.8,-1.04,0.57,-1.04,1.33,1.3,-0.02,0.18,-0.02,1.25,1.3,-0.27,0.28,-0.27,1.26,0.2,0.05,0.06,0.05,0.22,1.5,-1.4,0.19,-1.4,0.3
6.9,3.73,69.17,0.14,-26.77,44.7,3.745,4.765,36.486,-43.177,26.809,-18.062,94.182,-56.813,110.004,0.6,0.3,0.16,0.3,0.43,0.9,-0.35,0.21,-0.35,0.72,1.0,-0.27,0.08,-0.27,0.86,2.0,-0.76,0.01,-0.76,1.78,0.8,-0.15,0.37,-0.15,0.53,2.4,-1.06,0.4,-1.06,2.19,0.5,-0.14,0.37,-0.14,0.17,1.8,-1.04,0.57,-1.04,1.33,1.3,-0.02,0.18,-0.02,1.25,1.3,-0.27,0.28,-0.27,1.26,0.2,0.05,0.06,0.05,0.22,1.5,-1.4,0.19,-1.4,0.3
6.95,3.679393939393939,70.47303030303031,0.11969696969696961,-27.57818181818182,45.403030303030306,3.2201212121212115,4.304727272727272,37.026787878787886,-43.33869696969697,27.07169696969697,-18.425121212121212,94.26027272727273,-57.44763636363636,110.40169696969697,0.5,0.26,0.19,0.26,0.39,0.8,-0.36,0.29,-0.36,0.61,1.0,-0.26,0.12,-0.26,0.88,2.0,-0.73,0.09,-0.73,1.88,0.8,-0.15,0.37,-0.15,0.53,2.4,-1.06,0.4,-1.06,2.19,0.5,-0.14,0.37,-0.14,0.17,1.8,-1.12,0.55,-1.12,1.26,1.3,-0.02,0.18,-0.02,1.25,1.3,-0.27,0.28,-0.27,1.26,0.2,0.05,0.06,0.05,0.22,1.5,-1.4,0.19,-1.4,0.3
7.0,3.59875,71.77656250000001,0.08937499999999979,-28.406875000000007,45.190625,3.249187500000001,4.100999999999999,37.255218750000004,-42.83965625,26.86659375,-18.40171875,94.240125,-57.94765625000001,110.64634375,0.5,0.26,0.19,0.26,0.39,0.8,-0.36,0.29,-0.36,0.61,1.0,-0.26,0.12,-0.26,0.88,2.0,-0.73,0.09,-0.73,1.88,0.8,-0.15,0.37,-0.15,0.53,2.4,-1.06,0.4,-1.06,2.19,0.5,-0.14,0.37,-0.14,0.17,1.8,-1.12,0.55,-1.12,1.26,1.3,-0.02,0.18,-0.02,1.25,1.3,-0.27,0.28,-0.27,1.26,0.2,0.05,0.06,0.05,0.22,1.5,-1.4,0.19,-1.4,0.3
7.050000000000001,3.536969696969696,73.09515151515153,0.058484848484848,-29.24666666666668,44.72727272727272,3.4061515151515174,3.9527272727272704,37.41430303030303,-42.18015151515151,26.549969696969693,-18.288969696969694,94.19630303030303,-58.4249090909091,110.8610303030303,0.5,0.26,0.19,0.26,0.39,0.8,-0.36,0.29,-0.36,0.61,1.0,-0.26,0.12,-0.26,0.88,2.0,-0.73,0.09,-0.73,1.88,0.8,-0.15,0.37,-0.15,0.53,2.4,-1.06,0.4,-1.06,2.19,0.5,-0.14,0.37,-0.14,0.17,1.8,-1.12,0.55,-1.12,1.26,1.3,-0.02,0.18,-0.02,1.25,1.3,-0.27,0.28,-0.27,1.26,0.2,0.05,0.06,0.05,0.22,1.5,-1.4,0.19,-1.4,0.3
7.1000000000000005,3.4771875,74.38968750000001,0.03812499999999988,-30.080625000000005,44.371874999999996,3.560468750000001,3.8069999999999995,37.57065625,-41.53196875,26.23878125,-18.178156249999997,94.15337500000001,-58.893968750000006,111.073125,0.5,0.26,0.19,0.26,0.39,0.8,-0.36,0.29,-0.36,0.61,1.0,-0.26,0.12,-0.26,0.88,2.0,-0.73,0.09,-0.73,1.88,0.8,-0.15,0.37,-0.15,0.53,2.4,-1.06,0.4,-1.06,2.19,0.5,-0.14,0.37,-0.14,0.17,1.8,-1.12,0.55,-1.12,1.26,1.3,-0.02,0.18,-0.02,1.25,1.3,-0.27,0.28,-0.27,1.26,0.2,0.05,0.06,0.05,0.22,1.5,-1.4,0.19,-1.4,0.3
7.15,3.4309090909090902,75.70090909090911,0.007272727272726931,-30.92000000000001,43.9090909090909,3.716272727272729,3.6589090909090896,37.72954545454546,-40.87390909090909,25.92254545454545,-18.065545454545454,94.10954545454545,-59.370636363636365,111.29036363636364,0.5,0.26,0.19,0.26,0.39,0.8,-0.36,0.29,-0.36,0.61,1.0,-0.26,0.12,-0.26,0.88,2.0,-0.73,0.09,-0.73,1.88,0.8,-0.15,0.37,-0.15,0.53,2.4,-1.06,0.4,-1.06,2.19,0.5,-0.14,0.37,-0.14,0.17,1.8,-1.12,0.55,-1.12,1.26,1.3,-0.02,0.18,-0.02,1.25,1.3,-0.27,0.28,-0.27,1.26,0.2,0.05,0.06,0.05,0.22,1.5,-1.4,0.19,-1.4,0.3
7.2,3.396363636363636,77.02454545454546,-0.023636363636363733,-31.76,43.445454545454545,3.873363636363637,3.510545454545454,37.88872727272727,-40.21454545454545,25.605727272727272,-17.95372727272727,94.06590909090909,-59.84818181818182,111.50981818181818,0.5,0.2,0.23,0.2,0.34,0.8,-0.4,0.29,-0.4,0.56,1.0,-0.22,0.1,-0.22,0.88,2.1,-0.66,0.15,-0.66,1.95,1.2,-0.3,0.7,-0.3,1.0,2.2,-1.2,0.52,-1.2,1.85,0.5,-0.37,0.28,-0.37,0.14,1.8,-1.2,0.53,-1.2,1.21,1.5,-0.06,0.33,-0.06,1.45,1.2,-0.22,0.31,-0.22,1.21,0.2,-0.02,0.06,-0.02,0.23,1.4,-1.34,0.08,-1.34,0.3
7.25,3.3728125,78.33093749999999,-0.05437499999999979,-32.6053125,43.056250000000006,4.029312499999999,3.363000000000001,38.047031249999996,-39.55909375,25.29065625,-17.841531250000003,94.022875,-60.32309374999999,111.7295,0.5,0.2,0.23,0.2,0.34,0.8,-0.4,0.29,-0.4,0.56,1.0,-0.22,0.1,-0.22,0.88,2.1,-0.66,0.15,-0.66,1.95,1.2,-0.3,0.7,-0.3,1.0,2.2,-1.2,0.52,-1.2,1.85,0.5,-0.37,0.28,-0.37,0.14,1.8,-1.2,0.53,-1.2,1.21,1.5,-0.06,0.33,-0.06,1.45,1.2,-0.22,0.31,-0.22,1.21,0.2,-0.02,0.06,-0.02,0.23,1.4,-1.34,0.08,-1.34,0.3
7.300000000000001,3.36,79.62848484848487,-0.08484848484848534,-33.433333333333344,42.627272727272725,4.18348484848485,3.2177272727272705,38.202969696969696,-38.90872727272726,24.978303030303024,-17.73030303030303,93.97921212121213,-60.7939090909091,111.9489090909091,0.5,0.2,0.23,0.2,0.34,0.8,-0.4,0.29,-0.4,0.56,1.0,-0.22,0.1,-0.22,0.88,2.1,-0.66,0.15,-0.66,1.95,1.2,-0.3,0.7,-0.3,1.0,2.2,-1.2,0.52,-1.2,1.85,0.5,-0.37,0.28,-0.37,0.14,1.8,-1.2,0.53,-1.2,1.21,1.5,-0.06,0.33,-0.06,1.45,1.2,-0.22,0.31,-0.22,1.21,0.2,-0.02,0.06,-0.02,0.23,1.4,-1.34,0.08,-1.34,0.3
7.3500000000000005,3.36,80.9440625,-0.1078125000000001,-34.27187500000001,42.165625,4.339687500000001,3.069999999999999,38.36146875,-38.253187499999996,24.663624999999996,-17.61796875,93.936125,-61.268625,112.1720625,0.5,0.2,0.23,0.2,0.34,0.8,-0.4,0.29,-0.4,0.56,1.0,-0.22,0.1,-0.22,0.88,2.1,-0.66,0.15,-0.66,1.95,1.2,-0.3,0.7,-0.3,1.0,2.2,-1.2,0.52,-1.2,1.85,0.5,-0.37,0.28,-0.37,0.14,1.8,-1.2,0.53,-1.2,1.21,1.5,-0.06,0.33,-0.06,1.45,1.2,-0.22,0.31,-0.22,1.21,0.2,-0.02,0.06,-0.02,0.23,1.4,-1.34,0.08,-1.34,0.3
7.4,3.3731250000000004,82.24562500000002,-0.13625000000000043,-35.11187500000001,41.80624999999999,4.4945625000000025,2.922999999999998,38.5191875,-37.600562499999995,24.349937499999996,-17.5071875,93.89225,-61.74125000000001,112.3949375,0.5,0.19062499999999938,0.23312500000000022,0.19062499999999938,0.32124999999999876,0.8,-0.41250000000000087,0.2743749999999989,-0.41250000000000087,0.5568749999999998,1.0,-0.20749999999999916,0.1,-0.20749999999999916,0.8862500000000004,2.1,-0.6568749999999999,0.1531250000000002,-0.6568749999999999,1.9437499999999996,1.2,-0.27499999999999836,0.6906249999999994,-0.27499999999999836,1.028125000000002,2.2,-1.2093750000000005,0.5168749999999998,-1.2093750000000005,1.8281249999999987,0.5625000000000041,-0.4106250000000027,0.22374999999999629,-0.4106250000000027,0.12124999999999876,1.768749999999998,-1.1781249999999985,0.4706249999999961,-1.1781249999999985,1.1662499999999971,1.5,-0.07562500000000104,0.31749999999999917,-0.07562500000000104,1.45,1.2,-0.19812499999999855,0.31937500000000063,-0.19812499999999855,1.1974999999999991,0.2312500000000021,-0.048125000000001875,0.08187500000000146,-0.048125000000001875,0.24562500000000106,1.4,-1.324374999999999,0.06124999999999875,-1.324374999999999,0.3093750000000006
7.45,3.396969696969697,83.55121212121213,-0.16696969696969707,-35.94818181818182,41.43030303030303,4.68448484848485,2.742454545454545,38.8309696969697,-36.80978787878787,24.146212121212123,-17.375545454545456,93.84924242424242,-62.20584848484849,112.61648484848486,0.5,0.17,0.24,0.17,0.28,0.8,-0.44,0.24,-0.44,0.55,1.0,-0.18,0.1,-0.18,0.9,2.1,-0.65,0.16,-0.65,1.93,1.2,-0.22,0.67,-0.22,1.09,2.2,-1.23,0.51,-1.23,1.78,0.7,-0.5,0.1,-0.5,0.08,1.7,-1.13,0.34,-1.13,1.07,1.5,-0.11,0.29,-0.11,1.45,1.2,-0.15,0.34,-0.15,1.17,0.3,-0.11,0.13,-0.11,0.28,1.4,-1.29,0.02,-1.29,0.33
7.5,3.4,84.86125,-0.2021874999999999,-36.8215625,41.740625,5.087375,2.2900312500000006,40.26559375,-34.995843750000006,24.947624999999995,-17.10271875,93.78546874999999,-62.568124999999995,112.76356249999999,0.5,0.17,0.24,0.17,0.28,0.8,-0.44,0.24,-0.44,0.55,1.0,-0.18,0.1,-0.18,0.9,2.1,-0.65,0.16,-0.65,1.93,1.2,-0.22,0.67,-0.22,1.09,2.2,-1.23,0.51,-1.23,1.78,0.7,-0.5,0.1,-0.5,0.08,1.7,-1.13,0.34,-1.13,1.07,1.5,-0.11,0.29,-0.11,1.45,1.2,-0.15,0.34,-0.15,1.17,0.3,-0.11,0.13,-0.11,0.28,1.4,-1.29,0.02,-1.29,0.33
7.550000000000001,3.3903125,86.17375000000001,-0.23937500000000034,-37.712187500000006,41.8,5.161,1.8584999999999954,40.97825,-33.76253124999999,26.084281250000014,-16.931812499999996,93.63618749999999,-62.84646875,112.78771875,0.5,0.17,0.24,0.17,0.28,0.8,-0.44,0.24,-0.44,0.55,1.0,-0.18,0.1,-0.18,0.9,2.1,-0.65,0.16,-0.65,1.93,1.2,-0.22,0.67,-0.22,1.09,2.2,-1.23,0.51,-1.23,1.78,0.7,-0.5,0.1,-0.5,0.08,1.7,-1.13,0.34,-1.13,1.07,1.5,-0.11,0.29,-0.11,1.45,1.2,-0.15,0.34,-0.15,1.17,0.3,-0.11,0.13,-0.11,0.28,1.4,-1.29,0.02,-1.29,0.33
7.6000000000000005,3.420000000000001,87.46000000000002,-0.26000000000000056,-38.57500000000002,44.05000000000003,5.050499999999994,1.2489999999999881,41.311499999999995,-33.65800000000001,27.22050000000002,-17.029500000000002,93.7715,-63.689000000000014,113.37200000000001,0.5,0.17,0.24,0.17,0.28,0.8,-0.44,0.24,-0.44,0.55,1.0,-0.18,0.1,-0.18,0.9,2.1,-0.65,0.16,-0.65,1.93,1.2,-0.22,0.67,-0.22,1.09,2.2,-1.23,0.51,-1.23,1.78,0.7,-0.5,0.1,-0.5,0.08,1.7,-1.13,0.34,-1.13,1.07,1.5,-0.11,0.29,-0.11,1.45,1.2,-0.15,0.34,-0.15,1.17,0.3,-0.11,0.13,-0.11,0.28,1.4,-1.29,0.02,-1.29,0.33
7.65,3.44,88.77125000000002,-0.2912500000000004,-39.46625000000001,45.206250000000004,4.506812499999994,0.5838125000000003,40.87875,-34.777625000000015,28.216437499999998,-17.037875000000003,93.8515625,-64.147375,113.6944375,0.5,0.17062500000000022,0.23749999999999916,0.17062500000000022,0.2781249999999994,0.8062500000000021,-0.4412500000000004,0.23562499999999853,-0.4412500000000004,0.5518750000000007,1.006250000000002,-0.1806250000000002,0.10062500000000021,-0.1806250000000002,0.9012500000000004,2.0937499999999982,-0.6525000000000009,0.15437499999999812,-0.6525000000000009,1.9231249999999978,1.2,-0.22,0.67,-0.22,1.09,2.2,-1.23,0.51,-1.23,1.78,0.7,-0.5,0.1,-0.5,0.08,1.7,-1.13,0.34,-1.13,1.07,1.5,-0.11,0.29,-0.11,1.45,1.1937499999999979,-0.14624999999999874,0.34125000000000044,-0.14624999999999874,1.166874999999999,0.3,-0.11,0.13,-0.11,0.28,1.4,-1.29,0.02,-1.29,0.33
7.7,3.4335483870967742,90.07548387096774,-0.3229032258064517,-40.3841935483871,45.36451612903225,4.075451612903225,0.6147096774193549,40.57306451612903,-35.490870967741934,28.00816129032258,-17.16325806451613,93.86516129032258,-64.58864516129033,113.95809677419355,0.5,0.18,0.2,0.18,0.25,0.9,-0.46,0.17,-0.46,0.58,1.1,-0.19,0.11,-0.19,0.92,2.0,-0.69,0.07,-0.69,1.82,1.2,-0.22,0.67,-0.22,1.09,2.2,-1.23,0.51,-1.23,1.78,0.7,-0.5,0.1,-0.5,0.08,1.7,-1.13,0.34,-1.13,1.07,1.5,-0.11,0.29,-0.11,1.45,1.1,-0.09,0.36,-0.09,1.12,0.3,-0.11,0.13,-0.11,0.28,1.4,-1.29,0.02,-1.29,0.33
7.75,3.43,91.36516129032258,-0.3545161290322579,-41.29870967741935,45.52258064516129,3.6527096774193573,0.660548387096774,40.27554838709678,-36.183903225806446,27.775806451612905,-17.290064516129032,93.87780645161291,-65.02877419354839,114.22070967741936,0.5,0.18,0.2,0.18,0.25,0.9,-0.46,0.17,-0.46,0.58,1.1,-0.19,0.11,-0.19,0.92,2.0,-0.69,0.07,-0.69,1.82,1.2,-0.22,0.67,-0.22,1.09,2.2,-1.23,0.51,-1.23,1.78,0.7,-0.5,0.1,-0.5,0.08,1.7,-1.13,0.34,-1.13,1.07,1.5,-0.11,0.29,-0.11,1.45,1.1,-0.09,0.36,-0.09,1.12,0.3,-0.11,0.13,-0.11,0.28,1.4,-1.29,0.02,-1.29,0.33
7.800000000000001,3.4218749999999996,92.66625,-0.3781250000000002,-42.211250000000014,45.6,3.229062499999994,0.7065625000000005,39.97725,-36.87887500000001,27.543374999999994,-17.4178125,93.8905,-65.46987500000002,114.4856875,0.5,0.18,0.2,0.18,0.25,0.9,-0.46,0.17,-0.46,0.58,1.1,-0.19,0.11,-0.19,0.92,2.0,-0.69,0.07,-0.69,1.82,1.2,-0.22,0.67,-0.22,1.09,2.2,-1.23,0.51,-1.23,1.78,0.7,-0.5,0.1,-0.5,0.08,1.7,-1.13,0.34,-1.13,1.07,1.5,-0.11,0.29,-0.11,1.45,1.1,-0.09,0.36,-0.09,1.12,0.3,-0.11,0.13,-0.11,0.28,1.4,-1.29,0.02,-1.29,0.33
7.8500000000000005,3.42,93.97312500000002,-0.4081250000000005,-43.131562500000015,45.740625,2.8035312499999936,0.7527812500000007,39.67762499999999,-37.576937500000014,27.309687499999995,-17.545500000000004,93.90325,-65.91293750000001,114.75225,0.5,0.18,0.2,0.18,0.25,0.9,-0.46,0.17,-0.46,0.58,1.1,-0.19,0.11,-0.19,0.92,2.0,-0.69,0.07,-0.69,1.82,1.2,-0.22,0.67,-0.22,1.09,2.2,-1.23,0.51,-1.23,1.78,0.7,-0.5,0.1,-0.5,0.08,1.7,-1.13,0.34,-1.13,1.07,1.5,-0.11,0.29,-0.11,1.45,1.1,-0.09,0.36,-0.09,1.12,0.3,-0.11,0.13,-0.11,0.28,1.4,-1.29,0.02,-1.29,0.33
7.9,3.42,95.28,-0.44,-44.05,45.9,2.377,0.799,39.378,-38.275,27.076,-17.673,93.916,-66.356,115.021,0.5,0.18,0.2,0.18,0.25,0.9,-0.46,0.17,-0.46,0.58,1.1,-0.19,0.11,-0.19,0.92,2.0,-0.69,0.07,-0.69,1.82,1.2,-0.22,0.67,-0.22,1.09,2.2,-1.23,0.51,-1.23,1.78,0.7,-0.5,0.1,-0.5,0.08,1.7,-1.13,0.34,-1.13,1.07,1.5,-0.11,0.29,-0.11,1.45,1.1,-0.09,0.36,-0.09,1.12,0.3,-0.11,0.13,-0.11,0.28,1.4,-1.29,0.02,-1.29,0.33
7.95,3.425806451612903,96.57612903225807,-0.47161290322580646,-44.96677419354839,46.0,1.954967741935484,0.8448387096774193,39.08183870967742,-38.96790322580645,26.844645161290323,-17.800451612903228,93.92864516129033,-66.79541935483871,115.28812903225806,0.5,0.23,0.16,0.23,0.25,0.9,-0.4,0.16,-0.4,0.6,1.1,-0.2,0.12,-0.2,0.93,1.9,-0.68,0.03,-0.68,1.71,1.2,0.21,0.6,0.21,1.13,2.2,-1.1,0.36,-1.1,1.95,0.7,-0.42,0.04,-0.42,0.1,1.4,-0.88,0.05,-0.88,0.96,1.3,-0.26,0.12,-0.26,1.3,1.0,-0.04,0.4,-0.04,1.01,0.4,-0.16,0.17,-0.16,0.32,1.2,-1.2,0.12,-1.2,0.19
8.0,3.4316129032258065,97.86225806451613,-0.5032258064516129,-45.873548387096776,46.116129032258065,1.5329354838709683,0.8906774193548387,38.784677419354836,-39.660645161290326,26.612451612903225,-17.926903225806452,93.94129032258064,-67.23483870967742,115.55641935483871,0.5,0.23,0.16,0.23,0.25,0.9,-0.4,0.16,-0.4,0.6,1.1,-0.2,0.12,-0.2,0.93,1.9,-0.68,0.03,-0.68,1.71,1.2,0.21,0.6,0.21,1.13,2.2,-1.1,0.36,-1.1,1.95,0.7,-0.42,0.04,-0.42,0.1,1.4,-0.88,0.05,-0.88,0.96,1.3,-0.26,0.12,-0.26,1.3,1.0,-0.04,0.4,-0.04,1.01,0.4,-0.16,0.17,-0.16,0.32,1.2,-1.2,0.12,-1.2,0.19
8.05,3.44,99.16500000000002,-0.5350000000000006,-46.795000000000016,46.275,1.1079999999999925,0.9367500000000007,38.486,-40.35650000000001,26.379749999999994,-18.054750000000002,93.95400000000001,-67.6765,115.82725,0.5,0.23,0.16,0.23,0.25,0.9,-0.4,0.16,-0.4,0.6,1.1,-0.2,0.12,-0.2,0.93,1.9,-0.68,0.03,-0.68,1.71,1.2,0.21,0.6,0.21,1.13,2.2,-1.1,0.36,-1.1,1.95,0.7,-0.42,0.04,-0.42,0.1,1.4,-0.88,0.05,-0.88,0.96,1.3,-0.26,0.12,-0.26,1.3,1.0,-0.04,0.4,-0.04,1.01,0.4,-0.16,0.17,-0.16,0.32,1.2,-1.2,0.12,-1.2,0.19
8.1,3.45,100.47187499999998,-0.5668749999999996,-47.719374999999985,46.334374999999994,0.6822187500000065,0.9826249999999993,38.186375000000005,-41.05456249999999,26.145812500000005,-18.182499999999997,93.96674999999999,-68.1195625,116.101125,0.5,0.23,0.16,0.23,0.25,0.9,-0.4,0.16,-0.4,0.6,1.1,-0.2,0.12,-0.2,0.93,1.9,-0.68,0.03,-0.68,1.71,1.2,0.21,0.6,0.21,1.13,2.2,-1.1,0.36,-1.1,1.95,0.7,-0.42,0.04,-0.42,0.1,1.4,-0.88,0.05,-0.88,0.96,1.3,-0.26,0.12,-0.26,1.3,1.0,-0.04,0.4,-0.04,1.01,0.4,-0.16,0.17,-0.16,0.32,1.2,-1.2,0.12,-1.2,0.19
8.15,3.4593548387096775,101.77709677419358,-0.5987096774193554,-48.633225806451634,46.30645161290322,0.25816129032257173,0.9794838709677411,37.88806451612903,-41.61983870967743,25.913419354838705,-18.32761290322581,93.94674193548386,-68.48535483870968,116.30193548387098,0.5,0.23,0.16,0.23,0.25,0.9,-0.4,0.16,-0.4,0.6,1.1,-0.2,0.12,-0.2,0.93,1.9,-0.68,0.03,-0.68,1.71,1.2,0.21,0.6,0.21,1.13,2.2,-1.1,0.36,-1.1,1.95,0.7,-0.42,0.04,-0.42,0.1,1.4,-0.88,0.05,-0.88,0.96,1.3,-0.26,0.12,-0.26,1.3,1.0,-0.04,0.4,-0.04,1.01,0.4,-0.16,0.17,-0.16,0.32,1.2,-1.2,0.12,-1.2,0.19
8.200000000000001,3.427999999999999,103.11600000000003,-0.6580000000000011,-49.630000000000024,44.59999999999998,-0.0844000000000044,0.21539999999998277,37.74020000000001,-40.152199999999965,25.803800000000003,-18.75160000000001,93.5838,-68.031,115.732,0.6,0.3,0.07,0.3,0.31,0.9,-0.4,0.16,-0.4,0.6,1.1,-0.23,0.13,-0.23,0.94,1.8,-0.66,0.08,-0.66,1.64,1.3,0.33,0.73,0.33,1.3,2.3,-1.02,0.31,-1.02,2.02,0.7,-0.5,0.02,-0.5,0.06,1.3,-0.74,0.04,-0.74,0.92,1.3,-0.31,0.1,-0.31,1.27,1.0,-0.04,0.4,-0.04,1.01,0.4,-0.17,0.19,-0.17,0.35,1.2,-1.17,0.17,-1.17,0.08
8.25,3.4161290322580644,104.40677419354839,-0.6938709677419355,-50.5741935483871,45.31935483870968,-0.06967741935483855,-0.6191935483870993,38.142935483870964,-38.634806451612896,26.181193548387096,-19.139645161290325,93.86467741935485,-68.9641612903226,116.51193548387097,0.6,0.3,0.07,0.3,0.31,0.9,-0.4,0.16,-0.4,0.6,1.1,-0.23,0.13,-0.23,0.94,1.8,-0.66,0.08,-0.66,1.64,1.3,0.33,0.73,0.33,1.3,2.3,-1.02,0.31,-1.02,2.02,0.7,-0.5,0.02,-0.5,0.06,1.3,-0.74,0.04,-0.74,0.92,1.3,-0.31,0.1,-0.31,1.27,1.0,-0.04,0.4,-0.04,1.01,0.4,-0.17,0.19,-0.17,0.35,1.2,-1.17,0.17,-1.17,0.08
8.3,3.3919354838709674,105.70516129032262,-0.734193548387098,-51.53387096774196,45.4,-0.002741935483869272,-1.6683870967742198,37.77358064516128,-37.58641935483869,26.186032258064515,-19.034806451612894,93.83,-69.24480645161292,116.64903225806452,0.6,0.3,0.07,0.3,0.31,0.9,-0.4,0.16,-0.4,0.6,1.1,-0.23,0.13,-0.23,0.94,1.8,-0.66,0.08,-0.66,1.64,1.3,0.33,0.73,0.33,1.3,2.3,-1.02,0.31,-1.02,2.02,0.7,-0.5,0.02,-0.5,0.06,1.3,-0.74,0.04,-0.74,0.92,1.3,-0.31,0.1,-0.31,1.27,1.0,-0.04,0.4,-0.04,1.01,0.4,-0.17,0.19,-0.17,0.35,1.2,-1.17,0.17,-1.17,0.08
8.35,3.365666666666667,107.01666666666665,-0.7686666666666663,-52.505666666666656,45.3,0.06333333333333255,-2.2050999999999945,37.31523333333334,-37.766933333333334,26.14473333333333,-18.156466666666677,93.9659,-69.9233,117.16309999999999,0.6,0.3,0.07,0.3,0.31,0.9,-0.4,0.16,-0.4,0.6,1.1,-0.23,0.13,-0.23,0.94,1.8,-0.66,0.08,-0.66,1.64,1.3,0.33,0.73,0.33,1.3,2.3,-1.02,0.31,-1.02,2.02,0.7,-0.5,0.02,-0.5,0.06,1.3,-0.74,0.04,-0.74,0.92,1.3,-0.31,0.1,-0.31,1.27,1.0,-0.04,0.4,-0.04,1.01,0.4,-0.17,0.19,-0.17,0.35,1.2,-1.17,0.17,-1.17,0.08
8.4,3.339354838709677,108.33161290322582,-0.8019354838709684,-53.47870967741937,45.077419354838675,0.1325806451612924,-2.6798387096774254,36.883967741935486,-38.086774193548386,26.089483870967737,-17.189548387096764,94.12087096774194,-70.62458064516129,117.7086129032258,0.6064516129032278,0.30516129032258227,0.06806451612903165,0.30516129032258227,0.3145161290322595,0.8870967741935444,-0.3806451612903165,0.16903225806451896,-0.3806451612903165,0.5993548387096772,1.1,-0.23258064516129115,0.13064516129032278,-0.23258064516129115,0.9419354838709683,1.8,-0.66,0.08193548387096836,-0.66,1.6374193548387088,1.3,0.32935483870967724,0.7254838709677405,0.32935483870967724,1.2987096774193545,2.293548387096772,-1.0070967741935444,0.31258064516129114,-1.0070967741935444,2.020645161290323,0.7,-0.5012903225806455,0.020645161290322785,-0.5012903225806455,0.06387096774193671,1.3,-0.7264516129032216,0.038064516129031646,-0.7264516129032216,0.9264516129032279,1.3129032258064557,-0.31193548387096837,0.10774193548387341,-0.31193548387096837,1.2770967741935506,1.0,-0.03548387096774051,0.39806451612903165,-0.03548387096774051,1.0054838709677405,0.4,-0.1667741935483861,0.18870967741935443,-0.1667741935483861,0.3512903225806455,1.2,-1.17,0.17064516129032278,-1.17,0.07870967741935443
8.450000000000001,3.3164516129032258,109.62193548387097,-0.8503225806451616,-54.44645161290323,42.351612903225785,0.2747419354838719,-3.1548709677419393,36.99164516129032,-38.33093548387097,25.753677419354837,-16.342064516129028,94.12103225806452,-70.58270967741936,117.687,0.7,0.38,0.04,0.38,0.38,0.7,-0.1,0.3,-0.1,0.59,1.1,-0.27,0.14,-0.27,0.97,1.8,-0.66,0.11,-0.66,1.6,1.3,0.32,0.66,0.32,1.28,2.2,-0.82,0.35,-0.82,2.03,0.7,-0.52,0.03,-0.52,0.12,1.3,-0.53,0.01,-0.53,1.02,1.5,-0.34,0.22,-0.34,1.38,1.0,0.03,0.37,0.03,0.94,0.4,-0.12,0.17,-0.12,0.37,1.2,-1.17,0.18,-1.17,0.06
8.5,3.284,110.92,-0.899,-55.423,41.769999999999996,0.3058,-3.5633999999999997,36.5071,-38.1783,25.5591,-16.076900000000002,94.1521,-71.2076,118.08200000000001,0.7,0.38,0.04,0.38,0.38,0.7,-0.1,0.3,-0.1,0.59,1.1,-0.27,0.14,-0.27,0.97,1.8,-0.66,0.11,-0.66,1.6,1.3,0.32,0.66,0.32,1.28,2.2,-0.82,0.35,-0.82,2.03,0.7,-0.52,0.03,-0.52,0.12,1.3,-0.53,0.01,-0.53,1.02,1.5,-0.34,0.22,-0.34,1.38,1.0,0.03,0.37,0.03,0.94,0.4,-0.12,0.17,-0.12,0.37,1.2,-1.17,0.18,-1.17,0.06
8.55,3.2409999999999997,112.25333333333334,-0.9490000000000005,-56.43966666666668,41.50666666666666,0.3167666666666668,-3.4880333333333318,35.90306666666666,-37.75313333333333,25.38743333333333,-16.1097,94.21956666666667,-71.59446666666668,118.37376666666667,0.7,0.38,0.04,0.38,0.38,0.7,-0.1,0.3,-0.1,0.59,1.1,-0.27,0.14,-0.27,0.97,1.8,-0.66,0.11,-0.66,1.6,1.3,0.32,0.66,0.32,1.28,2.2,-0.82,0.35,-0.82,2.03,0.7,-0.52,0.03,-0.52,0.12,1.3,-0.53,0.01,-0.53,1.02,1.5,-0.34,0.22,-0.34,1.38,1.0,0.03,0.37,0.03,0.94,0.4,-0.12,0.17,-0.12,0.37,1.2,-1.17,0.18,-1.17,0.06
8.6,3.202000000000001,113.54999999999998,-0.9979999999999993,-57.429999999999986,41.24,0.3108000000000005,-3.3384000000000023,35.27400000000001,-37.30660000000001,25.179000000000006,-16.173399999999997,94.2916,-71.91279999999999,118.629,0.7,0.38,0.04,0.38,0.38,0.7,-0.1,0.3,-0.1,0.59,1.1,-0.27,0.14,-0.27,0.97,1.8,-0.66,0.11,-0.66,1.6,1.3,0.32,0.66,0.32,1.28,2.2,-0.82,0.35,-0.82,2.03,0.7,-0.52,0.03,-0.52,0.12,1.3,-0.53,0.01,-0.53,1.02,1.5,-0.34,0.22,-0.34,1.38,1.0,0.03,0.37,0.03,0.94,0.4,-0.12,0.17,-0.12,0.37,1.2,-1.17,0.18,-1.17,0.06
8.65,3.1730000000000005,114.85666666666667,-1.027,-58.42233333333333,40.983333333333334,0.24096666666666675,-3.085000000000003,34.48936666666667,-36.949600000000004,24.778633333333335,-16.1902,94.36186666666667,-72.2084,118.86336666666666,0.7,0.38,0.04,0.38,0.38,0.7,-0.1,0.3,-0.1,0.59,1.1,-0.27,0.14,-0.27,0.97,1.8,-0.66,0.11,-0.66,1.6,1.3,0.32,0.66,0.32,1.28,2.2,-0.82,0.35,-0.82,2.03,0.7,-0.52,0.03,-0.52,0.12,1.3,-0.53,0.01,-0.53,1.02,1.5,-0.34,0.22,-0.34,1.38,1.0,0.03,0.37,0.03,0.94,0.4,-0.12,0.17,-0.12,0.37,1.2,-1.17,0.18,-1.17,0.06
8.700000000000001,3.131999999999999,116.18100000000004,-1.0770000000000017,-59.439000000000036,40.14999999999998,0.23730000000000037,-2.101299999999966,33.73759999999997,-37.21070000000001,24.236699999999985,-15.91119999999999,94.35719999999999,-72.40580000000001,118.98010000000001,0.7900000000000054,0.42500000000000265,0.11200000000000424,0.42500000000000265,0.4610000000000048,0.6099999999999947,-0.009999999999994666,0.33600000000000213,-0.009999999999994666,0.59,1.1,-0.34200000000000425,0.14900000000000052,-0.34200000000000425,0.9790000000000005,1.8,-0.6960000000000021,0.10099999999999948,-0.6960000000000021,1.5729999999999984,1.3,0.2929999999999984,0.5969999999999962,0.2929999999999984,1.2709999999999995,2.109999999999995,-0.7479999999999958,0.3770000000000016,-0.7479999999999958,1.9849999999999972,0.7,-0.5290000000000006,0.02099999999999947,-0.5290000000000006,0.18300000000000372,1.3900000000000052,-0.3589999999999899,0.07300000000000373,-0.3589999999999899,1.1100000000000054,1.5900000000000054,-0.35800000000000104,0.3370000000000069,-0.35800000000000104,1.533000000000009,1.0,0.0570000000000016,0.3519999999999989,0.0570000000000016,0.9129999999999985,0.4,-0.07499999999999735,0.16099999999999948,-0.07499999999999735,0.38800000000000107,1.2,-1.1790000000000005,0.18900000000000053,-1.1790000000000005,0.09600000000000214
8.75,3.099333333333333,117.48133333333334,-1.1160000000000003,-60.43533333333334,39.95333333333333,0.34560000000000113,-1.3027333333333284,33.20146666666666,-37.28346666666667,23.888066666666663,-16.059133333333335,94.2554,-72.60473333333334,119.022,0.8,0.43,0.12,0.43,0.47,0.6,0.0,0.34,0.0,0.59,1.1,-0.35,0.15,-0.35,0.98,1.8,-0.7,0.1,-0.7,1.57,1.3,0.29,0.59,0.29,1.27,2.1,-0.74,0.38,-0.74,1.98,0.7,-0.53,0.02,-0.53,0.19,1.4,-0.34,0.08,-0.34,1.12,1.6,-0.36,0.35,-0.36,1.55,1.0,0.06,0.35,0.06,0.91,0.4,-0.07,0.16,-0.07,0.39,1.2,-1.18,0.19,-1.18,0.1
8.8,3.0749999999999993,118.78333333333336,-1.165000000000001,-61.42166666666669,40.416666666666686,0.530666666666669,-0.7838333333333302,33.49816666666667,-37.04966666666666,23.89550000000001,-16.516000000000012,94.161,-72.8225,119.08433333333333,0.8,0.43,0.12,0.43,0.47,0.6,0.0,0.34,0.0,0.59,1.1,-0.35,0.15,-0.35,0.98,1.8,-0.7,0.1,-0.7,1.57,1.3,0.29,0.59,0.29,1.27,2.1,-0.74,0.38,-0.74,1.98,0.7,-0.53,0.02,-0.53,0.19,1.4,-0.34,0.08,-0.34,1.12,1.6,-0.36,0.35,-0.36,1.55,1.0,0.06,0.35,0.06,0.91,0.4,-0.07,0.16,-0.07,0.39,1.2,-1.18,0.19,-1.18,0.1
8.85,3.0333333333333337,120.10833333333332,-1.2149999999999994,-62.44666666666665,41.66666666666665,0.6464999999999987,-0.650500000000001,33.82733333333333,-36.598000000000006,24.425499999999992,-17.204333333333324,94.09266666666667,-73.07333333333332,119.18683333333334,0.8,0.43,0.12,0.43,0.47,0.6,0.0,0.34,0.0,0.59,1.1,-0.35,0.15,-0.35,0.98,1.8,-0.7,0.1,-0.7,1.57,1.3,0.29,0.59,0.29,1.27,2.1,-0.74,0.38,-0.74,1.98,0.7,-0.53,0.02,-0.53,0.19,1.4,-0.34,0.08,-0.34,1.12,1.6,-0.36,0.35,-0.36,1.55,1.0,0.06,0.35,0.06,0.91,0.4,-0.07,0.16,-0.07,0.39,1.2,-1.18,0.19,-1.18,0.1
8.9,2.990322580645161,121.41225806451614,-1.2645161290322584,-63.46000000000001,42.89032258064517,0.71741935483871,-0.7334516129032267,34.328483870967744,-36.08387096774194,25.185258064516134,-17.700129032258065,94.10516129032258,-73.18393548387097,119.2635806451613,0.8,0.43,0.12,0.43,0.47,0.6,0.0,0.34,0.0,0.59,1.1,-0.35,0.15,-0.35,0.98,1.8,-0.7,0.1,-0.7,1.57,1.3,0.29,0.59,0.29,1.27,2.1,-0.74,0.38,-0.74,1.98,0.7,-0.53,0.02,-0.53,0.19,1.4,-0.34,0.08,-0.34,1.12,1.6,-0.36,0.35,-0.36,1.55,1.0,0.06,0.35,0.06,0.91,0.4,-0.07,0.16,-0.07,0.39,1.2,-1.18,0.19,-1.18,0.1
8.950000000000001,2.947333333333333,122.71533333333336,-1.3140000000000012,-64.48133333333337,43.81333333333333,0.7758666666666701,-0.9243333333333343,34.559400000000004,-35.826933333333315,25.866266666666675,-17.90693333333333,94.15133333333334,-73.29086666666667,119.36613333333334,0.9,0.45,0.18,0.45,0.52,0.6,0.01,0.3,0.01,0.63,1.1,-0.44,0.16,-0.44,0.99,1.8,-0.72,0.12,-0.72,1.51,1.3,0.26,0.53,0.26,1.27,2.0,-0.72,0.44,-0.72,1.85,0.7,-0.51,0.01,-0.51,0.28,1.5,-0.06,0.13,-0.06,1.2,1.7,-0.34,0.41,-0.34,1.64,1.0,0.1,0.33,0.1,0.88,0.4,-0.01,0.16,-0.01,0.41,1.2,-1.18,0.19,-1.18,0.03
9.0,2.9140000000000006,124.032,-1.3639999999999997,-65.50599999999999,43.82,0.9433999999999987,-0.9515999999999999,34.882799999999996,-34.97260000000001,26.1636,-17.6762,94.2044,-73.2448,119.384,0.9,0.45,0.18,0.45,0.52,0.6,0.01,0.3,0.01,0.63,1.1,-0.44,0.16,-0.44,0.99,1.8,-0.72,0.12,-0.72,1.51,1.3,0.26,0.53,0.26,1.27,2.0,-0.72,0.44,-0.72,1.85,0.7,-0.51,0.01,-0.51,0.28,1.5,-0.06,0.13,-0.06,1.2,1.7,-0.34,0.41,-0.34,1.64,1.0,0.1,0.33,0.1,0.88,0.4,-0.01,0.16,-0.01,0.41,1.2,-1.18,0.19,-1.18,0.03
9.05,2.8713333333333333,125.32233333333333,-1.413,-66.50866666666667,43.556666666666665,1.1380333333333332,-0.9935000000000006,35.81563333333334,-34.42576666666667,26.218266666666665,-17.3359,94.18353333333333,-73.29596666666666,119.3928,0.9,0.45,0.18,0.45,0.52,0.6,0.01,0.3,0.01,0.63,1.1,-0.44,0.16,-0.44,0.99,1.8,-0.72,0.12,-0.72,1.51,1.3,0.26,0.53,0.26,1.27,2.0,-0.72,0.44,-0.72,1.85,0.7,-0.51,0.01,-0.51,0.28,1.5,-0.06,0.13,-0.06,1.2,1.7,-0.34,0.41,-0.34,1.64,1.0,0.1,0.33,0.1,0.88,0.4,-0.01,0.16,-0.01,0.41,1.2,-1.18,0.19,-1.18,0.03
9.1,2.838,126.639,-1.463,-67.541,43.42,1.0286,-1.2746,36.1777,-34.6928,26.354499999999998,-17.2079,94.2551,-73.3996,119.5083,0.9,0.45,0.18,0.45,0.52,0.6,0.01,0.3,0.01,0.63,1.1,-0.44,0.16,-0.44,0.99,1.8,-0.72,0.12,-0.72,1.51,1.3,0.26,0.53,0.26,1.27,2.0,-0.72,0.44,-0.72,1.85,0.7,-0.51,0.01,-0.51,0.28,1.5,-0.06,0.13,-0.06,1.2,1.7,-0.34,0.41,-0.34,1.64,1.0,0.1,0.33,0.1,0.88,0.4,-0.01,0.16,-0.01,0.41,1.2,-1.18,0.19,-1.18,0.03
9.15,2.8046666666666664,127.95566666666666,-1.5053333333333334,-68.56533333333333,43.75333333333333,0.8560333333333328,-1.9984000000000024,36.406800000000004,-34.89846666666667,26.512066666666666,-17.554133333333336,94.20139999999999,-73.51036666666667,119.52613333333333,0.9,0.45,0.18,0.45,0.52,0.6,0.01,0.3,0.01,0.63,1.1,-0.44,0.16,-0.44,0.99,1.8,-0.72,0.12,-0.72,1.51,1.3,0.26,0.53,0.26,1.27,2.0,-0.72,0.44,-0.72,1.85,0.7,-0.51,0.01,-0.51,0.28,1.5,-0.06,0.13,-0.06,1.2,1.7,-0.34,0.41,-0.34,1.64,1.0,0.1,0.33,0.1,0.88,0.4,-0.01,0.16,-0.01,0.41,1.2,-1.18,0.19,-1.18,0.03
9.200000000000001,2.7719999999999994,129.246,-1.5520000000000007,-69.57800000000002,44.080000000000005,0.6867999999999975,-2.5724000000000014,36.6308,-35.09740000000001,26.666600000000003,-17.846400000000003,94.1682,-73.6556,119.5852,0.9,0.45,0.18,0.45,0.52,0.6,0.01,0.3,0.01,0.63,1.1,-0.44,0.16,-0.44,0.99,1.8,-0.72,0.12,-0.72,1.51,1.3,0.26,0.53,0.26,1.27,2.0,-0.72,0.44,-0.72,1.85,0.7,-0.51,0.01,-0.51,0.28,1.5,-0.06,0.13,-0.06,1.2,1.7,-0.34,0.41,-0.34,1.64,1.0,0.1,0.33,0.1,0.88,0.4,-0.01,0.16,-0.01,0.41,1.2,-1.18,0.19,-1.18,0.03
9.25,2.7386666666666666,130.562,-1.6020000000000008,-70.60133333333334,44.513333333333335,0.5151333333333313,-2.44033333333333,36.85913333333334,-35.32533333333334,26.82426666666667,-17.836333333333332,94.25546666666668,-73.97926666666667,119.86286666666666,0.9,0.45,0.18,0.45,0.52,0.6,0.01,0.3,0.01,0.63,1.1,-0.44,0.16,-0.44,0.99,1.8,-0.72,0.12,-0.72,1.51,1.3,0.26,0.53,0.26,1.27,2.0,-0.72,0.44,-0.72,1.85,0.7,-0.51,0.01,-0.51,0.28,1.5,-0.06,0.13,-0.06,1.2,1.7,-0.34,0.41,-0.34,1.64,1.0,0.1,0.33,0.1,0.88,0.4,-0.01,0.16,-0.01,0.41,1.2,-1.18,0.19,-1.18,0.03
9.3,2.705333333333333,131.86933333333337,-1.6520000000000006,-71.63466666666667,44.77333333333333,0.33979999999999744,-2.1736666666666626,36.90046666666667,-35.55793333333334,26.889266666666664,-17.768933333333333,94.35613333333333,-74.322,120.16546666666667,0.9,0.45,0.18,0.45,0.52,0.6,0.01,0.3,0.01,0.63,1.1,-0.44,0.16,-0.44,0.99,1.8,-0.72,0.12,-0.72,1.51,1.3,0.26,0.53,0.26,1.27,2.0,-0.72,0.44,-0.72,1.85,0.7,-0.51,0.01,-0.51,0.28,1.5,-0.06,0.13,-0.06,1.2,1.7,-0.34,0.41,-0.34,1.64,1.0,0.1,0.33,0.1,0.88,0.4,-0.01,0.16,-0.01,0.41,1.2,-1.18,0.19,-1.18,0.03
9.35,2.672,133.17600000000002,-1.708,-72.678,44.34,0.1736,-1.908,36.055,-35.7896,26.4068,-17.702,94.3708,-74.54140000000001,120.31259999999999,0.9,0.45,0.18,0.45,0.52,0.6,0.01,0.3,0.01,0.63,1.1,-0.44,0.16,-0.44,0.99,1.8,-0.72,0.12,-0.72,1.51,1.3,0.26,0.53,0.26,1.27,2.0,-0.72,0.44,-0.72,1.85,0.7,-0.51,0.01,-0.51,0.28,1.5,-0.06,0.13,-0.06,1.2,1.7,-0.34,0.41,-0.34,1.64,1.0,0.1,0.33,0.1,0.88,0.4,-0.01,0.16,-0.01,0.41,1.2,-1.18,0.19,-1.18,0.03
9.4,2.6386666666666665,134.49200000000002,-1.7520000000000007,-73.70133333333334,43.58,0.13033333333333372,-1.642399999999997,35.83786666666666,-36.02126666666667,25.725666666666662,-17.634333333333334,94.25606666666667,-74.555,120.23473333333334,0.9,0.45,0.18200000000000058,0.45,0.5220000000000006,0.6,-0.001333333333336689,0.2959999999999988,-0.001333333333336689,0.6293333333333332,1.1066666666666687,-0.44400000000000117,0.16133333333333372,-0.44400000000000117,0.9906666666666668,1.8,-0.7173333333333325,0.12,-0.7173333333333325,1.5093333333333332,1.3,0.25933333333333314,0.5286666666666663,0.25933333333333314,1.2720000000000007,2.0,-0.724666666666668,0.44266666666666743,-0.724666666666668,1.8393333333333302,0.7066666666666686,-0.5079999999999995,0.011333333333333728,-0.5079999999999995,0.2866666666666687,1.5,-0.04199999999999467,0.12866666666666626,-0.04199999999999467,1.2026666666666674,1.7066666666666686,-0.33933333333333315,0.41066666666666685,-0.33933333333333315,1.6420000000000006,1.0,0.09866666666666628,0.32599999999999885,0.09866666666666628,0.8806666666666668,0.4,-0.005333333333331952,0.15733333333333255,-0.005333333333331952,0.40799999999999936,1.2,-1.1766666666666656,0.19133333333333372,-1.1766666666666656,0.03400000000000118
9.450000000000001,2.5979999999999994,135.79200000000003,-1.8020000000000007,-74.73466666666668,43.15333333333333,0.18713333333333457,-1.376666666666663,35.50073333333333,-36.25293333333334,25.248799999999996,-17.567666666666664,94.27393333333333,-74.78673333333333,120.39433333333334,0.9,0.45,0.21,0.45,0.55,0.6,-0.16,0.24,-0.16,0.62,1.2,-0.5,0.18,-0.5,1.0,1.8,-0.68,0.12,-0.68,1.5,1.3,0.25,0.51,0.25,1.3,2.0,-0.79,0.48,-0.79,1.69,0.8,-0.48,0.03,-0.48,0.38,1.5,0.21,0.11,0.21,1.24,1.8,-0.33,0.42,-0.33,1.67,1.0,0.08,0.27,0.08,0.89,0.4,0.06,0.12,0.06,0.38,1.2,-1.13,0.21,-1.13,0.09
9.5,2.5475862068965514,137.10275862068966,-1.8424137931034488,-75.78068965517242,43.0,0.3795517241379332,-1.1092068965517214,35.132551724137926,-36.48551724137931,25.094931034482755,-17.49944827586207,94.22793103448276,-74.73865517241379,120.32858620689655,0.9,0.45,0.21,0.45,0.55,0.6,-0.16,0.24,-0.16,0.62,1.2,-0.5,0.18,-0.5,1.0,1.8,-0.68,0.12,-0.68,1.5,1.3,0.25,0.51,0.25,1.3,2.0,-0.79,0.48,-0.79,1.69,0.8,-0.48,0.03,-0.48,0.38,1.5,0.21,0.11,0.21,1.24,1.8,-0.33,0.42,-0.33,1.67,1.0,0.08,0.27,0.08,0.89,0.4,0.06,0.12,0.06,0.38,1.2,-1.13,0.21,-1.13,0.09
9.55,2.49,138.42000000000002,-1.8920000000000001,-76.83,42.87,0.6006000000000011,-0.8410999999999991,34.7924,-36.7199,24.9996,-17.4319,94.18090000000001,-74.6443,120.23339999999999,0.9,0.45,0.21,0.45,0.55,0.6,-0.16,0.24,-0.16,0.62,1.2,-0.5,0.18,-0.5,1.0,1.8,-0.68,0.12,-0.68,1.5,1.3,0.25,0.51,0.25,1.3,2.0,-0.79,0.48,-0.79,1.69,0.8,-0.48,0.03,-0.48,0.38,1.5,0.21,0.11,0.21,1.24,1.8,-0.33,0.42,-0.33,1.67,1.0,0.08,0.27,0.08,0.89,0.4,0.06,0.12,0.06,0.38,1.2,-1.13,0.21,-1.13,0.09
9.600000000000001,2.4746666666666655,139.74566666666672,-1.9176666666666673,-77.8376666666667,42.523333333333326,0.9263000000000119,-0.6174999999999932,35.00120000000001,-36.86646666666667,25.103866666666672,-17.466300000000004,94.2844,-74.49853333333333,120.21496666666667,0.9,0.45,0.21,0.45,0.55,0.6,-0.16,0.24,-0.16,0.62,1.2,-0.5,0.18,-0.5,1.0,1.8,-0.68,0.12,-0.68,1.5,1.3,0.25,0.51,0.25,1.3,2.0,-0.79,0.48,-0.79,1.69,0.8,-0.48,0.03,-0.48,0.38,1.5,0.21,0.11,0.21,1.24,1.8,-0.33,0.42,-0.33,1.67,1.0,0.08,0.27,0.08,0.89,0.4,0.06,0.12,0.06,0.38,1.2,-1.13,0.21,-1.13,0.09
9.65,2.427,141.05233333333334,-1.963,-78.86866666666667,42.96,1.159300000000001,-0.6527666666666669,35.45936666666667,-36.4936,25.337733333333333,-18.125400000000003,94.2778,-74.3946,120.14056666666667,0.9,0.45,0.21,0.45,0.55,0.6,-0.16,0.24,-0.16,0.62,1.2,-0.5,0.18,-0.5,1.0,1.8,-0.68,0.12,-0.68,1.5,1.3,0.25,0.51,0.25,1.3,2.0,-0.79,0.48,-0.79,1.69,0.8,-0.48,0.03,-0.48,0.38,1.5,0.21,0.11,0.21,1.24,1.8,-0.33,0.42,-0.33,1.67,1.0,0.08,0.27,0.08,0.89,0.4,0.06,0.12,0.06,0.38,1.2,-1.13,0.21,-1.13,0.09
9.700000000000001,2.365999999999998,142.35800000000006,-2.0130000000000017,-79.90200000000004,44.33000000000001,1.4875999999999974,-0.770400000000031,35.86709999999998,-36.069799999999994,25.532800000000016,-18.862700000000025,94.1834,-74.4756,120.1148,0.9,0.37,0.23,0.37,0.6,0.7,-0.23,0.22,-0.23,0.61,1.2,-0.56,0.14,-0.56,0.97,1.7,-0.53,0.15,-0.53,1.49,1.3,0.26,0.34,0.26,1.22,1.9,-0.96,0.51,-0.96,1.5,0.9,-0.49,0.12,-0.49,0.47,1.2,0.28,0.2,0.28,1.11,1.6,-0.33,0.21,-0.33,1.44,1.0,0.07,0.22,0.07,0.93,0.4,0.09,0.08,0.09,0.35,1.1,-1.02,0.28,-1.02,0.21
9.75,2.2993333333333332,143.65800000000002,-2.063,-80.93533333333333,44.983333333333334,1.3774666666666662,-1.6698000000000033,35.447966666666666,-35.926433333333335,25.9766,-19.573600000000003,94.14926666666666,-74.6396,120.19076666666666,0.9,0.37,0.23,0.37,0.6,0.7,-0.23,0.22,-0.23,0.61,1.2,-0.56,0.14,-0.56,0.97,1.7,-0.53,0.15,-0.53,1.49,1.3,0.26,0.34,0.26,1.22,1.9,-0.96,0.51,-0.96,1.5,0.9,-0.49,0.12,-0.49,0.47,1.2,0.28,0.2,0.28,1.11,1.6,-0.33,0.21,-0.33,1.44,1.0,0.07,0.22,0.07,0.93,0.4,0.09,0.08,0.09,0.35,1.1,-1.02,0.28,-1.02,0.21
9.8,2.2326666666666664,144.968,-2.103,-81.96866666666666,46.56,1.0346333333333313,-2.621633333333337,36.0901,-35.535066666666665,26.448133333333335,-20.099033333333335,94.15386666666667,-74.5685,120.15213333333334,0.9,0.37,0.23,0.37,0.6,0.7,-0.23,0.22,-0.23,0.61,1.2,-0.56,0.14,-0.56,0.97,1.7,-0.53,0.15,-0.53,1.49,1.3,0.26,0.34,0.26,1.22,1.9,-0.96,0.51,-0.96,1.5,0.9,-0.49,0.12,-0.49,0.47,1.2,0.28,0.2,0.28,1.11,1.6,-0.33,0.21,-0.33,1.44,1.0,0.07,0.22,0.07,0.93,0.4,0.09,0.08,0.09,0.35,1.1,-1.02,0.28,-1.02,0.21
9.850000000000001,2.164827586206893,146.27068965517248,-2.1520689655172425,-83.00413793103452,47.03793103448272,0.3045172413792689,-3.687931034482801,36.217586206896506,-33.950172413793034,26.8443448275862,-19.790034482758603,94.17510344827588,-74.75855172413794,120.28124137931036,0.9,0.37,0.23,0.37,0.6,0.7,-0.23,0.22,-0.23,0.61,1.2,-0.56,0.14,-0.56,0.97,1.7,-0.53,0.15,-0.53,1.49,1.3,0.26,0.34,0.26,1.22,1.9,-0.96,0.51,-0.96,1.5,0.9,-0.49,0.12,-0.49,0.47,1.2,0.28,0.2,0.28,1.11,1.6,-0.33,0.21,-0.33,1.44,1.0,0.07,0.22,0.07,0.93,0.4,0.09,0.08,0.09,0.35,1.1,-1.02,0.28,-1.02,0.21
9.9,2.08,147.602,-2.194,-84.05600000000001,45.78,-0.7758,-4.7016,34.894,-32.0874,26.602,-19.215,94.4948,-74.9576,120.66,0.9,0.37,0.23,0.37,0.6,0.7,-0.23,0.22,-0.23,0.61,1.2,-0.56,0.14,-0.56,0.97,1.7,-0.53,0.15,-0.53,1.49,1.3,0.26,0.34,0.26,1.22,1.9,-0.96,0.51,-0.96,1.5,0.9,-0.49,0.12,-0.49,0.47,1.2,0.28,0.2,0.28,1.11,1.6,-0.33,0.21,-0.33,1.44,1.0,0.07,0.22,0.07,0.93,0.4,0.09,0.08,0.09,0.35,1.1,-1.02,0.28,-1.02,0.21
9.950000000000001,1.9966666666666644,148.90400000000002,-2.239333333333334,-85.08933333333336,43.45333333333326,-1.7948000000000273,-5.113000000000009,33.03093333333328,-29.91873333333326,25.5993333333333,-17.939733333333294,94.54073333333334,-75.00533333333334,120.72606666666667,1.0,0.28,0.27,0.28,0.67,0.6,-0.24,0.21,-0.24,0.59,1.1,-0.54,0.1,-0.54,0.95,1.6,-0.42,0.23,-0.42,1.44,1.3,0.27,0.36,0.27,1.21,1.9,-1.19,0.45,-1.19,1.38,1.1,-0.66,0.36,-0.66,0.68,1.1,0.27,0.27,0.27,1.08,1.6,-0.33,0.15,-0.33,1.4,1.2,0.08,0.03,0.08,1.13,0.4,0.2,0.09,0.2,0.33,0.9,-0.87,0.38,-0.87,0.25
10.0,1.9017241379310352,150.20758620689654,-2.2841379310344823,-86.1255172413793,40.65172413793106,-2.725206896551715,-5.442758620689655,31.365620689655195,-27.14027586206899,24.19079310344829,-16.515482758620703,94.55386206896551,-75.06462068965517,120.77244827586208,1.0,0.28,0.27,0.28,0.67,0.6,-0.24,0.21,-0.24,0.59,1.1,-0.54,0.1,-0.54,0.95,1.6,-0.42,0.23,-0.42,1.44,1.3,0.27,0.36,0.27,1.21,1.9,-1.19,0.45,-1.19,1.38,1.1,-0.66,0.36,-0.66,0.68,1.1,0.27,0.27,0.27,1.08,1.6,-0.33,0.15,-0.33,1.4,1.2,0.08,0.03,0.08,1.13,0.4,0.2,0.09,0.2,0.33,0.9,-0.87,0.38,-0.87,0.25
10.05,1.8083333333333318,151.53833333333336,-2.335000000000001,-87.17666666666669,37.68333333333328,-3.746500000000018,-5.442499999999999,28.69616666666662,-24.46366666666662,22.773666666666646,-14.993499999999974,94.53966666666668,-74.90683333333332,120.66233333333332,1.0,0.28,0.27,0.28,0.67,0.6,-0.24,0.21,-0.24,0.59,1.1,-0.54,0.1,-0.54,0.95,1.6,-0.42,0.23,-0.42,1.44,1.3,0.27,0.36,0.27,1.21,1.9,-1.19,0.45,-1.19,1.38,1.1,-0.66,0.36,-0.66,0.68,1.1,0.27,0.27,0.27,1.08,1.6,-0.33,0.15,-0.33,1.4,1.2,0.08,0.03,0.08,1.13,0.4,0.2,0.09,0.2,0.33,0.9,-0.87,0.38,-0.87,0.25
10.100000000000001,1.6999999999999982,152.84,-2.3800000000000012,-88.21000000000002,35.449999999999974,-4.7840000000000185,-5.35,26.589499999999962,-22.098499999999966,21.67449999999998,-13.787499999999982,94.477,-74.93650000000001,120.62950000000001,1.0,0.28,0.27,0.28,0.67,0.6,-0.24,0.21,-0.24,0.59,1.1,-0.54,0.1,-0.54,0.95,1.6,-0.42,0.23,-0.42,1.44,1.3,0.27,0.36,0.27,1.21,1.9,-1.19,0.45,-1.19,1.38,1.1,-0.66,0.36,-0.66,0.68,1.1,0.27,0.27,0.27,1.08,1.6,-0.33,0.15,-0.33,1.4,1.2,0.08,0.03,0.08,1.13,0.4,0.2,0.09,0.2,0.33,0.9,-0.87,0.38,-0.87,0.25
10.15,1.5979999999999994,154.17600000000002,-2.4340000000000006,-89.26400000000001,34.23999999999999,-5.798400000000007,-5.3814,24.406999999999986,-20.50859999999999,20.701399999999992,-12.926999999999996,94.5618,-75.0068,120.7358,1.0200000000000011,0.2559999999999986,0.286000000000001,0.2559999999999986,0.6960000000000016,0.6,-0.23799999999999988,0.20599999999999977,-0.23799999999999988,0.5859999999999997,1.1,-0.5379999999999999,0.09199999999999953,-0.5379999999999999,0.9459999999999997,1.5599999999999976,-0.40799999999999925,0.264000000000002,-0.40799999999999925,1.4079999999999981,1.3600000000000037,0.23399999999999788,0.39600000000000213,0.23399999999999788,1.2019999999999995,1.9,-1.1980000000000004,0.43199999999999894,-1.1980000000000004,1.3920000000000006,1.1200000000000012,-0.6680000000000005,0.37400000000000083,-0.6680000000000005,0.6980000000000011,1.1,0.2579999999999993,0.27800000000000047,0.2579999999999993,1.0759999999999998,1.6,-0.31199999999999894,0.1379999999999993,-0.31199999999999894,1.4,1.220000000000001,0.08600000000000035,0.04400000000000083,0.08600000000000035,1.1580000000000015,0.4,0.2080000000000005,0.09600000000000035,0.2080000000000005,0.33600000000000035,0.9,-0.8659999999999998,0.38,-0.8659999999999998,0.24599999999999977
10.200000000000001,1.4893333333333318,155.47600000000003,-2.458666666666667,-90.29733333333334,31.98666666666664,-6.789400000000011,-5.414066666666667,22.200133333333305,-18.978199999999983,19.743666666666655,-12.33166666666666,94.52993333333333,-74.87766666666667,120.62613333333333,1.1,0.16,0.35,0.16,0.8,0.6,-0.23,0.19,-0.23,0.57,1.1,-0.53,0.06,-0.53,0.93,1.4,-0.36,0.4,-0.36,1.28,1.6,0.09,0.54,0.09,1.17,1.9,-1.23,0.36,-1.23,1.44,1.2,-0.7,0.43,-0.7,0.77,1.1,0.21,0.31,0.21,1.06,1.6,-0.24,0.09,-0.24,1.4,1.3,0.11,0.1,0.11,1.27,0.4,0.24,0.12,0.24,0.36,0.9,-0.85,0.38,-0.85,0.23
10.25,1.3673333333333324,156.78133333333335,-2.500666666666667,-91.336,29.906666666666652,-7.826600000000007,-5.476066666666667,19.594199999999983,-18.314399999999992,18.47959999999999,-11.630799999999994,94.61566666666667,-75.1328,120.85466666666666,1.1,0.16,0.35,0.16,0.8,0.6,-0.23,0.19,-0.23,0.57,1.1,-0.53,0.06,-0.53,0.93,1.4,-0.36,0.4,-0.36,1.28,1.6,0.09,0.54,0.09,1.17,1.9,-1.23,0.36,-1.23,1.44,1.2,-0.7,0.43,-0.7,0.77,1.1,0.21,0.31,0.21,1.06,1.6,-0.24,0.09,-0.24,1.4,1.3,0.11,0.1,0.11,1.27,0.4,0.24,0.12,0.24,0.36,0.9,-0.85,0.38,-0.85,0.23
10.3,1.2434482758620682,158.09137931034485,-2.5362068965517244,-92.37827586206897,27.406896551724124,-8.901413793103455,-5.459206896551725,17.36782758620689,-16.212724137931012,16.969172413793093,-10.628758620689648,94.8981724137931,-75.25882758620689,121.16251724137932,1.1,0.16,0.35,0.16,0.8,0.6,-0.23,0.19,-0.23,0.57,1.1,-0.53,0.06,-0.53,0.93,1.4,-0.36,0.4,-0.36,1.28,1.6,0.09,0.54,0.09,1.17,1.9,-1.23,0.36,-1.23,1.44,1.2,-0.7,0.43,-0.7,0.77,1.1,0.21,0.31,0.21,1.06,1.6,-0.24,0.09,-0.24,1.4,1.3,0.11,0.1,0.11,1.27,0.4,0.24,0.12,0.24,0.36,0.9,-0.85,0.38,-0.85,0.23
10.350000000000001,1.1169999999999964,159.42100000000005,-2.5870000000000015,-93.42800000000003,24.36999999999991,-10.056100000000038,-5.875200000000016,16.55409999999998,-11.353199999999843,15.008399999999936,-9.38119999999996,95.29090000000001,-75.2665,121.48000000000002,1.1,0.16,0.35,0.16,0.8,0.6,-0.23,0.19,-0.23,0.57,1.1,-0.53,0.06,-0.53,0.93,1.4,-0.36,0.4,-0.36,1.28,1.6,0.09,0.54,0.09,1.17,1.9,-1.23,0.36,-1.23,1.44,1.2,-0.7,0.43,-0.7,0.77,1.1,0.21,0.31,0.21,1.06,1.6,-0.24,0.09,-0.24,1.4,1.3,0.11,0.1,0.11,1.27,0.4,0.24,0.12,0.24,0.36,0.9,-0.85,0.38,-0.85,0.23
10.4,1.008,160.764,-2.658,-94.462,22.36,-12.1064,-7.4226,16.4882,-8.0764,12.4408,-8.3336,96.1924,-75.5192,122.336,1.1,0.16,0.35,0.16,0.8,0.6,-0.23,0.19,-0.23,0.57,1.1,-0.53,0.06,-0.53,0.93,1.4,-0.36,0.4,-0.36,1.28,1.6,0.09,0.54,0.09,1.17,1.9,-1.23,0.36,-1.23,1.44,1.2,-0.7,0.43,-0.7,0.77,1.1,0.21,0.31,0.21,1.06,1.6,-0.24,0.09,-0.24,1.4,1.3,0.11,0.1,0.11,1.27,0.4,0.24,0.12,0.24,0.36,0.9,-0.85,0.38,-0.85,0.23
10.450000000000001,0.8551724137931006,162.07517241379313,-2.685517241379311,-95.51103448275865,17.39310344827579,-14.330965517241435,-9.863379310344879,16.15017241379307,-5.118931034482667,9.906827586206852,-7.573241379310334,96.35362068965517,-76.22206896551727,122.89393103448278,1.1,0.09,0.38,0.09,0.85,0.7,-0.27,0.15,-0.27,0.55,1.1,-0.51,0.05,-0.51,0.94,1.2,-0.32,0.56,-0.32,1.14,1.5,0.22,0.41,0.22,0.94,2.1,-1.19,0.13,-1.19,1.71,1.2,-0.71,0.43,-0.71,0.76,1.1,0.2,0.33,0.2,1.05,1.6,-0.14,0.08,-0.14,1.45,1.3,0.11,0.1,0.11,1.27,0.4,0.24,0.12,0.24,0.38,0.9,-0.91,0.31,-0.91,0.21
10.5,0.69,163.43,-2.72,-96.59,14.1,-17.512,-12.634,13.779,0.256,7.59,-6.99,96.495,-77.588,123.858,1.1,0.09,0.38,0.09,0.85,0.7,-0.27,0.15,-0.27,0.55,1.1,-0.51,0.05,-0.51,0.94,1.2,-0.32,0.56,-0.32,1.14,1.5,0.22,0.41,0.22,0.94,2.1,-1.19,0.13,-1.19,1.71,1.2,-0.71,0.43,-0.71,0.76,1.1,0.2,0.33,0.2,1.05,1.6,-0.14,0.08,-0.14,1.45,1.3,0.11,0.1,0.11,1.27,0.4,0.24,0.12,0.24,0.38,0.9,-0.91,0.31,-0.91,0.21
10.55,0.4931034482758585,164.7648275862069,-2.7644827586206904,-97.68344827586209,12.475862068965487,-20.393310344827647,-16.101793103448358,10.091206896551673,4.535758620689721,6.282103448275836,-6.509413793103436,96.5755517241379,-80.88358620689658,125.99406896551723,1.1,0.09,0.38,0.09,0.85,0.7,-0.27,0.15,-0.27,0.55,1.1,-0.51,0.05,-0.51,0.94,1.2,-0.32,0.56,-0.32,1.14,1.5,0.22,0.41,0.22,0.94,2.1,-1.19,0.13,-1.19,1.71,1.2,-0.71,0.43,-0.71,0.76,1.1,0.2,0.33,0.2,1.05,1.6,-0.14,0.08,-0.14,1.45,1.3,0.11,0.1,0.11,1.27,0.4,0.24,0.12,0.24,0.38,0.9,-0.91,0.31,-0.91,0.21
10.600000000000001,0.2733333333333286,166.10866666666672,-2.799333333333334,-98.79933333333337,9.559999999999842,-26.179733333333505,-25.079666666666924,9.487066666666662,5.779666666666608,4.076199999999934,-4.6272666666665865,91.40353333333334,-75.65966666666648,118.66493333333322,1.1,0.09,0.38,0.09,0.85,0.7,-0.27,0.15,-0.27,0.55,1.1,-0.51,0.05,-0.51,0.94,1.2,-0.32,0.56,-0.32,1.14,1.5,0.22,0.41,0.22,0.94,2.1,-1.19,0.13,-1.19,1.71,1.2,-0.71,0.43,-0.71,0.76,1.1,0.2,0.33,0.2,1.05,1.6,-0.14,0.08,-0.14,1.45,1.3,0.11,0.1,0.11,1.27,0.4,0.24,0.12,0.24,0.38,0.9,-0.91,0.31,-0.91,0.21
10.65,0.1559999999999988,167.38400000000001,-2.8213333333333335,-99.76933333333335,2.8466666666666507,-32.00173333333334,-33.159999999999975,9.782666666666797,1.8656666666666524,1.8976000000000002,-1.4205999999999828,95.92686666666668,-69.73866666666667,118.61040000000001,1.1,0.0879999999999994,0.3806666666666669,0.0879999999999994,0.8540000000000012,0.7,-0.265333333333332,0.14933333333333312,-0.265333333333332,0.5466666666666657,1.1,-0.5073333333333325,0.04799999999999941,-0.5073333333333325,0.94,1.1933333333333314,-0.31599999999999884,0.5653333333333349,-0.31599999999999884,1.1339999999999981,1.4666666666666568,0.2186666666666663,0.3899999999999941,0.2186666666666663,0.9219999999999946,2.1133333333333373,-1.1813333333333307,0.1259999999999988,-1.1813333333333307,1.7280000000000053,1.2,-0.7059999999999987,0.4259999999999988,-0.7059999999999987,0.7573333333333325,1.0933333333333315,0.20066666666666688,0.3340000000000012,0.20066666666666688,1.045999999999999,1.6,-0.13199999999999765,0.08066666666666686,-0.13199999999999765,1.454000000000001,1.3066666666666686,0.11133333333333373,0.10533333333333492,0.11133333333333373,1.2746666666666682,0.4066666666666687,0.2379999999999994,0.11933333333333314,0.2379999999999994,0.38133333333333375,0.9066666666666686,-0.9133333333333343,0.3046666666666651,-0.9133333333333343,0.21133333333333373
10.700000000000001,0.07066666666666571,168.734,-2.854666666666667,-100.76000000000002,1.879999999999993,-32.996800000000015,-31.427999999999976,19.301866666666776,0.5568666666666462,1.9646666666666686,-0.29719999999999014,96.58073333333333,-70.45813333333335,119.56140000000002,1.1,0.06,0.39,0.06,0.91,0.7,-0.2,0.14,-0.2,0.5,1.1,-0.47,0.02,-0.47,0.94,1.1,-0.26,0.64,-0.26,1.05,1.0,0.2,0.11,0.2,0.67,2.3,-1.06,0.07,-1.06,1.98,1.2,-0.65,0.37,-0.65,0.72,1.0,0.21,0.39,0.21,0.99,1.6,-0.02,0.09,-0.02,1.51,1.4,0.13,0.18,0.13,1.34,0.5,0.21,0.11,0.21,0.4,1.0,-0.96,0.23,-0.96,0.23
10.75,0.004615384615382093,170.06384615384619,-2.8692307692307697,-101.74076923076925,2.3923076923076962,-35.15369230769232,-31.420615384615388,19.22146153846152,-1.6229230769231004,2.000384615384612,-0.8290769230769302,95.08046153846152,-72.04361538461539,119.29361538461536,1.1,0.06,0.39,0.06,0.91,0.7,-0.2,0.14,-0.2,0.5,1.1,-0.47,0.02,-0.47,0.94,1.1,-0.26,0.64,-0.26,1.05,1.0,0.2,0.11,0.2,0.67,2.3,-1.06,0.07,-1.06,1.98,1.2,-0.65,0.37,-0.65,0.72,1.0,0.21,0.39,0.21,0.99,1.6,-0.02,0.09,-0.02,1.51,1.4,0.13,0.18,0.13,1.34,0.5,0.21,0.11,0.21,0.4,1.0,-0.96,0.23,-0.96,0.23
