Time,Height above ground [m],X [m],Y [m],Z [m],Opening Angle [°],Stalling Angle Left [°],Stalling Angle Right [°],Roll Angle Left [°],Roll Angle Right [°],Yaw Angle Left [°],Yaw Angle Right [°],Speed hor. [km/h],Speed vert. [km/h],Speed resulting [km/h],W1_Speed,W1_Tangent,W1_Turbulence,W1_CleanTan,W1_Cross,W2_Speed,W2_Tangent,W2_Turbulence,W2_CleanTan,W2_Cross,W3_Speed,W3_Tangent,W3_Turbulence,W3_CleanTan,W3_Cross,W4_Speed,W4_Tangent,W4_Turbulence,W4_CleanTan,W4_Cross,W5_Speed,W5_Tangent,W5_Turbulence,W5_CleanTan,W5_Cross,W6_Speed,W6_Tangent,W6_Turbulence,W6_CleanTan,W6_Cross,W7_Speed,W7_Tangent,W7_Turbulence,W7_CleanTan,W7_Cross,W8_Speed,W8_Tangent,W8_Turbulence,W8_CleanTan,W8_Cross,W9_Speed,W9_Tangent,W9_Turbulence,W9_CleanTan,W9_Cross,W10_Speed,W10_Tangent,W10_Turbulence,W10_CleanTan,W10_Cross,W11_Speed,W11_Tangent,W11_Turbulence,W11_CleanTan,W11_Cross,W12_Speed,W12_Tangent,W12_Turbulence,W12_CleanTan,W12_Cross
0.098,,-81.54,-0.0,43.2,,,,,,,,0.0,0.0,0.0,1.4,1.38,0.15,1.38,0.37,0.8,0.8,0.22,0.8,0.03,0.8,0.79,0.02,0.79,0.12,1.2,1.07,0.15,1.07,0.42,0.8,0.6,0.11,0.6,0.43,0.9,0.37,0.06,0.37,0.7,1.0,0.69,0.02,0.69,0.69,0.7,0.36,0.05,0.36,0.56,0.9,0.01,0.01,0.01,0.82,0.4,-0.27,0.23,-0.27,0.33,0.5,0.07,0.13,0.07,0.47,0.5,-0.2,0.14,-0.2,0.39
0.14800000000000002,,-80.579222614841,0.0,42.69104829210836,,,,,,,,1.1413191990577152,-0.23220259128386345,1.1646996466431099,1.4,1.3798822143698468,0.14823321554770316,1.3798822143698468,0.3704711425206125,0.8,0.7992932862190814,0.21823321554770317,0.7992932862190814,0.03176678445229682,0.8047114252061249,0.7931802120141344,0.02247349823321555,0.7931802120141344,0.12259128386336866,1.2,1.0687043580683158,0.1483510011778563,1.0687043580683158,0.4228268551236749,0.8,0.6023557126030624,0.10882214369846879,0.6023557126030624,0.4277620730270907,0.9011778563015312,0.37141342756183743,0.06047114252061248,0.37141342756183743,0.7015312131919905,1.0047114252061249,0.6932979976442873,0.02188457008244994,0.6932979976442873,0.6930624263839811,0.7,0.35752650176678447,0.05129564193168434,0.35752650176678447,0.5615312131919906,0.9,0.01082449941107185,0.010235571260306242,0.01082449941107185,0.8211778563015312,0.40235571260306247,-0.270942285041225,0.22787985865724383,-0.270942285041225,0.3321201413427562,0.4988221436984688,0.07023557126030625,0.12917550058892815,0.07023557126030625,0.46929328621908123,0.5011778563015312,-0.20129564193168434,0.13905771495877503,-0.20129564193168434,0.39070671378091876
0.19800000000000004,,-79.61844522968198,0.0,42.18209658421673,,,,,,,,2.2826383981154303,-0.4644051825677269,2.3293992932862198,1.4,1.3797644287396937,0.14646643109540636,1.3797644287396937,0.37094228504122495,0.8,0.7985865724381626,0.21646643109540636,0.7985865724381626,0.033533568904593636,0.8094228504122497,0.7963604240282686,0.024946996466431098,0.7963604240282686,0.12518256772673733,1.2,1.0674087161366315,0.1467020023557126,1.0674087161366315,0.4256537102473498,0.8,0.6047114252061249,0.10764428739693757,0.6047114252061249,0.4255241460541814,0.9023557126030625,0.3728268551236749,0.06094228504122497,0.3728268551236749,0.7030624263839811,1.0094228504122498,0.6965959952885747,0.023769140164899883,0.6965959952885747,0.6961248527679622,0.7,0.3550530035335689,0.05259128386336867,0.3550530035335689,0.5630624263839812,0.9,0.0116489988221437,0.010471142520612486,0.0116489988221437,0.8223557126030624,0.40471142520612485,-0.27188457008245,0.22575971731448763,-0.27188457008245,0.33424028268551237,0.49764428739693756,0.0704711425206125,0.1283510011778563,0.0704711425206125,0.46858657243816254,0.5023557126030624,-0.2025912838633687,0.13811542991755008,-0.2025912838633687,0.39141342756183745
0.24800000000000005,,-78.65766784452298,0.0,41.67314487632509,,,,,,,,3.4239575971731457,-0.6966077738515903,3.4940989399293296,1.4,1.3796466431095404,0.14469964664310953,1.3796466431095404,0.37141342756183743,0.8,0.7978798586572439,0.21469964664310953,0.7978798586572439,0.03530035335689046,0.8141342756183746,0.7995406360424029,0.027420494699646646,0.7995406360424029,0.127773851590106,1.2,1.0661130742049472,0.1450530035335689,1.0661130742049472,0.42848056537102475,0.8,0.6070671378091873,0.10646643109540636,0.6070671378091873,0.42328621908127206,0.9035335689045937,0.37424028268551235,0.06141342756183745,0.37424028268551235,0.7045936395759717,1.0141342756183747,0.6998939929328621,0.025653710247349824,0.6998939929328621,0.6991872791519435,0.7,0.35257950530035337,0.053886925795053005,0.35257950530035337,0.5645936395759718,0.9,0.012473498233215549,0.010706713780918729,0.012473498233215549,0.8235335689045936,0.4070671378091873,-0.27282685512367494,0.22363957597173145,-0.27282685512367494,0.33636042402826855,0.49646643109540634,0.07070671378091874,0.12752650176678446,0.07070671378091874,0.4678798586572438,0.5035335689045937,-0.20388692579505302,0.1371731448763251,-0.20388692579505302,0.3921201413427562
0.29800000000000004,,-77.69689045936396,0.0,41.16419316843346,,,,,,,,4.565276796230861,-0.9288103651354536,4.658798586572439,1.4,1.3795288574793874,0.14293286219081272,1.3795288574793874,0.37188457008244996,0.8,0.7971731448763252,0.21293286219081273,0.7971731448763252,0.03706713780918728,0.8188457008244995,0.8027208480565371,0.029893992932862195,0.8027208480565371,0.13036513545347467,1.2,1.0648174322732626,0.1434040047114252,1.0648174322732626,0.4313074204946996,0.8,0.6094228504122496,0.10528857479387514,0.6094228504122496,0.42104829210836275,0.9047114252061249,0.37565371024734984,0.06188457008244994,0.37565371024734984,0.7061248527679622,1.0188457008244993,0.7031919905771495,0.027538280329799766,0.7031919905771495,0.7022497055359246,0.7,0.3501060070671378,0.05518256772673734,0.3501060070671378,0.5661248527679623,0.9,0.013297997644287398,0.01094228504122497,0.013297997644287398,0.8247114252061248,0.40942285041224974,-0.2737691401648999,0.22151943462897528,-0.2737691401648999,0.3384805653710248,0.49528857479387517,0.07094228504122498,0.1267020023557126,0.07094228504122498,0.46717314487632505,0.5047114252061249,-0.20518256772673735,0.13623085983510014,-0.20518256772673735,0.39282685512367493
0.3480000000000001,,-76.73611307420495,0.0,40.655241460541816,,,,,,,,5.706595995288577,-1.1610129564193172,5.82349823321555,1.4,1.3794110718492343,0.1411660777385159,1.3794110718492343,0.37235571260306244,0.8,0.7964664310954064,0.2111660777385159,0.7964664310954064,0.0388339222614841,0.8235571260306244,0.8059010600706714,0.03236749116607775,0.8059010600706714,0.13295641931684335,1.2,1.0635217903415783,0.1417550058892815,1.0635217903415783,0.43413427561837453,0.8,0.6117785630153121,0.10411071849234393,0.6117785630153121,0.41881036513545344,0.9058892815076561,0.37706713780918727,0.06235571260306243,0.37706713780918727,0.7076560659599529,1.0235571260306242,0.7064899882214369,0.029422850412249707,0.7064899882214369,0.7053121319199057,0.7,0.34763250883392227,0.05647820965842168,0.34763250883392227,0.5676560659599529,0.9,0.01412249705535925,0.011177856301531213,0.01412249705535925,0.8258892815076561,0.4117785630153122,-0.27471142520612485,0.2193992932862191,-0.27471142520612485,0.34060070671378095,0.49411071849234395,0.07117785630153121,0.12587750294464076,0.07117785630153121,0.4664664310954063,0.5058892815076561,-0.20647820965842167,0.13528857479387515,-0.20647820965842167,0.3935335689045937
0.39800000000000013,,-75.77533568904595,0.0,40.146289752650176,,,,,,,,6.847915194346292,-1.393215547703181,6.98819787985866,1.4,1.3792932862190812,0.13939929328621908,1.3792932862190812,0.3728268551236749,0.8,0.7957597173144877,0.2093992932862191,0.7957597173144877,0.040600706713780924,0.8282685512367491,0.8090812720848057,0.034840989399293296,0.8090812720848057,0.13554770318021203,1.2,1.062226148409894,0.1401060070671378,1.062226148409894,0.43696113074204945,0.8,0.6141342756183745,0.10293286219081271,0.6141342756183745,0.41657243816254413,0.9070671378091874,0.37848056537102476,0.0628268551236749,0.37848056537102476,0.7091872791519435,1.028268551236749,0.7097879858657243,0.03130742049469965,0.7097879858657243,0.7083745583038868,0.7,0.3451590106007067,0.057773851590106014,0.3451590106007067,0.5691872791519436,0.9,0.0149469964664311,0.011413427561837457,0.0149469964664311,0.8270671378091873,0.41413427561837457,-0.27565371024734986,0.2172791519434629,-0.27565371024734986,0.34272084805653713,0.4929328621908127,0.07141342756183747,0.1250530035335689,0.07141342756183747,0.4657597173144876,0.5070671378091873,-0.20777385159010603,0.1343462897526502,-0.20777385159010603,0.39424028268551237
0.44800000000000006,,-74.81455830388693,0.0,39.63733804475854,,,,,,,,7.989234393404006,-1.625418138987044,8.152897526501768,1.4,1.3791755005889281,0.13763250883392225,1.3791755005889281,0.3732979976442874,0.8,0.7950530035335689,0.20763250883392226,0.7950530035335689,0.04236749116607774,0.832979976442874,0.81226148409894,0.037314487632508844,0.81226148409894,0.13813898704358069,1.2,1.0609305064782097,0.1384570082449941,1.0609305064782097,0.4397879858657244,0.8,0.616489988221437,0.1017550058892815,0.616489988221437,0.4143345111896349,0.9082449941107185,0.3798939929328622,0.0632979976442874,0.3798939929328622,0.710718492343934,1.032979976442874,0.7130859835100117,0.03319199057714959,0.7130859835100117,0.711436984687868,0.7,0.3426855123674912,0.05906949352179035,0.3426855123674912,0.5707184923439341,0.9,0.01577149587750295,0.0116489988221437,0.01577149587750295,0.8282449941107185,0.416489988221437,-0.2765959952885748,0.21515901060070672,-0.2765959952885748,0.3448409893992933,0.4917550058892815,0.0716489988221437,0.12422850412249706,0.0716489988221437,0.4650530035335689,0.5082449941107184,-0.20906949352179036,0.13340400471142522,-0.20906949352179036,0.3949469964664311
0.4980000000000001,,-73.85378091872792,0.0,39.1283863368669,,,,,,,,9.130553592461721,-1.8576207302709076,9.317597173144879,1.4,1.379057714958775,0.13586572438162542,1.379057714958775,0.37376914016489987,0.8,0.7943462897526502,0.20586572438162543,0.7943462897526502,0.04413427561837456,0.8376914016489989,0.8154416961130743,0.03978798586572439,0.8154416961130743,0.14073027090694937,1.2,1.0596348645465254,0.1368080094228504,1.0596348645465254,0.4426148409893993,0.8,0.6188457008244994,0.1005771495877503,0.6188457008244994,0.41209658421672557,0.9094228504122497,0.3813074204946996,0.06376914016489989,0.3813074204946996,0.7122497055359246,1.0376914016489989,0.7163839811542991,0.035076560659599534,0.7163839811542991,0.7144994110718492,0.7,0.3402120141342756,0.06036513545347468,0.3402120141342756,0.5722497055359247,0.9,0.0165959952885748,0.011884570082449942,0.0165959952885748,0.8294228504122496,0.41884570082449946,-0.27753828032979977,0.21303886925795054,-0.27753828032979977,0.3469611307420495,0.4905771495877503,0.07188457008244994,0.12340400471142521,0.07188457008244994,0.46434628975265013,0.5094228504122497,-0.21036513545347468,0.13246171967020023,-0.21036513545347468,0.39565371024734985
0.5480000000000002,,-72.8930035335689,0.0,38.61943462897527,,,,,,,,10.271872791519439,-2.0898233215547712,10.482296819787988,1.4,1.3789399293286217,0.13409893992932861,1.3789399293286217,0.37424028268551235,0.8,0.7936395759717315,0.20409893992932862,0.7936395759717315,0.04590106007067138,0.8424028268551237,0.8186219081272086,0.04226148409893994,0.8186219081272086,0.14332155477031802,1.2,1.0583392226148411,0.1351590106007067,1.0583392226148411,0.4454416961130742,0.8,0.6212014134275619,0.09939929328621908,0.6212014134275619,0.40985865724381626,0.9106007067137809,0.3827208480565371,0.06424028268551236,0.3827208480565371,0.7137809187279152,1.0424028268551238,0.7196819787985865,0.03696113074204947,0.7196819787985865,0.7175618374558304,0.7,0.3377385159010601,0.061660777385159016,0.3377385159010601,0.5737809187279153,0.9,0.017420494699646648,0.012120141342756184,0.017420494699646648,0.8306007067137808,0.42120141342756184,-0.2784805653710247,0.21091872791519434,-0.2784805653710247,0.34908127208480566,0.48939929328621906,0.07212014134275618,0.12257950530035336,0.07212014134275618,0.46363957597173144,0.5106007067137809,-0.21166077738515904,0.13151943462897528,-0.21166077738515904,0.39636042402826854
0.5980000000000002,,-71.9322261484099,0.0,38.11048292108363,,,,,,,,11.413191990577154,-2.3220259128386345,11.6469964664311,1.4,1.3788221436984687,0.13233215547703178,1.3788221436984687,0.3747114252061248,0.8,0.7929328621908127,0.2023321554770318,0.7929328621908127,0.0476678445229682,0.8471142520612486,0.8218021201413428,0.04473498233215549,0.8218021201413428,0.1459128386336867,1.2,1.0570435806831566,0.133510011778563,1.0570435806831566,0.44826855123674914,0.8,0.6235571260306243,0.09822143698468787,0.6235571260306243,0.40762073027090695,0.9117785630153121,0.38413427561837454,0.06471142520612486,0.38413427561837454,0.7153121319199057,1.0471142520612486,0.7229799764428739,0.03884570082449942,0.7229799764428739,0.7206242638398115,0.7,0.3352650176678445,0.06295641931684336,0.3352650176678445,0.5753121319199058,0.9,0.018244994110718497,0.012355712603062428,0.018244994110718497,0.8317785630153121,0.4235571260306243,-0.27942285041224973,0.20879858657243816,-0.27942285041224973,0.35120141342756184,0.48822143698468784,0.07235571260306244,0.12175500588928151,0.07235571260306244,0.4629328621908127,0.5117785630153121,-0.21295641931684337,0.1305771495877503,-0.21295641931684337,0.3970671378091873
0.6480000000000001,,-70.97144876325089,0.0,37.60153121319199,,,,,,,,12.554511189634868,-2.5542285041224977,12.811696113074207,1.4,1.3787043580683156,0.13056537102473498,1.3787043580683156,0.37518256772673736,0.8,0.792226148409894,0.20056537102473498,0.792226148409894,0.049434628975265016,0.8518256772673735,0.8249823321554771,0.04720848056537104,0.8249823321554771,0.14850412249705536,1.2,1.0557479387514723,0.1318610129564193,1.0557479387514723,0.451095406360424,0.8,0.6259128386336867,0.09704358068315665,0.6259128386336867,0.40538280329799764,0.9129564193168433,0.38554770318021203,0.06518256772673733,0.38554770318021203,0.7168433451118963,1.0518256772673733,0.7262779740871613,0.04073027090694936,0.7262779740871613,0.7236866902237926,0.7,0.332791519434629,0.06425206124852768,0.332791519434629,0.5768433451118964,0.9,0.019069493521790347,0.01259128386336867,0.019069493521790347,0.8329564193168433,0.42591283863368673,-0.2803651354534747,0.20667844522968198,-0.2803651354534747,0.353321554770318,0.4870435806831567,0.07259128386336867,0.12093050647820966,0.07259128386336867,0.46222614840989396,0.5129564193168433,-0.2142520612485277,0.12963486454652534,-0.2142520612485277,0.39777385159010603
0.6980000000000002,,-70.01067137809187,0.0,37.09257950530036,,,,,,,,13.695830388692583,-2.7864310954063614,13.976395759717319,1.4,1.3785865724381625,0.12879858657243815,1.3785865724381625,0.37565371024734984,0.8,0.7915194346289753,0.19879858657243815,0.7915194346289753,0.05120141342756184,0.8565371024734982,0.8281625441696113,0.04968197879858659,0.8281625441696113,0.15109540636042404,1.2,1.054452296819788,0.1302120141342756,1.054452296819788,0.4539222614840989,0.8,0.6282685512367491,0.09586572438162544,0.6282685512367491,0.40314487632508833,0.9141342756183746,0.38696113074204946,0.06565371024734983,0.38696113074204946,0.7183745583038869,1.0565371024734982,0.7295759717314487,0.0426148409893993,0.7295759717314487,0.7267491166077739,0.7,0.3303180212014134,0.06554770318021202,0.3303180212014134,0.578374558303887,0.9,0.019893992932862196,0.012826855123674912,0.019893992932862196,0.8341342756183745,0.4282685512367491,-0.28130742049469964,0.2045583038869258,-0.28130742049469964,0.35544169611307425,0.48586572438162545,0.07282685512367491,0.12010600706713781,0.07282685512367491,0.4615194346289752,0.5141342756183745,-0.21554770318021202,0.12869257950530036,-0.21554770318021202,0.3984805653710248
0.7480000000000002,,-69.04989399293287,0.0,36.58362779740872,,,,,,,,14.837149587750298,-3.0186336866902246,15.141095406360428,1.4,1.3784687868080094,0.12703180212014134,1.3784687868080094,0.3761248527679623,0.8,0.7908127208480565,0.19703180212014135,0.7908127208480565,0.05296819787985866,0.8612485276796231,0.8313427561837456,0.052155477031802136,0.8313427561837456,0.15368669022379272,1.2,1.0531566548881037,0.1285630153121319,1.0531566548881037,0.45674911660777384,0.8,0.6306242638398115,0.09468786808009422,0.6306242638398115,0.400906949352179,0.9153121319199058,0.38837455830388695,0.06612485276796232,0.38837455830388695,0.7199057714958774,1.061248527679623,0.7328739693757361,0.04449941107184924,0.7328739693757361,0.729811542991755,0.7,0.3278445229681979,0.06684334511189635,0.3278445229681979,0.5799057714958775,0.9,0.020718492343934046,0.013062426383981154,0.020718492343934046,0.8353121319199057,0.43062426383981156,-0.28224970553592466,0.2024381625441696,-0.28224970553592466,0.3575618374558304,0.48468786808009423,0.07306242638398117,0.11928150765606596,0.07306242638398117,0.4608127208480565,0.5153121319199058,-0.21684334511189637,0.12775029446407538,-0.21684334511189637,0.39918727915194346
0.7980000000000002,,-68.08911660777386,0.0,36.074676089517084,,,,,,,,15.978468786808012,-3.250836277974088,16.305795053003536,1.4,1.3783510011778561,0.1252650176678445,1.3783510011778561,0.3765959952885748,0.8,0.7901060070671378,0.19526501766784451,0.7901060070671378,0.05473498233215548,0.865959952885748,0.8345229681978799,0.054628975265017685,0.8345229681978799,0.15627797408716138,1.2,1.0518610129564194,0.1269140164899882,1.0518610129564194,0.45957597173144876,0.8,0.632979976442874,0.09351001177856301,0.632979976442874,0.3986690223792697,0.916489988221437,0.3897879858657244,0.0665959952885748,0.3897879858657244,0.721436984687868,1.065959952885748,0.7361719670200235,0.04638398115429918,0.7361719670200235,0.7328739693757361,0.7,0.3253710247349823,0.06813898704358069,0.3253710247349823,0.5814369846878681,0.9,0.021542991755005896,0.013297997644287397,0.021542991755005896,0.8364899882214369,0.432979976442874,-0.2831919905771496,0.20031802120141343,-0.2831919905771496,0.3596819787985866,0.483510011778563,0.0732979976442874,0.11845700824499411,0.0732979976442874,0.4601060070671378,0.516489988221437,-0.2181389870435807,0.12680800942285042,-0.2181389870435807,0.3998939929328622
0.8480000000000002,,-67.12833922261484,0.0,35.565724381625444,,,,,,,,17.119787985865727,-3.4830388692579515,17.470494699646647,1.4,1.378233215547703,0.12349823321554769,1.378233215547703,0.37706713780918727,0.8,0.7893992932862192,0.1934982332155477,0.7893992932862192,0.056501766784452304,0.8706713780918729,0.8377031802120142,0.05710247349823323,0.8377031802120142,0.15886925795053006,1.2,1.0505653710247351,0.1252650176678445,1.0505653710247351,0.4624028268551237,0.8,0.6353356890459364,0.0923321554770318,0.6353356890459364,0.3964310954063604,0.9176678445229682,0.3912014134275618,0.06706713780918729,0.3912014134275618,0.7229681978798587,1.0706713780918728,0.7394699646643109,0.04826855123674913,0.7394699646643109,0.7359363957597173,0.7,0.3228975265017668,0.06943462897526503,0.3228975265017668,0.5829681978798587,0.9,0.022367491166077745,0.013533568904593639,0.022367491166077745,0.8376678445229682,0.43533568904593645,-0.28413427561837457,0.19819787985865725,-0.28413427561837457,0.3618021201413428,0.4823321554770318,0.07353356890459364,0.11763250883392226,0.07353356890459364,0.45939929328621903,0.5176678445229682,-0.21943462897526503,0.12586572438162544,-0.21943462897526503,0.40060070671378095
0.8980000000000002,,-66.16756183745584,0.0,35.0567726737338,,,,,,,,18.261107184923443,-3.715241460541815,18.635194346289758,1.4,1.37811542991755,0.12173144876325087,1.37811542991755,0.37753828032979975,0.8,0.7886925795053004,0.19173144876325088,0.7886925795053004,0.05826855123674912,0.8753828032979977,0.8408833922261485,0.05957597173144878,0.8408833922261485,0.1614605418138987,1.2,1.0492697290930506,0.12361601884570081,1.0492697290930506,0.4652296819787986,0.8,0.6376914016489988,0.09115429917550058,0.6376914016489988,0.3941931684334511,0.9188457008244995,0.3926148409893993,0.06753828032979976,0.3926148409893993,0.7244994110718492,1.0753828032979977,0.7427679623085983,0.050153121319199065,0.7427679623085983,0.7389988221436984,0.7,0.3204240282685512,0.07073027090694936,0.3204240282685512,0.5844994110718493,0.9,0.023191990577149595,0.013769140164899883,0.023191990577149595,0.8388457008244994,0.43769140164899883,-0.2850765606595995,0.19607773851590105,-0.2850765606595995,0.36392226148409895,0.48115429917550057,0.07376914016489988,0.11680800942285041,0.07376914016489988,0.45869257950530035,0.5188457008244994,-0.22073027090694936,0.12492343934040048,-0.22073027090694936,0.40130742049469964
0.9480000000000003,,-65.20678445229682,0.0,34.54782096584216,,,,,,,,19.402426383981158,-3.9474440518256784,19.79989399293287,1.4,1.377997644287397,0.11996466431095405,1.377997644287397,0.3780094228504122,0.8,0.7879858657243817,0.18996466431095405,0.7879858657243817,0.06003533568904594,0.8800942285041226,0.8440636042402827,0.06204946996466433,0.8440636042402827,0.1640518256772674,1.2,1.0479740871613663,0.12196702002355711,1.0479740871613663,0.4680565371024735,0.8,0.6400471142520613,0.08997644287396937,0.6400471142520613,0.3919552414605418,0.9200235571260307,0.39402826855123674,0.06800942285041225,0.39402826855123674,0.7260306242638398,1.0800942285041226,0.7460659599528857,0.052037691401649,0.7460659599528857,0.7420612485276796,0.7,0.3179505300353357,0.0720259128386337,0.3179505300353357,0.5860306242638399,0.9,0.024016489988221444,0.014004711425206125,0.024016489988221444,0.8400235571260306,0.4400471142520613,-0.28601884570082453,0.19395759717314487,-0.28601884570082453,0.36604240282685513,0.47997644287396934,0.07400471142520613,0.11598351001177856,0.07400471142520613,0.4579858657243816,0.5200235571260307,-0.2220259128386337,0.1239811542991755,-0.2220259128386337,0.4020141342756184
0.9980000000000003,,-64.24600706713781,0.0,34.03886925795053,,,,,,,,20.543745583038877,-4.1796466431095425,20.964593639575977,1.4,1.3778798586572438,0.11819787985865723,1.3778798586572438,0.3784805653710247,0.8,0.7872791519434629,0.18819787985865724,0.7872791519434629,0.061802120141342766,0.8848056537102474,0.847243816254417,0.06452296819787988,0.847243816254417,0.16664310954063605,1.2,1.046678445229682,0.12031802120141341,1.046678445229682,0.4708833922261484,0.8,0.6424028268551237,0.08879858657243815,0.6424028268551237,0.38971731448763247,0.9212014134275619,0.3954416961130742,0.06848056537102473,0.3954416961130742,0.7275618374558304,1.0848056537102473,0.7493639575971731,0.053922261484098954,0.7493639575971731,0.7451236749116608,0.7,0.3154770318021201,0.07332155477031803,0.3154770318021201,0.5875618374558305,0.9,0.024840989399293294,0.014240282685512369,0.024840989399293294,0.8412014134275618,0.4424028268551237,-0.2869611307420495,0.1918374558303887,-0.2869611307420495,0.36816254416961136,0.4787985865724382,0.07424028268551237,0.11515901060070671,0.07424028268551237,0.45727915194346286,0.5212014134275619,-0.22332155477031804,0.12303886925795053,-0.22332155477031804,0.40272084805653713
1.0480000000000003,,-63.2852296819788,0.0,33.5299175500589,,,,,,,,21.68506478209659,-4.411849234393405,22.129293286219085,1.4,1.3777620730270905,0.11643109540636042,1.3777620730270905,0.37895170789163724,0.8,0.7865724381625442,0.18643109540636044,0.7865724381625442,0.06356890459363958,0.8895170789163722,0.8504240282685513,0.06699646643109543,0.8504240282685513,0.16923439340400473,1.2,1.0453828032979977,0.11866902237926971,1.0453828032979977,0.4737102473498233,0.8,0.6447585394581861,0.08762073027090694,0.6447585394581861,0.38747938751472316,0.9223792697290931,0.39685512367491166,0.06895170789163722,0.39685512367491166,0.7290930506478209,1.0895170789163722,0.7526619552414605,0.05580683156654889,0.7526619552414605,0.7481861012956419,0.7,0.3130035335689046,0.07461719670200237,0.3130035335689046,0.589093050647821,0.9,0.025665488810365143,0.014475853945818611,0.025665488810365143,0.842379269729093,0.4447585394581861,-0.28790341578327444,0.18971731448763252,-0.28790341578327444,0.37028268551236754,0.47762073027090696,0.07447585394581861,0.11433451118963486,0.07447585394581861,0.4565724381625441,0.5223792697290931,-0.22461719670200236,0.12209658421672556,-0.22461719670200236,0.4034275618374559
1.0980000000000005,,-62.324452296819786,0.0,33.02096584216726,,,,,,,,22.826383981154308,-4.644051825677269,23.2939929328622,1.4,1.3776442873969375,0.1146643109540636,1.3776442873969375,0.3794228504122497,0.8,0.7858657243816255,0.1846643109540636,0.7858657243816255,0.0653356890459364,0.8942285041224971,0.8536042402826856,0.06946996466431098,0.8536042402826856,0.1718256772673734,1.2,1.0440871613663134,0.11702002355712601,1.0440871613663134,0.47653710247349823,0.8,0.6471142520612485,0.08644287396937572,0.6471142520612485,0.38524146054181385,0.9235571260306243,0.39826855123674915,0.06942285041224971,0.39826855123674915,0.7306242638398115,1.094228504122497,0.7559599528857479,0.05769140164899883,0.7559599528857479,0.751248527679623,0.7,0.310530035335689,0.0759128386336867,0.310530035335689,0.5906242638398116,0.9,0.026489988221436993,0.014711425206124853,0.026489988221436993,0.8435571260306243,0.44711425206124855,-0.28884570082449945,0.1875971731448763,-0.28884570082449945,0.3724028268551237,0.47644287396937574,0.07471142520612487,0.11351001177856301,0.07471142520612487,0.4558657243816254,0.5235571260306243,-0.22591283863368672,0.1211542991755006,-0.22591283863368672,0.40413427561837456
1.1480000000000004,,-61.36367491166078,0.0,32.51201413427562,,,,,,,,23.96770318021202,-4.876254416961132,24.458692579505303,1.4,1.3775265017667844,0.11289752650176677,1.3775265017667844,0.3798939929328622,0.8,0.7851590106007067,0.18289752650176677,0.7851590106007067,0.06710247349823323,0.898939929328622,0.8567844522968199,0.07194346289752653,0.8567844522968199,0.17441696113074207,1.2,1.042791519434629,0.11537102473498231,1.042791519434629,0.47936395759717315,0.8,0.649469964664311,0.08526501766784451,0.649469964664311,0.3830035335689046,0.9247349823321555,0.3996819787985866,0.06989399293286219,0.3996819787985866,0.7321554770318021,1.098939929328622,0.7592579505300353,0.05957597173144877,0.7592579505300353,0.7543109540636042,0.7,0.3080565371024735,0.07720848056537104,0.3080565371024735,0.5921554770318022,0.9,0.027314487632508842,0.014946996466431096,0.027314487632508842,0.8447349823321555,0.449469964664311,-0.2897879858657244,0.18547703180212013,-0.2897879858657244,0.3745229681978799,0.4752650176678445,0.0749469964664311,0.11268551236749116,0.0749469964664311,0.4551590106007067,0.5247349823321554,-0.22720848056537105,0.12021201413427562,-0.22720848056537105,0.4048409893992933
1.1980000000000004,,-60.40289752650176,0.0,32.003062426383984,,,,,,,,25.109022379269735,-5.108457008244995,25.623392226148415,1.4,1.3774087161366313,0.11113074204946996,1.3774087161366313,0.38036513545347467,0.8,0.784452296819788,0.18113074204946997,0.784452296819788,0.06886925795053003,0.9036513545347468,0.8599646643109541,0.07441696113074207,0.8599646643109541,0.17700824499411075,1.2,1.0414958775029446,0.11372202591283861,1.0414958775029446,0.48219081272084807,0.8,0.6518256772673734,0.0840871613663133,0.6518256772673734,0.3807656065959953,0.9259128386336867,0.401095406360424,0.07036513545347468,0.401095406360424,0.7336866902237926,1.1036513545347468,0.7625559481743227,0.06146054181389872,0.7625559481743227,0.7573733804475854,0.7,0.3055830388692579,0.07850412249705538,0.3055830388692579,0.5936866902237927,0.9,0.028138987043580692,0.015182567726737338,0.028138987043580692,0.8459128386336867,0.4518256772673734,-0.29073027090694936,0.18335689045936396,-0.29073027090694936,0.37664310954063607,0.4740871613663133,0.07518256772673734,0.11186101295641931,0.07518256772673734,0.45445229681978794,0.5259128386336867,-0.22850412249705537,0.11926972909305066,-0.22850412249705537,0.40554770318021205
1.2480000000000004,,-59.442120141342755,0.0,31.494110718492344,,,,,,,,26.25034157832745,-5.340659599528859,26.788091872791526,1.4,1.3772909305064782,0.10936395759717313,1.3772909305064782,0.38083627797408715,0.8,0.7837455830388693,0.17936395759717313,0.7837455830388693,0.07063604240282687,0.9083627797408717,0.8631448763250884,0.07689045936395762,0.8631448763250884,0.1795995288574794,1.2,1.0402002355712603,0.11207302709069492,1.0402002355712603,0.485017667844523,0.8,0.6541813898704358,0.08290930506478209,0.6541813898704358,0.378527679623086,0.9270906949352179,0.4025088339222615,0.07083627797408716,0.4025088339222615,0.7352179034157832,1.1083627797408717,0.7658539458186101,0.06334511189634866,0.7658539458186101,0.7604358068315665,0.7,0.3031095406360424,0.0797997644287397,0.3031095406360424,0.5952179034157833,0.9,0.02896348645465254,0.01541813898704358,0.02896348645465254,0.8470906949352179,0.4541813898704358,-0.2916725559481743,0.18123674911660778,-0.2916725559481743,0.37876325088339224,0.47290930506478207,0.07541813898704358,0.11103651354534746,0.07541813898704358,0.45374558303886925,0.5270906949352179,-0.2297997644287397,0.11832744405182569,-0.2297997644287397,0.40625441696113074
1.2980000000000005,,-58.48134275618374,0.0,30.985159010600704,,,,,,,,27.391660777385166,-5.572862190812723,27.952791519434637,1.4,1.3771731448763251,0.10759717314487631,1.3771731448763251,0.3813074204946996,0.8,0.7830388692579505,0.17759717314487633,0.7830388692579505,0.07240282685512368,0.9130742049469965,0.8663250883392227,0.07936395759717317,0.8663250883392227,0.18219081272084808,1.2,1.038904593639576,0.11042402826855122,1.038904593639576,0.4878445229681979,0.8,0.6565371024734983,0.08173144876325088,0.6565371024734983,0.37628975265017667,0.9282685512367491,0.40392226148409893,0.07130742049469965,0.40392226148409893,0.7367491166077739,1.1130742049469964,0.7691519434628975,0.0652296819787986,0.7691519434628975,0.7634982332155477,0.7,0.3006360424028268,0.08109540636042405,0.3006360424028268,0.5967491166077739,0.9,0.02978798586572439,0.015653710247349822,0.02978798586572439,0.8482685512367492,0.45653710247349827,-0.2926148409893993,0.17911660777385158,-0.2926148409893993,0.3808833922261484,0.4717314487632509,0.07565371024734983,0.11021201413427562,0.07565371024734983,0.4530388692579505,0.5282685512367491,-0.23109540636042405,0.1173851590106007,-0.23109540636042405,0.4069611307420495
1.3480000000000005,,-57.52056537102473,0.0,30.47620730270907,,,,,,,,28.53297997644288,-5.805064782096586,29.117491166077745,1.4,1.3770553592461718,0.10583038869257949,1.3770553592461718,0.3817785630153121,0.8,0.7823321554770318,0.1758303886925795,0.7823321554770318,0.0741696113074205,0.9177856301531214,0.8695053003533569,0.08183745583038872,0.8695053003533569,0.18478209658421674,1.2,1.0376089517078917,0.10877502944640752,1.0376089517078917,0.4906713780918728,0.8,0.6588928150765607,0.08055359246171966,0.6588928150765607,0.37405182567726736,0.9294464075382803,0.4053356890459364,0.07177856301531213,0.4053356890459364,0.7382803297997644,1.1177856301531213,0.7724499411071849,0.06711425206124855,0.7724499411071849,0.7665606595995288,0.7,0.2981625441696113,0.08239104829210839,0.2981625441696113,0.5982803297997644,0.9,0.03061248527679624,0.015889281507656068,0.03061248527679624,0.8494464075382803,0.4588928150765607,-0.2935571260306243,0.1769964664310954,-0.2935571260306243,0.3830035335689046,0.4705535924617197,0.07588928150765607,0.10938751472320377,0.07588928150765607,0.45233215547703176,0.5294464075382803,-0.23239104829210838,0.11644287396937573,-0.23239104829210838,0.4076678445229682
1.3980000000000006,,-56.55978798586572,0.0,29.96725559481743,,,,,,,,29.674299175500597,-6.037267373380449,30.282190812720856,1.4,1.3769375736160188,0.10406360424028267,1.3769375736160188,0.38224970553592463,0.8,0.7816254416961131,0.17406360424028267,0.7816254416961131,0.07593639575971732,0.9224970553592462,0.8726855123674913,0.08431095406360427,0.8726855123674913,0.18737338044758542,1.2,1.0363133097762074,0.10712603062426382,1.0363133097762074,0.49349823321554775,0.8,0.6612485276796232,0.07937573616018845,0.6612485276796232,0.37181389870435805,0.9306242638398116,0.40674911660777385,0.07224970553592462,0.40674911660777385,0.739811542991755,1.1224970553592462,0.7757479387514723,0.06899882214369848,0.7757479387514723,0.76962308598351,0.7,0.2956890459363957,0.08368669022379271,0.2956890459363957,0.599811542991755,0.9,0.03143698468786809,0.01612485276796231,0.03143698468786809,0.8506242638398115,0.4612485276796231,-0.29449941107184924,0.17487632508833922,-0.29449941107184924,0.38512367491166083,0.46937573616018846,0.07612485276796231,0.10856301531213192,0.07612485276796231,0.451625441696113,0.5306242638398115,-0.2336866902237927,0.11550058892815077,-0.2336866902237927,0.40837455830388697
1.4480000000000006,,-55.599010600706706,0.0,29.45830388692579,,,,,,,,30.815618374558312,-6.269469964664313,31.446890459363967,1.4,1.3768197879858657,0.10229681978798585,1.3768197879858657,0.3827208480565371,0.8,0.7809187279151943,0.17229681978798586,0.7809187279151943,0.07770318021201414,0.9272084805653711,0.8758657243816255,0.08678445229681983,0.8758657243816255,0.1899646643109541,1.2,1.035017667844523,0.10547703180212012,1.035017667844523,0.4963250883392226,0.8,0.6636042402826855,0.07819787985865723,0.6636042402826855,0.36957597173144874,0.9318021201413428,0.40816254416961134,0.07272084805653711,0.40816254416961134,0.7413427561837456,1.127208480565371,0.7790459363957597,0.07088339222614842,0.7790459363957597,0.7726855123674912,0.7,0.29321554770318015,0.08498233215547704,0.29321554770318015,0.6013427561837457,0.9,0.03226148409893994,0.016360424028268553,0.03226148409893994,0.8518021201413427,0.46360424028268554,-0.29544169611307425,0.17275618374558305,-0.29544169611307425,0.387243816254417,0.46819787985865724,0.07636042402826856,0.10773851590106007,0.07636042402826856,0.45091872791519433,0.5318021201413428,-0.23498233215547704,0.1145583038869258,-0.23498233215547704,0.40908127208480566
1.4980000000000004,,-54.6382332155477,0.0,28.949352179034157,,,,,,,,31.956937573616024,-6.501672555948176,32.61159010600707,1.4,1.3767020023557126,0.10053003533568904,1.3767020023557126,0.3831919905771496,0.8,0.7802120141342757,0.17053003533568906,0.7802120141342757,0.07946996466431096,0.931919905771496,0.8790459363957598,0.08925795053003537,0.8790459363957598,0.19255594817432276,1.2,1.0337220259128386,0.10382803297997642,1.0337220259128386,0.49915194346289754,0.8,0.6659599528857479,0.07702002355712602,0.6659599528857479,0.36733804475853943,0.932979976442874,0.4095759717314488,0.07319199057714959,0.4095759717314488,0.7428739693757361,1.131919905771496,0.7823439340400471,0.07276796230859836,0.7823439340400471,0.7757479387514723,0.7,0.2907420494699646,0.08627797408716137,0.2907420494699646,0.6028739693757362,0.9,0.03308598351001179,0.016595995288574795,0.03308598351001179,0.8529799764428739,0.465959952885748,-0.2963839811542992,0.17063604240282687,-0.2963839811542992,0.3893639575971732,0.467020023557126,0.0765959952885748,0.10691401648998822,0.0765959952885748,0.4502120141342756,0.532979976442874,-0.2362779740871614,0.11361601884570083,-0.2362779740871614,0.4097879858657244
1.5480000000000005,,-53.67745583038869,0.0,28.44040047114252,,,,,,,,33.09825677267374,-6.733875147232039,33.776289752650186,1.4,1.3765842167255595,0.09876325088339222,1.3765842167255595,0.38366313309776207,0.8,0.779505300353357,0.16876325088339222,0.779505300353357,0.08123674911660778,0.9366313309776207,0.8822261484098941,0.09173144876325091,0.8822261484098941,0.1951472320376914,1.2,1.0324263839811543,0.10217903415783272,1.0324263839811543,0.5019787985865725,0.8,0.6683156654888104,0.07584216725559481,0.6683156654888104,0.3651001177856301,0.9341578327444052,0.4109893992932862,0.07366313309776208,0.4109893992932862,0.7444051825677267,1.1366313309776208,0.7856419316843345,0.0746525323910483,0.7856419316843345,0.7788103651354534,0.7,0.2882685512367491,0.08757361601884572,0.2882685512367491,0.6044051825677268,0.9,0.03391048292108364,0.016831566548881037,0.03391048292108364,0.8541578327444052,0.4683156654888104,-0.29732626619552416,0.16851590106007067,-0.29732626619552416,0.39148409893992936,0.4658421672555948,0.07683156654888104,0.10608951707891637,0.07683156654888104,0.44950530035335684,0.5341578327444052,-0.23757361601884572,0.11267373380447586,-0.23757361601884572,0.41049469964664315
1.5980000000000005,,-52.716678445229675,0.0,27.931448763250884,,,,,,,,34.239575971731455,-6.966077738515903,34.940989399293294,1.4,1.3764664310954062,0.09699646643109539,1.3764664310954062,0.38413427561837454,0.8,0.7787985865724382,0.1669964664310954,0.7787985865724382,0.08300353356890461,0.9413427561837456,0.8854063604240283,0.09420494699646646,0.8854063604240283,0.19773851590106012,1.2,1.03113074204947,0.10053003533568902,1.03113074204947,0.5048056537102473,0.8,0.6706713780918728,0.07466431095406359,0.6706713780918728,0.3628621908127208,0.9353356890459364,0.4124028268551237,0.07413427561837456,0.4124028268551237,0.7459363957597173,1.1413427561837457,0.7889399293286219,0.07653710247349825,0.7889399293286219,0.7818727915194346,0.7,0.28579505300353353,0.08886925795053005,0.28579505300353353,0.6059363957597174,0.9,0.03473498233215549,0.01706713780918728,0.03473498233215549,0.8553356890459364,0.4706713780918728,-0.2982685512367491,0.1663957597173145,-0.2982685512367491,0.39360424028268554,0.4646643109540636,0.07706713780918728,0.10526501766784452,0.07706713780918728,0.44879858657243815,0.5353356890459364,-0.23886925795053005,0.11173144876325089,-0.23886925795053005,0.41120141342756183
1.6480000000000006,,-51.75590106007067,0.0,27.422497055359244,,,,,,,,35.380895170789174,-7.198280329799767,36.1056890459364,1.4,1.3763486454652532,0.09522968197879858,1.3763486454652532,0.384605418138987,0.8,0.7780918727915195,0.1652296819787986,0.7780918727915195,0.08477031802120141,0.9460541813898705,0.8885865724381626,0.09667844522968201,0.8885865724381626,0.20032979976442877,1.2,1.0298351001177857,0.09888103651354532,1.0298351001177857,0.5076325088339223,0.8,0.6730270906949353,0.07348645465253238,0.6730270906949353,0.3606242638398115,0.9365135453474677,0.4138162544169611,0.07460541813898705,0.4138162544169611,0.7474676089517078,1.1460541813898704,0.7922379269729093,0.07842167255594819,0.7922379269729093,0.7849352179034158,0.7,0.283321554770318,0.09016489988221438,0.283321554770318,0.6074676089517079,0.9,0.03555948174322734,0.01730270906949352,0.03555948174322734,0.8565135453474676,0.47302709069493526,-0.2992108362779741,0.16427561837455829,-0.2992108362779741,0.3957243816254417,0.4634864546525324,0.07730270906949353,0.10444051825677267,0.07730270906949353,0.4480918727915194,0.5365135453474676,-0.2401648998822144,0.11078916372202591,-0.2401648998822144,0.4119081272084806
1.6980000000000006,,-50.79512367491165,0.0,26.913545347467608,,,,,,,,36.522214369846886,-7.43048292108363,37.270388692579516,1.4,1.3762308598351,0.09346289752650175,1.3762308598351,0.3850765606595995,0.8,0.7773851590106007,0.16346289752650175,0.7773851590106007,0.08653710247349825,0.9507656065959953,0.891766784452297,0.09915194346289756,0.891766784452297,0.20292108362779743,1.2,1.0285394581861014,0.09723203769140162,1.0285394581861014,0.5104593639575972,0.8,0.6753828032979977,0.07230859835100117,0.6753828032979977,0.3583863368669022,0.9376914016489989,0.4152296819787986,0.07507656065959953,0.4152296819787986,0.7489988221436984,1.1507656065959952,0.7955359246171967,0.08030624263839813,0.7955359246171967,0.7879976442873969,0.7,0.28084805653710243,0.09146054181389872,0.28084805653710243,0.6089988221436985,0.9,0.03638398115429919,0.017538280329799767,0.03638398115429919,0.8576914016489988,0.47538280329799765,-0.3001531213191991,0.1621554770318021,-0.3001531213191991,0.39784452296819794,0.4623085983510012,0.07753828032979977,0.10361601884570082,0.07753828032979977,0.44738515901060066,0.5376914016489989,-0.24146054181389873,0.10984687868080094,-0.24146054181389873,0.4126148409893993
1.7480000000000007,,-49.834346289752645,0.0,26.40459363957597,,,,,,,,37.663533568904604,-7.662685512367493,38.435088339222624,1.4,1.376113074204947,0.09169611307420493,1.376113074204947,0.38554770318021203,0.8,0.776678445229682,0.16169611307420495,0.776678445229682,0.08830388692579506,0.9554770318021202,0.8949469964664312,0.10162544169611311,0.8949469964664312,0.2055123674911661,1.2,1.027243816254417,0.09558303886925792,1.027243816254417,0.5132862190812721,0.8,0.67773851590106,0.07113074204946995,0.67773851590106,0.3561484098939929,0.9388692579505301,0.41664310954063605,0.07554770318021202,0.41664310954063605,0.750530035335689,1.1554770318021201,0.7988339222614841,0.08219081272084808,0.7988339222614841,0.7910600706713781,0.7,0.2783745583038869,0.09275618374558306,0.2783745583038869,0.6105300353356891,0.9,0.03720848056537104,0.017773851590106006,0.03720848056537104,0.85886925795053,0.4777385159010601,-0.30109540636042403,0.16003533568904593,-0.30109540636042403,0.3999646643109541,0.46113074204946997,0.07777385159010601,0.10279151943462897,0.07777385159010601,0.4466784452296819,0.5388692579505301,-0.24275618374558305,0.10890459363957597,-0.24275618374558305,0.41332155477031807
1.7980000000000007,,-48.87356890459363,0.0,25.89564193168433,,,,,,,,38.804852767962316,-7.894888103651357,39.59978798586574,1.4,1.375995288574794,0.08992932862190811,1.375995288574794,0.3860188457008245,0.8,0.7759717314487633,0.15992932862190812,0.7759717314487633,0.09007067137809188,0.9601884570082451,0.8981272084805655,0.10409893992932867,0.8981272084805655,0.2081036513545348,1.2,1.0259481743227326,0.09393404004711423,1.0259481743227326,0.516113074204947,0.8,0.6800942285041225,0.06995288574793873,0.6800942285041225,0.3539104829210836,0.9400471142520612,0.4180565371024735,0.07601884570082451,0.4180565371024735,0.7520612485276796,1.160188457008245,0.8021319199057715,0.08407538280329802,0.8021319199057715,0.7941224970553592,0.7,0.27590106007067133,0.09405182567726739,0.27590106007067133,0.6120612485276796,0.9,0.038032979976442886,0.01800942285041225,0.038032979976442886,0.8600471142520613,0.48009422850412253,-0.30203769140164904,0.15791519434628976,-0.30203769140164904,0.4020848056537103,0.45995288574793874,0.07800942285041226,0.10196702002355712,0.07800942285041226,0.44597173144876323,0.5400471142520613,-0.2440518256772674,0.107962308598351,-0.2440518256772674,0.41402826855123676
1.8480000000000008,,-47.91279151943462,0.0,25.386690223792694,,,,,,,,39.946171967020035,-8.127090694935221,40.764487632508846,1.4,1.3758775029446408,0.08816254416961128,1.3758775029446408,0.386489988221437,0.8,0.7752650176678445,0.15816254416961129,0.7752650176678445,0.09183745583038871,0.96489988221437,0.9013074204946997,0.10657243816254422,0.9013074204946997,0.21069493521790345,1.2,1.0246525323910483,0.09228504122497053,1.0246525323910483,0.518939929328622,0.8,0.6824499411071849,0.06877502944640752,0.6824499411071849,0.35167255594817426,0.9412249705535924,0.41946996466431097,0.07648998822143699,0.41946996466431097,0.7535924617196702,1.16489988221437,0.8054299175500589,0.08595995288574797,0.8054299175500589,0.7971849234393404,0.7,0.27342756183745576,0.09534746760895173,0.27342756183745576,0.6135924617196702,0.9,0.038857479387514736,0.018244994110718494,0.038857479387514736,0.8612249705535925,0.482449941107185,-0.302979976442874,0.15579505300353355,-0.302979976442874,0.4042049469964665,0.4587750294464075,0.0782449941107185,0.10114252061248527,0.0782449941107185,0.4452650176678445,0.5412249705535924,-0.24534746760895174,0.10702002355712603,-0.24534746760895174,0.4147349823321555
1.8980000000000008,,-46.95201413427561,0.0,24.877738515901058,,,,,,,,41.087491166077754,-8.359293286219085,41.929187279151954,1.4,1.3757597173144875,0.08639575971731446,1.3757597173144875,0.38696113074204946,0.8,0.7745583038869258,0.15639575971731445,0.7745583038869258,0.09360424028268553,0.9696113074204947,0.904487632508834,0.10904593639575977,0.904487632508834,0.21328621908127213,1.2,1.023356890459364,0.09063604240282683,1.023356890459364,0.5217667844522969,0.8,0.6848056537102474,0.06759717314487632,0.6848056537102474,0.349434628975265,0.9424028268551237,0.4208833922261484,0.07696113074204948,0.4208833922261484,0.7551236749116608,1.1696113074204948,0.8087279151943463,0.0878445229681979,0.8087279151943463,0.8002473498233216,0.7,0.27095406360424024,0.09664310954063607,0.27095406360424024,0.6151236749116608,0.9,0.03968197879858659,0.018480565371024736,0.03968197879858659,0.8624028268551237,0.48480565371024736,-0.30392226148409895,0.15367491166077737,-0.30392226148409895,0.40632508833922265,0.4575971731448763,0.07848056537102474,0.10031802120141342,0.07848056537102474,0.44455830388692574,0.5424028268551236,-0.24664310954063606,0.10607773851590105,-0.24664310954063606,0.41544169611307424
1.9480000000000006,,-45.9912367491166,0.0,24.36878680800942,,,,,,,,42.22881036513546,-8.591495877502947,43.09388692579506,1.4,1.3756419316843345,0.08462897526501766,1.3756419316843345,0.38743227326266194,0.8,0.7738515901060071,0.15462897526501768,0.7738515901060071,0.09537102473498234,0.9743227326266196,0.9076678445229682,0.1115194346289753,0.9076678445229682,0.2158775029446408,1.2,1.0220612485276797,0.08898704358068313,1.0220612485276797,0.5245936395759717,0.8,0.6871613663133098,0.0664193168433451,0.6871613663133098,0.3471967020023557,0.9435806831566549,0.4222968197879859,0.07743227326266196,0.4222968197879859,0.7566548881036513,1.1743227326266195,0.8120259128386337,0.08972909305064784,0.8120259128386337,0.8033097762073027,0.7,0.2684805653710247,0.0979387514723204,0.2684805653710247,0.6166548881036513,0.9,0.040506478209658435,0.01871613663133098,0.040506478209658435,0.8635806831566549,0.4871613663133098,-0.3048645465253239,0.1515547703180212,-0.3048645465253239,0.4084452296819788,0.45641931684334514,0.07871613663133098,0.09949352179034157,0.07871613663133098,0.44385159010600705,0.5435806831566549,-0.2479387514723204,0.1051354534746761,-0.2479387514723204,0.41614840989399293
1.9980000000000007,,-45.03045936395759,0.0,23.859835100117785,,,,,,,,43.37012956419318,-8.82369846878681,44.25858657243817,1.4,1.3755241460541814,0.08286219081272084,1.3755241460541814,0.3879034157832744,0.8,0.7731448763250883,0.15286219081272084,0.7731448763250883,0.09713780918727916,0.9790341578327444,0.9108480565371025,0.11399293286219085,0.9108480565371025,0.21846878680800946,1.2,1.0207656065959954,0.08733804475853944,1.0207656065959954,0.5274204946996467,0.8,0.6895170789163723,0.06524146054181389,0.6895170789163723,0.3449587750294464,0.9447585394581861,0.4237102473498233,0.07790341578327445,0.4237102473498233,0.7581861012956419,1.1790341578327443,0.8153239104829211,0.09161366313309778,0.8153239104829211,0.8063722025912838,0.7,0.26600706713780914,0.09923439340400472,0.26600706713780914,0.618186101295642,0.9,0.041330977620730285,0.01895170789163722,0.041330977620730285,0.8647585394581861,0.4895170789163722,-0.30580683156654886,0.149434628975265,-0.30580683156654886,0.410565371024735,0.4552414605418139,0.07895170789163722,0.09866902237926972,0.07895170789163722,0.4431448763250883,0.5447585394581861,-0.24923439340400472,0.10419316843345111,-0.24923439340400472,0.4168551236749117
2.0480000000000005,,-44.069681978798585,0.0,23.350883392226148,,,,,,,,44.51144876325089,-9.055901060070672,45.42328621908128,1.4,1.3754063604240283,0.08109540636042402,1.3754063604240283,0.3883745583038869,0.8,0.7724381625441696,0.151095406360424,0.7724381625441696,0.09890459363957597,0.9837455830388693,0.9140282685512369,0.11646643109540639,0.9140282685512369,0.22106007067137812,1.2,1.019469964664311,0.08568904593639574,1.019469964664311,0.5302473498233216,0.8,0.6918727915194347,0.06406360424028268,0.6918727915194347,0.3427208480565371,0.9459363957597173,0.4251236749116608,0.07837455830388693,0.4251236749116608,0.7597173144876325,1.1837455830388692,0.8186219081272085,0.09349823321554772,0.8186219081272085,0.809434628975265,0.7,0.2635335689045936,0.10053003533568905,0.2635335689045936,0.6197173144876326,0.9,0.042155477031802134,0.019187279151943463,0.042155477031802134,0.8659363957597173,0.49187279151943464,-0.3067491166077739,0.14731448763250882,-0.3067491166077739,0.4126855123674912,0.4540636042402827,0.07918727915194347,0.09784452296819787,0.07918727915194347,0.44243816254416957,0.5459363957597173,-0.25053003533568907,0.10325088339222616,-0.25053003533568907,0.4175618374558304
2.0980000000000008,,-43.108904593639565,0.0,22.841931684334504,,,,,,,,45.652767962308616,-9.288103651354538,46.5879858657244,1.4,1.3752885747938752,0.07932862190812719,1.3752885747938752,0.38884570082449943,0.8,0.7717314487632508,0.14932862190812718,0.7717314487632508,0.1006713780918728,0.9884570082449942,0.9172084805653711,0.11893992932862196,0.9172084805653711,0.22365135453474683,1.2,1.0181743227326265,0.08404004711425203,1.0181743227326265,0.5330742049469965,0.8,0.6942285041224971,0.06288574793875146,0.6942285041224971,0.34048292108362777,0.9471142520612486,0.42653710247349824,0.07884570082449942,0.42653710247349824,0.761248527679623,1.1884570082449941,0.8219199057714959,0.09538280329799767,0.8219199057714959,0.8124970553592462,0.7,0.26106007067137804,0.1018256772673734,0.26106007067137804,0.6212485276796231,0.9,0.04297997644287399,0.019422850412249705,0.04297997644287399,0.8671142520612486,0.4942285041224971,-0.30769140164899883,0.14519434628975264,-0.30769140164899883,0.4148056537102474,0.45288574793875147,0.07942285041224971,0.09702002355712602,0.07942285041224971,0.4417314487632508,0.5471142520612485,-0.2518256772673734,0.10230859835100117,-0.2518256772673734,0.41826855123674916
2.1480000000000006,,-42.14812720848055,0.0,22.33297997644287,,,,,,,,46.79408716136633,-9.520306242638402,47.752685512367506,1.4,1.375170789163722,0.07756183745583037,1.375170789163722,0.3893168433451119,0.8,0.7710247349823321,0.14756183745583037,0.7710247349823321,0.10243816254416963,0.993168433451119,0.9203886925795054,0.1214134275618375,0.9203886925795054,0.22624263839811548,1.2,1.0168786808009422,0.08239104829210833,1.0168786808009422,0.5359010600706714,0.8,0.6965842167255595,0.06170789163722024,0.6965842167255595,0.33824499411071846,0.9482921083627798,0.4279505300353357,0.07931684334511191,0.4279505300353357,0.7627797408716136,1.193168433451119,0.8252179034157833,0.09726737338044761,0.8252179034157833,0.8155594817432273,0.7,0.2585865724381625,0.10312131919905773,0.2585865724381625,0.6227797408716137,0.9,0.04380447585394584,0.01965842167255595,0.04380447585394584,0.8682921083627797,0.4965842167255595,-0.3086336866902238,0.14307420494699646,-0.3086336866902238,0.4169257950530036,0.45170789163722025,0.07965842167255595,0.09619552414605417,0.07965842167255595,0.44102473498233213,0.5482921083627798,-0.2531213191990577,0.1013663133097762,-0.2531213191990577,0.41897526501766785
2.1980000000000004,,-41.18734982332155,0.0,21.824028268551235,,,,,,,,47.93540636042404,-9.752508833922263,48.91738515901061,1.4,1.3750530035335689,0.07579505300353355,1.3750530035335689,0.3897879858657244,0.8,0.7703180212014135,0.14579505300353357,0.7703180212014135,0.10420494699646644,0.9978798586572438,0.9235689045936397,0.12388692579505305,0.9235689045936397,0.22883392226148414,1.2,1.015583038869258,0.08074204946996465,1.015583038869258,0.5387279151943463,0.8,0.6989399293286219,0.060530035335689035,0.6989399293286219,0.33600706713780915,0.949469964664311,0.42936395759717316,0.07978798586572439,0.42936395759717316,0.7643109540636042,1.197879858657244,0.8285159010600707,0.09915194346289755,0.8285159010600707,0.8186219081272085,0.7,0.25611307420494694,0.10441696113074206,0.25611307420494694,0.6243109540636043,0.9,0.04462897526501768,0.01989399293286219,0.04462897526501768,0.8694699646643109,0.4989399293286219,-0.3095759717314488,0.1409540636042403,-0.3095759717314488,0.41904593639575977,0.450530035335689,0.0798939929328622,0.09537102473498232,0.0798939929328622,0.4403180212014134,0.549469964664311,-0.2544169611307421,0.10042402826855124,-0.2544169611307421,0.4196819787985866
2.2480000000000007,,-40.226572438162535,0.0,21.315076560659595,,,,,,,,49.07672555948176,-9.984711425206129,50.08208480565372,1.4,1.3749352179034158,0.07402826855123673,1.3749352179034158,0.39025912838633686,0.8,0.7696113074204947,0.14402826855123674,0.7696113074204947,0.10597173144876326,1.0025912838633688,0.9267491166077739,0.1263604240282686,0.9267491166077739,0.23142520612485282,1.2,1.0142873969375736,0.07909305064782093,1.0142873969375736,0.5415547703180212,0.8,0.7012956419316844,0.05935217903415781,0.7012956419316844,0.33376914016489984,0.9506478209658422,0.4307773851590106,0.08025912838633688,0.4307773851590106,0.7658421672555948,1.2025912838633688,0.8318138987043581,0.1010365135453475,0.8318138987043581,0.8216843345111896,0.7,0.25363957597173137,0.10571260306242641,0.25363957597173137,0.6258421672555948,0.9,0.04545347467608954,0.020129564193168435,0.04545347467608954,0.8706478209658421,0.5012956419316844,-0.31051825677267375,0.13883392226148408,-0.31051825677267375,0.42116607773851594,0.4493521790341578,0.08012956419316844,0.09454652532391047,0.08012956419316844,0.43961130742049465,0.5506478209658422,-0.2557126030624264,0.09948174322732625,-0.2557126030624264,0.42038869257950534
2.2980000000000005,,-39.26579505300352,0.0,20.80612485276796,,,,,,,,50.21804475853947,-10.21691401648999,51.24678445229683,1.4,1.3748174322732627,0.07226148409893991,1.3748174322732627,0.39073027090694934,0.8,0.768904593639576,0.1422614840989399,0.768904593639576,0.10773851590106008,1.0073027090694935,0.9299293286219082,0.12883392226148413,0.9299293286219082,0.2340164899882215,1.2,1.0129917550058893,0.07744405182567725,1.0129917550058893,0.5443816254416961,0.8,0.7036513545347468,0.058174322732626606,0.7036513545347468,0.3315312131919905,0.9518256772673734,0.4321908127208481,0.08073027090694936,0.4321908127208481,0.7673733804475854,1.2073027090694934,0.8351118963486455,0.10292108362779744,0.8351118963486455,0.8247467608951707,0.7,0.25116607773851585,0.10700824499411074,0.25116607773851585,0.6273733804475854,0.9,0.04627797408716138,0.020365135453474674,0.04627797408716138,0.8718256772673734,0.5036513545347467,-0.3114605418138987,0.1367137809187279,-0.3114605418138987,0.4232862190812721,0.44817432273262664,0.08036513545347468,0.09372202591283862,0.08036513545347468,0.43890459363957596,0.5518256772673734,-0.25700824499411073,0.0985394581861013,-0.25700824499411073,0.42109540636042403
2.3480000000000008,,-38.30501766784451,0.0,20.29717314487632,,,,,,,,51.35936395759719,-10.449116607773854,52.411484098939944,1.4,1.3746996466431096,0.07049469964664308,1.3746996466431096,0.3912014134275618,0.8,0.7681978798586573,0.14049469964664307,0.7681978798586573,0.10950530035335691,1.0120141342756184,0.9331095406360426,0.1313074204946997,0.9331095406360426,0.23660777385159015,1.2,1.011696113074205,0.07579505300353354,1.011696113074205,0.5472084805653711,0.8,0.7060070671378093,0.056996466431095384,0.7060070671378093,0.3292932862190812,0.9530035335689047,0.4336042402826855,0.08120141342756185,0.4336042402826855,0.768904593639576,1.2120141342756183,0.8384098939929329,0.10480565371024739,0.8384098939929329,0.827809187279152,0.7,0.2486925795053003,0.10830388692579508,0.2486925795053003,0.628904593639576,0.9,0.04710247349823324,0.02060070671378092,0.04710247349823324,0.8730035335689046,0.5060070671378092,-0.31240282685512366,0.1345936395759717,-0.31240282685512366,0.4254063604240283,0.4469964664310954,0.08060070671378092,0.09289752650176678,0.08060070671378092,0.4381978798586572,0.5530035335689046,-0.2583038869257951,0.09759717314487631,-0.2583038869257951,0.4218021201413428
2.3980000000000006,,-37.344240282685504,0.0,19.788221436984685,,,,,,,,52.5006831566549,-10.681319199057718,53.57618374558305,1.4,1.3745818610129563,0.06872791519434628,1.3745818610129563,0.3916725559481743,0.8,0.7674911660777385,0.1387279151943463,0.7674911660777385,0.11127208480565372,1.0167255594817433,0.9362897526501768,0.13378091872791523,0.9362897526501768,0.2391990577149588,1.2,1.0104004711425205,0.07414605418138985,1.0104004711425205,0.550035335689046,0.8,0.7083627797408717,0.055818610129564177,0.7083627797408717,0.3270553592461719,0.9541813898704359,0.435017667844523,0.08167255594817432,0.435017667844523,0.7704358068315665,1.2167255594817432,0.8417078916372203,0.10669022379269731,0.8417078916372203,0.8308716136631331,0.7,0.24621908127208475,0.10959952885747941,0.24621908127208475,0.6304358068315665,0.9,0.04792697290930509,0.020836277974087162,0.04792697290930509,0.8741813898704358,0.5083627797408716,-0.31334511189634867,0.13247349823321553,-0.31334511189634867,0.4275265017667845,0.4458186101295642,0.08083627797408717,0.09207302709069493,0.08083627797408717,0.43749116607773847,0.5541813898704359,-0.2595995288574794,0.09665488810365136,-0.2595995288574794,0.4225088339222615
2.448000000000001,,-36.383462897526485,0.0,19.279269729093045,,,,,,,,53.64200235571262,-10.913521790341582,54.740883392226166,1.4,1.3744640753828032,0.06696113074204944,1.3744640753828032,0.3921436984687868,0.8,0.7667844522968198,0.13696113074204946,0.7667844522968198,0.11303886925795055,1.0214369846878681,0.9394699646643111,0.1362544169611308,0.9394699646643111,0.24179034157832752,1.2,1.0091048292108362,0.07249705535924614,1.0091048292108362,0.5528621908127209,0.8,0.7107184923439341,0.054640753828032955,0.7107184923439341,0.3248174322732626,0.9553592461719671,0.43643109540636044,0.08214369846878682,0.43643109540636044,0.7719670200235571,1.221436984687868,0.8450058892815077,0.10857479387514726,0.8450058892815077,0.8339340400471142,0.7,0.2437455830388692,0.11089517078916375,0.2437455830388692,0.6319670200235572,0.9,0.04875147232037694,0.021071849234393404,0.04875147232037694,0.875359246171967,0.5107184923439341,-0.3142873969375736,0.13035335689045935,-0.3142873969375736,0.4296466431095407,0.444640753828033,0.08107184923439341,0.09124852767962308,0.08107184923439341,0.4367844522968197,0.5553592461719671,-0.26089517078916374,0.09571260306242638,-0.26089517078916374,0.42321554770318026
2.4980000000000007,,-35.42268551236748,0.0,18.77031802120141,,,,,,,,54.78332155477033,-11.145724381625445,55.905583038869274,1.4,1.3743462897526502,0.06519434628975262,1.3743462897526502,0.3926148409893993,0.8,0.7660777385159011,0.13519434628975263,0.7660777385159011,0.11480565371024737,1.026148409893993,0.9426501766784453,0.13872791519434632,0.9426501766784453,0.24438162544169617,1.2,1.007809187279152,0.07084805653710245,1.007809187279152,0.5556890459363958,0.8,0.7130742049469965,0.05346289752650175,0.7130742049469965,0.3225795053003533,0.9565371024734982,0.43784452296819787,0.08261484098939931,0.43784452296819787,0.7734982332155477,1.226148409893993,0.8483038869257951,0.1104593639575972,0.8483038869257951,0.8369964664310954,0.7,0.24127208480565365,0.11219081272084808,0.24127208480565365,0.6334982332155478,0.9,0.04957597173144879,0.02130742049469965,0.04957597173144879,0.8765371024734983,0.5130742049469965,-0.3152296819787986,0.12823321554770317,-0.3152296819787986,0.4317667844522969,0.44346289752650175,0.08130742049469965,0.09042402826855123,0.08130742049469965,0.43607773851590104,0.5565371024734982,-0.2621908127208481,0.09477031802120141,-0.2621908127208481,0.42392226148409895
2.5480000000000005,,-34.461908127208474,0.0,18.261366313309775,,,,,,,,55.924640753828044,-11.377926972909307,57.070282685512375,1.4,1.374228504122497,0.06342756183745582,1.374228504122497,0.3930859835100118,0.8,0.7653710247349823,0.13342756183745583,0.7653710247349823,0.11657243816254417,1.030859835100118,0.9458303886925796,0.14120141342756187,0.9458303886925796,0.24697290930506482,1.2,1.0065135453474676,0.06919905771495875,1.0065135453474676,0.5585159010600707,0.8,0.7154299175500589,0.05228504122497054,0.7154299175500589,0.32034157832744403,0.9577149587750294,0.43925795053003536,0.08308598351001178,0.43925795053003536,0.7750294464075382,1.2308598351001179,0.8516018845700825,0.11234393404004714,0.8516018845700825,0.8400588928150765,0.7,0.23879858657243813,0.1134864546525324,0.23879858657243813,0.6350294464075383,0.9,0.05040047114252063,0.02154299175500589,0.05040047114252063,0.8777149587750295,0.515429917550059,-0.3161719670200236,0.126113074204947,-0.3161719670200236,0.43388692579505306,0.44228504122497053,0.0815429917550059,0.08959952885747938,0.0815429917550059,0.4353710247349823,0.5577149587750294,-0.2634864546525324,0.09382803297997644,-0.2634864546525324,0.4246289752650177
2.5980000000000008,,-33.501130742049455,0.0,17.752414605418135,,,,,,,,57.06595995288576,-11.610129564193173,58.23498233215549,1.4,1.374110718492344,0.06166077738515899,1.374110718492344,0.39355712603062426,0.8,0.7646643109540636,0.131660777385159,0.7646643109540636,0.118339222614841,1.0355712603062428,0.9490106007067138,0.14367491166077745,0.9490106007067138,0.2495641931684335,1.2,1.0052179034157833,0.06755005889281504,1.0052179034157833,0.5613427561837456,0.8,0.7177856301531214,0.05110718492343932,0.7177856301531214,0.3181036513545347,0.9588928150765607,0.44067137809187285,0.08355712603062428,0.44067137809187285,0.7765606595995288,1.2355712603062428,0.8548998822143699,0.11422850412249709,0.8548998822143699,0.8431213191990578,0.7,0.23632508833922256,0.11478209658421676,0.23632508833922256,0.6365606595995289,0.9,0.051224970553592486,0.021778563015312134,0.051224970553592486,0.8788928150765607,0.5177856301531214,-0.31711425206124855,0.12399293286219079,-0.31711425206124855,0.43600706713780923,0.4411071849234393,0.08177856301531214,0.08877502944640753,0.08177856301531214,0.43466431095406355,0.5588928150765606,-0.26478209658421675,0.09288574793875146,-0.26478209658421675,0.42533568904593644
2.6480000000000006,,-32.54035335689045,0.0,17.2434628975265,,,,,,,,58.207279151943474,-11.842332155477035,59.3996819787986,1.4,1.373992932862191,0.05989399293286217,1.373992932862191,0.39402826855123674,0.8,0.7639575971731449,0.1298939929328622,0.7639575971731449,0.12010600706713782,1.0402826855123675,0.9521908127208482,0.14614840989399297,0.9521908127208482,0.2521554770318022,1.2,1.003922261484099,0.06590106007067136,1.003922261484099,0.5641696113074206,0.8,0.7201413427561838,0.04992932862190811,0.7201413427561838,0.3158657243816254,0.9600706713780919,0.4420848056537103,0.08402826855123675,0.4420848056537103,0.7780918727915194,1.2402826855123674,0.8581978798586573,0.11611307420494701,0.8581978798586573,0.8461837455830389,0.7,0.23385159010600703,0.11607773851590109,0.23385159010600703,0.6380918727915195,0.9,0.05204946996466433,0.022014134275618373,0.05204946996466433,0.8800706713780919,0.5201413427561837,-0.3180565371024735,0.12187279151943461,-0.3180565371024735,0.4381272084805654,0.43992932862190814,0.08201413427561838,0.08795053003533568,0.08201413427561838,0.43395759717314486,0.5600706713780919,-0.2660777385159011,0.0919434628975265,-0.2660777385159011,0.4260424028268551
2.698000000000001,,-31.57957597173143,0.0,16.73451118963486,,,,,,,,59.34859835100119,-12.074534746760898,60.56438162544171,1.4,1.3738751472320376,0.05812720848056535,1.3738751472320376,0.3944994110718492,0.8,0.7632508833922261,0.12812720848056536,0.7632508833922261,0.12187279151943464,1.0449941107184924,0.9553710247349825,0.14862190812720852,0.9553710247349825,0.25474676089517084,1.2,1.0026266195524145,0.06425206124852764,1.0026266195524145,0.5669964664310955,0.8,0.7224970553592462,0.04875147232037689,0.7224970553592462,0.3136277974087161,0.9612485276796231,0.4434982332155477,0.08449941107184925,0.4434982332155477,0.77962308598351,1.2449941107184923,0.8614958775029447,0.11799764428739697,0.8614958775029447,0.84924617196702,0.7,0.23137809187279146,0.11737338044758543,0.23137809187279146,0.63962308598351,0.9,0.052873969375736185,0.02224970553592462,0.052873969375736185,0.8812485276796231,0.5224970553592462,-0.31899882214369846,0.11975265017667842,-0.31899882214369846,0.4402473498233216,0.4387514723203769,0.08224970553592462,0.08712603062426383,0.08224970553592462,0.4332508833922261,0.5612485276796231,-0.2673733804475854,0.09100117785630152,-0.2673733804475854,0.42674911660777387
2.7480000000000007,,-30.618798586572424,0.0,16.225559481743222,,,,,,,,60.489917550058905,-12.306737338044762,61.72908127208482,1.4,1.3737573616018846,0.05636042402826853,1.3737573616018846,0.3949705535924617,0.8,0.7625441696113074,0.12636042402826853,0.7625441696113074,0.12363957597173146,1.0497055359246172,0.9585512367491167,0.15109540636042407,0.9585512367491167,0.2573380447585395,1.2,1.0013309776207302,0.06260306242638396,1.0013309776207302,0.5698233215547703,0.8,0.7248527679623087,0.04757361601884568,0.7248527679623087,0.3113898704358068,0.9624263839811543,0.4449116607773852,0.08497055359246172,0.4449116607773852,0.7811542991755006,1.2497055359246172,0.864793875147232,0.1198822143698469,0.864793875147232,0.8523085983510011,0.7,0.22890459363957594,0.11866902237926975,0.22890459363957594,0.6411542991755006,0.9,0.053698468786808035,0.02248527679623086,0.053698468786808035,0.8824263839811544,0.5248527679623086,-0.31994110718492347,0.11763250883392225,-0.31994110718492347,0.44236749116607776,0.4375736160188457,0.08248527679623087,0.08630153121319198,0.08248527679623087,0.43254416961130737,0.5624263839811543,-0.26866902237926976,0.09005889281507656,-0.26866902237926976,0.4274558303886926
2.798000000000001,,-29.658021201413412,0.0,15.716607773851582,,,,,,,,61.631236749116624,-12.538939929328626,62.893780918727934,1.4,1.3736395759717315,0.0545936395759717,1.3736395759717315,0.3954416961130742,0.8,0.7618374558303886,0.1245936395759717,0.7618374558303886,0.1254063604240283,1.0544169611307421,0.961731448763251,0.15356890459363964,0.961731448763251,0.2599293286219082,1.2,1.000035335689046,0.060954063604240244,1.000035335689046,0.5726501766784453,0.8,0.7272084805653711,0.046395759717314466,0.7272084805653711,0.3091519434628975,0.9636042402826855,0.44632508833922263,0.08544169611307421,0.44632508833922263,0.7826855123674912,1.254416961130742,0.8680918727915194,0.12176678445229686,0.8680918727915194,0.8553710247349824,0.7,0.22643109540636036,0.1199646643109541,0.22643109540636036,0.6426855123674912,0.9,0.054522968197879884,0.022720848056537103,0.054522968197879884,0.8836042402826856,0.5272084805653711,-0.3208833922261484,0.11551236749116606,-0.3208833922261484,0.44448763250883394,0.4363957597173145,0.08272084805653711,0.08547703180212013,0.08272084805653711,0.43183745583038863,0.5636042402826855,-0.2699646643109541,0.08911660777385158,-0.2699646643109541,0.42816254416961136
2.8480000000000008,,-28.6972438162544,0.0,15.207656065959949,,,,,,,,62.772555948174336,-12.77114252061249,64.05848056537104,1.4,1.3735217903415784,0.052826855123674896,1.3735217903415784,0.3959128386336867,0.8,0.76113074204947,0.1228268551236749,0.76113074204947,0.12717314487632508,1.059128386336867,0.9649116607773853,0.15604240282685516,0.9649116607773853,0.26252061248527686,1.2,0.9987396937573616,0.05930506478209656,0.9987396937573616,0.5754770318021202,0.8,0.7295641931684336,0.045217903415783245,0.7295641931684336,0.3069140164899882,0.9647820965842168,0.44773851590106006,0.0859128386336867,0.44773851590106006,0.7842167255594817,1.259128386336867,0.8713898704358068,0.1236513545347468,0.8713898704358068,0.8584334511189635,0.7,0.2239575971731448,0.12126030624263842,0.2239575971731448,0.6442167255594817,0.9,0.055347467608951734,0.022956419316843345,0.055347467608951734,0.8847820965842168,0.5295641931684335,-0.3218256772673734,0.11339222614840988,-0.3218256772673734,0.4466077738515901,0.43521790341578326,0.08295641931684335,0.08465253239104828,0.08295641931684335,0.43113074204946994,0.5647820965842167,-0.2712603062426384,0.08817432273262661,-0.2712603062426384,0.42886925795053005
2.8980000000000006,,-27.736466431095394,0.0,14.698704358068312,,,,,,,,63.91387514723205,-13.003345111896351,65.22318021201414,1.4,1.3734040047114253,0.05106007067137808,1.3734040047114253,0.3963839811542992,0.8,0.7604240282685513,0.12106007067137808,0.7604240282685513,0.12893992932862192,1.0638398115429917,0.9680918727915195,0.1585159010600707,0.9680918727915195,0.2651118963486455,1.2,0.9974440518256773,0.05765606595995286,0.9974440518256773,0.578303886925795,0.8,0.7319199057714959,0.04404004711425204,0.7319199057714959,0.3046760895170789,0.965959952885748,0.44915194346289755,0.08638398115429918,0.44915194346289755,0.7857479387514723,1.2638398115429919,0.8746878680800942,0.12553592461719673,0.8746878680800942,0.8614958775029447,0.7,0.2214840989399293,0.12255594817432275,0.2214840989399293,0.6457479387514723,0.9,0.056171967020023576,0.023191990577149588,0.056171967020023576,0.885959952885748,0.5319199057714958,-0.3227679623085984,0.1112720848056537,-0.3227679623085984,0.4487279151943463,0.43404004711425204,0.0831919905771496,0.08382803297997643,0.0831919905771496,0.4304240282685512,0.565959952885748,-0.27255594817432277,0.08723203769140164,-0.27255594817432277,0.4295759717314488
2.948000000000001,,-26.77568904593638,0.0,14.189752650176672,,,,,,,,65.05519434628977,-13.235547703180217,66.38787985865726,1.4,1.373286219081272,0.049293286219081245,1.373286219081272,0.39685512367491166,0.8,0.7597173144876325,0.11929328621908125,0.7597173144876325,0.13070671378091875,1.0685512367491166,0.9712720848056539,0.16098939929328626,0.9712720848056539,0.2677031802120142,1.2,0.9961484098939929,0.05600706713780916,0.9961484098939929,0.58113074204947,0.8,0.7342756183745583,0.04286219081272083,0.7342756183745583,0.30243816254416955,0.9671378091872792,0.450565371024735,0.08685512367491167,0.450565371024735,0.7872791519434629,1.2685512367491167,0.8779858657243816,0.12742049469964667,0.8779858657243816,0.8645583038869258,0.7,0.21901060070671372,0.12385159010600709,0.21901060070671372,0.6472791519434629,0.9,0.05699646643109543,0.023427561837455833,0.05699646643109543,0.8871378091872792,0.5342756183745583,-0.32371024734982334,0.10915194346289751,-0.32371024734982334,0.4508480565371025,0.4328621908127208,0.08342756183745584,0.08300353356890458,0.08342756183745584,0.42971731448763245,0.5671378091872792,-0.2738515901060071,0.08628975265017666,-0.2738515901060071,0.43028268551236754
2.9980000000000007,,-25.81491166077737,0.0,13.680800942285039,,,,,,,,66.19651354534749,-13.467750294464079,67.55257950530037,1.4,1.373168433451119,0.04752650176678444,1.373168433451119,0.39732626619552414,0.8,0.7590106007067138,0.11752650176678445,0.7590106007067138,0.13247349823321555,1.0732626619552414,0.9744522968197881,0.1634628975265018,0.9744522968197881,0.2702944640753828,1.2,0.9948527679623086,0.05435806831566546,0.9948527679623086,0.583957597173145,0.8,0.7366313309776208,0.04168433451118961,0.7366313309776208,0.3002002355712603,0.9683156654888104,0.45197879858657247,0.08732626619552415,0.45197879858657247,0.7888103651354534,1.2732626619552414,0.881283863368669,0.1293050647820966,0.881283863368669,0.8676207302709069,0.7,0.2165371024734982,0.12514723203769143,0.2165371024734982,0.6488103651354535,0.9,0.057820965842167275,0.023663133097762072,0.057820965842167275,0.8883156654888104,0.5366313309776207,-0.3246525323910483,0.10703180212014134,-0.3246525323910483,0.4529681978798587,0.43168433451118965,0.08366313309776208,0.08217903415783273,0.08366313309776208,0.42901060070671376,0.5683156654888104,-0.2751472320376914,0.0853474676089517,-0.2751472320376914,0.4309893992932862
3.048000000000001,,-24.854134275618357,0.0,13.171849234393399,,,,,,,,67.3378327444052,-13.699952885747942,68.71727915194349,1.4,1.3730506478209659,0.04575971731448761,1.3730506478209659,0.3977974087161366,0.8,0.7583038869257951,0.11575971731448761,0.7583038869257951,0.13424028268551239,1.0779740871613663,0.9776325088339224,0.16593639575971736,0.9776325088339224,0.27288574793875153,1.2,0.9935571260306242,0.05270906949352175,0.9935571260306242,0.5867844522968199,0.8,0.7389870435806832,0.0405064782096584,0.7389870435806832,0.29796230859835093,0.9694935217903417,0.4533922261484099,0.08779740871613664,0.4533922261484099,0.790341578327444,1.2779740871613663,0.8845818610129564,0.13118963486454654,0.8845818610129564,0.870683156654888,0.7,0.21406360424028262,0.12644287396937576,0.21406360424028262,0.6503415783274441,0.9,0.05864546525323913,0.023898704358068318,0.05864546525323913,0.8894935217903416,0.5389870435806832,-0.32559481743227325,0.10491166077738515,-0.32559481743227325,0.4550883392226149,0.4305064782096584,0.08389870435806832,0.08135453474676088,0.08389870435806832,0.428303886925795,0.5694935217903416,-0.2764428739693758,0.08440518256772672,-0.2764428739693758,0.43169611307420497
3.0980000000000008,,-23.89335689045935,0.0,12.662897526501762,,,,,,,,68.47915194346291,-13.932155477031806,69.88197879858659,1.4,1.3729328621908128,0.04399293286219079,1.3729328621908128,0.3982685512367491,0.8,0.7575971731448763,0.1139929328621908,0.7575971731448763,0.1360070671378092,1.0826855123674912,0.9808127208480566,0.1684098939929329,0.9808127208480566,0.27547703180212024,1.2,0.9922614840989399,0.05106007067137806,0.9922614840989399,0.5896113074204947,0.8,0.7413427561837457,0.03932862190812718,0.7413427561837457,0.2957243816254417,0.9706713780918728,0.4548056537102474,0.08826855123674912,0.4548056537102474,0.7918727915194346,1.2826855123674912,0.8878798586572438,0.13307420494699648,0.8878798586572438,0.8737455830388693,0.7,0.2115901060070671,0.1277385159010601,0.2115901060070671,0.6518727915194347,0.9,0.05946996466431098,0.024134275618374557,0.05946996466431098,0.8906713780918728,0.5413427561837456,-0.32653710247349826,0.10279151943462897,-0.32653710247349826,0.45720848056537106,0.4293286219081272,0.08413427561837457,0.08053003533568903,0.08413427561837457,0.4275971731448763,0.5706713780918728,-0.2777385159010601,0.08346289752650177,-0.2777385159010601,0.4324028268551237
3.148000000000001,,-22.932579505300332,0.0,12.153945818610122,,,,,,,,69.62047114252063,-14.16435806831567,71.0466784452297,1.4,1.3728150765606597,0.04222614840989396,1.3728150765606597,0.3987396937573616,0.8,0.7568904593639576,0.11222614840989396,0.7568904593639576,0.13777385159010602,1.087396937573616,0.9839929328621909,0.17088339222614848,0.9839929328621909,0.2780683156654889,1.2,0.9909658421672556,0.04941107184923435,0.9909658421672556,0.5924381625441697,0.8,0.7436984687868081,0.03815076560659597,0.7436984687868081,0.2934864546525323,0.971849234393404,0.4562190812720848,0.08873969375736161,0.4562190812720848,0.7934040047114252,1.287396937573616,0.8911778563015312,0.13495877502944645,0.8911778563015312,0.8768080094228504,0.7,0.20911660777385152,0.12903415783274444,0.20911660777385152,0.6534040047114252,0.9,0.06029446407538283,0.024369846878680802,0.06029446407538283,0.891849234393404,0.543698468786808,-0.3274793875147232,0.10067137809187277,-0.3274793875147232,0.4593286219081273,0.428150765606596,0.08436984687868081,0.07970553592461718,0.08436984687868081,0.42689045936395753,0.5718492343934041,-0.27903415783274443,0.08252061248527678,-0.27903415783274443,0.43310954063604246
3.198000000000001,,-21.971802120141326,0.0,11.644994110718486,,,,,,,,70.76179034157835,-14.396560659599533,72.2113780918728,1.4,1.3726972909305066,0.04045936395759715,1.3726972909305066,0.3992108362779741,0.8,0.7561837455830389,0.11045936395759716,0.7561837455830389,0.13954063604240285,1.092108362779741,0.9871731448763252,0.173356890459364,0.9871731448763252,0.28065959952885755,1.2,0.9896702002355713,0.047762073027090665,0.9896702002355713,0.5952650176678446,0.8,0.7460541813898705,0.03697290930506476,0.7460541813898705,0.29124852767962306,0.9730270906949352,0.45763250883392226,0.0892108362779741,0.45763250883392226,0.7949352179034158,1.292108362779741,0.8944758539458186,0.1368433451118964,0.8944758539458186,0.8798704358068316,0.7,0.206643109540636,0.13032979976442877,0.206643109540636,0.6549352179034158,0.9,0.06111896348645468,0.024605418138987045,0.06111896348645468,0.8930270906949352,0.5460541813898705,-0.3284216725559482,0.09855123674911659,-0.3284216725559482,0.46144876325088346,0.42697290930506476,0.08460541813898705,0.07888103651354533,0.08460541813898705,0.42618374558303884,0.5730270906949352,-0.28032979976442873,0.08157832744405182,-0.28032979976442873,0.43381625441696114
3.248000000000001,,-21.011024734982307,0.0,11.136042402826845,,,,,,,,71.90310954063607,-14.628763250883397,73.37607773851592,1.4,1.3725795053003533,0.03869257950530032,1.3725795053003533,0.3996819787985866,0.8,0.7554770318021201,0.10869257950530033,0.7554770318021201,0.1413074204946997,1.0968197879858659,0.9903533568904594,0.17583038869257958,0.9903533568904594,0.28325088339222626,1.2,0.9883745583038869,0.04611307420494695,0.9883745583038869,0.5980918727915195,0.8,0.7484098939929329,0.03579505300353354,0.7484098939929329,0.2890106007067137,0.9742049469964664,0.45904593639575975,0.08968197879858658,0.45904593639575975,0.7964664310954064,1.2968197879858658,0.897773851590106,0.13872791519434632,0.897773851590106,0.8829328621908128,0.7,0.20416961130742042,0.13162544169611312,0.20416961130742042,0.6564664310954064,0.9,0.06194346289752653,0.024840989399293287,0.06194346289752653,0.8942049469964665,0.5484098939929329,-0.3293639575971732,0.09643109540636038,-0.3293639575971732,0.46356890459363964,0.42579505300353354,0.0848409893992933,0.07805653710247348,0.0848409893992933,0.4254770318021201,0.5742049469964664,-0.2816254416961131,0.08063604240282685,-0.2816254416961131,0.4345229681978799
3.298000000000001,,-20.0502473498233,0.0,10.627090694935212,,,,,,,,73.04442873969377,-14.86096584216726,74.54077738515903,1.4,1.3724617196702003,0.0369257950530035,1.3724617196702003,0.40015312131919906,0.8,0.7547703180212014,0.10692579505300351,0.7547703180212014,0.1430742049469965,1.1015312131919908,0.9935335689045938,0.1783038869257951,0.9935335689045938,0.28584216725559486,1.2,0.9870789163722026,0.04446407538280327,0.9870789163722026,0.6009187279151944,0.8,0.7507656065959953,0.034617196702002334,0.7507656065959953,0.28677267373380444,0.9753828032979976,0.4604593639575972,0.09015312131919907,0.4604593639575972,0.797997644287397,1.3015312131919905,0.9010718492343934,0.14061248527679626,0.9010718492343934,0.8859952885747939,0.7,0.2016961130742049,0.13292108362779742,0.2016961130742049,0.6579976442873969,0.9,0.06276796230859838,0.025076560659599532,0.06276796230859838,0.8953828032979977,0.5507656065959954,-0.33030624263839814,0.09431095406360421,-0.33030624263839814,0.4656890459363958,0.4246171967020024,0.08507656065959954,0.07723203769140163,0.08507656065959954,0.42477031802120135,0.5753828032979976,-0.28292108362779744,0.07969375736160186,-0.28292108362779744,0.43522968197879863
3.3480000000000008,,-19.089469964664296,0.0,10.11813898704358,,,,,,,,74.18574793875149,-15.093168433451122,75.70547703180213,1.4,1.3723439340400472,0.0351590106007067,1.3723439340400472,0.40062426383981153,0.8,0.7540636042402826,0.1051590106007067,0.7540636042402826,0.1448409893992933,1.1062426383981154,0.9967137809187281,0.18077738515901065,0.9967137809187281,0.28843345111896357,1.2,0.9857832744405183,0.04281507656065957,0.9857832744405183,0.6037455830388693,0.8,0.7531213191990578,0.03343934040047111,0.7531213191990578,0.28453474676089513,0.9765606595995289,0.46187279151943467,0.09062426383981155,0.46187279151943467,0.7995288574793875,1.3062426383981154,0.9043698468786808,0.1424970553592462,0.9043698468786808,0.8890577149587751,0.7,0.19922261484098935,0.13421672555948178,0.19922261484098935,0.6595288574793875,0.9,0.06359246171967022,0.02531213191990577,0.06359246171967022,0.8965606595995289,0.5531213191990577,-0.3312485276796231,0.09219081272084803,-0.3312485276796231,0.467809187279152,0.42343934040047115,0.08531213191990578,0.07640753828032978,0.08531213191990578,0.42406360424028267,0.5765606595995288,-0.28421672555948174,0.07875147232037691,-0.28421672555948174,0.4359363957597173
3.398000000000001,,-18.128692579505277,0.0,9.60918727915194,,,,,,,,75.32706713780921,-15.325371024734986,76.87017667844525,1.4,1.372226148409894,0.033392226148409865,1.372226148409894,0.401095406360424,0.8,0.7533568904593639,0.10339222614840987,0.7533568904593639,0.14660777385159013,1.1109540636042403,0.9998939929328623,0.1832508833922262,0.9998939929328623,0.2910247349823322,1.2,0.9844876325088339,0.04116607773851587,0.9844876325088339,0.6065724381625442,0.8,0.7554770318021202,0.032261484098939905,0.7554770318021202,0.2822968197879858,0.9777385159010601,0.4632862190812721,0.09109540636042404,0.4632862190812721,0.8010600706713781,1.3109540636042403,0.9076678445229682,0.14438162544169614,0.9076678445229682,0.8921201413427562,0.7,0.19674911660777378,0.13551236749116613,0.19674911660777378,0.6610600706713781,0.9,0.06441696113074208,0.025547703180212017,0.06441696113074208,0.8977385159010601,0.5554770318021202,-0.33219081272084805,0.09007067137809185,-0.33219081272084805,0.46992932862190817,0.42226148409893993,0.08554770318021201,0.07558303886925793,0.08554770318021201,0.4233568904593639,0.5777385159010601,-0.2855123674911661,0.07780918727915193,-0.2855123674911661,0.43664310954063607
3.448000000000001,,-17.16791519434628,0.0,9.1002355712603,,,,,,,,76.46838633686691,-15.55757361601885,78.03487632508835,1.4,1.372108362779741,0.031625441696113046,1.372108362779741,0.4015665488810365,0.8,0.7526501766784452,0.10162544169611305,0.7526501766784452,0.14837455830388696,1.1156654888103652,1.0030742049469965,0.18572438162544175,1.0030742049469965,0.2936160188457009,1.2,0.9831919905771496,0.03951707891637217,0.9831919905771496,0.6093992932862191,0.8,0.7578327444051827,0.031083627797408697,0.7578327444051827,0.2800588928150765,0.9789163722025913,0.4646996466431096,0.09156654888103652,0.4646996466431096,0.8025912838633686,1.3156654888103652,0.9109658421672556,0.14626619552414608,0.9109658421672556,0.8951825677267373,0.7,0.19427561837455826,0.13680800942285043,0.19427561837455826,0.6625912838633686,0.9,0.06524146054181393,0.025783274440518256,0.06524146054181393,0.8989163722025914,0.5578327444051826,-0.333133097762073,0.08795053003533568,-0.333133097762073,0.47204946996466435,0.4210836277974087,0.08578327444051825,0.07475853945818609,0.08578327444051825,0.4226501766784452,0.5789163722025913,-0.28680800942285045,0.07686690223792696,-0.28680800942285045,0.4373498233215548
3.498000000000001,,-16.20713780918726,0.0,8.591283863368659,,,,,,,,77.60970553592463,-15.789776207302713,79.19957597173148,1.4,1.3719905771495877,0.029858657243816228,1.3719905771495877,0.402037691401649,0.8,0.7519434628975264,0.09985865724381623,0.7519434628975264,0.15014134275618377,1.12037691401649,1.006254416961131,0.18819787985865732,1.006254416961131,0.2962073027090696,1.2,0.9818963486454653,0.03786808009422846,0.9818963486454653,0.6122261484098941,0.8,0.7601884570082451,0.029905771495877476,0.7601884570082451,0.2778209658421672,0.9800942285041225,0.466113074204947,0.09203769140164901,0.466113074204947,0.8041224970553592,1.32037691401649,0.914263839811543,0.148150765606596,0.914263839811543,0.8982449941107185,0.7,0.19180212014134268,0.13810365135453478,0.19180212014134268,0.6641224970553592,0.9,0.06606595995288578,0.0260188457008245,0.06606595995288578,0.9000942285041226,0.560188457008245,-0.334075382803298,0.08583038869257947,-0.334075382803298,0.4741696113074205,0.4199057714958775,0.0860188457008245,0.07393404004711424,0.0860188457008245,0.4219434628975265,0.5800942285041225,-0.28810365135453475,0.07592461719670199,-0.28810365135453475,0.4380565371024735
3.548000000000001,,-15.246360424028254,0.0,8.082332155477026,,,,,,,,78.75102473498235,-16.021978798586577,80.36427561837458,1.4,1.3718727915194346,0.02809187279151941,1.3718727915194346,0.40250883392226144,0.8,0.7512367491166078,0.09809187279151942,0.7512367491166078,0.15190812720848057,1.125088339222615,1.0094346289752651,0.19067137809187285,1.0094346289752651,0.29879858657243824,1.2,0.9806007067137809,0.03621908127208477,0.9806007067137809,0.615053003533569,0.8,0.7625441696113076,0.028727915194346268,0.7625441696113076,0.2755830388692579,0.9812720848056538,0.46752650176678445,0.0925088339222615,0.46752650176678445,0.8056537102473498,1.325088339222615,0.9175618374558304,0.15003533568904595,0.9175618374558304,0.9013074204946996,0.7,0.18932862190812716,0.1393992932862191,0.18932862190812716,0.6656537102473499,0.9,0.06689045936395763,0.02625441696113074,0.06689045936395763,0.9012720848056538,0.5625441696113075,-0.33501766784452297,0.0837102473498233,-0.33501766784452297,0.4762897526501767,0.41872791519434627,0.08625441696113074,0.07310954063604239,0.08625441696113074,0.42123674911660774,0.5812720848056537,-0.2893992932862191,0.07498233215547702,-0.2893992932862191,0.43876325088339224
3.598000000000001,,-14.285583038869234,0.0,7.573380447585386,,,,,,,,79.89234393404007,-16.254181389870443,81.52897526501769,1.4,1.3717550058892816,0.026325088339222577,1.3717550058892816,0.402979976442874,0.8,0.7505300353356891,0.09632508833922258,0.7505300353356891,0.1536749116607774,1.1297997644287399,1.0126148409893994,0.19314487632508842,1.0126148409893994,0.3013898704358069,1.2,0.9793050647820966,0.03457008244994106,0.9793050647820966,0.6178798586572439,0.8,0.76489988221437,0.027550058892815046,0.76489988221437,0.2733451118963486,0.982449941107185,0.46893992932862194,0.09297997644287398,0.46893992932862194,0.8071849234393405,1.3297997644287398,0.9208598351001178,0.15191990577149592,0.9208598351001178,0.9043698468786808,0.7,0.18685512367491158,0.14069493521790344,0.18685512367491158,0.6671849234393404,0.9,0.06771495877502948,0.026489988221436986,0.06771495877502948,0.902449941107185,0.5648998822143699,-0.335959952885748,0.08159010600706709,-0.335959952885748,0.47840989399293293,0.41755005889281505,0.086489988221437,0.07228504122497054,0.086489988221437,0.420530035335689,0.582449941107185,-0.29069493521790346,0.07404004711425204,-0.29069493521790346,0.439469964664311
3.648000000000001,,-13.324805653710229,0.0,7.064428739693753,,,,,,,,81.03366313309778,-16.486383981154304,82.69367491166079,1.4,1.3716372202591285,0.02455830388692576,1.3716372202591285,0.40345111896348645,0.8,0.7498233215547703,0.09455830388692577,0.7498233215547703,0.15544169611307423,1.1345111896348645,1.0157950530035338,0.19561837455830394,1.0157950530035338,0.3039811542991756,1.2,0.9780094228504121,0.03292108362779737,0.9780094228504121,0.6207067137809188,0.8,0.7672555948174323,0.02637220259128384,0.7672555948174323,0.2711071849234393,0.9836277974087162,0.4703533568904594,0.09345111896348646,0.4703533568904594,0.8087161366313309,1.3345111896348647,0.9241578327444052,0.15380447585394585,0.9241578327444052,0.907432273262662,0.7,0.18438162544169606,0.1419905771495878,0.18438162544169606,0.668716136631331,0.9,0.06853945818610133,0.02672555948174323,0.06853945818610133,0.9036277974087162,0.5672555948174323,-0.33690223792697294,0.07946996466431092,-0.33690223792697294,0.4805300353356891,0.4163722025912838,0.08672555948174324,0.07146054181389869,0.08672555948174324,0.41982332155477026,0.5836277974087162,-0.29199057714958776,0.07309776207302708,-0.29199057714958776,0.44017667844522973
3.6980000000000013,,-12.364028268551209,0.0,6.555477031802113,,,,,,,,82.17498233215551,-16.71858657243817,83.85837455830391,1.4,1.3715194346289754,0.022791519434628926,1.3715194346289754,0.40392226148409893,0.8,0.7491166077738516,0.09279151943462893,0.7491166077738516,0.15720848056537107,1.1392226148409894,1.018975265017668,0.19809187279151952,1.018975265017668,0.30657243816254426,1.2,0.9767137809187278,0.03127208480565366,0.9767137809187278,0.6235335689045938,0.8,0.7696113074204948,0.025194346289752617,0.7696113074204948,0.26886925795052996,0.9848056537102474,0.47176678445229686,0.09392226148409896,0.47176678445229686,0.8102473498233216,1.3392226148409894,0.9274558303886926,0.1556890459363958,0.9274558303886926,0.9104946996466432,0.7,0.18190812720848049,0.14328621908127212,0.18190812720848049,0.6702473498233216,0.9,0.06936395759717318,0.02696113074204947,0.06936395759717318,0.9048056537102475,0.5696113074204947,-0.3378445229681979,0.07734982332155474,-0.3378445229681979,0.4826501766784453,0.41519434628975266,0.08696113074204948,0.07063604240282682,0.08696113074204948,0.41911660777385157,0.5848056537102474,-0.2932862190812721,0.0721554770318021,-0.2932862190812721,0.4408833922261484
3.748000000000001,,-11.403250883392204,0.0,6.046525323910473,,,,,,,,83.31630153121321,-16.950789163722032,85.02307420494702,1.4,1.371401648998822,0.02102473498233212,1.371401648998822,0.4043934040047114,0.8,0.7484098939929329,0.09102473498233213,0.7484098939929329,0.15897526501766787,1.1439340400471143,1.0221554770318022,0.20056537102473504,1.0221554770318022,0.3091637220259129,1.2,0.9754181389870435,0.029623085983509975,0.9754181389870435,0.6263604240282686,0.8,0.7719670200235572,0.02401648998822141,0.7719670200235572,0.2666313309776207,0.9859835100117786,0.4731802120141343,0.09439340400471144,0.4731802120141343,0.8117785630153121,1.3439340400471143,0.93075382803298,0.15757361601884573,0.93075382803298,0.9135571260306243,0.7,0.17943462897526496,0.14458186101295645,0.17943462897526496,0.6717785630153121,0.9,0.07018845700824503,0.027196702002355716,0.07018845700824503,0.9059835100117786,0.5719670200235571,-0.33878680800942285,0.07522968197879856,-0.33878680800942285,0.48477031802120146,0.41401648998822144,0.08719670200235571,0.06981154299175499,0.08719670200235571,0.4184098939929328,0.5859835100117785,-0.29458186101295647,0.07121319199057713,-0.29458186101295647,0.44159010600706716
3.798000000000001,,-10.442473498233198,0.0,5.53757361601884,,,,,,,,84.45762073027092,-17.182991755005894,86.18777385159012,1.4,1.371283863368669,0.019257950530035317,1.371283863368669,0.4048645465253239,0.8,0.7477031802120141,0.08925795053003532,0.7477031802120141,0.16074204946996468,1.1486454652532392,1.0253356890459364,0.2030388692579506,1.0253356890459364,0.3117550058892816,1.2,0.9741224970553592,0.027974087161366276,0.9741224970553592,0.6291872791519435,0.8,0.7743227326266197,0.022838633686690202,0.7743227326266197,0.26439340400471134,0.9871613663133099,0.4745936395759718,0.09486454652532392,0.4745936395759718,0.8133097762073027,1.3486454652532391,0.9340518256772674,0.15945818610129567,0.9340518256772674,0.9166195524146055,0.7,0.17696113074204942,0.1458775029446408,0.17696113074204942,0.6733097762073027,0.9,0.07101295641931687,0.027432273262661955,0.07101295641931687,0.9071613663133098,0.5743227326266196,-0.3397290930506478,0.07310954063604239,-0.3397290930506478,0.48689045936395764,0.4128386336866902,0.08743227326266195,0.06898704358068314,0.08743227326266195,0.4177031802120141,0.5871613663133097,-0.29587750294464077,0.07027090694935216,-0.29587750294464077,0.4422968197879859
3.848000000000001,,-9.481696113074179,0.0,5.0286219081271994,,,,,,,,85.59893992932865,-17.41519434628976,87.35247349823324,1.4,1.371166077738516,0.017491166077738485,1.371166077738516,0.40533568904593636,0.8,0.7469964664310954,0.08749116607773849,0.7469964664310954,0.1625088339222615,1.153356890459364,1.0285159010600708,0.20551236749116614,1.0285159010600708,0.3143462897526503,1.2,0.9728268551236748,0.026325088339222577,0.9728268551236748,0.6320141342756185,0.8,0.7766784452296821,0.02166077738515898,0.7766784452296821,0.2621554770318021,0.988339222614841,0.4760070671378092,0.09533568904593641,0.4760070671378092,0.8148409893992933,1.353356890459364,0.9373498233215548,0.1613427561837456,0.9373498233215548,0.9196819787985866,0.7,0.17448763250883384,0.14717314487632513,0.17448763250883384,0.6748409893992933,0.9,0.07183745583038872,0.0276678445229682,0.07183745583038872,0.908339222614841,0.576678445229682,-0.3406713780918728,0.07098939929328618,-0.3406713780918728,0.48901060070671387,0.411660777385159,0.0876678445229682,0.06816254416961129,0.0876678445229682,0.41699646643109534,0.588339222614841,-0.2971731448763251,0.06932862190812719,-0.2971731448763251,0.44300353356890465
3.898000000000001,,-8.520918727915173,0.0,4.519670200235566,,,,,,,,86.74025912838636,-17.64739693757362,88.51717314487634,1.4,1.3710482921083629,0.01572438162544168,1.3710482921083629,0.40580683156654884,0.8,0.7462897526501766,0.08572438162544169,0.7462897526501766,0.1642756183745583,1.158068315665489,1.031696113074205,0.20798586572438169,1.031696113074205,0.31693757361601893,1.2,0.9715312131919905,0.024676089517078892,0.9715312131919905,0.6348409893992933,0.8,0.7790341578327444,0.020482921083627773,0.7790341578327444,0.2599175500588927,0.9895170789163722,0.47742049469964665,0.0958068315665489,0.47742049469964665,0.8163722025912838,1.3580683156654887,0.9406478209658422,0.16322732626619554,0.9406478209658422,0.9227444051825677,0.7,0.17201413427561832,0.14846878680800946,0.17201413427561832,0.6763722025912838,0.9,0.07266195524146056,0.02790341578327444,0.07266195524146056,0.9095170789163722,0.5790341578327445,-0.34161366313309777,0.06886925795053,-0.34161366313309777,0.49113074204947005,0.4104829210836278,0.08790341578327444,0.06733804475853944,0.08790341578327444,0.41628975265017665,0.5895170789163722,-0.2984687868080095,0.06838633686690222,-0.2984687868080095,0.44371024734982334
3.9480000000000013,,-7.560141342756154,0.0,4.010718492343926,,,,,,,,87.88157832744407,-17.879599528857486,89.68187279151945,1.4,1.3709305064782098,0.013957597173144848,1.3709305064782098,0.4062779740871614,0.8,0.7455830388692579,0.08395759717314485,0.7455830388692579,0.16604240282685515,1.1627797408716138,1.0348763250883395,0.21045936395759726,1.0348763250883395,0.31952885747938764,1.2,0.9702355712603061,0.023027090694935165,0.9702355712603061,0.6376678445229683,0.8,0.7813898704358069,0.01930506478209655,0.7813898704358069,0.25767962308598347,0.9906949352179034,0.47883392226148414,0.09627797408716138,0.47883392226148414,0.8179034157832744,1.3627797408716136,0.9439458186101297,0.1651118963486455,0.9439458186101297,0.9258068315665489,0.7,0.16954063604240274,0.1497644287396938,0.16954063604240274,0.6779034157832744,0.9,0.07348645465253242,0.028138987043580685,0.07348645465253242,0.9106949352179035,0.5813898704358069,-0.3425559481743228,0.06674911660777383,-0.3425559481743228,0.4932508833922262,0.4093050647820966,0.0881389870435807,0.06651354534746758,0.0881389870435807,0.4155830388692579,0.5906949352179034,-0.2997644287396938,0.06744405182567724,-0.2997644287396938,0.4444169611307421
3.998000000000001,,-6.5993639575971486,0.0,3.501766784452286,,,,,,,,89.0228975265018,-18.11180212014135,90.84657243816257,1.4,1.3708127208480567,0.012190812720848015,1.3708127208480567,0.40674911660777385,0.8,0.7448763250883392,0.08219081272084802,0.7448763250883392,0.16780918727915198,1.1674911660777385,1.0380565371024737,0.21293286219081278,1.0380565371024737,0.32212014134275624,1.2,0.9689399293286218,0.021378091872791466,0.9689399293286218,0.6404946996466432,0.8,0.7837455830388693,0.018127208480565343,0.7837455830388693,0.25544169611307416,0.9918727915194346,0.48024734982332157,0.09674911660777386,0.48024734982332157,0.819434628975265,1.3674911660777385,0.947243816254417,0.16699646643109542,0.947243816254417,0.92886925795053,0.7,0.16706713780918722,0.1510600706713781,0.16706713780918722,0.679434628975265,0.9,0.07431095406360427,0.028374558303886924,0.07431095406360427,0.9118727915194347,0.5837455830388693,-0.34349823321554773,0.06462897526501765,-0.34349823321554773,0.4953710247349824,0.4081272084805654,0.08837455830388694,0.06568904593639573,0.08837455830388694,0.41487632508833916,0.5918727915194346,-0.30106007067137813,0.06650176678445228,-0.30106007067137813,0.4451236749116608
4.048000000000002,,-5.638586572438129,0.0,2.992815076560646,,,,,,,,90.16421672555951,-18.344004711425214,92.0112720848057,1.4,1.3706949352179034,0.010424028268551183,1.3706949352179034,0.40722025912838633,0.8,0.7441696113074204,0.08042402826855119,0.7441696113074204,0.1695759717314488,1.1722025912838636,1.041236749116608,0.2154063604240284,1.041236749116608,0.32471142520612495,1.2,0.9676442873969375,0.019729093050647767,0.9676442873969375,0.6433215547703182,0.8,0.7861012956419318,0.016949352179034108,0.7861012956419318,0.25320376914016485,0.9930506478209659,0.48166077738515906,0.09722025912838636,0.48166077738515906,0.8209658421672557,1.3722025912838633,0.9505418138987045,0.1688810365135454,0.9505418138987045,0.9319316843345112,0.7,0.16459363957597162,0.15235571260306247,0.16459363957597162,0.6809658421672556,0.9,0.07513545347467612,0.028610129564193176,0.07513545347467612,0.9130506478209659,0.5861012956419318,-0.3444405182567727,0.06250883392226142,-0.3444405182567727,0.4974911660777386,0.40694935217903416,0.08861012956419317,0.06486454652532388,0.08861012956419317,0.41416961130742047,0.5930506478209658,-0.3023557126030625,0.06555948174322729,-0.3023557126030625,0.4458303886925795
4.098000000000002,,-4.677809187279124,0.0,2.483863368669006,,,,,,,,91.30553592461723,-18.576207302709076,93.1759717314488,1.4,1.3705771495877503,0.008657243816254379,1.3705771495877503,0.4076914016489988,0.8,0.7434628975265017,0.07865724381625439,0.7434628975265017,0.17134275618374561,1.1769140164899883,1.0444169611307421,0.2178798586572439,1.0444169611307421,0.32730270906949366,1.2,0.9663486454652532,0.018080094228504068,0.9663486454652532,0.646148409893993,0.8,0.7884570082449942,0.0157714958775029,0.7884570082449942,0.2509658421672555,0.9942285041224971,0.4830742049469965,0.09769140164899884,0.4830742049469965,0.8224970553592462,1.3769140164899882,0.9538398115429918,0.17076560659599532,0.9538398115429918,0.9349941107184924,0.7,0.1621201413427561,0.15365135453474682,0.1621201413427561,0.6824970553592462,0.9,0.07595995288574797,0.028845700824499415,0.07595995288574797,0.9142285041224971,0.5884570082449941,-0.34538280329799764,0.06038869257950524,-0.34538280329799764,0.49961130742049475,0.40577149587750294,0.08884570082449941,0.06404004711425203,0.08884570082449941,0.4134628975265017,0.5942285041224971,-0.3036513545347468,0.06461719670200233,-0.3036513545347468,0.44653710247349826
4.1480000000000015,,-3.717031802120104,0.0,1.974911660777373,,,,,,,,92.44685512367494,-18.80840989399294,94.3406713780919,1.4,1.3704593639575973,0.006890459363957546,1.3704593639575973,0.4081625441696113,0.8,0.742756183745583,0.07689045936395755,0.742756183745583,0.17310954063604245,1.1816254416961132,1.0475971731448765,0.22035335689045946,1.0475971731448765,0.3298939929328623,1.2,0.9650530035335688,0.01643109540636037,0.9650530035335688,0.6489752650176679,0.8,0.7908127208480566,0.014593639575971692,0.7908127208480566,0.24872791519434623,0.9954063604240283,0.484487632508834,0.09816254416961132,0.484487632508834,0.8240282685512368,1.3816254416961131,0.9571378091872793,0.17265017667844526,0.9571378091872793,0.9380565371024735,0.7,0.15964664310954055,0.15494699646643115,0.15964664310954055,0.6840282685512368,0.9,0.07678445229681982,0.029081272084805654,0.07678445229681982,0.9154063604240283,0.5908127208480566,-0.3463250883392226,0.05826855123674907,-0.3463250883392226,0.5017314487632509,0.4045936395759717,0.08908127208480565,0.06321554770318018,0.08908127208480565,0.412756183745583,0.5954063604240283,-0.30494699646643114,0.06367491166077736,-0.30494699646643114,0.447243816254417
4.198000000000001,,-2.7562544169610987,0.0,1.4659599528857399,,,,,,,,93.58817432273266,-19.040612485276803,95.50537102473501,1.4,1.3703415783274442,0.005123674911660742,1.3703415783274442,0.40863368669022376,0.8,0.7420494699646643,0.07512367491166075,0.7420494699646643,0.17487632508833925,1.186336866902238,1.0507773851590108,0.22282685512367498,1.0507773851590108,0.33248527679623097,1.2,0.9637573616018845,0.01478209658421667,0.9637573616018845,0.6518021201413429,0.8,0.7931684334511191,0.013415783274440485,0.7931684334511191,0.24648998822143692,0.9965842167255595,0.4859010600706714,0.0986336866902238,0.4859010600706714,0.8255594817432274,1.386336866902238,0.9604358068315666,0.1745347467608952,0.9604358068315666,0.9411189634864547,0.7,0.15717314487632503,0.15624263839811547,0.15717314487632503,0.6855594817432273,0.9,0.07760895170789167,0.0293168433451119,0.07760895170789167,0.9165842167255596,0.593168433451119,-0.3472673733804476,0.05614840989399289,-0.3472673733804476,0.5038515901060071,0.4034157832744405,0.0893168433451119,0.06239104829210833,0.0893168433451119,0.4120494699646643,0.5965842167255595,-0.3062426383981155,0.0627326266195524,-0.3062426383981155,0.4479505300353357
4.248000000000001,,-1.7954770318020934,0.0,0.9570082449940998,,,,,,,,94.72949352179036,-19.272815076560665,96.67007067137811,1.4,1.370223792697291,0.003356890459363937,1.370223792697291,0.40910482921083624,0.8,0.7413427561837456,0.07335689045936394,0.7413427561837456,0.17664310954063606,1.1910482921083627,1.053957597173145,0.22530035335689053,1.053957597173145,0.3350765606595996,1.2,0.9624617196702002,0.013133097762072998,0.9624617196702002,0.6546289752650177,0.8,0.7955241460541815,0.012237926972909277,0.7955241460541815,0.24425206124852764,0.9977620730270907,0.48731448763250884,0.0991048292108363,0.48731448763250884,0.8270906949352179,1.391048292108363,0.963733804475854,0.17641931684334514,0.963733804475854,0.9441813898704359,0.7,0.15469964664310948,0.1575382803297998,0.15469964664310948,0.6870906949352179,0.9,0.07843345111896351,0.02955241460541814,0.07843345111896351,0.9177620730270908,0.5955241460541814,-0.34820965842167256,0.05402826855123671,-0.34820965842167256,0.5059717314487633,0.4022379269729093,0.08955241460541814,0.06156654888103649,0.08955241460541814,0.41134275618374555,0.5977620730270907,-0.3075382803297998,0.061790341578327426,-0.3075382803297998,0.44865724381625444
4.298000000000001,,-0.834699646643088,0.0,0.44805653710246673,,,,,,,,95.87081272084808,-19.505017667844527,97.83477031802121,1.4,1.3701060070671378,0.0015901060070671047,1.3701060070671378,0.4095759717314488,0.8,0.7406360424028269,0.07159010600706711,0.7406360424028269,0.1784098939929329,1.1957597173144876,1.0571378091872794,0.22777385159010607,1.0571378091872794,0.3376678445229683,1.2,0.9611660777385158,0.0114840989399293,0.9611660777385158,0.6574558303886926,0.8,0.797879858657244,0.01106007067137807,0.797879858657244,0.24201413427561833,0.998939929328622,0.48872791519434633,0.09957597173144878,0.48872791519434633,0.8286219081272085,1.3957597173144876,0.9670318021201414,0.17830388692579507,0.9670318021201414,0.947243816254417,0.7,0.15222614840989393,0.15883392226148413,0.15222614840989393,0.6886219081272085,0.9,0.07925795053003536,0.029787985865724384,0.07925795053003536,0.918939929328622,0.5978798586572438,-0.3491519434628975,0.05190812720848054,-0.3491519434628975,0.5080918727915195,0.4010600706713781,0.08978798586572438,0.06074204946996464,0.08978798586572438,0.4106360424028268,0.598939929328622,-0.3088339222614841,0.06084805653710246,-0.3088339222614841,0.4493639575971732
4.348000000000002,2.9279289940828397,0.06875739644971718,-0.00059171597633156,-0.01650887573964716,0.0917159763313918,-11.586094674556241,-11.518994082840242,-0.3553254437871018,0.0493491124260521,0.04266272189350548,-0.07062130177517169,96.95891715976333,-19.487076923076845,98.90690532544379,1.4,1.368816568047337,0.00059171597633156,1.368816568047337,0.41059171597633154,0.7970414201183422,0.7355621301775133,0.07414201183432093,0.7355621301775133,0.17497041420118173,1.2,1.0602958579881658,0.22881656804733688,1.0602958579881658,0.3391124260355027,1.1970414201183421,0.9591124260355026,0.01,0.9591124260355026,0.6602958579881658,0.7970414201183422,0.7961538461538449,0.01236686390532624,0.7961538461538449,0.24118343195266312,0.9970414201183422,0.48585798816567904,0.09792899408283955,0.48585798816567904,0.8294082840236684,1.4,0.9697041420118342,0.17911242603550265,0.9697041420118342,0.9497041420118342,0.7,0.14911242603550265,0.16029585798816579,0.14911242603550265,0.6905917159763315,0.9,0.08059171597633157,0.03,0.08059171597633157,0.9202958579881658,0.6,-0.34733727810650794,0.049408284023668446,-0.34733727810650794,0.5114792899408289,0.4059171597633156,0.09177514792899467,0.06118343195266312,0.09177514792899467,0.4108875739644973,0.6,-0.31236686390532625,0.06029585798816578,-0.31236686390532625,0.4485207100591711
4.3980000000000015,2.907218934911242,0.4563313609467582,-0.006508875739645163,-0.08159763313609678,1.008875739645,-12.44704142011837,-11.70893491124261,-3.9085798816569204,0.5428402366864065,0.46928994082841624,-0.7768343195266502,97.56808875739647,-17.21784615384608,99.14595857988166,1.4,1.3569822485207097,0.006508875739645163,1.3569822485207097,0.4165088757396451,0.7674556213017742,0.6911834319526613,0.11556213017751614,0.6911834319526613,0.12467455621301612,1.2,1.0632544378698225,0.2169822485207097,1.0632544378698225,0.3302366863905323,1.1674556213017742,0.9502366863905323,0.01,0.9502366863905323,0.6632544378698226,0.7674556213017742,0.7576923076923064,0.03603550295858065,0.7576923076923064,0.25301775147929034,0.9674556213017742,0.44443786982248384,0.07721893491124193,0.44443786982248384,0.8234911242603549,1.4,0.9667455621301774,0.17023668639053224,0.9667455621301774,0.9467455621301774,0.7,0.14023668639053224,0.16325443786982258,0.14023668639053224,0.6965088757396452,0.9,0.08650887573964516,0.03,0.08650887573964516,0.9232544378698226,0.6,-0.3207100591715968,0.04349112426035484,-0.3207100591715968,0.5262721893491129,0.4650887573964516,0.10952662721893548,0.07301775147929032,0.10952662721893548,0.4197633136094677,0.6,-0.33603550295858065,0.06325443786982259,-0.33603550295858065,0.4337278106508871
4.448000000000001,2.8865088757396444,0.8439053254437991,-0.012426035502958765,-0.14668639053254642,1.9260355029586085,-13.3079881656805,-11.898875739644977,-7.461834319526739,1.036331360946761,0.895917159763327,-1.4830473372781285,98.1772603550296,-14.948615384615314,99.38501183431953,1.4,1.3451479289940826,0.012426035502958765,1.3451479289940826,0.42242603550295876,0.7378698224852062,0.6468047337278092,0.15698224852071135,0.6468047337278092,0.0743786982248505,1.2,1.0662130177514795,0.20514792899408246,1.0662130177514795,0.32136094674556187,1.1378698224852062,0.9413609467455619,0.01,0.9413609467455619,0.6662130177514795,0.7378698224852062,0.7192307692307681,0.05970414201183506,0.7192307692307681,0.26485207100591757,0.9378698224852062,0.40301775147928864,0.056508875739644325,0.40301775147928864,0.8175739644970412,1.4,0.9637869822485206,0.16136094674556184,0.9637869822485206,0.9437869822485205,0.7,0.13136094674556184,0.1662130177514794,0.13136094674556184,0.7024260355029587,0.9,0.09242603550295878,0.03,0.09242603550295878,0.9262130177514795,0.6,-0.29408284023668557,0.037573964497041236,-0.29408284023668557,0.5410650887573969,0.5242603550295877,0.12727810650887628,0.08485207100591753,0.12727810650887628,0.42863905325443813,0.6,-0.3597041420118351,0.06621301775147939,-0.3597041420118351,0.4189349112426031
4.498000000000001,2.865798816568047,1.2314792899408402,-0.01834319526627237,-0.21177514792899604,2.843195266272217,-14.16893491124263,-12.088816568047342,-11.015088757396557,1.5298224852071154,1.3225443786982378,-2.189260355029607,98.78643195266274,-12.679384615384548,99.6240650887574,1.4,1.3333136094674554,0.01834319526627237,1.3333136094674554,0.42834319526627235,0.7082840236686381,0.6024260355029571,0.19840236686390658,0.6024260355029571,0.024082840236684888,1.2,1.0691715976331362,0.19331360946745527,1.0691715976331362,0.31248520710059147,1.1082840236686382,0.9324852071005915,0.01,0.9324852071005915,0.6691715976331363,0.7082840236686381,0.6807692307692297,0.08337278106508947,0.6807692307692297,0.27668639053254473,0.9082840236686381,0.3615976331360934,0.03579881656804672,0.3615976331360934,0.8116568047337277,1.4,0.9608284023668637,0.15248520710059144,0.9608284023668637,0.9408284023668637,0.7,0.12248520710059145,0.1691715976331362,0.12248520710059145,0.7083431952662723,0.9,0.09834319526627237,0.03,0.09834319526627237,0.9291715976331363,0.6,-0.26745562130177436,0.03165680473372763,-0.26745562130177436,0.555857988165681,0.5834319526627236,0.14502958579881708,0.09668639053254474,0.14502958579881708,0.43751479289940853,0.6,-0.3833727810650895,0.06917159763313618,-0.3833727810650895,0.4041420118343191
4.548000000000001,2.86,2.2907692307692527,-0.03846153846153888,-0.3592307692307722,4.392307692307722,-15.631230769230797,-11.50784615384614,-7.9576923076922155,-1.8563076923077724,2.451846153846177,-3.6617692307692593,97.6157692307692,-12.70215384615386,98.44023076923074,1.4,1.33,0.02,1.33,0.43,0.7,0.59,0.21,0.59,0.01,1.2,1.07,0.19,1.07,0.31,1.1,0.93,0.01,0.93,0.67,0.7,0.67,0.09,0.67,0.28,0.9,0.35,0.03,0.35,0.81,1.4,0.96,0.15,0.96,0.94,0.7,0.12,0.17,0.12,0.71,0.9,0.1,0.03,0.1,0.93,0.6,-0.26,0.03,-0.26,0.56,0.6,0.15,0.1,0.15,0.44,0.6,-0.39,0.07,-0.39,0.4
4.598000000000002,2.8878947368421066,3.681052631578988,-0.02,-0.5421052631579011,9.40000000000015,-14.894210526315698,-10.002157894736726,-7.10736842105259,-6.415210526315865,4.190894736842165,-5.644526315789551,98.45289473684211,-13.078000000000028,99.32163157894738,1.4,1.3273684210526313,0.022631578947368815,1.3273684210526313,0.43,0.6736842105263118,0.5715789473684183,0.22315789473684408,0.5715789473684183,0.012631578947368815,1.2,1.0673684210526313,0.18473684210526237,1.0673684210526313,0.31526315789473763,1.1,0.916842105263156,0.015263157894737629,0.916842105263156,0.6752631578947377,0.7,0.6515789473684184,0.09526315789473763,0.6515789473684184,0.3010526315789505,0.8736842105263118,0.3263157894736807,0.03263157894736882,0.3263157894736807,0.7994736842105248,1.4,0.9547368421052623,0.14210526315789354,0.9547368421052623,0.9321052631578935,0.7,0.10684210526315592,0.17,0.10684210526315592,0.71,0.9263157894736882,0.11052631578947526,0.03263157894736882,0.11052631578947526,0.9326315789473688,0.6,-0.2389473684210495,0.02473684210526237,-0.2389473684210495,0.5573684210526313,0.6,0.15789473684210645,0.10789473684210645,0.15789473684210645,0.4242105263157871,0.6,-0.39789473684210647,0.07263157894736882,-0.39789473684210647,0.40263157894736884
4.6480000000000015,2.9331578947368437,5.036315789473725,-0.025789473684210917,-0.7468421052631639,14.40000000000015,-11.528210526315677,-5.779842105263019,-5.597631578947318,-8.660105263157952,6.2464736842105895,-8.310157894736925,98.29936842105262,-14.088105263157928,99.30799999999999,1.4,1.32,0.03,1.32,0.43,0.6,0.52,0.26,0.52,0.02,1.2,1.06,0.17,1.06,0.33,1.1,0.88,0.03,0.88,0.69,0.7,0.6,0.11,0.6,0.36,0.8,0.26,0.04,0.26,0.77,1.4,0.94,0.12,0.94,0.91,0.7,0.07,0.17,0.07,0.71,1.0,0.14,0.04,0.14,0.94,0.6,-0.18,0.01,-0.18,0.55,0.6,0.18,0.13,0.18,0.38,0.6,-0.42,0.08,-0.42,0.41
4.698000000000001,2.9857894736842123,6.391578947368457,-0.03894736842105299,-0.9531578947368478,19.310526315789605,-7.608473684210418,-1.1334736842104003,-3.5063684210525694,-9.672210526315807,8.338263157894794,-11.035000000000073,97.81531578947367,-15.372947368421089,99.01936842105263,1.4,1.32,0.03,1.32,0.43,0.6,0.52,0.26,0.52,0.02,1.2,1.06,0.17,1.06,0.33,1.1,0.88,0.03,0.88,0.69,0.7,0.6,0.11,0.6,0.36,0.8,0.26,0.04,0.26,0.77,1.4,0.94,0.12,0.94,0.91,0.7,0.07,0.17,0.07,0.71,1.0,0.14,0.04,0.14,0.94,0.6,-0.18,0.01,-0.18,0.55,0.6,0.18,0.13,0.18,0.38,0.6,-0.42,0.08,-0.42,0.41
4.748000000000001,3.050526315789475,7.744736842105291,-0.05,-1.180000000000005,23.715789473684303,-2.656157894736758,3.1935263157895326,0.3072631578946522,-5.250210526315833,10.313315789473725,-13.397210526315842,96.65547368421055,-17.73031578947371,98.27284210526318,1.4,1.32,0.03,1.32,0.43,0.6,0.52,0.26,0.52,0.02,1.2,1.06,0.17,1.06,0.33,1.1,0.88,0.03,0.88,0.69,0.7,0.6,0.11,0.6,0.36,0.8,0.26,0.04,0.26,0.77,1.4,0.94,0.12,0.94,0.91,0.7,0.07,0.17,0.07,0.71,1.0,0.14,0.04,0.14,0.94,0.6,-0.18,0.01,-0.18,0.55,0.6,0.18,0.13,0.18,0.38,0.6,-0.42,0.08,-0.42,0.41
4.798000000000002,3.121578947368424,9.086842105263214,-0.055263157894737396,-1.435263157894748,28.13684210526334,1.13278947368435,5.8108947368422,-2.4087894736842363,-8.289421052631766,12.319631578947455,-15.888000000000101,97.46100000000001,-18.798210526315817,99.25889473684212,1.4,1.32,0.03,1.32,0.43,0.6,0.52,0.26,0.52,0.02,1.2,1.06,0.17,1.06,0.33,1.1,0.88,0.03,0.88,0.69,0.7,0.6,0.11,0.6,0.36,0.8,0.26,0.04,0.26,0.77,1.4,0.94,0.12,0.94,0.91,0.7,0.07,0.17,0.07,0.71,1.0,0.14,0.04,0.14,0.94,0.6,-0.18,0.01,-0.18,0.55,0.6,0.18,0.13,0.18,0.38,0.6,-0.42,0.08,-0.42,0.41
4.848000000000002,3.201891891891895,10.452162162162214,-0.06864864864864915,-1.702972972972983,32.381081081081234,4.074756756756859,7.80300000000007,0.10643243243259226,-13.149675675675867,14.345702702702779,-18.21102702702711,96.95959459459456,-19.45372972972975,98.8957297297297,1.4,1.32,0.03,1.32,0.43,0.6,0.52,0.26,0.52,0.02,1.2,1.06,0.17,1.06,0.33,1.1,0.88,0.03,0.88,0.69,0.7,0.6,0.11,0.6,0.36,0.8,0.26,0.04,0.26,0.77,1.4,0.94,0.12,0.94,0.91,0.7,0.07,0.17,0.07,0.71,1.0,0.14,0.04,0.14,0.94,0.6,-0.18,0.01,-0.18,0.55,0.6,0.18,0.13,0.18,0.38,0.6,-0.42,0.08,-0.42,0.41
4.8980000000000015,3.2813513513513537,11.80108108108112,-0.08189189189189229,-1.9816216216216302,36.05405405405415,6.081135135135152,8.870108108108115,3.9117027027028586,-17.20010810810819,15.935081081081119,-20.426189189189248,97.37745945945946,-21.284378378378406,99.68183783783785,1.4,1.32,0.03,1.32,0.43,0.6,0.52,0.26,0.52,0.02,1.2,1.06,0.17,1.06,0.33,1.1,0.88,0.03,0.88,0.69,0.7,0.6,0.11,0.6,0.36,0.8,0.26,0.04,0.26,0.77,1.4,0.94,0.12,0.94,0.91,0.7,0.07,0.17,0.07,0.71,1.0,0.14,0.04,0.14,0.94,0.6,-0.18,0.01,-0.18,0.55,0.6,0.18,0.13,0.18,0.38,0.6,-0.42,0.08,-0.42,0.41
4.948000000000001,3.36684210526316,13.151578947368453,-0.09526315789473716,-2.286315789473692,38.89473684210532,6.497578947368426,9.079368421052637,8.723736842105362,-19.993578947368494,17.041368421052653,-22.257000000000037,97.33431578947368,-22.226000000000024,99.844,1.4,1.32,0.03,1.32,0.43,0.6,0.52,0.26,0.52,0.02,1.2,1.06,0.17,1.06,0.33,1.1,0.88,0.03,0.88,0.69,0.7,0.6,0.11,0.6,0.36,0.8,0.26,0.04,0.26,0.77,1.4,0.94,0.12,0.94,0.91,0.7,0.07,0.17,0.07,0.71,1.0,0.14,0.04,0.14,0.94,0.6,-0.18,0.01,-0.18,0.55,0.6,0.18,0.13,0.18,0.38,0.6,-0.42,0.08,-0.42,0.41
4.998000000000001,3.4518918918918935,14.503513513513541,-0.10864864864864891,-2.6075675675675742,40.65135135135138,6.65402702702703,9.29567567567568,12.041135135135193,-23.34024324324331,17.588189189189197,-23.50964864864867,97.16751351351351,-23.275972972972998,99.92202702702703,1.4,1.32,0.03,1.32,0.43,0.6,0.52,0.26,0.52,0.02,1.2,1.06,0.17,1.06,0.33,1.1,0.88,0.03,0.88,0.69,0.7,0.6,0.11,0.6,0.36,0.8,0.26,0.04,0.26,0.77,1.4,0.94,0.12,0.94,0.91,0.7,0.07,0.17,0.07,0.71,1.0,0.14,0.04,0.14,0.94,0.6,-0.18,0.01,-0.18,0.55,0.6,0.18,0.13,0.18,0.38,0.6,-0.42,0.08,-0.42,0.41
5.048000000000002,3.557297297297301,15.856216216216266,-0.12216216216216265,-2.9340540540540663,41.9,6.74924324324324,9.581513513513531,15.037135135135264,-26.660729729729805,17.876594594594582,-24.48464864864866,96.9944054054054,-24.342567567567595,100.00875675675675,1.4,1.32,0.03,1.32,0.43,0.6,0.52,0.26,0.52,0.02,1.2,1.06,0.17,1.06,0.33,1.1,0.88,0.03,0.88,0.69,0.7,0.6,0.11,0.6,0.36,0.8,0.26,0.04,0.26,0.77,1.4,0.94,0.12,0.94,0.91,0.7,0.07,0.17,0.07,0.71,1.0,0.14,0.04,0.14,0.94,0.6,-0.18,0.01,-0.18,0.55,0.6,0.18,0.13,0.18,0.38,0.6,-0.42,0.08,-0.42,0.41
5.098000000000002,3.664210526315793,17.19263157894741,-0.1355263157894741,-3.2736842105263264,41.73421052631578,6.554342105263148,9.999684210526326,18.15515789473692,-29.19944736842115,17.484052631578933,-24.67068421052632,96.94800000000001,-25.334973684210564,100.20863157894738,1.4,1.32,0.03,1.32,0.43,0.6,0.52,0.26,0.52,0.02,1.2,1.06,0.17,1.06,0.33,1.1,0.88,0.03,0.88,0.69,0.7,0.6,0.11,0.6,0.36,0.8,0.26,0.04,0.26,0.77,1.4,0.94,0.12,0.94,0.91,0.7,0.07,0.17,0.07,0.71,1.0,0.14,0.04,0.14,0.94,0.6,-0.18,0.01,-0.18,0.55,0.6,0.18,0.13,0.18,0.38,0.6,-0.42,0.08,-0.42,0.41
5.1480000000000015,3.762432432432435,18.531891891891927,-0.14,-3.6308108108108206,41.243243243243235,6.029972972972956,10.141810810810814,19.982702702702742,-32.787864864864964,16.976945945945932,-24.71091891891892,97.06756756756756,-26.869054054054097,100.72186486486488,1.4,1.3645945945945965,0.0032432432432421728,1.3645945945945965,0.34972972972972655,0.6,0.5735135135135156,0.21540540540540362,0.5735135135135156,0.046756756756757833,1.2,1.0956756756756771,0.17,1.0956756756756771,0.3389189189189193,1.1,0.8621621621621615,0.03891891891891928,0.8621621621621615,0.69,0.7891891891891928,0.7337837837837892,0.0386486486486458,0.7337837837837892,0.39567567567567713,0.8,0.20648648648648435,0.05783783783783855,0.20648648648648435,0.7878378378378386,1.3108108108108072,0.9132432432432422,0.048648648648645806,0.9132432432432422,0.8743243243243229,0.7891891891891928,-0.06378378378378916,0.18783783783783856,-0.06378378378378916,0.7278378378378385,1.0,0.14,0.04,0.14,0.94,0.5108108108108073,-0.09081081081080723,0.05459459459459638,-0.09081081081080723,0.5410810810810808,0.6891891891891927,0.18891891891891927,0.15675675675675782,0.18891891891891927,0.2908108108108073,0.6,-0.39324324324324217,0.05324324324324217,-0.39324324324324217,0.4278378378378385
5.198000000000001,3.868918918918922,19.89756756756761,-0.16270270270270315,-4.018378378378391,40.31081081081078,5.395810810810792,10.308270270270272,21.104351351351383,-31.90402702702704,16.353054054054038,-24.329405405405392,96.99127027027028,-27.732189189189224,100.88351351351352,1.4,1.37,0.0,1.37,0.34,0.6,0.58,0.21,0.58,0.05,1.2,1.1,0.17,1.1,0.34,1.1,0.86,0.04,0.86,0.69,0.8,0.75,0.03,0.75,0.4,0.8,0.2,0.06,0.2,0.79,1.3,0.91,0.04,0.91,0.87,0.8,-0.08,0.19,-0.08,0.73,1.0,0.14,0.04,0.14,0.94,0.5,-0.08,0.06,-0.08,0.54,0.7,0.19,0.16,0.19,0.28,0.6,-0.39,0.05,-0.39,0.43
5.248000000000002,3.963513513513518,21.229189189189253,-0.17,-4.410270270270289,39.42702702702699,4.804216216216187,10.342216216216217,22.043702702702745,-32.65459459459464,15.83824324324322,-23.961405405405387,97.00691891891893,-28.93345945945952,101.23464864864867,1.4,1.37,0.0,1.37,0.34,0.6,0.58,0.21,0.58,0.05,1.2,1.1,0.17,1.1,0.34,1.1,0.86,0.04,0.86,0.69,0.8,0.75,0.03,0.75,0.4,0.8,0.2,0.06,0.2,0.79,1.3,0.91,0.04,0.91,0.87,0.8,-0.08,0.19,-0.08,0.73,1.0,0.14,0.04,0.14,0.94,0.5,-0.08,0.06,-0.08,0.54,0.7,0.19,0.16,0.19,0.28,0.6,-0.39,0.05,-0.39,0.43
5.298000000000002,4.070000000000004,22.590000000000046,-0.18000000000000096,-4.810000000000015,38.59999999999999,4.212999999999985,10.371000000000015,23.030000000000076,-33.66999999999998,15.334999999999987,-23.594999999999988,97.037,-30.236000000000054,101.64200000000001,1.4,1.37,0.0,1.37,0.34,0.6,0.58,0.21,0.58,0.05,1.2,1.1,0.17,1.1,0.34,1.1,0.86,0.04,0.86,0.69,0.8,0.75,0.03,0.75,0.4,0.8,0.2,0.06,0.2,0.79,1.3,0.91,0.04,0.91,0.87,0.8,-0.08,0.19,-0.08,0.73,1.0,0.14,0.04,0.14,0.94,0.5,-0.08,0.06,-0.08,0.54,0.7,0.19,0.16,0.19,0.28,0.6,-0.39,0.05,-0.39,0.43
5.348000000000002,4.175277777777781,23.92027777777782,-0.20361111111111152,-5.231944444444458,38.263888888888886,3.7573611111110945,10.749027777777789,24.6791388888889,-33.14969444444443,14.970722222222214,-23.279583333333324,96.95913888888889,-31.607527777777808,101.98566666666667,1.4,1.37,0.0,1.37,0.34,0.6,0.58,0.21,0.58,0.05,1.2,1.1,0.17,1.1,0.34,1.1,0.86,0.04,0.86,0.69,0.8,0.75,0.03,0.75,0.4,0.8,0.2,0.06,0.2,0.79,1.3,0.91,0.04,0.91,0.87,0.8,-0.08,0.19,-0.08,0.73,1.0,0.14,0.04,0.14,0.94,0.5,-0.08,0.06,-0.08,0.54,0.7,0.19,0.16,0.19,0.28,0.6,-0.39,0.05,-0.39,0.43
5.3980000000000015,4.265000000000002,25.267500000000037,-0.21750000000000036,-5.677500000000012,37.899999999999984,3.223749999999986,11.13225000000001,25.05425000000001,-32.61999999999998,14.751249999999994,-22.96024999999999,96.74924999999999,-32.46900000000002,102.05624999999999,1.4,1.392500000000001,0.00750000000000037,1.392500000000001,0.3099999999999985,0.6750000000000036,0.640000000000003,0.15749999999999742,0.640000000000003,0.07250000000000112,1.2,1.0924999999999998,0.15499999999999925,1.0924999999999998,0.3625000000000011,1.1,0.8675000000000004,0.04,0.8675000000000004,0.6674999999999989,0.9500000000000074,0.8400000000000044,0.13500000000000517,0.8400000000000044,0.46750000000000336,0.8,0.2225000000000011,0.04499999999999926,0.2225000000000011,0.8050000000000008,1.3,0.8724999999999982,0.032499999999999626,0.8724999999999982,0.8399999999999985,0.8,-0.09500000000000075,0.2125000000000011,-0.09500000000000075,0.7525000000000011,1.0,0.13249999999999965,0.032499999999999626,0.13249999999999965,0.94,0.5750000000000037,-0.05749999999999889,0.06,-0.05749999999999889,0.5475000000000004,0.6249999999999962,0.17499999999999927,0.12249999999999815,0.17499999999999927,0.2649999999999993,0.6,-0.3599999999999985,0.05,-0.3599999999999985,0.4675000000000018
5.448000000000001,4.348333333333336,26.613333333333376,-0.22,-6.1358333333333475,36.930555555555536,2.8363333333333185,11.541138888888911,26.660666666666664,-32.14480555555555,14.516027777777772,-22.643833333333323,96.73327777777777,-33.39194444444447,102.33822222222221,1.4,1.4,0.01,1.4,0.3,0.7,0.66,0.14,0.66,0.08,1.2,1.09,0.15,1.09,0.37,1.1,0.87,0.04,0.87,0.66,1.0,0.87,0.17,0.87,0.49,0.8,0.23,0.04,0.23,0.81,1.3,0.86,0.03,0.86,0.83,0.8,-0.1,0.22,-0.1,0.76,1.0,0.13,0.03,0.13,0.94,0.6,-0.05,0.06,-0.05,0.55,0.6,0.17,0.11,0.17,0.26,0.6,-0.35,0.05,-0.35,0.48
5.498000000000002,4.432571428571432,27.961142857142907,-0.22542857142857195,-6.610000000000018,36.39142857142856,2.4395142857142758,12.198028571428592,26.80660000000002,-32.330685714285735,14.349685714285707,-22.2962857142857,96.48711428571428,-34.31848571428576,102.41220000000001,1.4,1.4,0.01,1.4,0.3,0.7,0.66,0.14,0.66,0.08,1.2,1.09,0.15,1.09,0.37,1.1,0.87,0.04,0.87,0.66,1.0,0.87,0.17,0.87,0.49,0.8,0.23,0.04,0.23,0.81,1.3,0.86,0.03,0.86,0.83,0.8,-0.1,0.22,-0.1,0.76,1.0,0.13,0.03,0.13,0.94,0.6,-0.05,0.06,-0.05,0.55,0.6,0.17,0.11,0.17,0.26,0.6,-0.35,0.05,-0.35,0.48
5.548000000000002,4.507222222222225,29.306666666666718,-0.239444444444445,-7.100555555555575,36.1111111111111,2.2847777777777742,12.663611111111127,27.381000000000025,-33.3535555555556,14.189111111111105,-21.94494444444443,96.40383333333334,-35.63861111111117,102.7817777777778,1.4,1.4,0.01,1.4,0.3,0.7,0.66,0.14,0.66,0.08,1.2,1.09,0.15,1.09,0.37,1.1,0.87,0.04,0.87,0.66,1.0,0.87,0.17,0.87,0.49,0.8,0.23,0.04,0.23,0.81,1.3,0.86,0.03,0.86,0.83,0.8,-0.1,0.22,-0.1,0.76,1.0,0.13,0.03,0.13,0.94,0.6,-0.05,0.06,-0.05,0.55,0.6,0.17,0.11,0.17,0.26,0.6,-0.35,0.05,-0.35,0.48
5.598000000000002,4.587142857142859,30.63571428571432,-0.2534285714285718,-7.593428571428585,35.631428571428565,2.1281999999999983,12.953114285714284,24.511857142857174,-34.044085714285686,14.277771428571427,-21.646714285714282,96.00999999999999,-36.05602857142859,102.56165714285714,1.4,1.4,0.01,1.4,0.3,0.7,0.66,0.14,0.66,0.08,1.2,1.09,0.15,1.09,0.37,1.1,0.87,0.04,0.87,0.66,1.0,0.87,0.17,0.87,0.49,0.8,0.23,0.04,0.23,0.81,1.3,0.86,0.03,0.86,0.83,0.8,-0.1,0.22,-0.1,0.76,1.0,0.13,0.03,0.13,0.94,0.6,-0.05,0.06,-0.05,0.55,0.6,0.17,0.11,0.17,0.26,0.6,-0.35,0.05,-0.35,0.48
5.6480000000000015,4.650000000000001,31.972500000000036,-0.2675000000000004,-8.100000000000012,35.5,2.0667499999999985,12.71699999999999,25.993500000000044,-33.36249999999999,14.237249999999998,-21.587,95.80874999999999,-36.828000000000024,102.64800000000001,1.4,1.4150000000000007,0.025000000000000737,1.4150000000000007,0.2924999999999996,0.7,0.6975000000000018,0.09499999999999778,0.6975000000000018,0.10250000000000112,1.2750000000000037,1.1125000000000012,0.1725000000000011,1.1125000000000012,0.38500000000000073,1.1,0.8850000000000008,0.02499999999999926,0.8850000000000008,0.6524999999999996,1.0,0.9150000000000023,0.17750000000000038,0.9150000000000023,0.4374999999999974,0.8750000000000038,0.22249999999999964,0.032499999999999626,0.22249999999999964,0.8250000000000007,1.2249999999999963,0.8374999999999988,0.07500000000000222,0.8374999999999988,0.7924999999999982,0.8,-0.0774999999999989,0.23500000000000074,-0.0774999999999989,0.7900000000000015,0.9249999999999963,0.1074999999999989,0.02249999999999963,0.1074999999999989,0.9324999999999997,0.6,-0.02749999999999889,0.05249999999999963,-0.02749999999999889,0.5725000000000011,0.6,0.12499999999999778,0.07999999999999853,0.12499999999999778,0.26,0.6,-0.3124999999999981,0.03499999999999926,-0.3124999999999981,0.4875000000000004
5.698000000000001,4.7042857142857155,33.28428571428576,-0.2814285714285719,-8.61285714285716,35.7,1.9442857142857075,12.182857142857122,24.72000000000001,-35.08842857142859,14.294428571428572,-21.731714285714297,95.62899999999999,-37.81128571428573,102.83528571428572,1.4,1.42,0.03,1.42,0.29,0.7,0.71,0.08,0.71,0.11,1.3,1.12,0.18,1.12,0.39,1.1,0.89,0.02,0.89,0.65,1.0,0.93,0.18,0.93,0.42,0.9,0.22,0.03,0.22,0.83,1.2,0.83,0.09,0.83,0.78,0.8,-0.07,0.24,-0.07,0.8,0.9,0.1,0.02,0.1,0.93,0.6,-0.02,0.05,-0.02,0.58,0.6,0.11,0.07,0.11,0.26,0.6,-0.3,0.03,-0.3,0.49
5.748000000000002,4.747142857142859,34.62142857142863,-0.29,-9.152857142857167,35.7,1.732571428571419,11.540285714285686,24.796285714285705,-35.57814285714287,14.28328571428571,-22.034571428571443,95.41842857142856,-38.44414285714289,102.87557142857145,1.4,1.42,0.03,1.42,0.29,0.7,0.71,0.08,0.71,0.11,1.3,1.12,0.18,1.12,0.39,1.1,0.89,0.02,0.89,0.65,1.0,0.93,0.18,0.93,0.42,0.9,0.22,0.03,0.22,0.83,1.2,0.83,0.09,0.83,0.78,0.8,-0.07,0.24,-0.07,0.8,0.9,0.1,0.02,0.1,0.93,0.6,-0.02,0.05,-0.02,0.58,0.6,0.11,0.07,0.11,0.26,0.6,-0.3,0.03,-0.3,0.49
5.798000000000002,4.780000000000001,35.95000000000005,-0.2900000000000005,-9.71000000000002,35.599999999999994,1.5099999999999922,10.896999999999977,24.148000000000028,-35.94000000000001,14.15099999999999,-22.34500000000001,95.40299999999999,-39.57700000000003,103.288,1.4,1.42,0.03,1.42,0.29,0.7,0.71,0.08,0.71,0.11,1.3,1.12,0.18,1.12,0.39,1.1,0.89,0.02,0.89,0.65,1.0,0.93,0.18,0.93,0.42,0.9,0.22,0.03,0.22,0.83,1.2,0.83,0.09,0.83,0.78,0.8,-0.07,0.24,-0.07,0.8,0.9,0.1,0.02,0.1,0.93,0.6,-0.02,0.05,-0.02,0.58,0.6,0.11,0.07,0.11,0.26,0.6,-0.3,0.03,-0.3,0.49
5.848000000000002,4.80857142857143,37.27428571428575,-0.30428571428571466,-10.267142857142872,35.571428571428584,1.3024285714285662,10.252571428571411,24.047571428571366,-36.302000000000014,13.842714285714276,-22.655571428571438,95.26942857142858,-40.4244285714286,103.49242857142859,1.4,1.42,0.03,1.42,0.29,0.7,0.71,0.08,0.71,0.11,1.3,1.12,0.18,1.12,0.39,1.1,0.89,0.02,0.89,0.65,1.0,0.93,0.18,0.93,0.42,0.9,0.22,0.03,0.22,0.83,1.2,0.83,0.09,0.83,0.78,0.8,-0.07,0.24,-0.07,0.8,0.9,0.1,0.02,0.1,0.93,0.6,-0.02,0.05,-0.02,0.58,0.6,0.11,0.07,0.11,0.26,0.6,-0.3,0.03,-0.3,0.49
5.8980000000000015,4.837142857142858,38.5971428571429,-0.31857142857142906,-10.824285714285734,36.22857142857145,1.1181428571428509,9.684857142857124,21.244714285714174,-36.53171428571429,13.527285714285702,-22.899000000000008,95.45857142857143,-41.5181428571429,104.0984285714286,1.4,1.3942857142857126,0.012857142857141846,1.3942857142857126,0.29857142857142904,0.7,0.7271428571428581,0.07142857142857093,0.7271428571428581,0.13571428571428726,1.3,1.1371428571428581,0.18,1.1371428571428581,0.38142857142857095,1.1,0.89,0.04571428571428724,0.89,0.6071428571428545,1.0,0.8442857142857092,0.1371428571428546,0.8442857142857092,0.4971428571428617,0.9,0.2114285714285709,0.03,0.2114285714285709,0.8385714285714291,1.2,0.7957142857142837,0.14142857142857446,0.7957142857142837,0.7371428571428545,0.8857142857142908,-0.009999999999996456,0.25714285714285817,-0.009999999999996456,0.8342857142857163,0.9,0.11714285714285816,0.011428571428570922,0.11714285714285816,0.9214285714285709,0.6,-0.028571428571429077,0.03285714285714184,-0.028571428571429077,0.5971428571428581,0.5142857142857092,0.04999999999999645,0.035714285714283686,0.04999999999999645,0.26857142857142907,0.6,-0.2742857142857128,0.012857142857141846,-0.2742857142857128,0.49
5.948000000000002,4.84,39.93600000000005,-0.33,-11.408857142857164,35.64285714285711,0.8725142857142731,9.686914285714298,20.835342857142845,-36.38074285714292,13.125228571428558,-22.665171428571416,95.31165714285713,-42.13077142857146,104.21125714285715,1.4,1.39,0.01,1.39,0.3,0.7,0.73,0.07,0.73,0.14,1.3,1.14,0.18,1.14,0.38,1.1,0.89,0.05,0.89,0.6,1.0,0.83,0.13,0.83,0.51,0.9,0.21,0.03,0.21,0.84,1.2,0.79,0.15,0.79,0.73,0.9,0.0,0.26,0.0,0.84,0.9,0.12,0.01,0.12,0.92,0.6,-0.03,0.03,-0.03,0.6,0.5,0.04,0.03,0.04,0.27,0.6,-0.27,0.01,-0.27,0.49
5.998000000000002,4.83235294117647,41.25588235294122,-0.33764705882352997,-12.003529411764726,34.9941176470588,0.48670588235292633,10.062411764705896,20.4235882352941,-37.97600000000005,12.805235294117637,-22.32811764705881,95.13058823529411,-43.00905882352944,104.405,1.4,1.39,0.01,1.39,0.3,0.7,0.73,0.07,0.73,0.14,1.3,1.14,0.18,1.14,0.38,1.1,0.89,0.05,0.89,0.6,1.0,0.83,0.13,0.83,0.51,0.9,0.21,0.03,0.21,0.84,1.2,0.79,0.15,0.79,0.73,0.9,0.0,0.26,0.0,0.84,0.9,0.12,0.01,0.12,0.92,0.6,-0.03,0.03,-0.03,0.6,0.5,0.04,0.03,0.04,0.27,0.6,-0.27,0.01,-0.27,0.49
6.048000000000002,4.8138235294117635,42.5652941176471,-0.3520588235294122,-12.596470588235313,34.8,-0.005000000000014895,10.377323529411772,19.6917352941176,-37.653176470588214,12.722500000000002,-22.213235294117645,95.15491176470589,-44.049411764705894,104.86064705882353,1.4,1.39,0.01,1.39,0.3,0.7,0.73,0.07,0.73,0.14,1.3,1.14,0.18,1.14,0.38,1.1,0.89,0.05,0.89,0.6,1.0,0.83,0.13,0.83,0.51,0.9,0.21,0.03,0.21,0.84,1.2,0.79,0.15,0.79,0.73,0.9,0.0,0.26,0.0,0.84,0.9,0.12,0.01,0.12,0.92,0.6,-0.03,0.03,-0.03,0.6,0.5,0.04,0.03,0.04,0.27,0.6,-0.27,0.01,-0.27,0.49
6.098000000000002,4.769705882352939,43.88882352941181,-0.3667647058823534,-13.214117647058844,34.86764705882353,-0.43261764705883443,10.615588235294124,18.628970588235283,-37.224588235294114,12.820500000000004,-22.18423529411765,94.93623529411764,-44.580088235294134,104.88797058823529,1.4,1.39,0.01,1.39,0.3,0.7,0.73,0.07,0.73,0.14,1.3,1.14,0.18,1.14,0.38,1.1,0.89,0.05,0.89,0.6,1.0,0.83,0.13,0.83,0.51,0.9,0.21,0.03,0.21,0.84,1.2,0.79,0.15,0.79,0.73,0.9,0.0,0.26,0.0,0.84,0.9,0.12,0.01,0.12,0.92,0.6,-0.03,0.03,-0.03,0.6,0.5,0.04,0.03,0.04,0.27,0.6,-0.27,0.01,-0.27,0.49
6.1480000000000015,4.724285714285712,45.20857142857147,-0.3814285714285719,-13.841428571428592,35.04285714285716,-0.5572857142857097,10.677428571428567,19.79485714285709,-37.74971428571433,12.994857142857157,-22.183857142857143,94.82328571428572,-45.370714285714314,105.12500000000001,1.4,1.39,0.01,1.39,0.3,0.7,0.73,0.07,0.73,0.14,1.3,1.14,0.18,1.14,0.38,1.1,0.86,0.07,0.86,0.58,0.8,0.72,0.01,0.72,0.4,0.8,0.16,0.07,0.16,0.81,1.1,0.78,0.17,0.78,0.69,0.9,0.09,0.24,0.09,0.84,0.9,0.12,0.01,0.12,0.92,0.6,-0.03,0.03,-0.03,0.6,0.5,0.04,0.03,0.04,0.27,0.6,-0.25,0.01,-0.25,0.5
6.198000000000002,4.666470588235292,46.51529411764712,-0.39,-14.468823529411797,35.476470588235316,-0.35382352941175044,10.553882352941171,18.663294117647037,-39.217058823529484,13.444000000000024,-22.08782352941176,94.80594117647058,-46.10029411764709,105.42711764705884,1.4,1.39,0.01,1.39,0.3,0.7,0.73,0.07,0.73,0.14,1.3,1.14,0.18,1.14,0.38,1.1,0.86,0.07,0.86,0.58,0.8,0.72,0.01,0.72,0.4,0.8,0.16,0.07,0.16,0.81,1.1,0.78,0.17,0.78,0.69,0.9,0.09,0.24,0.09,0.84,0.9,0.12,0.01,0.12,0.92,0.6,-0.03,0.03,-0.03,0.6,0.5,0.04,0.03,0.04,0.27,0.6,-0.25,0.01,-0.25,0.5
6.248000000000002,4.618823529411762,47.826764705882404,-0.4102941176470594,-15.113235294117676,35.911764705882376,0.05502941176472076,10.415382352941164,19.456676470588167,-40.63826470588229,14.040147058823562,-21.982264705882347,94.60591176470588,-46.54129411764709,105.43997058823531,1.4,1.39,0.01,1.39,0.3,0.7,0.73,0.07,0.73,0.14,1.3,1.14,0.18,1.14,0.38,1.1,0.86,0.07,0.86,0.58,0.8,0.72,0.01,0.72,0.4,0.8,0.16,0.07,0.16,0.81,1.1,0.78,0.17,0.78,0.69,0.9,0.09,0.24,0.09,0.84,0.9,0.12,0.01,0.12,0.92,0.6,-0.03,0.03,-0.03,0.6,0.5,0.04,0.03,0.04,0.27,0.6,-0.25,0.01,-0.25,0.5
6.298000000000002,4.560571428571426,49.15200000000005,-0.42485714285714343,-15.768571428571455,36.49428571428574,0.38511428571429757,10.07751428571427,18.5415142857143,-39.39808571428568,14.827514285714317,-21.70939999999998,94.51757142857143,-47.221828571428595,105.66520000000001,1.4,1.39,0.01,1.39,0.3,0.7,0.73,0.07,0.73,0.14,1.3,1.14,0.18,1.14,0.38,1.1,0.86,0.07,0.86,0.58,0.8,0.72,0.01,0.72,0.4,0.8,0.16,0.07,0.16,0.81,1.1,0.78,0.17,0.78,0.69,0.9,0.09,0.24,0.09,0.84,0.9,0.12,0.01,0.12,0.92,0.6,-0.03,0.03,-0.03,0.6,0.5,0.04,0.03,0.04,0.27,0.6,-0.25,0.01,-0.25,0.5
6.348000000000002,4.50342857142857,50.442857142857186,-0.44828571428571523,-16.420571428571453,37.15714285714289,0.5987142857142914,9.712371428571416,19.563914285714333,-38.79551428571427,15.545914285714309,-21.148714285714266,94.44305714285714,-47.61005714285715,105.77388571428573,1.4,1.39,0.01,1.39,0.3,0.7,0.73,0.07,0.73,0.14,1.3,1.14,0.18,1.14,0.38,1.1,0.86,0.07,0.86,0.58,0.8,0.72,0.01,0.72,0.4,0.8,0.16,0.07,0.16,0.81,1.1,0.78,0.17,0.78,0.69,0.9,0.09,0.24,0.09,0.84,0.9,0.12,0.01,0.12,0.92,0.6,-0.03,0.03,-0.03,0.6,0.5,0.04,0.03,0.04,0.27,0.6,-0.25,0.01,-0.25,0.5
6.398000000000002,4.445142857142854,51.764285714285776,-0.46742857142857286,-17.09085714285718,37.71142857142859,0.22417142857139752,9.332057142857124,19.860885714285857,-38.329771428571405,16.090457142857165,-20.50819999999997,94.09945714285713,-47.90377142857147,105.60640000000002,1.4,1.35,0.01,1.35,0.35,0.8,0.74,0.02,0.74,0.16,1.3,1.16,0.14,1.16,0.28,1.0,0.86,0.1,0.86,0.52,0.8,0.66,0.09,0.66,0.36,0.8,0.15,0.11,0.15,0.77,1.1,0.81,0.17,0.81,0.67,0.9,0.13,0.22,0.13,0.83,0.9,0.15,0.01,0.15,0.9,0.6,-0.1,0.02,-0.1,0.6,0.5,-0.1,0.01,-0.1,0.29,0.6,-0.22,0.02,-0.22,0.5
6.448000000000002,4.395999999999998,53.05800000000006,-0.4960000000000012,-17.748000000000026,38.14000000000002,-0.5832000000000408,8.959199999999983,22.843800000000133,-37.87119999999998,16.478800000000017,-19.87819999999997,94.0982,-48.77600000000004,106.00680000000003,1.4,1.35,0.01,1.35,0.35,0.8,0.74,0.02,0.74,0.16,1.3,1.16,0.14,1.16,0.28,1.0,0.86,0.1,0.86,0.52,0.8,0.66,0.09,0.66,0.36,0.8,0.15,0.11,0.15,0.77,1.1,0.81,0.17,0.81,0.67,0.9,0.13,0.22,0.13,0.83,0.9,0.15,0.01,0.15,0.9,0.6,-0.1,0.02,-0.1,0.6,0.5,-0.1,0.01,-0.1,0.29,0.6,-0.22,0.02,-0.22,0.5
6.498000000000002,4.329714285714283,54.361428571428625,-0.5251428571428584,-18.44085714285717,38.525714285714294,-2.0799142857143496,8.579399999999985,23.30131428571437,-37.40522857142855,16.822228571428575,-19.239371428571403,94.11065714285715,-49.34791428571432,106.28325714285715,1.4,1.35,0.01,1.35,0.35,0.8,0.74,0.02,0.74,0.16,1.3,1.16,0.14,1.16,0.28,1.0,0.86,0.1,0.86,0.52,0.8,0.66,0.09,0.66,0.36,0.8,0.15,0.11,0.15,0.77,1.1,0.81,0.17,0.81,0.67,0.9,0.13,0.22,0.13,0.83,0.9,0.15,0.01,0.15,0.9,0.6,-0.1,0.02,-0.1,0.6,0.5,-0.1,0.01,-0.1,0.29,0.6,-0.22,0.02,-0.22,0.5
6.548000000000002,4.2647058823529385,55.6582352941177,-0.5541176470588247,-19.12882352941179,38.52941176470588,-3.5680588235294675,8.204176470588221,25.48458823529421,-36.944529411764684,16.76482352941176,-18.60552941176468,94.07558823529412,-50.04182352941179,106.57411764705883,1.4,1.35,0.01,1.35,0.35,0.8,0.74,0.02,0.74,0.16,1.3,1.16,0.14,1.16,0.28,1.0,0.86,0.1,0.86,0.52,0.8,0.66,0.09,0.66,0.36,0.8,0.15,0.11,0.15,0.77,1.1,0.81,0.17,0.81,0.67,0.9,0.13,0.22,0.13,0.83,0.9,0.15,0.01,0.15,0.9,0.6,-0.1,0.02,-0.1,0.6,0.5,-0.1,0.01,-0.1,0.29,0.6,-0.22,0.02,-0.22,0.5
6.598000000000002,4.212647058823527,56.95088235294122,-0.5814705882352946,-19.822058823529435,38.17058823529411,-4.75591176470591,7.831058823529399,27.278088235294078,-36.48638235294116,16.423588235294105,-17.976176470588214,94.03770588235295,-50.75461764705887,106.87055882352945,1.4,1.35,0.01,1.35,0.35,0.8,0.74,0.02,0.74,0.16,1.3,1.16,0.14,1.16,0.28,1.0,0.86,0.1,0.86,0.52,0.8,0.66,0.09,0.66,0.36,0.8,0.15,0.11,0.15,0.77,1.1,0.81,0.17,0.81,0.67,0.9,0.13,0.22,0.13,0.83,0.9,0.15,0.01,0.15,0.9,0.6,-0.1,0.02,-0.1,0.6,0.5,-0.1,0.01,-0.1,0.29,0.6,-0.22,0.02,-0.22,0.5
6.648000000000002,4.13911764705882,58.25970588235301,-0.6023529411764722,-20.548823529411802,36.826470588235146,-5.433588235294144,7.455352941176451,26.102176470588173,-36.02514705882351,15.97449999999997,-17.343499999999967,94.26491176470589,-52.076205882352994,107.70611764705885,1.4,1.35,0.01,1.35,0.35,0.8,0.74,0.02,0.74,0.16,1.3,1.16,0.14,1.16,0.28,1.0,0.86,0.1,0.86,0.52,0.8,0.66,0.09,0.66,0.36,0.8,0.15,0.11,0.15,0.77,1.1617647058823608,0.8408823529411804,0.13911764705881957,0.8408823529411804,0.6823529411764722,0.9,0.14852941176470827,0.20764705882352782,0.14852941176470827,0.83,0.9,0.15,0.01,0.15,0.9,0.6,-0.1,0.02,-0.1,0.6,0.5,-0.1,0.01,-0.1,0.29,0.6,-0.1891176470588196,0.03235294117647217,-0.1891176470588196,0.5
6.698000000000002,4.052647058823525,59.609411764705946,-0.6344117647058846,-21.31352941176474,32.28235294117641,-5.61899999999999,7.02576470588231,25.36200000000006,-35.5386470588235,15.290529411764666,-16.80829411764708,93.91520588235295,-52.55376470588241,107.6498235294118,1.4,1.35,0.01,1.35,0.35,0.8,0.74,0.02,0.74,0.16,1.3,1.16,0.14,1.16,0.28,1.0,0.86,0.1,0.86,0.52,0.8,0.66,0.09,0.66,0.36,0.8,0.15,0.11,0.15,0.77,1.2,0.86,0.12,0.86,0.69,0.9,0.16,0.2,0.16,0.83,0.9,0.15,0.01,0.15,0.9,0.6,-0.1,0.02,-0.1,0.6,0.5,-0.1,0.01,-0.1,0.29,0.6,-0.17,0.04,-0.17,0.5
6.748000000000002,3.9852941176470567,60.90352941176475,-0.6785294117647075,-22.04882352941179,31.22941176470585,-5.343029411764692,6.1236470588234955,26.189558823529424,-34.85647058823527,14.490029411764677,-17.250147058823547,94.1804411764706,-53.65535294117651,108.42752941176474,1.4,1.35,0.01,1.35,0.35,0.8,0.74,0.02,0.74,0.16,1.3,1.16,0.14,1.16,0.28,1.0,0.86,0.1,0.86,0.52,0.8,0.66,0.09,0.66,0.36,0.8,0.15,0.11,0.15,0.77,1.2,0.86,0.12,0.86,0.69,0.9,0.16,0.2,0.16,0.83,0.9,0.15,0.01,0.15,0.9,0.6,-0.1,0.02,-0.1,0.6,0.5,-0.1,0.01,-0.1,0.29,0.6,-0.17,0.04,-0.17,0.5
6.798000000000002,3.9141176470588204,62.22352941176476,-0.7111764705882359,-22.81000000000003,30.452941176470564,-4.800999999999974,5.1776470588234895,25.34888235294108,-34.14935294117644,13.745882352941148,-17.753529411764728,94.16064705882353,-54.61258823529415,108.87917647058825,1.4,1.35,0.01,1.35,0.35,0.8,0.74,0.02,0.74,0.16,1.3,1.16,0.14,1.16,0.28,1.0,0.86,0.1,0.86,0.52,0.8,0.66,0.09,0.66,0.36,0.8,0.15,0.11,0.15,0.77,1.2,0.86,0.12,0.86,0.69,0.9,0.16,0.2,0.16,0.83,0.9,0.15,0.01,0.15,0.9,0.6,-0.1,0.02,-0.1,0.6,0.5,-0.1,0.01,-0.1,0.29,0.6,-0.17,0.04,-0.17,0.5
6.8480000000000025,3.839696969696966,63.5333333333334,-0.7321212121212136,-23.575151515151557,29.79696969696966,-4.197969696969666,4.2375757575757085,23.232696969696875,-33.445939393939355,13.066515151515114,-18.25363636363639,94.03875757575757,-55.1098787878788,109.02193939393939,1.4,1.35,0.01,1.35,0.35,0.8,0.74,0.02,0.74,0.16,1.3,1.16,0.14,1.16,0.28,1.0,0.86,0.1,0.86,0.52,0.8,0.66,0.09,0.66,0.36,0.8,0.15,0.11,0.15,0.77,1.2,0.86,0.12,0.86,0.69,0.9,0.16,0.2,0.16,0.83,0.9,0.15,0.01,0.15,0.9,0.6,-0.1,0.02,-0.1,0.6,0.5,-0.1,0.01,-0.1,0.29,0.6,-0.17,0.04,-0.17,0.5
6.898000000000002,3.776470588235291,64.8276470588236,-0.7608823529411772,-24.33500000000004,29.055882352941136,-3.6301470588235114,3.3023235294117144,21.997588235294174,-32.74744117647055,12.317264705882316,-18.751647058823558,93.61041176470587,-55.007941176470645,108.60150000000002,1.4,1.36,0.0,1.36,0.35,0.8,0.75,0.01,0.75,0.14,1.2,1.11,0.05,1.11,0.18,1.0,0.86,0.13,0.86,0.44,0.8,0.68,0.07,0.68,0.35,0.7,0.07,0.17,0.07,0.71,1.2,0.89,0.09,0.89,0.74,0.9,0.21,0.2,0.21,0.83,0.9,0.19,0.01,0.19,0.92,0.6,-0.17,0.05,-0.17,0.55,0.5,-0.1,0.01,-0.1,0.29,0.6,-0.12,0.04,-0.12,0.51
6.948000000000002,3.7169696969696946,66.13090909090914,-0.7815151515151528,-25.099393939393973,28.369696969696943,-3.430181818181819,2.364272727272685,22.35821212121209,-32.04681818181815,11.664333333333307,-19.25087878787881,93.4990909090909,-55.87418181818184,108.9409090909091,1.4,1.36,0.0,1.36,0.35,0.8,0.75,0.01,0.75,0.14,1.2,1.11,0.05,1.11,0.18,1.0,0.86,0.13,0.86,0.44,0.8,0.68,0.07,0.68,0.35,0.7,0.07,0.17,0.07,0.71,1.2,0.89,0.09,0.89,0.74,0.9,0.21,0.2,0.21,0.83,0.9,0.19,0.01,0.19,0.92,0.6,-0.17,0.05,-0.17,0.55,0.5,-0.1,0.01,-0.1,0.29,0.6,-0.12,0.04,-0.12,0.51
6.998000000000002,3.6475757575757557,67.42212121212125,-0.8012121212121223,-25.872121212121236,27.893939393939387,-3.7133939393939563,1.4288787878787577,20.45603030303039,-31.34751515151513,11.202969696969692,-19.74830303030305,93.25757575757575,-55.9117575757576,108.75827272727273,1.4,1.36,0.0,1.36,0.35,0.8,0.75,0.01,0.75,0.14,1.2,1.11,0.05,1.11,0.18,1.0,0.86,0.13,0.86,0.44,0.8,0.68,0.07,0.68,0.35,0.7,0.07,0.17,0.07,0.71,1.2,0.89,0.09,0.89,0.74,0.9,0.21,0.2,0.21,0.83,0.9,0.19,0.01,0.19,0.92,0.6,-0.17,0.05,-0.17,0.55,0.5,-0.1,0.01,-0.1,0.29,0.6,-0.12,0.04,-0.12,0.51
7.048000000000002,3.5932352941176453,68.71617647058828,-0.842352941176473,-26.66058823529415,28.638235294117738,-4.377500000000035,0.4859411764705509,22.706205882352997,-30.64279411764703,11.15826470588236,-20.25076470588237,93.15773529411764,-56.52423529411768,108.99452941176473,1.4,1.36,0.0,1.36,0.35,0.8,0.75,0.01,0.75,0.14,1.2,1.11,0.05,1.11,0.18,1.0,0.86,0.13,0.86,0.44,0.8,0.68,0.07,0.68,0.35,0.7,0.07,0.17,0.07,0.71,1.2,0.89,0.09,0.89,0.74,0.9,0.21,0.2,0.21,0.83,0.9,0.19,0.01,0.19,0.92,0.6,-0.17,0.05,-0.17,0.55,0.5,-0.1,0.01,-0.1,0.29,0.6,-0.12,0.04,-0.12,0.51
7.0980000000000025,3.5376470588235267,70.02058823529418,-0.9311764705882368,-27.451764705882393,32.32352941176473,-5.523529411764761,-0.40458823529410237,23.161352941176506,-29.99376470588238,11.588941176470625,-20.705470588235265,93.43464705882354,-57.55941176470592,109.77152941176473,1.4058823529411837,1.3635294117647103,0.0029411764705918465,1.3635294117647103,0.35058823529411837,0.8,0.75,0.00941176470588163,0.75,0.13941176470588165,1.1941176470588162,1.1052941176470532,0.049411764705881635,1.1052941176470532,0.18058823529411835,0.9941176470588163,0.86,0.13176470588235512,0.86,0.43470588235293467,0.8,0.6841176470588286,0.06647058823528978,0.6841176470588286,0.3523529411764735,0.6882352941176326,0.06235294117646121,0.17941176470589393,0.06235294117646121,0.6982352941176326,1.2058823529411837,0.8905882352941183,0.08764705882352652,0.8905882352941183,0.7441176470588285,0.9,0.21117647058823674,0.19882352941176326,0.21117647058823674,0.8294117647058816,0.9058823529411837,0.18941176470588164,0.012352941176473477,0.18941176470588164,0.9229411764705919,0.6,-0.17352941176471023,0.05,-0.17352941176471023,0.5464705882352898,0.5,-0.09764705882352653,0.01,-0.09764705882352653,0.2894117647058816,0.6,-0.11705882352940815,0.03941176470588163,-0.11705882352940815,0.5111764705882368
7.148000000000002,3.4781818181818154,71.29363636363642,-0.9663636363636384,-28.254545454545493,33.027272727272766,-6.600909090909137,-0.09145454545453106,23.644999999999996,-30.5927272727273,12.358000000000038,-20.111909090909066,93.54718181818183,-58.334363636363676,110.27818181818185,1.5,1.42,0.05,1.42,0.36,0.8,0.75,0.0,0.75,0.13,1.1,1.03,0.04,1.03,0.19,0.9,0.86,0.16,0.86,0.35,0.8,0.75,0.01,0.75,0.39,0.5,-0.06,0.33,-0.06,0.51,1.3,0.9,0.05,0.9,0.81,0.9,0.23,0.18,0.23,0.82,1.0,0.18,0.05,0.18,0.97,0.6,-0.23,0.05,-0.23,0.49,0.5,-0.06,0.01,-0.06,0.28,0.6,-0.07,0.03,-0.07,0.53
7.198000000000002,3.408181818181816,72.59151515151522,-1.0012121212121228,-29.072727272727313,33.93636363636368,-7.523393939393983,0.22560606060607588,23.02651515151511,-31.198181818181848,13.27793939393944,-19.511999999999972,93.64475757575758,-59.23809090909096,110.84309090909093,1.5,1.42,0.05,1.42,0.36,0.8,0.75,0.0,0.75,0.13,1.1,1.03,0.04,1.03,0.19,0.9,0.86,0.16,0.86,0.35,0.8,0.75,0.01,0.75,0.39,0.5,-0.06,0.33,-0.06,0.51,1.3,0.9,0.05,0.9,0.81,0.9,0.23,0.18,0.23,0.82,1.0,0.18,0.05,0.18,0.97,0.6,-0.23,0.05,-0.23,0.49,0.5,-0.06,0.01,-0.06,0.28,0.6,-0.07,0.03,-0.07,0.53
7.248000000000002,3.3569696969696943,73.88515151515158,-1.0372727272727293,-29.896666666666704,34.84545454545459,-8.407666666666705,0.5413333333333473,22.16496969696966,-31.8027272727273,14.227000000000041,-18.91257575757573,93.73927272727273,-60.16593939393944,111.42209090909093,1.5,1.42,0.05,1.42,0.36,0.8,0.75,0.0,0.75,0.13,1.1,1.03,0.04,1.03,0.19,0.9,0.86,0.16,0.86,0.35,0.8,0.75,0.01,0.75,0.39,0.5,-0.06,0.33,-0.06,0.51,1.3,0.9,0.05,0.9,0.81,0.9,0.23,0.18,0.23,0.82,1.0,0.18,0.05,0.18,0.97,0.6,-0.23,0.05,-0.23,0.49,0.5,-0.06,0.01,-0.06,0.28,0.6,-0.07,0.03,-0.07,0.53
7.298000000000003,3.318124999999998,75.18062500000006,-1.0728125000000026,-30.71968750000005,35.54999999999986,-9.22765624999999,0.8571250000000177,21.425593750000065,-32.40765625000004,15.135968750000016,-18.313718749999968,93.8210625,-60.98503124999995,111.93578124999996,1.5,1.42,0.05,1.42,0.36,0.8,0.75,0.0,0.75,0.13,1.1,1.03,0.04,1.03,0.19,0.9,0.86,0.16,0.86,0.35,0.8,0.75,0.01,0.75,0.39,0.5,-0.06,0.33,-0.06,0.51,1.3,0.9,0.05,0.9,0.81,0.9,0.23,0.18,0.23,0.82,1.0,0.18,0.05,0.18,0.97,0.6,-0.23,0.05,-0.23,0.49,0.5,-0.06,0.01,-0.06,0.28,0.6,-0.07,0.03,-0.07,0.53
7.3480000000000025,3.287272727272726,76.50727272727278,-1.1190909090909111,-31.55000000000004,33.4636363636363,-8.974181818181801,1.1406363636363748,22.134727272727275,-33.14000000000004,15.362363636363643,-17.680454545454513,93.70818181818181,-60.369272727272715,111.50954545454545,1.5,1.42,0.05,1.42,0.36,0.8,0.75,0.0,0.75,0.13,1.1,1.03,0.04,1.03,0.19,0.9,0.86,0.16,0.86,0.35,0.8,0.75,0.01,0.75,0.39,0.5,-0.06,0.33,-0.06,0.51,1.3,0.9,0.05,0.9,0.81,0.9,0.23,0.18,0.23,0.82,1.0,0.18,0.05,0.18,0.97,0.6,-0.23,0.05,-0.23,0.49,0.5,-0.06,0.01,-0.06,0.28,0.6,-0.07,0.03,-0.07,0.53
7.398000000000002,3.256874999999998,77.80281250000007,-1.1646875000000023,-32.38593750000004,32.928124999999916,-8.497718749999972,1.300906250000007,21.09149999999995,-34.356000000000066,15.37859374999999,-16.91590624999996,93.61221875,-60.76753125000002,111.63987500000002,1.5,1.42,0.05,1.42,0.34,0.8,0.74,0.0,0.74,0.13,1.1,1.0,0.08,1.0,0.2,0.9,0.86,0.15,0.86,0.35,0.9,0.73,0.02,0.73,0.44,0.5,-0.05,0.31,-0.05,0.48,1.3,0.91,0.0,0.91,0.88,0.9,0.21,0.14,0.21,0.79,1.0,0.16,0.05,0.16,0.98,0.6,-0.24,0.04,-0.24,0.48,0.5,-0.05,0.04,-0.05,0.28,0.6,-0.02,0.03,-0.02,0.53
7.448000000000002,3.226060606060605,79.10545454545459,-1.2039393939393952,-33.23333333333337,31.44242424242419,-7.998121212121193,1.4415151515151574,20.27784848484846,-35.443242424242456,15.11942424242423,-16.15948484848482,93.55521212121212,-61.1308484848485,111.79372727272728,1.5,1.42,0.05,1.42,0.34,0.8,0.74,0.0,0.74,0.13,1.1,1.0,0.08,1.0,0.2,0.9,0.86,0.15,0.86,0.35,0.9,0.73,0.02,0.73,0.44,0.5,-0.05,0.31,-0.05,0.48,1.3,0.91,0.0,0.91,0.88,0.9,0.21,0.14,0.21,0.79,1.0,0.16,0.05,0.16,0.98,0.6,-0.24,0.04,-0.24,0.48,0.5,-0.05,0.04,-0.05,0.28,0.6,-0.02,0.03,-0.02,0.53
7.498000000000002,3.195624999999999,80.39375000000005,-1.2465625000000022,-34.08250000000004,30.834374999999977,-7.665062499999999,1.5950937500000073,20.154062500000034,-35.486093749999995,14.701656249999981,-15.597749999999975,93.51646875000002,-61.491000000000035,111.96340625000003,1.5,1.42,0.05,1.42,0.34,0.8,0.74,0.0,0.74,0.13,1.1,1.0,0.08,1.0,0.2,0.9,0.86,0.15,0.86,0.35,0.9,0.73,0.02,0.73,0.44,0.5,-0.05,0.31,-0.05,0.48,1.3,0.91,0.0,0.91,0.88,0.9,0.21,0.14,0.21,0.79,1.0,0.16,0.05,0.16,0.98,0.6,-0.24,0.04,-0.24,0.48,0.5,-0.05,0.04,-0.05,0.28,0.6,-0.02,0.03,-0.02,0.53
7.548000000000003,3.172187499999999,81.70625000000008,-1.293437500000003,-34.95750000000005,30.209374999999955,-7.701000000000006,1.7536875000000096,20.628281250000008,-35.34390624999999,14.340718749999981,-15.060249999999968,93.58209375,-62.28475000000005,112.45871875000003,1.5,1.42,0.05,1.42,0.34,0.8,0.74,0.0,0.74,0.13,1.1,1.0,0.08,1.0,0.2,0.9,0.86,0.15,0.86,0.35,0.9,0.73,0.02,0.73,0.44,0.5,-0.05,0.31,-0.05,0.48,1.3,0.91,0.0,0.91,0.88,0.9,0.21,0.14,0.21,0.79,1.0,0.16,0.05,0.16,0.98,0.6,-0.24,0.04,-0.24,0.48,0.5,-0.05,0.04,-0.05,0.28,0.6,-0.02,0.03,-0.02,0.53
7.5980000000000025,3.1568749999999994,82.99250000000006,-1.3393750000000024,-35.81500000000005,28.781249999999947,-7.989500000000027,1.927687500000012,19.41243749999997,-35.308562500000015,14.161312499999998,-14.50999999999997,93.4970625,-62.81150000000002,112.68443750000002,1.5,1.42,0.05,1.42,0.34,0.8,0.74,0.0,0.74,0.13,1.1,1.0,0.08,1.0,0.2,0.9,0.86,0.15,0.86,0.35,0.9,0.73,0.02,0.73,0.44,0.5,-0.05,0.31,-0.05,0.48,1.3,0.91,0.0,0.91,0.88,0.9,0.21,0.14,0.21,0.79,1.0,0.16,0.05,0.16,0.98,0.6,-0.24,0.04,-0.24,0.48,0.5,-0.05,0.04,-0.05,0.28,0.6,-0.02,0.03,-0.02,0.53
7.648000000000002,3.15,84.30500000000005,-1.386250000000002,-36.69875000000004,28.03749999999998,-8.596625000000028,2.198000000000013,19.053499999999996,-35.72900000000002,14.135625,-13.83112499999997,93.54625000000001,-63.24900000000002,112.97612500000002,1.5,1.42,0.05,1.42,0.34,0.8,0.74,0.0,0.74,0.13,1.1,1.0,0.08,1.0,0.2,0.9,0.86,0.15,0.86,0.35,0.9,0.73,0.02,0.73,0.44,0.5,-0.05,0.31,-0.05,0.48,1.3,0.8837499999999979,0.01750000000000139,0.8837499999999979,0.9325000000000041,0.8124999999999931,0.18374999999999792,0.08749999999999583,0.18374999999999792,0.7637499999999979,1.0,0.16,0.05,0.16,0.98,0.6,-0.24,0.04,-0.24,0.48,0.5,-0.05,0.04,-0.05,0.28,0.6,-0.002499999999998611,0.021249999999999304,-0.002499999999998611,0.5387500000000007
7.698000000000002,3.14,85.58125000000007,-1.4321875000000024,-37.57156250000005,27.69687499999996,-9.116375000000025,2.508875000000016,19.229,-35.751343750000004,14.135218750000005,-13.094187499999961,93.556,-63.72165625000002,113.25690625000001,1.5,1.42,0.05,1.42,0.34,0.8,0.74,0.0,0.74,0.13,1.1,1.0,0.08,1.0,0.2,0.9,0.86,0.15,0.86,0.35,0.9,0.73,0.02,0.73,0.44,0.5,-0.05,0.31,-0.05,0.48,1.3,0.88,0.02,0.88,0.94,0.8,0.18,0.08,0.18,0.76,1.0,0.16,0.05,0.16,0.98,0.6,-0.24,0.04,-0.24,0.48,0.5,-0.05,0.04,-0.05,0.28,0.6,0.0,0.02,0.0,0.54
7.748000000000002,3.14,86.88406250000006,-1.4790625000000022,-38.46218750000004,26.624999999999943,-9.590750000000021,2.820843750000014,19.08949999999999,-35.7595625,14.29609375000001,-12.357531249999965,93.4153125,-64.03921875000002,113.32146875000001,1.5,1.42,0.05,1.42,0.34,0.8,0.74,0.0,0.74,0.13,1.1,1.0,0.08,1.0,0.2,0.9,0.86,0.15,0.86,0.35,0.9,0.73,0.02,0.73,0.44,0.5,-0.05,0.31,-0.05,0.48,1.3,0.88,0.02,0.88,0.94,0.8,0.18,0.08,0.18,0.76,1.0,0.16,0.05,0.16,0.98,0.6,-0.24,0.04,-0.24,0.48,0.5,-0.05,0.04,-0.05,0.28,0.6,0.0,0.02,0.0,0.54
7.798000000000003,3.145312500000001,88.19093750000008,-1.5412500000000038,-39.35281250000005,26.44687499999999,-9.917125000000015,3.0128437500000103,18.326937499999968,-35.72809374999994,14.563312500000013,-11.919968749999978,93.382375,-64.49893750000003,113.56712500000002,1.5,1.42,0.05,1.42,0.34,0.8,0.74,0.0,0.74,0.13,1.1,1.0,0.08,1.0,0.2,0.9,0.86,0.15,0.86,0.35,0.9,0.73,0.02,0.73,0.44,0.5,-0.05,0.31,-0.05,0.48,1.3,0.88,0.02,0.88,0.94,0.8,0.18,0.08,0.18,0.76,1.0,0.16,0.05,0.16,0.98,0.6,-0.24,0.04,-0.24,0.48,0.5,-0.05,0.04,-0.05,0.28,0.6,0.0,0.02,0.0,0.54
7.8480000000000025,3.15,89.48687500000007,-1.6028125000000026,-40.253437500000054,26.30937500000001,-10.099656250000004,3.1516562500000003,18.010500000000008,-34.19387500000012,14.713031249999995,-11.632281250000014,93.35221874999999,-64.82887500000001,113.72843750000001,1.5,1.4209375000000009,0.049062499999999135,1.4209375000000009,0.3381249999999983,0.8,0.7418750000000017,0.002812500000002602,0.7418750000000017,0.1328125000000026,1.1,1.0018750000000018,0.0828125000000026,1.0018750000000018,0.19343749999999393,0.9,0.8553124999999957,0.15375000000000347,0.8553124999999957,0.3471874999999974,0.9,0.7318750000000017,0.021875000000001733,0.7318750000000017,0.4371874999999974,0.5187500000000174,-0.024687499999976582,0.29124999999998263,-0.024687499999976582,0.4912500000000104,1.3,0.8762499999999965,0.02,0.8762499999999965,0.9428125000000025,0.8,0.17437499999999478,0.07531249999999566,0.17437499999999478,0.7581249999999983,1.0,0.15249999999999306,0.05093750000000087,0.15249999999999306,0.9818750000000017,0.6,-0.23812499999999825,0.038124999999998264,-0.23812499999999825,0.4818750000000017,0.4906249999999913,-0.05375000000000347,0.049375000000008676,-0.05375000000000347,0.27624999999999655,0.6,-0.0009375000000008673,0.02,-0.0009375000000008673,0.5390624999999991
7.898000000000002,3.156774193548388,90.79225806451619,-1.6570967741935512,-41.162903225806495,26.535483870967756,-10.066580645161284,3.122096774193545,18.23270967741937,-35.99632258064522,14.595225806451605,-11.961548387096792,93.33093548387096,-65.14103225806454,113.8953548387097,1.5,1.43,0.04,1.43,0.32,0.8,0.76,0.03,0.76,0.16,1.1,1.02,0.11,1.02,0.13,0.9,0.81,0.19,0.81,0.32,0.9,0.75,0.04,0.75,0.41,0.7,0.22,0.11,0.22,0.6,1.3,0.84,0.02,0.84,0.97,0.8,0.12,0.03,0.12,0.74,1.0,0.08,0.06,0.08,1.0,0.6,-0.22,0.02,-0.22,0.5,0.4,-0.09,0.14,-0.09,0.24,0.6,-0.01,0.02,-0.01,0.53
7.948000000000002,3.16,92.08500000000004,-1.7100000000000022,-42.06500000000003,26.92500000000003,-9.615249999999977,2.893249999999984,18.748750000000005,-35.97424999999996,14.377749999999997,-12.590500000000029,93.33375,-65.54900000000002,114.13775000000001,1.5,1.43,0.04,1.43,0.32,0.8,0.76,0.03,0.76,0.16,1.1,1.02,0.11,1.02,0.13,0.9,0.81,0.19,0.81,0.32,0.9,0.75,0.04,0.75,0.41,0.7,0.22,0.11,0.22,0.6,1.3,0.84,0.02,0.84,0.97,0.8,0.12,0.03,0.12,0.74,1.0,0.08,0.06,0.08,1.0,0.6,-0.22,0.02,-0.22,0.5,0.4,-0.09,0.14,-0.09,0.24,0.6,-0.01,0.02,-0.01,0.53
7.998000000000003,3.16,93.38774193548394,-1.7819354838709722,-42.986451612903274,27.719354838709723,-8.89038709677415,2.4079354838709395,18.73645161290322,-35.299129032258044,14.346032258064517,-13.422193548387144,93.26777419354838,-65.89132258064518,114.2861612903226,1.5,1.43,0.04,1.43,0.32,0.8,0.76,0.03,0.76,0.16,1.1,1.02,0.11,1.02,0.13,0.9,0.81,0.19,0.81,0.32,0.9,0.75,0.04,0.75,0.41,0.7,0.22,0.11,0.22,0.6,1.3,0.84,0.02,0.84,0.97,0.8,0.12,0.03,0.12,0.74,1.0,0.08,0.06,0.08,1.0,0.6,-0.22,0.02,-0.22,0.5,0.4,-0.09,0.14,-0.09,0.24,0.6,-0.01,0.02,-0.01,0.53
8.048000000000004,3.1558064516129023,94.67387096774202,-1.8467741935483912,-43.89322580645167,28.693548387096847,-7.9785806451612356,1.850967741935441,18.313129032258022,-36.364548387096725,14.514000000000015,-14.234258064516181,93.23412903225805,-66.28690322580648,114.49254838709679,1.5,1.43,0.04,1.43,0.32,0.8,0.76,0.03,0.76,0.16,1.1,1.02,0.11,1.02,0.13,0.9,0.81,0.19,0.81,0.32,0.9,0.75,0.04,0.75,0.41,0.7,0.22,0.11,0.22,0.6,1.3,0.84,0.02,0.84,0.97,0.8,0.12,0.03,0.12,0.74,1.0,0.08,0.06,0.08,1.0,0.6,-0.22,0.02,-0.22,0.5,0.4,-0.09,0.14,-0.09,0.24,0.6,-0.01,0.02,-0.01,0.53
8.098000000000004,3.14,95.9600000000001,-1.9100000000000046,-44.820000000000064,29.800000000000082,-7.198999999999963,1.1509999999999472,17.606000000000044,-34.72600000000001,14.78700000000002,-15.018000000000068,93.147,-66.65800000000002,114.65000000000002,1.5,1.43,0.04,1.43,0.32,0.8,0.76,0.03,0.76,0.16,1.1,1.02,0.11,1.02,0.13,0.9,0.81,0.19,0.81,0.32,0.9,0.7499999999999966,0.039999999999998856,0.7499999999999966,0.4100000000000046,0.7,0.22,0.11,0.22,0.6,1.3,0.84,0.020000000000001145,0.84,0.9700000000000034,0.8,0.11999999999999542,0.030000000000001144,0.11999999999999542,0.7400000000000034,1.0,0.08,0.06,0.08,1.0,0.6,-0.22,0.02,-0.22,0.5,0.4,-0.09,0.14,-0.09,0.24,0.6,-0.01,0.020000000000001145,-0.01,0.5299999999999989
8.148000000000003,3.134062499999999,97.2609375000001,-1.9737500000000046,-45.75031250000007,30.796875000000057,-6.799687499999984,0.456656249999955,17.836656249999976,-34.57509374999995,15.05615625000002,-15.96518750000007,93.151875,-66.98203125000002,114.84025000000003,1.5,1.43,0.04,1.43,0.32,0.8,0.76,0.03,0.76,0.16,1.1,1.02,0.11,1.02,0.13,0.9,0.81,0.19,0.81,0.32,0.9,0.72,0.03,0.72,0.45,0.7,0.22,0.11,0.22,0.6,1.3,0.84,0.03,0.84,1.0,0.8,0.08,0.04,0.08,0.77,1.0,0.08,0.06,0.08,1.0,0.6,-0.22,0.02,-0.22,0.5,0.4,-0.09,0.14,-0.09,0.24,0.6,-0.01,0.03,-0.01,0.52
8.198000000000004,3.1181249999999987,98.56187500000009,-2.039375000000006,-46.68062500000007,31.42500000000014,-6.811625000000011,-0.07962500000003751,16.90156250000004,-33.180437499999876,15.30468750000001,-16.973000000000077,93.2160625,-67.5074375,115.2126875,1.5,1.43,0.04,1.43,0.32,0.8,0.76,0.03,0.76,0.16,1.1,1.02,0.11,1.02,0.13,0.9,0.81,0.19,0.81,0.32,0.9,0.72,0.03,0.72,0.45,0.7,0.22,0.11,0.22,0.6,1.3,0.84,0.03,0.84,1.0,0.8,0.08,0.04,0.08,0.77,1.0,0.08,0.06,0.08,1.0,0.6,-0.22,0.02,-0.22,0.5,0.4,-0.09,0.14,-0.09,0.24,0.6,-0.01,0.03,-0.01,0.52
8.248000000000003,3.1022580645161284,99.8470967741936,-2.1187096774193583,-47.60903225806456,33.09677419354845,-6.991741935483881,-0.5361935483871152,17.479709677419383,-31.75219354838704,15.422677419354843,-17.913387096774233,93.25270967741936,-67.43596774193549,115.21629032258063,1.5,1.43,0.04,1.43,0.32,0.8,0.76,0.03,0.76,0.16,1.1,1.02,0.11,1.02,0.13,0.9,0.81,0.19,0.81,0.32,0.9,0.72,0.03,0.72,0.45,0.7,0.22,0.11,0.22,0.6,1.3,0.84,0.03,0.84,1.0,0.8,0.08,0.04,0.08,0.77,1.0,0.08,0.06,0.08,1.0,0.6,-0.22,0.02,-0.22,0.5,0.4,-0.09,0.14,-0.09,0.24,0.6,-0.01,0.03,-0.01,0.52
8.298000000000004,3.0962499999999986,101.14375000000011,-2.195000000000005,-48.551250000000074,33.3,-7.355875000000039,-0.7311250000000123,17.91600000000009,-31.431874999999987,15.428249999999997,-18.447375000000036,93.248,-67.77312500000004,115.41662500000001,1.5,1.43,0.04,1.43,0.32,0.8,0.76,0.03,0.76,0.16,1.1,1.02,0.11,1.02,0.13,0.9,0.81,0.19,0.81,0.32,0.9,0.72,0.03,0.72,0.45,0.7,0.22,0.11,0.22,0.6,1.3,0.84,0.03,0.84,1.0,0.8,0.08,0.04,0.08,0.77,1.0,0.08,0.06,0.08,1.0,0.6,-0.22,0.02,-0.22,0.5,0.4,-0.09,0.14,-0.09,0.24,0.6,-0.01,0.03,-0.01,0.52
8.348000000000004,3.09,102.44354838709688,-2.2683870967742004,-49.48129032258072,33.203225806451606,-7.893516129032306,-0.8888064516129164,19.203741935483986,-31.261451612903212,15.354741935483863,-18.92041935483875,93.18429032258065,-68.07225806451616,115.55922580645162,1.5,1.43,0.04,1.43,0.32,0.8,0.76,0.03,0.76,0.16,1.1,1.02,0.11,1.02,0.13,0.9,0.81,0.19,0.81,0.32,0.9,0.72,0.03,0.72,0.45,0.7,0.22,0.11,0.22,0.6,1.3,0.84,0.03,0.84,1.0,0.8,0.08,0.04,0.08,0.77,1.0,0.08,0.06,0.08,1.0,0.6,-0.22,0.02,-0.22,0.5,0.4,-0.09,0.14,-0.09,0.24,0.6,-0.01,0.03,-0.01,0.52
8.398000000000003,3.074193548387096,103.74451612903233,-2.3590322580645213,-50.43838709677426,33.448387096774255,-8.564870967741975,-1.0479032258064616,19.58551612903233,-31.089451612903215,15.25570967741935,-19.400290322580677,93.39054838709677,-68.37041935483872,115.90964516129034,1.5,1.43,0.04,1.43,0.33,0.8,0.8,0.07,0.8,0.14,1.1,1.04,0.08,1.04,0.08,0.9,0.83,0.16,0.83,0.33,0.9,0.75,0.1,0.75,0.56,0.8,0.35,0.01,0.35,0.71,1.4,0.87,0.07,0.87,1.0,0.8,0.08,0.04,0.08,0.77,1.0,0.05,0.03,0.05,0.98,0.5,-0.2,0.04,-0.2,0.49,0.3,-0.07,0.19,-0.07,0.21,0.6,-0.03,0.04,-0.03,0.51
8.448000000000004,3.048124999999999,105.04187500000009,-2.439375000000006,-51.39250000000007,34.81875000000001,-9.082062500000006,-1.1894375000000015,21.314437499999915,-30.947687500000008,15.221687500000007,-19.804124999999992,93.4061875,-68.48525000000002,115.97743750000001,1.5,1.43,0.04,1.43,0.33,0.8,0.8,0.07,0.8,0.14,1.1,1.04,0.08,1.04,0.08,0.9,0.83,0.16,0.83,0.33,0.9,0.75,0.1,0.75,0.56,0.8,0.35,0.01,0.35,0.71,1.4,0.87,0.07,0.87,1.0,0.8,0.08,0.04,0.08,0.77,1.0,0.05,0.03,0.05,0.98,0.5,-0.2,0.04,-0.2,0.49,0.3,-0.07,0.19,-0.07,0.21,0.6,-0.03,0.04,-0.03,0.51
8.498000000000003,3.032258064516128,106.31935483870974,-2.5187096774193583,-52.33677419354843,34.82258064516128,-9.09438709677419,-1.2247741935483893,20.33819354838706,-30.98641935483871,15.329161290322586,-19.637935483870958,93.3884193548387,-68.73322580645161,116.10703225806452,1.5,1.43,0.04,1.43,0.33,0.8,0.8,0.07,0.8,0.14,1.1,1.04,0.08,1.04,0.08,0.9,0.83,0.16,0.83,0.33,0.9,0.75,0.1,0.75,0.56,0.8,0.35,0.01,0.35,0.71,1.4,0.87,0.07,0.87,1.0,0.8,0.08,0.04,0.08,0.77,1.0,0.05,0.03,0.05,0.98,0.5,-0.2,0.04,-0.2,0.49,0.3,-0.07,0.19,-0.07,0.21,0.6,-0.03,0.04,-0.03,0.51
8.548000000000004,3.016129032258063,107.62354838709687,-2.6032258064516203,-53.29838709677426,34.761290322580635,-8.73106451612899,-1.3725483870967823,21.124322580645213,-30.775096774193525,15.495645161290335,-19.355096774193523,93.31193548387097,-68.74548387096777,116.0621612903226,1.5,1.43,0.04,1.43,0.33,0.8,0.8,0.07,0.8,0.14,1.1,1.04,0.08,1.04,0.08,0.9,0.83,0.16,0.83,0.33,0.9,0.75,0.1,0.75,0.56,0.8,0.35,0.01,0.35,0.71,1.4,0.87,0.07,0.87,1.0,0.8,0.08,0.04,0.08,0.77,1.0,0.05,0.03,0.05,0.98,0.5,-0.2,0.04,-0.2,0.49,0.3,-0.07,0.19,-0.07,0.21,0.6,-0.03,0.04,-0.03,0.51
8.598000000000004,2.9999999999999987,108.9200000000001,-2.6900000000000057,-54.25000000000007,34.600000000000016,-8.110999999999958,-1.444999999999986,21.578999999999958,-30.41099999999999,15.665000000000013,-19.017000000000007,93.489,-69.251,116.502,1.5,1.4300000000000022,0.04000000000000229,1.4300000000000022,0.3300000000000012,0.8,0.8000000000000046,0.07000000000000459,0.8000000000000046,0.13999999999999657,1.1,1.0400000000000034,0.07999999999999771,1.0400000000000034,0.07999999999999656,0.9000000000000115,0.8300000000000092,0.1599999999999874,0.8300000000000092,0.3300000000000023,0.9000000000000115,0.75,0.10000000000000345,0.75,0.5600000000000046,0.8000000000000115,0.35000000000000914,0.010000000000012606,0.35000000000000914,0.7100000000000103,1.4,0.8700000000000069,0.07000000000000688,0.8700000000000069,1.000000000000001,0.8000000000000115,0.08000000000000802,0.04,0.08000000000000802,0.7700000000000046,1.0,0.04999999999999427,0.029999999999998854,0.04999999999999427,0.9799999999999977,0.5,-0.19999999999999543,0.040000000000003436,-0.19999999999999543,0.4899999999999977,0.3,-0.06999999999999543,0.1900000000000023,-0.06999999999999543,0.21000000000000113,0.5999999999999885,-0.03,0.04000000000000229,-0.03,0.5099999999999989
8.648000000000003,2.9838709677419346,110.22032258064525,-2.7706451612903282,-55.217741935483936,34.761290322580656,-7.499483870967701,-1.2466129032257933,21.27800000000001,-30.2636129032258,15.842935483870978,-19.09703225806452,93.42838709677419,-69.29612903225807,116.50241935483871,1.5,1.45,0.06,1.45,0.34,0.8,0.84,0.11,0.84,0.11,1.1,1.07,0.06,1.07,0.05,1.0,0.91,0.05,0.91,0.35,1.0,0.75,0.13,0.75,0.6,0.9,0.43,0.12,0.43,0.8,1.4,0.93,0.13,0.93,1.01,0.9,0.15,0.04,0.15,0.81,1.0,0.0,0.02,0.0,0.96,0.5,-0.16,0.07,-0.16,0.47,0.3,-0.03,0.21,-0.03,0.22,0.5,-0.03,0.06,-0.03,0.5
8.698000000000004,2.96774193548387,111.52064516129042,-2.853548387096781,-56.17548387096781,34.8225806451613,-6.901645161290291,-1.047225806451599,22.12906451612911,-30.115451612903215,15.935387096774202,-19.177290322580653,93.5007741935484,-69.29932258064518,116.57448387096775,1.5,1.45,0.06,1.45,0.34,0.8,0.84,0.11,0.84,0.11,1.1,1.07,0.06,1.07,0.05,1.0,0.91,0.05,0.91,0.35,1.0,0.75,0.13,0.75,0.6,0.9,0.43,0.12,0.43,0.8,1.4,0.93,0.13,0.93,1.01,0.9,0.15,0.04,0.15,0.81,1.0,0.0,0.02,0.0,0.96,0.5,-0.16,0.07,-0.16,0.47,0.3,-0.03,0.21,-0.03,0.22,0.5,-0.03,0.06,-0.03,0.5
8.748000000000003,2.96,112.81935483870976,-2.950322580645167,-57.14322580645167,34.98387096774194,-6.504870967741916,-0.8479999999999885,23.061322580645204,-29.967838709677412,16.076354838709687,-19.25793548387097,93.47399999999999,-69.49867741935485,116.67629032258066,1.5,1.45,0.06,1.45,0.34,0.8,0.84,0.11,0.84,0.11,1.1,1.07,0.06,1.07,0.05,1.0,0.91,0.05,0.91,0.35,1.0,0.75,0.13,0.75,0.6,0.9,0.43,0.12,0.43,0.8,1.4,0.93,0.13,0.93,1.01,0.9,0.15,0.04,0.15,0.81,1.0,0.0,0.02,0.0,0.96,0.5,-0.16,0.07,-0.16,0.47,0.3,-0.03,0.21,-0.03,0.22,0.5,-0.03,0.06,-0.03,0.5
8.798000000000004,2.9409677419354816,114.11129032258073,-3.037096774193555,-58.10548387096781,35.33548387096778,-6.522354838709695,-0.6504516129032121,23.304064516129102,-29.82090322580644,16.313870967741952,-19.33812903225807,93.3973870967742,-69.6275483870968,116.69796774193549,1.5,1.45,0.06,1.45,0.34,0.8,0.84,0.11,0.84,0.11,1.1,1.07,0.06,1.07,0.05,1.0,0.91,0.05,0.91,0.35,1.0,0.75,0.13,0.75,0.6,0.9,0.43,0.12,0.43,0.8,1.4,0.93,0.13,0.93,1.01,0.9,0.15,0.04,0.15,0.81,1.0,0.0,0.02,0.0,0.96,0.5,-0.16,0.07,-0.16,0.47,0.3,-0.03,0.21,-0.03,0.22,0.5,-0.03,0.06,-0.03,0.5
8.848000000000004,2.9093548387096764,115.40161290322591,-3.1332258064516196,-59.08870967741943,35.90645161290324,-6.908838709677467,-0.4749354838710011,24.78061290322581,-29.6616774193548,16.591548387096783,-19.42170967741937,93.5006129032258,-69.95983870967746,116.95970967741937,1.5,1.4512903225806477,0.06129032258064786,1.4512903225806477,0.3412903225806479,0.8064516129032393,0.8412903225806478,0.11064516129032392,0.8412903225806478,0.11064516129032392,1.1,1.07,0.05935483870967607,1.07,0.05322580645161965,1.0,0.9125806451612958,0.046774193548380354,0.9125806451612958,0.34935483870967604,1.0,0.7474193548387043,0.1319354838709718,0.7474193548387043,0.6058064516129154,0.9,0.43064516129032393,0.12064516129032393,0.43064516129032393,0.7993548387096762,1.4064516129032392,0.9338709677419437,0.1345161290322675,0.9338709677419437,1.0125806451612958,0.8935483870967608,0.1525806451612957,0.03806451612902821,0.1525806451612957,0.8080645161290283,0.9935483870967607,-0.00258064516129572,0.02322580645161965,-0.00258064516129572,0.9535483870967607,0.4935483870967607,-0.15225806451611285,0.07322580645161966,-0.15225806451611285,0.4674193548387043,0.3064516129032393,-0.013225806451577816,0.20419354838708462,-0.013225806451577816,0.2238709677419436,0.5,-0.03,0.06129032258064786,-0.03,0.4987096774193521
8.898000000000003,2.9067741935483884,116.69870967741944,-3.2206451612903293,-60.04967741935491,36.0,-7.47506451612907,-0.8767096774193823,25.098000000000045,-29.20022580645158,16.65993548387097,-19.590806451612913,93.47412903225806,-70.3313548387097,117.16864516129033,1.5,1.47,0.08,1.47,0.36,0.9,0.86,0.12,0.86,0.12,1.1,1.07,0.05,1.07,0.1,1.0,0.95,0.0,0.95,0.34,1.0,0.71,0.16,0.71,0.69,0.9,0.44,0.13,0.44,0.79,1.5,0.99,0.2,0.99,1.05,0.8,0.19,0.01,0.19,0.78,0.9,-0.04,0.07,-0.04,0.86,0.4,-0.04,0.12,-0.04,0.43,0.4,0.23,0.12,0.23,0.28,0.5,-0.03,0.08,-0.03,0.48
8.948000000000004,2.94,118.01516129032268,-3.307419354838717,-60.98419354838717,35.970967741935475,-7.9532580645161435,-1.2845806451613204,26.451387096774216,-28.733967741935448,16.63493548387096,-19.761483870967755,93.5951935483871,-70.49812903225808,117.35125806451614,1.5,1.47,0.08,1.47,0.36,0.9,0.86,0.12,0.86,0.12,1.1,1.07,0.05,1.07,0.1,1.0,0.95,0.0,0.95,0.34,1.0,0.71,0.16,0.71,0.69,0.9,0.44,0.13,0.44,0.79,1.5,0.99,0.2,0.99,1.05,0.8,0.19,0.01,0.19,0.78,0.9,-0.04,0.07,-0.04,0.86,0.4,-0.04,0.12,-0.04,0.43,0.4,0.23,0.12,0.23,0.28,0.5,-0.03,0.08,-0.03,0.48
8.998000000000003,2.930666666666666,119.33666666666674,-3.406000000000006,-61.970000000000056,35.9,-8.090200000000005,-1.6944000000000237,26.53646666666666,-28.265933333333308,16.555399999999995,-19.93306666666668,93.70766666666668,-70.77306666666668,117.61006666666668,1.5,1.47,0.08,1.47,0.36,0.9,0.86,0.12,0.86,0.12,1.1,1.07,0.05,1.07,0.1,1.0,0.95,0.0,0.95,0.34,1.0,0.71,0.16,0.71,0.69,0.9,0.44,0.13,0.44,0.79,1.5,0.99,0.2,0.99,1.05,0.8,0.19,0.01,0.19,0.78,0.9,-0.04,0.07,-0.04,0.86,0.4,-0.04,0.12,-0.04,0.43,0.4,0.23,0.12,0.23,0.28,0.5,-0.03,0.08,-0.03,0.48
9.048000000000004,2.9145161290322568,120.62870967741945,-3.4929032258064585,-62.949032258064584,35.8,-8.182258064516136,-2.096548387096804,26.428806451612896,-27.807258064516095,16.472032258064512,-20.101032258064528,93.81264516129033,-71.06161290322582,117.87338709677422,1.5,1.47,0.08,1.47,0.36,0.9,0.86,0.12,0.86,0.12,1.1,1.07,0.05,1.07,0.1,1.0,0.95,0.0,0.95,0.34,1.0,0.71,0.16,0.71,0.69,0.9,0.44,0.13,0.44,0.79,1.5,0.99,0.2,0.99,1.05,0.8,0.19,0.01,0.19,0.78,0.9,-0.04,0.07,-0.04,0.86,0.4,-0.04,0.12,-0.04,0.43,0.4,0.23,0.12,0.23,0.28,0.5,-0.03,0.08,-0.03,0.48
9.098000000000004,2.908064516129031,121.94290322580656,-3.581612903225814,-63.93806451612911,35.71935483870969,-8.26441935483871,-2.5058064516129352,26.198645161290234,-27.33941935483867,16.413838709677428,-20.27193548387098,93.92829032258065,-71.40635483870973,118.17912903225812,1.5,1.47,0.08,1.47,0.36,0.9,0.86,0.12,0.86,0.12,1.1,1.07,0.05,1.07,0.1,1.0,0.95,0.0,0.95,0.34,1.0,0.71,0.16,0.71,0.69,0.9,0.44,0.13,0.44,0.79,1.5,0.99,0.2,0.99,1.05,0.8,0.19,0.01,0.19,0.78,0.9,-0.04,0.07,-0.04,0.86,0.4,-0.04,0.12,-0.04,0.43,0.4,0.23,0.12,0.23,0.28,0.5,-0.03,0.08,-0.03,0.48
9.148000000000003,2.8916666666666657,123.24666666666674,-3.680000000000006,-64.9383333333334,35.88333333333334,-8.267000000000001,-2.9108333333333576,25.170499999999944,-26.87699999999997,16.56900000000001,-20.441666666666677,94.087,-72.02783333333336,118.67800000000003,1.5,1.47,0.08,1.47,0.36,0.9,0.86,0.12,0.86,0.12,1.1,1.07,0.05,1.07,0.1,1.0,0.95,0.0,0.95,0.34,1.0,0.71,0.16,0.71,0.69,0.9,0.44,0.13,0.44,0.79,1.5,0.99,0.2,0.99,1.05,0.8,0.19,0.01,0.19,0.78,0.9,-0.04,0.07,-0.04,0.86,0.4,-0.04,0.12,-0.04,0.43,0.4,0.23,0.12,0.23,0.28,0.5,-0.03,0.08,-0.03,0.48
9.198000000000004,2.875333333333332,124.55333333333346,-3.7680000000000082,-65.92466666666675,36.0,-8.361866666666677,-3.314266666666701,25.236933333333358,-26.41739999999996,16.66826666666666,-20.610066666666683,94.08359999999999,-71.89866666666667,118.59966666666666,1.5,1.47,0.08,1.47,0.36,0.9,0.86,0.12,0.86,0.12,1.1,1.07,0.05,1.07,0.1,1.0,0.95,0.0,0.95,0.34,1.0,0.71,0.16,0.71,0.69,0.9,0.44,0.13,0.44,0.79,1.5,0.99,0.2,0.99,1.05,0.8,0.19,0.01,0.19,0.78,0.9,-0.04,0.07,-0.04,0.86,0.4,-0.04,0.12,-0.04,0.43,0.4,0.23,0.12,0.23,0.28,0.5,-0.03,0.08,-0.03,0.48
9.248000000000005,2.86,125.85000000000014,-3.8660000000000103,-66.9210000000001,35.88999999999998,-8.508500000000017,-3.7177000000000437,25.613400000000045,-25.956699999999948,16.54379999999998,-20.77840000000002,94.0896,-72.02350000000003,118.67730000000002,1.5,1.47,0.08,1.47,0.36,0.9,0.86,0.12,0.86,0.12,1.1,1.07,0.05,1.07,0.1,1.0,0.95,0.0,0.95,0.34,1.0,0.71,0.16,0.71,0.69,0.9,0.44,0.13,0.44,0.79,1.5,0.99,0.2,0.99,1.05,0.8,0.19,0.01,0.19,0.78,0.9,-0.04,0.07,-0.04,0.86,0.4,-0.04,0.12,-0.04,0.43,0.4,0.23,0.12,0.23,0.28,0.5,-0.03,0.08,-0.03,0.48
9.298000000000004,2.8523333333333323,127.18333333333344,-3.9660000000000073,-67.93000000000006,35.64666666666664,-8.671433333333345,-4.129366666666698,25.779133333333323,-25.485799999999966,16.355399999999985,-20.95096666666668,94.12566666666667,-72.21746666666668,118.82196666666668,1.5,1.47,0.08,1.47,0.36,0.9,0.86,0.12,0.86,0.12,1.1,1.07,0.05,1.07,0.1,1.0,0.95,0.0,0.95,0.34,1.0,0.71,0.16,0.71,0.69,0.9,0.44,0.13,0.44,0.79,1.5,0.99,0.2,0.99,1.05,0.8,0.19,0.01,0.19,0.78,0.9,-0.04,0.07,-0.04,0.86,0.4,-0.04,0.12,-0.04,0.43,0.4,0.23,0.12,0.23,0.28,0.5,-0.03,0.08,-0.03,0.48
9.348000000000004,2.8379999999999956,128.4760000000001,-4.054000000000008,-68.9280000000001,35.520000000000046,-8.92100000000004,-4.533200000000035,24.693599999999915,-25.02579999999996,16.069999999999972,-21.119600000000013,94.2728,-72.43340000000002,119.07040000000002,1.5,1.47,0.08,1.47,0.36,0.9,0.86,0.12,0.86,0.12,1.1,1.07,0.05,1.07,0.1,1.0,0.95,0.0,0.95,0.34,1.0,0.71,0.16,0.71,0.69,0.9,0.44,0.13,0.44,0.79,1.5,0.99,0.2,0.99,1.05,0.8,0.19,0.01,0.19,0.78,0.9,-0.04,0.07,-0.04,0.86,0.4,-0.04,0.12,-0.04,0.43,0.4,0.23,0.12,0.23,0.28,0.5,-0.03,0.08,-0.03,0.48
9.398000000000003,2.768387096774189,129.74516129032264,-4.151612903225812,-69.96064516129039,36.11290322580649,-9.464774193548422,-4.93803225806454,23.854870967741892,-24.56283870967739,15.744483870967722,-21.289354838709688,94.33487096774194,-72.70354838709679,119.28509677419356,1.5,1.46,0.07,1.46,0.37,0.9,0.86,0.12,0.86,0.14,1.1,1.03,0.09,1.03,0.07,1.1,1.0,0.04,1.0,0.31,1.1,0.75,0.21,0.75,0.72,0.9,0.44,0.12,0.44,0.76,1.6,1.03,0.26,1.03,1.06,0.8,0.22,0.03,0.22,0.74,0.8,-0.06,0.1,-0.06,0.83,0.4,0.01,0.12,0.01,0.43,0.5,0.34,0.03,0.34,0.3,0.5,-0.04,0.11,-0.04,0.46
9.448000000000004,2.693333333333329,131.01333333333343,-4.240000000000007,-71.00000000000007,36.766666666666715,-10.06066666666671,-5.34500000000003,23.08766666666661,-24.098666666666634,15.414333333333309,-21.459333333333344,94.379,-72.98400000000002,119.49266666666668,1.5,1.46,0.07,1.46,0.37,0.9,0.86,0.12,0.86,0.14,1.1,1.03,0.09,1.03,0.07,1.1,1.0,0.04,1.0,0.31,1.1,0.75,0.21,0.75,0.72,0.9,0.44,0.12,0.44,0.76,1.6,1.03,0.26,1.03,1.06,0.8,0.22,0.03,0.22,0.74,0.8,-0.06,0.1,-0.06,0.83,0.4,0.01,0.12,0.01,0.43,0.5,0.34,0.03,0.34,0.3,0.5,-0.04,0.11,-0.04,0.46
9.498000000000005,2.623999999999997,132.2840000000001,-4.335000000000007,-72.03600000000009,37.33000000000001,-10.654300000000049,-5.682700000000002,22.322499999999938,-23.647399999999966,15.083999999999973,-21.613000000000007,94.4102,-73.22640000000001,119.66680000000001,1.5,1.46,0.07,1.46,0.37,0.9,0.86,0.12,0.86,0.14,1.1,1.03,0.09,1.03,0.07,1.1,1.0,0.04,1.0,0.31,1.1,0.75,0.21,0.75,0.72,0.9,0.44,0.12,0.44,0.76,1.6,1.03,0.26,1.03,1.06,0.8,0.22,0.03,0.22,0.74,0.8,-0.06,0.1,-0.06,0.83,0.4,0.01,0.12,0.01,0.43,0.5,0.34,0.03,0.34,0.3,0.5,-0.04,0.11,-0.04,0.46
9.548000000000004,2.590666666666664,133.5936666666668,-4.41833333333334,-73.06933333333342,37.49666666666668,-11.254033333333382,-5.6486333333333265,21.54943333333327,-23.257599999999968,14.751633333333306,-21.68086666666667,94.36999999999999,-73.27063333333334,119.66059999999999,1.5,1.46,0.07,1.46,0.37,0.9,0.86,0.12,0.86,0.14,1.1,1.03,0.09,1.03,0.07,1.1,1.0,0.04,1.0,0.31,1.1,0.75,0.21,0.75,0.72,0.9,0.44,0.12,0.44,0.76,1.6,1.03,0.26,1.03,1.06,0.8,0.22,0.03,0.22,0.74,0.8,-0.06,0.1,-0.06,0.83,0.4,0.01,0.12,0.01,0.43,0.5,0.34,0.03,0.34,0.3,0.5,-0.04,0.11,-0.04,0.46
9.598000000000004,2.567999999999997,134.87800000000013,-4.510000000000008,-74.07200000000009,37.5,-11.840400000000056,-5.568599999999993,20.794799999999928,-22.885799999999964,14.42559999999997,-21.737400000000004,94.322,-73.28760000000001,119.63119999999999,1.5,1.46,0.07,1.46,0.37,0.9,0.86,0.12,0.86,0.14,1.1,1.03,0.09,1.03,0.07,1.1,1.0,0.04,1.0,0.31,1.1,0.75,0.21,0.75,0.72,0.9,0.44,0.12,0.44,0.76,1.6,1.03,0.26,1.03,1.06,0.8,0.22,0.03,0.22,0.74,0.8,-0.06,0.1,-0.06,0.83,0.4,0.01,0.12,0.01,0.43,0.5,0.34,0.03,0.34,0.3,0.5,-0.04,0.11,-0.04,0.46
9.648000000000003,2.5346666666666646,136.18800000000007,-4.603333333333338,-75.0953333333334,37.6,-12.437466666666701,-5.4869333333333286,20.024799999999956,-22.50619999999998,14.093933333333315,-21.79406666666667,94.273,-73.30493333333334,119.60119999999999,1.5,1.42,0.03,1.42,0.37,0.9,0.86,0.12,0.86,0.12,1.0,0.99,0.12,0.99,0.04,1.0,1.01,0.04,1.01,0.26,1.1,0.7,0.14,0.7,0.74,0.9,0.44,0.1,0.44,0.73,1.5,0.94,0.16,0.94,1.01,0.6,0.18,0.18,0.18,0.6,0.8,-0.07,0.12,-0.07,0.81,0.4,0.06,0.1,0.06,0.44,0.5,0.44,0.05,0.44,0.27,0.4,-0.08,0.13,-0.08,0.42
9.698000000000004,2.50133333333333,137.49733333333347,-4.6866666666666745,-76.12866666666676,37.6,-13.03506666666672,-5.405266666666659,19.255733333333264,-22.127133333333298,13.762266666666637,-21.85073333333334,94.223,-73.32233333333333,119.57119999999999,1.5,1.42,0.03,1.42,0.37,0.9,0.86,0.12,0.86,0.12,1.0,0.99,0.12,0.99,0.04,1.0,1.01,0.04,1.01,0.26,1.1,0.7,0.14,0.7,0.74,0.9,0.44,0.1,0.44,0.73,1.5,0.94,0.16,0.94,1.01,0.6,0.18,0.18,0.18,0.6,0.8,-0.07,0.12,-0.07,0.81,0.4,0.06,0.1,0.06,0.44,0.5,0.44,0.05,0.44,0.27,0.4,-0.08,0.13,-0.08,0.42
9.748000000000005,2.4625806451612857,138.79290322580658,-4.779032258064524,-77.1400000000001,37.7,-13.625451612903282,-5.324548387096766,18.4947419354838,-21.75161290322577,13.435451612903194,-21.906741935483875,94.17458064516129,-73.3403870967742,119.54212903225806,1.5,1.42,0.03,1.42,0.37,0.9,0.86,0.12,0.86,0.12,1.0,0.99,0.12,0.99,0.04,1.0,1.01,0.04,1.01,0.26,1.1,0.7,0.14,0.7,0.74,0.9,0.44,0.1,0.44,0.73,1.5,0.94,0.16,0.94,1.01,0.6,0.18,0.18,0.18,0.6,0.8,-0.07,0.12,-0.07,0.81,0.4,0.06,0.1,0.06,0.44,0.5,0.44,0.05,0.44,0.27,0.4,-0.08,0.13,-0.08,0.42
9.798000000000004,2.422999999999997,140.0920000000001,-4.864000000000006,-78.15466666666674,37.8,-14.217533333333375,-5.243566666666661,17.731433333333282,-21.375799999999973,13.106566666666644,-21.963933333333337,94.12599999999999,-73.35756666666667,119.5128,1.5,1.42,0.03,1.42,0.37,0.9,0.86,0.12,0.86,0.12,1.0,0.99,0.12,0.99,0.04,1.0,1.01,0.04,1.01,0.26,1.1,0.7,0.14,0.7,0.74,0.9,0.44,0.1,0.44,0.73,1.5,0.94,0.16,0.94,1.01,0.6,0.18,0.18,0.18,0.6,0.8,-0.07,0.12,-0.07,0.81,0.4,0.06,0.1,0.06,0.44,0.5,0.44,0.05,0.44,0.27,0.4,-0.08,0.13,-0.08,0.42
9.848000000000004,2.3729999999999967,141.4010000000001,-4.955000000000006,-79.17900000000007,37.8,-14.814200000000042,-5.161899999999994,16.962199999999946,-20.996699999999972,12.774899999999977,-22.020600000000005,94.0769,-73.375,119.4828,1.5,1.42,0.03,1.42,0.37,0.9,0.86,0.12,0.86,0.12,1.0,0.99,0.12,0.99,0.04,1.0,1.01,0.04,1.01,0.26,1.1,0.7,0.14,0.7,0.74,0.9,0.44,0.1,0.44,0.73,1.5,0.94,0.16,0.94,1.01,0.6,0.18,0.18,0.18,0.6,0.8,-0.07,0.12,-0.07,0.81,0.4,0.06,0.1,0.06,0.44,0.5,0.44,0.05,0.44,0.27,0.4,-0.08,0.13,-0.08,0.42
9.898000000000003,2.3229999999999964,142.7120000000001,-5.048333333333339,-80.20566666666673,37.9,-15.411866666666707,-5.081233333333327,16.193199999999948,-20.61736666666664,12.44323333333331,-22.07726666666667,94.02756666666666,-73.39266666666667,119.45336666666667,1.4,1.32,0.04,1.32,0.41,0.9,0.88,0.12,0.88,0.05,1.0,0.94,0.12,0.94,0.08,1.0,1.0,0.03,1.0,0.27,1.1,0.71,0.14,0.71,0.73,0.8,0.41,0.03,0.41,0.65,1.4,0.88,0.06,0.88,0.91,0.6,0.17,0.21,0.17,0.56,0.8,-0.1,0.11,-0.1,0.81,0.5,0.06,0.05,0.06,0.48,0.5,0.37,0.02,0.37,0.21,0.4,-0.12,0.14,-0.12,0.39
9.948000000000004,2.2732258064516095,144.01612903225816,-5.133548387096781,-81.22774193548395,37.922580645161304,-16.006064516129072,-4.999935483870963,15.4269032258064,-20.239741935483845,12.11306451612901,-22.133677419354843,93.9782258064516,-73.41048387096774,119.42393548387096,1.4,1.32,0.04,1.32,0.41,0.9,0.88,0.12,0.88,0.05,1.0,0.94,0.12,0.94,0.08,1.0,1.0,0.03,1.0,0.27,1.1,0.71,0.14,0.71,0.73,0.8,0.41,0.03,0.41,0.65,1.4,0.88,0.06,0.88,0.91,0.6,0.17,0.21,0.17,0.56,0.8,-0.1,0.11,-0.1,0.81,0.5,0.06,0.05,0.06,0.48,0.5,0.37,0.02,0.37,0.21,0.4,-0.12,0.14,-0.12,0.39
9.998000000000005,2.215333333333328,145.30466666666678,-5.223333333333341,-82.23733333333341,37.91333333333332,-16.594266666666716,-4.903933333333324,14.669599999999937,-19.813533333333293,11.786533333333306,-22.14353333333333,93.93853333333334,-73.42766666666667,119.40133333333334,1.4,1.32,0.04,1.32,0.41,0.9,0.88,0.12,0.88,0.05,1.0,0.94,0.12,0.94,0.08,1.0,1.0,0.03,1.0,0.27,1.1,0.71,0.14,0.71,0.73,0.8,0.41,0.03,0.41,0.65,1.4,0.88,0.06,0.88,0.91,0.6,0.17,0.21,0.17,0.56,0.8,-0.1,0.11,-0.1,0.81,0.5,0.06,0.05,0.06,0.48,0.5,0.37,0.02,0.37,0.21,0.4,-0.12,0.14,-0.12,0.39
10.048000000000004,2.1486666666666614,146.61133333333342,-5.312000000000008,-83.26066666666675,37.593333333333305,-17.190400000000047,-4.6772666666666485,13.901133333333274,-18.92453333333326,11.45586666666664,-21.757666666666633,93.97026666666666,-73.44533333333334,119.43986666666667,1.4,1.32,0.04,1.32,0.41,0.9,0.88,0.12,0.88,0.05,1.0,0.94,0.12,0.94,0.08,1.0,1.0,0.03,1.0,0.27,1.1,0.71,0.14,0.71,0.73,0.8,0.41,0.03,0.41,0.65,1.4,0.88,0.06,0.88,0.91,0.6,0.17,0.21,0.17,0.56,0.8,-0.1,0.11,-0.1,0.81,0.5,0.06,0.05,0.06,0.48,0.5,0.37,0.02,0.37,0.21,0.4,-0.12,0.14,-0.12,0.39
10.098000000000004,2.0799999999999934,147.9260000000001,-5.402000000000007,-84.28400000000008,37.159999999999975,-17.786600000000046,-4.440599999999982,13.13279999999994,-18.00019999999993,11.124399999999973,-21.341999999999967,94.0076,-73.463,119.483,1.4,1.32,0.04,1.32,0.41,0.9,0.88,0.12,0.88,0.05,1.0,0.94,0.12,0.94,0.08,1.0,1.0,0.03,1.0,0.27,1.1,0.71,0.14,0.71,0.73,0.8,0.41,0.03,0.41,0.65,1.4,0.88,0.06,0.88,0.91,0.6,0.17,0.21,0.17,0.56,0.8,-0.1,0.11,-0.1,0.81,0.5,0.06,0.05,0.06,0.48,0.5,0.37,0.02,0.37,0.21,0.4,-0.12,0.14,-0.12,0.39
10.148000000000003,2.0053333333333283,149.23466666666678,-5.49333333333334,-85.31733333333342,36.73999999999997,-18.383266666666714,-4.203933333333315,12.364466666666607,-17.075999999999926,10.793533333333308,-20.9253333333333,94.04506666666667,-73.48053333333334,119.52553333333333,1.4,1.2766666666666602,0.06600000000000392,1.2766666666666602,0.40133333333333204,0.9,0.8713333333333321,0.10266666666666407,0.8713333333333321,0.015333333333328127,1.0,0.9573333333333359,0.09399999999999609,0.9573333333333359,0.12333333333333985,1.0,0.9739999999999961,0.02133333333333203,0.9739999999999961,0.28733333333333594,1.0133333333333203,0.692666666666664,0.11399999999999609,0.692666666666664,0.73,0.8,0.39266666666666405,0.00399999999999609,0.39266666666666405,0.6413333333333321,1.4,0.88,0.03399999999999609,0.88,0.8666666666666601,0.6,0.16133333333333202,0.20133333333333203,0.16133333333333202,0.56,0.8,-0.1,0.10133333333333204,-0.1,0.81,0.5,0.06866666666666797,0.023999999999996094,0.06866666666666797,0.49733333333333596,0.41333333333332034,0.27466666666665235,0.05466666666667187,0.27466666666665235,0.27933333333334376,0.4,-0.1546666666666719,0.14866666666666797,-0.1546666666666719,0.3639999999999961
10.198000000000004,1.9233333333333267,150.54133333333343,-5.582000000000008,-86.34066666666675,36.3933333333333,-18.979400000000048,-4.069666666666674,11.596133333333274,-16.108266666666584,10.462399999999974,-20.528933333333306,94.05126666666666,-73.533,119.56566666666667,1.4,1.27,0.07,1.27,0.4,0.9,0.87,0.1,0.87,0.01,1.0,0.96,0.09,0.96,0.13,1.0,0.97,0.02,0.97,0.29,1.0,0.69,0.11,0.69,0.73,0.8,0.39,0.0,0.39,0.64,1.4,0.88,0.03,0.88,0.86,0.6,0.16,0.2,0.16,0.56,0.8,-0.1,0.1,-0.1,0.81,0.5,0.07,0.02,0.07,0.5,0.4,0.26,0.06,0.26,0.29,0.4,-0.16,0.15,-0.16,0.36
10.248000000000005,1.8299999999999936,151.8460000000001,-5.670000000000007,-87.37400000000008,36.059999999999974,-19.574600000000046,-4.347400000000027,10.82899999999994,-14.963799999999909,10.131399999999974,-20.21499999999998,93.93179999999998,-73.72300000000001,119.593,1.4,1.27,0.07,1.27,0.4,0.9,0.87,0.1,0.87,0.01,1.0,0.96,0.09,0.96,0.13,1.0,0.97,0.02,0.97,0.29,1.0,0.69,0.11,0.69,0.73,0.8,0.39,0.0,0.39,0.64,1.4,0.88,0.03,0.88,0.86,0.6,0.16,0.2,0.16,0.56,0.8,-0.1,0.1,-0.1,0.81,0.5,0.07,0.02,0.07,0.5,0.4,0.26,0.06,0.26,0.29,0.4,-0.16,0.15,-0.16,0.36
10.298000000000004,1.7396774193548332,153.13258064516137,-5.751935483870972,-88.39000000000006,35.73225806451611,-20.16125806451616,-4.802161290322612,10.074354838709635,-13.748161290322509,9.80693548387095,-19.93596774193547,93.79506451612902,-73.96287096774195,119.64106451612903,1.4,1.27,0.07,1.27,0.4,0.9,0.87,0.1,0.87,0.01,1.0,0.96,0.09,0.96,0.13,1.0,0.97,0.02,0.97,0.29,1.0,0.69,0.11,0.69,0.73,0.8,0.39,0.0,0.39,0.64,1.4,0.88,0.03,0.88,0.86,0.6,0.16,0.2,0.16,0.56,0.8,-0.1,0.1,-0.1,0.81,0.5,0.07,0.02,0.07,0.5,0.4,0.26,0.06,0.26,0.29,0.4,-0.16,0.15,-0.16,0.36
10.348000000000004,1.6249999999999896,154.43000000000012,-5.850000000000009,-89.42000000000009,35.39999999999994,-20.756000000000054,-5.931500000000081,9.306499999999932,-11.959499999999814,9.47599999999997,-19.61249999999994,93.763,-74.36250000000003,119.88300000000002,1.4,1.27,0.07,1.27,0.4,0.9,0.87,0.1,0.87,0.01,1.0,0.96,0.09,0.96,0.13,1.0,0.97,0.02,0.97,0.29,1.0,0.69,0.11,0.69,0.73,0.8,0.39,0.0,0.39,0.64,1.4,0.88,0.03,0.88,0.86,0.6,0.16,0.2,0.16,0.56,0.8,-0.1,0.1,-0.1,0.81,0.5,0.07,0.02,0.07,0.5,0.4,0.26,0.06,0.26,0.29,0.4,-0.16,0.15,-0.16,0.36
10.398000000000005,1.5059999999999876,155.75600000000014,-5.96200000000001,-90.4740000000001,34.379999999999896,-21.358800000000063,-6.620200000000062,8.53079999999992,-9.590599999999743,9.141599999999965,-18.61399999999988,94.06360000000004,-74.57560000000002,120.25160000000004,1.4,1.27,0.07,1.27,0.4,0.9,0.87,0.1,0.87,0.01,1.0,0.96,0.09,0.96,0.13,1.0,0.97,0.02,0.97,0.29,1.0,0.69,0.11,0.69,0.73,0.8,0.39,0.0,0.39,0.64,1.4,0.88,0.03,0.88,0.86,0.6,0.16,0.2,0.16,0.56,0.8,-0.1,0.1,-0.1,0.81,0.5,0.07,0.02,0.07,0.5,0.4,0.26,0.06,0.26,0.29,0.4,-0.16,0.15,-0.16,0.36
10.448000000000004,1.3893333333333242,157.06466666666677,-6.062000000000008,-91.51600000000008,33.293333333333244,-21.94793333333338,-7.197733333333378,7.770799999999941,-7.178933333333145,8.814133333333308,-17.513999999999914,94.41773333333336,-74.74640000000002,120.63073333333337,1.4,1.27,0.07,1.27,0.4,0.9,0.87,0.1,0.87,0.01,1.0,0.96,0.09,0.96,0.13,1.0,0.97,0.02,0.97,0.29,1.0,0.69,0.11,0.69,0.73,0.8,0.39,0.0,0.39,0.64,1.4,0.88,0.03,0.88,0.86,0.6,0.16,0.2,0.16,0.56,0.8,-0.1,0.1,-0.1,0.81,0.5,0.07,0.02,0.07,0.5,0.4,0.26,0.06,0.26,0.29,0.4,-0.16,0.15,-0.16,0.36
10.498000000000005,1.2573333333333208,158.3660000000001,-6.167333333333344,-92.55066666666677,32.17999999999991,-22.537800000000054,-7.775066666666722,7.011799999999928,-4.766266666666438,8.486933333333303,-16.41246666666656,94.77260000000004,-74.91640000000001,121.01160000000003,1.4,1.27,0.07,1.27,0.4,0.9,0.87,0.1,0.87,0.01,1.0,0.96,0.09,0.96,0.13,1.0,0.97,0.02,0.97,0.29,1.0,0.69,0.11,0.69,0.73,0.8,0.39,0.0,0.39,0.64,1.4,0.88,0.03,0.88,0.86,0.6,0.16,0.2,0.16,0.56,0.8,-0.1,0.1,-0.1,0.81,0.5,0.07,0.02,0.07,0.5,0.4,0.26,0.06,0.26,0.29,0.4,-0.16,0.15,-0.16,0.36
10.548000000000004,1.1213333333333242,159.69433333333342,-6.274000000000006,-93.61466666666674,31.036666666666587,-23.13960000000004,-8.364966666666707,6.236599999999949,-2.30413333333317,8.153033333333312,-15.288766666666593,95.13470000000002,-75.08980000000001,121.39920000000002,1.4,1.27,0.07,1.27,0.4,0.9,0.87,0.1,0.87,0.01,1.0,0.96,0.09,0.96,0.13,1.0,0.97,0.02,0.97,0.29,1.0,0.69,0.11,0.69,0.73,0.8,0.39,0.0,0.39,0.64,1.4,0.88,0.03,0.88,0.86,0.6,0.16,0.2,0.16,0.56,0.8,-0.1,0.1,-0.1,0.81,0.5,0.07,0.02,0.07,0.5,0.4,0.26,0.06,0.26,0.29,0.4,-0.16,0.15,-0.16,0.36
10.598000000000004,0.9789999999999893,161.0020000000001,-6.374000000000007,-94.64800000000007,29.86999999999992,-23.729600000000044,-8.942400000000042,5.475699999999946,0.1101000000001715,7.825599999999977,-14.187099999999923,95.48880000000003,-75.25980000000001,121.78010000000002,1.4,1.27,0.07,1.27,0.4,0.9,0.87,0.1,0.87,0.01,1.0,0.96,0.09,0.96,0.13,1.0,0.97,0.02,0.97,0.29,1.0,0.69,0.11,0.69,0.73,0.8,0.39,0.0,0.39,0.64,1.4,0.88,0.03,0.88,0.86,0.6,0.16,0.2,0.16,0.56,0.8,-0.1,0.1,-0.1,0.81,0.5,0.07,0.02,0.07,0.5,0.4,0.26,0.06,0.26,0.29,0.4,-0.16,0.15,-0.16,0.36
10.648000000000005,0.8272413793103298,162.32310344827602,-6.481034482758632,-95.70344827586217,28.789655172413674,-24.326517241379367,-9.528000000000059,4.706689655172338,2.5550000000002417,7.493517241379277,-13.0715172413792,95.84786206896555,-75.43279310344829,122.16524137931039,1.4,1.23,0.08,1.23,0.42,0.9,0.82,0.05,0.82,0.01,1.1,1.01,0.03,1.01,0.14,1.0,0.91,0.0,0.91,0.4,1.0,0.74,0.06,0.74,0.62,0.7,0.36,0.03,0.36,0.61,1.4,0.94,0.02,0.94,0.78,0.6,0.17,0.21,0.17,0.51,0.8,-0.12,0.09,-0.12,0.81,0.5,0.09,0.0,0.09,0.51,0.4,0.17,0.01,0.17,0.4,0.4,-0.24,0.1,-0.24,0.34
10.698000000000004,0.6733333333333195,163.63800000000012,-6.586000000000008,-96.74800000000009,27.63999999999992,-24.92240000000005,-10.111533333333382,3.9391333333332703,4.991666666666867,7.162733333333306,-11.959466666666575,96.2060666666667,-75.60420000000002,122.54980000000003,1.4,1.23,0.08,1.23,0.42,0.9,0.82,0.05,0.82,0.01,1.1,1.01,0.03,1.01,0.14,1.0,0.91,0.0,0.91,0.4,1.0,0.74,0.06,0.74,0.62,0.7,0.36,0.03,0.36,0.61,1.4,0.94,0.02,0.94,0.78,0.6,0.17,0.21,0.17,0.51,0.8,-0.12,0.09,-0.12,0.81,0.5,0.09,0.0,0.09,0.51,0.4,0.17,0.01,0.17,0.4,0.4,-0.24,0.1,-0.24,0.34
10.748000000000005,0.5159999999999861,164.94733333333346,-6.68600000000001,-97.78866666666676,26.54666666666656,-25.51333333333339,-10.689866666666719,3.177466666666596,7.40926666666689,6.835133333333303,-10.856133333333231,96.56180000000003,-75.77513333333334,122.93073333333336,1.4,1.23,0.08,1.23,0.42,0.9,0.82,0.05,0.82,0.01,1.1,1.01,0.03,1.01,0.14,1.0,0.91,0.0,0.91,0.4,1.0,0.74,0.06,0.74,0.62,0.7,0.36,0.03,0.36,0.61,1.4,0.94,0.02,0.94,0.78,0.6,0.17,0.21,0.17,0.51,0.8,-0.12,0.09,-0.12,0.81,0.5,0.09,0.0,0.09,0.51,0.4,0.17,0.01,0.17,0.4,0.4,-0.24,0.1,-0.24,0.34
10.798000000000004,0.3585714285714173,166.29428571428585,-6.785714285714291,-98.84214285714295,25.02857142857126,-26.111214285714333,-11.473071428571519,2.4071428571427953,9.345000000000084,6.502857142857116,-9.634714285714173,96.64885714285711,-75.85892857142856,123.05478571428569,1.4,1.23,0.08,1.23,0.42,0.9,0.82,0.05,0.82,0.01,1.1,1.01,0.03,1.01,0.14,1.0,0.91,0.0,0.91,0.4,1.0,0.74,0.06,0.74,0.62,0.7,0.36,0.03,0.36,0.61,1.4,0.94,0.02,0.94,0.78,0.6,0.17,0.21,0.17,0.51,0.8,-0.12,0.09,-0.12,0.81,0.5,0.09,0.0,0.09,0.51,0.4,0.17,0.01,0.17,0.4,0.4,-0.24,0.1,-0.24,0.34
10.848000000000004,0.26777777777776973,167.7500000000001,-6.853333333333338,-99.90222222222232,21.61111111111079,-26.703888888888944,-13.137777777777938,1.6437777777777105,8.956222222222154,6.173999999999971,-7.956111111110956,95.51033333333322,-75.54266666666663,121.99899999999988,1.4,1.23,0.08,1.23,0.42,0.9,0.82,0.05,0.82,0.01,1.1,1.01,0.03,1.01,0.14,1.0,0.91,0.0,0.91,0.4,1.0,0.74,0.06,0.74,0.62,0.7,0.36,0.03,0.36,0.61,1.4,0.94,0.02,0.94,0.78,0.6,0.17,0.21,0.17,0.51,0.8,-0.12,0.09,-0.12,0.81,0.5,0.09,0.0,0.09,0.51,0.4,0.17,0.01,0.17,0.4,0.4,-0.24,0.1,-0.24,0.34
10.898000000000005,0.1744444444444329,169.23000000000016,-6.917777777777784,-100.96037037037048,17.981481481481097,-27.29551851851858,-14.941962962963155,0.8821111111110302,8.198629629629549,5.846074074074039,-6.204814814814629,94.1774444444443,-75.16281481481477,120.76070370370357,1.4,1.2,0.09,1.2,0.46,0.8,0.75,0.03,0.75,0.05,1.2,1.15,0.09,1.15,0.04,1.0,0.89,0.0,0.89,0.43,1.0,0.68,0.02,0.68,0.65,0.7,0.36,0.05,0.36,0.6,1.4,1.0,0.07,1.0,0.82,0.6,0.15,0.19,0.15,0.52,0.8,-0.17,0.09,-0.17,0.79,0.5,0.12,0.03,0.12,0.47,0.6,0.12,0.13,0.12,0.57,0.4,-0.25,0.08,-0.25,0.35
10.948000000000004,0.06999999999997891,170.6912500000001,-6.973750000000008,-102.0225000000001,14.29999999999979,-28.024875000000343,-16.745375000000152,0.24850000000020567,7.440624999999936,5.433499999999794,-4.454749999999852,92.893875,-74.8927500000002,119.6251250000001,1.4,1.2,0.09,1.2,0.46,0.8,0.75,0.03,0.75,0.05,1.2,1.15,0.09,1.15,0.04,1.0,0.89,0.0,0.89,0.43,1.0,0.68,0.02,0.68,0.65,0.7,0.36,0.05,0.36,0.6,1.4,1.0,0.07,1.0,0.82,0.6,0.15,0.19,0.15,0.52,0.8,-0.17,0.09,-0.17,0.79,0.5,0.12,0.03,0.12,0.47,0.6,0.12,0.13,0.12,0.57,0.4,-0.25,0.08,-0.25,0.35
