Time,Height above ground [m],X [m],Y [m],Z [m],Opening Angle [°],Stalling Angle Left [°],Stalling Angle Right [°],Roll Angle Left [°],Roll Angle Right [°],Yaw Angle Left [°],Yaw Angle Right [°],Speed hor. [km/h],Speed vert. [km/h],Speed resulting [km/h],W1_Speed,W1_Tangent,W1_Turbulence,W1_CleanTan,W1_Cross,W2_Speed,W2_Tangent,W2_Turbulence,W2_CleanTan,W2_Cross,W3_Speed,W3_Tangent,W3_Turbulence,W3_CleanTan,W3_Cross,W4_Speed,W4_Tangent,W4_Turbulence,W4_CleanTan,W4_Cross,W5_Speed,W5_Tangent,W5_Turbulence,W5_CleanTan,W5_Cross,W6_Speed,W6_Tangent,W6_Turbulence,W6_CleanTan,W6_Cross,W7_Speed,W7_Tangent,W7_Turbulence,W7_CleanTan,W7_Cross,W8_Speed,W8_Tangent,W8_Turbulence,W8_CleanTan,W8_Cross,W9_Speed,W9_Tangent,W9_Turbulence,W9_CleanTan,W9_Cross,W10_Speed,W10_Tangent,W10_Turbulence,W10_CleanTan,W10_Cross,W11_Speed,W11_Tangent,W11_Turbulence,W11_CleanTan,W11_Cross,W12_Speed,W12_Tangent,W12_Turbulence,W12_CleanTan,W12_Cross
0.0,,-81.82,0.0,43.42,,,,,,,,0.0,0.0,0.0,0.7,0.32,0.21,0.32,0.54,0.2,-0.12,0.14,-0.12,0.19,1.3,0.16,0.12,0.16,1.11,1.3,0.59,0.04,0.59,1.11,0.9,0.3,0.02,0.3,0.69,1.2,0.07,0.16,0.07,1.15,1.8,-0.84,0.3,-0.84,1.59,2.1,-1.86,0.35,-1.86,1.0,1.1,-0.74,0.27,-0.74,0.73,0.7,-0.62,0.31,-0.62,0.23,0.4,-0.36,0.39,-0.36,0.24,2.6,-2.45,0.76,-2.45,0.57
0.05,,-80.82510576221735,0.0,42.892161439338686,,,,,,,,1.1829078531485533,-0.24066374908825675,1.2071359105275956,0.7012156576707999,0.32206661804035985,0.21072939460247994,0.32206661804035985,0.5386627765621201,0.2,-0.11756868465840019,0.13854121079504014,-0.11756868465840019,0.18951373693168005,1.2987843423292,0.15951373693168006,0.11975686846584002,0.15951373693168006,1.1096353026987602,1.2951373693168005,0.5828276197422806,0.04218818380743983,0.5828276197422806,1.1023413566739606,0.9036469730123997,0.29647459275468024,0.02012156576707999,0.29647459275468024,0.6960782883539994,1.1963530269876002,0.07303914417699976,0.16085096036955993,0.07303914417699976,1.1457451981522002,1.7914903963044007,-0.8407293946024799,0.30085096036955994,-0.8407293946024799,1.5778434232920011,2.1,-1.8562314612205204,0.3485412107950401,-1.8562314612205204,1.0052273279844395,1.1024313153415999,-0.7373255531242402,0.2681765134938002,-0.7373255531242402,0.7330391441769998,0.7,-0.6192706053975201,0.30696085582300026,-0.6192706053975201,0.23158035497203988,0.4,-0.35416484318016045,0.3862314612205203,-0.35416484318016045,0.2412156576707999,2.5987843423292003,-2.4470824215900806,0.7524629224410406,-2.4470824215900806,0.5779017748601993
0.1,,-79.83021152443472,0.0,42.36432287867736,,,,,,,,2.3658157062971066,-0.4813274981765135,2.4142718210551912,0.7024313153415997,0.3241332360807197,0.21145878920495986,0.3241332360807197,0.5373255531242402,0.2,-0.11513736931680038,0.13708242159008024,-0.11513736931680038,0.18902747386336008,1.2975686846584003,0.15902747386336008,0.11951373693168003,0.15902747386336008,1.10927060539752,1.2902747386336009,0.5756552394845611,0.04437636761487965,0.5756552394845611,1.0946827133479213,0.9072939460247994,0.29294918550936055,0.02024313153415998,0.29294918550936055,0.702156576707999,1.1927060539752006,0.07607828835399952,0.16170192073911988,0.07607828835399952,1.1414903963044005,1.7829807926088015,-0.8414587892049599,0.30170192073911983,-0.8414587892049599,1.565686846584002,2.1,-1.8524629224410407,0.34708242159008024,-1.8524629224410407,1.0104546559688792,1.1048626306831997,-0.7346511062484804,0.2663530269876003,-0.7346511062484804,0.7360782883539995,0.7,-0.6185412107950401,0.30392171164600046,-0.6185412107950401,0.23316070994407975,0.4,-0.3483296863603209,0.38246292244104063,-0.3483296863603209,0.24243131534159978,2.5975686846584,-2.4441648431801606,0.7449258448820812,-2.4441648431801606,0.5858035497203987
0.15000000000000002,,-78.83531728665207,0.0,41.83648431801605,,,,,,,,3.5487235594456603,-0.7219912472647704,3.621407731582787,0.7036469730123996,0.3261998541210795,0.2121881838074398,0.3261998541210795,0.5359883296863603,0.2,-0.11270605397520057,0.13562363238512037,-0.11270605397520057,0.18854121079504013,1.2963530269876002,0.15854121079504013,0.11927060539752006,0.15854121079504013,1.1089059080962802,1.2854121079504013,0.5684828592268417,0.046564551422319474,0.5684828592268417,1.0870240700218818,0.9109409190371991,0.2894237782640408,0.02036469730123997,0.2894237782640408,0.7082348650619985,1.1890590809628008,0.07911743253099927,0.1625528811086798,0.07911743253099927,1.1372355944566008,1.774471188913202,-0.8421881838074398,0.3025528811086798,-0.8421881838074398,1.553530269876003,2.1,-1.848694383661561,0.34562363238512034,-1.848694383661561,1.0156819839533187,1.1072939460247995,-0.7319766593727206,0.2645295404814004,-0.7319766593727206,0.7391174325309993,0.7,-0.6178118161925602,0.3008825674690007,-0.6178118161925602,0.23474106491611962,0.4,-0.3424945295404814,0.37869438366156094,-0.3424945295404814,0.2436469730123997,2.5963530269876003,-2.441247264770241,0.7373887673231219,-2.441247264770241,0.5937053245805981
0.2,,-77.84042304886944,0.0,41.30864575735473,,,,,,,,4.731631412594213,-0.962654996353027,4.8285436421103825,0.7048626306831995,0.32826647216143934,0.21291757840991976,0.32826647216143934,0.5346511062484804,0.2,-0.11027473863360077,0.13416484318016048,-0.11027473863360077,0.18805494772672016,1.2951373693168005,0.15805494772672016,0.11902747386336007,0.15805494772672016,1.1085412107950403,1.2805494772672017,0.5613104789691222,0.0487527352297593,0.5613104789691222,1.0793654266958426,0.9145878920495989,0.2858983710187211,0.020486263068319962,0.2858983710187211,0.714313153415998,1.1854121079504012,0.08215657670799903,0.16340384147823972,0.08215657670799903,1.1329807926088014,1.7659615852176027,-0.8429175784099198,0.30340384147823973,-0.8429175784099198,1.541373693168004,2.1,-1.8449258448820813,0.34416484318016044,-1.8449258448820813,1.0209093119377584,1.1097252613663993,-0.7293022124969608,0.2627060539752006,-0.7293022124969608,0.7421565767079991,0.7,-0.6170824215900802,0.297843423292001,-0.6170824215900802,0.2363214198881595,0.4,-0.33665937272064184,0.37492584488208125,-0.33665937272064184,0.2448626306831996,2.5951373693168005,-2.438329686360321,0.7298516897641625,-2.438329686360321,0.6016070994407974
0.25,,-76.8455288110868,0.0,40.78080719669342,,,,,,,,5.914539265742766,-1.2033187454412837,6.035679552637977,0.7060782883539994,0.3303330902017992,0.2136469730123997,0.3303330902017992,0.5333138828106005,0.2,-0.10784342329200097,0.1327060539752006,-0.10784342329200097,0.1875686846584002,1.2939217116460004,0.1575686846584002,0.1187843423292001,0.1575686846584002,1.1081765134938002,1.2756868465840019,0.5541380987114028,0.05094091903719912,0.5541380987114028,1.071706783369803,0.9182348650619986,0.2823729637734014,0.020607828835399952,0.2823729637734014,0.7203914417699975,1.1817651349380014,0.08519572088499879,0.16425480184779967,0.08519572088499879,1.1287259907610017,1.7574519815220035,-0.8436469730123997,0.3042548018477996,-0.8436469730123997,1.529217116460005,2.1,-1.8411573061026016,0.34270605397520054,-1.8411573061026016,1.0261366399221978,1.112156576707999,-0.726627765621201,0.26088256746900074,-0.726627765621201,0.7451957208849987,0.7,-0.6163530269876003,0.29480427911500123,-0.6163530269876003,0.23790177486019937,0.4,-0.33082421590080235,0.3711573061026015,-0.33082421590080235,0.2460782883539995,2.5939217116460007,-2.4354121079504014,0.722314612205203,-2.4354121079504014,0.6095088743009968
0.30000000000000004,,-75.85063457330415,0.0,40.252968636032094,,,,,,,,7.097447118891321,-1.4439824945295407,7.242815463165574,0.7072939460247993,0.33239970824215903,0.21437636761487963,0.33239970824215903,0.5319766593727207,0.2,-0.10541210795040117,0.1312472647702407,-0.10541210795040117,0.18708242159008023,1.2927060539752007,0.15708242159008023,0.11854121079504011,0.15708242159008023,1.1078118161925603,1.2708242159008023,0.5469657184536834,0.053129102844638953,0.5469657184536834,1.0640481400437638,0.9218818380743983,0.2788475565280817,0.020729394602479943,0.2788475565280817,0.7264697301239971,1.1781181619256018,0.08823486506199854,0.1651057622173596,0.08823486506199854,1.124471188913202,1.7489423778264042,-0.8443763676148797,0.3051057622173596,-0.8443763676148797,1.5170605397520058,2.1,-1.837388767323122,0.3412472647702407,-1.837388767323122,1.0313639679066375,1.1145878920495988,-0.7239533187454412,0.2590590809628009,-0.7239533187454412,0.7482348650619985,0.7,-0.6156236323851203,0.29176513493800144,-0.6156236323851203,0.23948212983223924,0.4,-0.32498905908096276,0.3673887673231218,-0.32498905908096276,0.2472939460247994,2.5927060539752005,-2.4324945295404814,0.7147775346462436,-2.4324945295404814,0.6174106491611961
0.35000000000000003,,-74.85574033552152,0.0,39.72513007537078,,,,,,,,8.280354972039873,-1.6846462436177974,8.44995137369317,0.7085096036955992,0.3344663262825188,0.21510576221735958,0.3344663262825188,0.5306394359348408,0.2,-0.10298079260880136,0.12978847556528084,-0.10298079260880136,0.18659615852176029,1.2914903963044007,0.1565961585217603,0.11829807926088014,0.1565961585217603,1.1074471188913202,1.2659615852176027,0.539793338195964,0.05531728665207877,0.539793338195964,1.0563894967177243,0.925528811086798,0.27532214928276194,0.020850960369559933,0.27532214928276194,0.7325480184779966,1.174471188913202,0.09127400923899831,0.16595672258691951,0.09127400923899831,1.1202163870654023,1.7404327741308048,-0.8451057622173596,0.3059567225869195,-0.8451057622173596,1.5049039630440069,2.1,-1.8336202285436423,0.3397884755652808,-1.8336202285436423,1.036591295891077,1.1170192073911986,-0.7212788718696815,0.25723559445660105,-0.7212788718696815,0.7512740092389982,0.7,-0.6148942377826404,0.2887259907610017,-0.6148942377826404,0.2410624848042791,0.4,-0.3191539022611233,0.3636202285436421,-0.3191539022611233,0.24850960369559932,2.5914903963044007,-2.429576951130562,0.7072404570872842,-2.429576951130562,0.6253124240213955
0.4,,-73.86084609773887,0.0,39.19729151470946,,,,,,,,9.463262825188426,-1.925309992706054,9.657087284220765,0.7097252613663991,0.33653294432287867,0.21583515681983953,0.33653294432287867,0.5293022124969609,0.2,-0.10054947726720155,0.12832968636032094,-0.10054947726720155,0.1861098954534403,1.2902747386336009,0.1561098954534403,0.11805494772672015,0.1561098954534403,1.1070824215900803,1.2610989545344031,0.5326209579382446,0.05750547045951859,0.5326209579382446,1.048730853391685,0.9291757840991977,0.27179674203744225,0.020972526136639923,0.27179674203744225,0.738626306831996,1.1708242159008022,0.09431315341599805,0.16680768295647946,0.09431315341599805,1.1159615852176026,1.7319231704352056,-0.8458351568198395,0.3068076829564794,-0.8458351568198395,1.492747386336008,2.1,-1.8298516897641626,0.3383296863603209,-1.8298516897641626,1.0418186238755167,1.1194505227327984,-0.7186044249939217,0.2554121079504012,-0.7186044249939217,0.754313153415998,0.7,-0.6141648431801605,0.28568684658400195,-0.6141648431801605,0.242642839776319,0.4,-0.31331874544128374,0.35985168976416243,-0.31331874544128374,0.24972526136639922,2.590274738633601,-2.426659372720642,0.6997033795283248,-2.426659372720642,0.6332141988815949
0.45,,-72.86595185995623,0.0,38.66945295404814,,,,,,,,10.64617067833698,-2.1659737417943106,10.864223194748359,0.7109409190371991,0.3385995623632385,0.21656455142231948,0.3385995623632385,0.527964989059081,0.2,-0.09811816192560174,0.12687089715536107,-0.09811816192560174,0.18562363238512036,1.2890590809628009,0.15562363238512036,0.11781181619256018,0.15562363238512036,1.1067177242888404,1.2562363238512035,0.5254485776805251,0.059693654266958426,0.5254485776805251,1.0410722100656455,0.9328227571115973,0.2682713347921225,0.021094091903719914,0.2682713347921225,0.7447045951859955,1.1671772428884026,0.09735229759299782,0.16765864332603939,0.09735229759299782,1.111706783369803,1.7234135667396062,-0.8465645514223195,0.30765864332603937,-0.8465645514223195,1.480590809628009,2.1,-1.8260831509846829,0.33687089715536106,-1.8260831509846829,1.0470459518599562,1.1218818380743982,-0.715929978118162,0.25358862144420136,-0.715929978118162,0.7573522975929978,0.7,-0.6134354485776805,0.2826477024070022,-0.6134354485776805,0.24422319474835888,0.4,-0.3074835886214442,0.35608315098468274,-0.3074835886214442,0.2509409190371991,2.589059080962801,-2.4237417943107222,0.6921663019693655,-2.4237417943107222,0.6411159737417943
0.5,,-71.8710576221736,0.0,38.141614393386824,,,,,,,,11.829078531485532,-2.4066374908825674,12.071359105275954,0.712156576707999,0.34066618040359836,0.2172939460247994,0.34066618040359836,0.5266277656212011,0.2,-0.09568684658400195,0.12541210795040117,-0.09568684658400195,0.1851373693168004,1.287843423292001,0.1551373693168004,0.11756868465840019,0.1551373693168004,1.1063530269876003,1.251373693168004,0.5182761974228057,0.061881838074398246,0.5182761974228057,1.0334135667396063,0.936469730123997,0.2647459275468028,0.021215657670799904,0.2647459275468028,0.7507828835399951,1.1635302698760028,0.10039144176999756,0.1685096036955993,0.10039144176999756,1.1074519815220034,1.7149039630440068,-0.8472939460247993,0.3085096036955993,-0.8472939460247993,1.4684342329200097,2.1,-1.8223146122052032,0.33541210795040116,-1.8223146122052032,1.052273279844396,1.124313153415998,-0.7132555312424022,0.25176513493800146,-0.7132555312424022,0.7603914417699975,0.7,-0.6127060539752006,0.2796085582300024,-0.6127060539752006,0.24580354972039875,0.4,-0.30164843180160467,0.35231461220520305,-0.30164843180160467,0.252156576707999,2.587843423292001,-2.4208242159008027,0.6846292244104061,-2.4208242159008027,0.6490177486019937
0.55,,-70.87616338439095,0.0,37.61377583272551,,,,,,,,13.011986384634087,-2.6473012399708242,13.278495015803552,0.7133722343787989,0.3427327984439582,0.21802334062727935,0.3427327984439582,0.5252905421833212,0.2,-0.09325553124240213,0.1239533187454413,-0.09325553124240213,0.18465110624848044,1.286627765621201,0.15465110624848044,0.11732555312424021,0.15465110624848044,1.1059883296863604,1.2465110624848044,0.5111038171650862,0.06407002188183808,0.5111038171650862,1.0257549234135668,0.9401167031363968,0.26122052030148313,0.021337223437879894,0.26122052030148313,0.7568611718939946,1.1598832968636033,0.10343058594699733,0.16936056406515926,0.10343058594699733,1.1031971796742037,1.7063943593484074,-0.8480233406272794,0.3093605640651592,-0.8480233406272794,1.4562776562120108,2.1,-1.8185460734257235,0.33395331874544126,-1.8185460734257235,1.0575006078288354,1.126744468757598,-0.7105810843666424,0.2499416484318016,-0.7105810843666424,0.7634305859469973,0.7,-0.6119766593727206,0.27656941405300267,-0.6119766593727206,0.24738390469243862,0.4,-0.29581327498176513,0.34854607342572336,-0.29581327498176513,0.2533722343787989,2.586627765621201,-2.4179066374908826,0.6770921468514467,-2.4179066374908826,0.656919523462193
0.6000000000000001,,-69.8812691466083,0.0,37.085937272064186,,,,,,,,14.194894237782641,-2.8879649890590815,14.485630926331147,0.7145878920495988,0.344799416484318,0.2187527352297593,0.344799416484318,0.5239533187454413,0.2,-0.09082421590080234,0.12249452954048141,-0.09082421590080234,0.18416484318016046,1.2854121079504013,0.15416484318016047,0.11708242159008023,0.15416484318016047,1.1056236323851205,1.2416484318016048,0.5039314369073669,0.0662582056892779,0.5039314369073669,1.0180962800875275,0.9437636761487965,0.2576951130561634,0.021458789204959885,0.2576951130561634,0.7629394602479941,1.1562363238512035,0.10646973012399709,0.17021152443471918,0.10646973012399709,1.098942377826404,1.6978847556528083,-0.8487527352297592,0.31021152443471917,-0.8487527352297592,1.4441210795040118,2.1,-1.8147775346462438,0.33249452954048136,-1.8147775346462438,1.062727935813275,1.1291757840991978,-0.7079066374908826,0.24811816192560177,-0.7079066374908826,0.7664697301239971,0.7,-0.6112472647702407,0.27353026987600293,-0.6112472647702407,0.2489642596644785,0.4,-0.2899781181619256,0.3447775346462436,-0.2899781181619256,0.2545878920495988,2.5854121079504013,-2.414989059080963,0.6695550692924872,-2.414989059080963,0.6648212983223923
0.65,,-68.88637490882567,0.0,36.55809871140287,,,,,,,,15.377802090931192,-3.128628738147338,15.692766836858741,0.7158035497203987,0.34686603452467785,0.21948212983223925,0.34686603452467785,0.5226160953075614,0.2,-0.08839290055920253,0.12103574033552153,-0.08839290055920253,0.18367858011184052,1.2841964502796013,0.15367858011184052,0.11683929005592025,0.15367858011184052,1.1052589350838804,1.2367858011184052,0.4967590566496474,0.06844638949671772,0.4967590566496474,1.010437636761488,0.9474106491611962,0.25416970581084364,0.021580354972039875,0.25416970581084364,0.7690177486019936,1.1525893508388039,0.10950887430099684,0.17106248480427913,0.10950887430099684,1.0946875759786043,1.6893751519572089,-0.8494821298322393,0.3110624848042791,-0.8494821298322393,1.4319645027960128,2.1,-1.8110089958667641,0.3310357403355215,-1.8110089958667641,1.0679552637977145,1.1316070994407976,-0.7052321906151228,0.24629467541940192,-0.7052321906151228,0.7695088743009968,0.7,-0.6105178701677607,0.2704911256990032,-0.6105178701677607,0.25054461463651834,0.4,-0.28414296134208605,0.3410089958667639,-0.28414296134208605,0.25580354972039876,2.5841964502796015,-2.412071480671043,0.6620179917335278,-2.412071480671043,0.6727230731825917
0.7000000000000001,,-67.89148067104303,0.0,36.030260150741555,,,,,,,,16.560709944079747,-3.3692924872355947,16.89990274738634,0.7170192073911986,0.3489326525650377,0.22021152443471917,0.3489326525650377,0.5212788718696815,0.2,-0.08596158521760272,0.11957695113056165,-0.08596158521760272,0.18319231704352054,1.2829807926088015,0.15319231704352054,0.11659615852176027,0.15319231704352054,1.1048942377826405,1.2319231704352056,0.489586676391928,0.07063457330415754,0.489586676391928,1.0027789934354487,0.9510576221735959,0.25064429856552395,0.021701920739119862,0.25064429856552395,0.7750960369559932,1.148942377826404,0.1125480184779966,0.17191344517383905,0.1125480184779966,1.0904327741308046,1.6808655482616095,-0.8502115244347191,0.311913445173839,-0.8502115244347191,1.4198079260880136,2.1,-1.8072404570872842,0.3295769511305616,-1.8072404570872842,1.073182591782154,1.1340384147823974,-0.702557743739363,0.24447118891320205,-0.702557743739363,0.7725480184779966,0.7,-0.6097884755652808,0.2674519815220034,-0.6097884755652808,0.25212496960855824,0.4,-0.2783078045222465,0.33724045708728423,-0.2783078045222465,0.25701920739119866,2.5829807926088013,-2.4091539022611235,0.6544809141745684,-2.4091539022611235,0.6806248480427911
0.75,,-66.8965864332604,0.0,35.50242159008023,,,,,,,,17.743617797228296,-3.609956236323851,18.107038657913932,0.7182348650619985,0.35099927060539754,0.22094091903719912,0.35099927060539754,0.5199416484318017,0.2,-0.08353026987600291,0.11811816192560176,-0.08353026987600291,0.1827060539752006,1.2817651349380015,0.1527060539752006,0.11635302698760029,0.1527060539752006,1.1045295404814006,1.2270605397520058,0.4824142961342086,0.07282275711159736,0.4824142961342086,0.9951203501094092,0.9547045951859956,0.24711889132020423,0.021823486506199852,0.24711889132020423,0.7811743253099926,1.1452954048140043,0.11558716265499636,0.17276440554339897,0.11558716265499636,1.086177972283005,1.6723559445660103,-0.8509409190371992,0.31276440554339896,-0.8509409190371992,1.4076513493800147,2.1,-1.8034719183078045,0.3281181619256017,-1.8034719183078045,1.0784099197665937,1.1364697301239972,-0.6998832968636032,0.2426477024070022,-0.6998832968636032,0.7755871626549964,0.7,-0.6090590809628009,0.26441283734500365,-0.6090590809628009,0.25370532458059813,0.4,-0.272472647702407,0.33347191830780454,-0.272472647702407,0.25823486506199855,2.5817651349380015,-2.4062363238512035,0.6469438366156091,-2.4062363238512035,0.6885266229029905
0.8,,-65.90169219547775,0.0,34.974583029418916,,,,,,,,18.926525650376853,-3.850619985412108,19.31417456844153,0.7194505227327984,0.35306588864575733,0.22167031363967907,0.35306588864575733,0.5186044249939218,0.2,-0.0810989545344031,0.11665937272064188,-0.0810989545344031,0.18221979090688062,1.2805494772672015,0.15221979090688062,0.1161098954534403,0.15221979090688062,1.1041648431801605,1.2221979090688062,0.4752419158764892,0.07501094091903719,0.4752419158764892,0.9874617067833699,0.9583515681983953,0.24359348407488451,0.021945052273279843,0.24359348407488451,0.7872526136639921,1.1416484318016047,0.11862630683199611,0.17361536591295892,0.11862630683199611,1.0819231704352055,1.663846340870411,-0.851670313639679,0.3136153659129589,-0.851670313639679,1.3954947726720157,2.1,-1.7997033795283248,0.3266593727206418,-1.7997033795283248,1.0836372477510332,1.138901045465597,-0.6972088499878434,0.24082421590080236,-0.6972088499878434,0.7786263068319961,0.7,-0.6083296863603209,0.2613736931680039,-0.6083296863603209,0.255285679552638,0.4,-0.2666374908825675,0.32970337952832485,-0.2666374908825675,0.25945052273279845,2.5805494772672017,-2.403318745441284,0.6394067590566497,-2.403318745441284,0.6964283977631899
0.8500000000000001,,-64.9067979576951,0.0,34.4467444687576,,,,,,,,20.109433503525405,-4.091283734500365,20.521310478969124,0.7206661804035983,0.3551325066861172,0.22239970824215902,0.3551325066861172,0.5172672015560419,0.2,-0.0786676391928033,0.11520058351568199,-0.0786676391928033,0.18173352783856067,1.2793338195964017,0.15173352783856067,0.11586676391928033,0.15173352783856067,1.1038001458789206,1.2173352783856066,0.46806953561876974,0.07719912472647703,0.46806953561876974,0.9798030634573305,0.9619985412107951,0.2400680768295648,0.022066618040359833,0.2400680768295648,0.7933309020179917,1.138001458789205,0.12166545100899587,0.17446632628251885,0.12166545100899587,1.0776683685874058,1.6553367371748116,-0.8523997082421589,0.3144663262825188,-0.8523997082421589,1.3833381959640167,2.1,-1.7959348407488451,0.325200583515682,-1.7959348407488451,1.088864575735473,1.1413323608071968,-0.6945344031120836,0.23900072939460248,-0.6945344031120836,0.7816654510089959,0.7,-0.607600291757841,0.25833454899100416,-0.607600291757841,0.2568660345246779,0.4,-0.2608023340627279,0.32593484074884516,-0.2608023340627279,0.26066618040359835,2.5793338195964015,-2.4004011670313643,0.6318696814976903,-2.4004011670313643,0.7043301726233893
0.9,,-63.91190371991247,0.0,33.91890590809628,,,,,,,,21.29234135667396,-4.331947483588621,21.728446389496717,0.7218818380743982,0.357199124726477,0.22312910284463894,0.357199124726477,0.515929978118162,0.2,-0.07623632385120349,0.11374179431072212,-0.07623632385120349,0.1812472647702407,1.2781181619256017,0.1512472647702407,0.11562363238512034,0.1512472647702407,1.1034354485776807,1.212472647702407,0.4608971553610503,0.07938730853391684,0.4608971553610503,0.9721444201312911,0.9656455142231948,0.23654266958424508,0.022188183807439824,0.23654266958424508,0.7994091903719912,1.1343544857768053,0.12470459518599562,0.17531728665207877,0.12470459518599562,1.073413566739606,1.6468271334792124,-0.8531291028446389,0.31531728665207875,-0.8531291028446389,1.3711816192560176,2.1,-1.7921663019693654,0.3237417943107221,-1.7921663019693654,1.0940919037199124,1.1437636761487966,-0.6918599562363239,0.23717724288840264,-0.6918599562363239,0.7847045951859956,0.7,-0.606870897155361,0.25529540481400437,-0.606870897155361,0.2584463894967177,0.4,-0.2549671772428884,0.32216630196936547,-0.2549671772428884,0.26188183807439824,2.5781181619256017,-2.3974835886214443,0.6243326039387309,-2.3974835886214443,0.7122319474835885
0.9500000000000001,,-62.91700948212983,0.0,33.39106734743496,,,,,,,,22.47524920982251,-4.572611232676878,22.935582300024315,0.7230974957451981,0.35926574276683687,0.2238584974471189,0.35926574276683687,0.5145927546802821,0.2,-0.0738050085096037,0.11228300510576222,-0.0738050085096037,0.18076100170192075,1.276902504254802,0.15076100170192075,0.11538050085096037,0.15076100170192075,1.1030707512764406,1.2076100170192074,0.45372477510333087,0.08157549234135666,0.45372477510333087,0.9644857768052517,0.9692924872355945,0.23301726233892536,0.022309749574519814,0.23301726233892536,0.8054874787259907,1.1307075127644055,0.12774373936299538,0.17616824702163872,0.12774373936299538,1.0691587648918064,1.638317529783613,-0.8538584974471188,0.3161682470216387,-0.8538584974471188,1.3590250425480186,2.1,-1.7883977631898857,0.3222830051057622,-1.7883977631898857,1.099319231704352,1.1461949914903964,-0.6891855093605641,0.2353537563822028,-0.6891855093605641,0.7877437393629954,0.7,-0.6061415025528811,0.2522562606370046,-0.6061415025528811,0.2600267444687576,0.4,-0.24913202042304888,0.3183977631898858,-0.24913202042304888,0.26309749574519814,2.576902504254802,-2.3945660102115247,0.6167955263797715,-2.3945660102115247,0.7201337223437879
1.0,,-61.92211524434719,0.0,32.86322878677365,,,,,,,,23.658157062971064,-4.813274981765135,24.14271821055191,0.724313153415998,0.36133236080719666,0.22458789204959884,0.36133236080719666,0.5132555312424022,0.2,-0.07137369316800389,0.11082421590080235,-0.07137369316800389,0.18027473863360077,1.2756868465840019,0.15027473863360077,0.11513736931680038,0.15027473863360077,1.1027060539752007,1.2027473863360079,0.4465523948456115,0.08376367614879648,0.4465523948456115,0.9568271334792123,0.9729394602479942,0.22949185509360565,0.022431315341599804,0.22949185509360565,0.8115657670799902,1.127060539752006,0.13078288353999512,0.17701920739119864,0.13078288353999512,1.0649039630440067,1.6298079260880136,-0.8545878920495988,0.3170192073911986,-0.8545878920495988,1.3468684658400196,2.1,-1.784629224410406,0.32082421590080235,-1.784629224410406,1.1045465596887916,1.1486263068319962,-0.6865110624848043,0.23353026987600295,-0.6865110624848043,0.7907828835399952,0.7,-0.6054121079504011,0.24921711646000488,-0.6054121079504011,0.26160709944079746,0.4,-0.24329686360320935,0.3146292244104061,-0.24329686360320935,0.26431315341599804,2.575686846584002,-2.3916484318016047,0.6092584488208121,-2.3916484318016047,0.7280354972039873
1.05,,-60.92722100656455,0.0,32.33539022611233,,,,,,,,24.841064916119617,-5.053938730853392,25.349854121079506,0.7255288110867979,0.3633989788475565,0.22531728665207879,0.3633989788475565,0.5119183078045223,0.2,-0.06894237782640408,0.10936542669584247,-0.06894237782640408,0.17978847556528083,1.274471188913202,0.14978847556528083,0.11489423778264041,0.14978847556528083,1.1023413566739606,1.1978847556528083,0.439380014587892,0.08595185995623632,0.439380014587892,0.949168490153173,0.9765864332603938,0.22596644784828593,0.022552881108679795,0.22596644784828593,0.8176440554339897,1.1234135667396061,0.1338220277169949,0.17787016776075856,0.1338220277169949,1.060649161196207,1.6212983223924144,-0.8553172866520787,0.31787016776075855,-0.8553172866520787,1.3347118891320204,2.1,-1.7808606856309264,0.31936542669584245,-1.7808606856309264,1.1097738876732313,1.151057622173596,-0.6838366156090445,0.23170678336980308,-0.6838366156090445,0.7938220277169948,0.7,-0.6046827133479212,0.24617797228300511,-0.6046827133479212,0.26318745441283736,0.4,-0.2374617067833698,0.31086068563092634,-0.2374617067833698,0.26552881108679793,2.574471188913202,-2.388730853391685,0.6017213712618527,-2.388730853391685,0.7359372720641867
1.1,,-59.932326768781905,0.0,31.807551665451008,,,,,,,,26.023972769268173,-5.2946024799416485,26.556990031607103,0.7267444687575978,0.36546559688791636,0.2260466812545587,0.36546559688791636,0.5105810843666424,0.2,-0.06651106248480428,0.10790663749088258,-0.06651106248480428,0.17930221249696085,1.273255531242402,0.14930221249696085,0.11465110624848043,0.14930221249696085,1.1019766593727207,1.1930221249696087,0.4322076343301726,0.08814004376367615,0.4322076343301726,0.9415098468271336,0.9802334062727935,0.2224410406029662,0.022674446875759785,0.2224410406029662,0.8237223437879893,1.1197665937272063,0.13686117189399466,0.1787211281303185,0.13686117189399466,1.0563943593484075,1.612788718696815,-0.8560466812545587,0.3187211281303185,-0.8560466812545587,1.3225553124240215,2.1,-1.7770921468514467,0.31790663749088255,-1.7770921468514467,1.1150012156576707,1.1534889375151958,-0.6811621687332847,0.22988329686360323,-0.6811621687332847,0.7968611718939946,0.7,-0.6039533187454413,0.24313882810600534,-0.6039533187454413,0.2647678093848772,0.4,-0.23162654996353027,0.30709214685144665,-0.23162654996353027,0.26674446875759783,2.573255531242402,-2.385813274981765,0.5941842937028933,-2.385813274981765,0.7438390469243861
1.1500000000000001,,-58.93743253099927,0.0,31.279713104789693,,,,,,,,27.206880622416726,-5.535266229029905,27.764125942134697,0.7279601264283977,0.3675322149282762,0.22677607585703866,0.3675322149282762,0.5092438609287625,0.2,-0.06407974714320447,0.10644784828592269,-0.06407974714320447,0.1788159494286409,1.2720398735716023,0.1488159494286409,0.11440797471432045,0.1488159494286409,1.1016119620714808,1.1881594942864089,0.42503525407245313,0.09032822757111597,0.42503525407245313,0.9338512035010942,0.9838803792851933,0.21891563335764647,0.022796012642839775,0.21891563335764647,0.8298006321419887,1.1161196207148067,0.1399003160709944,0.17957208849987844,0.1399003160709944,1.0521395575006078,1.6042791150012157,-0.8567760758570386,0.31957208849987845,-0.8567760758570386,1.3103987357160225,2.1,-1.773323608071967,0.31644784828592265,-1.773323608071967,1.1202285436421104,1.1559202528567956,-0.6784877218575249,0.22805981035740336,-0.6784877218575249,0.7999003160709944,0.7,-0.6032239241429613,0.2400996839290056,-0.6032239241429613,0.2663481643569171,0.4,-0.22579139314369073,0.30332360807196695,-0.22579139314369073,0.2679601264283978,2.5720398735716024,-2.3828956965718455,0.5866472161439339,-2.3828956965718455,0.7517408217845855
1.2000000000000002,,-57.94253829321663,0.0,30.751874544128373,,,,,,,,28.389788475565283,-5.775929978118163,28.971261852662295,0.7291757840991977,0.36959883296863605,0.2275054704595186,0.36959883296863605,0.5079066374908826,0.2,-0.06164843180160466,0.10498905908096282,-0.06164843180160466,0.17832968636032093,1.2708242159008023,0.14832968636032093,0.11416484318016047,0.14832968636032093,1.1012472647702407,1.1832968636032093,0.41786287381473375,0.09251641137855579,0.41786287381473375,0.9261925601750547,0.987527352297593,0.21539022611232678,0.022917578409919766,0.21539022611232678,0.8358789204959882,1.112472647702407,0.14293946024799417,0.18042304886943838,0.14293946024799417,1.0478847556528081,1.5957695113056163,-0.8575054704595186,0.32042304886943834,-0.8575054704595186,1.2982421590080233,2.1,-1.7695550692924873,0.3149890590809628,-1.7695550692924873,1.12545587162655,1.1583515681983954,-0.6758132749817651,0.2262363238512035,-0.6758132749817651,0.8029394602479941,0.7,-0.6024945295404814,0.23706053975200583,-0.6024945295404814,0.26792851932895695,0.4,-0.2199562363238512,0.29955506929248726,-0.2199562363238512,0.2691757840991977,2.5708242159008026,-2.3799781181619255,0.5791101385849745,-2.3799781181619255,0.7596425966447848
1.25,,-56.94764405543399,0.0,30.224035983467058,,,,,,,,29.572696328713832,-6.016593727206418,30.178397763189885,0.7303914417699976,0.37166545100899584,0.22823486506199853,0.37166545100899584,0.5065694140530027,0.2,-0.05921711646000487,0.10353026987600293,-0.05921711646000487,0.17784342329200098,1.2696085582300025,0.14784342329200098,0.11392171164600048,0.14784342329200098,1.1008825674690008,1.1784342329200097,0.41069049355701437,0.09470459518599561,0.41069049355701437,0.9185339168490154,0.9911743253099927,0.21186481886700706,0.023039144176999756,0.21186481886700706,0.8419572088499878,1.1088256746900074,0.1459786044249939,0.1812740092389983,0.1459786044249939,1.0436299538050084,1.5872599076100171,-0.8582348650619985,0.3212740092389983,-0.8582348650619985,1.2860855823000246,2.1,-1.7657865305130076,0.3135302698760029,-1.7657865305130076,1.1306831996109894,1.1607828835399951,-0.6731388281060053,0.22441283734500367,-0.6731388281060053,0.8059786044249939,0.7,-0.6017651349380014,0.2340213955750061,-0.6017651349380014,0.26950887430099685,0.4,-0.21412107950401169,0.2957865305130076,-0.21412107950401169,0.2703914417699976,2.5696085582300023,-2.377060539752006,0.5715730610260151,-2.377060539752006,0.7675443715049841
1.3,,-55.95274981765135,0.0,29.69619742280574,,,,,,,,30.755604181862385,-6.257257476294676,31.385533673717482,0.7316070994407975,0.3737320690493557,0.22896425966447848,0.3737320690493557,0.5052321906151228,0.2,-0.05678580111840506,0.10207148067104305,-0.05678580111840506,0.177357160223681,1.2683929005592025,0.147357160223681,0.11367858011184051,0.147357160223681,1.100517870167761,1.1735716022368101,0.4035181132992949,0.09689277899343543,0.4035181132992949,0.910875273522976,0.9948212983223924,0.20833941162168734,0.023160709944079746,0.20833941162168734,0.8480354972039873,1.1051787016776076,0.14901774860199368,0.18212496960855823,0.14901774860199368,1.0393751519572088,1.5787503039144177,-0.8589642596644784,0.32212496960855824,-0.8589642596644784,1.2739290055920254,2.1,-1.762017991733528,0.312071480671043,-1.762017991733528,1.135910527595429,1.163214198881595,-0.6704643812302455,0.22258935083880382,-0.6704643812302455,0.8090177486019936,0.7,-0.6010357403355215,0.23098225139800632,-0.6010357403355215,0.2710892292730367,0.4,-0.20828592268417215,0.2920179917335279,-0.20828592268417215,0.2716070994407975,2.5683929005592026,-2.3741429613420864,0.5640359834670557,-2.3741429613420864,0.7754461463651835
1.35,,-54.957855579868706,0.0,29.168358862144423,,,,,,,,31.938512035010937,-6.497921225382933,32.59266958424508,0.7328227571115974,0.37579868708971553,0.22969365426695842,0.37579868708971553,0.5038949671772429,0.2,-0.05435448577680525,0.10061269146608316,-0.05435448577680525,0.17687089715536106,1.2671772428884027,0.14687089715536106,0.11343544857768052,0.14687089715536106,1.1001531728665208,1.1687089715536105,0.3963457330415755,0.09908096280087526,0.3963457330415755,0.9032166301969367,0.9984682713347921,0.20481400437636763,0.023282275711159737,0.20481400437636763,0.8541137855579868,1.1015317286652078,0.15205689277899342,0.18297592997811818,0.15205689277899342,1.035120350109409,1.5702407002188186,-0.8596936542669584,0.32297592997811814,-0.8596936542669584,1.2617724288840264,2.1,-1.7582494529540482,0.31061269146608317,-1.7582494529540482,1.1411378555798688,1.1656455142231947,-0.6677899343544857,0.22076586433260395,-0.6677899343544857,0.8120568927789934,0.7,-0.6003063457330415,0.22794310722100658,-0.6003063457330415,0.2726695842450766,0.4,-0.2024507658643326,0.28824945295404814,-0.2024507658643326,0.27282275711159737,2.5671772428884028,-2.3712253829321663,0.5564989059080963,-2.3712253829321663,0.7833479212253829
1.4000000000000001,,-53.96296134208606,0.0,28.640520301483104,,,,,,,,33.121419888159494,-6.738584974471189,33.79980549477268,0.7340384147823973,0.3778653051300754,0.23042304886943837,0.3778653051300754,0.502557743739363,0.2,-0.051923170435205446,0.09915390226112328,-0.051923170435205446,0.17638463408704108,1.2659615852176027,0.14638463408704108,0.11319231704352055,0.14638463408704108,1.099788475565281,1.163846340870411,0.389173352783856,0.1012691466083151,0.389173352783856,0.8955579868708972,1.002115244347192,0.2012885971310479,0.023403841478239727,0.2012885971310479,0.8601920739119864,1.0978847556528082,0.1550960369559932,0.1838268903476781,0.1550960369559932,1.0308655482616096,1.5617310965232192,-0.8604230488694383,0.3238268903476781,-0.8604230488694383,1.2496158521760274,2.1,-1.7544809141745685,0.30915390226112327,-1.7544809141745685,1.1463651835643083,1.1680768295647945,-0.665115487478726,0.2189423778264041,-0.665115487478726,0.8150960369559932,0.7,-0.5995769511305616,0.2249039630440068,-0.5995769511305616,0.2742499392171165,0.4,-0.19661560904449307,0.28448091417456844,-0.19661560904449307,0.27403841478239727,2.565961585217603,-2.3683078045222468,0.5489618283491369,-2.3683078045222468,0.7912496960855823
1.4500000000000002,,-52.96806710430343,0.0,28.112681740821785,,,,,,,,34.30432774130805,-6.979248723559446,35.006941405300275,0.7352540724531972,0.3799319231704352,0.23115244347191832,0.3799319231704352,0.5012205203014831,0.2,-0.04949185509360564,0.0976951130561634,-0.04949185509360564,0.17589837101872113,1.264745927546803,0.14589837101872113,0.11294918550936056,0.14589837101872113,1.099423778264041,1.1589837101872114,0.38200097252613663,0.10345733041575492,0.38200097252613663,0.8878993435448578,1.0057622173595915,0.19776318988572816,0.023525407245319718,0.19776318988572816,0.8662703622659859,1.0942377826404084,0.15813518113299296,0.18467785071723802,0.15813518113299296,1.02661074641381,1.5532214928276198,-0.8611524434719183,0.32467785071723804,-0.8611524434719183,1.2374592754680283,2.1,-1.7507123753950888,0.30769511305616337,-1.7507123753950888,1.1515925115487478,1.1705081449063943,-0.6624410406029662,0.21711889132020423,-0.6624410406029662,0.8181351811329929,0.7,-0.5988475565280817,0.22186481886700704,-0.5988475565280817,0.27583029418915633,0.4,-0.19078045222465354,0.28071237539508875,-0.19078045222465354,0.27525407245319716,2.5647459275468028,-2.3653902261123267,0.5414247507901775,-2.3653902261123267,0.7991514709457817
1.5,,-51.973172866520784,0.0,27.58484318016047,,,,,,,,35.48723559445659,-7.219912472647702,36.214077315827865,0.7364697301239971,0.381998541210795,0.23188183807439824,0.381998541210795,0.4998832968636032,0.2,-0.04706053975200583,0.09623632385120351,-0.04706053975200583,0.17541210795040116,1.263530269876003,0.14541210795040116,0.11270605397520059,0.14541210795040116,1.099059080962801,1.1541210795040118,0.3748285922684172,0.10564551422319474,0.3748285922684172,0.8802407002188184,1.0094091903719913,0.19423778264040847,0.023646973012399708,0.19423778264040847,0.8723486506199853,1.0905908096280088,0.1611743253099927,0.18552881108679797,0.1611743253099927,1.0223559445660102,1.5447118891320204,-0.8618818380743982,0.32552881108679793,-0.8618818380743982,1.2253026987600293,2.1,-1.7469438366156091,0.3062363238512035,-1.7469438366156091,1.1568198395331875,1.1729394602479943,-0.6597665937272065,0.2152954048140044,-0.6597665937272065,0.8211743253099927,0.7,-0.5981181619256017,0.2188256746900073,-0.5981181619256017,0.2774106491611962,0.4,-0.18494529540481403,0.27694383661560906,-0.18494529540481403,0.27646973012399706,2.563530269876003,-2.362472647702407,0.5338876732312181,-2.362472647702407,0.8070532458059809
1.55,,-50.978278628738146,0.0,27.05700461949915,,,,,,,,36.67014344760515,-7.460576221735959,37.42121322635546,0.737685387794797,0.38406515925115486,0.2326112326768782,0.38406515925115486,0.4985460734257233,0.2,-0.044629224410406024,0.09477753464624364,-0.044629224410406024,0.1749258448820812,1.2623146122052031,0.1449258448820812,0.1124629224410406,0.1449258448820812,1.098694383661561,1.1492584488208122,0.36765621201069776,0.10783369803063456,0.36765621201069776,0.8725820568927791,1.0130561633843909,0.19071237539508876,0.0237685387794797,0.19071237539508876,0.8784269389739848,1.086943836615609,0.16421346948699245,0.1863797714563579,0.16421346948699245,1.0181011427182105,1.5362022854364212,-0.8626112326768782,0.3263797714563579,-0.8626112326768782,1.2131461220520303,2.1,-1.7431752978361295,0.30477753464624363,-1.7431752978361295,1.162047167517627,1.1753707755895941,-0.6570921468514467,0.21347191830780454,-0.6570921468514467,0.8242134694869925,0.7,-0.5973887673231218,0.21578653051300756,-0.5973887673231218,0.2789910041332361,0.4,-0.1791101385849745,0.27317529783612937,-0.1791101385849745,0.277685387794797,2.562314612205203,-2.359555069292487,0.5263505956722587,-2.359555069292487,0.8149550206661804
1.6,,-49.98338439095551,0.0,26.529166058837834,,,,,,,,37.853051300753705,-7.701239970824216,38.62834913688306,0.7389010454655969,0.3861317772915147,0.23334062727935814,0.3861317772915147,0.4972088499878434,0.2,-0.042197909068806216,0.09331874544128374,-0.042197909068806216,0.17443958181376124,1.2610989545344031,0.14443958181376124,0.11221979090688063,0.14443958181376124,1.0983296863603211,1.1443958181376126,0.3604838317529784,0.11002188183807438,0.3604838317529784,0.8649234135667396,1.0167031363967907,0.18718696814976904,0.02389010454655969,0.18718696814976904,0.8845052273279843,1.0832968636032094,0.16725261366399222,0.18723073182591782,0.16725261366399222,1.0138463408704108,1.5276926817408218,-0.8633406272793581,0.32723073182591783,-0.8633406272793581,1.2009895453440311,2.1,-1.7394067590566498,0.30331874544128373,-1.7394067590566498,1.1672744955020666,1.177802090931194,-0.6544176999756869,0.2116484318016047,-0.6544176999756869,0.8272526136639922,0.7,-0.5966593727206418,0.2127473863360078,-0.5966593727206418,0.280571359105276,0.4,-0.17327498176513495,0.2694067590566497,-0.17327498176513495,0.2789010454655969,2.561098954534403,-2.3566374908825676,0.5188135181132993,-2.3566374908825676,0.8228567955263797
1.6500000000000001,,-48.98849015317286,0.0,26.001327498176515,,,,,,,,39.03595915390226,-7.941903719912473,39.83548504741065,0.7401167031363968,0.38819839533187456,0.23407002188183806,0.38819839533187456,0.49587162654996353,0.2,-0.03976659372720641,0.09185995623632387,-0.03976659372720641,0.1739533187454413,1.2598832968636031,0.1439533187454413,0.11197665937272064,0.1439533187454413,1.097964989059081,1.1395331874544128,0.3533114514952589,0.11221006564551422,0.3533114514952589,0.8572647702407002,1.0203501094091902,0.1836615609044493,0.02401167031363968,0.1836615609044493,0.8905835156819839,1.0796498905908096,0.170291757840992,0.18808169219547777,0.170291757840992,1.0095915390226111,1.5191830780452227,-0.864070021881838,0.3280816921954777,-0.864070021881838,1.1888329686360322,2.1,-1.73563822027717,0.30185995623632383,-1.73563822027717,1.1725018234865061,1.1802334062727937,-0.6517432530999271,0.20982494529540482,-0.6517432530999271,0.830291757840992,0.7,-0.595929978118162,0.20970824215900802,-0.595929978118162,0.2821517140773158,0.4,-0.1674398249452954,0.26563822027717,-0.1674398249452954,0.2801167031363968,2.559883296863603,-2.353719912472648,0.51127644055434,-2.353719912472648,0.8307585703865791
1.7000000000000002,,-47.99359591539022,0.0,25.473488937515196,,,,,,,,40.21886700705081,-8.18256746900073,41.04262095793825,0.7413323608071967,0.3902650133722344,0.234799416484318,0.3902650133722344,0.49453440311208363,0.2,-0.0373352783856066,0.09040116703136397,-0.0373352783856066,0.1734670556771213,1.2586676391928033,0.1434670556771213,0.11173352783856066,0.1434670556771213,1.0976002917578411,1.1346705567712132,0.3461390712375395,0.11439824945295404,0.3461390712375395,0.8496061269146609,1.02399708242159,0.1801361536591296,0.02413323608071967,0.1801361536591296,0.8966618040359834,1.0760029175784098,0.17333090201799173,0.1889326525650377,0.17333090201799173,1.0053367371748116,1.5106734743496233,-0.864799416484318,0.3289326525650377,-0.864799416484318,1.1766763919280332,2.1,-1.7318696814976904,0.300401167031364,-1.7318696814976904,1.1777291514709458,1.1826647216143935,-0.6490688062241673,0.20800145878920498,-0.6490688062241673,0.8333309020179918,0.7,-0.595200583515682,0.20666909798200828,-0.595200583515682,0.2837320690493557,0.4,-0.16160466812545587,0.2618696814976903,-0.16160466812545587,0.2813323608071967,2.5586676391928034,-2.350802334062728,0.5037393629953806,-2.350802334062728,0.8386603452467785
1.75,,-46.998701677607585,0.0,24.94565037685388,,,,,,,,41.40177486019936,-8.423231218088986,42.24975686846584,0.7425480184779966,0.3923316314125942,0.23552881108679796,0.3923316314125942,0.4931971796742038,0.2,-0.03490396304400681,0.0889423778264041,-0.03490396304400681,0.17298079260880136,1.2574519815220033,0.14298079260880137,0.11149039630440068,0.14298079260880137,1.097235594456601,1.1298079260880136,0.3389666909798201,0.11658643326039386,0.3389666909798201,0.8419474835886215,1.0276440554339898,0.1766107464138099,0.02425480184779966,0.1766107464138099,0.9027400923899829,1.0723559445660102,0.17637004619499147,0.1897836129345976,0.17637004619499147,1.001081935327012,1.502163870654024,-0.8655288110867979,0.3297836129345976,-0.8655288110867979,1.1645198152200342,2.1,-1.7281011427182107,0.2989423778264041,-1.7281011427182107,1.1829564794553853,1.1850960369559933,-0.6463943593484075,0.2061779722830051,-0.6463943593484075,0.8363700461949914,0.7,-0.594471188913202,0.20362995380500853,-0.594471188913202,0.28531242402139556,0.4,-0.15576951130561636,0.2581011427182106,-0.15576951130561636,0.2825480184779966,2.5574519815220036,-2.3478847556528084,0.49620228543642114,-2.3478847556528084,0.8465621201069778
1.8,,-46.003807439824946,0.0,24.41781181619256,,,,,,,,42.58468271334792,-8.663894967177242,43.456892778993435,0.7437636761487965,0.39439824945295404,0.2362582056892779,0.39439824945295404,0.4918599562363239,0.2,-0.032472647702407,0.08748358862144422,-0.032472647702407,0.1724945295404814,1.2562363238512035,0.1424945295404814,0.1112472647702407,0.1424945295404814,1.0968708971553611,1.124945295404814,0.33179431072210064,0.11877461706783368,0.33179431072210064,0.8342888402625821,1.0312910284463894,0.17308533916849017,0.02437636761487965,0.17308533916849017,0.9088183807439825,1.0687089715536104,0.17940919037199124,0.19063457330415756,0.17940919037199124,0.9968271334792123,1.4936542669584245,-0.8662582056892779,0.3306345733041575,-0.8662582056892779,1.1523632385120353,2.1,-1.724332603938731,0.2974835886214442,-1.724332603938731,1.1881838074398248,1.187527352297593,-0.6437199124726477,0.20435448577680526,-0.6437199124726477,0.8394091903719912,0.7,-0.5937417943107222,0.20059080962800876,-0.5937417943107222,0.28689277899343546,0.4,-0.14993435448577683,0.2543326039387309,-0.14993435448577683,0.2837636761487965,2.5562363238512034,-2.3449671772428884,0.48866520787746176,-2.3449671772428884,0.8544638949671772
1.85,,-45.00891320204231,0.0,23.889973255531245,,,,,,,,43.76759056649647,-8.9045587162655,44.66402868952103,0.7449793338195964,0.3964648674933139,0.23698760029175783,0.3964648674933139,0.490522732798444,0.2,-0.030041332360807194,0.08602479941648433,-0.030041332360807194,0.17200826647216144,1.2550206661804035,0.14200826647216144,0.11100413323608072,0.14200826647216144,1.0965061998541212,1.1200826647216144,0.3246219304643812,0.1209628008752735,0.3246219304643812,0.8266301969365427,1.0349380014587892,0.16955993192317045,0.02449793338195964,0.16955993192317045,0.914896669097982,1.0650619985412109,0.182448334548991,0.19148553367371748,0.182448334548991,0.9925723316314126,1.4851446632628253,-0.8669876002917578,0.33148553367371747,-0.8669876002917578,1.140206661804036,2.1,-1.7205640651592513,0.2960247994164843,-1.7205640651592513,1.1934111354242645,1.189958667639193,-0.6410454655968879,0.20253099927060542,-0.6410454655968879,0.8424483345489909,0.7,-0.5930123997082422,0.197551665451009,-0.5930123997082422,0.2884731339654753,0.4,-0.1440991976659373,0.2505640651592512,-0.1440991976659373,0.2849793338195964,2.5550206661804036,-2.342049598832969,0.4811281303185024,-2.342049598832969,0.8623656698273765
1.9000000000000001,,-44.01401896425966,0.0,23.362134694869926,,,,,,,,44.95049841964502,-9.145222465353756,45.87116460004863,0.7461949914903963,0.3985314855336737,0.23771699489423778,0.3985314855336737,0.4891855093605641,0.2,-0.027610017019207386,0.08456601021152445,-0.027610017019207386,0.17152200340384147,1.2538050085096037,0.14152200340384147,0.11076100170192074,0.14152200340384147,1.0961415025528811,1.1152200340384149,0.31744955020666177,0.12315098468271335,0.31744955020666177,0.8189715536105033,1.0385849744711888,0.16603452467785074,0.02461949914903963,0.16603452467785074,0.9209749574519814,1.061415025528811,0.18548747872599075,0.1923364940432774,0.18548747872599075,0.9883175297836129,1.476635059567226,-0.8677169948942378,0.3323364940432774,-0.8677169948942378,1.128050085096037,2.1,-1.7167955263797716,0.29456601021152445,-1.7167955263797716,1.1986384634087042,1.1923899829807927,-0.6383710187211281,0.20070751276440557,-0.6383710187211281,0.8454874787259907,0.7,-0.5922830051057623,0.19451252127400925,-0.5922830051057623,0.2900534889375152,0.4,-0.13826404084609775,0.24679552637977148,-0.13826404084609775,0.2861949914903963,2.553805008509604,-2.339132020423049,0.47359105275954294,-2.339132020423049,0.870267444687576
1.9500000000000002,,-43.019124726477024,0.0,22.834296134208607,,,,,,,,46.13340627279358,-9.385886214442014,47.07830051057623,0.7474106491611963,0.4005981035740335,0.23844638949671773,0.4005981035740335,0.4878482859226842,0.2,-0.02517870167760758,0.08310722100656456,-0.02517870167760758,0.17103574033552152,1.2525893508388037,0.14103574033552152,0.11051787016776075,0.14103574033552152,1.0957768052516412,1.1103574033552153,0.31027716994894233,0.12533916849015317,0.31027716994894233,0.811312910284464,1.0422319474835886,0.16250911743253102,0.02474106491611962,0.16250911743253102,0.927053245805981,1.0577680525164115,0.18852662290299052,0.19318745441283736,0.18852662290299052,0.9840627279358133,1.4681254558716266,-0.8684463894967177,0.3331874544128373,-0.8684463894967177,1.1158935083880381,2.1,-1.713026987600292,0.29310722100656456,-1.713026987600292,1.2038657913931436,1.1948212983223925,-0.6356965718453683,0.1988840262582057,-0.6356965718453683,0.8485266229029905,0.7,-0.5915536105032823,0.19147337709700948,-0.5915536105032823,0.29163384390955505,0.4,-0.13242888402625821,0.2430269876002918,-0.13242888402625821,0.2874106491611962,2.552589350838804,-2.3362144420131292,0.46605397520058356,-2.3362144420131292,0.8781692195477753
2.0,,-42.024230488694386,0.0,22.30645757354729,,,,,,,,47.31631412594213,-9.62654996353027,48.28543642110382,0.748626306831996,0.4026647216143934,0.23917578409919765,0.4026647216143934,0.4865110624848043,0.2,-0.022747386336007785,0.08164843180160469,-0.022747386336007785,0.17054947726720154,1.251373693168004,0.14054947726720157,0.11027473863360078,0.14054947726720157,1.0954121079504013,1.1054947726720157,0.30310478969122295,0.127527352297593,0.30310478969122295,0.8036542669584246,1.0458789204959884,0.1589837101872113,0.02486263068319961,0.1589837101872113,0.9331315341599804,1.0541210795040117,0.19156576707999026,0.19403841478239728,0.19156576707999026,0.9798079260880136,1.4596158521760274,-0.8691757840991976,0.33403841478239726,-0.8691757840991976,1.103736931680039,2.1,-1.7092584488208122,0.29164843180160466,-1.7092584488208122,1.2090931193775831,1.1972526136639923,-0.6330221249696086,0.19706053975200585,-0.6330221249696086,0.8515657670799902,0.7,-0.5908242159008024,0.18843423292000974,-0.5908242159008024,0.29321419888159495,0.4,-0.1265937272064187,0.2392584488208121,-0.1265937272064187,0.2886263068319961,2.5513736931680038,-2.333296863603209,0.4585168976416242,-2.333296863603209,0.8860709944079747
2.0500000000000003,,-41.02933625091174,0.0,21.778619012885972,,,,,,,,48.499221979090684,-9.867213712618527,49.49257233163142,0.749841964502796,0.4047313396547532,0.2399051787016776,0.4047313396547532,0.4851738390469244,0.2,-0.020316070994407964,0.0801896425966448,-0.020316070994407964,0.1700632141988816,1.250158035497204,0.1400632141988816,0.11003160709944079,0.1400632141988816,1.0950474106491612,1.1006321419888159,0.29593240943350346,0.1297155361050328,0.29593240943350346,0.7959956236323851,1.049525893508388,0.15545830294189156,0.024984196450279602,0.15545830294189156,0.93920982251398,1.0504741064916119,0.19460491125699003,0.1948893751519572,0.19460491125699003,0.975553124240214,1.451106248480428,-0.8699051787016776,0.3348893751519572,-0.8699051787016776,1.09158035497204,2.1,-1.7054899100413325,0.29018964259664476,-1.7054899100413325,1.2143204473620228,1.199683929005592,-0.6303476780938488,0.19523705324580598,-0.6303476780938488,0.85460491125699,0.7,-0.5900948212983224,0.18539508874300997,-0.5900948212983224,0.29479455385363484,0.4,-0.12075857038657914,0.23548991004133238,-0.12075857038657914,0.28984196450279603,2.550158035497204,-2.3303792851932896,0.45097982008266474,-2.3303792851932896,0.893972769268174
2.1,,-40.0344420131291,0.0,21.250780452224657,,,,,,,,49.682129832239234,-10.107877461706783,50.69970824215901,0.751057622173596,0.40679795769511307,0.24063457330415755,0.40679795769511307,0.4838366156090445,0.2,-0.01788475565280817,0.07873085339168492,-0.01788475565280817,0.16957695113056165,1.2489423778264042,0.13957695113056162,0.10978847556528082,0.13957695113056162,1.0946827133479213,1.0957695113056163,0.2887600291757841,0.13190371991247263,0.2887600291757841,0.7883369803063458,1.0531728665207878,0.15193289569657187,0.025105762217359592,0.15193289569657187,0.9452881108679795,1.0468271334792123,0.19764405543398977,0.19574033552151715,0.19764405543398977,0.9712983223924143,1.4425966447848286,-0.8706345733041575,0.3357403355215171,-0.8706345733041575,1.079423778264041,2.1,-1.7017213712618529,0.2887308533916849,-1.7017213712618529,1.2195477753464623,1.2021152443471919,-0.627673231218089,0.19341356673960614,-0.627673231218089,0.8576440554339897,0.7,-0.5893654266958425,0.18235594456601023,-0.5893654266958425,0.2963749088256747,0.4,-0.11492341356673963,0.2317213712618527,-0.11492341356673963,0.29105762217359593,2.548942377826404,-2.32746170678337,0.44344274252370536,-2.32746170678337,0.9018745441283734
2.15,,-39.03954777534646,0.0,20.722941891563337,,,,,,,,50.86503768538778,-10.34854121079504,51.9068441526866,0.7522732798443958,0.40886457573547286,0.2413639679066375,0.40886457573547286,0.4824993921711646,0.2,-0.015453440311208377,0.07727206418672504,-0.015453440311208377,0.16909068806224167,1.2477267201556042,0.13909068806224167,0.10954534403112084,0.13909068806224167,1.0943180160466814,1.0909068806224167,0.2815876489180647,0.13409190371991245,0.2815876489180647,0.7806783369803064,1.0568198395331874,0.14840748845125215,0.02522732798443958,0.14840748845125215,0.951366399221979,1.0431801604668125,0.20068319961098952,0.19659129589107707,0.20068319961098952,0.9670435205446146,1.4340870410892295,-0.8713639679066375,0.33659129589107706,-0.8713639679066375,1.067267201556042,2.1,-1.6979528324823732,0.287272064186725,-1.6979528324823732,1.224775103330902,1.2045465596887917,-0.6249987843423292,0.1915900802334063,-0.6249987843423292,0.8606831996109895,0.7,-0.5886360320933626,0.1793168003890105,-0.5886360320933626,0.29795526379771453,0.4,-0.10908825674690009,0.227952832482373,-0.10908825674690009,0.29227327984439583,2.5477267201556044,-2.32454412837345,0.435905664964746,-2.32454412837345,0.9097763189885728
2.2,,-38.044653537563825,0.0,20.19510333090202,,,,,,,,52.04794553853635,-10.589204959883297,53.11398006321421,0.7534889375151957,0.4109311937758327,0.24209336250911745,0.4109311937758327,0.4811621687332847,0.2,-0.013022124969608556,0.07581327498176514,-0.013022124969608556,0.1686044249939217,1.2465110624848044,0.13860442499392173,0.10930221249696086,0.13860442499392173,1.0939533187454413,1.086044249939217,0.2744152686603452,0.1362800875273523,0.2744152686603452,0.773019693654267,1.0604668125455872,0.14488208120593243,0.025348893751519573,0.14488208120593243,0.9574446875759786,1.039533187454413,0.20372234378798929,0.197442256260637,0.20372234378798929,0.9627887186968149,1.42557743739363,-0.8720933625091174,0.337442256260637,-0.8720933625091174,1.055110624848043,2.1,-1.6941842937028933,0.2858132749817651,-1.6941842937028933,1.2300024313153415,1.2069778750303914,-0.6223243374665695,0.18976659372720645,-0.6223243374665695,0.8637223437879893,0.7,-0.5879066374908826,0.17627765621201072,-0.5879066374908826,0.29953561876975443,0.4,-0.10325309992706055,0.2241842937028933,-0.10325309992706055,0.2934889375151957,2.546511062484804,-2.3216265499635305,0.4283685874057866,-2.3216265499635305,0.9176780938487721
2.25,,-37.049759299781186,0.0,19.667264770240703,,,,,,,,53.230853391684896,-10.829868708971553,54.3211159737418,0.7547045951859956,0.41299781181619255,0.24282275711159737,0.41299781181619255,0.4798249452954048,0.2,-0.010590809628008763,0.07435448577680527,-0.010590809628008763,0.16811816192560175,1.2452954048140044,0.13811816192560175,0.10905908096280088,0.13811816192560175,1.0935886214442014,1.0811816192560175,0.26724288840262583,0.13846827133479211,0.26724288840262583,0.7653610503282277,1.0641137855579867,0.14135667396061272,0.02547045951859956,0.14135667396061272,0.963522975929978,1.0358862144420131,0.20676148796498905,0.19829321663019694,0.20676148796498905,0.9585339168490153,1.4170678336980307,-0.8728227571115974,0.3382932166301969,-0.8728227571115974,1.0429540481400439,2.1,-1.6904157549234138,0.2843544857768053,-1.6904157549234138,1.2352297592997812,1.2094091903719912,-0.6196498905908097,0.1879431072210066,-0.6196498905908097,0.866761487964989,0.7,-0.5871772428884027,0.17323851203501095,-0.5871772428884027,0.30111597374179433,0.4,-0.09741794310722107,0.22041575492341361,-0.09741794310722107,0.2947045951859956,2.5452954048140044,-2.3187089715536104,0.4208315098468272,-2.3187089715536104,0.9255798687089715
2.3000000000000003,,-36.05486506199854,0.0,19.139426209579383,,,,,,,,54.41376124483345,-11.07053245805981,55.528251884269395,0.7559202528567955,0.4150644298565524,0.24355215171407732,0.4150644298565524,0.4784877218575249,0.2,-0.008159494286408941,0.07289569657184537,-0.008159494286408941,0.1676318988572818,1.2440797471432046,0.13763189885728178,0.1088159494286409,0.13763189885728178,1.0932239241429613,1.076318988572818,0.26007050814490634,0.14065645514223193,0.26007050814490634,0.7577024070021883,1.0677607585703865,0.13783126671529297,0.025592025285679554,0.13783126671529297,0.9696012642839775,1.0322392414296133,0.20980063214198882,0.19914417699975687,0.20980063214198882,0.9542791150012156,1.4085582300024315,-0.8735521517140773,0.33914417699975685,-0.8735521517140773,1.0307974714320447,2.1,-1.6866472161439339,0.2828956965718454,-1.6866472161439339,1.2404570872842207,1.211840505713591,-0.6169754437150499,0.1861196207148067,-0.6169754437150499,0.8698006321419888,0.7,-0.5864478482859227,0.17019936785801118,-0.5864478482859227,0.3026963287138342,0.4,-0.09158278628738148,0.2166472161439339,-0.09158278628738148,0.2959202528567955,2.5440797471432046,-2.315791393143691,0.4132944322878678,-2.315791393143691,0.9334816435691708
2.35,,-35.0599708242159,0.0,18.611587648918068,,,,,,,,55.596669097982,-11.311196207148067,56.735387794796985,0.7571359105275954,0.41713104789691224,0.24428154631655727,0.41713104789691224,0.4771504984196451,0.2,-0.005728178944809148,0.0714369073668855,-0.005728178944809148,0.16714563578896183,1.2428640894724046,0.13714563578896183,0.10857281789448092,0.13714563578896183,1.0928592268417214,1.0714563578896183,0.25289812788718696,0.14284463894967175,0.25289812788718696,0.7500437636761488,1.0714077315827861,0.13430585946997328,0.02571359105275954,0.13430585946997328,0.9756795526379771,1.0285922684172137,0.21283977631898857,0.1999951373693168,0.21283977631898857,0.9500243131534161,1.4000486263068321,-0.8742815463165573,0.3399951373693168,-0.8742815463165573,1.018640894724046,2.1,-1.6828786773644542,0.2814369073668855,-1.6828786773644542,1.2456844152686604,1.2142718210551908,-0.6143009968392901,0.18429613420860685,-0.6143009968392901,0.8728397763189886,0.7,-0.5857184536834428,0.16716022368101144,-0.5857184536834428,0.304276683685874,0.4,-0.085747629467542,0.2128786773644542,-0.085747629467542,0.2971359105275954,2.542864089472405,-2.312873814733771,0.4057573547289084,-2.312873814733771,0.9413834184293702
2.4000000000000004,,-34.06507658643326,0.0,18.083749088256745,,,,,,,,56.779576951130565,-11.551859956236326,57.94252370532459,0.7583515681983953,0.41919766593727203,0.2450109409190372,0.41919766593727203,0.4758132749817652,0.2,-0.003296863603209327,0.0699781181619256,-0.003296863603209327,0.16665937272064185,1.2416484318016046,0.13665937272064188,0.10832968636032093,0.13665937272064188,1.0924945295404815,1.0665937272064188,0.24572574762946747,0.1450328227571116,0.24572574762946747,0.7423851203501094,1.075054704595186,0.13078045222465354,0.025835156819839535,0.13078045222465354,0.9817578409919766,1.024945295404814,0.21587892049598834,0.20084609773887674,0.21587892049598834,0.9457695113056164,1.3915390226112327,-0.8750109409190372,0.34084609773887675,-0.8750109409190372,1.0064843180160468,2.1,-1.6791101385849745,0.2799781181619256,-1.6791101385849745,1.2509117432530998,1.2167031363967906,-0.6116265499635303,0.182472647702407,-0.6116265499635303,0.8758789204959883,0.7,-0.5849890590809628,0.16412107950401167,-0.5849890590809628,0.3058570386579139,0.4,-0.0799124726477024,0.2091101385849745,-0.0799124726477024,0.29835156819839537,2.5416484318016046,-2.3099562363238513,0.39822027716994896,-2.3099562363238513,0.9492851932895696
2.45,,-33.07018234865062,0.0,17.55591052759543,,,,,,,,57.962484804279114,-11.792523705324582,59.14965961585218,0.7595672258691952,0.4212642839776319,0.24574033552151714,0.4212642839776319,0.4744760515438853,0.2,-0.0008655482616095334,0.06851932895696573,-0.0008655482616095334,0.1661731096523219,1.2404327741308048,0.1361731096523219,0.10808655482616096,0.1361731096523219,1.0921298322392414,1.0617310965232192,0.2385533673717481,0.14722100656455142,0.2385533673717481,0.73472647702407,1.0787016776075857,0.12725504497933385,0.02595672258691952,0.12725504497933385,0.9878361293459761,1.0212983223924144,0.21891806467298808,0.20169705810843666,0.21891806467298808,0.9415147094578167,1.3830294189156334,-0.8757403355215171,0.34169705810843665,-0.8757403355215171,0.9943277413080478,2.1,-1.6753415998054948,0.27851932895696574,-1.6753415998054948,1.2561390712375395,1.2191344517383906,-0.6089521030877705,0.18064916119620716,-0.6089521030877705,0.878918064672988,0.7,-0.5842596644784829,0.16108193532701193,-0.5842596644784829,0.3074373936299538,0.4,-0.07407731582786292,0.2053415998054948,-0.07407731582786292,0.29956722586919526,2.540432774130805,-2.3070386579139317,0.3906831996109896,-2.3070386579139317,0.957186968149769
2.5,,-32.07528811086799,0.0,17.028071966934114,,,,,,,,59.145392657427664,-12.033187454412836,60.35679552637977,0.7607828835399951,0.42333090201799173,0.2464697301239971,0.42333090201799173,0.4731388281060054,0.2,0.00156576707999026,0.06706053975200585,0.00156576707999026,0.16568684658400196,1.2392171164600048,0.13568684658400196,0.10784342329200097,0.13568684658400196,1.0917651349380015,1.0568684658400196,0.2313809871140287,0.14940919037199124,0.2313809871140287,0.7270678336980307,1.0823486506199853,0.12372963773401413,0.026078288353999512,0.12372963773401413,0.9939144176999756,1.0176513493800146,0.22195720884998782,0.20254801847799658,0.22195720884998782,0.937259907610017,1.3745198152200342,-0.8764697301239971,0.3425480184779966,-0.8764697301239971,0.9821711646000488,2.1,-1.671573061026015,0.27706053975200584,-1.671573061026015,1.261366399221979,1.2215657670799902,-0.6062776562120107,0.17882567469000732,-0.6062776562120107,0.8819572088499879,0.7,-0.583530269876003,0.15804279115001219,-0.583530269876003,0.30901774860199366,0.4,-0.06824215900802338,0.20157306102601513,-0.06824215900802338,0.30078288353999516,2.539217116460005,-2.3041210795040117,0.38314612205203025,-2.3041210795040117,0.9650887430099684
2.5500000000000003,,-31.08039387308534,0.0,16.500233406272795,,,,,,,,60.32830051057622,-12.273851203501096,61.563931436907374,0.761998541210795,0.4253975200583516,0.24719912472647704,0.4253975200583516,0.4718016046681255,0.2,0.003997082421590081,0.06560175054704596,0.003997082421590081,0.16520058351568198,1.238001458789205,0.13520058351568198,0.107600291757841,0.13520058351568198,1.0914004376367616,1.05200583515682,0.22420860685630922,0.15159737417943106,0.22420860685630922,0.7194091903719912,1.085995623632385,0.12020423048869439,0.026199854121079502,0.12020423048869439,0.9999927060539751,1.014004376367615,0.2249963530269876,0.20339897884755653,0.2249963530269876,0.9330051057622174,1.3660102115244348,-0.877199124726477,0.34339897884755655,-0.877199124726477,0.9700145878920498,2.1,-1.6678045222465354,0.27560175054704594,-1.6678045222465354,1.2665937272064185,1.2239970824215902,-0.6036032093362509,0.17700218818380745,-0.6036032093362509,0.8849963530269875,0.7,-0.582800875273523,0.15500364697301242,-0.582800875273523,0.31059810357403356,0.4,-0.06240700218818385,0.1978045222465354,-0.06240700218818385,0.30199854121079506,2.538001458789205,-2.301203501094092,0.3756090444930708,-2.301203501094092,0.9729905178701677
2.6,,-30.085499635302703,0.0,15.972394845611479,,,,,,,,61.51120836372477,-12.514514952589352,62.771067347434965,0.7632141988815949,0.42746413809871137,0.247928519328957,0.42746413809871137,0.4704643812302456,0.2,0.006428397763189875,0.06414296134208608,0.006428397763189875,0.16471432044736203,1.236785801118405,0.13471432044736203,0.10735716022368101,0.13471432044736203,1.0910357403355215,1.0471432044736204,0.21703622659858984,0.15378555798687088,0.21703622659858984,0.711750547045952,1.0896425966447847,0.1166788232433747,0.026321419888159493,0.1166788232433747,1.0060709944079747,1.0103574033552152,0.22803549720398733,0.20424993921711646,0.22803549720398733,0.9287503039144177,1.3575006078288356,-0.877928519328957,0.34424993921711644,-0.877928519328957,0.9578580111840508,2.1,-1.6640359834670557,0.27414296134208604,-1.6640359834670557,1.2718210551908582,1.22642839776319,-0.6009287624604911,0.1751787016776076,-0.6009287624604911,0.8880354972039873,0.7,-0.5820714806710431,0.15196450279601267,-0.5820714806710431,0.3121784585460734,0.4,-0.05657184536834431,0.19403598346705572,-0.05657184536834431,0.30321419888159495,2.536785801118405,-2.298285922684172,0.3680719669341114,-2.298285922684172,0.9808922927303672
2.6500000000000004,,-29.090605397520058,0.0,15.444556284950156,,,,,,,,62.694116216873326,-12.75517870167761,63.97820325796257,0.7644298565523948,0.4295307561390712,0.2486579139314369,0.4295307561390712,0.4691271577923657,0.2,0.008859713104789696,0.0626841721371262,0.008859713104789696,0.16422805737904206,1.2355701434476052,0.13422805737904206,0.10711402868952104,0.13422805737904206,1.0906710430342816,1.0422805737904206,0.20986384634087035,0.15597374179431073,0.20986384634087035,0.7040919037199125,1.0932895696571845,0.11315341599805495,0.026442985655239483,0.11315341599805495,1.0121492827619742,1.0067104303428154,0.23107464138098713,0.2051008995866764,0.23107464138098713,0.924495502066618,1.3489910041332362,-0.8786579139314369,0.3451008995866764,-0.8786579139314369,0.9457014344760516,2.1,-1.660267444687576,0.2726841721371262,-1.660267444687576,1.277048383175298,1.2288597131047898,-0.5982543155847313,0.17335521517140773,-0.5982543155847313,0.8910746413809871,0.7,-0.5813420860685631,0.14892535861901288,-0.5813420860685631,0.3137588135181133,0.4,-0.05073668854850477,0.190267444687576,-0.05073668854850477,0.30442985655239485,2.5355701434476052,-2.2953683442742525,0.360534889375152,-2.2953683442742525,0.9887940675905664
2.7,,-28.09571115973742,0.0,14.91671772428884,,,,,,,,63.877024070021875,-12.995842450765865,65.18533916849016,0.7656455142231947,0.43159737417943106,0.24938730853391686,0.43159737417943106,0.4677899343544858,0.2,0.01129102844638949,0.06122538293216631,0.01129102844638949,0.1637417943107221,1.2343544857768052,0.1337417943107221,0.10687089715536105,0.1337417943107221,1.0903063457330417,1.037417943107221,0.20269146608315097,0.15816192560175052,0.20269146608315097,0.6964332603938731,1.0969365426695843,0.10962800875273526,0.026564551422319473,0.10962800875273526,1.0182275711159736,1.0030634573304158,0.23411378555798687,0.20595185995623633,0.23411378555798687,0.9202407002188184,1.3404814004376369,-0.8793873085339169,0.34595185995623634,-0.8793873085339169,0.9335448577680526,2.1,-1.6564989059080963,0.2712253829321663,-1.6564989059080963,1.2822757111597374,1.2312910284463896,-0.5955798687089716,0.17153172866520788,-0.5955798687089716,0.8941137855579868,0.7,-0.5806126914660832,0.14588621444201313,-0.5806126914660832,0.31533916849015314,0.4,-0.044901531728665234,0.1864989059080963,-0.044901531728665234,0.30564551422319475,2.5343544857768054,-2.2924507658643325,0.3529978118161926,-2.2924507658643325,0.9966958424507658
2.75,,-27.10081692195478,0.0,14.388879163627525,,,,,,,,65.05993192317042,-13.236506199854121,66.39247507901774,0.7668611718939946,0.4336639922197909,0.2501167031363968,0.4336639922197909,0.4664527109166059,0.2,0.013722343787989283,0.05976659372720644,0.013722343787989283,0.16325553124240214,1.2331388281060054,0.13325553124240214,0.10662776562120108,0.13325553124240214,1.0899416484318016,1.0325553124240214,0.1955190858254316,0.16035010940919034,0.1955190858254316,0.6887746170678337,1.1005835156819839,0.10610260150741554,0.026686117189399464,0.10610260150741554,1.0243058594699732,0.9994164843180161,0.2371529297349866,0.20680282032579625,0.2371529297349866,0.9159858983710187,1.3319717967420375,-0.8801167031363968,0.34680282032579623,-0.8801167031363968,0.9213882810600537,2.1,-1.6527303671286167,0.26976659372720646,-1.6527303671286167,1.2875030391441769,1.2337223437879894,-0.5929054218332118,0.16970824215900804,-0.5929054218332118,0.8971529297349866,0.7,-0.5798832968636033,0.1428470702650134,-0.5798832968636033,0.31691952346219304,0.4,-0.039066374908825696,0.18273036712861662,-0.039066374908825696,0.30686117189399464,2.533138828106005,-2.289533187454413,0.3454607342572332,-2.289533187454413,1.0045976173109652
2.8000000000000003,,-26.105922684172135,0.0,13.861040602966206,,,,,,,,66.24283977631899,-13.477169948942379,67.59961098954535,0.7680768295647946,0.4357306102601507,0.2508460977388767,0.4357306102601507,0.465115487478726,0.2,0.016153659129589104,0.05830780452224654,0.016153659129589104,0.1627692681740822,1.2319231704352054,0.1327692681740822,0.10638463408704109,0.1327692681740822,1.0895769511305617,1.0276926817408218,0.1883467055677121,0.1625382932166302,0.1883467055677121,0.6811159737417943,1.1042304886943837,0.1025771942620958,0.026807682956479454,0.1025771942620958,1.0303841478239728,0.9957695113056164,0.24019207391198638,0.2076537806953562,0.24019207391198638,0.911731096523219,1.3234621930464383,-0.8808460977388768,0.3476537806953562,-0.8808460977388768,0.9092317043520546,2.1,-1.648961828349137,0.26830780452224656,-1.648961828349137,1.2927303671286166,1.2361536591295892,-0.590230974957452,0.1678847556528082,-0.590230974957452,0.9001920739119864,0.7,-0.5791539022611233,0.13980792608801362,-0.5791539022611233,0.3184998784342329,0.4,-0.03323121808898616,0.1789618283491369,-0.03323121808898616,0.30807682956479454,2.5319231704352054,-2.286615609044493,0.3379236566982738,-2.286615609044493,1.0124993921711645
2.85,,-25.111028446389504,0.0,13.33320204230489,,,,,,,,67.42574762946754,-13.717833698030635,68.80674690007294,0.7692924872355945,0.43779722830051054,0.2515754923413567,0.43779722830051054,0.4637782640408461,0.2,0.018584974471188898,0.05684901531728667,0.018584974471188898,0.1622830051057622,1.2307075127644056,0.1322830051057622,0.10614150255288111,0.1322830051057622,1.0892122538293219,1.0228300510576223,0.18117432530999272,0.16472647702407,0.18117432530999272,0.673457330415755,1.1078774617067833,0.09905178701677611,0.026929248723559444,0.09905178701677611,1.0364624361779722,0.9921225382932166,0.24323121808898612,0.20850474106491612,0.24323121808898612,0.9074762946754195,1.314952589350839,-0.8815754923413567,0.34850474106491613,-0.8815754923413567,0.8970751276440556,2.1,-1.6451932895696573,0.26684901531728666,-1.6451932895696573,1.297957695113056,1.238584974471189,-0.5875565280816922,0.16606126914660835,-0.5875565280816922,0.9032312180889861,0.7,-0.5784245076586434,0.13676878191101388,-0.5784245076586434,0.3200802334062728,0.4,-0.027396061269146676,0.17519328956965724,-0.027396061269146676,0.30929248723559444,2.5307075127644056,-2.2836980306345733,0.33038657913931446,-2.2836980306345733,1.020401167031364
2.9000000000000004,,-24.11613420860686,0.0,12.805363481643568,,,,,,,,68.6086554826161,-13.958497447118893,70.01388281060055,0.7705081449063944,0.4398638463408704,0.2523048869438366,0.4398638463408704,0.4624410406029662,0.2,0.02101628981278872,0.055390226112326774,0.02101628981278872,0.16179674203744226,1.2294918550936056,0.13179674203744227,0.10589837101872113,0.13179674203744227,1.0888475565280817,1.0179674203744227,0.17400194505227323,0.16691466083150985,0.17400194505227323,0.6657986870897155,1.111524434719183,0.09552637977145637,0.027050814490639435,0.09552637977145637,1.0425407245319718,0.9884755652808169,0.2462703622659859,0.20935570143447607,0.2462703622659859,0.9032214928276198,1.3064429856552395,-0.8823048869438366,0.34935570143447603,-0.8823048869438366,0.8849185509360565,2.1,-1.6414247507901776,0.26539022611232677,-1.6414247507901776,1.3031850230974957,1.2410162898127888,-0.5848820812059324,0.16423778264040845,-0.5848820812059324,0.9062703622659859,0.7,-0.5776951130561634,0.1337296377340141,-0.5776951130561634,0.3216605883783127,0.4,-0.021560904449307083,0.17142475079017752,-0.021560904449307083,0.3105081449063944,2.529491855093606,-2.2807804522246538,0.322849501580355,-2.2807804522246538,1.0283029418915635
2.95,,-23.12123997082422,0.0,12.277524920982252,,,,,,,,69.79156333576465,-14.199161196207148,71.22101872112813,0.7717238025771943,0.44193046438123024,0.2530342815463166,0.44193046438123024,0.4611038171650863,0.2,0.023447605154388512,0.0539314369073669,0.023447605154388512,0.1613104789691223,1.2282761974228058,0.1313104789691223,0.10565523948456115,0.1313104789691223,1.0884828592268418,1.013104789691223,0.16682956479455385,0.16910284463894967,0.16682956479455385,0.6581400437636762,1.1151714077315829,0.09200097252613668,0.027172380257719425,0.09200097252613668,1.0486190128859711,0.9848285922684172,0.24930950644298563,0.210206661804036,0.24930950644298563,0.8989666909798202,1.2979333819596404,-0.8830342815463166,0.350206661804036,-0.8830342815463166,0.8727619742280576,2.1,-1.6376562120106979,0.26393143690736687,-1.6376562120106979,1.3084123510819352,1.2434476051543886,-0.5822076343301726,0.1624142961342086,-0.5822076343301726,0.9093095064429856,0.7,-0.5769657184536835,0.13069049355701437,-0.5769657184536835,0.3232409433503525,0.4,-0.0157257476294676,0.16765621201069783,-0.0157257476294676,0.3117238025771943,2.5282761974228056,-2.2778628738147337,0.31531242402139564,-2.2778628738147337,1.0362047167517627
3.0,,-22.126345733041582,0.0,11.749686360320936,,,,,,,,70.97447118891318,-14.439824945295404,72.42815463165573,0.7729394602479942,0.4439970824215901,0.2537636761487965,0.4439970824215901,0.4597665937272064,0.2,0.025878920495988333,0.05247264770240702,0.025878920495988333,0.16082421590080234,1.2270605397520058,0.13082421590080234,0.10541210795040118,0.13082421590080234,1.0881181619256017,1.0082421590080233,0.15965718453683442,0.17129102844638947,0.15965718453683442,0.6504814004376368,1.1188183807439824,0.08847556528081696,0.027293946024799415,0.08847556528081696,1.0546973012399707,0.9811816192560175,0.2523486506199854,0.21105762217359592,0.2523486506199854,0.8947118891320205,1.289423778264041,-0.8837636761487965,0.35105762217359593,-0.8837636761487965,0.8606053975200585,2.1,-1.6338876732312182,0.262472647702407,-1.6338876732312182,1.313639679066375,1.2458789204959884,-0.5795331874544128,0.16059080962800876,-0.5795331874544128,0.9123486506199854,0.7,-0.5762363238512035,0.1276513493800146,-0.5762363238512035,0.32482129832239237,0.4,-0.009890590809628064,0.16388767323121814,-0.009890590809628064,0.3129394602479942,2.527060539752006,-2.274945295404814,0.30777534646243626,-2.274945295404814,1.044106491611962
3.0500000000000003,,-21.131451495258936,0.0,11.221847799659614,,,,,,,,72.15737904206175,-14.680488694383662,73.63529054218333,0.7741551179187941,0.4460637004619499,0.2544930707512765,0.4460637004619499,0.4584293702893265,0.2,0.028310235837588127,0.051013858497447134,0.028310235837588127,0.16033795283248237,1.225844882081206,0.13033795283248237,0.10516897641624119,0.13033795283248237,1.0877534646243618,1.0033795283248237,0.15248480427911498,0.1734792122538293,0.15248480427911498,0.6428227571115974,1.1224653537563822,0.08495015803549721,0.027415511791879406,0.08495015803549721,1.0607755895939703,0.9775346462436179,0.25538779479698515,0.21190858254315587,0.25538779479698515,0.8904570872842208,1.2809141745684416,-0.8844930707512765,0.3519085825431558,-0.8844930707512765,0.8484488208120594,2.1,-1.6301191344517385,0.2610138584974471,-1.6301191344517385,1.3188670070508144,1.2483102358375882,-0.576858740578653,0.1587673231218089,-0.576858740578653,0.9153877947969852,0.7,-0.5755069292487236,0.12461220520301483,-0.5755069292487236,0.32640165329443227,0.4,-0.004055433989788526,0.16011913445173842,-0.004055433989788526,0.3141551179187941,2.525844882081206,-2.272027716994894,0.3002382689034768,-2.272027716994894,1.0520082664721615
3.1,,-20.136557257476298,0.0,10.694009238998298,,,,,,,,73.3402868952103,-14.921152443471918,74.84242645271092,0.775370775589594,0.4481303185023097,0.25522246535375637,0.4481303185023097,0.4570921468514466,0.2,0.030741551179187948,0.04955506929248725,0.030741551179187948,0.15985168976416242,1.224629224410406,0.12985168976416242,0.1049258448820812,0.12985168976416242,1.087388767323122,0.9985168976416241,0.1453124240213956,0.17566739606126913,0.1453124240213956,0.635164113785558,1.1261123267687818,0.08142475079017752,0.027537077558959396,0.08142475079017752,1.0668538779479697,0.9738876732312182,0.25842693897398494,0.2127595429127158,0.25842693897398494,0.8862022854364211,1.2724045708728422,-0.8852224653537564,0.3527595429127158,-0.8852224653537564,0.8362922441040604,2.1,-1.6263505956722588,0.2595550692924873,-1.6263505956722588,1.3240943350352539,1.250741551179188,-0.5741842937028934,0.15694383661560907,-0.5741842937028934,0.9184269389739849,0.7,-0.5747775346462437,0.12157306102601509,-0.5747775346462437,0.32798200826647217,0.4,0.0017797228300510115,0.15635059567225873,0.0017797228300510115,0.315370775589594,2.5246292244104063,-2.2691101385849746,0.29270119134451744,-2.2691101385849746,1.0599100413323608
3.1500000000000004,,-19.141663019693652,0.0,10.166170678336982,,,,,,,,74.52319474835886,-15.161816192560176,76.04956236323852,0.7765864332603939,0.45019693654266957,0.2559518599562363,0.45019693654266957,0.4557549234135667,0.2,0.03317286652078774,0.048096280087527365,0.03317286652078774,0.15936542669584244,1.2234135667396062,0.12936542669584244,0.10468271334792123,0.12936542669584244,1.0870240700218818,0.9936542669584245,0.1381400437636761,0.17785557986870898,0.1381400437636761,0.6275054704595187,1.1297592997811816,0.07789934354485778,0.027658643326039387,0.07789934354485778,1.0729321663019693,0.9702407002188184,0.2614660831509847,0.2136105032822757,0.2614660831509847,0.8819474835886214,1.263894967177243,-0.8859518599562364,0.3536105032822757,-0.8859518599562364,0.8241356673960614,2.1,-1.6225820568927791,0.2580962800875274,-1.6225820568927791,1.3293216630196936,1.2531728665207877,-0.5715098468271335,0.1551203501094092,-0.5715098468271335,0.9214660831509847,0.7,-0.5740481400437637,0.11853391684901532,-0.5740481400437637,0.329562363238512,0.4,0.007614879649890549,0.152582056892779,0.007614879649890549,0.3165864332603939,2.523413566739606,-2.2661925601750545,0.285164113785558,-2.2661925601750545,1.06781181619256
3.2,,-18.14676878191102,0.0,9.638332117675667,,,,,,,,75.70610260150741,-15.402479941648432,77.25669827376612,0.7778020909311938,0.45226355458302936,0.25668125455871627,0.45226355458302936,0.4544176999756869,0.2,0.03560418186238756,0.04663749088256748,0.03560418186238756,0.1588791636275225,1.2221979090688062,0.1288791636275225,0.10443958181376126,0.1288791636275225,1.086659372720642,0.9887916362752249,0.13096766350595673,0.18004376367614877,0.13096766350595673,0.6198468271334792,1.1334062727935812,0.07437393629953809,0.027780209093119377,0.07437393629953809,1.0790104546559687,0.9665937272064187,0.2645052273279844,0.21446146365183566,0.2645052273279844,0.8776926817408218,1.2553853634816439,-0.8866812545587163,0.3544614636518356,-0.8866812545587163,0.8119790906880624,2.1,-1.6188135181132994,0.2566374908825675,-1.6188135181132994,1.3345489910041333,1.2556041818623875,-0.5688353999513738,0.15329686360320935,-0.5688353999513738,0.9245052273279843,0.7,-0.5733187454412838,0.11549477267201558,-0.5733187454412838,0.33114271821055186,0.4,0.013450036469730087,0.14881351811329935,0.013450036469730087,0.31780209093119377,2.5221979090688063,-2.263274981765135,0.2776270362265987,-2.263274981765135,1.0757135910527595
3.25,,-17.151874544128376,0.0,9.110493557014351,,,,,,,,76.88901045465596,-15.643143690736688,78.4638341842937,0.7790177486019937,0.45433017262338926,0.2574106491611962,0.45433017262338926,0.453080476537807,0.2,0.038035497203987356,0.04517870167760761,0.038035497203987356,0.15839290055920252,1.2209822513980062,0.12839290055920252,0.10419645027960127,0.12839290055920252,1.086294675419402,0.9839290055920253,0.1237952832482373,0.1822319474835886,0.1237952832482373,0.6121881838074399,1.137053245805981,0.07084852905421837,0.027901774860199367,0.07084852905421837,1.0850887430099683,0.962946754194019,0.26754437150498417,0.21531242402139558,0.26754437150498417,0.8734378798930222,1.2468757597860445,-0.8874106491611962,0.35531242402139557,-0.8874106491611962,0.7998225139800634,2.1,-1.6150449793338197,0.2551787016776076,-1.6150449793338197,1.3397763189885727,1.2580354972039873,-0.566160953075614,0.1514733770970095,-0.566160953075614,0.9275443715049841,0.7,-0.5725893508388038,0.11245562849501584,-0.5725893508388038,0.33272307318259176,0.4,0.01928519328956957,0.14504497933381966,0.01928519328956957,0.31901774860199367,2.5209822513980065,-2.2603574033552154,0.2700899586676393,-2.2603574033552154,1.0836153659129588
3.3000000000000003,,-16.15698030634573,0.0,8.582654996353028,,,,,,,,78.07191830780452,-15.883807439824945,79.6709700948213,0.7802334062727936,0.45639679066374905,0.25814004376367616,0.45639679066374905,0.4517432530999271,0.2,0.04046681254558718,0.04371991247264771,0.04046681254558718,0.15790663749088257,1.2197665937272064,0.12790663749088257,0.10395331874544128,0.12790663749088257,1.085929978118162,0.9790663749088258,0.11662290299051786,0.18442013129102844,0.11662290299051786,0.6045295404814004,1.1407002188183806,0.06732312180889863,0.028023340627279354,0.06732312180889863,1.0911670313639679,0.9592997811816193,0.2705835156819839,0.2161633843909555,0.2705835156819839,0.8691830780452225,1.238366156090445,-0.8881400437636762,0.3561633843909555,-0.8881400437636762,0.7876659372720644,2.1,-1.61127644055434,0.2537199124726477,-1.61127644055434,1.3450036469730122,1.2604668125455871,-0.5634865061998542,0.14964989059080963,-0.5634865061998542,0.9305835156819839,0.7,-0.5718599562363239,0.10941648431801607,-0.5718599562363239,0.33430342815463165,0.4,0.025120350109409162,0.14127644055433994,0.025120350109409162,0.3202334062727936,2.5197665937272062,-2.2574398249452954,0.26255288110867986,-2.2574398249452954,1.091517140773158
3.35,,-15.162086068563099,0.0,8.054816435691713,,,,,,,,79.25482616095307,-16.1244711889132,80.8781060053489,0.7814490639435935,0.4584634087041089,0.2588694383661561,0.4584634087041089,0.4504060296620472,0.2,0.04289812788718697,0.04226112326768784,0.04289812788718697,0.1574203744225626,1.2185509360564064,0.1274203744225626,0.10371018721128131,0.1274203744225626,1.085565280816922,0.9742037442256262,0.10945052273279843,0.18660831509846826,0.10945052273279843,0.5968708971553611,1.1443471918307804,0.06379771456357894,0.028144906394359348,0.06379771456357894,1.0972453197179672,0.9556528081692196,0.2736226598589837,0.21701434476051545,0.2736226598589837,0.8649282761974229,1.2298565523948457,-0.8888694383661561,0.3570143447605154,-0.8888694383661561,0.7755093605640654,2.1,-1.6075079017748604,0.25226112326768785,-1.6075079017748604,1.350230974957452,1.262898127887187,-0.5608120593240944,0.14782640408460979,-0.5608120593240944,0.9336226598589836,0.7,-0.5711305616338439,0.10637734014101632,-0.5711305616338439,0.3358837831266715,0.4,0.030955506929248644,0.13750790177486027,0.030955506929248644,0.3214490639435935,2.5185509360564065,-2.254522246535376,0.25501580354972053,-2.254522246535376,1.0994189156333576
3.4000000000000004,,-14.167191830780453,0.0,7.52697787503039,,,,,,,,80.43773401410162,-16.36513493800146,82.0852419158765,0.7826647216143934,0.46053002674446875,0.25959883296863606,0.46053002674446875,0.4490688062241673,0.2,0.04532944322878679,0.040802334062727943,0.04532944322878679,0.15693411135424265,1.2173352783856066,0.12693411135424265,0.10346705567712133,0.12693411135424265,1.0852005835156822,0.9693411135424265,0.10227814247507899,0.18879649890590808,0.10227814247507899,0.5892122538293216,1.1479941648431802,0.060272307318259194,0.028266472161439335,0.060272307318259194,1.1033236080719668,0.9520058351568199,0.27666180403598345,0.21786530513007538,0.27666180403598345,0.8606734743496232,1.2213469486992463,-0.8895988329686361,0.35786530513007536,-0.8895988329686361,0.7633527838560663,2.1,-1.6037393629953804,0.25080233406272795,-1.6037393629953804,1.3554583029418916,1.265329443228787,-0.5581376124483346,0.14600291757840994,-0.5581376124483346,0.9366618040359834,0.7,-0.570401167031364,0.10333819596401655,-0.570401167031364,0.3374641380987114,0.4,0.03679066374908824,0.13373936299538053,0.03679066374908824,0.3226647216143934,2.5173352783856067,-2.251604668125456,0.24747872599076104,-2.251604668125456,1.107320690493557
3.45,,-13.172297592997822,0.0,6.999139314369074,,,,,,,,81.62064186725017,-16.605798687089717,83.29237782640409,0.7838803792851933,0.46259664478482854,0.26032822757111596,0.46259664478482854,0.4477315827862874,0.2,0.047760758570386586,0.03934354485776807,0.047760758570386586,0.15644784828592267,1.2161196207148066,0.12644784828592268,0.10322392414296135,0.12644784828592268,1.084835886214442,0.9644784828592269,0.09510576221735961,0.1909846827133479,0.09510576221735961,0.5815536105032822,1.1516411378555798,0.056746900072939505,0.02838803792851933,0.056746900072939505,1.1094018964259664,0.9483588621444201,0.2797009482129832,0.2187162654996353,0.2797009482129832,0.8564186725018235,1.2128373450036471,-0.890328227571116,0.3587162654996353,-0.890328227571116,0.7511962071480672,2.1,-1.5999708242159008,0.24934354485776805,-1.5999708242159008,1.360685630926331,1.2677607585703865,-0.5554631655725748,0.14417943107221007,-0.5554631655725748,0.9397009482129832,0.7,-0.5696717724288841,0.10029905178701679,-0.5696717724288841,0.33904449307075124,0.4,0.04262582056892772,0.12997082421590084,0.04262582056892772,0.3238803792851933,2.516119620714807,-2.248687089715536,0.23994164843180166,-2.248687089715536,1.1152224653537564
3.5,,-12.177403355215176,0.0,6.471300753707759,,,,,,,,82.80354972039872,-16.846462436177973,84.49951373693168,0.7850960369559932,0.4646632628251884,0.2610576221735959,0.4646632628251884,0.4463943593484075,0.2,0.05019207391198638,0.03788475565280819,0.05019207391198638,0.15596158521760273,1.2149039630440068,0.12596158521760273,0.10298079260880137,0.12596158521760273,1.0844711889132022,0.9596158521760273,0.08793338195964018,0.19317286652078772,0.08793338195964018,0.5738949671772429,1.1552881108679796,0.05322149282761979,0.028509603695599316,0.05322149282761979,1.1154801847799658,0.9447118891320205,0.282740092389983,0.21956722586919525,0.282740092389983,0.8521638706540239,1.204327741308048,-0.891057622173596,0.3595672258691952,-0.891057622173596,0.7390396304400683,2.1,-1.596202285436421,0.2478847556528082,-1.596202285436421,1.3659129589107706,1.2701920739119865,-0.552788718696815,0.14235594456601022,-0.552788718696815,0.9427400923899829,0.7,-0.5689423778264041,0.09725990761001704,-0.5689423778264041,0.34062484804279114,0.4,0.04846097738876726,0.12620228543642115,0.04846097738876726,0.3250960369559932,2.5149039630440067,-2.245769511305616,0.23240457087284228,-2.245769511305616,1.1231242402139556
3.5500000000000003,,-11.18250911743253,0.0,5.943462193046436,,,,,,,,83.98645757354728,-17.08712618526623,85.70664964745929,0.7863116946267932,0.46672988086554823,0.26178701677607585,0.46672988086554823,0.4450571359105276,0.2,0.0526233892535862,0.036425966447848304,0.0526233892535862,0.15547532214928275,1.2136883053732068,0.12547532214928275,0.10273766107464138,0.12547532214928275,1.084106491611962,0.9547532214928276,0.08076100170192069,0.19536105032822756,0.08076100170192069,0.5662363238512035,1.1589350838803791,0.04969608558230004,0.02863116946267931,0.04969608558230004,1.1215584731339654,0.9410649161196207,0.28577923656698273,0.22041818623875517,0.28577923656698273,0.8479090688062243,1.1958181376124486,-0.8917870167760759,0.36041818623875516,-0.8917870167760759,0.7268830537320692,2.1,-1.5924337466569414,0.2464259664478483,-1.5924337466569414,1.3711402868952103,1.2726233892535863,-0.5501142718210552,0.14053245805981038,-0.5501142718210552,0.9457792365669827,0.7,-0.5682129832239242,0.09422076343301727,-0.5682129832239242,0.342205203014831,0.4,0.054296134208606794,0.12243374665694146,0.054296134208606794,0.3263116946267931,2.513688305373207,-2.2428519328956966,0.2248674933138829,-2.2428519328956966,1.1310260150741551
3.6,,-10.1876148796499,0.0,5.41562363238512,,,,,,,,85.16936542669583,-17.327789934354485,86.91378555798687,0.787527352297593,0.4687964989059081,0.2625164113785558,0.4687964989059081,0.4437199124726477,0.2,0.055054704595185994,0.03496717724288842,0.055054704595185994,0.1549890590809628,1.212472647702407,0.1249890590809628,0.10249452954048141,0.1249890590809628,1.0837417943107222,0.949890590809628,0.07358862144420131,0.19754923413566738,0.07358862144420131,0.5585776805251641,1.162582056892779,0.04617067833698035,0.028752735229759296,0.04617067833698035,1.127636761487965,0.937417943107221,0.2888183807439825,0.2212691466083151,0.2888183807439825,0.8436542669584246,1.1873085339168492,-0.8925164113785558,0.3612691466083151,-0.8925164113785558,0.7147264770240702,2.1,-1.5886652078774617,0.2449671772428884,-1.5886652078774617,1.3763676148796498,1.275054704595186,-0.5474398249452954,0.1387089715536105,-0.5474398249452954,0.9488183807439825,0.7,-0.5674835886214442,0.09118161925601753,-0.5674835886214442,0.3437855579868709,0.4,0.06013129102844633,0.11866520787746176,0.06013129102844633,0.327527352297593,2.512472647702407,-2.2399343544857766,0.2173304157549235,-2.2399343544857766,1.1389277899343544
3.6500000000000004,,-9.192720641867254,0.0,4.887785071723805,,,,,,,,86.3522732798444,-17.568453683442744,88.12092146851448,0.788743009968393,0.4708631169462679,0.26324580598103575,0.4708631169462679,0.4423826890347678,0.2,0.057486019936785815,0.033508388037928535,0.057486019936785815,0.15450279601264283,1.211256990031607,0.12450279601264283,0.10225139800632142,0.12450279601264283,1.0833770970094823,0.9450279601264284,0.06641624118648182,0.1997374179431072,0.06641624118648182,0.5509190371991247,1.1662290299051787,0.04264527109166061,0.02887430099683929,0.04264527109166061,1.1337150498419644,0.9337709700948214,0.29185752492098227,0.22212010697787504,0.29185752492098227,0.8393994651106249,1.1787989302212498,-0.8932458059810358,0.362120106977875,-0.8932458059810358,0.7025699003160711,2.1,-1.584896669097982,0.2435083880379285,-1.584896669097982,1.3815949428640895,1.277486019936786,-0.5447653780695356,0.13688548504741066,-0.5447653780695356,0.9518575249209822,0.7,-0.5667541940189643,0.08814247507901776,-0.5667541940189643,0.3453659129589107,0.4,0.06596644784828587,0.11489666909798202,0.06596644784828587,0.3287430099683929,2.5112569900316073,-2.237016776075857,0.20979333819596402,-2.237016776075857,1.146829564794554
3.7,,-8.197826404084623,0.0,4.359946511062489,,,,,,,,87.53518113299295,-17.809117432531,89.32805737904206,0.7899586676391929,0.4729297349866277,0.2639752005835157,0.4729297349866277,0.44104546559688795,0.2,0.05991733527838561,0.03204959883296865,0.05991733527838561,0.15401653294432288,1.2100413323608072,0.12401653294432288,0.10200826647216145,0.12401653294432288,1.0830123997082421,0.9401653294432288,0.05924386092876244,0.20192560175054702,0.05924386092876244,0.5432603938730853,1.1698760029175783,0.03911986384634092,0.028995866763919277,0.03911986384634092,1.139793338195964,0.9301239970824217,0.29489666909798196,0.22297106734743496,0.29489666909798196,0.8351446632628252,1.1702893265256504,-0.8939752005835157,0.36297106734743495,-0.8939752005835157,0.6904133236080722,2.1,-1.5811281303185023,0.24204959883296867,-1.5811281303185023,1.386822270848529,1.2799173352783857,-0.5420909311937758,0.13506199854121081,-0.5420909311937758,0.954896669097982,0.7,-0.5660247994164844,0.08510333090201802,-0.5660247994164844,0.3469462679309506,0.4,0.07180160466812541,0.11112813031850238,0.07180160466812541,0.3299586676391928,2.510041332360807,-2.2340991976659375,0.20225626063700475,-2.2340991976659375,1.1547313396547532
3.75,,-7.202932166301977,0.0,3.8321079504011664,,,,,,,,88.7180889861415,-18.049781181619256,90.53519328956966,0.7911743253099928,0.47499635302698756,0.26470459518599565,0.47499635302698756,0.43970824215900806,0.2,0.0623486506199854,0.03059080962800878,0.0623486506199854,0.15353026987600293,1.2088256746900072,0.12353026987600292,0.10176513493800146,0.12353026987600292,1.0826477024070023,0.9353026987600292,0.05207148067104306,0.20411378555798684,0.05207148067104306,0.535601750547046,1.173522975929978,0.035594456601021174,0.029117432530999268,0.035594456601021174,1.1458716265499633,0.926477024070022,0.29793581327498175,0.2238220277169949,0.29793581327498175,0.8308898614150256,1.1617797228300513,-0.8947045951859957,0.3638220277169949,-0.8947045951859957,0.6782567469000732,2.1,-1.5773595915390226,0.24059080962800877,-1.5773595915390226,1.3920495988329686,1.2823486506199855,-0.539416484318016,0.13323851203501097,-0.539416484318016,0.9579358132749817,0.7,-0.5652954048140044,0.08206418672501828,-0.5652954048140044,0.34852662290299047,0.4,0.07763676148796494,0.10735959153902269,0.07763676148796494,0.3311743253099927,2.5088256746900073,-2.2311816192560174,0.19471918307804537,-2.2311816192560174,1.1626331145149527
3.8000000000000003,,-6.208037928519332,0.0,3.3042693897398507,,,,,,,,89.90099683929004,-18.290444930707512,91.74232920009726,0.7923899829807927,0.4770629710673474,0.2654339897884756,0.4770629710673474,0.43837101872112816,0.2,0.06477996596158522,0.029132020423048882,0.06477996596158522,0.15304400680768296,1.2076100170192074,0.12304400680768296,0.10152200340384149,0.12304400680768296,1.0822830051057624,0.9304400680768297,0.04489910041332357,0.2063019693654267,0.04489910041332357,0.5279431072210066,1.1771699489423777,0.032069049355701484,0.029238998298079258,0.032069049355701484,1.151949914903963,0.9228300510576222,0.3009749574519815,0.22467298808655484,0.3009749574519815,0.8266350595672259,1.1532701191344519,-0.8954339897884755,0.3646729880865548,-0.8954339897884755,0.6661001701920741,2.1,-1.573591052759543,0.23913202042304887,-1.573591052759543,1.3972769268174081,1.2847799659615853,-0.5367420374422562,0.1314150255288111,-0.5367420374422562,0.9609749574519815,0.7,-0.5645660102115245,0.07902504254801851,-0.5645660102115245,0.35010697787503037,0.4,0.08347191830780448,0.10359105275954295,0.08347191830780448,0.33238998298079264,2.5076100170192075,-2.228264040846098,0.18718210551908587,-2.228264040846098,1.170534889375152
3.85,,-5.2131436907367,0.0,2.776430829078535,,,,,,,,91.0839046924386,-18.531108679795768,92.94946511062486,0.7936056406515926,0.4791295891077072,0.2661633843909555,0.4791295891077072,0.43703379528324826,0.2,0.06721128130318502,0.02767323121808901,0.06721128130318502,0.15255774373936298,1.2063943593484074,0.122557743739363,0.10127887186968151,0.122557743739363,1.0819183078045223,0.9255774373936301,0.03772672015560419,0.2084901531728665,0.03772672015560419,0.5202844638949672,1.1808169219547775,0.02854364211038174,0.029360564065159248,0.02854364211038174,1.1580282032579625,0.9191830780452226,0.30401410162898124,0.22552394845611476,0.30401410162898124,0.8223802577194264,1.1447605154388527,-0.8961633843909556,0.36552394845611474,-0.8961633843909556,0.653943593484075,2.1,-1.5698225139800632,0.237673231218089,-1.5698225139800632,1.4025042548018476,1.287211281303185,-0.5340675905664966,0.12959153902261125,-0.5340675905664966,0.9640141016289813,0.7,-0.5638366156090445,0.07598589837101874,-0.5638366156090445,0.3516873328470702,0.4,0.08930707512764396,0.09982251398006325,0.08930707512764396,0.33360564065159254,2.5063943593484077,-2.225346462436178,0.1796450279601265,-2.225346462436178,1.1784366642353512
3.9000000000000004,,-4.218249452954055,0.0,2.2485922684172124,,,,,,,,92.26681254558716,-18.771772428884027,94.15660102115245,0.7948212983223925,0.4811962071480671,0.26689277899343544,0.4811962071480671,0.43569657184536836,0.2,0.06964259664478484,0.026214442013129113,0.06964259664478484,0.15207148067104304,1.2051787016776077,0.12207148067104304,0.10103574033552153,0.12207148067104304,1.0815536105032824,0.9207148067104304,0.030554339897884697,0.21067833698030633,0.030554339897884697,0.5126258205689278,1.1844638949671773,0.02501823486506205,0.02948212983223924,0.02501823486506205,1.1641064916119621,0.9155361050328228,0.30705324580598103,0.22637490882567468,0.30705324580598103,0.8181254558716267,1.1362509117432533,-0.8968927789934354,0.3663749088256747,-0.8968927789934354,0.641787016776076,2.1,-1.5660539752005835,0.23621444201312913,-1.5660539752005835,1.4077315827862873,1.2896425966447849,-0.5313931436907368,0.12776805251641138,-0.5313931436907368,0.9670532458059811,0.7,-0.5631072210065646,0.07294675419401897,-0.5631072210065646,0.3532676878191101,0.4,0.09514223194748356,0.09605397520058356,0.09514223194748356,0.33482129832239244,2.5051787016776075,-2.2224288840262583,0.1721079504011671,-2.2224288840262583,1.1863384390955507
3.95,,-3.2233552151714093,0.0,1.7207537077558968,,,,,,,,93.4497203987357,-19.012436177972283,95.36373693168004,0.7960369559931924,0.4832628251884269,0.2676221735959154,0.4832628251884269,0.43435934840748847,0.2,0.07207391198638463,0.024755652808169243,0.07207391198638463,0.1515852176027231,1.2039630440068076,0.12158521760272308,0.10079260880136154,0.12158521760272308,1.0811889132020425,0.9158521760272308,0.023381959640165317,0.21286652078774615,0.023381959640165317,0.5049671772428884,1.1881108679795769,0.021492827619742305,0.02960369559931923,0.021492827619742305,1.1701847799659615,0.9118891320204231,0.3100923899829808,0.22722586919523463,0.3100923899829808,0.813870654023827,1.127741308047654,-0.8976221735959155,0.3672258691952346,-0.8976221735959155,0.629630440068077,2.1,-1.5622854364211038,0.23475565280816924,-1.5622854364211038,1.4129589107707268,1.2920739119863847,-0.528718696814977,0.12594456601021153,-0.528718696814977,0.9700923899829808,0.7,-0.5623778264040846,0.06990761001701923,-0.5623778264040846,0.35484804279115,0.4,0.10097738876732304,0.09228543642110387,0.10097738876732304,0.33603695599319233,2.5039630440068077,-2.2195113056163382,0.16457087284220773,-2.2195113056163382,1.19424021395575
4.0,,-2.228460977388778,0.0,1.1929151470945811,,,,,,,,94.63262825188426,-19.25309992706054,96.57087284220763,0.7972526136639922,0.48532944322878674,0.26835156819839534,0.48532944322878674,0.43302212496960857,0.2,0.07450522732798442,0.02329686360320936,0.07450522732798442,0.1510989545344031,1.2027473863360076,0.12109895453440311,0.10054947726720156,0.12109895453440311,1.0808242159008024,0.9109895453440312,0.016209579382445938,0.21505470459518597,0.016209579382445938,0.49730853391684904,1.1917578409919765,0.017967420374422616,0.02972526136639922,0.017967420374422616,1.1762630683199609,0.9082421590080234,0.3131315341599805,0.22807682956479455,0.3131315341599805,0.8096158521760273,1.1192317043520545,-0.8983515681983953,0.36807682956479454,-0.8983515681983953,0.617473863360078,2.1,-1.5585168976416242,0.23329686360320936,-1.5585168976416242,1.4181862387551665,1.2945052273279845,-0.5260442499392172,0.12412107950401169,-0.5260442499392172,0.9731315341599804,0.7,-0.5616484318016047,0.06686846584001949,-0.5616484318016047,0.35642839776318985,0.4,0.10681254558716258,0.08851689764162418,0.10681254558716258,0.33725261366399223,2.502747386336008,-2.2165937272064187,0.15703379528324835,-2.2165937272064187,1.2021419888159492
4.05,,-1.2335667396061467,0.0,0.6650765864332655,,,,,,,,95.8155361050328,-19.493763676148795,97.77800875273523,0.7984682713347921,0.4873960612691466,0.2690809628008753,0.4873960612691466,0.43168490153172867,0.2,0.07693654266958422,0.021838074398249474,0.07693654266958422,0.15061269146608314,1.2015317286652079,0.12061269146608315,0.10030634573304159,0.12061269146608315,1.0804595185995625,0.9061269146608316,0.009037199124726558,0.2172428884026258,0.009037199124726558,0.48964989059080966,1.1954048140043763,0.014442013129102926,0.02984682713347921,0.014442013129102926,1.1823413566739605,0.9045951859956237,0.31617067833698026,0.22892778993435448,0.31617067833698026,0.8053610503282277,1.1107221006564554,-0.8990809628008752,0.3689277899343545,-0.8990809628008752,0.6053172866520791,2.1,-1.5547483588621445,0.2318380743982495,-1.5547483588621445,1.423413566739606,1.2969365426695842,-0.5233698030634574,0.12229759299781184,-0.5233698030634574,0.9761706783369802,0.7,-0.5609190371991248,0.06382932166301974,-0.5609190371991248,0.3580087527352297,0.4,0.11264770240700211,0.08474835886214449,0.11264770240700211,0.3384682713347921,2.501531728665208,-2.213676148796499,0.14949671772428896,-2.213676148796499,1.2100437636761487
4.1000000000000005,,-0.23867250182348698,0.0,0.13723802577194277,,,,,,,,96.99844395818137,-19.734427425237055,98.98514466326284,0.799683929005592,0.48946267930950643,0.26981035740335524,0.48946267930950643,0.4303476780938488,0.2,0.07936785801118407,0.020379285193289576,0.07936785801118407,0.1501264283977632,1.2003160709944078,0.12012642839776319,0.1000632141988816,0.12012642839776319,1.0800948212983226,0.9012642839776319,0.0018648188670069565,0.21943107221006564,0.0018648188670069565,0.48199124726477016,1.199051787016776,0.010916605883783126,0.0299683929005592,0.010916605883783126,1.18841964502796,0.900948212983224,0.31920982251398006,0.22977875030391443,0.31920982251398006,0.801106248480428,1.1022124969608558,-0.8998103574033552,0.3697787503039144,-0.8998103574033552,0.5931607099440799,2.1,-1.5509798200826648,0.2303792851932896,-1.5509798200826648,1.4286408947240457,1.299367858011184,-0.5206953561876976,0.12047410649161197,-0.5206953561876976,0.97920982251398,0.7,-0.5601896425966448,0.06079017748601995,-0.5601896425966448,0.3595891077072696,0.4,0.11848285922684171,0.08097982008266474,0.11848285922684171,0.3396839290055921,2.500316070994408,-2.210758570386579,0.14195964016532947,-2.210758570386579,1.2179455385363482
4.15,2.9363428571428574,0.30119999999999975,0.002114285714285712,-0.027485714285714256,0.8245714285714277,-10.602697142857144,-10.85472,-0.4382914285714281,0.12960571428571413,0.35435428571428534,-0.4780399999999995,97.31953142857142,-18.772417142857144,99.13260571428572,0.7788571428571429,0.48788571428571426,0.2869142857142857,0.48788571428571426,0.42154285714285716,0.2,0.08,0.024228571428571426,0.08,0.14577142857142858,1.2,0.11577142857142858,0.0978857142857143,0.11577142857142858,1.08,0.9,-0.002114285714285712,0.22422857142857142,-0.002114285714285712,0.49057142857142855,1.2,0.01,0.03,0.01,1.19,0.8577142857142858,0.3115428571428572,0.2511428571428571,0.3115428571428572,0.7746285714285716,1.1,-0.9021142857142858,0.37,-0.9021142857142858,0.5667428571428571,2.0788571428571427,-1.5309714285714286,0.25748571428571426,-1.5309714285714286,1.4130857142857143,1.3211428571428572,-0.5305714285714286,0.13479999999999998,-0.5305714285714286,0.9736571428571429,0.7,-0.5494285714285715,0.07057142857142856,-0.5494285714285715,0.35577142857142857,0.3788571428571429,0.12,0.07577142857142857,0.12,0.3357714285714286,2.5,-2.1973142857142856,0.1590285714285714,-2.1973142857142856,1.211542857142857
4.2,2.944914285714286,0.6811999999999988,0.004971428571428562,-0.06462857142857131,1.9388571428571393,-9.390125714285718,-9.982720000000004,-1.0305771428571409,0.3047485714285708,0.833211428571427,-1.124039999999998,97.33781714285715,-17.38784571428572,98.90774857142857,0.7502857142857143,0.4850285714285714,0.3097714285714285,0.4850285714285714,0.41011428571428576,0.2,0.08,0.029942857142857125,0.08,0.14005714285714288,1.2,0.11005714285714288,0.09502857142857143,0.11005714285714288,1.08,0.9,-0.004971428571428562,0.22994285714285712,-0.004971428571428562,0.5048571428571428,1.2,0.01,0.03,0.01,1.19,0.8005714285714287,0.3001142857142858,0.27971428571428564,0.3001142857142858,0.7403428571428573,1.1,-0.9049714285714285,0.37,-0.9049714285714285,0.5353142857142859,2.0502857142857143,-1.5052571428571428,0.2946285714285713,-1.5052571428571428,1.3902285714285716,1.3497142857142856,-0.5448571428571428,0.15479999999999994,-0.5448571428571428,0.9650857142857143,0.7,-0.5351428571428573,0.08485714285714281,-0.5351428571428573,0.3500571428571429,0.35028571428571437,0.12,0.07005714285714287,0.12,0.3300571428571429,2.5,-2.1801714285714286,0.18474285714285707,-2.1801714285714286,1.2001142857142857
4.25,2.9534857142857143,1.061199999999998,0.007828571428571412,-0.10177142857142836,3.0531428571428507,-8.177554285714294,-9.110720000000006,-1.6228628571428536,0.4798914285714275,1.3120685714285687,-1.7700399999999963,97.35610285714286,-16.003274285714294,98.68289142857144,0.7217142857142859,0.4821714285714286,0.3326285714285713,0.4821714285714286,0.39868571428571437,0.2,0.08,0.035657142857142825,0.08,0.13434285714285718,1.2,0.10434285714285718,0.09217142857142858,0.10434285714285718,1.08,0.9,-0.007828571428571412,0.23565714285714282,-0.007828571428571412,0.5191428571428571,1.2,0.01,0.03,0.01,1.19,0.7434285714285718,0.2886857142857144,0.30828571428571416,0.2886857142857144,0.7060571428571432,1.1,-0.9078285714285714,0.37,-0.9078285714285714,0.5038857142857145,2.021714285714286,-1.4795428571428573,0.33177142857142833,-1.4795428571428573,1.3673714285714287,1.3782857142857141,-0.559142857142857,0.1747999999999999,-0.559142857142857,0.9565142857142858,0.7,-0.5208571428571429,0.09914285714285706,-0.5208571428571429,0.3443428571428572,0.3217142857142859,0.12,0.06434285714285717,0.12,0.3243428571428572,2.5,-2.1630285714285713,0.21045714285714273,-2.1630285714285713,1.1886857142857143
4.3,2.9719999999999995,1.6619999999999886,0.01,-0.1599999999999989,4.829999999999965,-6.250400000000037,-7.724700000000027,-2.564399999999982,0.7581999999999947,2.0731999999999853,-2.7970999999999804,97.3853,-13.802900000000044,98.3746,0.7,0.48,0.35,0.48,0.39,0.2,0.08,0.04,0.08,0.13,1.2,0.1,0.09,0.1,1.08,0.9,-0.01,0.24,-0.01,0.53,1.2,0.01,0.03,0.01,1.19,0.7,0.28,0.33,0.28,0.68,1.1,-0.91,0.37,-0.91,0.48,2.0,-1.46,0.36,-1.46,1.35,1.4,-0.57,0.19,-0.57,0.95,0.7,-0.51,0.11,-0.51,0.34,0.3,0.12,0.06,0.12,0.32,2.5,-2.15,0.23,-2.15,1.18
4.3500000000000005,3.0338461538461545,2.982307692307703,0.015641025641025746,-0.2920512820512832,8.917948717948754,-1.1822051282050774,-4.073358974358937,-4.438128205128218,2.017615384615402,3.824717948717964,-5.145179487179508,97.51351282051282,-10.47979487179486,98.0765641025641,0.7,0.48,0.35,0.48,0.39,0.2,0.08,0.04,0.08,0.13,1.2,0.1,0.09,0.1,1.08,0.9,-0.01,0.24,-0.01,0.53,1.2,0.01,0.03,0.01,1.19,0.7,0.28,0.33,0.28,0.68,1.1,-0.91,0.37,-0.91,0.48,2.0,-1.46,0.36,-1.46,1.35,1.4,-0.57,0.19,-0.57,0.95,0.7,-0.51,0.11,-0.51,0.34,0.3,0.12,0.06,0.12,0.32,2.5,-2.15,0.23,-2.15,1.18
4.4,3.112105263157895,4.343157894736846,0.02,-0.4355263157894741,13.786842105263172,6.0099473684210745,1.080078947368437,-5.75726315789474,4.992105263157905,5.930500000000006,-7.875736842105271,97.78560526315789,-11.483500000000006,98.45873684210527,0.7,0.48,0.35,0.48,0.39,0.2,0.08,0.04,0.08,0.13,1.2,0.1,0.09,0.1,1.08,0.9,-0.01,0.24,-0.01,0.53,1.2,0.01,0.03,0.01,1.19,0.7,0.28,0.33,0.28,0.68,1.1,-0.91,0.37,-0.91,0.48,2.0,-1.46,0.36,-1.46,1.35,1.4,-0.57,0.19,-0.57,0.95,0.7,-0.51,0.11,-0.51,0.34,0.3,0.12,0.06,0.12,0.32,2.5,-2.15,0.23,-2.15,1.18
4.45,3.202564102564103,5.704871794871806,0.01,-0.6051282051282068,19.52564102564108,10.011820512820533,3.722871794871812,-6.134820512820481,5.7913846153845725,8.696205128205158,-10.96189743589746,97.74797435897436,-12.99810256410258,98.6103076923077,0.7,0.47,0.38,0.47,0.36,0.1,0.03,0.05,0.03,0.14,1.2,0.1,0.06,0.1,1.1,0.8,-0.01,0.29,-0.01,0.56,1.1,0.03,0.09,0.03,1.14,0.7,0.3,0.34,0.3,0.62,1.1,-0.93,0.33,-0.93,0.45,2.0,-1.42,0.38,-1.42,1.38,1.5,-0.63,0.24,-0.63,0.75,0.6,-0.45,0.14,-0.45,0.34,0.3,0.08,0.05,0.08,0.31,2.4,-2.14,0.27,-2.14,1.11
4.5,3.2931578947368423,7.042631578947371,0.014736842105263184,-0.7910526315789477,25.57368421052633,12.241842105263162,5.58126315789474,-2.319473684210518,0.649157894736831,12.107631578947375,-13.831631578947373,97.65984210526315,-14.62147368421053,98.75084210526316,0.7,0.47,0.38,0.47,0.36,0.1,0.03,0.05,0.03,0.14,1.2,0.1,0.06,0.1,1.1,0.8,-0.01,0.29,-0.01,0.56,1.1,0.03,0.09,0.03,1.14,0.7,0.3,0.34,0.3,0.62,1.1,-0.93,0.33,-0.93,0.45,2.0,-1.42,0.38,-1.42,1.38,1.5,-0.63,0.24,-0.63,0.75,0.6,-0.45,0.14,-0.45,0.34,0.3,0.08,0.05,0.08,0.31,2.4,-2.14,0.27,-2.14,1.11
4.55,3.4010526315789473,8.403157894736843,0.02,-0.9884210526315791,31.652631578947375,14.024473684210529,7.21442105263158,2.6376315789473734,-4.824526315789479,15.618684210526318,-16.613736842105265,97.50931578947369,-16.00884210526316,98.81794736842106,0.7,0.47,0.38,0.47,0.36,0.1,0.03,0.05,0.03,0.14,1.2,0.1,0.06,0.1,1.1,0.8,-0.01,0.29,-0.01,0.56,1.1,0.03,0.09,0.03,1.14,0.7,0.3,0.34,0.3,0.62,1.1,-0.93,0.33,-0.93,0.45,2.0,-1.42,0.38,-1.42,1.38,1.5,-0.63,0.24,-0.63,0.75,0.6,-0.45,0.14,-0.45,0.34,0.3,0.08,0.05,0.08,0.31,2.4,-2.14,0.27,-2.14,1.11
4.6000000000000005,3.507105263157895,9.740526315789479,0.030789473684210568,-1.2042105263157903,36.913157894736855,14.157526315789472,7.796105263157894,10.23621052631581,-8.04136842105264,18.838789473684216,-18.747210526315794,97.0908947368421,-16.076289473684216,98.41578947368421,0.7,0.47,0.38,0.47,0.36,0.1,0.03,0.05,0.03,0.14,1.2,0.1,0.06,0.1,1.1,0.8,-0.01,0.29,-0.01,0.56,1.1,0.03,0.09,0.03,1.14,0.7,0.3,0.34,0.3,0.62,1.1,-0.93,0.33,-0.93,0.45,2.0,-1.42,0.38,-1.42,1.38,1.5,-0.63,0.24,-0.63,0.75,0.6,-0.45,0.14,-0.45,0.34,0.3,0.08,0.05,0.08,0.31,2.4,-2.14,0.27,-2.14,1.11
4.65,3.625526315789475,11.086578947368434,0.036052631578947246,-1.4410526315789496,39.87368421052633,13.638578947368416,7.742289473684209,16.7576578947369,-11.03557894736846,20.891026315789485,-19.90444736842106,96.82878947368421,-17.39984210526316,98.38434210526316,0.7,0.47,0.38,0.47,0.36,0.1,0.03,0.05,0.03,0.14,1.2,0.1,0.06,0.1,1.1,0.8,-0.01,0.29,-0.01,0.56,1.1,0.04973684210526377,0.0978947368421055,0.04973684210526377,1.1360526315789472,0.7,0.3,0.34,0.3,0.62,1.1,-0.93,0.33,-0.93,0.45,2.0,-1.42,0.38,-1.42,1.38,1.5,-0.63,0.24,-0.63,0.75,0.6,-0.45,0.14,-0.45,0.34,0.3,0.08,0.05,0.08,0.31,2.4,-2.14,0.27,-2.14,1.11
4.7,3.758157894736842,12.441842105263158,0.037105263157894725,-1.6849999999999998,41.09736842105263,13.085315789473684,7.4851052631578945,23.312815789473678,-15.128499999999997,22.08007894736842,-20.352,96.81305263157894,-18.096605263157894,98.49323684210526,0.7,0.47,0.38,0.47,0.36,0.1,0.03,0.05,0.03,0.14,1.2,0.1,0.06,0.1,1.1,0.8,-0.01,0.29,-0.01,0.56,1.1,0.08,0.11,0.08,1.13,0.7,0.3,0.34,0.3,0.62,1.1,-0.93,0.33,-0.93,0.45,2.0,-1.42,0.38,-1.42,1.38,1.5,-0.63,0.24,-0.63,0.75,0.6,-0.45,0.14,-0.45,0.34,0.3,0.08,0.05,0.08,0.31,2.4,-2.14,0.27,-2.14,1.11
4.75,3.91,13.76,0.11,-1.93,42.8,12.514,7.317,29.804,-17.653,23.037,-20.171,97.703,-20.403,99.816,0.7,0.47,0.38,0.47,0.36,0.1,0.03,0.05,0.03,0.14,1.2,0.1,0.06,0.1,1.1,0.8,-0.01,0.29,-0.01,0.56,1.1,0.08,0.11,0.08,1.13,0.7,0.3,0.34,0.3,0.62,1.1,-0.93,0.33,-0.93,0.45,2.0,-1.42,0.38,-1.42,1.38,1.5,-0.63,0.24,-0.63,0.75,0.6,-0.45,0.14,-0.45,0.34,0.3,0.08,0.05,0.08,0.31,2.4,-2.14,0.27,-2.14,1.11
4.800000000000001,4.025135135135137,15.1383783783784,0.06648648648648627,-2.230810810810816,42.318918918918904,11.587162162162151,7.320189189189196,31.07500000000004,-19.997702702702753,23.10894594594594,-19.778297297297286,97.46956756756757,-21.067864864864887,99.72181081081081,0.7,0.47,0.38,0.47,0.36,0.1,0.03,0.05,0.03,0.14,1.2,0.1,0.06,0.1,1.1,0.8,-0.01,0.29,-0.01,0.56,1.1,0.08,0.11,0.08,1.13,0.7,0.3,0.34,0.3,0.62,1.1,-0.93,0.33,-0.93,0.45,2.0,-1.42,0.38,-1.42,1.38,1.5,-0.63,0.24,-0.63,0.75,0.6,-0.45,0.14,-0.45,0.34,0.3,0.08,0.05,0.08,0.31,2.4,-2.14,0.27,-2.14,1.11
4.8500000000000005,4.158421052631581,16.49105263157896,0.06684210526315804,-2.5373684210526344,41.115789473684195,10.920368421052626,7.749210526315794,33.360052631578974,-22.508631578947387,22.60510526315789,-19.069473684210518,97.41973684210527,-22.49752631578949,99.98652631578948,0.7,0.47,0.38,0.47,0.36,0.1,0.03,0.05,0.03,0.14,1.2,0.1,0.06,0.1,1.1,0.8,-0.01,0.29,-0.01,0.56,1.1,0.08,0.11,0.08,1.13,0.7,0.3,0.34,0.3,0.62,1.1,-0.93,0.33,-0.93,0.45,2.0,-1.42,0.38,-1.42,1.38,1.5,-0.63,0.24,-0.63,0.75,0.6,-0.45,0.14,-0.45,0.34,0.3,0.08,0.05,0.08,0.31,2.4,-2.14,0.27,-2.14,1.11
4.9,4.292702702702703,17.847297297297306,0.07027027027027037,-2.8570270270270295,39.994594594594595,10.078999999999997,7.98454054054054,34.25008108108108,-21.73670270270269,21.90364864864864,-18.59224324324324,97.33648648648648,-23.591000000000008,100.15718918918918,0.7,0.4697297297297296,0.3791891891891889,0.4697297297297296,0.36135135135135177,0.10270270270270361,0.028378378378377832,0.04945945945945928,0.028378378378377832,0.14027027027027036,1.2,0.10054054054054072,0.05918918918918892,0.10054054054054072,1.1002702702702705,0.7972972972972965,-0.01,0.29216216216216284,-0.01,0.5578378378378371,1.1,0.08108108108108145,0.11162162162162216,0.08108108108108145,1.128648648648648,0.7027027027027035,0.30108108108108145,0.33783783783783716,0.30108108108108145,0.6205405405405408,1.0972972972972965,-0.9297297297297297,0.33,-0.9297297297297297,0.44864864864864823,2.005405405405407,-1.4245945945945961,0.37459459459459277,-1.4245945945945961,1.3829729729729738,1.5027027027027036,-0.6324324324324333,0.2413513513513518,-0.6324324324324333,0.744054054054052,0.6,-0.44756756756756677,0.14,-0.44756756756756677,0.34,0.3054054054054072,0.07621621621621495,0.05378378378378506,0.07621621621621495,0.3137837837837851,2.397297297297296,-2.1367567567567556,0.272972972972974,-2.1367567567567556,1.109189189189189
4.95,4.430526315789474,19.19842105263158,0.08368421052631583,-3.2021052631578955,39.39473684210526,9.632684210526316,7.894473684210524,34.055578947368424,-20.731368421052633,20.844315789473683,-18.399,97.12873684210527,-24.845631578947373,100.2578947368421,0.7,0.46,0.35,0.46,0.41,0.2,-0.03,0.03,-0.03,0.15,1.2,0.12,0.03,0.12,1.11,0.7,-0.01,0.37,-0.01,0.48,1.1,0.12,0.17,0.12,1.08,0.8,0.34,0.26,0.34,0.64,1.0,-0.92,0.33,-0.92,0.4,2.2,-1.59,0.18,-1.59,1.49,1.6,-0.72,0.29,-0.72,0.53,0.6,-0.36,0.14,-0.36,0.34,0.5,-0.06,0.19,-0.06,0.45,2.3,-2.02,0.38,-2.02,1.08
5.0,4.57027027027027,20.532702702702696,0.097027027027027,-3.5427027027027016,37.85675675675676,9.275432432432433,7.204405405405407,33.97454054054054,-21.34935135135135,19.753621621621626,-18.54035135135135,97.4807027027027,-26.322567567567564,100.97362162162162,0.7,0.46,0.35,0.46,0.41,0.2,-0.03,0.03,-0.03,0.15,1.2,0.12,0.03,0.12,1.11,0.7,-0.01,0.37,-0.01,0.48,1.1,0.12,0.17,0.12,1.08,0.8,0.34,0.26,0.34,0.64,1.0,-0.92,0.33,-0.92,0.4,2.2,-1.59,0.18,-1.59,1.49,1.6,-0.72,0.29,-0.72,0.53,0.6,-0.36,0.14,-0.36,0.34,0.5,-0.06,0.19,-0.06,0.45,2.3,-2.02,0.38,-2.02,1.08
5.050000000000001,4.705000000000002,21.885000000000016,0.09055555555555575,-3.915555555555561,36.85555555555554,9.277222222222223,6.377666666666662,34.35972222222223,-22.346000000000004,18.492055555555538,-18.75616666666667,97.14416666666668,-27.189055555555573,100.87738888888889,0.7,0.46,0.35,0.46,0.41,0.2,-0.03,0.03,-0.03,0.15,1.2,0.12,0.03,0.12,1.11,0.7,-0.01,0.37,-0.01,0.48,1.1,0.12,0.17,0.12,1.08,0.8,0.34,0.26,0.34,0.64,1.0,-0.92,0.33,-0.92,0.4,2.2,-1.59,0.18,-1.59,1.49,1.6,-0.72,0.29,-0.72,0.53,0.6,-0.36,0.14,-0.36,0.34,0.5,-0.06,0.19,-0.06,0.45,2.3,-2.02,0.38,-2.02,1.08
5.1000000000000005,4.833243243243245,23.248108108108124,0.1,-4.305405405405409,35.7108108108108,9.419918918918922,6.054135135135131,34.48213513513513,-22.65910810810811,17.285648648648635,-18.732486486486486,97.09337837837838,-28.381891891891904,101.15745945945946,0.7,0.46,0.35,0.46,0.41,0.2,-0.03,0.03,-0.03,0.15,1.2,0.12,0.03,0.12,1.11,0.7,-0.01,0.37,-0.01,0.48,1.1,0.12,0.17,0.12,1.08,0.8,0.34,0.26,0.34,0.64,1.0,-0.92,0.33,-0.92,0.4,2.2,-1.59,0.18,-1.59,1.49,1.6,-0.72,0.29,-0.72,0.53,0.6,-0.36,0.14,-0.36,0.34,0.5,-0.06,0.19,-0.06,0.45,2.3,-2.02,0.38,-2.02,1.08
5.15,4.960540540540541,24.585945945945944,0.10783783783783783,-4.7051351351351345,34.494594594594595,9.654081081081081,5.752216216216216,34.02708108108108,-22.946162162162164,16.0712972972973,-18.702756756756756,96.84272972972974,-29.263324324324323,101.16794594594595,0.7,0.46,0.35,0.46,0.41,0.2,-0.03,0.03,-0.03,0.15,1.2,0.12,0.03,0.12,1.11,0.7,-0.01,0.37,-0.01,0.48,1.1,0.12,0.17,0.12,1.08,0.8,0.34,0.26,0.34,0.64,1.0,-0.92,0.33,-0.92,0.4,2.2,-1.59,0.18,-1.59,1.49,1.6,-0.72,0.29,-0.72,0.53,0.6,-0.36,0.14,-0.36,0.34,0.5,-0.06,0.19,-0.06,0.45,2.3,-2.02,0.38,-2.02,1.08
5.2,5.095000000000001,25.94333333333334,0.12,-5.121666666666668,33.416666666666664,9.722,5.442833333333333,35.1345,-23.240333333333332,15.035833333333331,-18.67233333333333,96.5045,-30.324833333333338,101.15733333333333,0.8,0.48,0.3,0.48,0.46,0.2,-0.04,0.01,-0.04,0.17,1.2,0.12,0.04,0.12,1.1,0.6,0.03,0.38,0.03,0.48,1.0,0.23,0.23,0.23,0.99,0.9,0.3,0.06,0.3,0.77,1.0,-0.86,0.33,-0.86,0.4,2.4,-1.75,0.0,-1.75,1.59,1.5,-0.73,0.2,-0.73,0.15,0.6,-0.35,0.15,-0.35,0.29,0.6,-0.13,0.3,-0.13,0.56,2.3,-2.08,0.33,-2.08,1.03
5.25,5.213243243243243,27.289729729729718,0.1254054054054053,-5.552972972972969,32.837837837837846,9.461729729729733,5.137000000000002,36.26078378378378,-23.531054054054053,14.40567567567568,-18.642108108108108,96.352,-31.484405405405393,101.36602702702702,0.8,0.48,0.3,0.48,0.46,0.2,-0.04,0.01,-0.04,0.17,1.2,0.12,0.04,0.12,1.1,0.6,0.03,0.38,0.03,0.48,1.0,0.23,0.23,0.23,0.99,0.9,0.3,0.06,0.3,0.77,1.0,-0.86,0.33,-0.86,0.4,2.4,-1.75,0.0,-1.75,1.59,1.5,-0.73,0.2,-0.73,0.15,0.6,-0.35,0.15,-0.35,0.29,0.6,-0.13,0.3,-0.13,0.56,2.3,-2.08,0.33,-2.08,1.03
5.300000000000001,5.323333333333335,28.629166666666688,0.13916666666666688,-5.993333333333339,32.608333333333334,8.967333333333324,4.832416666666663,35.88658333333333,-23.820500000000006,14.103249999999997,-18.611833333333333,96.15708333333333,-32.63350000000001,101.5445,0.8,0.48,0.3,0.48,0.46,0.2,-0.04,0.01,-0.04,0.17,1.2,0.12,0.04,0.12,1.1,0.6,0.03,0.38,0.03,0.48,1.0,0.23,0.23,0.23,0.99,0.9,0.3,0.06,0.3,0.77,1.0,-0.86,0.33,-0.86,0.4,2.4,-1.75,0.0,-1.75,1.59,1.5,-0.73,0.2,-0.73,0.15,0.6,-0.35,0.15,-0.35,0.29,0.6,-0.13,0.3,-0.13,0.56,2.3,-2.08,0.33,-2.08,1.03
5.3500000000000005,5.434444444444445,29.97333333333334,0.14,-6.450833333333335,32.56111111111111,8.404777777777774,4.523472222222221,38.023833333333336,-24.11416666666667,14.105027777777778,-18.58127777777778,95.8055,-33.27097222222223,101.41938888888889,0.8,0.48,0.3,0.48,0.46,0.2,-0.04,0.01,-0.04,0.17,1.2,0.12,0.04,0.12,1.1,0.6,0.03,0.38,0.03,0.48,1.0,0.23,0.23,0.23,0.99,0.9,0.3,0.06,0.3,0.77,1.0,-0.86,0.33,-0.86,0.4,2.4,-1.75,0.0,-1.75,1.59,1.5,-0.73,0.2,-0.73,0.15,0.6,-0.35,0.15,-0.35,0.29,0.6,-0.13,0.3,-0.13,0.56,2.3,-2.08,0.33,-2.08,1.03
5.4,5.545555555555557,31.306666666666686,0.14694444444444463,-6.916111111111117,32.90833333333334,7.69574999999999,4.217222222222219,38.591888888888896,-24.405138888888892,14.369611111111116,-18.551416666666668,95.75619444444445,-34.51263888888891,101.78675000000001,0.8,0.48,0.3,0.48,0.46,0.2,-0.04,0.01,-0.04,0.17,1.2,0.12,0.04,0.12,1.1,0.6,0.03,0.38,0.03,0.48,1.0,0.23,0.23,0.23,0.99,0.9,0.3,0.06,0.3,0.77,1.0,-0.86,0.33,-0.86,0.4,2.4,-1.75,0.0,-1.75,1.59,1.5,-0.73,0.2,-0.73,0.15,0.6,-0.35,0.15,-0.35,0.29,0.6,-0.13,0.3,-0.13,0.56,2.3,-2.08,0.33,-2.08,1.03
5.45,5.645,32.639166666666675,0.15083333333333337,-7.399166666666668,33.333333333333336,6.841333333333331,3.911749999999999,39.256750000000004,-24.695333333333334,14.841583333333334,-18.52125,95.62100000000001,-35.23225000000001,101.90675,0.8,0.5,0.26,0.5,0.5,0.2,-0.03,0.01,-0.03,0.18,1.2,0.13,0.05,0.13,1.08,0.6,0.03,0.38,0.03,0.48,1.0,0.26,0.22,0.26,0.98,0.9,0.3,0.06,0.3,0.77,1.0,-0.86,0.33,-0.86,0.4,2.4,-1.83,0.05,-1.83,1.6,1.5,-0.7,0.15,-0.7,0.2,0.6,-0.35,0.16,-0.35,0.24,0.6,-0.14,0.3,-0.14,0.56,2.3,-2.08,0.33,-2.08,1.03
5.5,5.724285714285715,33.971428571428575,0.16,-7.894857142857146,33.84571428571429,5.970228571428566,3.605599999999998,39.56442857142857,-24.986542857142858,15.269514285714289,-18.491314285714285,95.73054285714285,-36.59917142857143,102.49005714285715,0.8,0.5,0.26,0.5,0.5,0.2,-0.03,0.01,-0.03,0.18,1.2,0.13,0.05,0.13,1.08,0.6,0.03,0.38,0.03,0.48,1.0,0.26,0.22,0.26,0.98,0.9,0.3,0.06,0.3,0.77,1.0,-0.86,0.33,-0.86,0.4,2.4,-1.83,0.05,-1.83,1.6,1.5,-0.7,0.15,-0.7,0.2,0.6,-0.35,0.16,-0.35,0.24,0.6,-0.14,0.3,-0.14,0.56,2.3,-2.08,0.33,-2.08,1.03
5.550000000000001,5.794444444444445,35.295555555555566,0.16,-8.400000000000004,34.177777777777784,5.06288888888888,3.3011111111111084,39.39011111111111,-25.276111111111113,15.581000000000003,-18.461333333333332,95.80411111111111,-37.54477777777779,102.9,0.8,0.5,0.26,0.5,0.5,0.2,-0.03,0.01,-0.03,0.18,1.2,0.13,0.05,0.13,1.08,0.6,0.03,0.38,0.03,0.48,1.0,0.26,0.22,0.26,0.98,0.9,0.3,0.06,0.3,0.77,1.0,-0.86,0.33,-0.86,0.4,2.4,-1.83,0.05,-1.83,1.6,1.5,-0.7,0.15,-0.7,0.2,0.6,-0.35,0.16,-0.35,0.24,0.6,-0.14,0.3,-0.14,0.56,2.3,-2.08,0.33,-2.08,1.03
5.6000000000000005,5.849428571428572,36.63228571428573,0.15685714285714275,-8.939428571428575,33.90571428571428,4.370971428571424,2.9957428571428553,39.32028571428571,-25.5668,15.31842857142857,-18.4314,95.8438857142857,-38.90042857142858,103.44037142857142,0.8,0.5,0.26,0.5,0.5,0.2,-0.03,0.01,-0.03,0.18,1.2,0.13,0.05,0.13,1.08,0.6,0.03,0.38,0.03,0.48,1.0,0.26,0.22,0.26,0.98,0.9,0.3,0.06,0.3,0.77,1.0,-0.86,0.33,-0.86,0.4,2.4,-1.83,0.05,-1.83,1.6,1.5,-0.7,0.15,-0.7,0.2,0.6,-0.35,0.16,-0.35,0.24,0.6,-0.14,0.3,-0.14,0.56,2.3,-2.08,0.33,-2.08,1.03
5.65,5.892285714285715,37.96085714285716,0.15,-9.482285714285721,33.40285714285714,3.65257142857142,2.6907714285714253,38.442628571428564,-25.856800000000003,14.788485714285708,-18.401400000000002,95.78685714285714,-39.975685714285724,103.80037142857142,0.8,0.5,0.26,0.5,0.5,0.2,-0.03,0.01,-0.03,0.18,1.2,0.13,0.05,0.13,1.08,0.6,0.03,0.38,0.03,0.48,1.0,0.26,0.22,0.26,0.98,0.9,0.3,0.06,0.3,0.77,1.0,-0.86,0.33,-0.86,0.4,2.4,-1.83,0.05,-1.83,1.6,1.5,-0.7,0.15,-0.7,0.2,0.6,-0.35,0.16,-0.35,0.24,0.6,-0.14,0.3,-0.14,0.56,2.3,-2.08,0.33,-2.08,1.03
5.7,5.913823529411764,39.31529411764707,0.14,-10.058529411764711,32.758823529411764,3.0092352941176426,2.381382352941174,37.82491176470588,-26.150558823529412,14.107235294117645,-18.370676470588236,95.74879411764707,-41.018264705882366,104.17170588235294,0.8,0.51,0.22,0.51,0.54,0.2,-0.03,0.02,-0.03,0.2,1.2,0.13,0.04,0.13,1.07,0.6,0.11,0.33,0.11,0.49,1.1,0.27,0.19,0.27,0.96,1.0,0.2,0.03,0.2,0.87,0.9,-0.83,0.31,-0.83,0.4,2.5,-1.83,0.08,-1.83,1.65,1.6,-0.7,0.24,-0.7,0.36,0.6,-0.35,0.18,-0.35,0.19,0.5,-0.06,0.24,-0.06,0.5,2.3,-2.05,0.36,-2.05,0.99
5.75,5.8629411764705885,40.63882352941176,0.13323529411764712,-10.697647058823527,32.53235294117647,2.478205882352943,2.0776470588235307,37.25014705882353,-26.439588235294117,13.862058823529413,-18.340470588235295,95.80544117647058,-41.975647058823526,104.60494117647059,0.8,0.51,0.22,0.51,0.54,0.2,-0.03,0.02,-0.03,0.2,1.2,0.13,0.04,0.13,1.07,0.6,0.11,0.33,0.11,0.49,1.1,0.27,0.19,0.27,0.96,1.0,0.2,0.03,0.2,0.87,0.9,-0.83,0.31,-0.83,0.4,2.5,-1.83,0.08,-1.83,1.65,1.6,-0.7,0.24,-0.7,0.36,0.6,-0.35,0.18,-0.35,0.19,0.5,-0.06,0.24,-0.06,0.5,2.3,-2.05,0.36,-2.05,0.99
5.800000000000001,5.791176470588233,41.98882352941179,0.12,-11.357647058823542,32.364705882352936,1.9488823529411663,1.7688235294117587,36.661823529411755,-26.732411764705887,13.666058823529408,-18.310470588235294,95.87294117647059,-42.94011764705884,105.05782352941178,0.8,0.51,0.22,0.51,0.54,0.2,-0.03,0.02,-0.03,0.2,1.2,0.13,0.04,0.13,1.07,0.6,0.11,0.33,0.11,0.49,1.1,0.27,0.19,0.27,0.96,1.0,0.2,0.03,0.2,0.87,0.9,-0.83,0.31,-0.83,0.4,2.5,-1.83,0.08,-1.83,1.65,1.6,-0.7,0.24,-0.7,0.36,0.6,-0.35,0.18,-0.35,0.19,0.5,-0.06,0.24,-0.06,0.5,2.3,-2.05,0.36,-2.05,0.99
5.8500000000000005,5.723333333333333,43.323333333333345,0.11333333333333315,-12.01333333333334,32.13333333333333,1.4249999999999938,1.4633333333333298,36.078333333333326,-27.023000000000003,13.472333333333331,-18.28066666666667,95.94,-43.89533333333335,105.51366666666667,0.8,0.51,0.22,0.51,0.54,0.2,-0.03,0.02,-0.03,0.2,1.2,0.13,0.04,0.13,1.07,0.6,0.11,0.33,0.11,0.49,1.1,0.27,0.19,0.27,0.96,1.0,0.2,0.03,0.2,0.87,0.9,-0.83,0.31,-0.83,0.4,2.5,-1.83,0.08,-1.83,1.65,1.6,-0.7,0.24,-0.7,0.36,0.6,-0.35,0.18,-0.35,0.19,0.5,-0.06,0.24,-0.06,0.5,2.3,-2.05,0.36,-2.05,0.99
5.9,5.6524242424242415,44.6448484848485,0.1,-12.666666666666677,31.98484848484848,0.9038181818181741,1.1600909090909046,35.49890909090908,-27.311393939393945,13.279454545454541,-18.250818181818182,96.00681818181819,-44.844666666666676,105.97327272727273,0.8151515151515174,0.5115151515151517,0.2154545454545448,0.5115151515151517,0.5430303030303035,0.2,-0.03151515151515173,0.021515151515151737,-0.03151515151515173,0.20303030303030348,1.2,0.13151515151515175,0.035454545454544795,0.13151515151515175,1.0730303030303034,0.645454545454552,0.12363636363636563,0.2860606060605997,0.12363636363636563,0.5354545454545521,1.1,0.27,0.17939393939393786,0.27,0.9675757575757586,1.0151515151515174,0.17121212121211704,0.042121212121213884,0.17121212121211704,0.8745454545454552,0.9,-0.8284848484848483,0.3054545454545448,-0.8284848484848483,0.39545454545454484,2.4848484848484826,-1.8163636363636344,0.07393939393939306,-1.8163636363636344,1.6545454545454552,1.6,-0.6969696969696965,0.2445454545454552,-0.6969696969696965,0.35848484848484824,0.6,-0.3515151515151517,0.17848484848484827,-0.3515151515151517,0.18090909090908958,0.5,-0.04030303030302744,0.23848484848484827,-0.04030303030302744,0.48787878787878614,2.2848484848484825,-2.0409090909090892,0.35696969696969655,-2.0409090909090892,0.9915151515151517
5.95,5.584117647058823,45.98235294117648,0.09352941176470578,-13.324705882352946,31.770588235294113,0.3782352941176433,0.853705882352939,34.91435294117647,-27.602176470588237,13.085235294117645,-18.220058823529413,96.07476470588234,-45.80141176470589,106.44311764705883,0.9,0.52,0.19,0.52,0.56,0.2,-0.04,0.03,-0.04,0.22,1.2,0.14,0.01,0.14,1.09,0.9,0.2,0.04,0.2,0.79,1.1,0.27,0.12,0.27,1.01,1.1,0.01,0.11,0.01,0.9,0.9,-0.82,0.28,-0.82,0.37,2.4,-1.74,0.04,-1.74,1.68,1.6,-0.68,0.27,-0.68,0.35,0.6,-0.36,0.17,-0.36,0.13,0.5,0.07,0.23,0.07,0.42,2.2,-1.99,0.34,-1.99,1.0
6.0,5.52529411764706,47.3170588235294,0.07882352941176483,-13.972941176470583,31.58823529411765,-0.14523529411764263,0.5484117647058849,34.33105882352942,-27.89241176470588,12.891470588235295,-18.190529411764707,96.14141176470588,-46.75594117647058,106.91770588235295,0.9,0.52,0.19,0.52,0.56,0.2,-0.04,0.03,-0.04,0.22,1.2,0.14,0.01,0.14,1.09,0.9,0.2,0.04,0.2,0.79,1.1,0.27,0.12,0.27,1.01,1.1,0.01,0.11,0.01,0.9,0.9,-0.82,0.28,-0.82,0.37,2.4,-1.74,0.04,-1.74,1.68,1.6,-0.68,0.27,-0.68,0.35,0.6,-0.36,0.17,-0.36,0.13,0.5,0.07,0.23,0.07,0.42,2.2,-1.99,0.34,-1.99,1.0
6.050000000000001,5.47235294117647,48.66117647058825,0.07,-14.634705882352948,31.441176470588232,-0.6731764705882414,0.24105882352940822,33.74429411764705,-28.185058823529417,12.69676470588235,-18.160235294117648,96.2090588235294,-47.71770588235295,107.40329411764706,0.9,0.52,0.19,0.52,0.56,0.2,-0.04,0.03,-0.04,0.22,1.2,0.14,0.01,0.14,1.09,0.9,0.2,0.04,0.2,0.79,1.1,0.27,0.12,0.27,1.01,1.1,0.01,0.11,0.01,0.9,0.9,-0.82,0.28,-0.82,0.37,2.4,-1.74,0.04,-1.74,1.68,1.6,-0.68,0.27,-0.68,0.35,0.6,-0.36,0.17,-0.36,0.13,0.5,0.07,0.23,0.07,0.42,2.2,-1.99,0.34,-1.99,1.0
6.1000000000000005,5.418823529411764,50.003529411764724,0.05941176470588215,-15.295882352941184,31.19411764705882,-1.2011176470588307,-0.066294117647063,33.156529411764694,-28.476705882352945,12.501176470588232,-18.12976470588235,96.27670588235294,-48.6794117647059,107.89482352941177,0.9,0.52,0.19,0.52,0.56,0.2,-0.04,0.03,-0.04,0.22,1.2,0.14,0.01,0.14,1.09,0.9,0.2,0.04,0.2,0.79,1.1,0.27,0.12,0.27,1.01,1.1,0.01,0.11,0.01,0.9,0.9,-0.82,0.28,-0.82,0.37,2.4,-1.74,0.04,-1.74,1.68,1.6,-0.68,0.27,-0.68,0.35,0.6,-0.36,0.17,-0.36,0.13,0.5,0.07,0.23,0.07,0.42,2.2,-1.99,0.34,-1.99,1.0
6.15,5.389411764705883,51.34176470588236,0.05,-15.948235294117652,31.04705882352941,-1.729058823529415,-0.37364705882353133,32.56976470588235,-28.76935294117647,12.306117647058821,-18.09941176470588,96.34435294117647,-49.640764705882354,108.39252941176471,0.9,0.52,0.19,0.52,0.56,0.2,-0.04,0.03,-0.04,0.22,1.2,0.14,0.01,0.14,1.09,0.9,0.2,0.04,0.2,0.79,1.1,0.27,0.12,0.27,1.01,1.1,0.01,0.11,0.01,0.9,0.9,-0.82,0.28,-0.82,0.37,2.4,-1.74,0.04,-1.74,1.68,1.6,-0.68,0.27,-0.68,0.35,0.6,-0.36,0.17,-0.36,0.13,0.5,0.07,0.23,0.07,0.42,2.2,-1.99,0.34,-1.99,1.0
6.2,5.360571428571428,52.6637142857143,0.04028571428571413,-16.597142857142863,30.805714285714284,-2.247714285714291,-0.6760000000000033,31.993428571428563,-29.05631428571429,12.114799999999999,-18.069599999999998,96.41165714285714,-50.5843142857143,108.88717142857143,0.9,0.52,0.19,0.52,0.56,0.2,-0.04,0.03,-0.04,0.22,1.2,0.14,0.01,0.14,1.09,0.9,0.2,0.04,0.2,0.79,1.1,0.27,0.12,0.27,1.01,1.1,0.01,0.11,0.01,0.9,0.9,-0.8491428571428575,0.2217142857142848,-0.8491428571428575,0.35057142857142826,2.4,-1.74,0.04,-1.74,1.68,1.6,-0.68,0.27,-0.68,0.35,0.6,-0.36,0.17,-0.36,0.13,0.5,0.07,0.23,0.07,0.42,2.2,-1.99,0.34,-1.99,1.0
6.25,5.345588235294118,54.00588235294117,0.025588235294117717,-17.2585294117647,30.655882352941177,-2.775382352941174,-0.9832058823529398,31.40652941176471,-29.348794117647056,11.919323529411766,-18.039735294117648,96.47929411764706,-51.545529411764704,109.39741176470588,0.9,0.52,0.19,0.52,0.56,0.2,-0.04,0.03,-0.04,0.22,1.2,0.14,0.01,0.14,1.09,0.9,0.2,0.04,0.2,0.79,1.1,0.27,0.12,0.27,1.01,1.1,0.01,0.11,0.01,0.9,0.9,-0.85,0.22,-0.85,0.35,2.4,-1.74,0.04,-1.74,1.68,1.6,-0.68,0.27,-0.68,0.35,0.6,-0.36,0.17,-0.36,0.13,0.5,0.07,0.23,0.07,0.42,2.2,-1.99,0.34,-1.99,1.0
6.300000000000001,5.330882352941177,55.349705882352964,0.02,-17.92029411764707,30.508823529411764,-3.303323529411773,-1.2905588235294163,30.819205882352932,-29.64052941176471,11.723735294117644,-18.00976470588235,96.5469411764706,-52.50729411764707,109.91394117647059,0.9,0.52,0.19,0.52,0.56,0.2,-0.04,0.03,-0.04,0.22,1.2,0.14,0.01,0.14,1.09,0.9,0.2,0.04,0.2,0.79,1.1,0.27,0.12,0.27,1.01,1.1,0.01,0.11,0.01,0.9,0.9,-0.85,0.22,-0.85,0.35,2.4,-1.74,0.04,-1.74,1.68,1.6,-0.68,0.27,-0.68,0.35,0.6,-0.36,0.17,-0.36,0.13,0.5,0.07,0.23,0.07,0.42,2.2,-1.99,0.34,-1.99,1.0
6.3500000000000005,5.314705882352941,56.68411764705884,0.006176470588235141,-18.58352941176471,30.185294117647054,-3.597264705882349,-1.5963823529411796,30.24826470588235,-29.931558823529414,11.434705882352935,-17.97935294117647,96.60426470588234,-53.41691176470589,110.40170588235294,0.9,0.52,0.19,0.52,0.56,0.2,-0.04,0.03,-0.04,0.22,1.2,0.14,0.01,0.14,1.09,0.9,0.2,0.04,0.2,0.79,1.1,0.27,0.12,0.27,1.01,1.1,0.01,0.11,0.01,0.9,0.9,-0.85,0.22,-0.85,0.35,2.4,-1.74,0.04,-1.74,1.68,1.6,-0.68,0.27,-0.68,0.35,0.6,-0.36,0.17,-0.36,0.13,0.5,0.07,0.23,0.07,0.42,2.2,-1.99,0.34,-1.99,1.0
6.4,5.246060606060606,58.02212121212123,-0.008787878787878902,-19.319393939393944,29.472727272727266,-2.9339393939393874,-1.900515151515154,29.736363636363635,-30.220727272727274,10.751818181818175,-17.949424242424243,96.62039393939394,-54.12254545454546,110.75845454545454,0.9,0.52,0.19,0.52,0.56,0.2,-0.04,0.03,-0.04,0.22,1.2,0.14,0.01,0.14,1.09,0.9,0.2,0.04,0.2,0.79,1.1,0.27,0.12,0.27,1.01,1.1,0.01,0.11,0.01,0.9,0.9,-0.85,0.22,-0.85,0.35,2.4,-1.74,0.04,-1.74,1.68,1.6,-0.68,0.27,-0.68,0.35,0.6,-0.36,0.17,-0.36,0.13,0.5,0.07,0.23,0.07,0.42,2.2,-1.99,0.34,-1.99,1.0
6.45,5.17030303030303,59.370606060606065,-0.023939393939393972,-20.076969696969698,28.82121212121212,-2.1302121212121197,-2.206575757575758,29.754000000000005,-30.511636363636363,10.086454545454544,-17.919121212121212,96.57242424242425,-54.746,111.02193939393939,0.9,0.51,0.18,0.51,0.58,0.2,-0.03,0.03,-0.03,0.22,1.2,0.14,0.02,0.14,1.09,1.0,0.28,0.1,0.28,0.95,1.3,0.24,0.03,0.24,1.16,1.1,0.0,0.17,0.0,0.94,1.0,-0.89,0.17,-0.89,0.32,2.3,-1.63,0.03,-1.63,1.68,1.6,-0.68,0.3,-0.68,0.33,0.6,-0.38,0.16,-0.38,0.07,0.4,0.27,0.11,0.27,0.25,2.2,-1.94,0.34,-1.94,1.01
6.5,5.094545454545455,60.709999999999994,-0.03,-20.843636363636364,28.7,-1.663545454545455,-2.5135454545454543,31.952181818181817,-30.803454545454546,9.92009090909091,-17.88881818181818,96.31636363636365,-55.22418181818182,111.03254545454546,0.9,0.51,0.18,0.51,0.58,0.2,-0.03,0.03,-0.03,0.22,1.2,0.14,0.02,0.14,1.09,1.0,0.28,0.1,0.28,0.95,1.3,0.24,0.03,0.24,1.16,1.1,0.0,0.17,0.0,0.94,1.0,-0.89,0.17,-0.89,0.32,2.3,-1.63,0.03,-1.63,1.68,1.6,-0.68,0.3,-0.68,0.33,0.6,-0.38,0.16,-0.38,0.07,0.4,0.27,0.11,0.27,0.25,2.2,-1.94,0.34,-1.94,1.01
6.550000000000001,5.013749999999998,62.06500000000003,-0.044375000000000345,-21.623125000000016,29.362500000000022,-1.8772500000000116,-2.820937500000007,34.02218750000003,-31.095562500000007,10.621875000000022,-17.8586875,96.3483125,-56.14456250000002,111.5203125,0.9,0.51,0.18,0.51,0.58,0.2,-0.03,0.03,-0.03,0.22,1.2,0.14,0.02,0.14,1.09,1.0,0.28,0.1,0.28,0.95,1.3,0.24,0.03,0.24,1.16,1.1,0.0,0.17,0.0,0.94,1.0,-0.89,0.17,-0.89,0.32,2.3,-1.63,0.03,-1.63,1.68,1.6,-0.68,0.3,-0.68,0.33,0.6,-0.38,0.16,-0.38,0.07,0.4,0.27,0.11,0.27,0.25,2.2,-1.94,0.34,-1.94,1.01
6.6000000000000005,4.931515151515151,63.40363636363638,-0.05,-22.41424242424243,30.47575757575759,-2.5449696969697055,-3.127939393939397,34.79624242424243,-31.387242424242427,11.751969696969711,-17.82860606060606,96.36384848484849,-56.982909090909104,111.95869696969697,0.9,0.51,0.18,0.51,0.58,0.2,-0.03,0.03,-0.03,0.22,1.2,0.14,0.02,0.14,1.09,1.0,0.28,0.1,0.28,0.95,1.3,0.24,0.03,0.24,1.16,1.1,0.0,0.17,0.0,0.94,1.0,-0.89,0.17,-0.89,0.32,2.3,-1.63,0.03,-1.63,1.68,1.6,-0.68,0.3,-0.68,0.33,0.6,-0.38,0.16,-0.38,0.07,0.4,0.27,0.11,0.27,0.25,2.2,-1.94,0.34,-1.94,1.01
6.65,4.855,64.75,-0.065,-23.21,31.6,-3.2744999999999997,-3.4335,35.1075,-31.677999999999997,12.8415,-17.7985,96.4185,-57.7685,112.40950000000001,0.9,0.51,0.18,0.51,0.58,0.2,-0.03,0.03,-0.03,0.22,1.2,0.14,0.02,0.14,1.09,1.0,0.28,0.1,0.28,0.95,1.3,0.24,0.03,0.24,1.16,1.1,0.0,0.17,0.0,0.94,1.0,-0.89,0.17,-0.89,0.32,2.3,-1.63,0.03,-1.63,1.68,1.6,-0.68,0.3,-0.68,0.33,0.6,-0.38,0.16,-0.38,0.07,0.4,0.27,0.11,0.27,0.25,2.2,-1.94,0.34,-1.94,1.01
6.7,4.77875,66.08718750000001,-0.08,-24.006562500000005,32.20937500000001,-3.889031250000004,-3.738187500000002,34.7239375,-31.96690625,13.451281250000005,-17.768406249999998,96.653625,-58.45453125000001,112.965875,0.9,0.49,0.12,0.49,0.62,0.2,0.0,0.01,0.0,0.21,1.2,0.17,0.01,0.17,1.09,1.3,0.36,0.35,0.36,1.25,1.3,0.29,0.07,0.29,1.2,1.1,-0.02,0.18,-0.02,1.0,1.0,-0.94,0.12,-0.94,0.22,2.3,-1.52,0.06,-1.52,1.67,1.6,-0.62,0.25,-0.62,0.17,0.6,-0.42,0.14,-0.42,0.05,0.4,0.27,0.1,0.27,0.26,2.2,-1.94,0.28,-1.94,1.03
6.75,4.710312500000001,67.4465625,-0.08593750000000003,-24.82875,32.5,-4.338,-4.047562500000001,33.941031249999995,-32.261625,13.75159375,-17.738125,96.89746875,-59.126937500000004,113.526375,0.9,0.49,0.12,0.49,0.62,0.2,0.0,0.01,0.0,0.21,1.2,0.17,0.01,0.17,1.09,1.3,0.36,0.35,0.36,1.25,1.3,0.29,0.07,0.29,1.2,1.1,-0.02,0.18,-0.02,1.0,1.0,-0.94,0.12,-0.94,0.22,2.3,-1.52,0.06,-1.52,1.67,1.6,-0.62,0.25,-0.62,0.17,0.6,-0.42,0.14,-0.42,0.05,0.4,0.27,0.1,0.27,0.26,2.2,-1.94,0.28,-1.94,1.03
6.800000000000001,4.643749999999999,68.80593750000003,-0.11156250000000024,-25.662812500000012,31.87499999999998,-4.13549999999999,-4.353781250000005,32.34431249999999,-32.553218750000006,13.13921874999998,-17.708031249999998,96.9784375,-59.745000000000005,113.92315624999999,0.9,0.49,0.12,0.49,0.62,0.2,0.0,0.01,0.0,0.21,1.2,0.17,0.01,0.17,1.09,1.3,0.36,0.35,0.36,1.25,1.3,0.29,0.07,0.29,1.2,1.1,-0.02,0.18,-0.02,1.0,1.0,-0.94,0.12,-0.94,0.22,2.3,-1.52,0.06,-1.52,1.67,1.6,-0.62,0.25,-0.62,0.17,0.6,-0.42,0.14,-0.42,0.05,0.4,0.27,0.1,0.27,0.26,2.2,-1.94,0.28,-1.94,1.03
6.8500000000000005,4.58125,70.15812500000003,-0.12718750000000018,-26.49093750000001,30.624999999999986,-3.5402812499999947,-4.660875000000003,31.8795,-32.8446875,11.878843749999987,-17.677625,96.93509375000001,-60.119031250000006,114.08221875000001,0.9,0.49,0.12,0.49,0.62,0.2,0.0,0.01,0.0,0.21,1.2,0.17,0.01,0.17,1.09,1.3,0.36,0.35,0.36,1.25,1.3,0.29,0.07,0.29,1.2,1.1,-0.02,0.18,-0.02,1.0,1.0,-0.94,0.12,-0.94,0.22,2.3,-1.52,0.06,-1.52,1.67,1.6,-0.62,0.25,-0.62,0.17,0.6,-0.42,0.14,-0.42,0.05,0.4,0.27,0.1,0.27,0.26,2.2,-1.94,0.28,-1.94,1.03
6.9,4.51875,71.511875,-0.14281250000000012,-27.331875000000004,29.731249999999992,-3.409,-4.9668437500000024,32.779531250000005,-33.1353125,10.971406249999994,-17.64765625,97.0268125,-60.92562500000001,114.58453125000001,0.9,0.49,0.12,0.49,0.62,0.2,0.0,0.01,0.0,0.21,1.2,0.17,0.01,0.17,1.09,1.3,0.36,0.35,0.36,1.25,1.3,0.29,0.07,0.29,1.2,1.1,-0.02,0.18,-0.02,1.0,1.0,-0.94,0.12,-0.94,0.22,2.3,-1.52,0.06,-1.52,1.67,1.6,-0.62,0.25,-0.62,0.17,0.6,-0.42,0.14,-0.42,0.05,0.4,0.27,0.1,0.27,0.26,2.2,-1.94,0.28,-1.94,1.03
6.95,4.4646875,72.855625,-0.15843750000000004,-28.175625000000004,28.9625,-3.44253125,-5.271531250000001,33.6311875,-33.42509375,10.23215625,-17.61796875,97.13653125,-61.78156250000001,115.13171875,0.9,0.4393749999999998,0.11156249999999997,0.4393749999999998,0.6368750000000001,0.2,0.008437500000000035,0.018437500000000037,0.008437500000000035,0.1846874999999999,1.2,0.17,0.026875000000000066,0.17,1.0646875,1.3,0.36,0.35,0.36,1.25,1.3843750000000004,0.29,0.1206250000000002,0.29,1.2590625000000002,1.1,-0.02,0.18,-0.02,1.0,1.0,-0.94,0.12,-0.94,0.22,2.3,-1.52,0.06,-1.52,1.67,1.6,-0.62,0.25,-0.62,0.17,0.6,-0.45375000000000015,0.12312499999999993,-0.45375000000000015,0.05843750000000003,0.4,0.27843750000000006,0.05781249999999983,0.27843750000000006,0.26843750000000005,2.2,-1.94,0.28,-1.94,1.03
7.0,4.4078125,74.1953125,-0.17406249999999998,-29.033437499999998,29.08125,-4.142124999999998,-5.5748125,32.82765625,-33.713750000000005,10.33625,-17.587875,97.18478125,-62.39178125,115.49953124999999,0.9,0.43,0.11,0.43,0.64,0.2,0.01,0.02,0.01,0.18,1.2,0.17,0.03,0.17,1.06,1.3,0.36,0.35,0.36,1.25,1.4,0.29,0.13,0.29,1.27,1.1,-0.02,0.18,-0.02,1.0,1.0,-0.94,0.12,-0.94,0.22,2.3,-1.52,0.06,-1.52,1.67,1.6,-0.62,0.25,-0.62,0.17,0.6,-0.46,0.12,-0.46,0.06,0.4,0.28,0.05,0.28,0.27,2.2,-1.94,0.28,-1.94,1.03
7.050000000000001,4.359999999999999,75.56000000000003,-0.19000000000000028,-29.900000000000013,29.60000000000001,-5.024000000000015,-5.883000000000005,33.387000000000015,-34.007000000000005,10.804000000000011,-17.557,97.158,-62.780000000000015,115.68300000000002,0.9,0.43,0.11,0.43,0.64,0.2,0.01,0.02,0.01,0.18,1.2,0.17,0.03,0.17,1.06,1.3,0.36,0.35,0.36,1.25,1.4,0.29,0.13,0.29,1.27,1.1,-0.02,0.18,-0.02,1.0,1.0,-0.94,0.12,-0.94,0.22,2.3,-1.52,0.06,-1.52,1.67,1.6,-0.62,0.25,-0.62,0.17,0.6,-0.46,0.12,-0.46,0.06,0.4,0.28,0.05,0.28,0.27,2.2,-1.94,0.28,-1.94,1.03
7.1000000000000005,4.31258064516129,76.90354838709679,-0.20580645161290334,-30.779354838709686,30.132258064516133,-5.863290322580651,-6.1874838709677435,34.12103225806452,-34.29567741935484,11.375774193548391,-17.527548387096775,97.28496774193549,-63.575419354838715,116.2267741935484,0.9,0.43,0.11,0.43,0.64,0.2,0.01,0.02,0.01,0.18,1.2,0.17,0.03,0.17,1.06,1.3,0.36,0.35,0.36,1.25,1.4,0.29,0.13,0.29,1.27,1.1,-0.02,0.18,-0.02,1.0,1.0,-0.94,0.12,-0.94,0.22,2.3,-1.52,0.06,-1.52,1.67,1.6,-0.62,0.25,-0.62,0.17,0.6,-0.46,0.12,-0.46,0.06,0.4,0.28,0.05,0.28,0.27,2.2,-1.94,0.28,-1.94,1.03
7.15,4.264374999999999,78.2775,-0.22187500000000007,-31.675000000000004,30.6,-6.603062500000002,-6.496000000000001,34.0080625,-34.589125,11.803375,-17.4974375,97.39218749999999,-64.17475,116.65037500000001,0.8812499999999993,0.4149999999999994,0.10812499999999993,0.4149999999999994,0.6418750000000001,0.2,0.008124999999999931,0.02,0.008124999999999931,0.17624999999999985,1.2,0.17,0.03,0.17,1.06,1.3187500000000008,0.36375000000000013,0.35750000000000026,0.36375000000000013,1.2593750000000004,1.4,0.2824999999999997,0.13937500000000036,0.2824999999999997,1.2793750000000004,1.1,-0.021875000000000068,0.18,-0.021875000000000068,1.0075000000000003,0.9812499999999993,-0.9324999999999997,0.12375000000000014,-0.9324999999999997,0.2143749999999998,2.2624999999999984,-1.4824999999999986,0.08250000000000082,-1.4824999999999986,1.6606249999999996,1.6,-0.5956249999999991,0.2331249999999994,-0.5956249999999991,0.16062499999999966,0.6,-0.4675000000000003,0.11812499999999992,-0.4675000000000003,0.06,0.4,0.2818750000000001,0.053750000000000145,0.2818750000000001,0.2775000000000003,2.2,-1.94375,0.2762499999999999,-1.94375,1.0224999999999997
7.2,4.216774193548387,79.61806451612904,-0.23774193548387104,-32.56354838709678,30.6,-6.990935483870969,-6.799870967741937,33.89577419354839,-34.87790322580645,11.856064516129033,-17.467290322580645,97.52690322580645,-65.18945161290323,117.32816129032258,0.8,0.35,0.1,0.35,0.65,0.2,0.0,0.02,0.0,0.16,1.2,0.17,0.03,0.17,1.06,1.4,0.38,0.39,0.38,1.3,1.4,0.25,0.18,0.25,1.32,1.1,-0.03,0.18,-0.03,1.04,0.9,-0.9,0.14,-0.9,0.19,2.1,-1.32,0.18,-1.32,1.62,1.6,-0.49,0.16,-0.49,0.12,0.6,-0.5,0.11,-0.5,0.06,0.4,0.29,0.07,0.29,0.31,2.2,-1.96,0.26,-1.96,0.99
7.25,4.182258064516129,80.97516129032257,-0.2538709677419354,-33.47677419354838,30.322580645161292,-7.135483870967741,-7.105161290322579,33.15364516129033,-35.16767741935484,11.55893548387097,-17.437032258064516,97.69264516129033,-65.76177419354839,117.7844193548387,0.8,0.35,0.1,0.35,0.65,0.2,0.0,0.02,0.0,0.16,1.2,0.17,0.03,0.17,1.06,1.4,0.38,0.39,0.38,1.3,1.4,0.25,0.18,0.25,1.32,1.1,-0.03,0.18,-0.03,1.04,0.9,-0.9,0.14,-0.9,0.19,2.1,-1.32,0.18,-1.32,1.62,1.6,-0.49,0.16,-0.49,0.12,0.6,-0.5,0.11,-0.5,0.06,0.4,0.29,0.07,0.29,0.31,2.2,-1.96,0.26,-1.96,0.99
7.300000000000001,4.149677419354839,82.36709677419356,-0.2803225806451614,-34.4083870967742,29.99032258064516,-7.2500322580645165,-7.416096774193551,32.31732258064516,-35.46377419354839,11.209129032258062,-17.40641935483871,97.8668064516129,-66.28867741935484,118.22345161290323,0.8,0.35,0.1,0.35,0.65,0.2,0.0,0.02,0.0,0.16,1.2,0.17,0.03,0.17,1.06,1.4,0.38,0.39,0.38,1.3,1.4,0.25,0.18,0.25,1.32,1.1,-0.03,0.18,-0.03,1.04,0.9,-0.9,0.14,-0.9,0.19,2.1,-1.32,0.18,-1.32,1.62,1.6,-0.49,0.16,-0.49,0.12,0.6,-0.5,0.11,-0.5,0.06,0.4,0.29,0.07,0.29,0.31,2.2,-1.96,0.26,-1.96,0.99
7.3500000000000005,4.1335483870967735,83.72193548387098,-0.302903225806452,-35.327741935483886,29.44193548387096,-7.26616129032258,-7.720290322580649,31.92345161290322,-35.75248387096775,10.8046129032258,-17.37674193548387,98.11229032258065,-67.15416129032259,118.91054838709678,0.8,0.35,0.1,0.35,0.65,0.2,0.0,0.02,0.0,0.16,1.2,0.17,0.03,0.17,1.06,1.4,0.38,0.39,0.38,1.3,1.4,0.25,0.18,0.25,1.32,1.1,-0.03,0.18,-0.03,1.04,0.9,-0.9,0.14,-0.9,0.19,2.1,-1.32,0.18,-1.32,1.62,1.6,-0.49,0.16,-0.49,0.12,0.6,-0.5,0.11,-0.5,0.06,0.4,0.29,0.07,0.29,0.31,2.2,-1.96,0.26,-1.96,0.99
7.4,4.1174193548387095,85.06677419354838,-0.33774193548387105,-36.24709677419355,28.29354838709677,-7.12716129032258,-8.023516129032258,31.711870967741934,-36.04119354838709,10.352193548387095,-17.34709677419355,98.37909677419354,-67.71351612903226,119.43925806451612,0.8,0.32419354838709646,0.09483870967741931,0.32419354838709646,0.65,0.2,0.0,0.0148387096774193,0.0,0.1548387096774193,1.2,0.16741935483870965,0.024838709677419298,0.16741935483870965,1.0625806451612905,1.4,0.38774193548387104,0.39774193548387105,0.38774193548387104,1.307741935483871,1.4,0.24225806451612894,0.18258064516129036,0.24225806451612894,1.3251612903225807,1.0741935483870966,-0.0506451612903228,0.14387096774193509,-0.0506451612903228,1.0141935483870965,0.8741935483870965,-0.8354838709677412,0.17612903225806492,-0.8354838709677412,0.19,2.0741935483870964,-1.2941935483870965,0.1903225806451614,-1.2941935483870965,1.62,1.548387096774193,-0.4409677419354833,0.13161290322580615,-0.4409677419354833,0.10709677419354825,0.5741935483870965,-0.5025806451612903,0.11,-0.5025806451612903,0.0548387096774193,0.42580645161290354,0.3003225806451614,0.08806451612903246,0.3003225806451614,0.3203225806451614,2.2258064516129035,-1.9625806451612904,0.2290322580645158,-1.9625806451612904,1.018387096774194
7.45,4.11,86.446,-0.37799999999999995,-37.183,27.07,-6.9510000000000005,-8.3214,31.5581,-36.2298,9.891600000000002,-17.3213,98.6479,-68.2213,119.9436,0.8,0.25,0.08,0.25,0.65,0.2,0.0,0.0,0.0,0.14,1.2,0.16,0.01,0.16,1.07,1.4,0.41,0.42,0.41,1.33,1.4,0.22,0.19,0.22,1.34,1.0,-0.11,0.04,-0.11,0.94,0.8,-0.65,0.28,-0.65,0.19,2.0,-1.22,0.22,-1.22,1.62,1.4,-0.3,0.05,-0.3,0.07,0.5,-0.51,0.11,-0.51,0.04,0.5,0.33,0.14,0.33,0.35,2.3,-1.97,0.14,-1.97,1.1
7.5,4.11,87.80799999999999,-0.3953333333333333,-38.11933333333333,26.893333333333334,-6.707466666666667,-8.393,31.7054,-35.38673333333334,9.5364,-17.301133333333333,98.79826666666668,-68.6562,120.31493333333333,0.8,0.25,0.08,0.25,0.65,0.2,0.0,0.0,0.0,0.14,1.2,0.16,0.01,0.16,1.07,1.4,0.41,0.42,0.41,1.33,1.4,0.22,0.19,0.22,1.34,1.0,-0.11,0.04,-0.11,0.94,0.8,-0.65,0.28,-0.65,0.19,2.0,-1.22,0.22,-1.22,1.62,1.4,-0.3,0.05,-0.3,0.07,0.5,-0.51,0.11,-0.51,0.04,0.5,0.33,0.14,0.33,0.35,2.3,-1.97,0.14,-1.97,1.1
7.550000000000001,4.111935483870968,89.19064516129035,-0.41,-39.08225806451615,26.322580645161278,-6.4678064516129,-8.010032258064507,32.17567741935489,-35.17645161290322,9.211612903225804,-17.07245161290322,98.80603225806452,-69.0115806451613,120.52293548387098,0.8,0.25,0.08,0.25,0.65,0.2,0.0,0.0,0.0,0.14,1.2,0.16,0.01,0.16,1.07,1.4,0.41,0.42,0.41,1.33,1.4,0.22,0.19,0.22,1.34,1.0,-0.11,0.04,-0.11,0.94,0.8,-0.65,0.28,-0.65,0.19,2.0,-1.22,0.22,-1.22,1.62,1.4,-0.3,0.05,-0.3,0.07,0.5,-0.51,0.11,-0.51,0.04,0.5,0.33,0.14,0.33,0.35,2.3,-1.97,0.14,-1.97,1.1
7.6000000000000005,4.12,90.55166666666666,-0.4183333333333334,-40.025,25.833333333333332,-6.343666666666667,-7.535166666666665,34.87516666666667,-35.05166666666667,9.154166666666667,-16.820999999999998,99.05533333333334,-69.62400000000001,121.0785,0.8,0.25,0.08,0.25,0.65,0.2,0.0,0.0,0.0,0.14,1.2,0.16,0.01,0.16,1.07,1.4,0.41,0.42,0.41,1.33,1.4,0.22,0.19,0.22,1.34,1.0,-0.11,0.04,-0.11,0.94,0.8,-0.65,0.28,-0.65,0.19,2.0,-1.22,0.22,-1.22,1.62,1.4,-0.3,0.05,-0.3,0.07,0.5,-0.51,0.11,-0.51,0.04,0.5,0.33,0.14,0.33,0.35,2.3,-1.97,0.14,-1.97,1.1
7.65,4.1146666666666665,91.94733333333335,-0.42533333333333345,-41.009333333333345,25.90666666666667,-6.477666666666669,-7.107133333333333,35.610400000000006,-34.26339999999999,9.386600000000003,-16.7996,99.11646666666667,-70.39113333333333,121.57173333333334,0.8,0.25,0.08,0.25,0.65,0.2,0.0,0.0,0.0,0.14,1.2,0.16,0.01,0.16,1.07,1.4,0.41,0.42,0.41,1.33,1.4,0.22,0.19,0.22,1.34,1.0,-0.11,0.04,-0.11,0.94,0.8,-0.65,0.28,-0.65,0.19,2.0,-1.22,0.22,-1.22,1.62,1.4,-0.3,0.05,-0.3,0.07,0.5,-0.51,0.11,-0.51,0.04,0.5,0.33,0.14,0.33,0.35,2.3,-1.97,0.14,-1.97,1.1
7.7,4.11,93.304,-0.43200000000000005,-41.976,26.460000000000004,-6.910600000000002,-7.303000000000001,36.1778,-32.92679999999999,9.846800000000002,-17.221200000000003,99.1692,-70.8092,121.857,0.8,0.1,0.08,0.1,0.63,0.2,0.0,0.02,0.0,0.11,1.2,0.16,0.02,0.16,1.07,1.4,0.41,0.42,0.41,1.33,1.5,0.26,0.23,0.26,1.38,1.0,-0.11,0.04,-0.11,0.94,0.8,-0.65,0.28,-0.65,0.19,2.0,-1.17,0.25,-1.17,1.59,1.3,-0.27,0.16,-0.27,0.21,0.5,-0.49,0.13,-0.49,0.01,0.6,0.33,0.18,0.33,0.36,2.3,-1.97,0.14,-1.97,1.1
7.75,4.11,94.6951724137931,-0.44,-42.96,27.81724137931034,-7.545344827586206,-7.659413793103447,36.57058620689655,-31.5328275862069,10.302620689655171,-17.744413793103448,99.19324137931034,-71.76820689655172,122.43658620689655,0.8,0.1,0.08,0.1,0.63,0.2,0.0,0.02,0.0,0.11,1.2,0.16,0.02,0.16,1.07,1.4,0.41,0.42,0.41,1.33,1.5,0.26,0.23,0.26,1.38,1.0,-0.11,0.04,-0.11,0.94,0.8,-0.65,0.28,-0.65,0.19,2.0,-1.17,0.25,-1.17,1.59,1.3,-0.27,0.16,-0.27,0.21,0.5,-0.49,0.13,-0.49,0.01,0.6,0.33,0.18,0.33,0.36,2.3,-1.97,0.14,-1.97,1.1
7.800000000000001,4.077999999999999,96.07600000000002,-0.4560000000000002,-43.96400000000001,28.540000000000006,-8.408000000000008,-8.444400000000009,36.5692,-30.899599999999996,10.337399999999997,-18.407000000000004,99.35060000000001,-72.1726,122.8024,0.8,0.1,0.08,0.1,0.63,0.2,0.0,0.02,0.0,0.11,1.2,0.16,0.02,0.16,1.07,1.4,0.41,0.42,0.41,1.33,1.5,0.26,0.23,0.26,1.38,1.0,-0.11,0.04,-0.11,0.94,0.8,-0.65,0.28,-0.65,0.19,2.0,-1.17,0.25,-1.17,1.59,1.3,-0.27,0.16,-0.27,0.21,0.5,-0.49,0.13,-0.49,0.01,0.6,0.33,0.18,0.33,0.36,2.3,-1.97,0.14,-1.97,1.1
7.8500000000000005,4.046896551724138,97.46137931034484,-0.4662068965517244,-44.97310344827587,28.81379310344827,-8.921689655172417,-9.145586206896555,36.31037931034483,-30.494517241379302,9.66437931034482,-18.84444827586207,99.56468965517242,-72.64358620689656,123.254,0.8,0.1,0.08,0.1,0.63,0.2,0.0,0.02,0.0,0.11,1.2,0.16,0.02,0.16,1.07,1.4,0.41,0.42,0.41,1.33,1.5,0.26,0.23,0.26,1.38,1.0,-0.11,0.04,-0.11,0.94,0.8,-0.65,0.28,-0.65,0.19,2.0,-1.17,0.25,-1.17,1.59,1.3,-0.27,0.16,-0.27,0.21,0.5,-0.49,0.13,-0.49,0.01,0.6,0.33,0.18,0.33,0.36,2.3,-1.97,0.14,-1.97,1.1
7.9,4.04,98.84,-0.51,-45.96,27.4,-9.351,-9.375,36.01,-29.206,8.873,-18.727,99.935,-73.901,124.299,0.8,0.1,0.08,0.1,0.63,0.2,0.0,0.02,0.0,0.11,1.2,0.16,0.02,0.16,1.07,1.4,0.41,0.42,0.41,1.33,1.5,0.26,0.23,0.26,1.38,1.0,-0.11,0.04,-0.11,0.94,0.8,-0.65,0.28,-0.65,0.19,2.0,-1.17,0.25,-1.17,1.59,1.3,-0.27,0.16,-0.27,0.21,0.5,-0.49,0.13,-0.49,0.01,0.6,0.33,0.18,0.33,0.36,2.3,-1.97,0.14,-1.97,1.1
7.95,3.9955172413793103,100.22655172413793,-0.5072413793103449,-46.994482758620684,25.920689655172414,-8.97544827586207,-9.453896551724137,35.50306896551724,-28.089379310344828,7.756724137931035,-18.47496551724138,99.98410344827586,-73.72279310344827,124.23179310344827,0.8,0.02,0.07,0.02,0.62,0.2,0.01,0.04,0.01,0.1,1.2,0.15,0.02,0.15,1.07,1.4,0.39,0.38,0.39,1.32,1.5,0.3,0.27,0.3,1.44,1.1,-0.16,0.15,-0.16,1.05,0.6,-0.34,0.37,-0.34,0.1,1.9,-1.15,0.29,-1.15,1.53,1.2,-0.27,0.29,-0.27,0.25,0.5,-0.45,0.16,-0.45,0.04,0.7,0.29,0.22,0.29,0.34,2.5,-2.0,0.06,-2.0,1.39
8.0,3.961034482758621,101.61310344827587,-0.5244827586206896,-48.01896551724138,24.720689655172414,-8.684999999999999,-9.086103448275862,35.199413793103446,-28.64051724137931,7.12151724137931,-17.973137931034483,100.02565517241379,-74.18510344827587,124.54196551724138,0.8,0.02,0.07,0.02,0.62,0.2,0.01,0.04,0.01,0.1,1.2,0.15,0.02,0.15,1.07,1.4,0.39,0.38,0.39,1.32,1.5,0.3,0.27,0.3,1.44,1.1,-0.16,0.15,-0.16,1.05,0.6,-0.34,0.37,-0.34,0.1,1.9,-1.15,0.29,-1.15,1.53,1.2,-0.27,0.29,-0.27,0.25,0.5,-0.45,0.16,-0.45,0.04,0.7,0.29,0.22,0.29,0.34,2.5,-2.0,0.06,-2.0,1.39
8.05,3.924827586206896,102.99793103448278,-0.5434482758620696,-49.05344827586209,24.56896551724139,-9.215793103448286,-9.042758620689655,35.450344827586214,-27.96031034482758,7.397965517241387,-17.893724137931038,100.13158620689656,-74.81755172413794,125.00724137931034,0.8,0.02,0.07,0.02,0.62,0.2,0.01,0.04,0.01,0.1,1.2,0.15,0.02,0.15,1.07,1.4,0.39,0.38,0.39,1.32,1.5,0.3,0.27,0.3,1.44,1.1,-0.16,0.15,-0.16,1.05,0.6,-0.34,0.37,-0.34,0.1,1.9,-1.15,0.29,-1.15,1.53,1.2,-0.27,0.29,-0.27,0.25,0.5,-0.45,0.16,-0.45,0.04,0.7,0.29,0.22,0.29,0.34,2.5,-2.0,0.06,-2.0,1.39
8.1,3.873103448275862,104.37724137931033,-0.5689655172413792,-50.09689655172413,25.437931034482755,-9.948551724137928,-9.071241379310345,35.71862068965517,-27.666172413793106,7.8824482758620675,-18.242344827586205,100.00744827586207,-75.52141379310345,125.32427586206897,0.8,0.02,0.07,0.02,0.62,0.2,0.01,0.04,0.01,0.1,1.2,0.15,0.02,0.15,1.07,1.4,0.39,0.38,0.39,1.32,1.5,0.3,0.27,0.3,1.44,1.1,-0.16,0.15,-0.16,1.05,0.6,-0.34,0.37,-0.34,0.1,1.9,-1.15,0.29,-1.15,1.53,1.2,-0.27,0.29,-0.27,0.25,0.5,-0.45,0.16,-0.45,0.04,0.7,0.29,0.22,0.29,0.34,2.5,-2.0,0.06,-2.0,1.39
8.15,3.8268965517241376,105.79068965517241,-0.5865517241379311,-51.153103448275864,27.02413793103449,-11.280620689655178,-9.129620689655173,34.79148275862069,-27.64048275862069,8.960241379310348,-18.629758620689657,100.2284827586207,-76.04037931034483,125.81975862068965,0.8,0.02,0.07,0.02,0.62,0.2,0.01,0.04,0.01,0.1,1.2,0.15,0.02,0.15,1.07,1.4,0.39,0.38,0.39,1.32,1.5,0.3,0.27,0.3,1.44,1.1,-0.16,0.15,-0.16,1.05,0.6,-0.34,0.37,-0.34,0.1,1.9,-1.15,0.29,-1.15,1.53,1.2,-0.27,0.29,-0.27,0.25,0.5,-0.45,0.16,-0.45,0.04,0.7,0.29,0.22,0.29,0.34,2.5,-2.0,0.06,-2.0,1.39
8.200000000000001,3.778214285714285,107.17428571428573,-0.6139285714285717,-52.209642857142875,27.95714285714287,-12.247321428571436,-9.339035714285718,33.56882142857139,-28.708857142857163,9.715714285714292,-19.030142857142863,100.55057142857143,-76.76892857142857,126.52107142857145,0.8,-0.05,0.07,-0.05,0.58,0.2,0.02,0.04,0.02,0.08,1.2,0.14,0.01,0.14,1.08,1.3,0.33,0.3,0.33,1.27,1.5,0.2,0.27,0.2,1.46,1.2,-0.13,0.23,-0.13,1.14,0.5,-0.24,0.42,-0.24,0.02,1.8,-1.13,0.34,-1.13,1.45,1.1,-0.28,0.35,-0.28,0.27,0.4,-0.42,0.17,-0.42,0.08,0.7,0.19,0.22,0.19,0.3,2.4,-1.99,0.08,-1.99,1.41
8.25,3.725714285714286,108.57428571428571,-0.6414285714285713,-53.27714285714285,28.671428571428574,-12.489285714285717,-9.562285714285713,31.07014285714287,-29.839857142857145,9.855000000000002,-19.409857142857142,100.69171428571428,-77.13157142857143,126.85657142857143,0.8,-0.05,0.07,-0.05,0.58,0.2,0.02,0.04,0.02,0.08,1.2,0.14,0.01,0.14,1.08,1.3,0.33,0.3,0.33,1.27,1.5,0.2,0.27,0.2,1.46,1.2,-0.13,0.23,-0.13,1.14,0.5,-0.24,0.42,-0.24,0.02,1.8,-1.13,0.34,-1.13,1.45,1.1,-0.28,0.35,-0.28,0.27,0.4,-0.42,0.17,-0.42,0.08,0.7,0.19,0.22,0.19,0.3,2.4,-1.99,0.08,-1.99,1.41
8.3,3.673103448275862,109.96827586206896,-0.6679310344827587,-54.346896551724136,28.23103448275862,-11.870103448275861,-9.588344827586207,28.873275862068965,-29.571206896551725,9.304448275862068,-19.44203448275862,100.86096551724137,-77.31734482758621,127.10641379310344,0.8,-0.05,0.07,-0.05,0.58,0.2,0.02,0.04,0.02,0.08,1.2,0.14,0.01,0.14,1.08,1.3,0.33,0.3,0.33,1.27,1.5,0.2,0.27,0.2,1.46,1.2,-0.13,0.23,-0.13,1.14,0.5,-0.24,0.42,-0.24,0.02,1.8,-1.13,0.34,-1.13,1.45,1.1,-0.28,0.35,-0.28,0.27,0.4,-0.42,0.17,-0.42,0.08,0.7,0.19,0.22,0.19,0.3,2.4,-1.99,0.08,-1.99,1.41
8.35,3.6203448275862065,111.37413793103448,-0.6931034482758622,-55.40965517241379,27.737931034482756,-11.248689655172411,-9.020517241379308,26.53396551724137,-31.391551724137937,8.789655172413791,-19.036172413793103,100.99172413793103,-77.56296551724138,127.363,0.8,-0.05,0.07,-0.05,0.58,0.2,0.02,0.04,0.02,0.08,1.2,0.14,0.01,0.14,1.08,1.3,0.33,0.3,0.33,1.27,1.5,0.2,0.27,0.2,1.46,1.2,-0.13,0.23,-0.13,1.14,0.5,-0.24,0.42,-0.24,0.02,1.8,-1.13,0.34,-1.13,1.45,1.1,-0.28,0.35,-0.28,0.27,0.4,-0.42,0.17,-0.42,0.08,0.7,0.19,0.22,0.19,0.3,2.4,-1.99,0.08,-1.99,1.41
8.4,3.5628571428571427,112.77857142857144,-0.7285714285714288,-56.501428571428576,26.742857142857137,-10.631285714285712,-8.289285714285711,24.189285714285703,-33.04928571428572,8.279999999999998,-18.590571428571426,101.17428571428572,-78.015,127.78157142857144,0.8,-0.05,0.07,-0.05,0.58,0.2,0.02,0.04,0.02,0.08,1.2,0.14,0.01,0.14,1.08,1.3,0.33,0.3,0.33,1.27,1.5,0.2,0.27,0.2,1.46,1.2,-0.13,0.23,-0.13,1.14,0.5,-0.24,0.42,-0.24,0.02,1.8,-1.13,0.34,-1.13,1.45,1.1,-0.28,0.35,-0.28,0.27,0.4,-0.42,0.17,-0.42,0.08,0.7,0.19,0.22,0.19,0.3,2.4,-1.99,0.08,-1.99,1.41
8.450000000000001,3.5035714285714277,114.18928571428573,-0.7642857142857147,-57.6007142857143,25.7,-10.051571428571426,-7.561499999999995,21.936571428571416,-34.56192857142858,7.844642857142858,-18.172142857142855,101.3615,-78.50078571428573,128.22435714285714,0.7,-0.05,0.11,-0.05,0.55,0.2,-0.01,0.02,-0.01,0.04,1.2,0.14,0.01,0.14,1.08,1.3,0.28,0.24,0.28,1.24,1.4,0.1,0.16,0.1,1.39,1.3,-0.13,0.31,-0.13,1.23,0.4,-0.21,0.46,-0.21,0.16,1.7,-1.11,0.41,-1.11,1.34,1.0,-0.36,0.4,-0.36,0.32,0.4,-0.39,0.17,-0.39,0.12,0.7,0.08,0.16,0.08,0.23,2.4,-1.91,0.03,-1.91,1.41
8.5,3.44,115.6,-0.8,-58.7,25.8,-9.823,-7.084,20.589,-35.191,8.065,-18.024,101.492,-78.968,128.611,0.7,-0.05,0.11,-0.05,0.55,0.2,-0.01,0.02,-0.01,0.04,1.2,0.14,0.01,0.14,1.08,1.3,0.28,0.24,0.28,1.24,1.4,0.1,0.16,0.1,1.39,1.3,-0.13,0.31,-0.13,1.23,0.4,-0.21,0.46,-0.21,0.16,1.7,-1.11,0.41,-1.11,1.34,1.0,-0.36,0.4,-0.36,0.32,0.4,-0.39,0.17,-0.39,0.12,0.7,0.08,0.16,0.08,0.23,2.4,-1.91,0.03,-1.91,1.41
8.55,3.3885714285714266,117.02071428571432,-0.8278571428571433,-59.79714285714289,26.414285714285732,-9.92264285714286,-6.837571428571422,20.29114285714285,-35.42142857142858,8.783428571428589,-17.90342857142857,101.61778571428572,-79.31121428571429,128.9167142857143,0.7,-0.05,0.11,-0.05,0.55,0.2,-0.01,0.02,-0.01,0.04,1.2,0.14,0.01,0.14,1.08,1.3,0.28,0.24,0.28,1.24,1.4,0.1,0.16,0.1,1.39,1.3,-0.13,0.31,-0.13,1.23,0.4,-0.21,0.46,-0.21,0.16,1.7,-1.11,0.41,-1.11,1.34,1.0,-0.36,0.4,-0.36,0.32,0.4,-0.39,0.17,-0.39,0.12,0.7,0.08,0.16,0.08,0.23,2.4,-1.91,0.03,-1.91,1.41
8.6,3.3271428571428574,118.43142857142857,-0.8514285714285712,-60.904285714285706,26.91428571428571,-9.643285714285717,-6.711142857142858,20.27114285714286,-34.87685714285715,9.491142857142854,-17.69914285714286,101.73728571428572,-79.64757142857142,129.21585714285715,0.7,-0.05,0.11,-0.05,0.55,0.2,-0.01,0.02,-0.01,0.04,1.2,0.14,0.01,0.14,1.08,1.3,0.28,0.24,0.28,1.24,1.4,0.1,0.16,0.1,1.39,1.3,-0.13,0.31,-0.13,1.23,0.4,-0.21,0.46,-0.21,0.16,1.7,-1.11,0.41,-1.11,1.34,1.0,-0.36,0.4,-0.36,0.32,0.4,-0.39,0.17,-0.39,0.12,0.7,0.08,0.16,0.08,0.23,2.4,-1.91,0.03,-1.91,1.41
8.65,3.2692857142857137,119.83857142857144,-0.8671428571428573,-62.00785714285715,27.1,-8.859785714285708,-6.50042857142857,19.88528571428572,-33.6145,10.059000000000003,-17.305714285714284,101.83985714285714,-79.80321428571429,129.39164285714284,0.7,-0.05,0.11,-0.05,0.55,0.2,-0.01,0.02,-0.01,0.04,1.2,0.14,0.01,0.14,1.08,1.3,0.28,0.24,0.28,1.24,1.4,0.1,0.16,0.1,1.39,1.3,-0.13,0.31,-0.13,1.23,0.4,-0.21,0.46,-0.21,0.16,1.7,-1.11,0.41,-1.11,1.34,1.0,-0.36,0.4,-0.36,0.32,0.4,-0.39,0.17,-0.39,0.12,0.7,0.08,0.16,0.08,0.23,2.4,-1.91,0.03,-1.91,1.41
8.700000000000001,3.2157142857142844,121.24285714285718,-0.8914285714285719,-63.10857142857146,27.11428571428572,-7.47671428571425,-6.151142857142848,20.927571428571433,-33.278428571428535,10.515000000000013,-16.785999999999987,101.99185714285714,-79.86785714285715,129.54957142857145,0.7,-0.05,0.11,-0.05,0.55,0.2,-0.01,0.02,-0.01,0.04,1.2,0.14,0.01,0.14,1.08,1.3,0.28,0.24,0.28,1.24,1.5,0.08,0.21,0.08,1.46,1.3,-0.13,0.31,-0.13,1.23,0.4,-0.21,0.46,-0.21,0.16,1.7,-1.11,0.41,-1.11,1.34,1.0,-0.36,0.4,-0.36,0.32,0.4,-0.39,0.17,-0.39,0.12,0.7,0.08,0.16,0.08,0.23,2.4,-1.91,0.03,-1.91,1.41
8.75,3.162142857142858,122.65357142857141,-0.9092857142857141,-64.21571428571427,27.29285714285714,-6.085714285714303,-5.82471428571429,21.14735714285714,-31.617785714285734,11.076642857142849,-16.311500000000006,102.1405,-80.1485,129.83957142857142,0.7,-0.05,0.11,-0.05,0.55,0.2,-0.01,0.02,-0.01,0.04,1.2,0.14,0.01,0.14,1.08,1.3,0.28,0.24,0.28,1.24,1.5,0.08,0.21,0.08,1.46,1.3,-0.13,0.31,-0.13,1.23,0.4,-0.21,0.46,-0.21,0.16,1.7,-1.11,0.41,-1.11,1.34,1.0,-0.36,0.4,-0.36,0.32,0.4,-0.39,0.17,-0.39,0.12,0.7,0.08,0.16,0.08,0.23,2.4,-1.91,0.03,-1.91,1.41
8.8,3.1149999999999998,124.09250000000002,-0.9275000000000002,-65.34500000000001,27.97500000000001,-5.1639999999999935,-5.651249999999998,23.540500000000023,-30.007499999999986,12.040750000000008,-16.05275,102.10975,-80.30875,129.91175,0.7,-0.05,0.11,-0.05,0.55,0.2,-0.01,0.02,-0.01,0.04,1.2,0.14,0.01,0.14,1.08,1.3,0.28,0.24,0.28,1.24,1.5,0.08,0.21,0.08,1.46,1.3,-0.13,0.31,-0.13,1.23,0.4,-0.21,0.46,-0.21,0.16,1.7,-1.11,0.41,-1.11,1.34,1.0,-0.36,0.4,-0.36,0.32,0.4,-0.39,0.17,-0.39,0.12,0.7,0.08,0.16,0.08,0.23,2.4,-1.91,0.03,-1.91,1.41
8.85,3.063928571428572,125.49321428571427,-0.9453571428571427,-66.45214285714285,29.12142857142856,-4.995392857142857,-5.54707142857143,25.362035714285703,-28.95275000000001,13.19649999999999,-16.090964285714286,102.26135714285714,-80.44196428571428,130.112,0.7,-0.05,0.11,-0.05,0.55,0.2,-0.01,0.02,-0.01,0.04,1.2,0.14,0.01,0.14,1.08,1.3,0.28,0.24,0.28,1.24,1.5,0.08,0.21,0.08,1.46,1.3,-0.13,0.31,-0.13,1.23,0.4,-0.21,0.46,-0.21,0.16,1.7,-1.11,0.41,-1.11,1.34,1.0,-0.36,0.4,-0.36,0.32,0.4,-0.39,0.17,-0.39,0.12,0.7,0.08,0.16,0.08,0.23,2.4,-1.91,0.03,-1.91,1.41
8.9,3.012857142857143,126.92857142857144,-0.9635714285714286,-67.58142857142857,29.942857142857147,-5.074071428571429,-5.448714285714285,25.91464285714286,-27.949571428571424,13.95521428571429,-16.165642857142856,102.31607142857143,-80.66885714285714,130.29564285714287,0.7,-0.05,0.11,-0.05,0.55,0.2,-0.01,0.02,-0.01,0.04,1.2,0.14,0.01,0.14,1.08,1.3,0.28,0.24,0.28,1.24,1.5,0.08,0.21,0.08,1.46,1.3,-0.13,0.31,-0.13,1.23,0.4,-0.21,0.46,-0.21,0.16,1.7,-1.11,0.41,-1.11,1.34,1.0,-0.36,0.4,-0.36,0.32,0.4,-0.39,0.17,-0.39,0.12,0.7,0.08,0.16,0.08,0.23,2.4,-1.91,0.03,-1.91,1.41
8.950000000000001,2.9670370370370365,128.33703703703708,-0.981481481481482,-68.69185185185188,30.6740740740741,-5.179740740740743,-5.351999999999998,26.23996296296297,-26.964518518518492,14.622111111111128,-16.239222222222224,102.34766666666667,-80.90870370370371,130.46951851851853,0.5,0.03,0.22,0.03,0.45,0.2,0.02,0.03,0.02,0.03,1.2,0.12,0.01,0.12,1.08,1.2,0.27,0.18,0.27,1.19,1.5,0.05,0.24,0.05,1.52,1.3,-0.09,0.32,-0.09,1.27,0.4,-0.19,0.45,-0.19,0.28,1.6,-1.05,0.5,-1.05,1.23,1.0,-0.4,0.44,-0.4,0.32,0.4,-0.38,0.15,-0.38,0.12,0.5,-0.11,0.01,-0.11,0.12,2.3,-1.85,0.03,-1.85,1.35
9.0,2.921071428571428,129.76214285714286,-0.9996428571428573,-69.8275,31.485714285714295,-5.28882142857143,-5.259714285714285,26.581107142857146,-25.94442857142856,15.271678571428579,-16.319357142857147,102.38132142857144,-81.13867857142857,130.64075,0.5,0.03,0.22,0.03,0.45,0.2,0.02,0.03,0.02,0.03,1.2,0.12,0.01,0.12,1.08,1.2,0.27,0.18,0.27,1.19,1.5,0.05,0.24,0.05,1.52,1.3,-0.09,0.32,-0.09,1.27,0.4,-0.19,0.45,-0.19,0.28,1.6,-1.05,0.5,-1.05,1.23,1.0,-0.4,0.44,-0.4,0.32,0.4,-0.38,0.15,-0.38,0.12,0.5,-0.11,0.01,-0.11,0.12,2.3,-1.85,0.03,-1.85,1.35
9.05,2.866666666666665,131.18666666666672,-1.0077777777777783,-70.96000000000002,31.677777777777784,-5.427888888888893,-5.296111111111112,27.20311111111113,-24.41555555555551,15.273333333333333,-16.533111111111115,102.44255555555556,-81.11922222222222,130.67311111111113,0.5,0.03,0.22,0.03,0.45,0.2,0.02,0.03,0.02,0.03,1.2,0.12,0.01,0.12,1.08,1.2,0.27,0.18,0.27,1.19,1.5,0.05,0.24,0.05,1.52,1.3,-0.09,0.32,-0.09,1.27,0.4,-0.19,0.45,-0.19,0.28,1.6,-1.05,0.5,-1.05,1.23,1.0,-0.4,0.44,-0.4,0.32,0.4,-0.38,0.15,-0.38,0.12,0.5,-0.11,0.01,-0.11,0.12,2.3,-1.85,0.03,-1.85,1.35
9.1,2.8281481481481485,132.61222222222221,-1.0259259259259257,-72.0874074074074,31.918518518518514,-5.567444444444442,-5.196185185185189,27.619666666666667,-22.834185185185202,15.219185185185186,-16.77596296296296,102.41503703703704,-81.37225925925927,130.81085185185185,0.5,0.03,0.22,0.03,0.45,0.2,0.02,0.03,0.02,0.03,1.2,0.12,0.01,0.12,1.08,1.2,0.27,0.18,0.27,1.19,1.5,0.05,0.24,0.05,1.52,1.3,-0.09,0.32,-0.09,1.27,0.4,-0.19,0.45,-0.19,0.28,1.6,-1.05,0.5,-1.05,1.23,1.0,-0.4,0.44,-0.4,0.32,0.4,-0.38,0.15,-0.38,0.12,0.5,-0.11,0.01,-0.11,0.12,2.3,-1.85,0.03,-1.85,1.35
9.15,2.771851851851851,134.03185185185188,-1.0340740740740744,-73.2225925925926,32.05925925925926,-5.6993333333333345,-4.665925925925914,26.998962962962953,-21.71459259259258,14.94996296296296,-17.031481481481485,102.56996296296298,-81.2461111111111,130.854,0.5,0.03,0.22,0.03,0.45,0.2,0.02,0.03,0.02,0.03,1.2,0.12,0.01,0.12,1.08,1.2,0.27,0.18,0.27,1.19,1.5,0.05,0.24,0.05,1.52,1.3,-0.09,0.32,-0.09,1.27,0.4,-0.19,0.45,-0.19,0.28,1.6,-1.05,0.5,-1.05,1.23,1.0,-0.4,0.44,-0.4,0.32,0.4,-0.38,0.15,-0.38,0.12,0.5,-0.11,0.01,-0.11,0.12,2.3,-1.85,0.03,-1.85,1.35
9.200000000000001,2.7355555555555555,135.45333333333335,-1.0622222222222224,-74.33777777777779,31.822222222222223,-5.75733333333333,-3.4917777777777648,26.13877777777777,-21.053888888888892,14.627222222222219,-17.230222222222224,102.7211111111111,-81.38933333333334,131.0641111111111,0.5,0.12,0.27,0.12,0.38,0.3,0.11,0.11,0.11,0.11,1.2,0.11,0.0,0.11,1.1,1.2,0.42,0.13,0.42,1.11,1.5,0.04,0.18,0.04,1.47,1.3,-0.11,0.29,-0.11,1.28,0.4,-0.16,0.39,-0.16,0.37,1.6,-1.06,0.51,-1.06,1.18,1.0,-0.41,0.43,-0.41,0.35,0.4,-0.37,0.14,-0.37,0.12,0.5,-0.22,0.05,-0.22,0.08,2.3,-1.85,0.03,-1.85,1.33
9.25,2.6888888888888896,136.87888888888887,-1.0803703703703702,-75.46296296296295,32.014814814814805,-5.216740740740748,-1.8664814814814938,24.724962962962977,-21.619296296296284,14.150962962962968,-17.458074074074066,102.57848148148148,-80.98996296296296,130.70833333333334,0.5,0.12,0.27,0.12,0.38,0.3,0.11,0.11,0.11,0.11,1.2,0.11,0.0,0.11,1.1,1.2,0.42,0.13,0.42,1.11,1.5,0.04,0.18,0.04,1.47,1.3,-0.11,0.29,-0.11,1.28,0.4,-0.16,0.39,-0.16,0.37,1.6,-1.06,0.51,-1.06,1.18,1.0,-0.41,0.43,-0.41,0.35,0.4,-0.37,0.14,-0.37,0.12,0.5,-0.22,0.05,-0.22,0.08,2.3,-1.85,0.03,-1.85,1.33
9.3,2.6342857142857135,138.29857142857145,-1.0985714285714288,-76.5914285714286,32.57142857142858,-4.616857142857137,-0.8367142857142769,23.253142857142844,-22.870428571428583,13.658571428571424,-18.19942857142858,102.48357142857144,-81.28185714285715,130.81557142857142,0.5,0.12,0.27,0.12,0.38,0.3,0.11,0.11,0.11,0.11,1.2,0.11,0.0,0.11,1.1,1.2,0.42,0.13,0.42,1.11,1.5,0.04,0.18,0.04,1.47,1.3,-0.11,0.29,-0.11,1.28,0.4,-0.16,0.39,-0.16,0.37,1.6,-1.06,0.51,-1.06,1.18,1.0,-0.41,0.43,-0.41,0.35,0.4,-0.37,0.14,-0.37,0.12,0.5,-0.22,0.05,-0.22,0.08,2.3,-1.85,0.03,-1.85,1.33
9.35,2.5688888888888894,139.73888888888888,-1.1270370370370368,-77.7462962962963,31.8,-4.122333333333337,-1.0314814814814781,21.850259259259275,-23.731185185185176,13.204592592592597,-19.461740740740723,102.93125925925926,-81.84392592592592,131.5102222222222,0.5,0.12,0.27,0.12,0.38,0.3,0.11,0.11,0.11,0.11,1.2,0.11,0.0,0.11,1.1,1.2,0.42,0.13,0.42,1.11,1.5,0.04,0.18,0.04,1.47,1.3,-0.11,0.29,-0.11,1.28,0.4,-0.16,0.39,-0.16,0.37,1.6,-1.06,0.51,-1.06,1.18,1.0,-0.41,0.43,-0.41,0.35,0.4,-0.37,0.14,-0.37,0.12,0.5,-0.22,0.05,-0.22,0.08,2.3,-1.85,0.03,-1.85,1.33
9.4,2.5114285714285707,141.12214285714288,-1.13,-78.82785714285716,33.7107142857143,-4.2496428571428595,-1.4566428571428653,20.830428571428563,-24.415035714285718,12.96767857142857,-20.76364285714287,102.15332142857142,-81.30285714285714,130.56696428571428,0.5,0.12,0.27,0.12,0.38,0.3,0.11,0.11,0.11,0.11,1.2,0.11,0.0,0.11,1.1,1.2,0.42,0.13,0.42,1.11,1.5,0.04,0.18,0.04,1.47,1.3,-0.11,0.29,-0.11,1.28,0.4,-0.16,0.39,-0.16,0.37,1.6,-1.06,0.51,-1.06,1.18,1.0,-0.41,0.43,-0.41,0.35,0.4,-0.37,0.14,-0.37,0.12,0.5,-0.22,0.05,-0.22,0.08,2.3,-1.85,0.03,-1.85,1.33
9.450000000000001,2.4285714285714275,142.54000000000002,-1.14,-79.96714285714287,35.085714285714296,-4.4682857142857175,-2.5228571428571565,19.850142857142842,-24.230999999999984,12.758428571428569,-21.97385714285715,101.89014285714286,-81.26171428571429,130.33614285714285,0.4,0.2,0.3,0.2,0.29,0.4,0.22,0.2,0.22,0.13,1.2,0.1,0.0,0.1,1.12,1.2,0.54,0.14,0.54,1.07,1.4,0.02,0.12,0.02,1.42,1.3,-0.11,0.27,-0.11,1.31,0.5,-0.16,0.3,-0.16,0.42,1.6,-1.12,0.42,-1.12,1.18,1.0,-0.27,0.38,-0.27,0.63,0.4,-0.37,0.13,-0.37,0.11,0.5,-0.31,0.03,-0.31,0.11,2.3,-1.82,0.05,-1.82,1.33
9.5,2.356296296296295,143.9277777777778,-1.15,-81.08592592592595,35.41481481481482,-4.681888888888891,-3.3411481481481577,18.895444444444433,-22.95429629629628,12.554555555555554,-22.34540740740741,101.99033333333334,-81.44092592592594,130.52503703703704,0.4,0.2,0.3,0.2,0.29,0.4,0.22,0.2,0.22,0.13,1.2,0.1,0.0,0.1,1.12,1.2,0.54,0.14,0.54,1.07,1.4,0.02,0.12,0.02,1.42,1.3,-0.11,0.27,-0.11,1.31,0.5,-0.16,0.3,-0.16,0.42,1.6,-1.12,0.42,-1.12,1.18,1.0,-0.27,0.38,-0.27,0.63,0.4,-0.37,0.13,-0.37,0.11,0.5,-0.31,0.03,-0.31,0.11,2.3,-1.82,0.05,-1.82,1.33
9.55,2.265357142857143,145.3464285714286,-1.1589285714285713,-82.21357142857143,35.68928571428572,-4.899249999999999,-4.130499999999999,17.92421428571429,-21.538357142857144,12.347214285714287,-22.62460714285714,102.12128571428572,-81.63642857142857,130.74692857142855,0.4,0.2,0.3,0.2,0.29,0.4,0.22,0.2,0.22,0.13,1.2,0.1,0.0,0.1,1.12,1.2,0.54,0.14,0.54,1.07,1.4,0.02,0.12,0.02,1.42,1.3,-0.11,0.27,-0.11,1.31,0.5,-0.16,0.3,-0.16,0.42,1.6,-1.12,0.42,-1.12,1.18,1.0,-0.27,0.38,-0.27,0.63,0.4,-0.37,0.13,-0.37,0.11,0.5,-0.31,0.03,-0.31,0.11,2.3,-1.82,0.05,-1.82,1.33
9.600000000000001,2.1742857142857126,146.7671428571429,-1.1671428571428575,-83.35285714285716,35.971428571428575,-5.117000000000004,-4.921000000000015,16.952285714285694,-20.119571428571398,12.139571428571424,-22.90428571428572,102.25242857142857,-81.83142857142857,130.96985714285714,0.4,0.2,0.3,0.2,0.29,0.4,0.22,0.2,0.22,0.13,1.2,0.1,0.0,0.1,1.12,1.2,0.54,0.14,0.54,1.07,1.4,0.02,0.12,0.02,1.42,1.3,-0.11,0.27,-0.11,1.31,0.5,-0.16,0.3,-0.16,0.42,1.6,-1.12,0.42,-1.12,1.18,1.0,-0.27,0.38,-0.27,0.63,0.4,-0.37,0.13,-0.37,0.11,0.5,-0.31,0.03,-0.31,0.11,2.3,-1.82,0.05,-1.82,1.33
9.65,2.077857142857142,148.18785714285715,-1.18,-84.48750000000001,36.207142857142856,-5.334285714285715,-5.712500000000005,15.979928571428564,-18.70067857142856,11.93192857142857,-23.183500000000002,102.38357142857143,-82.02632142857142,131.19289285714285,0.4,0.2,0.3,0.2,0.29,0.4,0.22,0.2,0.22,0.13,1.2,0.1,0.0,0.1,1.12,1.2,0.54,0.14,0.54,1.07,1.4,0.02,0.12,0.02,1.42,1.3,-0.11,0.27,-0.11,1.31,0.5,-0.16,0.3,-0.16,0.42,1.6,-1.12,0.42,-1.12,1.18,1.0,-0.27,0.38,-0.27,0.63,0.4,-0.37,0.13,-0.37,0.11,0.5,-0.31,0.03,-0.31,0.11,2.3,-1.82,0.05,-1.82,1.33
9.700000000000001,1.9749999999999965,149.60857142857148,-1.19,-85.62142857142861,36.43571428571429,-5.551500000000006,-6.477642857142875,15.008357142857117,-17.210714285714236,11.724642857142852,-23.438000000000006,102.48828571428571,-82.25292857142858,131.41485714285716,0.5,0.27,0.29,0.27,0.21,0.5,0.29,0.25,0.29,0.13,1.2,0.08,0.01,0.08,1.14,1.2,0.8,0.1,0.8,0.84,1.4,-0.04,0.1,-0.04,1.42,1.3,-0.16,0.15,-0.16,1.2,0.6,-0.18,0.13,-0.18,0.55,1.7,-1.17,0.32,-1.17,1.24,0.9,-0.01,0.38,-0.01,0.62,0.4,-0.38,0.11,-0.38,0.13,0.6,-0.39,0.04,-0.39,0.15,2.2,-1.68,0.12,-1.68,1.37
9.75,1.8565384615384604,151.04,-1.2076923076923083,-86.76923076923079,36.4653846153846,-5.767923076923079,-7.1548076923077035,14.039499999999991,-15.36357692307691,11.51803846153846,-23.581730769230774,102.4346923076923,-82.58226923076923,131.5811923076923,0.5,0.27,0.29,0.27,0.21,0.5,0.29,0.25,0.29,0.13,1.2,0.08,0.01,0.08,1.14,1.2,0.8,0.1,0.8,0.84,1.4,-0.04,0.1,-0.04,1.42,1.3,-0.16,0.15,-0.16,1.2,0.6,-0.18,0.13,-0.18,0.55,1.7,-1.17,0.32,-1.17,1.24,0.9,-0.01,0.38,-0.01,0.62,0.4,-0.38,0.11,-0.38,0.13,0.6,-0.39,0.04,-0.39,0.15,2.2,-1.68,0.12,-1.68,1.37
9.8,1.7324999999999993,152.53357142857143,-1.29,-87.96750000000002,35.1,-6.086857142857153,-8.375357142857151,13.063249999999995,-13.894392857142847,11.260535714285709,-23.969035714285717,102.26178571428572,-82.2780357142857,131.26160714285714,0.5,0.27,0.29,0.27,0.21,0.5,0.29,0.25,0.29,0.13,1.2,0.08,0.01,0.08,1.14,1.2,0.8,0.1,0.8,0.84,1.4,-0.04,0.1,-0.04,1.42,1.3,-0.16,0.15,-0.16,1.2,0.6,-0.18,0.13,-0.18,0.55,1.7,-1.17,0.32,-1.17,1.24,0.9,-0.01,0.38,-0.01,0.62,0.4,-0.38,0.11,-0.38,0.13,0.6,-0.39,0.04,-0.39,0.15,2.2,-1.68,0.12,-1.68,1.37
9.850000000000001,1.5959259259259224,153.95222222222225,-1.29,-89.11333333333336,35.1925925925926,-8.100481481481532,-10.045925925925967,11.975518518518491,-11.865259259259208,10.16777777777775,-24.262851851851856,102.2775925925926,-82.42555555555556,131.36388888888888,0.5,0.27,0.29,0.27,0.21,0.5,0.29,0.25,0.29,0.13,1.2,0.08,0.01,0.08,1.14,1.2,0.8,0.1,0.8,0.84,1.4,-0.04,0.1,-0.04,1.42,1.3,-0.16,0.15,-0.16,1.2,0.6,-0.18,0.13,-0.18,0.55,1.7,-1.17,0.32,-1.17,1.24,0.9,-0.01,0.38,-0.01,0.62,0.4,-0.38,0.11,-0.38,0.13,0.6,-0.39,0.04,-0.39,0.15,2.2,-1.68,0.12,-1.68,1.37
9.9,1.4499999999999986,155.365,-1.29,-90.25250000000001,34.75,-10.174750000000017,-11.465000000000012,10.88199999999999,-8.265749999999969,9.044999999999991,-23.835499999999996,102.5285,-82.47675000000001,131.58950000000002,0.5,0.27,0.29,0.27,0.21,0.5,0.29,0.25,0.29,0.13,1.2,0.08,0.01,0.08,1.14,1.2,0.8,0.1,0.8,0.84,1.4,-0.04,0.1,-0.04,1.42,1.3,-0.16,0.15,-0.16,1.2,0.6,-0.18,0.13,-0.18,0.55,1.7,-1.17,0.32,-1.17,1.24,0.9,-0.01,0.38,-0.01,0.62,0.4,-0.38,0.11,-0.38,0.13,0.6,-0.39,0.04,-0.39,0.15,2.2,-1.68,0.12,-1.68,1.37
9.950000000000001,1.2966666666666629,156.79629629629633,-1.28,-91.41333333333337,34.044444444444416,-12.268407407407457,-12.818148148148177,9.779222222222195,-4.727851851851776,7.911740740740714,-23.17140740740738,102.85177777777778,-82.50307407407406,131.85722222222222,0.5,0.35,0.2,0.35,0.18,0.5,0.35,0.28,0.35,0.16,1.2,0.06,0.02,0.06,1.16,1.2,0.88,0.07,0.88,0.73,1.4,-0.04,0.1,-0.04,1.42,1.3,-0.13,0.17,-0.13,1.23,0.6,-0.2,0.09,-0.2,0.59,1.8,-1.22,0.23,-1.22,1.28,1.0,0.17,0.27,0.17,0.62,0.4,-0.39,0.08,-0.39,0.15,0.6,-0.41,0.06,-0.41,0.1,2.2,-1.65,0.13,-1.65,1.39
10.0,1.145714285714285,158.2242857142857,-1.28,-92.57000000000001,32.271428571428565,-14.34000000000001,-13.821714285714291,8.687428571428567,-2.0109999999999872,6.790571428571423,-21.48999999999999,103.48157142857143,-82.42428571428572,132.30157142857144,0.5,0.35,0.2,0.35,0.18,0.5,0.35,0.28,0.35,0.16,1.2,0.06,0.02,0.06,1.16,1.2,0.88,0.07,0.88,0.73,1.4,-0.04,0.1,-0.04,1.42,1.3,-0.13,0.17,-0.13,1.23,0.6,-0.2,0.09,-0.2,0.59,1.8,-1.22,0.23,-1.22,1.28,1.0,0.17,0.27,0.17,0.62,0.4,-0.39,0.08,-0.39,0.15,0.6,-0.41,0.06,-0.41,0.1,2.2,-1.65,0.13,-1.65,1.39
10.05,0.9866666666666627,159.65222222222224,-1.28,-93.71333333333337,30.440740740740697,-16.404444444444493,-14.7657777777778,7.5989999999999736,0.5660370370370988,5.672851851851825,-19.644666666666623,104.15992592592593,-82.32751851851852,132.77566666666667,0.5,0.35,0.2,0.35,0.18,0.5,0.35,0.28,0.35,0.16,1.2,0.06,0.02,0.06,1.16,1.2,0.88,0.07,0.88,0.73,1.4,-0.04,0.1,-0.04,1.42,1.3,-0.13,0.17,-0.13,1.23,0.6,-0.2,0.09,-0.2,0.59,1.8,-1.22,0.23,-1.22,1.28,1.0,0.17,0.27,0.17,0.62,0.4,-0.39,0.08,-0.39,0.15,0.6,-0.41,0.06,-0.41,0.1,2.2,-1.65,0.13,-1.65,1.39
10.100000000000001,0.8199999999999941,161.09777777777782,-1.27,-94.87888888888894,28.58888888888882,-18.493333333333407,-15.721333333333368,6.497999999999961,3.174555555555648,4.542111111111071,-17.777888888888825,104.84622222222225,-82.23011111111111,133.25811111111113,0.5,0.35,0.2,0.35,0.18,0.5,0.35,0.28,0.35,0.16,1.2,0.06,0.02,0.06,1.16,1.2,0.88,0.07,0.88,0.73,1.4,-0.04,0.1,-0.04,1.42,1.3,-0.13,0.17,-0.13,1.23,0.6,-0.2,0.09,-0.2,0.59,1.8,-1.22,0.23,-1.22,1.28,1.0,0.17,0.27,0.17,0.62,0.4,-0.39,0.08,-0.39,0.15,0.6,-0.41,0.06,-0.41,0.1,2.2,-1.65,0.13,-1.65,1.39
10.15,0.6437037037037018,162.55111111111114,-1.27962962962963,-96.03666666666668,26.44814814814812,-20.582222222222242,-16.729851851851866,5.397037037037025,5.70870370370373,3.4115925925925805,-15.834259259259237,105.45911111111111,-82.1078888888889,133.67107407407408,0.5,0.35,0.2,0.35,0.18,0.5,0.35,0.28,0.35,0.16,1.2,0.06,0.02,0.06,1.16,1.2,0.88,0.07,0.88,0.73,1.4,-0.04,0.1,-0.04,1.42,1.3,-0.13,0.17,-0.13,1.23,0.6,-0.2,0.09,-0.2,0.59,1.8,-1.22,0.23,-1.22,1.28,1.0,0.17,0.27,0.17,0.62,0.4,-0.39,0.08,-0.39,0.15,0.6,-0.41,0.06,-0.41,0.1,2.2,-1.65,0.13,-1.65,1.39
10.200000000000001,0.4685185185185154,163.99555555555557,-1.3788888888888908,-97.19518518518521,19.14074074074061,-22.660222222222256,-18.94511111111115,4.301629629629611,6.550259259259273,2.2864074074073883,-12.19259259259253,104.40833333333332,-81.419,132.43103703703702,0.5,0.35,0.2,0.35,0.18,0.5,0.35,0.28,0.35,0.16,1.2,0.06,0.02,0.06,1.16,1.2,0.88,0.07,0.88,0.73,1.3,-0.07,0.04,-0.07,1.29,1.3,-0.13,0.17,-0.13,1.23,0.6,-0.2,0.09,-0.2,0.59,1.8,-1.22,0.23,-1.22,1.28,1.0,0.17,0.27,0.17,0.62,0.4,-0.39,0.08,-0.39,0.15,0.6,-0.41,0.06,-0.41,0.1,2.2,-1.65,0.13,-1.65,1.39
10.25,0.2833333333333333,165.45000000000002,-1.48,-98.35333333333334,11.733333333333334,-24.73966666666667,-21.18466666666667,3.2063333333333333,7.359333333333333,1.1606666666666667,-8.514333333333333,103.324,-80.71900000000001,131.163,0.5,0.35,0.2,0.35,0.18,0.5,0.35,0.28,0.35,0.16,1.2,0.06,0.02,0.06,1.16,1.2,0.88,0.07,0.88,0.73,1.3,-0.07,0.04,-0.07,1.29,1.3,-0.13,0.17,-0.13,1.23,0.6,-0.2,0.09,-0.2,0.59,1.8,-1.22,0.23,-1.22,1.28,1.0,0.17,0.27,0.17,0.62,0.4,-0.39,0.08,-0.39,0.15,0.6,-0.41,0.06,-0.41,0.1,2.2,-1.65,0.13,-1.65,1.39
10.3,0.09749999999999778,166.89833333333334,-1.5675000000000008,-99.50500000000001,5.2333333333332845,-27.542916666666724,-23.212166666666683,2.65325000000001,7.9128333333333325,0.14466666666665798,-5.274666666666642,102.77400000000002,-79.4585833333333,129.96499999999997,0.5,0.35,0.2,0.35,0.18,0.5,0.35,0.28,0.35,0.16,1.2,0.06,0.02,0.06,1.16,1.2,0.88,0.07,0.88,0.73,1.3,-0.07,0.04,-0.07,1.29,1.3,-0.13,0.17,-0.13,1.23,0.6,-0.2,0.09,-0.2,0.59,1.8,-1.22,0.23,-1.22,1.28,1.0,0.17,0.27,0.17,0.62,0.4,-0.39,0.08,-0.39,0.15,0.6,-0.41,0.06,-0.41,0.1,2.2,-1.65,0.13,-1.65,1.39
