Time,Height above ground [m],X [m],Y [m],Z [m],Opening Angle [°],Stalling Angle Left [°],Stalling Angle Right [°],Roll Angle Left [°],Roll Angle Right [°],Yaw Angle Left [°],Yaw Angle Right [°],Speed hor. [km/h],Speed vert. [km/h],Speed resulting [km/h],W1_Speed,W1_Tangent,W1_Turbulence,W1_CleanTan,W1_Cross,W2_Speed,W2_Tangent,W2_Turbulence,W2_CleanTan,W2_Cross,W3_Speed,W3_Tangent,W3_Turbulence,W3_CleanTan,W3_Cross,W4_Speed,W4_Tangent,W4_Turbulence,W4_CleanTan,W4_Cross,W5_Speed,W5_Tangent,W5_Turbulence,W5_CleanTan,W5_Cross,W6_Speed,W6_Tangent,W6_Turbulence,W6_CleanTan,W6_Cross,W7_Speed,W7_Tangent,W7_Turbulence,W7_CleanTan,W7_Cross,W8_Speed,W8_Tangent,W8_Turbulence,W8_CleanTan,W8_Cross,W9_Speed,W9_Tangent,W9_Turbulence,W9_CleanTan,W9_Cross,W10_Speed,W10_Tangent,W10_Turbulence,W10_CleanTan,W10_Cross,W11_Speed,W11_Tangent,W11_Turbulence,W11_CleanTan,W11_Cross,W12_Speed,W12_Tangent,W12_Turbulence,W12_CleanTan,W12_Cross
0.118,,-82.61,-0.0,44.06,,,,,,,,0.0,0.0,0.0,0.9,0.63,0.13,0.63,0.57,0.8,0.09,0.49,0.09,0.01,1.1,0.56,0.05,0.56,0.86,1.8,1.55,0.23,1.55,0.73,1.5,0.45,0.0,0.45,1.44,1.7,0.76,0.27,0.76,1.53,2.2,-0.16,0.12,-0.16,2.17,2.2,-0.22,0.66,-0.22,2.11,1.2,-0.69,0.04,-0.69,0.74,1.0,0.78,0.24,0.78,0.54,0.3,-0.1,0.11,-0.1,0.32,0.9,-0.83,0.13,-0.83,0.21
0.16799999999999998,,-81.61565583634176,0.0,43.52979542719615,,,,,,,,1.1979663056558363,-0.24373044524669074,1.222503008423586,0.8987966305655837,0.6283152827918171,0.1289169675090253,0.6283152827918171,0.5692779783393501,0.8012033694344164,0.09878459687123947,0.48434416365824307,0.09878459687123947,0.013971119133574007,1.1012033694344165,0.561323706377858,0.049638989169675095,0.561323706377858,0.8598796630565584,1.8036101083032492,1.545066185318893,0.22747292418772563,1.545066185318893,0.7431167268351384,1.4963898916967509,0.44759326113116726,0.0019253910950661852,0.44759326113116726,1.4366305655836342,1.6951865222623346,0.761323706377858,0.2692779783393502,0.761323706377858,1.52338146811071,2.196389891696751,-0.157352587244284,0.11987966305655835,-0.157352587244284,2.1629001203369436,2.198796630565584,-0.2222864019253911,0.6532611311672684,-0.2222864019253911,2.1093983152827915,1.2108303249097472,-0.697942238267148,0.046859205776173286,-0.697942238267148,0.7485439229843562,0.9927797833935018,0.7683273164861613,0.24012033694344162,0.7683273164861613,0.5366305655836342,0.3072202166064982,-0.10036101083032492,0.11385078219013237,-0.10036101083032492,0.32661853188929,0.8915764139590855,-0.8222984356197353,0.13324909747292418,-0.8222984356197353,0.2084356197352587
0.21799999999999997,,-80.62131167268352,0.0,42.9995908543923,,,,,,,,2.3959326113116726,-0.4874608904933815,2.445006016847172,0.8975932611311673,0.6266305655836342,0.12783393501805054,0.6266305655836342,0.5685559566787003,0.8024067388688327,0.10756919374247893,0.47868832731648614,0.10756919374247893,0.017942238267148015,1.1024067388688328,0.5626474127557161,0.04927797833935018,0.5626474127557161,0.8597593261131167,1.8072202166064983,1.5401323706377859,0.22494584837545128,1.5401323706377859,0.7562334536702767,1.4927797833935017,0.44518652226233457,0.0038507821901323704,0.44518652226233457,1.4332611311672683,1.690373044524669,0.762647412755716,0.26855595667870036,0.762647412755716,1.51676293622142,2.192779783393502,-0.154705174488568,0.11975932611311672,-0.154705174488568,2.1558002406738868,2.1975932611311673,-0.22457280385078218,0.6465222623345367,-0.22457280385078218,2.1087966305655836,1.2216606498194946,-0.705884476534296,0.053718411552346565,-0.705884476534296,0.7570878459687124,0.9855595667870036,0.7566546329723225,0.24024067388688328,0.7566546329723225,0.5332611311672684,0.31444043321299636,-0.10072202166064982,0.11770156438026474,-0.10072202166064982,0.33323706377858003,0.8831528279181708,-0.8145968712394704,0.1364981949458484,-0.8145968712394704,0.20687123947051744
0.26799999999999996,,-79.62696750902528,0.0,42.46938628158845,,,,,,,,3.593898916967509,-0.7311913357400722,3.6675090252707583,0.8963898916967509,0.6249458483754513,0.12675090252707583,0.6249458483754513,0.5678339350180505,0.8036101083032492,0.11635379061371841,0.4730324909747292,0.11635379061371841,0.02191335740072202,1.1036101083032492,0.563971119133574,0.04891696750902527,0.563971119133574,0.8596389891696751,1.8108303249097473,1.5351985559566788,0.2224187725631769,1.5351985559566788,0.7693501805054151,1.4891696750902528,0.4427797833935018,0.005776173285198556,0.4427797833935018,1.4298916967509026,1.6855595667870036,0.763971119133574,0.2678339350180506,0.763971119133574,1.51014440433213,2.1891696750902527,-0.152057761732852,0.11963898916967508,-0.152057761732852,2.1487003610108304,2.196389891696751,-0.22685920577617327,0.6397833935018051,-0.22685920577617327,2.1081949458483753,1.2324909747292419,-0.713826714801444,0.06057761732851985,-0.713826714801444,0.7656317689530686,0.9783393501805054,0.7449819494584837,0.2403610108303249,0.7449819494584837,0.5298916967509025,0.3216606498194946,-0.10108303249097474,0.12155234657039711,-0.10108303249097474,0.33985559566787005,0.8747292418772563,-0.8068953068592057,0.13974729241877257,-0.8068953068592057,0.20530685920577615
0.31799999999999995,,-78.63262334536702,0.0,41.9391817087846,,,,,,,,4.791865222623345,-0.974921780986763,4.890012033694344,0.8951865222623345,0.6232611311672683,0.12566787003610108,0.6232611311672683,0.5671119133574006,0.8048134777376655,0.12513838748495787,0.4673766546329723,0.12513838748495787,0.025884476534296028,1.1048134777376655,0.5652948255114321,0.048555956678700364,0.5652948255114321,0.8595186522262335,1.8144404332129964,1.5302647412755717,0.21989169675090253,1.5302647412755717,0.7824669073405536,1.4855595667870036,0.4403730445246691,0.007701564380264741,0.4403730445246691,1.4265222623345366,1.6807460890493382,0.765294825511432,0.26711191335740075,0.765294825511432,1.50352587244284,2.1855595667870036,-0.14941034897713598,0.11951865222623345,-0.14941034897713598,2.1416004813477736,2.195186522262335,-0.2291456077015644,0.6330445246690735,-0.2291456077015644,2.107593261131167,1.243321299638989,-0.721768953068592,0.06743682310469314,-0.721768953068592,0.7741756919374247,0.9711191335740073,0.7333092659446451,0.24048134777376654,0.7333092659446451,0.5265222623345367,0.3288808664259928,-0.10144404332129965,0.12540312876052948,-0.10144404332129965,0.34647412755716006,0.8663056558363418,-0.799193742478941,0.14299638989169675,-0.799193742478941,0.2037424789410349
0.36799999999999994,,-77.63827918170878,0.0,41.40897713598075,,,,,,,,5.989831528279182,-1.2186522262334538,6.11251504211793,0.8939831528279182,0.6215764139590855,0.12458483754512636,0.6215764139590855,0.5663898916967508,0.8060168471720819,0.13392298435619734,0.4617208182912154,0.13392298435619734,0.029855595667870036,1.106016847172082,0.56661853188929,0.048194945848375456,0.56661853188929,0.8593983152827918,1.8180505415162456,1.5253309265944646,0.21736462093862818,1.5253309265944646,0.7955836341756919,1.4819494584837545,0.43796630565583633,0.009626955475330927,0.43796630565583633,1.4231528279181709,1.6759326113116726,0.76661853188929,0.2663898916967509,0.76661853188929,1.49690734055355,2.181949458483755,-0.14676293622141998,0.11939831528279181,-0.14676293622141998,2.1345006016847172,2.1939831528279186,-0.23143200962695548,0.6263056558363418,-0.23143200962695548,2.106991576413959,1.2541516245487365,-0.72971119133574,0.07429602888086642,-0.72971119133574,0.782719614921781,0.9638989169675091,0.7216365824308063,0.24060168471720816,0.7216365824308063,0.5231528279181709,0.336101083032491,-0.10180505415162455,0.12925391095066185,-0.10180505415162455,0.3530926594464501,0.8578820697954272,-0.7914921780986762,0.14624548736462095,-0.7914921780986762,0.2021780986762936
0.4179999999999999,,-76.64393501805054,0.0,40.878772563176895,,,,,,,,7.187797833935018,-1.4623826714801444,7.335018050541517,0.8927797833935018,0.6198916967509025,0.12350180505415163,0.6198916967509025,0.5656678700361011,0.8072202166064982,0.14270758122743682,0.4560649819494585,0.14270758122743682,0.033826714801444044,1.1072202166064982,0.5679422382671481,0.04783393501805054,0.5679422382671481,0.8592779783393502,1.8216606498194947,1.5203971119133575,0.2148375451263538,1.5203971119133575,0.8087003610108303,1.4783393501805053,0.43555956678700364,0.011552346570397111,0.43555956678700364,1.419783393501805,1.6711191335740072,0.767942238267148,0.2656678700361011,0.767942238267148,1.49028880866426,2.1783393501805057,-0.14411552346570397,0.11927797833935018,-0.14411552346570397,2.1274007220216604,2.192779783393502,-0.23371841155234657,0.6195667870036101,-0.23371841155234657,2.1063898916967507,1.2649819494584837,-0.737653429602888,0.08115523465703971,-0.737653429602888,0.7912635379061371,0.9566787003610109,0.7099638989169675,0.24072202166064982,0.7099638989169675,0.5197833935018051,0.34332129963898916,-0.10216606498194947,0.13310469314079423,-0.10216606498194947,0.3597111913357401,0.8494584837545127,-0.7837906137184115,0.14949458483754513,-0.7837906137184115,0.20061371841155234
0.4679999999999999,,-75.6495908543923,0.0,40.34856799037305,,,,,,,,8.385764139590854,-1.7061131167268353,8.557521058965103,0.8915764139590855,0.6182069795427196,0.1224187725631769,0.6182069795427196,0.5649458483754513,0.8084235860409146,0.1514921780986763,0.45040914560770157,0.1514921780986763,0.03779783393501805,1.1084235860409146,0.569265944645006,0.04747292418772563,0.569265944645006,0.8591576413959086,1.8252707581227436,1.5154632972322504,0.21231046931407943,1.5154632972322504,0.8218170878459687,1.4747292418772564,0.4331528279181709,0.013477737665463297,0.4331528279181709,1.4164139590854392,1.6663056558363418,0.769265944645006,0.26494584837545126,0.769265944645006,1.4836702767749699,2.1747292418772566,-0.14146811070998797,0.11915764139590854,-0.14146811070998797,2.120300842358604,2.1915764139590856,-0.23600481347773766,0.6128279181708784,-0.23600481347773766,2.105788206979543,1.275812274368231,-0.7455956678700361,0.08801444043321299,-0.7455956678700361,0.7998074608904934,0.9494584837545126,0.6982912154031288,0.24084235860409145,0.6982912154031288,0.5164139590854393,0.35054151624548735,-0.10252707581227437,0.13695547533092658,-0.10252707581227437,0.3663297232250301,0.8410348977135981,-0.7760890493381468,0.1527436823104693,-0.7760890493381468,0.19904933814681106
0.5179999999999999,,-74.65524669073406,0.0,39.818363417569195,,,,,,,,9.58373044524669,-1.949843561973526,9.780024067388688,0.8903730445246691,0.6165222623345367,0.12133574007220217,0.6165222623345367,0.5642238267148014,0.8096269554753309,0.16027677496991577,0.44475330926594464,0.16027677496991577,0.04176895306859206,1.109626955475331,0.5705896510228641,0.047111913357400725,0.5705896510228641,0.8590373044524668,1.8288808664259928,1.5105294825511433,0.20978339350180505,1.5105294825511433,0.8349338146811071,1.4711191335740073,0.43074608904933814,0.015403128760529482,0.43074608904933814,1.4130445246690733,1.6614921780986762,0.770589651022864,0.26422382671480144,0.770589651022864,1.47705174488568,2.1711191335740074,-0.13882069795427196,0.11903730445246691,-0.13882069795427196,2.1132009626955477,2.1903730445246694,-0.23829121540312875,0.6060890493381468,-0.23829121540312875,2.1051865222623345,1.2866425992779782,-0.7535379061371841,0.09487364620938626,-0.7535379061371841,0.8083513838748495,0.9422382671480144,0.68661853188929,0.24096269554753308,0.68661853188929,0.5130445246690735,0.35776173285198554,-0.10288808664259928,0.14080625752105896,-0.10288808664259928,0.3729482551143201,0.8326113116726835,-0.768387484957882,0.15599277978339351,-0.768387484957882,0.1974849578820698
0.5679999999999998,,-73.66090252707582,0.0,39.28815884476535,,,,,,,,10.781696750902526,-2.1935740072202163,11.002527075812273,0.8891696750902527,0.6148375451263538,0.12025270758122744,0.6148375451263538,0.5635018050541516,0.8108303249097474,0.16906137184115522,0.4390974729241877,0.16906137184115522,0.04574007220216606,1.1108303249097473,0.571913357400722,0.04675090252707582,0.571913357400722,0.8589169675090252,1.832490974729242,1.5055956678700362,0.2072563176895307,1.5055956678700362,0.8480505415162455,1.467509025270758,0.42833935018050545,0.017328519855595664,0.42833935018050545,1.4096750902527075,1.6566787003610108,0.771913357400722,0.26350180505415166,0.771913357400722,1.47043321299639,2.1675090252707583,-0.13617328519855595,0.11891696750902526,-0.13617328519855595,2.106101083032491,2.1891696750902527,-0.24057761732851984,0.5993501805054152,-0.24057761732851984,2.104584837545126,1.2974729241877256,-0.7614801444043321,0.10173285198555955,-0.7614801444043321,0.8168953068592057,0.9350180505415162,0.6749458483754514,0.2410830324909747,0.6749458483754514,0.5096750902527076,0.3649819494584837,-0.1032490974729242,0.14465703971119132,-0.1032490974729242,0.37956678700361013,0.824187725631769,-0.7606859205776173,0.1592418772563177,-0.7606859205776173,0.1959205776173285
0.6179999999999999,,-72.66655836341756,0.0,38.757954271961495,,,,,,,,11.979663056558364,-2.4373044524669076,12.22503008423586,0.8879663056558363,0.6131528279181708,0.11916967509025271,0.6131528279181708,0.5627797833935018,0.8120336943441637,0.17784596871239472,0.4334416365824308,0.17784596871239472,0.049711191335740076,1.1120336943441638,0.5732370637785801,0.0463898916967509,0.5732370637785801,0.8587966305655836,1.836101083032491,1.500661853188929,0.20472924187725633,1.500661853188929,0.8611672683513838,1.463898916967509,0.4259326113116727,0.019253910950661854,0.4259326113116727,1.4063056558363416,1.6518652226233455,0.77323706377858,0.26277978339350183,0.77323706377858,1.4638146811071,2.163898916967509,-0.13352587244283995,0.11879663056558364,-0.13352587244283995,2.0990012033694345,2.1879663056558365,-0.24286401925391093,0.5926113116726835,-0.24286401925391093,2.1039831528279183,1.3083032490974729,-0.7694223826714801,0.10859205776173284,-0.7694223826714801,0.825439229843562,0.927797833935018,0.6632731648616126,0.24120336943441636,0.6632731648616126,0.5063056558363418,0.37220216606498197,-0.1036101083032491,0.14850782190132372,-0.1036101083032491,0.38618531889290014,0.8157641395908544,-0.7529843561973526,0.16249097472924187,-0.7529843561973526,0.19435619735258725
0.6679999999999998,,-71.67221419975932,0.0,38.22774969915764,,,,,,,,13.177629362214198,-2.681034897713598,13.447533092659445,0.88676293622142,0.611468110709988,0.11808664259927798,0.611468110709988,0.5620577617328519,0.8132370637785801,0.18663056558363417,0.4277858002406739,0.18663056558363417,0.05368231046931408,1.11323706377858,0.574560770156438,0.046028880866425995,0.574560770156438,0.8586762936221419,1.83971119133574,1.495728038507822,0.20220216606498195,1.495728038507822,0.8742839951865222,1.46028880866426,0.42352587244283996,0.021179302045728036,0.42352587244283996,1.4029362214199759,1.6470517448856798,0.774560770156438,0.262057761732852,0.774560770156438,1.4571961492178098,2.16028880866426,-0.13087845968712397,0.11867629362214199,-0.13087845968712397,2.0919013237063777,2.1867629362214203,-0.24515042117930202,0.5858724428399519,-0.24515042117930202,2.10338146811071,1.31913357400722,-0.7773646209386281,0.11545126353790611,-0.7773646209386281,0.8339831528279181,0.9205776173285198,0.6516004813477738,0.241323706377858,0.6516004813477738,0.502936221419976,0.37942238267148015,-0.10397111913357401,0.15235860409145607,-0.10397111913357401,0.39280385078219016,0.8073405535499398,-0.7452827918170878,0.16574007220216608,-0.7452827918170878,0.19279181708784596
0.7179999999999999,,-70.67787003610108,0.0,37.697545126353795,,,,,,,,14.375595667870035,-2.924765342960289,14.670036101083033,0.8855595667870036,0.6097833935018051,0.11700361010830325,0.6097833935018051,0.5613357400722021,0.8144404332129964,0.19541516245487364,0.422129963898917,0.19541516245487364,0.057653429602888086,1.1144404332129965,0.5758844765342961,0.04566787003610109,0.5758844765342961,0.8585559566787003,1.8433212996389892,1.490794223826715,0.19967509025270758,1.490794223826715,0.8874007220216606,1.4566787003610109,0.4211191335740072,0.023104693140794223,0.4211191335740072,1.3995667870036101,1.6422382671480145,0.775884476534296,0.26133574007220217,0.775884476534296,1.4505776173285199,2.156678700361011,-0.12823104693140797,0.11855595667870036,-0.12823104693140797,2.0848014440433214,2.1855595667870036,-0.24743682310469314,0.5791335740072202,-0.24743682310469314,2.1027797833935016,1.3299638989169675,-0.7853068592057761,0.1223104693140794,-0.7853068592057761,0.8425270758122744,0.9133574007220217,0.639927797833935,0.24144404332129962,0.639927797833935,0.4995667870036101,0.38664259927797834,-0.10433212996389893,0.15620938628158845,-0.10433212996389893,0.39942238267148017,0.7989169675090253,-0.7375812274368231,0.16898916967509026,-0.7375812274368231,0.1912274368231047
0.7679999999999999,,-69.68352587244284,0.0,37.16734055354994,,,,,,,,15.573561973525873,-3.16849578820698,15.89253910950662,0.8843561973525873,0.6080986762936221,0.11592057761732852,0.6080986762936221,0.5606137184115523,0.8156438026474128,0.20419975932611312,0.41647412755716007,0.20419975932611312,0.0616245487364621,1.115643802647413,0.577208182912154,0.04530685920577618,0.577208182912154,0.8584356197352587,1.8469314079422383,1.4858604091456078,0.19714801444043323,1.4858604091456078,0.9005174488567991,1.4530685920577617,0.4187123947051745,0.025030084235860412,0.4187123947051745,1.3961973525872442,1.6374247894103489,0.777208182912154,0.26061371841155234,0.777208182912154,1.44395908543923,2.1530685920577617,-0.12558363417569193,0.11843561973525872,-0.12558363417569193,2.0777015643802645,2.1843561973525873,-0.24972322503008423,0.5723947051744885,-0.24972322503008423,2.1021780986762937,1.3407942238267148,-0.7932490974729242,0.1291696750902527,-0.7932490974729242,0.8510709987966305,0.9061371841155235,0.6282551143200963,0.24156438026474128,0.6282551143200963,0.4961973525872443,0.3938628158844765,-0.10469314079422383,0.16006016847172083,-0.10469314079422383,0.4060409145607702,0.7904933814681108,-0.7298796630565584,0.17223826714801443,-0.7298796630565584,0.1896630565583634
0.8179999999999998,,-68.6891817087846,0.0,36.637135980746095,,,,,,,,16.77152827918171,-3.4122262334536706,17.115042117930205,0.883152827918171,0.6064139590854393,0.1148375451263538,0.6064139590854393,0.5598916967509024,0.8168471720818291,0.21298435619735256,0.41081829121540314,0.21298435619735256,0.0655956678700361,1.1168471720818292,0.5785318892900121,0.044945848375451264,0.5785318892900121,0.8583152827918171,1.8505415162454875,1.4809265944645007,0.19462093862815885,1.4809265944645007,0.9136341756919374,1.4494584837545126,0.41630565583634177,0.026955475330926595,0.41630565583634177,1.3928279181708785,1.6326113116726835,0.778531889290012,0.2598916967509025,0.778531889290012,1.43734055354994,2.149458483754513,-0.12293622141997594,0.11831528279181708,-0.12293622141997594,2.070601684717208,2.183152827918171,-0.25200962695547535,0.565655836341757,-0.25200962695547535,2.1015764139590853,1.351624548736462,-0.8011913357400722,0.13602888086642598,-0.8011913357400722,0.8596149217809868,0.8989169675090253,0.6165824308062575,0.2416847172081829,0.6165824308062575,0.4928279181708785,0.40108303249097477,-0.10505415162454874,0.16391095066185318,-0.10505415162454874,0.4126594464500602,0.7820697954271962,-0.7221780986762936,0.1754873646209386,-0.7221780986762936,0.18809867629362215
0.8679999999999998,,-67.69483754512636,0.0,36.10693140794224,,,,,,,,17.969494584837545,-3.655956678700361,18.33754512635379,0.8819494584837545,0.6047292418772563,0.11375451263537907,0.6047292418772563,0.5591696750902526,0.8180505415162456,0.22176895306859204,0.4051624548736462,0.22176895306859204,0.0695667870036101,1.1180505415162456,0.57985559566787,0.044584837545126356,0.57985559566787,0.8581949458483754,1.8541516245487366,1.4759927797833936,0.19209386281588448,1.4759927797833936,0.9267509025270757,1.4458483754512634,0.413898916967509,0.028880866425992777,0.413898916967509,1.3894584837545125,1.627797833935018,0.77985559566787,0.25916967509025274,0.77985559566787,1.4307220216606498,2.145848375451264,-0.12028880866425994,0.11819494584837545,-0.12028880866425994,2.063501805054152,2.181949458483755,-0.25429602888086644,0.5589169675090253,-0.25429602888086644,2.100974729241877,1.3624548736462094,-0.8091335740072202,0.14288808664259925,-0.8091335740072202,0.8681588447653429,0.8916967509025271,0.6049097472924189,0.24180505415162454,0.6049097472924189,0.4894584837545127,0.40830324909747295,-0.10541516245487365,0.16776173285198556,-0.10541516245487365,0.4192779783393502,0.7736462093862817,-0.7144765342960289,0.17873646209386282,-0.7144765342960289,0.18653429602888086
0.9179999999999998,,-66.7004933814681,0.0,35.57672683513839,,,,,,,,19.16746089049338,-3.899687123947052,19.560048134777375,0.8807460890493382,0.6030445246690734,0.11267148014440434,0.6030445246690734,0.5584476534296029,0.8192539109506619,0.23055354993983151,0.3995066185318893,0.23055354993983151,0.07353790613718411,1.1192539109506618,0.5811793020457281,0.04422382671480145,0.5811793020457281,0.8580746089049338,1.8577617328519855,1.4710589651022865,0.18956678700361013,1.4710589651022865,0.9398676293622141,1.4422382671480145,0.41149217809867633,0.030806257521058963,0.41149217809867633,1.3860890493381468,1.6229843561973525,0.781179302045728,0.2584476534296029,0.781179302045728,1.4241034897713598,2.1422382671480147,-0.11764139590854393,0.1180746089049338,-0.11764139590854393,2.056401925391095,2.180746089049338,-0.25658243080625753,0.5521780986762936,-0.25658243080625753,2.100373044524669,1.3732851985559567,-0.8170758122743682,0.14974729241877255,-0.8170758122743682,0.8767027677496991,0.8844765342960289,0.5932370637785801,0.24192539109506617,0.5932370637785801,0.48608904933814684,0.41552346570397114,-0.10577617328519856,0.17161251504211794,-0.10577617328519856,0.42589651022864017,0.7652226233453671,-0.7067749699157642,0.181985559566787,-0.7067749699157642,0.1849699157641396
0.9679999999999999,,-65.70614921780987,0.0,35.046522262334534,,,,,,,,20.36542719614922,-4.143417569193743,20.782551143200966,0.8795427196149218,0.6013598074608905,0.11158844765342961,0.6013598074608905,0.5577256317689531,0.8204572803850783,0.239338146811071,0.39385078219013236,0.239338146811071,0.07750902527075812,1.1204572803850783,0.582503008423586,0.04386281588447653,0.582503008423586,0.8579542719614922,1.8613718411552347,1.4661251504211794,0.18703971119133575,1.4661251504211794,0.9529843561973526,1.4386281588447654,0.4090854392298436,0.03273164861612515,0.4090854392298436,1.3827196149217809,1.618170878459687,0.782503008423586,0.2577256317689531,0.782503008423586,1.4174849578820699,2.1386281588447655,-0.11499398315282792,0.11795427196149218,-0.11499398315282792,2.0493020457280386,2.179542719614922,-0.2588688327316486,0.545439229843562,-0.2588688327316486,2.0997713598074608,1.3841155234657039,-0.8250180505415162,0.15660649819494585,-0.8250180505415162,0.8852466907340553,0.8772563176895307,0.5815643802647413,0.24204572803850782,0.5815643802647413,0.482719614921781,0.4227436823104693,-0.10613718411552348,0.1754632972322503,-0.10613718411552348,0.43251504211793024,0.7567990373044525,-0.6990734055354993,0.1852346570397112,-0.6990734055354993,0.1834055354993983
1.0179999999999998,,-64.71180505415163,0.0,34.51631768953069,,,,,,,,21.563393501805052,-4.387148014440434,22.00505415162455,0.8783393501805055,0.5996750902527076,0.11050541516245488,0.5996750902527076,0.5570036101083032,0.8216606498194946,0.24812274368231046,0.38819494584837544,0.24812274368231046,0.08148014440433213,1.1216606498194945,0.5838267148014441,0.043501805054151625,0.5838267148014441,0.8578339350180505,1.8649819494584838,1.4611913357400723,0.18451263537906137,1.4611913357400723,0.966101083032491,1.4350180505415162,0.40667870036101084,0.034657039711191336,0.40667870036101084,1.3793501805054151,1.6133574007220217,0.7838267148014441,0.25700361010830325,0.7838267148014441,1.41086642599278,2.1350180505415164,-0.11234657039711192,0.11783393501805053,-0.11234657039711192,2.042202166064982,2.1783393501805057,-0.2611552346570397,0.5387003610108303,-0.2611552346570397,2.0991696750902524,1.394945848375451,-0.8329602888086642,0.16346570397111912,-0.8329602888086642,0.8937906137184115,0.8700361010830325,0.5698916967509026,0.24216606498194945,0.5698916967509026,0.47935018050541517,0.4299638989169675,-0.10649819494584838,0.17931407942238267,-0.10649819494584838,0.4391335740072202,0.7483754512635379,-0.6913718411552346,0.18848375451263538,-0.6913718411552346,0.18184115523465705
1.0679999999999996,,-63.717460890493385,0.0,33.98611311672684,,,,,,,,22.761359807460884,-4.630878459687123,23.227557160048132,0.8771359807460891,0.5979903730445246,0.10942238267148016,0.5979903730445246,0.5562815884476534,0.822864019253911,0.2569073405535499,0.38253910950661857,0.2569073405535499,0.08545126353790612,1.122864019253911,0.585150421179302,0.04314079422382672,0.585150421179302,0.8577135980746089,1.868592057761733,1.4562575210589652,0.18198555956678703,1.4562575210589652,0.9792178098676293,1.431407942238267,0.40427196149217814,0.03658243080625751,0.40427196149217814,1.3759807460890492,1.6085439229843561,0.785150421179302,0.2562815884476534,0.785150421179302,1.4042478941034897,2.1314079422382672,-0.10969915764139593,0.1177135980746089,-0.10969915764139593,2.0351022864019255,2.177135980746089,-0.2634416365824308,0.5319614921780987,-0.2634416365824308,2.0985679903730445,1.4057761732851985,-0.8409025270758123,0.1703249097472924,-0.8409025270758123,0.9023345367027676,0.8628158844765343,0.5582190132370639,0.24228640192539108,0.5582190132370639,0.4759807460890494,0.4371841155234657,-0.10685920577617329,0.18316486161251502,-0.10685920577617329,0.4457521058965102,0.7399518652226234,-0.6836702767749699,0.19173285198555956,-0.6836702767749699,0.18027677496991576
1.1179999999999999,,-62.723116726835144,0.0,33.45590854392299,,,,,,,,23.959326113116727,-4.874608904933815,24.450060168471722,0.8759326113116727,0.5963056558363418,0.10833935018050542,0.5963056558363418,0.5555595667870036,0.8240673886883274,0.2656919374247894,0.3768832731648616,0.2656919374247894,0.08942238267148014,1.1240673886883275,0.5864741275571601,0.04277978339350181,0.5864741275571601,0.8575932611311673,1.872202166064982,1.451323706377858,0.17945848375451265,1.451323706377858,0.9923345367027677,1.4277978339350181,0.4018652226233454,0.03850782190132371,0.4018652226233454,1.3726113116726835,1.6037304452466907,0.7864741275571601,0.25555956678700364,0.7864741275571601,1.3976293622141998,2.127797833935018,-0.10705174488567991,0.11759326113116726,-0.10705174488567991,2.0280024067388687,2.175932611311673,-0.2657280385078219,0.5252226233453671,-0.2657280385078219,2.097966305655836,1.4166064981949458,-0.8488447653429603,0.1771841155234657,-0.8488447653429603,0.9108784596871239,0.855595667870036,0.546546329723225,0.24240673886883274,0.546546329723225,0.47261131167268355,0.4444043321299639,-0.1072202166064982,0.1870156438026474,-0.1072202166064982,0.4523706377858002,0.7315282791817088,-0.6759687123947051,0.19498194945848374,-0.6759687123947051,0.17871239470517447
1.1679999999999997,,-61.728772563176896,0.0,32.925703971119134,,,,,,,,25.157292418772563,-5.118339350180506,25.67256317689531,0.8747292418772563,0.5946209386281589,0.1072563176895307,0.5946209386281589,0.5548375451263537,0.8252707581227438,0.2744765342960289,0.37122743682310466,0.2744765342960289,0.09339350180505415,1.1252707581227437,0.587797833935018,0.042418772563176894,0.587797833935018,0.8574729241877256,1.875812274368231,1.446389891696751,0.17693140794223827,1.446389891696751,1.005451263537906,1.424187725631769,0.39945848375451265,0.04043321299638989,0.39945848375451265,1.3692418772563175,1.5989169675090253,0.787797833935018,0.2548375451263538,0.787797833935018,1.3910108303249098,2.124187725631769,-0.1044043321299639,0.11747292418772563,-0.1044043321299639,2.0209025270758123,2.1747292418772566,-0.268014440433213,0.5184837545126354,-0.268014440433213,2.0973646209386283,1.427436823104693,-0.8567870036101083,0.184043321299639,-0.8567870036101083,0.9194223826714801,0.848375451263538,0.5348736462093864,0.24252707581227437,0.5348736462093864,0.4692418772563177,0.4516245487364621,-0.10758122743682311,0.19086642599277978,-0.10758122743682311,0.4589891696750903,0.7231046931407943,-0.6682671480144404,0.19823104693140794,-0.6682671480144404,0.1771480144404332
1.2179999999999995,,-60.73442839951866,0.0,32.39549939831529,,,,,,,,26.355258724428396,-5.362069795427196,26.89506618531889,0.87352587244284,0.5929362214199759,0.10617328519855597,0.5929362214199759,0.5541155234657039,0.8264741275571601,0.28326113116726837,0.3655716004813478,0.28326113116726837,0.09736462093862815,1.1264741275571601,0.5891215403128761,0.042057761732851986,0.5891215403128761,0.857352587244284,1.8794223826714802,1.441456077015644,0.17440433212996392,1.441456077015644,1.0185679903730445,1.4205776173285198,0.3970517448856799,0.04235860409145607,0.3970517448856799,1.3658724428399518,1.5941034897713597,0.7891215403128761,0.254115523465704,0.7891215403128761,1.3843922984356198,2.12057761732852,-0.10175691937424791,0.11735258724428399,-0.10175691937424791,2.0138026474127555,2.17352587244284,-0.2703008423586041,0.5117448856799037,-0.2703008423586041,2.09676293622142,1.4382671480144404,-0.8647292418772563,0.19090252707581223,-0.8647292418772563,0.9279663056558363,0.8411552346570397,0.5232009626955476,0.242647412755716,0.5232009626955476,0.4658724428399519,0.45884476534296026,-0.10794223826714802,0.19471720818291216,-0.10794223826714802,0.46560770156438025,0.7146811070998798,-0.6605655836341757,0.20148014440433212,-0.6605655836341757,0.17558363417569195
1.2679999999999998,,-59.74008423586041,0.0,31.865294825511434,,,,,,,,27.55322503008424,-5.605800240673888,28.117569193742483,0.8723225030084236,0.5912515042117931,0.10509025270758124,0.5912515042117931,0.5533935018050541,0.8276774969915764,0.2920457280385078,0.3599157641395908,0.2920457280385078,0.10133574007220217,1.1276774969915764,0.5904452466907341,0.04169675090252708,0.5904452466907341,0.8572322503008424,1.8830324909747294,1.4365222623345366,0.17187725631768952,1.4365222623345366,1.0316847172081829,1.4169675090252707,0.39464500601684716,0.04428399518652227,0.39464500601684716,1.362503008423586,1.5892900120336944,0.790445246690734,0.25339350180505416,0.790445246690734,1.3777737665463297,2.1169675090252706,-0.09910950661853189,0.11723225030084236,-0.09910950661853189,2.006702767749699,2.1723225030084237,-0.27258724428399517,0.5050060168471721,-0.27258724428399517,2.0961612515042116,1.4490974729241877,-0.8726714801444043,0.19776173285198556,-0.8726714801444043,0.9365102286401925,0.8339350180505415,0.5115282791817088,0.24276774969915763,0.5115282791817088,0.46250300842358605,0.46606498194945856,-0.10830324909747294,0.19856799037304454,-0.10830324909747294,0.4722262334536703,0.7062575210589651,-0.6528640192539109,0.20472924187725633,-0.6528640192539109,0.17401925391095066
1.3179999999999996,,-58.74574007220217,0.0,31.335090252707584,,,,,,,,28.75119133574007,-5.849530685920578,29.340072202166066,0.8711191335740073,0.5895667870036101,0.10400722021660651,0.5895667870036101,0.5526714801444043,0.8288808664259928,0.30083032490974726,0.35425992779783394,0.30083032490974726,0.10530685920577616,1.1288808664259928,0.5917689530685921,0.04133574007220217,0.5917689530685921,0.8571119133574007,1.8866425992779785,1.4315884476534295,0.16935018050541517,1.4315884476534295,1.0448014440433213,1.4133574007220218,0.39223826714801446,0.046209386281588445,0.39223826714801446,1.3591335740072201,1.584476534296029,0.7917689530685921,0.2526714801444043,0.7917689530685921,1.3711552346570397,2.113357400722022,-0.0964620938628159,0.11711191335740072,-0.0964620938628159,1.9996028880866425,2.1711191335740074,-0.27487364620938626,0.49826714801444044,-0.27487364620938626,2.0955595667870037,1.459927797833935,-0.8806137184115523,0.20462093862815883,-0.8806137184115523,0.9450541516245488,0.8267148014440433,0.4998555956678701,0.24288808664259928,0.4998555956678701,0.4591335740072202,0.4732851985559567,-0.10866425992779784,0.2024187725631769,-0.10866425992779784,0.4788447653429603,0.6978339350180506,-0.6451624548736462,0.2079783393501805,-0.6451624548736462,0.17245487364620937
1.3679999999999999,,-57.75139590854392,0.0,30.80488567990373,,,,,,,,29.949157641395914,-6.09326113116727,30.562575210589657,0.8699157641395909,0.5878820697954272,0.10292418772563178,0.5878820697954272,0.5519494584837544,0.8300842358604091,0.3096149217809868,0.34860409145607696,0.3096149217809868,0.1092779783393502,1.1300842358604093,0.5930926594464501,0.040974729241877256,0.5930926594464501,0.8569915764139591,1.8902527075812274,1.4266546329723224,0.1668231046931408,1.4266546329723224,1.0579181708784597,1.4097472924187726,0.3898315282791817,0.04813477737665464,0.3898315282791817,1.3557641395908544,1.5796630565583634,0.79309265944645,0.2519494584837545,0.79309265944645,1.3645367027677497,2.109747292418773,-0.09381468110709988,0.11699157641395908,-0.09381468110709988,1.992503008423586,2.169915764139591,-0.27716004813477735,0.49152827918170877,-0.27716004813477735,2.0949578820697954,1.4707581227436823,-0.8885559566787004,0.21148014440433213,-0.8885559566787004,0.953598074608905,0.8194945848375451,0.4881829121540313,0.2430084235860409,0.4881829121540313,0.4557641395908544,0.48050541516245493,-0.10902527075812275,0.20626955475330927,-0.10902527075812275,0.48546329723225035,0.6894103489771359,-0.6374608904933814,0.21122743682310471,-0.6374608904933814,0.1708904933814681
1.4179999999999997,,-56.757051744885686,0.0,30.27468110709988,,,,,,,,31.147123947051746,-6.33699157641396,31.78507821901324,0.8687123947051745,0.5861973525872443,0.10184115523465705,0.5861973525872443,0.5512274368231047,0.8312876052948256,0.31839951865222627,0.3429482551143201,0.31839951865222627,0.11324909747292419,1.1312876052948255,0.5944163658243081,0.04061371841155235,0.5944163658243081,0.8568712394705175,1.8938628158844766,1.4217208182912153,0.16429602888086642,1.4217208182912153,1.0710348977135982,1.4061371841155235,0.38742478941034897,0.050060168471720824,0.38742478941034897,1.3523947051744885,1.574849578820698,0.7944163658243081,0.2512274368231047,0.7944163658243081,1.3579181708784598,2.1061371841155236,-0.09116726835138388,0.11687123947051745,-0.09116726835138388,1.9854031287605294,2.1687123947051745,-0.27944645006016844,0.48478941034897716,-0.27944645006016844,2.094356197352587,1.4815884476534296,-0.8964981949458484,0.2183393501805054,-0.8964981949458484,0.9621419975932611,0.8122743682310469,0.4765102286401926,0.24312876052948254,0.4765102286401926,0.4523947051744886,0.4877256317689531,-0.10938628158844765,0.21012033694344165,-0.10938628158844765,0.4920818291215403,0.6809867629362214,-0.6297593261131167,0.21447653429602886,-0.6297593261131167,0.16932611311672682
1.4679999999999995,,-55.762707581227446,0.0,29.744476534296034,,,,,,,,32.34509025270758,-6.58072202166065,33.00758122743682,0.8675090252707581,0.5845126353790614,0.10075812274368232,0.5845126353790614,0.5505054151624549,0.8324909747292419,0.3271841155234657,0.3372924187725632,0.3271841155234657,0.11722021660649819,1.132490974729242,0.5957400722021661,0.04025270758122744,0.5957400722021661,0.8567509025270758,1.8974729241877257,1.4167870036101082,0.16176895306859207,1.4167870036101082,1.0841516245487364,1.4025270758122743,0.3850180505415163,0.051985559566787,0.3850180505415163,1.3490252707581227,1.5700361010830326,0.795740072202166,0.2505054151624549,0.795740072202166,1.3512996389891696,2.1025270758122745,-0.08851985559566788,0.1167509025270758,-0.08851985559566788,1.978303249097473,2.1675090252707583,-0.28173285198555953,0.4780505415162455,-0.28173285198555953,2.093754512635379,1.4924187725631768,-0.9044404332129964,0.22519855595667868,-0.9044404332129964,0.9706859205776173,0.8050541516245487,0.4648375451263539,0.24324909747292417,0.4648375451263539,0.44902527075812276,0.4949458483754513,-0.10974729241877257,0.213971119133574,-0.10974729241877257,0.4987003610108303,0.6725631768953069,-0.622057761732852,0.21772563176895304,-0.622057761732852,0.16776173285198556
1.5179999999999998,,-54.76836341756919,0.0,29.21427196149218,,,,,,,,33.543056558363425,-6.824452466907342,34.23008423586042,0.8663056558363418,0.5828279181708784,0.09967509025270758,0.5828279181708784,0.549783393501805,0.8336943441636583,0.3359687123947052,0.33163658243080624,0.3359687123947052,0.12119133574007221,1.1336943441636582,0.5970637785800241,0.039891696750902525,0.5970637785800241,0.8566305655836342,1.9010830324909749,1.4118531889290011,0.1592418772563177,1.4118531889290011,1.0972683513838748,1.3989169675090252,0.38261131167268353,0.053910950661853196,0.38261131167268353,1.3456558363417568,1.565222623345367,0.7970637785800241,0.24978339350180506,0.7970637785800241,1.3446811070998796,2.0989169675090253,-0.08587244283995187,0.11663056558363417,-0.08587244283995187,1.9712033694344164,2.166305655836342,-0.2840192539109507,0.4713116726835138,-0.2840192539109507,2.093152827918171,1.5032490974729242,-0.9123826714801444,0.232057761732852,-0.9123826714801444,0.9792298435619735,0.7978339350180506,0.45316486161251507,0.24336943441636583,0.45316486161251507,0.44565583634175693,0.5021660649819495,-0.11010830324909748,0.21782190132370638,-0.11010830324909748,0.5053188929001204,0.6641395908543923,-0.6143561973525872,0.22097472924187728,-0.6143561973525872,0.16619735258724427
1.5679999999999996,,-53.77401925391095,0.0,28.684067388688327,,,,,,,,34.74102286401926,-7.0681829121540325,35.452587244284,0.8651022864019254,0.5811432009626956,0.09859205776173285,0.5811432009626956,0.5490613718411552,0.8348977135980746,0.3447533092659446,0.32598074608904937,0.3447533092659446,0.12516245487364622,1.1348977135980747,0.5983874849578821,0.03953068592057762,0.5983874849578821,0.8565102286401926,1.9046931407942238,1.406919374247894,0.15671480144404332,1.406919374247894,1.1103850782190132,1.3953068592057762,0.3802045728038508,0.05583634175691938,0.3802045728038508,1.342286401925391,1.5604091456077016,0.798387484957882,0.24906137184115523,0.798387484957882,1.3380625752105897,2.095306859205776,-0.08322503008423587,0.11651022864019253,-0.08322503008423587,1.9641034897713598,2.1651022864019254,-0.28630565583634177,0.4645728038507822,-0.28630565583634177,2.0925511432009625,1.5140794223826715,-0.9203249097472924,0.23891696750902525,-0.9203249097472924,0.9877737665463296,0.7906137184115524,0.44149217809867636,0.24348977135980746,0.44149217809867636,0.44228640192539115,0.5093862815884477,-0.11046931407942238,0.22167268351383876,-0.11046931407942238,0.5119374247894104,0.6557160048134778,-0.6066546329723225,0.22422382671480146,-0.6066546329723225,0.164632972322503
1.6179999999999994,,-52.77967509025271,0.0,28.15386281588448,,,,,,,,35.93898916967509,-7.311913357400722,36.67509025270758,0.8638989169675091,0.5794584837545126,0.09750902527075814,0.5794584837545126,0.5483393501805054,0.836101083032491,0.35353790613718405,0.32032490974729244,0.35353790613718405,0.1291335740072202,1.136101083032491,0.5997111913357401,0.03916967509025271,0.5997111913357401,0.8563898916967508,1.908303249097473,1.401985559566787,0.15418772563176897,1.401985559566787,1.1235018050541514,1.391696750902527,0.3777978339350181,0.057761732851985555,0.3777978339350181,1.3389169675090251,1.555595667870036,0.7997111913357401,0.24833935018050543,0.7997111913357401,1.3314440433212997,2.091696750902527,-0.08057761732851987,0.1163898916967509,-0.08057761732851987,1.9570036101083033,2.163898916967509,-0.2885920577617328,0.4578339350180506,-0.2885920577617328,2.0919494584837546,1.5249097472924187,-0.9282671480144404,0.24577617328519852,-0.9282671480144404,0.9963176895306858,0.7833935018050542,0.42981949458483765,0.24361010830324908,0.42981949458483765,0.4389169675090253,0.5166064981949459,-0.1108303249097473,0.2255234657039711,-0.1108303249097473,0.5185559566787004,0.6472924187725633,-0.5989530685920578,0.22747292418772563,-0.5989530685920578,0.16306859205776175
1.6679999999999997,,-51.78533092659447,0.0,27.623658243080627,,,,,,,,37.13695547533093,-7.555643802647414,37.89759326113117,0.8626955475330926,0.5777737665463297,0.09642599277978339,0.5777737665463297,0.5476173285198556,0.8373044524669073,0.3623225030084236,0.3146690734055355,0.3623225030084236,0.13310469314079423,1.1373044524669074,0.6010348977135981,0.0388086642599278,0.6010348977135981,0.8562695547533092,1.911913357400722,1.3970517448856798,0.1516606498194946,1.3970517448856798,1.13661853188929,1.388086642599278,0.37539109506618534,0.05968712394705175,0.37539109506618534,1.3355475330926594,1.5507821901323706,0.801034897713598,0.2476173285198556,0.801034897713598,1.3248255114320096,2.088086642599278,-0.07793020457280385,0.11626955475330926,-0.07793020457280385,1.9499037304452467,2.162695547533093,-0.29087845968712395,0.4510950661853189,-0.29087845968712395,2.0913477737665462,1.5357400722021661,-0.9362093862815885,0.25263537906137185,-0.9362093862815885,1.004861612515042,0.7761732851985559,0.4181468110709988,0.24373044524669074,0.4181468110709988,0.4355475330926595,0.523826714801444,-0.11119133574007221,0.2293742478941035,-0.11119133574007221,0.5251744885679904,0.6388688327316486,-0.591251504211793,0.2307220216606498,-0.591251504211793,0.16150421179302044
1.7179999999999995,,-50.79098676293623,0.0,27.093453670276777,,,,,,,,38.33492178098676,-7.799374247894104,39.12009626955475,0.8614921780986763,0.5760890493381468,0.09534296028880868,0.5760890493381468,0.5468953068592057,0.8385078219013238,0.37110709987966306,0.3090132370637786,0.37110709987966306,0.13707581227436824,1.1385078219013238,0.6023586040914561,0.03844765342960289,0.6023586040914561,0.8561492178098676,1.9155234657039713,1.3921179302045728,0.14913357400722022,1.3921179302045728,1.1497352587244283,1.3844765342960288,0.3729843561973526,0.06161251504211793,0.3729843561973526,1.3321780986762937,1.5459687123947052,0.8023586040914561,0.2468953068592058,0.8023586040914561,1.3182069795427196,2.084476534296029,-0.07528279181708786,0.11614921780986763,-0.07528279181708786,1.94280385078219,2.161492178098676,-0.29316486161251504,0.44435619735258725,-0.29316486161251504,2.090746089049338,1.5465703971119134,-0.9441516245487365,0.25949458483754506,-0.9441516245487365,1.0134055354993983,0.7689530685920578,0.4064741275571601,0.24385078219013237,0.4064741275571601,0.43217809867629364,0.5310469314079422,-0.11155234657039712,0.23322503008423584,-0.11155234657039712,0.5317930204572804,0.6304452466907341,-0.5835499398315283,0.233971119133574,-0.5835499398315283,0.15993983152827917
1.7679999999999998,,-49.79664259927798,0.0,26.563249097472923,,,,,,,,39.53288808664261,-8.043104693140796,40.342599277978344,0.8602888086642599,0.5744043321299639,0.09425992779783393,0.5744043321299639,0.5461732851985559,0.8397111913357401,0.3798916967509026,0.30335740072202166,0.3798916967509026,0.14104693140794228,1.13971119133574,0.6036823104693141,0.03808664259927798,0.6036823104693141,0.8560288808664259,1.9191335740072204,1.3871841155234657,0.14660649819494584,1.3871841155234657,1.1628519855595667,1.3808664259927796,0.37057761732851985,0.06353790613718413,0.37057761732851985,1.3288086642599277,1.5411552346570396,0.803682310469314,0.24617328519855597,0.803682310469314,1.3115884476534296,2.08086642599278,-0.07263537906137184,0.11602888086642599,-0.07263537906137184,1.9357039711191335,2.16028880866426,-0.29545126353790613,0.4376173285198556,-0.29545126353790613,2.09014440433213,1.5574007220216606,-0.9520938628158846,0.2663537906137184,-0.9520938628158846,1.0219494584837545,0.7617328519855595,0.3948014440433213,0.243971119133574,0.3948014440433213,0.4288086642599278,0.5382671480144405,-0.11191335740072203,0.23707581227436825,-0.11191335740072203,0.5384115523465705,0.6220216606498195,-0.5758483754512635,0.23722021660649822,-0.5758483754512635,0.1583754512635379
1.8179999999999996,,-48.80229843561974,0.0,26.033044524669073,,,,,,,,40.73085439229844,-8.286835138387486,41.56510228640193,0.8590854392298436,0.572719614921781,0.09317689530685921,0.572719614921781,0.5454512635379061,0.8409145607701565,0.38867629362214196,0.29770156438026474,0.38867629362214196,0.14501805054151626,1.1409145607701565,0.6050060168471721,0.03772563176895307,0.6050060168471721,0.8559085439229843,1.9227436823104693,1.3822503008423586,0.1440794223826715,1.3822503008423586,1.1759687123947051,1.3772563176895307,0.3681708784596871,0.0654632972322503,0.3681708784596871,1.325439229843562,1.5363417569193742,0.8050060168471721,0.24545126353790614,0.8050060168471721,1.3049699157641397,2.077256317689531,-0.06998796630565585,0.11590854392298436,-0.06998796630565585,1.928604091456077,2.1590854392298438,-0.2977376654632972,0.4308784596871239,-0.2977376654632972,2.0895427196149217,1.568231046931408,-0.9600361010830325,0.27321299638989166,-0.9600361010830325,1.0304933814681108,0.7545126353790613,0.3831287605294826,0.24409145607701563,0.3831287605294826,0.425439229843562,0.5454873646209386,-0.11227436823104693,0.2409265944645006,-0.11227436823104693,0.5450300842358604,0.6135980746089049,-0.5681468110709988,0.2404693140794224,-0.5681468110709988,0.15681107099879663
1.8679999999999994,,-47.8079542719615,0.0,25.502839951865226,,,,,,,,41.92882069795427,-8.530565583634177,42.78760529482551,0.8578820697954272,0.571034897713598,0.09209386281588448,0.571034897713598,0.5447292418772562,0.8421179302045728,0.3974608904933814,0.2920457280385078,0.3974608904933814,0.14898916967509027,1.1421179302045728,0.6063297232250301,0.03736462093862816,0.6063297232250301,0.8557882069795427,1.9263537906137185,1.3773164861612515,0.14155234657039711,1.3773164861612515,1.1890854392298436,1.3736462093862816,0.3657641395908544,0.06738868832731648,0.3657641395908544,1.322069795427196,1.5315282791817089,0.80632972322503,0.24472924187725634,0.80632972322503,1.2983513838748495,2.0736462093862817,-0.06734055354993985,0.11578820697954272,-0.06734055354993985,1.9215042117930206,2.1578820697954275,-0.3000240673886883,0.42413959085439235,-0.3000240673886883,2.0889410348977138,1.5790613718411552,-0.9679783393501805,0.28007220216606493,-0.9679783393501805,1.0390373044524668,0.7472924187725631,0.37145607701564387,0.24421179302045729,0.37145607701564387,0.4220697954271962,0.5527075812274369,-0.11263537906137185,0.24477737665463295,-0.11263537906137185,0.5516486161251504,0.6051744885679904,-0.5604452466907341,0.24371841155234655,-0.5604452466907341,0.15524669073405536
1.9179999999999997,,-46.81361010830325,0.0,24.972635379061373,,,,,,,,43.12678700361011,-8.774296028880869,44.010108303249105,0.8566787003610109,0.5693501805054152,0.09101083032490975,0.5693501805054152,0.5440072202166065,0.8433212996389892,0.40624548736462096,0.2863898916967509,0.40624548736462096,0.15296028880866427,1.1433212996389892,0.6076534296028882,0.03700361010830325,0.6076534296028882,0.8556678700361011,1.9299638989169676,1.3723826714801444,0.13902527075812274,1.3723826714801444,1.202202166064982,1.3700361010830324,0.36335740072202166,0.06931407942238269,0.36335740072202166,1.3187003610108303,1.5267148014440433,0.8076534296028881,0.2440072202166065,0.8076534296028881,1.2917328519855595,2.0700361010830326,-0.06469314079422384,0.11566787003610109,-0.06469314079422384,1.9144043321299637,2.156678700361011,-0.3023104693140794,0.4174007220216606,-0.3023104693140794,2.0883393501805054,1.5898916967509025,-0.9759205776173285,0.28693140794223826,-0.9759205776173285,1.047581227436823,0.740072202166065,0.3597833935018051,0.24433212996389891,0.3597833935018051,0.4187003610108303,0.5599277978339351,-0.11299638989169676,0.24862815884476536,-0.11299638989169676,0.5582671480144404,0.5967509025270759,-0.5527436823104692,0.24696750902527076,-0.5527436823104692,0.15368231046931408
1.9679999999999995,,-45.81926594464501,0.0,24.442430806257523,,,,,,,,44.324753309265944,-9.018026474127558,45.232611311672684,0.8554753309265946,0.5676654632972322,0.08992779783393504,0.5676654632972322,0.5432851985559567,0.8445246690734056,0.4150300842358604,0.28073405535499396,0.4150300842358604,0.15693140794223828,1.1445246690734057,0.6089771359807461,0.03664259927797834,0.6089771359807461,0.8555475330926594,1.9335740072202166,1.3674488567990373,0.1364981949458484,1.3674488567990373,1.2153188929001204,1.3664259927797833,0.3609506618531889,0.07123947051744886,0.3609506618531889,1.3153309265944644,1.5219013237063779,0.808977135980746,0.24328519855595668,0.808977135980746,1.2851143200962696,2.0664259927797834,-0.06204572803850783,0.11554753309265944,-0.06204572803850783,1.9073044524669074,2.1554753309265946,-0.3045968712394705,0.410661853188929,-0.3045968712394705,2.087737665463297,1.60072202166065,-0.9838628158844765,0.2937906137184115,-0.9838628158844765,1.0561251504211793,0.7328519855595668,0.3481107099879664,0.24445246690734054,0.3481107099879664,0.4153309265944645,0.5671480144404333,-0.11335740072202166,0.2524789410348977,-0.11335740072202166,0.5648856799037305,0.5883273164861613,-0.5450421179302045,0.25021660649819494,-0.5450421179302045,0.15211793020457282
2.0179999999999993,,-44.82492178098677,0.0,23.912226233453673,,,,,,,,45.522719614921776,-9.261756919374248,46.455114320096264,0.8542719614921781,0.5659807460890494,0.08884476534296029,0.5659807460890494,0.5425631768953069,0.845728038507822,0.42381468110709986,0.2750782190132371,0.42381468110709986,0.16090252707581226,1.145728038507822,0.6103008423586042,0.03628158844765343,0.6103008423586042,0.8554271961492178,1.9371841155234657,1.3625150421179302,0.133971119133574,1.3625150421179302,1.2284356197352586,1.3628158844765343,0.3585439229843562,0.07316486161251504,0.3585439229843562,1.3119614921780987,1.5170878459687125,0.8103008423586041,0.24256317689530688,0.8103008423586041,1.2784957882069796,2.0628158844765343,-0.05939831528279184,0.11542719614921781,-0.05939831528279184,1.9002045728038508,2.1542719614921784,-0.3068832731648616,0.4039229843561974,-0.3068832731648616,2.087135980746089,1.611552346570397,-0.9918050541516246,0.30064981949458475,-0.9918050541516246,1.0646690734055353,0.7256317689530687,0.3364380264741277,0.24457280385078217,0.3364380264741277,0.41196149217809874,0.5743682310469314,-0.11371841155234658,0.25632972322503006,-0.11371841155234658,0.5715042117930205,0.5799037304452468,-0.5373405535499398,0.2534657039711191,-0.5373405535499398,0.15055354993983153
2.0679999999999996,,-43.83057761732852,0.0,23.38202166064982,,,,,,,,46.72068592057762,-9.50548736462094,47.67761732851986,0.8530685920577618,0.5642960288808664,0.08776173285198557,0.5642960288808664,0.541841155234657,0.8469314079422383,0.4325992779783394,0.2694223826714801,0.4325992779783394,0.1648736462093863,1.1469314079422384,0.6116245487364621,0.03592057761732852,0.6116245487364621,0.8553068592057762,1.9407942238267148,1.357581227436823,0.13144404332129964,1.357581227436823,1.2415523465703973,1.3592057761732852,0.3561371841155235,0.07509025270758124,0.3561371841155235,1.3085920577617327,1.5122743682310469,0.8116245487364621,0.24184115523465705,0.8116245487364621,1.2718772563176897,2.059205776173285,-0.05675090252707582,0.11530685920577617,-0.05675090252707582,1.8931046931407942,2.1530685920577617,-0.3091696750902527,0.39718411552346566,-0.3091696750902527,2.086534296028881,1.6223826714801444,-0.9997472924187726,0.3075090252707581,-0.9997472924187726,1.0732129963898918,0.7184115523465704,0.32476534296028886,0.24469314079422383,0.32476534296028886,0.40859205776173285,0.5815884476534297,-0.11407942238267149,0.26018050541516247,-0.11407942238267149,0.5781227436823104,0.5714801444043321,-0.5296389891696751,0.25671480144404335,-0.5296389891696751,0.14898916967509024
2.1179999999999994,,-42.83623345367028,0.0,22.85181708784597,,,,,,,,47.918652226233455,-9.74921780986763,48.90012033694344,0.8518652226233454,0.5626113116726835,0.08667870036101083,0.5626113116726835,0.5411191335740072,0.8481347773766547,0.44138387484957886,0.26376654632972324,0.44138387484957886,0.1688447653429603,1.1481347773766546,0.6129482551143202,0.035559566787003616,0.6129482551143202,0.8551865222623345,1.944404332129964,1.352647412755716,0.1289169675090253,1.352647412755716,1.2546690734055355,1.355595667870036,0.35373044524669073,0.07701564380264742,0.35373044524669073,1.305222623345367,1.5074608904933815,0.8129482551143201,0.24111913357400722,0.8129482551143201,1.2652587244283995,2.055595667870036,-0.05410348977135983,0.11518652226233453,-0.05410348977135983,1.8860048134777376,2.1518652226233455,-0.3114560770156438,0.39044524669073405,-0.3114560770156438,2.0859326113116725,1.6332129963898916,-1.0076895306859206,0.31436823104693135,-1.0076895306859206,1.0817569193742478,0.7111913357400722,0.31309265944645015,0.24481347773766546,0.31309265944645015,0.4052226233453671,0.5888086642599278,-0.11444043321299639,0.2640312876052948,-0.11444043321299639,0.5847412755716005,0.5630565583634176,-0.5219374247894104,0.2599638989169675,-0.5219374247894104,0.14742478941034898
2.1679999999999993,,-41.84188929001204,0.0,22.321612515042123,,,,,,,,49.11661853188929,-9.992948255114321,50.122623345367025,0.8506618531889291,0.5609265944645005,0.08559566787003611,0.5609265944645005,0.5403971119133574,0.849338146811071,0.4501684717208182,0.25811070998796637,0.4501684717208182,0.1728158844765343,1.149338146811071,0.6142719614921781,0.0351985559566787,0.6142719614921781,0.8550661853188929,1.9480144404332131,1.3477135980746089,0.1263898916967509,1.3477135980746089,1.2677858002406737,1.351985559566787,0.35132370637785804,0.07894103489771359,0.35132370637785804,1.3018531889290013,1.5026474127557161,0.8142719614921781,0.24039711191335741,0.8142719614921781,1.2586401925391095,2.051985559566787,-0.05145607701564382,0.1150661853188929,-0.05145607701564382,1.878904933814681,2.150661853188929,-0.31374247894103485,0.38370637785800243,-0.31374247894103485,2.0853309265944646,1.6440433212996388,-1.0156317689530685,0.3212274368231046,-1.0156317689530685,1.090300842358604,0.703971119133574,0.30141997593261144,0.2449338146811071,0.30141997593261144,0.40185318892900124,0.596028880866426,-0.11480144404332131,0.26788206979542717,-0.11480144404332131,0.5913598074608906,0.5546329723225031,-0.5142358604091457,0.2632129963898917,-0.5142358604091457,0.14586040914560772
2.2179999999999995,,-40.84754512635379,0.0,21.79140794223827,,,,,,,,50.31458483754513,-10.236678700361011,51.34512635379062,0.8494584837545127,0.5592418772563177,0.08451263537906138,0.5592418772563177,0.5396750902527075,0.8505415162454874,0.45895306859205776,0.2524548736462094,0.45895306859205776,0.17678700361010832,1.1505415162454873,0.6155956678700362,0.03483754512635379,0.6155956678700362,0.8549458483754513,1.951624548736462,1.3427797833935018,0.12386281588447653,1.3427797833935018,1.2809025270758123,1.348375451263538,0.3489169675090253,0.08086642599277978,0.3489169675090253,1.2984837545126353,1.4978339350180505,0.8155956678700361,0.23967509025270758,0.8155956678700361,1.2520216606498196,2.048375451263538,-0.0488086642599278,0.11494584837545126,-0.0488086642599278,1.8718050541516247,2.149458483754513,-0.316028880866426,0.37696750902527076,-0.316028880866426,2.0847292418772563,1.6548736462093863,-1.0235740072202166,0.32808664259927794,-1.0235740072202166,1.0988447653429603,0.6967509025270758,0.2897472924187726,0.24505415162454874,0.2897472924187726,0.3984837545126354,0.6032490974729242,-0.11516245487364621,0.2717328519855596,-0.11516245487364621,0.5979783393501805,0.5462093862815884,-0.5065342960288809,0.2664620938628159,-0.5065342960288809,0.14429602888086643
2.2679999999999993,,-39.85320096269555,0.0,21.26120336943442,,,,,,,,51.51255114320096,-10.480409145607702,52.5676293622142,0.8482551143200963,0.5575571600481348,0.08342960288808665,0.5575571600481348,0.5389530685920577,0.8517448856799038,0.4677376654632972,0.2467990373044525,0.4677376654632972,0.1807581227436823,1.1517448856799037,0.6169193742478941,0.034476534296028885,0.6169193742478941,0.8548255114320096,1.9552346570397112,1.3378459687123947,0.12133574007220219,1.3378459687123947,1.2940192539109505,1.3447653429602888,0.34651022864019254,0.08279181708784597,0.34651022864019254,1.2951143200962694,1.4930204572803851,0.8169193742478941,0.23895306859205778,0.8169193742478941,1.2454031287605294,2.044765342960289,-0.04616125150421181,0.11482551143200963,-0.04616125150421181,1.864705174488568,2.1482551143200963,-0.3183152827918171,0.3702286401925391,-0.3183152827918171,2.084127557160048,1.6657039711191335,-1.0315162454873645,0.33494584837545116,-1.0315162454873645,1.1073886883273163,0.6895306859205776,0.27807460890493396,0.24517448856799037,0.27807460890493396,0.39511432009626957,0.6104693140794224,-0.11552346570397112,0.2755836341756919,-0.11552346570397112,0.6045968712394705,0.5377858002406739,-0.49883273164861613,0.26971119133574006,-0.49883273164861613,0.14273164861612514
2.317999999999999,,-38.85885679903732,0.0,20.73099879663057,,,,,,,,52.71051744885679,-10.724139590854392,53.79013237063778,0.8470517448856799,0.5558724428399519,0.08234657039711193,0.5558724428399519,0.5382310469314079,0.8529482551143202,0.47652226233453665,0.2411432009626956,0.47652226233453665,0.1847292418772563,1.1529482551143202,0.6182430806257522,0.03411552346570397,0.6182430806257522,0.854705174488568,1.9588447653429604,1.3329121540312876,0.11880866425992782,1.3329121540312876,1.307135980746089,1.3411552346570397,0.34410348977135985,0.08471720818291215,0.34410348977135985,1.2917448856799036,1.4882069795427197,0.8182430806257521,0.23823104693140795,0.8182430806257521,1.2387845968712394,2.04115523465704,-0.04351383874849582,0.11470517448856798,-0.04351383874849582,1.8576052948255115,2.14705174488568,-0.3206016847172082,0.3634897713598075,-0.3206016847172082,2.08352587244284,1.6765342960288807,-1.0394584837545127,0.34180505415162443,-1.0394584837545127,1.1159326113116725,0.6823104693140795,0.2664019253910952,0.245294825511432,0.2664019253910952,0.39174488567990373,0.6176895306859206,-0.11588447653429604,0.2794344163658243,-0.11588447653429604,0.6112154031287604,0.5293622141997594,-0.49113116726835143,0.27296028880866424,-0.49113116726835143,0.14116726835138388
2.3679999999999994,,-37.864512635379064,0.0,20.200794223826716,,,,,,,,53.90848375451264,-10.967870036101084,55.01263537906137,0.8458483754512636,0.554187725631769,0.08126353790613719,0.554187725631769,0.5375090252707581,0.8541516245487365,0.4853068592057762,0.2354873646209386,0.4853068592057762,0.18870036101083035,1.1541516245487364,0.6195667870036101,0.03375451263537906,0.6195667870036101,0.8545848375451264,1.9624548736462095,1.3279783393501805,0.11628158844765343,1.3279783393501805,1.3202527075812274,1.3375451263537905,0.3416967509025271,0.08664259927797834,0.3416967509025271,1.288375451263538,1.4833935018050541,0.8195667870036101,0.23750902527075812,0.8195667870036101,1.2321660649819495,2.0375451263537907,-0.0408664259927798,0.11458483754512636,-0.0408664259927798,1.850505415162455,2.145848375451264,-0.32288808664259927,0.3567509025270758,-0.32288808664259927,2.0829241877256317,1.6873646209386282,-1.0474007220216608,0.34866425992779776,-1.0474007220216608,1.1244765342960288,0.6750902527075813,0.25472924187725643,0.24541516245487363,0.25472924187725643,0.3883754512635379,0.6249097472924188,-0.11624548736462094,0.2832851985559567,-0.11624548736462094,0.6178339350180506,0.5209386281588448,-0.4834296028880867,0.2762093862815884,-0.4834296028880867,0.13960288808664262
2.4179999999999993,,-36.87016847172083,0.0,19.670589651022865,,,,,,,,55.10645006016847,-11.211600481347775,56.23513838748495,0.8446450060168472,0.552503008423586,0.08018050541516247,0.552503008423586,0.5367870036101083,0.8553549939831528,0.49409145607701566,0.22983152827918174,0.49409145607701566,0.19267148014440433,1.155354993983153,0.6208904933814682,0.033393501805054154,0.6208904933814682,0.8544645006016847,1.9660649819494584,1.3230445246690734,0.11375451263537908,1.3230445246690734,1.3333694344163658,1.3339350180505414,0.33929001203369435,0.08856799037304453,0.33929001203369435,1.285006016847172,1.4785800240673888,0.8208904933814681,0.2367870036101083,0.8208904933814681,1.2255475330926595,2.0339350180505416,-0.03821901323706381,0.11446450060168471,-0.03821901323706381,1.8434055354993983,2.144645006016847,-0.32517448856799036,0.3500120336943442,-0.32517448856799036,2.0823225030084234,1.6981949458483754,-1.0553429602888087,0.35552346570397103,-1.0553429602888087,1.133020457280385,0.6678700361010831,0.24305655836341766,0.2455354993983153,0.24305655836341766,0.3850060168471721,0.6321299638989171,-0.11660649819494585,0.28713598074608904,-0.11660649819494585,0.6244524669073406,0.5125150421179303,-0.47572803850782197,0.27945848375451265,-0.47572803850782197,0.13803850782190133
2.4679999999999995,,-35.87582430806258,0.0,19.140385078219012,,,,,,,,56.30441636582431,-11.455330926594467,57.457641395908546,0.8434416365824309,0.5508182912154032,0.07909747292418773,0.5508182912154032,0.5360649819494585,0.8565583634175692,0.5028760529482551,0.22417569193742476,0.5028760529482551,0.19664259927797836,1.1565583634175691,0.6222141997593261,0.03303249097472924,0.6222141997593261,0.8543441636582431,1.9696750902527076,1.3181107099879663,0.1112274368231047,1.3181107099879663,1.3464861612515042,1.3303249097472925,0.3368832731648616,0.09049338146811071,0.3368832731648616,1.2816365824308062,1.4737665463297231,0.8222141997593261,0.2360649819494585,0.8222141997593261,1.2189290012033696,2.0303249097472924,-0.03557160048134779,0.11434416365824308,-0.03557160048134779,1.8363056558363418,2.143441636582431,-0.32746089049338145,0.34327316486161247,-0.32746089049338145,2.0817208182912155,1.7090252707581226,-1.0632851985559566,0.36238267148014436,-1.0632851985559566,1.1415643802647413,0.6606498194945849,0.2313838748495789,0.24565583634175692,0.2313838748495789,0.3816365824308062,0.6393501805054151,-0.11696750902527077,0.29098676293622144,-0.11696750902527077,0.6310709987966305,0.5040914560770157,-0.46802647412755716,0.28270758122743683,-0.46802647412755716,0.13647412755716004
2.5179999999999993,,-34.88148014440434,0.0,18.610180505415165,,,,,,,,57.50238267148014,-11.699061371841156,58.68014440433213,0.8422382671480145,0.5491335740072202,0.07801444043321301,0.5491335740072202,0.5353429602888087,0.8577617328519855,0.5116606498194946,0.2185198555956679,0.5116606498194946,0.20061371841155234,1.1577617328519856,0.6235379061371842,0.03267148014440434,0.6235379061371842,0.8542238267148015,1.9732851985559567,1.3131768953068592,0.10870036101083033,1.3131768953068592,1.3596028880866426,1.3267148014440433,0.3344765342960289,0.09241877256317689,0.3344765342960289,1.2782671480144403,1.4689530685920578,0.8235379061371841,0.23534296028880866,0.8235379061371841,1.2123104693140794,2.0267148014440433,-0.0329241877256318,0.11422382671480144,-0.0329241877256318,1.8292057761732852,2.1422382671480147,-0.32974729241877254,0.33653429602888085,-0.32974729241877254,2.081119133574007,1.71985559566787,-1.0712274368231047,0.36924187725631763,-1.0712274368231047,1.1501083032490973,0.6534296028880866,0.21971119133574013,0.24577617328519855,0.21971119133574013,0.37826714801444045,0.6465703971119134,-0.11732851985559567,0.2948375451263538,-0.11732851985559567,0.6376895306859206,0.49566787003610113,-0.46032490974729245,0.285956678700361,-0.46032490974729245,0.13490974729241878
2.567999999999999,,-33.8871359807461,0.0,18.079975932611315,,,,,,,,58.700348977135974,-11.942791817087846,59.90264741275571,0.8410348977135981,0.5474488567990373,0.07693140794223828,0.5474488567990373,0.5346209386281588,0.858965102286402,0.520445246690734,0.21286401925391096,0.520445246690734,0.20458483754512635,1.158965102286402,0.6248616125150421,0.032310469314079424,0.6248616125150421,0.8541034897713597,1.976895306859206,1.3082430806257521,0.10617328519855598,1.3082430806257521,1.3727196149217809,1.3231046931407942,0.33206979542719617,0.09434416365824308,0.33206979542719617,1.2748977135980746,1.4641395908543924,0.8248616125150421,0.23462093862815886,0.8248616125150421,1.2056919374247894,2.023104693140794,-0.030276774969915793,0.11410348977135981,-0.030276774969915793,1.8221058965102288,2.141034897713598,-0.33203369434416363,0.32979542719614924,-0.33203369434416363,2.0805174488567992,1.7306859205776173,-1.0791696750902526,0.37610108303249085,-1.0791696750902526,1.1586522262334535,0.6462093862815885,0.20803850782190147,0.24589651022864017,0.20803850782190147,0.37489771359807467,0.6537906137184115,-0.11768953068592058,0.29868832731648615,-0.11768953068592058,0.6443080625752106,0.4872442839951866,-0.45262334536702775,0.28920577617328513,-0.45262334536702775,0.13334536702767752
2.6179999999999994,,-32.892791817087854,0.0,17.549771359807462,,,,,,,,59.89831528279182,-12.186522262334538,61.125150421179306,0.8398315282791817,0.5457641395908543,0.07584837545126355,0.5457641395908543,0.533898916967509,0.8601684717208183,0.5292298435619736,0.20720818291215404,0.5292298435619736,0.2085559566787004,1.1601684717208183,0.6261853188929002,0.03194945848375451,0.6261853188929002,0.8539831528279181,1.980505415162455,1.303309265944645,0.10364620938628161,1.303309265944645,1.3858363417569195,1.319494584837545,0.3296630565583634,0.09626955475330927,0.3296630565583634,1.2715282791817086,1.4593261131167268,0.8261853188929001,0.23389891696750903,0.8261853188929001,1.1990734055354995,2.019494584837545,-0.02762936221419976,0.11398315282791817,-0.02762936221419976,1.815006016847172,2.1398315282791818,-0.3343200962695547,0.32305655836341757,-0.3343200962695547,2.079915764139591,1.7415162454873645,-1.0871119133574008,0.3829602888086642,-1.0871119133574008,1.1671961492178098,0.6389891696750902,0.1963658243080626,0.24601684717208183,0.1963658243080626,0.37152827918170883,0.6610108303249098,-0.1180505415162455,0.30253910950661855,-0.1180505415162455,0.6509265944645006,0.478820697954272,-0.44492178098676294,0.29245487364620937,-0.44492178098676294,0.1317809867629362
2.6679999999999993,,-31.898447653429614,0.0,17.019566787003612,,,,,,,,61.09628158844765,-12.430252707581229,62.347653429602886,0.8386281588447654,0.5440794223826715,0.07476534296028882,0.5440794223826715,0.5331768953068592,0.8613718411552347,0.538014440433213,0.2015523465703971,0.538014440433213,0.21252707581227437,1.1613718411552347,0.6275090252707581,0.03158844765342961,0.6275090252707581,0.8538628158844765,1.984115523465704,1.298375451263538,0.10111913357400723,1.298375451263538,1.3989530685920577,1.315884476534296,0.3272563176895307,0.09819494584837545,0.3272563176895307,1.268158844765343,1.4545126353790614,0.8275090252707581,0.2331768953068592,0.8275090252707581,1.1924548736462093,2.0158844765342963,-0.024981949458483782,0.11386281588447654,-0.024981949458483782,1.8079061371841156,2.1386281588447655,-0.3366064981949458,0.3163176895306859,-0.3366064981949458,2.0793140794223826,1.752346570397112,-1.0950541516245487,0.38981949458483744,-1.0950541516245487,1.175740072202166,0.6317689530685922,0.18469314079422394,0.24613718411552346,0.18469314079422394,0.368158844765343,0.668231046931408,-0.1184115523465704,0.3063898916967509,-0.1184115523465704,0.6575451263537906,0.4703971119133575,-0.43722021660649824,0.29570397111913355,-0.43722021660649824,0.13021660649819494
2.7179999999999995,,-30.904103489771366,0.0,16.48936221419976,,,,,,,,62.29424789410349,-12.67398315282792,63.57015643802648,0.837424789410349,0.5423947051744885,0.07368231046931409,0.5423947051744885,0.5324548736462094,0.862575210589651,0.5467990373044525,0.19589651022864019,0.5467990373044525,0.2164981949458484,1.162575210589651,0.6288327316486162,0.031227436823104693,0.6288327316486162,0.8537424789410348,1.9877256317689531,1.2934416365824308,0.09859205776173285,1.2934416365824308,1.4120697954271961,1.312274368231047,0.324849578820698,0.10012033694344165,0.324849578820698,1.264789410348977,1.449699157641396,0.8288327316486162,0.23245487364620937,0.8288327316486162,1.1858363417569193,2.012274368231047,-0.02233453670276775,0.1137424789410349,-0.02233453670276775,1.800806257521059,2.1374247894103493,-0.3388929001203369,0.3095788206979542,-0.3388929001203369,2.0787123947051747,1.7631768953068592,-1.1029963898916968,0.39667870036101077,-1.1029963898916968,1.1842839951865223,0.6245487364620939,0.17302045728038518,0.2462575210589651,0.17302045728038518,0.36478941034897716,0.6754512635379062,-0.11877256317689532,0.3102406738868833,-0.11877256317689532,0.6641636582430807,0.4619735258724429,-0.4295186522262335,0.2989530685920577,-0.4295186522262335,0.12865222623345368
2.7679999999999993,,-29.909759326113125,0.0,15.959157641395908,,,,,,,,63.492214199759324,-12.91771359807461,64.79265944645006,0.8362214199759327,0.5407099879663056,0.07259927797833936,0.5407099879663056,0.5317328519855595,0.8637785800240674,0.5555836341756919,0.19024067388688326,0.5555836341756919,0.22046931407942238,1.1637785800240674,0.6301564380264741,0.030866425992779785,0.6301564380264741,0.8536221419975932,1.9913357400722023,1.2885078219013237,0.0960649819494585,1.2885078219013237,1.4251865222623346,1.3086642599277978,0.32244283995186523,0.10204572803850782,0.32244283995186523,1.2614199759326112,1.4448856799037304,0.8301564380264741,0.23173285198555957,0.8301564380264741,1.1792178098676294,2.008664259927798,-0.01968712394705177,0.11362214199759325,-0.01968712394705177,1.7937063778580025,2.1362214199759326,-0.341179302045728,0.3028399518652226,-0.341179302045728,2.0781107099879663,1.7740072202166064,-1.110938628158845,0.40353790613718404,-1.110938628158845,1.1928279181708783,0.6173285198555957,0.1613477737665464,0.24637785800240675,0.1613477737665464,0.3614199759326113,0.6826714801444044,-0.11913357400722022,0.31409145607701566,-0.11913357400722022,0.6707821901323707,0.45354993983152836,-0.4218170878459687,0.30220216606498196,-0.4218170878459687,0.1270878459687124
2.817999999999999,,-28.915415162454885,0.0,15.428953068592062,,,,,,,,64.69018050541516,-13.1614440433213,66.01516245487365,0.8350180505415163,0.5390252707581228,0.07151624548736463,0.5390252707581228,0.5310108303249097,0.8649819494584838,0.5643682310469313,0.1845848375451264,0.5643682310469313,0.2244404332129964,1.1649819494584837,0.6314801444043322,0.030505415162454877,0.6314801444043322,0.8535018050541516,1.9949458483754514,1.2835740072202166,0.09353790613718413,1.2835740072202166,1.4383032490974728,1.3050541516245486,0.3200361010830325,0.103971119133574,0.3200361010830325,1.2580505415162455,1.440072202166065,0.8314801444043322,0.23101083032490977,0.8314801444043322,1.1725992779783394,2.005054151624549,-0.017039711191335766,0.11350180505415162,-0.017039711191335766,1.7866064981949459,2.1350180505415164,-0.3434657039711191,0.296101083032491,-0.3434657039711191,2.077509025270758,1.7848375451263538,-1.1188808664259928,0.4103971119133573,-1.1188808664259928,1.2013718411552345,0.6101083032490975,0.14967509025270775,0.24649819494584838,0.14967509025270775,0.3580505415162455,0.6898916967509026,-0.11949458483754513,0.317942238267148,-0.11949458483754513,0.6774007220216607,0.4451263537906138,-0.414115523465704,0.3054512635379061,-0.414115523465704,0.12552346570397113
2.8679999999999994,,-27.921070998796637,0.0,14.898748495788208,,,,,,,,65.888146811071,-13.405174488567992,67.23766546329723,0.8338146811070999,0.5373405535499398,0.0704332129963899,0.5373405535499398,0.5302888086642599,0.8661853188929002,0.5731528279181709,0.1789290012033694,0.5731528279181709,0.22841155234657043,1.1661853188929001,0.6328038507821901,0.030144404332129966,0.6328038507821901,0.8533814681107099,1.9985559566787003,1.2786401925391095,0.09101083032490975,1.2786401925391095,1.4514199759326112,1.3014440433212995,0.3176293622141998,0.1058965102286402,0.3176293622141998,1.2546811070998796,1.4352587244283996,0.8328038507821901,0.23028880866425994,0.8328038507821901,1.1659807460890494,2.0014440433212997,-0.01439229843561976,0.11338146811070998,-0.01439229843561976,1.7795066185318893,2.1338146811071,-0.3457521058965102,0.28936221419975927,-0.3457521058965102,2.07690734055355,1.795667870036101,-1.1268231046931407,0.41725631768953064,-1.1268231046931407,1.2099157641395908,0.6028880866425993,0.13800240673886888,0.24661853188929,0.13800240673886888,0.35468110709987966,0.6971119133574009,-0.11985559566787005,0.3217930204572804,-0.11985559566787005,0.6840192539109506,0.4367027677496992,-0.40641395908543926,0.3087003610108303,-0.40641395908543926,0.12395908543922984
2.9179999999999993,,-26.926726835138396,0.0,14.368543922984358,,,,,,,,67.08611311672684,-13.648904933814682,68.46016847172082,0.8326113116726835,0.535655836341757,0.06935018050541517,0.535655836341757,0.5295667870036102,0.8673886883273165,0.5819374247894104,0.17327316486161254,0.5819374247894104,0.2323826714801444,1.1673886883273166,0.6341275571600482,0.029783393501805054,0.6341275571600482,0.8532611311672683,2.0021660649819495,1.2737063778580024,0.0884837545126354,1.2737063778580024,1.4645367027677496,1.2978339350180506,0.31522262334536705,0.10782190132370638,0.31522262334536705,1.2513116726835138,1.430445246690734,0.8341275571600482,0.2295667870036101,0.8341275571600482,1.1593622141997593,1.9978339350180505,-0.011744885679903755,0.11326113116726835,-0.011744885679903755,1.772406738868833,2.1326113116726835,-0.34803850782190127,0.28262334536702766,-0.34803850782190127,2.0763056558363417,1.8064981949458483,-1.1347653429602889,0.42411552346570386,-1.1347653429602889,1.2184596871239468,0.5956678700361011,0.12632972322503022,0.24673886883273163,0.12632972322503022,0.3513116726835138,0.7043321299638989,-0.12021660649819495,0.3256438026474128,-0.12021660649819495,0.6906377858002407,0.42827918170878465,-0.39871239470517456,0.3119494584837545,-0.39871239470517456,0.12239470517448857
2.967999999999999,,-25.932382671480156,0.0,13.838339350180508,,,,,,,,68.28407942238266,-13.892635379061373,69.68267148014439,0.8314079422382672,0.533971119133574,0.06826714801444045,0.533971119133574,0.5288447653429603,0.8685920577617329,0.5907220216606498,0.1676173285198556,0.5907220216606498,0.23635379061371842,1.1685920577617328,0.6354512635379062,0.029422382671480146,0.6354512635379062,0.8531407942238267,2.0057761732851986,1.2687725631768954,0.08595667870036103,1.2687725631768954,1.477653429602888,1.2942238267148014,0.3128158844765343,0.10974729241877255,0.3128158844765343,1.247942238267148,1.4256317689530686,0.8354512635379061,0.22884476534296028,0.8354512635379061,1.1527436823104693,1.9942238267148014,-0.00909747292418775,0.11314079422382671,-0.00909747292418775,1.7653068592057763,2.1314079422382672,-0.35032490974729236,0.27588447653429604,-0.35032490974729236,2.0757039711191334,1.8173285198555957,-1.1427075812274368,0.43097472924187713,-1.1427075812274368,1.227003610108303,0.5884476534296029,0.11465703971119146,0.2468592057761733,0.11465703971119146,0.34794223826714804,0.7115523465703971,-0.12057761732851986,0.3294945848375451,-0.12057761732851986,0.6972563176895307,0.4198555956678702,-0.3910108303249098,0.31519855595667867,-0.3910108303249098,0.12083032490974731
3.0179999999999993,,-24.938038507821908,0.0,13.308134777376655,,,,,,,,69.48204572803851,-14.136365824308065,70.905174488568,0.8302045728038508,0.5322864019253911,0.06718411552346572,0.5322864019253911,0.5281227436823105,0.8697954271961492,0.5995066185318892,0.1619614921780987,0.5995066185318892,0.24032490974729243,1.1697954271961493,0.6367749699157642,0.029061371841155235,0.6367749699157642,0.853020457280385,2.009386281588448,1.2638387484957883,0.08342960288808665,1.2638387484957883,1.4907701564380265,1.2906137184115523,0.3104091456077016,0.11167268351383876,0.3104091456077016,1.2445728038507822,1.420818291215403,0.8367749699157642,0.22812274368231047,0.8367749699157642,1.1461251504211794,1.9906137184115524,-0.006450060168471744,0.11302045728038508,-0.006450060168471744,1.7582069795427198,2.130204572803851,-0.3526113116726835,0.26914560770156437,-0.3526113116726835,2.0751022864019255,1.828158844765343,-1.150649819494585,0.43783393501805046,-1.150649819494585,1.2355475330926593,0.5812274368231047,0.10298435619735269,0.24697954271961492,0.10298435619735269,0.3445728038507822,0.7187725631768953,-0.12093862815884476,0.33334536702767753,-0.12093862815884476,0.7038748495788207,0.41143200962695553,-0.38330926594464504,0.3184476534296029,-0.38330926594464504,0.11926594464500602
3.067999999999999,,-23.943694344163667,0.0,12.777930204572804,,,,,,,,70.68001203369434,-14.380096269554754,72.12767749699158,0.8290012033694345,0.5306016847172081,0.06610108303249099,0.5306016847172081,0.5274007220216607,0.8709987966305656,0.6082912154031287,0.15630565583634176,0.6082912154031287,0.24429602888086643,1.1709987966305655,0.6380986762936222,0.028700361010830327,0.6380986762936222,0.8529001203369434,2.012996389891697,1.2589049338146812,0.0809025270758123,1.2589049338146812,1.5038868832731649,1.2870036101083033,0.30800240673886886,0.11359807460890493,0.30800240673886886,1.2412033694344162,1.4160048134777377,0.8380986762936221,0.22740072202166065,0.8380986762936221,1.1395066185318894,1.9870036101083033,-0.0038026474127557386,0.11290012033694344,-0.0038026474127557386,1.7511070998796632,2.1290012033694343,-0.35489771359807454,0.2624067388688327,-0.35489771359807454,2.074500601684717,1.8389891696750902,-1.1585920577617328,0.44469314079422373,-1.1585920577617328,1.2440914560770155,0.5740072202166066,0.09131167268351392,0.24709987966305655,0.09131167268351392,0.34120336943441637,0.7259927797833936,-0.12129963898916968,0.3371961492178099,-0.12129963898916968,0.7104933814681107,0.403008423586041,-0.37560770156438034,0.32169675090252703,-0.37560770156438034,0.11770156438026474
3.117999999999999,,-22.949350180505427,0.0,12.247725631768958,,,,,,,,71.87797833935018,-14.623826714801444,73.35018050541515,0.827797833935018,0.5289169675090253,0.06501805054151626,0.5289169675090253,0.5266787003610108,0.8722021660649819,0.6170758122743681,0.1506498194945849,0.6170758122743681,0.24826714801444041,1.172202166064982,0.6394223826714802,0.02833935018050542,0.6394223826714802,0.8527797833935018,2.016606498194946,1.253971119133574,0.07837545126353793,1.253971119133574,1.517003610108303,1.2833935018050542,0.3055956678700361,0.11552346570397111,0.3055956678700361,1.2378339350180505,1.4111913357400723,0.8394223826714802,0.22667870036101084,0.8394223826714802,1.1328880866425992,1.9833935018050541,-0.0011552346570397332,0.11277978339350181,-0.0011552346570397332,1.7440072202166066,2.127797833935018,-0.35718411552346563,0.2556678700361011,-0.35718411552346563,2.073898916967509,1.8498194945848376,-1.166534296028881,0.451552346570397,-1.166534296028881,1.2526353790613718,0.5667870036101084,0.07963898916967527,0.2472202166064982,0.07963898916967527,0.3378339350180506,0.7332129963898917,-0.12166064981949459,0.34104693140794223,-0.12166064981949459,0.7171119133574007,0.3945848375451265,-0.3679061371841156,0.32494584837545126,-0.3679061371841156,0.11613718411552348
3.1679999999999993,,-21.95500601684718,0.0,11.717521058965104,,,,,,,,73.07594464500602,-14.867557160048136,74.57268351383875,0.8265944645006017,0.5272322503008423,0.06393501805054153,0.5272322503008423,0.525956678700361,0.8734055354993984,0.6258604091456077,0.1449939831528279,0.6258604091456077,0.25223826714801445,1.1734055354993984,0.6407460890493382,0.027978339350180507,0.6407460890493382,0.8526594464500602,2.0202166064981952,1.2490373044524667,0.07584837545126355,1.2490373044524667,1.5301203369434417,1.279783393501805,0.3031889290012034,0.1174488567990373,0.3031889290012034,1.2344645006016846,1.4063778580024069,0.8407460890493381,0.225956678700361,0.8407460890493381,1.1262695547533093,1.979783393501805,0.0014921780986762723,0.11265944645006017,0.0014921780986762723,1.73690734055355,2.126594464500602,-0.3594705174488568,0.24892900120336942,-0.3594705174488568,2.073297232250301,1.8606498194945849,-1.174476534296029,0.45841155234657033,-1.174476534296029,1.2611793020457278,0.5595667870036101,0.06796630565583639,0.24734055354993983,0.06796630565583639,0.33446450060168476,0.74043321299639,-0.1220216606498195,0.3448977135980746,-0.1220216606498195,0.7237304452466908,0.3861612515042119,-0.3602045728038508,0.32819494584837544,-0.3602045728038508,0.1145728038507822
3.217999999999999,,-20.960661853188945,0.0,11.18731648616125,,,,,,,,74.27391095066184,-15.111287605294827,75.79518652226233,0.8253910950661854,0.5255475330926594,0.0628519855595668,0.5255475330926594,0.5252346570397112,0.8746089049338147,0.6346450060168471,0.13933814681107104,0.6346450060168471,0.25620938628158846,1.1746089049338146,0.6420697954271962,0.0276173285198556,0.6420697954271962,0.8525391095066185,2.023826714801444,1.2441034897713599,0.0733212996389892,1.2441034897713599,1.54323706377858,1.2761732851985559,0.3007821901323706,0.11937424789410349,0.3007821901323706,1.2310950661853188,1.4015643802647413,0.8420697954271962,0.22523465703971118,0.8420697954271962,1.1196510228640193,1.976173285198556,0.004139590854392278,0.11253910950661854,0.004139590854392278,1.7298074608904934,2.1253910950661856,-0.36175691937424787,0.2421901323706378,-0.36175691937424787,2.0726955475330926,1.871480144404332,-1.182418772563177,0.4652707581227436,-1.182418772563177,1.269723225030084,0.552346570397112,0.056293622141997735,0.24746089049338146,0.056293622141997735,0.3310950661853189,0.747653429602888,-0.12238267148014441,0.348748495788207,-0.12238267148014441,0.7303489771359808,0.37773766546329735,-0.3525030084235861,0.3314440433212996,-0.3525030084235861,0.11300842358604092
3.2679999999999993,,-19.96631768953069,0.0,10.657111913357397,,,,,,,,75.4718772563177,-15.355018050541519,77.01768953068593,0.824187725631769,0.5238628158844765,0.061768953068592064,0.5238628158844765,0.5245126353790613,0.8758122743682311,0.6434296028880866,0.13368231046931406,0.6434296028880866,0.26018050541516247,1.175812274368231,0.6433935018050542,0.027256317689530685,0.6433935018050542,0.8524187725631769,2.027436823104693,1.2391696750902526,0.0707942238267148,1.2391696750902526,1.5563537906137184,1.2725631768953067,0.2983754512635379,0.12129963898916968,0.2983754512635379,1.2277256317689529,1.396750902527076,0.8433935018050541,0.22451263537906135,0.8433935018050541,1.1130324909747293,1.972563176895307,0.006787003610108283,0.1124187725631769,0.006787003610108283,1.7227075812274368,2.124187725631769,-0.36404332129963896,0.23545126353790607,-0.36404332129963896,2.0720938628158847,1.8823104693140795,-1.1903610108303249,0.47212996389891687,-1.1903610108303249,1.2782671480144403,0.5451263537906137,0.04462093862815897,0.2475812274368231,0.04462093862815897,0.3277256317689531,0.7548736462093864,-0.12274368231046932,0.35259927797833934,-0.12274368231046932,0.7369675090252708,0.3693140794223827,-0.3448014440433213,0.33469314079422385,-0.3448014440433213,0.11144404332129963
3.317999999999999,,-18.971973525872457,0.0,10.12690734055355,,,,,,,,76.66984356197352,-15.598748495788207,78.2401925391095,0.8229843561973527,0.5221780986762936,0.06068592057761735,0.5221780986762936,0.5237906137184115,0.8770156438026474,0.652214199759326,0.1280264741275572,0.652214199759326,0.2641516245487365,1.1770156438026473,0.6447172081829122,0.026895306859205777,0.6447172081829122,0.8522984356197353,2.0310469314079422,1.2342358604091457,0.06826714801444045,1.2342358604091457,1.5694705174488568,1.2689530685920578,0.2959687123947052,0.12322503008423585,0.2959687123947052,1.2243561973525872,1.3919374247894103,0.8447172081829122,0.22379061371841155,0.8447172081829122,1.1064139590854394,1.9689530685920578,0.009434416365824289,0.11229843561973527,0.009434416365824289,1.7156077015643802,2.1229843561973527,-0.36632972322503005,0.22871239470517446,-0.36632972322503005,2.0714921780986764,1.8931407942238265,-1.198303249097473,0.47898916967509014,-1.198303249097473,1.2868110709987965,0.5379061371841156,0.0329482551143202,0.24770156438026475,0.0329482551143202,0.32435619735258725,0.7620938628158845,-0.12310469314079422,0.3564500601684717,-0.12310469314079422,0.7435860409145607,0.36089049338146817,-0.3370998796630566,0.337942238267148,-0.3370998796630566,0.10987966305655837
3.367999999999999,,-17.977629362214216,0.0,9.596702767749704,,,,,,,,77.86780986762936,-15.842478941034898,79.46269554753309,0.8217809867629363,0.5204933814681107,0.059602888086642616,0.5204933814681107,0.5230685920577617,0.8782190132370638,0.6609987966305655,0.12237063778580026,0.6609987966305655,0.2681227436823105,1.1782190132370638,0.6460409145607702,0.02653429602888087,0.6460409145607702,0.8521780986762936,2.0346570397111914,1.2293020457280384,0.06574007220216607,1.2293020457280384,1.582587244283995,1.2653429602888087,0.29356197352587243,0.12515042117930203,0.29356197352587243,1.2209867629362214,1.387123947051745,0.8460409145607701,0.22306859205776175,0.8460409145607701,1.0997954271961492,1.9653429602888086,0.012081829121540266,0.11217809867629362,0.012081829121540266,1.7085078219013239,2.1217809867629365,-0.36861612515042114,0.22197352587244285,-0.36861612515042114,2.070890493381468,1.903971119133574,-1.2062454873646211,0.4858483754512634,-1.2062454873646211,1.2953549939831528,0.5306859205776173,0.021275571600481546,0.24782190132370638,0.021275571600481546,0.3209867629362214,0.7693140794223827,-0.12346570397111914,0.36030084235860405,-0.12346570397111914,0.7502045728038508,0.35246690734055364,-0.32939831528279184,0.3411913357400722,-0.32939831528279184,0.1083152827918171
3.4179999999999993,,-16.98328519855596,0.0,9.06649819494585,,,,,,,,79.0657761732852,-16.086209386281592,80.68519855595667,0.8205776173285199,0.5188086642599278,0.058519855595667886,0.5188086642599278,0.522346570397112,0.8794223826714802,0.669783393501805,0.11671480144404334,0.669783393501805,0.2720938628158845,1.17942238267148,0.6473646209386282,0.026173285198555957,0.6473646209386282,0.852057761732852,2.0382671480144405,1.2243682310469315,0.0632129963898917,1.2243682310469315,1.5957039711191334,1.2617328519855595,0.29115523465703974,0.12707581227436823,0.29115523465703974,1.2176173285198555,1.3823104693140795,0.8473646209386282,0.22234657039711192,0.8473646209386282,1.0931768953068592,1.9617328519855595,0.0147292418772563,0.11205776173285198,0.0147292418772563,1.7014079422382673,2.12057761732852,-0.3709025270758123,0.21523465703971117,-0.3709025270758123,2.07028880866426,1.9148014440433214,-1.214187725631769,0.49270758122743674,-1.214187725631769,1.3038989169675088,0.5234657039711191,0.009602888086642669,0.247942238267148,0.009602888086642669,0.3176173285198556,0.776534296028881,-0.12382671480144405,0.36415162454873645,-0.12382671480144405,0.7568231046931408,0.3440433212996391,-0.32169675090252714,0.3444404332129964,-0.32169675090252714,0.10675090252707581
3.467999999999999,,-15.98894103489772,0.0,8.536293622141997,,,,,,,,80.26374247894103,-16.32993983152828,81.90770156438026,0.8193742478941035,0.5171239470517449,0.057436823104693155,0.5171239470517449,0.5216245487364621,0.8806257521058966,0.6785679903730445,0.11105896510228641,0.6785679903730445,0.2760649819494585,1.1806257521058965,0.6486883273164862,0.02581227436823105,0.6486883273164862,0.8519374247894104,2.0418772563176897,1.2194344163658242,0.06068592057761735,1.2194344163658242,1.6088206979542718,1.2581227436823104,0.288748495788207,0.1290012033694344,0.288748495788207,1.2142478941034898,1.3774969915764141,0.8486883273164861,0.2216245487364621,0.8486883273164861,1.0865583634175693,1.9581227436823105,0.017376654632972305,0.11193742478941035,0.017376654632972305,1.6943080625752107,2.1193742478941036,-0.3731889290012034,0.2084957882069795,-0.3731889290012034,2.069687123947052,1.9256317689530684,-1.222129963898917,0.49956678700361,-1.222129963898917,1.312442839951865,0.516245487364621,-0.002069795427195986,0.24806257521058964,-0.002069795427195986,0.31424789410348974,0.7837545126353791,-0.12418772563176896,0.3680024067388688,-0.12418772563176896,0.7634416365824308,0.33561973525872457,-0.31399518652226244,0.34768953068592057,-0.31399518652226244,0.10518652226233455
3.5179999999999993,,-14.99459687123948,0.0,8.006089049338144,,,,,,,,81.46170878459688,-16.573670276774973,83.13020457280386,0.8181708784596872,0.5154392298435619,0.056353790613718424,0.5154392298435619,0.5209025270758123,0.8818291215403129,0.6873525872442839,0.10540312876052949,0.6873525872442839,0.2800361010830325,1.181829121540313,0.6500120336943442,0.025451263537906138,0.6500120336943442,0.8518170878459687,2.045487364620939,1.214500601684717,0.05815884476534297,1.214500601684717,1.6219374247894103,1.2545126353790614,0.28634175691937425,0.1309265944645006,0.28634175691937425,1.2108784596871238,1.3726835138387485,0.8500120336943442,0.22090252707581226,0.8500120336943442,1.079939831528279,1.9545126353790614,0.02002406738868831,0.11181708784596871,0.02002406738868831,1.6872081829121541,2.1181708784596873,-0.37547533092659446,0.20175691937424783,-0.37547533092659446,2.0690854392298434,1.9364620938628159,-1.230072202166065,0.5064259927797834,-1.230072202166065,1.3209867629362213,0.5090252707581226,-0.013742478941034864,0.2481829121540313,-0.013742478941034864,0.3108784596871239,0.7909747292418774,-0.12454873646209387,0.3718531889290012,-0.12454873646209387,0.7700601684717209,0.32719614921780993,-0.3062936221419976,0.3509386281588448,-0.3062936221419976,0.10362214199759326
3.567999999999999,,-14.00025270758124,0.0,7.475884476534297,,,,,,,,82.6596750902527,-16.817400722021663,84.35270758122743,0.8169675090252708,0.5137545126353791,0.05527075812274369,0.5137545126353791,0.5201805054151625,0.8830324909747292,0.6961371841155234,0.09974729241877256,0.6961371841155234,0.2840072202166065,1.1830324909747292,0.6513357400722022,0.02509025270758123,0.6513357400722022,0.8516967509025271,2.049097472924188,1.20956678700361,0.055631768953068594,1.20956678700361,1.6350541516245487,1.2509025270758123,0.28393501805054155,0.1328519855595668,0.28393501805054155,1.207509025270758,1.3678700361010832,0.8513357400722021,0.22018050541516246,0.8513357400722021,1.0733212996389891,1.9509025270758122,0.022671480144404316,0.11169675090252708,0.022671480144404316,1.6801083032490975,2.1169675090252706,-0.37776173285198555,0.19501805054151622,-0.37776173285198555,2.0684837545126356,1.9472924187725633,-1.2380144404332132,0.5132851985559566,-1.2380144404332132,1.3295306859205775,0.5018050541516246,-0.02541516245487352,0.24830324909747292,-0.02541516245487352,0.30750902527075813,0.7981949458483755,-0.12490974729241877,0.37570397111913356,-0.12490974729241877,0.7766787003610108,0.3187725631768954,-0.2985920577617329,0.3541877256317689,-0.2985920577617329,0.10205776173285198
3.617999999999999,,-13.005908543922999,0.0,6.945679903730451,,,,,,,,83.85764139590854,-17.061131167268353,85.57521058965102,0.8157641395908545,0.5120697954271961,0.05418772563176896,0.5120697954271961,0.5194584837545126,0.8842358604091456,0.7049217809867628,0.09409145607701569,0.7049217809867628,0.2879783393501805,1.1842358604091456,0.6526594464500602,0.02472924187725632,0.6526594464500602,0.8515764139590855,2.0527075812274367,1.204632972322503,0.053104693140794246,1.204632972322503,1.6481708784596871,1.2472924187725631,0.2815282791817088,0.13477737665463296,0.2815282791817088,1.2041395908543922,1.3630565583634175,0.8526594464500602,0.21945848375451263,0.8526594464500602,1.0667027677496992,1.9472924187725633,0.025318892900120293,0.11157641395908544,0.025318892900120293,1.673008423586041,2.1157641395908544,-0.38004813477737664,0.1882791817087846,-0.38004813477737664,2.067882069795427,1.9581227436823103,-1.245956678700361,0.5201444043321298,-1.245956678700361,1.3380746089049338,0.4945848375451264,-0.037087845968712285,0.24842358604091455,-0.037087845968712285,0.30413959085439235,0.8054151624548738,-0.1252707581227437,0.3795547533092659,-0.1252707581227437,0.7832972322503009,0.31034897713598086,-0.2908904933814682,0.3574368231046931,-0.2908904933814682,0.10049338146811072
3.6679999999999993,,-12.011564380264744,0.0,6.415475330926597,,,,,,,,85.05560770156438,-17.304861612515044,86.79771359807461,0.8145607701564381,0.5103850782190132,0.05310469314079423,0.5103850782190132,0.5187364620938628,0.885439229843562,0.7137063778580024,0.08843561973525871,0.7137063778580024,0.29194945848375453,1.1854392298435619,0.6539831528279182,0.024368231046931407,0.6539831528279182,0.8514560770156437,2.056317689530686,1.1996991576413958,0.05057761732851987,1.1996991576413958,1.6612876052948256,1.243682310469314,0.27912154031287606,0.13670276774969917,0.27912154031287606,1.2007701564380264,1.3582430806257522,0.8539831528279181,0.21873646209386283,0.8539831528279181,1.0600842358604092,1.9436823104693142,0.027966305655836327,0.1114560770156438,0.027966305655836327,1.6659085439229844,2.114560770156438,-0.38233453670276774,0.18154031287605288,-0.38233453670276774,2.067280385078219,1.9689530685920578,-1.253898916967509,0.5270036101083032,-1.253898916967509,1.3466185318892898,0.4873646209386282,-0.04876052948255105,0.2485439229843562,-0.04876052948255105,0.30077015643802646,0.8126353790613718,-0.1256317689530686,0.3834055354993983,-0.1256317689530686,0.7899157641395909,0.3019253910950662,-0.2831889290012034,0.3606859205776173,-0.2831889290012034,0.09892900120336943
3.717999999999999,,-11.017220216606518,0.0,5.8852707581227435,,,,,,,,86.25357400722021,-17.548592057761734,88.0202166064982,0.8133574007220217,0.5087003610108303,0.0520216606498195,0.5087003610108303,0.518014440433213,0.8866425992779784,0.7224909747292418,0.08277978339350184,0.7224909747292418,0.29592057761732854,1.1866425992779783,0.6553068592057762,0.0240072202166065,0.6553068592057762,0.8513357400722021,2.059927797833935,1.1947653429602887,0.04805054151624549,1.1947653429602887,1.674404332129964,1.2400722021660648,0.27671480144404337,0.13862815884476534,0.27671480144404337,1.1974007220216605,1.3534296028880868,0.8553068592057762,0.218014440433213,0.8553068592057762,1.0534657039711193,1.940072202166065,0.030613718411552332,0.11133574007220216,0.030613718411552332,1.658808664259928,2.113357400722022,-0.3846209386281588,0.17480144404332126,-0.3846209386281588,2.066678700361011,1.979783393501805,-1.2618411552346571,0.5338628158844765,-1.2618411552346571,1.355162454873646,0.48014440433213,-0.06043321299638982,0.24866425992779784,-0.06043321299638982,0.2974007220216607,0.8198555956678701,-0.12599277978339352,0.38725631768953067,-0.12599277978339352,0.7965342960288808,0.2935018050541517,-0.2754873646209387,0.3639350180505415,-0.2754873646209387,0.09736462093862816
3.767999999999999,,-10.022876052948277,0.0,5.355066185318897,,,,,,,,87.45154031287605,-17.792322503008425,89.24271961492178,0.8121540312876053,0.5070156438026474,0.050938628158844784,0.5070156438026474,0.5172924187725632,0.8878459687123947,0.7312755716004813,0.07712394705174491,0.7312755716004813,0.29989169675090255,1.1878459687123946,0.6566305655836342,0.02364620938628159,0.6566305655836342,0.8512154031287605,2.063537906137184,1.1898315282791816,0.045523465703971144,1.1898315282791816,1.6875210589651022,1.236462093862816,0.2743080625752106,0.14055354993983152,0.2743080625752106,1.1940312876052948,1.3486161251504214,0.8566305655836342,0.21729241877256317,0.8566305655836342,1.046847172081829,1.9364620938628159,0.03326113116726831,0.11121540312876053,0.03326113116726831,1.6517087845968712,2.1121540312876053,-0.3869073405535499,0.16806257521058965,-0.3869073405535499,2.0660770156438026,1.9906137184115522,-1.2697833935018052,0.5407220216606498,-1.2697833935018052,1.3637063778580023,0.47292418772563183,-0.07210589651022847,0.24878459687123947,-0.07210589651022847,0.29403128760529484,0.8270758122743682,-0.1263537906137184,0.391107099879663,-0.1263537906137184,0.8031528279181709,0.28507821901323716,-0.267785800240674,0.36718411552346564,-0.267785800240674,0.0958002406738869
3.817999999999999,,-9.028531889290022,0.0,4.824861612515043,,,,,,,,88.64950661853189,-18.036052948255115,90.46522262334537,0.810950661853189,0.5053309265944645,0.049855595667870053,0.5053309265944645,0.5165703971119133,0.8890493381468111,0.7400601684717208,0.07146811070998799,0.7400601684717208,0.30386281588447656,1.189049338146811,0.6579542719614923,0.02328519855595668,0.6579542719614923,0.8510950661853188,2.0671480144404333,1.1848977135980745,0.04299638989169677,1.1848977135980745,1.7006377858002406,1.2328519855595668,0.2719013237063779,0.14247894103489772,0.2719013237063779,1.1906618531889288,1.3438026474127558,0.8579542719614922,0.21657039711191334,0.8579542719614922,1.0402286401925391,1.9328519855595667,0.03590854392298434,0.11109506618531889,0.03590854392298434,1.6446089049338148,2.110950661853189,-0.389193742478941,0.16132370637785798,-0.389193742478941,2.0654753309265943,2.0014440433212997,-1.2777256317689532,0.547581227436823,-1.2777256317689532,1.3722503008423583,0.46570397111913353,-0.08377858002406724,0.2489049338146811,-0.08377858002406724,0.290661853188929,0.8342960288808665,-0.12671480144404332,0.39495788206979543,-0.12671480144404332,0.809771359807461,0.2766546329723226,-0.2600842358604092,0.37043321299638987,-0.2600842358604092,0.09423586040914561
3.867999999999999,,-8.034187725631782,0.0,4.29465703971119,,,,,,,,89.84747292418773,-18.279783393501805,91.68772563176896,0.8097472924187726,0.5036462093862816,0.04877256317689532,0.5036462093862816,0.5158483754512635,0.8902527075812274,0.7488447653429602,0.06581227436823106,0.7488447653429602,0.30783393501805056,1.1902527075812275,0.6592779783393502,0.022924187725631772,0.6592779783393502,0.8509747292418772,2.0707581227436824,1.1799638989169674,0.04046931407942239,1.1799638989169674,1.713754512635379,1.2292418772563176,0.2694945848375452,0.1444043321299639,0.2694945848375452,1.187292418772563,1.3389891696750904,0.8592779783393502,0.21584837545126354,0.8592779783393502,1.0336101083032492,1.9292418772563176,0.03855595667870032,0.11097472924187726,0.03855595667870032,1.6375090252707583,2.109747292418773,-0.3914801444043321,0.1545848375451263,-0.3914801444043321,2.0648736462093864,2.012274368231047,-1.285667870036101,0.5544404332129963,-1.285667870036101,1.3807942238267148,0.45848375451263546,-0.095451263537906,0.24902527075812275,-0.095451263537906,0.2872924187725632,0.8415162454873646,-0.12707581227436823,0.3988086642599278,-0.12707581227436823,0.8163898916967509,0.2682310469314081,-0.2523826714801445,0.37368231046931405,-0.2523826714801445,0.09267148014440434
3.917999999999999,,-7.039843561973541,0.0,3.7644524669073434,,,,,,,,91.04543922984355,-18.523513838748496,92.91022864019253,0.8085439229843563,0.5019614921780987,0.04768953068592059,0.5019614921780987,0.5151263537906138,0.8914560770156438,0.7576293622141996,0.06015643802647419,0.7576293622141996,0.3118050541516245,1.1914560770156437,0.6606016847172083,0.02256317689530686,0.6606016847172083,0.8508543922984356,2.0743682310469316,1.1750300842358603,0.03794223826714804,1.1750300842358603,1.7268712394705172,1.2256317689530687,0.26708784596871243,0.14632972322503007,0.26708784596871243,1.1839229843561974,1.3341756919374248,0.8606016847172082,0.21512635379061373,0.8606016847172082,1.026991576413959,1.9256317689530686,0.041203369434416326,0.11085439229843562,0.041203369434416326,1.6304091456077017,2.108543922984356,-0.3937665463297232,0.14784596871239475,-0.3937665463297232,2.064271961492178,2.023104693140794,-1.2936101083032492,0.5612996389891696,-1.2936101083032492,1.3893381468110708,0.45126353790613727,-0.10712394705174466,0.24914560770156438,-0.10712394705174466,0.2839229843561974,0.8487364620938629,-0.12743682310469315,0.40265944645006013,-0.12743682310469315,0.8230084235860409,0.25980746089049356,-0.24468110709987978,0.37693140794223823,-0.24468110709987978,0.09110709987966308
3.967999999999999,,-6.0454993983153,0.0,3.23424789410349,,,,,,,,92.24340553549939,-18.76724428399519,94.13273164861613,0.8073405535499398,0.5002767749699157,0.04660649819494586,0.5002767749699157,0.514404332129964,0.8926594464500601,0.7664139590854392,0.05450060168471721,0.7664139590854392,0.3157761732851986,1.1926594464500602,0.6619253910950662,0.02220216606498195,0.6619253910950662,0.8507340553549939,2.0779783393501807,1.1700962695547532,0.03541516245487367,1.1700962695547532,1.7399879663056559,1.2220216606498195,0.2646811070998797,0.14825511432009628,0.2646811070998797,1.1805535499398314,1.3293622141997594,0.8619253910950662,0.2144043321299639,0.8619253910950662,1.020373044524669,1.9220216606498195,0.04385078219013236,0.11073405535499398,0.04385078219013236,1.623309265944645,2.10734055354994,-0.3960529482551143,0.14110709987966297,-0.3960529482551143,2.06367027677497,2.0339350180505416,-1.3015523465703973,0.568158844765343,-1.3015523465703973,1.397882069795427,0.44404332129963897,-0.11879663056558354,0.249265944645006,-0.11879663056558354,0.2805535499398315,0.8559566787003612,-0.12779783393501806,0.40651022864019254,-0.12779783393501806,0.829626955475331,0.2513838748495789,-0.23697954271961497,0.38018050541516246,-0.23697954271961497,0.08954271961492179
4.017999999999999,,-5.05115523465706,0.0,2.7040433212996433,,,,,,,,93.44137184115523,-19.010974729241877,95.3552346570397,0.8061371841155235,0.4985920577617329,0.04552346570397113,0.4985920577617329,0.5136823104693141,0.8938628158844766,0.7751985559566786,0.04884476534296034,0.7751985559566786,0.3197472924187726,1.1938628158844764,0.6632490974729242,0.02184115523465704,0.6632490974729242,0.8506137184115523,2.08158844765343,1.1651624548736461,0.03288808664259929,1.1651624548736461,1.753104693140794,1.2184115523465704,0.262274368231047,0.15018050541516245,0.262274368231047,1.1771841155234657,1.324548736462094,0.8632490974729241,0.21368231046931407,0.8632490974729241,1.013754512635379,1.9184115523465703,0.04649819494584834,0.11061371841155235,0.04649819494584834,1.6162093862815885,2.1061371841155236,-0.39833935018050537,0.1343682310469314,-0.39833935018050537,2.063068592057762,2.0447653429602886,-1.3094945848375452,0.5750180505415162,-1.3094945848375452,1.4064259927797833,0.4368231046931408,-0.1304693140794222,0.24938628158844767,-0.1304693140794222,0.2771841155234657,0.8631768953068593,-0.12815884476534295,0.4103610108303249,-0.12815884476534295,0.836245487364621,0.24296028880866438,-0.22927797833935026,0.38342960288808664,-0.22927797833935026,0.08797833935018051
4.068,,-4.056811070998805,0.0,2.1738387484957826,,,,,,,,94.63933814681108,-19.254705174488574,96.57773766546332,0.8049338146811071,0.4969073405535499,0.044440433212996386,0.4969073405535499,0.5129602888086643,0.8950661853188929,0.7839831528279182,0.0431889290012033,0.7839831528279182,0.32371841155234665,1.1950661853188929,0.6645728038507822,0.021480144404332126,0.6645728038507822,0.8504933814681107,2.085198555956679,1.160228640192539,0.030361010830324886,1.160228640192539,1.7662214199759327,1.2148014440433212,0.2598676293622142,0.15210589651022866,0.2598676293622142,1.1738146811070997,1.3197352587244284,0.8645728038507822,0.21296028880866424,0.8645728038507822,1.0071359807460891,1.9148014440433212,0.0491456077015644,0.1104933814681107,0.0491456077015644,1.609109506618532,2.1049338146811074,-0.40062575210589646,0.12762936221419963,-0.40062575210589646,2.0624669073405535,2.055595667870036,-1.3174368231046933,0.5818772563176896,-1.3174368231046933,1.4149699157641396,0.4296028880866425,-0.14214199759326118,0.2495066185318893,-0.14214199759326118,0.27381468110709983,0.8703971119133576,-0.12851985559566786,0.4142117930204573,-0.12851985559566786,0.842864019253911,0.23453670276774974,-0.22157641395908545,0.3866787003610109,-0.22157641395908545,0.08641395908543922
4.117999999999999,,-3.062466907340564,0.0,1.6436341756919362,,,,,,,,95.83730445246691,-19.49843561973526,97.80024067388689,0.8037304452466908,0.49522262334536704,0.04335740072202167,0.49522262334536704,0.5122382671480145,0.8962695547533093,0.7927677496991576,0.03753309265944643,0.7927677496991576,0.3276895306859206,1.1962695547533093,0.6658965102286403,0.02111913357400722,0.6658965102286403,0.850373044524669,2.0888086642599277,1.155294825511432,0.027833935018050537,1.155294825511432,1.779338146811071,1.211191335740072,0.2574608904933815,0.15403128760529483,0.2574608904933815,1.170445246690734,1.314921780986763,0.8658965102286402,0.21223826714801441,0.8658965102286402,1.0005174488567992,1.9111913357400723,0.051793020457280375,0.11037304452466908,0.051793020457280375,1.6020096269554753,2.1037304452466907,-0.40291215403128755,0.12089049338146807,-0.40291215403128755,2.0618652226233456,2.0664259927797834,-1.3253790613718412,0.5887364620938628,-1.3253790613718412,1.4235138387484958,0.4223826714801444,-0.15381468110709984,0.24962695547533092,-0.15381468110709984,0.27044524669073405,0.8776173285198556,-0.12888086642599278,0.41806257521058965,-0.12888086642599278,0.8494825511432009,0.2261131167268352,-0.21387484957882075,0.389927797833935,-0.21387484957882075,0.08484957882069796
4.167999999999999,,-2.0681227436823235,0.0,1.1134296028880897,,,,,,,,97.03527075812273,-19.74216606498195,99.02274368231046,0.8025270758122744,0.49353790613718407,0.04227436823104695,0.49353790613718407,0.5115162454873646,0.8974729241877256,0.8015523465703971,0.03187725631768956,0.8015523465703971,0.33166064981949456,1.1974729241877256,0.6672202166064982,0.020758122743682314,0.6672202166064982,0.8502527075812274,2.092418772563177,1.1503610108303248,0.02530685920577619,1.1503610108303248,1.7924548736462094,1.207581227436823,0.25505415162454875,0.155956678700361,0.25505415162454875,1.167075812274368,1.3101083032490974,0.8672202166064982,0.2115162454873646,0.8672202166064982,0.9938989169675091,1.9075812274368231,0.05444043321299635,0.11025270758122743,0.05444043321299635,1.594909747292419,2.1025270758122745,-0.40519855595667864,0.1141516245487364,-0.40519855595667864,2.0612635379061373,2.077256317689531,-1.3333212996389892,0.595595667870036,-1.3333212996389892,1.4320577617328518,0.4151624548736462,-0.1654873646209385,0.24974729241877255,-0.1654873646209385,0.2670758122743682,0.8848375451263539,-0.1292418772563177,0.421913357400722,-0.1292418772563177,0.8561010830324909,0.21768953068592067,-0.20617328519855604,0.3931768953068592,-0.20617328519855604,0.0832851985559567
4.217999999999999,,-1.0737785800240829,0.0,0.5832250300842432,,,,,,,,98.23323706377857,-19.985896510228642,100.24524669073405,0.8013237063778581,0.4918531889290012,0.04119133574007222,0.4918531889290012,0.5107942238267148,0.898676293622142,0.8103369434416364,0.02622141997593269,0.8103369434416364,0.33563176895306857,1.198676293622142,0.6685439229843562,0.020397111913357403,0.6685439229843562,0.8501323706377858,2.096028880866426,1.1454271961492177,0.02277978339350184,1.1454271961492177,1.8055716004813476,1.203971119133574,0.252647412755716,0.15788206979542718,0.252647412755716,1.1637063778580023,1.305294825511432,0.8685439229843561,0.2107942238267148,0.8685439229843561,0.987280385078219,1.903971119133574,0.05708784596871236,0.1101323706377858,0.05708784596871236,1.5878098676293624,2.1013237063778583,-0.40748495788206973,0.10741275571600484,-0.40748495788206973,2.060661853188929,2.088086642599278,-1.341263537906137,0.6024548736462093,-1.341263537906137,1.4406016847172078,0.40794223826714804,-0.17716004813477715,0.2498676293622142,-0.17716004813477715,0.26370637785800244,0.892057761732852,-0.1296028880866426,0.42576413959085435,-0.1296028880866426,0.8627196149217811,0.20926594464500614,-0.19847172081829134,0.39642599277978335,-0.19847172081829134,0.08172081829121541
4.268,,-0.07943441636582804,0.0,0.053020457280382516,,,,,,,,99.43120336943443,-20.229626955475336,101.46774969915765,0.8001203369434416,0.49016847172081823,0.04010830324909748,0.49016847172081823,0.510072202166065,0.8998796630565584,0.8191215403128761,0.020565583634175655,0.8191215403128761,0.33960288808664263,1.1998796630565582,0.6698676293622142,0.020036101083032488,0.6698676293622142,0.8500120336943442,2.099638989169675,1.1404933814681106,0.020252707581227436,1.1404933814681106,1.8186883273164862,1.2003610108303249,0.2502406738868833,0.15980746089049339,0.2502406738868833,1.1603369434416364,1.3004813477737667,0.8698676293622142,0.21007220216606498,0.8698676293622142,0.980661853188929,1.9003610108303248,0.05973525872442839,0.11001203369434416,0.05973525872442839,1.5807099879663058,2.1001203369434416,-0.4097713598074609,0.10067388688327306,-0.4097713598074609,2.060060168471721,2.0989169675090253,-1.3492057761732852,0.6093140794223827,-1.3492057761732852,1.4491456077015643,0.40072202166064974,-0.18883273164861603,0.24998796630565584,-0.18883273164861603,0.26033694344163655,0.8992779783393503,-0.12996389891696752,0.42961492178098676,-0.12996389891696752,0.869338146811071,0.2008423586040915,-0.19077015643802653,0.3996750902527076,-0.19077015643802653,0.08015643802647412
4.318,2.9323437500000002,0.3317187499999993,-0.0023437499999999943,-0.03515624999999991,0.7031249999999982,-10.907968750000002,-10.813281250000001,-1.2074999999999971,1.0863281249999974,0.25523437499999935,-0.4579687499999988,98.63553125,-17.958296875000006,100.33046875000001,0.8,0.48765625,0.03765625000000001,0.48765625,0.5053125,0.9,0.8270312499999999,0.024687499999999987,0.8270312499999999,0.35171874999999997,1.2,0.6676562500000001,0.02,0.6676562500000001,0.83828125,2.1,1.17515625,0.015312500000000012,1.17515625,1.7942187500000002,1.2,0.23593750000000002,0.16,0.23593750000000002,1.150625,1.3,0.8910937499999999,0.2053125,0.8910937499999999,0.94953125,1.9,0.041250000000000044,0.10765625000000001,0.041250000000000044,1.59171875,2.1,-0.38656250000000003,0.10468749999999999,-0.38656250000000003,2.05765625,2.1234375,-1.40390625,0.61,-1.40390625,1.46640625,0.4,-0.19234375,0.23359375000000004,-0.19234375,0.27171874999999995,0.9234374999999999,-0.14171874999999998,0.43234374999999997,-0.14171874999999998,0.879375,0.2,-0.18765625,0.38359375000000007,-0.18765625,0.09171874999999997
4.367999999999999,2.9349479166666668,0.6780729166666645,-0.004947916666666649,-0.07421874999999974,1.4843749999999947,-10.250156250000005,-10.050260416666672,-2.549166666666658,2.293359374999992,0.5388281249999981,-0.9668229166666632,97.61834375000001,-15.407515625000016,98.93098958333334,0.8,0.48505208333333333,0.03505208333333335,0.48505208333333333,0.5001041666666667,0.9,0.8348437499999999,0.0298958333333333,0.8348437499999999,0.3647395833333333,1.2,0.6650520833333334,0.02,0.6650520833333334,0.8252604166666667,2.1,1.2142187499999997,0.010104166666666702,1.2142187499999997,1.765572916666667,1.2,0.2203125000000001,0.16,0.2203125000000001,1.1402083333333335,1.3,0.9145312499999998,0.2001041666666667,0.9145312499999998,0.9156770833333335,1.9,0.020416666666666805,0.10505208333333335,0.020416666666666805,1.6047395833333333,2.1,-0.3605208333333335,0.1098958333333333,-0.3605208333333335,2.0550520833333334,2.1494791666666666,-1.463802083333333,0.61,-1.463802083333333,1.4846354166666664,0.4,-0.19494791666666667,0.21536458333333344,-0.19494791666666667,0.28473958333333327,0.9494791666666665,-0.15473958333333324,0.43494791666666666,-0.15473958333333324,0.8897916666666666,0.2,-0.18505208333333334,0.3653645833333335,-0.18505208333333334,0.10473958333333325
4.417999999999999,2.9375520833333333,1.0244270833333295,-0.007552083333333305,-0.11328124999999956,2.265624999999991,-9.592343750000008,-9.287239583333342,-3.8908333333333185,3.5003906249999868,0.8224218749999969,-1.4756770833333275,96.60115625,-12.856734375000027,97.53151041666668,0.8,0.4824479166666667,0.032447916666666694,0.4824479166666667,0.49489583333333337,0.9,0.8426562499999999,0.03510416666666661,0.8426562499999999,0.37776041666666654,1.2,0.6624479166666667,0.02,0.6624479166666667,0.8122395833333335,2.1,1.2532812499999997,0.004895833333333391,1.2532812499999997,1.7369270833333337,1.2,0.2046875000000002,0.16,0.2046875000000002,1.1297916666666667,1.3,0.9379687499999997,0.19489583333333338,0.9379687499999997,0.881822916666667,1.9,-0.00041666666666644037,0.1024479166666667,-0.00041666666666644037,1.6177604166666664,2.1,-0.33447916666666694,0.1151041666666666,-0.33447916666666694,2.0524479166666665,2.175520833333333,-1.523697916666666,0.61,-1.523697916666666,1.5028645833333332,0.4,-0.19755208333333332,0.19713541666666687,-0.19755208333333332,0.2977604166666665,0.9755208333333331,-0.16776041666666652,0.4375520833333333,-0.16776041666666652,0.9002083333333333,0.2,-0.18244791666666668,0.3471354166666669,-0.18244791666666668,0.11776041666666653
4.467999999999999,3.0356626506024087,3.35481927710842,0.0,-0.34277108433734804,8.368674698795138,-3.9762650602410217,-3.940457831325352,-0.9793493975903944,-0.42489156626504654,2.9151325301204665,-5.468975903614432,98.3391686746988,-10.227481927710837,98.87075903614458,0.8,0.48,0.03,0.48,0.49,0.9,0.85,0.04,0.85,0.39,1.2,0.66,0.02,0.66,0.8,2.1,1.29,0.0,1.29,1.71,1.2,0.19,0.16,0.19,1.12,1.3,0.96,0.19,0.96,0.85,1.9,-0.02,0.1,-0.02,1.63,2.1,-0.31,0.12,-0.31,2.05,2.2,-1.58,0.61,-1.58,1.52,0.4,-0.2,0.18,-0.2,0.31,1.0,-0.18,0.44,-0.18,0.91,0.2,-0.18,0.33,-0.18,0.13
4.517999999999999,3.0685185185185175,3.8537037037036925,0.004074074074073968,-0.3948148148148136,10.025925925925888,-1.3756666666667265,-1.8025925925926412,-0.8114074074074071,0.008851851851838566,3.5756666666666517,-6.457518518518496,98.12655555555557,-10.708148148148137,98.71225925925927,0.8,0.48,0.03,0.48,0.49,0.9,0.85,0.04,0.85,0.39,1.2,0.66,0.02,0.66,0.8,2.1,1.29,0.0,1.29,1.71,1.2,0.19,0.16,0.19,1.12,1.3,0.96,0.19,0.96,0.85,1.9,-0.02,0.1,-0.02,1.63,2.1,-0.31,0.12,-0.31,2.05,2.2,-1.58,0.61,-1.58,1.52,0.4,-0.2,0.18,-0.2,0.31,1.0,-0.18,0.44,-0.18,0.91,0.2,-0.18,0.33,-0.18,0.13
4.568,3.100925925925926,4.335185185185182,0.008703703703703679,-0.44574074074074044,11.646296296296287,1.2201666666666524,0.31037037037035864,-0.8243703703703703,0.5870925925925896,4.22983333333333,-7.41492592592592,97.87377777777778,-11.204907407407404,98.51596296296296,0.8,0.48,0.03,0.48,0.49,0.9,0.85,0.04,0.85,0.39,1.2,0.66,0.02,0.66,0.8,2.1,1.29,0.0,1.29,1.71,1.2,0.19,0.16,0.19,1.12,1.3,0.96,0.19,0.96,0.85,1.9,-0.02,0.1,-0.02,1.63,2.1,-0.31,0.12,-0.31,2.05,2.2,-1.58,0.61,-1.58,1.52,0.4,-0.2,0.18,-0.2,0.31,1.0,-0.18,0.44,-0.18,0.91,0.2,-0.18,0.33,-0.18,0.13
4.617999999999999,3.166842105263157,5.455263157894718,0.01,-0.5831578947368399,15.131578947368366,6.725526315789386,4.381684210526252,-4.7027368421051925,2.9658421052631176,5.84068421052629,-9.412894736842073,97.8607894736842,-12.2316842105263,98.623,0.8,0.48,0.03,0.48,0.49,0.9,0.85,0.04,0.85,0.39,1.2,0.66,0.02,0.66,0.8,2.1,1.29,0.0,1.29,1.71,1.2,0.19,0.16,0.19,1.12,1.3,0.96,0.19,0.96,0.85,1.9,-0.02,0.1,-0.02,1.63,2.1,-0.31,0.12,-0.31,2.05,2.2,-1.58,0.61,-1.58,1.52,0.4,-0.2,0.18,-0.2,0.31,1.0,-0.18,0.44,-0.18,0.91,0.2,-0.18,0.33,-0.18,0.13
4.667999999999999,3.263076923076921,6.816666666666639,0.02,-0.7658974358974322,18.6666666666666,10.64766666666659,7.6733076923076275,-4.500615384615394,-0.7581282051281247,8.036051282051238,-10.904871794871765,97.64915384615385,-13.557769230769205,98.58807692307693,0.7,0.47,0.05,0.47,0.44,1.0,0.89,0.03,0.89,0.32,1.1,0.65,0.08,0.65,0.76,2.1,1.38,0.06,1.38,1.58,1.1,0.19,0.24,0.19,0.87,1.4,1.12,0.11,1.12,0.75,1.9,0.0,0.06,0.0,1.71,2.1,-0.38,0.06,-0.38,2.1,2.2,-1.53,0.51,-1.53,1.51,0.4,-0.17,0.11,-0.17,0.39,1.0,-0.24,0.48,-0.24,0.97,0.3,-0.23,0.24,-0.23,0.13
4.717999999999999,3.374210526315787,8.159210526315759,0.02552631578947339,-0.9584210526315742,21.926315789473612,13.437473684210493,10.261894736842065,-3.757289473684237,-4.426526315789399,10.158289473684164,-12.248263157894709,97.49326315789475,-14.856684210526286,98.62049999999999,0.7,0.47,0.05,0.47,0.44,1.0,0.89,0.03,0.89,0.32,1.1,0.65,0.08,0.65,0.76,2.1,1.38,0.06,1.38,1.58,1.1,0.19,0.24,0.19,0.87,1.4,1.12,0.11,1.12,0.75,1.9,0.0,0.06,0.0,1.71,2.1,-0.38,0.06,-0.38,2.1,2.2,-1.53,0.51,-1.53,1.51,0.4,-0.17,0.11,-0.17,0.39,1.0,-0.24,0.48,-0.24,0.97,0.3,-0.23,0.24,-0.23,0.13
4.767999999999999,3.48815789473684,9.514473684210504,0.02131578947368444,-1.168947368421049,24.73684210526311,13.437578947368435,11.129184210526308,-1.81021052631583,-7.399263157894689,12.098631578947336,-13.264473684210511,97.4561052631579,-16.044578947368404,98.76894736842105,0.7,0.47,0.05,0.47,0.44,1.0,0.89,0.03,0.89,0.32,1.1,0.65,0.08,0.65,0.76,2.1,1.38,0.06,1.38,1.58,1.1,0.19,0.24,0.19,0.87,1.4,1.12,0.11,1.12,0.75,1.9,0.0,0.06,0.0,1.71,2.1,-0.38,0.06,-0.38,2.1,2.2,-1.53,0.51,-1.53,1.51,0.4,-0.17,0.11,-0.17,0.39,1.0,-0.24,0.48,-0.24,0.97,0.3,-0.23,0.24,-0.23,0.13
4.818,3.6079487179487173,10.864871794871787,0.021794871794871724,-1.3941025641025628,26.833333333333325,14.103641025641027,12.200923076923079,1.8529487179487056,-11.400358974358955,13.768333333333326,-13.822461538461535,96.92564102564103,-16.7201282051282,98.35799999999999,0.7,0.47,0.05,0.47,0.44,1.0,0.89,0.03,0.89,0.32,1.1,0.65,0.08,0.65,0.76,2.1,1.38,0.06,1.38,1.58,1.1,0.19,0.24,0.19,0.87,1.4,1.12,0.11,1.12,0.75,1.9,0.0,0.06,0.0,1.71,2.1,-0.38,0.06,-0.38,2.1,2.2,-1.53,0.51,-1.53,1.51,0.4,-0.17,0.11,-0.17,0.39,1.0,-0.24,0.48,-0.24,0.97,0.3,-0.23,0.24,-0.23,0.13
4.867999999999999,3.7326315789473674,12.197894736842096,0.03,-1.6447368421052615,28.515789473684197,13.824315789473687,11.893684210526319,3.9904736842105133,-14.948210526315766,15.074263157894729,-14.213368421052628,96.74815789473685,-17.6268947368421,98.34115789473684,0.7,0.47,0.05,0.47,0.44,1.0,0.89,0.03,0.89,0.32,1.1,0.6357894736842108,0.08947368421052615,0.6357894736842108,0.764736842105263,2.1,1.384736842105263,0.07421052631578921,1.384736842105263,1.570526315789474,1.1,0.17578947368421077,0.22578947368421076,0.17578947368421077,0.8368421052631585,1.4,1.1578947368421046,0.07684210526315849,1.1578947368421046,0.7263157894736846,1.9,0.04263157894736764,0.04578947368421078,0.04263157894736764,1.7478947368421045,2.1,-0.40368421052631537,0.06473684210526308,-0.40368421052631537,2.090526315789474,2.2,-1.53,0.51,-1.53,1.51,0.44736842105263075,-0.13684210526315851,0.07684210526315849,-0.13684210526315851,0.4231578947368415,1.0473684210526308,-0.2826315789473677,0.4989473684210523,-0.2826315789473677,0.9984210526315784,0.3,-0.2489473684210523,0.22105263157894772,-0.2489473684210523,0.11578947368421079
4.917999999999999,3.8668421052631556,13.545263157894714,0.03,-1.8999999999999957,30.068421052631557,13.384052631578955,11.44894736842106,5.561789473684188,-18.068473684210478,16.241894736842088,-14.540473684210522,96.61605263157895,-18.71242105263156,98.41247368421052,0.7,0.47,0.05,0.47,0.44,1.0,0.89,0.03,0.89,0.32,1.1,0.62,0.1,0.62,0.77,2.1,1.39,0.09,1.39,1.56,1.1,0.16,0.21,0.16,0.8,1.4,1.2,0.04,1.2,0.7,1.9,0.09,0.03,0.09,1.79,2.1,-0.43,0.07,-0.43,2.08,2.2,-1.53,0.51,-1.53,1.51,0.5,-0.1,0.04,-0.1,0.46,1.1,-0.33,0.52,-0.33,1.03,0.3,-0.27,0.2,-0.27,0.1
4.967999999999999,4.011578947368418,14.887368421052598,0.038947368421052966,-2.1721052631578877,30.63157894736841,12.763157894736873,11.173473684210542,5.429999999999899,-19.131578947368375,16.790263157894728,-14.575157894736845,96.4671052631579,-20.32184210526316,98.58394736842106,0.7,0.47,0.05,0.47,0.44,1.0,0.89,0.03,0.89,0.32,1.1,0.62,0.1,0.62,0.77,2.1,1.39,0.09,1.39,1.56,1.1,0.16,0.21,0.16,0.8,1.4,1.2,0.04,1.2,0.7,1.9,0.09,0.03,0.09,1.79,2.1,-0.43,0.07,-0.43,2.08,2.2,-1.53,0.51,-1.53,1.51,0.5,-0.1,0.04,-0.1,0.46,1.1,-0.33,0.52,-0.33,1.03,0.3,-0.27,0.2,-0.27,0.1
5.017999999999999,4.156315789473681,16.2294736842105,0.03,-2.456842105263152,30.85789473684211,11.674157894736858,10.560000000000011,9.020578947368366,-21.105473684210484,17.070315789473685,-14.41031578947369,96.15336842105263,-20.544578947368407,98.32410526315789,0.7,0.47,0.05,0.47,0.44,1.0,0.89,0.03,0.89,0.32,1.1,0.62,0.1,0.62,0.77,2.1,1.39,0.09,1.39,1.56,1.1,0.16,0.21,0.16,0.8,1.4,1.2,0.04,1.2,0.7,1.9,0.09,0.03,0.09,1.79,2.1,-0.43,0.07,-0.43,2.08,2.2,-1.53,0.51,-1.53,1.51,0.5,-0.1,0.04,-0.1,0.46,1.1,-0.33,0.52,-0.33,1.03,0.3,-0.27,0.2,-0.27,0.1
5.068,4.301052631578946,17.564210526315772,0.03,-2.7594736842105223,30.505263157894742,11.077789473684216,10.017421052631585,11.223210526315768,-23.29768421052629,16.994210526315793,-14.072578947368426,95.95884210526316,-21.510052631578933,98.34121052631579,0.7,0.47,0.05,0.47,0.44,1.0,0.89,0.03,0.89,0.32,1.1,0.62,0.1,0.62,0.77,2.1,1.39,0.09,1.39,1.56,1.1,0.16,0.21,0.16,0.8,1.4,1.2,0.04,1.2,0.7,1.9,0.09,0.03,0.09,1.79,2.1,-0.43,0.07,-0.43,2.08,2.2,-1.53,0.51,-1.53,1.51,0.5,-0.1,0.04,-0.1,0.46,1.1,-0.33,0.52,-0.33,1.03,0.3,-0.27,0.2,-0.27,0.1
5.117999999999999,4.456842105263157,18.903157894736836,0.029473684210526378,-3.0626315789473666,30.063157894736847,10.648473684210526,9.497894736842108,13.02615789473683,-25.437894736842104,16.80326315789474,-13.695684210526316,95.80215789473684,-22.70268421052631,98.45647368421052,0.7,0.47,0.051052631578947245,0.47,0.43894736842105275,0.9947368421052638,0.8894736842105264,0.028947368421052753,0.8894736842105264,0.3173684210526319,1.1,0.6189473684210528,0.09947368421052638,0.6189473684210528,0.7731578947368417,2.1,1.3889473684210527,0.09,1.3889473684210527,1.5621052631578944,1.0842105263157915,0.15947368421052638,0.22473684210526143,0.15947368421052638,0.784736842105265,1.405263157894736,1.2021052631578943,0.03842105263157913,1.2021052631578943,0.6994736842105264,1.905263157894736,0.0947368421052626,0.03210526315789449,0.0947368421052626,1.7952631578947362,2.1052631578947363,-0.4273684210526319,0.06842105263157913,-0.4273684210526319,2.0821052631578945,2.194736842105264,-1.5278947368421056,0.5042105263157901,-1.5278947368421056,1.5068421052631582,0.5,-0.09789473684210552,0.039473684210526376,-0.09789473684210552,0.46315789473684177,1.1,-0.33105263157894727,0.5205263157894736,-0.33105263157894727,1.0321052631578944,0.3,-0.2726315789473681,0.19684210526315826,-0.2726315789473681,0.0973684210526319
5.167999999999999,4.620526315789472,20.22842105263156,0.01631578947368441,-3.38210526315789,29.28947368421053,10.556842105263168,8.833210526315805,15.48684210526314,-25.31694736842105,16.17900000000001,-13.534631578947367,95.63647368421053,-23.787789473684196,98.55199999999999,0.7,0.47,0.07,0.47,0.42,0.9,0.88,0.01,0.88,0.27,1.1,0.6,0.09,0.6,0.83,2.1,1.37,0.09,1.37,1.6,0.8,0.15,0.49,0.15,0.51,1.5,1.24,0.01,1.24,0.69,2.0,0.18,0.07,0.18,1.89,2.2,-0.38,0.04,-0.38,2.12,2.1,-1.49,0.4,-1.49,1.45,0.5,-0.06,0.03,-0.06,0.52,1.1,-0.35,0.53,-0.35,1.07,0.3,-0.32,0.14,-0.32,0.05
5.217999999999999,4.772105263157891,21.544210526315755,0.01,-3.7178947368420965,28.96315789473685,9.615000000000029,7.692263157894769,17.043789473684164,-25.677736842105244,15.653263157894749,-13.625368421052627,95.30542105263159,-24.829578947368397,98.48863157894738,0.7,0.47,0.07,0.47,0.42,0.9,0.88,0.01,0.88,0.27,1.1,0.6,0.09,0.6,0.83,2.1,1.37,0.09,1.37,1.6,0.8,0.15,0.49,0.15,0.51,1.5,1.24,0.01,1.24,0.69,2.0,0.18,0.07,0.18,1.89,2.2,-0.38,0.04,-0.38,2.12,2.1,-1.49,0.4,-1.49,1.45,0.5,-0.06,0.03,-0.06,0.52,1.1,-0.35,0.53,-0.35,1.07,0.3,-0.32,0.14,-0.32,0.05
5.267999999999999,4.919999999999997,22.869999999999976,0.01,-4.069999999999994,28.800000000000004,8.614000000000019,6.448000000000023,20.91299999999992,-27.399999999999963,15.257000000000007,-13.782999999999996,95.213,-25.804999999999982,98.649,0.7,0.47,0.07,0.47,0.42,0.9,0.88,0.01,0.88,0.27,1.1,0.6,0.09,0.6,0.83,2.1,1.37,0.09,1.37,1.6,0.8,0.15,0.49,0.15,0.51,1.5,1.24,0.01,1.24,0.69,2.0,0.18,0.07,0.18,1.89,2.2,-0.38,0.04,-0.38,2.12,2.1,-1.49,0.4,-1.49,1.45,0.5,-0.06,0.03,-0.06,0.52,1.1,-0.35,0.53,-0.35,1.07,0.3,-0.32,0.14,-0.32,0.05
5.318,5.067631578947368,24.19868421052631,-0.003421052631578898,-4.445789473684209,29.002631578947366,7.412078947368426,4.930052631578953,20.31263157894736,-27.23250000000001,14.804605263157896,-14.362999999999998,95.32828947368421,-27.315631578947364,99.16705263157895,0.7,0.47,0.07,0.47,0.42,0.9,0.88,0.01,0.88,0.27,1.1,0.6,0.09,0.6,0.83,2.1,1.37,0.09,1.37,1.6,0.8,0.15,0.49,0.15,0.51,1.5,1.24,0.01,1.24,0.69,2.0,0.18,0.07,0.18,1.89,2.2,-0.38,0.04,-0.38,2.12,2.1,-1.49,0.4,-1.49,1.45,0.5,-0.06,0.03,-0.06,0.52,1.1,-0.35,0.53,-0.35,1.07,0.3,-0.32,0.14,-0.32,0.05
5.367999999999999,5.207567567567566,25.518918918918907,-0.01,-4.832702702702699,29.402702702702697,6.368675675675685,3.6062972972973095,21.98702702702701,-25.357837837837856,14.480405405405408,-14.947459459459454,95.3891891891892,-28.38664864864864,99.52572972972972,0.7,0.4632432432432434,0.07,0.4632432432432434,0.43351351351351325,0.9675675675675662,0.934054054054053,0.043783783783783135,0.934054054054053,0.215945945945947,1.1,0.5864864864864867,0.07648648648648675,0.5864864864864867,0.8772972972972964,2.032432432432434,1.3091891891891905,0.1372972972972964,1.3091891891891905,1.6,0.6648648648648674,0.16351351351351326,0.5643243243243229,0.16351351351351326,0.5437837837837831,1.5675675675675662,1.3278378378378362,0.10459459459459276,1.3278378378378362,0.7102702702702699,2.067567567567566,0.2543243243243229,0.09702702702702651,0.2543243243243229,1.923783783783783,2.2675675675675664,-0.33945945945946027,0.06702702702702651,-0.33945945945946027,2.207837837837836,1.9648648648648674,-1.381891891891894,0.23108108108108436,-1.381891891891894,1.3756756756756772,0.5675675675675662,-0.04648648648648675,0.07054054054053976,-0.04648648648648675,0.5470270270270265,1.1675675675675663,-0.3567567567567566,0.5232432432432434,-0.3567567567567566,1.09027027027027,0.36756756756756626,-0.36729729729729643,0.07918918918919036,-0.36729729729729643,0.022972972972973495
5.417999999999999,5.342702702702701,26.846486486486473,-0.02,-5.238378378378374,29.9054054054054,5.688027027027034,2.5111621621621723,21.561243243243254,-24.32527027027028,13.995351351351358,-15.419945945945942,95.33456756756757,-29.418270270270263,99.77072972972974,0.7,0.46,0.07,0.46,0.44,1.0,0.96,0.06,0.96,0.19,1.1,0.58,0.07,0.58,0.9,2.0,1.28,0.16,1.28,1.6,0.6,0.17,0.6,0.17,0.56,1.6,1.37,0.15,1.37,0.72,2.1,0.29,0.11,0.29,1.94,2.3,-0.32,0.08,-0.32,2.25,1.9,-1.33,0.15,-1.33,1.34,0.6,-0.04,0.09,-0.04,0.56,1.2,-0.36,0.52,-0.36,1.1,0.4,-0.39,0.05,-0.39,0.01
5.467999999999999,5.4740540540540525,28.170810810810796,-0.023783783783783614,-5.657297297297292,30.1,5.090135135135142,1.6619729729729806,20.474540540540552,-23.827324324324316,13.463297297297304,-15.609351351351352,95.1522972972973,-30.18432432432431,99.82683783783783,0.7,0.46,0.07,0.46,0.44,1.0,0.96,0.06,0.96,0.19,1.1,0.58,0.07,0.58,0.9,2.0,1.28,0.16,1.28,1.6,0.6,0.17,0.6,0.17,0.56,1.6,1.37,0.15,1.37,0.72,2.1,0.29,0.11,0.29,1.94,2.3,-0.32,0.08,-0.32,2.25,1.9,-1.33,0.15,-1.33,1.34,0.6,-0.04,0.09,-0.04,0.56,1.2,-0.36,0.52,-0.36,1.1,0.4,-0.39,0.05,-0.39,0.01
5.517999999999999,5.602972972972971,29.48783783783782,-0.03,-6.083513513513507,30.027027027027028,4.495648648648657,1.148945945945952,19.39367567567569,-24.413270270270264,12.932945945945953,-15.57691891891892,95.10624324324324,-31.276810810810794,100.11962162162162,0.7,0.46,0.07,0.46,0.44,1.0,0.96,0.06,0.96,0.19,1.1,0.58,0.07,0.58,0.9,2.0,1.28,0.16,1.28,1.6,0.6,0.17,0.6,0.17,0.56,1.6,1.37,0.15,1.37,0.72,2.1,0.29,0.11,0.29,1.94,2.3,-0.32,0.08,-0.32,2.25,1.9,-1.33,0.15,-1.33,1.34,0.6,-0.04,0.09,-0.04,0.56,1.2,-0.36,0.52,-0.36,1.1,0.4,-0.39,0.05,-0.39,0.01
5.567999999999999,5.7197297297297265,30.82486486486483,-0.041081081081080724,-6.534594594594584,29.878378378378383,3.8917567567567724,0.7360540540540573,18.297162162162188,-23.24029729729729,12.39594594594596,-15.41227027027028,95.05408108108108,-32.26183783783782,100.38405405405406,0.7,0.46,0.07,0.46,0.44,1.0,0.96,0.06,0.96,0.19,1.1,0.58,0.07,0.58,0.9,2.0,1.28,0.16,1.28,1.6,0.6,0.17,0.6,0.17,0.56,1.6,1.37,0.15,1.37,0.72,2.1,0.29,0.11,0.29,1.94,2.3,-0.32,0.08,-0.32,2.25,1.9,-1.33,0.15,-1.33,1.34,0.6,-0.04,0.09,-0.04,0.56,1.2,-0.36,0.52,-0.36,1.1,0.4,-0.39,0.05,-0.39,0.01
5.617999999999999,5.833055555555555,32.143333333333324,-0.05,-6.985277777777775,28.94444444444446,3.2946944444444486,0.6299166666666671,17.212166666666675,-23.61533333333333,11.864361111111114,-15.034305555555557,94.84652777777778,-33.20880555555555,100.49591666666666,0.7,0.46,0.07,0.46,0.44,1.0,0.96,0.06,0.96,0.19,1.1,0.58,0.07,0.58,0.9,2.0,1.28,0.16,1.28,1.6,0.6,0.17,0.6,0.17,0.56,1.6,1.37,0.15,1.37,0.72,2.1,0.29,0.11,0.29,1.94,2.3,-0.32,0.08,-0.32,2.25,1.9,-1.33,0.15,-1.33,1.34,0.6,-0.04,0.09,-0.04,0.56,1.2,-0.36,0.52,-0.36,1.1,0.4,-0.39,0.05,-0.39,0.01
5.667999999999999,5.928648648648647,33.44594594594592,-0.05,-7.463243243243234,26.340540540540598,2.7312162162162266,0.5979729729729731,16.13664864864867,-24.47154054054052,11.425081081081089,-14.669000000000008,94.758,-34.626999999999974,100.88854054054053,0.7,0.46,0.07,0.46,0.44,1.0,0.96,0.06,0.96,0.19,1.1,0.58,0.07,0.58,0.9,2.0,1.28,0.16,1.28,1.6,0.6,0.17,0.6,0.17,0.56,1.6,1.37,0.15,1.37,0.72,2.1,0.29,0.11,0.29,1.94,2.3,-0.32,0.08,-0.32,2.25,1.9,-1.33,0.15,-1.33,1.34,0.6,-0.04,0.09,-0.04,0.56,1.2,-0.36,0.52,-0.36,1.1,0.4,-0.39,0.05,-0.39,0.01
5.717999999999999,6.021111111111109,34.761111111111084,-0.06,-7.94999999999999,25.844444444444438,2.4166666666666723,0.7215555555555526,15.157555555555575,-25.551444444444442,11.62955555555555,-14.407333333333337,94.70733333333334,-35.57966666666665,101.172,0.7,0.46,0.07,0.46,0.44,1.0,0.96,0.06,0.96,0.19,1.1,0.58,0.07,0.58,0.9,2.0,1.28,0.16,1.28,1.6,0.6,0.17,0.6,0.17,0.56,1.6,1.37,0.15,1.37,0.72,2.1,0.29,0.11,0.29,1.94,2.3,-0.32,0.08,-0.32,2.25,1.9,-1.33,0.15,-1.33,1.34,0.6,-0.04,0.09,-0.04,0.56,1.2,-0.36,0.52,-0.36,1.1,0.4,-0.39,0.05,-0.39,0.01
5.767999999999999,6.090555555555554,36.07444444444441,-0.06,-8.449999999999987,26.122222222222213,2.177333333333338,0.8968888888888835,14.309000000000019,-26.007555555555538,11.961333333333323,-14.320944444444445,94.43116666666667,-36.38861111111109,101.20088888888888,0.7,0.46,0.07,0.46,0.44,1.0,0.96,0.06,0.96,0.19,1.1,0.58,0.07,0.58,0.9,2.0,1.28,0.16,1.28,1.6,0.6,0.17,0.6,0.17,0.56,1.6,1.37,0.15,1.37,0.72,2.1,0.29,0.11,0.29,1.94,2.3,-0.32,0.08,-0.32,2.25,1.9,-1.33,0.15,-1.33,1.34,0.6,-0.04,0.09,-0.04,0.56,1.2,-0.36,0.52,-0.36,1.1,0.4,-0.39,0.05,-0.39,0.01
5.817999999999999,6.169999999999998,37.37999999999998,-0.06,-8.94999999999999,26.299999999999997,2.092000000000001,1.166999999999995,13.865000000000006,-27.594999999999963,12.45899999999999,-14.355999999999998,94.141,-37.05399999999999,101.172,0.7,0.46,0.07,0.46,0.44,1.0,0.96,0.06,0.96,0.19,1.1,0.58,0.07,0.58,0.9,2.0,1.28,0.16,1.28,1.6,0.6,0.17,0.6,0.17,0.56,1.6,1.37,0.15,1.37,0.72,2.1,0.29,0.11,0.29,1.94,2.3,-0.32,0.08,-0.32,2.25,1.9,-1.33,0.15,-1.33,1.34,0.6,-0.04,0.09,-0.04,0.56,1.2,-0.36,0.52,-0.36,1.1,0.4,-0.39,0.05,-0.39,0.01
5.867999999999999,6.211666666666667,38.67166666666665,-0.07388888888888875,-9.477777777777773,27.572222222222212,2.074944444444444,1.240944444444444,13.623611111111112,-27.53872222222222,12.998833333333328,-14.661388888888887,94.091,-38.00466666666666,101.478,0.7,0.4677777777777775,0.05055555555555624,0.4677777777777775,0.45944444444444377,1.0,0.9638888888888887,0.05611111111111125,0.9638888888888887,0.17055555555555624,1.1,0.5722222222222225,0.07,0.5722222222222225,0.915555555555555,2.0388888888888874,1.264444444444445,0.15611111111111126,1.264444444444445,1.615555555555555,0.833333333333325,0.2866666666666625,0.37055555555556363,0.2866666666666625,0.731111111111105,1.6388888888888875,1.3972222222222213,0.17722222222222125,1.3972222222222213,0.7472222222222212,2.1388888888888875,0.32499999999999873,0.15277777777777626,0.32499999999999873,1.9827777777777762,2.2611111111111124,-0.19555555555555995,0.052777777777778735,-0.19555555555555995,2.234444444444445,1.8611111111111125,-1.3416666666666663,0.09555555555555748,-1.3416666666666663,1.27777777777778,0.6,-0.09833333333333127,0.12111111111111002,-0.09833333333333127,0.575555555555555,1.2,-0.37944444444444375,0.4811111111111125,-0.37944444444444375,1.0883333333333338,0.477777777777775,-0.4483333333333313,0.08111111111111002,-0.4483333333333313,0.02944444444444376
5.917999999999999,6.254,39.98399999999999,-0.08799999999999984,-10.013999999999994,28.479999999999993,2.1391999999999993,1.2420000000000004,13.6132,-27.972799999999996,13.525399999999994,-14.962799999999998,93.982,-38.90079999999999,101.7174,0.7,0.48,0.02,0.48,0.49,1.0,0.97,0.05,0.97,0.14,1.1,0.56,0.07,0.56,0.94,2.1,1.24,0.15,1.24,1.64,1.2,0.47,0.01,0.47,1.0,1.7,1.44,0.22,1.44,0.79,2.2,0.38,0.22,0.38,2.05,2.2,0.0,0.01,0.0,2.21,1.8,-1.36,0.01,-1.36,1.18,0.6,-0.19,0.17,-0.19,0.6,1.2,-0.41,0.42,-0.41,1.07,0.6,-0.54,0.13,-0.54,0.06
5.967999999999999,6.282222222222222,41.29444444444442,-0.09222222222222194,-10.566666666666656,29.088888888888878,2.0630000000000015,0.9660000000000042,13.265111111111068,-27.98911111111107,13.896222222222214,-15.217444444444443,93.77966666666667,-39.69466666666665,101.83711111111111,0.7,0.48,0.02,0.48,0.49,1.0,0.97,0.05,0.97,0.14,1.1,0.56,0.07,0.56,0.94,2.1,1.24,0.15,1.24,1.64,1.2,0.47,0.01,0.47,1.0,1.7,1.44,0.22,1.44,0.79,2.2,0.38,0.22,0.38,2.05,2.2,0.0,0.01,0.0,2.21,1.8,-1.36,0.01,-1.36,1.18,0.6,-0.19,0.17,-0.19,0.6,1.2,-0.41,0.42,-0.41,1.07,0.6,-0.54,0.13,-0.54,0.06
6.017999999999999,6.296285714285714,42.58828571428568,-0.1,-11.115142857142844,29.58857142857142,1.9355142857142897,0.8017428571428593,14.904371428571409,-29.56325714285712,14.31217142857142,-15.306514285714284,93.79951428571428,-40.63005714285712,102.22351428571427,0.7,0.48,0.02,0.48,0.49,1.0,0.97,0.05,0.97,0.14,1.1,0.56,0.07,0.56,0.94,2.1,1.24,0.15,1.24,1.64,1.2,0.47,0.01,0.47,1.0,1.7,1.44,0.22,1.44,0.79,2.2,0.38,0.22,0.38,2.05,2.2,0.0,0.01,0.0,2.21,1.8,-1.36,0.01,-1.36,1.18,0.6,-0.19,0.17,-0.19,0.6,1.2,-0.41,0.42,-0.41,1.07,0.6,-0.54,0.13,-0.54,0.06
6.067999999999999,6.299428571428572,43.891999999999975,-0.11,-11.683428571428559,30.011428571428564,1.5948571428571547,0.8075714285714249,13.566142857142887,-29.026342857142865,14.70119999999999,-15.324228571428577,93.84014285714288,-41.73537142857142,102.70360000000001,0.7,0.48,0.02,0.48,0.49,1.0,0.97,0.05,0.97,0.14,1.1,0.56,0.07,0.56,0.94,2.1,1.24,0.15,1.24,1.64,1.2,0.47,0.01,0.47,1.0,1.7,1.44,0.22,1.44,0.79,2.2,0.38,0.22,0.38,2.05,2.2,0.0,0.01,0.0,2.21,1.8,-1.36,0.01,-1.36,1.18,0.6,-0.19,0.17,-0.19,0.6,1.2,-0.41,0.42,-0.41,1.07,0.6,-0.54,0.13,-0.54,0.06
6.1179999999999986,6.285,45.19999999999997,-0.1149999999999996,-12.274999999999984,30.2,1.0635000000000143,0.9709999999999958,12.551000000000005,-29.24299999999997,15.198999999999987,-15.100500000000007,93.379,-42.130499999999984,102.44500000000001,0.7,0.48,0.02,0.48,0.49,1.0,0.994999999999998,0.06499999999999882,0.994999999999998,0.1250000000000012,1.1,0.5649999999999996,0.07499999999999961,0.5649999999999996,0.9350000000000004,2.050000000000004,1.190000000000004,0.19499999999999645,1.190000000000004,1.6100000000000023,1.0500000000000118,0.4050000000000051,0.12499999999999097,0.4050000000000051,0.8950000000000082,1.799999999999992,1.5149999999999941,0.2849999999999949,1.5149999999999941,0.8149999999999981,2.2,0.3999999999999984,0.23999999999999844,0.3999999999999984,2.074999999999998,2.150000000000004,0.04999999999999608,0.044999999999997264,0.04999999999999608,2.1650000000000036,1.8,-1.3649999999999998,0.049999999999996866,-1.3649999999999998,1.1250000000000042,0.649999999999996,-0.21499999999999803,0.17999999999999922,-0.21499999999999803,0.6049999999999995,1.150000000000004,-0.41,0.39500000000000196,-0.41,1.0650000000000004,0.6,-0.5649999999999981,0.15499999999999803,-0.5649999999999981,0.055000000000000396
6.167999999999999,6.2705714285714285,46.49857142857141,-0.12942857142857125,-12.85714285714285,30.011428571428574,0.5453428571428638,1.109914285714284,13.01802857142856,-30.966342857142827,15.741114285714279,-14.793800000000005,93.18185714285715,-42.93859999999999,102.6022,0.7,0.48,0.02,0.48,0.49,1.0,1.02,0.08,1.02,0.11,1.1,0.57,0.08,0.57,0.93,2.0,1.14,0.24,1.14,1.58,0.9,0.34,0.24,0.34,0.79,1.9,1.59,0.35,1.59,0.84,2.2,0.42,0.26,0.42,2.1,2.1,0.1,0.08,0.1,2.12,1.8,-1.37,0.09,-1.37,1.07,0.7,-0.24,0.19,-0.24,0.61,1.1,-0.41,0.37,-0.41,1.06,0.6,-0.59,0.18,-0.59,0.05
6.217999999999999,6.252777777777778,47.812222222222196,-0.14361111111111088,-13.468888888888879,29.763888888888893,0.02719444444445296,1.0134166666666689,13.857777777777764,-30.94972222222223,16.298916666666656,-14.630750000000003,93.29016666666666,-43.93752777777777,103.12436111111111,0.7,0.48,0.02,0.48,0.49,1.0,1.02,0.08,1.02,0.11,1.1,0.57,0.08,0.57,0.93,2.0,1.14,0.24,1.14,1.58,0.9,0.34,0.24,0.34,0.79,1.9,1.59,0.35,1.59,0.84,2.2,0.42,0.26,0.42,2.1,2.1,0.1,0.08,0.1,2.12,1.8,-1.37,0.09,-1.37,1.07,0.7,-0.24,0.19,-0.24,0.61,1.1,-0.41,0.37,-0.41,1.06,0.6,-0.59,0.18,-0.59,0.05
6.267999999999999,6.224571428571429,49.10971428571426,-0.15771428571428547,-14.08942857142856,29.931428571428565,-0.4883428571428481,0.8622000000000029,14.6926857142857,-30.373085714285725,16.85317142857142,-14.448000000000004,93.25557142857143,-44.79417142857142,103.46034285714285,0.7,0.48,0.02,0.48,0.49,1.0,1.02,0.08,1.02,0.11,1.1,0.57,0.08,0.57,0.93,2.0,1.14,0.24,1.14,1.58,0.9,0.34,0.24,0.34,0.79,1.9,1.59,0.35,1.59,0.84,2.2,0.42,0.26,0.42,2.1,2.1,0.1,0.08,0.1,2.12,1.8,-1.37,0.09,-1.37,1.07,0.7,-0.24,0.19,-0.24,0.61,1.1,-0.41,0.37,-0.41,1.06,0.6,-0.59,0.18,-0.59,0.05
6.317999999999999,6.186666666666667,50.38333333333329,-0.17166666666666627,-14.704999999999982,31.383333333333336,-0.8928333333333451,0.654666666666672,15.473166666666655,-30.14599999999999,17.36816666666666,-14.176166666666678,93.447,-45.41483333333331,103.9035,0.7,0.48,0.02,0.48,0.49,1.0,1.02,0.08,1.02,0.11,1.1,0.57,0.08,0.57,0.93,2.0,1.14,0.24,1.14,1.58,0.9,0.34,0.24,0.34,0.79,1.9,1.59,0.35,1.59,0.84,2.2,0.42,0.26,0.42,2.1,2.1,0.1,0.08,0.1,2.12,1.8,-1.37,0.09,-1.37,1.07,0.7,-0.24,0.19,-0.24,0.61,1.1,-0.41,0.37,-0.41,1.06,0.6,-0.59,0.18,-0.59,0.05
6.3679999999999986,6.152857142857144,51.67571428571425,-0.19142857142857064,-15.337142857142839,31.242857142857147,-0.42628571428573003,0.41828571428572336,15.831999999999992,-30.322857142857146,17.575428571428567,-13.796714285714295,93.20471428571429,-46.03157142857141,103.96071428571429,0.7,0.4857142857142853,0.02,0.4857142857142853,0.48428571428571465,1.0,1.02,0.07428571428571469,1.02,0.08714285714285874,1.1,0.57,0.10285714285714126,0.57,0.9071428571428588,1.9428571428571468,1.0714285714285763,0.2799999999999972,1.0714285714285763,1.5571428571428587,0.9,0.2600000000000056,0.21714285714285875,0.2600000000000056,0.8414285714285679,1.8428571428571467,1.572857142857144,0.3214285714285734,1.572857142857144,0.8799999999999972,2.257142857142853,0.4314285714285706,0.2885714285714266,0.4314285714285706,2.134285714285712,1.9857142857142938,0.14571428571428252,0.18285714285713567,0.14571428571428252,2.0057142857142938,1.8,-1.37,0.09571428571428532,-1.37,1.0814285714285707,0.7,-0.2114285714285734,0.20142857142857062,-0.2114285714285734,0.6328571428571412,1.1571428571428533,-0.44428571428571184,0.36428571428571466,-0.44428571428571184,1.0657142857142854,0.6,-0.6071428571428559,0.19714285714285595,-0.6071428571428559,0.03857142857142937
6.417999999999999,6.120000000000001,52.979999999999976,-0.20999999999999974,-15.989999999999988,31.2,0.13299999999999013,-0.037999999999990874,16.153999999999993,-29.792000000000016,17.750999999999998,-13.453000000000005,93.135,-46.53799999999999,104.125,0.7,0.49,0.02,0.49,0.48,1.0,1.02,0.07,1.02,0.07,1.1,0.57,0.12,0.57,0.89,1.9,1.02,0.31,1.02,1.54,0.9,0.2,0.2,0.2,0.88,1.8,1.56,0.3,1.56,0.91,2.3,0.44,0.31,0.44,2.16,1.9,0.18,0.26,0.18,1.92,1.8,-1.37,0.1,-1.37,1.09,0.7,-0.19,0.21,-0.19,0.65,1.2,-0.47,0.36,-0.47,1.07,0.6,-0.62,0.21,-0.62,0.03
6.467999999999999,6.0875,54.26916666666664,-0.22416666666666638,-16.63583333333332,31.058333333333337,0.38283333333333364,-0.8074166666666518,16.803166666666645,-29.932166666666653,17.820249999999998,-13.208916666666669,92.979,-47.17158333333332,104.26941666666666,0.7,0.49,0.02,0.49,0.48,1.0,1.02,0.07,1.02,0.07,1.1,0.57,0.12,0.57,0.89,1.9,1.02,0.31,1.02,1.54,0.9,0.2,0.2,0.2,0.88,1.8,1.56,0.3,1.56,0.91,2.3,0.44,0.31,0.44,2.16,1.9,0.18,0.26,0.18,1.92,1.8,-1.37,0.1,-1.37,1.09,0.7,-0.19,0.21,-0.19,0.65,1.2,-0.47,0.36,-0.47,1.07,0.6,-0.62,0.21,-0.62,0.03
6.517999999999999,6.045142857142858,55.54571428571426,-0.24657142857142794,-17.299428571428557,31.0,0.14251428571429453,-1.505057142857128,18.256999999999962,-30.55651428571427,17.897599999999997,-13.087114285714287,92.91582857142858,-47.869799999999984,104.53371428571428,0.7,0.49,0.02,0.49,0.48,1.0,1.02,0.07,1.02,0.07,1.1,0.57,0.12,0.57,0.89,1.9,1.02,0.31,1.02,1.54,0.9,0.2,0.2,0.2,0.88,1.8,1.56,0.3,1.56,0.91,2.3,0.44,0.31,0.44,2.16,1.9,0.18,0.26,0.18,1.92,1.8,-1.37,0.1,-1.37,1.09,0.7,-0.19,0.21,-0.19,0.65,1.2,-0.47,0.36,-0.47,1.07,0.6,-0.62,0.21,-0.62,0.03
6.567999999999999,6.014857142857143,56.843999999999966,-0.2651428571428563,-17.970857142857124,31.025714285714283,-0.8312857142856832,-2.098199999999984,20.380714285714223,-29.428628571428558,17.829314285714286,-13.16834285714285,92.80625714285713,-48.44219999999998,104.69911428571429,0.7,0.49,0.02,0.49,0.48,1.0,1.02,0.07,1.02,0.07,1.1,0.57,0.12,0.57,0.89,1.9,1.02,0.31,1.02,1.54,0.9,0.2,0.2,0.2,0.88,1.8,1.56,0.3,1.56,0.91,2.3,0.44,0.31,0.44,2.16,1.9,0.18,0.26,0.18,1.92,1.8,-1.37,0.1,-1.37,1.09,0.7,-0.19,0.21,-0.19,0.65,1.2,-0.47,0.36,-0.47,1.07,0.6,-0.62,0.21,-0.62,0.03
6.6179999999999986,5.979428571428572,58.13714285714283,-0.293714285714285,-18.6422857142857,31.1,-1.9741428571428266,-2.631342857142844,22.26979999999996,-30.036628571428555,17.689371428571434,-13.434914285714278,92.83922857142856,-49.22682857142855,105.09534285714285,0.7,0.49,0.02,0.49,0.48,1.0,1.006285714285715,0.049428571428572494,1.006285714285715,0.049428571428572494,1.031428571428575,0.57,0.1268571428571425,0.57,0.8694285714285724,1.76285714285715,0.8348571428571525,0.4265714285714225,0.8348571428571525,1.4988571428571449,0.9685714285714251,0.32342857142856507,0.131428571428575,0.32342857142856507,0.893714285714285,1.8,1.5257142857142876,0.26571428571428746,1.5257142857142876,0.951142857142855,2.3,0.4468571428571425,0.323714285714285,0.4468571428571425,2.1805714285714277,1.831428571428575,0.2554285714285675,0.3217142857142825,0.2554285714285675,1.8308571428571474,1.8,-1.383714285714285,0.08628571428571499,-1.383714285714285,1.1242857142857126,0.7,-0.1282857142857175,0.23057142857142748,-0.1282857142857175,0.6842857142857125,1.2,-0.55228571428571,0.34628571428571503,-0.55228571428571,1.056285714285715,0.6,-0.6268571428571426,0.2168571428571425,-0.6268571428571426,0.043714285714285005
6.667999999999999,5.93657142857143,59.42285714285713,-0.312285714285714,-19.33485714285714,31.08857142857143,-3.4595428571428437,-3.138628571428569,23.053542857142833,-29.777600000000017,17.321000000000005,-13.827599999999997,92.93048571428571,-50.30425714285713,105.68671428571429,0.7,0.49,0.02,0.49,0.48,1.0,1.0,0.04,1.0,0.04,1.0,0.57,0.13,0.57,0.86,1.7,0.75,0.48,0.75,1.48,1.0,0.38,0.1,0.38,0.9,1.8,1.51,0.25,1.51,0.97,2.3,0.45,0.33,0.45,2.19,1.8,0.29,0.35,0.29,1.79,1.8,-1.39,0.08,-1.39,1.14,0.7,-0.1,0.24,-0.1,0.7,1.2,-0.59,0.34,-0.59,1.05,0.6,-0.63,0.22,-0.63,0.05
6.717999999999999,5.893235294117647,60.71735294117645,-0.3411764705882349,-20.039411764705875,30.720588235294127,-4.828323529411748,-3.3961470588235265,24.57655882352941,-28.278911764705896,16.664823529411777,-14.142499999999998,92.97579411764706,-51.16791176470587,106.13826470588235,0.7,0.49,0.02,0.49,0.48,1.0,1.0,0.04,1.0,0.04,1.0,0.57,0.13,0.57,0.86,1.7,0.75,0.48,0.75,1.48,1.0,0.38,0.1,0.38,0.9,1.8,1.51,0.25,1.51,0.97,2.3,0.45,0.33,0.45,2.19,1.8,0.29,0.35,0.29,1.79,1.8,-1.39,0.08,-1.39,1.14,0.7,-0.1,0.24,-0.1,0.7,1.2,-0.59,0.34,-0.59,1.05,0.6,-0.63,0.22,-0.63,0.05
6.767999999999999,5.8500000000000005,61.99999999999998,-0.3599999999999997,-20.759999999999987,29.80000000000002,-5.865999999999983,-3.5689999999999973,22.766000000000044,-28.002,15.66100000000002,-14.241,92.937,-52.003999999999984,106.507,0.7,0.49,0.02,0.49,0.48,1.0,1.0,0.04,1.0,0.04,1.0,0.57,0.13,0.57,0.86,1.7,0.75,0.48,0.75,1.48,1.0,0.38,0.1,0.38,0.9,1.8,1.51,0.25,1.51,0.97,2.3,0.45,0.33,0.45,2.19,1.8,0.29,0.35,0.29,1.79,1.8,-1.39,0.08,-1.39,1.14,0.7,-0.1,0.24,-0.1,0.7,1.2,-0.59,0.34,-0.59,1.05,0.6,-0.63,0.22,-0.63,0.05
6.817999999999999,5.806285714285715,63.29685714285712,-0.3845714285714283,-21.488571428571415,28.580000000000016,-6.258199999999998,-3.886657142857135,23.078485714285705,-29.014542857142846,14.604828571428591,-14.090314285714287,92.89442857142856,-52.60422857142855,106.76811428571428,0.7,0.49,0.02,0.49,0.48,1.0,1.0,0.04,1.0,0.04,1.0,0.57,0.13,0.57,0.86,1.7,0.75,0.48,0.75,1.48,1.0,0.38,0.1,0.38,0.9,1.8,1.51,0.25,1.51,0.97,2.3,0.45,0.33,0.45,2.19,1.8,0.29,0.35,0.29,1.79,1.8,-1.39,0.08,-1.39,1.14,0.7,-0.1,0.24,-0.1,0.7,1.2,-0.59,0.34,-0.59,1.05,0.6,-0.63,0.22,-0.63,0.05
6.8679999999999986,5.753529411764708,64.59147058823525,-0.408235294117646,-22.224999999999973,27.652941176470623,-6.214294117647064,-4.378529411764686,23.13502941176471,-29.182264705882353,13.654411764705916,-14.06829411764706,92.9745588235294,-53.655470588235254,107.35885294117645,0.7,0.49,0.02,0.49,0.48,1.0,1.0,0.04,1.0,0.04,1.0,0.57,0.13,0.57,0.86,1.7,0.75,0.48,0.75,1.48,1.0,0.38,0.1,0.38,0.9,1.8,1.51,0.25,1.51,0.97,2.3,0.45,0.33,0.45,2.19,1.8,0.29,0.35,0.29,1.79,1.8,-1.39,0.08,-1.39,1.14,0.7,-0.1,0.24,-0.1,0.7,1.2,-0.59,0.34,-0.59,1.05,0.6,-0.63,0.22,-0.63,0.05
6.917999999999999,5.704705882352942,65.88647058823527,-0.4276470588235289,-22.978823529411752,27.261764705882356,-6.328647058823532,-4.95229411764705,19.54352941176475,-30.028441176470572,13.185264705882357,-14.178676470588233,92.96323529411765,-54.399441176470575,107.72182352941176,0.7,0.49,0.02,0.49,0.48,1.0,1.0,0.04,1.0,0.04,1.0,0.57,0.13,0.57,0.86,1.7,0.75,0.48,0.75,1.48,1.0,0.38,0.1,0.38,0.9,1.8,1.51,0.25,1.51,0.97,2.3,0.45,0.33,0.45,2.19,1.8,0.29,0.35,0.29,1.79,1.8,-1.39,0.08,-1.39,1.14,0.7,-0.1,0.24,-0.1,0.7,1.2,-0.59,0.34,-0.59,1.05,0.6,-0.63,0.22,-0.63,0.05
6.967999999999999,5.654411764705883,67.1805882352941,-0.4570588235294113,-23.734999999999985,27.28529411764706,-6.152617647058827,-5.402264705882346,17.66373529411767,-30.74561764705881,13.023235294117649,-14.372235294117644,92.89152941176471,-54.988794117647046,107.96008823529411,0.7,0.49,0.02,0.49,0.48,1.0,1.0,0.04,1.0,0.04,1.0,0.57,0.13,0.57,0.86,1.7,0.75,0.48,0.75,1.48,1.0,0.38,0.1,0.38,0.9,1.8,1.51,0.25,1.51,0.97,2.3,0.45,0.33,0.45,2.19,1.8,0.29,0.35,0.29,1.79,1.8,-1.39,0.08,-1.39,1.14,0.7,-0.1,0.24,-0.1,0.7,1.2,-0.59,0.34,-0.59,1.05,0.6,-0.63,0.22,-0.63,0.05
7.017999999999999,5.6074285714285725,68.46342857142855,-0.4762857142857138,-24.503428571428557,27.757142857142846,-6.1948571428571455,-5.531085714285716,15.852142857142875,-31.636999999999976,13.244857142857137,-14.691857142857138,92.82611428571428,-55.64305714285713,108.24017142857141,0.7,0.49,0.02,0.49,0.48,1.0,1.0,0.04,1.0,0.04,1.0,0.57,0.13,0.57,0.86,1.7,0.75,0.48,0.75,1.48,1.0,0.38,0.1,0.38,0.9,1.8,1.51,0.25,1.51,0.97,2.3,0.45,0.33,0.45,2.19,1.8,0.29,0.35,0.29,1.79,1.8,-1.39,0.08,-1.39,1.14,0.7,-0.1,0.24,-0.1,0.7,1.2,-0.59,0.34,-0.59,1.05,0.6,-0.63,0.22,-0.63,0.05
7.067999999999999,5.5563636363636375,69.7533333333333,-0.4978787878787875,-25.277575757575736,28.651515151515124,-5.929272727272736,-5.338000000000007,14.98512121212123,-32.96099999999996,13.704181818181803,-15.07833333333332,92.92751515151515,-56.139424242424234,108.5871515151515,0.7,0.49,0.02,0.49,0.48,1.0,1.0,0.04,1.0,0.04,1.0,0.57,0.13,0.57,0.86,1.7,0.75,0.48,0.75,1.48,1.0,0.38,0.1,0.38,0.9,1.8,1.51,0.25,1.51,0.97,2.3,0.45,0.33,0.45,2.19,1.8,0.29,0.35,0.29,1.79,1.8,-1.39,0.08,-1.39,1.14,0.7,-0.1,0.24,-0.1,0.7,1.2,-0.59,0.34,-0.59,1.05,0.6,-0.63,0.22,-0.63,0.05
7.1179999999999986,5.512058823529412,71.04029411764702,-0.527941176470587,-26.062941176470567,29.80588235294116,-5.411882352941195,-5.183205882352938,14.601941176470593,-33.285588235294114,14.317117647058808,-15.656235294117632,92.85867647058824,-56.707529411764696,108.82667647058824,0.7,0.487352941176471,0.017352941176470994,0.487352941176471,0.487941176470587,0.97352941176471,0.968235294117652,0.04,0.968235294117652,0.07441176470587706,1.0,0.575294117647058,0.127352941176471,0.575294117647058,0.857352941176471,1.6205882352941299,0.6838235294117749,0.530294117647051,0.6838235294117749,1.432352941176478,1.02647058823529,0.40911764705881903,0.07352941176470995,0.40911764705881903,0.910588235294116,1.82647058823529,1.51,0.263235294117645,1.51,0.993823529411761,2.32647058823529,0.452647058823529,0.335294117647058,0.452647058823529,2.203235294117645,1.77352941176471,0.31911764705881907,0.381764705882348,0.31911764705881907,1.745000000000007,1.82647058823529,-1.387352941176471,0.072058823529413,-1.387352941176471,1.16647058823529,0.72647058823529,-0.07617647058823895,0.253235294117645,-0.07617647058823895,0.715882352941174,1.22647058823529,-0.611176470588232,0.35323529411764504,-0.611176470588232,1.068529411764703,0.6,-0.622058823529413,0.214705882352942,-0.622058823529413,0.052647058823529005
7.167999999999998,5.467272727272729,72.33151515151512,-0.5651515151515141,-26.869090909090882,30.40303030303028,-4.71584848484851,-5.327212121212114,14.417939393939399,-33.44530303030302,14.874515151515132,-16.17178787878786,92.74666666666667,-57.020363636363626,108.89421212121212,0.7,0.48,0.01,0.48,0.51,0.9,0.88,0.04,0.88,0.17,1.0,0.59,0.12,0.59,0.85,1.4,0.5,0.67,0.5,1.3,1.1,0.49,0.0,0.49,0.94,1.9,1.51,0.3,1.51,1.06,2.4,0.46,0.35,0.46,2.24,1.7,0.4,0.47,0.4,1.62,1.9,-1.38,0.05,-1.38,1.24,0.8,-0.01,0.29,-0.01,0.76,1.3,-0.67,0.39,-0.67,1.12,0.6,-0.6,0.2,-0.6,0.06
7.217999999999999,5.425294117647059,73.61470588235292,-0.5947058823529406,-27.6670588235294,30.9235294117647,-4.078647058823534,-5.514647058823527,14.42547058823528,-33.600941176470585,15.357176470588232,-16.667058823529405,92.64305882352942,-57.27158823529411,108.93729411764706,0.7,0.48,0.01,0.48,0.51,0.9,0.88,0.04,0.88,0.17,1.0,0.59,0.12,0.59,0.85,1.4,0.5,0.67,0.5,1.3,1.1,0.49,0.0,0.49,0.94,1.9,1.51,0.3,1.51,1.06,2.4,0.46,0.35,0.46,2.24,1.7,0.4,0.47,0.4,1.62,1.9,-1.38,0.05,-1.38,1.24,0.8,-0.01,0.29,-0.01,0.76,1.3,-0.67,0.39,-0.67,1.12,0.6,-0.6,0.2,-0.6,0.06
7.267999999999999,5.3954545454545455,74.90545454545452,-0.6245454545454538,-28.472727272727255,31.07272727272727,-3.8965454545454574,-5.703363636363632,15.449999999999973,-33.7590909090909,15.497090909090906,-17.16763636363635,92.59363636363636,-57.427818181818175,108.98427272727272,0.7,0.48,0.01,0.48,0.51,0.9,0.88,0.04,0.88,0.17,1.0,0.59,0.12,0.59,0.85,1.4,0.5,0.67,0.5,1.3,1.1,0.49,0.0,0.49,0.94,1.9,1.51,0.3,1.51,1.06,2.4,0.46,0.35,0.46,2.24,1.7,0.4,0.47,0.4,1.62,1.9,-1.38,0.05,-1.38,1.24,0.8,-0.01,0.29,-0.01,0.76,1.3,-0.67,0.39,-0.67,1.12,0.6,-0.6,0.2,-0.6,0.06
7.317999999999999,5.375757575757577,76.19242424242421,-0.6642424242424235,-29.274545454545432,31.35454545454541,-3.8566666666666554,-5.891727272727268,16.62451515151512,-33.91627272727272,15.53724242424243,-17.66563636363635,92.58769696969696,-57.74303030303027,109.1522727272727,0.7,0.48,0.01,0.48,0.51,0.9,0.88,0.04,0.88,0.17,1.0,0.59,0.12,0.59,0.85,1.4,0.5,0.67,0.5,1.3,1.1,0.49,0.0,0.49,0.94,1.9,1.51,0.3,1.51,1.06,2.4,0.46,0.35,0.46,2.24,1.7,0.4,0.47,0.4,1.62,1.9,-1.38,0.05,-1.38,1.24,0.8,-0.01,0.29,-0.01,0.76,1.3,-0.67,0.39,-0.67,1.12,0.6,-0.6,0.2,-0.6,0.06
7.3679999999999986,5.352941176470589,77.47705882352938,-0.6941176470588225,-30.08823529411762,32.93529411764702,-4.452588235294093,-6.1427647058823425,17.88158823529408,-33.96229411764706,15.224764705882365,-18.055058823529404,92.75447058823529,-59.04305882352937,109.98429411764704,0.7,0.48705882352941127,0.01705882352941129,0.48705882352941127,0.5241176470588226,0.9,0.8305882352941211,0.04705882352941129,0.8305882352941211,0.24058823529411288,1.0,0.5970588235294113,0.10588235294117743,0.5970588235294113,0.85,1.3294117647058872,0.44352941176470967,0.7405882352941129,0.44352941176470967,1.2223529411764757,1.2411764705882258,0.8005882352940967,0.1764705882352822,0.8005882352940967,0.9047058823529436,1.7588235294117742,1.3405882352941292,0.19411764705883067,1.3405882352941292,1.1235294117647014,2.470588235294113,0.4388235294117661,0.37823529411764517,0.4388235294117661,2.3035294117647016,1.5588235294117743,0.4564705882352903,0.49823529411764517,0.4564705882352903,1.5070588235294193,1.9,-1.38,0.021764705882354848,-1.38,1.3035294117647016,0.8705882352941129,0.08176470588234676,0.3464705882352903,0.08176470588234676,0.8164705882352903,1.3705882352941128,-0.6911764705882338,0.41823529411764515,-0.6911764705882338,1.1764705882352904,0.6,-0.5788235294117661,0.18588235294117741,-0.5788235294117661,0.08823529411764516
7.417999999999998,5.335757575757577,78.770303030303,-0.7342424242424235,-30.908787878787855,32.83636363636365,-5.643727272727239,-6.6929999999999845,18.957181818181805,-33.487666666666684,14.813151515151528,-17.937515151515157,92.7061818181818,-59.70396969696967,110.30296969696967,0.7,0.49,0.02,0.49,0.53,0.9,0.81,0.05,0.81,0.27,1.0,0.6,0.1,0.6,0.85,1.3,0.42,0.77,0.42,1.19,1.3,0.93,0.25,0.93,0.89,1.7,1.27,0.15,1.27,1.15,2.5,0.43,0.39,0.43,2.33,1.5,0.48,0.51,0.48,1.46,1.9,-1.38,0.01,-1.38,1.33,0.9,0.12,0.37,0.12,0.84,1.4,-0.7,0.43,-0.7,1.2,0.6,-0.57,0.18,-0.57,0.1
7.467999999999999,5.305454545454546,80.0581818181818,-0.7645454545454539,-31.75727272727271,32.236363636363656,-6.93609090909088,-7.281363636363623,19.416636363636353,-32.85918181818183,14.352727272727284,-17.70872727272728,93.06945454545453,-60.7091818181818,111.1581818181818,0.7,0.49,0.02,0.49,0.53,0.9,0.81,0.05,0.81,0.27,1.0,0.6,0.1,0.6,0.85,1.3,0.42,0.77,0.42,1.19,1.3,0.93,0.25,0.93,0.89,1.7,1.27,0.15,1.27,1.15,2.5,0.43,0.39,0.43,2.33,1.5,0.48,0.51,0.48,1.46,1.9,-1.38,0.01,-1.38,1.33,0.9,0.12,0.37,0.12,0.84,1.4,-0.7,0.43,-0.7,1.2,0.6,-0.57,0.18,-0.57,0.1
7.517999999999999,5.29,81.34848484848483,-0.8072727272727264,-32.60575757575756,31.20606060606063,-8.240969696969671,-7.813636363636354,19.810030303030295,-31.899333333333352,13.88360606060607,-17.385696969696976,93.1429393939394,-61.37503030303029,111.5860606060606,0.7,0.49,0.02,0.49,0.53,0.9,0.81,0.05,0.81,0.27,1.0,0.6,0.1,0.6,0.85,1.3,0.42,0.77,0.42,1.19,1.3,0.93,0.25,0.93,0.89,1.7,1.27,0.15,1.27,1.15,2.5,0.43,0.39,0.43,2.33,1.5,0.48,0.51,0.48,1.46,1.9,-1.38,0.01,-1.38,1.33,0.9,0.12,0.37,0.12,0.84,1.4,-0.7,0.43,-0.7,1.2,0.6,-0.57,0.18,-0.57,0.1
7.567999999999999,5.29,82.64393939393936,-0.8451515151515145,-33.45424242424241,30.145454545454566,-9.471272727272705,-8.409848484848471,20.053969696969695,-30.780393939393964,13.40860606060607,-17.10766666666667,93.15278787878788,-62.021999999999984,111.95272727272727,0.7,0.49,0.02,0.49,0.53,0.9,0.81,0.05,0.81,0.27,1.0,0.6,0.1,0.6,0.85,1.3,0.42,0.77,0.42,1.19,1.3,0.93,0.25,0.93,0.89,1.7,1.27,0.15,1.27,1.15,2.5,0.43,0.39,0.43,2.33,1.5,0.48,0.51,0.48,1.46,1.9,-1.38,0.01,-1.38,1.33,0.9,0.12,0.37,0.12,0.84,1.4,-0.7,0.43,-0.7,1.2,0.6,-0.57,0.18,-0.57,0.1
7.6179999999999986,5.2771875,83.92906249999996,-0.8884374999999987,-34.32031249999997,29.643750000000008,-10.276499999999979,-9.421312499999969,19.52131250000001,-29.09428125000005,12.934625000000011,-17.172656249999996,93.159,-62.89890624999998,112.44831249999999,0.7281249999999955,0.4956249999999991,0.0256249999999991,0.4956249999999991,0.5328124999999996,0.9,0.8015625000000014,0.05,0.8015625000000014,0.2812499999999982,1.0281249999999955,0.6084374999999986,0.0943750000000009,0.6084374999999986,0.8471875000000004,1.2718750000000045,0.4059375000000022,0.7812499999999982,0.4059375000000022,1.1675000000000035,1.2718750000000045,0.8709375000000095,0.22468750000000406,0.8709375000000095,0.9040624999999978,1.7,1.2475000000000036,0.1387500000000018,1.2475000000000036,1.1528124999999996,2.5,0.42156250000000134,0.39,0.42156250000000134,2.3412499999999983,1.5281249999999955,0.4912499999999982,0.4875000000000036,0.4912499999999982,1.4628124999999996,1.9281249999999954,-1.3743750000000008,0.007187500000000451,-1.3743750000000008,1.3468749999999974,0.9,0.10593750000000225,0.36156250000000134,0.10593750000000225,0.8428124999999995,1.456249999999991,-0.7224999999999964,0.46937499999999366,-0.7224999999999964,1.2534374999999913,0.6,-0.5643750000000008,0.16875000000000182,-0.5643750000000008,0.10281249999999956
7.667999999999998,5.278181818181817,85.22727272727268,-0.9345454545454528,-35.18818181818178,29.33636363636365,-10.917636363636342,-10.453999999999962,19.13336363636365,-27.627181818181864,12.652090909090917,-17.268909090909087,93.23763636363635,-63.42154545454544,112.80063636363634,0.8,0.51,0.04,0.51,0.54,0.9,0.78,0.05,0.78,0.31,1.1,0.63,0.08,0.63,0.84,1.2,0.37,0.81,0.37,1.11,1.2,0.72,0.16,0.72,0.94,1.7,1.19,0.11,1.19,1.16,2.5,0.4,0.39,0.4,2.37,1.6,0.52,0.43,0.52,1.47,2.0,-1.36,0.0,-1.36,1.39,0.9,0.07,0.34,0.07,0.85,1.6,-0.78,0.57,-0.78,1.39,0.6,-0.55,0.14,-0.55,0.11
7.717999999999998,5.3334375,86.53874999999995,-0.9768749999999989,-36.02593749999997,29.196875000000016,-11.084093749999996,-11.099968749999992,18.501156250000022,-28.361093749999963,12.790249999999993,-17.14906250000001,93.45875,-63.70756249999998,113.13699999999999,0.8,0.51,0.04,0.51,0.54,0.9,0.78,0.05,0.78,0.31,1.1,0.63,0.08,0.63,0.84,1.2,0.37,0.81,0.37,1.11,1.2,0.72,0.16,0.72,0.94,1.7,1.19,0.11,1.19,1.16,2.5,0.4,0.39,0.4,2.37,1.6,0.52,0.43,0.52,1.47,2.0,-1.36,0.0,-1.36,1.39,0.9,0.07,0.34,0.07,0.85,1.6,-0.78,0.57,-0.78,1.39,0.6,-0.55,0.14,-0.55,0.11
7.767999999999999,5.34,87.85124999999998,-1.017187499999999,-36.92562499999998,28.81875000000001,-11.198156249999998,-11.2156875,17.827312500000012,-29.575906249999974,12.976843749999995,-16.74046875000001,93.66037499999999,-64.26624999999999,113.62415624999998,0.8,0.51,0.04,0.51,0.54,0.9,0.78,0.05,0.78,0.31,1.1,0.63,0.08,0.63,0.84,1.2,0.37,0.81,0.37,1.11,1.2,0.72,0.16,0.72,0.94,1.7,1.19,0.11,1.19,1.16,2.5,0.4,0.39,0.4,2.37,1.6,0.52,0.43,0.52,1.47,2.0,-1.36,0.0,-1.36,1.39,0.9,0.07,0.34,0.07,0.85,1.6,-0.78,0.57,-0.78,1.39,0.6,-0.55,0.14,-0.55,0.11
7.817999999999999,5.345625,89.13312499999995,-1.0531249999999985,-37.81249999999997,28.456250000000004,-11.308499999999997,-11.073500000000017,17.170625000000022,-30.289250000000017,13.158624999999994,-16.25287500000002,93.8005,-64.90674999999997,114.10999999999999,0.8,0.51,0.04,0.51,0.54,0.9,0.78,0.05,0.78,0.31,1.1,0.63,0.08,0.63,0.84,1.2,0.37,0.81,0.37,1.11,1.2,0.72,0.16,0.72,0.94,1.7,1.19,0.11,1.19,1.16,2.5,0.4,0.39,0.4,2.37,1.6,0.52,0.43,0.52,1.47,2.0,-1.36,0.0,-1.36,1.39,0.9,0.07,0.34,0.07,0.85,1.6,-0.78,0.57,-0.78,1.39,0.6,-0.55,0.14,-0.55,0.11
7.8679999999999986,5.31,90.44562499999996,-1.1009374999999988,-38.768124999999976,28.41249999999998,-11.401343750000018,-10.234656250000022,16.529281249999986,-28.918687499999983,13.358687499999983,-15.591093750000008,93.733875,-65.720625,114.529875,0.8,0.5112499999999982,0.0406249999999991,0.5112499999999982,0.54,0.9,0.7793750000000009,0.05093749999999865,0.7793750000000009,0.3081250000000027,1.0968750000000047,0.6309374999999986,0.08,0.6309374999999986,0.8390625000000014,1.1968750000000046,0.3693750000000009,0.8109374999999986,0.3693750000000009,1.1071875000000042,1.2,0.7187500000000018,0.1606249999999991,0.7187500000000018,0.9415624999999976,1.6968750000000046,1.1843750000000082,0.10656250000000496,1.1843750000000082,1.16,2.5,0.3984375000000023,0.3887500000000018,0.3984375000000023,2.3703125,1.6,0.5206249999999991,0.42718750000000405,0.5206249999999991,1.4709374999999987,2.0,-1.3615624999999978,0.001562499999997745,-1.3615624999999978,1.3924999999999963,0.8968750000000045,0.07156249999999775,0.33750000000000363,0.07156249999999775,0.8481250000000027,1.6,-0.78,0.57,-0.78,1.39,0.6,-0.55,0.13937500000000091,-0.55,0.11156249999999775
7.917999999999998,5.304062500000001,91.72687499999995,-1.1478124999999983,-39.67437499999997,28.978124999999984,-10.718062500000025,-9.466875000000025,17.12303124999998,-29.60365624999998,13.96634374999998,-15.29578125000001,93.70150000000001,-65.8265625,114.5699375,0.8,0.55,0.06,0.55,0.54,0.9,0.76,0.08,0.76,0.25,1.0,0.66,0.08,0.66,0.81,1.1,0.35,0.84,0.35,1.02,1.2,0.68,0.18,0.68,0.99,1.6,1.01,0.0,1.01,1.16,2.5,0.35,0.35,0.35,2.38,1.6,0.54,0.34,0.54,1.5,2.0,-1.41,0.05,-1.41,1.47,0.8,0.12,0.26,0.12,0.79,1.6,-0.78,0.57,-0.78,1.39,0.6,-0.55,0.12,-0.55,0.16
7.967999999999998,5.298125000000001,93.03374999999996,-1.1956249999999984,-40.598749999999974,29.174999999999983,-9.860125000000014,-8.788937499999996,17.836374999999983,-30.14450000000002,14.460499999999987,-15.060499999999992,93.5653125,-66.44212499999999,114.80693749999999,0.8,0.55,0.06,0.55,0.54,0.9,0.76,0.08,0.76,0.25,1.0,0.66,0.08,0.66,0.81,1.1,0.35,0.84,0.35,1.02,1.2,0.68,0.18,0.68,0.99,1.6,1.01,0.0,1.01,1.16,2.5,0.35,0.35,0.35,2.38,1.6,0.54,0.34,0.54,1.5,2.0,-1.41,0.05,-1.41,1.47,0.8,0.12,0.26,0.12,0.79,1.6,-0.78,0.57,-0.78,1.39,0.6,-0.55,0.12,-0.55,0.16
8.017999999999999,5.28225806451613,94.32709677419352,-1.2432258064516115,-41.51903225806449,29.80967741935482,-9.463935483870976,-9.040709677419345,18.63867741935481,-29.69300000000001,14.833096774193539,-15.37274193548386,93.51125806451613,-66.92238709677419,115.04196774193548,0.8,0.55,0.06,0.55,0.54,0.9,0.76,0.08,0.76,0.25,1.0,0.66,0.08,0.66,0.81,1.1,0.35,0.84,0.35,1.02,1.2,0.68,0.18,0.68,0.99,1.6,1.01,0.0,1.01,1.16,2.5,0.35,0.35,0.35,2.38,1.6,0.54,0.34,0.54,1.5,2.0,-1.41,0.05,-1.41,1.47,0.8,0.12,0.26,0.12,0.79,1.6,-0.78,0.57,-0.78,1.39,0.6,-0.55,0.12,-0.55,0.16
8.067999999999998,5.272500000000001,95.63374999999996,-1.291249999999999,-42.457499999999975,30.449999999999985,-9.436749999999991,-9.699749999999975,20.516499999999972,-30.664374999999996,15.109749999999995,-15.751124999999988,93.64837499999999,-67.51674999999997,115.49862499999999,0.8,0.55,0.06,0.55,0.54,0.9,0.76,0.08,0.76,0.25,1.0,0.66,0.08,0.66,0.81,1.1,0.35,0.84,0.35,1.02,1.2,0.68,0.18,0.68,0.99,1.6,1.01,0.0,1.01,1.16,2.5,0.35,0.35,0.35,2.38,1.6,0.54,0.34,0.54,1.5,2.0,-1.41,0.05,-1.41,1.47,0.8,0.12,0.26,0.12,0.79,1.6,-0.78,0.57,-0.78,1.39,0.6,-0.55,0.12,-0.55,0.16
8.117999999999999,5.250322580645162,96.9238709677419,-1.339032258064515,-43.390967741935455,30.99032258064515,-9.96429032258063,-10.760193548387068,21.192387096774183,-30.388870967741948,15.318096774193544,-16.22316129032257,93.83609677419355,-68.39929032258063,116.1688064516129,0.8,0.55,0.06,0.55,0.54,0.9,0.76,0.08,0.76,0.25,1.0,0.66,0.08,0.66,0.81,1.1,0.35,0.84,0.35,1.02,1.2,0.68,0.18,0.68,0.99,1.6,1.01,0.0,1.01,1.16,2.5,0.35,0.35,0.35,2.38,1.6,0.54,0.34,0.54,1.5,2.0,-1.41,0.05,-1.41,1.47,0.8,0.12,0.26,0.12,0.79,1.6,-0.78,0.57,-0.78,1.39,0.6,-0.55,0.12,-0.55,0.16
8.168,5.218387096774194,98.23032258064515,-1.3874193548387093,-44.35258064516128,31.04193548387097,-10.705709677419348,-11.533225806451608,22.19874193548386,-30.75725806451613,15.19677419354839,-16.42206451612903,94.05616129032258,-68.83058064516129,116.6014193548387,0.8,0.55,0.06,0.55,0.54,0.9,0.79,0.06,0.79,0.22,1.0,0.65,0.1,0.65,0.78,1.1,0.44,0.74,0.44,1.02,1.3,0.71,0.26,0.71,1.06,1.5,0.87,0.05,0.87,1.17,2.5,0.31,0.3,0.31,2.38,1.7,0.55,0.24,0.55,1.57,2.1,-1.39,0.09,-1.39,1.55,0.8,0.14,0.18,0.14,0.72,1.9,-1.01,0.79,-1.01,1.6,0.6,-0.52,0.1,-0.52,0.2
8.217999999999998,5.1961290322580655,99.53677419354834,-1.4358064516129017,-45.30612903225803,30.783870967741965,-11.473483870967728,-11.93509677419354,23.479032258064546,-30.20438709677422,14.943774193548405,-16.29954838709678,94.24138709677419,-69.70832258064516,117.26690322580643,0.8,0.55,0.06,0.55,0.54,0.9,0.79,0.06,0.79,0.22,1.0,0.65,0.1,0.65,0.78,1.1,0.44,0.74,0.44,1.02,1.3,0.71,0.26,0.71,1.06,1.5,0.87,0.05,0.87,1.17,2.5,0.31,0.3,0.31,2.38,1.7,0.55,0.24,0.55,1.57,2.1,-1.39,0.09,-1.39,1.55,0.8,0.14,0.18,0.14,0.72,1.9,-1.01,0.79,-1.01,1.6,0.6,-0.52,0.1,-0.52,0.2
8.267999999999999,5.163333333333334,100.86499999999998,-1.484999999999999,-46.28166666666665,29.883333333333347,-11.824666666666662,-12.242166666666662,22.524166666666687,-29.52600000000001,14.381166666666678,-16.130166666666668,94.42716666666666,-69.96383333333333,117.57066666666667,0.8,0.55,0.06,0.55,0.54,0.9,0.79,0.06,0.79,0.22,1.0,0.65,0.1,0.65,0.78,1.1,0.44,0.74,0.44,1.02,1.3,0.71,0.26,0.71,1.06,1.5,0.87,0.05,0.87,1.17,2.5,0.31,0.3,0.31,2.38,1.7,0.55,0.24,0.55,1.57,2.1,-1.39,0.09,-1.39,1.55,0.8,0.14,0.18,0.14,0.72,1.9,-1.01,0.79,-1.01,1.6,0.6,-0.52,0.1,-0.52,0.2
8.317999999999998,5.1309677419354855,102.16580645161284,-1.5235483870967717,-47.250967741935426,29.45483870967743,-11.782322580645168,-12.360999999999995,22.840806451612863,-29.462548387096774,14.010870967741948,-16.115,94.48570967741935,-70.53438709677417,117.9650322580645,0.8,0.55,0.06,0.55,0.54,0.9,0.79,0.06,0.79,0.22,1.0,0.65,0.1,0.65,0.78,1.1,0.44,0.74,0.44,1.02,1.3,0.71,0.26,0.71,1.06,1.5,0.87,0.05,0.87,1.17,2.5,0.31,0.3,0.31,2.38,1.7,0.55,0.24,0.55,1.57,2.1,-1.39,0.09,-1.39,1.55,0.8,0.14,0.18,0.14,0.72,1.9,-1.01,0.79,-1.01,1.6,0.6,-0.52,0.1,-0.52,0.2
8.367999999999999,5.098064516129033,103.49741935483867,-1.58290322580645,-48.228064516129,29.319354838709668,-11.607322580645171,-12.461999999999996,23.770161290322573,-29.460806451612903,13.880806451612896,-16.116,94.70748387096774,-70.70935483870966,118.24977419354838,0.8,0.55,0.06,0.55,0.54,0.9,0.79,0.06290322580644994,0.79,0.21709677419355006,1.0,0.65,0.1,0.65,0.78,1.1096774193548333,0.4574193548386997,0.7274193548387169,0.4574193548386997,1.0180645161290334,1.3096774193548333,0.7129032258064499,0.2658064516128999,0.7129032258064499,1.0677419354838666,1.5,0.8632258064516168,0.05387096774193327,0.8632258064516168,1.1632258064516168,2.490322580645167,0.30612903225806676,0.2941935483871001,0.30612903225806676,2.3790322580645165,1.7096774193548332,0.5461290322580667,0.23032258064516684,0.5461290322580667,1.5796774193548333,2.1,-1.39,0.09,-1.39,1.55,0.8,0.14,0.18,0.14,0.72,1.9,-1.01,0.79,-1.01,1.6,0.5903225806451669,-0.5141935483871001,0.0941935483871001,-0.5141935483871001,0.2
8.418,5.065806451612904,104.7948387096774,-1.6312903225806445,-49.19580645161289,29.570967741935483,-11.293193548387102,-12.561290322580644,24.020354838709675,-29.458290322580645,14.085387096774191,-16.116709677419355,94.60632258064517,-71.19187096774193,118.46267741935483,0.8,0.55,0.06,0.55,0.54,0.9,0.79,0.09,0.79,0.19,1.0,0.65,0.1,0.65,0.78,1.2,0.62,0.61,0.62,1.0,1.4,0.74,0.32,0.74,1.14,1.5,0.8,0.09,0.8,1.1,2.4,0.27,0.24,0.27,2.37,1.8,0.51,0.14,0.51,1.67,2.1,-1.39,0.09,-1.39,1.55,0.8,0.14,0.18,0.14,0.72,1.9,-1.01,0.79,-1.01,1.6,0.5,-0.46,0.04,-0.46,0.2
8.467999999999998,5.029354838709679,106.11387096774187,-1.6806451612903204,-50.186451612903184,29.806451612903206,-11.01096774193549,-12.66264516129032,24.48764516129027,-29.456290322580646,14.350387096774176,-16.117,94.5766129032258,-71.69977419354836,118.74867741935482,0.8,0.55,0.06,0.55,0.54,0.9,0.79,0.09,0.79,0.19,1.0,0.65,0.1,0.65,0.78,1.2,0.62,0.61,0.62,1.0,1.4,0.74,0.32,0.74,1.14,1.5,0.8,0.09,0.8,1.1,2.4,0.27,0.24,0.27,2.37,1.8,0.51,0.14,0.51,1.67,2.1,-1.39,0.09,-1.39,1.55,0.8,0.14,0.18,0.14,0.72,1.9,-1.01,0.79,-1.01,1.6,0.5,-0.46,0.04,-0.46,0.2
8.517999999999999,4.990000000000001,107.42999999999996,-1.7399999999999975,-51.179999999999964,30.299999999999983,-10.940000000000001,-12.763999999999996,26.074999999999935,-29.454,14.836999999999982,-16.118,94.95999999999998,-72.21799999999999,119.36999999999998,0.8,0.55,0.06,0.55,0.54,0.9,0.79,0.09,0.79,0.19,1.0,0.65,0.1,0.65,0.78,1.2,0.62,0.61,0.62,1.0,1.4,0.74,0.32,0.74,1.14,1.5,0.8,0.09,0.8,1.1,2.4,0.27,0.24,0.27,2.37,1.8,0.51,0.14,0.51,1.67,2.1,-1.39,0.09,-1.39,1.55,0.8,0.14,0.18,0.14,0.72,1.9,-1.01,0.79,-1.01,1.6,0.5,-0.46,0.04,-0.46,0.2
8.567999999999998,4.940000000000001,108.76333333333329,-1.7899999999999983,-52.19666666666663,30.233333333333338,-11.024999999999997,-12.864666666666663,25.601000000000017,-29.451333333333334,14.789666666666667,-16.118666666666666,95.111,-72.66899999999998,119.75666666666666,0.8,0.55,0.06,0.55,0.54,0.9,0.79,0.09,0.79,0.19,1.0,0.65,0.1,0.65,0.78,1.2,0.62,0.61,0.62,1.0,1.4,0.74,0.32,0.74,1.14,1.5,0.8,0.09,0.8,1.1,2.4,0.27,0.24,0.27,2.37,1.8,0.51,0.14,0.51,1.67,2.1,-1.39,0.09,-1.39,1.55,0.8,0.14,0.18,0.14,0.72,1.9,-1.01,0.79,-1.01,1.6,0.5,-0.46,0.04,-0.46,0.2
8.617999999999999,4.904000000000001,110.06999999999996,-1.8389999999999989,-53.18299999999997,30.2,-11.108599999999997,-12.963299999999998,25.13680000000001,-29.4494,14.743600000000002,-16.119,95.259,-73.10999999999999,120.13589999999999,0.8,0.5470000000000005,0.06299999999999958,0.5470000000000005,0.5459999999999993,0.8700000000000042,0.7840000000000008,0.10199999999999834,0.7840000000000008,0.18400000000000083,1.0,0.6290000000000029,0.1,0.6290000000000029,0.7859999999999993,1.2299999999999958,0.6799999999999917,0.5530000000000078,0.6799999999999917,1.0089999999999988,1.4299999999999957,0.7220000000000025,0.33199999999999835,0.7220000000000025,1.1789999999999945,1.5,0.7970000000000005,0.08100000000000124,0.7970000000000005,1.0910000000000013,2.4,0.26400000000000085,0.2160000000000033,0.26400000000000085,2.361000000000001,1.8299999999999959,0.48300000000000376,0.11900000000000291,0.48300000000000376,1.6969999999999963,2.1,-1.375000000000002,0.09599999999999917,-1.375000000000002,1.570999999999997,0.7700000000000041,0.17899999999999464,0.15300000000000372,0.17899999999999464,0.6930000000000037,1.9299999999999957,-1.0129999999999997,0.7690000000000029,-1.0129999999999997,1.635999999999995,0.5,-0.44500000000000206,0.02800000000000166,-0.44500000000000206,0.2
8.668,4.8610000000000015,111.40333333333331,-1.8889999999999987,-54.199666666666644,30.10333333333334,-11.20203333333333,-13.064966666666665,24.738866666666674,-29.447033333333334,14.685333333333334,-16.119966666666667,95.40416666666665,-73.55323333333332,120.5165,0.8,0.54,0.07,0.54,0.56,0.8,0.77,0.13,0.77,0.17,1.0,0.58,0.1,0.58,0.8,1.3,0.82,0.42,0.82,1.03,1.5,0.68,0.36,0.68,1.27,1.5,0.79,0.06,0.79,1.07,2.4,0.25,0.16,0.25,2.34,1.9,0.42,0.07,0.42,1.76,2.1,-1.34,0.11,-1.34,1.62,0.7,0.27,0.09,0.27,0.63,2.0,-1.02,0.72,-1.02,1.72,0.5,-0.41,0.0,-0.41,0.2
8.717999999999998,4.811000000000001,112.7303333333333,-1.9389999999999987,-55.2163333333333,29.77333333333334,-11.569633333333321,-13.165633333333332,26.170366666666645,-29.444733333333332,14.323233333333343,-16.12,95.42933333333333,-73.90593333333332,120.75439999999999,0.8,0.54,0.07,0.54,0.56,0.8,0.77,0.13,0.77,0.17,1.0,0.58,0.1,0.58,0.8,1.3,0.82,0.42,0.82,1.03,1.5,0.68,0.36,0.68,1.27,1.5,0.79,0.06,0.79,1.07,2.4,0.25,0.16,0.25,2.34,1.9,0.42,0.07,0.42,1.76,2.1,-1.34,0.11,-1.34,1.62,0.7,0.27,0.09,0.27,0.63,2.0,-1.02,0.72,-1.02,1.72,0.5,-0.41,0.0,-0.41,0.2
8.767999999999999,4.761000000000001,114.05699999999996,-1.985999999999999,-56.235999999999976,29.4,-12.282499999999969,-13.265999999999996,25.929300000000037,-29.442700000000002,13.9907,-16.121,95.5603,-74.78689999999997,121.39539999999998,0.8,0.54,0.07,0.54,0.56,0.8,0.77,0.13,0.77,0.17,1.0,0.58,0.1,0.58,0.8,1.3,0.82,0.42,0.82,1.03,1.5,0.68,0.36,0.68,1.27,1.5,0.79,0.06,0.79,1.07,2.4,0.25,0.16,0.25,2.34,1.9,0.42,0.07,0.42,1.76,2.1,-1.34,0.11,-1.34,1.62,0.7,0.27,0.09,0.27,0.63,2.0,-1.02,0.72,-1.02,1.72,0.5,-0.41,0.0,-0.41,0.2
8.817999999999998,4.700000000000003,115.39999999999996,-2.029999999999998,-57.289999999999964,29.4,-13.693999999999948,-13.367999999999997,24.203000000000067,-29.44,14.031999999999996,-16.122,95.615,-75.75299999999997,122.04099999999997,0.8,0.54,0.07,0.54,0.56,0.8,0.77,0.13,0.77,0.17,1.0,0.58,0.1,0.58,0.8,1.3,0.82,0.42,0.82,1.03,1.5,0.68,0.36,0.68,1.27,1.5,0.79,0.06,0.79,1.07,2.4,0.25,0.16,0.25,2.34,1.9,0.42,0.07,0.42,1.76,2.1,-1.34,0.11,-1.34,1.62,0.7,0.27,0.09,0.27,0.63,2.0,-1.02,0.72,-1.02,1.72,0.5,-0.41,0.0,-0.41,0.2
8.867999999999999,4.632413793103451,116.72482758620684,-2.0737931034482746,-58.3375862068965,29.231034482758627,-14.898724137930982,-13.46768965517241,22.42141379310353,-29.438310344827585,13.93231034482759,-16.122,95.93165517241378,-76.68299999999996,122.86186206896548,0.8,0.5193103448275884,0.06310344827586281,0.5193103448275884,0.5737931034482744,0.731034482758628,0.7355172413793141,0.17827586206896034,0.7355172413793141,0.14241379310345123,1.0,0.5662068965517256,0.08620689655172561,0.5662068965517256,0.8206896551724115,1.4379310344827438,0.964827586206881,0.2475862068965702,0.964827586206881,1.098965517241372,1.5,0.6868965517241372,0.3737931034482744,0.6868965517241372,1.3113793103448232,1.5,0.7831034482758629,0.10137931034482314,0.7831034482758629,1.0286206896551768,2.331034482758628,0.2568965517241372,0.10482758620690247,0.2568965517241372,2.305517241379314,1.9,0.37172413793103964,0.04931034482758843,0.37172413793103964,1.794482758620686,2.1,-1.2986206896551769,0.12379310344827439,-1.2986206896551769,1.654482758620686,0.768965517241372,0.2906896551724116,0.09689655172413719,0.2906896551724116,0.6437931034482745,1.8620689655172562,-0.9579310344827653,0.5682758620689818,-0.9579310344827653,1.6234482758620794,0.4310344827586281,-0.3893103448275884,0.041379310344823145,-0.3893103448275884,0.17241379310345123
8.917999999999997,4.5648275862069,118.05586206896545,-2.121379310344825,-59.388965517241324,28.986206896551753,-16.014310344827546,-13.56775862068965,20.446896551724276,-29.43562068965517,13.78065517241381,-16.123,96.19658620689654,-77.48541379310343,123.56334482758619,0.8,0.51,0.06,0.51,0.58,0.7,0.72,0.2,0.72,0.13,1.0,0.56,0.08,0.56,0.83,1.5,1.03,0.17,1.03,1.13,1.5,0.69,0.38,0.69,1.33,1.5,0.78,0.12,0.78,1.01,2.3,0.26,0.08,0.26,2.29,1.9,0.35,0.04,0.35,1.81,2.1,-1.28,0.13,-1.28,1.67,0.8,0.3,0.1,0.3,0.65,1.8,-0.93,0.5,-0.93,1.58,0.4,-0.38,0.06,-0.38,0.16
8.967999999999998,4.485000000000003,119.40799999999996,-2.171999999999999,-60.47299999999996,28.560000000000024,-16.6681,-13.668899999999997,17.47630000000009,-29.4339,13.35420000000002,-16.1231,96.2263,-77.66799999999999,123.69369999999999,0.8,0.51,0.06,0.51,0.58,0.7,0.72,0.2,0.72,0.13,1.0,0.56,0.08,0.56,0.83,1.5,1.03,0.17,1.03,1.13,1.5,0.69,0.38,0.69,1.33,1.5,0.78,0.12,0.78,1.01,2.3,0.26,0.08,0.26,2.29,1.9,0.35,0.04,0.35,1.81,2.1,-1.28,0.13,-1.28,1.67,0.8,0.3,0.1,0.3,0.65,1.8,-0.93,0.5,-0.93,1.58,0.4,-0.38,0.06,-0.38,0.16
9.017999999999999,4.408275862068966,120.72862068965517,-2.205862068965517,-61.53172413793103,27.962068965517243,-16.652379310344827,-13.768793103448276,14.779689655172426,-29.43141379310345,12.756000000000002,-16.124,96.59144827586208,-77.86255172413793,124.10827586206896,0.8,0.51,0.06,0.51,0.58,0.7,0.72,0.2,0.72,0.13,1.0,0.56,0.08,0.56,0.83,1.5,1.03,0.17,1.03,1.13,1.5,0.69,0.38,0.69,1.33,1.5,0.78,0.12,0.78,1.01,2.3,0.26,0.08,0.26,2.29,1.9,0.35,0.04,0.35,1.81,2.1,-1.28,0.13,-1.28,1.67,0.8,0.3,0.1,0.3,0.65,1.8,-0.93,0.5,-0.93,1.58,0.4,-0.38,0.06,-0.38,0.16
9.067999999999998,4.331333333333336,122.03866666666661,-2.253999999999998,-62.58399999999995,27.40666666666668,-16.1216666666667,-13.753333333333346,13.607466666666697,-29.503266666666654,12.286866666666683,-16.167933333333327,96.70006666666666,-77.08346666666668,123.71560000000001,0.8,0.51,0.06,0.51,0.58,0.7,0.72,0.2,0.72,0.13,1.0,0.56,0.08,0.56,0.83,1.5,1.03,0.17,1.03,1.13,1.5,0.69,0.38,0.69,1.33,1.5,0.78,0.12,0.78,1.01,2.3,0.26,0.08,0.26,2.29,1.9,0.35,0.04,0.35,1.81,2.1,-1.28,0.13,-1.28,1.67,0.8,0.3,0.1,0.3,0.65,1.8,-0.93,0.5,-0.93,1.58,0.4,-0.38,0.06,-0.38,0.16
9.117999999999999,4.263103448275863,123.37448275862066,-2.3051724137931022,-63.65862068965515,27.2,-15.047206896551748,-13.22137931034484,12.966862068965545,-29.90155172413792,11.994000000000002,-16.40124137931034,96.89110344827587,-77.21779310344827,123.95220689655173,0.8,0.51,0.06,0.51,0.58,0.7,0.7096551724137952,0.21034482758620487,0.7096551724137952,0.12482758620689757,1.0,0.558275862068966,0.07482758620689757,0.558275862068966,0.8334482758620683,1.5344827586206828,1.054137931034478,0.1510344827586244,1.054137931034478,1.154137931034478,1.5,0.6744827586206926,0.3713793103448293,0.6744827586206926,1.33,1.4827586206896586,0.7593103448275903,0.132068965517239,0.7593103448275903,1.0151724137931024,2.3,0.26172413793103416,0.07137931034482928,0.26172413793103416,2.2848275862068976,1.8827586206896585,0.3448275862068976,0.048620689655170725,0.3448275862068976,1.8031034482758634,2.1,-1.2782758620689658,0.13344827586206828,-1.2782758620689658,1.6751724137931023,0.8,0.2965517241379317,0.09827586206896585,0.2965517241379317,0.6551724137931024,1.7482758620689758,-0.8920689655172489,0.4448275862069074,-0.8920689655172489,1.543793103448283,0.4,-0.37482758620689755,0.06689655172413658,-0.37482758620689755,0.15310344827586342
9.167999999999997,4.1941379310344855,124.72827586206891,-2.356896551724136,-64.74482758620685,27.289655172413788,-13.915758620689697,-12.584275862068989,11.61403448275867,-30.367068965517223,12.017517241379307,-16.67455172413792,96.60151724137933,-77.22344827586207,123.72841379310346,0.8,0.51,0.06,0.51,0.58,0.7,0.66,0.26,0.66,0.1,1.0,0.55,0.05,0.55,0.85,1.7,1.17,0.06,1.17,1.27,1.5,0.6,0.33,0.6,1.33,1.4,0.66,0.19,0.66,1.04,2.3,0.27,0.03,0.27,2.26,1.8,0.32,0.09,0.32,1.77,2.1,-1.27,0.15,-1.27,1.7,0.8,0.28,0.09,0.28,0.68,1.5,-0.71,0.18,-0.71,1.37,0.4,-0.35,0.1,-0.35,0.12
9.217999999999998,4.125172413793106,126.07413793103446,-2.408620689655171,-65.8210344827586,28.04827586206895,-13.555413793103455,-11.945724137931048,11.819620689655165,-30.83358620689654,12.760413793103432,-16.947689655172407,96.66827586206897,-77.17013793103449,123.75513793103448,0.8,0.51,0.06,0.51,0.58,0.7,0.66,0.26,0.66,0.1,1.0,0.55,0.05,0.55,0.85,1.7,1.17,0.06,1.17,1.27,1.5,0.6,0.33,0.6,1.33,1.4,0.66,0.19,0.66,1.04,2.3,0.27,0.03,0.27,2.26,1.8,0.32,0.09,0.32,1.77,2.1,-1.27,0.15,-1.27,1.7,0.8,0.28,0.09,0.28,0.68,1.5,-0.71,0.18,-0.71,1.37,0.4,-0.35,0.1,-0.35,0.12
9.267999999999999,4.0662068965517255,127.42241379310343,-2.470344827586206,-66.90724137931032,28.837931034482747,-13.24124137931035,-11.307068965517251,12.122689655172408,-31.300448275862063,13.545896551724125,-17.221482758620684,96.75893103448276,-77.11396551724138,123.80031034482758,0.8,0.51,0.06,0.51,0.58,0.7,0.66,0.26,0.66,0.1,1.0,0.55,0.05,0.55,0.85,1.7,1.17,0.06,1.17,1.27,1.5,0.6,0.33,0.6,1.33,1.4,0.66,0.19,0.66,1.04,2.3,0.27,0.03,0.27,2.26,1.8,0.32,0.09,0.32,1.77,2.1,-1.27,0.15,-1.27,1.7,0.8,0.28,0.09,0.28,0.68,1.5,-0.71,0.18,-0.71,1.37,0.4,-0.35,0.1,-0.35,0.12
9.317999999999998,4.007241379310349,128.77379310344818,-2.5227586206896513,-67.983448275862,29.627586206896513,-12.946310344827575,-10.668551724137968,12.402586206896567,-31.766620689655145,14.329137931034438,-17.494896551724125,96.85282758620689,-77.06775862068966,123.85472413793102,0.8,0.51,0.06,0.51,0.58,0.7,0.66,0.26,0.66,0.1,1.0,0.55,0.05,0.55,0.85,1.7,1.17,0.06,1.17,1.27,1.5,0.6,0.33,0.6,1.33,1.4,0.66,0.19,0.66,1.04,2.3,0.27,0.03,0.27,2.26,1.8,0.32,0.09,0.32,1.77,2.1,-1.27,0.15,-1.27,1.7,0.8,0.28,0.09,0.28,0.68,1.5,-0.71,0.18,-0.71,1.37,0.4,-0.35,0.1,-0.35,0.12
9.367999999999999,3.9462068965517263,130.11862068965513,-2.5917241379310316,-69.06965517241375,30.317241379310317,-13.136999999999992,-10.032344827586233,12.13193103448277,-32.231344827586184,15.08099999999997,-17.767310344827575,97.02510344827586,-77.24148275862069,124.10020689655171,0.8,0.51,0.06,0.51,0.58,0.7,0.66,0.26,0.66,0.1,1.0,0.55,0.05,0.55,0.85,1.7,1.17,0.06,1.17,1.27,1.5,0.6,0.33,0.6,1.33,1.4,0.66,0.19,0.66,1.04,2.3,0.27,0.03,0.27,2.26,1.8,0.32,0.09,0.32,1.77,2.1,-1.27,0.15,-1.27,1.7,0.8,0.28,0.09,0.28,0.68,1.5,-0.71,0.18,-0.71,1.37,0.4,-0.35,0.1,-0.35,0.12
9.417999999999997,3.8844827586206927,131.4686206896551,-2.6555172413793073,-70.15586206896545,31.317241379310243,-13.307034482758615,-9.391965517241417,11.951551724137929,-32.69927586206894,15.679413793103434,-18.04179310344826,97.21737931034481,-77.69651724137924,124.53879310344823,0.8,0.5,0.04,0.5,0.57,0.6,0.63,0.27,0.63,0.08,1.0,0.55,0.04,0.55,0.86,1.8,1.15,0.13,1.15,1.37,1.5,0.6,0.37,0.6,1.39,1.4,0.51,0.25,0.51,1.1,2.2,0.32,0.05,0.32,2.19,1.7,0.27,0.15,0.27,1.7,2.2,-1.24,0.21,-1.24,1.8,0.8,0.23,0.09,0.23,0.72,1.3,-0.54,0.05,-0.54,1.22,0.4,-0.33,0.12,-0.33,0.1
9.467999999999998,3.834827586206898,132.76448275862066,-2.696896551724136,-71.18862068965514,33.3,-13.340862068965517,-8.853241379310337,12.224206896551715,-33.0664827586207,15.57620689655173,-18.294103448275862,97.46872413793103,-79.18227586206896,125.67520689655171,0.8,0.5,0.04,0.5,0.57,0.6,0.63,0.27,0.63,0.08,1.0,0.55,0.04,0.55,0.86,1.8,1.15,0.13,1.15,1.37,1.5,0.6,0.37,0.6,1.39,1.4,0.51,0.25,0.51,1.1,2.2,0.32,0.05,0.32,2.19,1.7,0.27,0.15,0.27,1.7,2.2,-1.24,0.21,-1.24,1.8,0.8,0.23,0.09,0.23,0.72,1.3,-0.54,0.05,-0.54,1.22,0.4,-0.33,0.12,-0.33,0.1
9.517999999999999,3.782142857142858,134.13428571428568,-2.77642857142857,-72.29499999999999,33.20714285714286,-13.348714285714285,-9.265214285714277,12.59114285714285,-32.46835714285716,15.333857142857147,-18.360857142857142,97.57328571428572,-79.21614285714286,125.78257142857143,0.8,0.5,0.04,0.5,0.57,0.6,0.63,0.27,0.63,0.08,1.0,0.55,0.04,0.55,0.86,1.8,1.15,0.13,1.15,1.37,1.5,0.6,0.37,0.6,1.39,1.4,0.51,0.25,0.51,1.1,2.2,0.32,0.05,0.32,2.19,1.7,0.27,0.15,0.27,1.7,2.2,-1.24,0.21,-1.24,1.8,0.8,0.23,0.09,0.23,0.72,1.3,-0.54,0.05,-0.54,1.22,0.4,-0.33,0.12,-0.33,0.1
9.567999999999998,3.7128571428571457,135.49928571428566,-2.8471428571428543,-73.39071428571424,32.86428571428573,-13.356714285714286,-9.747607142857124,12.954464285714272,-31.802142857142883,15.094714285714295,-18.41067857142857,97.66260714285714,-79.11564285714286,125.79475,0.8,0.5,0.04,0.5,0.57,0.6,0.63,0.27,0.63,0.08,1.0,0.55,0.04,0.55,0.86,1.8,1.15,0.13,1.15,1.37,1.5,0.6,0.37,0.6,1.39,1.4,0.51,0.25,0.51,1.1,2.2,0.32,0.05,0.32,2.19,1.7,0.27,0.15,0.27,1.7,2.2,-1.24,0.21,-1.24,1.8,0.8,0.23,0.09,0.23,0.72,1.3,-0.54,0.05,-0.54,1.22,0.4,-0.33,0.12,-0.33,0.1
9.617999999999999,3.652857142857145,136.85428571428568,-2.9271428571428553,-74.48999999999997,32.657142857142865,-13.38385714285714,-10.194142857142847,13.130285714285726,-31.10614285714288,14.857428571428578,-18.473,97.75528571428572,-79.05528571428572,125.83571428571429,0.8,0.5,0.03142857142857251,0.5,0.5614285714285725,0.6,0.6257142857142862,0.2657142857142863,0.6257142857142862,0.07571428571428626,1.0,0.55,0.04,0.55,0.86,1.8,1.1071428571428625,0.14285714285714124,1.1071428571428625,1.4128571428571375,1.5,0.6,0.37,0.6,1.39,1.4,0.51,0.25,0.51,1.1,2.2,0.32,0.05,0.32,2.19,1.7,0.27,0.15,0.27,1.7,2.2,-1.24,0.21,-1.24,1.8,0.8,0.23,0.09,0.23,0.72,1.3,-0.54,0.05,-0.54,1.22,0.4,-0.33,0.12,-0.33,0.1
9.667999999999997,3.572857142857147,138.20928571428564,-2.9971428571428533,-75.58249999999994,32.48214285714287,-13.509464285714277,-10.470999999999986,12.393035714285766,-30.265607142857192,14.63114285714287,-18.589857142857138,97.86424999999998,-79.1960357142857,126.01607142857142,0.8,0.5,0.02,0.5,0.55,0.6,0.62,0.26,0.62,0.07,1.0,0.55,0.04,0.55,0.86,1.8,1.05,0.16,1.05,1.47,1.5,0.6,0.37,0.6,1.39,1.4,0.51,0.25,0.51,1.1,2.2,0.32,0.05,0.32,2.19,1.7,0.27,0.15,0.27,1.7,2.2,-1.24,0.21,-1.24,1.8,0.8,0.23,0.09,0.23,0.72,1.3,-0.54,0.05,-0.54,1.22,0.4,-0.33,0.12,-0.33,0.1
9.717999999999998,3.4934482758620735,139.56689655172408,-3.0765517241379268,-76.68655172413789,32.4,-13.641172413793099,-10.716344827586196,11.538931034482797,-29.393482758620735,14.41241379310346,-18.729999999999993,97.9718620689655,-79.36465517241378,126.21448275862068,0.8,0.5,0.02,0.5,0.55,0.6,0.62,0.26,0.62,0.07,1.0,0.55,0.04,0.55,0.86,1.8,1.05,0.16,1.05,1.47,1.5,0.6,0.37,0.6,1.39,1.4,0.51,0.25,0.51,1.1,2.2,0.32,0.05,0.32,2.19,1.7,0.27,0.15,0.27,1.7,2.2,-1.24,0.21,-1.24,1.8,0.8,0.23,0.09,0.23,0.72,1.3,-0.54,0.05,-0.54,1.22,0.4,-0.33,0.12,-0.33,0.1
9.767999999999999,3.415517241379311,140.9310344827586,-3.154482758620689,-77.79448275862067,32.63793103448276,-13.581103448275863,-10.941275862068963,11.573896551724138,-28.442517241379317,14.293172413793103,-19.117862068965515,98.02262068965518,-79.37706896551724,126.26593103448276,0.8,0.5,0.02,0.5,0.55,0.6,0.62,0.26,0.62,0.07,1.0,0.55,0.04,0.55,0.86,1.8,1.05,0.16,1.05,1.47,1.5,0.6,0.37,0.6,1.39,1.4,0.51,0.25,0.51,1.1,2.2,0.32,0.05,0.32,2.19,1.7,0.27,0.15,0.27,1.7,2.2,-1.24,0.21,-1.24,1.8,0.8,0.23,0.09,0.23,0.72,1.3,-0.54,0.05,-0.54,1.22,0.4,-0.33,0.12,-0.33,0.1
9.817999999999998,3.3220689655172437,142.29517241379304,-3.232413793103445,-78.89793103448272,32.8,-13.500517241379315,-11.172206896551716,11.668137931034476,-27.50337931034486,14.155000000000008,-19.52920689655171,98.05810344827586,-79.41203448275861,126.31793103448275,0.8,0.5,0.02,0.5,0.55,0.6,0.62,0.26,0.62,0.07,1.0,0.55,0.04,0.55,0.86,1.8,1.05,0.16,1.05,1.47,1.5,0.6,0.37,0.6,1.39,1.4,0.51,0.25,0.51,1.1,2.2,0.32,0.05,0.32,2.19,1.7,0.27,0.15,0.27,1.7,2.2,-1.24,0.21,-1.24,1.8,0.8,0.23,0.09,0.23,0.72,1.3,-0.54,0.05,-0.54,1.22,0.4,-0.33,0.12,-0.33,0.1
9.867999999999999,3.2371428571428607,143.6671428571428,-3.3207142857142826,-80.00499999999997,32.74285714285713,-13.358071428571433,-11.433142857142848,11.948928571428544,-26.628214285714314,13.899785714285725,-20.0087857142857,98.05314285714284,-79.58185714285715,126.41957142857142,0.7785714285714345,0.5021428571428566,0.015714285714286895,0.5021428571428566,0.5457142857142869,0.6214285714285656,0.62,0.2514285714285738,0.62,0.07642857142856967,1.0214285714285656,0.5692857142857091,0.03357142857143034,0.5692857142857091,0.8557142857142869,1.8214285714285656,1.0414285714285738,0.17071428571428277,1.0414285714285738,1.4871428571428524,1.5428571428571312,0.5550000000000124,0.4021428571428483,0.5550000000000124,1.4499999999999833,1.3571428571428688,0.4650000000000124,0.2821428571428483,0.4650000000000124,1.095714285714287,2.157142857142869,0.3264285714285697,0.09928571428570075,0.3264285714285697,2.1385714285714426,1.7428571428571311,0.22714285714286894,0.12000000000000824,0.22714285714286894,1.7342857142857049,2.2428571428571313,-1.2292857142857172,0.2378571428571352,-1.2292857142857172,1.8492857142857007,0.8,0.2021428571428648,0.07714285714286068,0.2021428571428648,0.7157142857142869,1.2571428571428689,-0.4907142857142993,0.10357142857141385,-0.4907142857142993,1.181428571428582,0.3785714285714345,-0.31714285714286067,0.13285714285713932,-0.31714285714286067,0.10214285714285656
9.917999999999997,3.1320689655172473,145.023448275862,-3.3986206896551683,-81.1082758620689,33.28620689655168,-13.220689655172421,-11.692931034482744,12.758517241379261,-25.761241379310395,13.576413793103468,-20.499310344827556,98.24189655172412,-79.76241379310345,126.68055172413793,0.7,0.51,0.0,0.51,0.53,0.7,0.62,0.22,0.62,0.1,1.1,0.64,0.01,0.64,0.84,1.9,1.01,0.21,1.01,1.55,1.7,0.39,0.52,0.39,1.67,1.2,0.3,0.4,0.3,1.08,2.0,0.35,0.28,0.35,1.95,1.9,0.07,0.01,0.07,1.86,2.4,-1.19,0.34,-1.19,2.03,0.8,0.1,0.03,0.1,0.7,1.1,-0.31,0.3,-0.31,1.04,0.3,-0.27,0.18,-0.27,0.11
9.967999999999998,3.0193103448275913,146.3775862068965,-3.4862068965517206,-82.21620689655168,33.74482758620688,-13.072172413793108,-11.897896551724127,12.811206896551722,-24.54927586206902,13.317275862068977,-21.018206896551703,98.39496551724137,-80.02099999999999,126.9753448275862,0.7,0.51,0.0,0.51,0.53,0.7,0.62,0.22,0.62,0.1,1.1,0.64,0.01,0.64,0.84,1.9,1.01,0.21,1.01,1.55,1.7,0.39,0.52,0.39,1.67,1.2,0.3,0.4,0.3,1.08,2.0,0.35,0.28,0.35,1.95,1.9,0.07,0.01,0.07,1.86,2.4,-1.19,0.34,-1.19,2.03,0.8,0.1,0.03,0.1,0.7,1.1,-0.31,0.3,-0.31,1.04,0.3,-0.27,0.18,-0.27,0.11
10.017999999999999,2.905000000000002,147.75499999999997,-3.5699999999999985,-83.33499999999998,33.8,-12.921500000000004,-12.358999999999991,12.849499999999999,-23.05900000000003,13.056500000000005,-21.43699999999999,98.417,-80.2585,127.1405,0.7,0.51,0.0,0.51,0.53,0.7,0.62,0.22,0.62,0.1,1.1,0.64,0.01,0.64,0.84,1.9,1.01,0.21,1.01,1.55,1.7,0.39,0.52,0.39,1.67,1.2,0.3,0.4,0.3,1.08,2.0,0.35,0.28,0.35,1.95,1.9,0.07,0.01,0.07,1.86,2.4,-1.19,0.34,-1.19,2.03,0.8,0.1,0.03,0.1,0.7,1.1,-0.31,0.3,-0.31,1.04,0.3,-0.27,0.18,-0.27,0.11
10.067999999999998,2.7925000000000058,149.11249999999993,-3.6524999999999963,-84.43749999999994,33.749999999999986,-12.781000000000004,-12.862249999999973,12.931499999999984,-21.49250000000009,12.83475,-21.814999999999987,98.42725,-80.47025,127.27974999999999,0.7,0.51,0.0,0.51,0.53,0.7,0.62,0.22,0.62,0.1,1.1,0.64,0.01,0.64,0.84,1.9,1.01,0.21,1.01,1.55,1.7,0.39,0.52,0.39,1.67,1.2,0.3,0.4,0.3,1.08,2.0,0.35,0.28,0.35,1.95,1.9,0.07,0.01,0.07,1.86,2.4,-1.19,0.34,-1.19,2.03,0.8,0.1,0.03,0.1,0.7,1.1,-0.31,0.3,-0.31,1.04,0.3,-0.27,0.18,-0.27,0.11
10.117999999999999,2.6671428571428635,150.48749999999995,-3.7417857142857103,-85.5628571428571,34.0,-12.703214285714278,-13.48507142857139,13.348392857142832,-19.460357142857212,12.865678571428562,-22.051607142857137,98.48542857142857,-80.556,127.37560714285715,0.7,0.5103571428571421,0.0,0.5103571428571421,0.529642857142858,0.7,0.6196428571428579,0.21750000000000572,0.6196428571428579,0.09857142857143184,1.1,0.6407142857142841,0.011071428571426125,0.6407142857142841,0.8407142857142841,1.9,1.0082142857142897,0.21071428571428408,1.0082142857142897,1.5514285714285683,1.7,0.3796428571428808,0.5171428571428637,0.3796428571428808,1.6696428571428579,1.1964285714285796,0.29928571428571593,0.40285714285713636,0.29928571428571593,1.0771428571428638,1.9964285714285797,0.34892857142857386,0.2824999999999943,0.34892857142857386,1.9471428571428637,1.9035714285714203,0.06535714285715347,0.01499999999998858,0.06535714285715347,1.8649999999999887,2.4,-1.189642857142858,0.34,-1.189642857142858,2.0310714285714258,0.8,0.10071428571428409,0.03142857142856816,0.10071428571428409,0.7007142857142841,1.1,-0.30964285714285794,0.30071428571428405,-0.30964285714285794,1.0385714285714318,0.3,-0.2707142857142841,0.17964285714285796,-0.2707142857142841,0.11107142857142613
10.167999999999997,2.5160714285714363,151.86249999999993,-3.8310714285714242,-86.69749999999995,34.0,-12.863107142857135,-14.345214285714244,13.86803571428569,-17.893714285714367,13.098785714285702,-22.167178571428565,98.42657142857144,-80.60189285714284,127.37157142857143,0.7,0.52,0.0,0.52,0.52,0.7,0.61,0.15,0.61,0.06,1.1,0.66,0.04,0.66,0.86,1.9,0.96,0.23,0.96,1.59,1.7,0.1,0.44,0.1,1.66,1.1,0.28,0.48,0.28,1.0,1.9,0.32,0.35,0.32,1.87,2.0,-0.06,0.15,-0.06,2.0,2.4,-1.18,0.34,-1.18,2.06,0.8,0.12,0.07,0.12,0.72,1.1,-0.3,0.32,-0.3,1.0,0.3,-0.29,0.17,-0.29,0.14
10.217999999999998,2.368571428571435,153.20999999999995,-3.9342857142857097,-87.81571428571424,34.0,-13.019857142857136,-15.338714285714236,14.376285714285693,-16.070571428571508,13.327857142857134,-22.187571428571427,98.47128571428571,-80.67171428571429,127.47685714285714,0.7,0.52,0.0,0.52,0.52,0.7,0.61,0.15,0.61,0.06,1.1,0.66,0.04,0.66,0.86,1.9,0.96,0.23,0.96,1.59,1.7,0.1,0.44,0.1,1.66,1.1,0.28,0.48,0.28,1.0,1.9,0.32,0.35,0.32,1.87,2.0,-0.06,0.15,-0.06,2.0,2.4,-1.18,0.34,-1.18,2.06,0.8,0.12,0.07,0.12,0.72,1.1,-0.3,0.32,-0.3,1.0,0.3,-0.29,0.17,-0.29,0.14
10.267999999999999,2.215000000000001,154.59214285714285,-4.023571428571429,-88.94142857142856,34.04285714285714,-13.179785714285712,-16.883642857142842,14.895571428571424,-13.845857142857167,13.56142857142857,-22.227642857142857,98.44607142857143,-81.07671428571427,127.704,0.7,0.52,0.0,0.52,0.52,0.7,0.61,0.15,0.61,0.06,1.1,0.66,0.04,0.66,0.86,1.9,0.96,0.23,0.96,1.59,1.7,0.1,0.44,0.1,1.66,1.1,0.28,0.48,0.28,1.0,1.9,0.32,0.35,0.32,1.87,2.0,-0.06,0.15,-0.06,2.0,2.4,-1.18,0.34,-1.18,2.06,0.8,0.12,0.07,0.12,0.72,1.1,-0.3,0.32,-0.3,1.0,0.3,-0.29,0.17,-0.29,0.14
10.317999999999998,2.0920689655172513,155.98482758620682,-4.046551724137922,-90.05103448275857,34.658620689655194,-13.383793103448244,-18.529862068965446,15.228103448275942,-10.390655172413949,13.785206896551719,-22.06810344827587,99.00186206896551,-81.8471724137931,128.5653103448276,0.7,0.52,0.0,0.52,0.52,0.7,0.61,0.15,0.61,0.06,1.1,0.66,0.04,0.66,0.86,1.9,0.96,0.23,0.96,1.59,1.7,0.1,0.44,0.1,1.66,1.1,0.28,0.48,0.28,1.0,1.9,0.32,0.35,0.32,1.87,2.0,-0.06,0.15,-0.06,2.0,2.4,-1.18,0.34,-1.18,2.06,0.8,0.12,0.07,0.12,0.72,1.1,-0.3,0.32,-0.3,1.0,0.3,-0.29,0.17,-0.29,0.14
10.367999999999999,1.86392857142858,157.3096428571428,-4.239285714285708,-91.20928571428567,34.042857142857166,-14.148571428571397,-20.137035714285656,13.288571428571506,-6.867071428571558,13.910607142857138,-21.838392857142868,98.99653571428571,-81.57057142857144,128.50296428571428,0.7,0.52,0.0,0.52,0.52,0.7,0.61,0.15,0.61,0.06,1.1,0.66,0.04,0.66,0.86,1.9,0.96,0.23,0.96,1.59,1.7,0.1,0.44,0.1,1.66,1.1,0.28,0.48,0.28,1.0,1.9,0.32,0.35,0.32,1.87,2.0,-0.06,0.15,-0.06,2.0,2.4,-1.18,0.34,-1.18,2.06,0.8,0.12,0.07,0.12,0.72,1.1,-0.3,0.32,-0.3,1.0,0.3,-0.29,0.17,-0.29,0.14
10.417999999999997,1.7157142857142937,158.72714285714278,-4.2642857142857125,-92.34285714285708,33.17142857142863,-14.827571428571405,-21.373142857142806,11.061857142857262,-3.987142857143011,13.869571428571444,-20.944571428571482,99.36942857142856,-81.89314285714283,128.90471428571425,0.7,0.53,0.01,0.53,0.5,0.8,0.59,0.09,0.59,0.01,1.1,0.71,0.07,0.71,0.86,1.9,1.02,0.29,1.02,1.61,1.6,0.08,0.3,0.08,1.58,1.1,0.26,0.45,0.26,1.01,1.9,0.26,0.37,0.26,1.85,2.1,-0.12,0.25,-0.12,2.09,2.3,-1.12,0.25,-1.12,2.0,0.9,0.08,0.09,0.08,0.73,1.1,-0.3,0.32,-0.3,1.0,0.4,-0.3,0.14,-0.3,0.15
10.467999999999998,1.5435714285714361,160.08749999999995,-4.372499999999995,-93.45714285714281,31.782142857142926,-14.723821428571437,-21.69232142857142,8.295142857142979,-0.5110357142858453,12.912142857142904,-19.496892857142925,99.47517857142857,-82.02985714285714,129.0692857142857,0.7,0.53,0.01,0.53,0.5,0.8,0.59,0.09,0.59,0.01,1.1,0.71,0.07,0.71,0.86,1.9,1.02,0.29,1.02,1.61,1.6,0.08,0.3,0.08,1.58,1.1,0.26,0.45,0.26,1.01,1.9,0.26,0.37,0.26,1.85,2.1,-0.12,0.25,-0.12,2.09,2.3,-1.12,0.25,-1.12,2.0,0.9,0.08,0.09,0.08,0.73,1.1,-0.3,0.32,-0.3,1.0,0.4,-0.3,0.14,-0.3,0.15
10.517999999999999,1.3525000000000016,161.465,-4.4849999999999985,-94.58999999999999,30.175000000000015,-14.507750000000001,-21.817749999999997,5.393750000000026,2.2034999999999774,11.806250000000011,-17.828250000000015,99.54225,-82.22574999999999,129.212,0.7,0.53,0.01,0.53,0.5,0.8,0.59,0.09,0.59,0.01,1.1,0.71,0.07,0.71,0.86,1.9,1.02,0.29,1.02,1.61,1.6,0.08,0.3,0.08,1.58,1.1,0.26,0.45,0.26,1.01,1.9,0.26,0.37,0.26,1.85,2.1,-0.12,0.25,-0.12,2.09,2.3,-1.12,0.25,-1.12,2.0,0.9,0.08,0.09,0.08,0.73,1.1,-0.3,0.32,-0.3,1.0,0.4,-0.3,0.14,-0.3,0.15
10.567999999999998,1.1562962962963048,162.8488888888888,-4.5892592592592605,-95.72370370370365,28.477777777778062,-14.291666666666677,-21.93099999999999,2.4917777777779118,4.73866666666656,10.700814814814867,-16.129037037037133,99.63859259259252,-82.42325925925928,129.3794444444444,0.7,0.53,0.01,0.53,0.5,0.8,0.59,0.09,0.59,0.01,1.1,0.71,0.07,0.71,0.86,1.9,1.02,0.29,1.02,1.61,1.6,0.08,0.3,0.08,1.58,1.1,0.26,0.45,0.26,1.01,1.9,0.26,0.37,0.26,1.85,2.1,-0.12,0.25,-0.12,2.09,2.3,-1.12,0.25,-1.12,2.0,0.9,0.08,0.09,0.08,0.73,1.1,-0.3,0.32,-0.3,1.0,0.4,-0.3,0.14,-0.3,0.15
10.617999999999999,0.9622222222222294,164.2844444444444,-4.561111111111112,-96.89999999999996,22.544444444444647,-13.882111111111133,-22.122111111111103,-0.2984444444443499,6.929777777777705,9.589777777777817,-14.017777777777855,101.01511111111107,-81.986,130.20455555555554,0.7,0.53,0.01,0.53,0.5,0.8,0.59,0.09,0.59,0.01,1.1,0.71,0.07,0.71,0.86,1.9,1.02,0.29,1.02,1.61,1.6,0.08,0.3,0.08,1.58,1.1,0.26,0.45,0.26,1.01,1.9,0.26,0.37,0.26,1.85,2.1,-0.12,0.25,-0.12,2.09,2.3,-1.12,0.25,-1.12,2.0,0.9,0.08,0.09,0.08,0.73,1.1,-0.3,0.32,-0.3,1.0,0.4,-0.3,0.14,-0.3,0.15
10.667999999999997,0.7721428571428641,165.67928571428567,-4.627142857142854,-98.02749999999996,19.350000000000097,-11.351821428571537,-22.204321428571426,-1.773107142857083,7.272750000000006,8.53057142857147,-11.258285714285826,101.27232142857142,-81.96414285714287,130.39239285714285,0.7,0.53,0.01,0.53,0.5,0.8,0.59,0.09,0.59,0.01,1.1,0.71,0.07,0.71,0.86,1.9,1.02,0.29,1.02,1.61,1.6,0.08,0.3,0.08,1.58,1.1,0.26,0.45,0.26,1.01,1.9,0.26,0.37,0.26,1.85,2.1,-0.12,0.25,-0.12,2.09,2.3,-1.12,0.25,-1.12,2.0,0.9,0.08,0.09,0.08,0.73,1.1,-0.3,0.32,-0.3,1.0,0.4,-0.3,0.14,-0.3,0.15
10.717999999999998,0.5650000000000095,167.10499999999996,-4.6999999999999975,-99.17499999999995,17.500000000000128,-10.033499999999895,-22.185,-3.149999999999993,6.174500000000046,7.424500000000054,-8.16050000000011,101.76449999999997,-82.15149999999991,130.9134999999999,0.7,0.53,0.01,0.53,0.5,0.8,0.59,0.09,0.59,0.01,1.1,0.71,0.07,0.71,0.86,1.9,1.02,0.29,1.02,1.61,1.6,0.08,0.3,0.08,1.58,1.1,0.26,0.45,0.26,1.01,1.9,0.26,0.37,0.26,1.85,2.1,-0.12,0.25,-0.12,2.09,2.3,-1.12,0.25,-1.12,2.0,0.9,0.08,0.09,0.08,0.73,1.1,-0.3,0.32,-0.3,1.0,0.4,-0.3,0.14,-0.3,0.15
10.767999999999997,0.28925925925926627,168.44740740740735,-4.780370370370367,-100.3281481481481,12.325925925926153,-16.71962962962924,-22.389814814814734,-2.270148148148211,4.726333333333446,5.507000000000099,-5.156259259259368,102.09885185185202,-85.3184814814818,133.14222222222256,0.7,0.53,0.01,0.53,0.5,0.8,0.59,0.09,0.59,0.01,1.1,0.71,0.07,0.71,0.86,1.9,1.02,0.29,1.02,1.61,1.6,0.08,0.3,0.08,1.58,1.1,0.26,0.45,0.26,1.01,1.9,0.26,0.37,0.26,1.85,2.1,-0.12,0.25,-0.12,2.09,2.3,-1.12,0.25,-1.12,2.0,0.9,0.08,0.09,0.08,0.73,1.1,-0.3,0.32,-0.3,1.0,0.4,-0.3,0.14,-0.3,0.15
10.817999999999998,0.17379310344827928,169.93379310344824,-4.85413793103448,-101.41999999999996,7.886206896551787,-24.691862068965374,-24.33706896551717,-0.9826206896552034,2.1786896551725015,3.4391379310345433,-3.0316896551724803,98.0590344827586,-76.62034482758642,124.6263103448277,0.7,0.53,0.01,0.53,0.5,0.8,0.59,0.09,0.59,0.01,1.1,0.71,0.07,0.71,0.86,1.9,1.02,0.29,1.02,1.61,1.6,0.08,0.3,0.08,1.58,1.1,0.26,0.45,0.26,1.01,1.9,0.26,0.37,0.26,1.85,2.1,-0.12,0.25,-0.12,2.09,2.3,-1.12,0.25,-1.12,2.0,0.9,0.08,0.09,0.08,0.73,1.1,-0.3,0.32,-0.3,1.0,0.4,-0.3,0.14,-0.3,0.15
10.867999999999999,0.013333333333341232,171.31777777777774,-4.916666666666664,-102.41999999999997,5.922222222222294,-28.482666666666553,-26.454999999999924,-0.29222222222223715,-0.45533333333324055,1.8052222222222727,-1.0414444444445146,98.89711111111107,-70.8804444444446,121.77166666666673,0.7,0.53,0.01,0.53,0.5,0.8,0.59,0.09,0.59,0.01,1.1,0.71,0.07,0.71,0.86,1.9,1.02,0.29,1.02,1.61,1.6,0.08,0.3,0.08,1.58,1.1,0.26,0.45,0.26,1.01,1.9,0.26,0.37,0.26,1.85,2.1,-0.12,0.25,-0.12,2.09,2.3,-1.12,0.25,-1.12,2.0,0.9,0.08,0.09,0.08,0.73,1.1,-0.3,0.32,-0.3,1.0,0.4,-0.3,0.14,-0.3,0.15
