Time,Height above ground [m],X [m],Y [m],Z [m],Opening Angle [°],Stalling Angle Left [°],Stalling Angle Right [°],Roll Angle Left [°],Roll Angle Right [°],Yaw Angle Left [°],Yaw Angle Right [°],Speed hor. [km/h],Speed vert. [km/h],Speed resulting [km/h],W1_Speed,W1_Tangent,W1_Turbulence,W1_CleanTan,W1_Cross,W2_Speed,W2_Tangent,W2_Turbulence,W2_CleanTan,W2_Cross,W3_Speed,W3_Tangent,W3_Turbulence,W3_CleanTan,W3_Cross,W4_Speed,W4_Tangent,W4_Turbulence,W4_CleanTan,W4_Cross,W5_Speed,W5_Tangent,W5_Turbulence,W5_CleanTan,W5_Cross,W6_Speed,W6_Tangent,W6_Turbulence,W6_CleanTan,W6_Cross,W7_Speed,W7_Tangent,W7_Turbulence,W7_CleanTan,W7_Cross,W8_Speed,W8_Tangent,W8_Turbulence,W8_CleanTan,W8_Cross,W9_Speed,W9_Tangent,W9_Turbulence,W9_CleanTan,W9_Cross,W10_Speed,W10_Tangent,W10_Turbulence,W10_CleanTan,W10_Cross,W11_Speed,W11_Tangent,W11_Turbulence,W11_CleanTan,W11_Cross,W12_Speed,W12_Tangent,W12_Turbulence,W12_CleanTan,W12_Cross
0.0,,-82.2,-0.0,43.73,,,,,,,,0.0,0.0,0.0,1.3,0.38,0.12,0.38,1.24,0.9,-0.58,0.11,-0.58,0.17,0.6,-0.17,0.03,-0.17,0.45,0.4,-0.16,0.07,-0.16,0.42,0.2,-0.1,0.1,-0.1,0.08,0.6,0.26,0.03,0.26,0.42,0.5,-0.04,0.06,-0.04,0.54,0.7,-0.03,0.14,-0.03,0.73,1.0,0.23,0.07,0.23,0.91,1.2,1.01,0.16,1.01,0.57,1.5,-0.75,0.23,-0.75,1.08,1.1,1.13,0.02,1.13,0.12
0.05,,-81.21450143815916,0.0,43.20579098753595,,,,,,,,1.1723274209012466,-0.23851869606903167,1.1963446788111218,1.2952061361457334,0.3767641418983701,0.11988015340364333,0.3767641418983701,1.2364046021093,0.9023969319271333,-0.5791610738255033,0.10964046021093,-0.5791610738255033,0.1739549376797699,0.5988015340364333,-0.1680824544582934,0.02964046021093001,-0.1680824544582934,0.45,0.4047938638542666,-0.16,0.07191754554170662,-0.16,0.42227708533077657,0.20479386385426654,-0.10503355704697988,0.10083892617449665,-0.10503355704697988,0.08059923298178331,0.6011984659635666,0.2553259827420901,0.030359539789069988,0.2553259827420901,0.4216778523489933,0.49520613614573344,-0.04071907957813998,0.061917545541706615,-0.04071907957813998,0.5347267497603069,0.6988015340364333,-0.025445829338446788,0.13856184084372006,-0.025445829338446788,0.72676414189837,1.0059923298178333,0.23862895493767977,0.07371524448705657,0.23862895493767977,0.9131160115052733,1.1988015340364333,1.0067641418983702,0.15976030680728667,1.0067641418983702,0.5726366251198466,1.5,-0.7424496644295302,0.22820230105465006,-0.7424496644295302,1.0827564717162033,1.1071907957814,1.1361121764141897,0.024314477468839885,1.1361121764141897,0.12215723873441994
0.1,,-80.22900287631832,0.0,42.68158197507191,,,,,,,,2.3446548418024933,-0.47703739213806334,2.3926893576222437,1.290412272291467,0.3735282837967402,0.11976030680728666,0.3735282837967402,1.2328092042186,0.9047938638542665,-0.5783221476510066,0.10928092042186002,-0.5783221476510066,0.1779098753595398,0.5976030680728667,-0.16616490891658678,0.029280920421860018,-0.16616490891658678,0.45,0.4095877277085331,-0.16,0.07383509108341324,-0.16,0.4245541706615532,0.2095877277085331,-0.11006711409395974,0.10167785234899329,-0.11006711409395974,0.08119846596356664,0.6023969319271333,0.2506519654841803,0.03071907957813998,0.2506519654841803,0.42335570469798656,0.49041227229146694,-0.04143815915627996,0.06383509108341323,-0.04143815915627996,0.5294534995206136,0.6976030680728666,-0.020891658676893576,0.1371236816874401,-0.020891658676893576,0.7235282837967402,1.0119846596356663,0.24725790987535956,0.07743048897411314,0.24725790987535956,0.9162320230105465,1.1976030680728666,1.00352828379674,0.15952061361457334,1.00352828379674,0.5752732502396931,1.5,-0.7348993288590604,0.2264046021093001,-0.7348993288590604,1.0855129434324067,1.1143815915627997,1.1422243528283795,0.028628954937679772,1.1422243528283795,0.12431447746883988
0.15000000000000002,,-79.24350431447748,0.0,42.15737296260786,,,,,,,,3.51698226270374,-0.7155560882070952,3.589034036433366,1.2856184084372004,0.3702924256951103,0.11964046021093,0.3702924256951103,1.2292138063279003,0.9071907957813998,-0.57748322147651,0.10892138063279003,-0.57748322147651,0.1818648130393097,0.5964046021093,-0.16424736337488016,0.02892138063279003,-0.16424736337488016,0.45,0.41438159156279963,-0.16,0.07575263662511986,-0.16,0.4268312559923298,0.21438159156279962,-0.11510067114093961,0.10251677852348993,-0.11510067114093961,0.08179769894534995,0.6035953978906999,0.2459779482262704,0.03107861936720997,0.2459779482262704,0.42503355704697987,0.4856184084372004,-0.04215723873441994,0.06575263662511985,-0.04215723873441994,0.5241802492809204,0.6964046021093,-0.01633748801534036,0.13568552253116012,-0.01633748801534036,0.7202924256951102,1.0179769894534996,0.25588686481303935,0.08114573346116971,0.25588686481303935,0.9193480345158198,1.1964046021093,1.0002924256951102,0.15928092042186,1.0002924256951102,0.5779098753595397,1.5,-0.7273489932885906,0.22460690316395016,-0.7273489932885906,1.0882694151486099,1.1215723873441996,1.1483365292425693,0.03294343240651966,1.1483365292425693,0.1264717162032598
0.2,,-78.25800575263662,0.0,41.63316395014381,,,,,,,,4.689309683604987,-0.9540747842761267,4.785378715244487,1.2808245445829338,0.3670565675934804,0.11952061361457335,0.3670565675934804,1.2256184084372004,0.9095877277085331,-0.5766442953020133,0.10856184084372004,-0.5766442953020133,0.18581975071907958,0.5952061361457335,-0.16232981783317355,0.028561840843720036,-0.16232981783317355,0.45,0.4191754554170662,-0.16,0.07767018216682647,-0.16,0.42910834132310643,0.21917545541706618,-0.12013422818791947,0.10335570469798658,-0.12013422818791947,0.08239693192713327,0.6047938638542665,0.2413039309683605,0.03143815915627996,0.2413039309683605,0.42671140939597313,0.48082454458293383,-0.042876318312559926,0.06767018216682646,-0.042876318312559926,0.5189069990412273,0.6952061361457335,-0.01178331735378715,0.13424736337488016,-0.01178331735378715,0.7170565675934804,1.0239693192713326,0.2645158197507191,0.08486097794822628,0.2645158197507191,0.922464046021093,1.1952061361457333,0.9970565675934804,0.1590412272291467,0.9970565675934804,0.5805465004793864,1.5,-0.7197986577181208,0.2228092042186002,-0.7197986577181208,1.091025886864813,1.1287631831255993,1.1544487056567592,0.03725790987535954,1.1544487056567592,0.12862895493767976
0.25,,-77.27250719079578,0.0,41.10895493767977,,,,,,,,5.861637104506233,-1.1925934803451583,5.981723394055609,1.2760306807286674,0.3638207094918504,0.11940076701821668,0.3638207094918504,1.2220230105465004,0.9119846596356663,-0.5758053691275168,0.10820230105465005,-0.5758053691275168,0.18977468839884948,0.5940076701821668,-0.16041227229146693,0.028202301054650047,-0.16041227229146693,0.45,0.42396931927133275,-0.16,0.07958772770853309,-0.16,0.431385426653883,0.2239693192713327,-0.12516778523489935,0.10419463087248323,-0.12516778523489935,0.08299616490891659,0.6059923298178331,0.23662991371045064,0.03179769894534995,0.23662991371045064,0.42838926174496644,0.4760306807286673,-0.043595397890699904,0.06958772770853308,-0.043595397890699904,0.5136337488015341,0.6940076701821668,-0.007229146692233939,0.1328092042186002,-0.007229146692233939,0.7138207094918504,1.0299616490891659,0.2731447746883989,0.08857622243528285,0.2731447746883989,0.9255800575263663,1.1940076701821667,0.9938207094918504,0.15880153403643338,0.9938207094918504,0.5831831255992329,1.5,-0.712248322147651,0.22101150527325025,-0.712248322147651,1.0937823585810165,1.1359539789069992,1.160560882070949,0.04157238734419942,1.160560882070949,0.1307861936720997
0.30000000000000004,,-76.28700862895494,0.0,40.58474592521572,,,,,,,,7.03396452540748,-1.4311121764141903,7.178068072866732,1.2712368168744008,0.3605848513902205,0.11928092042186002,0.3605848513902205,1.2184276126558005,0.9143815915627996,-0.5749664429530201,0.10784276126558005,-0.5749664429530201,0.19372962607861938,0.5928092042186002,-0.1584947267497603,0.027842761265580055,-0.1584947267497603,0.45,0.42876318312559925,-0.16,0.08150527325023971,-0.16,0.4336625119846596,0.22876318312559923,-0.1302013422818792,0.10503355704697988,-0.1302013422818792,0.0835953978906999,0.6071907957813998,0.23195589645254075,0.03215723873441994,0.23195589645254075,0.4300671140939597,0.4712368168744008,-0.04431447746883989,0.0715052732502397,-0.04431447746883989,0.5083604985618408,0.6928092042186001,-0.0026749760306807244,0.13137104506232025,-0.0026749760306807244,0.7105848513902205,1.0359539789069991,0.2817737296260786,0.09229146692233942,0.2817737296260786,0.9286960690316395,1.1928092042186003,0.9905848513902206,0.15856184084372005,0.9905848513902206,0.5858197507190795,1.5,-0.7046979865771812,0.2192138063279003,-0.7046979865771812,1.0965388302972197,1.143144774688399,1.166673058485139,0.045886864813039316,1.166673058485139,0.13294343240651965
0.35000000000000003,,-75.3015100671141,0.0,40.06053691275167,,,,,,,,8.206291946308728,-1.6696308724832218,8.374412751677854,1.2664429530201342,0.3573489932885906,0.11916107382550335,0.3573489932885906,1.2148322147651007,0.9167785234899329,-0.5741275167785235,0.10748322147651007,-0.5741275167785235,0.19768456375838928,0.5916107382550335,-0.1565771812080537,0.027483221476510066,-0.1565771812080537,0.45,0.4335570469798658,-0.16,0.08342281879194632,-0.16,0.43593959731543624,0.2335570469798658,-0.13523489932885907,0.10587248322147652,-0.13523489932885907,0.08419463087248322,0.6083892617449664,0.2272818791946309,0.032516778523489935,0.2272818791946309,0.431744966442953,0.4664429530201342,-0.045033557046979866,0.07342281879194631,-0.045033557046979866,0.5030872483221477,0.6916107382550335,0.001879194630872487,0.12993288590604027,0.001879194630872487,0.7073489932885906,1.0419463087248322,0.2904026845637584,0.09600671140939598,0.2904026845637584,0.9318120805369128,1.1916107382550336,0.9873489932885906,0.15832214765100672,0.9873489932885906,0.5884563758389262,1.5,-0.6971476510067114,0.21741610738255035,-0.6971476510067114,1.0992953020134228,1.1503355704697988,1.1727852348993288,0.0502013422818792,1.1727852348993288,0.1351006711409396
0.4,,-74.31601150527325,0.0,39.53632790028763,,,,,,,,9.378619367209973,-1.9081495685522534,9.570757430488975,1.2616490891658678,0.3541131351869607,0.11904122722914669,0.3541131351869607,1.2112368168744008,0.9191754554170661,-0.5732885906040268,0.10712368168744008,-0.5732885906040268,0.20163950143815917,0.5904122722914669,-0.15465963566634708,0.027123681687440074,-0.15465963566634708,0.45,0.43835091083413236,-0.16,0.08534036433365294,-0.16,0.43821668264621283,0.23835091083413232,-0.14026845637583896,0.10671140939597316,-0.14026845637583896,0.08479386385426654,0.6095877277085331,0.222607861936721,0.032876318312559924,0.222607861936721,0.43342281879194633,0.46164908916586767,-0.04575263662511985,0.07534036433365293,-0.04575263662511985,0.49781399808245447,0.6904122722914668,0.006433365292425698,0.1284947267497603,0.006433365292425698,0.7041131351869607,1.0479386385426654,0.2990316395014382,0.09972195589645255,0.2990316395014382,0.9349280920421861,1.190412272291467,0.9841131351869608,0.1580824544582934,0.9841131351869608,0.5910930009587727,1.5,-0.6895973154362416,0.2156184084372004,-0.6895973154362416,1.102051773729626,1.1575263662511985,1.1788974113135187,0.05451581975071908,1.1788974113135187,0.13725790987535955
0.45,,-73.33051294343241,0.0,39.01211888782358,,,,,,,,10.55094678811122,-2.146668264621285,10.767102109300097,1.2568552253116012,0.3508772770853308,0.11892138063279002,0.3508772770853308,1.2076414189837008,0.9215723873441994,-0.5724496644295302,0.10676414189837008,-0.5724496644295302,0.20559443911792907,0.5892138063279002,-0.15274209012464046,0.026764141898370085,-0.15274209012464046,0.45,0.44314477468839886,-0.16,0.08725790987535954,-0.16,0.4404937679769894,0.24314477468839887,-0.14530201342281882,0.10755033557046981,-0.14530201342281882,0.08539309683604986,0.6107861936720997,0.21793384467881113,0.03323585810162991,0.21793384467881113,0.4351006711409396,0.45685522531160117,-0.04647171620325983,0.07725790987535953,-0.04647171620325983,0.4925407478427613,0.6892138063279002,0.01098753595397891,0.12705656759348036,0.01098753595397891,0.7008772770853308,1.0539309683604985,0.307660594439118,0.10343720038350912,0.307660594439118,0.9380441035474593,1.1892138063279003,0.9808772770853308,0.15784276126558006,0.9808772770853308,0.5937296260786193,1.5,-0.6820469798657718,0.21382070949185045,-0.6820469798657718,1.1048082454458295,1.1647171620325985,1.1850095877277085,0.05883029721955897,1.1850095877277085,0.1394151486097795
0.5,,-72.34501438159157,0.0,38.487909875359534,,,,,,,,11.723274209012466,-2.3851869606903167,11.963446788111218,1.2520613614573346,0.3476414189837009,0.11880153403643336,0.3476414189837009,1.2040460210930009,0.9239693192713327,-0.5716107382550335,0.1064046021093001,-0.5716107382550335,0.20954937679769897,0.5880153403643337,-0.15082454458293384,0.026404602109300096,-0.15082454458293384,0.45,0.4479386385426654,-0.16,0.08917545541706616,-0.16,0.44277085330776605,0.2479386385426654,-0.15033557046979867,0.10838926174496645,-0.15033557046979867,0.08599232981783318,0.6119846596356663,0.21325982742090124,0.0335953978906999,0.21325982742090124,0.4367785234899329,0.4520613614573346,-0.047190795781399814,0.07917545541706615,-0.047190795781399814,0.4872674976030681,0.6880153403643336,0.01554170661553212,0.1256184084372004,0.01554170661553212,0.6976414189837008,1.0599232981783318,0.3162895493767977,0.10715244487056569,0.3162895493767977,0.9411601150527326,1.1880153403643336,0.9776414189837008,0.15760306807286673,0.9776414189837008,0.596366251198466,1.5,-0.674496644295302,0.2120230105465005,-0.674496644295302,1.1075647171620326,1.1719079578139981,1.1911217641418983,0.06314477468839885,1.1911217641418983,0.1415723873441994
0.55,,-71.35951581975073,0.0,37.96370086289549,,,,,,,,12.895601629913713,-2.6237056567593484,13.159791466922341,1.2472674976030682,0.34440556088207097,0.11868168744007669,0.34440556088207097,1.2004506232023011,0.926366251198466,-0.5707718120805368,0.1060450623202301,-0.5707718120805368,0.21350431447746887,0.586816874400767,-0.14890699904122723,0.026045062320230104,-0.14890699904122723,0.45,0.45273250239693197,-0.16,0.09109300095877278,-0.16,0.44504793863854264,0.25273250239693196,-0.15536912751677856,0.1092281879194631,-0.15536912751677856,0.0865915627996165,0.6131831255992329,0.20858581016299138,0.0339549376797699,0.20858581016299138,0.43845637583892616,0.44726749760306805,-0.04790987535953979,0.08109300095877277,-0.04790987535953979,0.48199424736337493,0.686816874400767,0.02009587727708534,0.12418024928092043,0.02009587727708534,0.694405560882071,1.065915627996165,0.3249185043144775,0.11086768935762226,0.3249185043144775,0.9442761265580057,1.186816874400767,0.974405560882071,0.1573633748801534,0.974405560882071,0.5990028763183125,1.5,-0.6669463087248322,0.21022531160115054,-0.6669463087248322,1.1103211888782358,1.179098753595398,1.1972339405560881,0.06745925215723873,1.1972339405560881,0.14372962607861936
0.6000000000000001,,-70.37401725790987,0.0,37.439491850431445,,,,,,,,14.06792905081496,-2.8622243528283806,14.356136145733464,1.2424736337488016,0.341169702780441,0.11856184084372004,0.341169702780441,1.1968552253116012,0.9287631831255992,-0.5699328859060402,0.10568552253116012,-0.5699328859060402,0.21745925215723877,0.5856184084372004,-0.1469894534995206,0.02568552253116011,-0.1469894534995206,0.45,0.4575263662511985,-0.16,0.0930105465004794,-0.16,0.4473250239693193,0.2575263662511985,-0.16040268456375842,0.11006711409395974,-0.16040268456375842,0.08719079578139981,0.6143815915627996,0.2039117929050815,0.03431447746883989,0.2039117929050815,0.4401342281879195,0.4424736337488015,-0.04862895493767977,0.08301054650047938,-0.04862895493767977,0.4767209971236817,0.6856184084372003,0.02465004793863855,0.12274209012464046,0.02465004793863855,0.691169702780441,1.071907957813998,0.33354745925215723,0.11458293384467882,0.33354745925215723,0.947392138063279,1.1856184084372003,0.971169702780441,0.1571236816874401,0.971169702780441,0.6016395014381591,1.5,-0.6593959731543624,0.20842761265580056,-0.6593959731543624,1.1130776605944392,1.1862895493767978,1.203346116970278,0.07177372962607863,1.203346116970278,0.1458868648130393
0.65,,-69.38851869606903,0.0,36.915282837967396,,,,,,,,15.240256471716206,-3.100743048897412,15.552480824544585,1.237679769894535,0.3379338446788111,0.11844199424736337,0.3379338446788111,1.1932598274209012,0.9311601150527326,-0.5690939597315436,0.10532598274209012,-0.5690939597315436,0.22141418983700864,0.5844199424736337,-0.145071907957814,0.025325982742090122,-0.145071907957814,0.45,0.462320230105465,-0.16,0.09492809204218601,-0.16,0.44960210930009586,0.262320230105465,-0.16543624161073828,0.11090604026845638,-0.16543624161073828,0.08779002876318313,0.6155800575263662,0.19923777564717163,0.034674017257909875,0.19923777564717163,0.44181208053691273,0.437679769894535,-0.049348034515819754,0.084928092042186,-0.049348034515819754,0.4714477468839885,0.6844199424736337,0.02920421860019176,0.12130393096836051,0.02920421860019176,0.6879338446788111,1.0779002876318313,0.342176414189837,0.11829817833173539,0.342176414189837,0.9505081495685522,1.1844199424736337,0.9679338446788112,0.15688398849472676,0.9679338446788112,0.6042761265580057,1.5,-0.6518456375838926,0.20662991371045064,-0.6518456375838926,1.1158341323106424,1.1934803451581977,1.2094582933844678,0.07608820709491851,1.2094582933844678,0.14804410354745925
0.7000000000000001,,-68.40302013422819,0.0,36.391073825503355,,,,,,,,16.412583892617455,-3.3392617449664437,16.748825503355707,1.2328859060402686,0.3346979865771812,0.11832214765100671,0.3346979865771812,1.1896644295302012,0.9335570469798659,-0.568255033557047,0.10496644295302013,-0.568255033557047,0.22536912751677854,0.5832214765100671,-0.14315436241610738,0.024966442953020133,-0.14315436241610738,0.45,0.4671140939597316,-0.16,0.09684563758389263,-0.16,0.45187919463087245,0.26711409395973157,-0.17046979865771816,0.11174496644295304,-0.17046979865771816,0.08838926174496645,0.6167785234899329,0.19456375838926174,0.035033557046979864,0.19456375838926174,0.44348993288590605,0.43288590604026844,-0.05006711409395974,0.08684563758389262,-0.05006711409395974,0.46617449664429533,0.683221476510067,0.03375838926174497,0.11986577181208055,0.03375838926174497,0.6846979865771812,1.0838926174496644,0.3508053691275168,0.12201342281879196,0.3508053691275168,0.9536241610738255,1.183221476510067,0.9646979865771812,0.15664429530201343,0.9646979865771812,0.6069127516778523,1.5,-0.6442953020134228,0.20483221476510066,-0.6442953020134228,1.1185906040268456,1.2006711409395974,1.2155704697986576,0.08040268456375839,1.2155704697986576,0.1502013422818792
0.75,,-67.41752157238734,0.0,35.86686481303931,,,,,,,,17.5849113135187,-3.577780441035475,17.945170182166827,1.228092042186002,0.3314621284755513,0.11820230105465004,0.3314621284755513,1.1860690316395015,0.935953978906999,-0.5674161073825503,0.10460690316395015,-0.5674161073825503,0.22932406519654844,0.5820230105465004,-0.14123681687440076,0.024606903163950145,-0.14123681687440076,0.45,0.47190795781399814,-0.16,0.09876318312559924,-0.16,0.4541562799616491,0.2719079578139981,-0.175503355704698,0.11258389261744967,-0.175503355704698,0.08898849472674976,0.6179769894534995,0.18988974113135187,0.03539309683604985,0.18988974113135187,0.4451677852348993,0.4280920421860019,-0.050786193672099716,0.08876318312559923,-0.050786193672099716,0.4609012464046021,0.6820230105465004,0.038312559923298184,0.11842761265580058,0.038312559923298184,0.6814621284755513,1.0898849472674976,0.3594343240651966,0.12572866730584853,0.3594343240651966,0.9567401725790987,1.1820230105465004,0.9614621284755513,0.1564046021093001,0.9614621284755513,0.6095493767976989,1.5,-0.636744966442953,0.20303451581975074,-0.636744966442953,1.121347075743049,1.2078619367209973,1.2216826462128474,0.08471716203259828,1.2216826462128474,0.15235858101629912
0.8,,-66.4320230105465,0.0,35.34265580057526,,,,,,,,18.757238734419946,-3.8162991371045067,19.14151486097795,1.2232981783317354,0.3282262703739214,0.11808245445829338,0.3282262703739214,1.1824736337488015,0.9383509108341324,-0.5665771812080537,0.10424736337488015,-0.5665771812080537,0.2332790028763183,0.5808245445829339,-0.13931927133269417,0.024247363374880152,-0.13931927133269417,0.45,0.4767018216682647,-0.16,0.10068072866730586,-0.16,0.4564333652924257,0.2767018216682646,-0.18053691275167788,0.11342281879194632,-0.18053691275167788,0.08958772770853309,0.6191754554170661,0.18521572387344198,0.03575263662511985,0.18521572387344198,0.4468456375838926,0.42329817833173533,-0.051505273250239694,0.09068072866730585,-0.051505273250239694,0.4556279961649089,0.6808245445829338,0.042866730584851395,0.11698945349952063,0.042866730584851395,0.6782262703739214,1.095877277085331,0.36806327900287633,0.1294439117929051,0.36806327900287633,0.959856184084372,1.1808245445829337,0.9582262703739214,0.15616490891658677,0.9582262703739214,0.6121860019175456,1.5,-0.6291946308724832,0.20123681687440076,-0.6291946308724832,1.1241035474592522,1.215052732502397,1.2277948226270372,0.08903163950143816,1.2277948226270372,0.15451581975071907
0.8500000000000001,,-65.44652444870566,0.0,34.81844678811122,,,,,,,,19.929566155321194,-4.054817833173539,20.337859539789072,1.2185043144774688,0.3249904122722915,0.11796260786193671,0.3249904122722915,1.1788782358581016,0.9407478427612657,-0.565738255033557,0.10388782358581017,-0.565738255033557,0.2372339405560882,0.5796260786193672,-0.13740172579098753,0.02388782358581016,-0.13740172579098753,0.45,0.4814956855225312,-0.16,0.10259827420901248,-0.16,0.45871045062320226,0.2814956855225312,-0.18557046979865777,0.11426174496644297,-0.18557046979865777,0.0901869606903164,0.6203739213806327,0.1805417066155321,0.03611217641418984,0.1805417066155321,0.44852348993288593,0.41850431447746883,-0.05222435282837968,0.09259827420901247,-0.05222435282837968,0.45035474592521574,0.6796260786193672,0.047420901246404606,0.11555129434324066,0.047420901246404606,0.6749904122722914,1.101869606903164,0.3766922339405561,0.13315915627996167,0.3766922339405561,0.9629721955896453,1.179626078619367,0.9549904122722914,0.15592521572387344,0.9549904122722914,0.6148226270373921,1.5,-0.6216442953020134,0.1994391179290508,-0.6216442953020134,1.1268600191754554,1.222243528283797,1.2339069990412272,0.09334611697027806,1.2339069990412272,0.15667305848513902
0.9,,-64.46102588686482,0.0,34.29423777564717,,,,,,,,21.10189357622244,-4.29333652924257,21.534204218600195,1.2137104506232024,0.32175455417066157,0.11784276126558005,0.32175455417066157,1.1752828379674016,0.9431447746883989,-0.5648993288590604,0.10352828379674017,-0.5648993288590604,0.2411888782358581,0.5784276126558006,-0.13548418024928094,0.02352828379674017,-0.13548418024928094,0.45,0.48628954937679775,-0.16,0.10451581975071908,-0.16,0.4609875359539789,0.28628954937679774,-0.1906040268456376,0.11510067114093961,-0.1906040268456376,0.09078619367209971,0.6215723873441994,0.17586768935762226,0.03647171620325983,0.17586768935762226,0.4502013422818792,0.4137104506232023,-0.05294343240651966,0.09451581975071907,-0.05294343240651966,0.4450814956855226,0.6784276126558005,0.05197507190795782,0.1141131351869607,0.05197507190795782,0.6717545541706615,1.1078619367209972,0.38532118887823585,0.13687440076701823,0.38532118887823585,0.9660882070949185,1.1784276126558006,0.9517545541706616,0.1556855225311601,0.9517545541706616,0.6174592521572387,1.5,-0.6140939597315436,0.19764141898370086,-0.6140939597315436,1.1296164908916588,1.2294343240651966,1.240019175455417,0.09766059443911794,1.240019175455417,0.15883029721955896
0.9500000000000001,,-63.47552732502397,0.0,33.77002876318312,,,,,,,,22.274220997123688,-4.531855225311602,22.730548897411317,1.2089165867689358,0.3185186960690316,0.1177229146692234,0.3185186960690316,1.171687440076702,0.9455417066155322,-0.5640604026845637,0.10316874400767018,-0.5640604026845637,0.245143815915628,0.5772291466922339,-0.1335666347075743,0.023168744007670182,-0.1335666347075743,0.45,0.4910834132310643,-0.16,0.10643336529242571,-0.16,0.4632646212847555,0.29108341323106424,-0.19563758389261748,0.11593959731543625,-0.19563758389261748,0.09138542665388304,0.622770853307766,0.17119367209971237,0.036831255992329816,0.17119367209971237,0.4518791946308725,0.4089165867689357,-0.05366251198465964,0.0964333652924257,-0.05366251198465964,0.43980824544582936,0.6772291466922339,0.05652924256951103,0.11267497603068073,0.05652924256951103,0.6685186960690316,1.1138542665388302,0.39395014381591564,0.1405896452540748,0.39395014381591564,0.9692042186001918,1.177229146692234,0.9485186960690316,0.1554458293384468,0.9485186960690316,0.6200958772770853,1.5,-0.6065436241610738,0.1958437200383509,-0.6065436241610738,1.132372962607862,1.2366251198465965,1.2461313518696069,0.10197507190795782,1.2461313518696069,0.1609875359539789
1.0,,-62.490028763183126,0.0,33.24581975071908,,,,,,,,23.446548418024932,-4.770373921380633,23.926893576222437,1.2041227229146692,0.31528283796740175,0.11760306807286673,0.31528283796740175,1.168092042186002,0.9479386385426655,-0.563221476510067,0.1028092042186002,-0.563221476510067,0.2490987535953979,0.5760306807286673,-0.1316490891658677,0.02280920421860019,-0.1316490891658677,0.45,0.4958772770853308,-0.16,0.10835091083413231,-0.16,0.4655417066155321,0.2958772770853308,-0.20067114093959734,0.1167785234899329,-0.20067114093959734,0.09198465963566635,0.6239693192713327,0.16651965484180248,0.037190795781399805,0.16651965484180248,0.45355704697986576,0.4041227229146692,-0.05438159156279962,0.0983509108341323,-0.05438159156279962,0.43453499520613614,0.6760306807286672,0.06108341323106424,0.11123681687440078,0.06108341323106424,0.6652828379674017,1.1198465963566635,0.40257909875359543,0.14430488974113137,0.40257909875359543,0.972320230105465,1.1760306807286673,0.9452828379674018,0.15520613614573348,0.9452828379674018,0.6227325023969319,1.5,-0.598993288590604,0.19404602109300095,-0.598993288590604,1.1351294343240652,1.2438159156279962,1.2522435282837967,0.1062895493767977,1.2522435282837967,0.16314477468839883
1.05,,-61.50453020134228,0.0,32.72161073825503,,,,,,,,24.61887583892618,-5.008892617449665,25.12323825503356,1.1993288590604028,0.3120469798657718,0.11748322147651007,0.3120469798657718,1.164496644295302,0.9503355704697987,-0.5623825503355704,0.1024496644295302,-0.5623825503355704,0.2530536912751678,0.5748322147651006,-0.1297315436241611,0.0224496644295302,-0.1297315436241611,0.45,0.5006711409395974,-0.16,0.11026845637583893,-0.16,0.4678187919463087,0.30067114093959735,-0.2057046979865772,0.11761744966442954,-0.2057046979865772,0.09258389261744968,0.6251677852348994,0.16184563758389262,0.0375503355704698,0.16184563758389262,0.4552348993288591,0.39932885906040266,-0.0551006711409396,0.10026845637583892,-0.0551006711409396,0.429261744966443,0.6748322147651006,0.06563758389261745,0.1097986577181208,0.06563758389261745,0.6620469798657718,1.1258389261744965,0.4112080536912752,0.14802013422818794,0.4112080536912752,0.9754362416107383,1.1748322147651007,0.9420469798657718,0.15496644295302014,0.9420469798657718,0.6253691275167785,1.5,-0.5914429530201342,0.192248322147651,-0.5914429530201342,1.1378859060402686,1.2510067114093961,1.2583557046979865,0.1106040268456376,1.2583557046979865,0.1653020134228188
1.1,,-60.519031639501435,0.0,32.19740172579098,,,,,,,,25.791203259827427,-5.247411313518697,26.319582933844682,1.1945349952061362,0.3088111217641419,0.1173633748801534,0.3088111217641419,1.160901246404602,0.952732502396932,-0.5615436241610738,0.10209012464046022,-0.5615436241610738,0.2570086289549377,0.5736337488015341,-0.12781399808245447,0.02209012464046021,-0.12781399808245447,0.45,0.5054650047938639,-0.16,0.11218600191754555,-0.16,0.47009587727708535,0.30546500479386385,-0.2107382550335571,0.11845637583892618,-0.2107382550335571,0.09318312559923299,0.6263662511984659,0.15717162032598275,0.03790987535953979,0.15717162032598275,0.45691275167785234,0.3945349952061361,-0.05581975071907958,0.10218600191754554,-0.05581975071907958,0.42398849472674977,0.673633748801534,0.07019175455417068,0.10836049856184085,0.07019175455417068,0.6588111217641419,1.1318312559923298,0.41983700862895496,0.1517353787152445,0.41983700862895496,0.9785522531160116,1.173633748801534,0.9388111217641419,0.15472674976030681,0.9388111217641419,0.6280057526366251,1.5,-0.5838926174496644,0.19045062320230105,-0.5838926174496644,1.1406423777564718,1.2581975071907958,1.2644678811121763,0.11491850431447748,1.2644678811121763,0.16745925215723872
1.1500000000000001,,-59.53353307766059,0.0,31.673192713326937,,,,,,,,26.963530680728674,-5.485930009587729,27.515927612655805,1.1897411313518695,0.305575263662512,0.11724352828379674,0.305575263662512,1.1573058485139023,0.9551294343240653,-0.5607046979865772,0.10173058485139022,-0.5607046979865772,0.2609635666347076,0.5724352828379674,-0.12589645254074786,0.02173058485139022,-0.12589645254074786,0.45,0.5102588686481304,-0.16,0.11410354745925216,-0.16,0.47237296260786193,0.3102588686481304,-0.21577181208053697,0.11929530201342284,-0.21577181208053697,0.0937823585810163,0.6275647171620325,0.15249760306807286,0.03826941514860978,0.15249760306807286,0.45859060402684565,0.3897411313518696,-0.05653883029721957,0.10410354745925215,-0.05653883029721957,0.41871524448705655,0.6724352828379674,0.07474592521572389,0.1069223394055609,0.07474592521572389,0.655575263662512,1.137823585810163,0.42846596356663474,0.15545062320230107,0.42846596356663474,0.9816682646212848,1.1724352828379674,0.935575263662512,0.15448705656759348,0.935575263662512,0.6306423777564717,1.5,-0.5763422818791946,0.1886529242569511,-0.5763422818791946,1.143398849472675,1.2653883029721957,1.2705800575263662,0.11923298178331737,1.2705800575263662,0.16961649089165867
1.2000000000000002,,-58.54803451581975,0.0,31.148983700862892,,,,,,,,28.13585810162992,-5.724448705656761,28.712272291466927,1.1849472674976032,0.30233940556088207,0.11712368168744007,0.30233940556088207,1.1537104506232023,0.9575263662511985,-0.5598657718120805,0.10137104506232023,-0.5598657718120805,0.2649185043144775,0.5712368168744008,-0.12397890699904124,0.021371045062320227,-0.12397890699904124,0.45,0.515052732502397,-0.16,0.11602109300095878,-0.16,0.4746500479386385,0.31505273250239696,-0.22080536912751683,0.12013422818791947,-0.22080536912751683,0.09438159156279963,0.6287631831255992,0.14782358581016297,0.038628954937679774,0.14782358581016297,0.46026845637583896,0.384947267497603,-0.057257909875359544,0.10602109300095877,-0.057257909875359544,0.4134419942473634,0.6712368168744007,0.0793000958772771,0.10548418024928093,0.0793000958772771,0.652339405560882,1.1438159156279961,0.4370949185043145,0.15916586768935764,0.4370949185043145,0.9847842761265581,1.1712368168744007,0.932339405560882,0.15424736337488015,0.932339405560882,0.6332790028763183,1.5,-0.5687919463087248,0.18685522531160115,-0.5687919463087248,1.1461553211888784,1.2725790987535954,1.276692233940556,0.12354745925215725,1.276692233940556,0.17177372962607862
1.25,,-57.56253595397891,0.0,30.624774688398848,,,,,,,,29.308185522531165,-5.962967401725791,29.908616970278047,1.1801534036433365,0.29910354745925216,0.1170038350910834,0.29910354745925216,1.1501150527325024,0.9599232981783318,-0.5590268456375839,0.10101150527325024,-0.5590268456375839,0.26887344199424734,0.5700383509108341,-0.12206136145733462,0.021011505273250238,-0.12206136145733462,0.45,0.5198465963566635,-0.16,0.1179386385426654,-0.16,0.47692713326941516,0.31984659635666346,-0.22583892617449666,0.12097315436241612,-0.22583892617449666,0.09498082454458294,0.6299616490891659,0.1431495685522531,0.038988494726749756,0.1431495685522531,0.4619463087248322,0.3801534036433365,-0.05797698945349952,0.10793863854266539,-0.05797698945349952,0.4081687440076702,0.6700383509108341,0.0838542665388303,0.10404602109300097,0.0838542665388303,0.6491035474592521,1.1498082454458294,0.44572387344199427,0.1628811121764142,0.44572387344199427,0.9879002876318312,1.170038350910834,0.9291035474592522,0.15400767018216682,0.9291035474592522,0.6359156279961649,1.5,-0.561241610738255,0.1850575263662512,-0.561241610738255,1.1489117929050816,1.2797698945349953,1.2828044103547458,0.1278619367209971,1.2828044103547458,0.17393096836049854
1.3,,-56.57703739213807,0.0,30.100565675934803,,,,,,,,30.480512943432412,-6.201486097794824,31.10496164908917,1.17535953978907,0.29586768935762225,0.11688398849472675,0.29586768935762225,1.1465196548418024,0.9623202301054651,-0.5581879194630872,0.10065196548418025,-0.5581879194630872,0.2728283796740173,0.5688398849472674,-0.120143815915628,0.020651965484180246,-0.120143815915628,0.45,0.52464046021093,-0.16,0.11985618408437201,-0.16,0.47920421860019174,0.32464046021093,-0.23087248322147655,0.12181208053691277,-0.23087248322147655,0.09558005752636625,0.6311601150527325,0.13847555129434325,0.03934803451581975,0.13847555129434325,0.46362416107382554,0.37535953978907,-0.05869606903163951,0.109856184084372,-0.05869606903163951,0.40289549376797695,0.6688398849472674,0.08840843720038352,0.102607861936721,0.08840843720038352,0.6458676893576223,1.1558005752636626,0.45435282837967406,0.16659635666347078,0.45435282837967406,0.9910162991371045,1.1688398849472674,0.9258676893576222,0.1537679769894535,0.9258676893576222,0.6385522531160115,1.5,-0.5536912751677852,0.18325982742090124,-0.5536912751677852,1.1516682646212848,1.286960690316395,1.2889165867689356,0.132176414189837,1.2889165867689356,0.17608820709491851
1.35,,-55.59153883029722,0.0,29.576356663470754,,,,,,,,31.65284036433366,-6.440004793863856,32.30130632790029,1.1705656759348035,0.29263183125599235,0.11676414189837009,0.29263183125599235,1.1429242569511024,0.9647171620325983,-0.5573489932885906,0.10029242569511027,-0.5573489932885906,0.27678331735378714,0.5676414189837008,-0.11822627037392139,0.020292425695110257,-0.11822627037392139,0.45,0.5294343240651966,-0.16,0.12177372962607863,-0.16,0.48148130393096833,0.32943432406519657,-0.2359060402684564,0.12265100671140941,-0.2359060402684564,0.09617929050814958,0.6323585810162992,0.13380153403643336,0.03970757430488974,0.13380153403643336,0.4653020134228188,0.3705656759348034,-0.05941514860977949,0.11177372962607862,-0.05941514860977949,0.3976222435282838,0.6676414189837008,0.09296260786193673,0.10116970278044105,0.09296260786193673,0.6426318312559923,1.1617929050814957,0.46298178331735385,0.17031160115052735,0.46298178331735385,0.9941323106423777,1.1676414189837008,0.9226318312559924,0.1535282837967402,0.9226318312559924,0.6411888782358581,1.5,-0.5461409395973154,0.1814621284755513,-0.5461409395973154,1.154424736337488,1.294151486097795,1.2950287631831254,0.1364908916586769,1.2950287631831254,0.17824544582933843
1.4000000000000001,,-54.60604026845637,0.0,29.052147651006706,,,,,,,,32.82516778523491,-6.678523489932887,33.497651006711415,1.165771812080537,0.2893959731543624,0.11664429530201342,0.2893959731543624,1.1393288590604027,0.9671140939597316,-0.5565100671140939,0.09993288590604027,-0.5565100671140939,0.2807382550335571,0.5664429530201343,-0.11630872483221477,0.019932885906040268,-0.11630872483221477,0.45,0.5342281879194631,-0.16,0.12369127516778525,-0.16,0.48375838926174497,0.3342281879194631,-0.2409395973154363,0.12348993288590605,-0.2409395973154363,0.09677852348993289,0.6335570469798657,0.12912751677852347,0.04006711409395973,0.12912751677852347,0.4669798657718121,0.3657718120805369,-0.06013422818791947,0.11369127516778524,-0.06013422818791947,0.39234899328859063,0.6664429530201342,0.09751677852348994,0.09973154362416108,0.09751677852348994,0.6393959731543624,1.167785234899329,0.4716107382550336,0.17402684563758392,0.4716107382550336,0.997248322147651,1.1664429530201341,0.9193959731543624,0.15328859060402686,0.9193959731543624,0.6438255033557047,1.5,-0.5385906040268456,0.17966442953020134,-0.5385906040268456,1.1571812080536914,1.3013422818791947,1.3011409395973152,0.1408053691275168,1.3011409395973152,0.18040268456375838
1.4500000000000002,,-53.620541706615526,0.0,28.52793863854266,,,,,,,,33.99749520613616,-6.917042186001919,34.69399568552254,1.1609779482262703,0.2861601150527325,0.11652444870565676,0.2861601150527325,1.1357334611697028,0.9695110258868649,-0.5556711409395972,0.09957334611697027,-0.5556711409395972,0.28469319271332694,0.5652444870565676,-0.11439117929050815,0.019573346116970276,-0.11439117929050815,0.45,0.5390220517737296,-0.16,0.12560882070949186,-0.16,0.48603547459252155,0.3390220517737297,-0.24597315436241615,0.1243288590604027,-0.24597315436241615,0.0973777564717162,0.6347555129434324,0.1244534995206136,0.040426653883029726,0.1244534995206136,0.46865771812080537,0.36097794822627033,-0.06085330776605945,0.11560882070949186,-0.06085330776605945,0.38707574304889736,0.6652444870565676,0.10207094918504317,0.0982933844678811,0.10207094918504317,0.6361601150527325,1.173777564717162,0.4802396931927133,0.17774209012464048,0.4802396931927133,1.0003643336529242,1.1652444870565677,0.9161601150527325,0.15304889741131353,0.9161601150527325,0.6464621284755513,1.5,-0.5310402684563758,0.1778667305848514,-0.5310402684563758,1.1599376797698946,1.3085330776605946,1.3072531160115053,0.14511984659635666,1.3072531160115053,0.18255992329817833
1.5,,-52.635043144774684,0.0,28.003729626078616,,,,,,,,35.1698226270374,-7.15556088207095,35.89034036433365,1.156184084372004,0.28292425695110257,0.11640460210930009,0.28292425695110257,1.1321380632790028,0.9719079578139982,-0.5548322147651007,0.09921380632790029,-0.5548322147651007,0.28864813039309684,0.564046021093001,-0.11247363374880154,0.019213806327900287,-0.11247363374880154,0.45,0.5438159156279962,-0.16,0.12752636625119848,-0.16,0.48831255992329814,0.3438159156279962,-0.251006711409396,0.12516778523489935,-0.251006711409396,0.09797698945349953,0.635953978906999,0.11977948226270374,0.04078619367209971,0.11977948226270374,0.4703355704697987,0.3561840843720038,-0.061572387344199425,0.11752636625119847,-0.061572387344199425,0.3818024928092042,0.6640460210930009,0.10662511984659637,0.09685522531160115,0.10662511984659637,0.6329242569511025,1.1797698945349953,0.4888686481303931,0.18145733461169702,0.4888686481303931,1.0034803451581975,1.164046021093001,0.9129242569511026,0.1528092042186002,0.9129242569511026,0.6490987535953979,1.5,-0.5234899328859061,0.17606903163950144,-0.5234899328859061,1.1626941514860978,1.3157238734419943,1.313365292425695,0.14943432406519655,1.313365292425695,0.18471716203259828
1.55,,-51.64954458293384,0.0,27.47952061361457,,,,,,,,36.342150047938645,-7.394079578139982,37.086685043144776,1.1513902205177373,0.27968839884947266,0.11628475551294343,0.27968839884947266,1.1285426653883028,0.9743048897411314,-0.553993288590604,0.0988542665388303,-0.553993288590604,0.29260306807286673,0.5628475551294343,-0.11055608820709492,0.018854266538830294,-0.11055608820709492,0.45,0.5486097794822627,-0.16,0.1294439117929051,-0.16,0.4905896452540748,0.34860977948226274,-0.25604026845637584,0.12600671140939598,-0.25604026845637584,0.09857622243528284,0.6371524448705657,0.11510546500479385,0.0411457334611697,0.11510546500479385,0.472013422818792,0.3513902205177373,-0.06229146692233941,0.11944391179290509,-0.06229146692233941,0.37652924256951104,0.6628475551294343,0.11117929050814956,0.0954170661553212,0.11117929050814956,0.6296883988494727,1.1857622243528283,0.4974976030680729,0.18517257909875362,0.4974976030680729,1.0065963566634708,1.1628475551294344,0.9096883988494726,0.15256951102588687,0.9096883988494726,0.6517353787152445,1.5,-0.5159395973154363,0.1742713326941515,-0.5159395973154363,1.1654506232023012,1.3229146692233942,1.319477468839885,0.15374880153403642,1.319477468839885,0.18687440076701822
1.6,,-50.664046021093,0.0,26.955311601150523,,,,,,,,37.51447746883989,-7.6325982742090135,38.2830297219559,1.1465963566634707,0.27645254074784276,0.11616490891658676,0.27645254074784276,1.124947267497603,0.9767018216682647,-0.5531543624161074,0.09849472674976031,-0.5531543624161074,0.29655800575263663,0.5616490891658676,-0.1086385426653883,0.018494726749760305,-0.1086385426653883,0.45,0.5534036433365292,-0.16,0.13136145733461171,-0.16,0.49286673058485136,0.3534036433365293,-0.2610738255033558,0.12684563758389264,-0.2610738255033558,0.09917545541706616,0.6383509108341323,0.11043144774688399,0.04150527325023969,0.11043144774688399,0.47369127516778525,0.3465963566634707,-0.0630105465004794,0.1213614573346117,-0.0630105465004794,0.3712559923298178,0.6616490891658676,0.11573346116970279,0.09397890699904124,0.11573346116970279,0.6264525407478427,1.1917545541706616,0.5061265580057527,0.1888878235858102,0.5061265580057527,1.009712368168744,1.1616490891658677,0.9064525407478428,0.15232981783317354,0.9064525407478428,0.6543720038350911,1.5,-0.5083892617449665,0.17247363374880154,-0.5083892617449665,1.1682070949185044,1.3301054650047939,1.3255896452540747,0.1580632790028763,1.3255896452540747,0.18903163950143814
1.6500000000000001,,-49.67854745925215,0.0,26.43110258868648,,,,,,,,38.68680488974114,-7.871116970278045,39.47937440076702,1.1418024928092043,0.27321668264621285,0.1160450623202301,0.27321668264621285,1.1213518696069031,0.9790987535953979,-0.5523154362416107,0.09813518696069032,-0.5523154362416107,0.30051294343240653,0.560450623202301,-0.10672099712368169,0.018135186960690317,-0.10672099712368169,0.45,0.5581975071907959,-0.16,0.13327900287631833,-0.16,0.495143815915628,0.3581975071907958,-0.2661073825503356,0.12768456375838927,-0.2661073825503356,0.09977468839884948,0.639549376797699,0.1057574304889741,0.04186481303930968,0.1057574304889741,0.47536912751677857,0.34180249280920416,-0.06372962607861937,0.12327900287631832,-0.06372962607861937,0.3659827420901246,0.660450623202301,0.12028763183125601,0.09254074784276127,0.12028763183125601,0.6232166826462129,1.1977468839884948,0.5147555129434325,0.19260306807286676,0.5147555129434325,1.0128283796740172,1.160450623202301,0.9032166826462128,0.1520901246404602,0.9032166826462128,0.6570086289549377,1.5,-0.5008389261744967,0.17067593480345156,-0.5008389261744967,1.1709635666347076,1.3372962607861938,1.3317018216682646,0.1623777564717162,1.3317018216682646,0.19118887823585812
1.7000000000000002,,-48.69304889741131,0.0,25.90689357622243,,,,,,,,39.85913231064239,-8.109635666347078,40.675719079578144,1.1370086289549377,0.26998082454458294,0.11592521572387345,0.26998082454458294,1.1177564717162032,0.9814956855225312,-0.5514765100671141,0.09777564717162032,-0.5514765100671141,0.30446788111217643,0.5592521572387344,-0.10480345158197507,0.017775647171620324,-0.10480345158197507,0.45,0.5629913710450624,-0.16,0.13519654841802495,-0.16,0.4974209012464046,0.36299137104506235,-0.2711409395973155,0.12852348993288593,-0.2711409395973155,0.1003739213806328,0.6407478427612655,0.1010834132310642,0.04222435282837968,0.1010834132310642,0.4770469798657718,0.33700862895493766,-0.06444870565675935,0.12519654841802494,-0.06444870565675935,0.36070949185043144,0.6592521572387344,0.12484180249280921,0.0911025886864813,0.12484180249280921,0.6199808245445829,1.2037392138063279,0.5233844678811123,0.19631831255992332,0.5233844678811123,1.0159443911792905,1.1592521572387344,0.899980824544583,0.1518504314477469,0.899980824544583,0.6596452540747842,1.5,-0.4932885906040268,0.16887823585810163,-0.4932885906040268,1.173720038350911,1.3444870565675935,1.3378139980824544,0.1666922339405561,1.3378139980824544,0.19334611697027804
1.75,,-47.70755033557047,0.0,25.38268456375839,,,,,,,,41.031459731543634,-8.348154362416109,41.87206375838927,1.132214765100671,0.266744966442953,0.11580536912751678,0.266744966442953,1.1141610738255032,0.9838926174496645,-0.5506375838926174,0.09741610738255034,-0.5506375838926174,0.30842281879194633,0.5580536912751678,-0.10288590604026847,0.017416107382550332,-0.10288590604026847,0.45,0.5677852348993289,-0.16,0.13711409395973156,-0.16,0.4996979865771812,0.3677852348993289,-0.2761744966442954,0.12936241610738256,-0.2761744966442954,0.1009731543624161,0.6419463087248322,0.09640939597315434,0.042583892617449666,0.09640939597315434,0.47872483221476514,0.3322147651006711,-0.06516778523489933,0.12711409395973156,-0.06516778523489933,0.3554362416107383,0.6580536912751678,0.1293959731543624,0.08966442953020134,0.1293959731543624,0.616744966442953,1.2097315436241611,0.5320134228187919,0.20003355704697987,0.5320134228187919,1.0190604026845638,1.1580536912751678,0.896744966442953,0.15161073825503357,0.896744966442953,0.6622818791946309,1.5,-0.48573825503355705,0.16708053691275165,-0.48573825503355705,1.1764765100671142,1.3516778523489934,1.3439261744966442,0.17100671140939597,1.3439261744966442,0.19550335570469798
1.8,,-46.722051773729625,0.0,24.85847555129434,,,,,,,,42.20378715244488,-8.58667305848514,43.06840843720039,1.1274209012464047,0.26350910834132313,0.11568552253116011,0.26350910834132313,1.1105656759348035,0.9862895493767978,-0.5497986577181208,0.09705656759348034,-0.5497986577181208,0.31237775647171623,0.5568552253116011,-0.10096836049856185,0.017056567593480343,-0.10096836049856185,0.45,0.5725790987535955,-0.16,0.13903163950143815,-0.16,0.5019750719079578,0.3725790987535954,-0.2812080536912752,0.1302013422818792,-0.2812080536912752,0.10157238734419943,0.6431447746883988,0.09173537871524448,0.042943432406519655,0.09173537871524448,0.4804026845637584,0.32742090124640455,-0.06588686481303932,0.12903163950143814,-0.06588686481303932,0.35016299137104506,0.6568552253116011,0.13395014381591563,0.08822627037392139,0.13395014381591563,0.6135091083413231,1.2157238734419942,0.5406423777564717,0.20374880153403643,0.5406423777564717,1.022176414189837,1.1568552253116011,0.8935091083413231,0.15137104506232024,0.8935091083413231,0.6649185043144774,1.5,-0.47818791946308725,0.16528283796740173,-0.47818791946308725,1.1792329817833174,1.358868648130393,1.350038350910834,0.17532118887823586,1.350038350910834,0.19766059443911793
1.85,,-45.73655321188878,0.0,24.334266538830295,,,,,,,,43.37611457334613,-8.825191754554172,44.26475311601151,1.122627037392138,0.26027325023969317,0.11556567593480345,0.26027325023969317,1.1069702780441035,0.988686481303931,-0.5489597315436241,0.09669702780441035,-0.5489597315436241,0.3163326941514861,0.5556567593480345,-0.09905081495685523,0.016697027804410354,-0.09905081495685523,0.45,0.577372962607862,-0.16,0.1409491850431448,-0.16,0.5042521572387344,0.37737296260786196,-0.28624161073825505,0.13104026845637584,-0.28624161073825505,0.10217162032598275,0.6443432406519655,0.08706136145733459,0.043302972195589644,0.08706136145733459,0.4820805369127517,0.32262703739213805,-0.0666059443911793,0.1309491850431448,-0.0666059443911793,0.34488974113135185,0.6556567593480345,0.13850431447746886,0.08678811121764142,0.13850431447746886,0.6102732502396931,1.2217162032598274,0.5492713326941515,0.207464046021093,0.5492713326941515,1.0252924256951101,1.1556567593480345,0.8902732502396932,0.1511313518696069,0.8902732502396932,0.667555129434324,1.5,-0.47063758389261745,0.16348513902205175,-0.47063758389261745,1.1819894534995208,1.366059443911793,1.3561505273250238,0.17963566634707573,1.3561505273250238,0.19981783317353785
1.9000000000000001,,-44.751054650047934,0.0,23.810057526366247,,,,,,,,44.548441994247376,-9.063710450623203,45.461097794822635,1.1178331735378715,0.25703739213806326,0.11544582933844678,0.25703739213806326,1.1033748801534036,0.9910834132310643,-0.5481208053691276,0.09633748801534037,-0.5481208053691276,0.320287631831256,0.5544582933844678,-0.0971332694151486,0.01633748801534036,-0.0971332694151486,0.45,0.5821668264621286,-0.16,0.14286673058485141,-0.16,0.506529242569511,0.3821668264621285,-0.291275167785235,0.1318791946308725,-0.291275167785235,0.10277085330776607,0.6455417066155321,0.08238734419942473,0.04366251198465963,0.08238734419942473,0.48375838926174497,0.31783317353787144,-0.06732502396931928,0.1328667305848514,-0.06732502396931928,0.3396164908916587,0.6544582933844678,0.14305848513902206,0.08534995206136145,0.14305848513902206,0.6070373921380633,1.2277085330776607,0.5579002876318313,0.21117929050814957,0.5579002876318313,1.0284084372003834,1.1544582933844678,0.8870373921380632,0.15089165867689358,0.8870373921380632,0.6701917545541707,1.5,-0.46308724832214765,0.16168744007670183,-0.46308724832214765,1.184745925215724,1.3732502396931927,1.3622627037392137,0.18395014381591562,1.3622627037392137,0.20197507190795783
1.9500000000000002,,-43.76555608820709,0.0,23.285848513902202,,,,,,,,45.720769415148624,-9.302229146692236,46.65744247363376,1.113039309683605,0.25380153403643335,0.11532598274209012,0.25380153403643335,1.0997794822627036,0.9934803451581976,-0.5472818791946309,0.09597794822627037,-0.5472818791946309,0.3242425695110259,0.5532598274209012,-0.09521572387344199,0.01597794822627037,-0.09521572387344199,0.45,0.5869606903163951,-0.16,0.14478427612655803,-0.16,0.5088063279002877,0.386960690316395,-0.2963087248322148,0.13271812080536916,-0.2963087248322148,0.10337008628954938,0.6467401725790988,0.07771332694151484,0.04402205177372963,0.07771332694151484,0.4854362416107383,0.31303930968360494,-0.06804410354745927,0.13478427612655802,-0.06804410354745927,0.33434324065196547,0.6532598274209012,0.14761265580057528,0.0839117929050815,0.14761265580057528,0.6038015340364333,1.2337008628954937,0.5665292425695111,0.21489453499520617,0.5665292425695111,1.0315244487056567,1.1532598274209012,0.8838015340364334,0.15065196548418025,0.8838015340364334,0.6728283796740173,1.5,-0.4555369127516778,0.15988974113135185,-0.4555369127516778,1.1875023969319272,1.3804410354745926,1.3683748801534037,0.18826462128475552,1.3683748801534037,0.20413231064237775
2.0,,-42.78005752636625,0.0,22.761639501438157,,,,,,,,46.893096836049864,-9.540747842761267,47.85378715244487,1.1082454458293385,0.25056567593480344,0.11520613614573345,0.25056567593480344,1.0961840843720039,0.9958772770853308,-0.5464429530201342,0.09561840843720039,-0.5464429530201342,0.32819750719079577,0.5520613614573346,-0.09329817833173538,0.015618408437200382,-0.09329817833173538,0.45,0.5917545541706616,-0.16,0.14670182166826462,-0.16,0.5110834132310642,0.3917545541706616,-0.30134228187919465,0.13355704697986578,-0.30134228187919465,0.1039693192713327,0.6479386385426653,0.07303930968360497,0.04438159156279962,0.07303930968360497,0.4871140939597316,0.30824544582933844,-0.06876318312559923,0.1367018216682646,-0.06876318312559923,0.32906999041227225,0.6520613614573346,0.15216682646212848,0.08247363374880154,0.15216682646212848,0.6005656759348035,1.239693192713327,0.5751581975071908,0.2186097794822627,0.5751581975071908,1.03464046021093,1.1520613614573347,0.8805656759348035,0.15041227229146692,0.8805656759348035,0.6754650047938638,1.5,-0.44798657718120805,0.15809204218600192,-0.44798657718120805,1.1902588686481304,1.3876318312559923,1.3744870565675935,0.19257909875359538,1.3744870565675935,0.2062895493767977
2.0500000000000003,,-41.7945589645254,0.0,22.23743048897411,,,,,,,,48.06542425695112,-9.7792665388303,49.050131831256,1.1034515819750719,0.2473298178331735,0.11508628954937679,0.2473298178331735,1.092588686481304,0.9982742090124641,-0.5456040268456376,0.0952588686481304,-0.5456040268456376,0.3321524448705657,0.550862895493768,-0.09138063279002875,0.01525886864813039,-0.09138063279002875,0.45,0.5965484180249282,-0.16,0.14861936720997126,-0.16,0.5133604985618409,0.39654841802492813,-0.3063758389261746,0.13439597315436244,-0.3063758389261746,0.10456855225311602,0.649137104506232,0.06836529242569508,0.044741131351869606,0.06836529242569508,0.48879194630872486,0.3034515819750718,-0.06948226270373922,0.13861936720997126,-0.06948226270373922,0.3237967401725791,0.650862895493768,0.1567209971236817,0.08103547459252157,0.1567209971236817,0.5973298178331735,1.24568552253116,0.5837871524448706,0.2223250239693193,0.5837871524448706,1.0377564717162033,1.150862895493768,0.8773298178331735,0.1501725790987536,0.8773298178331735,0.6781016299137105,1.5,-0.4404362416107382,0.15629434324065195,-0.4404362416107382,1.1930153403643338,1.3948226270373922,1.3805992329817833,0.19689357622243528,1.3805992329817833,0.20844678811121764
2.1,,-40.80906040268456,0.0,21.713221476510064,,,,,,,,49.23775167785236,-10.01778523489933,50.24647651006712,1.0986577181208053,0.2440939597315436,0.11496644295302014,0.2440939597315436,1.088993288590604,1.0006711409395974,-0.5447651006711409,0.0948993288590604,-0.5447651006711409,0.33610738255033556,0.5496644295302013,-0.08946308724832215,0.0148993288590604,-0.08946308724832215,0.45,0.6013422818791947,-0.16,0.15053691275167785,-0.16,0.5156375838926175,0.40134228187919463,-0.3114093959731544,0.13523489932885907,-0.3114093959731544,0.10516778523489934,0.6503355704697986,0.06369127516778522,0.045100671140939595,0.06369127516778522,0.49046979865771817,0.2986577181208053,-0.0702013422818792,0.14053691275167784,-0.0702013422818792,0.3185234899328859,0.6496644295302013,0.1612751677852349,0.07959731543624161,0.1612751677852349,0.5940939597315436,1.2516778523489933,0.5924161073825503,0.22604026845637584,0.5924161073825503,1.0408724832214764,1.1496644295302014,0.8740939597315436,0.1499328859060403,0.8740939597315436,0.680738255033557,1.5,-0.43288590604026844,0.15449664429530202,-0.43288590604026844,1.195771812080537,1.402013422818792,1.3867114093959731,0.20120805369127517,1.3867114093959731,0.2106040268456376
2.15,,-39.823561840843716,0.0,21.18901246404602,,,,,,,,50.4100790987536,-10.256303930968361,51.442821188878234,1.0938638542665389,0.2408581016299137,0.11484659635666347,0.2408581016299137,1.085397890699904,1.0030680728667307,-0.5439261744966443,0.09453978906999042,-0.5439261744966443,0.34006232023010546,0.5484659635666347,-0.08754554170661553,0.014539789069990412,-0.08754554170661553,0.45,0.6061361457334612,-0.16,0.1524544582933845,-0.16,0.517914669223394,0.4061361457334612,-0.31644295302013425,0.13607382550335573,-0.31644295302013425,0.10576701821668265,0.6515340364333653,0.05901725790987536,0.045460210930009584,0.05901725790987536,0.49214765100671143,0.2938638542665388,-0.07092042186001918,0.1424544582933845,-0.07092042186001918,0.3132502396931927,0.6484659635666347,0.1658293384467881,0.07815915627996166,0.1658293384467881,0.5908581016299137,1.2576701821668266,0.6010450623202301,0.2297555129434324,0.6010450623202301,1.0439884947267497,1.1484659635666348,0.8708581016299137,0.14969319271332696,0.8708581016299137,0.6833748801534036,1.5,-0.42533557046979864,0.15269894534995204,-0.42533557046979864,1.1985282837967401,1.4092042186001918,1.392823585810163,0.20552253116011504,1.392823585810163,0.21276126558005753
2.2,,-38.838063279002874,0.0,20.66480345158197,,,,,,,,51.58240651965485,-10.494822627037394,52.639165867689364,1.0890699904122723,0.2376222435282838,0.1147267497603068,0.2376222435282838,1.0818024928092043,1.005465004793864,-0.5430872483221476,0.09418024928092042,-0.5430872483221476,0.34401725790987536,0.547267497603068,-0.08562799616490892,0.014180249280920418,-0.08562799616490892,0.45,0.6109300095877278,-0.16,0.1543720038350911,-0.16,0.5201917545541707,0.41093000958772774,-0.3214765100671142,0.13691275167785236,-0.3214765100671142,0.10636625119846597,0.6527325023969319,0.05434324065196547,0.04581975071907958,0.05434324065196547,0.49382550335570474,0.2890699904122722,-0.07163950143815917,0.14437200383509108,-0.07163950143815917,0.3079769894534995,0.647267497603068,0.17038350910834135,0.07672099712368169,0.17038350910834135,0.5876222435282838,1.2636625119846596,0.6096740172579099,0.23347075743048898,0.6096740172579099,1.047104506232023,1.1472674976030681,0.8676222435282838,0.14945349952061363,0.8676222435282838,0.6860115052732503,1.5,-0.41778523489932884,0.1509012464046021,-0.41778523489932884,1.2012847555129436,1.4163950143815915,1.3989357622243528,0.20983700862895494,1.3989357622243528,0.21491850431447745
2.25,,-37.85256471716203,0.0,20.140594439117926,,,,,,,,52.75473394055609,-10.733341323106425,53.83551054650048,1.0842761265580059,0.23438638542665388,0.11460690316395014,0.23438638542665388,1.0782070949185043,1.007861936720997,-0.542248322147651,0.09382070949185042,-0.542248322147651,0.34797219558964526,0.5460690316395014,-0.0837104506232023,0.013820709491850429,-0.0837104506232023,0.45,0.6157238734419943,-0.16,0.15628954937679773,-0.16,0.5224688398849473,0.41572387344199424,-0.326510067114094,0.137751677852349,-0.326510067114094,0.10696548418024929,0.6539309683604986,0.049669223394055606,0.04617929050814957,0.049669223394055606,0.495503355704698,0.2842761265580057,-0.07235858101629913,0.14628954937679772,-0.07235858101629913,0.30270373921380633,0.6460690316395014,0.17493767976989455,0.07528283796740173,0.17493767976989455,0.5843863854266539,1.2696548418024929,0.6183029721955896,0.23718600191754555,0.6183029721955896,1.0502205177372963,1.1460690316395015,0.8643863854266539,0.1492138063279003,0.8643863854266539,0.6886481303930968,1.5,-0.41023489932885904,0.14910354745925214,-0.41023489932885904,1.2040412272291467,1.4235858101629915,1.4050479386385426,0.2141514860977948,1.4050479386385426,0.2170757430488974
2.3000000000000003,,-36.86706615532118,0.0,19.616385426653878,,,,,,,,53.92706136145735,-10.971860019175457,55.03185522531161,1.0794822627037393,0.23115052732502395,0.11448705656759348,0.23115052732502395,1.0746116970278043,1.0102588686481304,-0.5414093959731543,0.09346116970278044,-0.5414093959731543,0.35192713326941516,0.5448705656759347,-0.08179290508149568,0.013461169702780437,-0.08179290508149568,0.45,0.6205177372962609,-0.16,0.15820709491850432,-0.16,0.5247459252157238,0.42051773729626085,-0.3315436241610739,0.13859060402684564,-0.3315436241610739,0.10756471716203261,0.6551294343240652,0.04499520613614569,0.04653883029721956,0.04499520613614569,0.4971812080536913,0.27948226270373916,-0.07307766059443913,0.1482070949185043,-0.07307766059443913,0.29743048897411306,0.6448705656759348,0.17949185043144777,0.07384467881112176,0.17949185043144777,0.5811505273250239,1.2756471716203261,0.6269319271332695,0.24090124640460214,0.6269319271332695,1.0533365292425696,1.1448705656759348,0.861150527325024,0.14897411313518696,0.861150527325024,0.6912847555129434,1.5,-0.40268456375838924,0.1473058485139022,-0.40268456375838924,1.20679769894535,1.4307766059443914,1.4111601150527324,0.21846596356663472,1.4111601150527324,0.21923298178331735
2.35,,-35.88156759348034,0.0,19.092176414189833,,,,,,,,55.099388782358595,-11.210378715244488,56.228199904122725,1.0746883988494726,0.22791466922339404,0.11436720997123681,0.22791466922339404,1.0710162991371044,1.0126558005752637,-0.5405704697986577,0.09310162991371045,-0.5405704697986577,0.35588207094918506,0.5436720997123682,-0.07987535953978907,0.013101629913710448,-0.07987535953978907,0.45,0.6253116011505274,-0.16,0.16012464046021097,-0.16,0.5270230105465005,0.42531160115052735,-0.33657718120805374,0.1394295302013423,-0.33657718120805374,0.10816395014381593,0.6563279002876318,0.040321188878235825,0.046898370086289554,0.040321188878235825,0.4988590604026846,0.2746883988494726,-0.0737967401725791,0.15012464046021096,-0.0737967401725791,0.2921572387344199,0.6436720997123682,0.18404602109300097,0.07240651965484181,0.18404602109300097,0.5779146692233941,1.2816395014381592,0.6355608820709492,0.24461649089165868,0.6355608820709492,1.0564525407478427,1.1436720997123682,0.8579146692233941,0.14873441994247363,0.8579146692233941,0.6939213806327901,1.5,-0.39513422818791943,0.14550814956855224,-0.39513422818791943,1.2095541706615534,1.437967401725791,1.4172722914669222,0.2227804410354746,1.4172722914669222,0.2213902205177373
2.4000000000000004,,-34.89606903163949,0.0,18.567967401725785,,,,,,,,56.27171620325984,-11.448897411313522,57.424544582933855,1.069894534995206,0.2246788111217641,0.11424736337488015,0.2246788111217641,1.0674209012464044,1.015052732502397,-0.5397315436241611,0.09274209012464046,-0.5397315436241611,0.35983700862895496,0.5424736337488015,-0.07795781399808245,0.012742090124640455,-0.07795781399808245,0.45,0.6301054650047939,-0.16,0.16204218600191755,-0.16,0.5293000958772771,0.4301054650047939,-0.34161073825503363,0.14026845637583896,-0.34161073825503363,0.10876318312559924,0.6575263662511984,0.035647171620325935,0.04725790987535954,0.035647171620325935,0.5005369127516779,0.26989453499520605,-0.07451581975071908,0.15204218600191755,-0.07451581975071908,0.2868839884947267,0.6424736337488015,0.1886001917545542,0.07096836049856184,0.1886001917545542,0.5746788111217641,1.2876318312559925,0.644189837008629,0.24833173537871528,0.644189837008629,1.059568552253116,1.1424736337488015,0.8546788111217641,0.1484947267497603,0.8546788111217641,0.6965580057526366,1.5,-0.3875838926174496,0.14371045062320226,-0.3875838926174496,1.2123106423777565,1.4451581975071908,1.423384467881112,0.22709491850431449,1.423384467881112,0.22354745925215724
2.45,,-33.91057046979865,0.0,18.043758389261743,,,,,,,,57.44404362416109,-11.687416107382553,58.62088926174497,1.0651006711409396,0.2214429530201342,0.1141275167785235,0.2214429530201342,1.0638255033557047,1.0174496644295303,-0.5388926174496644,0.09238255033557047,-0.5388926174496644,0.36379194630872486,0.5412751677852349,-0.07604026845637583,0.012382550335570466,-0.07604026845637583,0.45,0.6348993288590605,-0.16,0.1639597315436242,-0.16,0.5315771812080536,0.43489932885906046,-0.34664429530201346,0.14110738255033559,-0.34664429530201346,0.10936241610738257,0.6587248322147651,0.030973154362416072,0.04761744966442953,0.030973154362416072,0.5022147651006712,0.26510067114093955,-0.07523489932885907,0.1539597315436242,-0.07523489932885907,0.2816107382550335,0.6412751677852349,0.1931543624161074,0.06953020134228188,0.1931543624161074,0.5714429530201343,1.2936241610738255,0.6528187919463088,0.25204697986577185,0.6528187919463088,1.0626845637583893,1.1412751677852349,0.8514429530201342,0.148255033557047,0.8514429530201342,0.6991946308724832,1.5,-0.38003355704697983,0.14191275167785233,-0.38003355704697983,1.2150671140939597,1.4523489932885907,1.4294966442953019,0.23140939597315435,1.4294966442953019,0.22570469798657716
2.5,,-32.925071907957815,0.0,17.5195493767977,,,,,,,,58.61637104506233,-11.925934803451582,59.81723394055609,1.060306807286673,0.21820709491850432,0.11400767018216683,0.21820709491850432,1.0602301054650047,1.0198465963566634,-0.5380536912751678,0.09202301054650047,-0.5380536912751678,0.36774688398849475,0.5400767018216682,-0.07412272291466923,0.012023010546500477,-0.07412272291466923,0.45,0.639693192713327,-0.16,0.1658772770853308,-0.16,0.5338542665388303,0.43969319271332696,-0.3516778523489933,0.14194630872483222,-0.3516778523489933,0.10996164908916588,0.6599232981783317,0.02629913710450621,0.04797698945349952,0.02629913710450621,0.5038926174496645,0.260306807286673,-0.07595397890699904,0.15587727708533078,-0.07595397890699904,0.27633748801534036,0.6400767018216682,0.1977085330776606,0.06809204218600193,0.1977085330776606,0.5682070949185043,1.2996164908916588,0.6614477468839884,0.25576222435282836,0.6614477468839884,1.0658005752636626,1.1400767018216682,0.8482070949185043,0.14801534036433367,0.8482070949185043,0.7018312559923299,1.5,-0.37248322147651003,0.14011505273250238,-0.37248322147651003,1.2178235858101631,1.4595397890699904,1.4356088207094917,0.23572387344199422,1.4356088207094917,0.2278619367209971
2.5500000000000003,,-31.939573346116966,0.0,16.99534036433365,,,,,,,,59.788698465963584,-12.164453499520617,61.01357861936722,1.0555129434324064,0.21497123681687438,0.11388782358581016,0.21497123681687438,1.0566347075743048,1.0222435282837967,-0.5372147651006711,0.09166347075743049,-0.5372147651006711,0.37170182166826465,0.5388782358581016,-0.0722051773729626,0.011663470757430485,-0.0722051773729626,0.45,0.6444870565675935,-0.16,0.16779482262703743,-0.16,0.5361313518696069,0.4444870565675935,-0.35671140939597323,0.14278523489932887,-0.35671140939597323,0.11056088207094919,0.6611217641418984,0.02162511984659632,0.04833652924256951,0.02162511984659632,0.5055704697986577,0.25551294343240644,-0.07667305848513903,0.15779482262703742,-0.07667305848513903,0.27106423777564714,0.6388782358581016,0.20226270373921384,0.06665388302972194,0.20226270373921384,0.5649712368168744,1.3056088207094918,0.6700767018216683,0.259477468839885,0.6700767018216683,1.0689165867689359,1.1388782358581016,0.8449712368168744,0.14777564717162034,0.8449712368168744,0.7044678811121765,1.5,-0.3649328859060402,0.13831735378715243,-0.3649328859060402,1.2205800575263663,1.4667305848513903,1.4417209971236815,0.24003835091083414,1.4417209971236815,0.23001917545541706
2.6,,-30.954074784276123,0.0,16.471131351869605,,,,,,,,60.961025886864824,-12.402972195589648,62.20992329817834,1.05071907957814,0.21173537871524448,0.1137679769894535,0.21173537871524448,1.053039309683605,1.02464046021093,-0.5363758389261745,0.0913039309683605,-0.5363758389261745,0.37565675934803455,0.537679769894535,-0.070287631831256,0.011303930968360496,-0.070287631831256,0.45,0.6492809204218601,-0.16,0.16971236816874402,-0.16,0.5384084372003834,0.4492809204218601,-0.36174496644295306,0.14362416107382553,-0.36174496644295306,0.11116011505273252,0.6623202301054649,0.016951102588686456,0.048696069031639505,0.016951102588686456,0.507248322147651,0.25071907957813994,-0.07739213806327902,0.159712368168744,-0.07739213806327902,0.2657909875359539,0.6376797698945349,0.20681687440076704,0.06521572387344199,0.20681687440076704,0.5617353787152445,1.311601150527325,0.678705656759348,0.2631927133269415,0.678705656759348,1.072032598274209,1.1376797698945351,0.8417353787152445,0.147535953978907,0.8417353787152445,0.707104506232023,1.5,-0.3573825503355704,0.13651965484180248,-0.3573825503355704,1.2233365292425695,1.47392138063279,1.4478331735378713,0.244352828379674,1.4478331735378713,0.232176414189837
2.6500000000000004,,-29.968576222435274,0.0,15.946922339405557,,,,,,,,62.13335330776608,-12.64149089165868,63.40626797698947,1.0459252157238734,0.20849952061361454,0.11364813039309683,0.20849952061361454,1.049443911792905,1.0270373921380633,-0.5355369127516778,0.09094439117929051,-0.5355369127516778,0.37961169702780445,0.5364813039309684,-0.06837008628954937,0.010944391179290504,-0.06837008628954937,0.45,0.6540747842761266,-0.16,0.17162991371045067,-0.16,0.5406855225311601,0.45407478427612663,-0.366778523489933,0.14446308724832216,-0.366778523489933,0.11175934803451583,0.6635186960690316,0.012277085330776566,0.049055608820709494,0.012277085330776566,0.5089261744966443,0.24592521572387338,-0.078111217641419,0.16162991371045066,-0.078111217641419,0.2605177372962607,0.6364813039309684,0.21137104506232027,0.06377756471716202,0.21137104506232027,0.5584995206136145,1.3175934803451583,0.6873346116970279,0.2669079578139981,0.6873346116970279,1.0751486097794822,1.1364813039309685,0.8384995206136145,0.14729626078619368,0.8384995206136145,0.7097411313518697,1.5,-0.3498322147651006,0.13472195589645253,-0.3498322147651006,1.226093000958773,1.48111217641419,1.4539453499520614,0.24866730584851393,1.4539453499520614,0.23433365292425695
2.7,,-28.983077660594432,0.0,15.422713326941512,,,,,,,,63.30568072866732,-12.880009587727711,64.60261265580058,1.0411313518696068,0.20526366251198463,0.11352828379674017,0.20526366251198463,1.0458485139022051,1.0294343240651966,-0.5346979865771812,0.09058485139022052,-0.5346979865771812,0.38356663470757435,0.5352828379674017,-0.06645254074784276,0.010584851390220515,-0.06645254074784276,0.45,0.6588686481303931,-0.16,0.17354745925215725,-0.16,0.5429626078619367,0.45886864813039313,-0.37181208053691284,0.14530201342281882,-0.37181208053691284,0.11235858101629914,0.6647171620325982,0.007603068072866703,0.04941514860977948,0.007603068072866703,0.5106040268456377,0.24113135186960682,-0.07883029721955898,0.16354745925215725,-0.07883029721955898,0.25524448705656755,0.6352828379674017,0.21592521572387346,0.062339405560882064,0.21592521572387346,0.5552636625119847,1.3235858101629914,0.6959635666347076,0.27062320230105463,0.6959635666347076,1.0782646212847555,1.1352828379674018,0.8352636625119847,0.14705656759348035,0.8352636625119847,0.7123777564717162,1.5,-0.3422818791946308,0.13292425695110255,-0.3422818791946308,1.2288494726749761,1.4883029721955898,1.4600575263662512,0.2529817833173538,1.4600575263662512,0.2364908916586769
2.75,,-27.99757909875359,0.0,14.898504314477467,,,,,,,,64.47800814956857,-13.118528283796742,65.7989573346117,1.0363374880153404,0.20202780441035473,0.1134084372003835,0.20202780441035473,1.0422531160115052,1.03183125599233,-0.5338590604026845,0.09022531160115052,-0.5338590604026845,0.3875215723873442,0.5340843720038351,-0.06453499520613615,0.010225311601150526,-0.06453499520613615,0.45,0.6636625119846598,-0.16,0.17546500479386387,-0.16,0.5452396931927133,0.46366251198465963,-0.37684563758389267,0.14614093959731544,-0.37684563758389267,0.11295781399808247,0.6659156279961649,0.002929050814956813,0.04977468839884947,0.002929050814956813,0.5122818791946309,0.23633748801534032,-0.07954937679769895,0.16546500479386386,-0.07954937679769895,0.2499712368168744,0.634084372003835,0.22047938638542666,0.06090124640460211,0.22047938638542666,0.5520278044103548,1.3295781399808246,0.7045925215723874,0.27433844678811126,0.7045925215723874,1.0813806327900286,1.1340843720038352,0.8320278044103547,0.14681687440076702,0.8320278044103547,0.7150143815915628,1.5,-0.3347315436241611,0.13112655800575262,-0.3347315436241611,1.2316059443911793,1.4954937679769895,1.466169702780441,0.25729626078619366,1.466169702780441,0.23864813039309685
2.8000000000000003,,-27.01208053691274,0.0,14.374295302013419,,,,,,,,65.65033557046982,-13.357046979865775,66.99530201342283,1.0315436241610738,0.1987919463087248,0.11328859060402685,0.1987919463087248,1.0386577181208052,1.0342281879194632,-0.533020134228188,0.08986577181208054,-0.533020134228188,0.39147651006711415,0.5328859060402684,-0.06261744966442952,0.009865771812080534,-0.06261744966442952,0.45,0.6684563758389263,-0.16,0.1773825503355705,-0.16,0.5475167785234899,0.46845637583892624,-0.3818791946308726,0.1469798657718121,-0.3818791946308726,0.11355704697986578,0.6671140939597315,-0.0017449664429530776,0.05013422818791946,-0.0017449664429530776,0.5139597315436242,0.23154362416107377,-0.08026845637583893,0.16738255033557048,-0.08026845637583893,0.24469798657718117,0.6328859060402684,0.2250335570469799,0.05946308724832214,0.2250335570469799,0.5487919463087249,1.335570469798658,0.7132214765100672,0.27805369127516777,0.7132214765100672,1.084496644295302,1.1328859060402685,0.8287919463087248,0.1465771812080537,0.8287919463087248,0.7176510067114095,1.5,-0.3271812080536912,0.12932885906040265,-0.3271812080536912,1.2343624161073827,1.5026845637583892,1.4722818791946308,0.26161073825503356,1.4722818791946308,0.24080536912751677
2.85,,-26.026581975071906,0.0,13.850086289549374,,,,,,,,66.82266299137106,-13.595565675934806,68.19164669223395,1.0267497603068072,0.1955560882070949,0.11316874400767019,0.1955560882070949,1.0350623202301055,1.0366251198465963,-0.5321812080536913,0.08950623202301054,-0.5321812080536913,0.395431447746884,0.5316874400767018,-0.060699904122722914,0.009506232023010545,-0.060699904122722914,0.45,0.6732502396931928,-0.16,0.1793000958772771,-0.16,0.5497938638542665,0.47325023969319274,-0.38691275167785244,0.14781879194630876,-0.38691275167785244,0.1141562799616491,0.6683125599232982,-0.0064189837008629125,0.050493767976989457,-0.0064189837008629125,0.5156375838926175,0.2267497603068072,-0.08098753595397892,0.1693000958772771,-0.08098753595397892,0.23942473633748795,0.6316874400767017,0.2295877277085331,0.05802492809204218,0.2295877277085331,0.5455560882070949,1.341562799616491,0.7218504314477469,0.2817689357622244,0.7218504314477469,1.0876126558005752,1.1316874400767019,0.8255560882070949,0.14633748801534038,0.8255560882070949,0.720287631831256,1.5,-0.3196308724832215,0.12753116011505272,-0.3196308724832215,1.237118887823586,1.5098753595397891,1.4783940556088206,0.26592521572387345,1.4783940556088206,0.2429626078619367
2.9000000000000004,,-25.041083413231057,0.0,13.325877277085326,,,,,,,,67.99499041227232,-13.834084372003838,69.38799137104508,1.0219558964525408,0.19232023010546498,0.11304889741131352,0.19232023010546498,1.0314669223394055,1.0390220517737296,-0.5313422818791946,0.08914669223394056,-0.5313422818791946,0.39938638542665394,0.5304889741131351,-0.058782358581016284,0.009146692233940552,-0.058782358581016284,0.45,0.6780441035474594,-0.16,0.18121764141898372,-0.16,0.5520709491850432,0.4780441035474593,-0.39194630872483227,0.1486577181208054,-0.39194630872483227,0.11475551294343242,0.6695110258868648,-0.011093000958772803,0.050853307766059445,-0.011093000958772803,0.5173154362416108,0.22195589645254066,-0.0817066155321189,0.1712176414189837,-0.0817066155321189,0.23415148609779474,0.6304889741131352,0.23414189837008634,0.05658676893576221,0.23414189837008634,0.542320230105465,1.3475551294343242,0.7304793863854266,0.28548418024928096,0.7304793863854266,1.0907286673058485,1.1304889741131352,0.822320230105465,0.14609779482262705,0.822320230105465,0.7229242569511026,1.5,-0.3120805369127516,0.12573346116970274,-0.3120805369127516,1.2398753595397891,1.517066155321189,1.4845062320230105,0.27023969319271335,1.4845062320230105,0.24511984659635666
2.95,,-24.055584851390215,0.0,12.80166826462128,,,,,,,,69.16731783317356,-14.072603068072869,70.58433604985619,1.0171620325982742,0.18908437200383507,0.11292905081495686,0.18908437200383507,1.0278715244487056,1.041418983700863,-0.530503355704698,0.08878715244487057,-0.530503355704698,0.4033413231064238,0.5292905081495686,-0.05686481303930968,0.008787152444870563,-0.05686481303930968,0.45,0.6828379674017259,-0.16,0.18313518696069034,-0.16,0.5543480345158197,0.48283796740172585,-0.3969798657718122,0.14949664429530202,-0.3969798657718122,0.11535474592521573,0.6707094918504314,-0.015767018216682693,0.051212847555129434,-0.015767018216682693,0.5189932885906041,0.21716203259827416,-0.08242569511025888,0.17313518696069033,-0.08242569511025888,0.22887823585810158,0.6292905081495686,0.2386960690316395,0.05514860977948226,0.2386960690316395,0.5390843720038351,1.3535474592521572,0.7391083413231064,0.28919942473633753,0.7391083413231064,1.0938446788111218,1.1292905081495686,0.8190843720038351,0.14585810162991372,0.8190843720038351,0.7255608820709492,1.5,-0.3045302013422818,0.1239357622243528,-0.3045302013422818,1.2426318312559923,1.5242569511025887,1.4906184084372003,0.27455417066155324,1.4906184084372003,0.2472770853307766
3.0,,-23.070086289549373,0.0,12.277459252157236,,,,,,,,70.3396452540748,-14.3111217641419,71.7806807286673,1.0123681687440076,0.18584851390220516,0.11280920421860019,0.18584851390220516,1.0242761265580058,1.0438159156279962,-0.5296644295302013,0.08842761265580057,-0.5296644295302013,0.4072962607861937,0.5280920421860019,-0.054947267497603064,0.008427612655800575,-0.054947267497603064,0.45,0.6876318312559924,-0.16,0.18505273250239695,-0.16,0.5566251198465964,0.48763183125599235,-0.40201342281879204,0.15033557046979867,-0.40201342281879204,0.11595397890699904,0.671907957813998,-0.020441035474592528,0.05157238734419942,-0.020441035474592528,0.5206711409395973,0.2123681687440076,-0.08314477468839886,0.17505273250239695,-0.08314477468839886,0.22360498561840841,0.6280920421860019,0.24325023969319273,0.0537104506232023,0.24325023969319273,0.5358485139022051,1.3595397890699905,0.7477372962607862,0.29291466922339404,0.7477372962607862,1.0969606903163949,1.128092042186002,0.8158485139022051,0.1456184084372004,0.8158485139022051,0.7281975071907958,1.5,-0.29697986577181207,0.12213806327900287,-0.29697986577181207,1.2453883029721957,1.5314477468839884,1.49673058485139,0.27886864813039314,1.49673058485139,0.24943432406519656
3.0500000000000003,,-22.084587727708524,0.0,11.753250239693187,,,,,,,,71.51197267497605,-14.549640460210933,72.97702540747844,1.007574304889741,0.18261265580057523,0.11268935762224352,0.18261265580057523,1.0206807286673059,1.0462128475551296,-0.5288255033557047,0.08806807286673059,-0.5288255033557047,0.4112511984659636,0.5268935762224353,-0.05302972195589645,0.008068072866730582,-0.05302972195589645,0.45,0.692425695110259,-0.16,0.18697027804410357,-0.16,0.558902205177373,0.4924256951102589,-0.4070469798657719,0.15117449664429533,-0.4070469798657719,0.11655321188878237,0.6731064237775647,-0.02511505273250242,0.05193192713326941,-0.02511505273250242,0.5223489932885906,0.20757430488974105,-0.08386385426653883,0.17697027804410356,-0.08386385426653883,0.2183317353787152,0.6268935762224352,0.24780441035474596,0.05227229146692233,0.24780441035474596,0.5326126558005753,1.3655321188878236,0.756366251198466,0.29662991371045067,0.756366251198466,1.1000767018216682,1.1268935762224352,0.8126126558005753,0.14537871524448706,0.8126126558005753,0.7308341323106424,1.5,-0.2894295302013422,0.1203403643336529,-0.2894295302013422,1.248144774688399,1.5386385426653884,1.5028427612655801,0.28318312559923303,1.5028427612655801,0.2515915627996165
3.1,,-21.09908916586768,0.0,11.229041227229146,,,,,,,,72.68430009587729,-14.788159156279963,74.17337008628955,1.0027804410354746,0.17937679769894532,0.11256951102588686,0.17937679769894532,1.017085330776606,1.0486097794822629,-0.527986577181208,0.08770853307766059,-0.527986577181208,0.4152061361457335,0.5256951102588686,-0.05111217641418983,0.007708533077660593,-0.05111217641418983,0.45,0.6972195589645255,-0.16,0.1888878235858102,-0.16,0.5611792905081495,0.49721955896452547,-0.4120805369127517,0.15201342281879196,-0.4120805369127517,0.11715244487056568,0.6743048897411313,-0.02978906999041231,0.05229146692233941,-0.02978906999041231,0.524026845637584,0.20278044103547455,-0.08458293384467883,0.17888782358581018,-0.08458293384467883,0.21305848513902198,0.6256951102588686,0.25235858101629915,0.05083413231064238,0.25235858101629915,0.5293767976989454,1.3715244487056568,0.7649952061361457,0.3003451581975072,0.7649952061361457,1.1031927133269415,1.1256951102588686,0.8093767976989453,0.14513902205177373,0.8093767976989453,0.7334707574304891,1.5,-0.28187919463087246,0.11854266538830295,-0.28187919463087246,1.250901246404602,1.5458293384467883,1.50895493767977,0.28749760306807287,1.50895493767977,0.25374880153403645
3.1500000000000004,,-20.113590604026832,0.0,10.704832214765098,,,,,,,,73.85662751677854,-15.026677852348996,75.36971476510068,0.997986577181208,0.1761409395973154,0.1124496644295302,0.1761409395973154,1.013489932885906,1.051006711409396,-0.5271476510067113,0.08734899328859061,-0.5271476510067113,0.4191610738255034,0.524496644295302,-0.049194630872483214,0.007348993288590601,-0.049194630872483214,0.45,0.7020134228187921,-0.16,0.1908053691275168,-0.16,0.5634563758389262,0.502013422818792,-0.41711409395973165,0.15285234899328862,-0.41711409395973165,0.11775167785234901,0.675503355704698,-0.0344630872483222,0.0526510067114094,-0.0344630872483222,0.5257046979865773,0.19798657718120793,-0.0853020134228188,0.1808053691275168,-0.0853020134228188,0.20778523489932876,0.6244966442953019,0.25691275167785244,0.04939597315436241,0.25691275167785244,0.5261409395973154,1.37751677852349,0.7736241610738256,0.3040604026845638,0.7736241610738256,1.1063087248322148,1.1244966442953022,0.8061409395973154,0.1448993288590604,0.8061409395973154,0.7361073825503356,1.5,-0.2743288590604026,0.11674496644295299,-0.2743288590604026,1.2536577181208055,1.553020134228188,1.5150671140939598,0.2918120805369128,1.5150671140939598,0.2559060402684564
3.2,,-19.128092042185997,0.0,10.18062320230105,,,,,,,,75.02895493767979,-15.265196548418027,76.5660594439118,0.9931927133269415,0.1729050814956855,0.11232981783317354,0.1729050814956855,1.009894534995206,1.0534036433365292,-0.5263087248322148,0.08698945349952061,-0.5263087248322148,0.4231160115052732,0.5232981783317354,-0.0472770853307766,0.006989453499520612,-0.0472770853307766,0.45,0.7068072866730586,-0.16,0.19272291466922342,-0.16,0.5657334611697028,0.5068072866730585,-0.4221476510067115,0.15369127516778525,-0.4221476510067115,0.11835091083413232,0.6767018216682645,-0.039137104506232034,0.053010546500479386,-0.039137104506232034,0.5273825503355705,0.19319271332694143,-0.08602109300095878,0.1827229146692234,-0.08602109300095878,0.2025119846596356,0.6232981783317353,0.2614669223394056,0.04795781399808245,0.2614669223394056,0.5229050814956855,1.3835091083413231,0.7822531160115053,0.3077756471716203,0.7822531160115053,1.109424736337488,1.1232981783317355,0.8029050814956855,0.1446596356663471,0.8029050814956855,0.7387440076701822,1.5,-0.26677852348993286,0.11494726749760305,-0.26677852348993286,1.2564141898370087,1.5602109300095877,1.5211792905081496,0.29612655800575266,1.5211792905081496,0.2580632790028763
3.25,,-18.142593480345155,0.0,9.656414189837008,,,,,,,,76.20128235858103,-15.503715244487058,77.76240412272291,0.988398849472675,0.1696692233940556,0.11220997123681688,0.1696692233940556,1.0062991371045062,1.0558005752636626,-0.5254697986577181,0.08662991371045062,-0.5254697986577181,0.4270709491850432,0.5220997123681688,-0.045359539789069994,0.006629913710450623,-0.045359539789069994,0.45,0.7116011505273251,-0.16,0.19464046021093,-0.16,0.5680105465004794,0.511601150527325,-0.4271812080536913,0.1545302013422819,-0.4271812080536913,0.11895014381591563,0.6779002876318312,-0.043811121764141925,0.053370086289549375,-0.043811121764141925,0.5290604026845638,0.18839884947267493,-0.08674017257909876,0.18464046021093,-0.08674017257909876,0.19723873441994244,0.6220997123681687,0.2660210930009588,0.046519654841802496,0.2660210930009588,0.5196692233940556,1.3895014381591562,0.7908820709491851,0.3114908916586769,0.7908820709491851,1.1125407478427611,1.1220997123681689,0.7996692233940557,0.14441994247363377,0.7996692233940557,0.7413806327900287,1.5,-0.25922818791946306,0.1131495685522531,-0.25922818791946306,1.259170661553212,1.5674017257909876,1.5272914669223394,0.30044103547459255,1.5272914669223394,0.26022051773729626
3.3000000000000003,,-17.1570949185043,0.0,9.13220517737296,,,,,,,,77.37360977948228,-15.74223394055609,78.95874880153404,0.9836049856184084,0.16643336529242567,0.11209012464046021,0.16643336529242567,1.0027037392138063,1.0581975071907959,-0.5246308724832215,0.08627037392138064,-0.5246308724832215,0.431025886864813,0.5209012464046021,-0.043441994247363364,0.006270373921380631,-0.043441994247363364,0.45,0.7163950143815916,-0.16,0.19655800575263666,-0.16,0.570287631831256,0.5163950143815916,-0.43221476510067125,0.15536912751677856,-0.43221476510067125,0.11954937679769895,0.6790987535953978,-0.048485139022051815,0.053729626078619364,-0.048485139022051815,0.5307382550335571,0.18360498561840838,-0.08745925215723874,0.18655800575263665,-0.08745925215723874,0.19196548418024922,0.6209012464046021,0.27057526366251206,0.04508149568552253,0.27057526366251206,0.5164333652924257,1.3954937679769894,0.7995110258868648,0.31520613614573345,0.7995110258868648,1.1156567593480344,1.1209012464046022,0.7964333652924257,0.14418024928092044,0.7964333652924257,0.7440172579098754,1.5,-0.25167785234899326,0.11135186960690313,-0.25167785234899326,1.2619271332694153,1.5745925215723875,1.5334036433365292,0.30475551294343245,1.5334036433365292,0.26237775647171624
3.35,,-16.17159635666347,0.0,8.607996164908911,,,,,,,,78.54593720038352,-15.980752636625121,80.15509348034516,0.9788111217641419,0.16319750719079576,0.11197027804410355,0.16319750719079576,0.9991083413231063,1.0605944391179292,-0.5237919463087248,0.08591083413231064,-0.5237919463087248,0.434980824544583,0.5197027804410355,-0.04152444870565675,0.005910834132310642,-0.04152444870565675,0.45,0.7211888782358582,-0.16,0.19847555129434327,-0.16,0.5725647171620326,0.5211888782358581,-0.4372483221476511,0.1562080536912752,-0.4372483221476511,0.12014860977948227,0.6802972195589645,-0.053159156279961706,0.05408916586768936,-0.053159156279961706,0.5324161073825504,0.17881112176414182,-0.08817833173537873,0.18847555129434326,-0.08817833173537873,0.186692233940556,0.6197027804410354,0.2751294343240652,0.04364333652924257,0.2751294343240652,0.5131975071907958,1.4014860977948227,0.8081399808245445,0.3189213806327901,0.8081399808245445,1.1187727708533077,1.1197027804410356,0.7931975071907957,0.1439405560882071,0.7931975071907957,0.746653883029722,1.5,-0.2441275167785235,0.1095541706615532,-0.2441275167785235,1.2646836049856185,1.5817833173537872,1.539515819750719,0.3090699904122723,1.539515819750719,0.2645349952061361
3.4000000000000004,,-15.186097794822615,0.0,8.083787152444863,,,,,,,,79.71826462128477,-16.219271332694156,81.35143815915629,0.9740172579098754,0.15996164908916582,0.11185043144774688,0.15996164908916582,0.9955129434324064,1.0629913710450625,-0.5229530201342282,0.08555129434324066,-0.5229530201342282,0.4389357622243528,0.5185043144774688,-0.03960690316395013,0.0055512943432406495,-0.03960690316395013,0.45,0.7259827420901248,-0.16,0.2003930968360499,-0.16,0.5748418024928093,0.5259827420901246,-0.442281879194631,0.15704697986577182,-0.442281879194631,0.1207478427612656,0.6814956855225311,-0.057833173537871596,0.05444870565675935,-0.057833173537871596,0.5340939597315437,0.17401725790987527,-0.0888974113135187,0.19039309683604988,-0.0888974113135187,0.1814189837008628,0.6185043144774688,0.2796836049856184,0.0422051773729626,0.2796836049856184,0.5099616490891659,1.4074784276126557,0.8167689357622244,0.32263662511984664,0.8167689357622244,1.121888782358581,1.118504314477469,0.7899616490891659,0.14370086289549378,0.7899616490891659,0.7492905081495687,1.5,-0.2365771812080536,0.10775647171620323,-0.2365771812080536,1.2674400767018217,1.588974113135187,1.5456279961649089,0.31338446788111224,1.5456279961649089,0.2666922339405561
3.45,,-14.200599232981773,0.0,7.559578139980822,,,,,,,,80.89059204218601,-16.457790028763185,82.5477828379674,0.9692233940556088,0.15672579098753592,0.11173058485139022,0.15672579098753592,0.9919175455417065,1.0653883029721958,-0.5221140939597315,0.08519175455417066,-0.5221140939597315,0.4428906999041228,0.5173058485139022,-0.03768935762224351,0.005191754554170657,-0.03768935762224351,0.45,0.7307766059443912,-0.16,0.2023106423777565,-0.16,0.5771188878235858,0.5307766059443912,-0.44731543624161085,0.15788590604026848,-0.44731543624161085,0.1213470757430489,0.6826941514860978,-0.06250719079578143,0.05480824544582934,-0.06250719079578143,0.535771812080537,0.16922339405560877,-0.08961649089165868,0.1923106423777565,-0.08961649089165868,0.17614573346116963,0.6173058485139021,0.2842377756471717,0.040767018216682646,0.2842377756471717,0.506725790987536,1.413470757430489,0.8253978906999041,0.32635186960690316,0.8253978906999041,1.1250047938638543,1.1173058485139022,0.7867257909875359,0.14346116970278044,0.7867257909875359,0.7519271332694152,1.5,-0.2290268456375838,0.10595877277085328,-0.2290268456375838,1.270196548418025,1.5961649089165868,1.5517401725790987,0.3176989453499521,1.5517401725790987,0.26884947267497605
3.5,,-13.215100671140931,0.0,7.0353691275167805,,,,,,,,82.06291946308727,-16.696308724832218,83.74412751677853,0.9644295302013423,0.153489932885906,0.11161073825503355,0.153489932885906,0.9883221476510067,1.0677852348993289,-0.5212751677852349,0.08483221476510067,-0.5212751677852349,0.4468456375838926,0.5161073825503355,-0.035771812080536924,0.004832214765100668,-0.035771812080536924,0.45,0.7355704697986578,-0.16,0.2042281879194631,-0.16,0.5793959731543624,0.5355704697986577,-0.4523489932885907,0.15872483221476513,-0.4523489932885907,0.12194630872483223,0.6838926174496645,-0.06718120805369132,0.05516778523489933,-0.06718120805369132,0.5374496644295302,0.1644295302013422,-0.09033557046979868,0.19422818791946309,-0.09033557046979868,0.17087248322147647,0.6161073825503356,0.28879194630872485,0.03932885906040268,0.28879194630872485,0.503489932885906,1.4194630872483223,0.8340268456375839,0.3300671140939597,0.8340268456375839,1.1281208053691274,1.1161073825503356,0.783489932885906,0.14322147651006711,0.783489932885906,0.7545637583892618,1.5,-0.2214765100671141,0.10416107382550333,-0.2214765100671141,1.2729530201342283,1.6033557046979867,1.5578523489932885,0.322013422818792,1.5578523489932885,0.271006711409396
3.5500000000000003,,-12.229602109300089,0.0,6.511160115052732,,,,,,,,83.23524688398851,-16.93482742090125,84.94047219558966,0.9596356663470758,0.1502540747842761,0.1114908916586769,0.1502540747842761,0.9847267497603067,1.0701821668264622,-0.5204362416107382,0.08447267497603067,-0.5204362416107382,0.4508005752636626,0.514908916586769,-0.03385426653883028,0.004472674976030676,-0.03385426653883028,0.45,0.7403643336529244,-0.16,0.20614573346116974,-0.16,0.5816730584851391,0.5403643336529242,-0.4573825503355706,0.15956375838926176,-0.4573825503355706,0.12254554170661555,0.685091083413231,-0.07185522531160121,0.05552732502396932,-0.07185522531160121,0.5391275167785236,0.15963566634707566,-0.09105465004793865,0.19614573346116973,-0.09105465004793865,0.16559923298178325,0.6149089165867689,0.2933461169702781,0.03789069990412271,0.2933461169702781,0.5002540747842761,1.4254554170661553,0.8426558005752637,0.3337823585810163,0.8426558005752637,1.1312368168744007,1.114908916586769,0.7802540747842761,0.14298178331735378,0.7802540747842761,0.7572003835091083,1.5,-0.2139261744966442,0.10236337488015337,-0.2139261744966442,1.2757094918504315,1.6105465004793864,1.5639645254074783,0.32632790028763187,1.5639645254074783,0.2731639501438159
3.6,,-11.244103547459247,0.0,5.986951102588684,,,,,,,,84.40757430488976,-17.17334611697028,86.13681687440078,0.9548418024928091,0.1470182166826462,0.11137104506232023,0.1470182166826462,0.9811313518696068,1.0725790987535955,-0.5195973154362417,0.08411313518696069,-0.5195973154362417,0.4547555129434324,0.5137104506232023,-0.03193672099712369,0.004113135186960687,-0.03193672099712369,0.45,0.7451581975071908,-0.16,0.20806327900287633,-0.16,0.5839501438159156,0.5451581975071909,-0.46241610738255046,0.16040268456375842,-0.46241610738255046,0.12314477468839885,0.6862895493767976,-0.07652924256951105,0.05588686481303931,-0.07652924256951105,0.5408053691275169,0.15484180249280916,-0.09177372962607863,0.19806327900287632,-0.09177372962607863,0.1603259827420901,0.6137104506232023,0.2979002876318313,0.03645254074784275,0.2979002876318313,0.49701821668264623,1.4314477468839886,0.8512847555129435,0.33749760306807286,0.8512847555129435,1.134352828379674,1.1137104506232023,0.7770182166826463,0.14274209012464048,0.7770182166826463,0.759837008628955,1.5,-0.2063758389261745,0.10056567593480342,-0.2063758389261745,1.2784659635666347,1.617737296260786,1.5700767018216681,0.33064237775647176,1.5700767018216681,0.27532118887823587
3.6500000000000004,,-10.25860498561839,0.0,5.462742090124635,,,,,,,,85.579901725791,-17.411864813039312,87.33316155321191,0.9500479386385425,0.14378235858101626,0.11125119846596357,0.14378235858101626,0.9775359539789069,1.0749760306807288,-0.518758389261745,0.08375359539789069,-0.518758389261745,0.45871045062320237,0.5125119846596357,-0.030019175455417046,0.0037535953978906945,-0.030019175455417046,0.45,0.7499520613614574,-0.16,0.20998082454458297,-0.16,0.5862272291466922,0.5499520613614575,-0.4674496644295303,0.16124161073825505,-0.4674496644295303,0.12374400767018218,0.6874880153403643,-0.08120325982742094,0.05624640460210931,-0.08120325982742094,0.5424832214765102,0.15004793863854254,-0.09249280920421862,0.19998082454458296,-0.09249280920421862,0.15505273250239682,0.6125119846596356,0.30245445829338446,0.03501438159156278,0.30245445829338446,0.49378235858101627,1.4374400767018218,0.8599137104506233,0.3412128475551295,0.8599137104506233,1.1374688398849473,1.1125119846596356,0.7737823585810163,0.14250239693192715,0.7737823585810163,0.7624736337488016,1.5,-0.1988255033557046,0.09876797698945347,-0.1988255033557046,1.281222435282838,1.624928092042186,1.576188878235858,0.33495685522531166,1.576188878235858,0.27747842761265584
3.7,,-9.273106423777563,0.0,4.938533077660594,,,,,,,,86.75222914669226,-17.650383509108345,88.52950623202302,0.9452540747842761,0.14054650047938635,0.1111313518696069,0.14054650047938635,0.9739405560882071,1.077372962607862,-0.5179194630872483,0.08339405560882071,-0.5179194630872483,0.4626653883029722,0.511313518696069,-0.028101629913710457,0.0033940556088207056,-0.028101629913710457,0.45,0.754745925215724,-0.16,0.21189837008628956,-0.16,0.5885043144774689,0.5547459252157239,-0.4724832214765101,0.1620805369127517,-0.4724832214765101,0.1243432406519655,0.688686481303931,-0.08587727708533083,0.05660594439117929,-0.08587727708533083,0.5441610738255034,0.14525407478427604,-0.09321188878235859,0.20189837008628955,-0.09321188878235859,0.14977948226270366,0.611313518696069,0.30700862895493775,0.033576222435282826,0.30700862895493775,0.4905465004793864,1.4434324065196549,0.8685426653883029,0.344928092042186,0.8685426653883029,1.1405848513902206,1.1113135186960692,0.7705465004793863,0.14226270373921382,0.7705465004793863,0.7651102588686483,1.5,-0.1912751677852349,0.09697027804410352,-0.1912751677852349,1.2839789069990413,1.632118887823586,1.5823010546500478,0.3392713326941515,1.5823010546500478,0.2796356663470757
3.75,,-8.28760786193672,0.0,4.414324065196546,,,,,,,,87.9245565675935,-17.888902205177374,89.72585091083414,0.9404602109300095,0.13731064237775645,0.11101150527325024,0.13731064237775645,0.9703451581975071,1.0797698945349952,-0.5170805369127517,0.08303451581975071,-0.5170805369127517,0.46662032598274206,0.5101150527325023,-0.02618408437200384,0.0030345158197507167,-0.02618408437200384,0.45,0.7595397890699904,-0.16,0.21381591562799618,-0.16,0.5907813998082454,0.5595397890699905,-0.47751677852349006,0.16291946308724833,-0.47751677852349006,0.1249424736337488,0.6898849472674976,-0.09055129434324066,0.056965484180249285,-0.09055129434324066,0.5458389261744967,0.14046021093000954,-0.09393096836049858,0.20381591562799617,-0.09393096836049858,0.1445062320230105,0.6101150527325023,0.3115627996164909,0.03213806327900287,0.3115627996164909,0.48731064237775645,1.449424736337488,0.8771716203259827,0.34864333652924256,0.8771716203259827,1.1437008628954937,1.1101150527325025,0.7673106423777565,0.1420230105465005,0.7673106423777565,0.7677468839884948,1.5,-0.1837248322147651,0.09517257909875357,-0.1837248322147651,1.2867353787152447,1.6393096836049856,1.5884132310642376,0.3435858101629914,1.5884132310642376,0.2817929050814957
3.8000000000000003,,-7.302109300095864,0.0,3.8901150527324972,,,,,,,,89.09688398849475,-18.127420901246406,90.92219558964527,0.9356663470757429,0.1340747842761265,0.11089165867689357,0.1340747842761265,0.9667497603068071,1.0821668264621285,-0.516241610738255,0.08267497603068072,-0.516241610738255,0.470575263662512,0.5089165867689357,-0.024266538830297196,0.0026749760306807244,-0.024266538830297196,0.45,0.764333652924257,-0.16,0.21573346116970282,-0.16,0.593058485139022,0.5643336529242571,-0.4825503355704699,0.163758389261745,-0.4825503355704699,0.12554170661553213,0.6910834132310643,-0.09522531160115055,0.05732502396931927,-0.09522531160115055,0.54751677852349,0.13566634707574293,-0.09465004793863856,0.2057334611697028,-0.09465004793863856,0.13923298178331728,0.6089165867689357,0.3161169702780441,0.0306999041227229,0.3161169702780441,0.48407478427612655,1.4554170661553212,0.8858005752636625,0.35235858101629913,0.8858005752636625,1.146816874400767,1.108916586768936,0.7640747842761265,0.14178331735378716,0.7640747842761265,0.7703835091083414,1.5,-0.1761744966442953,0.09337488015340362,-0.1761744966442953,1.2894918504314479,1.6465004793863853,1.5945254074784276,0.3479002876318313,1.5945254074784276,0.28395014381591566
3.85,,-6.316610738255022,0.0,3.365906040268456,,,,,,,,90.269211409396,-18.36593959731544,92.11854026845639,0.9308724832214765,0.13083892617449663,0.11077181208053691,0.13083892617449663,0.9631543624161073,1.0845637583892618,-0.5154026845637584,0.08231543624161074,-0.5154026845637584,0.47453020134228185,0.5077181208053692,-0.022348993288590607,0.0023154362416107355,-0.022348993288590607,0.45,0.7691275167785236,-0.16,0.2176510067114094,-0.16,0.5953355704697987,0.5691275167785235,-0.4875838926174497,0.16459731543624162,-0.4875838926174497,0.12614093959731545,0.6922818791946308,-0.09989932885906044,0.05768456375838926,-0.09989932885906044,0.5491946308724833,0.13087248322147643,-0.09536912751677853,0.2076510067114094,-0.09536912751677853,0.13395973154362412,0.6077181208053691,0.32067114093959737,0.029261744966442946,0.32067114093959737,0.48083892617449664,1.4614093959731544,0.8944295302013423,0.3560738255033557,0.8944295302013423,1.1499328859060403,1.1077181208053692,0.7608389261744967,0.14154362416107383,0.7608389261744967,0.7730201342281879,1.5,-0.1686241610738255,0.09157718120805367,-0.1686241610738255,1.292248322147651,1.6536912751677852,1.6006375838926175,0.3522147651006712,1.6006375838926175,0.2861073825503356
3.9000000000000004,,-5.33111217641418,0.0,2.8416970278044076,,,,,,,,91.44153883029725,-18.60445829338447,93.31488494726752,0.9260786193672099,0.1276030680728667,0.11065196548418024,0.1276030680728667,0.9595589645254075,1.086960690316395,-0.5145637583892617,0.08195589645254074,-0.5145637583892617,0.4784851390220518,0.5065196548418025,-0.020431447746883963,0.001955896452540743,-0.020431447746883963,0.45,0.7739213806327901,-0.16,0.21956855225311606,-0.16,0.5976126558005752,0.5739213806327901,-0.49261744966442966,0.16543624161073828,-0.49261744966442966,0.12674017257909875,0.6934803451581975,-0.10457334611697033,0.05804410354745926,-0.10457334611697033,0.5508724832214766,0.12607861936720988,-0.09608820709491853,0.20956855225311605,-0.09608820709491853,0.1286864813039309,0.6065196548418025,0.32522531160115054,0.027823585810162976,0.32522531160115054,0.47760306807286673,1.4674017257909875,0.9030584851390221,0.3597890699904123,0.9030584851390221,1.1530488974113136,1.1065196548418026,0.7576030680728667,0.1413039309683605,0.7576030680728667,0.7756567593480346,1.5,-0.16107382550335558,0.08977948226270371,-0.16107382550335558,1.2950047938638543,1.6608820709491852,1.6067497603068073,0.3565292425695111,1.6067497603068073,0.2882646212847555
3.95,,-4.345613614573338,0.0,2.317488015340359,,,,,,,,92.61386625119849,-18.842976989453504,94.51122962607863,0.9212847555129433,0.12436720997123679,0.11053211888782359,0.12436720997123679,0.9559635666347075,1.0893576222435284,-0.5137248322147651,0.08159635666347076,-0.5137248322147651,0.48244007670182165,0.5053211888782358,-0.018513902205177374,0.0015963566634707542,-0.018513902205177374,0.45,0.7787152444870566,-0.16,0.22148609779482265,-0.16,0.5998897411313519,0.5787152444870567,-0.4976510067114095,0.16627516778523493,-0.4976510067114095,0.12733940556088208,0.6946788111217641,-0.10924736337488022,0.05840364333652924,-0.10924736337488022,0.5525503355704698,0.12128475551294332,-0.09680728667305849,0.21148609779482264,-0.09680728667305849,0.12341323106423768,0.6053211888782358,0.3297794822627038,0.02638542665388302,0.3297794822627038,0.4743672099712368,1.4733940556088208,0.9116874400767018,0.36350431447746884,0.9116874400767018,1.1561649089165866,1.105321188878236,0.7543672099712369,0.1410642377756472,0.7543672099712369,0.7782933844678812,1.5,-0.1535234899328859,0.08798178331735376,-0.1535234899328859,1.2977612655800577,1.6680728667305849,1.612861936720997,0.3608437200383509,1.612861936720997,0.29042186001917547
4.0,,-3.360115052732496,0.0,1.793279002876318,,,,,,,,93.78619367209973,-19.081495685522533,95.70757430488975,0.9164908916586769,0.12113135186960688,0.11041227229146693,0.12113135186960688,0.9523681687440075,1.0917545541706617,-0.5128859060402684,0.08123681687440076,-0.5128859060402684,0.4863950143815916,0.5041227229146692,-0.016596356663470757,0.0012368168744007653,-0.016596356663470757,0.45,0.7835091083413233,-0.16,0.22340364333652926,-0.16,0.6021668264621285,0.5835091083413231,-0.5026845637583893,0.16711409395973156,-0.5026845637583893,0.1279386385426654,0.6958772770853308,-0.11392138063279006,0.058763183125599236,-0.11392138063279006,0.5542281879194632,0.11649089165867682,-0.09752636625119848,0.21340364333652925,-0.09752636625119848,0.11813998082454452,0.6041227229146692,0.334333652924257,0.024947267497603065,0.334333652924257,0.4711313518696069,1.479386385426654,0.9203163950143816,0.3672195589645254,0.9203163950143816,1.15928092042186,1.1041227229146693,0.7511313518696069,0.14082454458293386,0.7511313518696069,0.7809300095877277,1.5,-0.1459731543624161,0.08618408437200381,-0.1459731543624161,1.3005177372962609,1.6752636625119846,1.618974113135187,0.3651581975071908,1.618974113135187,0.2925790987535954
4.05,,-2.374616490891654,0.0,1.2690699904122766,,,,,,,,94.95852109300097,-19.320014381591562,96.90391898370086,0.9116970278044103,0.11789549376797698,0.11029242569511026,0.11789549376797698,0.9487727708533077,1.094151486097795,-0.5120469798657719,0.08087727708533078,-0.5120469798657719,0.49034995206136145,0.5029242569511025,-0.01467881112176414,0.0008772770853307764,-0.01467881112176414,0.45,0.7883029721955896,-0.16,0.22532118887823588,-0.16,0.604443911792905,0.5883029721955897,-0.5077181208053692,0.1679530201342282,-0.5077181208053692,0.1285378715244487,0.6970757430488974,-0.1185953978906999,0.05912272291466922,-0.1185953978906999,0.5559060402684565,0.11169702780441032,-0.09824544582933845,0.21532118887823587,-0.09824544582933845,0.11286673058485136,0.6029242569511025,0.33888782358581016,0.02350910834132311,0.33888782358581016,0.467895493767977,1.485378715244487,0.9289453499520613,0.370934803451582,0.9289453499520613,1.1623969319271332,1.1029242569511026,0.7478954937679769,0.14058485139022053,0.7478954937679769,0.7835666347075744,1.5,-0.1384228187919463,0.08438638542665386,-0.1384228187919463,1.303274209012464,1.6824544582933845,1.6250862895493767,0.3694726749760307,1.6250862895493767,0.2947363374880153
4.1000000000000005,,-1.3891179290507978,0.0,0.7448609779482211,,,,,,,,96.13084851390224,-19.5585330776606,98.100263662512,0.9069031639501437,0.11465963566634702,0.1101725790987536,0.11465963566634702,0.9451773729626077,1.0965484180249283,-0.5112080536912752,0.08051773729626079,-0.5112080536912752,0.4943048897411314,0.5017257909875359,-0.012761265580057496,0.0005177372962607805,-0.012761265580057496,0.45,0.7930968360498563,-0.16,0.22723873441994252,-0.16,0.6067209971236817,0.5930968360498563,-0.5127516778523491,0.16879194630872485,-0.5127516778523491,0.12913710450623203,0.6982742090124641,-0.12326941514860984,0.059482262703739214,-0.12326941514860984,0.5575838926174498,0.10690316395014371,-0.09896452540747844,0.21723873441994251,-0.09896452540747844,0.10759348034515809,0.6017257909875359,0.34344199424736344,0.022070949185043126,0.34344199424736344,0.46465963566634705,1.4913710450623203,0.9375743048897411,0.3746500479386386,0.9375743048897411,1.1655129434324065,1.101725790987536,0.7446596356663471,0.1403451581975072,0.7446596356663471,0.786203259827421,1.5,-0.13087248322147638,0.08258868648130388,-0.13087248322147638,1.3060306807286675,1.6896452540747844,1.6311984659635668,0.3737871524448706,1.6311984659635668,0.2968935762224353
4.15,,-0.4036193672099557,0.0,0.22065196548417276,,,,,,,,97.30317593480348,-19.79705177372963,99.29660834132312,0.9021093000958772,0.11142377756471711,0.11005273250239693,0.11142377756471711,0.9415819750719079,1.0989453499520614,-0.5103691275167785,0.08015819750719079,-0.5103691275167785,0.49825982742090125,0.5005273250239692,-0.010843720038350907,0.00015819750719079165,-0.010843720038350907,0.45,0.7978906999041229,-0.16,0.2291562799616491,-0.16,0.6089980824544583,0.5978906999041228,-0.517785234899329,0.1696308724832215,-0.517785234899329,0.12973633748801536,0.6994726749760307,-0.12794343240651973,0.05984180249280921,-0.12794343240651973,0.559261744966443,0.10210930009587715,-0.09968360498561843,0.2191562799616491,-0.09968360498561843,0.10232023010546493,0.6005273250239693,0.3479961649089166,0.02063279002876317,0.3479961649089166,0.46142377756471714,1.4973633748801536,0.9462032598274209,0.3783652924256951,0.9462032598274209,1.1686289549376796,1.1005273250239693,0.7414237775647171,0.14010546500479387,0.7414237775647171,0.7888398849472675,1.5,-0.12332214765100669,0.08079098753595393,-0.12332214765100669,1.3087871524448706,1.696836049856184,1.6373106423777566,0.3781016299137105,1.6373106423777566,0.29905081495685526
4.2,2.93,0.2376404494382058,-0.003146067415730391,-0.03359550561797793,0.2988764044943871,-11.24784269662921,-11.25507865168539,-1.3410112359550792,0.7946966292134966,0.10838202247191196,-0.19773033707865506,97.44508988764045,-18.494606741573012,99.23295505617976,0.9,0.11,0.11,0.11,0.94,1.1,-0.51,0.08,-0.51,0.5,0.5,-0.01,0.0,-0.01,0.45,0.8,-0.16,0.23,-0.16,0.61,0.6,-0.52,0.17,-0.52,0.13,0.7,-0.13,0.06,-0.13,0.56,0.1,-0.1,0.22,-0.1,0.1,0.6,0.35,0.02,0.35,0.46,1.5,0.95,0.38,0.95,1.17,1.1,0.74,0.14,0.74,0.79,1.5,-0.12,0.08,-0.12,1.31,1.7,1.64,0.38,1.64,0.3
4.25,2.93,0.6084269662921372,-0.00876404494382026,-0.07573033707865195,0.8325842696629246,-10.797561797752806,-10.817719101123593,-3.7356741573033863,2.2137977528089974,0.301921348314608,-0.5508202247191033,96.77739325842695,-15.981404494382007,98.17930337078651,0.9,0.11,0.11,0.11,0.94,1.1,-0.51,0.08,-0.51,0.5,0.5,-0.01,0.0,-0.01,0.45,0.8,-0.16,0.23,-0.16,0.61,0.6,-0.52,0.17,-0.52,0.13,0.7,-0.13,0.06,-0.13,0.56,0.1,-0.1,0.22,-0.1,0.1,0.6,0.35,0.02,0.35,0.46,1.5,0.95,0.38,0.95,1.17,1.1,0.74,0.14,0.74,0.79,1.5,-0.12,0.08,-0.12,1.31,1.7,1.64,0.38,1.64,0.3
4.3,2.93,0.9792134831460687,-0.01438202247191013,-0.11786516853932597,1.3662921348314623,-10.347280898876404,-10.380359550561796,-6.130337078651693,3.6328988764044983,0.49546067415730394,-0.9039101123595515,96.10969662921347,-13.468202247191005,97.12565168539325,0.9,0.11,0.11,0.11,0.94,1.1,-0.51,0.08,-0.51,0.5,0.5,-0.01,0.0,-0.01,0.45,0.8,-0.16,0.23,-0.16,0.61,0.6,-0.52,0.17,-0.52,0.13,0.7,-0.13,0.06,-0.13,0.56,0.1,-0.1,0.22,-0.1,0.1,0.6,0.35,0.02,0.35,0.46,1.5,0.95,0.38,0.95,1.17,1.1,0.74,0.14,0.74,0.79,1.5,-0.12,0.08,-0.12,1.31,1.7,1.64,0.38,1.64,0.3
4.3500000000000005,2.930000000000001,1.3500000000000238,-0.02000000000000023,-0.16000000000000272,1.90000000000005,-9.896999999999972,-9.942999999999977,-8.524999999999958,5.051999999999899,0.6890000000000162,-1.257000000000034,95.44200000000005,-10.954999999999998,96.07200000000005,0.9,0.11,0.11,0.11,0.94,1.1,-0.51,0.08,-0.51,0.5,0.5,-0.01,0.0,-0.01,0.45,0.8,-0.16,0.23,-0.16,0.61,0.6,-0.52,0.17,-0.52,0.13,0.7,-0.13,0.06,-0.13,0.56,0.1,-0.1,0.22,-0.1,0.1,0.6,0.35,0.02,0.35,0.46,1.5,0.95,0.38,0.95,1.17,1.1,0.74,0.14,0.74,0.79,1.5,-0.12,0.08,-0.12,1.31,1.7,1.64,0.38,1.64,0.3
4.4,2.9715789473684215,2.691052631578956,-0.03868421052631603,-0.31473684210526415,4.621052631578961,-7.651499999999973,-8.229921052631559,-6.3001842105263055,0.10463157894735409,1.8168421052631694,-3.4522631578947562,97.72365789473685,-11.486473684210543,98.40576315789474,0.9,0.09263157894736794,0.09552631578947328,0.09263157894736794,0.94,1.0710526315789466,-0.5157894736842107,0.06263157894736794,-0.5157894736842107,0.47684210526315723,0.5289473684210534,0.0015789473684213722,0.017368421052632057,0.0015789473684213722,0.47026315789473744,0.8,-0.13684210526315727,0.2097368421052626,-0.13684210526315727,0.6128947368421054,0.6,-0.5055263157894733,0.15842105263157863,-0.5055263157894733,0.1502631578947374,0.7289473684210535,-0.13578947368421068,0.07157894736842137,-0.13578947368421068,0.568684210526316,0.12894736842105345,-0.13184210526315876,0.18815789473684122,-0.13184210526315876,0.09710526315789467,0.6289473684210534,0.358684210526316,0.03736842105263206,0.358684210526316,0.4860526315789481,1.4421052631578932,0.9210526315789466,0.31921052631578783,0.9210526315789466,1.1178947368421037,1.1,0.7255263157894732,0.14868421052631603,0.7255263157894732,0.7928947368421054,1.4710526315789465,-0.10842105263157863,0.09447368421052672,-0.10842105263157863,1.3042105263157893,1.7289473684210535,1.6689473684210534,0.40894736842105345,1.6689473684210534,0.3347368421052641
4.45,3.0181578947368424,4.05342105263159,-0.07815789473684244,-0.47868421052631727,9.107894736842164,-3.232421052631543,-4.73294736842102,-5.792868421052638,-1.7628684210526422,3.866526315789492,-6.754763157894766,98.00465789473685,-13.92965789473686,99.0006052631579,0.9,0.05,0.06,0.05,0.94,1.0,-0.53,0.02,-0.53,0.42,0.6,0.03,0.06,0.03,0.52,0.8,-0.08,0.16,-0.08,0.62,0.6,-0.47,0.13,-0.47,0.2,0.8,-0.15,0.1,-0.15,0.59,0.2,-0.21,0.11,-0.21,0.09,0.7,0.38,0.08,0.38,0.55,1.3,0.85,0.17,0.85,0.99,1.1,0.69,0.17,0.69,0.8,1.4,-0.08,0.13,-0.08,1.29,1.8,1.74,0.48,1.74,0.42
4.5,3.0668421052631576,5.417894736842102,-0.09921052631578946,-0.6773684210526312,18.93684210526314,0.03626315789473167,-0.9363684210526388,-7.897605263157891,-3.025368421052629,6.1413947368421,-10.230815789473677,98.44821052631579,-14.627289473684211,99.53297368421052,0.9,0.05,0.06,0.05,0.94,1.0,-0.53,0.02,-0.53,0.42,0.6,0.03,0.06,0.03,0.52,0.8,-0.08,0.16,-0.08,0.62,0.6,-0.47,0.13,-0.47,0.2,0.8,-0.15,0.1,-0.15,0.59,0.2,-0.21,0.11,-0.21,0.09,0.7,0.38,0.08,0.38,0.55,1.3,0.85,0.17,0.85,0.99,1.1,0.69,0.17,0.69,0.8,1.4,-0.08,0.13,-0.08,1.29,1.8,1.74,0.48,1.74,0.42
4.55,3.1618421052631573,6.773947368421042,-0.0018421052631573728,-0.8626315789473665,20.855263157894683,2.3684473684210343,2.6158684210526135,-5.656789473684231,-4.00605263157895,8.592868421052613,-13.752342105263129,97.412,-15.061894736842088,98.57321052631578,0.9,0.05,0.06,0.05,0.94,1.0,-0.53,0.02,-0.53,0.42,0.6,0.03,0.06,0.03,0.52,0.8,-0.08,0.16,-0.08,0.62,0.6,-0.47,0.13,-0.47,0.2,0.8,-0.15,0.1,-0.15,0.59,0.2,-0.21,0.11,-0.21,0.09,0.7,0.38,0.08,0.38,0.55,1.3,0.85,0.17,0.85,0.99,1.1,0.69,0.17,0.69,0.8,1.4,-0.08,0.13,-0.08,1.29,1.8,1.74,0.48,1.74,0.42
4.6000000000000005,3.2276315789473693,8.129210526315807,-0.06210526315789543,-1.0994736842105295,27.828947368421144,4.267947368421071,4.566368421052651,-3.417421052631555,-4.162526315789485,10.957526315789503,-17.36800000000005,97.53544736842106,-16.906605263157914,98.9941052631579,0.9,0.05,0.06,0.05,0.94,1.0,-0.53,0.02,-0.53,0.42,0.6,0.03,0.06,0.03,0.52,0.8,-0.08,0.16,-0.08,0.62,0.6,-0.47,0.13,-0.47,0.2,0.8,-0.15,0.1,-0.15,0.59,0.2,-0.21,0.11,-0.21,0.09,0.7,0.38,0.08,0.38,0.55,1.3,0.85,0.17,0.85,0.99,1.1,0.69,0.17,0.69,0.8,1.4,-0.08,0.13,-0.08,1.29,1.8,1.74,0.48,1.74,0.42
4.65,3.302105263157895,9.475789473684214,-0.08868421052631582,-1.3450000000000009,33.67368421052633,5.047631578947369,5.7735526315789505,-1.838473684210522,-6.292710526315797,13.023552631578953,-21.00150000000001,97.122,-17.811078947368422,98.74602631578946,0.9,0.05,0.06,0.05,0.94,1.0,-0.53,0.02,-0.53,0.42,0.6,0.03,0.06,0.03,0.52,0.8,-0.08,0.16,-0.08,0.62,0.6,-0.47,0.13,-0.47,0.2,0.8,-0.15,0.1,-0.15,0.59,0.2,-0.21,0.11,-0.21,0.09,0.7,0.38,0.08,0.38,0.55,1.3,0.85,0.17,0.85,0.99,1.1,0.69,0.17,0.69,0.8,1.4,-0.08,0.13,-0.08,1.29,1.8,1.74,0.48,1.74,0.42
4.7,3.4028947368421063,10.826052631578962,-0.08184210526315804,-1.5986842105263186,37.27105263157899,5.4775000000000045,7.025026315789483,0.7712368421052913,-10.397763157894767,14.448657894736856,-24.213421052631602,96.9531842105263,-19.143315789473693,98.83373684210527,0.9,0.06,0.06,0.06,0.92,1.0,-0.58,0.02,-0.58,0.38,0.6,0.03,0.07,0.03,0.53,0.7,-0.08,0.09,-0.08,0.54,0.5,-0.41,0.06,-0.41,0.14,0.9,-0.17,0.19,-0.17,0.6,0.3,-0.24,0.06,-0.24,0.06,0.8,0.42,0.14,0.42,0.58,1.0,0.63,0.15,0.63,0.7,1.0,0.65,0.2,0.65,0.79,1.3,-0.08,0.25,-0.08,1.06,2.0,1.97,0.63,1.97,0.5
4.75,3.495,12.16,-0.1,-1.875,41.4,5.901999999999999,7.967499999999999,3.5004999999999997,-13.222999999999999,15.8095,-26.5395,96.74799999999999,-20.14,98.8305,0.9,0.06,0.06,0.06,0.92,1.0,-0.58,0.02,-0.58,0.38,0.6,0.03,0.07,0.03,0.53,0.7,-0.08,0.09,-0.08,0.54,0.5,-0.41,0.06,-0.41,0.14,0.9,-0.17,0.19,-0.17,0.6,0.3,-0.24,0.06,-0.24,0.06,0.8,0.42,0.14,0.42,0.58,1.0,0.63,0.15,0.63,0.7,1.0,0.65,0.2,0.65,0.79,1.3,-0.08,0.25,-0.08,1.06,2.0,1.97,0.63,1.97,0.5
4.800000000000001,3.605405405405407,13.524594594594612,-0.1267567567567571,-2.1559459459459496,45.26216216216221,6.248162162162166,8.786216216216227,6.061027027027059,-15.921216216216251,17.046540540540555,-28.657486486486512,96.5487027027027,-21.101054054054064,98.8348918918919,0.9,0.06,0.06,0.06,0.92,1.0,-0.58,0.02,-0.58,0.38,0.6,0.03,0.07,0.03,0.53,0.7,-0.08,0.09,-0.08,0.54,0.5,-0.41,0.06,-0.41,0.14,0.9,-0.17,0.19,-0.17,0.6,0.3,-0.24,0.06,-0.24,0.06,0.8,0.42,0.14,0.42,0.58,1.0,0.63,0.15,0.63,0.7,1.0,0.65,0.2,0.65,0.79,1.3,-0.08,0.25,-0.08,1.06,2.0,1.97,0.63,1.97,0.5
4.8500000000000005,3.7142105263157905,14.859473684210535,-0.1431578947368423,-2.456315789473686,46.83157894736842,6.17842105263158,9.08026315789474,7.64157894736844,-18.625684210526337,17.438052631578948,-29.827105263157897,96.46952631578947,-22.020789473684214,98.9568947368421,0.9,0.06,0.06,0.06,0.92,1.0,-0.58,0.02,-0.58,0.38,0.6,0.03,0.07,0.03,0.53,0.7,-0.08,0.09,-0.08,0.54,0.5,-0.41,0.06,-0.41,0.14,0.9,-0.17,0.19,-0.17,0.6,0.3,-0.24,0.06,-0.24,0.06,0.8,0.42,0.14,0.42,0.58,1.0,0.63,0.15,0.63,0.7,1.0,0.65,0.2,0.65,0.79,1.3,-0.08,0.25,-0.08,1.06,2.0,1.97,0.63,1.97,0.5
4.9,3.8326315789473697,16.188421052631593,-0.16473684210526332,-2.7636842105263195,46.90526315789473,6.233210526315788,9.38342105263158,9.920789473684225,-21.788842105263182,17.261842105263156,-30.09857894736842,96.53926315789474,-23.0933157894737,99.27005263157895,0.9,0.06,0.06,0.06,0.92,1.0,-0.58,0.02,-0.58,0.38,0.6,0.03,0.07,0.03,0.53,0.7,-0.08,0.09,-0.08,0.54,0.5,-0.41,0.06,-0.41,0.14,0.9,-0.17,0.19,-0.17,0.6,0.3,-0.24,0.06,-0.24,0.06,0.8,0.42,0.14,0.42,0.58,1.0,0.63,0.15,0.63,0.7,1.0,0.65,0.2,0.65,0.79,1.3,-0.08,0.25,-0.08,1.06,2.0,1.97,0.63,1.97,0.5
4.95,3.9529729729729737,17.530810810810816,-0.17810810810810818,-3.100810810810813,46.39459459459459,5.887918918918916,9.094459459459456,10.58418918918919,-23.35524324324325,16.78851351351351,-30.002135135135134,96.65454054054055,-24.42862162162163,99.70224324324325,0.9,0.06,0.06,0.06,0.8956756756756754,1.081081081081082,-0.6935135135135146,0.10108108108108192,-0.6935135135135146,0.35567567567567543,0.6,0.021891891891891807,0.06189189189189181,0.021891891891891807,0.5218918918918918,0.7,-0.031351351351350844,0.057567567567567236,-0.031351351351350844,0.5075675675675673,0.5,-0.41,0.06,-0.41,0.14,0.9,-0.17,0.19,-0.17,0.6,0.3,-0.24,0.06,-0.24,0.06,0.8,0.4281081081081082,0.1643243243243246,0.4281081081081082,0.5718918918918917,0.9189189189189181,0.5570270270270263,0.23918918918919013,0.5570270270270263,0.659459459459459,1.0,0.65,0.2,0.65,0.7818918918918918,1.3,-0.08,0.25,-0.08,1.06,2.0,1.97,0.63,1.97,0.5
5.0,4.066216216216217,18.882162162162167,-0.1916216216216217,-3.452162162162164,45.254054054054045,5.161891891891888,8.533756756756754,11.514027027027032,-24.357540540540544,16.095216216216212,-29.50581081081081,96.67781081081081,-25.69783783783784,100.0428918918919,0.9,0.06,0.06,0.06,0.89,1.1,-0.72,0.12,-0.72,0.35,0.6,0.02,0.06,0.02,0.52,0.7,-0.02,0.05,-0.02,0.5,0.5,-0.41,0.06,-0.41,0.14,0.9,-0.17,0.19,-0.17,0.6,0.3,-0.24,0.06,-0.24,0.06,0.8,0.43,0.17,0.43,0.57,0.9,0.54,0.26,0.54,0.65,1.0,0.65,0.2,0.65,0.78,1.3,-0.08,0.25,-0.08,1.06,2.0,1.97,0.63,1.97,0.5
5.050000000000001,4.196216216216219,20.23351351351354,-0.20513513513513543,-3.8086486486486564,44.14054054054052,4.255162162162138,7.943891891891879,12.453216216216232,-25.18208108108109,15.449675675675664,-28.891702702702688,96.66145945945945,-26.851486486486507,100.33116216216217,0.9,0.06,0.06,0.06,0.89,1.1,-0.72,0.12,-0.72,0.35,0.6,0.02,0.06,0.02,0.52,0.7,-0.02,0.05,-0.02,0.5,0.5,-0.41,0.06,-0.41,0.14,0.9,-0.17,0.19,-0.17,0.6,0.3,-0.24,0.06,-0.24,0.06,0.8,0.43,0.17,0.43,0.57,0.9,0.54,0.26,0.54,0.65,1.0,0.65,0.2,0.65,0.78,1.3,-0.08,0.25,-0.08,1.06,2.0,1.97,0.63,1.97,0.5
5.1000000000000005,4.30918918918919,21.576216216216224,-0.22729729729729742,-4.190810810810813,43.108108108108105,2.9328378378378317,7.3149189189189165,13.086459459459462,-25.555972972972974,15.013243243243242,-28.04089189189189,96.5754054054054,-27.8215945945946,100.51364864864865,0.9,0.06,0.06,0.06,0.89,1.1,-0.72,0.12,-0.72,0.35,0.6,0.02,0.06,0.02,0.52,0.7,-0.02,0.05,-0.02,0.5,0.5,-0.41,0.06,-0.41,0.14,0.9,-0.17,0.19,-0.17,0.6,0.3,-0.24,0.06,-0.24,0.06,0.8,0.43,0.17,0.43,0.57,0.9,0.54,0.26,0.54,0.65,1.0,0.65,0.2,0.65,0.78,1.3,-0.08,0.25,-0.08,1.06,2.0,1.97,0.63,1.97,0.5
5.15,4.427297297297297,22.91189189189189,-0.24432432432432433,-4.584864864864865,41.58378378378378,1.5262702702702695,6.661594594594594,13.576864864864865,-25.91591891891892,14.674621621621622,-26.959216216216216,96.479,-29.197405405405405,100.81024324324324,0.9,0.06,0.05783783783783783,0.06,0.8856756756756756,1.1216216216216217,-0.7351351351351352,0.12864864864864867,-0.7351351351351352,0.35,0.6,0.02,0.05567567567567566,0.02,0.5156756756756756,0.7,-0.017837837837837833,0.04567567567567567,-0.017837837837837833,0.5,0.5,-0.41,0.051351351351351326,-0.41,0.15081081081081085,0.9,-0.17216216216216218,0.19432432432432434,-0.17216216216216218,0.5978378378378378,0.2783783783783783,-0.22270270270270265,0.062162162162162166,-0.22270270270270265,0.062162162162162166,0.8,0.4235135135135135,0.16135135135135134,0.4235135135135135,0.5591891891891891,0.8783783783783783,0.5248648648648648,0.2686486486486487,0.5248648648648648,0.6543243243243244,1.0,0.6456756756756756,0.20432432432432435,0.6456756756756756,0.7735135135135135,1.2783783783783784,-0.09513513513513518,0.26729729729729734,-0.09513513513513518,1.0167567567567566,2.021621621621622,1.982972972972973,0.6321621621621621,1.982972972972973,0.5
5.2,4.535405405405405,24.236216216216214,-0.27135135135135136,-4.99027027027027,40.28918918918919,0.28924324324324435,5.962432432432433,13.888351351351352,-25.805594594594595,14.612540540540541,-25.74864864864865,96.38637837837838,-30.018594594594596,100.96456756756757,0.9,0.06,0.05,0.06,0.87,1.2,-0.79,0.16,-0.79,0.35,0.6,0.02,0.04,0.02,0.5,0.7,-0.01,0.03,-0.01,0.5,0.5,-0.41,0.02,-0.41,0.19,0.9,-0.18,0.21,-0.18,0.59,0.2,-0.16,0.07,-0.16,0.07,0.8,0.4,0.13,0.4,0.52,0.8,0.47,0.3,0.47,0.67,1.0,0.63,0.22,0.63,0.75,1.2,-0.15,0.33,-0.15,0.86,2.1,2.03,0.64,2.03,0.5
5.25,4.655,25.585555555555562,-0.2894444444444445,-5.412777777777779,39.14444444444444,-0.7417222222222262,5.354499999999998,14.67655555555556,-26.201444444444444,14.693444444444445,-24.521111111111107,96.31844444444445,-31.210611111111117,101.2603888888889,0.9,0.06,0.05,0.06,0.87,1.2,-0.79,0.16,-0.79,0.35,0.6,0.02,0.04,0.02,0.5,0.7,-0.01,0.03,-0.01,0.5,0.5,-0.41,0.02,-0.41,0.19,0.9,-0.18,0.21,-0.18,0.59,0.2,-0.16,0.07,-0.16,0.07,0.8,0.4,0.13,0.4,0.52,0.8,0.47,0.3,0.47,0.67,1.0,0.63,0.22,0.63,0.75,1.2,-0.15,0.33,-0.15,0.86,2.1,2.03,0.64,2.03,0.5
5.300000000000001,4.761388888888891,26.913333333333355,-0.3130555555555558,-5.847777777777786,38.54722222222221,-1.5431111111111202,4.634305555555545,14.769000000000004,-26.11402777777778,14.931527777777783,-23.641861111111098,96.30569444444444,-32.18058333333335,101.55233333333334,0.9,0.06,0.05,0.06,0.87,1.2,-0.79,0.16,-0.79,0.35,0.6,0.02,0.04,0.02,0.5,0.7,-0.01,0.03,-0.01,0.5,0.5,-0.41,0.02,-0.41,0.19,0.9,-0.18,0.21,-0.18,0.59,0.2,-0.16,0.07,-0.16,0.07,0.8,0.4,0.13,0.4,0.52,0.8,0.47,0.3,0.47,0.67,1.0,0.63,0.22,0.63,0.75,1.2,-0.15,0.33,-0.15,0.86,2.1,2.03,0.64,2.03,0.5
5.3500000000000005,4.858611111111112,28.253611111111127,-0.32694444444444465,-6.306111111111117,38.06111111111111,-2.009777777777783,4.100972222222216,15.000250000000003,-26.081388888888885,15.191944444444449,-23.06130555555555,96.31958333333333,-33.361833333333344,101.94469444444445,0.9,0.06,0.05,0.06,0.87,1.2,-0.79,0.16,-0.79,0.35,0.6,0.02,0.04,0.02,0.5,0.7,-0.01,0.03,-0.01,0.5,0.5,-0.41,0.02,-0.41,0.19,0.9,-0.18,0.21,-0.18,0.59,0.2,-0.16,0.07,-0.16,0.07,0.8,0.4,0.13,0.4,0.52,0.8,0.47,0.3,0.47,0.67,1.0,0.63,0.22,0.63,0.75,1.2,-0.15,0.33,-0.15,0.86,2.1,2.03,0.64,2.03,0.5
5.4,4.952857142857144,29.56485714285716,-0.3511428571428575,-6.760571428571436,38.39428571428571,-2.3910285714285697,3.7383999999999955,15.27922857142858,-25.70754285714285,15.461200000000007,-22.87865714285714,96.165,-34.21794285714287,102.08345714285714,0.9,0.06,0.05,0.06,0.8688571428571424,1.2,-0.7911428571428576,0.15885714285714247,-0.7911428571428576,0.35457142857143004,0.5942857142857124,0.02,0.03828571428571372,0.02,0.4982857142857137,0.7,-0.0071428571428562,0.029428571428571238,-0.0071428571428562,0.4988571428571425,0.4942857142857124,-0.4111428571428575,0.0228571428571438,-0.4111428571428575,0.18028571428571108,0.9,-0.18057142857142874,0.20771428571428496,-0.18057142857142874,0.5894285714285712,0.2057142857142876,-0.15485714285714117,0.06714285714285621,-0.15485714285714117,0.07114285714285752,0.7942857142857125,0.39542857142856996,0.12657142857142745,0.39542857142856996,0.5188571428571425,0.8,0.47,0.3011428571428575,0.47,0.6688571428571425,1.0,0.6288571428571424,0.22114285714285753,0.6288571428571424,0.7488571428571424,1.1942857142857124,-0.1540000000000013,0.3322857142857151,-0.1540000000000013,0.8514285714285685,2.1,2.03,0.6382857142857137,2.03,0.5011428571428576
5.45,5.029142857142857,30.93142857142858,-0.37485714285714294,-7.270000000000003,38.25142857142857,-2.263828571428571,3.3988857142857123,15.986885714285718,-25.24611428571428,15.941685714285716,-22.7696,96.01548571428572,-35.11651428571429,102.24731428571428,0.9,0.06,0.05,0.06,0.85,1.2,-0.81,0.14,-0.81,0.43,0.5,0.02,0.01,0.02,0.47,0.7,0.04,0.02,0.04,0.48,0.4,-0.43,0.07,-0.43,0.02,0.9,-0.19,0.17,-0.19,0.58,0.3,-0.07,0.02,-0.07,0.09,0.7,0.32,0.07,0.32,0.5,0.8,0.47,0.32,0.47,0.65,1.0,0.61,0.24,0.61,0.73,1.1,-0.22,0.37,-0.22,0.71,2.1,2.03,0.61,2.03,0.52
5.5,5.104444444444446,32.26444444444445,-0.397777777777778,-7.770000000000004,38.111111111111114,-2.1342222222222214,3.066333333333331,16.684777777777782,-24.793777777777773,16.41455555555556,-22.662444444444443,95.86955555555556,-35.99911111111112,102.41555555555556,0.9,0.06,0.05,0.06,0.85,1.2,-0.81,0.14,-0.81,0.43,0.5,0.02,0.01,0.02,0.47,0.7,0.04,0.02,0.04,0.48,0.4,-0.43,0.07,-0.43,0.02,0.9,-0.19,0.17,-0.19,0.58,0.3,-0.07,0.02,-0.07,0.09,0.7,0.32,0.07,0.32,0.5,0.8,0.47,0.32,0.47,0.65,1.0,0.61,0.24,0.61,0.73,1.1,-0.22,0.37,-0.22,0.71,2.1,2.03,0.61,2.03,0.52
5.550000000000001,5.185714285714287,33.615428571428595,-0.4162857142857148,-8.276285714285724,37.96857142857142,-2.003085714285712,2.728257142857136,17.391257142857157,-24.506771428571437,16.894285714285726,-22.537142857142854,95.74614285714286,-36.89525714285716,102.61874285714286,0.9,0.06,0.05,0.06,0.85,1.2,-0.81,0.14,-0.81,0.43,0.5,0.02,0.01,0.02,0.47,0.7,0.04,0.02,0.04,0.48,0.4,-0.43,0.07,-0.43,0.02,0.9,-0.19,0.17,-0.19,0.58,0.3,-0.07,0.02,-0.07,0.09,0.7,0.32,0.07,0.32,0.5,0.8,0.47,0.32,0.47,0.65,1.0,0.61,0.24,0.61,0.73,1.1,-0.22,0.37,-0.22,0.71,2.1,2.03,0.61,2.03,0.52
5.6000000000000005,5.249714285714286,34.95828571428573,-0.4374285714285716,-8.804857142857148,37.75142857142857,-1.8723999999999985,2.383971428571425,18.096971428571436,-24.95985714285715,17.372857142857146,-22.33731428571428,95.7304857142857,-37.80245714285715,102.93457142857143,0.9,0.06,0.05,0.06,0.85,1.2,-0.81,0.14,-0.81,0.43,0.5,0.02,0.01,0.02,0.47,0.7,0.04,0.02,0.04,0.48,0.4,-0.43,0.07,-0.43,0.02,0.9,-0.19,0.17,-0.19,0.58,0.3,-0.07,0.02,-0.07,0.09,0.7,0.32,0.07,0.32,0.5,0.8,0.47,0.32,0.47,0.65,1.0,0.61,0.24,0.61,0.73,1.1,-0.22,0.37,-0.22,0.71,2.1,2.03,0.61,2.03,0.52
5.65,5.305882352941177,36.278235294117664,-0.46294117647058863,-9.325882352941184,37.57058823529412,-1.7436176470588216,2.025852941176463,18.78920588235295,-25.52961764705883,17.8429705882353,-22.12132352941176,95.71991176470588,-38.710705882352954,103.26226470588236,0.9,0.05264705882352841,0.051470588235294316,0.05264705882352841,0.8470588235294113,1.2,-0.8114705882352944,0.1385294117647057,-0.8114705882352944,0.4461764705882375,0.5,0.021470588235294318,0.008529411764705683,0.021470588235294318,0.46852941176470564,0.7,0.04147058823529432,0.018529411764705683,0.04147058823529432,0.47705882352941137,0.4147058823529432,-0.43735294117647155,0.061176470588234104,-0.43735294117647155,0.018529411764705683,0.8852941176470569,-0.1826470588235284,0.1508823529411739,-0.1826470588235284,0.5770588235294113,0.31470588235294317,-0.04941176470587956,0.03764705882353181,-0.04941176470587956,0.09735294117647159,0.7,0.30676470588235116,0.061176470588234104,0.30676470588235116,0.5029411764705887,0.7852941176470568,0.47,0.3288235294117659,0.47,0.6367647058823511,0.9852941176470569,0.6085294117647057,0.2414705882352943,0.6085294117647057,0.725588235294117,1.085294117647057,-0.22441176470588295,0.37441176470588294,-0.22441176470588295,0.6982352941176454,2.1147058823529434,2.0329411764705885,0.6129411764705887,2.0329411764705885,0.5538235294117693
5.7,5.352,37.632,-0.48599999999999993,-9.877999999999998,37.28,-1.6114000000000004,1.4306000000000023,19.501999999999995,-26.0448,18.326199999999996,-21.825400000000002,95.62,-39.779599999999995,103.576,0.9,0.01,0.06,0.01,0.83,1.2,-0.82,0.13,-0.82,0.54,0.5,0.03,0.0,0.03,0.46,0.7,0.05,0.01,0.05,0.46,0.5,-0.48,0.01,-0.48,0.01,0.8,-0.14,0.04,-0.14,0.56,0.4,0.07,0.14,0.07,0.14,0.7,0.23,0.01,0.23,0.52,0.7,0.47,0.38,0.47,0.56,0.9,0.6,0.25,0.6,0.7,1.0,-0.25,0.4,-0.25,0.63,2.2,2.05,0.63,2.05,0.75
5.75,5.3802941176470584,38.95705882352942,-0.5105882352941178,-10.431764705882356,36.99117647058823,-1.4813823529411756,0.6964705882352895,20.201205882352948,-26.230647058823532,18.800617647058825,-21.50005882352941,95.63005882352941,-40.77464705882354,103.97205882352941,0.9,0.01,0.06,0.01,0.83,1.2,-0.82,0.13,-0.82,0.54,0.5,0.03,0.0,0.03,0.46,0.7,0.05,0.01,0.05,0.46,0.5,-0.48,0.01,-0.48,0.01,0.8,-0.14,0.04,-0.14,0.56,0.4,0.07,0.14,0.07,0.14,0.7,0.23,0.01,0.23,0.52,0.7,0.47,0.38,0.47,0.56,0.9,0.6,0.25,0.6,0.7,1.0,-0.25,0.4,-0.25,0.63,2.2,2.05,0.63,2.05,0.75
5.800000000000001,5.39,40.292000000000016,-0.5397142857142861,-11.014285714285723,36.60285714285714,-1.3512857142857124,-0.021971428571438578,20.904114285714297,-26.213171428571428,19.276828571428577,-21.15734285714285,95.63297142857144,-41.8955142857143,104.42302857142857,0.9,0.01,0.06,0.01,0.83,1.2,-0.82,0.13,-0.82,0.54,0.5,0.03,0.0,0.03,0.46,0.7,0.05,0.01,0.05,0.46,0.5,-0.48,0.01,-0.48,0.01,0.8,-0.14,0.04,-0.14,0.56,0.4,0.07,0.14,0.07,0.14,0.7,0.23,0.01,0.23,0.52,0.7,0.47,0.38,0.47,0.56,0.9,0.6,0.25,0.6,0.7,1.0,-0.25,0.4,-0.25,0.63,2.2,2.05,0.63,2.05,0.75
5.8500000000000005,5.39,41.62588235294118,-0.5688235294117648,-11.60588235294118,36.5,-1.2212352941176463,-0.7107647058823565,21.606588235294122,-26.10629411764706,19.753705882352943,-20.824294117647057,95.63494117647059,-42.98182352941177,104.86823529411764,0.9,0.01,0.06,0.01,0.83,1.2,-0.82,0.13,-0.82,0.54,0.5,0.03,0.0,0.03,0.46,0.7,0.05,0.01,0.05,0.46,0.5,-0.48,0.01,-0.48,0.01,0.8,-0.14,0.04,-0.14,0.56,0.4,0.07,0.14,0.07,0.14,0.7,0.23,0.01,0.23,0.52,0.7,0.47,0.38,0.47,0.56,0.9,0.6,0.25,0.6,0.7,1.0,-0.25,0.4,-0.25,0.63,2.2,2.05,0.63,2.05,0.75
5.9,5.372571428571428,42.92428571428574,-0.5974285714285719,-12.192285714285722,38.73142857142861,-1.0911999999999982,-1.0767428571428623,22.30562857142858,-24.994999999999983,20.227942857142864,-20.58608571428571,95.63225714285714,-43.67094285714287,105.15068571428571,0.9,0.01,0.06,0.01,0.83,1.2,-0.82,0.13,-0.82,0.54,0.5,0.03,0.0,0.03,0.46,0.7,0.05,0.01,0.05,0.46,0.5,-0.48,0.01,-0.48,0.01,0.8,-0.14,0.04,-0.14,0.56,0.4,0.07,0.14,0.07,0.14,0.7,0.23,0.01,0.23,0.52,0.7,0.47,0.38,0.47,0.56,0.9,0.6,0.25,0.6,0.7,1.0,-0.25,0.4,-0.25,0.63,2.2,2.05,0.63,2.05,0.75
5.95,5.343529411764706,44.23117647058823,-0.6264705882352941,-12.795882352941174,40.870588235294115,-1.0479999999999998,-1.378588235294117,23.053588235294114,-24.113470588235298,20.692941176470587,-20.39323529411765,95.6285294117647,-44.36888235294117,105.43835294117648,0.9,-0.006470588235294056,0.03529411764705891,-0.006470588235294056,0.8464705882352941,1.2,-0.7870588235294119,0.12176470588235297,-0.7870588235294119,0.6305882352941173,0.5,0.046470588235294055,0.016470588235294056,0.046470588235294055,0.45176470588235296,0.7823529411764703,0.033529411764705946,0.02647058823529406,0.033529411764705946,0.45176470588235296,0.5,-0.471764705882353,0.034705882352941086,-0.471764705882353,0.01823529411764703,0.8,-0.1070588235294119,0.023529411764705944,-0.1070588235294119,0.568235294117647,0.4,0.07,0.14823529411764702,0.07,0.1729411764705881,0.6176470588235297,0.1970588235294119,0.01823529411764703,0.1970588235294119,0.536470588235294,0.7,0.478235294117647,0.388235294117647,0.478235294117647,0.48588235294117676,0.9,0.6,0.258235294117647,0.6,0.6588235294117649,0.9176470588235297,-0.22529411764705892,0.4658823529411762,-0.22529411764705892,0.6052941176470589,2.2,2.017058823529412,0.5888235294117649,2.017058823529412,0.8158823529411762
6.0,5.301176470588235,45.55764705882353,-0.6558823529411764,-13.416470588235292,41.42941176470588,-1.4187058823529408,-1.3757058823529411,23.938529411764705,-24.565705882352944,21.01664705882353,-20.438176470588235,95.60911764705882,-45.13935294117647,105.74758823529412,0.9,-0.01,0.03,-0.01,0.85,1.2,-0.78,0.12,-0.78,0.65,0.5,0.05,0.02,0.05,0.45,0.8,0.03,0.03,0.03,0.45,0.5,-0.47,0.04,-0.47,0.02,0.8,-0.1,0.02,-0.1,0.57,0.4,0.07,0.15,0.07,0.18,0.6,0.19,0.02,0.19,0.54,0.7,0.48,0.39,0.48,0.47,0.9,0.6,0.26,0.6,0.65,0.9,-0.22,0.48,-0.22,0.6,2.2,2.01,0.58,2.01,0.83
6.050000000000001,5.249411764705882,46.8958823529412,-0.6852941176470593,-14.056470588235305,41.5,-1.4514705882352936,-1.3558823529411759,24.41005882352942,-24.148882352941172,21.06129411764706,-20.397941176470585,95.57458823529412,-45.89011764705884,106.03723529411765,0.9,-0.01,0.03,-0.01,0.85,1.2,-0.78,0.12,-0.78,0.65,0.5,0.05,0.02,0.05,0.45,0.8,0.03,0.03,0.03,0.45,0.5,-0.47,0.04,-0.47,0.02,0.8,-0.1,0.02,-0.1,0.57,0.4,0.07,0.15,0.07,0.18,0.6,0.19,0.02,0.19,0.54,0.7,0.48,0.39,0.48,0.47,0.9,0.6,0.26,0.6,0.65,0.9,-0.22,0.48,-0.22,0.6,2.2,2.01,0.58,2.01,0.83
6.1000000000000005,5.191764705882353,48.20735294117649,-0.7120588235294119,-14.702647058823537,41.5,-1.4240882352941173,-1.2151470588235274,24.814058823529418,-24.879647058823544,21.064617647058824,-20.050794117647055,95.66464705882353,-46.868558823529426,106.54223529411765,0.9,-0.01,0.03,-0.01,0.85,1.2,-0.78,0.12,-0.78,0.65,0.5,0.05,0.02,0.05,0.45,0.8,0.03,0.03,0.03,0.45,0.5,-0.47,0.04,-0.47,0.02,0.8,-0.1,0.02,-0.1,0.57,0.4,0.07,0.15,0.07,0.18,0.6,0.19,0.02,0.19,0.54,0.7,0.48,0.39,0.48,0.47,0.9,0.6,0.26,0.6,0.65,0.9,-0.22,0.48,-0.22,0.6,2.2,2.01,0.58,2.01,0.83
6.15,5.140285714285714,49.52800000000001,-0.7331428571428574,-15.355714285714292,41.5,-1.3965142857142854,-1.0540571428571412,25.222657142857145,-25.828114285714296,21.068314285714287,-19.65394285714285,95.7756,-47.89460000000001,107.09502857142857,0.9,-0.01,0.03,-0.01,0.85,1.2,-0.78,0.12,-0.78,0.65,0.5,0.05,0.02,0.05,0.45,0.8,0.03,0.03,0.03,0.45,0.5,-0.47,0.04,-0.47,0.02,0.8,-0.1,0.02,-0.1,0.57,0.4,0.07,0.15,0.07,0.18,0.6,0.19,0.02,0.19,0.54,0.7,0.48,0.39,0.48,0.47,0.9,0.6,0.26,0.6,0.65,0.9,-0.22,0.48,-0.22,0.6,2.2,2.01,0.58,2.01,0.83
6.2,5.096470588235293,50.85705882352942,-0.7623529411764708,-16.01411764705883,41.3470588235294,-1.3587647058823518,-0.8910588235294106,25.570235294117644,-26.78176470588236,21.03411764705882,-19.254235294117645,95.84441176470588,-48.85329411764706,107.58676470588235,0.9,-0.01,0.03,-0.01,0.85,1.2,-0.78,0.12,-0.78,0.65,0.5,0.05,0.02,0.05,0.45,0.8,0.03,0.03,0.03,0.45,0.5,-0.47,0.04,-0.47,0.02,0.8,-0.1,0.02,-0.1,0.57,0.4,0.07,0.15,0.07,0.18,0.6,0.19,0.02,0.19,0.54,0.7,0.48,0.39,0.48,0.47,0.9,0.6,0.26,0.6,0.65,0.9,-0.22,0.48,-0.22,0.6,2.2,2.01,0.58,2.01,0.83
6.25,5.0464705882352945,52.18941176470587,-0.7858823529411764,-16.690588235294115,39.670588235294126,-1.2828823529411761,-0.7898823529411766,25.194647058823534,-27.7135294117647,20.57588235294118,-18.87070588235294,95.5085294117647,-49.12476470588235,107.41470588235295,0.9,-0.01,0.03,-0.01,0.85,1.2,-0.78,0.12,-0.78,0.65,0.5,0.05,0.02,0.05,0.45,0.8,0.03,0.03,0.03,0.45,0.5,-0.47,0.04,-0.47,0.02,0.8,-0.1,0.02,-0.1,0.57,0.4,0.07,0.15,0.07,0.18,0.6,0.19,0.02,0.19,0.54,0.7,0.48,0.39,0.48,0.47,0.9,0.6,0.26,0.6,0.65,0.9,-0.22,0.48,-0.22,0.6,2.2,2.01,0.58,2.01,0.83
6.300000000000001,4.977647058823529,53.512941176470605,-0.8105882352941179,-17.38764705882354,39.08235294117647,-1.481352941176474,-0.8960588235294138,24.83817647058823,-28.593764705882364,20.192411764705877,-18.532882352941172,95.52805882352942,-49.972294117647074,107.8238823529412,0.9,-0.01,0.03,-0.01,0.85,1.2,-0.78,0.12,-0.78,0.65,0.5,0.05,0.02,0.05,0.45,0.8,0.03,0.03,0.03,0.45,0.5,-0.47,0.04,-0.47,0.02,0.8,-0.1,0.02,-0.1,0.57,0.4,0.07,0.15,0.07,0.18,0.6,0.19,0.02,0.19,0.54,0.7,0.48,0.39,0.48,0.47,0.9,0.6,0.26,0.6,0.65,0.9,-0.22,0.48,-0.22,0.6,2.2,2.01,0.58,2.01,0.83
6.3500000000000005,4.918823529411764,54.836470588235315,-0.8305882352941181,-18.078823529411775,38.64117647058823,-1.7550000000000048,-1.0475294117647083,24.403117647058814,-29.46288235294119,19.844647058823522,-18.204941176470584,95.59564705882353,-50.90700000000001,108.32011764705884,0.9,-0.01,0.03,-0.01,0.85,1.2,-0.78,0.12,-0.78,0.65,0.5,0.05,0.02,0.05,0.45,0.8,0.03,0.03,0.03,0.45,0.5,-0.47,0.04,-0.47,0.02,0.8,-0.1,0.02,-0.1,0.57,0.4,0.07,0.15,0.07,0.18,0.6,0.19,0.02,0.19,0.54,0.7,0.48,0.39,0.48,0.47,0.9,0.6,0.26,0.6,0.65,0.9,-0.22,0.48,-0.22,0.6,2.2,2.01,0.58,2.01,0.83
6.4,4.87,56.17,-0.86,-18.77,38.0,-2.079,-1.2,23.657,-30.333,19.554,-17.876,95.544,-51.679,108.639,0.9,-0.01,0.03,-0.01,0.85,1.2,-0.78,0.12,-0.78,0.65,0.5,0.05,0.02,0.05,0.45,0.8,0.03,0.03,0.03,0.45,0.5,-0.47,0.04,-0.47,0.02,0.8,-0.1,0.02,-0.1,0.57,0.4,0.07,0.15,0.07,0.18,0.6,0.19,0.02,0.19,0.54,0.7,0.48,0.39,0.48,0.47,0.9,0.6,0.26,0.6,0.65,0.9,-0.22,0.48,-0.22,0.6,2.2,2.01,0.58,2.01,0.83
6.45,4.83060606060606,57.50151515151516,-0.8796969696969699,-19.472727272727276,37.5030303030303,-2.4170606060606077,-1.4145151515151533,22.833363636363632,-30.88521212121212,19.273848484848482,-17.596757575757575,95.4740303030303,-52.44369696969697,108.9429696969697,0.9,-0.03,0.02,-0.03,0.89,1.2,-0.73,0.12,-0.73,0.73,0.5,0.07,0.01,0.07,0.48,0.8,-0.02,0.02,-0.02,0.41,0.5,-0.46,0.07,-0.46,0.0,0.7,-0.07,0.01,-0.07,0.55,0.5,0.06,0.17,0.06,0.23,0.7,0.13,0.02,0.13,0.6,0.8,0.47,0.33,0.47,0.47,0.9,0.67,0.22,0.67,0.59,0.7,0.03,0.63,0.03,0.58,2.2,1.98,0.49,1.98,0.85
6.5,4.771176470588236,58.823823529411754,-0.9191176470588233,-20.195588235294114,37.30294117647059,-2.7543235294117627,-1.83776470588235,22.01517647058824,-30.383941176470593,18.9955,-17.500117647058822,95.44338235294117,-53.272441176470586,109.31729411764707,0.9,-0.03,0.02,-0.03,0.89,1.2,-0.73,0.12,-0.73,0.73,0.5,0.07,0.01,0.07,0.48,0.8,-0.02,0.02,-0.02,0.41,0.5,-0.46,0.07,-0.46,0.0,0.7,-0.07,0.01,-0.07,0.55,0.5,0.06,0.17,0.06,0.23,0.7,0.13,0.02,0.13,0.6,0.8,0.47,0.33,0.47,0.47,0.9,0.67,0.22,0.67,0.59,0.7,0.03,0.63,0.03,0.58,2.2,1.98,0.49,1.98,0.85
6.550000000000001,4.671764705882351,60.14411764705885,-0.9294117647058829,-20.974705882352957,36.26470588235293,-3.0259411764705906,-2.151882352941181,21.119352941176448,-30.786117647058823,18.70147058823529,-17.560647058823534,95.55405882352942,-53.80576470588237,109.67823529411766,0.9,-0.03,0.02,-0.03,0.89,1.2,-0.73,0.12,-0.73,0.73,0.5,0.07,0.01,0.07,0.48,0.8,-0.02,0.02,-0.02,0.41,0.5,-0.46,0.07,-0.46,0.0,0.7,-0.07,0.01,-0.07,0.55,0.5,0.06,0.17,0.06,0.23,0.7,0.13,0.02,0.13,0.6,0.8,0.47,0.33,0.47,0.47,0.9,0.67,0.22,0.67,0.59,0.7,0.03,0.63,0.03,0.58,2.2,1.98,0.49,1.98,0.85
6.6000000000000005,4.591515151515151,61.46333333333335,-0.9496969696969698,-21.734848484848495,35.8060606060606,-3.0564848484848484,-2.338757575757578,20.01381818181817,-30.453060606060603,18.362939393939392,-17.97021212121213,95.63942424242425,-54.33715151515152,110.01721212121213,0.9,-0.03,0.02,-0.03,0.89,1.2,-0.73,0.12,-0.73,0.73,0.5,0.07,0.01,0.07,0.48,0.8,-0.02,0.02,-0.02,0.41,0.5,-0.46,0.07,-0.46,0.0,0.7,-0.07,0.01,-0.07,0.55,0.5,0.06,0.17,0.06,0.23,0.7,0.13,0.02,0.13,0.6,0.8,0.47,0.33,0.47,0.47,0.9,0.67,0.22,0.67,0.59,0.7,0.03,0.63,0.03,0.58,2.2,1.98,0.49,1.98,0.85
6.65,4.525757575757575,62.80666666666667,-0.9796969696969698,-22.502424242424247,35.74848484848485,-2.939787878787879,-2.4998787878787887,19.894848484848485,-29.9510303030303,18.311545454545456,-18.459606060606063,95.65287878787879,-55.08009090909091,110.4009393939394,0.9,-0.03,0.02,-0.03,0.89,1.2,-0.73,0.12,-0.73,0.73,0.5,0.07,0.01,0.07,0.48,0.8,-0.02,0.02,-0.02,0.41,0.5,-0.46,0.07,-0.46,0.0,0.7,-0.07,0.01,-0.07,0.55,0.5,0.06,0.17,0.06,0.23,0.7,0.13,0.02,0.13,0.6,0.8,0.47,0.33,0.47,0.47,0.9,0.67,0.22,0.67,0.59,0.7,0.03,0.63,0.03,0.58,2.2,1.98,0.49,1.98,0.85
6.7,4.461176470588234,64.11411764705883,-1.0094117647058827,-23.26470588235295,35.89705882352941,-2.973676470588236,-2.6578823529411784,19.510705882352934,-29.457764705882347,18.415323529411765,-18.939500000000006,95.65117647058823,-55.69352941176471,110.70738235294117,1.0941176470588267,0.04764705882353071,0.15588235294117872,0.04764705882353071,1.0258823529411787,1.2,-0.5747058823529385,0.10058823529411733,-0.5747058823529385,0.8658823529411788,0.5,0.08941176470588268,0.00029411764705866185,0.08941176470588268,0.48,0.8,-0.08794117647058936,0.010294117647058662,-0.08794117647058936,0.4002941176470587,0.40294117647058664,-0.3920588235294107,0.11852941176470669,-0.3920588235294107,0.0776470588235307,0.7,-0.09911764705882402,0.02941176470588267,-0.09911764705882402,0.520882352941176,0.5,0.030882352941175986,0.199117647058824,0.030882352941175986,0.3076470588235307,0.7,0.13,0.0005882352941173237,0.13,0.6388235294117653,0.8,0.3923529411764693,0.2620588235294107,0.3923529411764693,0.528235294117648,0.9,0.6797058823529414,0.190882352941176,0.6797058823529414,0.5802941176470586,0.5058823529411732,0.05911764705882401,0.717352941176472,0.05911764705882401,0.5023529411764693,2.1029411764705865,1.9120588235294105,0.39294117647058663,1.9120588235294105,0.8985294117647067
6.75,4.40060606060606,65.43666666666667,-1.0396969696969696,-24.04212121212121,35.948484848484846,-3.107363636363636,-2.8173939393939387,19.5300303030303,-28.96048484848485,18.539272727272728,-19.42415151515151,95.48136363636362,-55.961696969696966,110.69784848484849,1.1,0.05,0.16,0.05,1.03,1.2,-0.57,0.1,-0.57,0.87,0.5,0.09,0.0,0.09,0.48,0.8,-0.09,0.01,-0.09,0.4,0.4,-0.39,0.12,-0.39,0.08,0.7,-0.1,0.03,-0.1,0.52,0.5,0.03,0.2,0.03,0.31,0.7,0.13,0.0,0.13,0.64,0.8,0.39,0.26,0.39,0.53,0.9,0.68,0.19,0.68,0.58,0.5,0.06,0.72,0.06,0.5,2.1,1.91,0.39,1.91,0.9
6.800000000000001,4.329999999999999,66.76000000000003,-1.0700000000000005,-24.830000000000013,36.1,-3.288000000000001,-2.978000000000003,19.941000000000006,-28.461999999999993,18.66,-19.910000000000007,95.539,-56.595000000000006,111.071,1.1,0.05,0.16,0.05,1.03,1.2,-0.57,0.1,-0.57,0.87,0.5,0.09,0.0,0.09,0.48,0.8,-0.09,0.01,-0.09,0.4,0.4,-0.39,0.12,-0.39,0.08,0.7,-0.1,0.03,-0.1,0.52,0.5,0.03,0.2,0.03,0.31,0.7,0.13,0.0,0.13,0.64,0.8,0.39,0.26,0.39,0.53,0.9,0.68,0.19,0.68,0.58,0.5,0.06,0.72,0.06,0.5,2.1,1.91,0.39,1.91,0.9
6.8500000000000005,4.27875,68.10218750000001,-1.1059375000000005,-25.626250000000006,36.153125,-3.3659687500000004,-3.1387812500000014,20.481531250000003,-27.959281249999997,18.76003125,-20.398468750000003,95.4290625,-56.9705,111.17503125,1.1,0.05,0.16,0.05,1.03,1.2,-0.57,0.1,-0.57,0.87,0.5,0.09,0.0,0.09,0.48,0.8,-0.09,0.01,-0.09,0.4,0.4,-0.39,0.12,-0.39,0.08,0.7,-0.1,0.03,-0.1,0.52,0.5,0.03,0.2,0.03,0.31,0.7,0.13,0.0,0.13,0.64,0.8,0.39,0.26,0.39,0.53,0.9,0.68,0.19,0.68,0.58,0.5,0.06,0.72,0.06,0.5,2.1,1.91,0.39,1.91,0.9
6.9,4.228181818181818,69.43272727272729,-1.1412121212121216,-26.43151515151516,36.306060606060605,-3.42390909090909,-3.2993636363636387,21.394363636363646,-27.4590606060606,18.906060606060606,-20.886393939393948,95.53678787878788,-57.602212121212126,111.5968787878788,1.1060606060606082,0.05303030303030401,0.16727272727272963,0.05303030303030401,1.0366666666666688,1.2,-0.5645454545454527,0.0987878787878784,-0.5645454545454527,0.873030303030304,0.5,0.09,0.0012121212121216037,0.09,0.4787878787878784,0.8,-0.0912121212121216,0.010606060606060803,-0.0912121212121216,0.39939393939393925,0.393939393939392,-0.38393939393939197,0.12424242424242561,-0.38393939393939197,0.0793939393939392,0.7,-0.10848484848485122,0.03242424242424321,-0.10848484848485122,0.5145454545454528,0.506060606060608,0.031818181818182405,0.20727272727272963,0.031818181818182405,0.32030303030303364,0.7060606060606079,0.1312121212121216,0.004848484848486415,0.1312121212121216,0.6466666666666688,0.8,0.3766666666666624,0.2612121212121216,0.3766666666666624,0.5342424242424256,0.9,0.68,0.1881818181818176,0.68,0.5812121212121215,0.5,0.05151515151514877,0.7163636363636352,0.05151515151514877,0.4963636363636352,2.1,1.9051515151515135,0.3827272727272704,1.9051515151515135,0.9054545454545473
6.95,4.182727272727273,70.74515151515152,-1.177272727272727,-27.225151515151513,37.26363636363636,-3.329939393939394,-3.4578787878787876,22.049151515151515,-26.963454545454546,19.048363636363636,-21.368363636363636,95.60984848484848,-58.16772727272727,111.94845454545455,1.2,0.1,0.28,0.1,1.14,1.2,-0.48,0.08,-0.48,0.92,0.5,0.09,0.02,0.09,0.46,0.8,-0.11,0.02,-0.11,0.39,0.3,-0.29,0.19,-0.29,0.07,0.7,-0.24,0.07,-0.24,0.43,0.6,0.06,0.32,0.06,0.48,0.8,0.15,0.08,0.15,0.75,0.8,0.17,0.28,0.17,0.6,0.9,0.68,0.16,0.68,0.6,0.5,-0.08,0.66,-0.08,0.44,2.1,1.83,0.27,1.83,0.99
7.0,4.1275,72.07874999999999,-1.2124999999999997,-28.05624999999999,40.725,-3.1771250000000006,-3.6092499999999994,22.166124999999997,-26.486375000000002,19.155625,-21.836124999999996,95.521,-59.02524999999999,112.317875,1.2,0.1,0.28,0.1,1.14,1.2,-0.48,0.08,-0.48,0.92,0.5,0.09,0.02,0.09,0.46,0.8,-0.11,0.02,-0.11,0.39,0.3,-0.29,0.19,-0.29,0.07,0.7,-0.24,0.07,-0.24,0.43,0.6,0.06,0.32,0.06,0.48,0.8,0.15,0.08,0.15,0.75,0.8,0.17,0.28,0.17,0.6,0.9,0.68,0.16,0.68,0.6,0.5,-0.08,0.66,-0.08,0.44,2.1,1.83,0.27,1.83,0.99
7.050000000000001,4.089999999999999,73.41333333333336,-1.2500000000000009,-28.880000000000013,41.03333333333334,-3.077999999999999,-3.657666666666667,22.323666666666668,-26.240666666666662,19.155666666666665,-22.114000000000004,95.54166666666667,-59.56333333333335,112.62066666666666,1.2,0.1,0.28,0.1,1.14,1.2,-0.48,0.08,-0.48,0.92,0.5,0.09,0.02,0.09,0.46,0.8,-0.11,0.02,-0.11,0.39,0.3,-0.29,0.19,-0.29,0.07,0.7,-0.24,0.07,-0.24,0.43,0.6,0.06,0.32,0.06,0.48,0.8,0.15,0.08,0.15,0.75,0.8,0.17,0.28,0.17,0.6,0.9,0.68,0.16,0.68,0.6,0.5,-0.08,0.66,-0.08,0.44,2.1,1.83,0.27,1.83,0.99
7.1000000000000005,4.045624999999999,74.74593750000001,-1.2865625000000005,-29.72031250000001,41.4,-3.0703125,-3.724968750000002,22.1815625,-25.946906249999994,18.976249999999997,-22.36578125,95.61437500000001,-60.317718750000004,113.08146875,1.2,0.1,0.28,0.1,1.14,1.2,-0.48,0.08,-0.48,0.92,0.5,0.09,0.02,0.09,0.46,0.8,-0.11,0.02,-0.11,0.39,0.3,-0.29,0.19,-0.29,0.07,0.7,-0.24,0.07,-0.24,0.43,0.6,0.06,0.32,0.06,0.48,0.8,0.15,0.08,0.15,0.75,0.8,0.17,0.28,0.17,0.6,0.9,0.68,0.16,0.68,0.6,0.5,-0.08,0.66,-0.08,0.44,2.1,1.83,0.27,1.83,0.99
7.15,4.007272727272727,76.06151515151515,-1.3251515151515152,-30.559090909090912,41.32424242424242,-3.0795454545454546,-3.9516969696969704,21.982272727272726,-25.261181818181814,18.7669696969697,-22.50060606060606,95.58454545454546,-60.75145454545454,113.28963636363636,1.2,0.1,0.28,0.1,1.14,1.2,-0.48,0.08,-0.48,0.92,0.5,0.09,0.02,0.09,0.46,0.8,-0.11,0.02,-0.11,0.39,0.3,-0.29,0.19,-0.29,0.07,0.7,-0.24,0.07,-0.24,0.43,0.6,0.06,0.32,0.06,0.48,0.8,0.15,0.08,0.15,0.75,0.8,0.17,0.28,0.17,0.6,0.9,0.68,0.16,0.68,0.6,0.5,-0.08,0.66,-0.08,0.44,2.1,1.83,0.27,1.83,0.99
7.2,3.9837500000000006,77.395625,-1.36625,-31.408749999999994,41.00625,-3.053875000000001,-4.220749999999999,21.7766875,-24.684375,18.510437500000002,-22.582125,95.54975,-61.1713125,113.488125,1.3,0.09,0.35,0.09,1.22,1.2,-0.38,0.03,-0.38,0.92,0.5,0.1,0.04,0.1,0.44,0.8,-0.11,0.03,-0.11,0.38,0.4,-0.41,0.07,-0.41,0.01,0.7,-0.32,0.06,-0.32,0.38,0.6,0.07,0.33,0.07,0.49,0.8,0.22,0.13,0.22,0.79,0.7,0.16,0.31,0.16,0.6,0.9,0.64,0.16,0.64,0.61,0.5,-0.08,0.66,-0.08,0.44,2.1,1.77,0.2,1.77,1.03
7.25,3.9612499999999997,78.73250000000002,-1.4062500000000002,-32.261250000000004,40.449999999999996,-2.8374999999999986,-4.621875000000003,21.61575,-24.7715,18.031249999999996,-22.468,95.57062499999999,-61.707875,113.79575,1.3,0.09,0.35,0.09,1.22,1.2,-0.38,0.03,-0.38,0.92,0.5,0.1,0.04,0.1,0.44,0.8,-0.11,0.03,-0.11,0.38,0.4,-0.41,0.07,-0.41,0.01,0.7,-0.32,0.06,-0.32,0.38,0.6,0.07,0.33,0.07,0.49,0.8,0.22,0.13,0.22,0.79,0.7,0.16,0.31,0.16,0.6,0.9,0.64,0.16,0.64,0.61,0.5,-0.08,0.66,-0.08,0.44,2.1,1.77,0.2,1.77,1.03
7.300000000000001,3.94,80.06187500000003,-1.4487500000000006,-33.12625000000002,40.181249999999984,-2.4629374999999913,-5.163312500000015,21.97687500000001,-24.16124999999999,17.49793749999999,-22.507750000000005,95.662125,-62.30187500000001,114.19612500000001,1.3,0.09,0.35,0.09,1.22,1.2,-0.38,0.03,-0.38,0.92,0.5,0.1,0.04,0.1,0.44,0.8,-0.11,0.03,-0.11,0.38,0.4,-0.41,0.07,-0.41,0.01,0.7,-0.32,0.06,-0.32,0.38,0.6,0.07,0.33,0.07,0.49,0.8,0.22,0.13,0.22,0.79,0.7,0.16,0.31,0.16,0.6,0.9,0.64,0.16,0.64,0.61,0.5,-0.08,0.66,-0.08,0.44,2.1,1.77,0.2,1.77,1.03
7.3500000000000005,3.94969696969697,81.36424242424243,-1.4793939393939397,-33.96333333333334,39.318181818181806,-2.1009696969696927,-5.858636363636372,22.404181818181822,-23.602636363636357,16.990818181818177,-22.935090909090913,95.4669393939394,-62.55727272727273,114.176,1.3,0.09,0.35,0.09,1.22,1.2,-0.38,0.03,-0.38,0.92,0.5,0.1,0.04,0.1,0.44,0.8,-0.11,0.03,-0.11,0.38,0.4,-0.41,0.07,-0.41,0.01,0.7,-0.32,0.06,-0.32,0.38,0.6,0.07,0.33,0.07,0.49,0.8,0.22,0.13,0.22,0.79,0.7,0.16,0.31,0.16,0.6,0.9,0.64,0.16,0.64,0.61,0.5,-0.08,0.66,-0.08,0.44,2.1,1.77,0.2,1.77,1.03
7.4,3.944375,82.71250000000002,-1.5212500000000004,-34.850625000000015,39.42500000000001,-2.059,-6.60581250000001,23.35687500000001,-23.047812499999992,16.830937499999997,-23.450687500000004,95.438125,-62.80468750000001,114.289125,1.3,0.09,0.35,0.09,1.22,1.2,-0.38,0.03,-0.38,0.92,0.5,0.1,0.04,0.1,0.44,0.8,-0.11,0.03,-0.11,0.38,0.4,-0.41,0.07,-0.41,0.01,0.7,-0.32,0.06,-0.32,0.38,0.6,0.07,0.33,0.07,0.49,0.8,0.22,0.13,0.22,0.79,0.7,0.16,0.31,0.16,0.6,0.9,0.64,0.16,0.64,0.61,0.5,-0.08,0.66,-0.08,0.44,2.1,1.77,0.2,1.77,1.03
7.45,3.92125,84.02625000000002,-1.5637500000000004,-35.74000000000001,40.525000000000006,-2.085374999999999,-7.2835,23.99125000000001,-22.440624999999986,16.814625,-23.9195,95.657875,-63.577125,114.897125,1.3,0.07,0.37,0.07,1.27,1.1,-0.37,0.01,-0.37,0.87,0.5,0.1,0.04,0.1,0.44,0.8,-0.08,0.01,-0.08,0.37,0.4,-0.41,0.07,-0.41,0.01,0.7,-0.32,0.06,-0.32,0.38,0.6,0.07,0.33,0.07,0.49,0.9,0.27,0.16,0.27,0.82,0.7,0.16,0.31,0.16,0.6,0.8,0.63,0.19,0.63,0.54,0.6,-0.23,0.5,-0.23,0.5,2.1,1.77,0.2,1.77,1.03
7.5,3.9370967741935483,85.36612903225806,-1.6041935483870968,-36.62741935483871,40.7,-1.8944193548387107,-7.234000000000001,25.10629032258064,-21.21361290322581,16.89,-23.90274193548387,95.65619354838711,-63.69625806451613,114.95987096774194,1.3,0.07,0.37,0.07,1.27,1.1,-0.37,0.01,-0.37,0.87,0.5,0.1,0.04,0.1,0.44,0.8,-0.08,0.01,-0.08,0.37,0.4,-0.41,0.07,-0.41,0.01,0.7,-0.32,0.06,-0.32,0.38,0.6,0.07,0.33,0.07,0.49,0.9,0.27,0.16,0.27,0.82,0.7,0.16,0.31,0.16,0.6,0.8,0.63,0.19,0.63,0.54,0.6,-0.23,0.5,-0.23,0.5,2.1,1.77,0.2,1.77,1.03
7.550000000000001,3.9556250000000004,86.6890625,-1.6456250000000001,-37.50750000000001,40.315625,-1.298499999999994,-6.693593749999995,26.17859375000001,-20.732999999999997,16.861,-23.58825,95.61728125,-63.837125,115.00465625000001,1.3,0.07,0.37,0.07,1.27,1.1,-0.37,0.01,-0.37,0.87,0.5,0.1,0.04,0.1,0.44,0.8,-0.08,0.01,-0.08,0.37,0.4,-0.41,0.07,-0.41,0.01,0.7,-0.32,0.06,-0.32,0.38,0.6,0.07,0.33,0.07,0.49,0.9,0.27,0.16,0.27,0.82,0.7,0.16,0.31,0.16,0.6,0.8,0.63,0.19,0.63,0.54,0.6,-0.23,0.5,-0.23,0.5,2.1,1.77,0.2,1.77,1.03
7.6000000000000005,3.978709677419355,88.03161290322582,-1.6861290322580649,-38.40645161290323,39.9258064516129,-0.2624516129032167,-5.89819354838709,28.203193548387116,-20.34954838709677,16.811870967741935,-23.13354838709677,95.52322580645162,-63.88354838709677,114.95058064516128,1.3,0.07,0.37,0.07,1.27,1.1,-0.37,0.01,-0.37,0.87,0.5,0.1,0.04,0.1,0.44,0.8,-0.08,0.01,-0.08,0.37,0.4,-0.41,0.07,-0.41,0.01,0.7,-0.32,0.06,-0.32,0.38,0.6,0.07,0.33,0.07,0.49,0.9,0.27,0.16,0.27,0.82,0.7,0.16,0.31,0.16,0.6,0.8,0.63,0.19,0.63,0.54,0.6,-0.23,0.5,-0.23,0.5,2.1,1.77,0.2,1.77,1.03
7.65,4.01875,89.34750000000001,-1.71875,-39.289375,39.55625,0.9734375000000041,-5.201437499999997,30.465625000000006,-20.1361875,16.831500000000002,-22.7745625,95.54731249999999,-64.35225,115.22825,1.3,0.07,0.37,0.07,1.27,1.1,-0.37,0.01,-0.37,0.87,0.5,0.1,0.04,0.1,0.44,0.8,-0.08,0.01,-0.08,0.37,0.4,-0.41,0.07,-0.41,0.01,0.7,-0.32,0.06,-0.32,0.38,0.6,0.07,0.33,0.07,0.49,0.9,0.27,0.16,0.27,0.82,0.7,0.16,0.31,0.16,0.6,0.8,0.63,0.19,0.63,0.54,0.6,-0.23,0.5,-0.23,0.5,2.1,1.77,0.2,1.77,1.03
7.7,4.050625,90.68593750000001,-1.7509375000000003,-40.18750000000001,39.4125,1.7380625000000045,-4.875062500000004,31.812656250000007,-19.6534375,17.075593750000003,-22.66134375,95.605875,-64.68378125000001,115.45215625,1.3,0.05,0.35,0.05,1.27,1.1,-0.41,0.06,-0.41,0.78,0.5,0.13,0.02,0.13,0.46,0.8,-0.05,0.01,-0.05,0.36,0.4,-0.43,0.05,-0.43,0.04,0.7,-0.36,0.07,-0.36,0.32,0.6,0.11,0.3,0.11,0.44,0.9,0.3,0.17,0.3,0.83,0.7,0.23,0.3,0.23,0.62,0.8,0.63,0.23,0.63,0.44,0.9,-0.33,0.21,-0.33,0.68,2.0,1.7,0.09,1.7,0.96
7.75,4.0761290322580646,91.9925806451613,-1.7922580645161292,-41.07935483870968,39.983870967741936,2.1233870967741932,-5.382516129032261,32.7901935483871,-19.675580645161293,17.359322580645163,-22.779967741935486,95.46670967741936,-65.4363870967742,115.76567741935484,1.3,0.05,0.35,0.05,1.27,1.1,-0.41,0.06,-0.41,0.78,0.5,0.13,0.02,0.13,0.46,0.8,-0.05,0.01,-0.05,0.36,0.4,-0.43,0.05,-0.43,0.04,0.7,-0.36,0.07,-0.36,0.32,0.6,0.11,0.3,0.11,0.44,0.9,0.3,0.17,0.3,0.83,0.7,0.23,0.3,0.23,0.62,0.8,0.63,0.23,0.63,0.44,0.9,-0.33,0.21,-0.33,0.68,2.0,1.7,0.09,1.7,0.96
7.800000000000001,4.0845161290322585,93.31741935483872,-1.8167741935483879,-42.00645161290324,40.267741935483876,1.398548387096762,-5.927806451612913,33.10196774193549,-19.73825806451613,17.653000000000006,-22.807483870967737,95.41138709677419,-65.60041935483873,115.80316129032259,1.3,0.05,0.35,0.05,1.27,1.1,-0.41,0.06,-0.41,0.78,0.5,0.13,0.02,0.13,0.46,0.8,-0.05,0.01,-0.05,0.36,0.4,-0.43,0.05,-0.43,0.04,0.7,-0.36,0.07,-0.36,0.32,0.6,0.11,0.3,0.11,0.44,0.9,0.3,0.17,0.3,0.83,0.7,0.23,0.3,0.23,0.62,0.8,0.63,0.23,0.63,0.44,0.9,-0.33,0.21,-0.33,0.68,2.0,1.7,0.09,1.7,0.96
7.8500000000000005,4.1167741935483875,94.65612903225808,-1.8567741935483872,-42.918064516129036,40.58387096774194,0.4033870967741894,-6.71503225806452,33.12390322580645,-20.085419354838713,17.86577419354839,-22.20729032258064,95.44396774193548,-66.6588064516129,116.43264516129032,1.3,0.05,0.35,0.05,1.27,1.1,-0.41,0.06,-0.41,0.78,0.5,0.13,0.02,0.13,0.46,0.8,-0.05,0.01,-0.05,0.36,0.4,-0.43,0.05,-0.43,0.04,0.7,-0.36,0.07,-0.36,0.32,0.6,0.11,0.3,0.11,0.44,0.9,0.3,0.17,0.3,0.83,0.7,0.23,0.3,0.23,0.62,0.8,0.63,0.23,0.63,0.44,0.9,-0.33,0.21,-0.33,0.68,2.0,1.7,0.09,1.7,0.96
7.9,4.12,95.97483870967743,-1.8690322580645164,-43.84741935483871,39.48387096774193,-0.8457419354838805,-7.3448709677419375,32.10896774193548,-20.5141935483871,17.521096774193545,-21.441225806451605,95.49032258064516,-66.27006451612904,116.24674193548387,1.3,0.05,0.35,0.05,1.27,1.1,-0.41,0.06,-0.41,0.78,0.5,0.13,0.02,0.13,0.46,0.8,-0.05,0.01,-0.05,0.36,0.4,-0.43,0.05,-0.43,0.04,0.7,-0.36,0.07,-0.36,0.32,0.6,0.11,0.3,0.11,0.44,0.9,0.3,0.17,0.3,0.83,0.7,0.23,0.3,0.23,0.62,0.8,0.63,0.23,0.63,0.44,0.9,-0.33,0.21,-0.33,0.68,2.0,1.7,0.09,1.7,0.96
7.95,4.14,97.30290322580645,-1.91,-44.7674193548387,38.470967741935496,-2.1338064516128994,-7.315870967741936,31.01487096774194,-21.208032258064513,17.112161290322582,-20.178096774193556,95.58061290322581,-67.74767741935484,117.16519354838711,1.3,0.01,0.28,0.01,1.22,1.0,-0.48,0.11,-0.48,0.67,0.5,0.14,0.01,0.14,0.48,0.8,-0.03,0.01,-0.03,0.35,0.4,-0.41,0.06,-0.41,0.1,0.7,-0.36,0.06,-0.36,0.27,0.6,0.15,0.24,0.15,0.34,0.9,0.33,0.15,0.33,0.82,0.8,0.25,0.17,0.25,0.73,0.8,0.67,0.19,0.67,0.4,1.0,-0.42,0.02,-0.42,0.81,1.6,1.4,0.29,1.4,0.76
8.0,4.146774193548387,98.62548387096774,-1.916774193548387,-45.70290322580645,35.58387096774193,-3.0444193548387117,-7.073225806451612,30.654354838709676,-21.777354838709677,16.707451612903224,-18.839258064516127,95.70264516129032,-67.43322580645162,117.08641935483871,1.3,0.01,0.28,0.01,1.22,1.0,-0.48,0.11,-0.48,0.67,0.5,0.14,0.01,0.14,0.48,0.8,-0.03,0.01,-0.03,0.35,0.4,-0.41,0.06,-0.41,0.1,0.7,-0.36,0.06,-0.36,0.27,0.6,0.15,0.24,0.15,0.34,0.9,0.33,0.15,0.33,0.82,0.8,0.25,0.17,0.25,0.73,0.8,0.67,0.19,0.67,0.4,1.0,-0.42,0.02,-0.42,0.81,1.6,1.4,0.29,1.4,0.76
8.05,4.1530000000000005,99.95600000000002,-1.9460000000000004,-46.644000000000005,33.72999999999998,-3.768700000000006,-6.400899999999991,29.49779999999999,-21.777600000000007,16.4133,-17.452399999999987,95.7595,-67.766,117.3243,1.3,0.01,0.28,0.01,1.22,1.0,-0.48,0.11,-0.48,0.67,0.5,0.14,0.01,0.14,0.48,0.8,-0.03,0.01,-0.03,0.35,0.4,-0.41,0.06,-0.41,0.1,0.7,-0.36,0.06,-0.36,0.27,0.6,0.15,0.24,0.15,0.34,0.9,0.33,0.15,0.33,0.82,0.8,0.25,0.17,0.25,0.73,0.8,0.67,0.19,0.67,0.4,1.0,-0.42,0.02,-0.42,0.81,1.6,1.4,0.29,1.4,0.76
8.1,4.16,101.28774193548385,-1.969354838709677,-47.59258064516128,32.53870967741937,-4.278225806451607,-5.524483870967753,28.858161290322588,-22.449290322580634,16.342548387096777,-16.274000000000015,95.89338709677419,-68.22206451612902,117.6960322580645,1.3,0.01,0.28,0.01,1.22,1.0,-0.48,0.11,-0.48,0.67,0.5,0.14,0.01,0.14,0.48,0.8,-0.03,0.01,-0.03,0.35,0.4,-0.41,0.06,-0.41,0.1,0.7,-0.36,0.06,-0.36,0.27,0.6,0.15,0.24,0.15,0.34,0.9,0.33,0.15,0.33,0.82,0.8,0.25,0.17,0.25,0.73,0.8,0.67,0.19,0.67,0.4,1.0,-0.42,0.02,-0.42,0.81,1.6,1.4,0.29,1.4,0.76
8.15,4.15,102.61900000000001,-1.985666666666667,-48.54433333333334,32.55666666666667,-4.6090000000000035,-4.5260666666666545,27.617399999999986,-24.12856666666669,16.384266666666665,-15.688499999999992,95.9765,-68.64980000000001,118.01190000000001,1.3,0.01,0.28,0.01,1.22,1.0,-0.48,0.11,-0.48,0.67,0.5,0.14,0.01,0.14,0.48,0.8,-0.03,0.01,-0.03,0.35,0.4,-0.41,0.06,-0.41,0.1,0.7,-0.36,0.06,-0.36,0.27,0.6,0.15,0.24,0.15,0.34,0.9,0.33,0.15,0.33,0.82,0.8,0.25,0.17,0.25,0.73,0.8,0.67,0.19,0.67,0.4,1.0,-0.42,0.02,-0.42,0.81,1.6,1.4,0.29,1.4,0.76
8.200000000000001,4.16,103.95200000000001,-2.0140000000000002,-49.49800000000001,32.720000000000006,-4.867200000000001,-3.5241999999999924,26.572399999999995,-25.845200000000013,16.557000000000002,-15.124799999999997,96.045,-69.15020000000001,118.36059999999999,1.2,0.03,0.2,0.03,1.16,1.0,-0.57,0.12,-0.57,0.61,0.5,0.17,0.01,0.17,0.48,0.7,-0.01,0.03,-0.01,0.34,0.5,-0.35,0.03,-0.35,0.26,0.6,-0.36,0.17,-0.36,0.17,0.6,0.2,0.2,0.2,0.29,0.9,0.34,0.11,0.34,0.78,0.9,0.25,0.02,0.25,0.86,0.8,0.71,0.14,0.71,0.38,1.1,-0.42,0.08,-0.42,0.82,1.6,1.4,0.35,1.4,0.68
8.25,4.16,105.27935483870965,-2.0383870967741933,-50.45645161290321,32.883870967741935,-5.097870967741932,-2.518870967741949,25.633290322580656,-27.56580645161288,16.76706451612903,-14.55948387096775,96.1248064516129,-69.70325806451612,118.75054838709677,1.2,0.03,0.2,0.03,1.16,1.0,-0.57,0.12,-0.57,0.61,0.5,0.17,0.01,0.17,0.48,0.7,-0.01,0.03,-0.01,0.34,0.5,-0.35,0.03,-0.35,0.26,0.6,-0.36,0.17,-0.36,0.17,0.6,0.2,0.2,0.2,0.29,0.9,0.34,0.11,0.34,0.78,0.9,0.25,0.02,0.25,0.86,0.8,0.71,0.14,0.71,0.38,1.1,-0.42,0.08,-0.42,0.82,1.6,1.4,0.35,1.4,0.68
8.3,4.15483870967742,106.6167741935484,-2.06,-51.42580645161291,32.66451612903225,-5.156483870967741,-1.5129677419354781,25.037741935483865,-29.287935483870978,17.04909677419355,-13.993612903225804,96.16338709677419,-70.26612903225806,119.11245161290323,1.2,0.03,0.2,0.03,1.16,1.0,-0.57,0.12,-0.57,0.61,0.5,0.17,0.01,0.17,0.48,0.7,-0.01,0.03,-0.01,0.34,0.5,-0.35,0.03,-0.35,0.26,0.6,-0.36,0.17,-0.36,0.17,0.6,0.2,0.2,0.2,0.29,0.9,0.34,0.11,0.34,0.78,0.9,0.25,0.02,0.25,0.86,0.8,0.71,0.14,0.71,0.38,1.1,-0.42,0.08,-0.42,0.82,1.6,1.4,0.35,1.4,0.68
8.35,4.198,107.95100000000001,-2.0620000000000003,-52.35,30.55,-4.9529,-0.5736,24.0076,-30.9956,17.2564,-13.4997,95.6811,-69.9015,118.5019,1.2,0.03,0.2,0.03,1.16,1.0,-0.57,0.12,-0.57,0.61,0.5,0.17,0.01,0.17,0.48,0.7,-0.01,0.03,-0.01,0.34,0.5,-0.35,0.03,-0.35,0.26,0.6,-0.36,0.17,-0.36,0.17,0.6,0.2,0.2,0.2,0.29,0.9,0.34,0.11,0.34,0.78,0.9,0.25,0.02,0.25,0.86,0.8,0.71,0.14,0.71,0.38,1.1,-0.42,0.08,-0.42,0.82,1.6,1.4,0.35,1.4,0.68
8.4,4.164666666666666,109.29333333333334,-2.0953333333333335,-53.35000000000001,31.460000000000004,-4.7004666666666655,-0.6861000000000005,22.88503333333333,-32.51843333333334,17.4464,-14.149500000000002,95.89733333333334,-70.51463333333334,119.04220000000001,1.2,0.03,0.2,0.03,1.16,1.0,-0.57,0.12,-0.57,0.61,0.5,0.17,0.01,0.17,0.48,0.7,-0.01,0.03,-0.01,0.34,0.5,-0.35,0.03,-0.35,0.26,0.6,-0.36,0.17,-0.36,0.17,0.6,0.2,0.2,0.2,0.29,0.9,0.34,0.11,0.34,0.78,0.9,0.25,0.02,0.25,0.86,0.8,0.71,0.14,0.71,0.38,1.1,-0.42,0.08,-0.42,0.82,1.6,1.4,0.35,1.4,0.68
8.450000000000001,4.135666666666666,110.6266666666667,-2.124333333333334,-54.35000000000002,32.24333333333334,-4.37013333333332,-0.8996666666666769,21.846866666666646,-33.72506666666667,17.568366666666666,-14.850366666666686,96.11953333333334,-71.08016666666667,119.55846666666667,1.2,0.03,0.2,0.03,1.16,1.0,-0.57,0.12,-0.57,0.61,0.5,0.17,0.01,0.17,0.48,0.7,-0.01,0.03,-0.01,0.34,0.5,-0.41,0.03,-0.41,0.25,0.6,-0.36,0.17,-0.36,0.17,0.6,0.26,0.19,0.26,0.26,0.9,0.34,0.11,0.34,0.78,0.9,0.25,0.02,0.25,0.86,0.8,0.71,0.14,0.71,0.38,1.3,-0.39,0.24,-0.39,0.72,1.6,1.4,0.35,1.4,0.68
8.5,4.119,111.97,-2.152,-55.35,32.27,-3.7058999999999975,-1.4498000000000022,21.1545,-33.5775,17.381099999999996,-15.670800000000002,96.2682,-71.345,119.8378,1.2,0.03,0.2,0.03,1.16,1.0,-0.57,0.12,-0.57,0.61,0.5,0.17,0.01,0.17,0.48,0.7,-0.01,0.03,-0.01,0.34,0.5,-0.41,0.03,-0.41,0.25,0.6,-0.36,0.17,-0.36,0.17,0.6,0.26,0.19,0.26,0.26,0.9,0.34,0.11,0.34,0.78,0.9,0.25,0.02,0.25,0.86,0.8,0.71,0.14,0.71,0.38,1.3,-0.39,0.24,-0.39,0.72,1.6,1.4,0.35,1.4,0.68
8.55,4.11,113.31100000000002,-2.185333333333334,-56.350000000000016,33.20666666666667,-3.0798999999999923,-2.125233333333342,20.302166666666658,-33.05319999999999,16.954599999999996,-16.55810000000001,96.15966666666667,-71.79173333333334,120.02393333333333,1.2,0.03,0.2,0.03,1.16,1.0,-0.57,0.12,-0.57,0.61,0.5,0.17,0.01,0.17,0.48,0.7,-0.01,0.03,-0.01,0.34,0.5,-0.41,0.03,-0.41,0.25,0.6,-0.36,0.17,-0.36,0.17,0.6,0.26,0.19,0.26,0.26,0.9,0.34,0.11,0.34,0.78,0.9,0.25,0.02,0.25,0.86,0.8,0.71,0.14,0.71,0.38,1.3,-0.39,0.24,-0.39,0.72,1.6,1.4,0.35,1.4,0.68
8.6,4.091333333333334,114.64666666666665,-2.218666666666666,-57.34433333333332,33.40333333333332,-2.4416000000000064,-3.131433333333321,20.214799999999997,-31.820500000000017,16.50273333333334,-17.662099999999985,96.24576666666667,-72.23336666666667,120.36123333333333,1.2,0.03,0.2,0.03,1.16,1.0,-0.57,0.12,-0.57,0.61,0.5,0.17,0.01,0.17,0.48,0.7,-0.01,0.03,-0.01,0.34,0.5,-0.41,0.03,-0.41,0.25,0.6,-0.36,0.17,-0.36,0.17,0.6,0.26,0.19,0.26,0.26,0.9,0.34,0.11,0.34,0.78,0.9,0.25,0.02,0.25,0.86,0.8,0.71,0.14,0.71,0.38,1.3,-0.39,0.24,-0.39,0.72,1.6,1.4,0.35,1.4,0.68
8.65,4.052,115.98100000000001,-2.2520000000000002,-58.359,35.16,-1.9536999999999984,-4.185000000000004,20.559,-30.466399999999993,16.141599999999997,-18.819400000000005,96.551,-73.0591,121.0994,1.2,0.035000000000000295,0.19399999999999964,0.035000000000000295,1.1519999999999995,1.0,-0.57,0.11799999999999988,-0.57,0.61,0.5100000000000006,0.17200000000000013,0.01100000000000006,0.17200000000000013,0.48,0.7,-0.01,0.033000000000000175,-0.01,0.33699999999999986,0.5,-0.40799999999999986,0.03,-0.40799999999999986,0.25,0.5899999999999994,-0.3569999999999998,0.17700000000000043,-0.3569999999999998,0.16699999999999984,0.6,0.26400000000000023,0.18699999999999983,0.26400000000000023,0.26100000000000007,0.8899999999999995,0.34200000000000014,0.10699999999999982,0.34200000000000014,0.7769999999999998,0.9200000000000013,0.24899999999999994,0.03200000000000071,0.24899999999999994,0.8750000000000009,0.8100000000000006,0.7140000000000002,0.1329999999999996,0.7140000000000002,0.38600000000000034,1.3,-0.3799999999999994,0.24100000000000005,-0.3799999999999994,0.7039999999999991,1.6,1.4050000000000002,0.35,1.4050000000000002,0.6719999999999996
8.700000000000001,4.062333333333333,117.32333333333335,-2.285333333333334,-59.350000000000016,35.03000000000001,-1.5186333333333284,-5.268333333333346,20.99273333333334,-28.686666666666646,15.81463333333333,-20.328366666666685,96.33746666666666,-72.37573333333333,120.5233,1.2,0.08,0.14,0.08,1.08,1.0,-0.57,0.1,-0.57,0.61,0.6,0.19,0.02,0.19,0.48,0.7,-0.01,0.06,-0.01,0.31,0.5,-0.39,0.03,-0.39,0.25,0.5,-0.33,0.24,-0.33,0.14,0.6,0.3,0.16,0.3,0.27,0.8,0.36,0.08,0.36,0.75,1.1,0.24,0.14,0.24,1.01,0.9,0.75,0.07,0.75,0.44,1.3,-0.29,0.25,-0.29,0.56,1.6,1.45,0.35,1.45,0.6
8.75,4.014333333333333,118.641,-2.323,-60.37566666666667,37.016666666666666,-1.1939666666666655,-6.216333333333335,21.618733333333335,-26.989833333333326,15.559433333333333,-21.725500000000004,96.64703333333333,-73.44433333333333,121.41486666666667,1.2,0.08,0.14,0.08,1.08,1.0,-0.57,0.1,-0.57,0.61,0.6,0.19,0.02,0.19,0.48,0.7,-0.01,0.06,-0.01,0.31,0.5,-0.39,0.03,-0.39,0.25,0.5,-0.33,0.24,-0.33,0.14,0.6,0.3,0.16,0.3,0.27,0.8,0.36,0.08,0.36,0.75,1.1,0.24,0.14,0.24,1.01,0.9,0.75,0.07,0.75,0.44,1.3,-0.29,0.25,-0.29,0.56,1.6,1.45,0.35,1.45,0.6
8.8,4.051724137931034,120.00862068965519,-2.3620689655172415,-61.34724137931035,37.09310344827587,-0.8820344827586201,-6.576206896551724,22.37831034482759,-25.661379310344824,15.322,-22.627517241379312,96.09296551724138,-72.12341379310345,120.18686206896552,1.2,0.08,0.14,0.08,1.08,1.0,-0.57,0.1,-0.57,0.61,0.6,0.19,0.02,0.19,0.48,0.7,-0.01,0.06,-0.01,0.31,0.5,-0.39,0.03,-0.39,0.25,0.5,-0.33,0.24,-0.33,0.14,0.6,0.3,0.16,0.3,0.27,0.8,0.36,0.08,0.36,0.75,1.1,0.24,0.14,0.24,1.01,0.9,0.75,0.07,0.75,0.44,1.3,-0.29,0.25,-0.29,0.56,1.6,1.45,0.35,1.45,0.6
8.85,3.940000000000001,121.314,-2.3959999999999995,-62.44199999999999,38.459999999999994,-0.603000000000002,-6.757599999999999,24.730999999999984,-24.49640000000001,15.2752,-23.323199999999996,96.892,-73.7734,121.8106,1.2,0.08,0.14,0.08,1.08,1.0,-0.57,0.1,-0.57,0.61,0.6,0.19,0.02,0.19,0.48,0.7,-0.01,0.06,-0.01,0.31,0.5,-0.39,0.03,-0.39,0.25,0.5,-0.33,0.24,-0.33,0.14,0.6,0.3,0.16,0.3,0.27,0.8,0.36,0.08,0.36,0.75,1.1,0.24,0.14,0.24,1.01,0.9,0.75,0.07,0.75,0.44,1.3,-0.29,0.25,-0.29,0.56,1.6,1.45,0.35,1.45,0.6
8.9,3.96,122.66333333333336,-2.444000000000001,-63.430000000000014,38.45333333333333,-0.25446666666666046,-6.4962666666666635,27.149066666666695,-23.809933333333323,15.243933333333333,-23.305999999999997,96.56713333333333,-73.16926666666667,121.1908,1.2,0.08,0.14,0.08,1.08,1.0,-0.57,0.1,-0.57,0.61,0.6,0.19,0.02,0.19,0.48,0.7,-0.01,0.06,-0.01,0.31,0.5,-0.39,0.03,-0.39,0.25,0.5,-0.33,0.24,-0.33,0.14,0.6,0.3,0.16,0.3,0.27,0.8,0.36,0.08,0.36,0.75,1.1,0.24,0.14,0.24,1.01,0.9,0.75,0.07,0.75,0.44,1.3,-0.29,0.25,-0.29,0.56,1.6,1.45,0.35,1.45,0.6
8.950000000000001,3.941666666666667,124.02333333333335,-2.483333333333334,-64.46000000000002,38.166666666666664,0.3930000000000123,-6.221999999999996,29.659833333333378,-23.00533333333331,15.2695,-23.015833333333326,96.6275,-73.1965,121.258,1.1,0.13,0.04,0.13,0.94,1.1,-0.49,0.05,-0.49,0.67,0.6,0.21,0.03,0.21,0.48,0.7,-0.02,0.09,-0.02,0.25,0.5,-0.41,0.02,-0.41,0.15,0.5,-0.31,0.27,-0.31,0.24,0.6,0.32,0.16,0.32,0.34,0.8,0.37,0.06,0.37,0.74,1.1,0.16,0.24,0.16,1.11,1.1,0.84,0.12,0.84,0.64,1.3,-0.29,0.25,-0.29,0.56,1.7,1.61,0.24,1.61,0.56
9.0,3.958333333333333,125.36499999999998,-2.516666666666666,-65.46,37.75000000000001,1.1088333333333247,-5.989500000000003,32.157333333333305,-21.73866666666668,15.312833333333332,-22.508333333333336,96.5825,-73.18316666666666,121.20883333333333,1.1,0.13,0.04,0.13,0.94,1.1,-0.49,0.05,-0.49,0.67,0.6,0.21,0.03,0.21,0.48,0.7,-0.02,0.09,-0.02,0.25,0.5,-0.41,0.02,-0.41,0.15,0.5,-0.31,0.27,-0.31,0.24,0.6,0.32,0.16,0.32,0.34,0.8,0.37,0.06,0.37,0.74,1.1,0.16,0.24,0.16,1.11,1.1,0.84,0.12,0.84,0.64,1.3,-0.29,0.25,-0.29,0.56,1.7,1.61,0.24,1.61,0.56
9.05,3.95,126.69000000000003,-2.5600000000000005,-66.46500000000002,37.4,1.923500000000012,-5.678999999999995,34.59400000000004,-20.649499999999982,15.439500000000004,-21.872499999999988,96.6575,-73.337,121.361,1.1,0.13,0.04,0.13,0.94,1.1,-0.49,0.05,-0.49,0.67,0.6,0.21,0.03,0.21,0.48,0.7,-0.02,0.09,-0.02,0.25,0.5,-0.41,0.02,-0.41,0.15,0.5,-0.31,0.27,-0.31,0.24,0.6,0.32,0.16,0.32,0.34,0.8,0.37,0.06,0.37,0.74,1.1,0.16,0.24,0.16,1.11,1.1,0.84,0.12,0.84,0.64,1.3,-0.29,0.25,-0.29,0.56,1.7,1.61,0.24,1.61,0.56
9.1,3.958275862068966,128.0362068965517,-2.5934482758620683,-67.47517241379309,37.49655172413795,2.4195862068965512,-5.4469310344827635,36.50831034482756,-19.75020689655174,15.701137931034475,-21.18579310344829,96.68975862068966,-73.34048275862068,121.38475862068965,1.1,0.13,0.04,0.13,0.94,1.1,-0.49,0.05,-0.49,0.67,0.6,0.21,0.03,0.21,0.48,0.7,-0.02,0.09,-0.02,0.25,0.5,-0.41,0.02,-0.41,0.15,0.5,-0.31,0.27,-0.31,0.24,0.6,0.32,0.16,0.32,0.34,0.8,0.37,0.06,0.37,0.74,1.1,0.16,0.24,0.16,1.11,1.1,0.84,0.12,0.84,0.64,1.3,-0.29,0.25,-0.29,0.56,1.7,1.61,0.24,1.61,0.56
9.15,3.941333333333333,129.37466666666666,-2.6273333333333335,-68.50866666666668,36.56666666666666,2.3834666666666657,-5.249999999999998,37.914866666666676,-18.876799999999992,16.0288,-20.492999999999995,96.5316,-73.54406666666668,121.38006666666666,1.1,0.13,0.04,0.13,0.94,1.1,-0.49,0.05,-0.49,0.67,0.6,0.21,0.03,0.21,0.48,0.7,-0.02,0.09,-0.02,0.25,0.5,-0.41,0.02,-0.41,0.15,0.5,-0.31,0.27,-0.31,0.24,0.6,0.32,0.16,0.32,0.34,0.8,0.37,0.06,0.37,0.74,1.1,0.16,0.24,0.16,1.11,1.1,0.84,0.12,0.84,0.64,1.3,-0.29,0.25,-0.29,0.56,1.7,1.61,0.24,1.61,0.56
9.200000000000001,3.93,130.7066666666667,-2.660666666666667,-69.52533333333336,36.09333333333333,2.069733333333325,-5.249733333333336,38.902000000000015,-18.291333333333334,16.197333333333336,-19.90419999999999,96.53906666666667,-73.74180000000001,121.49913333333333,1.0,0.13,0.05,0.13,0.84,1.1,-0.44,0.01,-0.44,0.71,0.6,0.23,0.04,0.23,0.48,0.7,-0.02,0.09,-0.02,0.25,0.5,-0.41,0.04,-0.41,0.27,0.6,-0.37,0.07,-0.37,0.46,0.6,0.32,0.15,0.32,0.43,0.9,0.46,0.07,0.46,0.71,1.1,-0.03,0.26,-0.03,1.13,1.1,0.84,0.12,0.84,0.63,1.3,-0.29,0.25,-0.29,0.56,1.8,1.75,0.14,1.75,0.48
9.25,3.93,132.0643333333333,-2.6846666666666668,-70.56233333333333,35.553333333333335,1.674466666666669,-5.4460333333333315,39.38156666666667,-18.68366666666667,16.085266666666666,-19.516066666666667,96.49753333333332,-73.99406666666667,121.61366666666666,1.0,0.13,0.05,0.13,0.84,1.1,-0.44,0.01,-0.44,0.71,0.6,0.23,0.04,0.23,0.48,0.7,-0.02,0.09,-0.02,0.25,0.5,-0.41,0.04,-0.41,0.27,0.6,-0.37,0.07,-0.37,0.46,0.6,0.32,0.15,0.32,0.43,0.9,0.46,0.07,0.46,0.71,1.1,-0.03,0.26,-0.03,1.13,1.1,0.84,0.12,0.84,0.63,1.3,-0.29,0.25,-0.29,0.56,1.8,1.75,0.14,1.75,0.48
9.3,3.93,133.4148275862069,-2.7093103448275864,-71.59793103448278,35.30689655172413,0.9561724137930863,-5.889517241379321,39.17148275862068,-17.84499999999998,16.028586206896552,-19.279758620689652,96.60531034482759,-74.33168965517243,121.90227586206898,1.0,0.13,0.05,0.13,0.84,1.1,-0.44,0.01,-0.44,0.71,0.6,0.23,0.04,0.23,0.48,0.7,-0.02,0.09,-0.02,0.25,0.5,-0.41,0.04,-0.41,0.27,0.6,-0.37,0.07,-0.37,0.46,0.6,0.32,0.15,0.32,0.43,0.9,0.46,0.07,0.46,0.71,1.1,-0.03,0.26,-0.03,1.13,1.1,0.84,0.12,0.84,0.63,1.3,-0.29,0.25,-0.29,0.56,1.8,1.75,0.14,1.75,0.48
9.35,3.9040000000000004,134.73399999999998,-2.7319999999999998,-72.61599999999999,35.24,0.021400000000011188,-6.182599999999997,37.62600000000002,-18.17279999999999,16.0362,-19.184600000000003,96.6392,-74.3858,121.96,1.0,0.13,0.05,0.13,0.84,1.1,-0.44,0.01,-0.44,0.71,0.6,0.23,0.04,0.23,0.48,0.7,-0.02,0.09,-0.02,0.25,0.5,-0.41,0.04,-0.41,0.27,0.6,-0.37,0.07,-0.37,0.46,0.6,0.32,0.15,0.32,0.43,0.9,0.46,0.07,0.46,0.71,1.1,-0.03,0.26,-0.03,1.13,1.1,0.84,0.12,0.84,0.63,1.3,-0.29,0.25,-0.29,0.56,1.8,1.75,0.14,1.75,0.48
9.4,3.8937931034482753,136.08517241379312,-2.753103448275862,-73.65931034482759,35.00689655172413,-0.5510000000000037,-6.177620689655169,36.29496551724137,-18.950724137931044,15.800724137931033,-18.979448275862065,96.75727586206897,-74.36075862068967,122.03541379310344,1.0,0.13,0.05,0.13,0.84,1.1,-0.44,0.01,-0.44,0.71,0.6,0.23,0.04,0.23,0.48,0.7,-0.02,0.09,-0.02,0.25,0.5,-0.41,0.04,-0.41,0.27,0.6,-0.37,0.07,-0.37,0.46,0.6,0.32,0.15,0.32,0.43,0.9,0.46,0.07,0.46,0.71,1.1,-0.03,0.26,-0.03,1.13,1.1,0.84,0.12,0.84,0.63,1.3,-0.29,0.25,-0.29,0.56,1.8,1.75,0.14,1.75,0.48
9.450000000000001,3.8696666666666664,137.44633333333334,-2.7603333333333335,-74.71033333333335,34.36999999999996,-0.9928333333333169,-5.6412666666666516,35.05446666666665,-20.07170000000003,15.497766666666648,-18.589933333333324,96.82780000000001,-74.7602,122.3335,1.0,0.17,0.08,0.17,0.81,1.2,-0.49,0.05,-0.49,0.71,0.6,0.23,0.05,0.23,0.49,0.6,0.05,0.13,0.05,0.25,0.5,-0.41,0.04,-0.41,0.27,0.6,-0.37,0.07,-0.37,0.46,0.6,0.32,0.15,0.32,0.43,0.9,0.55,0.09,0.55,0.68,1.1,-0.06,0.19,-0.06,1.06,1.0,0.76,0.04,0.76,0.61,1.0,0.02,0.01,0.02,0.55,1.9,1.78,0.11,1.78,0.48
9.5,3.853,138.763,-2.7769999999999997,-75.72,32.940000000000005,-0.2666,-5.0469,34.4964,-20.9456,14.7501,-18.1502,96.958,-74.6426,122.3648,1.0,0.17,0.08,0.17,0.81,1.2,-0.49,0.05,-0.49,0.71,0.6,0.23,0.05,0.23,0.49,0.6,0.05,0.13,0.05,0.25,0.5,-0.41,0.04,-0.41,0.27,0.6,-0.37,0.07,-0.37,0.46,0.6,0.32,0.15,0.32,0.43,0.9,0.55,0.09,0.55,0.68,1.1,-0.06,0.19,-0.06,1.06,1.0,0.76,0.04,0.76,0.61,1.0,0.02,0.01,0.02,0.55,1.9,1.78,0.11,1.78,0.48
9.55,3.831724137931034,140.11689655172415,-2.79,-76.76241379310346,31.651724137931023,0.8622068965517371,-4.378724137931027,34.19196551724138,-20.752482758620694,14.08824137931034,-17.509965517241373,97.01565517241379,-74.668,122.4256551724138,1.0,0.17,0.08,0.17,0.81,1.2,-0.49,0.05,-0.49,0.71,0.6,0.23,0.05,0.23,0.49,0.6,0.05,0.13,0.05,0.25,0.5,-0.41,0.04,-0.41,0.27,0.6,-0.37,0.07,-0.37,0.46,0.6,0.32,0.15,0.32,0.43,0.9,0.55,0.09,0.55,0.68,1.1,-0.06,0.19,-0.06,1.06,1.0,0.76,0.04,0.76,0.61,1.0,0.02,0.01,0.02,0.55,1.9,1.78,0.11,1.78,0.48
9.600000000000001,3.7979310344827573,141.45172413793108,-2.801034482758621,-77.7931034482759,30.93793103448272,2.2221724137931558,-3.652862068965501,33.62175862068963,-21.315965517241374,13.602586206896536,-16.87558620689655,96.91944827586205,-74.81462068965514,122.43786206896549,1.0,0.17,0.08,0.17,0.81,1.2,-0.49,0.05,-0.49,0.71,0.6,0.23,0.05,0.23,0.49,0.6,0.05,0.13,0.05,0.25,0.5,-0.41,0.04,-0.41,0.27,0.6,-0.37,0.07,-0.37,0.46,0.6,0.32,0.15,0.32,0.43,0.9,0.55,0.09,0.55,0.68,1.1,-0.06,0.19,-0.06,1.06,1.0,0.76,0.04,0.76,0.61,1.0,0.02,0.01,0.02,0.55,1.9,1.78,0.11,1.78,0.48
9.65,3.763448275862068,142.8137931034483,-2.81,-78.84482758620692,30.068965517241367,3.4734827586207113,-3.2380344827586125,33.05072413793103,-21.128862068965514,13.238379310344822,-16.77944827586207,96.66972413793104,-74.43682758620689,122.01006896551723,1.0,0.17,0.08,0.17,0.81,1.2,-0.49,0.05,-0.49,0.71,0.6,0.23,0.05,0.23,0.49,0.6,0.05,0.13,0.05,0.25,0.5,-0.41,0.04,-0.41,0.27,0.6,-0.37,0.07,-0.37,0.46,0.6,0.32,0.15,0.32,0.43,0.9,0.55,0.09,0.55,0.68,1.1,-0.06,0.19,-0.06,1.06,1.0,0.76,0.04,0.76,0.61,1.0,0.02,0.01,0.02,0.55,1.9,1.78,0.11,1.78,0.48
9.700000000000001,3.714482758620689,144.1386206896552,-2.815172413793104,-79.87551724137933,30.15862068965518,3.6967586206896565,-2.947344827586207,32.86751724137931,-20.90024137931034,13.570517241379315,-16.83375862068966,96.89834482758621,-75.40548275862069,122.7815172413793,0.9,0.19,0.13,0.19,0.76,1.2,-0.58,0.09,-0.58,0.7,0.6,0.24,0.06,0.24,0.49,0.5,0.1,0.19,0.1,0.27,0.5,-0.44,0.06,-0.44,0.23,0.8,-0.64,0.09,-0.64,0.38,0.6,0.26,0.07,0.26,0.41,0.9,0.61,0.1,0.61,0.65,1.0,-0.07,0.09,-0.07,0.96,0.9,0.6,0.07,0.6,0.58,0.9,0.05,0.08,0.05,0.61,1.9,1.77,0.07,1.77,0.54
9.75,3.6703448275862076,145.5006896551724,-2.82,-80.92724137931035,31.44482758620689,3.700689655172418,-3.1800344827586184,32.66596551724138,-20.557551724137934,13.964689655172412,-17.474379310344823,96.67020689655173,-75.15031034482759,122.44486206896552,0.9,0.19,0.13,0.19,0.76,1.2,-0.58,0.09,-0.58,0.7,0.6,0.24,0.06,0.24,0.49,0.5,0.1,0.19,0.1,0.27,0.5,-0.44,0.06,-0.44,0.23,0.8,-0.64,0.09,-0.64,0.38,0.6,0.26,0.07,0.26,0.41,0.9,0.61,0.1,0.61,0.65,1.0,-0.07,0.09,-0.07,0.96,0.9,0.6,0.07,0.6,0.58,0.9,0.05,0.08,0.05,0.61,1.9,1.77,0.07,1.77,0.54
9.8,3.6119999999999988,146.82800000000003,-2.82,-81.95933333333336,32.46000000000002,2.8859999999999815,-3.557400000000008,32.10219999999999,-20.00579999999999,14.274266666666673,-18.157933333333347,96.66413333333334,-75.12206666666667,122.42233333333334,0.9,0.19,0.13,0.19,0.76,1.2,-0.58,0.09,-0.58,0.7,0.6,0.24,0.06,0.24,0.49,0.5,0.1,0.19,0.1,0.27,0.5,-0.44,0.06,-0.44,0.23,0.8,-0.64,0.09,-0.64,0.38,0.6,0.26,0.07,0.26,0.41,0.9,0.61,0.1,0.61,0.65,1.0,-0.07,0.09,-0.07,0.96,0.9,0.6,0.07,0.6,0.58,0.9,0.05,0.08,0.05,0.61,1.9,1.77,0.07,1.77,0.54
9.850000000000001,3.550344827586205,148.1875862068966,-2.82,-83.00965517241383,32.7,2.041620689655139,-3.6700344827586204,31.652620689655155,-19.63731034482757,14.028448275862058,-18.45524137931035,96.66372413793104,-74.86882758620689,122.26741379310344,0.9,0.19,0.13,0.19,0.76,1.2,-0.58,0.09,-0.58,0.7,0.6,0.24,0.06,0.24,0.49,0.5,0.1,0.19,0.1,0.27,0.5,-0.44,0.06,-0.44,0.23,0.8,-0.64,0.09,-0.64,0.38,0.6,0.26,0.07,0.26,0.41,0.9,0.61,0.1,0.61,0.65,1.0,-0.07,0.09,-0.07,0.96,0.9,0.6,0.07,0.6,0.58,0.9,0.05,0.08,0.05,0.61,1.9,1.77,0.07,1.77,0.54
9.9,3.4762068965517248,149.51241379310346,-2.82,-84.04379310344827,32.26551724137931,1.2870344827586224,-3.4250000000000016,31.011448275862076,-19.179,13.779275862068966,-18.419034482758622,96.66248275862068,-74.83372413793104,122.2443448275862,0.9,0.19,0.13,0.19,0.76,1.2,-0.58,0.09,-0.58,0.7,0.6,0.24,0.06,0.24,0.49,0.5,0.1,0.19,0.1,0.27,0.5,-0.44,0.06,-0.44,0.23,0.8,-0.64,0.09,-0.64,0.38,0.6,0.26,0.07,0.26,0.41,0.9,0.61,0.1,0.61,0.65,1.0,-0.07,0.09,-0.07,0.96,0.9,0.6,0.07,0.6,0.58,0.9,0.05,0.08,0.05,0.61,1.9,1.77,0.07,1.77,0.54
9.950000000000001,3.4066666666666654,150.872,-2.82,-85.10066666666668,32.2,0.8803333333333285,-2.8635999999999915,29.26946666666664,-19.988866666666656,13.58693333333333,-18.392733333333332,96.75413333333334,-74.72486666666666,122.25166666666667,0.9,0.19,0.13,0.19,0.76,1.2,-0.58,0.09,-0.58,0.7,0.6,0.24,0.06,0.24,0.49,0.5,0.1,0.19,0.1,0.27,0.5,-0.44,0.06,-0.44,0.23,0.8,-0.64,0.09,-0.64,0.38,0.6,0.26,0.07,0.26,0.41,0.9,0.61,0.1,0.61,0.65,1.0,-0.07,0.09,-0.07,0.96,0.7,0.39,0.23,0.39,0.44,0.8,-0.01,0.11,-0.01,0.62,1.9,1.77,0.07,1.77,0.54
10.0,3.3296551724137924,152.19931034482758,-2.82,-86.13275862068966,32.275862068965516,0.5334827586206875,-2.3106896551724105,27.401724137931023,-19.196379310344824,13.406827586206896,-18.46934482758621,96.74234482758621,-74.829,122.30527586206897,0.9,0.19,0.13,0.19,0.76,1.2,-0.58,0.09,-0.58,0.7,0.6,0.24,0.06,0.24,0.49,0.5,0.1,0.19,0.1,0.27,0.5,-0.44,0.06,-0.44,0.23,0.8,-0.64,0.09,-0.64,0.38,0.6,0.26,0.07,0.26,0.41,0.9,0.61,0.1,0.61,0.65,1.0,-0.07,0.09,-0.07,0.96,0.7,0.39,0.23,0.39,0.44,0.8,-0.01,0.11,-0.01,0.62,1.9,1.77,0.07,1.77,0.54
10.05,3.247586206896552,153.5296551724138,-2.82,-87.16344827586207,32.48965517241379,0.1871034482758625,-1.9846551724137935,25.533103448275863,-18.361379310344827,13.226482758620689,-18.741241379310345,96.63072413793104,-74.71013793103448,122.14524137931035,0.9,0.19,0.13,0.19,0.76,1.2,-0.58,0.09,-0.58,0.7,0.6,0.24,0.06,0.24,0.49,0.5,0.1,0.19,0.1,0.27,0.5,-0.44,0.06,-0.44,0.23,0.8,-0.64,0.09,-0.64,0.38,0.6,0.26,0.07,0.26,0.41,0.9,0.61,0.1,0.61,0.65,1.0,-0.07,0.09,-0.07,0.96,0.7,0.39,0.23,0.39,0.44,0.8,-0.01,0.11,-0.01,0.62,1.9,1.77,0.07,1.77,0.54
10.100000000000001,3.1599999999999984,154.8816666666667,-2.81,-88.21166666666669,32.9,-0.16433333333333944,-1.6959999999999975,23.637166666666634,-18.548999999999996,13.044166666666664,-19.092166666666667,96.43416666666666,-74.6505,121.954,0.9,0.19,0.13,0.19,0.76,1.2,-0.58,0.09,-0.58,0.7,0.6,0.24,0.06,0.24,0.49,0.5,0.1,0.19,0.1,0.27,0.5,-0.44,0.06,-0.44,0.23,0.8,-0.64,0.09,-0.64,0.38,0.6,0.26,0.07,0.26,0.41,0.9,0.61,0.1,0.61,0.65,1.0,-0.07,0.09,-0.07,0.96,0.7,0.39,0.23,0.39,0.44,0.8,-0.01,0.11,-0.01,0.62,1.9,1.77,0.07,1.77,0.54
10.15,3.0668965517241373,156.22103448275865,-2.8013793103448275,-89.24586206896552,32.81379310344827,-0.5135862068965549,-1.5520344827586194,21.75524137931033,-18.406931034482756,12.862758620689654,-19.061275862068964,96.26637931034483,-74.51644827586206,121.7395172413793,0.9,0.19,0.13,0.19,0.76,1.2,-0.58,0.09,-0.58,0.7,0.6,0.24,0.06,0.24,0.49,0.5,0.1,0.19,0.1,0.27,0.5,-0.44,0.06,-0.44,0.23,0.8,-0.64,0.09,-0.64,0.38,0.6,0.26,0.07,0.26,0.41,0.9,0.61,0.1,0.61,0.65,1.0,-0.07,0.09,-0.07,0.96,0.7,0.39,0.23,0.39,0.44,0.8,-0.01,0.11,-0.01,0.62,1.9,1.77,0.07,1.77,0.54
10.200000000000001,2.966896551724134,157.5458620689656,-2.8,-90.27655172413797,32.8,-0.8626551724138062,-1.4163103448275811,19.87803448275855,-18.23727586206896,12.681965517241373,-19.008896551724135,96.10093103448276,-74.37775862068965,121.52393103448274,0.9,0.36,0.18,0.36,0.63,1.5,-0.73,0.29,-0.73,0.76,0.6,0.28,0.08,0.28,0.52,0.5,0.17,0.23,0.17,0.31,0.6,-0.47,0.14,-0.47,0.22,0.8,-0.8,0.13,-0.8,0.12,0.6,0.29,0.04,0.29,0.39,0.8,0.61,0.04,0.61,0.58,0.9,-0.04,0.01,-0.04,0.87,0.6,0.21,0.24,0.21,0.38,0.8,-0.11,0.12,-0.11,0.59,1.9,1.75,0.05,1.75,0.58
10.25,2.8560000000000003,158.8743333333333,-2.79,-91.30233333333332,32.67666666666667,-1.209299999999999,-1.3550666666666653,18.008600000000005,-18.1193,12.5018,-18.928766666666665,95.9555,-74.273,121.34536666666666,0.9,0.36,0.18,0.36,0.63,1.5,-0.73,0.29,-0.73,0.76,0.6,0.28,0.08,0.28,0.52,0.5,0.17,0.23,0.17,0.31,0.6,-0.47,0.14,-0.47,0.22,0.8,-0.8,0.13,-0.8,0.12,0.6,0.29,0.04,0.29,0.39,0.8,0.61,0.04,0.61,0.58,0.9,-0.04,0.01,-0.04,0.87,0.6,0.21,0.24,0.21,0.38,0.8,-0.11,0.12,-0.11,0.59,1.9,1.75,0.05,1.75,0.58
10.3,2.744827586206894,160.20620689655175,-2.7806896551724134,-92.33793103448278,32.41379310344827,-1.5607241379310424,-1.8581379310344959,16.113965517241336,-18.20806896551724,12.319379310344823,-18.642620689655164,95.9393448275862,-74.39813793103448,121.40768965517242,0.9,0.36,0.18,0.36,0.63,1.5,-0.73,0.29,-0.73,0.76,0.6,0.28,0.08,0.28,0.52,0.5,0.17,0.23,0.17,0.31,0.6,-0.47,0.14,-0.47,0.22,0.8,-0.8,0.13,-0.8,0.12,0.6,0.29,0.04,0.29,0.39,0.8,0.61,0.04,0.61,0.58,0.9,-0.04,0.01,-0.04,0.87,0.6,0.21,0.24,0.21,0.38,0.8,-0.11,0.12,-0.11,0.59,1.9,1.75,0.05,1.75,0.58
10.350000000000001,2.6265517241379293,161.54034482758624,-2.78,-93.36862068965519,32.01379310344827,-1.9088620689655225,-2.8044137931034614,14.235793103448248,-16.703586206896528,12.13858620689655,-18.2033448275862,95.86075862068965,-74.45858620689656,121.38113793103449,0.9,0.36,0.18,0.36,0.63,1.5,-0.73,0.29,-0.73,0.76,0.6,0.28,0.08,0.28,0.52,0.5,0.17,0.23,0.17,0.31,0.6,-0.47,0.14,-0.47,0.22,0.8,-0.8,0.13,-0.8,0.12,0.6,0.29,0.04,0.29,0.39,0.8,0.61,0.04,0.61,0.58,0.9,-0.04,0.01,-0.04,0.87,0.6,0.21,0.24,0.21,0.38,0.8,-0.11,0.12,-0.11,0.59,1.9,1.75,0.05,1.75,0.58
10.4,2.4959999999999987,162.864,-2.78,-94.403,31.34999999999999,-2.2561000000000035,-3.5166000000000066,12.36659999999998,-15.309299999999986,11.957899999999999,-17.550199999999993,95.75850000000001,-74.3377,121.2265,0.9,0.36,0.18,0.36,0.63,1.5,-0.73,0.29,-0.73,0.76,0.6,0.28,0.08,0.28,0.52,0.5,0.17,0.23,0.17,0.31,0.6,-0.47,0.14,-0.47,0.22,0.8,-0.8,0.13,-0.8,0.12,0.6,0.29,0.04,0.29,0.39,0.8,0.61,0.04,0.61,0.58,0.9,-0.04,0.01,-0.04,0.87,0.6,0.21,0.24,0.21,0.38,0.8,-0.11,0.12,-0.11,0.59,1.9,1.75,0.05,1.75,0.58
10.450000000000001,2.362666666666665,164.17366666666666,-2.7896666666666667,-95.42933333333335,30.613333333333326,-2.602066666666671,-4.157133333333341,10.501333333333312,-13.895233333333316,11.778599999999997,-16.822566666666656,95.80476666666667,-74.45393333333332,121.33413333333334,0.9,0.3986666666666675,0.19933333333333375,0.3986666666666675,0.5526666666666651,1.5,-0.7686666666666675,0.30933333333333374,-0.7686666666666675,0.8083333333333343,0.6,0.29933333333333373,0.08,0.29933333333333373,0.52,0.5,0.13133333333333255,0.21066666666666628,0.13133333333333255,0.34866666666666746,0.5033333333333314,-0.18966666666666093,0.06266666666666508,-0.18966666666666093,0.4423333333333379,0.8,-0.8290000000000005,0.13966666666666688,-0.8290000000000005,0.013666666666664495,0.6,0.3383333333333344,0.06900000000000059,0.3383333333333344,0.4093333333333337,0.8,0.5809999999999994,0.01099999999999941,0.5809999999999994,0.5413333333333326,0.9,-0.04,0.029333333333333725,-0.04,0.8506666666666662,0.6966666666666685,0.1519999999999988,0.19166666666666568,0.1519999999999988,0.36066666666666625,0.8,-0.11,0.12,-0.11,0.59,1.9,1.7693333333333336,0.05,1.7693333333333336,0.5219999999999988
10.5,2.21,165.51000000000002,-2.79,-96.46666666666667,30.0,-2.954,-4.988333333333333,8.606333333333334,-11.227,11.595666666666666,-16.219666666666665,95.73766666666667,-74.676,121.41766666666666,0.9,0.4,0.2,0.4,0.55,1.5,-0.77,0.31,-0.77,0.81,0.6,0.3,0.08,0.3,0.52,0.5,0.13,0.21,0.13,0.35,0.5,-0.18,0.06,-0.18,0.45,0.8,-0.83,0.14,-0.83,0.01,0.6,0.34,0.07,0.34,0.41,0.8,0.58,0.01,0.58,0.54,0.9,-0.04,0.03,-0.04,0.85,0.7,0.15,0.19,0.15,0.36,0.8,-0.11,0.12,-0.11,0.59,1.9,1.77,0.05,1.77,0.52
10.55,2.058965517241376,166.83241379310348,-2.7934482758620693,-97.50034482758623,29.431034482758616,-3.3010344827586278,-5.842310344827606,6.735517241379273,-8.558827586206842,11.415758620689651,-15.663827586206889,95.66334482758622,-74.84858620689656,121.46544827586207,0.9,0.4,0.2,0.4,0.55,1.5,-0.77,0.31,-0.77,0.81,0.6,0.3,0.08,0.3,0.52,0.5,0.13,0.21,0.13,0.35,0.5,-0.18,0.06,-0.18,0.45,0.8,-0.83,0.14,-0.83,0.01,0.6,0.34,0.07,0.34,0.41,0.8,0.58,0.01,0.58,0.54,0.9,-0.04,0.03,-0.04,0.85,0.7,0.15,0.19,0.15,0.36,0.8,-0.11,0.12,-0.11,0.59,1.9,1.77,0.05,1.77,0.52
10.600000000000001,1.8965517241379268,168.15724137931036,-2.808965517241378,-98.54103448275865,28.962068965517194,-3.6500344827586293,-6.852793103448302,4.8532068965516775,-5.839241379310284,11.234344827586202,-15.273931034482738,95.5751724137931,-74.7949655172414,121.36410344827587,0.9,0.4,0.2,0.4,0.55,1.5,-0.77,0.31,-0.77,0.81,0.6,0.3,0.08,0.3,0.52,0.5,0.13,0.21,0.13,0.35,0.5,-0.18,0.06,-0.18,0.45,0.8,-0.83,0.14,-0.83,0.01,0.6,0.34,0.07,0.34,0.41,0.8,0.58,0.01,0.58,0.54,0.9,-0.04,0.03,-0.04,0.85,0.7,0.15,0.19,0.15,0.36,0.8,-0.11,0.12,-0.11,0.59,1.9,1.77,0.05,1.77,0.52
10.65,1.7241379310344818,169.5193103448276,-2.7648275862068963,-99.60034482758621,27.0655172413793,-4.001000000000002,-7.892448275862075,2.9635517241379192,-3.3505517241379152,11.052344827586206,-14.47124137931034,95.83379310344829,-75.04324137931034,121.72003448275862,0.9,0.4,0.2,0.4,0.55,1.5,-0.77,0.31,-0.77,0.81,0.6,0.3,0.08,0.3,0.52,0.5,0.13,0.21,0.13,0.35,0.5,-0.18,0.06,-0.18,0.45,0.8,-0.83,0.14,-0.83,0.01,0.6,0.34,0.07,0.34,0.41,0.8,0.58,0.01,0.58,0.54,0.9,-0.04,0.03,-0.04,0.85,0.7,0.15,0.19,0.15,0.36,0.8,-0.11,0.12,-0.11,0.59,1.9,1.77,0.05,1.77,0.52
10.700000000000001,1.5533333333333286,170.8686666666667,-2.730666666666666,-100.64933333333336,25.186666666666614,-4.34820000000001,-8.921866666666695,1.0910666666666147,-0.8846666666665982,10.871533333333328,-13.675533333333311,96.09,-75.29020000000001,122.07360000000001,0.9,0.47,0.16,0.47,0.51,1.5,-0.78,0.3,-0.78,0.85,0.7,0.31,0.09,0.31,0.54,0.5,0.1,0.14,0.1,0.41,0.5,-0.21,0.04,-0.21,0.4,0.8,-0.84,0.15,-0.84,0.06,0.7,0.39,0.13,0.39,0.47,0.7,0.55,0.1,0.55,0.43,0.9,-0.03,0.01,-0.03,0.88,0.7,0.16,0.2,0.16,0.35,0.8,-0.27,0.08,-0.27,0.53,1.9,1.8,0.03,1.8,0.45
10.75,1.3710344827586176,172.21620689655177,-2.691724137931035,-101.69689655172415,23.29310344827583,-4.861724137931066,-9.956482758620707,-0.7292758620689875,1.5735862068965902,10.489137931034449,-12.760344827586175,96.37189655172413,-75.54286206896552,122.452,0.9,0.47,0.16,0.47,0.51,1.5,-0.78,0.3,-0.78,0.85,0.7,0.31,0.09,0.31,0.54,0.5,0.1,0.14,0.1,0.41,0.5,-0.21,0.04,-0.21,0.4,0.8,-0.84,0.15,-0.84,0.06,0.7,0.39,0.13,0.39,0.47,0.7,0.55,0.1,0.55,0.43,0.9,-0.03,0.01,-0.03,0.88,0.7,0.16,0.2,0.16,0.35,0.8,-0.27,0.08,-0.27,0.53,1.9,1.8,0.03,1.8,0.45
10.8,1.1846666666666645,173.5546666666667,-2.708666666666667,-102.73866666666667,21.259999999999977,-6.948866666666692,-11.03666666666668,-2.056000000000015,3.953066666666694,8.190533333333306,-10.722133333333307,96.89833333333334,-75.8496,123.05633333333334,0.9,0.47,0.16,0.47,0.51,1.5,-0.78,0.3,-0.78,0.85,0.7,0.31,0.09,0.31,0.54,0.5,0.1,0.14,0.1,0.41,0.5,-0.21,0.04,-0.21,0.4,0.8,-0.84,0.15,-0.84,0.06,0.7,0.39,0.13,0.39,0.47,0.7,0.55,0.1,0.55,0.43,0.9,-0.03,0.01,-0.03,0.88,0.7,0.16,0.2,0.16,0.35,0.8,-0.27,0.08,-0.27,0.53,1.9,1.8,0.03,1.8,0.45
10.850000000000001,0.9796551724137879,174.9131034482759,-2.7065517241379293,-103.8034482758621,18.217241379310227,-9.155310344827642,-11.995310344827605,-3.36382758620693,6.323413793103508,5.748551724137869,-8.598931034482705,97.52772413793105,-76.14593103448277,123.73437931034485,0.9,0.47,0.16,0.47,0.51,1.5,-0.78,0.3,-0.78,0.85,0.7,0.31,0.09,0.31,0.54,0.5,0.1,0.14,0.1,0.41,0.5,-0.21,0.04,-0.21,0.4,0.8,-0.84,0.15,-0.84,0.06,0.7,0.39,0.13,0.39,0.47,0.7,0.55,0.1,0.55,0.43,0.9,-0.03,0.01,-0.03,0.88,0.7,0.16,0.2,0.16,0.35,0.8,-0.27,0.08,-0.27,0.53,1.9,1.8,0.03,1.8,0.45
10.9,0.7727586206896536,176.2851724137931,-2.6062068965517247,-104.85931034482759,12.22413793103445,-11.125724137931043,-12.364034482758623,-4.45793103448276,8.538965517241396,3.6293793103448206,-6.543103448275847,98.41058620689655,-76.45075862068965,124.62120689655173,0.9,0.47,0.16,0.47,0.51,1.5,-0.78,0.3,-0.78,0.85,0.7,0.31,0.09,0.31,0.54,0.5,0.1,0.14,0.1,0.41,0.5,-0.21,0.04,-0.21,0.4,0.8,-0.84,0.15,-0.84,0.06,0.7,0.39,0.13,0.39,0.47,0.7,0.55,0.1,0.55,0.43,0.9,-0.03,0.01,-0.03,0.88,0.7,0.16,0.2,0.16,0.35,0.8,-0.27,0.08,-0.27,0.53,1.9,1.8,0.03,1.8,0.45
10.950000000000001,0.5655172413793048,177.6475862068966,-2.682068965517244,-105.92137931034486,8.737931034482683,-12.029137931034501,-12.637517241379317,-4.495862068965515,10.778965517241435,3.0393793103448186,-4.449965517241328,98.89851724137932,-77.24937931034485,125.49541379310347,0.9,0.5,0.15,0.5,0.49,1.5,-0.71,0.26,-0.71,0.86,0.7,0.34,0.1,0.34,0.54,0.6,0.07,0.1,0.07,0.44,0.5,-0.23,0.0,-0.23,0.3,0.9,-0.87,0.17,-0.87,0.09,0.8,0.41,0.16,0.41,0.51,0.6,0.55,0.17,0.55,0.31,0.9,0.02,0.0,0.02,0.9,0.7,0.26,0.15,0.26,0.44,0.9,-0.55,0.06,-0.55,0.48,1.9,1.82,0.0,1.82,0.37
11.0,0.35199999999999715,178.99933333333337,-2.7693333333333343,-106.97466666666668,5.679999999999957,-12.773466666666677,-12.7678,-4.390533333333331,12.50513333333335,2.665399999999995,-2.2573333333333006,99.44500000000001,-77.813,126.27340000000001,0.9,0.5,0.15,0.5,0.49,1.5,-0.71,0.26,-0.71,0.86,0.7,0.34,0.1,0.34,0.54,0.6,0.07,0.1,0.07,0.44,0.5,-0.23,0.0,-0.23,0.3,0.9,-0.87,0.17,-0.87,0.09,0.8,0.41,0.16,0.41,0.51,0.6,0.55,0.17,0.55,0.31,0.9,0.02,0.0,0.02,0.9,0.7,0.26,0.15,0.26,0.44,0.9,-0.55,0.06,-0.55,0.48,1.9,1.82,0.0,1.82,0.37
11.05,0.15137931034482438,180.38620689655176,-2.7417241379310306,-108.05448275862072,2.9206896551723656,-13.527655172413809,-13.44544827586216,-4.285034482758618,11.765448275862054,2.287689655172405,0.38858620689659806,99.61920689655166,-76.66206896551721,125.70803448275855,0.9,0.5,0.15,0.5,0.49,1.5,-0.71,0.26,-0.71,0.86,0.7,0.34,0.1,0.34,0.54,0.6,0.07,0.1,0.07,0.44,0.5,-0.23,0.0,-0.23,0.3,0.9,-0.87,0.17,-0.87,0.09,0.8,0.41,0.16,0.41,0.51,0.6,0.55,0.17,0.55,0.31,0.9,0.02,0.0,0.02,0.9,0.7,0.26,0.15,0.26,0.44,0.9,-0.55,0.06,-0.55,0.48,1.9,1.82,0.0,1.82,0.37
11.100000000000001,0.06192307692307519,181.78038461538466,-2.515384615384616,-109.11730769230772,1.580769230769248,-14.800269230769366,-19.372461538461664,-4.123461538461523,11.342499999999996,1.7633461538461106,1.8595384615384842,95.51226923076916,-74.68892307692302,121.25738461538451,0.9,0.5,0.15,0.5,0.49,1.5,-0.71,0.26,-0.71,0.86,0.7,0.34,0.1,0.34,0.54,0.6,0.07,0.1,0.07,0.44,0.5,-0.23,0.0,-0.23,0.3,0.9,-0.87,0.17,-0.87,0.09,0.8,0.41,0.16,0.41,0.51,0.6,0.55,0.17,0.55,0.31,0.9,0.02,0.0,0.02,0.9,0.7,0.26,0.15,0.26,0.44,0.9,-0.55,0.06,-0.55,0.48,1.9,1.82,0.0,1.82,0.37
