Time,Position,Height above ground [m],X [m],Y [m],Z [m],Opening Angle [°],Stalling Angle Left [°],Stalling Angle Right [°],Roll Angle Left [°],Roll Angle Right [°],Yaw Angle Left [°],Yaw Angle Right [°],Speed hor. [km/h],Speed vert. [km/h],Speed resulting [km/h],W1_Speed,W1_Tangent,W1_Turbulence,W1_CleanTan,W1_Cross,W2_Speed,W2_Tangent,W2_Turbulence,W2_CleanTan,W2_Cross,W3_Speed,W3_Tangent,W3_Turbulence,W3_CleanTan,W3_Cross,W4_Speed,W4_Tangent,W4_Turbulence,W4_CleanTan,W4_Cross,W5_Speed,W5_Tangent,W5_Turbulence,W5_CleanTan,W5_Cross,W6_Speed,W6_Tangent,W6_Turbulence,W6_CleanTan,W6_Cross,W7_Speed,W7_Tangent,W7_Turbulence,W7_CleanTan,W7_Cross,W8_Speed,W8_Tangent,W8_Turbulence,W8_CleanTan,W8_Cross,W9_Speed,W9_Tangent,W9_Turbulence,W9_CleanTan,W9_Cross,W10_Speed,W10_Tangent,W10_Turbulence,W10_CleanTan,W10_Cross,W11_Speed,W11_Tangent,W11_Turbulence,W11_CleanTan,W11_Cross,W12_Speed,W12_Tangent,W12_Turbulence,W12_CleanTan,W12_Cross
4.032,0.0,2.93,0.04,-0.0,-0.01,0.0,-11.5,-11.5,0.0,0.0,0.0,0.0,95.567,-19.443,97.525,2.5,2.12,0.39,2.12,0.92,0.5,0.09,0.05,0.09,0.38,0.9,0.88,0.21,0.88,0.19,0.8,0.48,0.08,0.48,0.61,2.0,1.47,0.17,1.47,1.34,1.1,0.79,0.06,0.79,0.77,2.0,1.97,0.17,1.97,0.03,1.6,1.58,0.01,1.58,0.22,1.1,0.81,0.29,0.81,0.66,1.5,1.47,0.44,1.47,0.34,1.4,1.25,0.31,1.25,0.08,1.2,1.18,0.38,1.18,0.26
4.082,0.2525252525252511,2.9022222222222225,0.36070707070706887,-0.0025252525252525116,-0.07313131313131277,0.3787878787878767,-11.557070707070707,-11.561363636363636,-1.641414141414132,-0.3883838383838362,0.401262626262624,-0.3146464646464629,95.30639393939393,-17.906636363636373,97.0088383838384,2.5,2.12,0.37989898989898996,2.12,0.8997979797979799,0.5,0.09252525252525251,0.04494949494949498,0.09252525252525251,0.3825252525252525,0.9,0.8825252525252525,0.20242424242424245,0.8825252525252525,0.1874747474747475,0.8,0.48,0.08,0.48,0.61,1.9494949494949498,1.4295959595959598,0.22555555555555526,1.4295959595959598,1.3021212121212125,1.1757575757575753,0.8556565656565653,0.1079797979797977,0.8556565656565653,0.8129292929292927,2.0,1.9826262626262625,0.15484848484848493,1.9826262626262625,0.02494949494949498,1.6,1.58,0.01,1.58,0.22,1.1,0.81,0.29,0.81,0.66,1.5,1.4826262626262625,0.44,1.4826262626262625,0.30212121212121235,1.4,1.2525252525252526,0.30494949494949497,1.2525252525252526,0.07747474747474749,1.2,1.18,0.38,1.18,0.26
4.132,0.5050505050505022,2.874444444444445,0.6814141414141378,-0.005050505050505023,-0.13626262626262556,0.7575757575757534,-11.614141414141415,-11.622727272727273,-3.282828282828264,-0.7767676767676724,0.802525252525248,-0.6292929292929258,95.04578787878788,-16.370272727272745,96.49267676767677,2.5,2.12,0.3697979797979799,2.12,0.8795959595959598,0.5,0.09505050505050502,0.039898989898989955,0.09505050505050502,0.38505050505050503,0.9,0.885050505050505,0.19484848484848494,0.885050505050505,0.18494949494949497,0.8,0.48,0.08,0.48,0.61,1.8989898989898997,1.3891919191919198,0.28111111111111053,1.3891919191919198,1.2642424242424246,1.2515151515151506,0.9213131313131306,0.1559595959595954,0.9213131313131306,0.8558585858585853,2.0,1.995252525252525,0.13969696969696987,1.995252525252525,0.019898989898989958,1.6,1.58,0.01,1.58,0.22,1.1,0.81,0.29,0.81,0.66,1.5,1.495252525252525,0.44,1.495252525252525,0.26424242424242467,1.4,1.255050505050505,0.29989898989898994,1.255050505050505,0.07494949494949499,1.2,1.18,0.38,1.18,0.26
4.1819999999999995,0.7575757575757534,2.846666666666667,1.0021212121212066,-0.007575757575757534,-0.19939393939393835,1.13636363636363,-11.67121212121212,-11.684090909090909,-4.924242424242396,-1.1651515151515086,1.203787878787872,-0.9439393939393886,94.78518181818181,-14.833909090909117,95.97651515151516,2.5,2.12,0.35969696969696985,2.12,0.8593939393939397,0.5,0.09757575757575754,0.034848484848484934,0.09757575757575754,0.3875757575757575,0.9,0.8875757575757576,0.1872727272727274,0.8875757575757576,0.18242424242424246,0.8,0.48,0.08,0.48,0.61,1.8484848484848493,1.3487878787878795,0.3366666666666658,1.3487878787878795,1.226363636363637,1.327272727272726,0.9869696969696959,0.20393939393939314,0.9869696969696959,0.898787878787878,2.0,2.007878787878788,0.12454545454545479,2.007878787878788,0.014848484848484935,1.6,1.58,0.01,1.58,0.22,1.1,0.81,0.29,0.81,0.66,1.5,1.5078787878787876,0.44,1.5078787878787876,0.226363636363637,1.4,1.2575757575757576,0.2948484848484849,1.2575757575757576,0.07242424242424247,1.2,1.18,0.38,1.18,0.26
4.231999999999999,2.7761194029850667,2.8355223880597014,3.1694029850746186,0.0,-0.5186567164179093,6.440298507462667,-8.053701492537337,-10.20514925373136,-7.759179104477608,-2.66868656716418,3.5903283582089465,-3.0184776119402907,95.26543283582089,-13.695611940298502,96.24540298507462,2.5,2.12,0.3589552238805973,2.12,0.8579104477611946,0.5,0.09776119402985067,0.034477611940298664,0.09776119402985067,0.38776119402985065,0.9,0.8877611940298507,0.186716417910448,0.8877611940298507,0.18223880597014933,0.8,0.48,0.08,0.48,0.61,1.8447761194029866,1.3458208955223894,0.3407462686567147,1.3458208955223894,1.22358208955224,1.33283582089552,0.9917910447761173,0.20746268656716266,0.9917910447761173,0.9019402985074614,2.0,2.0088059701492536,0.12343283582089601,2.0088059701492536,0.014477611940298667,1.6,1.58,0.01,1.58,0.22,1.1,0.81,0.29,0.81,0.66,1.5,1.5088059701492533,0.44,1.5088059701492533,0.22358208955224002,1.4,1.2577611940298508,0.29447761194029864,1.2577611940298508,0.07223880597014934,1.2,1.18,0.38,1.18,0.26
4.281999999999999,3.3043478260869494,2.8430434782608693,3.713478260869558,-0.003043478260869495,-0.598695652173912,7.639130434782594,-6.1081304347826375,-8.581043478260895,-8.062956521739126,-2.342608695652181,4.149347826086949,-3.539391304347819,95.3931304347826,-14.058652173913037,96.42439130434782,2.5,2.12,0.35,2.12,0.84,0.5,0.1,0.03,0.1,0.39,0.9,0.89,0.18,0.89,0.18,0.8,0.48,0.08,0.48,0.61,1.8,1.31,0.39,1.31,1.19,1.4,1.05,0.25,1.05,0.94,2.0,2.02,0.11,2.02,0.01,1.6,1.58,0.01,1.58,0.22,1.1,0.81,0.29,0.81,0.66,1.5,1.52,0.44,1.52,0.19,1.4,1.26,0.29,1.26,0.07,1.2,1.18,0.38,1.18,0.26
4.331999999999999,3.739130434782599,2.847391304347826,4.161304347826077,-0.007391304347825993,-0.6682608695652159,8.552173913043458,-4.321173913043517,-6.975391304347861,-8.338608695652168,-1.9234782608695742,4.604130434782599,-3.9685217391304253,95.46617391304348,-14.373869565217385,96.54352173913043,2.5,2.12,0.35,2.12,0.84,0.5,0.1,0.03,0.1,0.39,0.9,0.89,0.18,0.89,0.18,0.8,0.48,0.08,0.48,0.61,1.8,1.31,0.39,1.31,1.19,1.4,1.05,0.25,1.05,0.94,2.0,2.02,0.11,2.02,0.01,1.6,1.58,0.01,1.58,0.22,1.1,0.81,0.29,0.81,0.66,1.5,1.52,0.44,1.52,0.19,1.4,1.26,0.29,1.26,0.07,1.2,1.18,0.38,1.18,0.26
4.381999999999999,4.512820512820483,2.8705128205128196,4.958205128205098,-0.01,-0.7920512820512773,10.125641025640967,-1.1720769230770438,-4.125846153846263,-8.739897435897422,-1.2366153846154098,5.410846153846123,-4.727025641025612,95.5776923076923,-14.937358974358952,96.74064102564101,2.5,2.12,0.35,2.12,0.84,0.5,0.1,0.03,0.1,0.39,0.9,0.89,0.18,0.89,0.18,0.8,0.48,0.08,0.48,0.61,1.8,1.31,0.39,1.31,1.19,1.4,1.05,0.25,1.05,0.94,2.0,2.02,0.11,2.02,0.01,1.6,1.58,0.01,1.58,0.22,1.1,0.81,0.29,0.81,0.66,1.5,1.52,0.44,1.52,0.19,1.4,1.26,0.29,1.26,0.07,1.2,1.18,0.38,1.18,0.26
4.431999999999999,5.794871794871752,2.9217948717948703,6.278717948717905,-0.01,-0.9971794871794804,12.530769230769154,3.193564102563974,0.49812820512805356,-6.527717948718079,-1.9644358974358362,6.700948717948676,-5.850025641025606,95.17064102564106,-15.99566666666663,96.50787179487182,2.5,2.12,0.35,2.12,0.84,0.5,0.1,0.03,0.1,0.39,0.9,0.89,0.18,0.89,0.18,0.8,0.48,0.08,0.48,0.61,1.8,1.31,0.39,1.31,1.19,1.4,1.05,0.25,1.05,0.94,2.0,2.02,0.11,2.02,0.01,1.6,1.58,0.01,1.58,0.22,1.1,0.81,0.29,0.81,0.66,1.5,1.52,0.44,1.52,0.19,1.4,1.26,0.29,1.26,0.07,1.2,1.18,0.38,1.18,0.26
4.481999999999998,7.102564102564067,2.9741025641025627,7.615641025640989,-0.02,-1.2305128205128133,14.674358974358913,6.636999999999942,4.329128205128134,-5.043256410256433,-4.065333333333273,7.924512820512788,-6.844358974358944,95.66235897435897,-18.11156410256406,97.3632564102564,2.5,2.16,0.31,2.16,0.76,0.5,0.11,0.03,0.11,0.39,0.9,0.86,0.18,0.86,0.13,0.8,0.49,0.08,0.49,0.62,1.8,1.19,0.39,1.19,1.3,1.6,1.22,0.41,1.22,0.99,2.1,2.05,0.06,2.05,0.01,1.7,1.72,0.07,1.72,0.05,0.9,0.57,0.43,0.57,0.5,1.6,1.6,0.48,1.6,0.12,1.4,1.3,0.26,1.3,0.11,1.1,1.09,0.43,1.09,0.24
4.531999999999998,8.394736842105214,3.0218421052631563,8.938684210526267,-0.023947368421052145,-1.492894736842095,16.910526315789387,8.301999999999977,6.517552631578899,-3.881815789473756,-6.262131578947285,9.080578947368378,-7.9769736842104795,95.49471052631583,-19.35202631578946,97.43747368421056,2.5,2.16,0.31,2.16,0.76,0.5,0.11,0.03,0.11,0.39,0.9,0.86,0.18,0.86,0.13,0.8,0.49,0.08,0.49,0.62,1.8,1.19,0.39,1.19,1.3,1.6,1.22,0.41,1.22,0.99,2.1,2.05,0.06,2.05,0.01,1.7,1.72,0.07,1.72,0.05,0.9,0.57,0.43,0.57,0.5,1.6,1.6,0.48,1.6,0.12,1.4,1.3,0.26,1.3,0.11,1.1,1.09,0.43,1.09,0.24
4.581999999999998,9.710526315789426,3.068421052631577,10.26763157894732,-0.03,-1.7763157894736739,19.13684210526308,8.610236842105264,7.040000000000005,-1.2734736842106418,-8.683421052631486,10.185394736842067,-9.114894736842068,94.85884210526318,-20.2146578947368,96.99181578947369,2.5,2.16,0.31,2.16,0.76,0.5,0.11,0.03,0.11,0.39,0.9,0.86,0.18,0.86,0.13,0.8,0.49,0.08,0.49,0.62,1.8,1.19,0.39,1.19,1.3,1.6,1.22,0.41,1.22,0.99,2.1,2.05,0.06,2.05,0.01,1.7,1.72,0.07,1.72,0.05,0.9,0.57,0.43,0.57,0.5,1.6,1.6,0.48,1.6,0.12,1.4,1.3,0.26,1.3,0.11,1.1,1.09,0.43,1.09,0.24
4.631999999999998,10.999999999999954,3.1299999999999977,11.569999999999954,-0.03999999999999955,-2.069999999999989,21.199999999999925,8.628,6.893000000000005,1.8329999999998905,-11.18699999999991,11.227999999999962,-10.132999999999964,94.52200000000002,-21.41099999999996,96.918,2.5,2.16,0.31,2.16,0.76,0.5,0.11,0.03,0.11,0.39,0.9,0.86,0.18,0.86,0.13,0.8,0.49,0.08,0.49,0.62,1.8,1.19,0.39,1.19,1.3,1.6,1.22,0.41,1.22,0.99,2.1,2.05,0.06,2.05,0.01,1.7,1.72,0.07,1.72,0.05,0.9,0.57,0.43,0.57,0.5,1.6,1.6,0.48,1.6,0.12,1.4,1.3,0.26,1.3,0.11,1.1,1.09,0.43,1.09,0.24
4.681999999999998,12.31578947368415,3.1957894736842074,12.89578947368415,-0.036842105263158495,-2.375789473684196,22.521052631578904,7.583000000000073,6.248315789473733,6.037421052631362,-14.424210526315639,12.1562631578947,-11.10273684210522,94.28684210526316,-22.848578947368356,97.02157894736841,2.5,2.16,0.31,2.16,0.76,0.5,0.11,0.03,0.11,0.39,0.9,0.86,0.18,0.86,0.13,0.8,0.49,0.08,0.49,0.62,1.8,1.19,0.39,1.19,1.3,1.6,1.22,0.41,1.22,0.99,2.1,2.05,0.06,2.05,0.01,1.7,1.72,0.07,1.72,0.05,0.9,0.57,0.43,0.57,0.5,1.6,1.6,0.48,1.6,0.12,1.4,1.3,0.26,1.3,0.11,1.1,1.09,0.43,1.09,0.24
4.7319999999999975,13.631578947368347,3.2678947368421007,14.21789473684203,-0.023684210526316526,-2.6978947368420867,23.505263157894678,5.983631578947458,4.746421052631689,10.779578947368154,-16.93157894736833,13.011526315789425,-12.079684210526258,94.07215789473686,-23.89705263157891,97.06889473684211,2.4368421052631652,2.1284210526315825,0.24684210526316527,2.1284210526315825,0.7094736842105323,0.5,0.11,0.03,0.11,0.39,0.9,0.86,0.18,0.86,0.13,0.8,0.49,0.08,0.49,0.62,1.8,1.19,0.39,1.19,1.3,1.6,1.22,0.41,1.22,0.99,2.1,2.05,0.06,2.05,0.01,1.7,1.72,0.07,1.72,0.05,0.9,0.57,0.43,0.57,0.5,1.6631578947368348,1.6757894736842016,0.5431578947368347,1.6757894736842016,0.056842105263165285,1.4,1.325263157894734,0.23473684210526613,1.325263157894734,0.1352631578947339,1.1,1.09,0.43,1.09,0.24
4.781999999999997,14.92307692307685,3.345384615384611,15.51307692307685,-0.05692307692307405,-3.029999999999981,26.19999999999981,4.387692307692397,3.091076923077009,15.512230769230504,-19.005999999999876,13.865769230769184,-12.95192307692303,94.13876923076923,-24.943230769230702,97.3923846153846,2.4,2.11,0.21,2.11,0.68,0.5,0.11,0.03,0.11,0.39,0.9,0.86,0.18,0.86,0.13,0.8,0.49,0.08,0.49,0.62,1.8,1.19,0.39,1.19,1.3,1.6,1.22,0.41,1.22,0.99,2.1,2.05,0.06,2.05,0.01,1.7,1.72,0.07,1.72,0.05,0.9,0.57,0.43,0.57,0.5,1.7,1.72,0.58,1.72,0.02,1.4,1.34,0.22,1.34,0.15,1.1,1.09,0.43,1.09,0.24
4.831999999999997,16.236842105263076,3.4142105263157845,16.814473684210444,-0.08236842105263077,-3.3863157894736617,28.11315789473677,2.685368421052738,1.984315789473738,18.166552631578856,-20.400657894736785,14.46813157894734,-13.701368421052589,94.17463157894738,-26.03794736842099,97.71065789473683,2.4,2.11,0.21,2.11,0.68,0.5,0.11,0.03,0.11,0.39,0.9,0.86,0.18,0.86,0.13,0.8,0.49,0.08,0.49,0.62,1.8,1.19,0.39,1.19,1.3,1.6,1.22,0.41,1.22,0.99,2.1,2.05,0.06,2.05,0.01,1.7,1.72,0.07,1.72,0.05,0.9,0.57,0.43,0.57,0.5,1.7,1.72,0.58,1.72,0.02,1.4,1.34,0.22,1.34,0.15,1.1,1.09,0.43,1.09,0.24
4.881999999999997,17.55263157894729,3.4931578947368376,18.117105263157818,-0.09,-3.754736842105242,29.297368421052564,0.9496315789474687,1.103842105263209,19.685184210526227,-21.30931578947363,14.9299736842105,-14.413973684210486,94.11202631578948,-27.042105263157836,97.92263157894735,2.4,2.11,0.21,2.11,0.68,0.5,0.11,0.03,0.11,0.39,0.9,0.86,0.18,0.86,0.13,0.8,0.49,0.08,0.49,0.62,1.8,1.19,0.39,1.19,1.3,1.6,1.22,0.41,1.22,0.99,2.1,2.05,0.06,2.05,0.01,1.7,1.72,0.07,1.72,0.05,0.9,0.57,0.43,0.57,0.5,1.7,1.72,0.58,1.72,0.02,1.4,1.34,0.22,1.34,0.15,1.1,1.09,0.43,1.09,0.24
4.931999999999997,18.891891891891806,3.5824324324324266,19.44297297297289,-0.09891891891891808,-4.1386486486486245,30.235135135135085,-0.3624324324323642,0.781810810810813,20.62197297297293,-21.468162162162177,15.362594594594569,-14.894135135135112,94.18108108108106,-28.09829729729723,98.28497297297294,2.4,2.11,0.21,2.11,0.68,0.5,0.11,0.03,0.11,0.39,0.9,0.86,0.18,0.86,0.13,0.8,0.49,0.08,0.49,0.62,1.8,1.19,0.39,1.19,1.3,1.6,1.22,0.41,1.22,0.99,2.1,2.05,0.06,2.05,0.01,1.7,1.72,0.07,1.72,0.05,0.9,0.57,0.43,0.57,0.5,1.7,1.72,0.58,1.72,0.02,1.4,1.34,0.22,1.34,0.15,1.1,1.09,0.43,1.09,0.24
4.981999999999997,20.210526315789384,3.662631578947363,20.736315789473597,-0.10210526315789384,-4.5331578947368145,30.642105263157877,-0.8269999999999932,1.0662105263157535,21.973789473684125,-23.151421052631456,15.690842105263137,-14.984789473684216,94.23873684210525,-29.10089473684204,98.63168421052629,2.3,2.04,0.08,2.04,0.57,0.5,0.14,0.01,0.14,0.39,0.8,0.8,0.2,0.8,0.09,0.8,0.49,0.06,0.49,0.61,1.8,1.18,0.37,1.18,1.31,1.6,1.24,0.38,1.24,0.93,2.2,2.19,0.1,2.19,0.01,1.8,1.78,0.1,1.78,0.03,1.0,0.62,0.31,0.62,0.44,1.8,1.8,0.62,1.8,0.03,1.4,1.36,0.19,1.36,0.23,1.0,0.96,0.49,0.96,0.34
5.0319999999999965,21.540540540540444,3.7370270270270223,22.039729729729636,-0.11,-4.9375675675675375,30.854054054054043,-0.8610540540540587,1.686864864864811,22.738675675675672,-24.08813513513516,16.016702702702677,-14.81427027027029,94.20156756756758,-30.11624324324317,98.90029729729729,2.3,2.04,0.08,2.04,0.57,0.5,0.14,0.01,0.14,0.39,0.8,0.8,0.2,0.8,0.09,0.8,0.49,0.06,0.49,0.61,1.8,1.18,0.37,1.18,1.31,1.6,1.24,0.38,1.24,0.93,2.2,2.19,0.1,2.19,0.01,1.8,1.78,0.1,1.78,0.03,1.0,0.62,0.31,0.62,0.44,1.8,1.8,0.62,1.8,0.03,1.4,1.36,0.19,1.36,0.23,1.0,0.96,0.49,0.96,0.34
5.081999999999996,22.891891891891785,3.8135135135135068,23.35513513513503,-0.11891891891891783,-5.365405405405371,30.543243243243285,-0.5197027027027414,2.415135135135078,23.155135135135087,-26.735216216215882,16.2361081081081,-14.292891891891944,94.14367567567568,-31.018270270270204,99.123027027027,2.3,2.04,0.08,2.04,0.57,0.5,0.14,0.01,0.14,0.39,0.8,0.8,0.2,0.8,0.09,0.8,0.49,0.06,0.49,0.61,1.8,1.18,0.37,1.18,1.31,1.6,1.24,0.38,1.24,0.93,2.2,2.19,0.1,2.19,0.01,1.8,1.78,0.1,1.78,0.03,1.0,0.62,0.31,0.62,0.44,1.8,1.8,0.62,1.8,0.03,1.4,1.36,0.19,1.36,0.23,1.0,0.96,0.49,0.96,0.34
5.131999999999996,24.243243243243132,3.894594594594588,24.663513513513408,-0.12243243243243132,-5.800270270270234,29.978378378378434,0.09283783783778214,3.0797567567567077,24.047945945945877,-28.59502702702693,16.391756756756745,-13.55605405405412,94.08559459459461,-32.01256756756749,99.38421621621619,2.3,2.04,0.08,2.04,0.57,0.5,0.14,0.01,0.14,0.39,0.8,0.8,0.2,0.8,0.09,0.8,0.49,0.06,0.49,0.61,1.8,1.18,0.37,1.18,1.31,1.6,1.24,0.38,1.24,0.93,2.2,2.19,0.1,2.19,0.01,1.8,1.78,0.1,1.78,0.03,1.0,0.62,0.31,0.62,0.44,1.8,1.8,0.62,1.8,0.03,1.4,1.36,0.19,1.36,0.23,1.0,0.96,0.49,0.96,0.34
5.181999999999996,25.594594594594483,3.9697297297297243,25.96675675675665,-0.13,-6.252162162162124,29.24324324324331,0.7824054054053473,3.618351351351313,24.6596216216216,-30.545945945945704,16.52672972972972,-12.699459459459536,93.88818918918922,-32.861108108108056,99.47443243243244,2.3,2.04,0.08,2.04,0.57,0.5,0.14,0.01,0.14,0.39,0.8,0.8,0.2,0.8,0.09,0.8,0.49,0.06,0.49,0.61,1.8,1.18,0.37,1.18,1.31,1.6,1.24,0.38,1.24,0.93,2.2,2.19,0.1,2.19,0.01,1.8,1.78,0.1,1.78,0.03,1.0,0.62,0.31,0.62,0.44,1.8,1.8,0.62,1.8,0.03,1.4,1.36,0.19,1.36,0.23,1.0,0.96,0.49,0.96,0.34
5.231999999999996,26.94594594594583,4.037297297297291,27.268108108108,-0.13,-6.711621621621584,28.337837837837917,1.4687567567566993,3.8705135135134996,25.538810810810716,-32.41418918918907,16.52794594594595,-11.806351351351427,93.61643243243245,-33.73272972972965,99.50902702702702,2.205405405405417,1.9927027027027084,0.042162162162166734,1.9927027027027084,0.4659459459459585,0.5,0.13054054054054168,0.01,0.13054054054054168,0.3805405405405417,0.8,0.7432432432432501,0.2,0.7432432432432501,0.10891891891891664,0.8,0.49,0.04108108108108337,0.49,0.5910810810810834,1.7054054054054169,1.2272972972972915,0.4172972972972916,1.2272972972972915,1.2154054054054169,1.505405405405417,1.18324324324325,0.3327027027027084,1.18324324324325,0.8921621621621667,2.2,2.171081081081083,0.09054054054054168,2.171081081081083,0.028918918918916632,1.894594594594583,1.902972972972958,0.18513513513512486,1.902972972972958,0.05837837837837495,1.1891891891891664,0.8754054054053746,0.09243243243245869,0.8754054054053746,0.3832432432432501,1.8,1.7527027027027084,0.5443243243243335,1.7527027027027084,0.0867567567567499,1.4,1.3127027027027085,0.21837837837837495,1.3127027027027085,0.26783783783783327,1.0945945945945832,0.8843243243243335,0.3670270270270419,0.8843243243243335,0.41567567567566654
5.281999999999996,28.305555555555433,4.105277777777771,28.56027777777766,-0.14,-7.189999999999955,27.386111111111198,1.8965555555555342,3.7120833333333696,25.698777777777792,-34.92863888888863,16.59991666666665,-10.815444444444537,93.40077777777779,-34.58883333333326,99.60055555555554,2.2,1.99,0.04,1.99,0.46,0.5,0.13,0.01,0.13,0.38,0.8,0.74,0.2,0.74,0.11,0.8,0.49,0.04,0.49,0.59,1.7,1.23,0.42,1.23,1.21,1.5,1.18,0.33,1.18,0.89,2.2,2.17,0.09,2.17,0.03,1.9,1.91,0.19,1.91,0.06,1.2,0.89,0.08,0.89,0.38,1.8,1.75,0.54,1.75,0.09,1.4,1.31,0.22,1.31,0.27,1.1,0.88,0.36,0.88,0.42
5.331999999999995,29.675675675675542,4.1670270270270215,29.861891891891766,-0.14,-7.683243243243195,26.62972972972978,1.9781621621621697,3.110675675675754,26.104783783783688,-37.19599999999984,16.78105405405403,-9.858162162162248,93.17840540540543,-35.378810810810734,99.67067567567567,2.2,1.99,0.04,1.99,0.46,0.5,0.13,0.01,0.13,0.38,0.8,0.74,0.2,0.74,0.11,0.8,0.49,0.04,0.49,0.59,1.7,1.23,0.42,1.23,1.21,1.5,1.18,0.33,1.18,0.89,2.2,2.17,0.09,2.17,0.03,1.9,1.91,0.19,1.91,0.06,1.2,0.89,0.08,0.89,0.38,1.8,1.75,0.54,1.75,0.09,1.4,1.31,0.22,1.31,0.27,1.1,0.88,0.36,0.88,0.42
5.381999999999995,31.02777777777764,4.221111111111106,31.146111111110983,-0.1502777777777764,-8.170277777777727,26.20277777777776,1.7825555555555928,1.9755000000001517,27.674972222222117,-39.641833333333146,17.123861111111058,-9.13811111111116,93.00955555555556,-36.22186111111102,99.81655555555554,2.2,1.99,0.04,1.99,0.46,0.5,0.13,0.01,0.13,0.38,0.8,0.74,0.2,0.74,0.11,0.8,0.49,0.04,0.49,0.59,1.7,1.23,0.42,1.23,1.21,1.5,1.18,0.33,1.18,0.89,2.2,2.17,0.09,2.17,0.03,1.9,1.91,0.19,1.91,0.06,1.2,0.89,0.08,0.89,0.38,1.8,1.75,0.54,1.75,0.09,1.4,1.31,0.22,1.31,0.27,1.1,0.88,0.36,0.88,0.42
5.431999999999995,32.41666666666653,4.2724999999999955,32.45166666666654,-0.1641666666666653,-8.688333333333281,26.383333333333304,1.3720000000000496,0.38966666666683814,28.513583333333298,-41.161833333333256,17.696916666666603,-8.702416666666696,92.95566666666667,-37.1807499999999,100.11891666666662,2.2,1.99,0.04,1.99,0.46,0.5,0.13,0.01,0.13,0.38,0.8,0.74,0.2,0.74,0.11,0.8,0.49,0.04,0.49,0.59,1.7,1.23,0.42,1.23,1.21,1.5,1.18,0.33,1.18,0.89,2.2,2.17,0.09,2.17,0.03,1.9,1.91,0.19,1.91,0.06,1.2,0.89,0.08,0.89,0.38,1.8,1.75,0.54,1.75,0.09,1.4,1.31,0.22,1.31,0.27,1.1,0.88,0.36,0.88,0.42
5.481999999999995,33.78378378378364,4.305675675675673,33.72891891891879,-0.17,-9.207837837837783,26.735135135135092,0.8257567567568187,-1.363540540540351,29.82705405405384,-42.36127027027011,18.224864864864816,-8.510378378378391,92.93610810810812,-38.19545945945935,100.48318918918915,2.2,1.99,0.04,1.99,0.46,0.5,0.13,0.01,0.13,0.38,0.8,0.74,0.2,0.74,0.11,0.8,0.49,0.04,0.49,0.59,1.7,1.23,0.42,1.23,1.21,1.5,1.18,0.33,1.18,0.89,2.2,2.17,0.09,2.17,0.03,1.9,1.91,0.19,1.91,0.06,1.2,0.89,0.08,0.89,0.38,1.8,1.75,0.54,1.75,0.09,1.4,1.31,0.22,1.31,0.27,1.1,0.88,0.36,0.88,0.42
5.531999999999995,35.17142857142842,4.331714285714284,35.019428571428435,-0.18171428571428425,-9.74857142857137,26.9,0.15928571428578753,-2.9672857142855724,30.775885714285675,-42.366400000000084,18.544199999999982,-8.40634285714287,92.96802857142856,-39.336542857142746,100.95197142857138,2.2,1.99,0.04,1.99,0.46,0.5,0.13,0.01,0.13,0.38,0.8,0.74,0.2,0.74,0.11,0.8,0.49,0.04,0.49,0.59,1.7,1.23,0.42,1.23,1.21,1.5,1.18,0.33,1.18,0.89,2.2,2.17,0.09,2.17,0.03,1.9,1.91,0.19,1.91,0.06,1.2,0.89,0.08,0.89,0.38,1.8,1.75,0.54,1.75,0.09,1.4,1.31,0.22,1.31,0.27,1.1,0.88,0.36,0.88,0.42
5.5819999999999945,36.58333333333317,4.345833333333331,36.32666666666652,-0.2016666666666635,-10.307499999999939,26.783333333333363,-0.534999999999924,-4.194499999999885,31.12799999999996,-41.541416666666755,18.61133333333334,-8.216000000000028,93.02066666666666,-40.336083333333235,101.39683333333329,2.2,1.99,0.04,1.99,0.46,0.5,0.13,0.01,0.13,0.38,0.8,0.74,0.2,0.74,0.11,0.8,0.49,0.04,0.49,0.59,1.7,1.23,0.42,1.23,1.21,1.5,1.18,0.33,1.18,0.89,2.2,2.17,0.09,2.17,0.03,1.9,1.91,0.19,1.91,0.06,1.2,0.89,0.08,0.89,0.38,1.8,1.75,0.54,1.75,0.09,1.4,1.31,0.22,1.31,0.27,1.1,0.88,0.36,0.88,0.42
5.631999999999994,37.972222222222065,4.35,37.604444444444304,-0.21972222222222065,-10.868611111111047,26.311111111111174,-1.0859722222221655,-4.884916666666603,32.424805555555366,-39.544055555555836,18.394666666666698,-7.976694444444472,92.97080555555556,-41.20247222222212,101.69961111111108,2.2,1.99,0.04,1.99,0.46,0.5,0.13,0.01,0.13,0.38,0.8,0.74,0.2,0.74,0.11,0.8,0.49,0.04,0.49,0.59,1.7,1.23,0.42,1.23,1.21,1.5,1.18,0.33,1.18,0.89,2.2,2.17,0.09,2.17,0.03,1.9,1.91,0.19,1.91,0.06,1.2,0.89,0.08,0.89,0.38,1.8,1.75,0.54,1.75,0.09,1.4,1.31,0.22,1.31,0.27,1.1,0.88,0.36,0.88,0.42
5.681999999999994,39.38888888888873,4.346111111111113,38.90388888888874,-0.23777777777777456,-11.449444444444378,25.84444444444451,-1.4456111111110852,-5.2909999999999595,32.6089444444445,-38.43633333333338,18.071222222222264,-7.796388888888901,92.90833333333335,-41.91072222222215,101.93299999999998,2.2,1.99,0.04,1.99,0.46,0.5,0.13,0.01,0.13,0.38,0.8,0.74,0.2,0.74,0.11,0.8,0.49,0.04,0.49,0.59,1.7,1.23,0.42,1.23,1.21,1.5,1.18,0.33,1.18,0.89,2.2,2.17,0.09,2.17,0.03,1.9,1.91,0.19,1.91,0.06,1.2,0.89,0.08,0.89,0.38,1.8,1.75,0.54,1.75,0.09,1.4,1.31,0.22,1.31,0.27,1.1,0.88,0.36,0.88,0.42
5.731999999999994,40.799999999999834,4.324000000000003,40.187999999999846,-0.25799999999999834,-12.035999999999929,25.520000000000017,-1.3264000000000455,-5.776199999999931,33.26859999999982,-37.3138000000002,17.561600000000073,-7.996199999999949,92.8748,-42.781999999999876,102.26479999999995,2.120000000000017,1.918000000000015,0.15199999999997654,1.918000000000015,0.38000000000001677,0.5,0.13799999999999835,0.002000000000001676,0.13799999999999835,0.38,0.8,0.69200000000001,0.20799999999999833,0.69200000000001,0.13399999999999498,0.8,0.5059999999999967,0.06399999999999498,0.5059999999999967,0.6059999999999967,1.7,1.2619999999999933,0.396000000000005,1.2619999999999933,1.1700000000000084,1.5,1.1000000000000167,0.2980000000000067,1.1000000000000167,0.8500000000000083,2.120000000000017,2.1460000000000052,0.0580000000000067,2.1460000000000052,0.06999999999999162,1.9799999999999833,1.9819999999999849,0.24599999999998828,1.9819999999999849,0.0280000000000067,1.2,0.9779999999999816,0.02400000000001172,0.9779999999999816,0.34800000000000675,1.6400000000000337,1.5580000000000402,0.3400000000000418,1.5580000000000402,0.16199999999998493,1.4799999999999833,1.3899999999999832,0.1560000000000134,1.3899999999999832,0.2620000000000017,1.1,0.8480000000000066,0.3200000000000084,0.8480000000000066,0.4839999999999866
5.781999999999994,42.22857142857125,4.293142857142862,41.47799999999984,-0.274571428571425,-12.635999999999925,25.522857142857124,-0.85537142857149,-6.367142857142787,33.901771428571365,-36.82540000000003,17.022542857142906,-8.52325714285707,92.82837142857143,-43.54139999999991,102.54134285714282,2.1,1.9,0.18,1.9,0.36,0.5,0.14,0.0,0.14,0.38,0.8,0.68,0.21,0.68,0.14,0.8,0.51,0.07,0.51,0.61,1.7,1.27,0.39,1.27,1.16,1.5,1.08,0.29,1.08,0.84,2.1,2.14,0.05,2.14,0.08,2.0,2.0,0.26,2.0,0.02,1.2,1.0,0.01,1.0,0.34,1.6,1.51,0.29,1.51,0.18,1.5,1.41,0.14,1.41,0.26,1.1,0.84,0.31,0.84,0.5
5.831999999999994,43.65714285714267,4.25028571428572,42.7714285714284,-0.29657142857142665,-13.249142857142774,25.7971428571428,-0.3954857142857703,-6.874342857142798,34.89254285714265,-36.12780000000017,16.753085714285728,-9.117942857142776,92.80994285714286,-44.481828571428416,102.92954285714279,2.1,1.9,0.18,1.9,0.36,0.5,0.14,0.0,0.14,0.38,0.8,0.68,0.21,0.68,0.14,0.8,0.51,0.07,0.51,0.61,1.7,1.27,0.39,1.27,1.16,1.5,1.08,0.29,1.08,0.84,2.1,2.14,0.05,2.14,0.08,2.0,2.0,0.26,2.0,0.02,1.2,1.0,0.01,1.0,0.34,1.6,1.51,0.29,1.51,0.18,1.5,1.41,0.14,1.41,0.26,1.1,0.84,0.31,0.84,0.5
5.8819999999999935,45.08823529411747,4.186470588235302,44.04941176470572,-0.31176470588234934,-13.868823529411685,26.3,-0.2991764705881918,-6.998941176470614,34.91326470588234,-35.19355882352955,16.992705882352883,-9.330264705882371,92.82138235294117,-45.23917647058816,103.26991176470584,2.1,1.9,0.18,1.9,0.36,0.5,0.14,0.0,0.14,0.38,0.8,0.68,0.21,0.68,0.14,0.8,0.51,0.07,0.51,0.61,1.7,1.27,0.39,1.27,1.16,1.5,1.08,0.29,1.08,0.84,2.1,2.14,0.05,2.14,0.08,2.0,2.0,0.26,2.0,0.02,1.2,1.0,0.01,1.0,0.34,1.6,1.51,0.29,1.51,0.18,1.5,1.41,0.14,1.41,0.26,1.1,0.84,0.31,0.84,0.5
5.931999999999993,46.54285714285694,4.117428571428584,45.35314285714268,-0.3354285714285694,-14.508857142857055,26.191428571428613,-0.8084285714284636,-6.682685714285782,35.45022857142839,-33.91094285714308,17.467371428571358,-9.097771428571482,92.87585714285713,-45.85945714285705,103.59179999999995,2.1,1.9,0.18,1.9,0.36,0.5,0.14,0.0,0.14,0.38,0.8,0.68,0.21,0.68,0.14,0.8,0.51,0.07,0.51,0.61,1.7,1.27,0.39,1.27,1.16,1.5,1.08,0.29,1.08,0.84,2.1,2.14,0.05,2.14,0.08,2.0,2.0,0.26,2.0,0.02,1.2,1.0,0.01,1.0,0.34,1.6,1.51,0.29,1.51,0.18,1.5,1.41,0.14,1.41,0.26,1.1,0.84,0.31,0.84,0.5
5.981999999999993,47.97142857142838,4.041428571428581,46.63428571428554,-0.3497142857142838,-15.147142857142773,26.391428571428513,-1.5882571428570396,-5.969485714285823,36.79977142857125,-33.56831428571426,17.972799999999932,-8.634114285714352,92.80288571428574,-46.58282857142847,103.85174285714282,2.0028571428571618,1.8805714285714321,0.2771428571428384,1.8805714285714321,0.14628571428575562,0.5,0.13028571428571617,0.0,0.13028571428571617,0.37028571428571616,0.8,0.6120000000000131,0.2391428571428515,0.6120000000000131,0.16914285714285152,0.8,0.4808571428571485,0.021428571428580824,0.4808571428571485,0.5905714285714323,1.6028571428571616,1.2602857142857162,0.45799999999998686,1.2602857142857162,1.0142857142857424,1.6942857142856766,1.0508571428571485,0.464857142857109,1.0508571428571485,0.8788571428571353,2.1,2.0622857142857294,0.030571428571432326,2.0622857142857294,0.08971428571428383,2.0,2.0194285714285676,0.26,2.0194285714285676,0.058857142857135336,1.2971428571428385,1.0777142857142707,0.029428571428567668,1.0777142857142707,0.3691428571428515,1.6,1.4808571428571484,0.25114285714286466,1.4808571428571484,0.2674285714285546,1.5,1.4294285714285677,0.10114285714286467,1.4294285714285677,0.26971428571428385,1.1971428571428384,0.8497142857142839,0.24200000000001315,0.8497142857142839,0.5582857142857031
6.031999999999993,49.3999999999998,3.97000000000001,47.92999999999982,-0.38799999999999607,-15.803999999999908,26.46000000000002,-2.4241999999998805,-5.228200000000092,37.74699999999989,-33.410000000000046,18.1544,-8.34420000000002,92.60620000000003,-47.35159999999989,104.02939999999997,2.0,1.88,0.28,1.88,0.14,0.5,0.13,0.0,0.13,0.37,0.8,0.61,0.24,0.61,0.17,0.8,0.48,0.02,0.48,0.59,1.6,1.26,0.46,1.26,1.01,1.7,1.05,0.47,1.05,0.88,2.1,2.06,0.03,2.06,0.09,2.0,2.02,0.26,2.02,0.06,1.3,1.08,0.03,1.08,0.37,1.6,1.48,0.25,1.48,0.27,1.5,1.43,0.1,1.43,0.27,1.2,0.85,0.24,0.85,0.56
6.081999999999993,50.82857142857122,3.8902857142857266,49.21571428571409,-0.4165714285714244,-16.469428571428473,26.565714285714243,-3.291428571428444,-4.819257142857176,38.48851428571418,-33.8079714285713,18.169285714285714,-8.45202857142853,92.67034285714283,-48.227028571428434,104.48468571428562,2.0,1.88,0.28,1.88,0.14,0.5,0.13,0.0,0.13,0.37,0.8,0.61,0.24,0.61,0.17,0.8,0.48,0.02,0.48,0.59,1.6,1.26,0.46,1.26,1.01,1.7,1.05,0.47,1.05,0.88,2.1,2.06,0.03,2.06,0.09,2.0,2.02,0.26,2.02,0.06,1.3,1.08,0.03,1.08,0.37,1.6,1.48,0.25,1.48,0.27,1.5,1.43,0.1,1.43,0.27,1.2,0.85,0.24,0.85,0.56
6.131999999999993,52.25714285714264,3.8045714285714416,50.49885714285695,-0.4351428571428527,-17.143428571428466,26.825714285714263,-3.6779428571428436,-4.886999999999961,38.13591428571437,-34.713742857142734,17.870457142857212,-9.012599999999889,92.71425714285715,-49.09654285714274,104.92468571428566,2.0,1.88,0.28,1.88,0.14,0.5,0.13,0.0,0.13,0.37,0.8,0.61,0.24,0.61,0.17,0.8,0.48,0.02,0.48,0.59,1.6,1.26,0.46,1.26,1.01,1.7,1.05,0.47,1.05,0.88,2.1,2.06,0.03,2.06,0.09,2.0,2.02,0.26,2.02,0.06,1.3,1.08,0.03,1.08,0.37,1.6,1.48,0.25,1.48,0.27,1.5,1.43,0.1,1.43,0.27,1.2,0.85,0.24,0.85,0.56
6.181999999999992,53.70588235294095,3.7176470588235433,51.795294117646854,-0.45705882352940946,-17.838823529411655,27.111764705882283,-3.659058823529433,-5.2089999999999375,38.249705882352806,-35.306882352941116,17.404000000000075,-9.792882352941044,92.68476470588236,-49.86358823529401,105.26305882352936,2.0,1.88,0.28,1.88,0.14,0.5,0.13,0.0,0.13,0.37,0.8,0.61,0.24,0.61,0.17,0.8,0.48,0.02,0.48,0.59,1.6,1.26,0.46,1.26,1.01,1.7,1.05,0.47,1.05,0.88,2.1,2.06,0.03,2.06,0.09,2.0,2.02,0.26,2.02,0.06,1.3,1.08,0.03,1.08,0.37,1.6,1.48,0.25,1.48,0.27,1.5,1.43,0.1,1.43,0.27,1.2,0.85,0.24,0.85,0.56
6.231999999999992,55.14285714285691,3.621428571428585,53.075714285714085,-0.48285714285713827,-18.529999999999887,27.657142857142766,-3.527571428571431,-5.582714285714235,38.681285714285664,-35.129857142857155,17.168428571428567,-10.560571428571313,92.70414285714284,-50.73371428571415,105.69671428571422,2.0,1.88,0.29,1.88,0.03,0.5,0.15,0.0,0.15,0.37,0.7,0.63,0.25,0.63,0.09,0.8,0.48,0.01,0.48,0.58,1.6,1.26,0.46,1.26,1.01,1.7,0.85,0.4,0.85,0.78,2.0,1.98,0.1,1.98,0.12,2.0,2.01,0.24,2.01,0.14,1.4,1.2,0.15,1.2,0.45,1.7,1.6,0.32,1.6,0.2,1.6,1.51,0.0,1.51,0.31,1.2,0.92,0.18,0.92,0.6
6.281999999999992,56.58823529411741,3.528823529411781,54.3535294117645,-0.5117647058823482,-19.238235294117533,28.294117647058705,-3.6119411764705514,-5.865352941176433,39.01452941176464,-35.35511764705871,17.315352941176418,-11.28717647058812,92.80876470588233,-51.488352941176366,106.15464705882346,2.0,1.88,0.29,1.88,0.03,0.5,0.15,0.0,0.15,0.37,0.7,0.63,0.25,0.63,0.09,0.8,0.48,0.01,0.48,0.58,1.6,1.26,0.46,1.26,1.01,1.7,0.85,0.4,0.85,0.78,2.0,1.98,0.1,1.98,0.12,2.0,2.01,0.24,2.01,0.14,1.4,1.2,0.15,1.2,0.45,1.7,1.6,0.32,1.6,0.2,1.6,1.51,0.0,1.51,0.31,1.2,0.92,0.18,0.92,0.6
6.331999999999992,58.05882352941153,3.4358823529411935,55.66176470588214,-0.5411764705882305,-19.968823529411647,29.441176470588065,-3.8376470588235145,-5.824705882353008,39.40664705882353,-35.04405882352947,17.636823529411746,-12.042764705882247,92.90488235294117,-52.39976470588222,106.68264705882345,2.0,1.88,0.29,1.88,0.03,0.5,0.15,0.0,0.15,0.37,0.7,0.63,0.25,0.63,0.09,0.8,0.48,0.01,0.48,0.58,1.6,1.26,0.46,1.26,1.01,1.7,0.85,0.4,0.85,0.78,2.0,1.98,0.1,1.98,0.12,2.0,2.01,0.24,2.01,0.14,1.4,1.2,0.15,1.2,0.45,1.7,1.6,0.32,1.6,0.2,1.6,1.51,0.0,1.51,0.31,1.2,0.92,0.18,0.92,0.6
6.381999999999992,59.52941176470564,3.3382352941176614,56.95588235294097,-0.5705882352941128,-20.69470588235282,30.258823529411693,-3.8684705882353065,-5.3135882352942305,39.21729411764714,-34.91682352941172,17.666882352941197,-12.630235294117568,92.9795882352941,-53.109294117646975,107.09905882352935,2.0,1.88,0.29,1.88,0.03,0.5,0.15,0.0,0.15,0.37,0.7,0.63,0.25,0.63,0.09,0.8,0.48,0.01,0.48,0.58,1.6,1.26,0.46,1.26,1.01,1.7,0.85,0.4,0.85,0.78,2.0,1.98,0.1,1.98,0.12,2.0,2.01,0.24,2.01,0.14,1.4,1.2,0.15,1.2,0.45,1.7,1.6,0.32,1.6,0.2,1.6,1.51,0.0,1.51,0.31,1.2,0.92,0.18,0.92,0.6
6.4319999999999915,60.99999999999974,3.2400000000000184,58.24999999999977,-0.5999999999999948,-21.43999999999987,30.499999999999975,-3.7920000000000136,-4.525000000000148,38.70500000000009,-34.982000000000006,17.536000000000026,-12.854999999999983,92.96400000000001,-53.577999999999925,107.31499999999997,2.0,1.88,0.29,1.88,0.03,0.5,0.15,0.0,0.15,0.37,0.7,0.63,0.25,0.63,0.09,0.8,0.48,0.01,0.48,0.58,1.6,1.26,0.46,1.26,1.01,1.7,0.85,0.4,0.85,0.78,2.0,1.98,0.1,1.98,0.12,2.0,2.01,0.24,2.01,0.14,1.4,1.2,0.15,1.2,0.45,1.7,1.6,0.32,1.6,0.2,1.6,1.51,0.0,1.51,0.31,1.2,0.92,0.18,0.92,0.6
6.481999999999991,62.47058823529386,3.1564705882353072,59.5441176470586,-0.6247058823529386,-22.17529411764693,30.30588235294123,-3.714529411764719,-3.73047058823543,38.19564705882362,-36.73411764705836,17.40611764705885,-12.63070588235301,93.11388235294113,-54.115294117646954,107.71170588235285,2.0,1.89,0.3,1.89,0.06,0.5,0.14,0.0,0.14,0.36,0.7,0.69,0.22,0.69,0.02,0.8,0.48,0.0,0.48,0.58,2.0,1.9,0.01,1.9,0.75,1.5,0.85,0.23,0.85,0.91,1.9,1.89,0.15,1.89,0.23,2.0,1.96,0.18,1.96,0.21,1.5,1.37,0.24,1.37,0.42,1.8,1.71,0.35,1.71,0.18,1.6,1.51,0.01,1.51,0.26,1.2,0.98,0.13,0.98,0.65
6.531999999999991,63.94117647058798,3.0641176470588416,60.828823529411544,-0.6488235294117596,-22.92941176470575,29.82352941176481,-3.639000000000013,-2.9117647058824994,37.68735294117656,-37.790882352941146,17.276176470588258,-12.111764705882456,93.30199999999998,-54.72223529411754,108.18217647058816,2.0,1.89,0.3,1.89,0.06,0.5,0.14,0.0,0.14,0.36,0.7,0.69,0.22,0.69,0.02,0.8,0.48,0.0,0.48,0.58,2.0,1.9,0.01,1.9,0.75,1.5,0.85,0.23,0.85,0.91,1.9,1.89,0.15,1.89,0.23,2.0,1.96,0.18,1.96,0.21,1.5,1.37,0.24,1.37,0.42,1.8,1.71,0.35,1.71,0.18,1.6,1.51,0.01,1.51,0.26,1.2,0.98,0.13,0.98,0.65
6.581999999999991,65.44117647058796,2.9779411764706016,62.13382352941153,-0.6744117647058797,-23.69499999999986,29.079411764706016,-3.5610588235294256,-1.9896176470589926,37.171676470588324,-38.85120588235268,17.14417647058826,-11.34529411764721,93.19508823529416,-55.11729411764701,108.29458823529413,2.0,1.89,0.3,1.89,0.06,0.5,0.14,0.0,0.14,0.36,0.7,0.69,0.22,0.69,0.02,0.8,0.48,0.0,0.48,0.58,2.0,1.9,0.01,1.9,0.75,1.5,0.85,0.23,0.85,0.91,1.9,1.89,0.15,1.89,0.23,2.0,1.96,0.18,1.96,0.21,1.5,1.37,0.24,1.37,0.42,1.8,1.71,0.35,1.71,0.18,1.6,1.51,0.01,1.51,0.26,1.2,0.98,0.13,0.98,0.65
6.631999999999991,66.93939393939365,2.9030303030303175,63.44666666666641,-0.7081818181818095,-24.4684848484847,28.330303030303174,-3.48315151515153,-1.2650000000001145,36.65684848484859,-39.50269696969694,17.01233333333336,-10.575272727272866,92.94993939393945,-55.477333333333256,108.2709393939394,2.0,1.89,0.3,1.89,0.06,0.5,0.14,0.0,0.14,0.36,0.7,0.69,0.22,0.69,0.02,0.8,0.48,0.0,0.48,0.58,2.0,1.9,0.01,1.9,0.75,1.5,0.85,0.23,0.85,0.91,1.9,1.89,0.15,1.89,0.23,2.0,1.96,0.18,1.96,0.21,1.5,1.37,0.24,1.37,0.42,1.8,1.71,0.35,1.71,0.18,1.6,1.51,0.01,1.51,0.26,1.2,0.98,0.13,0.98,0.65
6.681999999999991,68.42424242424214,2.8187878787878926,64.73484848484824,-0.7384848484848429,-25.230606060605915,27.587878787878928,-3.4069393939394086,-1.0646666666666635,36.14606060606071,-40.745060606060285,16.881666666666693,-9.862363636363773,92.80115151515153,-55.92963636363627,108.38166666666663,2.0,1.89,0.3,1.89,0.06,0.5,0.14,0.0,0.14,0.36,0.7,0.69,0.22,0.69,0.02,0.8,0.48,0.0,0.48,0.58,2.0,1.9,0.01,1.9,0.75,1.5,0.85,0.23,0.85,0.91,1.9,1.89,0.15,1.89,0.23,2.0,1.96,0.18,1.96,0.21,1.5,1.37,0.24,1.37,0.42,1.8,1.71,0.35,1.71,0.18,1.6,1.51,0.01,1.51,0.26,1.2,0.98,0.13,0.98,0.65
6.73199999999999,69.91176470588206,2.744411764705897,66.02323529411738,-0.7773529411764619,-26.013235294117493,26.84411764705897,-3.330500000000015,-1.371882352941081,35.63617647058834,-40.95341176470602,16.75076470588238,-9.13558823529426,92.6799411764706,-56.31614705882346,108.47873529411764,2.0,1.9082352941176413,0.27264705882353807,1.9082352941176413,0.05088235294117936,0.5,0.14,0.0,0.14,0.36,0.7911764705882065,0.7447058823529238,0.16529411764707616,0.7447058823529238,0.06558823529410321,0.8,0.5073529411764619,0.0,0.5073529411764619,0.5617647058823587,1.8176470588235873,1.6629411764706632,0.21970588235287472,1.6629411764706632,0.7226470588235381,1.4088235294117935,0.85,0.08411764705886976,0.85,0.9373529411764618,1.9,1.9082352941176413,0.13176470588235872,1.9082352941176413,0.2573529411764619,1.9088235294117935,1.8870588235294348,0.09794117647061423,1.8870588235294348,0.24647058823528256,1.5911764705882065,1.5158823529411303,0.33117647058820643,1.5158823529411303,0.3561764705882555,1.8,1.810294117647027,0.3773529411764619,1.810294117647027,0.1982352941176413,1.6911764705882064,1.5282352941176414,0.06470588235292385,1.5282352941176414,0.11411764705886976,1.2911764705882065,1.0255882352941033,0.02058823529415231,1.0255882352941033,0.7320588235293858
6.78199999999999,71.41176470588208,2.669411764705896,67.31411764705858,-0.8082352941176415,-26.7982352941175,26.235294117647168,-3.252588235294132,-2.358705882352707,35.122352941176565,-42.4647647058819,16.61976470588238,-8.55611764705891,92.50852941176473,-57.053999999999824,108.72347058823523,2.0,1.91,0.27,1.91,0.05,0.5,0.14,0.0,0.14,0.36,0.8,0.75,0.16,0.75,0.07,0.8,0.51,0.0,0.51,0.56,1.8,1.64,0.24,1.64,0.72,1.4,0.85,0.07,0.85,0.94,1.9,1.91,0.13,1.91,0.26,1.9,1.88,0.09,1.88,0.25,1.6,1.53,0.34,1.53,0.35,1.8,1.82,0.38,1.82,0.2,1.7,1.53,0.07,1.53,0.1,1.3,1.03,0.01,1.03,0.74
6.83199999999999,72.90909090909061,2.540000000000033,68.5836363636361,-0.8472727272727183,-27.637272727272556,25.181818181818453,-3.174727272727288,-3.793090909090601,34.60545454545465,-41.97936363636412,16.487090909090934,-8.38745454545454,92.68954545454537,-57.915818181818025,109.3324545454544,2.0,1.91,0.27,1.91,0.05,0.5,0.14,0.0,0.14,0.36,0.8,0.75,0.16,0.75,0.07,0.8,0.51,0.0,0.51,0.56,1.8,1.64,0.24,1.64,0.72,1.4,0.85,0.07,0.85,0.94,1.9,1.91,0.13,1.91,0.26,1.9,1.88,0.09,1.88,0.25,1.6,1.53,0.34,1.53,0.35,1.8,1.82,0.38,1.82,0.2,1.7,1.53,0.07,1.53,0.1,1.3,1.03,0.01,1.03,0.74
6.88199999999999,74.39393939393909,2.4403030303030455,69.83878787878761,-0.8818181818181727,-28.45272727272711,25.11818181818173,-3.9089999999997698,-5.254848484848197,34.97327272727256,-40.30772727272756,16.583636363636323,-8.618242424242355,92.8641515151515,-58.507999999999896,109.79312121212115,2.0,1.91,0.27,1.91,0.05,0.5,0.14,0.0,0.14,0.36,0.8,0.75,0.16,0.75,0.07,0.8,0.51,0.0,0.51,0.56,1.8,1.64,0.24,1.64,0.72,1.4,0.85,0.07,0.85,0.94,1.9,1.91,0.13,1.91,0.26,1.9,1.88,0.09,1.88,0.25,1.6,1.53,0.34,1.53,0.35,1.8,1.82,0.38,1.82,0.2,1.7,1.53,0.07,1.53,0.1,1.3,1.03,0.01,1.03,0.74
6.93199999999999,75.90909090909061,2.3645454545454694,71.13272727272701,-0.9181818181818122,-29.27090909090893,25.3,-4.913545454545274,-6.522727272727043,35.87509090909072,-37.971363636364224,16.5245454545455,-8.93309090909085,92.91627272727271,-59.056181818181706,110.13009090909084,2.0,1.91,0.27,1.91,0.05,0.5,0.14,0.0,0.14,0.36,0.8,0.75,0.16,0.75,0.07,0.8,0.51,0.0,0.51,0.56,1.8,1.64,0.24,1.64,0.72,1.4,0.85,0.07,0.85,0.94,1.9,1.91,0.13,1.91,0.26,1.9,1.88,0.09,1.88,0.25,1.6,1.53,0.34,1.53,0.35,1.8,1.82,0.38,1.82,0.2,1.7,1.53,0.07,1.53,0.1,1.3,1.03,0.01,1.03,0.74
6.9819999999999895,77.42424242424211,2.2887878787878946,72.42060606060579,-0.9627272727272631,-30.093333333333156,25.072727272727366,-5.943212121211894,-7.297696969696853,35.93409090909099,-36.61721212121224,16.292818181818234,-8.903878787878831,93.06515151515147,-59.50663636363628,110.50163636363628,2.0,1.91,0.27,1.91,0.05,0.5,0.14,0.0,0.14,0.36,0.8,0.75,0.16,0.75,0.07,0.8,0.51,0.0,0.51,0.56,1.8,1.64,0.24,1.64,0.72,1.4,0.85,0.07,0.85,0.94,1.9,1.91,0.13,1.91,0.26,1.9,1.88,0.09,1.88,0.25,1.6,1.53,0.34,1.53,0.35,1.8,1.82,0.38,1.82,0.2,1.7,1.53,0.07,1.53,0.1,1.3,1.03,0.01,1.03,0.74
7.031999999999989,78.96874999999966,2.2212500000000137,73.73343749999971,-1.0090624999999898,-30.94281249999981,24.609375000000103,-6.704624999999875,-7.474125000000012,36.09512499999989,-34.97493750000051,16.029593750000064,-8.552781250000097,93.15646874999999,-59.82921874999994,110.75543749999996,2.0,1.91,0.27,1.91,0.05,0.5,0.14,0.0,0.14,0.36,0.8,0.75,0.16,0.75,0.07,0.8,0.51,0.0,0.51,0.56,1.8,1.64,0.24,1.64,0.72,1.4,0.85,0.07,0.85,0.94,1.9,1.91,0.13,1.91,0.26,1.9,1.88,0.09,1.88,0.25,1.6,1.53,0.34,1.53,0.35,1.8,1.82,0.38,1.82,0.2,1.7,1.53,0.07,1.53,0.1,1.3,1.03,0.01,1.03,0.74
7.081999999999989,80.49999999999967,2.1600000000000135,75.02499999999972,-1.0599999999999867,-31.78499999999982,24.1500000000001,-7.260499999999879,-7.418000000000012,36.578999999999894,-32.72450000000049,15.756000000000059,-8.121500000000093,93.1835,-60.11099999999994,110.92999999999996,2.0,1.91,0.27,1.91,0.05,0.5,0.14,0.0,0.14,0.36,0.8,0.75,0.16,0.75,0.07,0.8,0.51,0.0,0.51,0.56,1.8,1.64,0.24,1.64,0.72,1.4,0.85,0.07,0.85,0.94,1.9,1.91,0.13,1.91,0.26,1.9,1.88,0.09,1.88,0.25,1.6,1.53,0.34,1.53,0.35,1.8,1.82,0.38,1.82,0.2,1.7,1.53,0.07,1.53,0.1,1.3,1.03,0.01,1.03,0.74
7.131999999999989,82.03030303030269,2.109090909090919,76.32545454545426,-1.100606060606054,-32.61666666666648,23.39090909090919,-7.8113333333332955,-7.189181818181884,37.05551515151517,-32.10715151515147,15.483272727272759,-7.905545454545448,93.36621212121207,-60.862484848484726,111.49215151515142,2.0,1.91,0.27,1.91,0.05,0.5,0.14,0.0,0.14,0.36,0.8,0.75,0.16,0.75,0.07,0.8,0.51,0.0,0.51,0.56,1.8,1.64,0.24,1.64,0.72,1.4,0.85,0.07,0.85,0.94,1.9,1.91,0.13,1.91,0.26,1.9,1.88,0.09,1.88,0.25,1.6,1.53,0.34,1.53,0.35,1.8,1.82,0.38,1.82,0.2,1.7,1.53,0.07,1.53,0.1,1.3,1.03,0.01,1.03,0.74
7.181999999999989,83.56249999999966,2.0687500000000068,77.61812499999971,-1.1368749999999899,-33.45937499999982,23.156249999999964,-7.8116875000000645,-6.9051250000000595,36.739687500000166,-32.31537499999995,15.403312499999997,-7.991624999999958,93.55668749999997,-61.18956250000001,111.82268749999997,2.0,1.91,0.27,1.91,0.05,0.5,0.14,0.0,0.14,0.36,0.8,0.75,0.16,0.75,0.07,0.8,0.51,0.0,0.51,0.56,1.8,1.64,0.24,1.64,0.72,1.4,0.85,0.07,0.85,0.94,1.9,1.91,0.13,1.91,0.26,1.9,1.88,0.09,1.88,0.25,1.6,1.53,0.34,1.53,0.35,1.8,1.82,0.38,1.82,0.2,1.7,1.53,0.07,1.53,0.1,1.3,1.03,0.01,1.03,0.74
7.231999999999989,85.09374999999964,2.0390625000000036,78.90968749999969,-1.1728124999999892,-34.301562499999804,23.41874999999993,-7.523375000000067,-6.764406249999994,36.01256250000017,-34.31662499999944,15.424312499999996,-8.256374999999942,93.60868750000002,-61.32868749999996,111.93715624999999,2.1,2.0,0.13,2.0,0.07,0.5,0.17,0.04,0.17,0.4,0.9,0.83,0.01,0.83,0.24,0.8,0.51,0.0,0.51,0.57,1.7,1.39,0.26,1.39,0.95,1.3,0.98,0.05,0.98,0.79,2.0,1.98,0.07,1.98,0.13,1.8,1.81,0.02,1.81,0.25,1.7,1.7,0.41,1.7,0.13,1.7,1.64,0.11,1.64,0.03,1.7,1.68,0.14,1.68,0.03,1.3,0.97,0.01,0.97,0.76
7.2819999999999885,86.65624999999963,2.016875000000007,80.23124999999969,-1.2131249999999927,-35.1609374999998,23.665624999999963,-7.229625000000069,-6.86856249999995,35.27128125000017,-36.33709374999967,15.446187499999995,-8.469312499999964,93.47906250000005,-61.46809374999998,111.90353125000003,2.1,2.0,0.13,2.0,0.07,0.5,0.17,0.04,0.17,0.4,0.9,0.83,0.01,0.83,0.24,0.8,0.51,0.0,0.51,0.57,1.7,1.39,0.26,1.39,0.95,1.3,0.98,0.05,0.98,0.79,2.0,1.98,0.07,1.98,0.13,1.8,1.81,0.02,1.81,0.25,1.7,1.7,0.41,1.7,0.13,1.7,1.64,0.11,1.64,0.03,1.7,1.68,0.14,1.68,0.03,1.3,0.97,0.01,0.97,0.76
7.331999999999988,88.18749999999964,1.976250000000007,81.5056249999997,-1.2556249999999893,-36.0268749999998,23.8,-6.950125000000049,-7.418749999999823,34.59650000000006,-38.44456249999953,15.472124999999986,-8.530562500000004,93.60843749999994,-62.15774999999978,112.39943749999983,2.1,2.0,0.13,2.0,0.07,0.5,0.17,0.04,0.17,0.4,0.9,0.83,0.01,0.83,0.24,0.8,0.51,0.0,0.51,0.57,1.7,1.39,0.26,1.39,0.95,1.3,0.98,0.05,0.98,0.79,2.0,1.98,0.07,1.98,0.13,1.8,1.81,0.02,1.81,0.25,1.7,1.7,0.41,1.7,0.13,1.7,1.64,0.11,1.64,0.03,1.7,1.68,0.14,1.68,0.03,1.3,0.97,0.01,0.97,0.76
7.381999999999988,89.74999999999964,1.9525000000000037,82.80999999999969,-1.2949999999999928,-36.902499999999804,23.725000000000037,-6.835000000000001,-8.263749999999789,34.875249999999795,-39.84624999999985,15.579499999999964,-8.45850000000003,93.75699999999999,-63.008249999999826,113.0029999999999,2.1,2.0,0.13,2.0,0.07,0.5,0.17,0.04,0.17,0.4,0.9,0.83,0.01,0.83,0.24,0.8,0.51,0.0,0.51,0.57,1.7,1.39,0.26,1.39,0.95,1.3,0.98,0.05,0.98,0.79,2.0,1.98,0.07,1.98,0.13,1.8,1.81,0.02,1.81,0.25,1.7,1.7,0.41,1.7,0.13,1.7,1.64,0.11,1.64,0.03,1.7,1.68,0.14,1.68,0.03,1.3,0.97,0.01,0.97,0.76
7.431999999999988,91.31249999999963,1.94,84.11937499999969,-1.339374999999989,-37.77812499999979,23.568750000000037,-6.8297500000000015,-8.987562499999868,35.76549999999979,-39.35331250000025,15.738874999999963,-8.282625000000053,94.00331249999992,-63.83243749999982,113.67418749999985,2.1,2.0,0.13,2.0,0.07,0.5,0.17,0.04,0.17,0.4,0.9,0.83,0.01,0.83,0.24,0.8,0.51,0.0,0.51,0.57,1.7,1.39,0.26,1.39,0.95,1.3,0.98,0.05,0.98,0.79,2.0,1.98,0.07,1.98,0.13,1.8,1.81,0.02,1.81,0.25,1.7,1.7,0.41,1.7,0.13,1.7,1.64,0.11,1.64,0.03,1.7,1.68,0.14,1.68,0.03,1.3,0.97,0.01,0.97,0.76
7.481999999999988,92.87499999999963,1.9312500000000037,85.42499999999968,-1.3774999999999924,-38.65999999999979,23.5,-6.823500000000002,-9.25487499999999,36.650374999999784,-38.324500000000235,15.897374999999963,-7.971500000000091,94.112375,-64.17525,113.955875,2.1,1.93000000000003,0.13,1.93000000000003,0.061250000000003746,0.5,0.17,0.04,0.17,0.4,0.9,0.8562499999999887,0.036249999999988756,0.8562499999999887,0.2225000000000075,0.8,0.51,0.0,0.51,0.57,1.7,1.39,0.26,1.39,0.95,1.3,1.0587499999999663,0.05874999999999625,1.0587499999999663,0.6675000000000525,2.0,1.945000000000015,0.0874999999999925,1.945000000000015,0.05125000000003373,1.8,1.81,0.02,1.81,0.25,1.7,1.7,0.41,1.7,0.13,1.6125000000000376,1.5612500000000338,0.04000000000002997,1.5612500000000338,0.04749999999999251,1.7874999999999626,1.7324999999999775,0.16624999999998877,1.7324999999999775,0.03874999999999625,1.3,0.97,0.01,0.97,0.76
7.531999999999988,94.45161290322541,1.93,86.73483870967708,-1.423548387096762,-39.55741935483848,23.35483870967746,-6.90938709677416,-9.05070967741944,37.03241935483868,-37.90538709677422,16.02941935483868,-7.563419354838817,94.23425806451608,-64.46519354838698,114.2154193548386,2.1,1.92,0.13,1.92,0.06,0.5,0.17,0.04,0.17,0.4,0.9,0.86,0.04,0.86,0.22,0.8,0.51,0.0,0.51,0.57,1.7,1.39,0.26,1.39,0.95,1.3,1.07,0.06,1.07,0.65,2.0,1.94,0.09,1.94,0.04,1.8,1.81,0.02,1.81,0.25,1.7,1.7,0.41,1.7,0.13,1.6,1.55,0.03,1.55,0.05,1.8,1.74,0.17,1.74,0.04,1.3,0.97,0.01,0.97,0.76
7.581999999999987,96.03124999999959,1.94,88.04562499999966,-1.4706249999999919,-40.45781249999977,22.887500000000163,-7.2116874999999,-8.62487500000008,36.93690625000006,-38.4477499999998,16.008156250000024,-7.059437500000163,94.19553125,-64.62834374999994,114.26806249999998,2.1,1.92,0.13,1.92,0.06,0.5,0.17,0.04,0.17,0.4,0.9,0.86,0.04,0.86,0.22,0.8,0.51,0.0,0.51,0.57,1.7,1.39,0.26,1.39,0.95,1.3,1.07,0.06,1.07,0.65,2.0,1.94,0.09,1.94,0.04,1.8,1.81,0.02,1.81,0.25,1.7,1.7,0.41,1.7,0.13,1.6,1.55,0.03,1.55,0.05,1.8,1.74,0.17,1.74,0.04,1.3,0.97,0.01,0.97,0.76
7.631999999999987,97.61290322580604,1.9461290322580602,89.34870967741901,-1.508387096774181,-41.359354838709436,22.13225806451638,-7.6007741935482835,-8.400677419354862,36.729709677419415,-39.19709677419337,15.914838709677444,-6.380096774193747,94.24780645161286,-64.95116129032245,114.49748387096763,2.1,1.92,0.13,1.92,0.06,0.5,0.17,0.04,0.17,0.4,0.9,0.86,0.04,0.86,0.22,0.8,0.51,0.0,0.51,0.57,1.7,1.39,0.26,1.39,0.95,1.3,1.07,0.06,1.07,0.65,2.0,1.94,0.09,1.94,0.04,1.8,1.81,0.02,1.81,0.25,1.7,1.7,0.41,1.7,0.13,1.6,1.55,0.03,1.55,0.05,1.8,1.74,0.17,1.74,0.04,1.3,0.97,0.01,0.97,0.76
7.681999999999987,99.19354838709636,1.9619354838709635,90.65064516128997,-1.5558064516128907,-42.26032258064492,21.26451612903255,-7.976999999999922,-8.328612903225794,36.530000000000044,-39.81309677419349,15.81229032258069,-5.629935483871172,94.41774193548382,-65.44435483870953,114.92654838709664,2.1,1.92,0.13,1.92,0.06,0.5,0.17,0.04,0.17,0.4,0.9,0.86,0.04,0.86,0.22,0.8,0.51,0.0,0.51,0.57,1.7,1.39,0.26,1.39,0.95,1.3,1.07,0.06,1.07,0.65,2.0,1.94,0.09,1.94,0.04,1.8,1.81,0.02,1.81,0.25,1.7,1.7,0.41,1.7,0.13,1.6,1.55,0.03,1.55,0.05,1.8,1.74,0.17,1.74,0.04,1.3,0.97,0.01,0.97,0.76
7.731999999999987,100.80645161290279,1.97,91.98129032258029,-1.604193548387084,-43.187741935483615,20.135483870968045,-8.139096774193542,-8.567322580645046,36.464677419354835,-39.38567741935513,15.529225806451718,-4.813000000000229,94.56854838709673,-66.09919354838689,115.42816129032244,2.1,1.8796774193548604,0.14612903225805585,1.8796774193548604,0.10032258064513962,0.5806451612902792,0.1619354838709721,0.05612903225805585,0.1619354838709721,0.41612903225805586,0.9806451612902792,0.9406451612902792,0.12870967741930714,0.9406451612902792,0.19580645161291624,0.8,0.51,0.008064516129027923,0.51,0.5861290322580558,1.6193548387097207,1.2609677419355532,0.3245161290322234,1.2609677419355532,0.8935483870968045,1.2193548387097208,1.1103225806451398,0.0922580645161117,1.1103225806451398,0.5048387096774973,1.9193548387097208,1.8996774193548602,0.11419354838708376,1.8996774193548602,0.00774193548388831,1.8,1.7858064516129162,0.011935483870972078,1.7858064516129162,0.26612903225805584,1.7,1.6596774193548602,0.36967741935486037,1.6596774193548602,0.0977419354838883,1.5193548387097209,1.4612903225806928,0.05419354838708377,1.4612903225806928,0.12258064516125132,1.7193548387097208,1.74,0.17,1.74,0.04,1.3,0.9458064516129162,0.018064516129027923,0.9458064516129162,0.7519354838709721
7.781999999999987,102.41935483870925,1.97,93.29967741935448,-1.6425806451612774,-44.11322580645136,19.332258064516303,-8.058193548387132,-9.11241935483855,36.24493548387105,-37.62316129032314,15.16867741935493,-4.16435483870982,94.76161290322575,-66.66561290322568,115.90832258064505,2.1,1.87,0.15,1.87,0.11,0.6,0.16,0.06,0.16,0.42,1.0,0.96,0.15,0.96,0.19,0.8,0.51,0.01,0.51,0.59,1.6,1.23,0.34,1.23,0.88,1.2,1.12,0.1,1.12,0.47,1.9,1.89,0.12,1.89,0.0,1.8,1.78,0.01,1.78,0.27,1.7,1.65,0.36,1.65,0.09,1.5,1.44,0.06,1.44,0.14,1.7,1.74,0.17,1.74,0.04,1.3,0.94,0.02,0.94,0.75
7.8319999999999865,103.99999999999959,1.97,94.58999999999966,-1.6899999999999875,-45.01999999999977,18.60000000000021,-7.926000000000035,-9.699999999999845,35.91300000000008,-35.53400000000055,14.831000000000088,-3.8760000000000394,94.87999999999998,-66.95599999999995,116.17199999999995,2.1,1.87,0.15,1.87,0.11,0.6,0.16,0.06,0.16,0.42,1.0,0.96,0.15,0.96,0.19,0.8,0.51,0.01,0.51,0.59,1.6,1.23,0.34,1.23,0.88,1.2,1.12,0.1,1.12,0.47,1.9,1.89,0.12,1.89,0.0,1.8,1.78,0.01,1.78,0.27,1.7,1.65,0.36,1.65,0.09,1.5,1.44,0.06,1.44,0.14,1.7,1.74,0.17,1.74,0.04,1.3,0.94,0.02,0.94,0.75
7.881999999999986,105.63333333333287,1.97,95.92933333333296,-1.7389999999999863,-45.967333333333066,18.23666666666671,-7.788166666666705,-10.060933333333269,35.32043333333353,-34.12196666666695,14.83383333333328,-3.7803000000000178,94.97959999999996,-66.98620000000001,116.26653333333331,2.1,1.87,0.15,1.87,0.11,0.6,0.16,0.06,0.16,0.42,1.0,0.96,0.15,0.96,0.19,0.8,0.51,0.01,0.51,0.59,1.6,1.23,0.34,1.23,0.88,1.2,1.12,0.1,1.12,0.47,1.9,1.89,0.12,1.89,0.0,1.8,1.78,0.01,1.78,0.27,1.7,1.65,0.36,1.65,0.09,1.5,1.44,0.06,1.44,0.14,1.7,1.74,0.17,1.74,0.04,1.3,0.94,0.02,0.94,0.75
7.931999999999986,107.24999999999956,1.97,97.25249999999964,-1.7849999999999913,-46.90249999999975,18.324999999999957,-7.65475000000003,-10.041500000000049,34.65350000000011,-35.05499999999952,15.02649999999994,-3.601500000000056,95.03,-67.11199999999994,116.37799999999996,2.1,1.87,0.15,1.87,0.11,0.6,0.16,0.06,0.16,0.42,1.0,0.96,0.15,0.96,0.19,0.8,0.51,0.01,0.51,0.59,1.6,1.23,0.34,1.23,0.88,1.2,1.12,0.1,1.12,0.47,1.9,1.89,0.12,1.89,0.0,1.8,1.78,0.01,1.78,0.27,1.7,1.65,0.36,1.65,0.09,1.5,1.44,0.06,1.44,0.14,1.7,1.74,0.17,1.74,0.04,1.3,0.94,0.02,0.94,0.75
7.981999999999986,108.8387096774189,1.978387096774189,98.5477419354835,-1.825161290322567,-47.81645161290296,18.56774193548378,-7.598806451612905,-9.787064516129126,34.90729032258041,-36.34187096774168,15.314516129032157,-3.489387096774203,95.10622580645158,-67.39493548387087,116.6111612903225,2.18387096774189,1.895161290322567,0.06612903225811018,1.895161290322567,0.3448387096772915,0.6,0.13483870967743306,0.06838709677418899,0.13483870967743306,0.44516129032256696,1.1677419354837797,1.1277419354837797,0.2841935483870237,1.1277419354837797,0.16483870967743305,0.8,0.518387096774189,0.018387096774188982,0.518387096774189,0.6067741935483779,1.4322580645162204,1.1377419354839213,0.40709677419351187,1.1377419354839213,0.8380645161290551,1.4516129032256695,1.3296774193547247,0.11677419354837797,1.3296774193547247,0.5119354838709449,1.9,1.8312903225806771,0.14516129032256694,1.8312903225806771,0.008387096774188984,1.8,1.738064516129055,0.04354838709675594,1.738064516129055,0.3035483870967559,1.7,1.5996774193548662,0.31806451612905506,1.5996774193548662,0.12354838709675595,1.5,1.4651612903225668,0.07677419354837797,1.4651612903225668,0.12322580645162204,1.7,1.731612903225811,0.17,1.731612903225811,0.06516129032256696,1.2161290322581102,0.931612903225811,0.02,0.931612903225811,0.7080645161290551
8.031999999999986,110.48387096774148,1.98,99.89193548387061,-1.8645161290322445,-48.77064516129006,18.848387096774147,-7.605354838709673,-9.809935483870909,36.66516129032197,-36.75112903225803,15.546387096774149,-3.503612903225796,95.25045161290318,-68.01251612903205,117.08303225806436,2.2,1.9,0.05,1.9,0.39,0.6,0.13,0.07,0.13,0.45,1.2,1.16,0.31,1.16,0.16,0.8,0.52,0.02,0.52,0.61,1.4,1.12,0.42,1.12,0.83,1.5,1.37,0.12,1.37,0.52,1.9,1.82,0.15,1.82,0.01,1.8,1.73,0.05,1.73,0.31,1.7,1.59,0.31,1.59,0.13,1.5,1.47,0.08,1.47,0.12,1.7,1.73,0.17,1.73,0.07,1.2,0.93,0.02,0.93,0.7
8.081999999999987,112.09677419354793,1.97,101.19935483870931,-1.902903225806438,-49.7161290322578,19.009677419354794,-7.734161290322548,-10.015290322580588,35.538129032258624,-36.88822580645158,15.71687096774189,-3.5423225806451506,95.42732258064511,-68.65338709677408,117.5956129032257,2.2,1.9,0.05,1.9,0.39,0.6,0.13,0.07,0.13,0.45,1.2,1.16,0.31,1.16,0.16,0.8,0.52,0.02,0.52,0.61,1.4,1.12,0.42,1.12,0.83,1.5,1.37,0.12,1.37,0.52,1.9,1.82,0.15,1.82,0.01,1.8,1.73,0.05,1.73,0.31,1.7,1.59,0.31,1.59,0.13,1.5,1.47,0.08,1.47,0.12,1.7,1.73,0.17,1.73,0.07,1.2,0.93,0.02,0.93,0.7
8.131999999999985,113.73333333333284,1.97,102.5339999999996,-1.9446666666666568,-50.67266666666637,19.173333333333282,-7.791466666666674,-10.223866666666604,34.22960000000012,-37.02659999999996,15.87353333333329,-3.5815999999999883,95.61879999999995,-68.89566666666666,117.90179999999995,2.2,1.9,0.05,1.9,0.39,0.6,0.13,0.07,0.13,0.45,1.2,1.16,0.31,1.16,0.16,0.8,0.52,0.02,0.52,0.61,1.4,1.12,0.42,1.12,0.83,1.5,1.37,0.12,1.37,0.52,1.9,1.82,0.15,1.82,0.01,1.8,1.73,0.05,1.73,0.31,1.7,1.59,0.31,1.59,0.13,1.5,1.47,0.08,1.47,0.12,1.7,1.73,0.17,1.73,0.07,1.2,0.93,0.02,0.93,0.7
8.181999999999984,115.35483870967693,1.97,103.85096774193508,-1.9941935483870772,-51.619354838709384,19.335483870967693,-7.70638709677423,-10.43006451612897,33.981354838709755,-37.16416129032254,16.086709677419275,-3.6205161290322465,95.7864838709677,-69.06596774193541,118.14419354838702,2.2,1.9,0.05,1.9,0.39,0.6,0.13,0.07,0.13,0.45,1.2,1.16,0.31,1.16,0.16,0.8,0.52,0.02,0.52,0.61,1.4,1.12,0.42,1.12,0.83,1.5,1.37,0.12,1.37,0.52,1.9,1.82,0.15,1.82,0.01,1.8,1.73,0.05,1.73,0.31,1.7,1.59,0.31,1.59,0.13,1.5,1.47,0.08,1.47,0.12,1.7,1.73,0.17,1.73,0.07,1.2,0.93,0.02,0.93,0.7
8.231999999999985,116.99999999999953,1.9600000000000046,105.18999999999961,-2.0399999999999907,-52.589999999999726,19.599999999999905,-7.551000000000051,-10.63799999999994,32.93900000000045,-37.302999999999955,16.368999999999915,-3.6599999999999886,96.01199999999993,-69.13200000000002,118.37099999999994,2.1000000000000476,1.8800000000000094,0.05999999999999526,1.8800000000000094,0.539999999999929,0.6,0.09000000000001894,0.050000000000009474,0.09000000000001894,0.45,1.399999999999905,1.3699999999999006,0.4899999999999147,1.3699999999999006,0.07000000000004264,0.8,0.52,0.02,0.52,0.61,1.6999999999998578,1.2599999999999336,0.15000000000012786,1.2599999999999336,1.0699999999998864,1.5999999999999528,1.519999999999929,0.21999999999995262,1.519999999999929,0.5599999999999811,1.8000000000000473,1.780000000000019,0.17999999999998578,1.780000000000019,0.019999999999995265,1.8,1.7200000000000046,0.06999999999999054,1.7200000000000046,0.31,1.400000000000142,1.2900000000001421,0.0600000000001184,1.2900000000001421,0.14999999999999053,1.5999999999999528,1.5999999999999386,3.790023850314128e-14,1.5999999999999386,0.08000000000001894,1.7999999999999527,1.73,0.1999999999999858,1.73,0.3199999999998816,1.2,0.93,9.47505962578532e-15,0.93,0.6200000000000379
8.281999999999986,118.63333333333287,1.9663333333333288,106.51299999999964,-2.095333333333315,-53.5436666666664,19.76333333333329,-7.2553000000001,-10.845433333333276,33.193633333333004,-37.44119999999996,16.504266666666652,-3.699199999999989,96.1792333333333,-68.88040000000011,118.36393333333336,2.1,1.88,0.06,1.88,0.54,0.6,0.09,0.05,0.09,0.45,1.4,1.37,0.49,1.37,0.07,0.8,0.52,0.02,0.52,0.61,1.7,1.26,0.15,1.26,1.07,1.6,1.52,0.22,1.52,0.56,1.8,1.78,0.18,1.78,0.02,1.8,1.72,0.07,1.72,0.31,1.4,1.29,0.06,1.29,0.15,1.6,1.6,0.0,1.6,0.08,1.8,1.73,0.2,1.73,0.32,1.2,0.93,0.0,0.93,0.62
8.331999999999985,120.25806451612854,2.0077419354838564,107.8516129032254,-2.150322580645142,-54.467096774193266,19.925806451612853,-7.106290322580659,-11.036516129032226,33.83983870967731,-37.493741935483996,16.373387096774263,-3.7237419354838868,96.17922580645163,-69.50638709677389,118.73209677419338,2.1,1.88,0.06,1.88,0.54,0.6,0.09,0.05,0.09,0.45,1.4,1.37,0.49,1.37,0.07,0.8,0.52,0.02,0.52,0.61,1.7,1.26,0.15,1.26,1.07,1.6,1.52,0.22,1.52,0.56,1.8,1.78,0.18,1.78,0.02,1.8,1.72,0.07,1.72,0.31,1.4,1.29,0.06,1.29,0.15,1.6,1.6,0.0,1.6,0.08,1.8,1.73,0.2,1.73,0.32,1.2,0.93,0.0,0.93,0.62
8.381999999999984,121.89999999999947,2.03,109.18899999999955,-2.206999999999984,-55.42099999999968,19.73000000000016,-7.064500000000014,-10.897700000000112,34.21149999999988,-35.8114000000009,16.148600000000076,-3.4534000000001477,96.3479999999999,-70.02079999999997,119.16499999999989,2.1,1.88,0.06,1.88,0.54,0.6,0.09,0.05,0.09,0.45,1.4,1.37,0.49,1.37,0.07,0.8,0.52,0.02,0.52,0.61,1.7,1.26,0.15,1.26,1.07,1.6,1.52,0.22,1.52,0.56,1.8,1.78,0.18,1.78,0.02,1.8,1.72,0.07,1.72,0.31,1.4,1.29,0.06,1.29,0.15,1.6,1.6,0.0,1.6,0.08,1.8,1.73,0.2,1.73,0.32,1.2,0.93,0.0,0.93,0.62
8.431999999999984,123.56666666666615,2.02,110.53899999999959,-2.2569999999999846,-56.40433333333303,19.28666666666677,-7.022833333333346,-10.551700000000107,34.58493333333322,-33.03806666666752,15.922933333333404,-2.996733333333474,96.6630999999999,-70.14236666666663,119.4837999999999,2.1,1.88,0.06,1.88,0.54,0.6,0.09,0.05,0.09,0.45,1.4,1.37,0.49,1.37,0.07,0.8,0.52,0.02,0.52,0.61,1.7,1.26,0.15,1.26,1.07,1.6,1.52,0.22,1.52,0.56,1.8,1.78,0.18,1.78,0.02,1.8,1.72,0.07,1.72,0.31,1.4,1.29,0.06,1.29,0.15,1.6,1.6,0.0,1.6,0.08,1.8,1.73,0.2,1.73,0.32,1.2,0.93,0.0,0.93,0.62
8.481999999999985,125.22580645161243,2.03,111.88290322580607,-2.3045161290322485,-57.383225806451335,18.587096774193785,-6.995806451612885,-9.381612903226268,34.94670967741928,-32.05022580645163,15.70464516129037,-2.803387096774201,96.79229032258063,-70.00980645161296,119.51035483870969,2.1,1.92,0.08,1.92,0.46,0.6,0.08,0.05,0.08,0.46,1.5,1.53,0.62,1.53,0.1,0.8,0.51,0.02,0.51,0.61,1.6,1.39,0.17,1.39,0.84,1.7,1.63,0.29,1.63,0.61,1.9,1.8,0.14,1.8,0.09,1.7,1.69,0.11,1.69,0.29,1.4,1.21,0.03,1.21,0.23,1.8,1.75,0.11,1.75,0.1,1.8,1.76,0.27,1.76,0.52,1.2,0.95,0.03,0.95,0.58
8.531999999999984,126.86666666666615,2.0386666666666615,113.21199999999958,-2.354666666666646,-58.34266666666637,18.286666666666616,-7.251333333333197,-7.720333333333878,35.04306666666668,-32.06426666666665,15.653133333333319,-2.8533999999999624,96.98699999999991,-69.97459999999997,119.65479999999991,2.1,1.92,0.08,1.92,0.46,0.6,0.08,0.05,0.08,0.46,1.5,1.53,0.62,1.53,0.1,0.8,0.51,0.02,0.51,0.61,1.6,1.39,0.17,1.39,0.84,1.7,1.63,0.29,1.63,0.61,1.9,1.8,0.14,1.8,0.09,1.7,1.69,0.11,1.69,0.29,1.4,1.21,0.03,1.21,0.23,1.8,1.75,0.11,1.75,0.1,1.8,1.76,0.27,1.76,0.52,1.2,0.95,0.03,0.95,0.58
8.581999999999983,128.53333333333276,2.0553333333333277,114.56733333333285,-2.4006666666666554,-59.324666666666324,18.50666666666655,-6.885466666666938,-5.9756000000006075,35.48499999999976,-32.13493333333331,15.539066666666736,-2.9733999999999585,96.70953333333354,-69.62273333333354,119.23660000000028,2.1,1.92,0.08,1.92,0.46,0.6,0.08,0.05,0.08,0.46,1.5,1.53,0.62,1.53,0.1,0.8,0.51,0.02,0.51,0.61,1.6,1.39,0.17,1.39,0.84,1.7,1.63,0.29,1.63,0.61,1.9,1.8,0.14,1.8,0.09,1.7,1.69,0.11,1.69,0.29,1.4,1.21,0.03,1.21,0.23,1.8,1.75,0.11,1.75,0.1,1.8,1.76,0.27,1.76,0.52,1.2,0.95,0.03,0.95,0.58
8.631999999999984,130.16666666666612,2.0733333333333217,115.89499999999954,-2.446666666666644,-60.278333333333,18.61666666666661,-6.124166666666929,-5.121666666666809,36.17316666666643,-33.8854999999991,15.3463333333334,-3.075666666666634,96.48850000000002,-69.38900000000001,118.92450000000002,2.1,1.92,0.08,1.92,0.46,0.6,0.08,0.05,0.08,0.46,1.5,1.53,0.62,1.53,0.1,0.8,0.51,0.02,0.51,0.61,1.6,1.39,0.17,1.39,0.84,1.7,1.63,0.29,1.63,0.61,1.9,1.8,0.14,1.8,0.09,1.7,1.69,0.11,1.69,0.29,1.4,1.21,0.03,1.21,0.23,1.8,1.75,0.11,1.75,0.1,1.8,1.76,0.27,1.76,0.52,1.2,0.95,0.03,0.95,0.58
8.681999999999984,131.83333333333283,2.0983333333333283,117.24499999999959,-2.504999999999985,-61.26166666666637,18.7,-5.346666666666901,-4.697500000000129,36.875666666666454,-36.55133333333253,15.149666666666727,-3.1714999999999716,96.44266666666668,-69.32983333333335,118.84950000000002,2.1,1.92,0.08,1.92,0.46,0.6,0.08,0.05,0.08,0.46,1.5,1.53,0.62,1.53,0.1,0.8,0.51,0.02,0.51,0.61,1.6,1.39,0.17,1.39,0.84,1.7,1.63,0.29,1.63,0.61,1.9,1.8,0.14,1.8,0.09,1.7,1.69,0.11,1.69,0.29,1.4,1.21,0.03,1.21,0.23,1.8,1.75,0.11,1.75,0.1,1.8,1.76,0.27,1.76,0.52,1.2,0.95,0.03,0.95,0.58
8.731999999999983,133.49999999999943,2.129999999999989,118.59999999999954,-2.5799999999999663,-62.22999999999968,18.300000000000225,-4.581500000000256,-5.051999999999749,37.56649999999976,-38.64199999999939,14.956500000000064,-3.353499999999924,97.43449999999949,-70.30949999999949,120.22249999999929,2.0,1.9,0.13,1.9,0.24,0.6,0.08,0.05,0.08,0.46,1.7,1.65,0.72,1.65,0.14,0.8,0.51,0.02,0.51,0.61,1.6,1.39,0.17,1.39,0.84,1.7,1.63,0.29,1.63,0.61,1.9,1.8,0.14,1.8,0.09,1.7,1.69,0.11,1.69,0.29,1.4,1.21,0.03,1.21,0.23,1.9,1.9,0.23,1.9,0.11,2.0,1.76,0.38,1.76,0.76,1.2,0.95,0.03,0.95,0.58
8.781999999999982,135.1666666666661,2.163333333333322,119.95499999999953,-2.634999999999983,-63.20666666666634,18.1,-3.6288333333336467,-5.813499999999723,36.634166666667106,-40.41116666666627,14.612500000000129,-3.5871666666665734,97.46166666666686,-70.45016666666685,120.31916666666692,2.0,1.9,0.13,1.9,0.24,0.6,0.08,0.05,0.08,0.46,1.7,1.65,0.72,1.65,0.14,0.8,0.51,0.02,0.51,0.61,1.6,1.39,0.17,1.39,0.84,1.7,1.63,0.29,1.63,0.61,1.9,1.8,0.14,1.8,0.09,1.7,1.69,0.11,1.69,0.29,1.4,1.21,0.03,1.21,0.23,1.9,1.9,0.23,1.9,0.11,2.0,1.76,0.38,1.76,0.76,1.2,0.95,0.03,0.95,0.58
8.831999999999983,136.8064516129027,2.196129032258054,121.29129032258021,-2.6841935483870807,-64.1658064516126,18.18064516129027,-2.94558064516144,-6.653096774193261,36.15725806451603,-40.636032258064745,14.32016129032265,-3.903645161290204,97.22451612903222,-70.03616129032268,119.8827419354839,2.0,1.9,0.13,1.9,0.24,0.6,0.08,0.05,0.08,0.46,1.7,1.65,0.72,1.65,0.14,0.8,0.51,0.02,0.51,0.61,1.6,1.39,0.17,1.39,0.84,1.7,1.63,0.29,1.63,0.61,1.9,1.8,0.14,1.8,0.09,1.7,1.69,0.11,1.69,0.29,1.4,1.21,0.03,1.21,0.23,1.9,1.9,0.23,1.9,0.11,2.0,1.76,0.38,1.76,0.76,1.2,0.95,0.03,0.95,0.58
8.881999999999984,138.46666666666613,2.2293333333333227,122.63799999999956,-2.7339999999999836,-65.14066666666635,18.246666666666613,-2.8169999999999837,-7.28953333333317,37.043733333332945,-39.452266666667136,14.116466666666732,-4.230933333333234,97.37619999999993,-70.23553333333318,120.11806666666654,2.0,1.9,0.13,1.9,0.24,0.6,0.08,0.05,0.08,0.46,1.7,1.65,0.72,1.65,0.14,0.8,0.51,0.02,0.51,0.61,1.6,1.39,0.17,1.39,0.84,1.7,1.63,0.29,1.63,0.61,1.9,1.8,0.14,1.8,0.09,1.7,1.69,0.11,1.69,0.29,1.4,1.21,0.03,1.21,0.23,1.9,1.9,0.23,1.9,0.11,2.0,1.76,0.38,1.76,0.76,1.2,0.95,0.03,0.95,0.58
8.931999999999983,140.13333333333273,2.262666666666654,123.9879999999995,-2.7839999999999816,-66.11866666666631,18.51333333333327,-3.5771999999995776,-7.54899999999991,35.93133333333381,-39.102199999999925,14.147599999999947,-4.431933333333275,97.43513333333334,-70.32766666666672,120.21893333333337,2.0,1.9,0.13,1.9,0.24,0.6,0.08,0.05,0.08,0.46,1.7,1.65,0.72,1.65,0.14,0.8,0.51,0.02,0.51,0.61,1.6,1.39,0.17,1.39,0.84,1.7,1.63,0.29,1.63,0.61,1.9,1.8,0.14,1.8,0.09,1.7,1.69,0.11,1.69,0.29,1.4,1.21,0.03,1.21,0.23,1.9,1.9,0.23,1.9,0.11,2.0,1.76,0.38,1.76,0.76,1.2,0.95,0.03,0.95,0.58
8.981999999999982,141.7999999999994,2.303999999999982,125.3459999999995,-2.825999999999988,-67.09399999999964,18.67999999999994,-4.783799999999546,-7.957399999999789,35.95559999999946,-39.30439999999993,14.284599999999955,-4.615199999999925,97.39340000000001,-70.08420000000012,120.04240000000009,1.9200000000000603,1.8440000000000423,0.20199999999994567,1.8440000000000423,0.09600000000010869,0.6,0.06400000000001208,0.05,0.06400000000001208,0.4679999999999939,1.7,1.6899999999999697,0.7359999999999879,1.6899999999999697,0.10800000000002416,0.8,0.502000000000006,0.01200000000000604,0.502000000000006,0.61,1.6,1.3420000000000363,0.12200000000003625,1.3420000000000363,0.8879999999999638,1.859999999999879,1.7339999999999214,0.34599999999995773,1.7339999999999214,0.6979999999999336,2.0599999999998793,1.967999999999873,0.08400000000004229,1.967999999999873,0.11399999999998188,1.7,1.65000000000003,0.1499999999999698,1.65000000000003,0.27400000000001207,1.3200000000000605,1.1380000000000545,0.05399999999998188,1.1380000000000545,0.23799999999999397,1.9,1.907999999999994,0.23799999999999397,1.907999999999994,0.15799999999996378,2.0,1.744000000000012,0.38799999999999396,1.744000000000012,0.8639999999999215,1.2799999999999396,0.9420000000000059,0.05399999999998188,0.9420000000000059,0.5640000000000122
9.031999999999982,143.46666666666607,2.353999999999982,126.69799999999951,-2.873999999999982,-68.07066666666631,19.186666666666426,-6.2309999999994385,-8.537866666666456,36.857733333333115,-39.49373333333327,14.811733333333066,-4.820866666666592,97.47339999999994,-70.48719999999972,120.34173333333312,1.9,1.83,0.22,1.83,0.06,0.6,0.06,0.05,0.06,0.47,1.7,1.7,0.74,1.7,0.1,0.8,0.5,0.01,0.5,0.61,1.6,1.33,0.11,1.33,0.9,1.9,1.76,0.36,1.76,0.72,2.1,2.01,0.07,2.01,0.12,1.7,1.64,0.16,1.64,0.27,1.3,1.12,0.06,1.12,0.24,1.9,1.91,0.24,1.91,0.17,2.0,1.74,0.39,1.74,0.89,1.3,0.94,0.06,0.94,0.56
9.081999999999983,145.1379310344822,2.4027586206896436,128.06172413793058,-2.924137931034466,-69.05137931034449,20.382758620689316,-7.557896551723815,-9.12079310344807,35.87006896551776,-39.70024137931021,15.741137931034153,-5.016482758620663,97.78162068965503,-70.76920689655171,120.75531034482746,1.9,1.83,0.22,1.83,0.06,0.6,0.06,0.05,0.06,0.47,1.7,1.7,0.74,1.7,0.1,0.8,0.5,0.01,0.5,0.61,1.6,1.33,0.11,1.33,0.9,1.9,1.76,0.36,1.76,0.72,2.1,2.01,0.07,2.01,0.12,1.7,1.64,0.16,1.64,0.27,1.3,1.12,0.06,1.12,0.24,1.9,1.91,0.24,1.91,0.17,2.0,1.74,0.39,1.74,0.89,1.3,0.94,0.06,0.94,0.56
9.131999999999982,146.83333333333272,2.4449999999999816,129.4349999999995,-2.966666666666655,-70.04333333333298,20.816666666666727,-8.162666666666585,-9.761999999999757,34.75216666666691,-40.38133333333298,16.641999999999708,-4.935333333333422,98.25216666666648,-70.93966666666657,121.22683333333313,1.9,1.83,0.22,1.83,0.06,0.6,0.06,0.05,0.06,0.47,1.7,1.7,0.74,1.7,0.1,0.8,0.5,0.01,0.5,0.61,1.6,1.33,0.11,1.33,0.9,1.9,1.76,0.36,1.76,0.72,2.1,2.01,0.07,2.01,0.12,1.7,1.64,0.16,1.64,0.27,1.3,1.12,0.06,1.12,0.24,1.9,1.91,0.24,1.91,0.17,2.0,1.74,0.39,1.74,0.89,1.3,0.94,0.06,0.94,0.56
9.18199999999998,148.49999999999937,2.4949999999999815,130.78499999999948,-3.0249999999999813,-71.02499999999964,21.049999999999812,-8.386999999999917,-10.061499999999956,34.09200000000025,-41.045499999999805,17.4404999999997,-4.145000000000399,98.74949999999983,-71.16949999999991,121.7734999999998,1.9,1.83,0.22,1.83,0.06,0.6,0.06,0.05,0.06,0.47,1.7,1.7,0.74,1.7,0.1,0.8,0.5,0.01,0.5,0.61,1.6,1.33,0.11,1.33,0.9,1.9,1.76,0.36,1.76,0.72,2.1,2.01,0.07,2.01,0.12,1.7,1.64,0.16,1.64,0.27,1.3,1.12,0.06,1.12,0.24,1.9,1.91,0.24,1.91,0.17,2.0,1.74,0.39,1.74,0.89,1.3,0.94,0.06,0.94,0.56
9.231999999999982,150.19999999999936,2.5559999999999805,132.16399999999948,-3.0859999999999808,-72.01799999999963,19.94000000000083,-7.71820000000046,-9.79680000000021,34.155199999999866,-41.36400000000013,17.596200000000106,-2.5700000000007095,99.00719999999995,-71.16520000000004,121.99659999999999,1.8,1.74,0.28,1.74,0.11,0.6,0.02,0.05,0.02,0.48,1.7,1.67,0.68,1.67,0.11,0.8,0.48,0.0,0.48,0.61,1.6,1.34,0.09,1.34,0.9,1.9,1.78,0.36,1.78,0.75,2.2,2.08,0.15,2.08,0.01,1.6,1.53,0.25,1.53,0.23,1.3,1.09,0.08,1.09,0.27,1.9,1.86,0.19,1.86,0.26,1.9,1.66,0.28,1.66,0.86,1.2,0.88,0.03,0.88,0.6
9.281999999999982,151.8965517241373,2.615862068965493,133.5462068965512,-3.1368965517241194,-73.00999999999964,17.465517241380297,-6.305620689655748,-9.012000000000358,34.319517241379316,-39.80358620689752,17.109068965517487,-0.5487586206904347,99.07434482758619,-71.0781379310345,122.01141379310344,1.8,1.74,0.28,1.74,0.11,0.6,0.02,0.05,0.02,0.48,1.7,1.67,0.68,1.67,0.11,0.8,0.48,0.0,0.48,0.61,1.6,1.34,0.09,1.34,0.9,1.9,1.78,0.36,1.78,0.75,2.2,2.08,0.15,2.08,0.01,1.6,1.53,0.25,1.53,0.23,1.3,1.09,0.08,1.09,0.27,1.9,1.86,0.19,1.86,0.26,1.9,1.66,0.28,1.66,0.86,1.2,0.88,0.03,0.88,0.6
9.331999999999981,153.5862068965511,2.677586206896533,134.9248275862064,-3.197586206896533,-73.98999999999964,14.920689655173359,-4.948379310345292,-7.943103448276277,34.41558620689649,-38.4023448275865,16.31103448275894,1.2993103448269525,99.00655172413796,-70.8096206896553,121.7956206896553,1.8,1.74,0.28,1.74,0.11,0.6,0.02,0.05,0.02,0.48,1.7,1.67,0.68,1.67,0.11,0.8,0.48,0.0,0.48,0.61,1.6,1.34,0.09,1.34,0.9,1.9,1.78,0.36,1.78,0.75,2.2,2.08,0.15,2.08,0.01,1.6,1.53,0.25,1.53,0.23,1.3,1.09,0.08,1.09,0.27,1.9,1.86,0.19,1.86,0.26,1.9,1.66,0.28,1.66,0.86,1.2,0.88,0.03,0.88,0.6
9.38199999999998,155.2758620689648,2.7382758620689445,136.2934482758615,-3.2610344827585926,-74.97999999999959,13.462068965517593,-4.5063103448275985,-6.967862068965854,34.84324137931011,-37.90972413793116,15.5358275862072,2.417310344827333,98.81510344827595,-70.47982758620697,121.45844827586217,1.8,1.74,0.28,1.74,0.11,0.6,0.02,0.05,0.02,0.48,1.7,1.67,0.68,1.67,0.11,0.8,0.48,0.0,0.48,0.61,1.6,1.34,0.09,1.34,0.9,1.9,1.78,0.36,1.78,0.75,2.2,2.08,0.15,2.08,0.01,1.6,1.53,0.25,1.53,0.23,1.3,1.09,0.08,1.09,0.27,1.9,1.86,0.19,1.86,0.26,1.9,1.66,0.28,1.66,0.86,1.2,0.88,0.03,0.88,0.6
9.43199999999998,156.96666666666604,2.788999999999981,137.66299999999947,-3.318999999999981,-75.9606666666663,12.52000000000038,-4.477566666666678,-6.563966666666705,35.412799999999784,-37.84196666666663,14.80636666666694,2.1270000000003613,98.80263333333329,-70.79336666666642,121.62943333333315,1.8,1.74,0.28,1.74,0.11,0.6,0.02,0.05,0.02,0.48,1.7,1.67,0.68,1.67,0.11,0.8,0.48,0.0,0.48,0.61,1.6,1.34,0.09,1.34,0.9,1.9,1.78,0.36,1.78,0.75,2.2,2.08,0.15,2.08,0.01,1.6,1.53,0.25,1.53,0.23,1.3,1.09,0.08,1.09,0.27,1.9,1.86,0.19,1.86,0.26,1.9,1.66,0.28,1.66,0.86,1.2,0.88,0.03,0.88,0.6
9.481999999999982,158.66666666666603,2.849999999999981,139.04999999999947,-3.369999999999981,-76.9466666666663,11.400000000000379,-4.448666666666677,-6.46533333333337,35.985666666666454,-37.944999999999965,14.07366666666694,1.15800000000036,98.92333333333329,-71.48699999999975,122.11966666666648,1.8,1.74,0.28,1.74,0.11,0.6,0.02,0.05,0.02,0.48,1.7,1.67,0.68,1.67,0.11,0.8,0.48,0.0,0.48,0.61,1.6,1.34,0.09,1.34,0.9,1.9,1.78,0.36,1.78,0.75,2.2,2.08,0.15,2.08,0.01,1.6,1.53,0.25,1.53,0.23,1.3,1.09,0.08,1.09,0.27,1.9,1.83,0.14,1.83,0.26,1.9,1.55,0.16,1.55,0.83,1.2,0.88,0.03,0.88,0.6
9.53199999999998,160.3333333333327,2.87,140.38666666666614,-3.4333333333333074,-77.92999999999961,12.833333333332291,-4.991333333333005,-6.376666666666685,35.88500000000017,-38.010333333333364,13.733666666666721,0.1873333333337313,98.70433333333345,-71.42333333333349,121.91800000000018,1.8,1.74,0.28,1.74,0.11,0.6,0.02,0.05,0.02,0.48,1.7,1.67,0.68,1.67,0.11,0.8,0.48,0.0,0.48,0.61,1.6,1.34,0.09,1.34,0.9,1.9,1.78,0.36,1.78,0.75,2.2,2.08,0.15,2.08,0.01,1.6,1.53,0.25,1.53,0.23,1.3,1.09,0.08,1.09,0.27,1.9,1.83,0.14,1.83,0.26,1.9,1.55,0.16,1.55,0.83,1.2,0.88,0.03,0.88,0.6
9.58199999999998,162.06896551724066,2.9227586206896268,141.80586206896493,-3.50206896551722,-78.92931034482719,13.7413793103444,-5.841241379310084,-6.676758620689441,35.46620689655154,-36.71251724138016,13.590310344827635,-1.2426206896544847,99.10541379310327,-71.54755172413785,122.3186551724136,1.8,1.74,0.28,1.74,0.11,0.6,0.02,0.05,0.02,0.48,1.7,1.67,0.68,1.67,0.11,0.8,0.48,0.0,0.48,0.61,1.6,1.34,0.09,1.34,0.9,1.9,1.78,0.36,1.78,0.75,2.2,2.08,0.15,2.08,0.01,1.6,1.53,0.25,1.53,0.23,1.3,1.09,0.08,1.09,0.27,1.9,1.83,0.14,1.83,0.26,1.9,1.55,0.16,1.55,0.83,1.2,0.88,0.03,0.88,0.6
9.63199999999998,163.76666666666603,2.95233333333334,143.17333333333283,-3.560666666666641,-79.91999999999962,15.75666666666544,-6.290866666666575,-7.191599999999802,36.65039999999921,-34.66673333333412,13.497100000000025,-2.894866666666033,99.21600000000012,-71.5434000000001,122.40536666666682,1.8,1.74,0.28,1.74,0.11,0.6,0.02,0.05,0.02,0.48,1.7,1.67,0.68,1.67,0.11,0.8,0.48,0.0,0.48,0.61,1.6,1.34,0.09,1.34,0.9,1.9,1.78,0.36,1.78,0.75,2.2,2.08,0.15,2.08,0.01,1.6,1.53,0.25,1.53,0.23,1.3,1.09,0.08,1.09,0.27,1.9,1.83,0.14,1.83,0.26,1.9,1.55,0.16,1.55,0.83,1.2,0.88,0.03,0.88,0.6
9.68199999999998,165.4482758620683,2.964482758620683,144.52310344827532,-3.6279310344827316,-80.9144827586203,17.658620689654633,-6.113000000000157,-7.518413793103356,36.91406896551751,-32.8516896551731,13.347896551724215,-4.331241379309812,99.1670689655172,-71.1807241379312,122.14679310344835,1.8,1.74,0.28,1.74,0.11,0.6,0.02,0.05,0.02,0.48,1.7,1.67,0.68,1.67,0.11,0.8,0.48,0.0,0.48,0.61,1.6,1.34,0.09,1.34,0.9,1.9,1.78,0.36,1.78,0.75,2.2,2.08,0.15,2.08,0.01,1.6,1.53,0.25,1.53,0.23,1.3,1.09,0.08,1.09,0.27,1.9,1.83,0.14,1.83,0.26,1.9,1.55,0.16,1.55,0.83,1.2,0.88,0.03,0.88,0.6
9.73199999999998,167.16666666666598,2.9833333333333196,145.91499999999945,-3.6849999999999796,-81.91499999999961,18.78333333333299,-5.6993333333335485,-7.465500000000112,36.227833333333685,-32.72966666666658,13.155500000000067,-5.65533333333285,99.42249999999989,-71.21966666666657,122.37366666666652,1.8,1.73,0.27,1.73,0.09,0.6,0.01,0.06,0.01,0.49,1.7,1.66,0.63,1.66,0.07,0.8,0.46,0.0,0.46,0.61,1.7,1.49,0.03,1.49,0.89,1.8,1.7,0.27,1.7,0.72,2.1,2.08,0.12,2.08,0.05,1.5,1.51,0.27,1.51,0.22,1.3,1.03,0.16,1.03,0.24,1.8,1.74,0.04,1.74,0.27,1.8,1.48,0.06,1.48,0.79,1.2,0.85,0.03,0.85,0.56
9.781999999999979,168.86206896551653,3.008620689655165,147.2882758620684,-3.744482758620661,-82.88999999999959,19.63103448275826,-4.955827586207297,-7.054724137931263,35.05803448275924,-32.093344827586826,13.023000000000042,-6.712517241378921,99.62448275862064,-71.34955172413791,122.60631034482753,1.8,1.73,0.27,1.73,0.09,0.6,0.01,0.06,0.01,0.49,1.7,1.66,0.63,1.66,0.07,0.8,0.46,0.0,0.46,0.61,1.7,1.49,0.03,1.49,0.89,1.8,1.7,0.27,1.7,0.72,2.1,2.08,0.12,2.08,0.05,1.5,1.51,0.27,1.51,0.22,1.3,1.03,0.16,1.03,0.24,1.8,1.74,0.04,1.74,0.27,1.8,1.48,0.06,1.48,0.79,1.2,0.85,0.03,0.85,0.56
9.83199999999998,170.56666666666598,3.02566666666666,148.66899999999944,-3.7969999999999793,-83.88433333333292,20.113333333333195,-4.047333333333692,-6.3209000000003375,34.356833333333455,-33.05463333333243,13.306933333333138,-7.21193333333322,99.90796666666651,-70.8738000000003,122.54470000000006,1.8,1.73,0.27,1.73,0.09,0.6,0.01,0.06,0.01,0.49,1.7,1.66,0.63,1.66,0.07,0.8,0.46,0.0,0.46,0.61,1.7,1.49,0.03,1.49,0.89,1.8,1.7,0.27,1.7,0.72,2.1,2.08,0.12,2.08,0.05,1.5,1.51,0.27,1.51,0.22,1.3,1.03,0.16,1.03,0.24,1.8,1.74,0.04,1.74,0.27,1.8,1.48,0.06,1.48,0.79,1.2,0.85,0.03,0.85,0.56
9.88199999999998,172.2758620689648,3.052758620689648,150.0634482758615,-3.8510344827585925,-84.86724137930995,20.455172413792962,-3.177620689655502,-5.222275862069474,34.10275862068966,-37.37817241379106,13.794310344827373,-6.884793103448567,100.04258620689654,-70.44803448275871,122.41482758620694,1.8,1.73,0.27,1.73,0.09,0.6,0.01,0.06,0.01,0.49,1.7,1.66,0.63,1.66,0.07,0.8,0.46,0.0,0.46,0.61,1.7,1.49,0.03,1.49,0.89,1.8,1.7,0.27,1.7,0.72,2.1,2.08,0.12,2.08,0.05,1.5,1.51,0.27,1.51,0.22,1.3,1.03,0.16,1.03,0.24,1.8,1.74,0.04,1.74,0.27,1.8,1.48,0.06,1.48,0.79,1.2,0.85,0.03,0.85,0.56
9.931999999999979,173.99999999999926,3.0699999999999923,151.4699999999994,-3.909999999999978,-85.85999999999957,20.200000000000294,-2.650000000000138,-3.9570000000005443,35.028999999999314,-40.23699999999944,14.445999999999682,-5.834000000000552,100.10999999999996,-70.36399999999999,122.43399999999995,1.8,1.73,0.27,1.73,0.09,0.6,0.01,0.06,0.01,0.49,1.7,1.66,0.63,1.66,0.07,0.8,0.46,0.0,0.46,0.61,1.7,1.49,0.03,1.49,0.89,1.8,1.7,0.27,1.7,0.72,2.1,2.08,0.12,2.08,0.05,1.5,1.51,0.27,1.51,0.22,1.3,1.03,0.16,1.03,0.24,1.8,1.74,0.04,1.74,0.27,1.8,1.48,0.06,1.48,0.79,1.2,0.85,0.03,0.85,0.56
9.981999999999978,175.68965517241304,3.0968965517241305,152.8455172413787,-3.967586206896522,-86.82310344827543,19.555172413793475,-2.8353103448273917,-3.1391724137933688,34.959344827586605,-41.945137931033635,15.119068965516957,-4.439517241379955,100.12596551724138,-70.41113793103446,122.48058620689653,1.8,1.6955172413793478,0.24931034482760864,1.6955172413793478,0.02793103448282592,0.6,-0.0037931034482609084,0.05310344827586955,-0.0037931034482609084,0.49,1.7,1.6668965517241303,0.5817241379310869,1.6668965517241303,0.11827586206891319,0.8,0.4668965517241304,0.0,0.4668965517241304,0.6031034482758695,1.7689655172413046,1.6072413793102176,0.07827586206891318,1.6072413793102176,0.7658620689656518,1.8,1.686206896551739,0.194137931034565,1.686206896551739,0.5958620689656519,2.0310344827586957,1.9834482758621736,0.05793103448282592,1.9834482758621736,0.036206896551739094,1.5,1.5031034482758696,0.27689655172413047,1.5031034482758696,0.2062068965517391,1.3,1.0231034482758696,0.16689655172413045,1.0231034482758696,0.23310344827586954,1.7310344827586954,1.6986206896552172,0.026206896551739092,1.6986206896552172,0.2975862068965218,1.7310344827586954,1.466206896551739,0.03241379310347819,1.466206896551739,0.7555172413793477,1.1310344827586956,0.8568965517241305,0.09206896551717408,0.8568965517241305,0.5117241379310868
10.031999999999979,177.3999999999993,3.11,154.2379999999994,-4.031999999999979,-87.79799999999959,18.600000000000357,-3.5679999999996306,-3.1243999999998713,35.39479999999953,-40.697400000001174,15.500199999999902,-3.1294000000005036,99.93360000000011,-70.30600000000007,122.26780000000014,1.8,1.68,0.24,1.68,0.0,0.6,-0.01,0.05,-0.01,0.49,1.7,1.67,0.56,1.67,0.14,0.8,0.47,0.0,0.47,0.6,1.8,1.66,0.1,1.66,0.71,1.8,1.68,0.16,1.68,0.54,2.0,1.94,0.03,1.94,0.03,1.5,1.5,0.28,1.5,0.2,1.3,1.02,0.17,1.02,0.23,1.7,1.68,0.02,1.68,0.31,1.7,1.46,0.02,1.46,0.74,1.1,0.86,0.12,0.86,0.49
10.08199999999998,179.10344827586133,3.11,155.62379310344767,-4.094137931034453,-88.77896551724096,17.9689655172416,-4.717999999999427,-4.081172413792749,36.751862068964996,-40.574241379309996,15.499310344827668,-2.509344827586261,99.78824137931036,-70.3028620689654,122.15037931034476,1.8,1.68,0.24,1.68,0.0,0.6,-0.01,0.05,-0.01,0.49,1.7,1.67,0.56,1.67,0.14,0.8,0.47,0.0,0.47,0.6,1.8,1.66,0.1,1.66,0.71,1.8,1.68,0.16,1.68,0.54,2.0,1.94,0.03,1.94,0.03,1.5,1.5,0.28,1.5,0.2,1.3,1.02,0.17,1.02,0.23,1.7,1.68,0.02,1.68,0.31,1.7,1.46,0.02,1.46,0.74,1.1,0.86,0.12,0.86,0.49
10.131999999999978,180.8275862068958,3.11,157.02862068965453,-4.154827586206874,-89.76999999999956,17.534482758620843,-6.11186206896488,-4.354620689655321,37.682482758620424,-40.77424137931055,15.230000000000155,-2.581206896551597,99.812724137931,-70.79658620689624,122.45472413793082,1.8,1.68,0.24,1.68,0.0,0.6,-0.01,0.05,-0.01,0.49,1.7,1.67,0.56,1.67,0.14,0.8,0.47,0.0,0.47,0.6,1.8,1.66,0.1,1.66,0.71,1.8,1.68,0.16,1.68,0.54,2.0,1.94,0.03,1.94,0.03,1.5,1.5,0.28,1.5,0.2,1.3,1.02,0.17,1.02,0.23,1.7,1.68,0.02,1.68,0.31,1.7,1.46,0.02,1.46,0.74,1.1,0.86,0.12,0.86,0.49
10.181999999999977,182.51724137930958,3.0948275862069043,158.39896551724075,-4.220689655172383,-90.73482758620645,17.196551724138086,-7.592965517240684,-4.025137931034634,37.23100000000045,-40.310275862069176,14.911896551724277,-2.863379310344698,100.03599999999987,-71.4341379310342,123.0004482758618,1.8,1.68,0.24,1.68,0.0,0.6,-0.01,0.05,-0.01,0.49,1.7,1.67,0.56,1.67,0.14,0.8,0.47,0.0,0.47,0.6,1.8,1.66,0.1,1.66,0.71,1.8,1.68,0.16,1.68,0.54,2.0,1.94,0.03,1.94,0.03,1.5,1.5,0.28,1.5,0.2,1.3,1.02,0.17,1.02,0.23,1.7,1.68,0.02,1.68,0.31,1.7,1.46,0.02,1.46,0.74,1.1,0.86,0.12,0.86,0.49
10.231999999999978,184.2413793103441,3.067586206896559,159.7955172413787,-4.277241379310322,-91.72999999999956,16.851724137931182,-8.810758620689246,-3.6916551724139364,35.5787931034491,-39.84058620689675,14.577931034482903,-3.1488275862067736,100.31382758620677,-71.94120689655155,123.529344827586,1.8,1.65,0.22,1.65,0.11,0.6,0.03,0.06,0.03,0.51,1.8,1.71,0.55,1.71,0.24,0.8,0.48,0.02,0.48,0.6,1.9,1.7,0.13,1.7,0.74,1.7,1.6,0.04,1.6,0.41,1.9,1.83,0.13,1.83,0.14,1.5,1.51,0.26,1.51,0.15,1.2,1.02,0.21,1.02,0.21,1.7,1.62,0.06,1.62,0.34,1.7,1.46,0.0,1.46,0.75,1.2,0.99,0.04,0.99,0.52
10.281999999999979,185.99999999999923,3.040000000000015,161.21999999999937,-4.33999999999997,-92.73999999999955,16.500000000000153,-9.393999999999874,-3.353000000000147,33.96200000000059,-39.363000000000206,14.277000000000116,-3.4399999999998734,100.67399999999982,-72.18199999999996,123.96899999999982,1.8,1.65,0.22,1.65,0.11,0.6,0.03,0.06,0.03,0.51,1.8,1.71,0.55,1.71,0.24,0.8,0.48,0.02,0.48,0.6,1.9,1.7,0.13,1.7,0.74,1.7,1.6,0.04,1.6,0.41,1.9,1.83,0.13,1.83,0.14,1.5,1.51,0.26,1.51,0.15,1.2,1.02,0.21,1.02,0.21,1.7,1.62,0.06,1.62,0.34,1.7,1.46,0.0,1.46,0.75,1.2,0.99,0.04,0.99,0.52
10.331999999999978,187.7241379310337,3.0055172413793256,162.6265517241373,-4.408965517241349,-93.73275862068921,16.32758620689663,-8.650551724138488,-3.0202413793104927,32.69741379310399,-38.89575862068986,14.013206896551841,-3.7244827586205633,100.87499999999996,-71.9160000000002,123.9786896551725,1.8,1.65,0.22,1.65,0.11,0.6,0.03,0.06,0.03,0.51,1.8,1.71,0.55,1.71,0.24,0.8,0.48,0.02,0.48,0.6,1.9,1.7,0.13,1.7,0.74,1.7,1.6,0.04,1.6,0.41,1.9,1.83,0.13,1.83,0.14,1.5,1.51,0.26,1.51,0.15,1.2,1.02,0.21,1.02,0.21,1.7,1.62,0.06,1.62,0.34,1.7,1.46,0.0,1.46,0.75,1.2,0.99,0.04,0.99,0.52
10.381999999999977,189.44827586206816,2.9710344827586366,164.0331034482752,-4.467931034482727,-94.71551724137885,16.055172413793183,-7.397103448276443,-2.688931034482912,31.4693793103454,-38.428517241379524,13.747965517241502,-4.008965517241247,100.97599999999996,-71.46700000000021,123.79982758620697,1.8,1.65,0.22,1.65,0.11,0.6,0.03,0.06,0.03,0.51,1.8,1.71,0.55,1.71,0.24,0.8,0.48,0.02,0.48,0.6,1.9,1.7,0.13,1.7,0.74,1.7,1.6,0.04,1.6,0.41,1.9,1.83,0.13,1.83,0.14,1.5,1.51,0.26,1.51,0.15,1.2,1.02,0.21,1.02,0.21,1.7,1.62,0.06,1.62,0.34,1.7,1.46,0.0,1.46,0.75,1.2,0.99,0.04,0.99,0.52
10.431999999999977,191.1724137931027,2.936551724137946,165.44137931034422,-4.536896551724108,-95.69655172413749,16.134482758620535,-6.190896551724665,-2.35555172413808,31.416206896551472,-37.958931034482966,13.86255172413779,-4.294620689655045,100.9299310344828,-71.09372413793118,123.54686206896564,1.8,1.65,0.22,1.65,0.11,0.6,0.03,0.06,0.03,0.51,1.8,1.71,0.55,1.71,0.24,0.8,0.48,0.02,0.48,0.6,1.9,1.7,0.13,1.7,0.74,1.7,1.6,0.04,1.6,0.41,1.9,1.83,0.13,1.83,0.14,1.5,1.51,0.26,1.51,0.15,1.2,1.02,0.21,1.02,0.21,1.7,1.62,0.06,1.62,0.34,1.7,1.46,0.0,1.46,0.75,1.2,0.99,0.04,0.99,0.52
10.481999999999978,192.8965517241372,2.9020689655172562,166.8551724137925,-4.605862068965488,-96.6710344827582,16.47931034482744,-5.009862068966024,-2.021068965517385,31.978275862068724,-37.48734482758641,14.177172413792968,-4.5817241379309115,100.80834482758627,-70.76186206896567,123.25548275862081,1.8896551724137192,1.6589655172413718,0.14827586206902466,1.6589655172413718,0.25344827586195073,0.6,0.03896551724137192,0.06896551724137193,0.03896551724137192,0.518965517241372,1.8,1.692068965517256,0.5051724137931404,1.692068965517256,0.26689655172411575,0.8,0.4889655172413719,0.03793103448274383,0.4889655172413719,0.6,1.8103448275862808,1.5744827586207932,0.11206896551725616,1.5744827586207932,0.9462068965515541,1.7,1.608965517241372,0.04,1.608965517241372,0.3920689655172562,1.8103448275862808,1.8031034482758843,0.14793103448274383,1.8031034482758843,0.15793103448274384,1.5896551724137193,1.5548275862068597,0.1613793103449089,1.5548275862068597,0.1410344827586281,1.2896551724137193,1.0468965517241158,0.12931034482765275,1.0468965517241158,0.44310344827566983,1.7,1.6289655172413717,0.05103448275862808,1.6289655172413717,0.3758620689654877,1.7,1.4689655172413718,0.017931034482743836,1.4689655172413718,0.7320689655172562,1.4689655172411575,1.2948275862066452,0.25517241379292604,1.2948275862066452,0.6365517241378349
10.531999999999977,194.62068965517165,2.867586206896567,168.26896551724076,-4.664827586206865,-97.63758620689612,16.82413793103433,-3.8282068965522527,-1.6865862068967012,32.53934482758596,-37.01655172413814,14.49096551724124,-4.8680344827584925,100.68693103448281,-70.42920689655188,122.96510344827598,1.9,1.66,0.14,1.66,0.27,0.6,0.04,0.07,0.04,0.52,1.8,1.69,0.5,1.69,0.27,0.8,0.49,0.04,0.49,0.6,1.8,1.56,0.11,1.56,0.97,1.7,1.61,0.04,1.61,0.39,1.8,1.8,0.15,1.8,0.16,1.6,1.56,0.15,1.56,0.14,1.3,1.05,0.12,1.05,0.47,1.7,1.63,0.05,1.63,0.38,1.7,1.47,0.02,1.47,0.73,1.5,1.33,0.28,1.33,0.65
10.581999999999976,196.34482758620607,2.819655172413818,169.67275862068897,-4.733793103448242,-98.61310344827541,17.168965517241215,-2.6467931034488403,-1.352103448276022,33.10041379310318,-36.54586206896574,14.804758620689505,-5.154586206896415,100.56551724137937,-70.09644827586223,122.67472413793118,1.9,1.66,0.14,1.66,0.27,0.6,0.04,0.07,0.04,0.52,1.8,1.69,0.5,1.69,0.27,0.8,0.49,0.04,0.49,0.6,1.8,1.56,0.11,1.56,0.97,1.7,1.61,0.04,1.61,0.39,1.8,1.8,0.15,1.8,0.16,1.6,1.56,0.15,1.56,0.14,1.3,1.05,0.12,1.05,0.47,1.7,1.63,0.05,1.63,0.38,1.7,1.47,0.02,1.47,0.73,1.5,1.33,0.28,1.33,0.65
10.631999999999977,198.06896551724054,2.7579310344827834,171.08655172413725,-4.802068965517217,-99.57931034482712,17.51379310344811,-1.465689655172986,-1.0176206896553341,33.66148275862042,-36.07517241379333,15.11855172413778,-5.44144827586193,100.44410344827592,-69.76368965517257,122.38441379310359,1.9,1.66,0.14,1.66,0.27,0.6,0.04,0.07,0.04,0.52,1.8,1.69,0.5,1.69,0.27,0.8,0.49,0.04,0.49,0.6,1.8,1.56,0.11,1.56,0.97,1.7,1.61,0.04,1.61,0.39,1.8,1.8,0.15,1.8,0.16,1.6,1.56,0.15,1.56,0.14,1.3,1.05,0.12,1.05,0.47,1.7,1.63,0.05,1.63,0.38,1.7,1.47,0.02,1.47,0.73,1.5,1.33,0.28,1.33,0.65
10.681999999999977,199.79310344827505,2.6982758620689977,172.50034482758554,-4.861724137931002,-100.55413793103403,17.779310344827508,-0.2837241379315858,-0.6831379310346388,34.223551724137664,-35.60368965517263,15.433137931034336,-5.728448275861934,100.32248275862075,-69.43093103448292,122.09475862068979,1.9,1.66,0.14,1.66,0.27,0.6,0.04,0.07,0.04,0.52,1.8,1.69,0.5,1.69,0.27,0.8,0.49,0.04,0.49,0.6,1.8,1.56,0.11,1.56,0.97,1.7,1.61,0.04,1.61,0.39,1.8,1.8,0.15,1.8,0.16,1.6,1.56,0.15,1.56,0.14,1.3,1.05,0.12,1.05,0.47,1.7,1.63,0.05,1.63,0.38,1.7,1.47,0.02,1.47,0.73,1.5,1.33,0.28,1.33,0.65
10.731999999999976,201.40624999999926,2.519062500000109,173.77687499999945,-4.89,-101.53999999999954,20.33437499999833,-0.5390624999995519,-0.3504687500001544,34.354875000000035,-35.13490625000022,15.69393749999989,-6.016187499999862,100.72871874999971,-69.23081250000007,122.3079062499998,1.9,1.68,0.07,1.68,0.28,0.6,0.07,0.08,0.07,0.53,1.8,1.7,0.46,1.7,0.26,0.8,0.49,0.05,0.49,0.6,1.9,1.66,0.12,1.66,0.83,1.7,1.6,0.04,1.6,0.42,1.8,1.76,0.16,1.76,0.2,1.6,1.58,0.11,1.58,0.14,1.4,1.03,0.06,1.03,0.63,1.8,1.72,0.04,1.72,0.39,1.7,1.48,0.05,1.48,0.68,1.7,1.5,0.45,1.5,0.72
10.781999999999975,203.06896551724054,2.3779310344827835,175.10724137930967,-4.932758620689621,-102.5279310344823,22.03448275862027,-1.5210344827581483,0.00355172413792436,34.27268965517246,-34.58010344827609,15.932517241379195,-6.467034482758318,100.75051724137943,-68.89524137931048,122.13551724137949,1.9,1.68,0.07,1.68,0.28,0.6,0.07,0.08,0.07,0.53,1.8,1.7,0.46,1.7,0.26,0.8,0.49,0.05,0.49,0.6,1.9,1.66,0.12,1.66,0.83,1.7,1.6,0.04,1.6,0.42,1.8,1.76,0.16,1.76,0.2,1.6,1.58,0.11,1.58,0.14,1.4,1.03,0.06,1.03,0.63,1.8,1.72,0.04,1.72,0.39,1.7,1.48,0.05,1.48,0.68,1.7,1.5,0.45,1.5,0.72
10.831999999999976,204.79310344827505,2.3579310344827507,176.55413793103378,-5.009655172413752,-103.45241379310303,23.134482758620045,-2.4842068965512816,-0.2784827586203959,34.19151724137935,-34.21713793103459,16.16727586206886,-7.160310344827225,100.56458620689659,-68.77696551724135,121.91937931034485,1.9,1.68,0.07,1.68,0.28,0.6,0.07,0.08,0.07,0.53,1.8,1.7,0.46,1.7,0.26,0.8,0.49,0.05,0.49,0.6,1.9,1.66,0.12,1.66,0.83,1.7,1.6,0.04,1.6,0.42,1.8,1.76,0.16,1.76,0.2,1.6,1.58,0.11,1.58,0.14,1.4,1.03,0.06,1.03,0.63,1.8,1.72,0.04,1.72,0.39,1.7,1.48,0.05,1.48,0.68,1.7,1.5,0.45,1.5,0.72
10.881999999999977,206.5172413793095,2.3041379310345245,177.9893103448269,-5.085517241379285,-104.39482758620642,23.9034482758619,-3.3857586206892303,-1.3374482758614408,32.33313793103586,-34.23558620689648,16.099689655172526,-7.82199999999971,100.48886206896555,-68.79037931034483,121.86237931034486,1.9,1.68,0.07,1.68,0.28,0.6,0.07,0.08,0.07,0.53,1.8,1.7,0.46,1.7,0.26,0.8,0.49,0.05,0.49,0.6,1.9,1.66,0.12,1.66,0.83,1.7,1.6,0.04,1.6,0.42,1.8,1.76,0.16,1.76,0.2,1.6,1.58,0.11,1.58,0.14,1.4,1.03,0.06,1.03,0.63,1.8,1.72,0.04,1.72,0.39,1.7,1.48,0.05,1.48,0.68,1.7,1.5,0.45,1.5,0.72
10.931999999999976,208.2333333333325,2.218333333333375,179.41133333333264,-5.1493333333333,-105.3606666666662,24.0,-4.077166666666387,-3.2246666666655983,30.644700000000473,-33.475000000000605,15.979800000000015,-8.336166666666438,100.47836666666664,-68.63566666666672,121.77373333333335,1.9,1.68,0.07,1.68,0.28,0.6,0.07,0.08,0.07,0.53,1.8,1.7,0.46,1.7,0.26,0.8,0.49,0.05,0.49,0.6,1.9,1.66,0.12,1.66,0.83,1.7,1.6,0.04,1.6,0.42,1.8,1.76,0.16,1.76,0.2,1.6,1.58,0.11,1.58,0.14,1.4,1.03,0.06,1.03,0.63,1.8,1.72,0.04,1.72,0.39,1.7,1.48,0.05,1.48,0.68,1.7,1.5,0.45,1.5,0.72
10.981999999999974,209.93103448275775,2.1334482758621127,180.81275862068892,-5.217241379310309,-106.31137931034434,24.0,-4.5797931034480435,-5.397724137929907,30.04241379310361,-32.25265517241443,16.039551724137862,-8.803965517241137,100.58072413793096,-68.8175517241377,121.96596551724119,1.9,1.68,0.07,1.68,0.28,0.6,0.07,0.08,0.07,0.53,1.8,1.7,0.46,1.7,0.26,0.8,0.49,0.05,0.49,0.6,1.9,1.66,0.12,1.66,0.83,1.7,1.6,0.04,1.6,0.42,1.8,1.76,0.16,1.76,0.2,1.6,1.58,0.11,1.58,0.14,1.4,1.03,0.06,1.03,0.63,1.8,1.72,0.04,1.72,0.39,1.7,1.48,0.05,1.48,0.68,1.7,1.5,0.45,1.5,0.72
11.031999999999975,211.6206896551716,2.038965517241421,182.2051724137924,-5.284827586206863,-107.26758620689608,24.224137931034317,-5.151379310344515,-7.553137931033423,28.44600000000111,-31.040586206897146,16.25534482758608,-9.267068965517014,100.61668965517244,-68.88965517241385,122.02886206896557,1.9,1.68,0.07,1.68,0.28,0.6,0.07,0.08,0.07,0.53,1.8,1.7,0.46,1.7,0.26,0.8,0.49,0.05,0.49,0.6,1.9,1.66,0.12,1.66,0.83,1.7,1.6,0.04,1.6,0.42,1.8,1.76,0.16,1.76,0.2,1.6,1.58,0.11,1.58,0.14,1.4,1.03,0.06,1.03,0.63,1.8,1.72,0.04,1.72,0.39,1.7,1.48,0.05,1.48,0.68,1.7,1.5,0.45,1.5,0.72
11.081999999999976,213.2999999999992,1.9290000000000567,183.58599999999933,-5.348999999999975,-108.22399999999952,25.309999999999434,-5.558199999999851,-9.697099999999022,26.770500000000638,-29.774900000000713,16.284200000000045,-9.704899999999851,100.83119999999984,-69.00309999999988,122.2694999999998,1.9,1.68,0.07,1.68,0.28,0.6,0.07,0.08,0.07,0.53,1.8,1.7,0.46,1.7,0.26,0.8,0.49,0.05,0.49,0.6,1.9,1.66,0.12,1.66,0.83,1.7,1.6,0.04,1.6,0.42,1.8,1.76,0.16,1.76,0.2,1.6,1.58,0.11,1.58,0.14,1.4,1.03,0.06,1.03,0.63,1.8,1.72,0.04,1.72,0.39,1.7,1.48,0.05,1.48,0.68,1.7,1.5,0.45,1.5,0.72
11.131999999999975,214.99999999999915,1.8200000000000516,184.97999999999928,-5.4099999999999655,-109.18999999999951,25.200000000000514,-5.998999999999732,-11.056999999999558,25.742000000000413,-27.265000000001628,16.18800000000005,-9.32000000000044,101.05699999999993,-69.3299999999998,122.63799999999983,1.9,1.68,0.07,1.68,0.28,0.6,0.07,0.08,0.07,0.53,1.8,1.7,0.46,1.7,0.26,0.8,0.49,0.05,0.49,0.6,1.9,1.66,0.12,1.66,0.83,1.7,1.6,0.04,1.6,0.42,1.8,1.76,0.16,1.76,0.2,1.6,1.58,0.11,1.58,0.14,1.4,1.03,0.06,1.03,0.63,1.8,1.72,0.04,1.72,0.39,1.7,1.48,0.05,1.48,0.68,1.7,1.5,0.45,1.5,0.72
11.181999999999974,216.6999999999991,1.7180000000000533,186.38399999999928,-5.460999999999974,-110.1519999999995,24.83000000000009,-6.932099999999402,-10.866300000000392,22.53620000000233,-24.186100000001566,16.119300000000027,-8.17920000000067,101.25709999999988,-69.46029999999999,122.8656999999999,1.9,1.68,0.07,1.68,0.28,0.6,0.07,0.08,0.07,0.53,1.8,1.7,0.46,1.7,0.26,0.8,0.49,0.05,0.49,0.6,1.9,1.66,0.12,1.66,0.83,1.7,1.6,0.04,1.6,0.42,1.8,1.76,0.16,1.76,0.2,1.6,1.58,0.11,1.58,0.14,1.4,1.03,0.06,1.03,0.63,1.8,1.72,0.04,1.72,0.39,1.7,1.48,0.05,1.48,0.68,1.7,1.5,0.45,1.5,0.72
11.231999999999974,218.41379310344738,1.6051724137931576,187.79931034482686,-5.502413793103421,-111.12172413793053,24.517241379310526,-7.900206896551266,-10.114344827586603,19.113379310346332,-21.16855172413952,15.878068965517421,-6.8916551724144695,101.31920689655175,-69.57603448275853,122.9733793103448,2.1,1.81,0.12,1.81,0.22,0.6,0.03,0.05,0.03,0.51,1.7,1.64,0.29,1.64,0.11,0.8,0.48,0.04,0.48,0.59,1.8,1.54,0.06,1.54,0.89,1.6,1.51,0.04,1.51,0.43,1.8,1.77,0.11,1.77,0.1,1.6,1.59,0.06,1.59,0.24,1.5,1.03,0.06,1.03,0.88,1.9,1.85,0.11,1.85,0.18,1.7,1.46,0.1,1.46,0.56,1.7,1.37,0.36,1.37,0.78
11.281999999999975,220.1333333333325,1.4806666666667254,189.21066666666596,-5.586666666666624,-112.09599999999952,21.50666666666852,-8.899666666666196,-9.343266666667132,15.22946666666879,-18.147066666668074,15.245133333333786,-5.611000000000542,101.48346666666653,-69.58886666666666,123.12486666666655,2.1,1.81,0.12,1.81,0.22,0.6,0.03,0.05,0.03,0.51,1.7,1.64,0.29,1.64,0.11,0.8,0.48,0.04,0.48,0.59,1.8,1.54,0.06,1.54,0.89,1.6,1.51,0.04,1.51,0.43,1.8,1.77,0.11,1.77,0.1,1.6,1.59,0.06,1.59,0.24,1.5,1.03,0.06,1.03,0.88,1.9,1.85,0.11,1.85,0.18,1.7,1.46,0.1,1.46,0.56,1.7,1.37,0.36,1.37,0.78
11.331999999999974,221.82758620689566,1.3537931034483468,190.60862068965446,-5.663103448275827,-113.05344827586158,18.689655172414767,-9.716862068965161,-8.182896551724866,11.049172413795235,-15.507103448277135,14.14572413793171,-4.7375172413796465,101.77527586206881,-69.74251724137916,123.45924137931013,2.1,1.81,0.12,1.81,0.22,0.6,0.03,0.05,0.03,0.51,1.7,1.64,0.29,1.64,0.11,0.8,0.48,0.04,0.48,0.59,1.8,1.54,0.06,1.54,0.89,1.6,1.51,0.04,1.51,0.43,1.8,1.77,0.11,1.77,0.1,1.6,1.59,0.06,1.59,0.24,1.5,1.03,0.06,1.03,0.88,1.9,1.85,0.11,1.85,0.18,1.7,1.46,0.1,1.46,0.56,1.7,1.37,0.36,1.37,0.78
11.381999999999973,223.57142857142762,1.2357142857143433,192.05428571428493,-5.717142857142829,-114.02999999999946,17.042857142857912,-9.64357142857169,-7.25528571428608,7.8614285714300385,-14.079000000000477,12.763857142857917,-4.5168571428571385,102.3547142857139,-69.90214285714282,124.03571428571392,2.1,1.81,0.12,1.81,0.22,0.6,0.03,0.05,0.03,0.51,1.7,1.64,0.29,1.64,0.11,0.8,0.48,0.04,0.48,0.59,1.8,1.54,0.06,1.54,0.89,1.6,1.51,0.04,1.51,0.43,1.8,1.77,0.11,1.77,0.1,1.6,1.59,0.06,1.59,0.24,1.5,1.03,0.06,1.03,0.88,1.9,1.85,0.11,1.85,0.18,1.7,1.46,0.1,1.46,0.56,1.7,1.37,0.36,1.37,0.78
11.431999999999974,225.3103448275853,1.115172413793176,193.49758620689582,-5.759310344827559,-115.00379310344776,15.65172413793176,-9.171586206896798,-6.592758620690001,5.204793103449661,-13.213758620690106,11.360551724138663,-4.525551724137927,103.06593103448239,-69.98982758620686,124.68737931034448,2.1,1.81,0.12,1.81,0.22,0.6,0.03,0.05,0.03,0.51,1.7,1.64,0.29,1.64,0.11,0.8,0.48,0.04,0.48,0.59,1.8,1.54,0.06,1.54,0.89,1.6,1.51,0.04,1.51,0.43,1.8,1.77,0.11,1.77,0.1,1.6,1.59,0.06,1.59,0.24,1.5,1.03,0.06,1.03,0.88,1.9,1.85,0.11,1.85,0.18,1.7,1.46,0.1,1.46,0.56,1.7,1.37,0.36,1.37,0.78
11.481999999999974,227.06896551724049,0.9844827586207613,194.9472413793096,-5.811379310344809,-115.98793103448227,14.344827586207613,-8.693310344827829,-5.921724137931376,2.5175517241393006,-12.338724137931479,9.94127586206969,-4.534344827586202,103.78620689655135,-70.07851724137927,125.34799999999966,2.1,1.88,0.14,1.88,0.01,0.6,0.03,0.03,0.03,0.5,1.7,1.65,0.25,1.65,0.01,0.8,0.46,0.0,0.46,0.56,2.0,1.81,0.23,1.81,0.78,1.4,1.35,0.18,1.35,0.42,1.9,1.83,0.05,1.83,0.14,1.7,1.65,0.0,1.65,0.23,1.5,1.02,0.02,1.02,0.83,1.8,1.83,0.09,1.83,0.12,1.7,1.46,0.11,1.46,0.52,1.6,1.3,0.23,1.3,0.66
11.531999999999973,228.79310344827493,0.8386206896552558,196.3782758620682,-5.853793103448249,-116.94413793103396,12.965517241380052,-8.225275862069218,-5.264034482758975,-0.11944827586065032,-11.481034482759082,8.548965517242127,-4.542965517241374,104.49137931034444,-70.16565517241375,125.99879310344792,2.1,1.88,0.14,1.88,0.01,0.6,0.03,0.03,0.03,0.5,1.7,1.65,0.25,1.65,0.01,0.8,0.46,0.0,0.46,0.56,2.0,1.81,0.23,1.81,0.78,1.4,1.35,0.18,1.35,0.42,1.9,1.83,0.05,1.83,0.14,1.7,1.65,0.0,1.65,0.23,1.5,1.02,0.02,1.02,0.83,1.8,1.83,0.09,1.83,0.12,1.7,1.46,0.11,1.46,0.52,1.6,1.3,0.23,1.3,0.66
11.581999999999972,230.55172413793005,0.6958620689655954,197.84793103448195,-5.912068965517202,-117.92344827586153,11.71379310344896,-7.0828965517249625,-4.597448275862439,-2.3533103448264745,-10.611000000000482,7.288896551724792,-4.55175862068965,104.81451724137925,-70.05158620689667,126.22665517241379,2.1,1.88,0.14,1.88,0.01,0.6,0.03,0.03,0.03,0.5,1.7,1.65,0.25,1.65,0.01,0.8,0.46,0.0,0.46,0.56,2.0,1.81,0.23,1.81,0.78,1.4,1.35,0.18,1.35,0.42,1.9,1.83,0.05,1.83,0.14,1.7,1.65,0.0,1.65,0.23,1.5,1.02,0.02,1.02,0.83,1.8,1.83,0.09,1.83,0.12,1.7,1.46,0.11,1.46,0.52,1.6,1.3,0.23,1.3,0.66
11.631999999999973,232.22580645161202,0.5129032258065566,199.22516129032186,-6.038064516128962,-118.87096774193498,11.2,-5.29635483870997,-4.094483870967461,-2.7859354838712003,-9.670419354839447,6.726967741935573,-4.570838709677377,103.60467741935568,-69.9850967741934,125.15687096774256,2.1,1.88,0.14,1.88,0.01,0.6,0.03,0.03,0.03,0.5,1.7,1.65,0.25,1.65,0.01,0.8,0.46,0.0,0.46,0.56,2.0,1.81,0.23,1.81,0.78,1.4,1.35,0.18,1.35,0.42,1.9,1.83,0.05,1.83,0.14,1.7,1.65,0.0,1.65,0.23,1.5,1.02,0.02,1.02,0.83,1.8,1.83,0.09,1.83,0.12,1.7,1.46,0.11,1.46,0.52,1.6,1.3,0.23,1.3,0.66
11.681999999999974,233.896551724137,0.31241379310355905,200.6041379310337,-6.13586206896548,-119.83999999999946,11.379310344827402,-7.876379310341905,-6.755620689652688,-2.1962758620693608,-7.364655172415494,6.737655172413701,-4.777448275861894,102.73658620689667,-70.93199999999918,124.9524482758617,2.1,1.88,0.14,1.88,0.01,0.6,0.03,0.03,0.03,0.5,1.7,1.65,0.25,1.65,0.01,0.8,0.46,0.0,0.46,0.56,2.0,1.81,0.23,1.81,0.78,1.4,1.35,0.18,1.35,0.42,1.9,1.83,0.05,1.83,0.14,1.7,1.65,0.0,1.65,0.23,1.5,1.02,0.02,1.02,0.83,1.8,1.83,0.09,1.83,0.12,1.7,1.46,0.11,1.46,0.52,1.6,1.3,0.23,1.3,0.66
11.731999999999973,235.62068965517145,0.1055172413794249,202.01275862068889,-6.214827586206859,-120.85241379310287,9.03448275862279,-20.512482758611604,-17.131275862061553,-3.0156551724128864,-3.9766206896571092,5.932793103449005,-3.655206896552767,99.9099655172437,-70.7745172413799,122.5601379310367,2.1,1.88,0.14,1.88,0.01,0.6,0.03,0.03,0.03,0.5,1.7,1.65,0.25,1.65,0.01,0.8,0.46,0.0,0.46,0.56,2.0,1.81,0.23,1.81,0.78,1.4,1.35,0.18,1.35,0.42,1.9,1.83,0.05,1.83,0.14,1.7,1.65,0.0,1.65,0.23,1.5,1.02,0.02,1.02,0.83,1.8,1.83,0.09,1.83,0.12,1.7,1.46,0.11,1.46,0.52,1.6,1.3,0.23,1.3,0.66
