Position;Height above ground [m];Time;X [m];Y [m];Z [m];Opening Angle [°];Stalling Angle Left [°];Stalling Angle Right [°];Roll Angle Left [°];Roll Angle Right [°];Yaw Angle Left [°];Yaw Angle Right [°];Speed hor. [km/h];Speed vert. [km/h];Speed resulting [km/h];WindTime|WindName|WindSpeed|WindSpeedTangent|WindTurbulence|WindSpeedCleanTan|WindSpeedCross
-95.51;NaN;0001-01-01T00:00:00.0000000+01:00;-83.04;0.00;44.40;NaN;NaN;NaN;NaN;NaN;NaN;NaN;0.000;0.000;0.000;"0001-01-01T00:00:00.045+01:00|W1|0.7|0.04|0.20|0.04|0.47;0001-01-01T00:00:00.045+01:00|W2|0.9|-0.02|0.09|-0.02|0.37;0001-01-01T00:00:00.045+01:00|W3|0.6|0.25|0.12|0.25|0.57;0001-01-01T00:00:00.045+01:00|W4|0.6|0.55|0.14|0.55|0.21;0001-01-01T00:00:00.045+01:00|W5|0.8|0.51|0.09|0.51|0.52;0001-01-01T00:00:00.045+01:00|W6|1.0|-0.96|0.44|-0.96|0.25;0001-01-01T00:00:00.045+01:00|W7|1.0|-0.07|0.03|-0.07|0.99;0001-01-01T00:00:00.045+01:00|W8|1.5|-0.98|0.05|-0.98|0.89;0001-01-01T00:00:00.045+01:00|W9|0.7|-0.52|0.07|-0.52|0.44;0001-01-01T00:00:00.045+01:00|W10|0.3|0.10|0.39|0.10|0.21;0001-01-01T00:00:00.045+01:00|W11|0.3|-0.22|0.01|-0.22|0.26;0001-01-01T00:00:00.045+01:00|W12|0.5|0.50|0.01|0.50|0.14"
0.00;2.93;0001-01-01T00:00:04.2600000+01:00;0.03;0.00;-0.01;0.0;-11.500;-11.500;0.000;0.000;0.000;0.000;98.600;-20.060;100.620;"0001-01-01T00:00:04.292+01:00|W1|1.0|0.23|0.04|0.23|0.93;0001-01-01T00:00:04.292+01:00|W2|0.5|0.21|0.13|0.21|0.24;0001-01-01T00:00:04.292+01:00|W3|0.7|0.10|0.01|0.10|0.66;0001-01-01T00:00:04.292+01:00|W4|0.7|-0.16|0.17|-0.16|0.18;0001-01-01T00:00:04.292+01:00|W5|1.5|0.64|0.48|0.64|1.23;0001-01-01T00:00:04.292+01:00|W6|0.9|-0.86|0.30|-0.86|0.02;0001-01-01T00:00:04.292+01:00|W7|0.9|-0.04|0.08|-0.04|0.92;0001-01-01T00:00:04.292+01:00|W8|1.7|-1.46|0.10|-1.46|0.88;0001-01-01T00:00:04.292+01:00|W9|0.7|-0.48|0.06|-0.48|0.47;0001-01-01T00:00:04.292+01:00|W10|0.9|-0.66|0.38|-0.66|0.57;0001-01-01T00:00:04.292+01:00|W11|0.4|-0.20|0.06|-0.20|0.35;0001-01-01T00:00:04.292+01:00|W12|0.5|0.49|0.07|0.49|0.14"
1.00;2.84;0001-01-01T00:00:04.4510000+01:00;1.33;0.01;-0.24;2.5;-10.502;-9.792;-7.661;4.911;1.108;-1.455;97.272;-12.354;98.053;"0001-01-01T00:00:04.543+01:00|W1|1.0|0.29|0.03|0.29|0.92;0001-01-01T00:00:04.543+01:00|W2|0.5|0.21|0.09|0.21|0.21;0001-01-01T00:00:04.543+01:00|W3|0.7|0.07|0.04|0.07|0.68;0001-01-01T00:00:04.543+01:00|W4|0.4|-0.21|0.16|-0.21|0.27;0001-01-01T00:00:04.543+01:00|W5|1.4|0.39|0.28|0.39|1.22;0001-01-01T00:00:04.543+01:00|W6|0.8|-0.80|0.36|-0.80|0.02;0001-01-01T00:00:04.543+01:00|W7|0.9|-0.09|0.06|-0.09|0.93;0001-01-01T00:00:04.543+01:00|W8|1.8|-1.41|0.14|-1.41|1.02;0001-01-01T00:00:04.543+01:00|W9|0.8|-0.50|0.11|-0.50|0.52;0001-01-01T00:00:04.543+01:00|W10|0.8|-0.69|0.27|-0.69|0.37;0001-01-01T00:00:04.543+01:00|W11|0.4|-0.21|0.07|-0.21|0.37;0001-01-01T00:00:04.543+01:00|W12|0.5|0.46|0.09|0.46|0.12"
2.00;2.86;0001-01-01T00:00:04.4900000+01:00;2.37;0.01;-0.37;4.4;-6.154;-5.701;-7.157;6.622;2.012;-2.412;96.521;-11.668;97.224;"0001-01-01T00:00:04.543+01:00|W1|1.0|0.29|0.03|0.29|0.92;0001-01-01T00:00:04.543+01:00|W2|0.5|0.21|0.09|0.21|0.21;0001-01-01T00:00:04.543+01:00|W3|0.7|0.07|0.04|0.07|0.68;0001-01-01T00:00:04.543+01:00|W4|0.4|-0.21|0.16|-0.21|0.27;0001-01-01T00:00:04.543+01:00|W5|1.4|0.39|0.28|0.39|1.22;0001-01-01T00:00:04.543+01:00|W6|0.8|-0.80|0.36|-0.80|0.02;0001-01-01T00:00:04.543+01:00|W7|0.9|-0.09|0.06|-0.09|0.93;0001-01-01T00:00:04.543+01:00|W8|1.8|-1.41|0.14|-1.41|1.02;0001-01-01T00:00:04.543+01:00|W9|0.8|-0.50|0.11|-0.50|0.52;0001-01-01T00:00:04.543+01:00|W10|0.8|-0.69|0.27|-0.69|0.37;0001-01-01T00:00:04.543+01:00|W11|0.4|-0.21|0.07|-0.21|0.37;0001-01-01T00:00:04.543+01:00|W12|0.5|0.46|0.09|0.46|0.12"
3.00;2.90;0001-01-01T00:00:04.5290000+01:00;3.41;0.02;-0.49;7.4;-1.218;-0.953;-3.310;5.618;3.674;-3.758;96.637;-12.271;97.414;"0001-01-01T00:00:04.543+01:00|W1|1.0|0.29|0.03|0.29|0.92;0001-01-01T00:00:04.543+01:00|W2|0.5|0.21|0.09|0.21|0.21;0001-01-01T00:00:04.543+01:00|W3|0.7|0.07|0.04|0.07|0.68;0001-01-01T00:00:04.543+01:00|W4|0.4|-0.21|0.16|-0.21|0.27;0001-01-01T00:00:04.543+01:00|W5|1.4|0.39|0.28|0.39|1.22;0001-01-01T00:00:04.543+01:00|W6|0.8|-0.80|0.36|-0.80|0.02;0001-01-01T00:00:04.543+01:00|W7|0.9|-0.09|0.06|-0.09|0.93;0001-01-01T00:00:04.543+01:00|W8|1.8|-1.41|0.14|-1.41|1.02;0001-01-01T00:00:04.543+01:00|W9|0.8|-0.50|0.11|-0.50|0.52;0001-01-01T00:00:04.543+01:00|W10|0.8|-0.69|0.27|-0.69|0.37;0001-01-01T00:00:04.543+01:00|W11|0.4|-0.21|0.07|-0.21|0.37;0001-01-01T00:00:04.543+01:00|W12|0.5|0.46|0.09|0.46|0.12"
4.00;2.94;0001-01-01T00:00:04.5670000+01:00;4.45;0.03;-0.62;11.2;2.841;3.436;-2.187;4.459;5.975;-5.259;96.942;-13.095;97.825;"0001-01-01T00:00:04.543+01:00|W1|1.0|0.29|0.03|0.29|0.92;0001-01-01T00:00:04.543+01:00|W2|0.5|0.21|0.09|0.21|0.21;0001-01-01T00:00:04.543+01:00|W3|0.7|0.07|0.04|0.07|0.68;0001-01-01T00:00:04.543+01:00|W4|0.4|-0.21|0.16|-0.21|0.27;0001-01-01T00:00:04.543+01:00|W5|1.4|0.39|0.28|0.39|1.22;0001-01-01T00:00:04.543+01:00|W6|0.8|-0.80|0.36|-0.80|0.02;0001-01-01T00:00:04.543+01:00|W7|0.9|-0.09|0.06|-0.09|0.93;0001-01-01T00:00:04.543+01:00|W8|1.8|-1.41|0.14|-1.41|1.02;0001-01-01T00:00:04.543+01:00|W9|0.8|-0.50|0.11|-0.50|0.52;0001-01-01T00:00:04.543+01:00|W10|0.8|-0.69|0.27|-0.69|0.37;0001-01-01T00:00:04.543+01:00|W11|0.4|-0.21|0.07|-0.21|0.37;0001-01-01T00:00:04.543+01:00|W12|0.5|0.46|0.09|0.46|0.12"
5.00;2.98;0001-01-01T00:00:04.6050000+01:00;5.48;0.03;-0.77;15.4;5.549;7.093;-5.905;4.261;8.756;-6.790;97.116;-13.648;98.074;"0001-01-01T00:00:04.543+01:00|W1|1.0|0.29|0.03|0.29|0.92;0001-01-01T00:00:04.543+01:00|W2|0.5|0.21|0.09|0.21|0.21;0001-01-01T00:00:04.543+01:00|W3|0.7|0.07|0.04|0.07|0.68;0001-01-01T00:00:04.543+01:00|W4|0.4|-0.21|0.16|-0.21|0.27;0001-01-01T00:00:04.543+01:00|W5|1.4|0.39|0.28|0.39|1.22;0001-01-01T00:00:04.543+01:00|W6|0.8|-0.80|0.36|-0.80|0.02;0001-01-01T00:00:04.543+01:00|W7|0.9|-0.09|0.06|-0.09|0.93;0001-01-01T00:00:04.543+01:00|W8|1.8|-1.41|0.14|-1.41|1.02;0001-01-01T00:00:04.543+01:00|W9|0.8|-0.50|0.11|-0.50|0.52;0001-01-01T00:00:04.543+01:00|W10|0.8|-0.69|0.27|-0.69|0.37;0001-01-01T00:00:04.543+01:00|W11|0.4|-0.21|0.07|-0.21|0.37;0001-01-01T00:00:04.543+01:00|W12|0.5|0.46|0.09|0.46|0.12"
6.00;3.04;0001-01-01T00:00:04.6430000+01:00;6.51;0.03;-0.92;19.6;8.256;10.749;-9.623;4.063;11.535;-8.320;97.290;-14.200;98.325;"0001-01-01T00:00:04.543+01:00|W1|1.0|0.29|0.03|0.29|0.92;0001-01-01T00:00:04.543+01:00|W2|0.5|0.21|0.09|0.21|0.21;0001-01-01T00:00:04.543+01:00|W3|0.7|0.07|0.04|0.07|0.68;0001-01-01T00:00:04.543+01:00|W4|0.4|-0.21|0.16|-0.21|0.27;0001-01-01T00:00:04.543+01:00|W5|1.4|0.39|0.28|0.39|1.22;0001-01-01T00:00:04.543+01:00|W6|0.8|-0.80|0.36|-0.80|0.02;0001-01-01T00:00:04.543+01:00|W7|0.9|-0.09|0.06|-0.09|0.93;0001-01-01T00:00:04.543+01:00|W8|1.8|-1.41|0.14|-1.41|1.02;0001-01-01T00:00:04.543+01:00|W9|0.8|-0.50|0.11|-0.50|0.52;0001-01-01T00:00:04.543+01:00|W10|0.8|-0.69|0.27|-0.69|0.37;0001-01-01T00:00:04.543+01:00|W11|0.4|-0.21|0.07|-0.21|0.37;0001-01-01T00:00:04.543+01:00|W12|0.5|0.46|0.09|0.46|0.12"
7.00;3.10;0001-01-01T00:00:04.6810000+01:00;7.54;0.04;-1.09;23.7;9.732;13.283;-6.849;1.925;14.423;-9.775;97.653;-16.575;99.054;"0001-01-01T00:00:04.797+01:00|W1|1.0|0.29|0.02|0.29|0.93;0001-01-01T00:00:04.797+01:00|W2|0.5|0.19|0.02|0.19|0.16;0001-01-01T00:00:04.797+01:00|W3|0.8|0.07|0.06|0.07|0.70;0001-01-01T00:00:04.797+01:00|W4|0.4|-0.08|0.13|-0.08|0.37;0001-01-01T00:00:04.797+01:00|W5|1.3|0.42|0.18|0.42|1.14;0001-01-01T00:00:04.797+01:00|W6|0.8|-0.76|0.39|-0.76|0.03;0001-01-01T00:00:04.797+01:00|W7|1.0|-0.13|0.01|-0.13|0.97;0001-01-01T00:00:04.797+01:00|W8|1.8|-1.37|0.14|-1.37|1.05;0001-01-01T00:00:04.797+01:00|W9|0.8|-0.47|0.07|-0.47|0.53;0001-01-01T00:00:04.797+01:00|W10|0.8|-0.68|0.20|-0.68|0.28;0001-01-01T00:00:04.797+01:00|W11|0.4|-0.21|0.08|-0.21|0.38;0001-01-01T00:00:04.797+01:00|W12|0.5|0.45|0.09|0.45|0.13"
8.00;3.16;0001-01-01T00:00:04.7190000+01:00;8.57;0.05;-1.26;27.5;10.240;14.648;-3.402;-0.819;17.041;-11.160;97.599;-17.739;99.201;"0001-01-01T00:00:04.797+01:00|W1|1.0|0.29|0.02|0.29|0.93;0001-01-01T00:00:04.797+01:00|W2|0.5|0.19|0.02|0.19|0.16;0001-01-01T00:00:04.797+01:00|W3|0.8|0.07|0.06|0.07|0.70;0001-01-01T00:00:04.797+01:00|W4|0.4|-0.08|0.13|-0.08|0.37;0001-01-01T00:00:04.797+01:00|W5|1.3|0.42|0.18|0.42|1.14;0001-01-01T00:00:04.797+01:00|W6|0.8|-0.76|0.39|-0.76|0.03;0001-01-01T00:00:04.797+01:00|W7|1.0|-0.13|0.01|-0.13|0.97;0001-01-01T00:00:04.797+01:00|W8|1.8|-1.37|0.14|-1.37|1.05;0001-01-01T00:00:04.797+01:00|W9|0.8|-0.47|0.07|-0.47|0.53;0001-01-01T00:00:04.797+01:00|W10|0.8|-0.68|0.20|-0.68|0.28;0001-01-01T00:00:04.797+01:00|W11|0.4|-0.21|0.08|-0.21|0.38;0001-01-01T00:00:04.797+01:00|W12|0.5|0.45|0.09|0.45|0.13"
9.00;3.23;0001-01-01T00:00:04.7570000+01:00;9.59;0.06;-1.45;30.9;10.119;14.939;-0.697;-3.879;19.125;-12.503;97.150;-17.493;98.714;"0001-01-01T00:00:04.797+01:00|W1|1.0|0.29|0.02|0.29|0.93;0001-01-01T00:00:04.797+01:00|W2|0.5|0.19|0.02|0.19|0.16;0001-01-01T00:00:04.797+01:00|W3|0.8|0.07|0.06|0.07|0.70;0001-01-01T00:00:04.797+01:00|W4|0.4|-0.08|0.13|-0.08|0.37;0001-01-01T00:00:04.797+01:00|W5|1.3|0.42|0.18|0.42|1.14;0001-01-01T00:00:04.797+01:00|W6|0.8|-0.76|0.39|-0.76|0.03;0001-01-01T00:00:04.797+01:00|W7|1.0|-0.13|0.01|-0.13|0.97;0001-01-01T00:00:04.797+01:00|W8|1.8|-1.37|0.14|-1.37|1.05;0001-01-01T00:00:04.797+01:00|W9|0.8|-0.47|0.07|-0.47|0.53;0001-01-01T00:00:04.797+01:00|W10|0.8|-0.68|0.20|-0.68|0.28;0001-01-01T00:00:04.797+01:00|W11|0.4|-0.21|0.08|-0.21|0.38;0001-01-01T00:00:04.797+01:00|W12|0.5|0.45|0.09|0.45|0.13"
10.00;3.29;0001-01-01T00:00:04.7940000+01:00;10.61;0.07;-1.65;33.2;10.344;14.560;2.316;-7.631;20.099;-13.895;97.051;-18.391;98.780;"0001-01-01T00:00:04.797+01:00|W1|1.0|0.29|0.02|0.29|0.93;0001-01-01T00:00:04.797+01:00|W2|0.5|0.19|0.02|0.19|0.16;0001-01-01T00:00:04.797+01:00|W3|0.8|0.07|0.06|0.07|0.70;0001-01-01T00:00:04.797+01:00|W4|0.4|-0.08|0.13|-0.08|0.37;0001-01-01T00:00:04.797+01:00|W5|1.3|0.42|0.18|0.42|1.14;0001-01-01T00:00:04.797+01:00|W6|0.8|-0.76|0.39|-0.76|0.03;0001-01-01T00:00:04.797+01:00|W7|1.0|-0.13|0.01|-0.13|0.97;0001-01-01T00:00:04.797+01:00|W8|1.8|-1.37|0.14|-1.37|1.05;0001-01-01T00:00:04.797+01:00|W9|0.8|-0.47|0.07|-0.47|0.53;0001-01-01T00:00:04.797+01:00|W10|0.8|-0.68|0.20|-0.68|0.28;0001-01-01T00:00:04.797+01:00|W11|0.4|-0.21|0.08|-0.21|0.38;0001-01-01T00:00:04.797+01:00|W12|0.5|0.45|0.09|0.45|0.13"
11.00;3.37;0001-01-01T00:00:04.8320000+01:00;11.63;0.07;-1.85;35.5;10.569;14.180;5.329;-11.382;21.073;-15.287;96.951;-19.288;98.853;"0001-01-01T00:00:04.797+01:00|W1|1.0|0.29|0.02|0.29|0.93;0001-01-01T00:00:04.797+01:00|W2|0.5|0.19|0.02|0.19|0.16;0001-01-01T00:00:04.797+01:00|W3|0.8|0.07|0.06|0.07|0.70;0001-01-01T00:00:04.797+01:00|W4|0.4|-0.08|0.13|-0.08|0.37;0001-01-01T00:00:04.797+01:00|W5|1.3|0.42|0.18|0.42|1.14;0001-01-01T00:00:04.797+01:00|W6|0.8|-0.76|0.39|-0.76|0.03;0001-01-01T00:00:04.797+01:00|W7|1.0|-0.13|0.01|-0.13|0.97;0001-01-01T00:00:04.797+01:00|W8|1.8|-1.37|0.14|-1.37|1.05;0001-01-01T00:00:04.797+01:00|W9|0.8|-0.47|0.07|-0.47|0.53;0001-01-01T00:00:04.797+01:00|W10|0.8|-0.68|0.20|-0.68|0.28;0001-01-01T00:00:04.797+01:00|W11|0.4|-0.21|0.08|-0.21|0.38;0001-01-01T00:00:04.797+01:00|W12|0.5|0.45|0.09|0.45|0.13"
12.00;3.45;0001-01-01T00:00:04.8700000+01:00;12.65;0.08;-2.06;37.1;10.725;13.620;7.412;-15.244;21.455;-16.496;96.838;-20.411;98.967;"0001-01-01T00:00:04.797+01:00|W1|1.0|0.29|0.02|0.29|0.93;0001-01-01T00:00:04.797+01:00|W2|0.5|0.19|0.02|0.19|0.16;0001-01-01T00:00:04.797+01:00|W3|0.8|0.07|0.06|0.07|0.70;0001-01-01T00:00:04.797+01:00|W4|0.4|-0.08|0.13|-0.08|0.37;0001-01-01T00:00:04.797+01:00|W5|1.3|0.42|0.18|0.42|1.14;0001-01-01T00:00:04.797+01:00|W6|0.8|-0.76|0.39|-0.76|0.03;0001-01-01T00:00:04.797+01:00|W7|1.0|-0.13|0.01|-0.13|0.97;0001-01-01T00:00:04.797+01:00|W8|1.8|-1.37|0.14|-1.37|1.05;0001-01-01T00:00:04.797+01:00|W9|0.8|-0.47|0.07|-0.47|0.53;0001-01-01T00:00:04.797+01:00|W10|0.8|-0.68|0.20|-0.68|0.28;0001-01-01T00:00:04.797+01:00|W11|0.4|-0.21|0.08|-0.21|0.38;0001-01-01T00:00:04.797+01:00|W12|0.5|0.45|0.09|0.45|0.13"
13.00;3.53;0001-01-01T00:00:04.9080000+01:00;13.67;0.09;-2.27;38.0;10.603;12.753;8.599;-18.645;21.324;-17.514;96.737;-21.536;99.108;"0001-01-01T00:00:04.797+01:00|W1|1.0|0.29|0.02|0.29|0.93;0001-01-01T00:00:04.797+01:00|W2|0.5|0.19|0.02|0.19|0.16;0001-01-01T00:00:04.797+01:00|W3|0.8|0.07|0.06|0.07|0.70;0001-01-01T00:00:04.797+01:00|W4|0.4|-0.08|0.13|-0.08|0.37;0001-01-01T00:00:04.797+01:00|W5|1.3|0.42|0.18|0.42|1.14;0001-01-01T00:00:04.797+01:00|W6|0.8|-0.76|0.39|-0.76|0.03;0001-01-01T00:00:04.797+01:00|W7|1.0|-0.13|0.01|-0.13|0.97;0001-01-01T00:00:04.797+01:00|W8|1.8|-1.37|0.14|-1.37|1.05;0001-01-01T00:00:04.797+01:00|W9|0.8|-0.47|0.07|-0.47|0.53;0001-01-01T00:00:04.797+01:00|W10|0.8|-0.68|0.20|-0.68|0.28;0001-01-01T00:00:04.797+01:00|W11|0.4|-0.21|0.08|-0.21|0.38;0001-01-01T00:00:04.797+01:00|W12|0.5|0.45|0.09|0.45|0.13"
14.00;3.61;0001-01-01T00:00:04.9460000+01:00;14.67;0.10;-2.50;38.9;9.646;11.307;9.474;-19.914;21.202;-18.414;96.733;-21.907;99.187;"0001-01-01T00:00:05.045+01:00|W1|1.1|0.28|0.05|0.28|0.95;0001-01-01T00:00:05.045+01:00|W2|0.6|0.15|0.03|0.15|0.09;0001-01-01T00:00:05.045+01:00|W3|0.8|0.10|0.04|0.10|0.69;0001-01-01T00:00:05.045+01:00|W4|0.4|-0.08|0.13|-0.08|0.37;0001-01-01T00:00:05.045+01:00|W5|1.3|0.42|0.18|0.42|1.14;0001-01-01T00:00:05.045+01:00|W6|0.8|-0.76|0.39|-0.76|0.03;0001-01-01T00:00:05.045+01:00|W7|1.0|-0.13|0.01|-0.13|0.97;0001-01-01T00:00:05.045+01:00|W8|1.8|-1.37|0.14|-1.37|1.05;0001-01-01T00:00:05.045+01:00|W9|0.8|-0.47|0.07|-0.47|0.53;0001-01-01T00:00:05.045+01:00|W10|0.8|-0.68|0.20|-0.68|0.28;0001-01-01T00:00:05.045+01:00|W11|0.4|-0.21|0.08|-0.21|0.38;0001-01-01T00:00:05.045+01:00|W12|0.5|0.45|0.09|0.45|0.13"
15.00;3.69;0001-01-01T00:00:04.9830000+01:00;15.68;0.11;-2.74;39.3;8.638;10.468;10.394;-20.381;21.174;-18.754;96.758;-22.577;99.364;"0001-01-01T00:00:05.045+01:00|W1|1.1|0.28|0.05|0.28|0.95;0001-01-01T00:00:05.045+01:00|W2|0.6|0.15|0.03|0.15|0.09;0001-01-01T00:00:05.045+01:00|W3|0.8|0.10|0.04|0.10|0.69;0001-01-01T00:00:05.045+01:00|W4|0.4|-0.08|0.13|-0.08|0.37;0001-01-01T00:00:05.045+01:00|W5|1.3|0.42|0.18|0.42|1.14;0001-01-01T00:00:05.045+01:00|W6|0.8|-0.76|0.39|-0.76|0.03;0001-01-01T00:00:05.045+01:00|W7|1.0|-0.13|0.01|-0.13|0.97;0001-01-01T00:00:05.045+01:00|W8|1.8|-1.37|0.14|-1.37|1.05;0001-01-01T00:00:05.045+01:00|W9|0.8|-0.47|0.07|-0.47|0.53;0001-01-01T00:00:05.045+01:00|W10|0.8|-0.68|0.20|-0.68|0.28;0001-01-01T00:00:05.045+01:00|W11|0.4|-0.21|0.08|-0.21|0.38;0001-01-01T00:00:05.045+01:00|W12|0.5|0.45|0.09|0.45|0.13"
16.00;3.78;0001-01-01T00:00:05.0200000+01:00;16.69;0.13;-2.99;39.7;7.623;9.711;11.320;-20.741;21.158;-19.018;96.788;-23.288;99.557;"0001-01-01T00:00:05.045+01:00|W1|1.1|0.28|0.05|0.28|0.95;0001-01-01T00:00:05.045+01:00|W2|0.6|0.15|0.03|0.15|0.09;0001-01-01T00:00:05.045+01:00|W3|0.8|0.10|0.04|0.10|0.69;0001-01-01T00:00:05.045+01:00|W4|0.4|-0.08|0.13|-0.08|0.37;0001-01-01T00:00:05.045+01:00|W5|1.3|0.42|0.18|0.42|1.14;0001-01-01T00:00:05.045+01:00|W6|0.8|-0.76|0.39|-0.76|0.03;0001-01-01T00:00:05.045+01:00|W7|1.0|-0.13|0.01|-0.13|0.97;0001-01-01T00:00:05.045+01:00|W8|1.8|-1.37|0.14|-1.37|1.05;0001-01-01T00:00:05.045+01:00|W9|0.8|-0.47|0.07|-0.47|0.53;0001-01-01T00:00:05.045+01:00|W10|0.8|-0.68|0.20|-0.68|0.28;0001-01-01T00:00:05.045+01:00|W11|0.4|-0.21|0.08|-0.21|0.38;0001-01-01T00:00:05.045+01:00|W12|0.5|0.45|0.09|0.45|0.13"
17.00;3.87;0001-01-01T00:00:05.0580000+01:00;17.70;0.14;-3.23;39.9;6.729;9.076;12.475;-21.174;21.060;-19.208;96.772;-24.017;99.715;"0001-01-01T00:00:05.045+01:00|W1|1.1|0.28|0.05|0.28|0.95;0001-01-01T00:00:05.045+01:00|W2|0.6|0.15|0.03|0.15|0.09;0001-01-01T00:00:05.045+01:00|W3|0.8|0.10|0.04|0.10|0.69;0001-01-01T00:00:05.045+01:00|W4|0.4|-0.08|0.13|-0.08|0.37;0001-01-01T00:00:05.045+01:00|W5|1.3|0.42|0.18|0.42|1.14;0001-01-01T00:00:05.045+01:00|W6|0.8|-0.76|0.39|-0.76|0.03;0001-01-01T00:00:05.045+01:00|W7|1.0|-0.13|0.01|-0.13|0.97;0001-01-01T00:00:05.045+01:00|W8|1.8|-1.37|0.14|-1.37|1.05;0001-01-01T00:00:05.045+01:00|W9|0.8|-0.47|0.07|-0.47|0.53;0001-01-01T00:00:05.045+01:00|W10|0.8|-0.68|0.20|-0.68|0.28;0001-01-01T00:00:05.045+01:00|W11|0.4|-0.21|0.08|-0.21|0.38;0001-01-01T00:00:05.045+01:00|W12|0.5|0.45|0.09|0.45|0.13"
18.00;3.97;0001-01-01T00:00:05.0950000+01:00;18.70;0.15;-3.48;39.4;6.294;8.912;14.516;-21.888;20.648;-19.106;96.580;-24.813;99.725;"0001-01-01T00:00:05.045+01:00|W1|1.1|0.28|0.05|0.28|0.95;0001-01-01T00:00:05.045+01:00|W2|0.6|0.15|0.03|0.15|0.09;0001-01-01T00:00:05.045+01:00|W3|0.8|0.10|0.04|0.10|0.69;0001-01-01T00:00:05.045+01:00|W4|0.4|-0.08|0.13|-0.08|0.37;0001-01-01T00:00:05.045+01:00|W5|1.3|0.42|0.18|0.42|1.14;0001-01-01T00:00:05.045+01:00|W6|0.8|-0.76|0.39|-0.76|0.03;0001-01-01T00:00:05.045+01:00|W7|1.0|-0.13|0.01|-0.13|0.97;0001-01-01T00:00:05.045+01:00|W8|1.8|-1.37|0.14|-1.37|1.05;0001-01-01T00:00:05.045+01:00|W9|0.8|-0.47|0.07|-0.47|0.53;0001-01-01T00:00:05.045+01:00|W10|0.8|-0.68|0.20|-0.68|0.28;0001-01-01T00:00:05.045+01:00|W11|0.4|-0.21|0.08|-0.21|0.38;0001-01-01T00:00:05.045+01:00|W12|0.5|0.45|0.09|0.45|0.13"
19.00;4.07;0001-01-01T00:00:05.1320000+01:00;19.70;0.17;-3.74;38.5;5.769;8.585;15.223;-22.363;19.947;-18.879;96.329;-25.250;99.591;"0001-01-01T00:00:05.045+01:00|W1|1.1|0.28|0.05|0.28|0.95;0001-01-01T00:00:05.045+01:00|W2|0.6|0.15|0.03|0.15|0.09;0001-01-01T00:00:05.045+01:00|W3|0.8|0.10|0.04|0.10|0.69;0001-01-01T00:00:05.045+01:00|W4|0.4|-0.08|0.13|-0.08|0.37;0001-01-01T00:00:05.045+01:00|W5|1.3|0.42|0.18|0.42|1.14;0001-01-01T00:00:05.045+01:00|W6|0.8|-0.76|0.39|-0.76|0.03;0001-01-01T00:00:05.045+01:00|W7|1.0|-0.13|0.01|-0.13|0.97;0001-01-01T00:00:05.045+01:00|W8|1.8|-1.37|0.14|-1.37|1.05;0001-01-01T00:00:05.045+01:00|W9|0.8|-0.47|0.07|-0.47|0.53;0001-01-01T00:00:05.045+01:00|W10|0.8|-0.68|0.20|-0.68|0.28;0001-01-01T00:00:05.045+01:00|W11|0.4|-0.21|0.08|-0.21|0.38;0001-01-01T00:00:05.045+01:00|W12|0.5|0.45|0.09|0.45|0.13"
20.00;4.17;0001-01-01T00:00:05.1700000+01:00;20.70;0.18;-4.01;37.4;5.308;8.278;16.316;-24.029;19.059;-18.619;96.226;-25.997;99.683;"0001-01-01T00:00:05.045+01:00|W1|1.1|0.28|0.05|0.28|0.95;0001-01-01T00:00:05.045+01:00|W2|0.6|0.15|0.03|0.15|0.09;0001-01-01T00:00:05.045+01:00|W3|0.8|0.10|0.04|0.10|0.69;0001-01-01T00:00:05.045+01:00|W4|0.4|-0.08|0.13|-0.08|0.37;0001-01-01T00:00:05.045+01:00|W5|1.3|0.42|0.18|0.42|1.14;0001-01-01T00:00:05.045+01:00|W6|0.8|-0.76|0.39|-0.76|0.03;0001-01-01T00:00:05.045+01:00|W7|1.0|-0.13|0.01|-0.13|0.97;0001-01-01T00:00:05.045+01:00|W8|1.8|-1.37|0.14|-1.37|1.05;0001-01-01T00:00:05.045+01:00|W9|0.8|-0.47|0.07|-0.47|0.53;0001-01-01T00:00:05.045+01:00|W10|0.8|-0.68|0.20|-0.68|0.28;0001-01-01T00:00:05.045+01:00|W11|0.4|-0.21|0.08|-0.21|0.38;0001-01-01T00:00:05.045+01:00|W12|0.5|0.45|0.09|0.45|0.13"
21.00;4.26;0001-01-01T00:00:05.2070000+01:00;21.69;0.19;-4.28;36.2;4.826;7.948;17.606;-26.500;18.075;-18.370;96.247;-27.017;99.976;"0001-01-01T00:00:05.294+01:00|W1|1.0|0.23|0.00|0.23|0.90;0001-01-01T00:00:05.294+01:00|W2|0.5|0.08|0.00|0.08|0.01;0001-01-01T00:00:05.294+01:00|W3|0.8|0.10|0.04|0.10|0.69;0001-01-01T00:00:05.294+01:00|W4|0.7|0.16|0.18|0.16|0.45;0001-01-01T00:00:05.294+01:00|W5|1.2|0.39|0.09|0.39|1.08;0001-01-01T00:00:05.294+01:00|W6|0.8|-0.78|0.34|-0.78|0.08;0001-01-01T00:00:05.294+01:00|W7|1.1|-0.16|0.13|-0.16|1.12;0001-01-01T00:00:05.294+01:00|W8|1.7|-1.11|0.00|-1.11|1.08;0001-01-01T00:00:05.294+01:00|W9|0.8|-0.46|0.06|-0.46|0.55;0001-01-01T00:00:05.294+01:00|W10|0.7|-0.64|0.13|-0.64|0.22;0001-01-01T00:00:05.294+01:00|W11|0.4|-0.21|0.08|-0.21|0.39;0001-01-01T00:00:05.294+01:00|W12|0.5|0.48|0.06|0.48|0.13"
22.00;4.36;0001-01-01T00:00:05.2440000+01:00;22.68;0.20;-4.56;35.3;3.937;7.331;17.412;-27.648;17.232;-18.214;96.203;-27.783;100.143;"0001-01-01T00:00:05.294+01:00|W1|1.0|0.23|0.00|0.23|0.90;0001-01-01T00:00:05.294+01:00|W2|0.5|0.08|0.00|0.08|0.01;0001-01-01T00:00:05.294+01:00|W3|0.8|0.10|0.04|0.10|0.69;0001-01-01T00:00:05.294+01:00|W4|0.7|0.16|0.18|0.16|0.45;0001-01-01T00:00:05.294+01:00|W5|1.2|0.39|0.09|0.39|1.08;0001-01-01T00:00:05.294+01:00|W6|0.8|-0.78|0.34|-0.78|0.08;0001-01-01T00:00:05.294+01:00|W7|1.1|-0.16|0.13|-0.16|1.12;0001-01-01T00:00:05.294+01:00|W8|1.7|-1.11|0.00|-1.11|1.08;0001-01-01T00:00:05.294+01:00|W9|0.8|-0.46|0.06|-0.46|0.55;0001-01-01T00:00:05.294+01:00|W10|0.7|-0.64|0.13|-0.64|0.22;0001-01-01T00:00:05.294+01:00|W11|0.4|-0.21|0.08|-0.21|0.39;0001-01-01T00:00:05.294+01:00|W12|0.5|0.48|0.06|0.48|0.13"
23.00;4.45;0001-01-01T00:00:05.2810000+01:00;23.67;0.22;-4.85;34.7;2.998;6.663;17.337;-29.081;16.635;-18.151;96.270;-28.944;100.537;"0001-01-01T00:00:05.294+01:00|W1|1.0|0.23|0.00|0.23|0.90;0001-01-01T00:00:05.294+01:00|W2|0.5|0.08|0.00|0.08|0.01;0001-01-01T00:00:05.294+01:00|W3|0.8|0.10|0.04|0.10|0.69;0001-01-01T00:00:05.294+01:00|W4|0.7|0.16|0.18|0.16|0.45;0001-01-01T00:00:05.294+01:00|W5|1.2|0.39|0.09|0.39|1.08;0001-01-01T00:00:05.294+01:00|W6|0.8|-0.78|0.34|-0.78|0.08;0001-01-01T00:00:05.294+01:00|W7|1.1|-0.16|0.13|-0.16|1.12;0001-01-01T00:00:05.294+01:00|W8|1.7|-1.11|0.00|-1.11|1.08;0001-01-01T00:00:05.294+01:00|W9|0.8|-0.46|0.06|-0.46|0.55;0001-01-01T00:00:05.294+01:00|W10|0.7|-0.64|0.13|-0.64|0.22;0001-01-01T00:00:05.294+01:00|W11|0.4|-0.21|0.08|-0.21|0.39;0001-01-01T00:00:05.294+01:00|W12|0.5|0.48|0.06|0.48|0.13"
24.00;4.54;0001-01-01T00:00:05.3180000+01:00;24.65;0.23;-5.15;34.2;2.046;5.932;16.582;-29.827;16.168;-18.120;96.321;-29.919;100.872;"0001-01-01T00:00:05.294+01:00|W1|1.0|0.23|0.00|0.23|0.90;0001-01-01T00:00:05.294+01:00|W2|0.5|0.08|0.00|0.08|0.01;0001-01-01T00:00:05.294+01:00|W3|0.8|0.10|0.04|0.10|0.69;0001-01-01T00:00:05.294+01:00|W4|0.7|0.16|0.18|0.16|0.45;0001-01-01T00:00:05.294+01:00|W5|1.2|0.39|0.09|0.39|1.08;0001-01-01T00:00:05.294+01:00|W6|0.8|-0.78|0.34|-0.78|0.08;0001-01-01T00:00:05.294+01:00|W7|1.1|-0.16|0.13|-0.16|1.12;0001-01-01T00:00:05.294+01:00|W8|1.7|-1.11|0.00|-1.11|1.08;0001-01-01T00:00:05.294+01:00|W9|0.8|-0.46|0.06|-0.46|0.55;0001-01-01T00:00:05.294+01:00|W10|0.7|-0.64|0.13|-0.64|0.22;0001-01-01T00:00:05.294+01:00|W11|0.4|-0.21|0.08|-0.21|0.39;0001-01-01T00:00:05.294+01:00|W12|0.5|0.48|0.06|0.48|0.13"
25.00;4.63;0001-01-01T00:00:05.3540000+01:00;25.63;0.25;-5.46;33.8;1.145;5.156;15.144;-29.985;15.785;-18.116;96.300;-30.617;101.063;"0001-01-01T00:00:05.294+01:00|W1|1.0|0.23|0.00|0.23|0.90;0001-01-01T00:00:05.294+01:00|W2|0.5|0.08|0.00|0.08|0.01;0001-01-01T00:00:05.294+01:00|W3|0.8|0.10|0.04|0.10|0.69;0001-01-01T00:00:05.294+01:00|W4|0.7|0.16|0.18|0.16|0.45;0001-01-01T00:00:05.294+01:00|W5|1.2|0.39|0.09|0.39|1.08;0001-01-01T00:00:05.294+01:00|W6|0.8|-0.78|0.34|-0.78|0.08;0001-01-01T00:00:05.294+01:00|W7|1.1|-0.16|0.13|-0.16|1.12;0001-01-01T00:00:05.294+01:00|W8|1.7|-1.11|0.00|-1.11|1.08;0001-01-01T00:00:05.294+01:00|W9|0.8|-0.46|0.06|-0.46|0.55;0001-01-01T00:00:05.294+01:00|W10|0.7|-0.64|0.13|-0.64|0.22;0001-01-01T00:00:05.294+01:00|W11|0.4|-0.21|0.08|-0.21|0.39;0001-01-01T00:00:05.294+01:00|W12|0.5|0.48|0.06|0.48|0.13"
26.00;4.71;0001-01-01T00:00:05.3910000+01:00;26.61;0.27;-5.77;33.4;0.684;4.476;14.285;-31.798;15.359;-18.201;96.051;-31.371;101.055;"0001-01-01T00:00:05.294+01:00|W1|1.0|0.23|0.00|0.23|0.90;0001-01-01T00:00:05.294+01:00|W2|0.5|0.08|0.00|0.08|0.01;0001-01-01T00:00:05.294+01:00|W3|0.8|0.10|0.04|0.10|0.69;0001-01-01T00:00:05.294+01:00|W4|0.7|0.16|0.18|0.16|0.45;0001-01-01T00:00:05.294+01:00|W5|1.2|0.39|0.09|0.39|1.08;0001-01-01T00:00:05.294+01:00|W6|0.8|-0.78|0.34|-0.78|0.08;0001-01-01T00:00:05.294+01:00|W7|1.1|-0.16|0.13|-0.16|1.12;0001-01-01T00:00:05.294+01:00|W8|1.7|-1.11|0.00|-1.11|1.08;0001-01-01T00:00:05.294+01:00|W9|0.8|-0.46|0.06|-0.46|0.55;0001-01-01T00:00:05.294+01:00|W10|0.7|-0.64|0.13|-0.64|0.22;0001-01-01T00:00:05.294+01:00|W11|0.4|-0.21|0.08|-0.21|0.39;0001-01-01T00:00:05.294+01:00|W12|0.5|0.48|0.06|0.48|0.13"
27.00;4.79;0001-01-01T00:00:05.4270000+01:00;27.58;0.29;-6.10;33.0;0.361;3.796;13.134;-33.613;14.815;-18.287;96.108;-32.161;101.357;"0001-01-01T00:00:05.545+01:00|W1|1.0|0.17|0.07|0.17|0.84;0001-01-01T00:00:05.545+01:00|W2|0.4|0.06|0.07|0.06|0.01;0001-01-01T00:00:05.545+01:00|W3|0.7|0.10|0.01|0.10|0.68;0001-01-01T00:00:05.545+01:00|W4|1.0|0.35|0.42|0.35|0.45;0001-01-01T00:00:05.545+01:00|W5|1.4|0.19|0.26|0.19|1.28;0001-01-01T00:00:05.545+01:00|W6|0.8|-0.80|0.28|-0.80|0.12;0001-01-01T00:00:05.545+01:00|W7|1.2|-0.18|0.19|-0.18|1.19;0001-01-01T00:00:05.545+01:00|W8|1.6|-0.92|0.12|-0.92|1.09;0001-01-01T00:00:05.545+01:00|W9|0.7|-0.42|0.05|-0.42|0.58;0001-01-01T00:00:05.545+01:00|W10|0.7|-0.62|0.08|-0.62|0.21;0001-01-01T00:00:05.545+01:00|W11|0.4|-0.22|0.07|-0.22|0.38;0001-01-01T00:00:05.545+01:00|W12|0.5|0.53|0.01|0.53|0.13"
28.00;4.86;0001-01-01T00:00:05.4630000+01:00;28.54;0.30;-6.42;32.5;0.236;3.173;12.469;-33.708;14.176;-18.326;96.209;-32.971;101.713;"0001-01-01T00:00:05.545+01:00|W1|1.0|0.17|0.07|0.17|0.84;0001-01-01T00:00:05.545+01:00|W2|0.4|0.06|0.07|0.06|0.01;0001-01-01T00:00:05.545+01:00|W3|0.7|0.10|0.01|0.10|0.68;0001-01-01T00:00:05.545+01:00|W4|1.0|0.35|0.42|0.35|0.45;0001-01-01T00:00:05.545+01:00|W5|1.4|0.19|0.26|0.19|1.28;0001-01-01T00:00:05.545+01:00|W6|0.8|-0.80|0.28|-0.80|0.12;0001-01-01T00:00:05.545+01:00|W7|1.2|-0.18|0.19|-0.18|1.19;0001-01-01T00:00:05.545+01:00|W8|1.6|-0.92|0.12|-0.92|1.09;0001-01-01T00:00:05.545+01:00|W9|0.7|-0.42|0.05|-0.42|0.58;0001-01-01T00:00:05.545+01:00|W10|0.7|-0.62|0.08|-0.62|0.21;0001-01-01T00:00:05.545+01:00|W11|0.4|-0.22|0.07|-0.22|0.38;0001-01-01T00:00:05.545+01:00|W12|0.5|0.53|0.01|0.53|0.13"
29.00;4.94;0001-01-01T00:00:05.5000000+01:00;29.51;0.31;-6.75;31.7;0.363;2.651;12.798;-30.886;13.443;-18.286;96.205;-33.795;101.980;"0001-01-01T00:00:05.545+01:00|W1|1.0|0.17|0.07|0.17|0.84;0001-01-01T00:00:05.545+01:00|W2|0.4|0.06|0.07|0.06|0.01;0001-01-01T00:00:05.545+01:00|W3|0.7|0.10|0.01|0.10|0.68;0001-01-01T00:00:05.545+01:00|W4|1.0|0.35|0.42|0.35|0.45;0001-01-01T00:00:05.545+01:00|W5|1.4|0.19|0.26|0.19|1.28;0001-01-01T00:00:05.545+01:00|W6|0.8|-0.80|0.28|-0.80|0.12;0001-01-01T00:00:05.545+01:00|W7|1.2|-0.18|0.19|-0.18|1.19;0001-01-01T00:00:05.545+01:00|W8|1.6|-0.92|0.12|-0.92|1.09;0001-01-01T00:00:05.545+01:00|W9|0.7|-0.42|0.05|-0.42|0.58;0001-01-01T00:00:05.545+01:00|W10|0.7|-0.62|0.08|-0.62|0.21;0001-01-01T00:00:05.545+01:00|W11|0.4|-0.22|0.07|-0.22|0.38;0001-01-01T00:00:05.545+01:00|W12|0.5|0.53|0.01|0.53|0.13"
30.00;5.01;0001-01-01T00:00:05.5350000+01:00;30.47;0.33;-7.09;31.2;0.696;2.417;12.892;-32.181;12.929;-18.296;96.010;-34.306;101.967;"0001-01-01T00:00:05.545+01:00|W1|1.0|0.17|0.07|0.17|0.84;0001-01-01T00:00:05.545+01:00|W2|0.4|0.06|0.07|0.06|0.01;0001-01-01T00:00:05.545+01:00|W3|0.7|0.10|0.01|0.10|0.68;0001-01-01T00:00:05.545+01:00|W4|1.0|0.35|0.42|0.35|0.45;0001-01-01T00:00:05.545+01:00|W5|1.4|0.19|0.26|0.19|1.28;0001-01-01T00:00:05.545+01:00|W6|0.8|-0.80|0.28|-0.80|0.12;0001-01-01T00:00:05.545+01:00|W7|1.2|-0.18|0.19|-0.18|1.19;0001-01-01T00:00:05.545+01:00|W8|1.6|-0.92|0.12|-0.92|1.09;0001-01-01T00:00:05.545+01:00|W9|0.7|-0.42|0.05|-0.42|0.58;0001-01-01T00:00:05.545+01:00|W10|0.7|-0.62|0.08|-0.62|0.21;0001-01-01T00:00:05.545+01:00|W11|0.4|-0.22|0.07|-0.22|0.38;0001-01-01T00:00:05.545+01:00|W12|0.5|0.53|0.01|0.53|0.13"
31.00;5.07;0001-01-01T00:00:05.5710000+01:00;31.43;0.34;-7.44;30.8;1.133;2.381;12.231;-33.097;12.620;-18.206;95.943;-35.104;102.175;"0001-01-01T00:00:05.545+01:00|W1|1.0|0.17|0.07|0.17|0.84;0001-01-01T00:00:05.545+01:00|W2|0.4|0.06|0.07|0.06|0.01;0001-01-01T00:00:05.545+01:00|W3|0.7|0.10|0.01|0.10|0.68;0001-01-01T00:00:05.545+01:00|W4|1.0|0.35|0.42|0.35|0.45;0001-01-01T00:00:05.545+01:00|W5|1.4|0.19|0.26|0.19|1.28;0001-01-01T00:00:05.545+01:00|W6|0.8|-0.80|0.28|-0.80|0.12;0001-01-01T00:00:05.545+01:00|W7|1.2|-0.18|0.19|-0.18|1.19;0001-01-01T00:00:05.545+01:00|W8|1.6|-0.92|0.12|-0.92|1.09;0001-01-01T00:00:05.545+01:00|W9|0.7|-0.42|0.05|-0.42|0.58;0001-01-01T00:00:05.545+01:00|W10|0.7|-0.62|0.08|-0.62|0.21;0001-01-01T00:00:05.545+01:00|W11|0.4|-0.22|0.07|-0.22|0.38;0001-01-01T00:00:05.545+01:00|W12|0.5|0.53|0.01|0.53|0.13"
32.00;5.14;0001-01-01T00:00:05.6070000+01:00;32.38;0.36;-7.79;30.6;1.633;2.495;11.233;-33.149;12.500;-18.016;95.948;-36.004;102.495;"0001-01-01T00:00:05.545+01:00|W1|1.0|0.17|0.07|0.17|0.84;0001-01-01T00:00:05.545+01:00|W2|0.4|0.06|0.07|0.06|0.01;0001-01-01T00:00:05.545+01:00|W3|0.7|0.10|0.01|0.10|0.68;0001-01-01T00:00:05.545+01:00|W4|1.0|0.35|0.42|0.35|0.45;0001-01-01T00:00:05.545+01:00|W5|1.4|0.19|0.26|0.19|1.28;0001-01-01T00:00:05.545+01:00|W6|0.8|-0.80|0.28|-0.80|0.12;0001-01-01T00:00:05.545+01:00|W7|1.2|-0.18|0.19|-0.18|1.19;0001-01-01T00:00:05.545+01:00|W8|1.6|-0.92|0.12|-0.92|1.09;0001-01-01T00:00:05.545+01:00|W9|0.7|-0.42|0.05|-0.42|0.58;0001-01-01T00:00:05.545+01:00|W10|0.7|-0.62|0.08|-0.62|0.21;0001-01-01T00:00:05.545+01:00|W11|0.4|-0.22|0.07|-0.22|0.38;0001-01-01T00:00:05.545+01:00|W12|0.5|0.53|0.01|0.53|0.13"
33.00;5.19;0001-01-01T00:00:05.6430000+01:00;33.33;0.38;-8.15;30.6;2.107;2.673;10.957;-30.855;12.589;-17.697;95.883;-36.513;102.618;"0001-01-01T00:00:05.545+01:00|W1|1.0|0.17|0.07|0.17|0.84;0001-01-01T00:00:05.545+01:00|W2|0.4|0.06|0.07|0.06|0.01;0001-01-01T00:00:05.545+01:00|W3|0.7|0.10|0.01|0.10|0.68;0001-01-01T00:00:05.545+01:00|W4|1.0|0.35|0.42|0.35|0.45;0001-01-01T00:00:05.545+01:00|W5|1.4|0.19|0.26|0.19|1.28;0001-01-01T00:00:05.545+01:00|W6|0.8|-0.80|0.28|-0.80|0.12;0001-01-01T00:00:05.545+01:00|W7|1.2|-0.18|0.19|-0.18|1.19;0001-01-01T00:00:05.545+01:00|W8|1.6|-0.92|0.12|-0.92|1.09;0001-01-01T00:00:05.545+01:00|W9|0.7|-0.42|0.05|-0.42|0.58;0001-01-01T00:00:05.545+01:00|W10|0.7|-0.62|0.08|-0.62|0.21;0001-01-01T00:00:05.545+01:00|W11|0.4|-0.22|0.07|-0.22|0.38;0001-01-01T00:00:05.545+01:00|W12|0.5|0.53|0.01|0.53|0.13"
34.00;5.23;0001-01-01T00:00:05.6780000+01:00;34.27;0.40;-8.52;30.2;2.594;2.849;11.120;-28.580;12.607;-17.382;95.813;-37.165;102.789;"0001-01-01T00:00:05.796+01:00|W1|0.9|0.17|0.14|0.17|0.77;0001-01-01T00:00:05.796+01:00|W2|0.3|0.08|0.20|0.08|0.01;0001-01-01T00:00:05.796+01:00|W3|0.7|0.07|0.01|0.07|0.68;0001-01-01T00:00:05.796+01:00|W4|1.2|0.66|0.51|0.66|0.17;0001-01-01T00:00:05.796+01:00|W5|1.4|0.27|0.24|0.27|1.31;0001-01-01T00:00:05.796+01:00|W6|0.9|-0.84|0.19|-0.84|0.11;0001-01-01T00:00:05.796+01:00|W7|1.3|-0.18|0.24|-0.18|1.25;0001-01-01T00:00:05.796+01:00|W8|1.4|-0.66|0.25|-0.66|1.14;0001-01-01T00:00:05.796+01:00|W9|0.7|-0.41|0.04|-0.41|0.59;0001-01-01T00:00:05.796+01:00|W10|0.7|-0.57|0.04|-0.57|0.39;0001-01-01T00:00:05.796+01:00|W11|0.4|-0.23|0.06|-0.23|0.37;0001-01-01T00:00:05.796+01:00|W12|0.6|0.58|0.03|0.58|0.10"
35.00;5.28;0001-01-01T00:00:05.7130000+01:00;35.21;0.42;-8.89;29.6;3.096;3.028;11.874;-27.060;12.576;-17.064;95.725;-37.732;102.914;"0001-01-01T00:00:05.796+01:00|W1|0.9|0.17|0.14|0.17|0.77;0001-01-01T00:00:05.796+01:00|W2|0.3|0.08|0.20|0.08|0.01;0001-01-01T00:00:05.796+01:00|W3|0.7|0.07|0.01|0.07|0.68;0001-01-01T00:00:05.796+01:00|W4|1.2|0.66|0.51|0.66|0.17;0001-01-01T00:00:05.796+01:00|W5|1.4|0.27|0.24|0.27|1.31;0001-01-01T00:00:05.796+01:00|W6|0.9|-0.84|0.19|-0.84|0.11;0001-01-01T00:00:05.796+01:00|W7|1.3|-0.18|0.24|-0.18|1.25;0001-01-01T00:00:05.796+01:00|W8|1.4|-0.66|0.25|-0.66|1.14;0001-01-01T00:00:05.796+01:00|W9|0.7|-0.41|0.04|-0.41|0.59;0001-01-01T00:00:05.796+01:00|W10|0.7|-0.57|0.04|-0.57|0.39;0001-01-01T00:00:05.796+01:00|W11|0.4|-0.23|0.06|-0.23|0.37;0001-01-01T00:00:05.796+01:00|W12|0.6|0.58|0.03|0.58|0.10"
36.00;5.32;0001-01-01T00:00:05.7490000+01:00;36.15;0.43;-9.26;29.2;3.619;3.212;13.403;-26.754;12.495;-16.740;95.607;-38.103;102.940;"0001-01-01T00:00:05.796+01:00|W1|0.9|0.17|0.14|0.17|0.77;0001-01-01T00:00:05.796+01:00|W2|0.3|0.08|0.20|0.08|0.01;0001-01-01T00:00:05.796+01:00|W3|0.7|0.07|0.01|0.07|0.68;0001-01-01T00:00:05.796+01:00|W4|1.2|0.66|0.51|0.66|0.17;0001-01-01T00:00:05.796+01:00|W5|1.4|0.27|0.24|0.27|1.31;0001-01-01T00:00:05.796+01:00|W6|0.9|-0.84|0.19|-0.84|0.11;0001-01-01T00:00:05.796+01:00|W7|1.3|-0.18|0.24|-0.18|1.25;0001-01-01T00:00:05.796+01:00|W8|1.4|-0.66|0.25|-0.66|1.14;0001-01-01T00:00:05.796+01:00|W9|0.7|-0.41|0.04|-0.41|0.59;0001-01-01T00:00:05.796+01:00|W10|0.7|-0.57|0.04|-0.57|0.39;0001-01-01T00:00:05.796+01:00|W11|0.4|-0.23|0.06|-0.23|0.37;0001-01-01T00:00:05.796+01:00|W12|0.6|0.58|0.03|0.58|0.10"
37.00;5.35;0001-01-01T00:00:05.7840000+01:00;37.08;0.46;-9.63;29.3;4.187;2.922;14.351;-26.477;12.612;-16.586;95.418;-38.702;102.987;"0001-01-01T00:00:05.796+01:00|W1|0.9|0.17|0.14|0.17|0.77;0001-01-01T00:00:05.796+01:00|W2|0.3|0.08|0.20|0.08|0.01;0001-01-01T00:00:05.796+01:00|W3|0.7|0.07|0.01|0.07|0.68;0001-01-01T00:00:05.796+01:00|W4|1.2|0.66|0.51|0.66|0.17;0001-01-01T00:00:05.796+01:00|W5|1.4|0.27|0.24|0.27|1.31;0001-01-01T00:00:05.796+01:00|W6|0.9|-0.84|0.19|-0.84|0.11;0001-01-01T00:00:05.796+01:00|W7|1.3|-0.18|0.24|-0.18|1.25;0001-01-01T00:00:05.796+01:00|W8|1.4|-0.66|0.25|-0.66|1.14;0001-01-01T00:00:05.796+01:00|W9|0.7|-0.41|0.04|-0.41|0.59;0001-01-01T00:00:05.796+01:00|W10|0.7|-0.57|0.04|-0.57|0.39;0001-01-01T00:00:05.796+01:00|W11|0.4|-0.23|0.06|-0.23|0.37;0001-01-01T00:00:05.796+01:00|W12|0.6|0.58|0.03|0.58|0.10"
38.00;5.39;0001-01-01T00:00:05.8200000+01:00;38.02;0.48;-10.01;29.4;4.756;2.614;15.274;-26.202;12.737;-16.440;95.226;-39.309;103.039;"0001-01-01T00:00:05.796+01:00|W1|0.9|0.17|0.14|0.17|0.77;0001-01-01T00:00:05.796+01:00|W2|0.3|0.08|0.20|0.08|0.01;0001-01-01T00:00:05.796+01:00|W3|0.7|0.07|0.01|0.07|0.68;0001-01-01T00:00:05.796+01:00|W4|1.2|0.66|0.51|0.66|0.17;0001-01-01T00:00:05.796+01:00|W5|1.4|0.27|0.24|0.27|1.31;0001-01-01T00:00:05.796+01:00|W6|0.9|-0.84|0.19|-0.84|0.11;0001-01-01T00:00:05.796+01:00|W7|1.3|-0.18|0.24|-0.18|1.25;0001-01-01T00:00:05.796+01:00|W8|1.4|-0.66|0.25|-0.66|1.14;0001-01-01T00:00:05.796+01:00|W9|0.7|-0.41|0.04|-0.41|0.59;0001-01-01T00:00:05.796+01:00|W10|0.7|-0.57|0.04|-0.57|0.39;0001-01-01T00:00:05.796+01:00|W11|0.4|-0.23|0.06|-0.23|0.37;0001-01-01T00:00:05.796+01:00|W12|0.6|0.58|0.03|0.58|0.10"
39.00;5.43;0001-01-01T00:00:05.8550000+01:00;38.95;0.51;-10.38;29.5;5.283;2.307;16.306;-25.928;12.900;-16.293;95.030;-39.890;103.082;"0001-01-01T00:00:05.796+01:00|W1|0.9|0.17|0.14|0.17|0.77;0001-01-01T00:00:05.796+01:00|W2|0.3|0.08|0.20|0.08|0.01;0001-01-01T00:00:05.796+01:00|W3|0.7|0.07|0.01|0.07|0.68;0001-01-01T00:00:05.796+01:00|W4|1.2|0.66|0.51|0.66|0.17;0001-01-01T00:00:05.796+01:00|W5|1.4|0.27|0.24|0.27|1.31;0001-01-01T00:00:05.796+01:00|W6|0.9|-0.84|0.19|-0.84|0.11;0001-01-01T00:00:05.796+01:00|W7|1.3|-0.18|0.24|-0.18|1.25;0001-01-01T00:00:05.796+01:00|W8|1.4|-0.66|0.25|-0.66|1.14;0001-01-01T00:00:05.796+01:00|W9|0.7|-0.41|0.04|-0.41|0.59;0001-01-01T00:00:05.796+01:00|W10|0.7|-0.57|0.04|-0.57|0.39;0001-01-01T00:00:05.796+01:00|W11|0.4|-0.23|0.06|-0.23|0.37;0001-01-01T00:00:05.796+01:00|W12|0.6|0.58|0.03|0.58|0.10"
40.00;5.45;0001-01-01T00:00:05.8900000+01:00;39.87;0.53;-10.77;29.9;5.562;2.001;18.011;-25.654;13.294;-16.147;94.814;-40.316;103.052;"0001-01-01T00:00:05.796+01:00|W1|0.9|0.17|0.14|0.17|0.77;0001-01-01T00:00:05.796+01:00|W2|0.3|0.08|0.20|0.08|0.01;0001-01-01T00:00:05.796+01:00|W3|0.7|0.07|0.01|0.07|0.68;0001-01-01T00:00:05.796+01:00|W4|1.2|0.66|0.51|0.66|0.17;0001-01-01T00:00:05.796+01:00|W5|1.4|0.27|0.24|0.27|1.31;0001-01-01T00:00:05.796+01:00|W6|0.9|-0.84|0.19|-0.84|0.11;0001-01-01T00:00:05.796+01:00|W7|1.3|-0.18|0.24|-0.18|1.25;0001-01-01T00:00:05.796+01:00|W8|1.4|-0.66|0.25|-0.66|1.14;0001-01-01T00:00:05.796+01:00|W9|0.7|-0.41|0.04|-0.41|0.59;0001-01-01T00:00:05.796+01:00|W10|0.7|-0.57|0.04|-0.57|0.39;0001-01-01T00:00:05.796+01:00|W11|0.4|-0.23|0.06|-0.23|0.37;0001-01-01T00:00:05.796+01:00|W12|0.6|0.58|0.03|0.58|0.10"
41.00;5.47;0001-01-01T00:00:05.9250000+01:00;40.79;0.56;-11.16;30.4;5.656;1.694;19.507;-25.381;13.730;-16.001;94.671;-40.870;103.137;"0001-01-01T00:00:06.046+01:00|W1|0.9|0.17|0.14|0.17|0.77;0001-01-01T00:00:06.046+01:00|W2|0.3|0.08|0.20|0.08|0.01;0001-01-01T00:00:06.046+01:00|W3|0.7|0.07|0.01|0.07|0.68;0001-01-01T00:00:06.046+01:00|W4|1.2|0.66|0.51|0.66|0.17;0001-01-01T00:00:06.046+01:00|W5|1.4|0.27|0.24|0.27|1.31;0001-01-01T00:00:06.046+01:00|W6|0.9|-0.84|0.19|-0.84|0.11;0001-01-01T00:00:06.046+01:00|W7|1.3|-0.18|0.24|-0.18|1.25;0001-01-01T00:00:06.046+01:00|W8|1.4|-0.66|0.25|-0.66|1.14;0001-01-01T00:00:06.046+01:00|W9|0.7|-0.41|0.04|-0.41|0.59;0001-01-01T00:00:06.046+01:00|W10|0.7|-0.57|0.04|-0.57|0.39;0001-01-01T00:00:06.046+01:00|W11|0.4|-0.23|0.06|-0.23|0.37;0001-01-01T00:00:06.046+01:00|W12|0.6|0.58|0.03|0.58|0.10"
42.00;5.48;0001-01-01T00:00:05.9610000+01:00;41.71;0.59;-11.55;30.8;5.658;1.389;20.665;-25.108;14.155;-15.856;94.549;-41.404;103.234;"0001-01-01T00:00:06.046+01:00|W1|0.9|0.17|0.14|0.17|0.77;0001-01-01T00:00:06.046+01:00|W2|0.3|0.08|0.20|0.08|0.01;0001-01-01T00:00:06.046+01:00|W3|0.7|0.07|0.01|0.07|0.68;0001-01-01T00:00:06.046+01:00|W4|1.2|0.66|0.51|0.66|0.17;0001-01-01T00:00:06.046+01:00|W5|1.4|0.27|0.24|0.27|1.31;0001-01-01T00:00:06.046+01:00|W6|0.9|-0.84|0.19|-0.84|0.11;0001-01-01T00:00:06.046+01:00|W7|1.3|-0.18|0.24|-0.18|1.25;0001-01-01T00:00:06.046+01:00|W8|1.4|-0.66|0.25|-0.66|1.14;0001-01-01T00:00:06.046+01:00|W9|0.7|-0.41|0.04|-0.41|0.59;0001-01-01T00:00:06.046+01:00|W10|0.7|-0.57|0.04|-0.57|0.39;0001-01-01T00:00:06.046+01:00|W11|0.4|-0.23|0.06|-0.23|0.37;0001-01-01T00:00:06.046+01:00|W12|0.6|0.58|0.03|0.58|0.10"
43.00;5.48;0001-01-01T00:00:05.9960000+01:00;42.63;0.61;-11.95;31.2;5.615;1.084;21.231;-24.836;14.520;-15.711;94.410;-41.777;103.255;"0001-01-01T00:00:06.046+01:00|W1|0.9|0.17|0.14|0.17|0.77;0001-01-01T00:00:06.046+01:00|W2|0.3|0.08|0.20|0.08|0.01;0001-01-01T00:00:06.046+01:00|W3|0.7|0.07|0.01|0.07|0.68;0001-01-01T00:00:06.046+01:00|W4|1.2|0.66|0.51|0.66|0.17;0001-01-01T00:00:06.046+01:00|W5|1.4|0.27|0.24|0.27|1.31;0001-01-01T00:00:06.046+01:00|W6|0.9|-0.84|0.19|-0.84|0.11;0001-01-01T00:00:06.046+01:00|W7|1.3|-0.18|0.24|-0.18|1.25;0001-01-01T00:00:06.046+01:00|W8|1.4|-0.66|0.25|-0.66|1.14;0001-01-01T00:00:06.046+01:00|W9|0.7|-0.41|0.04|-0.41|0.59;0001-01-01T00:00:06.046+01:00|W10|0.7|-0.57|0.04|-0.57|0.39;0001-01-01T00:00:06.046+01:00|W11|0.4|-0.23|0.06|-0.23|0.37;0001-01-01T00:00:06.046+01:00|W12|0.6|0.58|0.03|0.58|0.10"
44.00;5.48;0001-01-01T00:00:06.0310000+01:00;43.54;0.63;-12.35;31.6;5.469;0.781;22.672;-24.565;14.980;-15.566;94.359;-42.236;103.393;"0001-01-01T00:00:06.046+01:00|W1|0.9|0.17|0.14|0.17|0.77;0001-01-01T00:00:06.046+01:00|W2|0.3|0.08|0.20|0.08|0.01;0001-01-01T00:00:06.046+01:00|W3|0.7|0.07|0.01|0.07|0.68;0001-01-01T00:00:06.046+01:00|W4|1.2|0.66|0.51|0.66|0.17;0001-01-01T00:00:06.046+01:00|W5|1.4|0.27|0.24|0.27|1.31;0001-01-01T00:00:06.046+01:00|W6|0.9|-0.84|0.19|-0.84|0.11;0001-01-01T00:00:06.046+01:00|W7|1.3|-0.18|0.24|-0.18|1.25;0001-01-01T00:00:06.046+01:00|W8|1.4|-0.66|0.25|-0.66|1.14;0001-01-01T00:00:06.046+01:00|W9|0.7|-0.41|0.04|-0.41|0.59;0001-01-01T00:00:06.046+01:00|W10|0.7|-0.57|0.04|-0.57|0.39;0001-01-01T00:00:06.046+01:00|W11|0.4|-0.23|0.06|-0.23|0.37;0001-01-01T00:00:06.046+01:00|W12|0.6|0.58|0.03|0.58|0.10"
45.00;5.47;0001-01-01T00:00:06.0650000+01:00;44.44;0.65;-12.76;32.2;5.281;0.478;23.694;-24.295;15.513;-15.422;94.254;-42.696;103.486;"0001-01-01T00:00:06.046+01:00|W1|0.9|0.17|0.14|0.17|0.77;0001-01-01T00:00:06.046+01:00|W2|0.3|0.08|0.20|0.08|0.01;0001-01-01T00:00:06.046+01:00|W3|0.7|0.07|0.01|0.07|0.68;0001-01-01T00:00:06.046+01:00|W4|1.2|0.66|0.51|0.66|0.17;0001-01-01T00:00:06.046+01:00|W5|1.4|0.27|0.24|0.27|1.31;0001-01-01T00:00:06.046+01:00|W6|0.9|-0.84|0.19|-0.84|0.11;0001-01-01T00:00:06.046+01:00|W7|1.3|-0.18|0.24|-0.18|1.25;0001-01-01T00:00:06.046+01:00|W8|1.4|-0.66|0.25|-0.66|1.14;0001-01-01T00:00:06.046+01:00|W9|0.7|-0.41|0.04|-0.41|0.59;0001-01-01T00:00:06.046+01:00|W10|0.7|-0.57|0.04|-0.57|0.39;0001-01-01T00:00:06.046+01:00|W11|0.4|-0.23|0.06|-0.23|0.37;0001-01-01T00:00:06.046+01:00|W12|0.6|0.58|0.03|0.58|0.10"
46.00;5.46;0001-01-01T00:00:06.1000000+01:00;45.35;0.67;-13.17;32.8;5.060;0.176;24.041;-24.025;16.123;-15.278;94.066;-43.141;103.501;"0001-01-01T00:00:06.046+01:00|W1|0.9|0.17|0.14|0.17|0.77;0001-01-01T00:00:06.046+01:00|W2|0.3|0.08|0.20|0.08|0.01;0001-01-01T00:00:06.046+01:00|W3|0.7|0.07|0.01|0.07|0.68;0001-01-01T00:00:06.046+01:00|W4|1.2|0.66|0.51|0.66|0.17;0001-01-01T00:00:06.046+01:00|W5|1.4|0.27|0.24|0.27|1.31;0001-01-01T00:00:06.046+01:00|W6|0.9|-0.84|0.19|-0.84|0.11;0001-01-01T00:00:06.046+01:00|W7|1.3|-0.18|0.24|-0.18|1.25;0001-01-01T00:00:06.046+01:00|W8|1.4|-0.66|0.25|-0.66|1.14;0001-01-01T00:00:06.046+01:00|W9|0.7|-0.41|0.04|-0.41|0.59;0001-01-01T00:00:06.046+01:00|W10|0.7|-0.57|0.04|-0.57|0.39;0001-01-01T00:00:06.046+01:00|W11|0.4|-0.23|0.06|-0.23|0.37;0001-01-01T00:00:06.046+01:00|W12|0.6|0.58|0.03|0.58|0.10"
47.00;5.44;0001-01-01T00:00:06.1350000+01:00;46.26;0.69;-13.58;33.4;4.818;-0.128;25.331;-23.754;16.768;-15.133;93.953;-43.438;103.519;"0001-01-01T00:00:06.046+01:00|W1|0.9|0.17|0.14|0.17|0.77;0001-01-01T00:00:06.046+01:00|W2|0.3|0.08|0.20|0.08|0.01;0001-01-01T00:00:06.046+01:00|W3|0.7|0.07|0.01|0.07|0.68;0001-01-01T00:00:06.046+01:00|W4|1.2|0.66|0.51|0.66|0.17;0001-01-01T00:00:06.046+01:00|W5|1.4|0.27|0.24|0.27|1.31;0001-01-01T00:00:06.046+01:00|W6|0.9|-0.84|0.19|-0.84|0.11;0001-01-01T00:00:06.046+01:00|W7|1.3|-0.18|0.24|-0.18|1.25;0001-01-01T00:00:06.046+01:00|W8|1.4|-0.66|0.25|-0.66|1.14;0001-01-01T00:00:06.046+01:00|W9|0.7|-0.41|0.04|-0.41|0.59;0001-01-01T00:00:06.046+01:00|W10|0.7|-0.57|0.04|-0.57|0.39;0001-01-01T00:00:06.046+01:00|W11|0.4|-0.23|0.06|-0.23|0.37;0001-01-01T00:00:06.046+01:00|W12|0.6|0.58|0.03|0.58|0.10"
48.00;5.43;0001-01-01T00:00:06.1700000+01:00;47.17;0.71;-14.00;34.1;4.490;-0.434;26.672;-23.480;17.464;-14.987;93.867;-43.870;103.624;"0001-01-01T00:00:06.046+01:00|W1|0.9|0.17|0.14|0.17|0.77;0001-01-01T00:00:06.046+01:00|W2|0.3|0.08|0.20|0.08|0.01;0001-01-01T00:00:06.046+01:00|W3|0.7|0.07|0.01|0.07|0.68;0001-01-01T00:00:06.046+01:00|W4|1.2|0.66|0.51|0.66|0.17;0001-01-01T00:00:06.046+01:00|W5|1.4|0.27|0.24|0.27|1.31;0001-01-01T00:00:06.046+01:00|W6|0.9|-0.84|0.19|-0.84|0.11;0001-01-01T00:00:06.046+01:00|W7|1.3|-0.18|0.24|-0.18|1.25;0001-01-01T00:00:06.046+01:00|W8|1.4|-0.66|0.25|-0.66|1.14;0001-01-01T00:00:06.046+01:00|W9|0.7|-0.41|0.04|-0.41|0.59;0001-01-01T00:00:06.046+01:00|W10|0.7|-0.57|0.04|-0.57|0.39;0001-01-01T00:00:06.046+01:00|W11|0.4|-0.23|0.06|-0.23|0.37;0001-01-01T00:00:06.046+01:00|W12|0.6|0.58|0.03|0.58|0.10"
49.00;5.42;0001-01-01T00:00:06.2060000+01:00;48.10;0.73;-14.43;34.9;4.076;-0.743;27.948;-23.204;18.203;-14.840;93.816;-44.436;103.819;"0001-01-01T00:00:06.294+01:00|W1|0.8|0.21|0.21|0.21|0.71;0001-01-01T00:00:06.294+01:00|W2|0.1|0.08|0.32|0.08|0.04;0001-01-01T00:00:06.294+01:00|W3|0.8|0.05|0.02|0.05|0.70;0001-01-01T00:00:06.294+01:00|W4|1.2|0.67|0.48|0.67|0.00;0001-01-01T00:00:06.294+01:00|W5|1.5|0.31|0.31|0.31|1.39;0001-01-01T00:00:06.294+01:00|W6|0.8|-0.82|0.16|-0.82|0.13;0001-01-01T00:00:06.294+01:00|W7|1.3|-0.17|0.26|-0.17|1.28;0001-01-01T00:00:06.294+01:00|W8|1.3|-0.47|0.31|-0.47|1.21;0001-01-01T00:00:06.294+01:00|W9|0.7|-0.42|0.03|-0.42|0.57;0001-01-01T00:00:06.294+01:00|W10|0.8|-0.54|0.08|-0.54|0.53;0001-01-01T00:00:06.294+01:00|W11|0.4|-0.24|0.05|-0.24|0.36;0001-01-01T00:00:06.294+01:00|W12|0.6|0.62|0.07|0.62|0.10"
50.00;5.40;0001-01-01T00:00:06.2420000+01:00;49.01;0.75;-14.86;35.6;3.546;-1.053;28.721;-22.928;18.973;-14.693;93.828;-45.174;104.149;"0001-01-01T00:00:06.294+01:00|W1|0.8|0.21|0.21|0.21|0.71;0001-01-01T00:00:06.294+01:00|W2|0.1|0.08|0.32|0.08|0.04;0001-01-01T00:00:06.294+01:00|W3|0.8|0.05|0.02|0.05|0.70;0001-01-01T00:00:06.294+01:00|W4|1.2|0.67|0.48|0.67|0.00;0001-01-01T00:00:06.294+01:00|W5|1.5|0.31|0.31|0.31|1.39;0001-01-01T00:00:06.294+01:00|W6|0.8|-0.82|0.16|-0.82|0.13;0001-01-01T00:00:06.294+01:00|W7|1.3|-0.17|0.26|-0.17|1.28;0001-01-01T00:00:06.294+01:00|W8|1.3|-0.47|0.31|-0.47|1.21;0001-01-01T00:00:06.294+01:00|W9|0.7|-0.42|0.03|-0.42|0.57;0001-01-01T00:00:06.294+01:00|W10|0.8|-0.54|0.08|-0.54|0.53;0001-01-01T00:00:06.294+01:00|W11|0.4|-0.24|0.05|-0.24|0.36;0001-01-01T00:00:06.294+01:00|W12|0.6|0.62|0.07|0.62|0.10"
51.00;5.38;0001-01-01T00:00:06.2770000+01:00;49.93;0.77;-15.30;36.4;2.908;-1.359;29.700;-22.655;19.738;-14.547;93.879;-45.770;104.454;"0001-01-01T00:00:06.294+01:00|W1|0.8|0.21|0.21|0.21|0.71;0001-01-01T00:00:06.294+01:00|W2|0.1|0.08|0.32|0.08|0.04;0001-01-01T00:00:06.294+01:00|W3|0.8|0.05|0.02|0.05|0.70;0001-01-01T00:00:06.294+01:00|W4|1.2|0.67|0.48|0.67|0.00;0001-01-01T00:00:06.294+01:00|W5|1.5|0.31|0.31|0.31|1.39;0001-01-01T00:00:06.294+01:00|W6|0.8|-0.82|0.16|-0.82|0.13;0001-01-01T00:00:06.294+01:00|W7|1.3|-0.17|0.26|-0.17|1.28;0001-01-01T00:00:06.294+01:00|W8|1.3|-0.47|0.31|-0.47|1.21;0001-01-01T00:00:06.294+01:00|W9|0.7|-0.42|0.03|-0.42|0.57;0001-01-01T00:00:06.294+01:00|W10|0.8|-0.54|0.08|-0.54|0.53;0001-01-01T00:00:06.294+01:00|W11|0.4|-0.24|0.05|-0.24|0.36;0001-01-01T00:00:06.294+01:00|W12|0.6|0.62|0.07|0.62|0.10"
52.00;5.36;0001-01-01T00:00:06.3120000+01:00;50.85;0.79;-15.75;37.1;2.269;-1.665;30.716;-22.382;20.440;-14.401;93.968;-46.435;104.826;"0001-01-01T00:00:06.294+01:00|W1|0.8|0.21|0.21|0.21|0.71;0001-01-01T00:00:06.294+01:00|W2|0.1|0.08|0.32|0.08|0.04;0001-01-01T00:00:06.294+01:00|W3|0.8|0.05|0.02|0.05|0.70;0001-01-01T00:00:06.294+01:00|W4|1.2|0.67|0.48|0.67|0.00;0001-01-01T00:00:06.294+01:00|W5|1.5|0.31|0.31|0.31|1.39;0001-01-01T00:00:06.294+01:00|W6|0.8|-0.82|0.16|-0.82|0.13;0001-01-01T00:00:06.294+01:00|W7|1.3|-0.17|0.26|-0.17|1.28;0001-01-01T00:00:06.294+01:00|W8|1.3|-0.47|0.31|-0.47|1.21;0001-01-01T00:00:06.294+01:00|W9|0.7|-0.42|0.03|-0.42|0.57;0001-01-01T00:00:06.294+01:00|W10|0.8|-0.54|0.08|-0.54|0.53;0001-01-01T00:00:06.294+01:00|W11|0.4|-0.24|0.05|-0.24|0.36;0001-01-01T00:00:06.294+01:00|W12|0.6|0.62|0.07|0.62|0.10"
53.00;5.33;0001-01-01T00:00:06.3470000+01:00;51.76;0.81;-16.20;37.7;1.694;-1.971;31.682;-22.108;21.022;-14.255;94.107;-47.318;105.344;"0001-01-01T00:00:06.294+01:00|W1|0.8|0.21|0.21|0.21|0.71;0001-01-01T00:00:06.294+01:00|W2|0.1|0.08|0.32|0.08|0.04;0001-01-01T00:00:06.294+01:00|W3|0.8|0.05|0.02|0.05|0.70;0001-01-01T00:00:06.294+01:00|W4|1.2|0.67|0.48|0.67|0.00;0001-01-01T00:00:06.294+01:00|W5|1.5|0.31|0.31|0.31|1.39;0001-01-01T00:00:06.294+01:00|W6|0.8|-0.82|0.16|-0.82|0.13;0001-01-01T00:00:06.294+01:00|W7|1.3|-0.17|0.26|-0.17|1.28;0001-01-01T00:00:06.294+01:00|W8|1.3|-0.47|0.31|-0.47|1.21;0001-01-01T00:00:06.294+01:00|W9|0.7|-0.42|0.03|-0.42|0.57;0001-01-01T00:00:06.294+01:00|W10|0.8|-0.54|0.08|-0.54|0.53;0001-01-01T00:00:06.294+01:00|W11|0.4|-0.24|0.05|-0.24|0.36;0001-01-01T00:00:06.294+01:00|W12|0.6|0.62|0.07|0.62|0.10"
54.00;5.30;0001-01-01T00:00:06.3820000+01:00;52.67;0.83;-16.66;37.8;1.475;-2.273;31.521;-21.839;21.110;-14.111;94.233;-48.061;105.791;"0001-01-01T00:00:06.294+01:00|W1|0.8|0.21|0.21|0.21|0.71;0001-01-01T00:00:06.294+01:00|W2|0.1|0.08|0.32|0.08|0.04;0001-01-01T00:00:06.294+01:00|W3|0.8|0.05|0.02|0.05|0.70;0001-01-01T00:00:06.294+01:00|W4|1.2|0.67|0.48|0.67|0.00;0001-01-01T00:00:06.294+01:00|W5|1.5|0.31|0.31|0.31|1.39;0001-01-01T00:00:06.294+01:00|W6|0.8|-0.82|0.16|-0.82|0.13;0001-01-01T00:00:06.294+01:00|W7|1.3|-0.17|0.26|-0.17|1.28;0001-01-01T00:00:06.294+01:00|W8|1.3|-0.47|0.31|-0.47|1.21;0001-01-01T00:00:06.294+01:00|W9|0.7|-0.42|0.03|-0.42|0.57;0001-01-01T00:00:06.294+01:00|W10|0.8|-0.54|0.08|-0.54|0.53;0001-01-01T00:00:06.294+01:00|W11|0.4|-0.24|0.05|-0.24|0.36;0001-01-01T00:00:06.294+01:00|W12|0.6|0.62|0.07|0.62|0.10"
55.00;5.27;0001-01-01T00:00:06.4170000+01:00;53.57;0.85;-17.12;37.9;1.284;-2.575;31.267;-21.569;21.157;-13.968;94.357;-48.794;106.236;"0001-01-01T00:00:06.294+01:00|W1|0.8|0.21|0.21|0.21|0.71;0001-01-01T00:00:06.294+01:00|W2|0.1|0.08|0.32|0.08|0.04;0001-01-01T00:00:06.294+01:00|W3|0.8|0.05|0.02|0.05|0.70;0001-01-01T00:00:06.294+01:00|W4|1.2|0.67|0.48|0.67|0.00;0001-01-01T00:00:06.294+01:00|W5|1.5|0.31|0.31|0.31|1.39;0001-01-01T00:00:06.294+01:00|W6|0.8|-0.82|0.16|-0.82|0.13;0001-01-01T00:00:06.294+01:00|W7|1.3|-0.17|0.26|-0.17|1.28;0001-01-01T00:00:06.294+01:00|W8|1.3|-0.47|0.31|-0.47|1.21;0001-01-01T00:00:06.294+01:00|W9|0.7|-0.42|0.03|-0.42|0.57;0001-01-01T00:00:06.294+01:00|W10|0.8|-0.54|0.08|-0.54|0.53;0001-01-01T00:00:06.294+01:00|W11|0.4|-0.24|0.05|-0.24|0.36;0001-01-01T00:00:06.294+01:00|W12|0.6|0.62|0.07|0.62|0.10"
56.00;5.24;0001-01-01T00:00:06.4520000+01:00;54.48;0.87;-17.58;37.9;1.109;-2.876;30.984;-21.300;21.179;-13.824;94.484;-49.524;106.686;"0001-01-01T00:00:06.542+01:00|W1|0.9|0.25|0.14|0.25|0.77;0001-01-01T00:00:06.542+01:00|W2|0.2|0.16|0.26|0.16|0.08;0001-01-01T00:00:06.542+01:00|W3|0.8|0.02|0.02|0.02|0.71;0001-01-01T00:00:06.542+01:00|W4|1.1|0.68|0.39|0.68|0.17;0001-01-01T00:00:06.542+01:00|W5|1.6|0.41|0.37|0.41|1.48;0001-01-01T00:00:06.542+01:00|W6|0.8|-0.80|0.12|-0.80|0.10;0001-01-01T00:00:06.542+01:00|W7|1.4|-0.19|0.31|-0.19|1.34;0001-01-01T00:00:06.542+01:00|W8|1.3|-0.42|0.36|-0.42|1.16;0001-01-01T00:00:06.542+01:00|W9|0.7|-0.45|0.02|-0.45|0.53;0001-01-01T00:00:06.542+01:00|W10|0.8|-0.52|0.12|-0.52|0.64;0001-01-01T00:00:06.542+01:00|W11|0.4|-0.25|0.06|-0.25|0.37;0001-01-01T00:00:06.542+01:00|W12|0.7|0.66|0.11|0.66|0.13"
57.00;5.20;0001-01-01T00:00:06.4860000+01:00;55.38;0.88;-18.06;37.4;1.251;-3.176;30.082;-21.033;20.672;-13.681;94.670;-50.213;107.170;"0001-01-01T00:00:06.542+01:00|W1|0.9|0.25|0.14|0.25|0.77;0001-01-01T00:00:06.542+01:00|W2|0.2|0.16|0.26|0.16|0.08;0001-01-01T00:00:06.542+01:00|W3|0.8|0.02|0.02|0.02|0.71;0001-01-01T00:00:06.542+01:00|W4|1.1|0.68|0.39|0.68|0.17;0001-01-01T00:00:06.542+01:00|W5|1.6|0.41|0.37|0.41|1.48;0001-01-01T00:00:06.542+01:00|W6|0.8|-0.80|0.12|-0.80|0.10;0001-01-01T00:00:06.542+01:00|W7|1.4|-0.19|0.31|-0.19|1.34;0001-01-01T00:00:06.542+01:00|W8|1.3|-0.42|0.36|-0.42|1.16;0001-01-01T00:00:06.542+01:00|W9|0.7|-0.45|0.02|-0.45|0.53;0001-01-01T00:00:06.542+01:00|W10|0.8|-0.52|0.12|-0.52|0.64;0001-01-01T00:00:06.542+01:00|W11|0.4|-0.25|0.06|-0.25|0.37;0001-01-01T00:00:06.542+01:00|W12|0.7|0.66|0.11|0.66|0.13"
58.00;5.17;0001-01-01T00:00:06.5200000+01:00;56.28;0.90;-18.54;36.7;1.407;-3.474;29.202;-20.766;20.031;-13.539;94.723;-50.813;107.500;"0001-01-01T00:00:06.542+01:00|W1|0.9|0.25|0.14|0.25|0.77;0001-01-01T00:00:06.542+01:00|W2|0.2|0.16|0.26|0.16|0.08;0001-01-01T00:00:06.542+01:00|W3|0.8|0.02|0.02|0.02|0.71;0001-01-01T00:00:06.542+01:00|W4|1.1|0.68|0.39|0.68|0.17;0001-01-01T00:00:06.542+01:00|W5|1.6|0.41|0.37|0.41|1.48;0001-01-01T00:00:06.542+01:00|W6|0.8|-0.80|0.12|-0.80|0.10;0001-01-01T00:00:06.542+01:00|W7|1.4|-0.19|0.31|-0.19|1.34;0001-01-01T00:00:06.542+01:00|W8|1.3|-0.42|0.36|-0.42|1.16;0001-01-01T00:00:06.542+01:00|W9|0.7|-0.45|0.02|-0.45|0.53;0001-01-01T00:00:06.542+01:00|W10|0.8|-0.52|0.12|-0.52|0.64;0001-01-01T00:00:06.542+01:00|W11|0.4|-0.25|0.06|-0.25|0.37;0001-01-01T00:00:06.542+01:00|W12|0.7|0.66|0.11|0.66|0.13"
59.00;5.13;0001-01-01T00:00:06.5550000+01:00;57.18;0.92;-19.01;36.0;1.558;-3.773;28.412;-20.499;19.291;-13.397;94.696;-51.355;107.734;"0001-01-01T00:00:06.542+01:00|W1|0.9|0.25|0.14|0.25|0.77;0001-01-01T00:00:06.542+01:00|W2|0.2|0.16|0.26|0.16|0.08;0001-01-01T00:00:06.542+01:00|W3|0.8|0.02|0.02|0.02|0.71;0001-01-01T00:00:06.542+01:00|W4|1.1|0.68|0.39|0.68|0.17;0001-01-01T00:00:06.542+01:00|W5|1.6|0.41|0.37|0.41|1.48;0001-01-01T00:00:06.542+01:00|W6|0.8|-0.80|0.12|-0.80|0.10;0001-01-01T00:00:06.542+01:00|W7|1.4|-0.19|0.31|-0.19|1.34;0001-01-01T00:00:06.542+01:00|W8|1.3|-0.42|0.36|-0.42|1.16;0001-01-01T00:00:06.542+01:00|W9|0.7|-0.45|0.02|-0.45|0.53;0001-01-01T00:00:06.542+01:00|W10|0.8|-0.52|0.12|-0.52|0.64;0001-01-01T00:00:06.542+01:00|W11|0.4|-0.25|0.06|-0.25|0.37;0001-01-01T00:00:06.542+01:00|W12|0.7|0.66|0.11|0.66|0.13"
60.00;5.09;0001-01-01T00:00:06.5890000+01:00;58.07;0.94;-19.50;35.2;1.612;-4.070;28.071;-20.234;18.507;-13.255;94.732;-51.915;108.034;"0001-01-01T00:00:06.542+01:00|W1|0.9|0.25|0.14|0.25|0.77;0001-01-01T00:00:06.542+01:00|W2|0.2|0.16|0.26|0.16|0.08;0001-01-01T00:00:06.542+01:00|W3|0.8|0.02|0.02|0.02|0.71;0001-01-01T00:00:06.542+01:00|W4|1.1|0.68|0.39|0.68|0.17;0001-01-01T00:00:06.542+01:00|W5|1.6|0.41|0.37|0.41|1.48;0001-01-01T00:00:06.542+01:00|W6|0.8|-0.80|0.12|-0.80|0.10;0001-01-01T00:00:06.542+01:00|W7|1.4|-0.19|0.31|-0.19|1.34;0001-01-01T00:00:06.542+01:00|W8|1.3|-0.42|0.36|-0.42|1.16;0001-01-01T00:00:06.542+01:00|W9|0.7|-0.45|0.02|-0.45|0.53;0001-01-01T00:00:06.542+01:00|W10|0.8|-0.52|0.12|-0.52|0.64;0001-01-01T00:00:06.542+01:00|W11|0.4|-0.25|0.06|-0.25|0.37;0001-01-01T00:00:06.542+01:00|W12|0.7|0.66|0.11|0.66|0.13"
61.00;5.05;0001-01-01T00:00:06.6230000+01:00;58.97;0.96;-19.99;34.5;1.538;-4.366;27.155;-19.970;17.776;-13.114;94.702;-52.383;108.233;"0001-01-01T00:00:06.542+01:00|W1|0.9|0.25|0.14|0.25|0.77;0001-01-01T00:00:06.542+01:00|W2|0.2|0.16|0.26|0.16|0.08;0001-01-01T00:00:06.542+01:00|W3|0.8|0.02|0.02|0.02|0.71;0001-01-01T00:00:06.542+01:00|W4|1.1|0.68|0.39|0.68|0.17;0001-01-01T00:00:06.542+01:00|W5|1.6|0.41|0.37|0.41|1.48;0001-01-01T00:00:06.542+01:00|W6|0.8|-0.80|0.12|-0.80|0.10;0001-01-01T00:00:06.542+01:00|W7|1.4|-0.19|0.31|-0.19|1.34;0001-01-01T00:00:06.542+01:00|W8|1.3|-0.42|0.36|-0.42|1.16;0001-01-01T00:00:06.542+01:00|W9|0.7|-0.45|0.02|-0.45|0.53;0001-01-01T00:00:06.542+01:00|W10|0.8|-0.52|0.12|-0.52|0.64;0001-01-01T00:00:06.542+01:00|W11|0.4|-0.25|0.06|-0.25|0.37;0001-01-01T00:00:06.542+01:00|W12|0.7|0.66|0.11|0.66|0.13"
62.00;5.01;0001-01-01T00:00:06.6570000+01:00;59.86;0.97;-20.48;33.8;1.403;-4.662;25.962;-19.706;17.070;-12.973;94.640;-52.807;108.385;"0001-01-01T00:00:06.542+01:00|W1|0.9|0.25|0.14|0.25|0.77;0001-01-01T00:00:06.542+01:00|W2|0.2|0.16|0.26|0.16|0.08;0001-01-01T00:00:06.542+01:00|W3|0.8|0.02|0.02|0.02|0.71;0001-01-01T00:00:06.542+01:00|W4|1.1|0.68|0.39|0.68|0.17;0001-01-01T00:00:06.542+01:00|W5|1.6|0.41|0.37|0.41|1.48;0001-01-01T00:00:06.542+01:00|W6|0.8|-0.80|0.12|-0.80|0.10;0001-01-01T00:00:06.542+01:00|W7|1.4|-0.19|0.31|-0.19|1.34;0001-01-01T00:00:06.542+01:00|W8|1.3|-0.42|0.36|-0.42|1.16;0001-01-01T00:00:06.542+01:00|W9|0.7|-0.45|0.02|-0.45|0.53;0001-01-01T00:00:06.542+01:00|W10|0.8|-0.52|0.12|-0.52|0.64;0001-01-01T00:00:06.542+01:00|W11|0.4|-0.25|0.06|-0.25|0.37;0001-01-01T00:00:06.542+01:00|W12|0.7|0.66|0.11|0.66|0.13"
63.00;4.97;0001-01-01T00:00:06.6910000+01:00;60.75;0.99;-20.98;33.1;1.269;-4.957;24.770;-19.442;16.365;-12.832;94.578;-53.231;108.538;"0001-01-01T00:00:06.796+01:00|W1|0.9|0.27|0.13|0.27|0.78;0001-01-01T00:00:06.796+01:00|W2|0.3|0.18|0.09|0.18|0.22;0001-01-01T00:00:06.796+01:00|W3|0.8|0.02|0.02|0.02|0.71;0001-01-01T00:00:06.796+01:00|W4|1.1|0.75|0.35|0.75|0.32;0001-01-01T00:00:06.796+01:00|W5|1.6|0.39|0.30|0.39|1.44;0001-01-01T00:00:06.796+01:00|W6|0.9|-0.80|0.01|-0.80|0.03;0001-01-01T00:00:06.796+01:00|W7|1.4|-0.10|0.35|-0.10|1.41;0001-01-01T00:00:06.796+01:00|W8|1.1|-0.40|0.46|-0.40|1.02;0001-01-01T00:00:06.796+01:00|W9|0.7|-0.47|0.00|-0.47|0.49;0001-01-01T00:00:06.796+01:00|W10|0.8|-0.50|0.09|-0.50|0.66;0001-01-01T00:00:06.796+01:00|W11|0.5|-0.26|0.07|-0.26|0.38;0001-01-01T00:00:06.796+01:00|W12|0.7|0.72|0.16|0.72|0.16"
64.00;4.94;0001-01-01T00:00:06.7250000+01:00;61.63;1.01;-21.48;32.5;1.132;-5.253;24.684;-19.178;15.766;-12.692;94.535;-53.646;108.705;"0001-01-01T00:00:06.796+01:00|W1|0.9|0.27|0.13|0.27|0.78;0001-01-01T00:00:06.796+01:00|W2|0.3|0.18|0.09|0.18|0.22;0001-01-01T00:00:06.796+01:00|W3|0.8|0.02|0.02|0.02|0.71;0001-01-01T00:00:06.796+01:00|W4|1.1|0.75|0.35|0.75|0.32;0001-01-01T00:00:06.796+01:00|W5|1.6|0.39|0.30|0.39|1.44;0001-01-01T00:00:06.796+01:00|W6|0.9|-0.80|0.01|-0.80|0.03;0001-01-01T00:00:06.796+01:00|W7|1.4|-0.10|0.35|-0.10|1.41;0001-01-01T00:00:06.796+01:00|W8|1.1|-0.40|0.46|-0.40|1.02;0001-01-01T00:00:06.796+01:00|W9|0.7|-0.47|0.00|-0.47|0.49;0001-01-01T00:00:06.796+01:00|W10|0.8|-0.50|0.09|-0.50|0.66;0001-01-01T00:00:06.796+01:00|W11|0.5|-0.26|0.07|-0.26|0.38;0001-01-01T00:00:06.796+01:00|W12|0.7|0.72|0.16|0.72|0.16"
65.00;4.90;0001-01-01T00:00:06.7590000+01:00;62.52;1.03;-21.98;32.0;1.006;-5.549;24.763;-18.914;15.275;-12.551;94.507;-54.040;108.878;"0001-01-01T00:00:06.796+01:00|W1|0.9|0.27|0.13|0.27|0.78;0001-01-01T00:00:06.796+01:00|W2|0.3|0.18|0.09|0.18|0.22;0001-01-01T00:00:06.796+01:00|W3|0.8|0.02|0.02|0.02|0.71;0001-01-01T00:00:06.796+01:00|W4|1.1|0.75|0.35|0.75|0.32;0001-01-01T00:00:06.796+01:00|W5|1.6|0.39|0.30|0.39|1.44;0001-01-01T00:00:06.796+01:00|W6|0.9|-0.80|0.01|-0.80|0.03;0001-01-01T00:00:06.796+01:00|W7|1.4|-0.10|0.35|-0.10|1.41;0001-01-01T00:00:06.796+01:00|W8|1.1|-0.40|0.46|-0.40|1.02;0001-01-01T00:00:06.796+01:00|W9|0.7|-0.47|0.00|-0.47|0.49;0001-01-01T00:00:06.796+01:00|W10|0.8|-0.50|0.09|-0.50|0.66;0001-01-01T00:00:06.796+01:00|W11|0.5|-0.26|0.07|-0.26|0.38;0001-01-01T00:00:06.796+01:00|W12|0.7|0.72|0.16|0.72|0.16"
66.00;4.86;0001-01-01T00:00:06.7930000+01:00;63.40;1.05;-22.48;31.7;0.906;-5.843;24.229;-18.651;14.973;-12.411;94.507;-54.388;109.053;"0001-01-01T00:00:06.796+01:00|W1|0.9|0.27|0.13|0.27|0.78;0001-01-01T00:00:06.796+01:00|W2|0.3|0.18|0.09|0.18|0.22;0001-01-01T00:00:06.796+01:00|W3|0.8|0.02|0.02|0.02|0.71;0001-01-01T00:00:06.796+01:00|W4|1.1|0.75|0.35|0.75|0.32;0001-01-01T00:00:06.796+01:00|W5|1.6|0.39|0.30|0.39|1.44;0001-01-01T00:00:06.796+01:00|W6|0.9|-0.80|0.01|-0.80|0.03;0001-01-01T00:00:06.796+01:00|W7|1.4|-0.10|0.35|-0.10|1.41;0001-01-01T00:00:06.796+01:00|W8|1.1|-0.40|0.46|-0.40|1.02;0001-01-01T00:00:06.796+01:00|W9|0.7|-0.47|0.00|-0.47|0.49;0001-01-01T00:00:06.796+01:00|W10|0.8|-0.50|0.09|-0.50|0.66;0001-01-01T00:00:06.796+01:00|W11|0.5|-0.26|0.07|-0.26|0.38;0001-01-01T00:00:06.796+01:00|W12|0.7|0.72|0.16|0.72|0.16"
67.00;4.83;0001-01-01T00:00:06.8270000+01:00;64.29;1.07;-22.99;31.4;0.807;-6.137;23.697;-18.389;14.672;-12.271;94.506;-54.736;109.227;"0001-01-01T00:00:06.796+01:00|W1|0.9|0.27|0.13|0.27|0.78;0001-01-01T00:00:06.796+01:00|W2|0.3|0.18|0.09|0.18|0.22;0001-01-01T00:00:06.796+01:00|W3|0.8|0.02|0.02|0.02|0.71;0001-01-01T00:00:06.796+01:00|W4|1.1|0.75|0.35|0.75|0.32;0001-01-01T00:00:06.796+01:00|W5|1.6|0.39|0.30|0.39|1.44;0001-01-01T00:00:06.796+01:00|W6|0.9|-0.80|0.01|-0.80|0.03;0001-01-01T00:00:06.796+01:00|W7|1.4|-0.10|0.35|-0.10|1.41;0001-01-01T00:00:06.796+01:00|W8|1.1|-0.40|0.46|-0.40|1.02;0001-01-01T00:00:06.796+01:00|W9|0.7|-0.47|0.00|-0.47|0.49;0001-01-01T00:00:06.796+01:00|W10|0.8|-0.50|0.09|-0.50|0.66;0001-01-01T00:00:06.796+01:00|W11|0.5|-0.26|0.07|-0.26|0.38;0001-01-01T00:00:06.796+01:00|W12|0.7|0.72|0.16|0.72|0.16"
68.00;4.79;0001-01-01T00:00:06.8600000+01:00;65.17;1.09;-23.50;30.6;0.844;-6.426;23.381;-18.131;14.384;-12.133;94.446;-54.989;109.304;"0001-01-01T00:00:06.796+01:00|W1|0.9|0.27|0.13|0.27|0.78;0001-01-01T00:00:06.796+01:00|W2|0.3|0.18|0.09|0.18|0.22;0001-01-01T00:00:06.796+01:00|W3|0.8|0.02|0.02|0.02|0.71;0001-01-01T00:00:06.796+01:00|W4|1.1|0.75|0.35|0.75|0.32;0001-01-01T00:00:06.796+01:00|W5|1.6|0.39|0.30|0.39|1.44;0001-01-01T00:00:06.796+01:00|W6|0.9|-0.80|0.01|-0.80|0.03;0001-01-01T00:00:06.796+01:00|W7|1.4|-0.10|0.35|-0.10|1.41;0001-01-01T00:00:06.796+01:00|W8|1.1|-0.40|0.46|-0.40|1.02;0001-01-01T00:00:06.796+01:00|W9|0.7|-0.47|0.00|-0.47|0.49;0001-01-01T00:00:06.796+01:00|W10|0.8|-0.50|0.09|-0.50|0.66;0001-01-01T00:00:06.796+01:00|W11|0.5|-0.26|0.07|-0.26|0.38;0001-01-01T00:00:06.796+01:00|W12|0.7|0.72|0.16|0.72|0.16"
69.00;4.73;0001-01-01T00:00:06.8920000+01:00;66.04;1.11;-24.03;28.7;1.178;-6.703;23.537;-17.883;14.125;-12.001;94.255;-55.037;109.166;"0001-01-01T00:00:06.796+01:00|W1|0.9|0.27|0.13|0.27|0.78;0001-01-01T00:00:06.796+01:00|W2|0.3|0.18|0.09|0.18|0.22;0001-01-01T00:00:06.796+01:00|W3|0.8|0.02|0.02|0.02|0.71;0001-01-01T00:00:06.796+01:00|W4|1.1|0.75|0.35|0.75|0.32;0001-01-01T00:00:06.796+01:00|W5|1.6|0.39|0.30|0.39|1.44;0001-01-01T00:00:06.796+01:00|W6|0.9|-0.80|0.01|-0.80|0.03;0001-01-01T00:00:06.796+01:00|W7|1.4|-0.10|0.35|-0.10|1.41;0001-01-01T00:00:06.796+01:00|W8|1.1|-0.40|0.46|-0.40|1.02;0001-01-01T00:00:06.796+01:00|W9|0.7|-0.47|0.00|-0.47|0.49;0001-01-01T00:00:06.796+01:00|W10|0.8|-0.50|0.09|-0.50|0.66;0001-01-01T00:00:06.796+01:00|W11|0.5|-0.26|0.07|-0.26|0.38;0001-01-01T00:00:06.796+01:00|W12|0.7|0.72|0.16|0.72|0.16"
70.00;4.68;0001-01-01T00:00:06.9240000+01:00;66.91;1.12;-24.56;26.9;1.512;-6.981;23.693;-17.636;13.866;-11.869;94.063;-55.084;109.028;"0001-01-01T00:00:07.043+01:00|W1|0.9|0.26|0.10|0.26|0.80;0001-01-01T00:00:07.043+01:00|W2|0.4|0.20|0.03|0.20|0.22;0001-01-01T00:00:07.043+01:00|W3|0.8|0.01|0.01|0.01|0.71;0001-01-01T00:00:07.043+01:00|W4|1.1|0.81|0.31|0.81|0.37;0001-01-01T00:00:07.043+01:00|W5|1.3|0.31|0.05|0.31|1.30;0001-01-01T00:00:07.043+01:00|W6|1.0|-0.87|0.10|-0.87|0.08;0001-01-01T00:00:07.043+01:00|W7|1.5|-0.05|0.39|-0.05|1.50;0001-01-01T00:00:07.043+01:00|W8|0.8|-0.21|0.69|-0.21|0.71;0001-01-01T00:00:07.043+01:00|W9|0.7|-0.45|0.02|-0.45|0.47;0001-01-01T00:00:07.043+01:00|W10|0.8|-0.46|0.05|-0.46|0.66;0001-01-01T00:00:07.043+01:00|W11|0.5|-0.26|0.07|-0.26|0.39;0001-01-01T00:00:07.043+01:00|W12|0.7|0.71|0.14|0.71|0.15"
71.00;4.63;0001-01-01T00:00:06.9560000+01:00;67.78;1.14;-25.09;25.3;1.881;-7.227;23.977;-17.413;13.611;-11.735;93.911;-55.176;108.946;"0001-01-01T00:00:07.043+01:00|W1|0.9|0.26|0.10|0.26|0.80;0001-01-01T00:00:07.043+01:00|W2|0.4|0.20|0.03|0.20|0.22;0001-01-01T00:00:07.043+01:00|W3|0.8|0.01|0.01|0.01|0.71;0001-01-01T00:00:07.043+01:00|W4|1.1|0.81|0.31|0.81|0.37;0001-01-01T00:00:07.043+01:00|W5|1.3|0.31|0.05|0.31|1.30;0001-01-01T00:00:07.043+01:00|W6|1.0|-0.87|0.10|-0.87|0.08;0001-01-01T00:00:07.043+01:00|W7|1.5|-0.05|0.39|-0.05|1.50;0001-01-01T00:00:07.043+01:00|W8|0.8|-0.21|0.69|-0.21|0.71;0001-01-01T00:00:07.043+01:00|W9|0.7|-0.45|0.02|-0.45|0.47;0001-01-01T00:00:07.043+01:00|W10|0.8|-0.46|0.05|-0.46|0.66;0001-01-01T00:00:07.043+01:00|W11|0.5|-0.26|0.07|-0.26|0.39;0001-01-01T00:00:07.043+01:00|W12|0.7|0.71|0.14|0.71|0.15"
72.00;4.61;0001-01-01T00:00:06.9900000+01:00;68.65;1.16;-25.61;25.0;2.403;-7.336;24.830;-17.305;13.378;-11.595;93.932;-55.458;109.108;"0001-01-01T00:00:07.043+01:00|W1|0.9|0.26|0.10|0.26|0.80;0001-01-01T00:00:07.043+01:00|W2|0.4|0.20|0.03|0.20|0.22;0001-01-01T00:00:07.043+01:00|W3|0.8|0.01|0.01|0.01|0.71;0001-01-01T00:00:07.043+01:00|W4|1.1|0.81|0.31|0.81|0.37;0001-01-01T00:00:07.043+01:00|W5|1.3|0.31|0.05|0.31|1.30;0001-01-01T00:00:07.043+01:00|W6|1.0|-0.87|0.10|-0.87|0.08;0001-01-01T00:00:07.043+01:00|W7|1.5|-0.05|0.39|-0.05|1.50;0001-01-01T00:00:07.043+01:00|W8|0.8|-0.21|0.69|-0.21|0.71;0001-01-01T00:00:07.043+01:00|W9|0.7|-0.45|0.02|-0.45|0.47;0001-01-01T00:00:07.043+01:00|W10|0.8|-0.46|0.05|-0.46|0.66;0001-01-01T00:00:07.043+01:00|W11|0.5|-0.26|0.07|-0.26|0.39;0001-01-01T00:00:07.043+01:00|W12|0.7|0.71|0.14|0.71|0.15"
73.00;4.59;0001-01-01T00:00:07.0230000+01:00;69.53;1.18;-26.12;24.9;2.851;-7.376;26.980;-16.682;13.232;-11.659;93.927;-55.781;109.271;"0001-01-01T00:00:07.043+01:00|W1|0.9|0.26|0.10|0.26|0.80;0001-01-01T00:00:07.043+01:00|W2|0.4|0.20|0.03|0.20|0.22;0001-01-01T00:00:07.043+01:00|W3|0.8|0.01|0.01|0.01|0.71;0001-01-01T00:00:07.043+01:00|W4|1.1|0.81|0.31|0.81|0.37;0001-01-01T00:00:07.043+01:00|W5|1.3|0.31|0.05|0.31|1.30;0001-01-01T00:00:07.043+01:00|W6|1.0|-0.87|0.10|-0.87|0.08;0001-01-01T00:00:07.043+01:00|W7|1.5|-0.05|0.39|-0.05|1.50;0001-01-01T00:00:07.043+01:00|W8|0.8|-0.21|0.69|-0.21|0.71;0001-01-01T00:00:07.043+01:00|W9|0.7|-0.45|0.02|-0.45|0.47;0001-01-01T00:00:07.043+01:00|W10|0.8|-0.46|0.05|-0.46|0.66;0001-01-01T00:00:07.043+01:00|W11|0.5|-0.26|0.07|-0.26|0.39;0001-01-01T00:00:07.043+01:00|W12|0.7|0.71|0.14|0.71|0.15"
74.00;4.57;0001-01-01T00:00:07.0570000+01:00;70.40;1.20;-26.65;24.9;3.198;-7.365;29.281;-15.580;13.125;-11.829;93.887;-56.118;109.411;"0001-01-01T00:00:07.043+01:00|W1|0.9|0.26|0.10|0.26|0.80;0001-01-01T00:00:07.043+01:00|W2|0.4|0.20|0.03|0.20|0.22;0001-01-01T00:00:07.043+01:00|W3|0.8|0.01|0.01|0.01|0.71;0001-01-01T00:00:07.043+01:00|W4|1.1|0.81|0.31|0.81|0.37;0001-01-01T00:00:07.043+01:00|W5|1.3|0.31|0.05|0.31|1.30;0001-01-01T00:00:07.043+01:00|W6|1.0|-0.87|0.10|-0.87|0.08;0001-01-01T00:00:07.043+01:00|W7|1.5|-0.05|0.39|-0.05|1.50;0001-01-01T00:00:07.043+01:00|W8|0.8|-0.21|0.69|-0.21|0.71;0001-01-01T00:00:07.043+01:00|W9|0.7|-0.45|0.02|-0.45|0.47;0001-01-01T00:00:07.043+01:00|W10|0.8|-0.46|0.05|-0.46|0.66;0001-01-01T00:00:07.043+01:00|W11|0.5|-0.26|0.07|-0.26|0.39;0001-01-01T00:00:07.043+01:00|W12|0.7|0.71|0.14|0.71|0.15"
75.00;4.55;0001-01-01T00:00:07.0900000+01:00;71.27;1.23;-27.17;25.1;3.278;-7.275;29.976;-13.479;13.018;-12.068;93.751;-56.435;109.456;"0001-01-01T00:00:07.043+01:00|W1|0.9|0.26|0.10|0.26|0.80;0001-01-01T00:00:07.043+01:00|W2|0.4|0.20|0.03|0.20|0.22;0001-01-01T00:00:07.043+01:00|W3|0.8|0.01|0.01|0.01|0.71;0001-01-01T00:00:07.043+01:00|W4|1.1|0.81|0.31|0.81|0.37;0001-01-01T00:00:07.043+01:00|W5|1.3|0.31|0.05|0.31|1.30;0001-01-01T00:00:07.043+01:00|W6|1.0|-0.87|0.10|-0.87|0.08;0001-01-01T00:00:07.043+01:00|W7|1.5|-0.05|0.39|-0.05|1.50;0001-01-01T00:00:07.043+01:00|W8|0.8|-0.21|0.69|-0.21|0.71;0001-01-01T00:00:07.043+01:00|W9|0.7|-0.45|0.02|-0.45|0.47;0001-01-01T00:00:07.043+01:00|W10|0.8|-0.46|0.05|-0.46|0.66;0001-01-01T00:00:07.043+01:00|W11|0.5|-0.26|0.07|-0.26|0.39;0001-01-01T00:00:07.043+01:00|W12|0.7|0.71|0.14|0.71|0.15"
76.00;4.53;0001-01-01T00:00:07.1240000+01:00;72.14;1.25;-27.70;25.3;3.195;-7.306;31.775;-13.073;12.915;-12.391;93.700;-56.846;109.622;"0001-01-01T00:00:07.043+01:00|W1|0.9|0.26|0.10|0.26|0.80;0001-01-01T00:00:07.043+01:00|W2|0.4|0.20|0.03|0.20|0.22;0001-01-01T00:00:07.043+01:00|W3|0.8|0.01|0.01|0.01|0.71;0001-01-01T00:00:07.043+01:00|W4|1.1|0.81|0.31|0.81|0.37;0001-01-01T00:00:07.043+01:00|W5|1.3|0.31|0.05|0.31|1.30;0001-01-01T00:00:07.043+01:00|W6|1.0|-0.87|0.10|-0.87|0.08;0001-01-01T00:00:07.043+01:00|W7|1.5|-0.05|0.39|-0.05|1.50;0001-01-01T00:00:07.043+01:00|W8|0.8|-0.21|0.69|-0.21|0.71;0001-01-01T00:00:07.043+01:00|W9|0.7|-0.45|0.02|-0.45|0.47;0001-01-01T00:00:07.043+01:00|W10|0.8|-0.46|0.05|-0.46|0.66;0001-01-01T00:00:07.043+01:00|W11|0.5|-0.26|0.07|-0.26|0.39;0001-01-01T00:00:07.043+01:00|W12|0.7|0.71|0.14|0.71|0.15"
77.00;4.51;0001-01-01T00:00:07.1570000+01:00;73.01;1.27;-28.23;25.5;2.951;-7.432;33.509;-13.172;12.838;-12.718;93.687;-57.290;109.839;"0001-01-01T00:00:07.043+01:00|W1|0.9|0.26|0.10|0.26|0.80;0001-01-01T00:00:07.043+01:00|W2|0.4|0.20|0.03|0.20|0.22;0001-01-01T00:00:07.043+01:00|W3|0.8|0.01|0.01|0.01|0.71;0001-01-01T00:00:07.043+01:00|W4|1.1|0.81|0.31|0.81|0.37;0001-01-01T00:00:07.043+01:00|W5|1.3|0.31|0.05|0.31|1.30;0001-01-01T00:00:07.043+01:00|W6|1.0|-0.87|0.10|-0.87|0.08;0001-01-01T00:00:07.043+01:00|W7|1.5|-0.05|0.39|-0.05|1.50;0001-01-01T00:00:07.043+01:00|W8|0.8|-0.21|0.69|-0.21|0.71;0001-01-01T00:00:07.043+01:00|W9|0.7|-0.45|0.02|-0.45|0.47;0001-01-01T00:00:07.043+01:00|W10|0.8|-0.46|0.05|-0.46|0.66;0001-01-01T00:00:07.043+01:00|W11|0.5|-0.26|0.07|-0.26|0.39;0001-01-01T00:00:07.043+01:00|W12|0.7|0.71|0.14|0.71|0.15"
78.00;4.49;0001-01-01T00:00:07.1900000+01:00;73.88;1.29;-28.76;25.7;2.367;-7.727;33.370;-12.589;12.842;-12.932;93.684;-57.713;110.058;"0001-01-01T00:00:07.292+01:00|W1|1.0|0.31|0.06|0.31|0.83;0001-01-01T00:00:07.292+01:00|W2|0.4|0.19|0.01|0.19|0.19;0001-01-01T00:00:07.292+01:00|W3|0.8|0.02|0.00|0.02|0.70;0001-01-01T00:00:07.292+01:00|W4|1.2|0.99|0.38|0.99|0.60;0001-01-01T00:00:07.292+01:00|W5|1.3|0.53|0.01|0.53|1.22;0001-01-01T00:00:07.292+01:00|W6|1.0|-0.94|0.15|-0.94|0.04;0001-01-01T00:00:07.292+01:00|W7|1.5|-0.09|0.36|-0.09|1.50;0001-01-01T00:00:07.292+01:00|W8|0.7|-0.07|0.78|-0.07|0.63;0001-01-01T00:00:07.292+01:00|W9|0.7|-0.41|0.04|-0.41|0.47;0001-01-01T00:00:07.292+01:00|W10|0.7|-0.35|0.06|-0.35|0.62;0001-01-01T00:00:07.292+01:00|W11|0.5|-0.25|0.04|-0.25|0.38;0001-01-01T00:00:07.292+01:00|W12|0.7|0.69|0.11|0.69|0.12"
79.00;4.48;0001-01-01T00:00:07.2240000+01:00;74.74;1.32;-29.29;26.0;1.601;-8.140;34.207;-12.675;12.982;-13.081;93.655;-58.085;110.228;"0001-01-01T00:00:07.292+01:00|W1|1.0|0.31|0.06|0.31|0.83;0001-01-01T00:00:07.292+01:00|W2|0.4|0.19|0.01|0.19|0.19;0001-01-01T00:00:07.292+01:00|W3|0.8|0.02|0.00|0.02|0.70;0001-01-01T00:00:07.292+01:00|W4|1.2|0.99|0.38|0.99|0.60;0001-01-01T00:00:07.292+01:00|W5|1.3|0.53|0.01|0.53|1.22;0001-01-01T00:00:07.292+01:00|W6|1.0|-0.94|0.15|-0.94|0.04;0001-01-01T00:00:07.292+01:00|W7|1.5|-0.09|0.36|-0.09|1.50;0001-01-01T00:00:07.292+01:00|W8|0.7|-0.07|0.78|-0.07|0.63;0001-01-01T00:00:07.292+01:00|W9|0.7|-0.41|0.04|-0.41|0.47;0001-01-01T00:00:07.292+01:00|W10|0.7|-0.35|0.06|-0.35|0.62;0001-01-01T00:00:07.292+01:00|W11|0.5|-0.25|0.04|-0.25|0.38;0001-01-01T00:00:07.292+01:00|W12|0.7|0.69|0.11|0.69|0.12"
80.00;4.46;0001-01-01T00:00:07.2570000+01:00;75.61;1.34;-29.83;26.3;0.781;-8.511;35.226;-13.244;13.183;-13.180;93.650;-58.440;110.412;"0001-01-01T00:00:07.292+01:00|W1|1.0|0.31|0.06|0.31|0.83;0001-01-01T00:00:07.292+01:00|W2|0.4|0.19|0.01|0.19|0.19;0001-01-01T00:00:07.292+01:00|W3|0.8|0.02|0.00|0.02|0.70;0001-01-01T00:00:07.292+01:00|W4|1.2|0.99|0.38|0.99|0.60;0001-01-01T00:00:07.292+01:00|W5|1.3|0.53|0.01|0.53|1.22;0001-01-01T00:00:07.292+01:00|W6|1.0|-0.94|0.15|-0.94|0.04;0001-01-01T00:00:07.292+01:00|W7|1.5|-0.09|0.36|-0.09|1.50;0001-01-01T00:00:07.292+01:00|W8|0.7|-0.07|0.78|-0.07|0.63;0001-01-01T00:00:07.292+01:00|W9|0.7|-0.41|0.04|-0.41|0.47;0001-01-01T00:00:07.292+01:00|W10|0.7|-0.35|0.06|-0.35|0.62;0001-01-01T00:00:07.292+01:00|W11|0.5|-0.25|0.04|-0.25|0.38;0001-01-01T00:00:07.292+01:00|W12|0.7|0.69|0.11|0.69|0.12"
81.00;4.45;0001-01-01T00:00:07.2900000+01:00;76.47;1.36;-30.37;26.5;0.024;-8.548;35.457;-14.626;13.408;-13.192;93.777;-58.813;110.718;"0001-01-01T00:00:07.292+01:00|W1|1.0|0.31|0.06|0.31|0.83;0001-01-01T00:00:07.292+01:00|W2|0.4|0.19|0.01|0.19|0.19;0001-01-01T00:00:07.292+01:00|W3|0.8|0.02|0.00|0.02|0.70;0001-01-01T00:00:07.292+01:00|W4|1.2|0.99|0.38|0.99|0.60;0001-01-01T00:00:07.292+01:00|W5|1.3|0.53|0.01|0.53|1.22;0001-01-01T00:00:07.292+01:00|W6|1.0|-0.94|0.15|-0.94|0.04;0001-01-01T00:00:07.292+01:00|W7|1.5|-0.09|0.36|-0.09|1.50;0001-01-01T00:00:07.292+01:00|W8|0.7|-0.07|0.78|-0.07|0.63;0001-01-01T00:00:07.292+01:00|W9|0.7|-0.41|0.04|-0.41|0.47;0001-01-01T00:00:07.292+01:00|W10|0.7|-0.35|0.06|-0.35|0.62;0001-01-01T00:00:07.292+01:00|W11|0.5|-0.25|0.04|-0.25|0.38;0001-01-01T00:00:07.292+01:00|W12|0.7|0.69|0.11|0.69|0.12"
82.00;4.44;0001-01-01T00:00:07.3230000+01:00;77.33;1.38;-30.91;26.8;-0.565;-8.234;35.310;-14.726;13.615;-13.242;93.880;-59.251;111.038;"0001-01-01T00:00:07.292+01:00|W1|1.0|0.31|0.06|0.31|0.83;0001-01-01T00:00:07.292+01:00|W2|0.4|0.19|0.01|0.19|0.19;0001-01-01T00:00:07.292+01:00|W3|0.8|0.02|0.00|0.02|0.70;0001-01-01T00:00:07.292+01:00|W4|1.2|0.99|0.38|0.99|0.60;0001-01-01T00:00:07.292+01:00|W5|1.3|0.53|0.01|0.53|1.22;0001-01-01T00:00:07.292+01:00|W6|1.0|-0.94|0.15|-0.94|0.04;0001-01-01T00:00:07.292+01:00|W7|1.5|-0.09|0.36|-0.09|1.50;0001-01-01T00:00:07.292+01:00|W8|0.7|-0.07|0.78|-0.07|0.63;0001-01-01T00:00:07.292+01:00|W9|0.7|-0.41|0.04|-0.41|0.47;0001-01-01T00:00:07.292+01:00|W10|0.7|-0.35|0.06|-0.35|0.62;0001-01-01T00:00:07.292+01:00|W11|0.5|-0.25|0.04|-0.25|0.38;0001-01-01T00:00:07.292+01:00|W12|0.7|0.69|0.11|0.69|0.12"
83.00;4.43;0001-01-01T00:00:07.3560000+01:00;78.19;1.40;-31.45;27.0;-1.054;-7.713;35.044;-14.190;13.788;-13.335;93.958;-59.666;111.328;"0001-01-01T00:00:07.292+01:00|W1|1.0|0.31|0.06|0.31|0.83;0001-01-01T00:00:07.292+01:00|W2|0.4|0.19|0.01|0.19|0.19;0001-01-01T00:00:07.292+01:00|W3|0.8|0.02|0.00|0.02|0.70;0001-01-01T00:00:07.292+01:00|W4|1.2|0.99|0.38|0.99|0.60;0001-01-01T00:00:07.292+01:00|W5|1.3|0.53|0.01|0.53|1.22;0001-01-01T00:00:07.292+01:00|W6|1.0|-0.94|0.15|-0.94|0.04;0001-01-01T00:00:07.292+01:00|W7|1.5|-0.09|0.36|-0.09|1.50;0001-01-01T00:00:07.292+01:00|W8|0.7|-0.07|0.78|-0.07|0.63;0001-01-01T00:00:07.292+01:00|W9|0.7|-0.41|0.04|-0.41|0.47;0001-01-01T00:00:07.292+01:00|W10|0.7|-0.35|0.06|-0.35|0.62;0001-01-01T00:00:07.292+01:00|W11|0.5|-0.25|0.04|-0.25|0.38;0001-01-01T00:00:07.292+01:00|W12|0.7|0.69|0.11|0.69|0.12"
84.00;4.42;0001-01-01T00:00:07.3890000+01:00;79.04;1.43;-32.00;27.3;-1.415;-6.938;34.988;-13.301;13.844;-13.556;93.978;-59.847;111.443;"0001-01-01T00:00:07.292+01:00|W1|1.0|0.31|0.06|0.31|0.83;0001-01-01T00:00:07.292+01:00|W2|0.4|0.19|0.01|0.19|0.19;0001-01-01T00:00:07.292+01:00|W3|0.8|0.02|0.00|0.02|0.70;0001-01-01T00:00:07.292+01:00|W4|1.2|0.99|0.38|0.99|0.60;0001-01-01T00:00:07.292+01:00|W5|1.3|0.53|0.01|0.53|1.22;0001-01-01T00:00:07.292+01:00|W6|1.0|-0.94|0.15|-0.94|0.04;0001-01-01T00:00:07.292+01:00|W7|1.5|-0.09|0.36|-0.09|1.50;0001-01-01T00:00:07.292+01:00|W8|0.7|-0.07|0.78|-0.07|0.63;0001-01-01T00:00:07.292+01:00|W9|0.7|-0.41|0.04|-0.41|0.47;0001-01-01T00:00:07.292+01:00|W10|0.7|-0.35|0.06|-0.35|0.62;0001-01-01T00:00:07.292+01:00|W11|0.5|-0.25|0.04|-0.25|0.38;0001-01-01T00:00:07.292+01:00|W12|0.7|0.69|0.11|0.69|0.12"
85.00;4.42;0001-01-01T00:00:07.4220000+01:00;79.90;1.44;-32.54;27.3;-1.394;-5.979;34.652;-12.884;13.584;-13.749;93.960;-59.997;111.504;"0001-01-01T00:00:07.545+01:00|W1|1.0|0.31|0.06|0.31|0.83;0001-01-01T00:00:07.545+01:00|W2|0.4|0.19|0.01|0.19|0.19;0001-01-01T00:00:07.545+01:00|W3|0.8|0.02|0.00|0.02|0.70;0001-01-01T00:00:07.545+01:00|W4|1.2|0.99|0.38|0.99|0.60;0001-01-01T00:00:07.545+01:00|W5|1.3|0.53|0.01|0.53|1.22;0001-01-01T00:00:07.545+01:00|W6|1.0|-0.94|0.15|-0.94|0.04;0001-01-01T00:00:07.545+01:00|W7|1.5|-0.09|0.36|-0.09|1.50;0001-01-01T00:00:07.545+01:00|W8|0.7|-0.07|0.78|-0.07|0.63;0001-01-01T00:00:07.545+01:00|W9|0.7|-0.41|0.04|-0.41|0.47;0001-01-01T00:00:07.545+01:00|W10|0.7|-0.35|0.06|-0.35|0.62;0001-01-01T00:00:07.545+01:00|W11|0.5|-0.25|0.04|-0.25|0.38;0001-01-01T00:00:07.545+01:00|W12|0.7|0.69|0.11|0.69|0.12"
86.00;4.42;0001-01-01T00:00:07.4540000+01:00;80.75;1.46;-33.09;27.0;-1.131;-4.907;34.168;-12.859;13.125;-13.913;93.919;-60.111;111.526;"0001-01-01T00:00:07.545+01:00|W1|1.0|0.31|0.06|0.31|0.83;0001-01-01T00:00:07.545+01:00|W2|0.4|0.19|0.01|0.19|0.19;0001-01-01T00:00:07.545+01:00|W3|0.8|0.02|0.00|0.02|0.70;0001-01-01T00:00:07.545+01:00|W4|1.2|0.99|0.38|0.99|0.60;0001-01-01T00:00:07.545+01:00|W5|1.3|0.53|0.01|0.53|1.22;0001-01-01T00:00:07.545+01:00|W6|1.0|-0.94|0.15|-0.94|0.04;0001-01-01T00:00:07.545+01:00|W7|1.5|-0.09|0.36|-0.09|1.50;0001-01-01T00:00:07.545+01:00|W8|0.7|-0.07|0.78|-0.07|0.63;0001-01-01T00:00:07.545+01:00|W9|0.7|-0.41|0.04|-0.41|0.47;0001-01-01T00:00:07.545+01:00|W10|0.7|-0.35|0.06|-0.35|0.62;0001-01-01T00:00:07.545+01:00|W11|0.5|-0.25|0.04|-0.25|0.38;0001-01-01T00:00:07.545+01:00|W12|0.7|0.69|0.11|0.69|0.12"
87.00;4.43;0001-01-01T00:00:07.4870000+01:00;81.61;1.48;-33.64;26.4;-0.621;-3.735;33.689;-13.763;12.462;-13.990;93.869;-60.091;111.470;"0001-01-01T00:00:07.545+01:00|W1|1.0|0.31|0.06|0.31|0.83;0001-01-01T00:00:07.545+01:00|W2|0.4|0.19|0.01|0.19|0.19;0001-01-01T00:00:07.545+01:00|W3|0.8|0.02|0.00|0.02|0.70;0001-01-01T00:00:07.545+01:00|W4|1.2|0.99|0.38|0.99|0.60;0001-01-01T00:00:07.545+01:00|W5|1.3|0.53|0.01|0.53|1.22;0001-01-01T00:00:07.545+01:00|W6|1.0|-0.94|0.15|-0.94|0.04;0001-01-01T00:00:07.545+01:00|W7|1.5|-0.09|0.36|-0.09|1.50;0001-01-01T00:00:07.545+01:00|W8|0.7|-0.07|0.78|-0.07|0.63;0001-01-01T00:00:07.545+01:00|W9|0.7|-0.41|0.04|-0.41|0.47;0001-01-01T00:00:07.545+01:00|W10|0.7|-0.35|0.06|-0.35|0.62;0001-01-01T00:00:07.545+01:00|W11|0.5|-0.25|0.04|-0.25|0.38;0001-01-01T00:00:07.545+01:00|W12|0.7|0.69|0.11|0.69|0.12"
88.00;4.44;0001-01-01T00:00:07.5200000+01:00;82.46;1.50;-34.19;26.0;-0.181;-2.690;32.874;-15.629;11.862;-14.118;93.804;-60.207;111.476;"0001-01-01T00:00:07.545+01:00|W1|1.0|0.31|0.06|0.31|0.83;0001-01-01T00:00:07.545+01:00|W2|0.4|0.19|0.01|0.19|0.19;0001-01-01T00:00:07.545+01:00|W3|0.8|0.02|0.00|0.02|0.70;0001-01-01T00:00:07.545+01:00|W4|1.2|0.99|0.38|0.99|0.60;0001-01-01T00:00:07.545+01:00|W5|1.3|0.53|0.01|0.53|1.22;0001-01-01T00:00:07.545+01:00|W6|1.0|-0.94|0.15|-0.94|0.04;0001-01-01T00:00:07.545+01:00|W7|1.5|-0.09|0.36|-0.09|1.50;0001-01-01T00:00:07.545+01:00|W8|0.7|-0.07|0.78|-0.07|0.63;0001-01-01T00:00:07.545+01:00|W9|0.7|-0.41|0.04|-0.41|0.47;0001-01-01T00:00:07.545+01:00|W10|0.7|-0.35|0.06|-0.35|0.62;0001-01-01T00:00:07.545+01:00|W11|0.5|-0.25|0.04|-0.25|0.38;0001-01-01T00:00:07.545+01:00|W12|0.7|0.69|0.11|0.69|0.12"
89.00;4.45;0001-01-01T00:00:07.5530000+01:00;83.32;1.51;-34.73;25.7;0.158;-1.794;31.817;-18.211;11.341;-14.306;93.722;-60.388;111.504;"0001-01-01T00:00:07.545+01:00|W1|1.0|0.31|0.06|0.31|0.83;0001-01-01T00:00:07.545+01:00|W2|0.4|0.19|0.01|0.19|0.19;0001-01-01T00:00:07.545+01:00|W3|0.8|0.02|0.00|0.02|0.70;0001-01-01T00:00:07.545+01:00|W4|1.2|0.99|0.38|0.99|0.60;0001-01-01T00:00:07.545+01:00|W5|1.3|0.53|0.01|0.53|1.22;0001-01-01T00:00:07.545+01:00|W6|1.0|-0.94|0.15|-0.94|0.04;0001-01-01T00:00:07.545+01:00|W7|1.5|-0.09|0.36|-0.09|1.50;0001-01-01T00:00:07.545+01:00|W8|0.7|-0.07|0.78|-0.07|0.63;0001-01-01T00:00:07.545+01:00|W9|0.7|-0.41|0.04|-0.41|0.47;0001-01-01T00:00:07.545+01:00|W10|0.7|-0.35|0.06|-0.35|0.62;0001-01-01T00:00:07.545+01:00|W11|0.5|-0.25|0.04|-0.25|0.38;0001-01-01T00:00:07.545+01:00|W12|0.7|0.69|0.11|0.69|0.12"
90.00;4.48;0001-01-01T00:00:07.5860000+01:00;84.18;1.52;-35.28;26.2;-0.093;-1.626;30.552;-21.729;11.247;-14.804;93.561;-60.306;111.319;"0001-01-01T00:00:07.545+01:00|W1|1.0|0.31|0.06|0.31|0.83;0001-01-01T00:00:07.545+01:00|W2|0.4|0.19|0.01|0.19|0.19;0001-01-01T00:00:07.545+01:00|W3|0.8|0.02|0.00|0.02|0.70;0001-01-01T00:00:07.545+01:00|W4|1.2|0.99|0.38|0.99|0.60;0001-01-01T00:00:07.545+01:00|W5|1.3|0.53|0.01|0.53|1.22;0001-01-01T00:00:07.545+01:00|W6|1.0|-0.94|0.15|-0.94|0.04;0001-01-01T00:00:07.545+01:00|W7|1.5|-0.09|0.36|-0.09|1.50;0001-01-01T00:00:07.545+01:00|W8|0.7|-0.07|0.78|-0.07|0.63;0001-01-01T00:00:07.545+01:00|W9|0.7|-0.41|0.04|-0.41|0.47;0001-01-01T00:00:07.545+01:00|W10|0.7|-0.35|0.06|-0.35|0.62;0001-01-01T00:00:07.545+01:00|W11|0.5|-0.25|0.04|-0.25|0.38;0001-01-01T00:00:07.545+01:00|W12|0.7|0.69|0.11|0.69|0.12"
91.00;4.50;0001-01-01T00:00:07.6180000+01:00;85.03;1.54;-35.83;26.8;-0.342;-1.729;29.298;-26.376;11.154;-15.512;93.531;-60.580;111.442;"0001-01-01T00:00:07.545+01:00|W1|1.0|0.31|0.06|0.31|0.83;0001-01-01T00:00:07.545+01:00|W2|0.4|0.19|0.01|0.19|0.19;0001-01-01T00:00:07.545+01:00|W3|0.8|0.02|0.00|0.02|0.70;0001-01-01T00:00:07.545+01:00|W4|1.2|0.99|0.38|0.99|0.60;0001-01-01T00:00:07.545+01:00|W5|1.3|0.53|0.01|0.53|1.22;0001-01-01T00:00:07.545+01:00|W6|1.0|-0.94|0.15|-0.94|0.04;0001-01-01T00:00:07.545+01:00|W7|1.5|-0.09|0.36|-0.09|1.50;0001-01-01T00:00:07.545+01:00|W8|0.7|-0.07|0.78|-0.07|0.63;0001-01-01T00:00:07.545+01:00|W9|0.7|-0.41|0.04|-0.41|0.47;0001-01-01T00:00:07.545+01:00|W10|0.7|-0.35|0.06|-0.35|0.62;0001-01-01T00:00:07.545+01:00|W11|0.5|-0.25|0.04|-0.25|0.38;0001-01-01T00:00:07.545+01:00|W12|0.7|0.69|0.11|0.69|0.12"
92.00;4.51;0001-01-01T00:00:07.6510000+01:00;85.87;1.56;-36.39;27.4;-0.600;-2.046;28.051;-31.831;11.066;-16.372;93.599;-61.117;111.795;"0001-01-01T00:00:07.545+01:00|W1|1.0|0.31|0.06|0.31|0.83;0001-01-01T00:00:07.545+01:00|W2|0.4|0.19|0.01|0.19|0.19;0001-01-01T00:00:07.545+01:00|W3|0.8|0.02|0.00|0.02|0.70;0001-01-01T00:00:07.545+01:00|W4|1.2|0.99|0.38|0.99|0.60;0001-01-01T00:00:07.545+01:00|W5|1.3|0.53|0.01|0.53|1.22;0001-01-01T00:00:07.545+01:00|W6|1.0|-0.94|0.15|-0.94|0.04;0001-01-01T00:00:07.545+01:00|W7|1.5|-0.09|0.36|-0.09|1.50;0001-01-01T00:00:07.545+01:00|W8|0.7|-0.07|0.78|-0.07|0.63;0001-01-01T00:00:07.545+01:00|W9|0.7|-0.41|0.04|-0.41|0.47;0001-01-01T00:00:07.545+01:00|W10|0.7|-0.35|0.06|-0.35|0.62;0001-01-01T00:00:07.545+01:00|W11|0.5|-0.25|0.04|-0.25|0.38;0001-01-01T00:00:07.545+01:00|W12|0.7|0.69|0.11|0.69|0.12"
93.00;4.54;0001-01-01T00:00:07.6840000+01:00;86.72;1.57;-36.95;28.2;-1.198;-2.665;26.737;-35.741;11.121;-17.064;93.607;-61.403;111.961;"0001-01-01T00:00:07.796+01:00|W1|1.0|0.42|0.03|0.42|0.88;0001-01-01T00:00:07.796+01:00|W2|0.4|0.17|0.03|0.17|0.18;0001-01-01T00:00:07.796+01:00|W3|0.7|0.03|0.02|0.03|0.68;0001-01-01T00:00:07.796+01:00|W4|1.2|0.96|0.23|0.96|0.65;0001-01-01T00:00:07.796+01:00|W5|1.1|0.52|0.22|0.52|0.98;0001-01-01T00:00:07.796+01:00|W6|1.0|-0.92|0.10|-0.92|0.02;0001-01-01T00:00:07.796+01:00|W7|1.4|-0.16|0.22|-0.16|1.40;0001-01-01T00:00:07.796+01:00|W8|0.7|-0.02|0.65|-0.02|0.70;0001-01-01T00:00:07.796+01:00|W9|0.7|-0.40|0.01|-0.40|0.52;0001-01-01T00:00:07.796+01:00|W10|0.7|-0.32|0.11|-0.32|0.59;0001-01-01T00:00:07.796+01:00|W11|0.4|-0.23|0.01|-0.23|0.37;0001-01-01T00:00:07.796+01:00|W12|0.6|0.58|0.02|0.58|0.11"
94.00;4.57;0001-01-01T00:00:07.7160000+01:00;87.57;1.59;-37.50;28.9;-1.817;-3.486;26.340;-39.248;11.254;-17.670;93.656;-61.869;112.262;"0001-01-01T00:00:07.796+01:00|W1|1.0|0.42|0.03|0.42|0.88;0001-01-01T00:00:07.796+01:00|W2|0.4|0.17|0.03|0.17|0.18;0001-01-01T00:00:07.796+01:00|W3|0.7|0.03|0.02|0.03|0.68;0001-01-01T00:00:07.796+01:00|W4|1.2|0.96|0.23|0.96|0.65;0001-01-01T00:00:07.796+01:00|W5|1.1|0.52|0.22|0.52|0.98;0001-01-01T00:00:07.796+01:00|W6|1.0|-0.92|0.10|-0.92|0.02;0001-01-01T00:00:07.796+01:00|W7|1.4|-0.16|0.22|-0.16|1.40;0001-01-01T00:00:07.796+01:00|W8|0.7|-0.02|0.65|-0.02|0.70;0001-01-01T00:00:07.796+01:00|W9|0.7|-0.40|0.01|-0.40|0.52;0001-01-01T00:00:07.796+01:00|W10|0.7|-0.32|0.11|-0.32|0.59;0001-01-01T00:00:07.796+01:00|W11|0.4|-0.23|0.01|-0.23|0.37;0001-01-01T00:00:07.796+01:00|W12|0.6|0.58|0.02|0.58|0.11"
95.00;4.59;0001-01-01T00:00:07.7490000+01:00;88.42;1.60;-38.07;29.6;-2.457;-4.509;26.869;-42.350;11.466;-18.190;93.746;-62.518;112.699;"0001-01-01T00:00:07.796+01:00|W1|1.0|0.42|0.03|0.42|0.88;0001-01-01T00:00:07.796+01:00|W2|0.4|0.17|0.03|0.17|0.18;0001-01-01T00:00:07.796+01:00|W3|0.7|0.03|0.02|0.03|0.68;0001-01-01T00:00:07.796+01:00|W4|1.2|0.96|0.23|0.96|0.65;0001-01-01T00:00:07.796+01:00|W5|1.1|0.52|0.22|0.52|0.98;0001-01-01T00:00:07.796+01:00|W6|1.0|-0.92|0.10|-0.92|0.02;0001-01-01T00:00:07.796+01:00|W7|1.4|-0.16|0.22|-0.16|1.40;0001-01-01T00:00:07.796+01:00|W8|0.7|-0.02|0.65|-0.02|0.70;0001-01-01T00:00:07.796+01:00|W9|0.7|-0.40|0.01|-0.40|0.52;0001-01-01T00:00:07.796+01:00|W10|0.7|-0.32|0.11|-0.32|0.59;0001-01-01T00:00:07.796+01:00|W11|0.4|-0.23|0.01|-0.23|0.37;0001-01-01T00:00:07.796+01:00|W12|0.6|0.58|0.02|0.58|0.11"
96.00;4.61;0001-01-01T00:00:07.7810000+01:00;89.26;1.62;-38.64;29.9;-3.114;-5.449;26.264;-41.714;11.791;-18.405;93.850;-62.894;112.992;"0001-01-01T00:00:07.796+01:00|W1|1.0|0.42|0.03|0.42|0.88;0001-01-01T00:00:07.796+01:00|W2|0.4|0.17|0.03|0.17|0.18;0001-01-01T00:00:07.796+01:00|W3|0.7|0.03|0.02|0.03|0.68;0001-01-01T00:00:07.796+01:00|W4|1.2|0.96|0.23|0.96|0.65;0001-01-01T00:00:07.796+01:00|W5|1.1|0.52|0.22|0.52|0.98;0001-01-01T00:00:07.796+01:00|W6|1.0|-0.92|0.10|-0.92|0.02;0001-01-01T00:00:07.796+01:00|W7|1.4|-0.16|0.22|-0.16|1.40;0001-01-01T00:00:07.796+01:00|W8|0.7|-0.02|0.65|-0.02|0.70;0001-01-01T00:00:07.796+01:00|W9|0.7|-0.40|0.01|-0.40|0.52;0001-01-01T00:00:07.796+01:00|W10|0.7|-0.32|0.11|-0.32|0.59;0001-01-01T00:00:07.796+01:00|W11|0.4|-0.23|0.01|-0.23|0.37;0001-01-01T00:00:07.796+01:00|W12|0.6|0.58|0.02|0.58|0.11"
97.00;4.62;0001-01-01T00:00:07.8130000+01:00;90.10;1.64;-39.21;30.2;-3.524;-6.384;25.627;-40.931;11.884;-18.607;94.053;-63.553;113.530;"0001-01-01T00:00:07.796+01:00|W1|1.0|0.42|0.03|0.42|0.88;0001-01-01T00:00:07.796+01:00|W2|0.4|0.17|0.03|0.17|0.18;0001-01-01T00:00:07.796+01:00|W3|0.7|0.03|0.02|0.03|0.68;0001-01-01T00:00:07.796+01:00|W4|1.2|0.96|0.23|0.96|0.65;0001-01-01T00:00:07.796+01:00|W5|1.1|0.52|0.22|0.52|0.98;0001-01-01T00:00:07.796+01:00|W6|1.0|-0.92|0.10|-0.92|0.02;0001-01-01T00:00:07.796+01:00|W7|1.4|-0.16|0.22|-0.16|1.40;0001-01-01T00:00:07.796+01:00|W8|0.7|-0.02|0.65|-0.02|0.70;0001-01-01T00:00:07.796+01:00|W9|0.7|-0.40|0.01|-0.40|0.52;0001-01-01T00:00:07.796+01:00|W10|0.7|-0.32|0.11|-0.32|0.59;0001-01-01T00:00:07.796+01:00|W11|0.4|-0.23|0.01|-0.23|0.37;0001-01-01T00:00:07.796+01:00|W12|0.6|0.58|0.02|0.58|0.11"
98.00;4.65;0001-01-01T00:00:07.8450000+01:00;90.93;1.66;-39.77;30.5;-3.574;-7.317;25.007;-40.151;11.635;-18.810;94.402;-64.636;114.433;"0001-01-01T00:00:07.796+01:00|W1|1.0|0.42|0.03|0.42|0.88;0001-01-01T00:00:07.796+01:00|W2|0.4|0.17|0.03|0.17|0.18;0001-01-01T00:00:07.796+01:00|W3|0.7|0.03|0.02|0.03|0.68;0001-01-01T00:00:07.796+01:00|W4|1.2|0.96|0.23|0.96|0.65;0001-01-01T00:00:07.796+01:00|W5|1.1|0.52|0.22|0.52|0.98;0001-01-01T00:00:07.796+01:00|W6|1.0|-0.92|0.10|-0.92|0.02;0001-01-01T00:00:07.796+01:00|W7|1.4|-0.16|0.22|-0.16|1.40;0001-01-01T00:00:07.796+01:00|W8|0.7|-0.02|0.65|-0.02|0.70;0001-01-01T00:00:07.796+01:00|W9|0.7|-0.40|0.01|-0.40|0.52;0001-01-01T00:00:07.796+01:00|W10|0.7|-0.32|0.11|-0.32|0.59;0001-01-01T00:00:07.796+01:00|W11|0.4|-0.23|0.01|-0.23|0.37;0001-01-01T00:00:07.796+01:00|W12|0.6|0.58|0.02|0.58|0.11"
99.00;4.67;0001-01-01T00:00:07.8770000+01:00;91.77;1.68;-40.33;30.8;-3.624;-8.243;24.391;-39.376;11.388;-19.010;94.748;-65.712;115.334;"0001-01-01T00:00:07.796+01:00|W1|1.0|0.42|0.03|0.42|0.88;0001-01-01T00:00:07.796+01:00|W2|0.4|0.17|0.03|0.17|0.18;0001-01-01T00:00:07.796+01:00|W3|0.7|0.03|0.02|0.03|0.68;0001-01-01T00:00:07.796+01:00|W4|1.2|0.96|0.23|0.96|0.65;0001-01-01T00:00:07.796+01:00|W5|1.1|0.52|0.22|0.52|0.98;0001-01-01T00:00:07.796+01:00|W6|1.0|-0.92|0.10|-0.92|0.02;0001-01-01T00:00:07.796+01:00|W7|1.4|-0.16|0.22|-0.16|1.40;0001-01-01T00:00:07.796+01:00|W8|0.7|-0.02|0.65|-0.02|0.70;0001-01-01T00:00:07.796+01:00|W9|0.7|-0.40|0.01|-0.40|0.52;0001-01-01T00:00:07.796+01:00|W10|0.7|-0.32|0.11|-0.32|0.59;0001-01-01T00:00:07.796+01:00|W11|0.4|-0.23|0.01|-0.23|0.37;0001-01-01T00:00:07.796+01:00|W12|0.6|0.58|0.02|0.58|0.11"
100.00;4.69;0001-01-01T00:00:07.9090000+01:00;92.60;1.70;-40.89;30.6;-3.673;-8.907;23.779;-37.560;11.143;-19.016;94.946;-66.230;115.797;"0001-01-01T00:00:07.796+01:00|W1|1.0|0.42|0.03|0.42|0.88;0001-01-01T00:00:07.796+01:00|W2|0.4|0.17|0.03|0.17|0.18;0001-01-01T00:00:07.796+01:00|W3|0.7|0.03|0.02|0.03|0.68;0001-01-01T00:00:07.796+01:00|W4|1.2|0.96|0.23|0.96|0.65;0001-01-01T00:00:07.796+01:00|W5|1.1|0.52|0.22|0.52|0.98;0001-01-01T00:00:07.796+01:00|W6|1.0|-0.92|0.10|-0.92|0.02;0001-01-01T00:00:07.796+01:00|W7|1.4|-0.16|0.22|-0.16|1.40;0001-01-01T00:00:07.796+01:00|W8|0.7|-0.02|0.65|-0.02|0.70;0001-01-01T00:00:07.796+01:00|W9|0.7|-0.40|0.01|-0.40|0.52;0001-01-01T00:00:07.796+01:00|W10|0.7|-0.32|0.11|-0.32|0.59;0001-01-01T00:00:07.796+01:00|W11|0.4|-0.23|0.01|-0.23|0.37;0001-01-01T00:00:07.796+01:00|W12|0.6|0.58|0.02|0.58|0.11"
101.00;4.70;0001-01-01T00:00:07.9400000+01:00;93.42;1.72;-41.46;29.4;-3.722;-8.888;23.175;-33.020;10.901;-18.512;94.761;-65.298;115.107;"0001-01-01T00:00:08.044+01:00|W1|1.1|0.43|0.07|0.43|0.91;0001-01-01T00:00:08.044+01:00|W2|0.5|0.18|0.05|0.18|0.18;0001-01-01T00:00:08.044+01:00|W3|0.7|0.03|0.02|0.03|0.68;0001-01-01T00:00:08.044+01:00|W4|1.2|0.96|0.23|0.96|0.65;0001-01-01T00:00:08.044+01:00|W5|1.1|0.52|0.22|0.52|0.98;0001-01-01T00:00:08.044+01:00|W6|1.0|-0.92|0.10|-0.92|0.02;0001-01-01T00:00:08.044+01:00|W7|1.4|-0.16|0.22|-0.16|1.40;0001-01-01T00:00:08.044+01:00|W8|0.7|-0.02|0.65|-0.02|0.70;0001-01-01T00:00:08.044+01:00|W9|0.7|-0.40|0.01|-0.40|0.52;0001-01-01T00:00:08.044+01:00|W10|0.7|-0.32|0.11|-0.32|0.59;0001-01-01T00:00:08.044+01:00|W11|0.4|-0.23|0.01|-0.23|0.37;0001-01-01T00:00:08.044+01:00|W12|0.6|0.58|0.02|0.58|0.11"
102.00;4.72;0001-01-01T00:00:07.9710000+01:00;94.25;1.74;-42.03;28.3;-3.620;-8.523;23.089;-31.331;10.544;-17.917;94.713;-65.090;114.949;"0001-01-01T00:00:08.044+01:00|W1|1.1|0.43|0.07|0.43|0.91;0001-01-01T00:00:08.044+01:00|W2|0.5|0.18|0.05|0.18|0.18;0001-01-01T00:00:08.044+01:00|W3|0.7|0.03|0.02|0.03|0.68;0001-01-01T00:00:08.044+01:00|W4|1.2|0.96|0.23|0.96|0.65;0001-01-01T00:00:08.044+01:00|W5|1.1|0.52|0.22|0.52|0.98;0001-01-01T00:00:08.044+01:00|W6|1.0|-0.92|0.10|-0.92|0.02;0001-01-01T00:00:08.044+01:00|W7|1.4|-0.16|0.22|-0.16|1.40;0001-01-01T00:00:08.044+01:00|W8|0.7|-0.02|0.65|-0.02|0.70;0001-01-01T00:00:08.044+01:00|W9|0.7|-0.40|0.01|-0.40|0.52;0001-01-01T00:00:08.044+01:00|W10|0.7|-0.32|0.11|-0.32|0.59;0001-01-01T00:00:08.044+01:00|W11|0.4|-0.23|0.01|-0.23|0.37;0001-01-01T00:00:08.044+01:00|W12|0.6|0.58|0.02|0.58|0.11"
103.00;4.73;0001-01-01T00:00:08.0030000+01:00;95.07;1.76;-42.60;27.4;-3.466;-8.018;23.250;-30.945;10.159;-17.292;94.732;-65.227;115.043;"0001-01-01T00:00:08.044+01:00|W1|1.1|0.43|0.07|0.43|0.91;0001-01-01T00:00:08.044+01:00|W2|0.5|0.18|0.05|0.18|0.18;0001-01-01T00:00:08.044+01:00|W3|0.7|0.03|0.02|0.03|0.68;0001-01-01T00:00:08.044+01:00|W4|1.2|0.96|0.23|0.96|0.65;0001-01-01T00:00:08.044+01:00|W5|1.1|0.52|0.22|0.52|0.98;0001-01-01T00:00:08.044+01:00|W6|1.0|-0.92|0.10|-0.92|0.02;0001-01-01T00:00:08.044+01:00|W7|1.4|-0.16|0.22|-0.16|1.40;0001-01-01T00:00:08.044+01:00|W8|0.7|-0.02|0.65|-0.02|0.70;0001-01-01T00:00:08.044+01:00|W9|0.7|-0.40|0.01|-0.40|0.52;0001-01-01T00:00:08.044+01:00|W10|0.7|-0.32|0.11|-0.32|0.59;0001-01-01T00:00:08.044+01:00|W11|0.4|-0.23|0.01|-0.23|0.37;0001-01-01T00:00:08.044+01:00|W12|0.6|0.58|0.02|0.58|0.11"
104.00;4.75;0001-01-01T00:00:08.0340000+01:00;95.90;1.78;-43.17;27.3;-3.531;-7.787;23.400;-29.874;10.070;-16.824;94.743;-65.335;115.119;"0001-01-01T00:00:08.044+01:00|W1|1.1|0.43|0.07|0.43|0.91;0001-01-01T00:00:08.044+01:00|W2|0.5|0.18|0.05|0.18|0.18;0001-01-01T00:00:08.044+01:00|W3|0.7|0.03|0.02|0.03|0.68;0001-01-01T00:00:08.044+01:00|W4|1.2|0.96|0.23|0.96|0.65;0001-01-01T00:00:08.044+01:00|W5|1.1|0.52|0.22|0.52|0.98;0001-01-01T00:00:08.044+01:00|W6|1.0|-0.92|0.10|-0.92|0.02;0001-01-01T00:00:08.044+01:00|W7|1.4|-0.16|0.22|-0.16|1.40;0001-01-01T00:00:08.044+01:00|W8|0.7|-0.02|0.65|-0.02|0.70;0001-01-01T00:00:08.044+01:00|W9|0.7|-0.40|0.01|-0.40|0.52;0001-01-01T00:00:08.044+01:00|W10|0.7|-0.32|0.11|-0.32|0.59;0001-01-01T00:00:08.044+01:00|W11|0.4|-0.23|0.01|-0.23|0.37;0001-01-01T00:00:08.044+01:00|W12|0.6|0.58|0.02|0.58|0.11"
105.00;4.75;0001-01-01T00:00:08.0650000+01:00;96.72;1.80;-43.74;26.8;-3.740;-7.558;23.489;-28.811;10.095;-16.360;94.803;-65.635;115.338;"0001-01-01T00:00:08.044+01:00|W1|1.1|0.43|0.07|0.43|0.91;0001-01-01T00:00:08.044+01:00|W2|0.5|0.18|0.05|0.18|0.18;0001-01-01T00:00:08.044+01:00|W3|0.7|0.03|0.02|0.03|0.68;0001-01-01T00:00:08.044+01:00|W4|1.2|0.96|0.23|0.96|0.65;0001-01-01T00:00:08.044+01:00|W5|1.1|0.52|0.22|0.52|0.98;0001-01-01T00:00:08.044+01:00|W6|1.0|-0.92|0.10|-0.92|0.02;0001-01-01T00:00:08.044+01:00|W7|1.4|-0.16|0.22|-0.16|1.40;0001-01-01T00:00:08.044+01:00|W8|0.7|-0.02|0.65|-0.02|0.70;0001-01-01T00:00:08.044+01:00|W9|0.7|-0.40|0.01|-0.40|0.52;0001-01-01T00:00:08.044+01:00|W10|0.7|-0.32|0.11|-0.32|0.59;0001-01-01T00:00:08.044+01:00|W11|0.4|-0.23|0.01|-0.23|0.37;0001-01-01T00:00:08.044+01:00|W12|0.6|0.58|0.02|0.58|0.11"
106.00;4.75;0001-01-01T00:00:08.0960000+01:00;97.54;1.83;-44.33;25.9;-4.093;-7.331;23.516;-27.758;10.236;-15.900;94.913;-66.131;115.703;"0001-01-01T00:00:08.044+01:00|W1|1.1|0.43|0.07|0.43|0.91;0001-01-01T00:00:08.044+01:00|W2|0.5|0.18|0.05|0.18|0.18;0001-01-01T00:00:08.044+01:00|W3|0.7|0.03|0.02|0.03|0.68;0001-01-01T00:00:08.044+01:00|W4|1.2|0.96|0.23|0.96|0.65;0001-01-01T00:00:08.044+01:00|W5|1.1|0.52|0.22|0.52|0.98;0001-01-01T00:00:08.044+01:00|W6|1.0|-0.92|0.10|-0.92|0.02;0001-01-01T00:00:08.044+01:00|W7|1.4|-0.16|0.22|-0.16|1.40;0001-01-01T00:00:08.044+01:00|W8|0.7|-0.02|0.65|-0.02|0.70;0001-01-01T00:00:08.044+01:00|W9|0.7|-0.40|0.01|-0.40|0.52;0001-01-01T00:00:08.044+01:00|W10|0.7|-0.32|0.11|-0.32|0.59;0001-01-01T00:00:08.044+01:00|W11|0.4|-0.23|0.01|-0.23|0.37;0001-01-01T00:00:08.044+01:00|W12|0.6|0.58|0.02|0.58|0.11"
107.00;4.77;0001-01-01T00:00:08.1280000+01:00;98.37;1.85;-44.89;25.8;-4.453;-7.600;23.544;-25.953;10.380;-15.698;94.889;-66.369;115.823;"0001-01-01T00:00:08.044+01:00|W1|1.1|0.43|0.07|0.43|0.91;0001-01-01T00:00:08.044+01:00|W2|0.5|0.18|0.05|0.18|0.18;0001-01-01T00:00:08.044+01:00|W3|0.7|0.03|0.02|0.03|0.68;0001-01-01T00:00:08.044+01:00|W4|1.2|0.96|0.23|0.96|0.65;0001-01-01T00:00:08.044+01:00|W5|1.1|0.52|0.22|0.52|0.98;0001-01-01T00:00:08.044+01:00|W6|1.0|-0.92|0.10|-0.92|0.02;0001-01-01T00:00:08.044+01:00|W7|1.4|-0.16|0.22|-0.16|1.40;0001-01-01T00:00:08.044+01:00|W8|0.7|-0.02|0.65|-0.02|0.70;0001-01-01T00:00:08.044+01:00|W9|0.7|-0.40|0.01|-0.40|0.52;0001-01-01T00:00:08.044+01:00|W10|0.7|-0.32|0.11|-0.32|0.59;0001-01-01T00:00:08.044+01:00|W11|0.4|-0.23|0.01|-0.23|0.37;0001-01-01T00:00:08.044+01:00|W12|0.6|0.58|0.02|0.58|0.11"
108.00;4.79;0001-01-01T00:00:08.1590000+01:00;99.19;1.88;-45.46;25.8;-4.775;-7.967;23.796;-24.405;10.453;-15.541;94.880;-66.578;115.940;"0001-01-01T00:00:08.044+01:00|W1|1.1|0.43|0.07|0.43|0.91;0001-01-01T00:00:08.044+01:00|W2|0.5|0.18|0.05|0.18|0.18;0001-01-01T00:00:08.044+01:00|W3|0.7|0.03|0.02|0.03|0.68;0001-01-01T00:00:08.044+01:00|W4|1.2|0.96|0.23|0.96|0.65;0001-01-01T00:00:08.044+01:00|W5|1.1|0.52|0.22|0.52|0.98;0001-01-01T00:00:08.044+01:00|W6|1.0|-0.92|0.10|-0.92|0.02;0001-01-01T00:00:08.044+01:00|W7|1.4|-0.16|0.22|-0.16|1.40;0001-01-01T00:00:08.044+01:00|W8|0.7|-0.02|0.65|-0.02|0.70;0001-01-01T00:00:08.044+01:00|W9|0.7|-0.40|0.01|-0.40|0.52;0001-01-01T00:00:08.044+01:00|W10|0.7|-0.32|0.11|-0.32|0.59;0001-01-01T00:00:08.044+01:00|W11|0.4|-0.23|0.01|-0.23|0.37;0001-01-01T00:00:08.044+01:00|W12|0.6|0.58|0.02|0.58|0.11"
109.00;4.80;0001-01-01T00:00:08.1900000+01:00;100.01;1.90;-46.04;25.6;-5.002;-8.405;24.612;-23.771;10.348;-15.405;94.955;-66.806;116.130;"0001-01-01T00:00:08.296+01:00|W1|1.1|0.42|0.10|0.42|0.94;0001-01-01T00:00:08.296+01:00|W2|0.5|0.16|0.05|0.16|0.20;0001-01-01T00:00:08.296+01:00|W3|0.7|0.03|0.02|0.03|0.68;0001-01-01T00:00:08.296+01:00|W4|1.0|0.76|0.06|0.76|0.64;0001-01-01T00:00:08.296+01:00|W5|0.9|0.38|0.44|0.38|0.76;0001-01-01T00:00:08.296+01:00|W6|0.8|-0.72|0.08|-0.72|0.13;0001-01-01T00:00:08.296+01:00|W7|1.4|-0.09|0.12|-0.09|1.31;0001-01-01T00:00:08.296+01:00|W8|1.0|-0.45|0.30|-0.45|0.82;0001-01-01T00:00:08.296+01:00|W9|0.7|-0.47|0.01|-0.47|0.49;0001-01-01T00:00:08.296+01:00|W10|0.7|-0.49|0.08|-0.49|0.48;0001-01-01T00:00:08.296+01:00|W11|0.4|-0.23|0.03|-0.23|0.33;0001-01-01T00:00:08.296+01:00|W12|0.5|0.46|0.05|0.46|0.15"
110.00;4.80;0001-01-01T00:00:08.2210000+01:00;100.83;1.92;-46.62;25.2;-5.245;-8.940;24.621;-23.098;10.166;-15.207;94.970;-66.965;116.233;"0001-01-01T00:00:08.296+01:00|W1|1.1|0.42|0.10|0.42|0.94;0001-01-01T00:00:08.296+01:00|W2|0.5|0.16|0.05|0.16|0.20;0001-01-01T00:00:08.296+01:00|W3|0.7|0.03|0.02|0.03|0.68;0001-01-01T00:00:08.296+01:00|W4|1.0|0.76|0.06|0.76|0.64;0001-01-01T00:00:08.296+01:00|W5|0.9|0.38|0.44|0.38|0.76;0001-01-01T00:00:08.296+01:00|W6|0.8|-0.72|0.08|-0.72|0.13;0001-01-01T00:00:08.296+01:00|W7|1.4|-0.09|0.12|-0.09|1.31;0001-01-01T00:00:08.296+01:00|W8|1.0|-0.45|0.30|-0.45|0.82;0001-01-01T00:00:08.296+01:00|W9|0.7|-0.47|0.01|-0.47|0.49;0001-01-01T00:00:08.296+01:00|W10|0.7|-0.49|0.08|-0.49|0.48;0001-01-01T00:00:08.296+01:00|W11|0.4|-0.23|0.03|-0.23|0.33;0001-01-01T00:00:08.296+01:00|W12|0.5|0.46|0.05|0.46|0.15"
111.00;4.81;0001-01-01T00:00:08.2520000+01:00;101.65;1.94;-47.20;24.7;-5.486;-9.515;24.361;-22.432;9.953;-14.977;94.966;-67.087;116.302;"0001-01-01T00:00:08.296+01:00|W1|1.1|0.42|0.10|0.42|0.94;0001-01-01T00:00:08.296+01:00|W2|0.5|0.16|0.05|0.16|0.20;0001-01-01T00:00:08.296+01:00|W3|0.7|0.03|0.02|0.03|0.68;0001-01-01T00:00:08.296+01:00|W4|1.0|0.76|0.06|0.76|0.64;0001-01-01T00:00:08.296+01:00|W5|0.9|0.38|0.44|0.38|0.76;0001-01-01T00:00:08.296+01:00|W6|0.8|-0.72|0.08|-0.72|0.13;0001-01-01T00:00:08.296+01:00|W7|1.4|-0.09|0.12|-0.09|1.31;0001-01-01T00:00:08.296+01:00|W8|1.0|-0.45|0.30|-0.45|0.82;0001-01-01T00:00:08.296+01:00|W9|0.7|-0.47|0.01|-0.47|0.49;0001-01-01T00:00:08.296+01:00|W10|0.7|-0.49|0.08|-0.49|0.48;0001-01-01T00:00:08.296+01:00|W11|0.4|-0.23|0.03|-0.23|0.33;0001-01-01T00:00:08.296+01:00|W12|0.5|0.46|0.05|0.46|0.15"
112.00;4.82;0001-01-01T00:00:08.2830000+01:00;102.47;1.96;-47.77;24.6;-5.592;-10.004;25.584;-22.106;9.789;-14.714;95.111;-67.149;116.458;"0001-01-01T00:00:08.296+01:00|W1|1.1|0.42|0.10|0.42|0.94;0001-01-01T00:00:08.296+01:00|W2|0.5|0.16|0.05|0.16|0.20;0001-01-01T00:00:08.296+01:00|W3|0.7|0.03|0.02|0.03|0.68;0001-01-01T00:00:08.296+01:00|W4|1.0|0.76|0.06|0.76|0.64;0001-01-01T00:00:08.296+01:00|W5|0.9|0.38|0.44|0.38|0.76;0001-01-01T00:00:08.296+01:00|W6|0.8|-0.72|0.08|-0.72|0.13;0001-01-01T00:00:08.296+01:00|W7|1.4|-0.09|0.12|-0.09|1.31;0001-01-01T00:00:08.296+01:00|W8|1.0|-0.45|0.30|-0.45|0.82;0001-01-01T00:00:08.296+01:00|W9|0.7|-0.47|0.01|-0.47|0.49;0001-01-01T00:00:08.296+01:00|W10|0.7|-0.49|0.08|-0.49|0.48;0001-01-01T00:00:08.296+01:00|W11|0.4|-0.23|0.03|-0.23|0.33;0001-01-01T00:00:08.296+01:00|W12|0.5|0.46|0.05|0.46|0.15"
113.00;4.82;0001-01-01T00:00:08.3140000+01:00;103.29;1.99;-48.36;24.2;-5.575;-10.490;26.615;-21.782;9.669;-14.452;95.169;-67.480;116.700;"0001-01-01T00:00:08.296+01:00|W1|1.1|0.42|0.10|0.42|0.94;0001-01-01T00:00:08.296+01:00|W2|0.5|0.16|0.05|0.16|0.20;0001-01-01T00:00:08.296+01:00|W3|0.7|0.03|0.02|0.03|0.68;0001-01-01T00:00:08.296+01:00|W4|1.0|0.76|0.06|0.76|0.64;0001-01-01T00:00:08.296+01:00|W5|0.9|0.38|0.44|0.38|0.76;0001-01-01T00:00:08.296+01:00|W6|0.8|-0.72|0.08|-0.72|0.13;0001-01-01T00:00:08.296+01:00|W7|1.4|-0.09|0.12|-0.09|1.31;0001-01-01T00:00:08.296+01:00|W8|1.0|-0.45|0.30|-0.45|0.82;0001-01-01T00:00:08.296+01:00|W9|0.7|-0.47|0.01|-0.47|0.49;0001-01-01T00:00:08.296+01:00|W10|0.7|-0.49|0.08|-0.49|0.48;0001-01-01T00:00:08.296+01:00|W11|0.4|-0.23|0.03|-0.23|0.33;0001-01-01T00:00:08.296+01:00|W12|0.5|0.46|0.05|0.46|0.15"
114.00;4.81;0001-01-01T00:00:08.3450000+01:00;104.10;2.02;-48.95;23.7;-5.413;-10.972;27.419;-21.460;9.599;-14.192;95.124;-68.127;117.046;"0001-01-01T00:00:08.296+01:00|W1|1.1|0.42|0.10|0.42|0.94;0001-01-01T00:00:08.296+01:00|W2|0.5|0.16|0.05|0.16|0.20;0001-01-01T00:00:08.296+01:00|W3|0.7|0.03|0.02|0.03|0.68;0001-01-01T00:00:08.296+01:00|W4|1.0|0.76|0.06|0.76|0.64;0001-01-01T00:00:08.296+01:00|W5|0.9|0.38|0.44|0.38|0.76;0001-01-01T00:00:08.296+01:00|W6|0.8|-0.72|0.08|-0.72|0.13;0001-01-01T00:00:08.296+01:00|W7|1.4|-0.09|0.12|-0.09|1.31;0001-01-01T00:00:08.296+01:00|W8|1.0|-0.45|0.30|-0.45|0.82;0001-01-01T00:00:08.296+01:00|W9|0.7|-0.47|0.01|-0.47|0.49;0001-01-01T00:00:08.296+01:00|W10|0.7|-0.49|0.08|-0.49|0.48;0001-01-01T00:00:08.296+01:00|W11|0.4|-0.23|0.03|-0.23|0.33;0001-01-01T00:00:08.296+01:00|W12|0.5|0.46|0.05|0.46|0.15"
115.00;4.84;0001-01-01T00:00:08.3760000+01:00;104.92;2.04;-49.52;23.5;-5.248;-11.199;28.241;-20.411;9.528;-14.162;95.229;-67.922;117.005;"0001-01-01T00:00:08.296+01:00|W1|1.1|0.42|0.10|0.42|0.94;0001-01-01T00:00:08.296+01:00|W2|0.5|0.16|0.05|0.16|0.20;0001-01-01T00:00:08.296+01:00|W3|0.7|0.03|0.02|0.03|0.68;0001-01-01T00:00:08.296+01:00|W4|1.0|0.76|0.06|0.76|0.64;0001-01-01T00:00:08.296+01:00|W5|0.9|0.38|0.44|0.38|0.76;0001-01-01T00:00:08.296+01:00|W6|0.8|-0.72|0.08|-0.72|0.13;0001-01-01T00:00:08.296+01:00|W7|1.4|-0.09|0.12|-0.09|1.31;0001-01-01T00:00:08.296+01:00|W8|1.0|-0.45|0.30|-0.45|0.82;0001-01-01T00:00:08.296+01:00|W9|0.7|-0.47|0.01|-0.47|0.49;0001-01-01T00:00:08.296+01:00|W10|0.7|-0.49|0.08|-0.49|0.48;0001-01-01T00:00:08.296+01:00|W11|0.4|-0.23|0.03|-0.23|0.33;0001-01-01T00:00:08.296+01:00|W12|0.5|0.46|0.05|0.46|0.15"
116.00;4.86;0001-01-01T00:00:08.4070000+01:00;105.75;2.06;-50.09;23.4;-5.056;-11.372;29.148;-19.222;9.462;-14.179;95.334;-67.775;116.999;"0001-01-01T00:00:08.296+01:00|W1|1.1|0.42|0.10|0.42|0.94;0001-01-01T00:00:08.296+01:00|W2|0.5|0.16|0.05|0.16|0.20;0001-01-01T00:00:08.296+01:00|W3|0.7|0.03|0.02|0.03|0.68;0001-01-01T00:00:08.296+01:00|W4|1.0|0.76|0.06|0.76|0.64;0001-01-01T00:00:08.296+01:00|W5|0.9|0.38|0.44|0.38|0.76;0001-01-01T00:00:08.296+01:00|W6|0.8|-0.72|0.08|-0.72|0.13;0001-01-01T00:00:08.296+01:00|W7|1.4|-0.09|0.12|-0.09|1.31;0001-01-01T00:00:08.296+01:00|W8|1.0|-0.45|0.30|-0.45|0.82;0001-01-01T00:00:08.296+01:00|W9|0.7|-0.47|0.01|-0.47|0.49;0001-01-01T00:00:08.296+01:00|W10|0.7|-0.49|0.08|-0.49|0.48;0001-01-01T00:00:08.296+01:00|W11|0.4|-0.23|0.03|-0.23|0.33;0001-01-01T00:00:08.296+01:00|W12|0.5|0.46|0.05|0.46|0.15"
117.00;4.85;0001-01-01T00:00:08.4380000+01:00;106.55;2.08;-50.69;23.4;-4.783;-11.540;30.307;-18.064;9.413;-14.196;95.345;-68.351;117.345;"0001-01-01T00:00:08.545+01:00|W1|1.1|0.36|0.10|0.36|0.97;0001-01-01T00:00:08.545+01:00|W2|0.5|0.12|0.05|0.12|0.25;0001-01-01T00:00:08.545+01:00|W3|0.7|0.01|0.03|0.01|0.67;0001-01-01T00:00:08.545+01:00|W4|1.0|0.73|0.03|0.73|0.64;0001-01-01T00:00:08.545+01:00|W5|1.0|0.34|0.32|0.34|0.83;0001-01-01T00:00:08.545+01:00|W6|0.8|-0.66|0.11|-0.66|0.27;0001-01-01T00:00:08.545+01:00|W7|1.4|-0.03|0.14|-0.03|1.32;0001-01-01T00:00:08.545+01:00|W8|1.2|-0.56|0.11|-0.56|0.99;0001-01-01T00:00:08.545+01:00|W9|0.7|-0.50|0.02|-0.50|0.41;0001-01-01T00:00:08.545+01:00|W10|0.7|-0.58|0.03|-0.58|0.43;0001-01-01T00:00:08.545+01:00|W11|0.4|-0.23|0.04|-0.23|0.32;0001-01-01T00:00:08.545+01:00|W12|0.5|0.36|0.11|0.36|0.20"
118.00;4.85;0001-01-01T00:00:08.4680000+01:00;107.37;2.11;-51.28;23.4;-4.524;-11.372;31.511;-17.183;9.396;-14.237;95.400;-68.590;117.529;"0001-01-01T00:00:08.545+01:00|W1|1.1|0.36|0.10|0.36|0.97;0001-01-01T00:00:08.545+01:00|W2|0.5|0.12|0.05|0.12|0.25;0001-01-01T00:00:08.545+01:00|W3|0.7|0.01|0.03|0.01|0.67;0001-01-01T00:00:08.545+01:00|W4|1.0|0.73|0.03|0.73|0.64;0001-01-01T00:00:08.545+01:00|W5|1.0|0.34|0.32|0.34|0.83;0001-01-01T00:00:08.545+01:00|W6|0.8|-0.66|0.11|-0.66|0.27;0001-01-01T00:00:08.545+01:00|W7|1.4|-0.03|0.14|-0.03|1.32;0001-01-01T00:00:08.545+01:00|W8|1.2|-0.56|0.11|-0.56|0.99;0001-01-01T00:00:08.545+01:00|W9|0.7|-0.50|0.02|-0.50|0.41;0001-01-01T00:00:08.545+01:00|W10|0.7|-0.58|0.03|-0.58|0.43;0001-01-01T00:00:08.545+01:00|W11|0.4|-0.23|0.04|-0.23|0.32;0001-01-01T00:00:08.545+01:00|W12|0.5|0.36|0.11|0.36|0.20"
119.00;4.85;0001-01-01T00:00:08.4990000+01:00;108.18;2.13;-51.86;23.5;-4.273;-10.979;32.745;-16.487;9.401;-14.293;95.485;-68.605;117.605;"0001-01-01T00:00:08.545+01:00|W1|1.1|0.36|0.10|0.36|0.97;0001-01-01T00:00:08.545+01:00|W2|0.5|0.12|0.05|0.12|0.25;0001-01-01T00:00:08.545+01:00|W3|0.7|0.01|0.03|0.01|0.67;0001-01-01T00:00:08.545+01:00|W4|1.0|0.73|0.03|0.73|0.64;0001-01-01T00:00:08.545+01:00|W5|1.0|0.34|0.32|0.34|0.83;0001-01-01T00:00:08.545+01:00|W6|0.8|-0.66|0.11|-0.66|0.27;0001-01-01T00:00:08.545+01:00|W7|1.4|-0.03|0.14|-0.03|1.32;0001-01-01T00:00:08.545+01:00|W8|1.2|-0.56|0.11|-0.56|0.99;0001-01-01T00:00:08.545+01:00|W9|0.7|-0.50|0.02|-0.50|0.41;0001-01-01T00:00:08.545+01:00|W10|0.7|-0.58|0.03|-0.58|0.43;0001-01-01T00:00:08.545+01:00|W11|0.4|-0.23|0.04|-0.23|0.32;0001-01-01T00:00:08.545+01:00|W12|0.5|0.36|0.11|0.36|0.20"
120.00;4.86;0001-01-01T00:00:08.5300000+01:00;109.00;2.15;-52.45;23.6;-3.951;-10.505;34.575;-16.278;9.354;-14.418;95.484;-68.888;117.768;"0001-01-01T00:00:08.545+01:00|W1|1.1|0.36|0.10|0.36|0.97;0001-01-01T00:00:08.545+01:00|W2|0.5|0.12|0.05|0.12|0.25;0001-01-01T00:00:08.545+01:00|W3|0.7|0.01|0.03|0.01|0.67;0001-01-01T00:00:08.545+01:00|W4|1.0|0.73|0.03|0.73|0.64;0001-01-01T00:00:08.545+01:00|W5|1.0|0.34|0.32|0.34|0.83;0001-01-01T00:00:08.545+01:00|W6|0.8|-0.66|0.11|-0.66|0.27;0001-01-01T00:00:08.545+01:00|W7|1.4|-0.03|0.14|-0.03|1.32;0001-01-01T00:00:08.545+01:00|W8|1.2|-0.56|0.11|-0.56|0.99;0001-01-01T00:00:08.545+01:00|W9|0.7|-0.50|0.02|-0.50|0.41;0001-01-01T00:00:08.545+01:00|W10|0.7|-0.58|0.03|-0.58|0.43;0001-01-01T00:00:08.545+01:00|W11|0.4|-0.23|0.04|-0.23|0.32;0001-01-01T00:00:08.545+01:00|W12|0.5|0.36|0.11|0.36|0.20"
121.00;4.86;0001-01-01T00:00:08.5610000+01:00;109.81;2.18;-53.03;23.7;-3.703;-10.110;35.720;-16.267;9.370;-14.506;95.516;-69.206;117.979;"0001-01-01T00:00:08.545+01:00|W1|1.1|0.36|0.10|0.36|0.97;0001-01-01T00:00:08.545+01:00|W2|0.5|0.12|0.05|0.12|0.25;0001-01-01T00:00:08.545+01:00|W3|0.7|0.01|0.03|0.01|0.67;0001-01-01T00:00:08.545+01:00|W4|1.0|0.73|0.03|0.73|0.64;0001-01-01T00:00:08.545+01:00|W5|1.0|0.34|0.32|0.34|0.83;0001-01-01T00:00:08.545+01:00|W6|0.8|-0.66|0.11|-0.66|0.27;0001-01-01T00:00:08.545+01:00|W7|1.4|-0.03|0.14|-0.03|1.32;0001-01-01T00:00:08.545+01:00|W8|1.2|-0.56|0.11|-0.56|0.99;0001-01-01T00:00:08.545+01:00|W9|0.7|-0.50|0.02|-0.50|0.41;0001-01-01T00:00:08.545+01:00|W10|0.7|-0.58|0.03|-0.58|0.43;0001-01-01T00:00:08.545+01:00|W11|0.4|-0.23|0.04|-0.23|0.32;0001-01-01T00:00:08.545+01:00|W12|0.5|0.36|0.11|0.36|0.20"
122.00;4.87;0001-01-01T00:00:08.5910000+01:00;110.62;2.20;-53.62;23.8;-3.599;-9.874;35.511;-16.610;9.510;-14.519;95.615;-69.578;118.278;"0001-01-01T00:00:08.545+01:00|W1|1.1|0.36|0.10|0.36|0.97;0001-01-01T00:00:08.545+01:00|W2|0.5|0.12|0.05|0.12|0.25;0001-01-01T00:00:08.545+01:00|W3|0.7|0.01|0.03|0.01|0.67;0001-01-01T00:00:08.545+01:00|W4|1.0|0.73|0.03|0.73|0.64;0001-01-01T00:00:08.545+01:00|W5|1.0|0.34|0.32|0.34|0.83;0001-01-01T00:00:08.545+01:00|W6|0.8|-0.66|0.11|-0.66|0.27;0001-01-01T00:00:08.545+01:00|W7|1.4|-0.03|0.14|-0.03|1.32;0001-01-01T00:00:08.545+01:00|W8|1.2|-0.56|0.11|-0.56|0.99;0001-01-01T00:00:08.545+01:00|W9|0.7|-0.50|0.02|-0.50|0.41;0001-01-01T00:00:08.545+01:00|W10|0.7|-0.58|0.03|-0.58|0.43;0001-01-01T00:00:08.545+01:00|W11|0.4|-0.23|0.04|-0.23|0.32;0001-01-01T00:00:08.545+01:00|W12|0.5|0.36|0.11|0.36|0.20"
123.00;4.86;0001-01-01T00:00:08.6220000+01:00;111.43;2.22;-54.22;23.9;-3.537;-9.641;35.541;-16.948;9.704;-14.532;95.611;-69.501;118.224;"0001-01-01T00:00:08.545+01:00|W1|1.1|0.36|0.10|0.36|0.97;0001-01-01T00:00:08.545+01:00|W2|0.5|0.12|0.05|0.12|0.25;0001-01-01T00:00:08.545+01:00|W3|0.7|0.01|0.03|0.01|0.67;0001-01-01T00:00:08.545+01:00|W4|1.0|0.73|0.03|0.73|0.64;0001-01-01T00:00:08.545+01:00|W5|1.0|0.34|0.32|0.34|0.83;0001-01-01T00:00:08.545+01:00|W6|0.8|-0.66|0.11|-0.66|0.27;0001-01-01T00:00:08.545+01:00|W7|1.4|-0.03|0.14|-0.03|1.32;0001-01-01T00:00:08.545+01:00|W8|1.2|-0.56|0.11|-0.56|0.99;0001-01-01T00:00:08.545+01:00|W9|0.7|-0.50|0.02|-0.50|0.41;0001-01-01T00:00:08.545+01:00|W10|0.7|-0.58|0.03|-0.58|0.43;0001-01-01T00:00:08.545+01:00|W11|0.4|-0.23|0.04|-0.23|0.32;0001-01-01T00:00:08.545+01:00|W12|0.5|0.36|0.11|0.36|0.20"
124.00;4.86;0001-01-01T00:00:08.6520000+01:00;112.24;2.23;-54.81;24.0;-3.491;-9.440;35.666;-17.292;9.919;-14.537;95.584;-69.336;118.099;"0001-01-01T00:00:08.545+01:00|W1|1.1|0.36|0.10|0.36|0.97;0001-01-01T00:00:08.545+01:00|W2|0.5|0.12|0.05|0.12|0.25;0001-01-01T00:00:08.545+01:00|W3|0.7|0.01|0.03|0.01|0.67;0001-01-01T00:00:08.545+01:00|W4|1.0|0.73|0.03|0.73|0.64;0001-01-01T00:00:08.545+01:00|W5|1.0|0.34|0.32|0.34|0.83;0001-01-01T00:00:08.545+01:00|W6|0.8|-0.66|0.11|-0.66|0.27;0001-01-01T00:00:08.545+01:00|W7|1.4|-0.03|0.14|-0.03|1.32;0001-01-01T00:00:08.545+01:00|W8|1.2|-0.56|0.11|-0.56|0.99;0001-01-01T00:00:08.545+01:00|W9|0.7|-0.50|0.02|-0.50|0.41;0001-01-01T00:00:08.545+01:00|W10|0.7|-0.58|0.03|-0.58|0.43;0001-01-01T00:00:08.545+01:00|W11|0.4|-0.23|0.04|-0.23|0.32;0001-01-01T00:00:08.545+01:00|W12|0.5|0.36|0.11|0.36|0.20"
125.00;4.87;0001-01-01T00:00:08.6830000+01:00;113.05;2.26;-55.40;24.4;-3.445;-9.699;35.792;-17.731;10.138;-14.433;95.805;-70.492;118.964;"0001-01-01T00:00:08.792+01:00|W1|1.1|0.36|0.10|0.36|0.97;0001-01-01T00:00:08.792+01:00|W2|0.5|0.12|0.05|0.12|0.25;0001-01-01T00:00:08.792+01:00|W3|0.7|0.01|0.03|0.01|0.67;0001-01-01T00:00:08.792+01:00|W4|1.0|0.73|0.03|0.73|0.64;0001-01-01T00:00:08.792+01:00|W5|1.0|0.34|0.32|0.34|0.83;0001-01-01T00:00:08.792+01:00|W6|0.8|-0.66|0.11|-0.66|0.27;0001-01-01T00:00:08.792+01:00|W7|1.4|-0.03|0.14|-0.03|1.32;0001-01-01T00:00:08.792+01:00|W8|1.2|-0.56|0.11|-0.56|0.99;0001-01-01T00:00:08.792+01:00|W9|0.7|-0.50|0.02|-0.50|0.41;0001-01-01T00:00:08.792+01:00|W10|0.7|-0.58|0.03|-0.58|0.43;0001-01-01T00:00:08.792+01:00|W11|0.4|-0.23|0.04|-0.23|0.32;0001-01-01T00:00:08.792+01:00|W12|0.5|0.36|0.11|0.36|0.20"
126.00;4.88;0001-01-01T00:00:08.7130000+01:00;113.86;2.28;-55.99;24.5;-3.395;-9.955;35.516;-18.167;10.233;-14.330;95.948;-71.094;119.438;"0001-01-01T00:00:08.792+01:00|W1|1.1|0.36|0.10|0.36|0.97;0001-01-01T00:00:08.792+01:00|W2|0.5|0.12|0.05|0.12|0.25;0001-01-01T00:00:08.792+01:00|W3|0.7|0.01|0.03|0.01|0.67;0001-01-01T00:00:08.792+01:00|W4|1.0|0.73|0.03|0.73|0.64;0001-01-01T00:00:08.792+01:00|W5|1.0|0.34|0.32|0.34|0.83;0001-01-01T00:00:08.792+01:00|W6|0.8|-0.66|0.11|-0.66|0.27;0001-01-01T00:00:08.792+01:00|W7|1.4|-0.03|0.14|-0.03|1.32;0001-01-01T00:00:08.792+01:00|W8|1.2|-0.56|0.11|-0.56|0.99;0001-01-01T00:00:08.792+01:00|W9|0.7|-0.50|0.02|-0.50|0.41;0001-01-01T00:00:08.792+01:00|W10|0.7|-0.58|0.03|-0.58|0.43;0001-01-01T00:00:08.792+01:00|W11|0.4|-0.23|0.04|-0.23|0.32;0001-01-01T00:00:08.792+01:00|W12|0.5|0.36|0.11|0.36|0.20"
127.00;4.87;0001-01-01T00:00:08.7430000+01:00;114.67;2.30;-56.59;24.2;-3.340;-10.210;34.719;-18.599;10.170;-14.228;95.991;-70.981;119.401;"0001-01-01T00:00:08.792+01:00|W1|1.1|0.36|0.10|0.36|0.97;0001-01-01T00:00:08.792+01:00|W2|0.5|0.12|0.05|0.12|0.25;0001-01-01T00:00:08.792+01:00|W3|0.7|0.01|0.03|0.01|0.67;0001-01-01T00:00:08.792+01:00|W4|1.0|0.73|0.03|0.73|0.64;0001-01-01T00:00:08.792+01:00|W5|1.0|0.34|0.32|0.34|0.83;0001-01-01T00:00:08.792+01:00|W6|0.8|-0.66|0.11|-0.66|0.27;0001-01-01T00:00:08.792+01:00|W7|1.4|-0.03|0.14|-0.03|1.32;0001-01-01T00:00:08.792+01:00|W8|1.2|-0.56|0.11|-0.56|0.99;0001-01-01T00:00:08.792+01:00|W9|0.7|-0.50|0.02|-0.50|0.41;0001-01-01T00:00:08.792+01:00|W10|0.7|-0.58|0.03|-0.58|0.43;0001-01-01T00:00:08.792+01:00|W11|0.4|-0.23|0.04|-0.23|0.32;0001-01-01T00:00:08.792+01:00|W12|0.5|0.36|0.11|0.36|0.20"
128.00;4.86;0001-01-01T00:00:08.7730000+01:00;115.47;2.31;-57.18;23.9;-3.150;-10.538;33.653;-18.785;9.874;-14.108;96.042;-71.003;119.453;"0001-01-01T00:00:08.792+01:00|W1|1.1|0.36|0.10|0.36|0.97;0001-01-01T00:00:08.792+01:00|W2|0.5|0.12|0.05|0.12|0.25;0001-01-01T00:00:08.792+01:00|W3|0.7|0.01|0.03|0.01|0.67;0001-01-01T00:00:08.792+01:00|W4|1.0|0.73|0.03|0.73|0.64;0001-01-01T00:00:08.792+01:00|W5|1.0|0.34|0.32|0.34|0.83;0001-01-01T00:00:08.792+01:00|W6|0.8|-0.66|0.11|-0.66|0.27;0001-01-01T00:00:08.792+01:00|W7|1.4|-0.03|0.14|-0.03|1.32;0001-01-01T00:00:08.792+01:00|W8|1.2|-0.56|0.11|-0.56|0.99;0001-01-01T00:00:08.792+01:00|W9|0.7|-0.50|0.02|-0.50|0.41;0001-01-01T00:00:08.792+01:00|W10|0.7|-0.58|0.03|-0.58|0.43;0001-01-01T00:00:08.792+01:00|W11|0.4|-0.23|0.04|-0.23|0.32;0001-01-01T00:00:08.792+01:00|W12|0.5|0.36|0.11|0.36|0.20"
129.00;4.86;0001-01-01T00:00:08.8030000+01:00;116.28;2.33;-57.78;23.6;-2.915;-10.888;32.609;-18.904;9.512;-13.983;96.100;-71.105;119.558;"0001-01-01T00:00:08.792+01:00|W1|1.1|0.36|0.10|0.36|0.97;0001-01-01T00:00:08.792+01:00|W2|0.5|0.12|0.05|0.12|0.25;0001-01-01T00:00:08.792+01:00|W3|0.7|0.01|0.03|0.01|0.67;0001-01-01T00:00:08.792+01:00|W4|1.0|0.73|0.03|0.73|0.64;0001-01-01T00:00:08.792+01:00|W5|1.0|0.34|0.32|0.34|0.83;0001-01-01T00:00:08.792+01:00|W6|0.8|-0.66|0.11|-0.66|0.27;0001-01-01T00:00:08.792+01:00|W7|1.4|-0.03|0.14|-0.03|1.32;0001-01-01T00:00:08.792+01:00|W8|1.2|-0.56|0.11|-0.56|0.99;0001-01-01T00:00:08.792+01:00|W9|0.7|-0.50|0.02|-0.50|0.41;0001-01-01T00:00:08.792+01:00|W10|0.7|-0.58|0.03|-0.58|0.43;0001-01-01T00:00:08.792+01:00|W11|0.4|-0.23|0.04|-0.23|0.32;0001-01-01T00:00:08.792+01:00|W12|0.5|0.36|0.11|0.36|0.20"
130.00;4.86;0001-01-01T00:00:08.8340000+01:00;117.09;2.34;-58.38;23.3;-2.627;-11.243;32.320;-19.024;9.139;-13.855;96.187;-71.529;119.883;"0001-01-01T00:00:08.792+01:00|W1|1.1|0.36|0.10|0.36|0.97;0001-01-01T00:00:08.792+01:00|W2|0.5|0.12|0.05|0.12|0.25;0001-01-01T00:00:08.792+01:00|W3|0.7|0.01|0.03|0.01|0.67;0001-01-01T00:00:08.792+01:00|W4|1.0|0.73|0.03|0.73|0.64;0001-01-01T00:00:08.792+01:00|W5|1.0|0.34|0.32|0.34|0.83;0001-01-01T00:00:08.792+01:00|W6|0.8|-0.66|0.11|-0.66|0.27;0001-01-01T00:00:08.792+01:00|W7|1.4|-0.03|0.14|-0.03|1.32;0001-01-01T00:00:08.792+01:00|W8|1.2|-0.56|0.11|-0.56|0.99;0001-01-01T00:00:08.792+01:00|W9|0.7|-0.50|0.02|-0.50|0.41;0001-01-01T00:00:08.792+01:00|W10|0.7|-0.58|0.03|-0.58|0.43;0001-01-01T00:00:08.792+01:00|W11|0.4|-0.23|0.04|-0.23|0.32;0001-01-01T00:00:08.792+01:00|W12|0.5|0.36|0.11|0.36|0.20"
131.00;4.86;0001-01-01T00:00:08.8640000+01:00;117.89;2.35;-58.98;22.8;-2.340;-11.449;32.033;-18.622;8.768;-13.736;96.254;-71.791;120.093;"0001-01-01T00:00:08.792+01:00|W1|1.1|0.36|0.10|0.36|0.97;0001-01-01T00:00:08.792+01:00|W2|0.5|0.12|0.05|0.12|0.25;0001-01-01T00:00:08.792+01:00|W3|0.7|0.01|0.03|0.01|0.67;0001-01-01T00:00:08.792+01:00|W4|1.0|0.73|0.03|0.73|0.64;0001-01-01T00:00:08.792+01:00|W5|1.0|0.34|0.32|0.34|0.83;0001-01-01T00:00:08.792+01:00|W6|0.8|-0.66|0.11|-0.66|0.27;0001-01-01T00:00:08.792+01:00|W7|1.4|-0.03|0.14|-0.03|1.32;0001-01-01T00:00:08.792+01:00|W8|1.2|-0.56|0.11|-0.56|0.99;0001-01-01T00:00:08.792+01:00|W9|0.7|-0.50|0.02|-0.50|0.41;0001-01-01T00:00:08.792+01:00|W10|0.7|-0.58|0.03|-0.58|0.43;0001-01-01T00:00:08.792+01:00|W11|0.4|-0.23|0.04|-0.23|0.32;0001-01-01T00:00:08.792+01:00|W12|0.5|0.36|0.11|0.36|0.20"
132.00;4.85;0001-01-01T00:00:08.8940000+01:00;118.70;2.37;-59.58;21.9;-2.057;-11.490;31.749;-17.644;8.400;-13.627;96.300;-71.876;120.177;"0001-01-01T00:00:08.792+01:00|W1|1.1|0.36|0.10|0.36|0.97;0001-01-01T00:00:08.792+01:00|W2|0.5|0.12|0.05|0.12|0.25;0001-01-01T00:00:08.792+01:00|W3|0.7|0.01|0.03|0.01|0.67;0001-01-01T00:00:08.792+01:00|W4|1.0|0.73|0.03|0.73|0.64;0001-01-01T00:00:08.792+01:00|W5|1.0|0.34|0.32|0.34|0.83;0001-01-01T00:00:08.792+01:00|W6|0.8|-0.66|0.11|-0.66|0.27;0001-01-01T00:00:08.792+01:00|W7|1.4|-0.03|0.14|-0.03|1.32;0001-01-01T00:00:08.792+01:00|W8|1.2|-0.56|0.11|-0.56|0.99;0001-01-01T00:00:08.792+01:00|W9|0.7|-0.50|0.02|-0.50|0.41;0001-01-01T00:00:08.792+01:00|W10|0.7|-0.58|0.03|-0.58|0.43;0001-01-01T00:00:08.792+01:00|W11|0.4|-0.23|0.04|-0.23|0.32;0001-01-01T00:00:08.792+01:00|W12|0.5|0.36|0.11|0.36|0.20"
133.00;4.85;0001-01-01T00:00:08.9240000+01:00;119.50;2.38;-60.18;21.5;-1.969;-11.381;30.568;-17.175;8.244;-13.423;96.367;-72.035;120.325;"0001-01-01T00:00:09.047+01:00|W1|1.1|0.25|0.15|0.25|1.08;0001-01-01T00:00:09.047+01:00|W2|0.4|-0.03|0.02|-0.03|0.32;0001-01-01T00:00:09.047+01:00|W3|0.7|0.00|0.04|0.00|0.66;0001-01-01T00:00:09.047+01:00|W4|1.0|0.73|0.02|0.73|0.62;0001-01-01T00:00:09.047+01:00|W5|0.9|0.34|0.35|0.34|0.71;0001-01-01T00:00:09.047+01:00|W6|0.8|-0.61|0.08|-0.61|0.46;0001-01-01T00:00:09.047+01:00|W7|1.5|-0.06|0.17|-0.06|1.42;0001-01-01T00:00:09.047+01:00|W8|1.6|-0.51|0.30|-0.51|1.46;0001-01-01T00:00:09.047+01:00|W9|0.6|-0.48|0.07|-0.48|0.33;0001-01-01T00:00:09.047+01:00|W10|0.8|-0.64|0.02|-0.64|0.35;0001-01-01T00:00:09.047+01:00|W11|0.4|-0.21|0.06|-0.21|0.30;0001-01-01T00:00:09.047+01:00|W12|0.3|0.15|0.29|0.15|0.19"
134.00;4.85;0001-01-01T00:00:08.9540000+01:00;120.30;2.39;-60.78;21.2;-1.965;-11.192;29.230;-16.912;8.172;-13.166;96.430;-72.183;120.463;"0001-01-01T00:00:09.047+01:00|W1|1.1|0.25|0.15|0.25|1.08;0001-01-01T00:00:09.047+01:00|W2|0.4|-0.03|0.02|-0.03|0.32;0001-01-01T00:00:09.047+01:00|W3|0.7|0.00|0.04|0.00|0.66;0001-01-01T00:00:09.047+01:00|W4|1.0|0.73|0.02|0.73|0.62;0001-01-01T00:00:09.047+01:00|W5|0.9|0.34|0.35|0.34|0.71;0001-01-01T00:00:09.047+01:00|W6|0.8|-0.61|0.08|-0.61|0.46;0001-01-01T00:00:09.047+01:00|W7|1.5|-0.06|0.17|-0.06|1.42;0001-01-01T00:00:09.047+01:00|W8|1.6|-0.51|0.30|-0.51|1.46;0001-01-01T00:00:09.047+01:00|W9|0.6|-0.48|0.07|-0.48|0.33;0001-01-01T00:00:09.047+01:00|W10|0.8|-0.64|0.02|-0.64|0.35;0001-01-01T00:00:09.047+01:00|W11|0.4|-0.21|0.06|-0.21|0.30;0001-01-01T00:00:09.047+01:00|W12|0.3|0.15|0.29|0.15|0.19"
135.00;4.85;0001-01-01T00:00:08.9840000+01:00;121.11;2.40;-61.38;20.9;-2.192;-10.738;28.232;-17.163;8.299;-12.730;96.438;-72.165;120.461;"0001-01-01T00:00:09.047+01:00|W1|1.1|0.25|0.15|0.25|1.08;0001-01-01T00:00:09.047+01:00|W2|0.4|-0.03|0.02|-0.03|0.32;0001-01-01T00:00:09.047+01:00|W3|0.7|0.00|0.04|0.00|0.66;0001-01-01T00:00:09.047+01:00|W4|1.0|0.73|0.02|0.73|0.62;0001-01-01T00:00:09.047+01:00|W5|0.9|0.34|0.35|0.34|0.71;0001-01-01T00:00:09.047+01:00|W6|0.8|-0.61|0.08|-0.61|0.46;0001-01-01T00:00:09.047+01:00|W7|1.5|-0.06|0.17|-0.06|1.42;0001-01-01T00:00:09.047+01:00|W8|1.6|-0.51|0.30|-0.51|1.46;0001-01-01T00:00:09.047+01:00|W9|0.6|-0.48|0.07|-0.48|0.33;0001-01-01T00:00:09.047+01:00|W10|0.8|-0.64|0.02|-0.64|0.35;0001-01-01T00:00:09.047+01:00|W11|0.4|-0.21|0.06|-0.21|0.30;0001-01-01T00:00:09.047+01:00|W12|0.3|0.15|0.29|0.15|0.19"
136.00;4.84;0001-01-01T00:00:09.0140000+01:00;121.91;2.42;-61.98;20.6;-2.410;-10.264;27.999;-16.970;8.470;-12.271;96.450;-72.183;120.482;"0001-01-01T00:00:09.047+01:00|W1|1.1|0.25|0.15|0.25|1.08;0001-01-01T00:00:09.047+01:00|W2|0.4|-0.03|0.02|-0.03|0.32;0001-01-01T00:00:09.047+01:00|W3|0.7|0.00|0.04|0.00|0.66;0001-01-01T00:00:09.047+01:00|W4|1.0|0.73|0.02|0.73|0.62;0001-01-01T00:00:09.047+01:00|W5|0.9|0.34|0.35|0.34|0.71;0001-01-01T00:00:09.047+01:00|W6|0.8|-0.61|0.08|-0.61|0.46;0001-01-01T00:00:09.047+01:00|W7|1.5|-0.06|0.17|-0.06|1.42;0001-01-01T00:00:09.047+01:00|W8|1.6|-0.51|0.30|-0.51|1.46;0001-01-01T00:00:09.047+01:00|W9|0.6|-0.48|0.07|-0.48|0.33;0001-01-01T00:00:09.047+01:00|W10|0.8|-0.64|0.02|-0.64|0.35;0001-01-01T00:00:09.047+01:00|W11|0.4|-0.21|0.06|-0.21|0.30;0001-01-01T00:00:09.047+01:00|W12|0.3|0.15|0.29|0.15|0.19"
137.00;4.84;0001-01-01T00:00:09.0440000+01:00;122.71;2.44;-62.58;20.4;-2.618;-9.768;28.632;-16.277;8.691;-11.784;96.469;-72.240;120.529;"0001-01-01T00:00:09.047+01:00|W1|1.1|0.25|0.15|0.25|1.08;0001-01-01T00:00:09.047+01:00|W2|0.4|-0.03|0.02|-0.03|0.32;0001-01-01T00:00:09.047+01:00|W3|0.7|0.00|0.04|0.00|0.66;0001-01-01T00:00:09.047+01:00|W4|1.0|0.73|0.02|0.73|0.62;0001-01-01T00:00:09.047+01:00|W5|0.9|0.34|0.35|0.34|0.71;0001-01-01T00:00:09.047+01:00|W6|0.8|-0.61|0.08|-0.61|0.46;0001-01-01T00:00:09.047+01:00|W7|1.5|-0.06|0.17|-0.06|1.42;0001-01-01T00:00:09.047+01:00|W8|1.6|-0.51|0.30|-0.51|1.46;0001-01-01T00:00:09.047+01:00|W9|0.6|-0.48|0.07|-0.48|0.33;0001-01-01T00:00:09.047+01:00|W10|0.8|-0.64|0.02|-0.64|0.35;0001-01-01T00:00:09.047+01:00|W11|0.4|-0.21|0.06|-0.21|0.30;0001-01-01T00:00:09.047+01:00|W12|0.3|0.15|0.29|0.15|0.19"
138.00;4.84;0001-01-01T00:00:09.0740000+01:00;123.51;2.45;-63.19;20.4;-2.912;-9.023;27.957;-16.398;8.882;-11.500;96.550;-72.317;120.639;"0001-01-01T00:00:09.047+01:00|W1|1.1|0.25|0.15|0.25|1.08;0001-01-01T00:00:09.047+01:00|W2|0.4|-0.03|0.02|-0.03|0.32;0001-01-01T00:00:09.047+01:00|W3|0.7|0.00|0.04|0.00|0.66;0001-01-01T00:00:09.047+01:00|W4|1.0|0.73|0.02|0.73|0.62;0001-01-01T00:00:09.047+01:00|W5|0.9|0.34|0.35|0.34|0.71;0001-01-01T00:00:09.047+01:00|W6|0.8|-0.61|0.08|-0.61|0.46;0001-01-01T00:00:09.047+01:00|W7|1.5|-0.06|0.17|-0.06|1.42;0001-01-01T00:00:09.047+01:00|W8|1.6|-0.51|0.30|-0.51|1.46;0001-01-01T00:00:09.047+01:00|W9|0.6|-0.48|0.07|-0.48|0.33;0001-01-01T00:00:09.047+01:00|W10|0.8|-0.64|0.02|-0.64|0.35;0001-01-01T00:00:09.047+01:00|W11|0.4|-0.21|0.06|-0.21|0.30;0001-01-01T00:00:09.047+01:00|W12|0.3|0.15|0.29|0.15|0.19"
139.00;4.84;0001-01-01T00:00:09.1040000+01:00;124.31;2.45;-63.79;20.5;-3.222;-8.219;27.106;-16.710;9.049;-11.265;96.631;-72.394;120.749;"0001-01-01T00:00:09.047+01:00|W1|1.1|0.25|0.15|0.25|1.08;0001-01-01T00:00:09.047+01:00|W2|0.4|-0.03|0.02|-0.03|0.32;0001-01-01T00:00:09.047+01:00|W3|0.7|0.00|0.04|0.00|0.66;0001-01-01T00:00:09.047+01:00|W4|1.0|0.73|0.02|0.73|0.62;0001-01-01T00:00:09.047+01:00|W5|0.9|0.34|0.35|0.34|0.71;0001-01-01T00:00:09.047+01:00|W6|0.8|-0.61|0.08|-0.61|0.46;0001-01-01T00:00:09.047+01:00|W7|1.5|-0.06|0.17|-0.06|1.42;0001-01-01T00:00:09.047+01:00|W8|1.6|-0.51|0.30|-0.51|1.46;0001-01-01T00:00:09.047+01:00|W9|0.6|-0.48|0.07|-0.48|0.33;0001-01-01T00:00:09.047+01:00|W10|0.8|-0.64|0.02|-0.64|0.35;0001-01-01T00:00:09.047+01:00|W11|0.4|-0.21|0.06|-0.21|0.30;0001-01-01T00:00:09.047+01:00|W12|0.3|0.15|0.29|0.15|0.19"
140.00;4.84;0001-01-01T00:00:09.1340000+01:00;125.12;2.47;-64.39;20.1;-3.501;-7.414;27.112;-17.023;9.110;-11.029;96.608;-72.444;120.764;"0001-01-01T00:00:09.047+01:00|W1|1.1|0.25|0.15|0.25|1.08;0001-01-01T00:00:09.047+01:00|W2|0.4|-0.03|0.02|-0.03|0.32;0001-01-01T00:00:09.047+01:00|W3|0.7|0.00|0.04|0.00|0.66;0001-01-01T00:00:09.047+01:00|W4|1.0|0.73|0.02|0.73|0.62;0001-01-01T00:00:09.047+01:00|W5|0.9|0.34|0.35|0.34|0.71;0001-01-01T00:00:09.047+01:00|W6|0.8|-0.61|0.08|-0.61|0.46;0001-01-01T00:00:09.047+01:00|W7|1.5|-0.06|0.17|-0.06|1.42;0001-01-01T00:00:09.047+01:00|W8|1.6|-0.51|0.30|-0.51|1.46;0001-01-01T00:00:09.047+01:00|W9|0.6|-0.48|0.07|-0.48|0.33;0001-01-01T00:00:09.047+01:00|W10|0.8|-0.64|0.02|-0.64|0.35;0001-01-01T00:00:09.047+01:00|W11|0.4|-0.21|0.06|-0.21|0.30;0001-01-01T00:00:09.047+01:00|W12|0.3|0.15|0.29|0.15|0.19"
141.00;4.84;0001-01-01T00:00:09.1640000+01:00;125.92;2.48;-64.99;20.0;-3.780;-6.521;27.118;-17.336;9.171;-10.939;96.582;-72.459;120.753;"0001-01-01T00:00:09.047+01:00|W1|1.1|0.25|0.15|0.25|1.08;0001-01-01T00:00:09.047+01:00|W2|0.4|-0.03|0.02|-0.03|0.32;0001-01-01T00:00:09.047+01:00|W3|0.7|0.00|0.04|0.00|0.66;0001-01-01T00:00:09.047+01:00|W4|1.0|0.73|0.02|0.73|0.62;0001-01-01T00:00:09.047+01:00|W5|0.9|0.34|0.35|0.34|0.71;0001-01-01T00:00:09.047+01:00|W6|0.8|-0.61|0.08|-0.61|0.46;0001-01-01T00:00:09.047+01:00|W7|1.5|-0.06|0.17|-0.06|1.42;0001-01-01T00:00:09.047+01:00|W8|1.6|-0.51|0.30|-0.51|1.46;0001-01-01T00:00:09.047+01:00|W9|0.6|-0.48|0.07|-0.48|0.33;0001-01-01T00:00:09.047+01:00|W10|0.8|-0.64|0.02|-0.64|0.35;0001-01-01T00:00:09.047+01:00|W11|0.4|-0.21|0.06|-0.21|0.30;0001-01-01T00:00:09.047+01:00|W12|0.3|0.15|0.29|0.15|0.19"
142.00;4.85;0001-01-01T00:00:09.1940000+01:00;126.72;2.50;-65.59;20.2;-4.059;-5.524;27.124;-17.650;9.232;-11.019;96.552;-72.436;120.712;"0001-01-01T00:00:09.294+01:00|W1|1.1|0.25|0.15|0.25|1.08;0001-01-01T00:00:09.294+01:00|W2|0.4|-0.03|0.02|-0.03|0.32;0001-01-01T00:00:09.294+01:00|W3|0.7|0.00|0.04|0.00|0.66;0001-01-01T00:00:09.294+01:00|W4|1.0|0.73|0.02|0.73|0.62;0001-01-01T00:00:09.294+01:00|W5|0.9|0.34|0.35|0.34|0.71;0001-01-01T00:00:09.294+01:00|W6|0.8|-0.61|0.08|-0.61|0.46;0001-01-01T00:00:09.294+01:00|W7|1.5|-0.06|0.17|-0.06|1.42;0001-01-01T00:00:09.294+01:00|W8|1.6|-0.51|0.30|-0.51|1.46;0001-01-01T00:00:09.294+01:00|W9|0.6|-0.48|0.07|-0.48|0.33;0001-01-01T00:00:09.294+01:00|W10|0.8|-0.64|0.02|-0.64|0.35;0001-01-01T00:00:09.294+01:00|W11|0.4|-0.21|0.06|-0.21|0.30;0001-01-01T00:00:09.294+01:00|W12|0.3|0.15|0.29|0.15|0.19"
143.00;4.85;0001-01-01T00:00:09.2240000+01:00;127.52;2.51;-66.20;20.2;-4.280;-4.972;26.923;-20.108;9.256;-11.561;96.622;-72.682;120.918;"0001-01-01T00:00:09.294+01:00|W1|1.1|0.25|0.15|0.25|1.08;0001-01-01T00:00:09.294+01:00|W2|0.4|-0.03|0.02|-0.03|0.32;0001-01-01T00:00:09.294+01:00|W3|0.7|0.00|0.04|0.00|0.66;0001-01-01T00:00:09.294+01:00|W4|1.0|0.73|0.02|0.73|0.62;0001-01-01T00:00:09.294+01:00|W5|0.9|0.34|0.35|0.34|0.71;0001-01-01T00:00:09.294+01:00|W6|0.8|-0.61|0.08|-0.61|0.46;0001-01-01T00:00:09.294+01:00|W7|1.5|-0.06|0.17|-0.06|1.42;0001-01-01T00:00:09.294+01:00|W8|1.6|-0.51|0.30|-0.51|1.46;0001-01-01T00:00:09.294+01:00|W9|0.6|-0.48|0.07|-0.48|0.33;0001-01-01T00:00:09.294+01:00|W10|0.8|-0.64|0.02|-0.64|0.35;0001-01-01T00:00:09.294+01:00|W11|0.4|-0.21|0.06|-0.21|0.30;0001-01-01T00:00:09.294+01:00|W12|0.3|0.15|0.29|0.15|0.19"
144.00;4.85;0001-01-01T00:00:09.2530000+01:00;128.33;2.52;-66.80;20.2;-4.483;-4.537;26.641;-23.132;9.270;-12.225;96.728;-72.987;121.189;"0001-01-01T00:00:09.294+01:00|W1|1.1|0.25|0.15|0.25|1.08;0001-01-01T00:00:09.294+01:00|W2|0.4|-0.03|0.02|-0.03|0.32;0001-01-01T00:00:09.294+01:00|W3|0.7|0.00|0.04|0.00|0.66;0001-01-01T00:00:09.294+01:00|W4|1.0|0.73|0.02|0.73|0.62;0001-01-01T00:00:09.294+01:00|W5|0.9|0.34|0.35|0.34|0.71;0001-01-01T00:00:09.294+01:00|W6|0.8|-0.61|0.08|-0.61|0.46;0001-01-01T00:00:09.294+01:00|W7|1.5|-0.06|0.17|-0.06|1.42;0001-01-01T00:00:09.294+01:00|W8|1.6|-0.51|0.30|-0.51|1.46;0001-01-01T00:00:09.294+01:00|W9|0.6|-0.48|0.07|-0.48|0.33;0001-01-01T00:00:09.294+01:00|W10|0.8|-0.64|0.02|-0.64|0.35;0001-01-01T00:00:09.294+01:00|W11|0.4|-0.21|0.06|-0.21|0.30;0001-01-01T00:00:09.294+01:00|W12|0.3|0.15|0.29|0.15|0.19"
145.00;4.85;0001-01-01T00:00:09.2830000+01:00;129.12;2.54;-67.41;20.2;-4.670;-4.103;26.149;-26.144;9.286;-12.887;96.909;-73.196;121.459;"0001-01-01T00:00:09.294+01:00|W1|1.1|0.25|0.15|0.25|1.08;0001-01-01T00:00:09.294+01:00|W2|0.4|-0.03|0.02|-0.03|0.32;0001-01-01T00:00:09.294+01:00|W3|0.7|0.00|0.04|0.00|0.66;0001-01-01T00:00:09.294+01:00|W4|1.0|0.73|0.02|0.73|0.62;0001-01-01T00:00:09.294+01:00|W5|0.9|0.34|0.35|0.34|0.71;0001-01-01T00:00:09.294+01:00|W6|0.8|-0.61|0.08|-0.61|0.46;0001-01-01T00:00:09.294+01:00|W7|1.5|-0.06|0.17|-0.06|1.42;0001-01-01T00:00:09.294+01:00|W8|1.6|-0.51|0.30|-0.51|1.46;0001-01-01T00:00:09.294+01:00|W9|0.6|-0.48|0.07|-0.48|0.33;0001-01-01T00:00:09.294+01:00|W10|0.8|-0.64|0.02|-0.64|0.35;0001-01-01T00:00:09.294+01:00|W11|0.4|-0.21|0.06|-0.21|0.30;0001-01-01T00:00:09.294+01:00|W12|0.3|0.15|0.29|0.15|0.19"
146.00;4.85;0001-01-01T00:00:09.3130000+01:00;129.92;2.56;-68.01;20.3;-4.806;-3.672;25.603;-29.145;9.300;-13.546;97.107;-73.467;121.782;"0001-01-01T00:00:09.294+01:00|W1|1.1|0.25|0.15|0.25|1.08;0001-01-01T00:00:09.294+01:00|W2|0.4|-0.03|0.02|-0.03|0.32;0001-01-01T00:00:09.294+01:00|W3|0.7|0.00|0.04|0.00|0.66;0001-01-01T00:00:09.294+01:00|W4|1.0|0.73|0.02|0.73|0.62;0001-01-01T00:00:09.294+01:00|W5|0.9|0.34|0.35|0.34|0.71;0001-01-01T00:00:09.294+01:00|W6|0.8|-0.61|0.08|-0.61|0.46;0001-01-01T00:00:09.294+01:00|W7|1.5|-0.06|0.17|-0.06|1.42;0001-01-01T00:00:09.294+01:00|W8|1.6|-0.51|0.30|-0.51|1.46;0001-01-01T00:00:09.294+01:00|W9|0.6|-0.48|0.07|-0.48|0.33;0001-01-01T00:00:09.294+01:00|W10|0.8|-0.64|0.02|-0.64|0.35;0001-01-01T00:00:09.294+01:00|W11|0.4|-0.21|0.06|-0.21|0.30;0001-01-01T00:00:09.294+01:00|W12|0.3|0.15|0.29|0.15|0.19"
147.00;4.85;0001-01-01T00:00:09.3420000+01:00;130.72;2.58;-68.62;20.3;-4.875;-3.242;24.986;-32.131;9.313;-14.202;97.329;-73.822;122.174;"0001-01-01T00:00:09.294+01:00|W1|1.1|0.25|0.15|0.25|1.08;0001-01-01T00:00:09.294+01:00|W2|0.4|-0.03|0.02|-0.03|0.32;0001-01-01T00:00:09.294+01:00|W3|0.7|0.00|0.04|0.00|0.66;0001-01-01T00:00:09.294+01:00|W4|1.0|0.73|0.02|0.73|0.62;0001-01-01T00:00:09.294+01:00|W5|0.9|0.34|0.35|0.34|0.71;0001-01-01T00:00:09.294+01:00|W6|0.8|-0.61|0.08|-0.61|0.46;0001-01-01T00:00:09.294+01:00|W7|1.5|-0.06|0.17|-0.06|1.42;0001-01-01T00:00:09.294+01:00|W8|1.6|-0.51|0.30|-0.51|1.46;0001-01-01T00:00:09.294+01:00|W9|0.6|-0.48|0.07|-0.48|0.33;0001-01-01T00:00:09.294+01:00|W10|0.8|-0.64|0.02|-0.64|0.35;0001-01-01T00:00:09.294+01:00|W11|0.4|-0.21|0.06|-0.21|0.30;0001-01-01T00:00:09.294+01:00|W12|0.3|0.15|0.29|0.15|0.19"
148.00;4.89;0001-01-01T00:00:09.3730000+01:00;131.54;2.56;-69.20;22.3;-4.648;-2.788;24.205;-35.292;9.125;-14.896;96.932;-72.886;121.284;"0001-01-01T00:00:09.294+01:00|W1|1.1|0.25|0.15|0.25|1.08;0001-01-01T00:00:09.294+01:00|W2|0.4|-0.03|0.02|-0.03|0.32;0001-01-01T00:00:09.294+01:00|W3|0.7|0.00|0.04|0.00|0.66;0001-01-01T00:00:09.294+01:00|W4|1.0|0.73|0.02|0.73|0.62;0001-01-01T00:00:09.294+01:00|W5|0.9|0.34|0.35|0.34|0.71;0001-01-01T00:00:09.294+01:00|W6|0.8|-0.61|0.08|-0.61|0.46;0001-01-01T00:00:09.294+01:00|W7|1.5|-0.06|0.17|-0.06|1.42;0001-01-01T00:00:09.294+01:00|W8|1.6|-0.51|0.30|-0.51|1.46;0001-01-01T00:00:09.294+01:00|W9|0.6|-0.48|0.07|-0.48|0.33;0001-01-01T00:00:09.294+01:00|W10|0.8|-0.64|0.02|-0.64|0.35;0001-01-01T00:00:09.294+01:00|W11|0.4|-0.21|0.06|-0.21|0.30;0001-01-01T00:00:09.294+01:00|W12|0.3|0.15|0.29|0.15|0.19"
149.00;4.93;0001-01-01T00:00:09.4040000+01:00;132.35;2.54;-69.79;24.7;-4.315;-2.424;23.381;-37.997;8.868;-15.544;96.518;-71.849;120.326;"0001-01-01T00:00:09.294+01:00|W1|1.1|0.25|0.15|0.25|1.08;0001-01-01T00:00:09.294+01:00|W2|0.4|-0.03|0.02|-0.03|0.32;0001-01-01T00:00:09.294+01:00|W3|0.7|0.00|0.04|0.00|0.66;0001-01-01T00:00:09.294+01:00|W4|1.0|0.73|0.02|0.73|0.62;0001-01-01T00:00:09.294+01:00|W5|0.9|0.34|0.35|0.34|0.71;0001-01-01T00:00:09.294+01:00|W6|0.8|-0.61|0.08|-0.61|0.46;0001-01-01T00:00:09.294+01:00|W7|1.5|-0.06|0.17|-0.06|1.42;0001-01-01T00:00:09.294+01:00|W8|1.6|-0.51|0.30|-0.51|1.46;0001-01-01T00:00:09.294+01:00|W9|0.6|-0.48|0.07|-0.48|0.33;0001-01-01T00:00:09.294+01:00|W10|0.8|-0.64|0.02|-0.64|0.35;0001-01-01T00:00:09.294+01:00|W11|0.4|-0.21|0.06|-0.21|0.30;0001-01-01T00:00:09.294+01:00|W12|0.3|0.15|0.29|0.15|0.19"
150.00;4.89;0001-01-01T00:00:09.4320000+01:00;133.13;2.60;-70.42;24.3;-4.022;-2.619;22.652;-37.808;8.641;-15.855;97.300;-72.953;121.619;"0001-01-01T00:00:09.546+01:00|W1|1.1|0.17|0.14|0.17|1.11;0001-01-01T00:00:09.546+01:00|W2|0.4|-0.04|0.01|-0.04|0.38;0001-01-01T00:00:09.546+01:00|W3|0.7|0.00|0.04|0.00|0.65;0001-01-01T00:00:09.546+01:00|W4|0.8|0.70|0.20|0.70|0.44;0001-01-01T00:00:09.546+01:00|W5|1.0|0.38|0.18|0.38|0.89;0001-01-01T00:00:09.546+01:00|W6|0.9|-0.70|0.01|-0.70|0.45;0001-01-01T00:00:09.546+01:00|W7|1.5|-0.12|0.17|-0.12|1.51;0001-01-01T00:00:09.546+01:00|W8|1.5|-0.31|0.29|-0.31|1.49;0001-01-01T00:00:09.546+01:00|W9|0.7|-0.46|0.05|-0.46|0.40;0001-01-01T00:00:09.546+01:00|W10|0.6|-0.52|0.10|-0.52|0.27;0001-01-01T00:00:09.546+01:00|W11|0.4|-0.20|0.06|-0.20|0.30;0001-01-01T00:00:09.546+01:00|W12|0.1|0.10|0.42|0.10|0.03"
151.00;4.86;0001-01-01T00:00:09.4600000+01:00;133.92;2.64;-71.04;23.8;-3.664;-2.819;21.952;-37.615;8.293;-16.172;97.803;-73.609;122.420;"0001-01-01T00:00:09.546+01:00|W1|1.1|0.17|0.14|0.17|1.11;0001-01-01T00:00:09.546+01:00|W2|0.4|-0.04|0.01|-0.04|0.38;0001-01-01T00:00:09.546+01:00|W3|0.7|0.00|0.04|0.00|0.65;0001-01-01T00:00:09.546+01:00|W4|0.8|0.70|0.20|0.70|0.44;0001-01-01T00:00:09.546+01:00|W5|1.0|0.38|0.18|0.38|0.89;0001-01-01T00:00:09.546+01:00|W6|0.9|-0.70|0.01|-0.70|0.45;0001-01-01T00:00:09.546+01:00|W7|1.5|-0.12|0.17|-0.12|1.51;0001-01-01T00:00:09.546+01:00|W8|1.5|-0.31|0.29|-0.31|1.49;0001-01-01T00:00:09.546+01:00|W9|0.7|-0.46|0.05|-0.46|0.40;0001-01-01T00:00:09.546+01:00|W10|0.6|-0.52|0.10|-0.52|0.27;0001-01-01T00:00:09.546+01:00|W11|0.4|-0.20|0.06|-0.20|0.30;0001-01-01T00:00:09.546+01:00|W12|0.1|0.10|0.42|0.10|0.03"
152.00;4.87;0001-01-01T00:00:09.4890000+01:00;134.72;2.66;-71.65;23.2;-3.178;-3.027;21.306;-37.413;7.705;-16.504;97.749;-73.372;122.233;"0001-01-01T00:00:09.546+01:00|W1|1.1|0.17|0.14|0.17|1.11;0001-01-01T00:00:09.546+01:00|W2|0.4|-0.04|0.01|-0.04|0.38;0001-01-01T00:00:09.546+01:00|W3|0.7|0.00|0.04|0.00|0.65;0001-01-01T00:00:09.546+01:00|W4|0.8|0.70|0.20|0.70|0.44;0001-01-01T00:00:09.546+01:00|W5|1.0|0.38|0.18|0.38|0.89;0001-01-01T00:00:09.546+01:00|W6|0.9|-0.70|0.01|-0.70|0.45;0001-01-01T00:00:09.546+01:00|W7|1.5|-0.12|0.17|-0.12|1.51;0001-01-01T00:00:09.546+01:00|W8|1.5|-0.31|0.29|-0.31|1.49;0001-01-01T00:00:09.546+01:00|W9|0.7|-0.46|0.05|-0.46|0.40;0001-01-01T00:00:09.546+01:00|W10|0.6|-0.52|0.10|-0.52|0.27;0001-01-01T00:00:09.546+01:00|W11|0.4|-0.20|0.06|-0.20|0.30;0001-01-01T00:00:09.546+01:00|W12|0.1|0.10|0.42|0.10|0.03"
153.00;4.87;0001-01-01T00:00:09.5180000+01:00;135.52;2.67;-72.25;22.6;-2.818;-3.235;20.750;-37.211;7.124;-16.835;97.696;-73.255;122.120;"0001-01-01T00:00:09.546+01:00|W1|1.1|0.17|0.14|0.17|1.11;0001-01-01T00:00:09.546+01:00|W2|0.4|-0.04|0.01|-0.04|0.38;0001-01-01T00:00:09.546+01:00|W3|0.7|0.00|0.04|0.00|0.65;0001-01-01T00:00:09.546+01:00|W4|0.8|0.70|0.20|0.70|0.44;0001-01-01T00:00:09.546+01:00|W5|1.0|0.38|0.18|0.38|0.89;0001-01-01T00:00:09.546+01:00|W6|0.9|-0.70|0.01|-0.70|0.45;0001-01-01T00:00:09.546+01:00|W7|1.5|-0.12|0.17|-0.12|1.51;0001-01-01T00:00:09.546+01:00|W8|1.5|-0.31|0.29|-0.31|1.49;0001-01-01T00:00:09.546+01:00|W9|0.7|-0.46|0.05|-0.46|0.40;0001-01-01T00:00:09.546+01:00|W10|0.6|-0.52|0.10|-0.52|0.27;0001-01-01T00:00:09.546+01:00|W11|0.4|-0.20|0.06|-0.20|0.30;0001-01-01T00:00:09.546+01:00|W12|0.1|0.10|0.42|0.10|0.03"
154.00;4.88;0001-01-01T00:00:09.5480000+01:00;136.32;2.68;-72.85;22.0;-2.534;-3.443;20.246;-37.010;6.548;-17.166;97.643;-73.208;122.051;"0001-01-01T00:00:09.546+01:00|W1|1.1|0.17|0.14|0.17|1.11;0001-01-01T00:00:09.546+01:00|W2|0.4|-0.04|0.01|-0.04|0.38;0001-01-01T00:00:09.546+01:00|W3|0.7|0.00|0.04|0.00|0.65;0001-01-01T00:00:09.546+01:00|W4|0.8|0.70|0.20|0.70|0.44;0001-01-01T00:00:09.546+01:00|W5|1.0|0.38|0.18|0.38|0.89;0001-01-01T00:00:09.546+01:00|W6|0.9|-0.70|0.01|-0.70|0.45;0001-01-01T00:00:09.546+01:00|W7|1.5|-0.12|0.17|-0.12|1.51;0001-01-01T00:00:09.546+01:00|W8|1.5|-0.31|0.29|-0.31|1.49;0001-01-01T00:00:09.546+01:00|W9|0.7|-0.46|0.05|-0.46|0.40;0001-01-01T00:00:09.546+01:00|W10|0.6|-0.52|0.10|-0.52|0.27;0001-01-01T00:00:09.546+01:00|W11|0.4|-0.20|0.06|-0.20|0.30;0001-01-01T00:00:09.546+01:00|W12|0.1|0.10|0.42|0.10|0.03"
155.00;4.88;0001-01-01T00:00:09.5790000+01:00;137.11;2.68;-73.45;22.8;-2.599;-3.664;20.744;-36.795;6.370;-17.519;97.416;-73.604;122.112;"0001-01-01T00:00:09.546+01:00|W1|1.1|0.17|0.14|0.17|1.11;0001-01-01T00:00:09.546+01:00|W2|0.4|-0.04|0.01|-0.04|0.38;0001-01-01T00:00:09.546+01:00|W3|0.7|0.00|0.04|0.00|0.65;0001-01-01T00:00:09.546+01:00|W4|0.8|0.70|0.20|0.70|0.44;0001-01-01T00:00:09.546+01:00|W5|1.0|0.38|0.18|0.38|0.89;0001-01-01T00:00:09.546+01:00|W6|0.9|-0.70|0.01|-0.70|0.45;0001-01-01T00:00:09.546+01:00|W7|1.5|-0.12|0.17|-0.12|1.51;0001-01-01T00:00:09.546+01:00|W8|1.5|-0.31|0.29|-0.31|1.49;0001-01-01T00:00:09.546+01:00|W9|0.7|-0.46|0.05|-0.46|0.40;0001-01-01T00:00:09.546+01:00|W10|0.6|-0.52|0.10|-0.52|0.27;0001-01-01T00:00:09.546+01:00|W11|0.4|-0.20|0.06|-0.20|0.30;0001-01-01T00:00:09.546+01:00|W12|0.1|0.10|0.42|0.10|0.03"
156.00;4.87;0001-01-01T00:00:09.6100000+01:00;137.90;2.67;-74.06;23.7;-2.692;-3.887;21.324;-36.580;6.225;-17.873;97.176;-74.037;122.186;"0001-01-01T00:00:09.546+01:00|W1|1.1|0.17|0.14|0.17|1.11;0001-01-01T00:00:09.546+01:00|W2|0.4|-0.04|0.01|-0.04|0.38;0001-01-01T00:00:09.546+01:00|W3|0.7|0.00|0.04|0.00|0.65;0001-01-01T00:00:09.546+01:00|W4|0.8|0.70|0.20|0.70|0.44;0001-01-01T00:00:09.546+01:00|W5|1.0|0.38|0.18|0.38|0.89;0001-01-01T00:00:09.546+01:00|W6|0.9|-0.70|0.01|-0.70|0.45;0001-01-01T00:00:09.546+01:00|W7|1.5|-0.12|0.17|-0.12|1.51;0001-01-01T00:00:09.546+01:00|W8|1.5|-0.31|0.29|-0.31|1.49;0001-01-01T00:00:09.546+01:00|W9|0.7|-0.46|0.05|-0.46|0.40;0001-01-01T00:00:09.546+01:00|W10|0.6|-0.52|0.10|-0.52|0.27;0001-01-01T00:00:09.546+01:00|W11|0.4|-0.20|0.06|-0.20|0.30;0001-01-01T00:00:09.546+01:00|W12|0.1|0.10|0.42|0.10|0.03"
157.00;4.85;0001-01-01T00:00:09.6420000+01:00;138.69;2.66;-74.67;24.6;-2.785;-4.109;21.904;-36.365;6.081;-18.226;96.935;-74.469;122.262;"0001-01-01T00:00:09.546+01:00|W1|1.1|0.17|0.14|0.17|1.11;0001-01-01T00:00:09.546+01:00|W2|0.4|-0.04|0.01|-0.04|0.38;0001-01-01T00:00:09.546+01:00|W3|0.7|0.00|0.04|0.00|0.65;0001-01-01T00:00:09.546+01:00|W4|0.8|0.70|0.20|0.70|0.44;0001-01-01T00:00:09.546+01:00|W5|1.0|0.38|0.18|0.38|0.89;0001-01-01T00:00:09.546+01:00|W6|0.9|-0.70|0.01|-0.70|0.45;0001-01-01T00:00:09.546+01:00|W7|1.5|-0.12|0.17|-0.12|1.51;0001-01-01T00:00:09.546+01:00|W8|1.5|-0.31|0.29|-0.31|1.49;0001-01-01T00:00:09.546+01:00|W9|0.7|-0.46|0.05|-0.46|0.40;0001-01-01T00:00:09.546+01:00|W10|0.6|-0.52|0.10|-0.52|0.27;0001-01-01T00:00:09.546+01:00|W11|0.4|-0.20|0.06|-0.20|0.30;0001-01-01T00:00:09.546+01:00|W12|0.1|0.10|0.42|0.10|0.03"
158.00;4.87;0001-01-01T00:00:09.6720000+01:00;139.49;2.68;-75.25;24.8;-2.875;-4.424;22.462;-34.732;5.941;-18.295;96.968;-74.641;122.393;"0001-01-01T00:00:09.795+01:00|W1|1.1|0.17|0.14|0.17|1.11;0001-01-01T00:00:09.795+01:00|W2|0.4|-0.04|0.01|-0.04|0.38;0001-01-01T00:00:09.795+01:00|W3|0.7|0.00|0.04|0.00|0.65;0001-01-01T00:00:09.795+01:00|W4|0.8|0.70|0.20|0.70|0.44;0001-01-01T00:00:09.795+01:00|W5|1.0|0.38|0.18|0.38|0.89;0001-01-01T00:00:09.795+01:00|W6|0.9|-0.70|0.01|-0.70|0.45;0001-01-01T00:00:09.795+01:00|W7|1.5|-0.12|0.17|-0.12|1.51;0001-01-01T00:00:09.795+01:00|W8|1.5|-0.31|0.29|-0.31|1.49;0001-01-01T00:00:09.795+01:00|W9|0.7|-0.46|0.05|-0.46|0.40;0001-01-01T00:00:09.795+01:00|W10|0.6|-0.52|0.10|-0.52|0.27;0001-01-01T00:00:09.795+01:00|W11|0.4|-0.20|0.06|-0.20|0.30;0001-01-01T00:00:09.795+01:00|W12|0.1|0.10|0.42|0.10|0.03"
159.00;4.91;0001-01-01T00:00:09.7010000+01:00;140.30;2.69;-75.83;24.7;-2.964;-4.773;23.011;-32.579;5.804;-18.260;97.101;-74.717;122.542;"0001-01-01T00:00:09.795+01:00|W1|1.1|0.17|0.14|0.17|1.11;0001-01-01T00:00:09.795+01:00|W2|0.4|-0.04|0.01|-0.04|0.38;0001-01-01T00:00:09.795+01:00|W3|0.7|0.00|0.04|0.00|0.65;0001-01-01T00:00:09.795+01:00|W4|0.8|0.70|0.20|0.70|0.44;0001-01-01T00:00:09.795+01:00|W5|1.0|0.38|0.18|0.38|0.89;0001-01-01T00:00:09.795+01:00|W6|0.9|-0.70|0.01|-0.70|0.45;0001-01-01T00:00:09.795+01:00|W7|1.5|-0.12|0.17|-0.12|1.51;0001-01-01T00:00:09.795+01:00|W8|1.5|-0.31|0.29|-0.31|1.49;0001-01-01T00:00:09.795+01:00|W9|0.7|-0.46|0.05|-0.46|0.40;0001-01-01T00:00:09.795+01:00|W10|0.6|-0.52|0.10|-0.52|0.27;0001-01-01T00:00:09.795+01:00|W11|0.4|-0.20|0.06|-0.20|0.30;0001-01-01T00:00:09.795+01:00|W12|0.1|0.10|0.42|0.10|0.03"
160.00;4.93;0001-01-01T00:00:09.7310000+01:00;141.12;2.71;-76.41;24.7;-3.052;-5.122;23.561;-30.426;5.667;-18.224;97.234;-74.792;122.692;"0001-01-01T00:00:09.795+01:00|W1|1.1|0.17|0.14|0.17|1.11;0001-01-01T00:00:09.795+01:00|W2|0.4|-0.04|0.01|-0.04|0.38;0001-01-01T00:00:09.795+01:00|W3|0.7|0.00|0.04|0.00|0.65;0001-01-01T00:00:09.795+01:00|W4|0.8|0.70|0.20|0.70|0.44;0001-01-01T00:00:09.795+01:00|W5|1.0|0.38|0.18|0.38|0.89;0001-01-01T00:00:09.795+01:00|W6|0.9|-0.70|0.01|-0.70|0.45;0001-01-01T00:00:09.795+01:00|W7|1.5|-0.12|0.17|-0.12|1.51;0001-01-01T00:00:09.795+01:00|W8|1.5|-0.31|0.29|-0.31|1.49;0001-01-01T00:00:09.795+01:00|W9|0.7|-0.46|0.05|-0.46|0.40;0001-01-01T00:00:09.795+01:00|W10|0.6|-0.52|0.10|-0.52|0.27;0001-01-01T00:00:09.795+01:00|W11|0.4|-0.20|0.06|-0.20|0.30;0001-01-01T00:00:09.795+01:00|W12|0.1|0.10|0.42|0.10|0.03"
161.00;4.94;0001-01-01T00:00:09.7610000+01:00;141.92;2.73;-77.00;24.7;-3.140;-5.456;24.108;-28.478;5.530;-18.221;97.351;-74.913;122.858;"0001-01-01T00:00:09.795+01:00|W1|1.1|0.17|0.14|0.17|1.11;0001-01-01T00:00:09.795+01:00|W2|0.4|-0.04|0.01|-0.04|0.38;0001-01-01T00:00:09.795+01:00|W3|0.7|0.00|0.04|0.00|0.65;0001-01-01T00:00:09.795+01:00|W4|0.8|0.70|0.20|0.70|0.44;0001-01-01T00:00:09.795+01:00|W5|1.0|0.38|0.18|0.38|0.89;0001-01-01T00:00:09.795+01:00|W6|0.9|-0.70|0.01|-0.70|0.45;0001-01-01T00:00:09.795+01:00|W7|1.5|-0.12|0.17|-0.12|1.51;0001-01-01T00:00:09.795+01:00|W8|1.5|-0.31|0.29|-0.31|1.49;0001-01-01T00:00:09.795+01:00|W9|0.7|-0.46|0.05|-0.46|0.40;0001-01-01T00:00:09.795+01:00|W10|0.6|-0.52|0.10|-0.52|0.27;0001-01-01T00:00:09.795+01:00|W11|0.4|-0.20|0.06|-0.20|0.30;0001-01-01T00:00:09.795+01:00|W12|0.1|0.10|0.42|0.10|0.03"
162.00;4.92;0001-01-01T00:00:09.7900000+01:00;142.71;2.74;-77.60;24.7;-3.228;-5.762;24.648;-26.889;5.395;-18.277;97.439;-75.114;123.051;"0001-01-01T00:00:09.795+01:00|W1|1.1|0.17|0.14|0.17|1.11;0001-01-01T00:00:09.795+01:00|W2|0.4|-0.04|0.01|-0.04|0.38;0001-01-01T00:00:09.795+01:00|W3|0.7|0.00|0.04|0.00|0.65;0001-01-01T00:00:09.795+01:00|W4|0.8|0.70|0.20|0.70|0.44;0001-01-01T00:00:09.795+01:00|W5|1.0|0.38|0.18|0.38|0.89;0001-01-01T00:00:09.795+01:00|W6|0.9|-0.70|0.01|-0.70|0.45;0001-01-01T00:00:09.795+01:00|W7|1.5|-0.12|0.17|-0.12|1.51;0001-01-01T00:00:09.795+01:00|W8|1.5|-0.31|0.29|-0.31|1.49;0001-01-01T00:00:09.795+01:00|W9|0.7|-0.46|0.05|-0.46|0.40;0001-01-01T00:00:09.795+01:00|W10|0.6|-0.52|0.10|-0.52|0.27;0001-01-01T00:00:09.795+01:00|W11|0.4|-0.20|0.06|-0.20|0.30;0001-01-01T00:00:09.795+01:00|W12|0.1|0.10|0.42|0.10|0.03"
163.00;4.90;0001-01-01T00:00:09.8190000+01:00;143.50;2.76;-78.21;24.8;-3.315;-6.047;25.190;-25.457;5.260;-18.314;97.487;-75.082;123.067;"0001-01-01T00:00:09.795+01:00|W1|1.1|0.17|0.14|0.17|1.11;0001-01-01T00:00:09.795+01:00|W2|0.4|-0.04|0.01|-0.04|0.38;0001-01-01T00:00:09.795+01:00|W3|0.7|0.00|0.04|0.00|0.65;0001-01-01T00:00:09.795+01:00|W4|0.8|0.70|0.20|0.70|0.44;0001-01-01T00:00:09.795+01:00|W5|1.0|0.38|0.18|0.38|0.89;0001-01-01T00:00:09.795+01:00|W6|0.9|-0.70|0.01|-0.70|0.45;0001-01-01T00:00:09.795+01:00|W7|1.5|-0.12|0.17|-0.12|1.51;0001-01-01T00:00:09.795+01:00|W8|1.5|-0.31|0.29|-0.31|1.49;0001-01-01T00:00:09.795+01:00|W9|0.7|-0.46|0.05|-0.46|0.40;0001-01-01T00:00:09.795+01:00|W10|0.6|-0.52|0.10|-0.52|0.27;0001-01-01T00:00:09.795+01:00|W11|0.4|-0.20|0.06|-0.20|0.30;0001-01-01T00:00:09.795+01:00|W12|0.1|0.10|0.42|0.10|0.03"
164.00;4.88;0001-01-01T00:00:09.8480000+01:00;144.29;2.78;-78.82;24.8;-3.402;-6.321;25.731;-24.109;5.125;-18.341;97.513;-74.924;122.989;"0001-01-01T00:00:09.795+01:00|W1|1.1|0.17|0.14|0.17|1.11;0001-01-01T00:00:09.795+01:00|W2|0.4|-0.04|0.01|-0.04|0.38;0001-01-01T00:00:09.795+01:00|W3|0.7|0.00|0.04|0.00|0.65;0001-01-01T00:00:09.795+01:00|W4|0.8|0.70|0.20|0.70|0.44;0001-01-01T00:00:09.795+01:00|W5|1.0|0.38|0.18|0.38|0.89;0001-01-01T00:00:09.795+01:00|W6|0.9|-0.70|0.01|-0.70|0.45;0001-01-01T00:00:09.795+01:00|W7|1.5|-0.12|0.17|-0.12|1.51;0001-01-01T00:00:09.795+01:00|W8|1.5|-0.31|0.29|-0.31|1.49;0001-01-01T00:00:09.795+01:00|W9|0.7|-0.46|0.05|-0.46|0.40;0001-01-01T00:00:09.795+01:00|W10|0.6|-0.52|0.10|-0.52|0.27;0001-01-01T00:00:09.795+01:00|W11|0.4|-0.20|0.06|-0.20|0.30;0001-01-01T00:00:09.795+01:00|W12|0.1|0.10|0.42|0.10|0.03"
165.00;4.88;0001-01-01T00:00:09.8740000+01:00;145.09;2.84;-79.41;24.0;-3.480;-6.605;26.214;-23.438;5.004;-18.226;97.581;-73.826;122.380;"0001-01-01T00:00:09.795+01:00|W1|1.1|0.17|0.14|0.17|1.11;0001-01-01T00:00:09.795+01:00|W2|0.4|-0.04|0.01|-0.04|0.38;0001-01-01T00:00:09.795+01:00|W3|0.7|0.00|0.04|0.00|0.65;0001-01-01T00:00:09.795+01:00|W4|0.8|0.70|0.20|0.70|0.44;0001-01-01T00:00:09.795+01:00|W5|1.0|0.38|0.18|0.38|0.89;0001-01-01T00:00:09.795+01:00|W6|0.9|-0.70|0.01|-0.70|0.45;0001-01-01T00:00:09.795+01:00|W7|1.5|-0.12|0.17|-0.12|1.51;0001-01-01T00:00:09.795+01:00|W8|1.5|-0.31|0.29|-0.31|1.49;0001-01-01T00:00:09.795+01:00|W9|0.7|-0.46|0.05|-0.46|0.40;0001-01-01T00:00:09.795+01:00|W10|0.6|-0.52|0.10|-0.52|0.27;0001-01-01T00:00:09.795+01:00|W11|0.4|-0.20|0.06|-0.20|0.30;0001-01-01T00:00:09.795+01:00|W12|0.1|0.10|0.42|0.10|0.03"
166.00;4.88;0001-01-01T00:00:09.9000000+01:00;145.89;2.90;-80.00;23.1;-3.558;-6.891;26.684;-22.807;4.885;-18.102;97.652;-72.696;121.760;"0001-01-01T00:00:09.795+01:00|W1|1.1|0.17|0.14|0.17|1.11;0001-01-01T00:00:09.795+01:00|W2|0.4|-0.04|0.01|-0.04|0.38;0001-01-01T00:00:09.795+01:00|W3|0.7|0.00|0.04|0.00|0.65;0001-01-01T00:00:09.795+01:00|W4|0.8|0.70|0.20|0.70|0.44;0001-01-01T00:00:09.795+01:00|W5|1.0|0.38|0.18|0.38|0.89;0001-01-01T00:00:09.795+01:00|W6|0.9|-0.70|0.01|-0.70|0.45;0001-01-01T00:00:09.795+01:00|W7|1.5|-0.12|0.17|-0.12|1.51;0001-01-01T00:00:09.795+01:00|W8|1.5|-0.31|0.29|-0.31|1.49;0001-01-01T00:00:09.795+01:00|W9|0.7|-0.46|0.05|-0.46|0.40;0001-01-01T00:00:09.795+01:00|W10|0.6|-0.52|0.10|-0.52|0.27;0001-01-01T00:00:09.795+01:00|W11|0.4|-0.20|0.06|-0.20|0.30;0001-01-01T00:00:09.795+01:00|W12|0.1|0.10|0.42|0.10|0.03"
167.00;4.82;0001-01-01T00:00:09.9340000+01:00;146.66;2.85;-80.62;22.8;-3.757;-7.260;26.260;-21.991;4.816;-17.942;97.667;-74.362;122.774;"0001-01-01T00:00:10.043+01:00|W1|1.1|0.14|0.08|0.14|1.07;0001-01-01T00:00:10.043+01:00|W2|0.6|0.25|0.17|0.25|0.49;0001-01-01T00:00:10.043+01:00|W3|0.7|-0.01|0.05|-0.01|0.64;0001-01-01T00:00:10.043+01:00|W4|0.8|0.64|0.28|0.64|0.40;0001-01-01T00:00:10.043+01:00|W5|1.0|0.43|0.18|0.43|0.86;0001-01-01T00:00:10.043+01:00|W6|0.9|-0.60|0.07|-0.60|0.42;0001-01-01T00:00:10.043+01:00|W7|1.5|-0.18|0.15|-0.18|1.52;0001-01-01T00:00:10.043+01:00|W8|1.3|-0.36|0.09|-0.36|1.25;0001-01-01T00:00:10.043+01:00|W9|0.7|-0.47|0.01|-0.47|0.44;0001-01-01T00:00:10.043+01:00|W10|0.5|-0.47|0.21|-0.47|0.20;0001-01-01T00:00:10.043+01:00|W11|0.4|-0.20|0.06|-0.20|0.30;0001-01-01T00:00:10.043+01:00|W12|0.3|0.16|0.23|0.16|0.13"
168.00;4.78;0001-01-01T00:00:09.9650000+01:00;147.44;2.84;-81.24;22.4;-3.943;-7.631;25.865;-21.220;4.752;-17.665;97.741;-75.305;123.406;"0001-01-01T00:00:10.043+01:00|W1|1.1|0.14|0.08|0.14|1.07;0001-01-01T00:00:10.043+01:00|W2|0.6|0.25|0.17|0.25|0.49;0001-01-01T00:00:10.043+01:00|W3|0.7|-0.01|0.05|-0.01|0.64;0001-01-01T00:00:10.043+01:00|W4|0.8|0.64|0.28|0.64|0.40;0001-01-01T00:00:10.043+01:00|W5|1.0|0.43|0.18|0.43|0.86;0001-01-01T00:00:10.043+01:00|W6|0.9|-0.60|0.07|-0.60|0.42;0001-01-01T00:00:10.043+01:00|W7|1.5|-0.18|0.15|-0.18|1.52;0001-01-01T00:00:10.043+01:00|W8|1.3|-0.36|0.09|-0.36|1.25;0001-01-01T00:00:10.043+01:00|W9|0.7|-0.47|0.01|-0.47|0.44;0001-01-01T00:00:10.043+01:00|W10|0.5|-0.47|0.21|-0.47|0.20;0001-01-01T00:00:10.043+01:00|W11|0.4|-0.20|0.06|-0.20|0.30;0001-01-01T00:00:10.043+01:00|W12|0.3|0.16|0.23|0.16|0.13"
169.00;4.75;0001-01-01T00:00:09.9940000+01:00;148.23;2.86;-81.85;22.1;-4.115;-8.003;25.496;-20.491;4.692;-17.277;97.872;-75.568;123.669;"0001-01-01T00:00:10.043+01:00|W1|1.1|0.14|0.08|0.14|1.07;0001-01-01T00:00:10.043+01:00|W2|0.6|0.25|0.17|0.25|0.49;0001-01-01T00:00:10.043+01:00|W3|0.7|-0.01|0.05|-0.01|0.64;0001-01-01T00:00:10.043+01:00|W4|0.8|0.64|0.28|0.64|0.40;0001-01-01T00:00:10.043+01:00|W5|1.0|0.43|0.18|0.43|0.86;0001-01-01T00:00:10.043+01:00|W6|0.9|-0.60|0.07|-0.60|0.42;0001-01-01T00:00:10.043+01:00|W7|1.5|-0.18|0.15|-0.18|1.52;0001-01-01T00:00:10.043+01:00|W8|1.3|-0.36|0.09|-0.36|1.25;0001-01-01T00:00:10.043+01:00|W9|0.7|-0.47|0.01|-0.47|0.44;0001-01-01T00:00:10.043+01:00|W10|0.5|-0.47|0.21|-0.47|0.20;0001-01-01T00:00:10.043+01:00|W11|0.4|-0.20|0.06|-0.20|0.30;0001-01-01T00:00:10.043+01:00|W12|0.3|0.16|0.23|0.16|0.13"
170.00;4.71;0001-01-01T00:00:10.0230000+01:00;149.02;2.87;-82.45;21.7;-4.289;-8.179;25.127;-19.675;4.632;-16.916;97.852;-75.489;123.604;"0001-01-01T00:00:10.043+01:00|W1|1.1|0.14|0.08|0.14|1.07;0001-01-01T00:00:10.043+01:00|W2|0.6|0.25|0.17|0.25|0.49;0001-01-01T00:00:10.043+01:00|W3|0.7|-0.01|0.05|-0.01|0.64;0001-01-01T00:00:10.043+01:00|W4|0.8|0.64|0.28|0.64|0.40;0001-01-01T00:00:10.043+01:00|W5|1.0|0.43|0.18|0.43|0.86;0001-01-01T00:00:10.043+01:00|W6|0.9|-0.60|0.07|-0.60|0.42;0001-01-01T00:00:10.043+01:00|W7|1.5|-0.18|0.15|-0.18|1.52;0001-01-01T00:00:10.043+01:00|W8|1.3|-0.36|0.09|-0.36|1.25;0001-01-01T00:00:10.043+01:00|W9|0.7|-0.47|0.01|-0.47|0.44;0001-01-01T00:00:10.043+01:00|W10|0.5|-0.47|0.21|-0.47|0.20;0001-01-01T00:00:10.043+01:00|W11|0.4|-0.20|0.06|-0.20|0.30;0001-01-01T00:00:10.043+01:00|W12|0.3|0.16|0.23|0.16|0.13"
171.00;4.68;0001-01-01T00:00:10.0520000+01:00;149.81;2.89;-83.06;21.3;-4.463;-8.305;24.756;-18.838;4.572;-16.562;97.794;-75.321;123.454;"0001-01-01T00:00:10.043+01:00|W1|1.1|0.14|0.08|0.14|1.07;0001-01-01T00:00:10.043+01:00|W2|0.6|0.25|0.17|0.25|0.49;0001-01-01T00:00:10.043+01:00|W3|0.7|-0.01|0.05|-0.01|0.64;0001-01-01T00:00:10.043+01:00|W4|0.8|0.64|0.28|0.64|0.40;0001-01-01T00:00:10.043+01:00|W5|1.0|0.43|0.18|0.43|0.86;0001-01-01T00:00:10.043+01:00|W6|0.9|-0.60|0.07|-0.60|0.42;0001-01-01T00:00:10.043+01:00|W7|1.5|-0.18|0.15|-0.18|1.52;0001-01-01T00:00:10.043+01:00|W8|1.3|-0.36|0.09|-0.36|1.25;0001-01-01T00:00:10.043+01:00|W9|0.7|-0.47|0.01|-0.47|0.44;0001-01-01T00:00:10.043+01:00|W10|0.5|-0.47|0.21|-0.47|0.20;0001-01-01T00:00:10.043+01:00|W11|0.4|-0.20|0.06|-0.20|0.30;0001-01-01T00:00:10.043+01:00|W12|0.3|0.16|0.23|0.16|0.13"
172.00;4.65;0001-01-01T00:00:10.0820000+01:00;150.60;2.91;-83.66;21.0;-4.636;-8.432;24.386;-18.000;4.511;-16.208;97.735;-75.154;123.305;"0001-01-01T00:00:10.043+01:00|W1|1.1|0.14|0.08|0.14|1.07;0001-01-01T00:00:10.043+01:00|W2|0.6|0.25|0.17|0.25|0.49;0001-01-01T00:00:10.043+01:00|W3|0.7|-0.01|0.05|-0.01|0.64;0001-01-01T00:00:10.043+01:00|W4|0.8|0.64|0.28|0.64|0.40;0001-01-01T00:00:10.043+01:00|W5|1.0|0.43|0.18|0.43|0.86;0001-01-01T00:00:10.043+01:00|W6|0.9|-0.60|0.07|-0.60|0.42;0001-01-01T00:00:10.043+01:00|W7|1.5|-0.18|0.15|-0.18|1.52;0001-01-01T00:00:10.043+01:00|W8|1.3|-0.36|0.09|-0.36|1.25;0001-01-01T00:00:10.043+01:00|W9|0.7|-0.47|0.01|-0.47|0.44;0001-01-01T00:00:10.043+01:00|W10|0.5|-0.47|0.21|-0.47|0.20;0001-01-01T00:00:10.043+01:00|W11|0.4|-0.20|0.06|-0.20|0.30;0001-01-01T00:00:10.043+01:00|W12|0.3|0.16|0.23|0.16|0.13"
173.00;4.61;0001-01-01T00:00:10.1110000+01:00;151.39;2.92;-84.26;20.7;-4.810;-8.578;24.017;-17.334;4.451;-15.970;97.727;-75.064;123.242;"0001-01-01T00:00:10.043+01:00|W1|1.1|0.14|0.08|0.14|1.07;0001-01-01T00:00:10.043+01:00|W2|0.6|0.25|0.17|0.25|0.49;0001-01-01T00:00:10.043+01:00|W3|0.7|-0.01|0.05|-0.01|0.64;0001-01-01T00:00:10.043+01:00|W4|0.8|0.64|0.28|0.64|0.40;0001-01-01T00:00:10.043+01:00|W5|1.0|0.43|0.18|0.43|0.86;0001-01-01T00:00:10.043+01:00|W6|0.9|-0.60|0.07|-0.60|0.42;0001-01-01T00:00:10.043+01:00|W7|1.5|-0.18|0.15|-0.18|1.52;0001-01-01T00:00:10.043+01:00|W8|1.3|-0.36|0.09|-0.36|1.25;0001-01-01T00:00:10.043+01:00|W9|0.7|-0.47|0.01|-0.47|0.44;0001-01-01T00:00:10.043+01:00|W10|0.5|-0.47|0.21|-0.47|0.20;0001-01-01T00:00:10.043+01:00|W11|0.4|-0.20|0.06|-0.20|0.30;0001-01-01T00:00:10.043+01:00|W12|0.3|0.16|0.23|0.16|0.13"
174.00;4.57;0001-01-01T00:00:10.1400000+01:00;152.18;2.94;-84.87;20.7;-4.983;-8.758;23.648;-16.962;4.391;-15.928;97.805;-75.107;123.327;"0001-01-01T00:00:10.043+01:00|W1|1.1|0.14|0.08|0.14|1.07;0001-01-01T00:00:10.043+01:00|W2|0.6|0.25|0.17|0.25|0.49;0001-01-01T00:00:10.043+01:00|W3|0.7|-0.01|0.05|-0.01|0.64;0001-01-01T00:00:10.043+01:00|W4|0.8|0.64|0.28|0.64|0.40;0001-01-01T00:00:10.043+01:00|W5|1.0|0.43|0.18|0.43|0.86;0001-01-01T00:00:10.043+01:00|W6|0.9|-0.60|0.07|-0.60|0.42;0001-01-01T00:00:10.043+01:00|W7|1.5|-0.18|0.15|-0.18|1.52;0001-01-01T00:00:10.043+01:00|W8|1.3|-0.36|0.09|-0.36|1.25;0001-01-01T00:00:10.043+01:00|W9|0.7|-0.47|0.01|-0.47|0.44;0001-01-01T00:00:10.043+01:00|W10|0.5|-0.47|0.21|-0.47|0.20;0001-01-01T00:00:10.043+01:00|W11|0.4|-0.20|0.06|-0.20|0.30;0001-01-01T00:00:10.043+01:00|W12|0.3|0.16|0.23|0.16|0.13"
175.00;4.53;0001-01-01T00:00:10.1690000+01:00;152.97;2.95;-85.47;20.6;-5.156;-8.938;23.279;-16.589;4.331;-15.886;97.883;-75.150;123.412;"0001-01-01T00:00:10.043+01:00|W1|1.1|0.14|0.08|0.14|1.07;0001-01-01T00:00:10.043+01:00|W2|0.6|0.25|0.17|0.25|0.49;0001-01-01T00:00:10.043+01:00|W3|0.7|-0.01|0.05|-0.01|0.64;0001-01-01T00:00:10.043+01:00|W4|0.8|0.64|0.28|0.64|0.40;0001-01-01T00:00:10.043+01:00|W5|1.0|0.43|0.18|0.43|0.86;0001-01-01T00:00:10.043+01:00|W6|0.9|-0.60|0.07|-0.60|0.42;0001-01-01T00:00:10.043+01:00|W7|1.5|-0.18|0.15|-0.18|1.52;0001-01-01T00:00:10.043+01:00|W8|1.3|-0.36|0.09|-0.36|1.25;0001-01-01T00:00:10.043+01:00|W9|0.7|-0.47|0.01|-0.47|0.44;0001-01-01T00:00:10.043+01:00|W10|0.5|-0.47|0.21|-0.47|0.20;0001-01-01T00:00:10.043+01:00|W11|0.4|-0.20|0.06|-0.20|0.30;0001-01-01T00:00:10.043+01:00|W12|0.3|0.16|0.23|0.16|0.13"
176.00;4.49;0001-01-01T00:00:10.1980000+01:00;153.76;2.96;-86.08;20.6;-5.329;-9.117;22.910;-16.217;4.271;-15.844;97.961;-75.192;123.498;"0001-01-01T00:00:10.297+01:00|W1|1.1|0.11|0.06|0.11|1.05;0001-01-01T00:00:10.297+01:00|W2|0.7|0.36|0.28|0.36|0.53;0001-01-01T00:00:10.297+01:00|W3|0.7|-0.02|0.03|-0.02|0.65;0001-01-01T00:00:10.297+01:00|W4|0.9|0.74|0.12|0.74|0.47;0001-01-01T00:00:10.297+01:00|W5|1.1|0.44|0.04|0.44|0.96;0001-01-01T00:00:10.297+01:00|W6|1.0|-0.51|0.09|-0.51|0.47;0001-01-01T00:00:10.297+01:00|W7|1.6|-0.22|0.19|-0.22|1.61;0001-01-01T00:00:10.297+01:00|W8|0.8|-0.42|0.33|-0.42|0.68;0001-01-01T00:00:10.297+01:00|W9|0.8|-0.48|0.06|-0.48|0.38;0001-01-01T00:00:10.297+01:00|W10|0.4|-0.40|0.25|-0.40|0.12;0001-01-01T00:00:10.297+01:00|W11|0.4|-0.19|0.06|-0.19|0.30;0001-01-01T00:00:10.297+01:00|W12|0.3|0.19|0.19|0.19|0.15"
177.00;4.45;0001-01-01T00:00:10.2270000+01:00;154.55;2.97;-86.68;20.7;-5.502;-9.387;22.542;-17.536;4.211;-15.921;98.107;-75.206;123.621;"0001-01-01T00:00:10.297+01:00|W1|1.1|0.11|0.06|0.11|1.05;0001-01-01T00:00:10.297+01:00|W2|0.7|0.36|0.28|0.36|0.53;0001-01-01T00:00:10.297+01:00|W3|0.7|-0.02|0.03|-0.02|0.65;0001-01-01T00:00:10.297+01:00|W4|0.9|0.74|0.12|0.74|0.47;0001-01-01T00:00:10.297+01:00|W5|1.1|0.44|0.04|0.44|0.96;0001-01-01T00:00:10.297+01:00|W6|1.0|-0.51|0.09|-0.51|0.47;0001-01-01T00:00:10.297+01:00|W7|1.6|-0.22|0.19|-0.22|1.61;0001-01-01T00:00:10.297+01:00|W8|0.8|-0.42|0.33|-0.42|0.68;0001-01-01T00:00:10.297+01:00|W9|0.8|-0.48|0.06|-0.48|0.38;0001-01-01T00:00:10.297+01:00|W10|0.4|-0.40|0.25|-0.40|0.12;0001-01-01T00:00:10.297+01:00|W11|0.4|-0.19|0.06|-0.19|0.30;0001-01-01T00:00:10.297+01:00|W12|0.3|0.19|0.19|0.19|0.15"
178.00;4.41;0001-01-01T00:00:10.2560000+01:00;155.34;2.98;-87.28;20.7;-5.674;-9.553;22.175;-18.553;4.151;-15.941;98.285;-75.217;123.769;"0001-01-01T00:00:10.297+01:00|W1|1.1|0.11|0.06|0.11|1.05;0001-01-01T00:00:10.297+01:00|W2|0.7|0.36|0.28|0.36|0.53;0001-01-01T00:00:10.297+01:00|W3|0.7|-0.02|0.03|-0.02|0.65;0001-01-01T00:00:10.297+01:00|W4|0.9|0.74|0.12|0.74|0.47;0001-01-01T00:00:10.297+01:00|W5|1.1|0.44|0.04|0.44|0.96;0001-01-01T00:00:10.297+01:00|W6|1.0|-0.51|0.09|-0.51|0.47;0001-01-01T00:00:10.297+01:00|W7|1.6|-0.22|0.19|-0.22|1.61;0001-01-01T00:00:10.297+01:00|W8|0.8|-0.42|0.33|-0.42|0.68;0001-01-01T00:00:10.297+01:00|W9|0.8|-0.48|0.06|-0.48|0.38;0001-01-01T00:00:10.297+01:00|W10|0.4|-0.40|0.25|-0.40|0.12;0001-01-01T00:00:10.297+01:00|W11|0.4|-0.19|0.06|-0.19|0.30;0001-01-01T00:00:10.297+01:00|W12|0.3|0.19|0.19|0.19|0.15"
179.00;4.36;0001-01-01T00:00:10.2850000+01:00;156.13;2.98;-87.89;20.5;-5.846;-9.302;21.808;-17.990;4.092;-15.717;98.560;-75.228;123.998;"0001-01-01T00:00:10.297+01:00|W1|1.1|0.11|0.06|0.11|1.05;0001-01-01T00:00:10.297+01:00|W2|0.7|0.36|0.28|0.36|0.53;0001-01-01T00:00:10.297+01:00|W3|0.7|-0.02|0.03|-0.02|0.65;0001-01-01T00:00:10.297+01:00|W4|0.9|0.74|0.12|0.74|0.47;0001-01-01T00:00:10.297+01:00|W5|1.1|0.44|0.04|0.44|0.96;0001-01-01T00:00:10.297+01:00|W6|1.0|-0.51|0.09|-0.51|0.47;0001-01-01T00:00:10.297+01:00|W7|1.6|-0.22|0.19|-0.22|1.61;0001-01-01T00:00:10.297+01:00|W8|0.8|-0.42|0.33|-0.42|0.68;0001-01-01T00:00:10.297+01:00|W9|0.8|-0.48|0.06|-0.48|0.38;0001-01-01T00:00:10.297+01:00|W10|0.4|-0.40|0.25|-0.40|0.12;0001-01-01T00:00:10.297+01:00|W11|0.4|-0.19|0.06|-0.19|0.30;0001-01-01T00:00:10.297+01:00|W12|0.3|0.19|0.19|0.19|0.15"
180.00;4.31;0001-01-01T00:00:10.3140000+01:00;156.92;2.99;-88.49;20.2;-6.018;-8.831;21.441;-17.090;4.032;-15.435;98.624;-75.139;123.996;"0001-01-01T00:00:10.297+01:00|W1|1.1|0.11|0.06|0.11|1.05;0001-01-01T00:00:10.297+01:00|W2|0.7|0.36|0.28|0.36|0.53;0001-01-01T00:00:10.297+01:00|W3|0.7|-0.02|0.03|-0.02|0.65;0001-01-01T00:00:10.297+01:00|W4|0.9|0.74|0.12|0.74|0.47;0001-01-01T00:00:10.297+01:00|W5|1.1|0.44|0.04|0.44|0.96;0001-01-01T00:00:10.297+01:00|W6|1.0|-0.51|0.09|-0.51|0.47;0001-01-01T00:00:10.297+01:00|W7|1.6|-0.22|0.19|-0.22|1.61;0001-01-01T00:00:10.297+01:00|W8|0.8|-0.42|0.33|-0.42|0.68;0001-01-01T00:00:10.297+01:00|W9|0.8|-0.48|0.06|-0.48|0.38;0001-01-01T00:00:10.297+01:00|W10|0.4|-0.40|0.25|-0.40|0.12;0001-01-01T00:00:10.297+01:00|W11|0.4|-0.19|0.06|-0.19|0.30;0001-01-01T00:00:10.297+01:00|W12|0.3|0.19|0.19|0.19|0.15"
181.00;4.26;0001-01-01T00:00:10.3430000+01:00;157.71;3.01;-89.09;19.9;-6.190;-8.123;21.074;-15.829;3.972;-15.090;98.462;-74.942;123.745;"0001-01-01T00:00:10.297+01:00|W1|1.1|0.11|0.06|0.11|1.05;0001-01-01T00:00:10.297+01:00|W2|0.7|0.36|0.28|0.36|0.53;0001-01-01T00:00:10.297+01:00|W3|0.7|-0.02|0.03|-0.02|0.65;0001-01-01T00:00:10.297+01:00|W4|0.9|0.74|0.12|0.74|0.47;0001-01-01T00:00:10.297+01:00|W5|1.1|0.44|0.04|0.44|0.96;0001-01-01T00:00:10.297+01:00|W6|1.0|-0.51|0.09|-0.51|0.47;0001-01-01T00:00:10.297+01:00|W7|1.6|-0.22|0.19|-0.22|1.61;0001-01-01T00:00:10.297+01:00|W8|0.8|-0.42|0.33|-0.42|0.68;0001-01-01T00:00:10.297+01:00|W9|0.8|-0.48|0.06|-0.48|0.38;0001-01-01T00:00:10.297+01:00|W10|0.4|-0.40|0.25|-0.40|0.12;0001-01-01T00:00:10.297+01:00|W11|0.4|-0.19|0.06|-0.19|0.30;0001-01-01T00:00:10.297+01:00|W12|0.3|0.19|0.19|0.19|0.15"
182.00;4.21;0001-01-01T00:00:10.3720000+01:00;158.50;3.01;-89.69;19.6;-6.363;-7.304;20.706;-15.990;3.912;-14.789;98.442;-74.839;123.665;"0001-01-01T00:00:10.297+01:00|W1|1.1|0.11|0.06|0.11|1.05;0001-01-01T00:00:10.297+01:00|W2|0.7|0.36|0.28|0.36|0.53;0001-01-01T00:00:10.297+01:00|W3|0.7|-0.02|0.03|-0.02|0.65;0001-01-01T00:00:10.297+01:00|W4|0.9|0.74|0.12|0.74|0.47;0001-01-01T00:00:10.297+01:00|W5|1.1|0.44|0.04|0.44|0.96;0001-01-01T00:00:10.297+01:00|W6|1.0|-0.51|0.09|-0.51|0.47;0001-01-01T00:00:10.297+01:00|W7|1.6|-0.22|0.19|-0.22|1.61;0001-01-01T00:00:10.297+01:00|W8|0.8|-0.42|0.33|-0.42|0.68;0001-01-01T00:00:10.297+01:00|W9|0.8|-0.48|0.06|-0.48|0.38;0001-01-01T00:00:10.297+01:00|W10|0.4|-0.40|0.25|-0.40|0.12;0001-01-01T00:00:10.297+01:00|W11|0.4|-0.19|0.06|-0.19|0.30;0001-01-01T00:00:10.297+01:00|W12|0.3|0.19|0.19|0.19|0.15"
183.00;4.16;0001-01-01T00:00:10.4010000+01:00;159.29;3.02;-90.30;19.3;-6.536;-6.453;20.337;-16.606;3.852;-14.507;98.469;-74.772;123.645;"0001-01-01T00:00:10.297+01:00|W1|1.1|0.11|0.06|0.11|1.05;0001-01-01T00:00:10.297+01:00|W2|0.7|0.36|0.28|0.36|0.53;0001-01-01T00:00:10.297+01:00|W3|0.7|-0.02|0.03|-0.02|0.65;0001-01-01T00:00:10.297+01:00|W4|0.9|0.74|0.12|0.74|0.47;0001-01-01T00:00:10.297+01:00|W5|1.1|0.44|0.04|0.44|0.96;0001-01-01T00:00:10.297+01:00|W6|1.0|-0.51|0.09|-0.51|0.47;0001-01-01T00:00:10.297+01:00|W7|1.6|-0.22|0.19|-0.22|1.61;0001-01-01T00:00:10.297+01:00|W8|0.8|-0.42|0.33|-0.42|0.68;0001-01-01T00:00:10.297+01:00|W9|0.8|-0.48|0.06|-0.48|0.38;0001-01-01T00:00:10.297+01:00|W10|0.4|-0.40|0.25|-0.40|0.12;0001-01-01T00:00:10.297+01:00|W11|0.4|-0.19|0.06|-0.19|0.30;0001-01-01T00:00:10.297+01:00|W12|0.3|0.19|0.19|0.19|0.15"
184.00;4.11;0001-01-01T00:00:10.4300000+01:00;160.09;3.03;-90.89;19.2;-6.709;-5.657;19.969;-17.128;3.792;-14.364;98.536;-74.846;123.742;"0001-01-01T00:00:10.542+01:00|W1|1.1|0.10|0.05|0.10|1.04;0001-01-01T00:00:10.542+01:00|W2|0.8|0.40|0.34|0.40|0.55;0001-01-01T00:00:10.542+01:00|W3|0.7|-0.03|0.03|-0.03|0.65;0001-01-01T00:00:10.542+01:00|W4|1.0|0.81|0.00|0.81|0.50;0001-01-01T00:00:10.542+01:00|W5|1.2|0.44|0.01|0.44|1.02;0001-01-01T00:00:10.542+01:00|W6|1.0|-0.38|0.09|-0.38|0.53;0001-01-01T00:00:10.542+01:00|W7|1.7|-0.22|0.20|-0.22|1.64;0001-01-01T00:00:10.542+01:00|W8|0.6|-0.40|0.47|-0.40|0.47;0001-01-01T00:00:10.542+01:00|W9|0.7|-0.46|0.03|-0.46|0.35;0001-01-01T00:00:10.542+01:00|W10|0.4|-0.38|0.25|-0.38|0.14;0001-01-01T00:00:10.542+01:00|W11|0.3|-0.18|0.06|-0.18|0.29;0001-01-01T00:00:10.542+01:00|W12|0.3|0.20|0.17|0.20|0.17"
185.00;4.06;0001-01-01T00:00:10.4590000+01:00;160.88;3.03;-91.49;19.2;-6.882;-4.952;19.601;-17.807;3.732;-14.315;98.568;-74.874;123.782;"0001-01-01T00:00:10.542+01:00|W1|1.1|0.10|0.05|0.10|1.04;0001-01-01T00:00:10.542+01:00|W2|0.8|0.40|0.34|0.40|0.55;0001-01-01T00:00:10.542+01:00|W3|0.7|-0.03|0.03|-0.03|0.65;0001-01-01T00:00:10.542+01:00|W4|1.0|0.81|0.00|0.81|0.50;0001-01-01T00:00:10.542+01:00|W5|1.2|0.44|0.01|0.44|1.02;0001-01-01T00:00:10.542+01:00|W6|1.0|-0.38|0.09|-0.38|0.53;0001-01-01T00:00:10.542+01:00|W7|1.7|-0.22|0.20|-0.22|1.64;0001-01-01T00:00:10.542+01:00|W8|0.6|-0.40|0.47|-0.40|0.47;0001-01-01T00:00:10.542+01:00|W9|0.7|-0.46|0.03|-0.46|0.35;0001-01-01T00:00:10.542+01:00|W10|0.4|-0.38|0.25|-0.38|0.14;0001-01-01T00:00:10.542+01:00|W11|0.3|-0.18|0.06|-0.18|0.29;0001-01-01T00:00:10.542+01:00|W12|0.3|0.20|0.17|0.20|0.17"
186.00;4.00;0001-01-01T00:00:10.4880000+01:00;161.67;3.04;-92.09;19.3;-7.054;-4.445;19.233;-18.831;3.673;-14.467;98.520;-74.801;123.700;"0001-01-01T00:00:10.542+01:00|W1|1.1|0.10|0.05|0.10|1.04;0001-01-01T00:00:10.542+01:00|W2|0.8|0.40|0.34|0.40|0.55;0001-01-01T00:00:10.542+01:00|W3|0.7|-0.03|0.03|-0.03|0.65;0001-01-01T00:00:10.542+01:00|W4|1.0|0.81|0.00|0.81|0.50;0001-01-01T00:00:10.542+01:00|W5|1.2|0.44|0.01|0.44|1.02;0001-01-01T00:00:10.542+01:00|W6|1.0|-0.38|0.09|-0.38|0.53;0001-01-01T00:00:10.542+01:00|W7|1.7|-0.22|0.20|-0.22|1.64;0001-01-01T00:00:10.542+01:00|W8|0.6|-0.40|0.47|-0.40|0.47;0001-01-01T00:00:10.542+01:00|W9|0.7|-0.46|0.03|-0.46|0.35;0001-01-01T00:00:10.542+01:00|W10|0.4|-0.38|0.25|-0.38|0.14;0001-01-01T00:00:10.542+01:00|W11|0.3|-0.18|0.06|-0.18|0.29;0001-01-01T00:00:10.542+01:00|W12|0.3|0.20|0.17|0.20|0.17"
187.00;3.93;0001-01-01T00:00:10.5170000+01:00;162.47;3.04;-92.69;19.5;-7.227;-3.938;18.865;-19.854;3.613;-14.619;98.472;-74.729;123.618;"0001-01-01T00:00:10.542+01:00|W1|1.1|0.10|0.05|0.10|1.04;0001-01-01T00:00:10.542+01:00|W2|0.8|0.40|0.34|0.40|0.55;0001-01-01T00:00:10.542+01:00|W3|0.7|-0.03|0.03|-0.03|0.65;0001-01-01T00:00:10.542+01:00|W4|1.0|0.81|0.00|0.81|0.50;0001-01-01T00:00:10.542+01:00|W5|1.2|0.44|0.01|0.44|1.02;0001-01-01T00:00:10.542+01:00|W6|1.0|-0.38|0.09|-0.38|0.53;0001-01-01T00:00:10.542+01:00|W7|1.7|-0.22|0.20|-0.22|1.64;0001-01-01T00:00:10.542+01:00|W8|0.6|-0.40|0.47|-0.40|0.47;0001-01-01T00:00:10.542+01:00|W9|0.7|-0.46|0.03|-0.46|0.35;0001-01-01T00:00:10.542+01:00|W10|0.4|-0.38|0.25|-0.38|0.14;0001-01-01T00:00:10.542+01:00|W11|0.3|-0.18|0.06|-0.18|0.29;0001-01-01T00:00:10.542+01:00|W12|0.3|0.20|0.17|0.20|0.17"
188.00;3.87;0001-01-01T00:00:10.5460000+01:00;163.26;3.04;-93.30;19.6;-7.400;-3.431;18.496;-20.878;3.553;-14.772;98.425;-74.657;123.536;"0001-01-01T00:00:10.542+01:00|W1|1.1|0.10|0.05|0.10|1.04;0001-01-01T00:00:10.542+01:00|W2|0.8|0.40|0.34|0.40|0.55;0001-01-01T00:00:10.542+01:00|W3|0.7|-0.03|0.03|-0.03|0.65;0001-01-01T00:00:10.542+01:00|W4|1.0|0.81|0.00|0.81|0.50;0001-01-01T00:00:10.542+01:00|W5|1.2|0.44|0.01|0.44|1.02;0001-01-01T00:00:10.542+01:00|W6|1.0|-0.38|0.09|-0.38|0.53;0001-01-01T00:00:10.542+01:00|W7|1.7|-0.22|0.20|-0.22|1.64;0001-01-01T00:00:10.542+01:00|W8|0.6|-0.40|0.47|-0.40|0.47;0001-01-01T00:00:10.542+01:00|W9|0.7|-0.46|0.03|-0.46|0.35;0001-01-01T00:00:10.542+01:00|W10|0.4|-0.38|0.25|-0.38|0.14;0001-01-01T00:00:10.542+01:00|W11|0.3|-0.18|0.06|-0.18|0.29;0001-01-01T00:00:10.542+01:00|W12|0.3|0.20|0.17|0.20|0.17"
189.00;3.81;0001-01-01T00:00:10.5750000+01:00;164.05;3.04;-93.90;19.9;-7.573;-3.212;18.128;-21.359;3.493;-15.060;98.386;-74.657;123.505;"0001-01-01T00:00:10.542+01:00|W1|1.1|0.10|0.05|0.10|1.04;0001-01-01T00:00:10.542+01:00|W2|0.8|0.40|0.34|0.40|0.55;0001-01-01T00:00:10.542+01:00|W3|0.7|-0.03|0.03|-0.03|0.65;0001-01-01T00:00:10.542+01:00|W4|1.0|0.81|0.00|0.81|0.50;0001-01-01T00:00:10.542+01:00|W5|1.2|0.44|0.01|0.44|1.02;0001-01-01T00:00:10.542+01:00|W6|1.0|-0.38|0.09|-0.38|0.53;0001-01-01T00:00:10.542+01:00|W7|1.7|-0.22|0.20|-0.22|1.64;0001-01-01T00:00:10.542+01:00|W8|0.6|-0.40|0.47|-0.40|0.47;0001-01-01T00:00:10.542+01:00|W9|0.7|-0.46|0.03|-0.46|0.35;0001-01-01T00:00:10.542+01:00|W10|0.4|-0.38|0.25|-0.38|0.14;0001-01-01T00:00:10.542+01:00|W11|0.3|-0.18|0.06|-0.18|0.29;0001-01-01T00:00:10.542+01:00|W12|0.3|0.20|0.17|0.20|0.17"
190.00;3.74;0001-01-01T00:00:10.6040000+01:00;164.84;3.04;-94.49;20.2;-7.746;-3.065;17.759;-21.755;3.433;-15.364;98.346;-74.662;123.476;"0001-01-01T00:00:10.542+01:00|W1|1.1|0.10|0.05|0.10|1.04;0001-01-01T00:00:10.542+01:00|W2|0.8|0.40|0.34|0.40|0.55;0001-01-01T00:00:10.542+01:00|W3|0.7|-0.03|0.03|-0.03|0.65;0001-01-01T00:00:10.542+01:00|W4|1.0|0.81|0.00|0.81|0.50;0001-01-01T00:00:10.542+01:00|W5|1.2|0.44|0.01|0.44|1.02;0001-01-01T00:00:10.542+01:00|W6|1.0|-0.38|0.09|-0.38|0.53;0001-01-01T00:00:10.542+01:00|W7|1.7|-0.22|0.20|-0.22|1.64;0001-01-01T00:00:10.542+01:00|W8|0.6|-0.40|0.47|-0.40|0.47;0001-01-01T00:00:10.542+01:00|W9|0.7|-0.46|0.03|-0.46|0.35;0001-01-01T00:00:10.542+01:00|W10|0.4|-0.38|0.25|-0.38|0.14;0001-01-01T00:00:10.542+01:00|W11|0.3|-0.18|0.06|-0.18|0.29;0001-01-01T00:00:10.542+01:00|W12|0.3|0.20|0.17|0.20|0.17"
191.00;3.67;0001-01-01T00:00:10.6340000+01:00;165.64;3.05;-95.09;20.5;-7.919;-3.080;17.390;-22.115;3.373;-15.640;98.287;-74.631;123.413;"0001-01-01T00:00:10.542+01:00|W1|1.1|0.10|0.05|0.10|1.04;0001-01-01T00:00:10.542+01:00|W2|0.8|0.40|0.34|0.40|0.55;0001-01-01T00:00:10.542+01:00|W3|0.7|-0.03|0.03|-0.03|0.65;0001-01-01T00:00:10.542+01:00|W4|1.0|0.81|0.00|0.81|0.50;0001-01-01T00:00:10.542+01:00|W5|1.2|0.44|0.01|0.44|1.02;0001-01-01T00:00:10.542+01:00|W6|1.0|-0.38|0.09|-0.38|0.53;0001-01-01T00:00:10.542+01:00|W7|1.7|-0.22|0.20|-0.22|1.64;0001-01-01T00:00:10.542+01:00|W8|0.6|-0.40|0.47|-0.40|0.47;0001-01-01T00:00:10.542+01:00|W9|0.7|-0.46|0.03|-0.46|0.35;0001-01-01T00:00:10.542+01:00|W10|0.4|-0.38|0.25|-0.38|0.14;0001-01-01T00:00:10.542+01:00|W11|0.3|-0.18|0.06|-0.18|0.29;0001-01-01T00:00:10.542+01:00|W12|0.3|0.20|0.17|0.20|0.17"
192.00;3.60;0001-01-01T00:00:10.6630000+01:00;166.43;3.05;-95.70;20.8;-8.092;-3.095;17.021;-22.475;3.313;-15.917;98.229;-74.601;123.350;"0001-01-01T00:00:10.542+01:00|W1|1.1|0.10|0.05|0.10|1.04;0001-01-01T00:00:10.542+01:00|W2|0.8|0.40|0.34|0.40|0.55;0001-01-01T00:00:10.542+01:00|W3|0.7|-0.03|0.03|-0.03|0.65;0001-01-01T00:00:10.542+01:00|W4|1.0|0.81|0.00|0.81|0.50;0001-01-01T00:00:10.542+01:00|W5|1.2|0.44|0.01|0.44|1.02;0001-01-01T00:00:10.542+01:00|W6|1.0|-0.38|0.09|-0.38|0.53;0001-01-01T00:00:10.542+01:00|W7|1.7|-0.22|0.20|-0.22|1.64;0001-01-01T00:00:10.542+01:00|W8|0.6|-0.40|0.47|-0.40|0.47;0001-01-01T00:00:10.542+01:00|W9|0.7|-0.46|0.03|-0.46|0.35;0001-01-01T00:00:10.542+01:00|W10|0.4|-0.38|0.25|-0.38|0.14;0001-01-01T00:00:10.542+01:00|W11|0.3|-0.18|0.06|-0.18|0.29;0001-01-01T00:00:10.542+01:00|W12|0.3|0.20|0.17|0.20|0.17"
193.00;3.52;0001-01-01T00:00:10.6920000+01:00;167.22;3.05;-96.30;21.0;-8.265;-3.110;16.652;-22.836;3.253;-16.193;98.171;-74.570;123.287;"0001-01-01T00:00:10.795+01:00|W1|1.1|0.07|0.03|0.07|1.03;0001-01-01T00:00:10.795+01:00|W2|0.8|0.34|0.35|0.34|0.56;0001-01-01T00:00:10.795+01:00|W3|0.7|-0.03|0.02|-0.03|0.66;0001-01-01T00:00:10.795+01:00|W4|1.1|0.89|0.07|0.89|0.52;0001-01-01T00:00:10.795+01:00|W5|1.3|0.46|0.11|0.46|1.11;0001-01-01T00:00:10.795+01:00|W6|0.9|-0.26|0.05|-0.26|0.55;0001-01-01T00:00:10.795+01:00|W7|1.7|-0.16|0.19|-0.16|1.66;0001-01-01T00:00:10.795+01:00|W8|0.5|-0.32|0.51|-0.32|0.41;0001-01-01T00:00:10.795+01:00|W9|0.7|-0.43|0.02|-0.43|0.31;0001-01-01T00:00:10.795+01:00|W10|0.4|-0.37|0.24|-0.37|0.18;0001-01-01T00:00:10.795+01:00|W11|0.3|-0.17|0.07|-0.17|0.28;0001-01-01T00:00:10.795+01:00|W12|0.4|0.26|0.12|0.26|0.19"
194.00;3.46;0001-01-01T00:00:10.7210000+01:00;168.02;3.06;-96.89;21.2;-8.439;-3.250;16.281;-22.294;3.192;-16.312;98.128;-74.600;123.273;"0001-01-01T00:00:10.795+01:00|W1|1.1|0.07|0.03|0.07|1.03;0001-01-01T00:00:10.795+01:00|W2|0.8|0.34|0.35|0.34|0.56;0001-01-01T00:00:10.795+01:00|W3|0.7|-0.03|0.02|-0.03|0.66;0001-01-01T00:00:10.795+01:00|W4|1.1|0.89|0.07|0.89|0.52;0001-01-01T00:00:10.795+01:00|W5|1.3|0.46|0.11|0.46|1.11;0001-01-01T00:00:10.795+01:00|W6|0.9|-0.26|0.05|-0.26|0.55;0001-01-01T00:00:10.795+01:00|W7|1.7|-0.16|0.19|-0.16|1.66;0001-01-01T00:00:10.795+01:00|W8|0.5|-0.32|0.51|-0.32|0.41;0001-01-01T00:00:10.795+01:00|W9|0.7|-0.43|0.02|-0.43|0.31;0001-01-01T00:00:10.795+01:00|W10|0.4|-0.37|0.24|-0.37|0.18;0001-01-01T00:00:10.795+01:00|W11|0.3|-0.17|0.07|-0.17|0.28;0001-01-01T00:00:10.795+01:00|W12|0.4|0.26|0.12|0.26|0.19"
195.00;3.40;0001-01-01T00:00:10.7500000+01:00;168.83;3.07;-97.47;21.2;-8.614;-3.438;15.909;-21.401;3.132;-16.367;98.090;-74.652;123.276;"0001-01-01T00:00:10.795+01:00|W1|1.1|0.07|0.03|0.07|1.03;0001-01-01T00:00:10.795+01:00|W2|0.8|0.34|0.35|0.34|0.56;0001-01-01T00:00:10.795+01:00|W3|0.7|-0.03|0.02|-0.03|0.66;0001-01-01T00:00:10.795+01:00|W4|1.1|0.89|0.07|0.89|0.52;0001-01-01T00:00:10.795+01:00|W5|1.3|0.46|0.11|0.46|1.11;0001-01-01T00:00:10.795+01:00|W6|0.9|-0.26|0.05|-0.26|0.55;0001-01-01T00:00:10.795+01:00|W7|1.7|-0.16|0.19|-0.16|1.66;0001-01-01T00:00:10.795+01:00|W8|0.5|-0.32|0.51|-0.32|0.41;0001-01-01T00:00:10.795+01:00|W9|0.7|-0.43|0.02|-0.43|0.31;0001-01-01T00:00:10.795+01:00|W10|0.4|-0.37|0.24|-0.37|0.18;0001-01-01T00:00:10.795+01:00|W11|0.3|-0.17|0.07|-0.17|0.28;0001-01-01T00:00:10.795+01:00|W12|0.4|0.26|0.12|0.26|0.19"
196.00;3.32;0001-01-01T00:00:10.7800000+01:00;169.62;3.09;-98.07;21.2;-8.787;-3.549;15.540;-20.675;3.071;-16.346;98.053;-74.579;123.201;"0001-01-01T00:00:10.795+01:00|W1|1.1|0.07|0.03|0.07|1.03;0001-01-01T00:00:10.795+01:00|W2|0.8|0.34|0.35|0.34|0.56;0001-01-01T00:00:10.795+01:00|W3|0.7|-0.03|0.02|-0.03|0.66;0001-01-01T00:00:10.795+01:00|W4|1.1|0.89|0.07|0.89|0.52;0001-01-01T00:00:10.795+01:00|W5|1.3|0.46|0.11|0.46|1.11;0001-01-01T00:00:10.795+01:00|W6|0.9|-0.26|0.05|-0.26|0.55;0001-01-01T00:00:10.795+01:00|W7|1.7|-0.16|0.19|-0.16|1.66;0001-01-01T00:00:10.795+01:00|W8|0.5|-0.32|0.51|-0.32|0.41;0001-01-01T00:00:10.795+01:00|W9|0.7|-0.43|0.02|-0.43|0.31;0001-01-01T00:00:10.795+01:00|W10|0.4|-0.37|0.24|-0.37|0.18;0001-01-01T00:00:10.795+01:00|W11|0.3|-0.17|0.07|-0.17|0.28;0001-01-01T00:00:10.795+01:00|W12|0.4|0.26|0.12|0.26|0.19"
197.00;3.23;0001-01-01T00:00:10.8090000+01:00;170.41;3.10;-98.67;21.2;-8.961;-3.657;15.170;-19.971;3.011;-16.336;98.041;-74.563;123.183;"0001-01-01T00:00:10.795+01:00|W1|1.1|0.07|0.03|0.07|1.03;0001-01-01T00:00:10.795+01:00|W2|0.8|0.34|0.35|0.34|0.56;0001-01-01T00:00:10.795+01:00|W3|0.7|-0.03|0.02|-0.03|0.66;0001-01-01T00:00:10.795+01:00|W4|1.1|0.89|0.07|0.89|0.52;0001-01-01T00:00:10.795+01:00|W5|1.3|0.46|0.11|0.46|1.11;0001-01-01T00:00:10.795+01:00|W6|0.9|-0.26|0.05|-0.26|0.55;0001-01-01T00:00:10.795+01:00|W7|1.7|-0.16|0.19|-0.16|1.66;0001-01-01T00:00:10.795+01:00|W8|0.5|-0.32|0.51|-0.32|0.41;0001-01-01T00:00:10.795+01:00|W9|0.7|-0.43|0.02|-0.43|0.31;0001-01-01T00:00:10.795+01:00|W10|0.4|-0.37|0.24|-0.37|0.18;0001-01-01T00:00:10.795+01:00|W11|0.3|-0.17|0.07|-0.17|0.28;0001-01-01T00:00:10.795+01:00|W12|0.4|0.26|0.12|0.26|0.19"
198.00;3.14;0001-01-01T00:00:10.8380000+01:00;171.20;3.11;-99.28;21.2;-9.135;-3.758;14.799;-19.321;2.951;-16.351;98.087;-74.680;123.294;"0001-01-01T00:00:10.795+01:00|W1|1.1|0.07|0.03|0.07|1.03;0001-01-01T00:00:10.795+01:00|W2|0.8|0.34|0.35|0.34|0.56;0001-01-01T00:00:10.795+01:00|W3|0.7|-0.03|0.02|-0.03|0.66;0001-01-01T00:00:10.795+01:00|W4|1.1|0.89|0.07|0.89|0.52;0001-01-01T00:00:10.795+01:00|W5|1.3|0.46|0.11|0.46|1.11;0001-01-01T00:00:10.795+01:00|W6|0.9|-0.26|0.05|-0.26|0.55;0001-01-01T00:00:10.795+01:00|W7|1.7|-0.16|0.19|-0.16|1.66;0001-01-01T00:00:10.795+01:00|W8|0.5|-0.32|0.51|-0.32|0.41;0001-01-01T00:00:10.795+01:00|W9|0.7|-0.43|0.02|-0.43|0.31;0001-01-01T00:00:10.795+01:00|W10|0.4|-0.37|0.24|-0.37|0.18;0001-01-01T00:00:10.795+01:00|W11|0.3|-0.17|0.07|-0.17|0.28;0001-01-01T00:00:10.795+01:00|W12|0.4|0.26|0.12|0.26|0.19"
199.00;3.04;0001-01-01T00:00:10.8670000+01:00;172.00;3.12;-99.89;21.3;-9.308;-3.884;14.430;-18.201;2.891;-16.466;98.079;-74.778;123.349;"0001-01-01T00:00:10.795+01:00|W1|1.1|0.07|0.03|0.07|1.03;0001-01-01T00:00:10.795+01:00|W2|0.8|0.34|0.35|0.34|0.56;0001-01-01T00:00:10.795+01:00|W3|0.7|-0.03|0.02|-0.03|0.66;0001-01-01T00:00:10.795+01:00|W4|1.1|0.89|0.07|0.89|0.52;0001-01-01T00:00:10.795+01:00|W5|1.3|0.46|0.11|0.46|1.11;0001-01-01T00:00:10.795+01:00|W6|0.9|-0.26|0.05|-0.26|0.55;0001-01-01T00:00:10.795+01:00|W7|1.7|-0.16|0.19|-0.16|1.66;0001-01-01T00:00:10.795+01:00|W8|0.5|-0.32|0.51|-0.32|0.41;0001-01-01T00:00:10.795+01:00|W9|0.7|-0.43|0.02|-0.43|0.31;0001-01-01T00:00:10.795+01:00|W10|0.4|-0.37|0.24|-0.37|0.18;0001-01-01T00:00:10.795+01:00|W11|0.3|-0.17|0.07|-0.17|0.28;0001-01-01T00:00:10.795+01:00|W12|0.4|0.26|0.12|0.26|0.19"
200.00;2.95;0001-01-01T00:00:10.8960000+01:00;172.79;3.14;-100.49;21.5;-9.482;-4.029;14.060;-16.753;2.831;-16.652;98.031;-74.863;123.364;"0001-01-01T00:00:10.795+01:00|W1|1.1|0.07|0.03|0.07|1.03;0001-01-01T00:00:10.795+01:00|W2|0.8|0.34|0.35|0.34|0.56;0001-01-01T00:00:10.795+01:00|W3|0.7|-0.03|0.02|-0.03|0.66;0001-01-01T00:00:10.795+01:00|W4|1.1|0.89|0.07|0.89|0.52;0001-01-01T00:00:10.795+01:00|W5|1.3|0.46|0.11|0.46|1.11;0001-01-01T00:00:10.795+01:00|W6|0.9|-0.26|0.05|-0.26|0.55;0001-01-01T00:00:10.795+01:00|W7|1.7|-0.16|0.19|-0.16|1.66;0001-01-01T00:00:10.795+01:00|W8|0.5|-0.32|0.51|-0.32|0.41;0001-01-01T00:00:10.795+01:00|W9|0.7|-0.43|0.02|-0.43|0.31;0001-01-01T00:00:10.795+01:00|W10|0.4|-0.37|0.24|-0.37|0.18;0001-01-01T00:00:10.795+01:00|W11|0.3|-0.17|0.07|-0.17|0.28;0001-01-01T00:00:10.795+01:00|W12|0.4|0.26|0.12|0.26|0.19"
201.00;2.85;0001-01-01T00:00:10.9260000+01:00;173.58;3.16;-101.09;21.7;-9.655;-4.174;13.690;-15.303;2.770;-16.838;97.983;-74.947;123.379;"0001-01-01T00:00:11.044+01:00|W1|1.1|0.07|0.03|0.07|1.03;0001-01-01T00:00:11.044+01:00|W2|0.8|0.34|0.35|0.34|0.56;0001-01-01T00:00:11.044+01:00|W3|0.7|-0.03|0.02|-0.03|0.66;0001-01-01T00:00:11.044+01:00|W4|1.1|0.89|0.07|0.89|0.52;0001-01-01T00:00:11.044+01:00|W5|1.3|0.46|0.11|0.46|1.11;0001-01-01T00:00:11.044+01:00|W6|0.9|-0.26|0.05|-0.26|0.55;0001-01-01T00:00:11.044+01:00|W7|1.7|-0.16|0.19|-0.16|1.66;0001-01-01T00:00:11.044+01:00|W8|0.5|-0.32|0.51|-0.32|0.41;0001-01-01T00:00:11.044+01:00|W9|0.7|-0.43|0.02|-0.43|0.31;0001-01-01T00:00:11.044+01:00|W10|0.4|-0.37|0.24|-0.37|0.18;0001-01-01T00:00:11.044+01:00|W11|0.3|-0.17|0.07|-0.17|0.28;0001-01-01T00:00:11.044+01:00|W12|0.4|0.26|0.12|0.26|0.19"
202.00;2.75;0001-01-01T00:00:10.9550000+01:00;174.38;3.17;-101.70;21.9;-9.829;-4.341;13.320;-14.013;2.710;-17.072;97.937;-75.004;123.377;"0001-01-01T00:00:11.044+01:00|W1|1.1|0.07|0.03|0.07|1.03;0001-01-01T00:00:11.044+01:00|W2|0.8|0.34|0.35|0.34|0.56;0001-01-01T00:00:11.044+01:00|W3|0.7|-0.03|0.02|-0.03|0.66;0001-01-01T00:00:11.044+01:00|W4|1.1|0.89|0.07|0.89|0.52;0001-01-01T00:00:11.044+01:00|W5|1.3|0.46|0.11|0.46|1.11;0001-01-01T00:00:11.044+01:00|W6|0.9|-0.26|0.05|-0.26|0.55;0001-01-01T00:00:11.044+01:00|W7|1.7|-0.16|0.19|-0.16|1.66;0001-01-01T00:00:11.044+01:00|W8|0.5|-0.32|0.51|-0.32|0.41;0001-01-01T00:00:11.044+01:00|W9|0.7|-0.43|0.02|-0.43|0.31;0001-01-01T00:00:11.044+01:00|W10|0.4|-0.37|0.24|-0.37|0.18;0001-01-01T00:00:11.044+01:00|W11|0.3|-0.17|0.07|-0.17|0.28;0001-01-01T00:00:11.044+01:00|W12|0.4|0.26|0.12|0.26|0.19"
203.00;2.64;0001-01-01T00:00:10.9840000+01:00;175.17;3.19;-102.30;22.4;-10.003;-4.621;12.949;-13.552;2.650;-17.559;97.899;-74.910;123.292;"0001-01-01T00:00:11.044+01:00|W1|1.1|0.07|0.03|0.07|1.03;0001-01-01T00:00:11.044+01:00|W2|0.8|0.34|0.35|0.34|0.56;0001-01-01T00:00:11.044+01:00|W3|0.7|-0.03|0.02|-0.03|0.66;0001-01-01T00:00:11.044+01:00|W4|1.1|0.89|0.07|0.89|0.52;0001-01-01T00:00:11.044+01:00|W5|1.3|0.46|0.11|0.46|1.11;0001-01-01T00:00:11.044+01:00|W6|0.9|-0.26|0.05|-0.26|0.55;0001-01-01T00:00:11.044+01:00|W7|1.7|-0.16|0.19|-0.16|1.66;0001-01-01T00:00:11.044+01:00|W8|0.5|-0.32|0.51|-0.32|0.41;0001-01-01T00:00:11.044+01:00|W9|0.7|-0.43|0.02|-0.43|0.31;0001-01-01T00:00:11.044+01:00|W10|0.4|-0.37|0.24|-0.37|0.18;0001-01-01T00:00:11.044+01:00|W11|0.3|-0.17|0.07|-0.17|0.28;0001-01-01T00:00:11.044+01:00|W12|0.4|0.26|0.12|0.26|0.19"
204.00;2.54;0001-01-01T00:00:11.0130000+01:00;175.97;3.21;-102.90;22.9;-10.177;-4.984;12.578;-12.503;2.589;-18.056;97.948;-74.996;123.384;"0001-01-01T00:00:11.044+01:00|W1|1.1|0.07|0.03|0.07|1.03;0001-01-01T00:00:11.044+01:00|W2|0.8|0.34|0.35|0.34|0.56;0001-01-01T00:00:11.044+01:00|W3|0.7|-0.03|0.02|-0.03|0.66;0001-01-01T00:00:11.044+01:00|W4|1.1|0.89|0.07|0.89|0.52;0001-01-01T00:00:11.044+01:00|W5|1.3|0.46|0.11|0.46|1.11;0001-01-01T00:00:11.044+01:00|W6|0.9|-0.26|0.05|-0.26|0.55;0001-01-01T00:00:11.044+01:00|W7|1.7|-0.16|0.19|-0.16|1.66;0001-01-01T00:00:11.044+01:00|W8|0.5|-0.32|0.51|-0.32|0.41;0001-01-01T00:00:11.044+01:00|W9|0.7|-0.43|0.02|-0.43|0.31;0001-01-01T00:00:11.044+01:00|W10|0.4|-0.37|0.24|-0.37|0.18;0001-01-01T00:00:11.044+01:00|W11|0.3|-0.17|0.07|-0.17|0.28;0001-01-01T00:00:11.044+01:00|W12|0.4|0.26|0.12|0.26|0.19"
205.00;2.42;0001-01-01T00:00:11.0420000+01:00;176.76;3.22;-103.51;23.4;-10.351;-5.449;12.208;-10.744;2.529;-18.564;98.099;-75.302;123.692;"0001-01-01T00:00:11.044+01:00|W1|1.1|0.07|0.03|0.07|1.03;0001-01-01T00:00:11.044+01:00|W2|0.8|0.34|0.35|0.34|0.56;0001-01-01T00:00:11.044+01:00|W3|0.7|-0.03|0.02|-0.03|0.66;0001-01-01T00:00:11.044+01:00|W4|1.1|0.89|0.07|0.89|0.52;0001-01-01T00:00:11.044+01:00|W5|1.3|0.46|0.11|0.46|1.11;0001-01-01T00:00:11.044+01:00|W6|0.9|-0.26|0.05|-0.26|0.55;0001-01-01T00:00:11.044+01:00|W7|1.7|-0.16|0.19|-0.16|1.66;0001-01-01T00:00:11.044+01:00|W8|0.5|-0.32|0.51|-0.32|0.41;0001-01-01T00:00:11.044+01:00|W9|0.7|-0.43|0.02|-0.43|0.31;0001-01-01T00:00:11.044+01:00|W10|0.4|-0.37|0.24|-0.37|0.18;0001-01-01T00:00:11.044+01:00|W11|0.3|-0.17|0.07|-0.17|0.28;0001-01-01T00:00:11.044+01:00|W12|0.4|0.26|0.12|0.26|0.19"
206.00;2.31;0001-01-01T00:00:11.0720000+01:00;177.56;3.24;-104.12;23.7;-10.525;-5.699;11.837;-9.343;2.469;-18.867;98.150;-75.327;123.750;"0001-01-01T00:00:11.044+01:00|W1|1.1|0.07|0.03|0.07|1.03;0001-01-01T00:00:11.044+01:00|W2|0.8|0.34|0.35|0.34|0.56;0001-01-01T00:00:11.044+01:00|W3|0.7|-0.03|0.02|-0.03|0.66;0001-01-01T00:00:11.044+01:00|W4|1.1|0.89|0.07|0.89|0.52;0001-01-01T00:00:11.044+01:00|W5|1.3|0.46|0.11|0.46|1.11;0001-01-01T00:00:11.044+01:00|W6|0.9|-0.26|0.05|-0.26|0.55;0001-01-01T00:00:11.044+01:00|W7|1.7|-0.16|0.19|-0.16|1.66;0001-01-01T00:00:11.044+01:00|W8|0.5|-0.32|0.51|-0.32|0.41;0001-01-01T00:00:11.044+01:00|W9|0.7|-0.43|0.02|-0.43|0.31;0001-01-01T00:00:11.044+01:00|W10|0.4|-0.37|0.24|-0.37|0.18;0001-01-01T00:00:11.044+01:00|W11|0.3|-0.17|0.07|-0.17|0.28;0001-01-01T00:00:11.044+01:00|W12|0.4|0.26|0.12|0.26|0.19"
207.00;2.20;0001-01-01T00:00:11.1010000+01:00;178.35;3.27;-104.72;23.9;-10.699;-5.874;11.465;-8.068;2.408;-19.098;98.165;-75.254;123.721;"0001-01-01T00:00:11.044+01:00|W1|1.1|0.07|0.03|0.07|1.03;0001-01-01T00:00:11.044+01:00|W2|0.8|0.34|0.35|0.34|0.56;0001-01-01T00:00:11.044+01:00|W3|0.7|-0.03|0.02|-0.03|0.66;0001-01-01T00:00:11.044+01:00|W4|1.1|0.89|0.07|0.89|0.52;0001-01-01T00:00:11.044+01:00|W5|1.3|0.46|0.11|0.46|1.11;0001-01-01T00:00:11.044+01:00|W6|0.9|-0.26|0.05|-0.26|0.55;0001-01-01T00:00:11.044+01:00|W7|1.7|-0.16|0.19|-0.16|1.66;0001-01-01T00:00:11.044+01:00|W8|0.5|-0.32|0.51|-0.32|0.41;0001-01-01T00:00:11.044+01:00|W9|0.7|-0.43|0.02|-0.43|0.31;0001-01-01T00:00:11.044+01:00|W10|0.4|-0.37|0.24|-0.37|0.18;0001-01-01T00:00:11.044+01:00|W11|0.3|-0.17|0.07|-0.17|0.28;0001-01-01T00:00:11.044+01:00|W12|0.4|0.26|0.12|0.26|0.19"
208.00;2.08;0001-01-01T00:00:11.1300000+01:00;179.15;3.29;-105.33;24.1;-10.874;-6.050;11.092;-6.789;2.348;-19.329;98.181;-75.181;123.692;"0001-01-01T00:00:11.044+01:00|W1|1.1|0.07|0.03|0.07|1.03;0001-01-01T00:00:11.044+01:00|W2|0.8|0.34|0.35|0.34|0.56;0001-01-01T00:00:11.044+01:00|W3|0.7|-0.03|0.02|-0.03|0.66;0001-01-01T00:00:11.044+01:00|W4|1.1|0.89|0.07|0.89|0.52;0001-01-01T00:00:11.044+01:00|W5|1.3|0.46|0.11|0.46|1.11;0001-01-01T00:00:11.044+01:00|W6|0.9|-0.26|0.05|-0.26|0.55;0001-01-01T00:00:11.044+01:00|W7|1.7|-0.16|0.19|-0.16|1.66;0001-01-01T00:00:11.044+01:00|W8|0.5|-0.32|0.51|-0.32|0.41;0001-01-01T00:00:11.044+01:00|W9|0.7|-0.43|0.02|-0.43|0.31;0001-01-01T00:00:11.044+01:00|W10|0.4|-0.37|0.24|-0.37|0.18;0001-01-01T00:00:11.044+01:00|W11|0.3|-0.17|0.07|-0.17|0.28;0001-01-01T00:00:11.044+01:00|W12|0.4|0.26|0.12|0.26|0.19"
209.00;1.97;0001-01-01T00:00:11.1600000+01:00;179.95;3.31;-105.94;24.3;-11.049;-6.112;10.720;-5.563;2.287;-19.515;98.221;-75.094;123.676;"0001-01-01T00:00:11.044+01:00|W1|1.1|0.07|0.03|0.07|1.03;0001-01-01T00:00:11.044+01:00|W2|0.8|0.34|0.35|0.34|0.56;0001-01-01T00:00:11.044+01:00|W3|0.7|-0.03|0.02|-0.03|0.66;0001-01-01T00:00:11.044+01:00|W4|1.1|0.89|0.07|0.89|0.52;0001-01-01T00:00:11.044+01:00|W5|1.3|0.46|0.11|0.46|1.11;0001-01-01T00:00:11.044+01:00|W6|0.9|-0.26|0.05|-0.26|0.55;0001-01-01T00:00:11.044+01:00|W7|1.7|-0.16|0.19|-0.16|1.66;0001-01-01T00:00:11.044+01:00|W8|0.5|-0.32|0.51|-0.32|0.41;0001-01-01T00:00:11.044+01:00|W9|0.7|-0.43|0.02|-0.43|0.31;0001-01-01T00:00:11.044+01:00|W10|0.4|-0.37|0.24|-0.37|0.18;0001-01-01T00:00:11.044+01:00|W11|0.3|-0.17|0.07|-0.17|0.28;0001-01-01T00:00:11.044+01:00|W12|0.4|0.26|0.12|0.26|0.19"
210.00;1.85;0001-01-01T00:00:11.1890000+01:00;180.75;3.34;-106.55;24.4;-11.223;-5.952;10.349;-4.443;2.227;-19.610;98.310;-74.979;123.684;"0001-01-01T00:00:11.295+01:00|W1|1.1|0.08|0.02|0.08|1.05;0001-01-01T00:00:11.295+01:00|W2|0.7|0.22|0.21|0.22|0.55;0001-01-01T00:00:11.295+01:00|W3|0.7|-0.02|0.00|-0.02|0.68;0001-01-01T00:00:11.295+01:00|W4|1.2|1.02|0.15|1.02|0.52;0001-01-01T00:00:11.295+01:00|W5|1.3|0.41|0.14|0.41|1.13;0001-01-01T00:00:11.295+01:00|W6|0.9|-0.13|0.04|-0.13|0.57;0001-01-01T00:00:11.295+01:00|W7|1.6|-0.08|0.08|-0.08|1.58;0001-01-01T00:00:11.295+01:00|W8|0.7|-0.23|0.31|-0.23|0.58;0001-01-01T00:00:11.295+01:00|W9|0.6|-0.34|0.09|-0.34|0.32;0001-01-01T00:00:11.295+01:00|W10|0.5|-0.41|0.15|-0.41|0.26;0001-01-01T00:00:11.295+01:00|W11|0.3|-0.17|0.07|-0.17|0.27;0001-01-01T00:00:11.295+01:00|W12|0.5|0.29|0.00|0.29|0.32"
211.00;1.74;0001-01-01T00:00:11.2180000+01:00;181.55;3.36;-107.16;24.5;-11.397;-5.931;9.978;-2.809;2.166;-19.690;98.280;-74.996;123.671;"0001-01-01T00:00:11.295+01:00|W1|1.1|0.08|0.02|0.08|1.05;0001-01-01T00:00:11.295+01:00|W2|0.7|0.22|0.21|0.22|0.55;0001-01-01T00:00:11.295+01:00|W3|0.7|-0.02|0.00|-0.02|0.68;0001-01-01T00:00:11.295+01:00|W4|1.2|1.02|0.15|1.02|0.52;0001-01-01T00:00:11.295+01:00|W5|1.3|0.41|0.14|0.41|1.13;0001-01-01T00:00:11.295+01:00|W6|0.9|-0.13|0.04|-0.13|0.57;0001-01-01T00:00:11.295+01:00|W7|1.6|-0.08|0.08|-0.08|1.58;0001-01-01T00:00:11.295+01:00|W8|0.7|-0.23|0.31|-0.23|0.58;0001-01-01T00:00:11.295+01:00|W9|0.6|-0.34|0.09|-0.34|0.32;0001-01-01T00:00:11.295+01:00|W10|0.5|-0.41|0.15|-0.41|0.26;0001-01-01T00:00:11.295+01:00|W11|0.3|-0.17|0.07|-0.17|0.27;0001-01-01T00:00:11.295+01:00|W12|0.5|0.29|0.00|0.29|0.32"
212.00;1.62;0001-01-01T00:00:11.2480000+01:00;182.34;3.39;-107.77;24.6;-11.571;-5.993;9.608;-0.869;2.106;-19.762;98.179;-75.091;123.645;"0001-01-01T00:00:11.295+01:00|W1|1.1|0.08|0.02|0.08|1.05;0001-01-01T00:00:11.295+01:00|W2|0.7|0.22|0.21|0.22|0.55;0001-01-01T00:00:11.295+01:00|W3|0.7|-0.02|0.00|-0.02|0.68;0001-01-01T00:00:11.295+01:00|W4|1.2|1.02|0.15|1.02|0.52;0001-01-01T00:00:11.295+01:00|W5|1.3|0.41|0.14|0.41|1.13;0001-01-01T00:00:11.295+01:00|W6|0.9|-0.13|0.04|-0.13|0.57;0001-01-01T00:00:11.295+01:00|W7|1.6|-0.08|0.08|-0.08|1.58;0001-01-01T00:00:11.295+01:00|W8|0.7|-0.23|0.31|-0.23|0.58;0001-01-01T00:00:11.295+01:00|W9|0.6|-0.34|0.09|-0.34|0.32;0001-01-01T00:00:11.295+01:00|W10|0.5|-0.41|0.15|-0.41|0.26;0001-01-01T00:00:11.295+01:00|W11|0.3|-0.17|0.07|-0.17|0.27;0001-01-01T00:00:11.295+01:00|W12|0.5|0.29|0.00|0.29|0.32"
213.00;1.51;0001-01-01T00:00:11.2770000+01:00;183.14;3.41;-108.38;24.7;-11.746;-6.448;9.235;-1.440;2.045;-19.951;98.214;-75.051;123.642;"0001-01-01T00:00:11.295+01:00|W1|1.1|0.08|0.02|0.08|1.05;0001-01-01T00:00:11.295+01:00|W2|0.7|0.22|0.21|0.22|0.55;0001-01-01T00:00:11.295+01:00|W3|0.7|-0.02|0.00|-0.02|0.68;0001-01-01T00:00:11.295+01:00|W4|1.2|1.02|0.15|1.02|0.52;0001-01-01T00:00:11.295+01:00|W5|1.3|0.41|0.14|0.41|1.13;0001-01-01T00:00:11.295+01:00|W6|0.9|-0.13|0.04|-0.13|0.57;0001-01-01T00:00:11.295+01:00|W7|1.6|-0.08|0.08|-0.08|1.58;0001-01-01T00:00:11.295+01:00|W8|0.7|-0.23|0.31|-0.23|0.58;0001-01-01T00:00:11.295+01:00|W9|0.6|-0.34|0.09|-0.34|0.32;0001-01-01T00:00:11.295+01:00|W10|0.5|-0.41|0.15|-0.41|0.26;0001-01-01T00:00:11.295+01:00|W11|0.3|-0.17|0.07|-0.17|0.27;0001-01-01T00:00:11.295+01:00|W12|0.5|0.29|0.00|0.29|0.32"
214.00;1.39;0001-01-01T00:00:11.3060000+01:00;183.94;3.43;-108.98;24.9;-11.920;-7.014;8.863;-2.035;1.985;-20.080;98.376;-75.082;123.788;"0001-01-01T00:00:11.295+01:00|W1|1.1|0.08|0.02|0.08|1.05;0001-01-01T00:00:11.295+01:00|W2|0.7|0.22|0.21|0.22|0.55;0001-01-01T00:00:11.295+01:00|W3|0.7|-0.02|0.00|-0.02|0.68;0001-01-01T00:00:11.295+01:00|W4|1.2|1.02|0.15|1.02|0.52;0001-01-01T00:00:11.295+01:00|W5|1.3|0.41|0.14|0.41|1.13;0001-01-01T00:00:11.295+01:00|W6|0.9|-0.13|0.04|-0.13|0.57;0001-01-01T00:00:11.295+01:00|W7|1.6|-0.08|0.08|-0.08|1.58;0001-01-01T00:00:11.295+01:00|W8|0.7|-0.23|0.31|-0.23|0.58;0001-01-01T00:00:11.295+01:00|W9|0.6|-0.34|0.09|-0.34|0.32;0001-01-01T00:00:11.295+01:00|W10|0.5|-0.41|0.15|-0.41|0.26;0001-01-01T00:00:11.295+01:00|W11|0.3|-0.17|0.07|-0.17|0.27;0001-01-01T00:00:11.295+01:00|W12|0.5|0.29|0.00|0.29|0.32"
215.00;1.27;0001-01-01T00:00:11.3360000+01:00;184.74;3.46;-109.59;24.7;-12.094;-7.848;8.493;-1.902;1.925;-19.952;98.948;-75.408;124.460;"0001-01-01T00:00:11.295+01:00|W1|1.1|0.08|0.02|0.08|1.05;0001-01-01T00:00:11.295+01:00|W2|0.7|0.22|0.21|0.22|0.55;0001-01-01T00:00:11.295+01:00|W3|0.7|-0.02|0.00|-0.02|0.68;0001-01-01T00:00:11.295+01:00|W4|1.2|1.02|0.15|1.02|0.52;0001-01-01T00:00:11.295+01:00|W5|1.3|0.41|0.14|0.41|1.13;0001-01-01T00:00:11.295+01:00|W6|0.9|-0.13|0.04|-0.13|0.57;0001-01-01T00:00:11.295+01:00|W7|1.6|-0.08|0.08|-0.08|1.58;0001-01-01T00:00:11.295+01:00|W8|0.7|-0.23|0.31|-0.23|0.58;0001-01-01T00:00:11.295+01:00|W9|0.6|-0.34|0.09|-0.34|0.32;0001-01-01T00:00:11.295+01:00|W10|0.5|-0.41|0.15|-0.41|0.26;0001-01-01T00:00:11.295+01:00|W11|0.3|-0.17|0.07|-0.17|0.27;0001-01-01T00:00:11.295+01:00|W12|0.5|0.29|0.00|0.29|0.32"
216.00;1.17;0001-01-01T00:00:11.3650000+01:00;185.55;3.49;-110.19;24.2;-12.268;-8.607;8.123;-1.679;1.864;-19.422;99.366;-75.480;124.849;"0001-01-01T00:00:11.295+01:00|W1|1.1|0.08|0.02|0.08|1.05;0001-01-01T00:00:11.295+01:00|W2|0.7|0.22|0.21|0.22|0.55;0001-01-01T00:00:11.295+01:00|W3|0.7|-0.02|0.00|-0.02|0.68;0001-01-01T00:00:11.295+01:00|W4|1.2|1.02|0.15|1.02|0.52;0001-01-01T00:00:11.295+01:00|W5|1.3|0.41|0.14|0.41|1.13;0001-01-01T00:00:11.295+01:00|W6|0.9|-0.13|0.04|-0.13|0.57;0001-01-01T00:00:11.295+01:00|W7|1.6|-0.08|0.08|-0.08|1.58;0001-01-01T00:00:11.295+01:00|W8|0.7|-0.23|0.31|-0.23|0.58;0001-01-01T00:00:11.295+01:00|W9|0.6|-0.34|0.09|-0.34|0.32;0001-01-01T00:00:11.295+01:00|W10|0.5|-0.41|0.15|-0.41|0.26;0001-01-01T00:00:11.295+01:00|W11|0.3|-0.17|0.07|-0.17|0.27;0001-01-01T00:00:11.295+01:00|W12|0.5|0.29|0.00|0.29|0.32"
217.00;1.07;0001-01-01T00:00:11.3940000+01:00;186.36;3.52;-110.78;23.2;-12.442;-9.291;7.752;-1.368;1.804;-18.496;99.634;-75.302;124.957;"0001-01-01T00:00:11.295+01:00|W1|1.1|0.08|0.02|0.08|1.05;0001-01-01T00:00:11.295+01:00|W2|0.7|0.22|0.21|0.22|0.55;0001-01-01T00:00:11.295+01:00|W3|0.7|-0.02|0.00|-0.02|0.68;0001-01-01T00:00:11.295+01:00|W4|1.2|1.02|0.15|1.02|0.52;0001-01-01T00:00:11.295+01:00|W5|1.3|0.41|0.14|0.41|1.13;0001-01-01T00:00:11.295+01:00|W6|0.9|-0.13|0.04|-0.13|0.57;0001-01-01T00:00:11.295+01:00|W7|1.6|-0.08|0.08|-0.08|1.58;0001-01-01T00:00:11.295+01:00|W8|0.7|-0.23|0.31|-0.23|0.58;0001-01-01T00:00:11.295+01:00|W9|0.6|-0.34|0.09|-0.34|0.32;0001-01-01T00:00:11.295+01:00|W10|0.5|-0.41|0.15|-0.41|0.26;0001-01-01T00:00:11.295+01:00|W11|0.3|-0.17|0.07|-0.17|0.27;0001-01-01T00:00:11.295+01:00|W12|0.5|0.29|0.00|0.29|0.32"
218.00;0.98;0001-01-01T00:00:11.4230000+01:00;187.17;3.55;-111.37;22.3;-12.615;-9.976;7.381;-1.057;1.744;-17.571;99.902;-75.124;125.067;"0001-01-01T00:00:11.543+01:00|W1|1.1|0.10|0.01|0.10|1.05;0001-01-01T00:00:11.543+01:00|W2|0.7|0.27|0.17|0.27|0.55;0001-01-01T00:00:11.543+01:00|W3|0.7|0.00|0.02|0.00|0.70;0001-01-01T00:00:11.543+01:00|W4|1.2|1.02|0.15|1.02|0.52;0001-01-01T00:00:11.543+01:00|W5|1.3|0.41|0.14|0.41|1.13;0001-01-01T00:00:11.543+01:00|W6|0.9|-0.13|0.04|-0.13|0.57;0001-01-01T00:00:11.543+01:00|W7|1.6|-0.08|0.08|-0.08|1.58;0001-01-01T00:00:11.543+01:00|W8|0.7|-0.23|0.31|-0.23|0.58;0001-01-01T00:00:11.543+01:00|W9|0.6|-0.34|0.09|-0.34|0.32;0001-01-01T00:00:11.543+01:00|W10|0.5|-0.41|0.15|-0.41|0.26;0001-01-01T00:00:11.543+01:00|W11|0.3|-0.17|0.07|-0.17|0.27;0001-01-01T00:00:11.543+01:00|W12|0.5|0.29|0.03|0.29|0.35"
219.00;0.88;0001-01-01T00:00:11.4520000+01:00;187.98;3.58;-111.96;21.3;-12.789;-10.492;7.011;-0.577;1.683;-16.584;100.175;-74.964;125.192;"0001-01-01T00:00:11.543+01:00|W1|1.1|0.10|0.01|0.10|1.05;0001-01-01T00:00:11.543+01:00|W2|0.7|0.27|0.17|0.27|0.55;0001-01-01T00:00:11.543+01:00|W3|0.7|0.00|0.02|0.00|0.70;0001-01-01T00:00:11.543+01:00|W4|1.2|1.02|0.15|1.02|0.52;0001-01-01T00:00:11.543+01:00|W5|1.3|0.41|0.14|0.41|1.13;0001-01-01T00:00:11.543+01:00|W6|0.9|-0.13|0.04|-0.13|0.57;0001-01-01T00:00:11.543+01:00|W7|1.6|-0.08|0.08|-0.08|1.58;0001-01-01T00:00:11.543+01:00|W8|0.7|-0.23|0.31|-0.23|0.58;0001-01-01T00:00:11.543+01:00|W9|0.6|-0.34|0.09|-0.34|0.32;0001-01-01T00:00:11.543+01:00|W10|0.5|-0.41|0.15|-0.41|0.26;0001-01-01T00:00:11.543+01:00|W11|0.3|-0.17|0.07|-0.17|0.27;0001-01-01T00:00:11.543+01:00|W12|0.5|0.29|0.03|0.29|0.35"
220.00;0.76;0001-01-01T00:00:11.4810000+01:00;188.78;3.62;-112.56;19.7;-12.960;-9.186;6.647;1.723;1.624;-14.933;100.500;-74.995;125.478;"0001-01-01T00:00:11.543+01:00|W1|1.1|0.10|0.01|0.10|1.05;0001-01-01T00:00:11.543+01:00|W2|0.7|0.27|0.17|0.27|0.55;0001-01-01T00:00:11.543+01:00|W3|0.7|0.00|0.02|0.00|0.70;0001-01-01T00:00:11.543+01:00|W4|1.2|1.02|0.15|1.02|0.52;0001-01-01T00:00:11.543+01:00|W5|1.3|0.41|0.14|0.41|1.13;0001-01-01T00:00:11.543+01:00|W6|0.9|-0.13|0.04|-0.13|0.57;0001-01-01T00:00:11.543+01:00|W7|1.6|-0.08|0.08|-0.08|1.58;0001-01-01T00:00:11.543+01:00|W8|0.7|-0.23|0.31|-0.23|0.58;0001-01-01T00:00:11.543+01:00|W9|0.6|-0.34|0.09|-0.34|0.32;0001-01-01T00:00:11.543+01:00|W10|0.5|-0.41|0.15|-0.41|0.26;0001-01-01T00:00:11.543+01:00|W11|0.3|-0.17|0.07|-0.17|0.27;0001-01-01T00:00:11.543+01:00|W12|0.5|0.29|0.03|0.29|0.35"
221.00;0.65;0001-01-01T00:00:11.5100000+01:00;189.59;3.66;-113.16;18.1;-13.131;-7.880;6.282;4.024;1.565;-13.282;100.826;-75.027;125.764;"0001-01-01T00:00:11.543+01:00|W1|1.1|0.10|0.01|0.10|1.05;0001-01-01T00:00:11.543+01:00|W2|0.7|0.27|0.17|0.27|0.55;0001-01-01T00:00:11.543+01:00|W3|0.7|0.00|0.02|0.00|0.70;0001-01-01T00:00:11.543+01:00|W4|1.2|1.02|0.15|1.02|0.52;0001-01-01T00:00:11.543+01:00|W5|1.3|0.41|0.14|0.41|1.13;0001-01-01T00:00:11.543+01:00|W6|0.9|-0.13|0.04|-0.13|0.57;0001-01-01T00:00:11.543+01:00|W7|1.6|-0.08|0.08|-0.08|1.58;0001-01-01T00:00:11.543+01:00|W8|0.7|-0.23|0.31|-0.23|0.58;0001-01-01T00:00:11.543+01:00|W9|0.6|-0.34|0.09|-0.34|0.32;0001-01-01T00:00:11.543+01:00|W10|0.5|-0.41|0.15|-0.41|0.26;0001-01-01T00:00:11.543+01:00|W11|0.3|-0.17|0.07|-0.17|0.27;0001-01-01T00:00:11.543+01:00|W12|0.5|0.29|0.03|0.29|0.35"
222.00;0.53;0001-01-01T00:00:11.5390000+01:00;190.39;3.70;-113.75;16.4;-13.302;-6.573;5.918;6.325;1.505;-11.631;101.151;-75.059;126.051;"0001-01-01T00:00:11.543+01:00|W1|1.1|0.10|0.01|0.10|1.05;0001-01-01T00:00:11.543+01:00|W2|0.7|0.27|0.17|0.27|0.55;0001-01-01T00:00:11.543+01:00|W3|0.7|0.00|0.02|0.00|0.70;0001-01-01T00:00:11.543+01:00|W4|1.2|1.02|0.15|1.02|0.52;0001-01-01T00:00:11.543+01:00|W5|1.3|0.41|0.14|0.41|1.13;0001-01-01T00:00:11.543+01:00|W6|0.9|-0.13|0.04|-0.13|0.57;0001-01-01T00:00:11.543+01:00|W7|1.6|-0.08|0.08|-0.08|1.58;0001-01-01T00:00:11.543+01:00|W8|0.7|-0.23|0.31|-0.23|0.58;0001-01-01T00:00:11.543+01:00|W9|0.6|-0.34|0.09|-0.34|0.32;0001-01-01T00:00:11.543+01:00|W10|0.5|-0.41|0.15|-0.41|0.26;0001-01-01T00:00:11.543+01:00|W11|0.3|-0.17|0.07|-0.17|0.27;0001-01-01T00:00:11.543+01:00|W12|0.5|0.29|0.03|0.29|0.35"
223.00;0.41;0001-01-01T00:00:11.5650000+01:00;191.20;3.65;-114.35;13.9;-13.460;-5.427;5.582;7.986;1.451;-10.175;100.736;-75.475;125.935;"0001-01-01T00:00:11.543+01:00|W1|1.1|0.10|0.01|0.10|1.05;0001-01-01T00:00:11.543+01:00|W2|0.7|0.27|0.17|0.27|0.55;0001-01-01T00:00:11.543+01:00|W3|0.7|0.00|0.02|0.00|0.70;0001-01-01T00:00:11.543+01:00|W4|1.2|1.02|0.15|1.02|0.52;0001-01-01T00:00:11.543+01:00|W5|1.3|0.41|0.14|0.41|1.13;0001-01-01T00:00:11.543+01:00|W6|0.9|-0.13|0.04|-0.13|0.57;0001-01-01T00:00:11.543+01:00|W7|1.6|-0.08|0.08|-0.08|1.58;0001-01-01T00:00:11.543+01:00|W8|0.7|-0.23|0.31|-0.23|0.58;0001-01-01T00:00:11.543+01:00|W9|0.6|-0.34|0.09|-0.34|0.32;0001-01-01T00:00:11.543+01:00|W10|0.5|-0.41|0.15|-0.41|0.26;0001-01-01T00:00:11.543+01:00|W11|0.3|-0.17|0.07|-0.17|0.27;0001-01-01T00:00:11.543+01:00|W12|0.5|0.29|0.03|0.29|0.35"
224.00;0.29;0001-01-01T00:00:11.5900000+01:00;192.00;3.54;-114.95;10.8;-13.608;-4.383;5.266;9.234;1.399;-8.846;99.844;-76.139;125.584;"0001-01-01T00:00:11.543+01:00|W1|1.1|0.10|0.01|0.10|1.05;0001-01-01T00:00:11.543+01:00|W2|0.7|0.27|0.17|0.27|0.55;0001-01-01T00:00:11.543+01:00|W3|0.7|0.00|0.02|0.00|0.70;0001-01-01T00:00:11.543+01:00|W4|1.2|1.02|0.15|1.02|0.52;0001-01-01T00:00:11.543+01:00|W5|1.3|0.41|0.14|0.41|1.13;0001-01-01T00:00:11.543+01:00|W6|0.9|-0.13|0.04|-0.13|0.57;0001-01-01T00:00:11.543+01:00|W7|1.6|-0.08|0.08|-0.08|1.58;0001-01-01T00:00:11.543+01:00|W8|0.7|-0.23|0.31|-0.23|0.58;0001-01-01T00:00:11.543+01:00|W9|0.6|-0.34|0.09|-0.34|0.32;0001-01-01T00:00:11.543+01:00|W10|0.5|-0.41|0.15|-0.41|0.26;0001-01-01T00:00:11.543+01:00|W11|0.3|-0.17|0.07|-0.17|0.27;0001-01-01T00:00:11.543+01:00|W12|0.5|0.29|0.03|0.29|0.35"
225.00;0.16;0001-01-01T00:00:11.6180000+01:00;192.81;3.51;-115.56;8.5;-15.871;-6.907;3.325;8.695;-0.146;-7.259;97.544;-75.782;123.540;"0001-01-01T00:00:11.543+01:00|W1|1.1|0.10|0.01|0.10|1.05;0001-01-01T00:00:11.543+01:00|W2|0.7|0.27|0.17|0.27|0.55;0001-01-01T00:00:11.543+01:00|W3|0.7|0.00|0.02|0.00|0.70;0001-01-01T00:00:11.543+01:00|W4|1.2|1.02|0.15|1.02|0.52;0001-01-01T00:00:11.543+01:00|W5|1.3|0.41|0.14|0.41|1.13;0001-01-01T00:00:11.543+01:00|W6|0.9|-0.13|0.04|-0.13|0.57;0001-01-01T00:00:11.543+01:00|W7|1.6|-0.08|0.08|-0.08|1.58;0001-01-01T00:00:11.543+01:00|W8|0.7|-0.23|0.31|-0.23|0.58;0001-01-01T00:00:11.543+01:00|W9|0.6|-0.34|0.09|-0.34|0.32;0001-01-01T00:00:11.543+01:00|W10|0.5|-0.41|0.15|-0.41|0.26;0001-01-01T00:00:11.543+01:00|W11|0.3|-0.17|0.07|-0.17|0.27;0001-01-01T00:00:11.543+01:00|W12|0.5|0.29|0.03|0.29|0.35"
226.00;0.03;0001-01-01T00:00:11.6470000+01:00;193.61;3.54;-116.16;6.7;-19.506;-11.744;0.332;6.996;-2.659;-5.505;94.332;-74.763;120.399;"0001-01-01T00:00:11.543+01:00|W1|1.1|0.10|0.01|0.10|1.05;0001-01-01T00:00:11.543+01:00|W2|0.7|0.27|0.17|0.27|0.55;0001-01-01T00:00:11.543+01:00|W3|0.7|0.00|0.02|0.00|0.70;0001-01-01T00:00:11.543+01:00|W4|1.2|1.02|0.15|1.02|0.52;0001-01-01T00:00:11.543+01:00|W5|1.3|0.41|0.14|0.41|1.13;0001-01-01T00:00:11.543+01:00|W6|0.9|-0.13|0.04|-0.13|0.57;0001-01-01T00:00:11.543+01:00|W7|1.6|-0.08|0.08|-0.08|1.58;0001-01-01T00:00:11.543+01:00|W8|0.7|-0.23|0.31|-0.23|0.58;0001-01-01T00:00:11.543+01:00|W9|0.6|-0.34|0.09|-0.34|0.32;0001-01-01T00:00:11.543+01:00|W10|0.5|-0.41|0.15|-0.41|0.26;0001-01-01T00:00:11.543+01:00|W11|0.3|-0.17|0.07|-0.17|0.27;0001-01-01T00:00:11.543+01:00|W12|0.5|0.29|0.03|0.29|0.35"
227.00;0.01;0001-01-01T00:00:11.6710000+01:00;194.24;3.55;-116.63;5.8;-22.499;-20.445;-2.132;5.462;-4.729;-3.775;94.626;-70.562;118.071;"0001-01-01T00:00:11.796+01:00|W1|1.0|0.12|0.02|0.12|1.03;0001-01-01T00:00:11.796+01:00|W2|0.7|0.33|0.13|0.33|0.53;0001-01-01T00:00:11.796+01:00|W3|0.7|0.01|0.03|0.01|0.71;0001-01-01T00:00:11.796+01:00|W4|1.4|1.21|0.38|1.21|0.67;0001-01-01T00:00:11.796+01:00|W5|1.3|0.26|0.18|0.26|1.20;0001-01-01T00:00:11.796+01:00|W6|0.7|-0.27|0.19|-0.27|0.50;0001-01-01T00:00:11.796+01:00|W7|1.6|0.00|0.03|0.00|1.55;0001-01-01T00:00:11.796+01:00|W8|0.8|-0.16|0.14|-0.16|0.76;0001-01-01T00:00:11.796+01:00|W9|0.6|-0.24|0.11|-0.24|0.32;0001-01-01T00:00:11.796+01:00|W10|0.6|-0.51|0.01|-0.51|0.30;0001-01-01T00:00:11.796+01:00|W11|0.3|-0.17|0.06|-0.17|0.27;0001-01-01T00:00:11.796+01:00|W12|0.5|0.25|0.03|0.25|0.37"
227.50;0.00;0001-01-01T00:00:11.6830000+01:00;194.55;3.55;-116.85;5.5;-23.958;-25.023;-3.333;4.705;-5.737;-2.912;94.980;-68.274;117.004;"0001-01-01T00:00:11.796+01:00|W1|1.0|0.12|0.02|0.12|1.03;0001-01-01T00:00:11.796+01:00|W2|0.7|0.33|0.13|0.33|0.53;0001-01-01T00:00:11.796+01:00|W3|0.7|0.01|0.03|0.01|0.71;0001-01-01T00:00:11.796+01:00|W4|1.4|1.21|0.38|1.21|0.67;0001-01-01T00:00:11.796+01:00|W5|1.3|0.26|0.18|0.26|1.20;0001-01-01T00:00:11.796+01:00|W6|0.7|-0.27|0.19|-0.27|0.50;0001-01-01T00:00:11.796+01:00|W7|1.6|0.00|0.03|0.00|1.55;0001-01-01T00:00:11.796+01:00|W8|0.8|-0.16|0.14|-0.16|0.76;0001-01-01T00:00:11.796+01:00|W9|0.6|-0.24|0.11|-0.24|0.32;0001-01-01T00:00:11.796+01:00|W10|0.6|-0.51|0.01|-0.51|0.30;0001-01-01T00:00:11.796+01:00|W11|0.3|-0.17|0.06|-0.17|0.27;0001-01-01T00:00:11.796+01:00|W12|0.5|0.25|0.03|0.25|0.37"
