Position;Height above ground [m];Time;X [m];Y [m];Z [m];Opening Angle [°];Stalling Angle Left [°];Stalling Angle Right [°];Roll Angle Left [°];Roll Angle Right [°];Yaw Angle Left [°];Yaw Angle Right [°];Speed hor. [km/h];Speed vert. [km/h];Speed resulting [km/h];WindTime|WindName|WindSpeed|WindSpeedTangent|WindTurbulence|WindSpeedCleanTan|WindSpeedCross
NaN;NaN;0001-01-01T00:00:00.0000000+01:00;-81.27;0.00;42.99;NaN;NaN;NaN;NaN;NaN;NaN;NaN;0.000;0.000;0.000;"0001-01-01T00:00:00.024+01:00|W1|0.7|0.55|0.21|0.55|0.26;0001-01-01T00:00:00.024+01:00|W2|1.1|0.14|0.07|0.14|1.04;0001-01-01T00:00:00.024+01:00|W3|1.7|1.35|0.01|1.35|0.96;0001-01-01T00:00:00.024+01:00|W4|1.1|0.32|0.05|0.32|0.97;0001-01-01T00:00:00.024+01:00|W5|1.4|0.64|0.15|0.64|1.16;0001-01-01T00:00:00.024+01:00|W6|2.0|1.58|0.15|1.58|1.27;0001-01-01T00:00:00.024+01:00|W7|0.7|0.71|0.08|0.71|0.09;0001-01-01T00:00:00.024+01:00|W8|0.2|0.12|0.16|0.12|0.17;0001-01-01T00:00:00.024+01:00|W9|0.4|0.12|0.01|0.12|0.39;0001-01-01T00:00:00.024+01:00|W10|0.2|-0.05|0.01|-0.05|0.15;0001-01-01T00:00:00.024+01:00|W11|0.6|-0.30|0.00|-0.30|0.36;0001-01-01T00:00:00.024+01:00|W12|0.3|-0.20|0.01|-0.20|0.04"
0.00;2.93;0001-01-01T00:00:04.2170000+01:00;0.03;0.00;-0.01;0.0;-11.500;-11.500;0.000;0.000;0.000;0.000;96.316;-19.596;98.289;"0001-01-01T00:00:04.275+01:00|W1|0.4|0.30|0.16|0.30|0.17;0001-01-01T00:00:04.275+01:00|W2|1.1|0.19|0.02|0.19|0.94;0001-01-01T00:00:04.275+01:00|W3|2.0|1.91|0.24|1.91|0.11;0001-01-01T00:00:04.275+01:00|W4|1.1|0.39|0.03|0.39|0.92;0001-01-01T00:00:04.275+01:00|W5|0.6|-0.06|0.46|-0.06|0.56;0001-01-01T00:00:04.275+01:00|W6|1.9|1.10|0.18|1.10|1.51;0001-01-01T00:00:04.275+01:00|W7|0.7|0.65|0.06|0.65|0.14;0001-01-01T00:00:04.275+01:00|W8|0.5|-0.01|0.12|-0.01|0.06;0001-01-01T00:00:04.275+01:00|W9|0.6|0.33|0.16|0.33|0.51;0001-01-01T00:00:04.275+01:00|W10|0.7|0.04|0.32|0.04|0.12;0001-01-01T00:00:04.275+01:00|W11|0.4|-0.21|0.07|-0.21|0.33;0001-01-01T00:00:04.275+01:00|W12|0.3|-0.16|0.01|-0.16|0.10"
1.00;2.91;0001-01-01T00:00:04.3000000+01:00;1.34;0.00;-0.17;1.6;-5.707;-9.738;-0.910;-0.139;1.494;-1.603;96.748;-10.703;97.339;"0001-01-01T00:00:04.275+01:00|W1|0.4|0.30|0.16|0.30|0.17;0001-01-01T00:00:04.275+01:00|W2|1.1|0.19|0.02|0.19|0.94;0001-01-01T00:00:04.275+01:00|W3|2.0|1.91|0.24|1.91|0.11;0001-01-01T00:00:04.275+01:00|W4|1.1|0.39|0.03|0.39|0.92;0001-01-01T00:00:04.275+01:00|W5|0.6|-0.06|0.46|-0.06|0.56;0001-01-01T00:00:04.275+01:00|W6|1.9|1.10|0.18|1.10|1.51;0001-01-01T00:00:04.275+01:00|W7|0.7|0.65|0.06|0.65|0.14;0001-01-01T00:00:04.275+01:00|W8|0.5|-0.01|0.12|-0.01|0.06;0001-01-01T00:00:04.275+01:00|W9|0.6|0.33|0.16|0.33|0.51;0001-01-01T00:00:04.275+01:00|W10|0.7|0.04|0.32|0.04|0.12;0001-01-01T00:00:04.275+01:00|W11|0.4|-0.21|0.07|-0.21|0.33;0001-01-01T00:00:04.275+01:00|W12|0.3|-0.16|0.01|-0.16|0.10"
2.00;2.95;0001-01-01T00:00:04.4170000+01:00;2.39;0.01;-0.29;4.8;-1.196;-5.972;-1.618;-2.216;2.658;-3.026;96.710;-11.549;97.398;"0001-01-01T00:00:04.525+01:00|W1|0.4|0.33|0.12|0.33|0.13;0001-01-01T00:00:04.525+01:00|W2|1.1|0.20|0.02|0.20|0.94;0001-01-01T00:00:04.525+01:00|W3|2.0|1.92|0.23|1.92|0.16;0001-01-01T00:00:04.525+01:00|W4|1.1|0.41|0.10|0.41|0.98;0001-01-01T00:00:04.525+01:00|W5|0.6|0.10|0.43|0.10|0.48;0001-01-01T00:00:04.525+01:00|W6|1.6|1.05|0.39|1.05|1.17;0001-01-01T00:00:04.525+01:00|W7|0.6|0.58|0.10|0.58|0.14;0001-01-01T00:00:04.525+01:00|W8|0.4|0.19|0.05|0.19|0.07;0001-01-01T00:00:04.525+01:00|W9|0.6|0.36|0.17|0.36|0.52;0001-01-01T00:00:04.525+01:00|W10|0.7|-0.03|0.33|-0.03|0.11;0001-01-01T00:00:04.525+01:00|W11|0.4|-0.21|0.06|-0.21|0.33;0001-01-01T00:00:04.525+01:00|W12|0.3|-0.18|0.01|-0.18|0.06"
3.00;3.00;0001-01-01T00:00:04.4770000+01:00;3.43;0.02;-0.40;7.9;3.314;-2.207;-2.326;-4.293;3.821;-4.449;96.673;-12.396;97.467;"0001-01-01T00:00:04.525+01:00|W1|0.4|0.33|0.12|0.33|0.13;0001-01-01T00:00:04.525+01:00|W2|1.1|0.20|0.02|0.20|0.94;0001-01-01T00:00:04.525+01:00|W3|2.0|1.92|0.23|1.92|0.16;0001-01-01T00:00:04.525+01:00|W4|1.1|0.41|0.10|0.41|0.98;0001-01-01T00:00:04.525+01:00|W5|0.6|0.10|0.43|0.10|0.48;0001-01-01T00:00:04.525+01:00|W6|1.6|1.05|0.39|1.05|1.17;0001-01-01T00:00:04.525+01:00|W7|0.6|0.58|0.10|0.58|0.14;0001-01-01T00:00:04.525+01:00|W8|0.4|0.19|0.05|0.19|0.07;0001-01-01T00:00:04.525+01:00|W9|0.6|0.36|0.17|0.36|0.52;0001-01-01T00:00:04.525+01:00|W10|0.7|-0.03|0.33|-0.03|0.11;0001-01-01T00:00:04.525+01:00|W11|0.4|-0.21|0.06|-0.21|0.33;0001-01-01T00:00:04.525+01:00|W12|0.3|-0.18|0.01|-0.18|0.06"
4.00;3.05;0001-01-01T00:00:04.5160000+01:00;4.47;0.03;-0.52;11.7;7.380;1.062;-4.807;-2.438;5.293;-6.417;97.308;-13.417;98.234;"0001-01-01T00:00:04.525+01:00|W1|0.4|0.33|0.12|0.33|0.13;0001-01-01T00:00:04.525+01:00|W2|1.1|0.20|0.02|0.20|0.94;0001-01-01T00:00:04.525+01:00|W3|2.0|1.92|0.23|1.92|0.16;0001-01-01T00:00:04.525+01:00|W4|1.1|0.41|0.10|0.41|0.98;0001-01-01T00:00:04.525+01:00|W5|0.6|0.10|0.43|0.10|0.48;0001-01-01T00:00:04.525+01:00|W6|1.6|1.05|0.39|1.05|1.17;0001-01-01T00:00:04.525+01:00|W7|0.6|0.58|0.10|0.58|0.14;0001-01-01T00:00:04.525+01:00|W8|0.4|0.19|0.05|0.19|0.07;0001-01-01T00:00:04.525+01:00|W9|0.6|0.36|0.17|0.36|0.52;0001-01-01T00:00:04.525+01:00|W10|0.7|-0.03|0.33|-0.03|0.11;0001-01-01T00:00:04.525+01:00|W11|0.4|-0.21|0.06|-0.21|0.33;0001-01-01T00:00:04.525+01:00|W12|0.3|-0.18|0.01|-0.18|0.06"
5.00;3.10;0001-01-01T00:00:04.5540000+01:00;5.50;0.05;-0.66;16.0;10.616;3.608;-8.138;2.774;7.134;-9.016;98.493;-14.537;99.566;"0001-01-01T00:00:04.525+01:00|W1|0.4|0.33|0.12|0.33|0.13;0001-01-01T00:00:04.525+01:00|W2|1.1|0.20|0.02|0.20|0.94;0001-01-01T00:00:04.525+01:00|W3|2.0|1.92|0.23|1.92|0.16;0001-01-01T00:00:04.525+01:00|W4|1.1|0.41|0.10|0.41|0.98;0001-01-01T00:00:04.525+01:00|W5|0.6|0.10|0.43|0.10|0.48;0001-01-01T00:00:04.525+01:00|W6|1.6|1.05|0.39|1.05|1.17;0001-01-01T00:00:04.525+01:00|W7|0.6|0.58|0.10|0.58|0.14;0001-01-01T00:00:04.525+01:00|W8|0.4|0.19|0.05|0.19|0.07;0001-01-01T00:00:04.525+01:00|W9|0.6|0.36|0.17|0.36|0.52;0001-01-01T00:00:04.525+01:00|W10|0.7|-0.03|0.33|-0.03|0.11;0001-01-01T00:00:04.525+01:00|W11|0.4|-0.21|0.06|-0.21|0.33;0001-01-01T00:00:04.525+01:00|W12|0.3|-0.18|0.01|-0.18|0.06"
6.00;3.15;0001-01-01T00:00:04.5920000+01:00;6.54;0.06;-0.82;19.9;11.979;5.440;-2.301;-2.389;8.867;-11.290;97.747;-14.860;98.876;"0001-01-01T00:00:04.525+01:00|W1|0.4|0.33|0.12|0.33|0.13;0001-01-01T00:00:04.525+01:00|W2|1.1|0.20|0.02|0.20|0.94;0001-01-01T00:00:04.525+01:00|W3|2.0|1.92|0.23|1.92|0.16;0001-01-01T00:00:04.525+01:00|W4|1.1|0.41|0.10|0.41|0.98;0001-01-01T00:00:04.525+01:00|W5|0.6|0.10|0.43|0.10|0.48;0001-01-01T00:00:04.525+01:00|W6|1.6|1.05|0.39|1.05|1.17;0001-01-01T00:00:04.525+01:00|W7|0.6|0.58|0.10|0.58|0.14;0001-01-01T00:00:04.525+01:00|W8|0.4|0.19|0.05|0.19|0.07;0001-01-01T00:00:04.525+01:00|W9|0.6|0.36|0.17|0.36|0.52;0001-01-01T00:00:04.525+01:00|W10|0.7|-0.03|0.33|-0.03|0.11;0001-01-01T00:00:04.525+01:00|W11|0.4|-0.21|0.06|-0.21|0.33;0001-01-01T00:00:04.525+01:00|W12|0.3|-0.18|0.01|-0.18|0.06"
7.00;3.21;0001-01-01T00:00:04.6300000+01:00;7.57;0.07;-0.99;24.1;11.980;5.832;-0.960;-3.080;10.831;-13.566;97.920;-16.837;99.362;"0001-01-01T00:00:04.525+01:00|W1|0.4|0.33|0.12|0.33|0.13;0001-01-01T00:00:04.525+01:00|W2|1.1|0.20|0.02|0.20|0.94;0001-01-01T00:00:04.525+01:00|W3|2.0|1.92|0.23|1.92|0.16;0001-01-01T00:00:04.525+01:00|W4|1.1|0.41|0.10|0.41|0.98;0001-01-01T00:00:04.525+01:00|W5|0.6|0.10|0.43|0.10|0.48;0001-01-01T00:00:04.525+01:00|W6|1.6|1.05|0.39|1.05|1.17;0001-01-01T00:00:04.525+01:00|W7|0.6|0.58|0.10|0.58|0.14;0001-01-01T00:00:04.525+01:00|W8|0.4|0.19|0.05|0.19|0.07;0001-01-01T00:00:04.525+01:00|W9|0.6|0.36|0.17|0.36|0.52;0001-01-01T00:00:04.525+01:00|W10|0.7|-0.03|0.33|-0.03|0.11;0001-01-01T00:00:04.525+01:00|W11|0.4|-0.21|0.06|-0.21|0.33;0001-01-01T00:00:04.525+01:00|W12|0.3|-0.18|0.01|-0.18|0.06"
8.00;3.26;0001-01-01T00:00:04.6680000+01:00;8.59;0.08;-1.17;27.4;11.578;5.502;1.183;-3.797;12.423;-15.329;98.028;-18.331;99.732;"0001-01-01T00:00:04.779+01:00|W1|0.4|0.33|0.12|0.33|0.13;0001-01-01T00:00:04.779+01:00|W2|1.1|0.20|0.02|0.20|0.94;0001-01-01T00:00:04.779+01:00|W3|2.0|1.92|0.23|1.92|0.16;0001-01-01T00:00:04.779+01:00|W4|1.1|0.41|0.10|0.41|0.98;0001-01-01T00:00:04.779+01:00|W5|0.6|0.10|0.43|0.10|0.48;0001-01-01T00:00:04.779+01:00|W6|1.6|1.05|0.39|1.05|1.17;0001-01-01T00:00:04.779+01:00|W7|0.6|0.58|0.10|0.58|0.14;0001-01-01T00:00:04.779+01:00|W8|0.4|0.19|0.05|0.19|0.07;0001-01-01T00:00:04.779+01:00|W9|0.6|0.36|0.17|0.36|0.52;0001-01-01T00:00:04.779+01:00|W10|0.7|-0.03|0.33|-0.03|0.11;0001-01-01T00:00:04.779+01:00|W11|0.4|-0.21|0.06|-0.21|0.33;0001-01-01T00:00:04.779+01:00|W12|0.3|-0.18|0.01|-0.18|0.06"
9.00;3.32;0001-01-01T00:00:04.7050000+01:00;9.61;0.09;-1.36;29.9;11.069;4.754;5.166;-5.551;13.582;-16.565;97.862;-18.953;99.685;"0001-01-01T00:00:04.779+01:00|W1|0.4|0.33|0.12|0.33|0.13;0001-01-01T00:00:04.779+01:00|W2|1.1|0.20|0.02|0.20|0.94;0001-01-01T00:00:04.779+01:00|W3|2.0|1.92|0.23|1.92|0.16;0001-01-01T00:00:04.779+01:00|W4|1.1|0.41|0.10|0.41|0.98;0001-01-01T00:00:04.779+01:00|W5|0.6|0.10|0.43|0.10|0.48;0001-01-01T00:00:04.779+01:00|W6|1.6|1.05|0.39|1.05|1.17;0001-01-01T00:00:04.779+01:00|W7|0.6|0.58|0.10|0.58|0.14;0001-01-01T00:00:04.779+01:00|W8|0.4|0.19|0.05|0.19|0.07;0001-01-01T00:00:04.779+01:00|W9|0.6|0.36|0.17|0.36|0.52;0001-01-01T00:00:04.779+01:00|W10|0.7|-0.03|0.33|-0.03|0.11;0001-01-01T00:00:04.779+01:00|W11|0.4|-0.21|0.06|-0.21|0.33;0001-01-01T00:00:04.779+01:00|W12|0.3|-0.18|0.01|-0.18|0.06"
10.00;3.40;0001-01-01T00:00:04.7430000+01:00;10.64;0.10;-1.55;32.3;10.558;4.004;9.159;-7.309;14.744;-17.804;97.694;-19.578;99.642;"0001-01-01T00:00:04.779+01:00|W1|0.4|0.33|0.12|0.33|0.13;0001-01-01T00:00:04.779+01:00|W2|1.1|0.20|0.02|0.20|0.94;0001-01-01T00:00:04.779+01:00|W3|2.0|1.92|0.23|1.92|0.16;0001-01-01T00:00:04.779+01:00|W4|1.1|0.41|0.10|0.41|0.98;0001-01-01T00:00:04.779+01:00|W5|0.6|0.10|0.43|0.10|0.48;0001-01-01T00:00:04.779+01:00|W6|1.6|1.05|0.39|1.05|1.17;0001-01-01T00:00:04.779+01:00|W7|0.6|0.58|0.10|0.58|0.14;0001-01-01T00:00:04.779+01:00|W8|0.4|0.19|0.05|0.19|0.07;0001-01-01T00:00:04.779+01:00|W9|0.6|0.36|0.17|0.36|0.52;0001-01-01T00:00:04.779+01:00|W10|0.7|-0.03|0.33|-0.03|0.11;0001-01-01T00:00:04.779+01:00|W11|0.4|-0.21|0.06|-0.21|0.33;0001-01-01T00:00:04.779+01:00|W12|0.3|-0.18|0.01|-0.18|0.06"
11.00;3.47;0001-01-01T00:00:04.7800000+01:00;11.66;0.11;-1.75;32.8;10.585;3.613;12.475;-10.177;15.053;-17.996;97.505;-19.743;99.487;"0001-01-01T00:00:04.779+01:00|W1|0.4|0.33|0.12|0.33|0.13;0001-01-01T00:00:04.779+01:00|W2|1.1|0.20|0.02|0.20|0.94;0001-01-01T00:00:04.779+01:00|W3|2.0|1.92|0.23|1.92|0.16;0001-01-01T00:00:04.779+01:00|W4|1.1|0.41|0.10|0.41|0.98;0001-01-01T00:00:04.779+01:00|W5|0.6|0.10|0.43|0.10|0.48;0001-01-01T00:00:04.779+01:00|W6|1.6|1.05|0.39|1.05|1.17;0001-01-01T00:00:04.779+01:00|W7|0.6|0.58|0.10|0.58|0.14;0001-01-01T00:00:04.779+01:00|W8|0.4|0.19|0.05|0.19|0.07;0001-01-01T00:00:04.779+01:00|W9|0.6|0.36|0.17|0.36|0.52;0001-01-01T00:00:04.779+01:00|W10|0.7|-0.03|0.33|-0.03|0.11;0001-01-01T00:00:04.779+01:00|W11|0.4|-0.21|0.06|-0.21|0.33;0001-01-01T00:00:04.779+01:00|W12|0.3|-0.18|0.01|-0.18|0.06"
12.00;3.55;0001-01-01T00:00:04.8180000+01:00;12.67;0.11;-1.96;32.7;10.830;3.469;15.459;-11.725;14.921;-17.784;97.355;-20.289;99.451;"0001-01-01T00:00:04.779+01:00|W1|0.4|0.33|0.12|0.33|0.13;0001-01-01T00:00:04.779+01:00|W2|1.1|0.20|0.02|0.20|0.94;0001-01-01T00:00:04.779+01:00|W3|2.0|1.92|0.23|1.92|0.16;0001-01-01T00:00:04.779+01:00|W4|1.1|0.41|0.10|0.41|0.98;0001-01-01T00:00:04.779+01:00|W5|0.6|0.10|0.43|0.10|0.48;0001-01-01T00:00:04.779+01:00|W6|1.6|1.05|0.39|1.05|1.17;0001-01-01T00:00:04.779+01:00|W7|0.6|0.58|0.10|0.58|0.14;0001-01-01T00:00:04.779+01:00|W8|0.4|0.19|0.05|0.19|0.07;0001-01-01T00:00:04.779+01:00|W9|0.6|0.36|0.17|0.36|0.52;0001-01-01T00:00:04.779+01:00|W10|0.7|-0.03|0.33|-0.03|0.11;0001-01-01T00:00:04.779+01:00|W11|0.4|-0.21|0.06|-0.21|0.33;0001-01-01T00:00:04.779+01:00|W12|0.3|-0.18|0.01|-0.18|0.06"
13.00;3.63;0001-01-01T00:00:04.8550000+01:00;13.69;0.12;-2.18;32.3;11.185;3.560;18.247;-11.851;14.524;-17.389;97.245;-21.270;99.548;"0001-01-01T00:00:04.779+01:00|W1|0.4|0.33|0.12|0.33|0.13;0001-01-01T00:00:04.779+01:00|W2|1.1|0.20|0.02|0.20|0.94;0001-01-01T00:00:04.779+01:00|W3|2.0|1.92|0.23|1.92|0.16;0001-01-01T00:00:04.779+01:00|W4|1.1|0.41|0.10|0.41|0.98;0001-01-01T00:00:04.779+01:00|W5|0.6|0.10|0.43|0.10|0.48;0001-01-01T00:00:04.779+01:00|W6|1.6|1.05|0.39|1.05|1.17;0001-01-01T00:00:04.779+01:00|W7|0.6|0.58|0.10|0.58|0.14;0001-01-01T00:00:04.779+01:00|W8|0.4|0.19|0.05|0.19|0.07;0001-01-01T00:00:04.779+01:00|W9|0.6|0.36|0.17|0.36|0.52;0001-01-01T00:00:04.779+01:00|W10|0.7|-0.03|0.33|-0.03|0.11;0001-01-01T00:00:04.779+01:00|W11|0.4|-0.21|0.06|-0.21|0.33;0001-01-01T00:00:04.779+01:00|W12|0.3|-0.18|0.01|-0.18|0.06"
14.00;3.70;0001-01-01T00:00:04.8930000+01:00;14.70;0.12;-2.42;31.9;11.539;3.968;21.031;-12.325;14.127;-17.046;97.112;-22.138;99.608;"0001-01-01T00:00:04.779+01:00|W1|0.4|0.33|0.12|0.33|0.13;0001-01-01T00:00:04.779+01:00|W2|1.1|0.20|0.02|0.20|0.94;0001-01-01T00:00:04.779+01:00|W3|2.0|1.92|0.23|1.92|0.16;0001-01-01T00:00:04.779+01:00|W4|1.1|0.41|0.10|0.41|0.98;0001-01-01T00:00:04.779+01:00|W5|0.6|0.10|0.43|0.10|0.48;0001-01-01T00:00:04.779+01:00|W6|1.6|1.05|0.39|1.05|1.17;0001-01-01T00:00:04.779+01:00|W7|0.6|0.58|0.10|0.58|0.14;0001-01-01T00:00:04.779+01:00|W8|0.4|0.19|0.05|0.19|0.07;0001-01-01T00:00:04.779+01:00|W9|0.6|0.36|0.17|0.36|0.52;0001-01-01T00:00:04.779+01:00|W10|0.7|-0.03|0.33|-0.03|0.11;0001-01-01T00:00:04.779+01:00|W11|0.4|-0.21|0.06|-0.21|0.33;0001-01-01T00:00:04.779+01:00|W12|0.3|-0.18|0.01|-0.18|0.06"
15.00;3.79;0001-01-01T00:00:04.9300000+01:00;15.71;0.12;-2.65;31.5;11.894;4.376;23.815;-12.799;13.731;-16.703;96.979;-23.005;99.675;"0001-01-01T00:00:05.026+01:00|W1|0.4|0.34|0.10|0.34|0.13;0001-01-01T00:00:05.026+01:00|W2|1.1|0.21|0.00|0.21|0.92;0001-01-01T00:00:05.026+01:00|W3|1.9|1.90|0.19|1.90|0.24;0001-01-01T00:00:05.026+01:00|W4|1.2|0.41|0.12|0.41|1.00;0001-01-01T00:00:05.026+01:00|W5|0.4|0.04|0.55|0.04|0.30;0001-01-01T00:00:05.026+01:00|W6|1.5|1.06|0.45|1.06|1.03;0001-01-01T00:00:05.026+01:00|W7|0.6|0.57|0.11|0.57|0.15;0001-01-01T00:00:05.026+01:00|W8|0.4|0.25|0.08|0.25|0.16;0001-01-01T00:00:05.026+01:00|W9|0.7|0.36|0.15|0.36|0.52;0001-01-01T00:00:05.026+01:00|W10|0.7|-0.01|0.29|-0.01|0.09;0001-01-01T00:00:05.026+01:00|W11|0.5|-0.20|0.04|-0.20|0.35;0001-01-01T00:00:05.026+01:00|W12|0.3|-0.20|0.00|-0.20|0.05"
16.00;3.89;0001-01-01T00:00:04.9680000+01:00;16.72;0.13;-2.88;30.7;12.251;4.753;26.626;-13.359;13.331;-16.668;96.759;-23.401;99.551;"0001-01-01T00:00:05.026+01:00|W1|0.4|0.34|0.10|0.34|0.13;0001-01-01T00:00:05.026+01:00|W2|1.1|0.21|0.00|0.21|0.92;0001-01-01T00:00:05.026+01:00|W3|1.9|1.90|0.19|1.90|0.24;0001-01-01T00:00:05.026+01:00|W4|1.2|0.41|0.12|0.41|1.00;0001-01-01T00:00:05.026+01:00|W5|0.4|0.04|0.55|0.04|0.30;0001-01-01T00:00:05.026+01:00|W6|1.5|1.06|0.45|1.06|1.03;0001-01-01T00:00:05.026+01:00|W7|0.6|0.57|0.11|0.57|0.15;0001-01-01T00:00:05.026+01:00|W8|0.4|0.25|0.08|0.25|0.16;0001-01-01T00:00:05.026+01:00|W9|0.7|0.36|0.15|0.36|0.52;0001-01-01T00:00:05.026+01:00|W10|0.7|-0.01|0.29|-0.01|0.09;0001-01-01T00:00:05.026+01:00|W11|0.5|-0.20|0.04|-0.20|0.35;0001-01-01T00:00:05.026+01:00|W12|0.3|-0.20|0.00|-0.20|0.05"
17.00;4.00;0001-01-01T00:00:05.0060000+01:00;17.73;0.16;-3.11;29.6;12.578;5.051;29.530;-13.621;12.975;-17.025;96.474;-23.511;99.299;"0001-01-01T00:00:05.026+01:00|W1|0.4|0.34|0.10|0.34|0.13;0001-01-01T00:00:05.026+01:00|W2|1.1|0.21|0.00|0.21|0.92;0001-01-01T00:00:05.026+01:00|W3|1.9|1.90|0.19|1.90|0.24;0001-01-01T00:00:05.026+01:00|W4|1.2|0.41|0.12|0.41|1.00;0001-01-01T00:00:05.026+01:00|W5|0.4|0.04|0.55|0.04|0.30;0001-01-01T00:00:05.026+01:00|W6|1.5|1.06|0.45|1.06|1.03;0001-01-01T00:00:05.026+01:00|W7|0.6|0.57|0.11|0.57|0.15;0001-01-01T00:00:05.026+01:00|W8|0.4|0.25|0.08|0.25|0.16;0001-01-01T00:00:05.026+01:00|W9|0.7|0.36|0.15|0.36|0.52;0001-01-01T00:00:05.026+01:00|W10|0.7|-0.01|0.29|-0.01|0.09;0001-01-01T00:00:05.026+01:00|W11|0.5|-0.20|0.04|-0.20|0.35;0001-01-01T00:00:05.026+01:00|W12|0.3|-0.20|0.00|-0.20|0.05"
18.00;4.10;0001-01-01T00:00:05.0430000+01:00;18.74;0.16;-3.37;30.2;12.744;5.128;32.730;-12.131;12.839;-17.717;96.307;-24.534;99.385;"0001-01-01T00:00:05.026+01:00|W1|0.4|0.34|0.10|0.34|0.13;0001-01-01T00:00:05.026+01:00|W2|1.1|0.21|0.00|0.21|0.92;0001-01-01T00:00:05.026+01:00|W3|1.9|1.90|0.19|1.90|0.24;0001-01-01T00:00:05.026+01:00|W4|1.2|0.41|0.12|0.41|1.00;0001-01-01T00:00:05.026+01:00|W5|0.4|0.04|0.55|0.04|0.30;0001-01-01T00:00:05.026+01:00|W6|1.5|1.06|0.45|1.06|1.03;0001-01-01T00:00:05.026+01:00|W7|0.6|0.57|0.11|0.57|0.15;0001-01-01T00:00:05.026+01:00|W8|0.4|0.25|0.08|0.25|0.16;0001-01-01T00:00:05.026+01:00|W9|0.7|0.36|0.15|0.36|0.52;0001-01-01T00:00:05.026+01:00|W10|0.7|-0.01|0.29|-0.01|0.09;0001-01-01T00:00:05.026+01:00|W11|0.5|-0.20|0.04|-0.20|0.35;0001-01-01T00:00:05.026+01:00|W12|0.3|-0.20|0.00|-0.20|0.05"
19.00;4.19;0001-01-01T00:00:05.0810000+01:00;19.74;0.16;-3.63;30.8;12.772;4.980;35.022;-12.297;12.889;-18.396;95.942;-24.989;99.143;"0001-01-01T00:00:05.026+01:00|W1|0.4|0.34|0.10|0.34|0.13;0001-01-01T00:00:05.026+01:00|W2|1.1|0.21|0.00|0.21|0.92;0001-01-01T00:00:05.026+01:00|W3|1.9|1.90|0.19|1.90|0.24;0001-01-01T00:00:05.026+01:00|W4|1.2|0.41|0.12|0.41|1.00;0001-01-01T00:00:05.026+01:00|W5|0.4|0.04|0.55|0.04|0.30;0001-01-01T00:00:05.026+01:00|W6|1.5|1.06|0.45|1.06|1.03;0001-01-01T00:00:05.026+01:00|W7|0.6|0.57|0.11|0.57|0.15;0001-01-01T00:00:05.026+01:00|W8|0.4|0.25|0.08|0.25|0.16;0001-01-01T00:00:05.026+01:00|W9|0.7|0.36|0.15|0.36|0.52;0001-01-01T00:00:05.026+01:00|W10|0.7|-0.01|0.29|-0.01|0.09;0001-01-01T00:00:05.026+01:00|W11|0.5|-0.20|0.04|-0.20|0.35;0001-01-01T00:00:05.026+01:00|W12|0.3|-0.20|0.00|-0.20|0.05"
20.00;4.29;0001-01-01T00:00:05.1180000+01:00;20.73;0.17;-3.90;31.5;12.776;4.572;37.166;-12.514;12.972;-18.948;95.686;-25.586;99.048;"0001-01-01T00:00:05.026+01:00|W1|0.4|0.34|0.10|0.34|0.13;0001-01-01T00:00:05.026+01:00|W2|1.1|0.21|0.00|0.21|0.92;0001-01-01T00:00:05.026+01:00|W3|1.9|1.90|0.19|1.90|0.24;0001-01-01T00:00:05.026+01:00|W4|1.2|0.41|0.12|0.41|1.00;0001-01-01T00:00:05.026+01:00|W5|0.4|0.04|0.55|0.04|0.30;0001-01-01T00:00:05.026+01:00|W6|1.5|1.06|0.45|1.06|1.03;0001-01-01T00:00:05.026+01:00|W7|0.6|0.57|0.11|0.57|0.15;0001-01-01T00:00:05.026+01:00|W8|0.4|0.25|0.08|0.25|0.16;0001-01-01T00:00:05.026+01:00|W9|0.7|0.36|0.15|0.36|0.52;0001-01-01T00:00:05.026+01:00|W10|0.7|-0.01|0.29|-0.01|0.09;0001-01-01T00:00:05.026+01:00|W11|0.5|-0.20|0.04|-0.20|0.35;0001-01-01T00:00:05.026+01:00|W12|0.3|-0.20|0.00|-0.20|0.05"
21.00;4.39;0001-01-01T00:00:05.1560000+01:00;21.73;0.17;-4.17;32.0;12.779;3.948;39.319;-12.501;13.056;-19.378;95.570;-26.417;99.154;"0001-01-01T00:00:05.276+01:00|W1|0.4|0.35|0.09|0.35|0.12;0001-01-01T00:00:05.276+01:00|W2|1.1|0.22|0.01|0.22|0.93;0001-01-01T00:00:05.276+01:00|W3|2.0|1.92|0.25|1.92|0.49;0001-01-01T00:00:05.276+01:00|W4|1.2|0.41|0.17|0.41|1.04;0001-01-01T00:00:05.276+01:00|W5|0.3|0.08|0.63|0.08|0.25;0001-01-01T00:00:05.276+01:00|W6|1.4|0.92|0.47|0.92|1.02;0001-01-01T00:00:05.276+01:00|W7|0.6|0.56|0.08|0.56|0.19;0001-01-01T00:00:05.276+01:00|W8|0.5|0.18|0.10|0.18|0.12;0001-01-01T00:00:05.276+01:00|W9|0.7|0.34|0.14|0.34|0.53;0001-01-01T00:00:05.276+01:00|W10|0.6|0.17|0.14|0.17|0.10;0001-01-01T00:00:05.276+01:00|W11|0.5|-0.18|0.02|-0.18|0.39;0001-01-01T00:00:05.276+01:00|W12|0.3|-0.20|0.00|-0.20|0.05"
22.00;4.50;0001-01-01T00:00:05.1930000+01:00;22.73;0.17;-4.44;32.6;12.783;3.324;41.470;-12.488;13.139;-19.807;95.455;-27.248;99.268;"0001-01-01T00:00:05.276+01:00|W1|0.4|0.35|0.09|0.35|0.12;0001-01-01T00:00:05.276+01:00|W2|1.1|0.22|0.01|0.22|0.93;0001-01-01T00:00:05.276+01:00|W3|2.0|1.92|0.25|1.92|0.49;0001-01-01T00:00:05.276+01:00|W4|1.2|0.41|0.17|0.41|1.04;0001-01-01T00:00:05.276+01:00|W5|0.3|0.08|0.63|0.08|0.25;0001-01-01T00:00:05.276+01:00|W6|1.4|0.92|0.47|0.92|1.02;0001-01-01T00:00:05.276+01:00|W7|0.6|0.56|0.08|0.56|0.19;0001-01-01T00:00:05.276+01:00|W8|0.5|0.18|0.10|0.18|0.12;0001-01-01T00:00:05.276+01:00|W9|0.7|0.34|0.14|0.34|0.53;0001-01-01T00:00:05.276+01:00|W10|0.6|0.17|0.14|0.17|0.10;0001-01-01T00:00:05.276+01:00|W11|0.5|-0.18|0.02|-0.18|0.39;0001-01-01T00:00:05.276+01:00|W12|0.3|-0.20|0.00|-0.20|0.05"
23.00;4.59;0001-01-01T00:00:05.2300000+01:00;23.72;0.17;-4.73;32.8;12.563;2.655;41.857;-12.517;12.890;-19.926;95.302;-27.952;99.317;"0001-01-01T00:00:05.276+01:00|W1|0.4|0.35|0.09|0.35|0.12;0001-01-01T00:00:05.276+01:00|W2|1.1|0.22|0.01|0.22|0.93;0001-01-01T00:00:05.276+01:00|W3|2.0|1.92|0.25|1.92|0.49;0001-01-01T00:00:05.276+01:00|W4|1.2|0.41|0.17|0.41|1.04;0001-01-01T00:00:05.276+01:00|W5|0.3|0.08|0.63|0.08|0.25;0001-01-01T00:00:05.276+01:00|W6|1.4|0.92|0.47|0.92|1.02;0001-01-01T00:00:05.276+01:00|W7|0.6|0.56|0.08|0.56|0.19;0001-01-01T00:00:05.276+01:00|W8|0.5|0.18|0.10|0.18|0.12;0001-01-01T00:00:05.276+01:00|W9|0.7|0.34|0.14|0.34|0.53;0001-01-01T00:00:05.276+01:00|W10|0.6|0.17|0.14|0.17|0.10;0001-01-01T00:00:05.276+01:00|W11|0.5|-0.18|0.02|-0.18|0.39;0001-01-01T00:00:05.276+01:00|W12|0.3|-0.20|0.00|-0.20|0.05"
24.00;4.69;0001-01-01T00:00:05.2680000+01:00;24.70;0.17;-5.02;32.8;12.302;2.000;41.913;-13.019;12.578;-19.924;95.115;-28.564;99.313;"0001-01-01T00:00:05.276+01:00|W1|0.4|0.35|0.09|0.35|0.12;0001-01-01T00:00:05.276+01:00|W2|1.1|0.22|0.01|0.22|0.93;0001-01-01T00:00:05.276+01:00|W3|2.0|1.92|0.25|1.92|0.49;0001-01-01T00:00:05.276+01:00|W4|1.2|0.41|0.17|0.41|1.04;0001-01-01T00:00:05.276+01:00|W5|0.3|0.08|0.63|0.08|0.25;0001-01-01T00:00:05.276+01:00|W6|1.4|0.92|0.47|0.92|1.02;0001-01-01T00:00:05.276+01:00|W7|0.6|0.56|0.08|0.56|0.19;0001-01-01T00:00:05.276+01:00|W8|0.5|0.18|0.10|0.18|0.12;0001-01-01T00:00:05.276+01:00|W9|0.7|0.34|0.14|0.34|0.53;0001-01-01T00:00:05.276+01:00|W10|0.6|0.17|0.14|0.17|0.10;0001-01-01T00:00:05.276+01:00|W11|0.5|-0.18|0.02|-0.18|0.39;0001-01-01T00:00:05.276+01:00|W12|0.3|-0.20|0.00|-0.20|0.05"
25.00;4.79;0001-01-01T00:00:05.3050000+01:00;25.68;0.16;-5.32;32.8;12.041;1.344;41.969;-13.800;12.266;-19.885;94.929;-29.144;99.303;"0001-01-01T00:00:05.276+01:00|W1|0.4|0.35|0.09|0.35|0.12;0001-01-01T00:00:05.276+01:00|W2|1.1|0.22|0.01|0.22|0.93;0001-01-01T00:00:05.276+01:00|W3|2.0|1.92|0.25|1.92|0.49;0001-01-01T00:00:05.276+01:00|W4|1.2|0.41|0.17|0.41|1.04;0001-01-01T00:00:05.276+01:00|W5|0.3|0.08|0.63|0.08|0.25;0001-01-01T00:00:05.276+01:00|W6|1.4|0.92|0.47|0.92|1.02;0001-01-01T00:00:05.276+01:00|W7|0.6|0.56|0.08|0.56|0.19;0001-01-01T00:00:05.276+01:00|W8|0.5|0.18|0.10|0.18|0.12;0001-01-01T00:00:05.276+01:00|W9|0.7|0.34|0.14|0.34|0.53;0001-01-01T00:00:05.276+01:00|W10|0.6|0.17|0.14|0.17|0.10;0001-01-01T00:00:05.276+01:00|W11|0.5|-0.18|0.02|-0.18|0.39;0001-01-01T00:00:05.276+01:00|W12|0.3|-0.20|0.00|-0.20|0.05"
26.00;4.88;0001-01-01T00:00:05.3420000+01:00;26.66;0.16;-5.63;32.9;11.782;0.570;42.025;-13.685;11.957;-19.977;94.877;-29.898;99.478;"0001-01-01T00:00:05.276+01:00|W1|0.4|0.35|0.09|0.35|0.12;0001-01-01T00:00:05.276+01:00|W2|1.1|0.22|0.01|0.22|0.93;0001-01-01T00:00:05.276+01:00|W3|2.0|1.92|0.25|1.92|0.49;0001-01-01T00:00:05.276+01:00|W4|1.2|0.41|0.17|0.41|1.04;0001-01-01T00:00:05.276+01:00|W5|0.3|0.08|0.63|0.08|0.25;0001-01-01T00:00:05.276+01:00|W6|1.4|0.92|0.47|0.92|1.02;0001-01-01T00:00:05.276+01:00|W7|0.6|0.56|0.08|0.56|0.19;0001-01-01T00:00:05.276+01:00|W8|0.5|0.18|0.10|0.18|0.12;0001-01-01T00:00:05.276+01:00|W9|0.7|0.34|0.14|0.34|0.53;0001-01-01T00:00:05.276+01:00|W10|0.6|0.17|0.14|0.17|0.10;0001-01-01T00:00:05.276+01:00|W11|0.5|-0.18|0.02|-0.18|0.39;0001-01-01T00:00:05.276+01:00|W12|0.3|-0.20|0.00|-0.20|0.05"
27.00;4.95;0001-01-01T00:00:05.3790000+01:00;27.63;0.14;-5.96;32.5;11.525;0.100;42.080;-14.414;11.650;-20.041;94.755;-30.752;99.624;"0001-01-01T00:00:05.276+01:00|W1|0.4|0.35|0.09|0.35|0.12;0001-01-01T00:00:05.276+01:00|W2|1.1|0.22|0.01|0.22|0.93;0001-01-01T00:00:05.276+01:00|W3|2.0|1.92|0.25|1.92|0.49;0001-01-01T00:00:05.276+01:00|W4|1.2|0.41|0.17|0.41|1.04;0001-01-01T00:00:05.276+01:00|W5|0.3|0.08|0.63|0.08|0.25;0001-01-01T00:00:05.276+01:00|W6|1.4|0.92|0.47|0.92|1.02;0001-01-01T00:00:05.276+01:00|W7|0.6|0.56|0.08|0.56|0.19;0001-01-01T00:00:05.276+01:00|W8|0.5|0.18|0.10|0.18|0.12;0001-01-01T00:00:05.276+01:00|W9|0.7|0.34|0.14|0.34|0.53;0001-01-01T00:00:05.276+01:00|W10|0.6|0.17|0.14|0.17|0.10;0001-01-01T00:00:05.276+01:00|W11|0.5|-0.18|0.02|-0.18|0.39;0001-01-01T00:00:05.276+01:00|W12|0.3|-0.20|0.00|-0.20|0.05"
28.00;5.02;0001-01-01T00:00:05.4150000+01:00;28.60;0.12;-6.29;32.0;11.270;-0.301;42.135;-15.331;11.345;-20.100;94.618;-31.627;99.769;"0001-01-01T00:00:05.530+01:00|W1|0.3|0.24|0.14|0.24|0.15;0001-01-01T00:00:05.530+01:00|W2|1.1|0.24|0.03|0.24|0.94;0001-01-01T00:00:05.530+01:00|W3|1.9|1.84|0.14|1.84|0.47;0001-01-01T00:00:05.530+01:00|W4|1.2|0.38|0.18|0.38|1.06;0001-01-01T00:00:05.530+01:00|W5|0.2|0.08|0.66|0.08|0.16;0001-01-01T00:00:05.530+01:00|W6|1.4|0.92|0.47|0.92|1.02;0001-01-01T00:00:05.530+01:00|W7|0.6|0.56|0.08|0.56|0.19;0001-01-01T00:00:05.530+01:00|W8|0.5|0.18|0.10|0.18|0.12;0001-01-01T00:00:05.530+01:00|W9|0.6|0.32|0.12|0.32|0.54;0001-01-01T00:00:05.530+01:00|W10|0.6|0.27|0.12|0.27|0.14;0001-01-01T00:00:05.530+01:00|W11|0.5|-0.18|0.02|-0.18|0.39;0001-01-01T00:00:05.530+01:00|W12|0.3|-0.29|0.05|-0.29|0.08"
29.00;5.10;0001-01-01T00:00:05.4520000+01:00;29.57;0.10;-6.62;31.5;11.014;-0.701;42.190;-16.247;11.040;-20.158;94.481;-32.500;99.922;"0001-01-01T00:00:05.530+01:00|W1|0.3|0.24|0.14|0.24|0.15;0001-01-01T00:00:05.530+01:00|W2|1.1|0.24|0.03|0.24|0.94;0001-01-01T00:00:05.530+01:00|W3|1.9|1.84|0.14|1.84|0.47;0001-01-01T00:00:05.530+01:00|W4|1.2|0.38|0.18|0.38|1.06;0001-01-01T00:00:05.530+01:00|W5|0.2|0.08|0.66|0.08|0.16;0001-01-01T00:00:05.530+01:00|W6|1.4|0.92|0.47|0.92|1.02;0001-01-01T00:00:05.530+01:00|W7|0.6|0.56|0.08|0.56|0.19;0001-01-01T00:00:05.530+01:00|W8|0.5|0.18|0.10|0.18|0.12;0001-01-01T00:00:05.530+01:00|W9|0.6|0.32|0.12|0.32|0.54;0001-01-01T00:00:05.530+01:00|W10|0.6|0.27|0.12|0.27|0.14;0001-01-01T00:00:05.530+01:00|W11|0.5|-0.18|0.02|-0.18|0.39;0001-01-01T00:00:05.530+01:00|W12|0.3|-0.29|0.05|-0.29|0.08"
30.00;5.18;0001-01-01T00:00:05.4880000+01:00;30.53;0.08;-6.94;30.9;10.759;-1.101;42.245;-17.162;10.735;-20.217;94.344;-33.373;100.084;"0001-01-01T00:00:05.530+01:00|W1|0.3|0.24|0.14|0.24|0.15;0001-01-01T00:00:05.530+01:00|W2|1.1|0.24|0.03|0.24|0.94;0001-01-01T00:00:05.530+01:00|W3|1.9|1.84|0.14|1.84|0.47;0001-01-01T00:00:05.530+01:00|W4|1.2|0.38|0.18|0.38|1.06;0001-01-01T00:00:05.530+01:00|W5|0.2|0.08|0.66|0.08|0.16;0001-01-01T00:00:05.530+01:00|W6|1.4|0.92|0.47|0.92|1.02;0001-01-01T00:00:05.530+01:00|W7|0.6|0.56|0.08|0.56|0.19;0001-01-01T00:00:05.530+01:00|W8|0.5|0.18|0.10|0.18|0.12;0001-01-01T00:00:05.530+01:00|W9|0.6|0.32|0.12|0.32|0.54;0001-01-01T00:00:05.530+01:00|W10|0.6|0.27|0.12|0.27|0.14;0001-01-01T00:00:05.530+01:00|W11|0.5|-0.18|0.02|-0.18|0.39;0001-01-01T00:00:05.530+01:00|W12|0.3|-0.29|0.05|-0.29|0.08"
31.00;5.27;0001-01-01T00:00:05.5250000+01:00;31.50;0.06;-7.27;30.4;10.504;-1.501;42.300;-18.077;10.430;-20.275;94.207;-34.245;100.253;"0001-01-01T00:00:05.530+01:00|W1|0.3|0.24|0.14|0.24|0.15;0001-01-01T00:00:05.530+01:00|W2|1.1|0.24|0.03|0.24|0.94;0001-01-01T00:00:05.530+01:00|W3|1.9|1.84|0.14|1.84|0.47;0001-01-01T00:00:05.530+01:00|W4|1.2|0.38|0.18|0.38|1.06;0001-01-01T00:00:05.530+01:00|W5|0.2|0.08|0.66|0.08|0.16;0001-01-01T00:00:05.530+01:00|W6|1.4|0.92|0.47|0.92|1.02;0001-01-01T00:00:05.530+01:00|W7|0.6|0.56|0.08|0.56|0.19;0001-01-01T00:00:05.530+01:00|W8|0.5|0.18|0.10|0.18|0.12;0001-01-01T00:00:05.530+01:00|W9|0.6|0.32|0.12|0.32|0.54;0001-01-01T00:00:05.530+01:00|W10|0.6|0.27|0.12|0.27|0.14;0001-01-01T00:00:05.530+01:00|W11|0.5|-0.18|0.02|-0.18|0.39;0001-01-01T00:00:05.530+01:00|W12|0.3|-0.29|0.05|-0.29|0.08"
32.00;5.35;0001-01-01T00:00:05.5620000+01:00;32.46;0.05;-7.61;30.2;9.897;-1.904;42.061;-18.999;10.291;-20.334;94.284;-34.825;100.528;"0001-01-01T00:00:05.530+01:00|W1|0.3|0.24|0.14|0.24|0.15;0001-01-01T00:00:05.530+01:00|W2|1.1|0.24|0.03|0.24|0.94;0001-01-01T00:00:05.530+01:00|W3|1.9|1.84|0.14|1.84|0.47;0001-01-01T00:00:05.530+01:00|W4|1.2|0.38|0.18|0.38|1.06;0001-01-01T00:00:05.530+01:00|W5|0.2|0.08|0.66|0.08|0.16;0001-01-01T00:00:05.530+01:00|W6|1.4|0.92|0.47|0.92|1.02;0001-01-01T00:00:05.530+01:00|W7|0.6|0.56|0.08|0.56|0.19;0001-01-01T00:00:05.530+01:00|W8|0.5|0.18|0.10|0.18|0.12;0001-01-01T00:00:05.530+01:00|W9|0.6|0.32|0.12|0.32|0.54;0001-01-01T00:00:05.530+01:00|W10|0.6|0.27|0.12|0.27|0.14;0001-01-01T00:00:05.530+01:00|W11|0.5|-0.18|0.02|-0.18|0.39;0001-01-01T00:00:05.530+01:00|W12|0.3|-0.29|0.05|-0.29|0.08"
33.00;5.42;0001-01-01T00:00:05.5990000+01:00;33.41;0.05;-7.96;30.5;8.609;-2.311;41.256;-19.936;10.473;-20.393;94.768;-34.843;100.991;"0001-01-01T00:00:05.530+01:00|W1|0.3|0.24|0.14|0.24|0.15;0001-01-01T00:00:05.530+01:00|W2|1.1|0.24|0.03|0.24|0.94;0001-01-01T00:00:05.530+01:00|W3|1.9|1.84|0.14|1.84|0.47;0001-01-01T00:00:05.530+01:00|W4|1.2|0.38|0.18|0.38|1.06;0001-01-01T00:00:05.530+01:00|W5|0.2|0.08|0.66|0.08|0.16;0001-01-01T00:00:05.530+01:00|W6|1.4|0.92|0.47|0.92|1.02;0001-01-01T00:00:05.530+01:00|W7|0.6|0.56|0.08|0.56|0.19;0001-01-01T00:00:05.530+01:00|W8|0.5|0.18|0.10|0.18|0.12;0001-01-01T00:00:05.530+01:00|W9|0.6|0.32|0.12|0.32|0.54;0001-01-01T00:00:05.530+01:00|W10|0.6|0.27|0.12|0.27|0.14;0001-01-01T00:00:05.530+01:00|W11|0.5|-0.18|0.02|-0.18|0.39;0001-01-01T00:00:05.530+01:00|W12|0.3|-0.29|0.05|-0.29|0.08"
34.00;5.47;0001-01-01T00:00:05.6350000+01:00;34.35;0.02;-8.32;30.6;7.380;-2.076;40.487;-20.360;10.646;-20.110;94.411;-35.849;101.009;"0001-01-01T00:00:05.530+01:00|W1|0.3|0.24|0.14|0.24|0.15;0001-01-01T00:00:05.530+01:00|W2|1.1|0.24|0.03|0.24|0.94;0001-01-01T00:00:05.530+01:00|W3|1.9|1.84|0.14|1.84|0.47;0001-01-01T00:00:05.530+01:00|W4|1.2|0.38|0.18|0.38|1.06;0001-01-01T00:00:05.530+01:00|W5|0.2|0.08|0.66|0.08|0.16;0001-01-01T00:00:05.530+01:00|W6|1.4|0.92|0.47|0.92|1.02;0001-01-01T00:00:05.530+01:00|W7|0.6|0.56|0.08|0.56|0.19;0001-01-01T00:00:05.530+01:00|W8|0.5|0.18|0.10|0.18|0.12;0001-01-01T00:00:05.530+01:00|W9|0.6|0.32|0.12|0.32|0.54;0001-01-01T00:00:05.530+01:00|W10|0.6|0.27|0.12|0.27|0.14;0001-01-01T00:00:05.530+01:00|W11|0.5|-0.18|0.02|-0.18|0.39;0001-01-01T00:00:05.530+01:00|W12|0.3|-0.29|0.05|-0.29|0.08"
35.00;5.51;0001-01-01T00:00:05.6710000+01:00;35.30;0.00;-8.69;30.4;6.306;-1.626;39.583;-20.907;10.726;-19.682;94.207;-36.595;101.087;"0001-01-01T00:00:05.775+01:00|W1|0.3|0.22|0.15|0.22|0.14;0001-01-01T00:00:05.775+01:00|W2|1.1|0.24|0.04|0.24|0.95;0001-01-01T00:00:05.775+01:00|W3|1.9|1.81|0.07|1.81|0.37;0001-01-01T00:00:05.775+01:00|W4|1.3|0.34|0.21|0.34|1.10;0001-01-01T00:00:05.775+01:00|W5|0.2|0.10|0.59|0.10|0.13;0001-01-01T00:00:05.775+01:00|W6|1.7|0.82|0.19|0.82|1.37;0001-01-01T00:00:05.775+01:00|W7|0.6|0.57|0.07|0.57|0.20;0001-01-01T00:00:05.775+01:00|W8|0.5|0.03|0.11|0.03|0.07;0001-01-01T00:00:05.775+01:00|W9|0.7|0.30|0.12|0.30|0.58;0001-01-01T00:00:05.775+01:00|W10|0.6|0.27|0.09|0.27|0.16;0001-01-01T00:00:05.775+01:00|W11|0.5|-0.16|0.02|-0.16|0.39;0001-01-01T00:00:05.775+01:00|W12|0.3|-0.29|0.06|-0.29|0.13"
36.00;5.56;0001-01-01T00:00:05.7070000+01:00;36.24;-0.02;-9.05;29.8;5.334;-1.022;38.593;-21.424;10.745;-19.165;94.089;-37.159;101.182;"0001-01-01T00:00:05.775+01:00|W1|0.3|0.22|0.15|0.22|0.14;0001-01-01T00:00:05.775+01:00|W2|1.1|0.24|0.04|0.24|0.95;0001-01-01T00:00:05.775+01:00|W3|1.9|1.81|0.07|1.81|0.37;0001-01-01T00:00:05.775+01:00|W4|1.3|0.34|0.21|0.34|1.10;0001-01-01T00:00:05.775+01:00|W5|0.2|0.10|0.59|0.10|0.13;0001-01-01T00:00:05.775+01:00|W6|1.7|0.82|0.19|0.82|1.37;0001-01-01T00:00:05.775+01:00|W7|0.6|0.57|0.07|0.57|0.20;0001-01-01T00:00:05.775+01:00|W8|0.5|0.03|0.11|0.03|0.07;0001-01-01T00:00:05.775+01:00|W9|0.7|0.30|0.12|0.30|0.58;0001-01-01T00:00:05.775+01:00|W10|0.6|0.27|0.09|0.27|0.16;0001-01-01T00:00:05.775+01:00|W11|0.5|-0.16|0.02|-0.16|0.39;0001-01-01T00:00:05.775+01:00|W12|0.3|-0.29|0.06|-0.29|0.13"
37.00;5.60;0001-01-01T00:00:05.7420000+01:00;37.17;-0.04;-9.43;29.3;4.372;-0.366;37.612;-21.532;10.764;-18.675;93.912;-37.677;101.209;"0001-01-01T00:00:05.775+01:00|W1|0.3|0.22|0.15|0.22|0.14;0001-01-01T00:00:05.775+01:00|W2|1.1|0.24|0.04|0.24|0.95;0001-01-01T00:00:05.775+01:00|W3|1.9|1.81|0.07|1.81|0.37;0001-01-01T00:00:05.775+01:00|W4|1.3|0.34|0.21|0.34|1.10;0001-01-01T00:00:05.775+01:00|W5|0.2|0.10|0.59|0.10|0.13;0001-01-01T00:00:05.775+01:00|W6|1.7|0.82|0.19|0.82|1.37;0001-01-01T00:00:05.775+01:00|W7|0.6|0.57|0.07|0.57|0.20;0001-01-01T00:00:05.775+01:00|W8|0.5|0.03|0.11|0.03|0.07;0001-01-01T00:00:05.775+01:00|W9|0.7|0.30|0.12|0.30|0.58;0001-01-01T00:00:05.775+01:00|W10|0.6|0.27|0.09|0.27|0.16;0001-01-01T00:00:05.775+01:00|W11|0.5|-0.16|0.02|-0.16|0.39;0001-01-01T00:00:05.775+01:00|W12|0.3|-0.29|0.06|-0.29|0.13"
38.00;5.63;0001-01-01T00:00:05.7780000+01:00;38.10;-0.07;-9.80;29.0;3.404;0.020;36.624;-22.273;10.783;-18.327;93.630;-38.261;101.171;"0001-01-01T00:00:05.775+01:00|W1|0.3|0.22|0.15|0.22|0.14;0001-01-01T00:00:05.775+01:00|W2|1.1|0.24|0.04|0.24|0.95;0001-01-01T00:00:05.775+01:00|W3|1.9|1.81|0.07|1.81|0.37;0001-01-01T00:00:05.775+01:00|W4|1.3|0.34|0.21|0.34|1.10;0001-01-01T00:00:05.775+01:00|W5|0.2|0.10|0.59|0.10|0.13;0001-01-01T00:00:05.775+01:00|W6|1.7|0.82|0.19|0.82|1.37;0001-01-01T00:00:05.775+01:00|W7|0.6|0.57|0.07|0.57|0.20;0001-01-01T00:00:05.775+01:00|W8|0.5|0.03|0.11|0.03|0.07;0001-01-01T00:00:05.775+01:00|W9|0.7|0.30|0.12|0.30|0.58;0001-01-01T00:00:05.775+01:00|W10|0.6|0.27|0.09|0.27|0.16;0001-01-01T00:00:05.775+01:00|W11|0.5|-0.16|0.02|-0.16|0.39;0001-01-01T00:00:05.775+01:00|W12|0.3|-0.29|0.06|-0.29|0.13"
39.00;5.66;0001-01-01T00:00:05.8130000+01:00;39.03;-0.09;-10.19;28.9;2.436;0.074;35.637;-22.921;10.802;-18.199;93.344;-38.870;101.143;"0001-01-01T00:00:05.775+01:00|W1|0.3|0.22|0.15|0.22|0.14;0001-01-01T00:00:05.775+01:00|W2|1.1|0.24|0.04|0.24|0.95;0001-01-01T00:00:05.775+01:00|W3|1.9|1.81|0.07|1.81|0.37;0001-01-01T00:00:05.775+01:00|W4|1.3|0.34|0.21|0.34|1.10;0001-01-01T00:00:05.775+01:00|W5|0.2|0.10|0.59|0.10|0.13;0001-01-01T00:00:05.775+01:00|W6|1.7|0.82|0.19|0.82|1.37;0001-01-01T00:00:05.775+01:00|W7|0.6|0.57|0.07|0.57|0.20;0001-01-01T00:00:05.775+01:00|W8|0.5|0.03|0.11|0.03|0.07;0001-01-01T00:00:05.775+01:00|W9|0.7|0.30|0.12|0.30|0.58;0001-01-01T00:00:05.775+01:00|W10|0.6|0.27|0.09|0.27|0.16;0001-01-01T00:00:05.775+01:00|W11|0.5|-0.16|0.02|-0.16|0.39;0001-01-01T00:00:05.775+01:00|W12|0.3|-0.29|0.06|-0.29|0.13"
40.00;5.68;0001-01-01T00:00:05.8490000+01:00;39.96;-0.11;-10.58;29.0;1.473;-0.259;34.655;-23.212;10.821;-18.341;93.089;-39.492;101.152;"0001-01-01T00:00:05.775+01:00|W1|0.3|0.22|0.15|0.22|0.14;0001-01-01T00:00:05.775+01:00|W2|1.1|0.24|0.04|0.24|0.95;0001-01-01T00:00:05.775+01:00|W3|1.9|1.81|0.07|1.81|0.37;0001-01-01T00:00:05.775+01:00|W4|1.3|0.34|0.21|0.34|1.10;0001-01-01T00:00:05.775+01:00|W5|0.2|0.10|0.59|0.10|0.13;0001-01-01T00:00:05.775+01:00|W6|1.7|0.82|0.19|0.82|1.37;0001-01-01T00:00:05.775+01:00|W7|0.6|0.57|0.07|0.57|0.20;0001-01-01T00:00:05.775+01:00|W8|0.5|0.03|0.11|0.03|0.07;0001-01-01T00:00:05.775+01:00|W9|0.7|0.30|0.12|0.30|0.58;0001-01-01T00:00:05.775+01:00|W10|0.6|0.27|0.09|0.27|0.16;0001-01-01T00:00:05.775+01:00|W11|0.5|-0.16|0.02|-0.16|0.39;0001-01-01T00:00:05.775+01:00|W12|0.3|-0.29|0.06|-0.29|0.13"
41.00;5.70;0001-01-01T00:00:05.8850000+01:00;40.88;-0.14;-10.97;29.2;0.512;-0.591;33.674;-23.502;10.840;-18.483;92.835;-40.112;101.166;"0001-01-01T00:00:05.775+01:00|W1|0.3|0.22|0.15|0.22|0.14;0001-01-01T00:00:05.775+01:00|W2|1.1|0.24|0.04|0.24|0.95;0001-01-01T00:00:05.775+01:00|W3|1.9|1.81|0.07|1.81|0.37;0001-01-01T00:00:05.775+01:00|W4|1.3|0.34|0.21|0.34|1.10;0001-01-01T00:00:05.775+01:00|W5|0.2|0.10|0.59|0.10|0.13;0001-01-01T00:00:05.775+01:00|W6|1.7|0.82|0.19|0.82|1.37;0001-01-01T00:00:05.775+01:00|W7|0.6|0.57|0.07|0.57|0.20;0001-01-01T00:00:05.775+01:00|W8|0.5|0.03|0.11|0.03|0.07;0001-01-01T00:00:05.775+01:00|W9|0.7|0.30|0.12|0.30|0.58;0001-01-01T00:00:05.775+01:00|W10|0.6|0.27|0.09|0.27|0.16;0001-01-01T00:00:05.775+01:00|W11|0.5|-0.16|0.02|-0.16|0.39;0001-01-01T00:00:05.775+01:00|W12|0.3|-0.29|0.06|-0.29|0.13"
42.00;5.69;0001-01-01T00:00:05.9200000+01:00;41.79;-0.17;-11.37;29.3;-0.443;-0.778;32.701;-23.804;10.859;-18.548;92.971;-40.957;101.633;"0001-01-01T00:00:06.026+01:00|W1|0.3|0.22|0.15|0.22|0.14;0001-01-01T00:00:06.026+01:00|W2|1.1|0.24|0.05|0.24|0.97;0001-01-01T00:00:06.026+01:00|W3|1.8|1.81|0.04|1.81|0.33;0001-01-01T00:00:06.026+01:00|W4|1.3|0.34|0.21|0.34|1.10;0001-01-01T00:00:06.026+01:00|W5|0.2|0.10|0.59|0.10|0.13;0001-01-01T00:00:06.026+01:00|W6|1.7|0.82|0.19|0.82|1.37;0001-01-01T00:00:06.026+01:00|W7|0.6|0.57|0.07|0.57|0.20;0001-01-01T00:00:06.026+01:00|W8|0.5|0.03|0.11|0.03|0.07;0001-01-01T00:00:06.026+01:00|W9|0.7|0.30|0.12|0.30|0.58;0001-01-01T00:00:06.026+01:00|W10|0.6|0.27|0.09|0.27|0.16;0001-01-01T00:00:06.026+01:00|W11|0.5|-0.16|0.02|-0.16|0.39;0001-01-01T00:00:06.026+01:00|W12|0.3|-0.28|0.06|-0.28|0.17"
43.00;5.67;0001-01-01T00:00:05.9550000+01:00;42.69;-0.22;-11.80;29.3;-1.392;-0.866;31.733;-24.114;10.878;-18.562;93.375;-41.957;102.414;"0001-01-01T00:00:06.026+01:00|W1|0.3|0.22|0.15|0.22|0.14;0001-01-01T00:00:06.026+01:00|W2|1.1|0.24|0.05|0.24|0.97;0001-01-01T00:00:06.026+01:00|W3|1.8|1.81|0.04|1.81|0.33;0001-01-01T00:00:06.026+01:00|W4|1.3|0.34|0.21|0.34|1.10;0001-01-01T00:00:06.026+01:00|W5|0.2|0.10|0.59|0.10|0.13;0001-01-01T00:00:06.026+01:00|W6|1.7|0.82|0.19|0.82|1.37;0001-01-01T00:00:06.026+01:00|W7|0.6|0.57|0.07|0.57|0.20;0001-01-01T00:00:06.026+01:00|W8|0.5|0.03|0.11|0.03|0.07;0001-01-01T00:00:06.026+01:00|W9|0.7|0.30|0.12|0.30|0.58;0001-01-01T00:00:06.026+01:00|W10|0.6|0.27|0.09|0.27|0.16;0001-01-01T00:00:06.026+01:00|W11|0.5|-0.16|0.02|-0.16|0.39;0001-01-01T00:00:06.026+01:00|W12|0.3|-0.28|0.06|-0.28|0.17"
44.00;5.64;0001-01-01T00:00:05.9900000+01:00;43.60;-0.27;-12.22;29.4;-2.339;-0.953;30.767;-24.423;10.897;-18.575;93.778;-42.956;103.200;"0001-01-01T00:00:06.026+01:00|W1|0.3|0.22|0.15|0.22|0.14;0001-01-01T00:00:06.026+01:00|W2|1.1|0.24|0.05|0.24|0.97;0001-01-01T00:00:06.026+01:00|W3|1.8|1.81|0.04|1.81|0.33;0001-01-01T00:00:06.026+01:00|W4|1.3|0.34|0.21|0.34|1.10;0001-01-01T00:00:06.026+01:00|W5|0.2|0.10|0.59|0.10|0.13;0001-01-01T00:00:06.026+01:00|W6|1.7|0.82|0.19|0.82|1.37;0001-01-01T00:00:06.026+01:00|W7|0.6|0.57|0.07|0.57|0.20;0001-01-01T00:00:06.026+01:00|W8|0.5|0.03|0.11|0.03|0.07;0001-01-01T00:00:06.026+01:00|W9|0.7|0.30|0.12|0.30|0.58;0001-01-01T00:00:06.026+01:00|W10|0.6|0.27|0.09|0.27|0.16;0001-01-01T00:00:06.026+01:00|W11|0.5|-0.16|0.02|-0.16|0.39;0001-01-01T00:00:06.026+01:00|W12|0.3|-0.28|0.06|-0.28|0.17"
45.00;5.59;0001-01-01T00:00:06.0240000+01:00;44.49;-0.31;-12.65;29.2;-2.590;-1.039;30.018;-24.728;10.630;-18.589;93.844;-43.576;103.522;"0001-01-01T00:00:06.026+01:00|W1|0.3|0.22|0.15|0.22|0.14;0001-01-01T00:00:06.026+01:00|W2|1.1|0.24|0.05|0.24|0.97;0001-01-01T00:00:06.026+01:00|W3|1.8|1.81|0.04|1.81|0.33;0001-01-01T00:00:06.026+01:00|W4|1.3|0.34|0.21|0.34|1.10;0001-01-01T00:00:06.026+01:00|W5|0.2|0.10|0.59|0.10|0.13;0001-01-01T00:00:06.026+01:00|W6|1.7|0.82|0.19|0.82|1.37;0001-01-01T00:00:06.026+01:00|W7|0.6|0.57|0.07|0.57|0.20;0001-01-01T00:00:06.026+01:00|W8|0.5|0.03|0.11|0.03|0.07;0001-01-01T00:00:06.026+01:00|W9|0.7|0.30|0.12|0.30|0.58;0001-01-01T00:00:06.026+01:00|W10|0.6|0.27|0.09|0.27|0.16;0001-01-01T00:00:06.026+01:00|W11|0.5|-0.16|0.02|-0.16|0.39;0001-01-01T00:00:06.026+01:00|W12|0.3|-0.28|0.06|-0.28|0.17"
46.00;5.54;0001-01-01T00:00:06.0580000+01:00;45.38;-0.34;-13.10;28.8;-2.588;-1.124;29.347;-25.031;10.260;-18.602;93.788;-44.061;103.678;"0001-01-01T00:00:06.026+01:00|W1|0.3|0.22|0.15|0.22|0.14;0001-01-01T00:00:06.026+01:00|W2|1.1|0.24|0.05|0.24|0.97;0001-01-01T00:00:06.026+01:00|W3|1.8|1.81|0.04|1.81|0.33;0001-01-01T00:00:06.026+01:00|W4|1.3|0.34|0.21|0.34|1.10;0001-01-01T00:00:06.026+01:00|W5|0.2|0.10|0.59|0.10|0.13;0001-01-01T00:00:06.026+01:00|W6|1.7|0.82|0.19|0.82|1.37;0001-01-01T00:00:06.026+01:00|W7|0.6|0.57|0.07|0.57|0.20;0001-01-01T00:00:06.026+01:00|W8|0.5|0.03|0.11|0.03|0.07;0001-01-01T00:00:06.026+01:00|W9|0.7|0.30|0.12|0.30|0.58;0001-01-01T00:00:06.026+01:00|W10|0.6|0.27|0.09|0.27|0.16;0001-01-01T00:00:06.026+01:00|W11|0.5|-0.16|0.02|-0.16|0.39;0001-01-01T00:00:06.026+01:00|W12|0.3|-0.28|0.06|-0.28|0.17"
47.00;5.49;0001-01-01T00:00:06.0930000+01:00;46.27;-0.38;-13.54;28.4;-2.587;-1.209;28.674;-25.335;9.889;-18.615;93.733;-44.546;103.837;"0001-01-01T00:00:06.026+01:00|W1|0.3|0.22|0.15|0.22|0.14;0001-01-01T00:00:06.026+01:00|W2|1.1|0.24|0.05|0.24|0.97;0001-01-01T00:00:06.026+01:00|W3|1.8|1.81|0.04|1.81|0.33;0001-01-01T00:00:06.026+01:00|W4|1.3|0.34|0.21|0.34|1.10;0001-01-01T00:00:06.026+01:00|W5|0.2|0.10|0.59|0.10|0.13;0001-01-01T00:00:06.026+01:00|W6|1.7|0.82|0.19|0.82|1.37;0001-01-01T00:00:06.026+01:00|W7|0.6|0.57|0.07|0.57|0.20;0001-01-01T00:00:06.026+01:00|W8|0.5|0.03|0.11|0.03|0.07;0001-01-01T00:00:06.026+01:00|W9|0.7|0.30|0.12|0.30|0.58;0001-01-01T00:00:06.026+01:00|W10|0.6|0.27|0.09|0.27|0.16;0001-01-01T00:00:06.026+01:00|W11|0.5|-0.16|0.02|-0.16|0.39;0001-01-01T00:00:06.026+01:00|W12|0.3|-0.28|0.06|-0.28|0.17"
48.00;5.44;0001-01-01T00:00:06.1280000+01:00;47.18;-0.41;-13.99;28.0;-2.586;-1.296;27.990;-25.644;9.513;-18.628;93.676;-45.039;104.000;"0001-01-01T00:00:06.026+01:00|W1|0.3|0.22|0.15|0.22|0.14;0001-01-01T00:00:06.026+01:00|W2|1.1|0.24|0.05|0.24|0.97;0001-01-01T00:00:06.026+01:00|W3|1.8|1.81|0.04|1.81|0.33;0001-01-01T00:00:06.026+01:00|W4|1.3|0.34|0.21|0.34|1.10;0001-01-01T00:00:06.026+01:00|W5|0.2|0.10|0.59|0.10|0.13;0001-01-01T00:00:06.026+01:00|W6|1.7|0.82|0.19|0.82|1.37;0001-01-01T00:00:06.026+01:00|W7|0.6|0.57|0.07|0.57|0.20;0001-01-01T00:00:06.026+01:00|W8|0.5|0.03|0.11|0.03|0.07;0001-01-01T00:00:06.026+01:00|W9|0.7|0.30|0.12|0.30|0.58;0001-01-01T00:00:06.026+01:00|W10|0.6|0.27|0.09|0.27|0.16;0001-01-01T00:00:06.026+01:00|W11|0.5|-0.16|0.02|-0.16|0.39;0001-01-01T00:00:06.026+01:00|W12|0.3|-0.28|0.06|-0.28|0.17"
49.00;5.39;0001-01-01T00:00:06.1630000+01:00;48.09;-0.45;-14.45;27.7;-2.585;-1.384;27.304;-25.954;9.134;-18.642;93.619;-45.534;104.166;"0001-01-01T00:00:06.277+01:00|W1|0.3|0.19|0.15|0.19|0.15;0001-01-01T00:00:06.277+01:00|W2|1.1|0.24|0.04|0.24|0.97;0001-01-01T00:00:06.277+01:00|W3|1.8|1.81|0.04|1.81|0.33;0001-01-01T00:00:06.277+01:00|W4|1.3|0.29|0.21|0.29|1.13;0001-01-01T00:00:06.277+01:00|W5|0.4|0.09|0.34|0.09|0.13;0001-01-01T00:00:06.277+01:00|W6|1.8|0.85|0.02|0.85|1.54;0001-01-01T00:00:06.277+01:00|W7|0.6|0.56|0.08|0.56|0.20;0001-01-01T00:00:06.277+01:00|W8|0.5|-0.04|0.10|-0.04|0.05;0001-01-01T00:00:06.277+01:00|W9|0.7|0.28|0.12|0.28|0.60;0001-01-01T00:00:06.277+01:00|W10|0.6|0.26|0.08|0.26|0.15;0001-01-01T00:00:06.277+01:00|W11|0.5|-0.18|0.02|-0.18|0.38;0001-01-01T00:00:06.277+01:00|W12|0.3|-0.28|0.06|-0.28|0.17"
50.00;5.35;0001-01-01T00:00:06.1980000+01:00;49.00;-0.49;-14.90;27.3;-2.583;-1.471;26.617;-26.264;8.756;-18.655;93.562;-46.030;104.335;"0001-01-01T00:00:06.277+01:00|W1|0.3|0.19|0.15|0.19|0.15;0001-01-01T00:00:06.277+01:00|W2|1.1|0.24|0.04|0.24|0.97;0001-01-01T00:00:06.277+01:00|W3|1.8|1.81|0.04|1.81|0.33;0001-01-01T00:00:06.277+01:00|W4|1.3|0.29|0.21|0.29|1.13;0001-01-01T00:00:06.277+01:00|W5|0.4|0.09|0.34|0.09|0.13;0001-01-01T00:00:06.277+01:00|W6|1.8|0.85|0.02|0.85|1.54;0001-01-01T00:00:06.277+01:00|W7|0.6|0.56|0.08|0.56|0.20;0001-01-01T00:00:06.277+01:00|W8|0.5|-0.04|0.10|-0.04|0.05;0001-01-01T00:00:06.277+01:00|W9|0.7|0.28|0.12|0.28|0.60;0001-01-01T00:00:06.277+01:00|W10|0.6|0.26|0.08|0.26|0.15;0001-01-01T00:00:06.277+01:00|W11|0.5|-0.18|0.02|-0.18|0.38;0001-01-01T00:00:06.277+01:00|W12|0.3|-0.28|0.06|-0.28|0.17"
51.00;5.32;0001-01-01T00:00:06.2330000+01:00;49.91;-0.52;-15.36;26.9;-2.582;-1.558;25.931;-26.574;8.378;-18.669;93.505;-46.525;104.505;"0001-01-01T00:00:06.277+01:00|W1|0.3|0.19|0.15|0.19|0.15;0001-01-01T00:00:06.277+01:00|W2|1.1|0.24|0.04|0.24|0.97;0001-01-01T00:00:06.277+01:00|W3|1.8|1.81|0.04|1.81|0.33;0001-01-01T00:00:06.277+01:00|W4|1.3|0.29|0.21|0.29|1.13;0001-01-01T00:00:06.277+01:00|W5|0.4|0.09|0.34|0.09|0.13;0001-01-01T00:00:06.277+01:00|W6|1.8|0.85|0.02|0.85|1.54;0001-01-01T00:00:06.277+01:00|W7|0.6|0.56|0.08|0.56|0.20;0001-01-01T00:00:06.277+01:00|W8|0.5|-0.04|0.10|-0.04|0.05;0001-01-01T00:00:06.277+01:00|W9|0.7|0.28|0.12|0.28|0.60;0001-01-01T00:00:06.277+01:00|W10|0.6|0.26|0.08|0.26|0.15;0001-01-01T00:00:06.277+01:00|W11|0.5|-0.18|0.02|-0.18|0.38;0001-01-01T00:00:06.277+01:00|W12|0.3|-0.28|0.06|-0.28|0.17"
52.00;5.28;0001-01-01T00:00:06.2680000+01:00;50.82;-0.56;-15.81;26.5;-2.581;-1.646;25.244;-26.884;8.000;-18.682;93.448;-47.020;104.678;"0001-01-01T00:00:06.277+01:00|W1|0.3|0.19|0.15|0.19|0.15;0001-01-01T00:00:06.277+01:00|W2|1.1|0.24|0.04|0.24|0.97;0001-01-01T00:00:06.277+01:00|W3|1.8|1.81|0.04|1.81|0.33;0001-01-01T00:00:06.277+01:00|W4|1.3|0.29|0.21|0.29|1.13;0001-01-01T00:00:06.277+01:00|W5|0.4|0.09|0.34|0.09|0.13;0001-01-01T00:00:06.277+01:00|W6|1.8|0.85|0.02|0.85|1.54;0001-01-01T00:00:06.277+01:00|W7|0.6|0.56|0.08|0.56|0.20;0001-01-01T00:00:06.277+01:00|W8|0.5|-0.04|0.10|-0.04|0.05;0001-01-01T00:00:06.277+01:00|W9|0.7|0.28|0.12|0.28|0.60;0001-01-01T00:00:06.277+01:00|W10|0.6|0.26|0.08|0.26|0.15;0001-01-01T00:00:06.277+01:00|W11|0.5|-0.18|0.02|-0.18|0.38;0001-01-01T00:00:06.277+01:00|W12|0.3|-0.28|0.06|-0.28|0.17"
53.00;5.25;0001-01-01T00:00:06.3030000+01:00;51.73;-0.59;-16.27;26.2;-2.580;-1.733;24.558;-27.194;7.621;-18.696;93.391;-47.516;104.852;"0001-01-01T00:00:06.277+01:00|W1|0.3|0.19|0.15|0.19|0.15;0001-01-01T00:00:06.277+01:00|W2|1.1|0.24|0.04|0.24|0.97;0001-01-01T00:00:06.277+01:00|W3|1.8|1.81|0.04|1.81|0.33;0001-01-01T00:00:06.277+01:00|W4|1.3|0.29|0.21|0.29|1.13;0001-01-01T00:00:06.277+01:00|W5|0.4|0.09|0.34|0.09|0.13;0001-01-01T00:00:06.277+01:00|W6|1.8|0.85|0.02|0.85|1.54;0001-01-01T00:00:06.277+01:00|W7|0.6|0.56|0.08|0.56|0.20;0001-01-01T00:00:06.277+01:00|W8|0.5|-0.04|0.10|-0.04|0.05;0001-01-01T00:00:06.277+01:00|W9|0.7|0.28|0.12|0.28|0.60;0001-01-01T00:00:06.277+01:00|W10|0.6|0.26|0.08|0.26|0.15;0001-01-01T00:00:06.277+01:00|W11|0.5|-0.18|0.02|-0.18|0.38;0001-01-01T00:00:06.277+01:00|W12|0.3|-0.28|0.06|-0.28|0.17"
54.00;5.23;0001-01-01T00:00:06.3380000+01:00;52.64;-0.63;-16.72;25.8;-2.578;-1.820;23.871;-27.504;7.243;-18.709;93.334;-48.011;105.029;"0001-01-01T00:00:06.277+01:00|W1|0.3|0.19|0.15|0.19|0.15;0001-01-01T00:00:06.277+01:00|W2|1.1|0.24|0.04|0.24|0.97;0001-01-01T00:00:06.277+01:00|W3|1.8|1.81|0.04|1.81|0.33;0001-01-01T00:00:06.277+01:00|W4|1.3|0.29|0.21|0.29|1.13;0001-01-01T00:00:06.277+01:00|W5|0.4|0.09|0.34|0.09|0.13;0001-01-01T00:00:06.277+01:00|W6|1.8|0.85|0.02|0.85|1.54;0001-01-01T00:00:06.277+01:00|W7|0.6|0.56|0.08|0.56|0.20;0001-01-01T00:00:06.277+01:00|W8|0.5|-0.04|0.10|-0.04|0.05;0001-01-01T00:00:06.277+01:00|W9|0.7|0.28|0.12|0.28|0.60;0001-01-01T00:00:06.277+01:00|W10|0.6|0.26|0.08|0.26|0.15;0001-01-01T00:00:06.277+01:00|W11|0.5|-0.18|0.02|-0.18|0.38;0001-01-01T00:00:06.277+01:00|W12|0.3|-0.28|0.06|-0.28|0.17"
55.00;5.20;0001-01-01T00:00:06.3730000+01:00;53.55;-0.66;-17.17;25.4;-2.577;-1.908;23.185;-27.814;6.865;-18.723;93.277;-48.506;105.208;"0001-01-01T00:00:06.277+01:00|W1|0.3|0.19|0.15|0.19|0.15;0001-01-01T00:00:06.277+01:00|W2|1.1|0.24|0.04|0.24|0.97;0001-01-01T00:00:06.277+01:00|W3|1.8|1.81|0.04|1.81|0.33;0001-01-01T00:00:06.277+01:00|W4|1.3|0.29|0.21|0.29|1.13;0001-01-01T00:00:06.277+01:00|W5|0.4|0.09|0.34|0.09|0.13;0001-01-01T00:00:06.277+01:00|W6|1.8|0.85|0.02|0.85|1.54;0001-01-01T00:00:06.277+01:00|W7|0.6|0.56|0.08|0.56|0.20;0001-01-01T00:00:06.277+01:00|W8|0.5|-0.04|0.10|-0.04|0.05;0001-01-01T00:00:06.277+01:00|W9|0.7|0.28|0.12|0.28|0.60;0001-01-01T00:00:06.277+01:00|W10|0.6|0.26|0.08|0.26|0.15;0001-01-01T00:00:06.277+01:00|W11|0.5|-0.18|0.02|-0.18|0.38;0001-01-01T00:00:06.277+01:00|W12|0.3|-0.28|0.06|-0.28|0.17"
56.00;5.18;0001-01-01T00:00:06.4080000+01:00;54.46;-0.70;-17.64;25.1;-2.543;-1.995;22.826;-28.124;6.605;-18.736;93.213;-48.972;105.367;"0001-01-01T00:00:06.528+01:00|W1|0.3|0.29|0.05|0.29|0.10;0001-01-01T00:00:06.528+01:00|W2|1.1|0.23|0.04|0.23|0.97;0001-01-01T00:00:06.528+01:00|W3|1.8|1.76|0.00|1.76|0.43;0001-01-01T00:00:06.528+01:00|W4|1.4|0.37|0.24|0.37|1.15;0001-01-01T00:00:06.528+01:00|W5|0.5|0.43|0.18|0.43|0.02;0001-01-01T00:00:06.528+01:00|W6|2.0|0.84|0.14|0.84|1.71;0001-01-01T00:00:06.528+01:00|W7|0.6|0.52|0.10|0.52|0.21;0001-01-01T00:00:06.528+01:00|W8|0.5|-0.04|0.05|-0.04|0.02;0001-01-01T00:00:06.528+01:00|W9|0.8|0.31|0.18|0.31|0.69;0001-01-01T00:00:06.528+01:00|W10|0.5|0.13|0.01|0.13|0.05;0001-01-01T00:00:06.528+01:00|W11|0.4|-0.19|0.04|-0.19|0.36;0001-01-01T00:00:06.528+01:00|W12|0.4|-0.19|0.08|-0.19|0.27"
57.00;5.13;0001-01-01T00:00:06.4430000+01:00;55.35;-0.74;-18.12;25.2;-2.417;-2.082;23.376;-28.433;6.674;-18.750;93.128;-49.355;105.469;"0001-01-01T00:00:06.528+01:00|W1|0.3|0.29|0.05|0.29|0.10;0001-01-01T00:00:06.528+01:00|W2|1.1|0.23|0.04|0.23|0.97;0001-01-01T00:00:06.528+01:00|W3|1.8|1.76|0.00|1.76|0.43;0001-01-01T00:00:06.528+01:00|W4|1.4|0.37|0.24|0.37|1.15;0001-01-01T00:00:06.528+01:00|W5|0.5|0.43|0.18|0.43|0.02;0001-01-01T00:00:06.528+01:00|W6|2.0|0.84|0.14|0.84|1.71;0001-01-01T00:00:06.528+01:00|W7|0.6|0.52|0.10|0.52|0.21;0001-01-01T00:00:06.528+01:00|W8|0.5|-0.04|0.05|-0.04|0.02;0001-01-01T00:00:06.528+01:00|W9|0.8|0.31|0.18|0.31|0.69;0001-01-01T00:00:06.528+01:00|W10|0.5|0.13|0.01|0.13|0.05;0001-01-01T00:00:06.528+01:00|W11|0.4|-0.19|0.04|-0.19|0.36;0001-01-01T00:00:06.528+01:00|W12|0.4|-0.19|0.08|-0.19|0.27"
58.00;5.09;0001-01-01T00:00:06.4780000+01:00;56.25;-0.77;-18.60;25.3;-2.290;-2.169;23.927;-28.742;6.744;-18.763;93.043;-49.738;105.572;"0001-01-01T00:00:06.528+01:00|W1|0.3|0.29|0.05|0.29|0.10;0001-01-01T00:00:06.528+01:00|W2|1.1|0.23|0.04|0.23|0.97;0001-01-01T00:00:06.528+01:00|W3|1.8|1.76|0.00|1.76|0.43;0001-01-01T00:00:06.528+01:00|W4|1.4|0.37|0.24|0.37|1.15;0001-01-01T00:00:06.528+01:00|W5|0.5|0.43|0.18|0.43|0.02;0001-01-01T00:00:06.528+01:00|W6|2.0|0.84|0.14|0.84|1.71;0001-01-01T00:00:06.528+01:00|W7|0.6|0.52|0.10|0.52|0.21;0001-01-01T00:00:06.528+01:00|W8|0.5|-0.04|0.05|-0.04|0.02;0001-01-01T00:00:06.528+01:00|W9|0.8|0.31|0.18|0.31|0.69;0001-01-01T00:00:06.528+01:00|W10|0.5|0.13|0.01|0.13|0.05;0001-01-01T00:00:06.528+01:00|W11|0.4|-0.19|0.04|-0.19|0.36;0001-01-01T00:00:06.528+01:00|W12|0.4|-0.19|0.08|-0.19|0.27"
59.00;5.05;0001-01-01T00:00:06.5130000+01:00;57.15;-0.81;-19.08;25.4;-2.198;-2.256;24.682;-29.050;6.888;-18.777;92.958;-50.106;105.671;"0001-01-01T00:00:06.528+01:00|W1|0.3|0.29|0.05|0.29|0.10;0001-01-01T00:00:06.528+01:00|W2|1.1|0.23|0.04|0.23|0.97;0001-01-01T00:00:06.528+01:00|W3|1.8|1.76|0.00|1.76|0.43;0001-01-01T00:00:06.528+01:00|W4|1.4|0.37|0.24|0.37|1.15;0001-01-01T00:00:06.528+01:00|W5|0.5|0.43|0.18|0.43|0.02;0001-01-01T00:00:06.528+01:00|W6|2.0|0.84|0.14|0.84|1.71;0001-01-01T00:00:06.528+01:00|W7|0.6|0.52|0.10|0.52|0.21;0001-01-01T00:00:06.528+01:00|W8|0.5|-0.04|0.05|-0.04|0.02;0001-01-01T00:00:06.528+01:00|W9|0.8|0.31|0.18|0.31|0.69;0001-01-01T00:00:06.528+01:00|W10|0.5|0.13|0.01|0.13|0.05;0001-01-01T00:00:06.528+01:00|W11|0.4|-0.19|0.04|-0.19|0.36;0001-01-01T00:00:06.528+01:00|W12|0.4|-0.19|0.08|-0.19|0.27"
60.00;5.01;0001-01-01T00:00:06.5480000+01:00;58.04;-0.85;-19.57;25.7;-2.156;-2.342;25.744;-29.357;7.142;-18.790;92.874;-50.450;105.762;"0001-01-01T00:00:06.528+01:00|W1|0.3|0.29|0.05|0.29|0.10;0001-01-01T00:00:06.528+01:00|W2|1.1|0.23|0.04|0.23|0.97;0001-01-01T00:00:06.528+01:00|W3|1.8|1.76|0.00|1.76|0.43;0001-01-01T00:00:06.528+01:00|W4|1.4|0.37|0.24|0.37|1.15;0001-01-01T00:00:06.528+01:00|W5|0.5|0.43|0.18|0.43|0.02;0001-01-01T00:00:06.528+01:00|W6|2.0|0.84|0.14|0.84|1.71;0001-01-01T00:00:06.528+01:00|W7|0.6|0.52|0.10|0.52|0.21;0001-01-01T00:00:06.528+01:00|W8|0.5|-0.04|0.05|-0.04|0.02;0001-01-01T00:00:06.528+01:00|W9|0.8|0.31|0.18|0.31|0.69;0001-01-01T00:00:06.528+01:00|W10|0.5|0.13|0.01|0.13|0.05;0001-01-01T00:00:06.528+01:00|W11|0.4|-0.19|0.04|-0.19|0.36;0001-01-01T00:00:06.528+01:00|W12|0.4|-0.19|0.08|-0.19|0.27"
61.00;4.98;0001-01-01T00:00:06.5820000+01:00;58.93;-0.89;-20.05;25.9;-2.114;-2.429;26.806;-29.665;7.397;-18.803;92.789;-50.794;105.854;"0001-01-01T00:00:06.528+01:00|W1|0.3|0.29|0.05|0.29|0.10;0001-01-01T00:00:06.528+01:00|W2|1.1|0.23|0.04|0.23|0.97;0001-01-01T00:00:06.528+01:00|W3|1.8|1.76|0.00|1.76|0.43;0001-01-01T00:00:06.528+01:00|W4|1.4|0.37|0.24|0.37|1.15;0001-01-01T00:00:06.528+01:00|W5|0.5|0.43|0.18|0.43|0.02;0001-01-01T00:00:06.528+01:00|W6|2.0|0.84|0.14|0.84|1.71;0001-01-01T00:00:06.528+01:00|W7|0.6|0.52|0.10|0.52|0.21;0001-01-01T00:00:06.528+01:00|W8|0.5|-0.04|0.05|-0.04|0.02;0001-01-01T00:00:06.528+01:00|W9|0.8|0.31|0.18|0.31|0.69;0001-01-01T00:00:06.528+01:00|W10|0.5|0.13|0.01|0.13|0.05;0001-01-01T00:00:06.528+01:00|W11|0.4|-0.19|0.04|-0.19|0.36;0001-01-01T00:00:06.528+01:00|W12|0.4|-0.19|0.08|-0.19|0.27"
62.00;4.94;0001-01-01T00:00:06.6170000+01:00;59.83;-0.92;-20.54;26.3;-2.257;-2.515;28.090;-29.972;7.736;-18.817;92.744;-51.157;105.989;"0001-01-01T00:00:06.528+01:00|W1|0.3|0.29|0.05|0.29|0.10;0001-01-01T00:00:06.528+01:00|W2|1.1|0.23|0.04|0.23|0.97;0001-01-01T00:00:06.528+01:00|W3|1.8|1.76|0.00|1.76|0.43;0001-01-01T00:00:06.528+01:00|W4|1.4|0.37|0.24|0.37|1.15;0001-01-01T00:00:06.528+01:00|W5|0.5|0.43|0.18|0.43|0.02;0001-01-01T00:00:06.528+01:00|W6|2.0|0.84|0.14|0.84|1.71;0001-01-01T00:00:06.528+01:00|W7|0.6|0.52|0.10|0.52|0.21;0001-01-01T00:00:06.528+01:00|W8|0.5|-0.04|0.05|-0.04|0.02;0001-01-01T00:00:06.528+01:00|W9|0.8|0.31|0.18|0.31|0.69;0001-01-01T00:00:06.528+01:00|W10|0.5|0.13|0.01|0.13|0.05;0001-01-01T00:00:06.528+01:00|W11|0.4|-0.19|0.04|-0.19|0.36;0001-01-01T00:00:06.528+01:00|W12|0.4|-0.19|0.08|-0.19|0.27"
63.00;4.90;0001-01-01T00:00:06.6520000+01:00;60.72;-0.96;-21.04;26.7;-2.579;-2.602;29.583;-30.279;8.149;-18.830;92.734;-51.538;106.164;"0001-01-01T00:00:06.773+01:00|W1|0.4|0.32|0.01|0.32|0.07;0001-01-01T00:00:06.773+01:00|W2|1.1|0.24|0.03|0.24|0.97;0001-01-01T00:00:06.773+01:00|W3|1.8|1.77|0.01|1.77|0.48;0001-01-01T00:00:06.773+01:00|W4|1.3|0.41|0.18|0.41|1.11;0001-01-01T00:00:06.773+01:00|W5|0.8|0.53|0.09|0.53|0.52;0001-01-01T00:00:06.773+01:00|W6|1.7|0.92|0.05|0.92|1.46;0001-01-01T00:00:06.773+01:00|W7|0.5|0.45|0.12|0.45|0.30;0001-01-01T00:00:06.773+01:00|W8|0.4|-0.01|0.05|-0.01|0.09;0001-01-01T00:00:06.773+01:00|W9|0.8|0.31|0.21|0.31|0.75;0001-01-01T00:00:06.773+01:00|W10|0.5|0.17|0.08|0.17|0.03;0001-01-01T00:00:06.773+01:00|W11|0.4|-0.22|0.03|-0.22|0.34;0001-01-01T00:00:06.773+01:00|W12|0.4|-0.15|0.07|-0.15|0.27"
64.00;4.86;0001-01-01T00:00:06.6860000+01:00;61.60;-1.00;-21.54;27.1;-3.015;-2.688;31.159;-30.585;8.554;-18.844;92.725;-51.917;106.343;"0001-01-01T00:00:06.773+01:00|W1|0.4|0.32|0.01|0.32|0.07;0001-01-01T00:00:06.773+01:00|W2|1.1|0.24|0.03|0.24|0.97;0001-01-01T00:00:06.773+01:00|W3|1.8|1.77|0.01|1.77|0.48;0001-01-01T00:00:06.773+01:00|W4|1.3|0.41|0.18|0.41|1.11;0001-01-01T00:00:06.773+01:00|W5|0.8|0.53|0.09|0.53|0.52;0001-01-01T00:00:06.773+01:00|W6|1.7|0.92|0.05|0.92|1.46;0001-01-01T00:00:06.773+01:00|W7|0.5|0.45|0.12|0.45|0.30;0001-01-01T00:00:06.773+01:00|W8|0.4|-0.01|0.05|-0.01|0.09;0001-01-01T00:00:06.773+01:00|W9|0.8|0.31|0.21|0.31|0.75;0001-01-01T00:00:06.773+01:00|W10|0.5|0.17|0.08|0.17|0.03;0001-01-01T00:00:06.773+01:00|W11|0.4|-0.22|0.03|-0.22|0.34;0001-01-01T00:00:06.773+01:00|W12|0.4|-0.15|0.07|-0.15|0.27"
65.00;4.82;0001-01-01T00:00:06.7210000+01:00;62.49;-1.04;-22.04;27.5;-3.564;-2.774;32.551;-30.890;9.025;-18.857;92.794;-52.343;106.616;"0001-01-01T00:00:06.773+01:00|W1|0.4|0.32|0.01|0.32|0.07;0001-01-01T00:00:06.773+01:00|W2|1.1|0.24|0.03|0.24|0.97;0001-01-01T00:00:06.773+01:00|W3|1.8|1.77|0.01|1.77|0.48;0001-01-01T00:00:06.773+01:00|W4|1.3|0.41|0.18|0.41|1.11;0001-01-01T00:00:06.773+01:00|W5|0.8|0.53|0.09|0.53|0.52;0001-01-01T00:00:06.773+01:00|W6|1.7|0.92|0.05|0.92|1.46;0001-01-01T00:00:06.773+01:00|W7|0.5|0.45|0.12|0.45|0.30;0001-01-01T00:00:06.773+01:00|W8|0.4|-0.01|0.05|-0.01|0.09;0001-01-01T00:00:06.773+01:00|W9|0.8|0.31|0.21|0.31|0.75;0001-01-01T00:00:06.773+01:00|W10|0.5|0.17|0.08|0.17|0.03;0001-01-01T00:00:06.773+01:00|W11|0.4|-0.22|0.03|-0.22|0.34;0001-01-01T00:00:06.773+01:00|W12|0.4|-0.15|0.07|-0.15|0.27"
66.00;4.78;0001-01-01T00:00:06.7550000+01:00;63.37;-1.08;-22.55;28.0;-4.164;-2.859;33.946;-31.194;9.507;-18.870;92.886;-52.791;106.921;"0001-01-01T00:00:06.773+01:00|W1|0.4|0.32|0.01|0.32|0.07;0001-01-01T00:00:06.773+01:00|W2|1.1|0.24|0.03|0.24|0.97;0001-01-01T00:00:06.773+01:00|W3|1.8|1.77|0.01|1.77|0.48;0001-01-01T00:00:06.773+01:00|W4|1.3|0.41|0.18|0.41|1.11;0001-01-01T00:00:06.773+01:00|W5|0.8|0.53|0.09|0.53|0.52;0001-01-01T00:00:06.773+01:00|W6|1.7|0.92|0.05|0.92|1.46;0001-01-01T00:00:06.773+01:00|W7|0.5|0.45|0.12|0.45|0.30;0001-01-01T00:00:06.773+01:00|W8|0.4|-0.01|0.05|-0.01|0.09;0001-01-01T00:00:06.773+01:00|W9|0.8|0.31|0.21|0.31|0.75;0001-01-01T00:00:06.773+01:00|W10|0.5|0.17|0.08|0.17|0.03;0001-01-01T00:00:06.773+01:00|W11|0.4|-0.22|0.03|-0.22|0.34;0001-01-01T00:00:06.773+01:00|W12|0.4|-0.15|0.07|-0.15|0.27"
67.00;4.75;0001-01-01T00:00:06.7900000+01:00;64.26;-1.12;-23.05;28.4;-4.707;-2.945;35.815;-31.497;9.876;-18.883;92.876;-53.216;107.128;"0001-01-01T00:00:06.773+01:00|W1|0.4|0.32|0.01|0.32|0.07;0001-01-01T00:00:06.773+01:00|W2|1.1|0.24|0.03|0.24|0.97;0001-01-01T00:00:06.773+01:00|W3|1.8|1.77|0.01|1.77|0.48;0001-01-01T00:00:06.773+01:00|W4|1.3|0.41|0.18|0.41|1.11;0001-01-01T00:00:06.773+01:00|W5|0.8|0.53|0.09|0.53|0.52;0001-01-01T00:00:06.773+01:00|W6|1.7|0.92|0.05|0.92|1.46;0001-01-01T00:00:06.773+01:00|W7|0.5|0.45|0.12|0.45|0.30;0001-01-01T00:00:06.773+01:00|W8|0.4|-0.01|0.05|-0.01|0.09;0001-01-01T00:00:06.773+01:00|W9|0.8|0.31|0.21|0.31|0.75;0001-01-01T00:00:06.773+01:00|W10|0.5|0.17|0.08|0.17|0.03;0001-01-01T00:00:06.773+01:00|W11|0.4|-0.22|0.03|-0.22|0.34;0001-01-01T00:00:06.773+01:00|W12|0.4|-0.15|0.07|-0.15|0.27"
68.00;4.72;0001-01-01T00:00:06.8240000+01:00;65.14;-1.16;-23.56;28.7;-5.187;-3.030;37.277;-31.800;10.174;-18.896;92.903;-53.946;107.522;"0001-01-01T00:00:06.773+01:00|W1|0.4|0.32|0.01|0.32|0.07;0001-01-01T00:00:06.773+01:00|W2|1.1|0.24|0.03|0.24|0.97;0001-01-01T00:00:06.773+01:00|W3|1.8|1.77|0.01|1.77|0.48;0001-01-01T00:00:06.773+01:00|W4|1.3|0.41|0.18|0.41|1.11;0001-01-01T00:00:06.773+01:00|W5|0.8|0.53|0.09|0.53|0.52;0001-01-01T00:00:06.773+01:00|W6|1.7|0.92|0.05|0.92|1.46;0001-01-01T00:00:06.773+01:00|W7|0.5|0.45|0.12|0.45|0.30;0001-01-01T00:00:06.773+01:00|W8|0.4|-0.01|0.05|-0.01|0.09;0001-01-01T00:00:06.773+01:00|W9|0.8|0.31|0.21|0.31|0.75;0001-01-01T00:00:06.773+01:00|W10|0.5|0.17|0.08|0.17|0.03;0001-01-01T00:00:06.773+01:00|W11|0.4|-0.22|0.03|-0.22|0.34;0001-01-01T00:00:06.773+01:00|W12|0.4|-0.15|0.07|-0.15|0.27"
69.00;4.68;0001-01-01T00:00:06.8580000+01:00;66.02;-1.20;-24.07;29.0;-5.663;-3.115;38.251;-32.103;10.454;-18.910;92.930;-54.724;107.943;"0001-01-01T00:00:06.773+01:00|W1|0.4|0.32|0.01|0.32|0.07;0001-01-01T00:00:06.773+01:00|W2|1.1|0.24|0.03|0.24|0.97;0001-01-01T00:00:06.773+01:00|W3|1.8|1.77|0.01|1.77|0.48;0001-01-01T00:00:06.773+01:00|W4|1.3|0.41|0.18|0.41|1.11;0001-01-01T00:00:06.773+01:00|W5|0.8|0.53|0.09|0.53|0.52;0001-01-01T00:00:06.773+01:00|W6|1.7|0.92|0.05|0.92|1.46;0001-01-01T00:00:06.773+01:00|W7|0.5|0.45|0.12|0.45|0.30;0001-01-01T00:00:06.773+01:00|W8|0.4|-0.01|0.05|-0.01|0.09;0001-01-01T00:00:06.773+01:00|W9|0.8|0.31|0.21|0.31|0.75;0001-01-01T00:00:06.773+01:00|W10|0.5|0.17|0.08|0.17|0.03;0001-01-01T00:00:06.773+01:00|W11|0.4|-0.22|0.03|-0.22|0.34;0001-01-01T00:00:06.773+01:00|W12|0.4|-0.15|0.07|-0.15|0.27"
70.00;4.63;0001-01-01T00:00:06.8920000+01:00;66.89;-1.25;-24.60;29.2;-6.192;-3.200;38.312;-32.403;10.761;-18.923;92.920;-55.317;108.241;"0001-01-01T00:00:06.773+01:00|W1|0.4|0.32|0.01|0.32|0.07;0001-01-01T00:00:06.773+01:00|W2|1.1|0.24|0.03|0.24|0.97;0001-01-01T00:00:06.773+01:00|W3|1.8|1.77|0.01|1.77|0.48;0001-01-01T00:00:06.773+01:00|W4|1.3|0.41|0.18|0.41|1.11;0001-01-01T00:00:06.773+01:00|W5|0.8|0.53|0.09|0.53|0.52;0001-01-01T00:00:06.773+01:00|W6|1.7|0.92|0.05|0.92|1.46;0001-01-01T00:00:06.773+01:00|W7|0.5|0.45|0.12|0.45|0.30;0001-01-01T00:00:06.773+01:00|W8|0.4|-0.01|0.05|-0.01|0.09;0001-01-01T00:00:06.773+01:00|W9|0.8|0.31|0.21|0.31|0.75;0001-01-01T00:00:06.773+01:00|W10|0.5|0.17|0.08|0.17|0.03;0001-01-01T00:00:06.773+01:00|W11|0.4|-0.22|0.03|-0.22|0.34;0001-01-01T00:00:06.773+01:00|W12|0.4|-0.15|0.07|-0.15|0.27"
71.00;4.59;0001-01-01T00:00:06.9260000+01:00;67.76;-1.29;-25.13;29.4;-6.719;-3.284;38.868;-32.703;10.912;-18.936;92.989;-56.026;108.665;"0001-01-01T00:00:07.024+01:00|W1|0.4|0.32|0.01|0.32|0.07;0001-01-01T00:00:07.024+01:00|W2|1.1|0.23|0.01|0.23|0.96;0001-01-01T00:00:07.024+01:00|W3|1.8|1.77|0.01|1.77|0.48;0001-01-01T00:00:07.024+01:00|W4|1.3|0.41|0.18|0.41|1.11;0001-01-01T00:00:07.024+01:00|W5|0.8|0.53|0.09|0.53|0.52;0001-01-01T00:00:07.024+01:00|W6|1.7|0.92|0.05|0.92|1.46;0001-01-01T00:00:07.024+01:00|W7|0.5|0.45|0.12|0.45|0.30;0001-01-01T00:00:07.024+01:00|W8|0.4|-0.01|0.05|-0.01|0.09;0001-01-01T00:00:07.024+01:00|W9|0.8|0.31|0.21|0.31|0.75;0001-01-01T00:00:07.024+01:00|W10|0.5|0.17|0.08|0.17|0.03;0001-01-01T00:00:07.024+01:00|W11|0.4|-0.22|0.03|-0.22|0.34;0001-01-01T00:00:07.024+01:00|W12|0.4|-0.15|0.07|-0.15|0.27"
72.00;4.55;0001-01-01T00:00:06.9600000+01:00;68.63;-1.34;-25.65;29.5;-7.223;-3.368;39.113;-33.002;10.988;-18.949;93.054;-56.762;109.104;"0001-01-01T00:00:07.024+01:00|W1|0.4|0.32|0.01|0.32|0.07;0001-01-01T00:00:07.024+01:00|W2|1.1|0.23|0.01|0.23|0.96;0001-01-01T00:00:07.024+01:00|W3|1.8|1.77|0.01|1.77|0.48;0001-01-01T00:00:07.024+01:00|W4|1.3|0.41|0.18|0.41|1.11;0001-01-01T00:00:07.024+01:00|W5|0.8|0.53|0.09|0.53|0.52;0001-01-01T00:00:07.024+01:00|W6|1.7|0.92|0.05|0.92|1.46;0001-01-01T00:00:07.024+01:00|W7|0.5|0.45|0.12|0.45|0.30;0001-01-01T00:00:07.024+01:00|W8|0.4|-0.01|0.05|-0.01|0.09;0001-01-01T00:00:07.024+01:00|W9|0.8|0.31|0.21|0.31|0.75;0001-01-01T00:00:07.024+01:00|W10|0.5|0.17|0.08|0.17|0.03;0001-01-01T00:00:07.024+01:00|W11|0.4|-0.22|0.03|-0.22|0.34;0001-01-01T00:00:07.024+01:00|W12|0.4|-0.15|0.07|-0.15|0.27"
73.00;4.51;0001-01-01T00:00:06.9930000+01:00;69.50;-1.38;-26.19;29.5;-7.681;-3.452;38.432;-33.298;10.995;-18.962;93.068;-57.492;109.504;"0001-01-01T00:00:07.024+01:00|W1|0.4|0.32|0.01|0.32|0.07;0001-01-01T00:00:07.024+01:00|W2|1.1|0.23|0.01|0.23|0.96;0001-01-01T00:00:07.024+01:00|W3|1.8|1.77|0.01|1.77|0.48;0001-01-01T00:00:07.024+01:00|W4|1.3|0.41|0.18|0.41|1.11;0001-01-01T00:00:07.024+01:00|W5|0.8|0.53|0.09|0.53|0.52;0001-01-01T00:00:07.024+01:00|W6|1.7|0.92|0.05|0.92|1.46;0001-01-01T00:00:07.024+01:00|W7|0.5|0.45|0.12|0.45|0.30;0001-01-01T00:00:07.024+01:00|W8|0.4|-0.01|0.05|-0.01|0.09;0001-01-01T00:00:07.024+01:00|W9|0.8|0.31|0.21|0.31|0.75;0001-01-01T00:00:07.024+01:00|W10|0.5|0.17|0.08|0.17|0.03;0001-01-01T00:00:07.024+01:00|W11|0.4|-0.22|0.03|-0.22|0.34;0001-01-01T00:00:07.024+01:00|W12|0.4|-0.15|0.07|-0.15|0.27"
74.00;4.46;0001-01-01T00:00:07.0270000+01:00;70.36;-1.43;-26.73;29.3;-8.044;-3.535;37.204;-33.594;10.880;-18.975;93.143;-58.208;109.949;"0001-01-01T00:00:07.024+01:00|W1|0.4|0.32|0.01|0.32|0.07;0001-01-01T00:00:07.024+01:00|W2|1.1|0.23|0.01|0.23|0.96;0001-01-01T00:00:07.024+01:00|W3|1.8|1.77|0.01|1.77|0.48;0001-01-01T00:00:07.024+01:00|W4|1.3|0.41|0.18|0.41|1.11;0001-01-01T00:00:07.024+01:00|W5|0.8|0.53|0.09|0.53|0.52;0001-01-01T00:00:07.024+01:00|W6|1.7|0.92|0.05|0.92|1.46;0001-01-01T00:00:07.024+01:00|W7|0.5|0.45|0.12|0.45|0.30;0001-01-01T00:00:07.024+01:00|W8|0.4|-0.01|0.05|-0.01|0.09;0001-01-01T00:00:07.024+01:00|W9|0.8|0.31|0.21|0.31|0.75;0001-01-01T00:00:07.024+01:00|W10|0.5|0.17|0.08|0.17|0.03;0001-01-01T00:00:07.024+01:00|W11|0.4|-0.22|0.03|-0.22|0.34;0001-01-01T00:00:07.024+01:00|W12|0.4|-0.15|0.07|-0.15|0.27"
75.00;4.41;0001-01-01T00:00:07.0600000+01:00;71.22;-1.48;-27.27;29.2;-8.387;-3.618;35.864;-33.889;10.739;-18.987;93.230;-58.923;110.406;"0001-01-01T00:00:07.024+01:00|W1|0.4|0.32|0.01|0.32|0.07;0001-01-01T00:00:07.024+01:00|W2|1.1|0.23|0.01|0.23|0.96;0001-01-01T00:00:07.024+01:00|W3|1.8|1.77|0.01|1.77|0.48;0001-01-01T00:00:07.024+01:00|W4|1.3|0.41|0.18|0.41|1.11;0001-01-01T00:00:07.024+01:00|W5|0.8|0.53|0.09|0.53|0.52;0001-01-01T00:00:07.024+01:00|W6|1.7|0.92|0.05|0.92|1.46;0001-01-01T00:00:07.024+01:00|W7|0.5|0.45|0.12|0.45|0.30;0001-01-01T00:00:07.024+01:00|W8|0.4|-0.01|0.05|-0.01|0.09;0001-01-01T00:00:07.024+01:00|W9|0.8|0.31|0.21|0.31|0.75;0001-01-01T00:00:07.024+01:00|W10|0.5|0.17|0.08|0.17|0.03;0001-01-01T00:00:07.024+01:00|W11|0.4|-0.22|0.03|-0.22|0.34;0001-01-01T00:00:07.024+01:00|W12|0.4|-0.15|0.07|-0.15|0.27"
76.00;4.37;0001-01-01T00:00:07.0930000+01:00;72.08;-1.52;-27.81;29.0;-8.730;-3.701;34.524;-34.183;10.599;-19.000;93.317;-59.637;110.866;"0001-01-01T00:00:07.024+01:00|W1|0.4|0.32|0.01|0.32|0.07;0001-01-01T00:00:07.024+01:00|W2|1.1|0.23|0.01|0.23|0.96;0001-01-01T00:00:07.024+01:00|W3|1.8|1.77|0.01|1.77|0.48;0001-01-01T00:00:07.024+01:00|W4|1.3|0.41|0.18|0.41|1.11;0001-01-01T00:00:07.024+01:00|W5|0.8|0.53|0.09|0.53|0.52;0001-01-01T00:00:07.024+01:00|W6|1.7|0.92|0.05|0.92|1.46;0001-01-01T00:00:07.024+01:00|W7|0.5|0.45|0.12|0.45|0.30;0001-01-01T00:00:07.024+01:00|W8|0.4|-0.01|0.05|-0.01|0.09;0001-01-01T00:00:07.024+01:00|W9|0.8|0.31|0.21|0.31|0.75;0001-01-01T00:00:07.024+01:00|W10|0.5|0.17|0.08|0.17|0.03;0001-01-01T00:00:07.024+01:00|W11|0.4|-0.22|0.03|-0.22|0.34;0001-01-01T00:00:07.024+01:00|W12|0.4|-0.15|0.07|-0.15|0.27"
77.00;4.32;0001-01-01T00:00:07.1260000+01:00;72.93;-1.57;-28.36;28.6;-8.842;-3.783;33.285;-34.476;10.170;-19.013;93.403;-60.098;111.196;"0001-01-01T00:00:07.024+01:00|W1|0.4|0.32|0.01|0.32|0.07;0001-01-01T00:00:07.024+01:00|W2|1.1|0.23|0.01|0.23|0.96;0001-01-01T00:00:07.024+01:00|W3|1.8|1.77|0.01|1.77|0.48;0001-01-01T00:00:07.024+01:00|W4|1.3|0.41|0.18|0.41|1.11;0001-01-01T00:00:07.024+01:00|W5|0.8|0.53|0.09|0.53|0.52;0001-01-01T00:00:07.024+01:00|W6|1.7|0.92|0.05|0.92|1.46;0001-01-01T00:00:07.024+01:00|W7|0.5|0.45|0.12|0.45|0.30;0001-01-01T00:00:07.024+01:00|W8|0.4|-0.01|0.05|-0.01|0.09;0001-01-01T00:00:07.024+01:00|W9|0.8|0.31|0.21|0.31|0.75;0001-01-01T00:00:07.024+01:00|W10|0.5|0.17|0.08|0.17|0.03;0001-01-01T00:00:07.024+01:00|W11|0.4|-0.22|0.03|-0.22|0.34;0001-01-01T00:00:07.024+01:00|W12|0.4|-0.15|0.07|-0.15|0.27"
78.00;4.27;0001-01-01T00:00:07.1590000+01:00;73.78;-1.62;-28.92;28.1;-8.867;-3.866;32.022;-34.767;9.634;-19.026;93.474;-60.488;111.474;"0001-01-01T00:00:07.277+01:00|W1|0.4|0.42|0.07|0.42|0.03;0001-01-01T00:00:07.277+01:00|W2|1.1|0.22|0.01|0.22|0.96;0001-01-01T00:00:07.277+01:00|W3|1.7|1.65|0.13|1.65|0.47;0001-01-01T00:00:07.277+01:00|W4|1.3|0.47|0.15|0.47|1.09;0001-01-01T00:00:07.277+01:00|W5|0.9|0.47|0.25|0.47|0.76;0001-01-01T00:00:07.277+01:00|W6|1.6|1.00|0.10|1.00|1.30;0001-01-01T00:00:07.277+01:00|W7|0.5|0.42|0.11|0.42|0.33;0001-01-01T00:00:07.277+01:00|W8|0.4|0.06|0.03|0.06|0.08;0001-01-01T00:00:07.277+01:00|W9|0.9|0.30|0.24|0.30|0.83;0001-01-01T00:00:07.277+01:00|W10|0.4|0.29|0.12|0.29|0.18;0001-01-01T00:00:07.277+01:00|W11|0.4|-0.23|0.03|-0.23|0.33;0001-01-01T00:00:07.277+01:00|W12|0.3|-0.14|0.01|-0.14|0.17"
79.00;4.22;0001-01-01T00:00:07.1920000+01:00;74.63;-1.67;-29.48;27.4;-8.808;-3.947;30.659;-35.058;8.994;-19.038;93.512;-60.838;111.695;"0001-01-01T00:00:07.277+01:00|W1|0.4|0.42|0.07|0.42|0.03;0001-01-01T00:00:07.277+01:00|W2|1.1|0.22|0.01|0.22|0.96;0001-01-01T00:00:07.277+01:00|W3|1.7|1.65|0.13|1.65|0.47;0001-01-01T00:00:07.277+01:00|W4|1.3|0.47|0.15|0.47|1.09;0001-01-01T00:00:07.277+01:00|W5|0.9|0.47|0.25|0.47|0.76;0001-01-01T00:00:07.277+01:00|W6|1.6|1.00|0.10|1.00|1.30;0001-01-01T00:00:07.277+01:00|W7|0.5|0.42|0.11|0.42|0.33;0001-01-01T00:00:07.277+01:00|W8|0.4|0.06|0.03|0.06|0.08;0001-01-01T00:00:07.277+01:00|W9|0.9|0.30|0.24|0.30|0.83;0001-01-01T00:00:07.277+01:00|W10|0.4|0.29|0.12|0.29|0.18;0001-01-01T00:00:07.277+01:00|W11|0.4|-0.23|0.03|-0.23|0.33;0001-01-01T00:00:07.277+01:00|W12|0.3|-0.14|0.01|-0.14|0.17"
80.00;4.18;0001-01-01T00:00:07.2250000+01:00;75.48;-1.72;-30.04;26.8;-8.749;-4.029;29.298;-35.349;8.354;-19.051;93.551;-61.187;111.918;"0001-01-01T00:00:07.277+01:00|W1|0.4|0.42|0.07|0.42|0.03;0001-01-01T00:00:07.277+01:00|W2|1.1|0.22|0.01|0.22|0.96;0001-01-01T00:00:07.277+01:00|W3|1.7|1.65|0.13|1.65|0.47;0001-01-01T00:00:07.277+01:00|W4|1.3|0.47|0.15|0.47|1.09;0001-01-01T00:00:07.277+01:00|W5|0.9|0.47|0.25|0.47|0.76;0001-01-01T00:00:07.277+01:00|W6|1.6|1.00|0.10|1.00|1.30;0001-01-01T00:00:07.277+01:00|W7|0.5|0.42|0.11|0.42|0.33;0001-01-01T00:00:07.277+01:00|W8|0.4|0.06|0.03|0.06|0.08;0001-01-01T00:00:07.277+01:00|W9|0.9|0.30|0.24|0.30|0.83;0001-01-01T00:00:07.277+01:00|W10|0.4|0.29|0.12|0.29|0.18;0001-01-01T00:00:07.277+01:00|W11|0.4|-0.23|0.03|-0.23|0.33;0001-01-01T00:00:07.277+01:00|W12|0.3|-0.14|0.01|-0.14|0.17"
81.00;4.14;0001-01-01T00:00:07.2580000+01:00;76.33;-1.77;-30.59;26.2;-8.653;-4.111;28.093;-35.639;7.736;-19.064;93.595;-61.571;112.165;"0001-01-01T00:00:07.277+01:00|W1|0.4|0.42|0.07|0.42|0.03;0001-01-01T00:00:07.277+01:00|W2|1.1|0.22|0.01|0.22|0.96;0001-01-01T00:00:07.277+01:00|W3|1.7|1.65|0.13|1.65|0.47;0001-01-01T00:00:07.277+01:00|W4|1.3|0.47|0.15|0.47|1.09;0001-01-01T00:00:07.277+01:00|W5|0.9|0.47|0.25|0.47|0.76;0001-01-01T00:00:07.277+01:00|W6|1.6|1.00|0.10|1.00|1.30;0001-01-01T00:00:07.277+01:00|W7|0.5|0.42|0.11|0.42|0.33;0001-01-01T00:00:07.277+01:00|W8|0.4|0.06|0.03|0.06|0.08;0001-01-01T00:00:07.277+01:00|W9|0.9|0.30|0.24|0.30|0.83;0001-01-01T00:00:07.277+01:00|W10|0.4|0.29|0.12|0.29|0.18;0001-01-01T00:00:07.277+01:00|W11|0.4|-0.23|0.03|-0.23|0.33;0001-01-01T00:00:07.277+01:00|W12|0.3|-0.14|0.01|-0.14|0.17"
82.00;4.10;0001-01-01T00:00:07.2910000+01:00;77.18;-1.82;-31.15;25.6;-8.461;-4.193;27.305;-35.929;7.174;-19.076;93.657;-62.047;112.477;"0001-01-01T00:00:07.277+01:00|W1|0.4|0.42|0.07|0.42|0.03;0001-01-01T00:00:07.277+01:00|W2|1.1|0.22|0.01|0.22|0.96;0001-01-01T00:00:07.277+01:00|W3|1.7|1.65|0.13|1.65|0.47;0001-01-01T00:00:07.277+01:00|W4|1.3|0.47|0.15|0.47|1.09;0001-01-01T00:00:07.277+01:00|W5|0.9|0.47|0.25|0.47|0.76;0001-01-01T00:00:07.277+01:00|W6|1.6|1.00|0.10|1.00|1.30;0001-01-01T00:00:07.277+01:00|W7|0.5|0.42|0.11|0.42|0.33;0001-01-01T00:00:07.277+01:00|W8|0.4|0.06|0.03|0.06|0.08;0001-01-01T00:00:07.277+01:00|W9|0.9|0.30|0.24|0.30|0.83;0001-01-01T00:00:07.277+01:00|W10|0.4|0.29|0.12|0.29|0.18;0001-01-01T00:00:07.277+01:00|W11|0.4|-0.23|0.03|-0.23|0.33;0001-01-01T00:00:07.277+01:00|W12|0.3|-0.14|0.01|-0.14|0.17"
83.00;4.06;0001-01-01T00:00:07.3240000+01:00;78.02;-1.83;-31.72;25.5;-8.202;-4.275;26.482;-36.221;6.782;-19.089;93.389;-62.299;112.388;"0001-01-01T00:00:07.277+01:00|W1|0.4|0.42|0.07|0.42|0.03;0001-01-01T00:00:07.277+01:00|W2|1.1|0.22|0.01|0.22|0.96;0001-01-01T00:00:07.277+01:00|W3|1.7|1.65|0.13|1.65|0.47;0001-01-01T00:00:07.277+01:00|W4|1.3|0.47|0.15|0.47|1.09;0001-01-01T00:00:07.277+01:00|W5|0.9|0.47|0.25|0.47|0.76;0001-01-01T00:00:07.277+01:00|W6|1.6|1.00|0.10|1.00|1.30;0001-01-01T00:00:07.277+01:00|W7|0.5|0.42|0.11|0.42|0.33;0001-01-01T00:00:07.277+01:00|W8|0.4|0.06|0.03|0.06|0.08;0001-01-01T00:00:07.277+01:00|W9|0.9|0.30|0.24|0.30|0.83;0001-01-01T00:00:07.277+01:00|W10|0.4|0.29|0.12|0.29|0.18;0001-01-01T00:00:07.277+01:00|W11|0.4|-0.23|0.03|-0.23|0.33;0001-01-01T00:00:07.277+01:00|W12|0.3|-0.14|0.01|-0.14|0.17"
84.00;4.02;0001-01-01T00:00:07.3570000+01:00;78.86;-1.83;-32.29;25.4;-7.925;-4.277;25.594;-36.539;6.492;-19.174;93.087;-62.534;112.265;"0001-01-01T00:00:07.277+01:00|W1|0.4|0.42|0.07|0.42|0.03;0001-01-01T00:00:07.277+01:00|W2|1.1|0.22|0.01|0.22|0.96;0001-01-01T00:00:07.277+01:00|W3|1.7|1.65|0.13|1.65|0.47;0001-01-01T00:00:07.277+01:00|W4|1.3|0.47|0.15|0.47|1.09;0001-01-01T00:00:07.277+01:00|W5|0.9|0.47|0.25|0.47|0.76;0001-01-01T00:00:07.277+01:00|W6|1.6|1.00|0.10|1.00|1.30;0001-01-01T00:00:07.277+01:00|W7|0.5|0.42|0.11|0.42|0.33;0001-01-01T00:00:07.277+01:00|W8|0.4|0.06|0.03|0.06|0.08;0001-01-01T00:00:07.277+01:00|W9|0.9|0.30|0.24|0.30|0.83;0001-01-01T00:00:07.277+01:00|W10|0.4|0.29|0.12|0.29|0.18;0001-01-01T00:00:07.277+01:00|W11|0.4|-0.23|0.03|-0.23|0.33;0001-01-01T00:00:07.277+01:00|W12|0.3|-0.14|0.01|-0.14|0.17"
85.00;3.98;0001-01-01T00:00:07.3890000+01:00;79.70;-1.88;-32.86;25.3;-7.655;-4.026;24.540;-36.933;6.347;-19.487;93.031;-62.960;112.462;"0001-01-01T00:00:07.277+01:00|W1|0.4|0.42|0.07|0.42|0.03;0001-01-01T00:00:07.277+01:00|W2|1.1|0.22|0.01|0.22|0.96;0001-01-01T00:00:07.277+01:00|W3|1.7|1.65|0.13|1.65|0.47;0001-01-01T00:00:07.277+01:00|W4|1.3|0.47|0.15|0.47|1.09;0001-01-01T00:00:07.277+01:00|W5|0.9|0.47|0.25|0.47|0.76;0001-01-01T00:00:07.277+01:00|W6|1.6|1.00|0.10|1.00|1.30;0001-01-01T00:00:07.277+01:00|W7|0.5|0.42|0.11|0.42|0.33;0001-01-01T00:00:07.277+01:00|W8|0.4|0.06|0.03|0.06|0.08;0001-01-01T00:00:07.277+01:00|W9|0.9|0.30|0.24|0.30|0.83;0001-01-01T00:00:07.277+01:00|W10|0.4|0.29|0.12|0.29|0.18;0001-01-01T00:00:07.277+01:00|W11|0.4|-0.23|0.03|-0.23|0.33;0001-01-01T00:00:07.277+01:00|W12|0.3|-0.14|0.01|-0.14|0.17"
86.00;3.95;0001-01-01T00:00:07.4220000+01:00;80.54;-1.93;-33.43;25.2;-7.372;-3.775;23.956;-37.327;6.190;-19.800;93.025;-63.166;112.575;"0001-01-01T00:00:07.525+01:00|W1|0.4|0.40|0.06|0.40|0.02;0001-01-01T00:00:07.525+01:00|W2|1.1|0.21|0.02|0.21|0.97;0001-01-01T00:00:07.525+01:00|W3|1.7|1.58|0.18|1.58|0.50;0001-01-01T00:00:07.525+01:00|W4|1.3|0.38|0.12|0.38|1.13;0001-01-01T00:00:07.525+01:00|W5|1.1|0.69|0.42|0.69|0.75;0001-01-01T00:00:07.525+01:00|W6|1.2|0.66|0.46|0.66|1.01;0001-01-01T00:00:07.525+01:00|W7|0.5|0.39|0.11|0.39|0.32;0001-01-01T00:00:07.525+01:00|W8|0.6|0.17|0.17|0.17|0.04;0001-01-01T00:00:07.525+01:00|W9|0.9|0.30|0.24|0.30|0.85;0001-01-01T00:00:07.525+01:00|W10|0.5|0.34|0.09|0.34|0.21;0001-01-01T00:00:07.525+01:00|W11|0.4|-0.23|0.02|-0.23|0.31;0001-01-01T00:00:07.525+01:00|W12|0.3|-0.14|0.01|-0.14|0.09"
87.00;3.92;0001-01-01T00:00:07.4540000+01:00;81.38;-1.98;-34.00;25.0;-7.082;-3.524;23.576;-37.720;6.028;-20.113;93.039;-63.276;112.650;"0001-01-01T00:00:07.525+01:00|W1|0.4|0.40|0.06|0.40|0.02;0001-01-01T00:00:07.525+01:00|W2|1.1|0.21|0.02|0.21|0.97;0001-01-01T00:00:07.525+01:00|W3|1.7|1.58|0.18|1.58|0.50;0001-01-01T00:00:07.525+01:00|W4|1.3|0.38|0.12|0.38|1.13;0001-01-01T00:00:07.525+01:00|W5|1.1|0.69|0.42|0.69|0.75;0001-01-01T00:00:07.525+01:00|W6|1.2|0.66|0.46|0.66|1.01;0001-01-01T00:00:07.525+01:00|W7|0.5|0.39|0.11|0.39|0.32;0001-01-01T00:00:07.525+01:00|W8|0.6|0.17|0.17|0.17|0.04;0001-01-01T00:00:07.525+01:00|W9|0.9|0.30|0.24|0.30|0.85;0001-01-01T00:00:07.525+01:00|W10|0.5|0.34|0.09|0.34|0.21;0001-01-01T00:00:07.525+01:00|W11|0.4|-0.23|0.02|-0.23|0.31;0001-01-01T00:00:07.525+01:00|W12|0.3|-0.14|0.01|-0.14|0.09"
88.00;3.90;0001-01-01T00:00:07.4860000+01:00;82.22;-2.03;-34.57;24.8;-6.792;-3.273;23.196;-38.112;5.867;-20.425;93.054;-63.387;112.726;"0001-01-01T00:00:07.525+01:00|W1|0.4|0.40|0.06|0.40|0.02;0001-01-01T00:00:07.525+01:00|W2|1.1|0.21|0.02|0.21|0.97;0001-01-01T00:00:07.525+01:00|W3|1.7|1.58|0.18|1.58|0.50;0001-01-01T00:00:07.525+01:00|W4|1.3|0.38|0.12|0.38|1.13;0001-01-01T00:00:07.525+01:00|W5|1.1|0.69|0.42|0.69|0.75;0001-01-01T00:00:07.525+01:00|W6|1.2|0.66|0.46|0.66|1.01;0001-01-01T00:00:07.525+01:00|W7|0.5|0.39|0.11|0.39|0.32;0001-01-01T00:00:07.525+01:00|W8|0.6|0.17|0.17|0.17|0.04;0001-01-01T00:00:07.525+01:00|W9|0.9|0.30|0.24|0.30|0.85;0001-01-01T00:00:07.525+01:00|W10|0.5|0.34|0.09|0.34|0.21;0001-01-01T00:00:07.525+01:00|W11|0.4|-0.23|0.02|-0.23|0.31;0001-01-01T00:00:07.525+01:00|W12|0.3|-0.14|0.01|-0.14|0.09"
89.00;3.88;0001-01-01T00:00:07.5190000+01:00;83.06;-2.09;-35.14;24.7;-6.513;-3.022;23.034;-38.505;5.759;-20.737;93.068;-63.476;112.788;"0001-01-01T00:00:07.525+01:00|W1|0.4|0.40|0.06|0.40|0.02;0001-01-01T00:00:07.525+01:00|W2|1.1|0.21|0.02|0.21|0.97;0001-01-01T00:00:07.525+01:00|W3|1.7|1.58|0.18|1.58|0.50;0001-01-01T00:00:07.525+01:00|W4|1.3|0.38|0.12|0.38|1.13;0001-01-01T00:00:07.525+01:00|W5|1.1|0.69|0.42|0.69|0.75;0001-01-01T00:00:07.525+01:00|W6|1.2|0.66|0.46|0.66|1.01;0001-01-01T00:00:07.525+01:00|W7|0.5|0.39|0.11|0.39|0.32;0001-01-01T00:00:07.525+01:00|W8|0.6|0.17|0.17|0.17|0.04;0001-01-01T00:00:07.525+01:00|W9|0.9|0.30|0.24|0.30|0.85;0001-01-01T00:00:07.525+01:00|W10|0.5|0.34|0.09|0.34|0.21;0001-01-01T00:00:07.525+01:00|W11|0.4|-0.23|0.02|-0.23|0.31;0001-01-01T00:00:07.525+01:00|W12|0.3|-0.14|0.01|-0.14|0.09"
90.00;3.86;0001-01-01T00:00:07.5510000+01:00;83.89;-2.14;-35.71;24.8;-6.244;-2.772;23.002;-38.897;5.694;-21.049;93.078;-63.567;112.846;"0001-01-01T00:00:07.525+01:00|W1|0.4|0.40|0.06|0.40|0.02;0001-01-01T00:00:07.525+01:00|W2|1.1|0.21|0.02|0.21|0.97;0001-01-01T00:00:07.525+01:00|W3|1.7|1.58|0.18|1.58|0.50;0001-01-01T00:00:07.525+01:00|W4|1.3|0.38|0.12|0.38|1.13;0001-01-01T00:00:07.525+01:00|W5|1.1|0.69|0.42|0.69|0.75;0001-01-01T00:00:07.525+01:00|W6|1.2|0.66|0.46|0.66|1.01;0001-01-01T00:00:07.525+01:00|W7|0.5|0.39|0.11|0.39|0.32;0001-01-01T00:00:07.525+01:00|W8|0.6|0.17|0.17|0.17|0.04;0001-01-01T00:00:07.525+01:00|W9|0.9|0.30|0.24|0.30|0.85;0001-01-01T00:00:07.525+01:00|W10|0.5|0.34|0.09|0.34|0.21;0001-01-01T00:00:07.525+01:00|W11|0.4|-0.23|0.02|-0.23|0.31;0001-01-01T00:00:07.525+01:00|W12|0.3|-0.14|0.01|-0.14|0.09"
91.00;3.85;0001-01-01T00:00:07.5840000+01:00;84.73;-2.18;-36.28;26.4;-6.026;-2.516;22.792;-39.297;5.744;-21.367;93.012;-63.919;112.992;"0001-01-01T00:00:07.525+01:00|W1|0.4|0.40|0.06|0.40|0.02;0001-01-01T00:00:07.525+01:00|W2|1.1|0.21|0.02|0.21|0.97;0001-01-01T00:00:07.525+01:00|W3|1.7|1.58|0.18|1.58|0.50;0001-01-01T00:00:07.525+01:00|W4|1.3|0.38|0.12|0.38|1.13;0001-01-01T00:00:07.525+01:00|W5|1.1|0.69|0.42|0.69|0.75;0001-01-01T00:00:07.525+01:00|W6|1.2|0.66|0.46|0.66|1.01;0001-01-01T00:00:07.525+01:00|W7|0.5|0.39|0.11|0.39|0.32;0001-01-01T00:00:07.525+01:00|W8|0.6|0.17|0.17|0.17|0.04;0001-01-01T00:00:07.525+01:00|W9|0.9|0.30|0.24|0.30|0.85;0001-01-01T00:00:07.525+01:00|W10|0.5|0.34|0.09|0.34|0.21;0001-01-01T00:00:07.525+01:00|W11|0.4|-0.23|0.02|-0.23|0.31;0001-01-01T00:00:07.525+01:00|W12|0.3|-0.14|0.01|-0.14|0.09"
92.00;3.84;0001-01-01T00:00:07.6160000+01:00;85.56;-2.22;-36.86;27.5;-5.847;-2.514;23.215;-39.611;5.815;-21.819;93.070;-64.323;113.269;"0001-01-01T00:00:07.525+01:00|W1|0.4|0.40|0.06|0.40|0.02;0001-01-01T00:00:07.525+01:00|W2|1.1|0.21|0.02|0.21|0.97;0001-01-01T00:00:07.525+01:00|W3|1.7|1.58|0.18|1.58|0.50;0001-01-01T00:00:07.525+01:00|W4|1.3|0.38|0.12|0.38|1.13;0001-01-01T00:00:07.525+01:00|W5|1.1|0.69|0.42|0.69|0.75;0001-01-01T00:00:07.525+01:00|W6|1.2|0.66|0.46|0.66|1.01;0001-01-01T00:00:07.525+01:00|W7|0.5|0.39|0.11|0.39|0.32;0001-01-01T00:00:07.525+01:00|W8|0.6|0.17|0.17|0.17|0.04;0001-01-01T00:00:07.525+01:00|W9|0.9|0.30|0.24|0.30|0.85;0001-01-01T00:00:07.525+01:00|W10|0.5|0.34|0.09|0.34|0.21;0001-01-01T00:00:07.525+01:00|W11|0.4|-0.23|0.02|-0.23|0.31;0001-01-01T00:00:07.525+01:00|W12|0.3|-0.14|0.01|-0.14|0.09"
93.00;3.82;0001-01-01T00:00:07.6490000+01:00;86.39;-2.27;-37.44;28.1;-5.701;-2.727;24.178;-39.852;5.902;-22.386;93.235;-64.773;113.657;"0001-01-01T00:00:07.525+01:00|W1|0.4|0.40|0.06|0.40|0.02;0001-01-01T00:00:07.525+01:00|W2|1.1|0.21|0.02|0.21|0.97;0001-01-01T00:00:07.525+01:00|W3|1.7|1.58|0.18|1.58|0.50;0001-01-01T00:00:07.525+01:00|W4|1.3|0.38|0.12|0.38|1.13;0001-01-01T00:00:07.525+01:00|W5|1.1|0.69|0.42|0.69|0.75;0001-01-01T00:00:07.525+01:00|W6|1.2|0.66|0.46|0.66|1.01;0001-01-01T00:00:07.525+01:00|W7|0.5|0.39|0.11|0.39|0.32;0001-01-01T00:00:07.525+01:00|W8|0.6|0.17|0.17|0.17|0.04;0001-01-01T00:00:07.525+01:00|W9|0.9|0.30|0.24|0.30|0.85;0001-01-01T00:00:07.525+01:00|W10|0.5|0.34|0.09|0.34|0.21;0001-01-01T00:00:07.525+01:00|W11|0.4|-0.23|0.02|-0.23|0.31;0001-01-01T00:00:07.525+01:00|W12|0.3|-0.14|0.01|-0.14|0.09"
94.00;3.83;0001-01-01T00:00:07.6810000+01:00;87.23;-2.32;-38.00;28.3;-5.558;-2.975;25.127;-39.875;5.989;-22.536;93.079;-64.733;113.501;"0001-01-01T00:00:07.778+01:00|W1|0.4|0.35|0.00|0.35|0.01;0001-01-01T00:00:07.778+01:00|W2|1.1|0.20|0.02|0.20|0.97;0001-01-01T00:00:07.778+01:00|W3|1.6|1.48|0.23|1.48|0.63;0001-01-01T00:00:07.778+01:00|W4|1.4|0.39|0.17|0.39|1.18;0001-01-01T00:00:07.778+01:00|W5|0.9|0.78|0.23|0.78|0.34;0001-01-01T00:00:07.778+01:00|W6|1.1|0.55|0.50|0.55|0.92;0001-01-01T00:00:07.778+01:00|W7|0.5|0.36|0.12|0.36|0.31;0001-01-01T00:00:07.778+01:00|W8|0.6|0.26|0.12|0.26|0.08;0001-01-01T00:00:07.778+01:00|W9|0.9|0.35|0.22|0.35|0.82;0001-01-01T00:00:07.778+01:00|W10|0.5|0.37|0.08|0.37|0.21;0001-01-01T00:00:07.778+01:00|W11|0.4|-0.23|0.02|-0.23|0.30;0001-01-01T00:00:07.778+01:00|W12|0.3|-0.16|0.01|-0.16|0.01"
95.00;3.83;0001-01-01T00:00:07.7130000+01:00;88.07;-2.37;-38.58;28.6;-5.638;-3.224;26.191;-39.898;6.149;-22.685;93.048;-64.967;113.608;"0001-01-01T00:00:07.778+01:00|W1|0.4|0.35|0.00|0.35|0.01;0001-01-01T00:00:07.778+01:00|W2|1.1|0.20|0.02|0.20|0.97;0001-01-01T00:00:07.778+01:00|W3|1.6|1.48|0.23|1.48|0.63;0001-01-01T00:00:07.778+01:00|W4|1.4|0.39|0.17|0.39|1.18;0001-01-01T00:00:07.778+01:00|W5|0.9|0.78|0.23|0.78|0.34;0001-01-01T00:00:07.778+01:00|W6|1.1|0.55|0.50|0.55|0.92;0001-01-01T00:00:07.778+01:00|W7|0.5|0.36|0.12|0.36|0.31;0001-01-01T00:00:07.778+01:00|W8|0.6|0.26|0.12|0.26|0.08;0001-01-01T00:00:07.778+01:00|W9|0.9|0.35|0.22|0.35|0.82;0001-01-01T00:00:07.778+01:00|W10|0.5|0.37|0.08|0.37|0.21;0001-01-01T00:00:07.778+01:00|W11|0.4|-0.23|0.02|-0.23|0.30;0001-01-01T00:00:07.778+01:00|W12|0.3|-0.16|0.01|-0.16|0.01"
96.00;3.82;0001-01-01T00:00:07.7450000+01:00;88.89;-2.41;-39.17;29.1;-6.011;-3.474;27.407;-39.921;6.407;-22.835;93.182;-65.564;114.067;"0001-01-01T00:00:07.778+01:00|W1|0.4|0.35|0.00|0.35|0.01;0001-01-01T00:00:07.778+01:00|W2|1.1|0.20|0.02|0.20|0.97;0001-01-01T00:00:07.778+01:00|W3|1.6|1.48|0.23|1.48|0.63;0001-01-01T00:00:07.778+01:00|W4|1.4|0.39|0.17|0.39|1.18;0001-01-01T00:00:07.778+01:00|W5|0.9|0.78|0.23|0.78|0.34;0001-01-01T00:00:07.778+01:00|W6|1.1|0.55|0.50|0.55|0.92;0001-01-01T00:00:07.778+01:00|W7|0.5|0.36|0.12|0.36|0.31;0001-01-01T00:00:07.778+01:00|W8|0.6|0.26|0.12|0.26|0.08;0001-01-01T00:00:07.778+01:00|W9|0.9|0.35|0.22|0.35|0.82;0001-01-01T00:00:07.778+01:00|W10|0.5|0.37|0.08|0.37|0.21;0001-01-01T00:00:07.778+01:00|W11|0.4|-0.23|0.02|-0.23|0.30;0001-01-01T00:00:07.778+01:00|W12|0.3|-0.16|0.01|-0.16|0.01"
97.00;3.81;0001-01-01T00:00:07.7770000+01:00;89.72;-2.46;-39.76;29.2;-6.606;-3.817;28.280;-39.297;6.636;-22.701;93.255;-65.995;114.377;"0001-01-01T00:00:07.778+01:00|W1|0.4|0.35|0.00|0.35|0.01;0001-01-01T00:00:07.778+01:00|W2|1.1|0.20|0.02|0.20|0.97;0001-01-01T00:00:07.778+01:00|W3|1.6|1.48|0.23|1.48|0.63;0001-01-01T00:00:07.778+01:00|W4|1.4|0.39|0.17|0.39|1.18;0001-01-01T00:00:07.778+01:00|W5|0.9|0.78|0.23|0.78|0.34;0001-01-01T00:00:07.778+01:00|W6|1.1|0.55|0.50|0.55|0.92;0001-01-01T00:00:07.778+01:00|W7|0.5|0.36|0.12|0.36|0.31;0001-01-01T00:00:07.778+01:00|W8|0.6|0.26|0.12|0.26|0.08;0001-01-01T00:00:07.778+01:00|W9|0.9|0.35|0.22|0.35|0.82;0001-01-01T00:00:07.778+01:00|W10|0.5|0.37|0.08|0.37|0.21;0001-01-01T00:00:07.778+01:00|W11|0.4|-0.23|0.02|-0.23|0.30;0001-01-01T00:00:07.778+01:00|W12|0.3|-0.16|0.01|-0.16|0.01"
98.00;3.80;0001-01-01T00:00:07.8090000+01:00;90.54;-2.51;-40.34;29.1;-7.228;-4.164;29.205;-38.626;6.808;-22.457;93.327;-66.387;114.663;"0001-01-01T00:00:07.778+01:00|W1|0.4|0.35|0.00|0.35|0.01;0001-01-01T00:00:07.778+01:00|W2|1.1|0.20|0.02|0.20|0.97;0001-01-01T00:00:07.778+01:00|W3|1.6|1.48|0.23|1.48|0.63;0001-01-01T00:00:07.778+01:00|W4|1.4|0.39|0.17|0.39|1.18;0001-01-01T00:00:07.778+01:00|W5|0.9|0.78|0.23|0.78|0.34;0001-01-01T00:00:07.778+01:00|W6|1.1|0.55|0.50|0.55|0.92;0001-01-01T00:00:07.778+01:00|W7|0.5|0.36|0.12|0.36|0.31;0001-01-01T00:00:07.778+01:00|W8|0.6|0.26|0.12|0.26|0.08;0001-01-01T00:00:07.778+01:00|W9|0.9|0.35|0.22|0.35|0.82;0001-01-01T00:00:07.778+01:00|W10|0.5|0.37|0.08|0.37|0.21;0001-01-01T00:00:07.778+01:00|W11|0.4|-0.23|0.02|-0.23|0.30;0001-01-01T00:00:07.778+01:00|W12|0.3|-0.16|0.01|-0.16|0.01"
99.00;3.79;0001-01-01T00:00:07.8400000+01:00;91.35;-2.55;-40.92;28.7;-7.839;-4.492;30.361;-38.056;6.858;-22.056;93.414;-66.743;114.942;"0001-01-01T00:00:07.778+01:00|W1|0.4|0.35|0.00|0.35|0.01;0001-01-01T00:00:07.778+01:00|W2|1.1|0.20|0.02|0.20|0.97;0001-01-01T00:00:07.778+01:00|W3|1.6|1.48|0.23|1.48|0.63;0001-01-01T00:00:07.778+01:00|W4|1.4|0.39|0.17|0.39|1.18;0001-01-01T00:00:07.778+01:00|W5|0.9|0.78|0.23|0.78|0.34;0001-01-01T00:00:07.778+01:00|W6|1.1|0.55|0.50|0.55|0.92;0001-01-01T00:00:07.778+01:00|W7|0.5|0.36|0.12|0.36|0.31;0001-01-01T00:00:07.778+01:00|W8|0.6|0.26|0.12|0.26|0.08;0001-01-01T00:00:07.778+01:00|W9|0.9|0.35|0.22|0.35|0.82;0001-01-01T00:00:07.778+01:00|W10|0.5|0.37|0.08|0.37|0.21;0001-01-01T00:00:07.778+01:00|W11|0.4|-0.23|0.02|-0.23|0.30;0001-01-01T00:00:07.778+01:00|W12|0.3|-0.16|0.01|-0.16|0.01"
100.00;3.78;0001-01-01T00:00:07.8710000+01:00;92.17;-2.60;-41.51;28.2;-8.415;-4.742;30.617;-37.417;6.924;-21.505;93.476;-67.042;115.168;"0001-01-01T00:00:07.778+01:00|W1|0.4|0.35|0.00|0.35|0.01;0001-01-01T00:00:07.778+01:00|W2|1.1|0.20|0.02|0.20|0.97;0001-01-01T00:00:07.778+01:00|W3|1.6|1.48|0.23|1.48|0.63;0001-01-01T00:00:07.778+01:00|W4|1.4|0.39|0.17|0.39|1.18;0001-01-01T00:00:07.778+01:00|W5|0.9|0.78|0.23|0.78|0.34;0001-01-01T00:00:07.778+01:00|W6|1.1|0.55|0.50|0.55|0.92;0001-01-01T00:00:07.778+01:00|W7|0.5|0.36|0.12|0.36|0.31;0001-01-01T00:00:07.778+01:00|W8|0.6|0.26|0.12|0.26|0.08;0001-01-01T00:00:07.778+01:00|W9|0.9|0.35|0.22|0.35|0.82;0001-01-01T00:00:07.778+01:00|W10|0.5|0.37|0.08|0.37|0.21;0001-01-01T00:00:07.778+01:00|W11|0.4|-0.23|0.02|-0.23|0.30;0001-01-01T00:00:07.778+01:00|W12|0.3|-0.16|0.01|-0.16|0.01"
101.00;3.77;0001-01-01T00:00:07.9030000+01:00;92.98;-2.66;-42.09;27.7;-8.970;-4.928;30.454;-36.921;7.016;-20.867;93.525;-67.324;115.375;"0001-01-01T00:00:08.025+01:00|W1|0.2|0.24|0.10|0.24|0.06;0001-01-01T00:00:08.025+01:00|W2|1.1|0.19|0.02|0.19|0.97;0001-01-01T00:00:08.025+01:00|W3|1.6|1.42|0.24|1.42|0.72;0001-01-01T00:00:08.025+01:00|W4|1.4|0.41|0.20|0.41|1.21;0001-01-01T00:00:08.025+01:00|W5|0.8|0.71|0.17|0.71|0.34;0001-01-01T00:00:08.025+01:00|W6|1.1|0.50|0.53|0.50|0.69;0001-01-01T00:00:08.025+01:00|W7|0.5|0.32|0.14|0.32|0.31;0001-01-01T00:00:08.025+01:00|W8|0.5|0.29|0.00|0.29|0.18;0001-01-01T00:00:08.025+01:00|W9|1.0|0.47|0.26|0.47|0.84;0001-01-01T00:00:08.025+01:00|W10|0.4|0.36|0.12|0.36|0.17;0001-01-01T00:00:08.025+01:00|W11|0.4|-0.24|0.02|-0.24|0.30;0001-01-01T00:00:08.025+01:00|W12|0.3|-0.18|0.01|-0.18|0.03"
102.00;3.75;0001-01-01T00:00:07.9340000+01:00;93.80;-2.71;-42.68;27.1;-9.478;-4.861;29.848;-37.721;7.260;-20.017;93.544;-67.647;115.582;"0001-01-01T00:00:08.025+01:00|W1|0.2|0.24|0.10|0.24|0.06;0001-01-01T00:00:08.025+01:00|W2|1.1|0.19|0.02|0.19|0.97;0001-01-01T00:00:08.025+01:00|W3|1.6|1.42|0.24|1.42|0.72;0001-01-01T00:00:08.025+01:00|W4|1.4|0.41|0.20|0.41|1.21;0001-01-01T00:00:08.025+01:00|W5|0.8|0.71|0.17|0.71|0.34;0001-01-01T00:00:08.025+01:00|W6|1.1|0.50|0.53|0.50|0.69;0001-01-01T00:00:08.025+01:00|W7|0.5|0.32|0.14|0.32|0.31;0001-01-01T00:00:08.025+01:00|W8|0.5|0.29|0.00|0.29|0.18;0001-01-01T00:00:08.025+01:00|W9|1.0|0.47|0.26|0.47|0.84;0001-01-01T00:00:08.025+01:00|W10|0.4|0.36|0.12|0.36|0.17;0001-01-01T00:00:08.025+01:00|W11|0.4|-0.24|0.02|-0.24|0.30;0001-01-01T00:00:08.025+01:00|W12|0.3|-0.18|0.01|-0.18|0.03"
103.00;3.74;0001-01-01T00:00:07.9650000+01:00;94.61;-2.75;-43.26;26.6;-9.922;-4.709;29.069;-38.085;7.572;-19.247;93.581;-67.933;115.781;"0001-01-01T00:00:08.025+01:00|W1|0.2|0.24|0.10|0.24|0.06;0001-01-01T00:00:08.025+01:00|W2|1.1|0.19|0.02|0.19|0.97;0001-01-01T00:00:08.025+01:00|W3|1.6|1.42|0.24|1.42|0.72;0001-01-01T00:00:08.025+01:00|W4|1.4|0.41|0.20|0.41|1.21;0001-01-01T00:00:08.025+01:00|W5|0.8|0.71|0.17|0.71|0.34;0001-01-01T00:00:08.025+01:00|W6|1.1|0.50|0.53|0.50|0.69;0001-01-01T00:00:08.025+01:00|W7|0.5|0.32|0.14|0.32|0.31;0001-01-01T00:00:08.025+01:00|W8|0.5|0.29|0.00|0.29|0.18;0001-01-01T00:00:08.025+01:00|W9|1.0|0.47|0.26|0.47|0.84;0001-01-01T00:00:08.025+01:00|W10|0.4|0.36|0.12|0.36|0.17;0001-01-01T00:00:08.025+01:00|W11|0.4|-0.24|0.02|-0.24|0.30;0001-01-01T00:00:08.025+01:00|W12|0.3|-0.18|0.01|-0.18|0.03"
104.00;3.73;0001-01-01T00:00:07.9970000+01:00;95.42;-2.80;-43.85;26.3;-10.308;-4.481;28.134;-38.052;7.946;-18.551;93.633;-68.186;115.972;"0001-01-01T00:00:08.025+01:00|W1|0.2|0.24|0.10|0.24|0.06;0001-01-01T00:00:08.025+01:00|W2|1.1|0.19|0.02|0.19|0.97;0001-01-01T00:00:08.025+01:00|W3|1.6|1.42|0.24|1.42|0.72;0001-01-01T00:00:08.025+01:00|W4|1.4|0.41|0.20|0.41|1.21;0001-01-01T00:00:08.025+01:00|W5|0.8|0.71|0.17|0.71|0.34;0001-01-01T00:00:08.025+01:00|W6|1.1|0.50|0.53|0.50|0.69;0001-01-01T00:00:08.025+01:00|W7|0.5|0.32|0.14|0.32|0.31;0001-01-01T00:00:08.025+01:00|W8|0.5|0.29|0.00|0.29|0.18;0001-01-01T00:00:08.025+01:00|W9|1.0|0.47|0.26|0.47|0.84;0001-01-01T00:00:08.025+01:00|W10|0.4|0.36|0.12|0.36|0.17;0001-01-01T00:00:08.025+01:00|W11|0.4|-0.24|0.02|-0.24|0.30;0001-01-01T00:00:08.025+01:00|W12|0.3|-0.18|0.01|-0.18|0.03"
105.00;3.71;0001-01-01T00:00:08.0280000+01:00;96.23;-2.85;-44.44;26.0;-10.399;-4.108;27.902;-37.104;8.150;-18.080;93.696;-68.355;116.122;"0001-01-01T00:00:08.025+01:00|W1|0.2|0.24|0.10|0.24|0.06;0001-01-01T00:00:08.025+01:00|W2|1.1|0.19|0.02|0.19|0.97;0001-01-01T00:00:08.025+01:00|W3|1.6|1.42|0.24|1.42|0.72;0001-01-01T00:00:08.025+01:00|W4|1.4|0.41|0.20|0.41|1.21;0001-01-01T00:00:08.025+01:00|W5|0.8|0.71|0.17|0.71|0.34;0001-01-01T00:00:08.025+01:00|W6|1.1|0.50|0.53|0.50|0.69;0001-01-01T00:00:08.025+01:00|W7|0.5|0.32|0.14|0.32|0.31;0001-01-01T00:00:08.025+01:00|W8|0.5|0.29|0.00|0.29|0.18;0001-01-01T00:00:08.025+01:00|W9|1.0|0.47|0.26|0.47|0.84;0001-01-01T00:00:08.025+01:00|W10|0.4|0.36|0.12|0.36|0.17;0001-01-01T00:00:08.025+01:00|W11|0.4|-0.24|0.02|-0.24|0.30;0001-01-01T00:00:08.025+01:00|W12|0.3|-0.18|0.01|-0.18|0.03"
106.00;3.69;0001-01-01T00:00:08.0590000+01:00;97.04;-2.91;-45.03;25.8;-10.328;-3.771;27.794;-36.254;8.275;-17.760;93.738;-68.497;116.242;"0001-01-01T00:00:08.025+01:00|W1|0.2|0.24|0.10|0.24|0.06;0001-01-01T00:00:08.025+01:00|W2|1.1|0.19|0.02|0.19|0.97;0001-01-01T00:00:08.025+01:00|W3|1.6|1.42|0.24|1.42|0.72;0001-01-01T00:00:08.025+01:00|W4|1.4|0.41|0.20|0.41|1.21;0001-01-01T00:00:08.025+01:00|W5|0.8|0.71|0.17|0.71|0.34;0001-01-01T00:00:08.025+01:00|W6|1.1|0.50|0.53|0.50|0.69;0001-01-01T00:00:08.025+01:00|W7|0.5|0.32|0.14|0.32|0.31;0001-01-01T00:00:08.025+01:00|W8|0.5|0.29|0.00|0.29|0.18;0001-01-01T00:00:08.025+01:00|W9|1.0|0.47|0.26|0.47|0.84;0001-01-01T00:00:08.025+01:00|W10|0.4|0.36|0.12|0.36|0.17;0001-01-01T00:00:08.025+01:00|W11|0.4|-0.24|0.02|-0.24|0.30;0001-01-01T00:00:08.025+01:00|W12|0.3|-0.18|0.01|-0.18|0.03"
107.00;3.67;0001-01-01T00:00:08.0900000+01:00;97.85;-2.96;-45.63;25.8;-9.953;-3.538;27.830;-35.788;8.257;-17.727;93.735;-68.592;116.303;"0001-01-01T00:00:08.025+01:00|W1|0.2|0.24|0.10|0.24|0.06;0001-01-01T00:00:08.025+01:00|W2|1.1|0.19|0.02|0.19|0.97;0001-01-01T00:00:08.025+01:00|W3|1.6|1.42|0.24|1.42|0.72;0001-01-01T00:00:08.025+01:00|W4|1.4|0.41|0.20|0.41|1.21;0001-01-01T00:00:08.025+01:00|W5|0.8|0.71|0.17|0.71|0.34;0001-01-01T00:00:08.025+01:00|W6|1.1|0.50|0.53|0.50|0.69;0001-01-01T00:00:08.025+01:00|W7|0.5|0.32|0.14|0.32|0.31;0001-01-01T00:00:08.025+01:00|W8|0.5|0.29|0.00|0.29|0.18;0001-01-01T00:00:08.025+01:00|W9|1.0|0.47|0.26|0.47|0.84;0001-01-01T00:00:08.025+01:00|W10|0.4|0.36|0.12|0.36|0.17;0001-01-01T00:00:08.025+01:00|W11|0.4|-0.24|0.02|-0.24|0.30;0001-01-01T00:00:08.025+01:00|W12|0.3|-0.18|0.01|-0.18|0.03"
108.00;3.65;0001-01-01T00:00:08.1210000+01:00;98.65;-3.01;-46.22;25.8;-9.399;-3.458;27.662;-35.940;8.195;-18.022;93.806;-68.687;116.419;"0001-01-01T00:00:08.025+01:00|W1|0.2|0.24|0.10|0.24|0.06;0001-01-01T00:00:08.025+01:00|W2|1.1|0.19|0.02|0.19|0.97;0001-01-01T00:00:08.025+01:00|W3|1.6|1.42|0.24|1.42|0.72;0001-01-01T00:00:08.025+01:00|W4|1.4|0.41|0.20|0.41|1.21;0001-01-01T00:00:08.025+01:00|W5|0.8|0.71|0.17|0.71|0.34;0001-01-01T00:00:08.025+01:00|W6|1.1|0.50|0.53|0.50|0.69;0001-01-01T00:00:08.025+01:00|W7|0.5|0.32|0.14|0.32|0.31;0001-01-01T00:00:08.025+01:00|W8|0.5|0.29|0.00|0.29|0.18;0001-01-01T00:00:08.025+01:00|W9|1.0|0.47|0.26|0.47|0.84;0001-01-01T00:00:08.025+01:00|W10|0.4|0.36|0.12|0.36|0.17;0001-01-01T00:00:08.025+01:00|W11|0.4|-0.24|0.02|-0.24|0.30;0001-01-01T00:00:08.025+01:00|W12|0.3|-0.18|0.01|-0.18|0.03"
109.00;3.63;0001-01-01T00:00:08.1520000+01:00;99.46;-3.06;-46.81;25.8;-8.750;-3.444;27.449;-36.357;8.105;-18.458;93.895;-68.786;116.551;"0001-01-01T00:00:08.275+01:00|W1|0.2|0.18|0.14|0.18|0.10;0001-01-01T00:00:08.275+01:00|W2|1.1|0.20|0.03|0.20|0.98;0001-01-01T00:00:08.275+01:00|W3|1.6|1.40|0.21|1.40|0.79;0001-01-01T00:00:08.275+01:00|W4|1.4|0.41|0.20|0.41|1.21;0001-01-01T00:00:08.275+01:00|W5|1.0|0.94|0.42|0.94|0.46;0001-01-01T00:00:08.275+01:00|W6|1.1|0.50|0.53|0.50|0.69;0001-01-01T00:00:08.275+01:00|W7|0.5|0.32|0.14|0.32|0.31;0001-01-01T00:00:08.275+01:00|W8|0.5|0.29|0.00|0.29|0.18;0001-01-01T00:00:08.275+01:00|W9|1.0|0.63|0.27|0.63|0.79;0001-01-01T00:00:08.275+01:00|W10|0.4|0.36|0.13|0.36|0.13;0001-01-01T00:00:08.275+01:00|W11|0.4|-0.24|0.02|-0.24|0.30;0001-01-01T00:00:08.275+01:00|W12|0.3|-0.20|0.01|-0.20|0.05"
110.00;3.61;0001-01-01T00:00:08.1830000+01:00;100.27;-3.11;-47.41;26.4;-7.914;-3.430;27.679;-36.775;7.918;-18.895;93.834;-68.939;116.599;"0001-01-01T00:00:08.275+01:00|W1|0.2|0.18|0.14|0.18|0.10;0001-01-01T00:00:08.275+01:00|W2|1.1|0.20|0.03|0.20|0.98;0001-01-01T00:00:08.275+01:00|W3|1.6|1.40|0.21|1.40|0.79;0001-01-01T00:00:08.275+01:00|W4|1.4|0.41|0.20|0.41|1.21;0001-01-01T00:00:08.275+01:00|W5|1.0|0.94|0.42|0.94|0.46;0001-01-01T00:00:08.275+01:00|W6|1.1|0.50|0.53|0.50|0.69;0001-01-01T00:00:08.275+01:00|W7|0.5|0.32|0.14|0.32|0.31;0001-01-01T00:00:08.275+01:00|W8|0.5|0.29|0.00|0.29|0.18;0001-01-01T00:00:08.275+01:00|W9|1.0|0.63|0.27|0.63|0.79;0001-01-01T00:00:08.275+01:00|W10|0.4|0.36|0.13|0.36|0.13;0001-01-01T00:00:08.275+01:00|W11|0.4|-0.24|0.02|-0.24|0.30;0001-01-01T00:00:08.275+01:00|W12|0.3|-0.20|0.01|-0.20|0.05"
111.00;3.58;0001-01-01T00:00:08.2140000+01:00;101.07;-3.16;-48.01;27.1;-7.077;-3.416;27.909;-37.193;7.732;-19.332;93.773;-69.091;116.647;"0001-01-01T00:00:08.275+01:00|W1|0.2|0.18|0.14|0.18|0.10;0001-01-01T00:00:08.275+01:00|W2|1.1|0.20|0.03|0.20|0.98;0001-01-01T00:00:08.275+01:00|W3|1.6|1.40|0.21|1.40|0.79;0001-01-01T00:00:08.275+01:00|W4|1.4|0.41|0.20|0.41|1.21;0001-01-01T00:00:08.275+01:00|W5|1.0|0.94|0.42|0.94|0.46;0001-01-01T00:00:08.275+01:00|W6|1.1|0.50|0.53|0.50|0.69;0001-01-01T00:00:08.275+01:00|W7|0.5|0.32|0.14|0.32|0.31;0001-01-01T00:00:08.275+01:00|W8|0.5|0.29|0.00|0.29|0.18;0001-01-01T00:00:08.275+01:00|W9|1.0|0.63|0.27|0.63|0.79;0001-01-01T00:00:08.275+01:00|W10|0.4|0.36|0.13|0.36|0.13;0001-01-01T00:00:08.275+01:00|W11|0.4|-0.24|0.02|-0.24|0.30;0001-01-01T00:00:08.275+01:00|W12|0.3|-0.20|0.01|-0.20|0.05"
112.00;3.56;0001-01-01T00:00:08.2450000+01:00;101.87;-3.21;-48.61;27.7;-6.240;-3.402;28.139;-37.611;7.545;-19.769;93.711;-69.244;116.695;"0001-01-01T00:00:08.275+01:00|W1|0.2|0.18|0.14|0.18|0.10;0001-01-01T00:00:08.275+01:00|W2|1.1|0.20|0.03|0.20|0.98;0001-01-01T00:00:08.275+01:00|W3|1.6|1.40|0.21|1.40|0.79;0001-01-01T00:00:08.275+01:00|W4|1.4|0.41|0.20|0.41|1.21;0001-01-01T00:00:08.275+01:00|W5|1.0|0.94|0.42|0.94|0.46;0001-01-01T00:00:08.275+01:00|W6|1.1|0.50|0.53|0.50|0.69;0001-01-01T00:00:08.275+01:00|W7|0.5|0.32|0.14|0.32|0.31;0001-01-01T00:00:08.275+01:00|W8|0.5|0.29|0.00|0.29|0.18;0001-01-01T00:00:08.275+01:00|W9|1.0|0.63|0.27|0.63|0.79;0001-01-01T00:00:08.275+01:00|W10|0.4|0.36|0.13|0.36|0.13;0001-01-01T00:00:08.275+01:00|W11|0.4|-0.24|0.02|-0.24|0.30;0001-01-01T00:00:08.275+01:00|W12|0.3|-0.20|0.01|-0.20|0.05"
113.00;3.57;0001-01-01T00:00:08.2760000+01:00;102.69;-3.27;-49.19;27.4;-5.425;-3.298;28.363;-37.667;7.363;-20.140;93.902;-69.226;116.823;"0001-01-01T00:00:08.275+01:00|W1|0.2|0.18|0.14|0.18|0.10;0001-01-01T00:00:08.275+01:00|W2|1.1|0.20|0.03|0.20|0.98;0001-01-01T00:00:08.275+01:00|W3|1.6|1.40|0.21|1.40|0.79;0001-01-01T00:00:08.275+01:00|W4|1.4|0.41|0.20|0.41|1.21;0001-01-01T00:00:08.275+01:00|W5|1.0|0.94|0.42|0.94|0.46;0001-01-01T00:00:08.275+01:00|W6|1.1|0.50|0.53|0.50|0.69;0001-01-01T00:00:08.275+01:00|W7|0.5|0.32|0.14|0.32|0.31;0001-01-01T00:00:08.275+01:00|W8|0.5|0.29|0.00|0.29|0.18;0001-01-01T00:00:08.275+01:00|W9|1.0|0.63|0.27|0.63|0.79;0001-01-01T00:00:08.275+01:00|W10|0.4|0.36|0.13|0.36|0.13;0001-01-01T00:00:08.275+01:00|W11|0.4|-0.24|0.02|-0.24|0.30;0001-01-01T00:00:08.275+01:00|W12|0.3|-0.20|0.01|-0.20|0.05"
114.00;3.57;0001-01-01T00:00:08.3060000+01:00;103.51;-3.33;-49.77;27.1;-4.669;-3.182;28.641;-37.674;7.151;-20.505;94.071;-69.241;116.957;"0001-01-01T00:00:08.275+01:00|W1|0.2|0.18|0.14|0.18|0.10;0001-01-01T00:00:08.275+01:00|W2|1.1|0.20|0.03|0.20|0.98;0001-01-01T00:00:08.275+01:00|W3|1.6|1.40|0.21|1.40|0.79;0001-01-01T00:00:08.275+01:00|W4|1.4|0.41|0.20|0.41|1.21;0001-01-01T00:00:08.275+01:00|W5|1.0|0.94|0.42|0.94|0.46;0001-01-01T00:00:08.275+01:00|W6|1.1|0.50|0.53|0.50|0.69;0001-01-01T00:00:08.275+01:00|W7|0.5|0.32|0.14|0.32|0.31;0001-01-01T00:00:08.275+01:00|W8|0.5|0.29|0.00|0.29|0.18;0001-01-01T00:00:08.275+01:00|W9|1.0|0.63|0.27|0.63|0.79;0001-01-01T00:00:08.275+01:00|W10|0.4|0.36|0.13|0.36|0.13;0001-01-01T00:00:08.275+01:00|W11|0.4|-0.24|0.02|-0.24|0.30;0001-01-01T00:00:08.275+01:00|W12|0.3|-0.20|0.01|-0.20|0.05"
115.00;3.54;0001-01-01T00:00:08.3370000+01:00;104.31;-3.38;-50.38;27.5;-4.102;-3.062;29.103;-37.682;6.836;-20.879;94.053;-69.439;117.069;"0001-01-01T00:00:08.275+01:00|W1|0.2|0.18|0.14|0.18|0.10;0001-01-01T00:00:08.275+01:00|W2|1.1|0.20|0.03|0.20|0.98;0001-01-01T00:00:08.275+01:00|W3|1.6|1.40|0.21|1.40|0.79;0001-01-01T00:00:08.275+01:00|W4|1.4|0.41|0.20|0.41|1.21;0001-01-01T00:00:08.275+01:00|W5|1.0|0.94|0.42|0.94|0.46;0001-01-01T00:00:08.275+01:00|W6|1.1|0.50|0.53|0.50|0.69;0001-01-01T00:00:08.275+01:00|W7|0.5|0.32|0.14|0.32|0.31;0001-01-01T00:00:08.275+01:00|W8|0.5|0.29|0.00|0.29|0.18;0001-01-01T00:00:08.275+01:00|W9|1.0|0.63|0.27|0.63|0.79;0001-01-01T00:00:08.275+01:00|W10|0.4|0.36|0.13|0.36|0.13;0001-01-01T00:00:08.275+01:00|W11|0.4|-0.24|0.02|-0.24|0.30;0001-01-01T00:00:08.275+01:00|W12|0.3|-0.20|0.01|-0.20|0.05"
116.00;3.52;0001-01-01T00:00:08.3680000+01:00;105.11;-3.43;-50.98;27.5;-3.684;-2.864;29.562;-37.755;6.461;-21.081;94.073;-69.517;117.131;"0001-01-01T00:00:08.275+01:00|W1|0.2|0.18|0.14|0.18|0.10;0001-01-01T00:00:08.275+01:00|W2|1.1|0.20|0.03|0.20|0.98;0001-01-01T00:00:08.275+01:00|W3|1.6|1.40|0.21|1.40|0.79;0001-01-01T00:00:08.275+01:00|W4|1.4|0.41|0.20|0.41|1.21;0001-01-01T00:00:08.275+01:00|W5|1.0|0.94|0.42|0.94|0.46;0001-01-01T00:00:08.275+01:00|W6|1.1|0.50|0.53|0.50|0.69;0001-01-01T00:00:08.275+01:00|W7|0.5|0.32|0.14|0.32|0.31;0001-01-01T00:00:08.275+01:00|W8|0.5|0.29|0.00|0.29|0.18;0001-01-01T00:00:08.275+01:00|W9|1.0|0.63|0.27|0.63|0.79;0001-01-01T00:00:08.275+01:00|W10|0.4|0.36|0.13|0.36|0.13;0001-01-01T00:00:08.275+01:00|W11|0.4|-0.24|0.02|-0.24|0.30;0001-01-01T00:00:08.275+01:00|W12|0.3|-0.20|0.01|-0.20|0.05"
117.00;3.50;0001-01-01T00:00:08.3990000+01:00;105.92;-3.48;-51.57;27.2;-3.354;-2.621;30.019;-37.867;6.050;-21.180;94.113;-69.523;117.165;"0001-01-01T00:00:08.275+01:00|W1|0.2|0.18|0.14|0.18|0.10;0001-01-01T00:00:08.275+01:00|W2|1.1|0.20|0.03|0.20|0.98;0001-01-01T00:00:08.275+01:00|W3|1.6|1.40|0.21|1.40|0.79;0001-01-01T00:00:08.275+01:00|W4|1.4|0.41|0.20|0.41|1.21;0001-01-01T00:00:08.275+01:00|W5|1.0|0.94|0.42|0.94|0.46;0001-01-01T00:00:08.275+01:00|W6|1.1|0.50|0.53|0.50|0.69;0001-01-01T00:00:08.275+01:00|W7|0.5|0.32|0.14|0.32|0.31;0001-01-01T00:00:08.275+01:00|W8|0.5|0.29|0.00|0.29|0.18;0001-01-01T00:00:08.275+01:00|W9|1.0|0.63|0.27|0.63|0.79;0001-01-01T00:00:08.275+01:00|W10|0.4|0.36|0.13|0.36|0.13;0001-01-01T00:00:08.275+01:00|W11|0.4|-0.24|0.02|-0.24|0.30;0001-01-01T00:00:08.275+01:00|W12|0.3|-0.20|0.01|-0.20|0.05"
118.00;3.48;0001-01-01T00:00:08.4300000+01:00;106.72;-3.53;-52.17;27.0;-3.265;-2.495;30.477;-37.904;5.707;-21.284;94.143;-69.685;117.287;"0001-01-01T00:00:08.528+01:00|W1|0.2|0.15|0.15|0.15|0.09;0001-01-01T00:00:08.528+01:00|W2|1.1|0.18|0.03|0.18|0.98;0001-01-01T00:00:08.528+01:00|W3|1.6|1.34|0.26|1.34|0.78;0001-01-01T00:00:08.528+01:00|W4|1.4|0.47|0.18|0.47|1.22;0001-01-01T00:00:08.528+01:00|W5|1.3|1.02|0.69|1.02|0.80;0001-01-01T00:00:08.528+01:00|W6|1.5|0.96|0.07|0.96|0.47;0001-01-01T00:00:08.528+01:00|W7|0.4|0.26|0.13|0.26|0.34;0001-01-01T00:00:08.528+01:00|W8|0.5|0.37|0.04|0.37|0.34;0001-01-01T00:00:08.528+01:00|W9|1.1|0.83|0.32|0.83|0.70;0001-01-01T00:00:08.528+01:00|W10|0.4|0.36|0.15|0.36|0.11;0001-01-01T00:00:08.528+01:00|W11|0.4|-0.25|0.01|-0.25|0.30;0001-01-01T00:00:08.528+01:00|W12|0.3|-0.21|0.01|-0.21|0.06"
119.00;3.47;0001-01-01T00:00:08.4610000+01:00;107.52;-3.59;-52.77;26.8;-3.225;-2.442;30.961;-37.957;5.399;-21.397;94.164;-69.786;117.365;"0001-01-01T00:00:08.528+01:00|W1|0.2|0.15|0.15|0.15|0.09;0001-01-01T00:00:08.528+01:00|W2|1.1|0.18|0.03|0.18|0.98;0001-01-01T00:00:08.528+01:00|W3|1.6|1.34|0.26|1.34|0.78;0001-01-01T00:00:08.528+01:00|W4|1.4|0.47|0.18|0.47|1.22;0001-01-01T00:00:08.528+01:00|W5|1.3|1.02|0.69|1.02|0.80;0001-01-01T00:00:08.528+01:00|W6|1.5|0.96|0.07|0.96|0.47;0001-01-01T00:00:08.528+01:00|W7|0.4|0.26|0.13|0.26|0.34;0001-01-01T00:00:08.528+01:00|W8|0.5|0.37|0.04|0.37|0.34;0001-01-01T00:00:08.528+01:00|W9|1.1|0.83|0.32|0.83|0.70;0001-01-01T00:00:08.528+01:00|W10|0.4|0.36|0.15|0.36|0.11;0001-01-01T00:00:08.528+01:00|W11|0.4|-0.25|0.01|-0.25|0.30;0001-01-01T00:00:08.528+01:00|W12|0.3|-0.21|0.01|-0.21|0.06"
120.00;3.46;0001-01-01T00:00:08.4920000+01:00;108.33;-3.64;-53.37;26.6;-3.261;-2.507;31.487;-38.034;5.144;-21.525;94.172;-69.792;117.372;"0001-01-01T00:00:08.528+01:00|W1|0.2|0.15|0.15|0.15|0.09;0001-01-01T00:00:08.528+01:00|W2|1.1|0.18|0.03|0.18|0.98;0001-01-01T00:00:08.528+01:00|W3|1.6|1.34|0.26|1.34|0.78;0001-01-01T00:00:08.528+01:00|W4|1.4|0.47|0.18|0.47|1.22;0001-01-01T00:00:08.528+01:00|W5|1.3|1.02|0.69|1.02|0.80;0001-01-01T00:00:08.528+01:00|W6|1.5|0.96|0.07|0.96|0.47;0001-01-01T00:00:08.528+01:00|W7|0.4|0.26|0.13|0.26|0.34;0001-01-01T00:00:08.528+01:00|W8|0.5|0.37|0.04|0.37|0.34;0001-01-01T00:00:08.528+01:00|W9|1.1|0.83|0.32|0.83|0.70;0001-01-01T00:00:08.528+01:00|W10|0.4|0.36|0.15|0.36|0.11;0001-01-01T00:00:08.528+01:00|W11|0.4|-0.25|0.01|-0.25|0.30;0001-01-01T00:00:08.528+01:00|W12|0.3|-0.21|0.01|-0.21|0.06"
121.00;3.44;0001-01-01T00:00:08.5220000+01:00;109.14;-3.69;-53.96;26.6;-3.449;-2.743;32.288;-38.163;5.000;-21.649;94.205;-69.903;117.463;"0001-01-01T00:00:08.528+01:00|W1|0.2|0.15|0.15|0.15|0.09;0001-01-01T00:00:08.528+01:00|W2|1.1|0.18|0.03|0.18|0.98;0001-01-01T00:00:08.528+01:00|W3|1.6|1.34|0.26|1.34|0.78;0001-01-01T00:00:08.528+01:00|W4|1.4|0.47|0.18|0.47|1.22;0001-01-01T00:00:08.528+01:00|W5|1.3|1.02|0.69|1.02|0.80;0001-01-01T00:00:08.528+01:00|W6|1.5|0.96|0.07|0.96|0.47;0001-01-01T00:00:08.528+01:00|W7|0.4|0.26|0.13|0.26|0.34;0001-01-01T00:00:08.528+01:00|W8|0.5|0.37|0.04|0.37|0.34;0001-01-01T00:00:08.528+01:00|W9|1.1|0.83|0.32|0.83|0.70;0001-01-01T00:00:08.528+01:00|W10|0.4|0.36|0.15|0.36|0.11;0001-01-01T00:00:08.528+01:00|W11|0.4|-0.25|0.01|-0.25|0.30;0001-01-01T00:00:08.528+01:00|W12|0.3|-0.21|0.01|-0.21|0.06"
122.00;3.43;0001-01-01T00:00:08.5530000+01:00;109.94;-3.74;-54.56;26.6;-3.683;-3.031;33.174;-38.308;4.889;-21.771;94.245;-70.047;117.580;"0001-01-01T00:00:08.528+01:00|W1|0.2|0.15|0.15|0.15|0.09;0001-01-01T00:00:08.528+01:00|W2|1.1|0.18|0.03|0.18|0.98;0001-01-01T00:00:08.528+01:00|W3|1.6|1.34|0.26|1.34|0.78;0001-01-01T00:00:08.528+01:00|W4|1.4|0.47|0.18|0.47|1.22;0001-01-01T00:00:08.528+01:00|W5|1.3|1.02|0.69|1.02|0.80;0001-01-01T00:00:08.528+01:00|W6|1.5|0.96|0.07|0.96|0.47;0001-01-01T00:00:08.528+01:00|W7|0.4|0.26|0.13|0.26|0.34;0001-01-01T00:00:08.528+01:00|W8|0.5|0.37|0.04|0.37|0.34;0001-01-01T00:00:08.528+01:00|W9|1.1|0.83|0.32|0.83|0.70;0001-01-01T00:00:08.528+01:00|W10|0.4|0.36|0.15|0.36|0.11;0001-01-01T00:00:08.528+01:00|W11|0.4|-0.25|0.01|-0.25|0.30;0001-01-01T00:00:08.528+01:00|W12|0.3|-0.21|0.01|-0.21|0.06"
123.00;3.42;0001-01-01T00:00:08.5840000+01:00;110.75;-3.79;-55.16;26.6;-3.918;-3.320;34.059;-38.453;4.778;-21.893;94.286;-70.191;117.697;"0001-01-01T00:00:08.528+01:00|W1|0.2|0.15|0.15|0.15|0.09;0001-01-01T00:00:08.528+01:00|W2|1.1|0.18|0.03|0.18|0.98;0001-01-01T00:00:08.528+01:00|W3|1.6|1.34|0.26|1.34|0.78;0001-01-01T00:00:08.528+01:00|W4|1.4|0.47|0.18|0.47|1.22;0001-01-01T00:00:08.528+01:00|W5|1.3|1.02|0.69|1.02|0.80;0001-01-01T00:00:08.528+01:00|W6|1.5|0.96|0.07|0.96|0.47;0001-01-01T00:00:08.528+01:00|W7|0.4|0.26|0.13|0.26|0.34;0001-01-01T00:00:08.528+01:00|W8|0.5|0.37|0.04|0.37|0.34;0001-01-01T00:00:08.528+01:00|W9|1.1|0.83|0.32|0.83|0.70;0001-01-01T00:00:08.528+01:00|W10|0.4|0.36|0.15|0.36|0.11;0001-01-01T00:00:08.528+01:00|W11|0.4|-0.25|0.01|-0.25|0.30;0001-01-01T00:00:08.528+01:00|W12|0.3|-0.21|0.01|-0.21|0.06"
124.00;3.41;0001-01-01T00:00:08.6150000+01:00;111.55;-3.84;-55.76;26.6;-4.184;-3.671;34.901;-38.355;4.654;-21.972;94.307;-70.377;117.825;"0001-01-01T00:00:08.528+01:00|W1|0.2|0.15|0.15|0.15|0.09;0001-01-01T00:00:08.528+01:00|W2|1.1|0.18|0.03|0.18|0.98;0001-01-01T00:00:08.528+01:00|W3|1.6|1.34|0.26|1.34|0.78;0001-01-01T00:00:08.528+01:00|W4|1.4|0.47|0.18|0.47|1.22;0001-01-01T00:00:08.528+01:00|W5|1.3|1.02|0.69|1.02|0.80;0001-01-01T00:00:08.528+01:00|W6|1.5|0.96|0.07|0.96|0.47;0001-01-01T00:00:08.528+01:00|W7|0.4|0.26|0.13|0.26|0.34;0001-01-01T00:00:08.528+01:00|W8|0.5|0.37|0.04|0.37|0.34;0001-01-01T00:00:08.528+01:00|W9|1.1|0.83|0.32|0.83|0.70;0001-01-01T00:00:08.528+01:00|W10|0.4|0.36|0.15|0.36|0.11;0001-01-01T00:00:08.528+01:00|W11|0.4|-0.25|0.01|-0.25|0.30;0001-01-01T00:00:08.528+01:00|W12|0.3|-0.21|0.01|-0.21|0.06"
125.00;3.38;0001-01-01T00:00:08.6450000+01:00;112.35;-3.90;-56.36;26.7;-4.480;-4.085;35.700;-38.020;4.518;-22.009;94.308;-70.604;117.963;"0001-01-01T00:00:08.528+01:00|W1|0.2|0.15|0.15|0.15|0.09;0001-01-01T00:00:08.528+01:00|W2|1.1|0.18|0.03|0.18|0.98;0001-01-01T00:00:08.528+01:00|W3|1.6|1.34|0.26|1.34|0.78;0001-01-01T00:00:08.528+01:00|W4|1.4|0.47|0.18|0.47|1.22;0001-01-01T00:00:08.528+01:00|W5|1.3|1.02|0.69|1.02|0.80;0001-01-01T00:00:08.528+01:00|W6|1.5|0.96|0.07|0.96|0.47;0001-01-01T00:00:08.528+01:00|W7|0.4|0.26|0.13|0.26|0.34;0001-01-01T00:00:08.528+01:00|W8|0.5|0.37|0.04|0.37|0.34;0001-01-01T00:00:08.528+01:00|W9|1.1|0.83|0.32|0.83|0.70;0001-01-01T00:00:08.528+01:00|W10|0.4|0.36|0.15|0.36|0.11;0001-01-01T00:00:08.528+01:00|W11|0.4|-0.25|0.01|-0.25|0.30;0001-01-01T00:00:08.528+01:00|W12|0.3|-0.21|0.01|-0.21|0.06"
126.00;3.39;0001-01-01T00:00:08.6760000+01:00;113.16;-3.95;-56.95;26.4;-4.776;-4.512;36.498;-37.608;4.383;-22.014;94.370;-70.868;118.178;"0001-01-01T00:00:08.774+01:00|W1|0.2|0.15|0.15|0.15|0.09;0001-01-01T00:00:08.774+01:00|W2|1.1|0.17|0.02|0.17|0.98;0001-01-01T00:00:08.774+01:00|W3|1.5|1.26|0.31|1.26|0.76;0001-01-01T00:00:08.774+01:00|W4|1.4|0.47|0.18|0.47|1.22;0001-01-01T00:00:08.774+01:00|W5|1.1|0.80|0.46|0.80|0.55;0001-01-01T00:00:08.774+01:00|W6|1.5|0.96|0.07|0.96|0.47;0001-01-01T00:00:08.774+01:00|W7|0.4|0.26|0.13|0.26|0.34;0001-01-01T00:00:08.774+01:00|W8|0.5|0.37|0.04|0.37|0.34;0001-01-01T00:00:08.774+01:00|W9|1.2|0.98|0.38|0.98|0.64;0001-01-01T00:00:08.774+01:00|W10|0.4|0.35|0.15|0.35|0.09;0001-01-01T00:00:08.774+01:00|W11|0.4|-0.24|0.02|-0.24|0.30;0001-01-01T00:00:08.774+01:00|W12|0.3|-0.21|0.01|-0.21|0.06"
127.00;3.39;0001-01-01T00:00:08.7060000+01:00;113.97;-4.00;-57.55;26.2;-5.049;-4.940;37.204;-37.186;4.229;-22.015;94.440;-71.102;118.381;"0001-01-01T00:00:08.774+01:00|W1|0.2|0.15|0.15|0.15|0.09;0001-01-01T00:00:08.774+01:00|W2|1.1|0.17|0.02|0.17|0.98;0001-01-01T00:00:08.774+01:00|W3|1.5|1.26|0.31|1.26|0.76;0001-01-01T00:00:08.774+01:00|W4|1.4|0.47|0.18|0.47|1.22;0001-01-01T00:00:08.774+01:00|W5|1.1|0.80|0.46|0.80|0.55;0001-01-01T00:00:08.774+01:00|W6|1.5|0.96|0.07|0.96|0.47;0001-01-01T00:00:08.774+01:00|W7|0.4|0.26|0.13|0.26|0.34;0001-01-01T00:00:08.774+01:00|W8|0.5|0.37|0.04|0.37|0.34;0001-01-01T00:00:08.774+01:00|W9|1.2|0.98|0.38|0.98|0.64;0001-01-01T00:00:08.774+01:00|W10|0.4|0.35|0.15|0.35|0.09;0001-01-01T00:00:08.774+01:00|W11|0.4|-0.24|0.02|-0.24|0.30;0001-01-01T00:00:08.774+01:00|W12|0.3|-0.21|0.01|-0.21|0.06"
128.00;3.36;0001-01-01T00:00:08.7370000+01:00;114.76;-4.06;-58.16;25.9;-5.253;-5.368;37.625;-36.764;4.019;-22.016;94.512;-71.230;118.512;"0001-01-01T00:00:08.774+01:00|W1|0.2|0.15|0.15|0.15|0.09;0001-01-01T00:00:08.774+01:00|W2|1.1|0.17|0.02|0.17|0.98;0001-01-01T00:00:08.774+01:00|W3|1.5|1.26|0.31|1.26|0.76;0001-01-01T00:00:08.774+01:00|W4|1.4|0.47|0.18|0.47|1.22;0001-01-01T00:00:08.774+01:00|W5|1.1|0.80|0.46|0.80|0.55;0001-01-01T00:00:08.774+01:00|W6|1.5|0.96|0.07|0.96|0.47;0001-01-01T00:00:08.774+01:00|W7|0.4|0.26|0.13|0.26|0.34;0001-01-01T00:00:08.774+01:00|W8|0.5|0.37|0.04|0.37|0.34;0001-01-01T00:00:08.774+01:00|W9|1.2|0.98|0.38|0.98|0.64;0001-01-01T00:00:08.774+01:00|W10|0.4|0.35|0.15|0.35|0.09;0001-01-01T00:00:08.774+01:00|W11|0.4|-0.24|0.02|-0.24|0.30;0001-01-01T00:00:08.774+01:00|W12|0.3|-0.21|0.01|-0.21|0.06"
129.00;3.34;0001-01-01T00:00:08.7670000+01:00;115.56;-4.11;-58.76;25.7;-5.344;-5.713;37.805;-36.344;3.785;-22.001;94.592;-71.363;118.659;"0001-01-01T00:00:08.774+01:00|W1|0.2|0.15|0.15|0.15|0.09;0001-01-01T00:00:08.774+01:00|W2|1.1|0.17|0.02|0.17|0.98;0001-01-01T00:00:08.774+01:00|W3|1.5|1.26|0.31|1.26|0.76;0001-01-01T00:00:08.774+01:00|W4|1.4|0.47|0.18|0.47|1.22;0001-01-01T00:00:08.774+01:00|W5|1.1|0.80|0.46|0.80|0.55;0001-01-01T00:00:08.774+01:00|W6|1.5|0.96|0.07|0.96|0.47;0001-01-01T00:00:08.774+01:00|W7|0.4|0.26|0.13|0.26|0.34;0001-01-01T00:00:08.774+01:00|W8|0.5|0.37|0.04|0.37|0.34;0001-01-01T00:00:08.774+01:00|W9|1.2|0.98|0.38|0.98|0.64;0001-01-01T00:00:08.774+01:00|W10|0.4|0.35|0.15|0.35|0.09;0001-01-01T00:00:08.774+01:00|W11|0.4|-0.24|0.02|-0.24|0.30;0001-01-01T00:00:08.774+01:00|W12|0.3|-0.21|0.01|-0.21|0.06"
130.00;3.33;0001-01-01T00:00:08.7980000+01:00;116.36;-4.16;-59.37;25.4;-5.362;-6.004;37.827;-35.925;3.535;-21.976;94.675;-71.500;118.815;"0001-01-01T00:00:08.774+01:00|W1|0.2|0.15|0.15|0.15|0.09;0001-01-01T00:00:08.774+01:00|W2|1.1|0.17|0.02|0.17|0.98;0001-01-01T00:00:08.774+01:00|W3|1.5|1.26|0.31|1.26|0.76;0001-01-01T00:00:08.774+01:00|W4|1.4|0.47|0.18|0.47|1.22;0001-01-01T00:00:08.774+01:00|W5|1.1|0.80|0.46|0.80|0.55;0001-01-01T00:00:08.774+01:00|W6|1.5|0.96|0.07|0.96|0.47;0001-01-01T00:00:08.774+01:00|W7|0.4|0.26|0.13|0.26|0.34;0001-01-01T00:00:08.774+01:00|W8|0.5|0.37|0.04|0.37|0.34;0001-01-01T00:00:08.774+01:00|W9|1.2|0.98|0.38|0.98|0.64;0001-01-01T00:00:08.774+01:00|W10|0.4|0.35|0.15|0.35|0.09;0001-01-01T00:00:08.774+01:00|W11|0.4|-0.24|0.02|-0.24|0.30;0001-01-01T00:00:08.774+01:00|W12|0.3|-0.21|0.01|-0.21|0.06"
131.00;3.32;0001-01-01T00:00:08.8280000+01:00;117.16;-4.22;-59.97;25.2;-5.234;-6.181;37.044;-35.780;3.374;-21.980;94.718;-71.626;118.929;"0001-01-01T00:00:08.774+01:00|W1|0.2|0.15|0.15|0.15|0.09;0001-01-01T00:00:08.774+01:00|W2|1.1|0.17|0.02|0.17|0.98;0001-01-01T00:00:08.774+01:00|W3|1.5|1.26|0.31|1.26|0.76;0001-01-01T00:00:08.774+01:00|W4|1.4|0.47|0.18|0.47|1.22;0001-01-01T00:00:08.774+01:00|W5|1.1|0.80|0.46|0.80|0.55;0001-01-01T00:00:08.774+01:00|W6|1.5|0.96|0.07|0.96|0.47;0001-01-01T00:00:08.774+01:00|W7|0.4|0.26|0.13|0.26|0.34;0001-01-01T00:00:08.774+01:00|W8|0.5|0.37|0.04|0.37|0.34;0001-01-01T00:00:08.774+01:00|W9|1.2|0.98|0.38|0.98|0.64;0001-01-01T00:00:08.774+01:00|W10|0.4|0.35|0.15|0.35|0.09;0001-01-01T00:00:08.774+01:00|W11|0.4|-0.24|0.02|-0.24|0.30;0001-01-01T00:00:08.774+01:00|W12|0.3|-0.21|0.01|-0.21|0.06"
132.00;3.30;0001-01-01T00:00:08.8590000+01:00;117.96;-4.27;-60.58;25.1;-5.055;-6.303;36.706;-35.619;3.218;-22.004;94.765;-71.718;119.025;"0001-01-01T00:00:08.774+01:00|W1|0.2|0.15|0.15|0.15|0.09;0001-01-01T00:00:08.774+01:00|W2|1.1|0.17|0.02|0.17|0.98;0001-01-01T00:00:08.774+01:00|W3|1.5|1.26|0.31|1.26|0.76;0001-01-01T00:00:08.774+01:00|W4|1.4|0.47|0.18|0.47|1.22;0001-01-01T00:00:08.774+01:00|W5|1.1|0.80|0.46|0.80|0.55;0001-01-01T00:00:08.774+01:00|W6|1.5|0.96|0.07|0.96|0.47;0001-01-01T00:00:08.774+01:00|W7|0.4|0.26|0.13|0.26|0.34;0001-01-01T00:00:08.774+01:00|W8|0.5|0.37|0.04|0.37|0.34;0001-01-01T00:00:08.774+01:00|W9|1.2|0.98|0.38|0.98|0.64;0001-01-01T00:00:08.774+01:00|W10|0.4|0.35|0.15|0.35|0.09;0001-01-01T00:00:08.774+01:00|W11|0.4|-0.24|0.02|-0.24|0.30;0001-01-01T00:00:08.774+01:00|W12|0.3|-0.21|0.01|-0.21|0.06"
133.00;3.29;0001-01-01T00:00:08.8890000+01:00;118.76;-4.33;-61.18;25.0;-4.781;-6.314;37.406;-35.399;3.067;-22.072;94.827;-71.735;119.086;"0001-01-01T00:00:08.774+01:00|W1|0.2|0.15|0.15|0.15|0.09;0001-01-01T00:00:08.774+01:00|W2|1.1|0.17|0.02|0.17|0.98;0001-01-01T00:00:08.774+01:00|W3|1.5|1.26|0.31|1.26|0.76;0001-01-01T00:00:08.774+01:00|W4|1.4|0.47|0.18|0.47|1.22;0001-01-01T00:00:08.774+01:00|W5|1.1|0.80|0.46|0.80|0.55;0001-01-01T00:00:08.774+01:00|W6|1.5|0.96|0.07|0.96|0.47;0001-01-01T00:00:08.774+01:00|W7|0.4|0.26|0.13|0.26|0.34;0001-01-01T00:00:08.774+01:00|W8|0.5|0.37|0.04|0.37|0.34;0001-01-01T00:00:08.774+01:00|W9|1.2|0.98|0.38|0.98|0.64;0001-01-01T00:00:08.774+01:00|W10|0.4|0.35|0.15|0.35|0.09;0001-01-01T00:00:08.774+01:00|W11|0.4|-0.24|0.02|-0.24|0.30;0001-01-01T00:00:08.774+01:00|W12|0.3|-0.21|0.01|-0.21|0.06"
134.00;3.27;0001-01-01T00:00:08.9190000+01:00;119.55;-4.38;-61.79;25.1;-4.465;-6.213;37.790;-35.039;2.985;-22.150;94.877;-71.817;119.181;"0001-01-01T00:00:09.022+01:00|W1|0.2|0.15|0.14|0.15|0.11;0001-01-01T00:00:09.022+01:00|W2|1.1|0.17|0.02|0.17|0.98;0001-01-01T00:00:09.022+01:00|W3|1.5|1.26|0.31|1.26|0.76;0001-01-01T00:00:09.022+01:00|W4|1.5|0.40|0.16|0.40|1.27;0001-01-01T00:00:09.022+01:00|W5|1.1|0.80|0.46|0.80|0.55;0001-01-01T00:00:09.022+01:00|W6|1.7|1.14|0.14|1.14|0.38;0001-01-01T00:00:09.022+01:00|W7|0.5|0.27|0.10|0.27|0.36;0001-01-01T00:00:09.022+01:00|W8|0.5|0.38|0.04|0.38|0.32;0001-01-01T00:00:09.022+01:00|W9|1.2|0.98|0.38|0.98|0.64;0001-01-01T00:00:09.022+01:00|W10|0.4|0.35|0.15|0.35|0.09;0001-01-01T00:00:09.022+01:00|W11|0.4|-0.23|0.01|-0.23|0.32;0001-01-01T00:00:09.022+01:00|W12|0.3|-0.21|0.01|-0.21|0.06"
135.00;3.25;0001-01-01T00:00:08.9490000+01:00;120.34;-4.44;-62.40;25.1;-4.129;-6.052;38.018;-34.611;2.938;-22.233;94.922;-71.929;119.291;"0001-01-01T00:00:09.022+01:00|W1|0.2|0.15|0.14|0.15|0.11;0001-01-01T00:00:09.022+01:00|W2|1.1|0.17|0.02|0.17|0.98;0001-01-01T00:00:09.022+01:00|W3|1.5|1.26|0.31|1.26|0.76;0001-01-01T00:00:09.022+01:00|W4|1.5|0.40|0.16|0.40|1.27;0001-01-01T00:00:09.022+01:00|W5|1.1|0.80|0.46|0.80|0.55;0001-01-01T00:00:09.022+01:00|W6|1.7|1.14|0.14|1.14|0.38;0001-01-01T00:00:09.022+01:00|W7|0.5|0.27|0.10|0.27|0.36;0001-01-01T00:00:09.022+01:00|W8|0.5|0.38|0.04|0.38|0.32;0001-01-01T00:00:09.022+01:00|W9|1.2|0.98|0.38|0.98|0.64;0001-01-01T00:00:09.022+01:00|W10|0.4|0.35|0.15|0.35|0.09;0001-01-01T00:00:09.022+01:00|W11|0.4|-0.23|0.01|-0.23|0.32;0001-01-01T00:00:09.022+01:00|W12|0.3|-0.21|0.01|-0.21|0.06"
136.00;3.27;0001-01-01T00:00:08.9800000+01:00;121.16;-4.50;-62.99;25.1;-3.792;-5.679;38.246;-34.391;2.891;-22.261;94.948;-71.890;119.292;"0001-01-01T00:00:09.022+01:00|W1|0.2|0.15|0.14|0.15|0.11;0001-01-01T00:00:09.022+01:00|W2|1.1|0.17|0.02|0.17|0.98;0001-01-01T00:00:09.022+01:00|W3|1.5|1.26|0.31|1.26|0.76;0001-01-01T00:00:09.022+01:00|W4|1.5|0.40|0.16|0.40|1.27;0001-01-01T00:00:09.022+01:00|W5|1.1|0.80|0.46|0.80|0.55;0001-01-01T00:00:09.022+01:00|W6|1.7|1.14|0.14|1.14|0.38;0001-01-01T00:00:09.022+01:00|W7|0.5|0.27|0.10|0.27|0.36;0001-01-01T00:00:09.022+01:00|W8|0.5|0.38|0.04|0.38|0.32;0001-01-01T00:00:09.022+01:00|W9|1.2|0.98|0.38|0.98|0.64;0001-01-01T00:00:09.022+01:00|W10|0.4|0.35|0.15|0.35|0.09;0001-01-01T00:00:09.022+01:00|W11|0.4|-0.23|0.01|-0.23|0.32;0001-01-01T00:00:09.022+01:00|W12|0.3|-0.21|0.01|-0.21|0.06"
137.00;3.28;0001-01-01T00:00:09.0100000+01:00;121.96;-4.56;-63.59;25.0;-3.490;-5.307;38.565;-34.171;2.842;-22.290;94.944;-71.917;119.308;"0001-01-01T00:00:09.022+01:00|W1|0.2|0.15|0.14|0.15|0.11;0001-01-01T00:00:09.022+01:00|W2|1.1|0.17|0.02|0.17|0.98;0001-01-01T00:00:09.022+01:00|W3|1.5|1.26|0.31|1.26|0.76;0001-01-01T00:00:09.022+01:00|W4|1.5|0.40|0.16|0.40|1.27;0001-01-01T00:00:09.022+01:00|W5|1.1|0.80|0.46|0.80|0.55;0001-01-01T00:00:09.022+01:00|W6|1.7|1.14|0.14|1.14|0.38;0001-01-01T00:00:09.022+01:00|W7|0.5|0.27|0.10|0.27|0.36;0001-01-01T00:00:09.022+01:00|W8|0.5|0.38|0.04|0.38|0.32;0001-01-01T00:00:09.022+01:00|W9|1.2|0.98|0.38|0.98|0.64;0001-01-01T00:00:09.022+01:00|W10|0.4|0.35|0.15|0.35|0.09;0001-01-01T00:00:09.022+01:00|W11|0.4|-0.23|0.01|-0.23|0.32;0001-01-01T00:00:09.022+01:00|W12|0.3|-0.21|0.01|-0.21|0.06"
138.00;3.27;0001-01-01T00:00:09.0410000+01:00;122.76;-4.61;-64.19;24.9;-3.250;-4.935;39.036;-33.951;2.790;-22.318;94.892;-72.054;119.353;"0001-01-01T00:00:09.022+01:00|W1|0.2|0.15|0.14|0.15|0.11;0001-01-01T00:00:09.022+01:00|W2|1.1|0.17|0.02|0.17|0.98;0001-01-01T00:00:09.022+01:00|W3|1.5|1.26|0.31|1.26|0.76;0001-01-01T00:00:09.022+01:00|W4|1.5|0.40|0.16|0.40|1.27;0001-01-01T00:00:09.022+01:00|W5|1.1|0.80|0.46|0.80|0.55;0001-01-01T00:00:09.022+01:00|W6|1.7|1.14|0.14|1.14|0.38;0001-01-01T00:00:09.022+01:00|W7|0.5|0.27|0.10|0.27|0.36;0001-01-01T00:00:09.022+01:00|W8|0.5|0.38|0.04|0.38|0.32;0001-01-01T00:00:09.022+01:00|W9|1.2|0.98|0.38|0.98|0.64;0001-01-01T00:00:09.022+01:00|W10|0.4|0.35|0.15|0.35|0.09;0001-01-01T00:00:09.022+01:00|W11|0.4|-0.23|0.01|-0.23|0.32;0001-01-01T00:00:09.022+01:00|W12|0.3|-0.21|0.01|-0.21|0.06"
139.00;3.27;0001-01-01T00:00:09.0710000+01:00;123.56;-4.67;-64.79;24.9;-3.182;-4.565;39.227;-33.733;2.783;-22.346;94.856;-72.269;119.459;"0001-01-01T00:00:09.022+01:00|W1|0.2|0.15|0.14|0.15|0.11;0001-01-01T00:00:09.022+01:00|W2|1.1|0.17|0.02|0.17|0.98;0001-01-01T00:00:09.022+01:00|W3|1.5|1.26|0.31|1.26|0.76;0001-01-01T00:00:09.022+01:00|W4|1.5|0.40|0.16|0.40|1.27;0001-01-01T00:00:09.022+01:00|W5|1.1|0.80|0.46|0.80|0.55;0001-01-01T00:00:09.022+01:00|W6|1.7|1.14|0.14|1.14|0.38;0001-01-01T00:00:09.022+01:00|W7|0.5|0.27|0.10|0.27|0.36;0001-01-01T00:00:09.022+01:00|W8|0.5|0.38|0.04|0.38|0.32;0001-01-01T00:00:09.022+01:00|W9|1.2|0.98|0.38|0.98|0.64;0001-01-01T00:00:09.022+01:00|W10|0.4|0.35|0.15|0.35|0.09;0001-01-01T00:00:09.022+01:00|W11|0.4|-0.23|0.01|-0.23|0.32;0001-01-01T00:00:09.022+01:00|W12|0.3|-0.21|0.01|-0.21|0.06"
140.00;3.26;0001-01-01T00:00:09.1010000+01:00;124.36;-4.73;-65.40;25.0;-3.201;-4.197;39.279;-33.516;2.806;-22.374;94.851;-72.487;119.591;"0001-01-01T00:00:09.022+01:00|W1|0.2|0.15|0.14|0.15|0.11;0001-01-01T00:00:09.022+01:00|W2|1.1|0.17|0.02|0.17|0.98;0001-01-01T00:00:09.022+01:00|W3|1.5|1.26|0.31|1.26|0.76;0001-01-01T00:00:09.022+01:00|W4|1.5|0.40|0.16|0.40|1.27;0001-01-01T00:00:09.022+01:00|W5|1.1|0.80|0.46|0.80|0.55;0001-01-01T00:00:09.022+01:00|W6|1.7|1.14|0.14|1.14|0.38;0001-01-01T00:00:09.022+01:00|W7|0.5|0.27|0.10|0.27|0.36;0001-01-01T00:00:09.022+01:00|W8|0.5|0.38|0.04|0.38|0.32;0001-01-01T00:00:09.022+01:00|W9|1.2|0.98|0.38|0.98|0.64;0001-01-01T00:00:09.022+01:00|W10|0.4|0.35|0.15|0.35|0.09;0001-01-01T00:00:09.022+01:00|W11|0.4|-0.23|0.01|-0.23|0.32;0001-01-01T00:00:09.022+01:00|W12|0.3|-0.21|0.01|-0.21|0.06"
141.00;3.20;0001-01-01T00:00:09.1310000+01:00;125.13;-4.79;-66.04;25.1;-3.516;-3.835;38.879;-33.302;3.015;-22.402;95.167;-72.367;119.774;"0001-01-01T00:00:09.022+01:00|W1|0.2|0.15|0.14|0.15|0.11;0001-01-01T00:00:09.022+01:00|W2|1.1|0.17|0.02|0.17|0.98;0001-01-01T00:00:09.022+01:00|W3|1.5|1.26|0.31|1.26|0.76;0001-01-01T00:00:09.022+01:00|W4|1.5|0.40|0.16|0.40|1.27;0001-01-01T00:00:09.022+01:00|W5|1.1|0.80|0.46|0.80|0.55;0001-01-01T00:00:09.022+01:00|W6|1.7|1.14|0.14|1.14|0.38;0001-01-01T00:00:09.022+01:00|W7|0.5|0.27|0.10|0.27|0.36;0001-01-01T00:00:09.022+01:00|W8|0.5|0.38|0.04|0.38|0.32;0001-01-01T00:00:09.022+01:00|W9|1.2|0.98|0.38|0.98|0.64;0001-01-01T00:00:09.022+01:00|W10|0.4|0.35|0.15|0.35|0.09;0001-01-01T00:00:09.022+01:00|W11|0.4|-0.23|0.01|-0.23|0.32;0001-01-01T00:00:09.022+01:00|W12|0.3|-0.21|0.01|-0.21|0.06"
142.00;3.18;0001-01-01T00:00:09.1610000+01:00;125.92;-4.85;-66.66;25.3;-3.835;-3.468;38.473;-33.337;3.227;-22.315;95.264;-72.447;119.900;"0001-01-01T00:00:09.273+01:00|W1|0.2|0.17|0.11|0.17|0.10;0001-01-01T00:00:09.273+01:00|W2|1.1|0.13|0.00|0.13|0.98;0001-01-01T00:00:09.273+01:00|W3|1.4|1.17|0.35|1.17|0.77;0001-01-01T00:00:09.273+01:00|W4|1.5|0.33|0.15|0.33|1.31;0001-01-01T00:00:09.273+01:00|W5|0.4|0.28|0.24|0.28|0.29;0001-01-01T00:00:09.273+01:00|W6|1.8|1.27|0.28|1.27|0.27;0001-01-01T00:00:09.273+01:00|W7|0.5|0.30|0.06|0.30|0.38;0001-01-01T00:00:09.273+01:00|W8|0.5|0.38|0.00|0.38|0.26;0001-01-01T00:00:09.273+01:00|W9|1.2|1.05|0.37|1.05|0.55;0001-01-01T00:00:09.273+01:00|W10|0.4|0.34|0.16|0.34|0.07;0001-01-01T00:00:09.273+01:00|W11|0.4|-0.23|0.00|-0.23|0.33;0001-01-01T00:00:09.273+01:00|W12|0.3|-0.22|0.01|-0.22|0.06"
143.00;3.24;0001-01-01T00:00:09.1920000+01:00;126.75;-4.92;-67.22;25.8;-4.162;-3.092;38.058;-33.770;3.444;-22.045;95.007;-72.848;119.937;"0001-01-01T00:00:09.273+01:00|W1|0.2|0.17|0.11|0.17|0.10;0001-01-01T00:00:09.273+01:00|W2|1.1|0.13|0.00|0.13|0.98;0001-01-01T00:00:09.273+01:00|W3|1.4|1.17|0.35|1.17|0.77;0001-01-01T00:00:09.273+01:00|W4|1.5|0.33|0.15|0.33|1.31;0001-01-01T00:00:09.273+01:00|W5|0.4|0.28|0.24|0.28|0.29;0001-01-01T00:00:09.273+01:00|W6|1.8|1.27|0.28|1.27|0.27;0001-01-01T00:00:09.273+01:00|W7|0.5|0.30|0.06|0.30|0.38;0001-01-01T00:00:09.273+01:00|W8|0.5|0.38|0.00|0.38|0.26;0001-01-01T00:00:09.273+01:00|W9|1.2|1.05|0.37|1.05|0.55;0001-01-01T00:00:09.273+01:00|W10|0.4|0.34|0.16|0.34|0.07;0001-01-01T00:00:09.273+01:00|W11|0.4|-0.23|0.00|-0.23|0.33;0001-01-01T00:00:09.273+01:00|W12|0.3|-0.22|0.01|-0.22|0.06"
144.00;3.22;0001-01-01T00:00:09.2220000+01:00;127.54;-4.98;-67.84;25.8;-4.615;-2.724;37.485;-34.195;3.786;-21.780;95.021;-72.796;119.923;"0001-01-01T00:00:09.273+01:00|W1|0.2|0.17|0.11|0.17|0.10;0001-01-01T00:00:09.273+01:00|W2|1.1|0.13|0.00|0.13|0.98;0001-01-01T00:00:09.273+01:00|W3|1.4|1.17|0.35|1.17|0.77;0001-01-01T00:00:09.273+01:00|W4|1.5|0.33|0.15|0.33|1.31;0001-01-01T00:00:09.273+01:00|W5|0.4|0.28|0.24|0.28|0.29;0001-01-01T00:00:09.273+01:00|W6|1.8|1.27|0.28|1.27|0.27;0001-01-01T00:00:09.273+01:00|W7|0.5|0.30|0.06|0.30|0.38;0001-01-01T00:00:09.273+01:00|W8|0.5|0.38|0.00|0.38|0.26;0001-01-01T00:00:09.273+01:00|W9|1.2|1.05|0.37|1.05|0.55;0001-01-01T00:00:09.273+01:00|W10|0.4|0.34|0.16|0.34|0.07;0001-01-01T00:00:09.273+01:00|W11|0.4|-0.23|0.00|-0.23|0.33;0001-01-01T00:00:09.273+01:00|W12|0.3|-0.22|0.01|-0.22|0.06"
145.00;3.18;0001-01-01T00:00:09.2520000+01:00;128.32;-5.04;-68.47;25.6;-5.095;-2.388;36.838;-34.639;4.159;-21.540;95.118;-72.620;119.903;"0001-01-01T00:00:09.273+01:00|W1|0.2|0.17|0.11|0.17|0.10;0001-01-01T00:00:09.273+01:00|W2|1.1|0.13|0.00|0.13|0.98;0001-01-01T00:00:09.273+01:00|W3|1.4|1.17|0.35|1.17|0.77;0001-01-01T00:00:09.273+01:00|W4|1.5|0.33|0.15|0.33|1.31;0001-01-01T00:00:09.273+01:00|W5|0.4|0.28|0.24|0.28|0.29;0001-01-01T00:00:09.273+01:00|W6|1.8|1.27|0.28|1.27|0.27;0001-01-01T00:00:09.273+01:00|W7|0.5|0.30|0.06|0.30|0.38;0001-01-01T00:00:09.273+01:00|W8|0.5|0.38|0.00|0.38|0.26;0001-01-01T00:00:09.273+01:00|W9|1.2|1.05|0.37|1.05|0.55;0001-01-01T00:00:09.273+01:00|W10|0.4|0.34|0.16|0.34|0.07;0001-01-01T00:00:09.273+01:00|W11|0.4|-0.23|0.00|-0.23|0.33;0001-01-01T00:00:09.273+01:00|W12|0.3|-0.22|0.01|-0.22|0.06"
146.00;3.18;0001-01-01T00:00:09.2820000+01:00;129.12;-5.10;-69.08;25.9;-5.448;-2.365;35.940;-35.321;4.454;-21.537;95.174;-72.668;119.975;"0001-01-01T00:00:09.273+01:00|W1|0.2|0.17|0.11|0.17|0.10;0001-01-01T00:00:09.273+01:00|W2|1.1|0.13|0.00|0.13|0.98;0001-01-01T00:00:09.273+01:00|W3|1.4|1.17|0.35|1.17|0.77;0001-01-01T00:00:09.273+01:00|W4|1.5|0.33|0.15|0.33|1.31;0001-01-01T00:00:09.273+01:00|W5|0.4|0.28|0.24|0.28|0.29;0001-01-01T00:00:09.273+01:00|W6|1.8|1.27|0.28|1.27|0.27;0001-01-01T00:00:09.273+01:00|W7|0.5|0.30|0.06|0.30|0.38;0001-01-01T00:00:09.273+01:00|W8|0.5|0.38|0.00|0.38|0.26;0001-01-01T00:00:09.273+01:00|W9|1.2|1.05|0.37|1.05|0.55;0001-01-01T00:00:09.273+01:00|W10|0.4|0.34|0.16|0.34|0.07;0001-01-01T00:00:09.273+01:00|W11|0.4|-0.23|0.00|-0.23|0.33;0001-01-01T00:00:09.273+01:00|W12|0.3|-0.22|0.01|-0.22|0.06"
147.00;3.18;0001-01-01T00:00:09.3120000+01:00;129.92;-5.16;-69.68;26.2;-5.774;-2.341;35.122;-36.003;4.710;-21.533;95.240;-72.753;120.078;"0001-01-01T00:00:09.273+01:00|W1|0.2|0.17|0.11|0.17|0.10;0001-01-01T00:00:09.273+01:00|W2|1.1|0.13|0.00|0.13|0.98;0001-01-01T00:00:09.273+01:00|W3|1.4|1.17|0.35|1.17|0.77;0001-01-01T00:00:09.273+01:00|W4|1.5|0.33|0.15|0.33|1.31;0001-01-01T00:00:09.273+01:00|W5|0.4|0.28|0.24|0.28|0.29;0001-01-01T00:00:09.273+01:00|W6|1.8|1.27|0.28|1.27|0.27;0001-01-01T00:00:09.273+01:00|W7|0.5|0.30|0.06|0.30|0.38;0001-01-01T00:00:09.273+01:00|W8|0.5|0.38|0.00|0.38|0.26;0001-01-01T00:00:09.273+01:00|W9|1.2|1.05|0.37|1.05|0.55;0001-01-01T00:00:09.273+01:00|W10|0.4|0.34|0.16|0.34|0.07;0001-01-01T00:00:09.273+01:00|W11|0.4|-0.23|0.00|-0.23|0.33;0001-01-01T00:00:09.273+01:00|W12|0.3|-0.22|0.01|-0.22|0.06"
148.00;3.18;0001-01-01T00:00:09.3420000+01:00;130.71;-5.22;-70.29;26.4;-6.061;-2.317;34.415;-36.684;4.914;-21.530;95.318;-72.888;120.223;"0001-01-01T00:00:09.273+01:00|W1|0.2|0.17|0.11|0.17|0.10;0001-01-01T00:00:09.273+01:00|W2|1.1|0.13|0.00|0.13|0.98;0001-01-01T00:00:09.273+01:00|W3|1.4|1.17|0.35|1.17|0.77;0001-01-01T00:00:09.273+01:00|W4|1.5|0.33|0.15|0.33|1.31;0001-01-01T00:00:09.273+01:00|W5|0.4|0.28|0.24|0.28|0.29;0001-01-01T00:00:09.273+01:00|W6|1.8|1.27|0.28|1.27|0.27;0001-01-01T00:00:09.273+01:00|W7|0.5|0.30|0.06|0.30|0.38;0001-01-01T00:00:09.273+01:00|W8|0.5|0.38|0.00|0.38|0.26;0001-01-01T00:00:09.273+01:00|W9|1.2|1.05|0.37|1.05|0.55;0001-01-01T00:00:09.273+01:00|W10|0.4|0.34|0.16|0.34|0.07;0001-01-01T00:00:09.273+01:00|W11|0.4|-0.23|0.00|-0.23|0.33;0001-01-01T00:00:09.273+01:00|W12|0.3|-0.22|0.01|-0.22|0.06"
149.00;3.17;0001-01-01T00:00:09.3720000+01:00;131.51;-5.29;-70.90;26.4;-6.298;-2.293;34.001;-37.372;4.864;-21.527;95.287;-72.927;120.230;"0001-01-01T00:00:09.273+01:00|W1|0.2|0.17|0.11|0.17|0.10;0001-01-01T00:00:09.273+01:00|W2|1.1|0.13|0.00|0.13|0.98;0001-01-01T00:00:09.273+01:00|W3|1.4|1.17|0.35|1.17|0.77;0001-01-01T00:00:09.273+01:00|W4|1.5|0.33|0.15|0.33|1.31;0001-01-01T00:00:09.273+01:00|W5|0.4|0.28|0.24|0.28|0.29;0001-01-01T00:00:09.273+01:00|W6|1.8|1.27|0.28|1.27|0.27;0001-01-01T00:00:09.273+01:00|W7|0.5|0.30|0.06|0.30|0.38;0001-01-01T00:00:09.273+01:00|W8|0.5|0.38|0.00|0.38|0.26;0001-01-01T00:00:09.273+01:00|W9|1.2|1.05|0.37|1.05|0.55;0001-01-01T00:00:09.273+01:00|W10|0.4|0.34|0.16|0.34|0.07;0001-01-01T00:00:09.273+01:00|W11|0.4|-0.23|0.00|-0.23|0.33;0001-01-01T00:00:09.273+01:00|W12|0.3|-0.22|0.01|-0.22|0.06"
150.00;3.17;0001-01-01T00:00:09.4020000+01:00;132.30;-5.36;-71.51;26.4;-6.518;-2.281;33.682;-37.956;4.731;-21.531;95.227;-72.939;120.200;"0001-01-01T00:00:09.525+01:00|W1|0.2|0.12|0.11|0.12|0.14;0001-01-01T00:00:09.525+01:00|W2|1.1|0.12|0.00|0.12|0.98;0001-01-01T00:00:09.525+01:00|W3|1.3|0.93|0.49|0.93|0.82;0001-01-01T00:00:09.525+01:00|W4|1.5|0.14|0.17|0.14|1.43;0001-01-01T00:00:09.525+01:00|W5|0.5|0.25|0.17|0.25|0.33;0001-01-01T00:00:09.525+01:00|W6|1.7|1.22|0.16|1.22|0.00;0001-01-01T00:00:09.525+01:00|W7|0.6|0.36|0.02|0.36|0.42;0001-01-01T00:00:09.525+01:00|W8|0.4|0.34|0.05|0.34|0.24;0001-01-01T00:00:09.525+01:00|W9|1.2|1.04|0.28|1.04|0.51;0001-01-01T00:00:09.525+01:00|W10|0.3|0.31|0.17|0.31|0.02;0001-01-01T00:00:09.525+01:00|W11|0.5|-0.22|0.01|-0.22|0.35;0001-01-01T00:00:09.525+01:00|W12|0.3|-0.24|0.02|-0.24|0.05"
151.00;3.16;0001-01-01T00:00:09.4320000+01:00;133.09;-5.42;-72.12;26.5;-6.736;-2.362;33.367;-37.671;4.599;-21.600;95.222;-72.989;120.223;"0001-01-01T00:00:09.525+01:00|W1|0.2|0.12|0.11|0.12|0.14;0001-01-01T00:00:09.525+01:00|W2|1.1|0.12|0.00|0.12|0.98;0001-01-01T00:00:09.525+01:00|W3|1.3|0.93|0.49|0.93|0.82;0001-01-01T00:00:09.525+01:00|W4|1.5|0.14|0.17|0.14|1.43;0001-01-01T00:00:09.525+01:00|W5|0.5|0.25|0.17|0.25|0.33;0001-01-01T00:00:09.525+01:00|W6|1.7|1.22|0.16|1.22|0.00;0001-01-01T00:00:09.525+01:00|W7|0.6|0.36|0.02|0.36|0.42;0001-01-01T00:00:09.525+01:00|W8|0.4|0.34|0.05|0.34|0.24;0001-01-01T00:00:09.525+01:00|W9|1.2|1.04|0.28|1.04|0.51;0001-01-01T00:00:09.525+01:00|W10|0.3|0.31|0.17|0.31|0.02;0001-01-01T00:00:09.525+01:00|W11|0.5|-0.22|0.01|-0.22|0.35;0001-01-01T00:00:09.525+01:00|W12|0.3|-0.24|0.02|-0.24|0.05"
152.00;3.15;0001-01-01T00:00:09.4620000+01:00;133.89;-5.49;-72.74;26.6;-6.953;-2.443;33.053;-37.386;4.468;-21.668;95.218;-73.039;120.247;"0001-01-01T00:00:09.525+01:00|W1|0.2|0.12|0.11|0.12|0.14;0001-01-01T00:00:09.525+01:00|W2|1.1|0.12|0.00|0.12|0.98;0001-01-01T00:00:09.525+01:00|W3|1.3|0.93|0.49|0.93|0.82;0001-01-01T00:00:09.525+01:00|W4|1.5|0.14|0.17|0.14|1.43;0001-01-01T00:00:09.525+01:00|W5|0.5|0.25|0.17|0.25|0.33;0001-01-01T00:00:09.525+01:00|W6|1.7|1.22|0.16|1.22|0.00;0001-01-01T00:00:09.525+01:00|W7|0.6|0.36|0.02|0.36|0.42;0001-01-01T00:00:09.525+01:00|W8|0.4|0.34|0.05|0.34|0.24;0001-01-01T00:00:09.525+01:00|W9|1.2|1.04|0.28|1.04|0.51;0001-01-01T00:00:09.525+01:00|W10|0.3|0.31|0.17|0.31|0.02;0001-01-01T00:00:09.525+01:00|W11|0.5|-0.22|0.01|-0.22|0.35;0001-01-01T00:00:09.525+01:00|W12|0.3|-0.24|0.02|-0.24|0.05"
153.00;3.14;0001-01-01T00:00:09.4920000+01:00;134.68;-5.55;-73.35;26.6;-7.170;-2.524;32.739;-37.102;4.337;-21.737;95.214;-73.089;120.271;"0001-01-01T00:00:09.525+01:00|W1|0.2|0.12|0.11|0.12|0.14;0001-01-01T00:00:09.525+01:00|W2|1.1|0.12|0.00|0.12|0.98;0001-01-01T00:00:09.525+01:00|W3|1.3|0.93|0.49|0.93|0.82;0001-01-01T00:00:09.525+01:00|W4|1.5|0.14|0.17|0.14|1.43;0001-01-01T00:00:09.525+01:00|W5|0.5|0.25|0.17|0.25|0.33;0001-01-01T00:00:09.525+01:00|W6|1.7|1.22|0.16|1.22|0.00;0001-01-01T00:00:09.525+01:00|W7|0.6|0.36|0.02|0.36|0.42;0001-01-01T00:00:09.525+01:00|W8|0.4|0.34|0.05|0.34|0.24;0001-01-01T00:00:09.525+01:00|W9|1.2|1.04|0.28|1.04|0.51;0001-01-01T00:00:09.525+01:00|W10|0.3|0.31|0.17|0.31|0.02;0001-01-01T00:00:09.525+01:00|W11|0.5|-0.22|0.01|-0.22|0.35;0001-01-01T00:00:09.525+01:00|W12|0.3|-0.24|0.02|-0.24|0.05"
154.00;3.12;0001-01-01T00:00:09.5220000+01:00;135.47;-5.61;-73.96;26.7;-7.387;-2.605;32.425;-36.818;4.206;-21.805;95.209;-73.139;120.294;"0001-01-01T00:00:09.525+01:00|W1|0.2|0.12|0.11|0.12|0.14;0001-01-01T00:00:09.525+01:00|W2|1.1|0.12|0.00|0.12|0.98;0001-01-01T00:00:09.525+01:00|W3|1.3|0.93|0.49|0.93|0.82;0001-01-01T00:00:09.525+01:00|W4|1.5|0.14|0.17|0.14|1.43;0001-01-01T00:00:09.525+01:00|W5|0.5|0.25|0.17|0.25|0.33;0001-01-01T00:00:09.525+01:00|W6|1.7|1.22|0.16|1.22|0.00;0001-01-01T00:00:09.525+01:00|W7|0.6|0.36|0.02|0.36|0.42;0001-01-01T00:00:09.525+01:00|W8|0.4|0.34|0.05|0.34|0.24;0001-01-01T00:00:09.525+01:00|W9|1.2|1.04|0.28|1.04|0.51;0001-01-01T00:00:09.525+01:00|W10|0.3|0.31|0.17|0.31|0.02;0001-01-01T00:00:09.525+01:00|W11|0.5|-0.22|0.01|-0.22|0.35;0001-01-01T00:00:09.525+01:00|W12|0.3|-0.24|0.02|-0.24|0.05"
155.00;3.11;0001-01-01T00:00:09.5520000+01:00;136.25;-5.67;-74.57;26.8;-7.604;-2.686;32.111;-36.534;4.075;-21.874;95.205;-73.189;120.318;"0001-01-01T00:00:09.525+01:00|W1|0.2|0.12|0.11|0.12|0.14;0001-01-01T00:00:09.525+01:00|W2|1.1|0.12|0.00|0.12|0.98;0001-01-01T00:00:09.525+01:00|W3|1.3|0.93|0.49|0.93|0.82;0001-01-01T00:00:09.525+01:00|W4|1.5|0.14|0.17|0.14|1.43;0001-01-01T00:00:09.525+01:00|W5|0.5|0.25|0.17|0.25|0.33;0001-01-01T00:00:09.525+01:00|W6|1.7|1.22|0.16|1.22|0.00;0001-01-01T00:00:09.525+01:00|W7|0.6|0.36|0.02|0.36|0.42;0001-01-01T00:00:09.525+01:00|W8|0.4|0.34|0.05|0.34|0.24;0001-01-01T00:00:09.525+01:00|W9|1.2|1.04|0.28|1.04|0.51;0001-01-01T00:00:09.525+01:00|W10|0.3|0.31|0.17|0.31|0.02;0001-01-01T00:00:09.525+01:00|W11|0.5|-0.22|0.01|-0.22|0.35;0001-01-01T00:00:09.525+01:00|W12|0.3|-0.24|0.02|-0.24|0.05"
156.00;3.10;0001-01-01T00:00:09.5820000+01:00;137.04;-5.73;-75.18;26.8;-7.821;-2.767;31.798;-36.251;3.944;-21.942;95.201;-73.239;120.341;"0001-01-01T00:00:09.525+01:00|W1|0.2|0.12|0.11|0.12|0.14;0001-01-01T00:00:09.525+01:00|W2|1.1|0.12|0.00|0.12|0.98;0001-01-01T00:00:09.525+01:00|W3|1.3|0.93|0.49|0.93|0.82;0001-01-01T00:00:09.525+01:00|W4|1.5|0.14|0.17|0.14|1.43;0001-01-01T00:00:09.525+01:00|W5|0.5|0.25|0.17|0.25|0.33;0001-01-01T00:00:09.525+01:00|W6|1.7|1.22|0.16|1.22|0.00;0001-01-01T00:00:09.525+01:00|W7|0.6|0.36|0.02|0.36|0.42;0001-01-01T00:00:09.525+01:00|W8|0.4|0.34|0.05|0.34|0.24;0001-01-01T00:00:09.525+01:00|W9|1.2|1.04|0.28|1.04|0.51;0001-01-01T00:00:09.525+01:00|W10|0.3|0.31|0.17|0.31|0.02;0001-01-01T00:00:09.525+01:00|W11|0.5|-0.22|0.01|-0.22|0.35;0001-01-01T00:00:09.525+01:00|W12|0.3|-0.24|0.02|-0.24|0.05"
157.00;3.08;0001-01-01T00:00:09.6110000+01:00;137.83;-5.79;-75.79;26.9;-8.037;-2.848;31.484;-35.967;3.813;-22.011;95.196;-73.288;120.365;"0001-01-01T00:00:09.525+01:00|W1|0.2|0.12|0.11|0.12|0.14;0001-01-01T00:00:09.525+01:00|W2|1.1|0.12|0.00|0.12|0.98;0001-01-01T00:00:09.525+01:00|W3|1.3|0.93|0.49|0.93|0.82;0001-01-01T00:00:09.525+01:00|W4|1.5|0.14|0.17|0.14|1.43;0001-01-01T00:00:09.525+01:00|W5|0.5|0.25|0.17|0.25|0.33;0001-01-01T00:00:09.525+01:00|W6|1.7|1.22|0.16|1.22|0.00;0001-01-01T00:00:09.525+01:00|W7|0.6|0.36|0.02|0.36|0.42;0001-01-01T00:00:09.525+01:00|W8|0.4|0.34|0.05|0.34|0.24;0001-01-01T00:00:09.525+01:00|W9|1.2|1.04|0.28|1.04|0.51;0001-01-01T00:00:09.525+01:00|W10|0.3|0.31|0.17|0.31|0.02;0001-01-01T00:00:09.525+01:00|W11|0.5|-0.22|0.01|-0.22|0.35;0001-01-01T00:00:09.525+01:00|W12|0.3|-0.24|0.02|-0.24|0.05"
158.00;3.06;0001-01-01T00:00:09.6410000+01:00;138.62;-5.85;-76.41;27.0;-8.254;-2.929;31.171;-35.683;3.683;-22.079;95.192;-73.338;120.389;"0001-01-01T00:00:09.525+01:00|W1|0.2|0.12|0.11|0.12|0.14;0001-01-01T00:00:09.525+01:00|W2|1.1|0.12|0.00|0.12|0.98;0001-01-01T00:00:09.525+01:00|W3|1.3|0.93|0.49|0.93|0.82;0001-01-01T00:00:09.525+01:00|W4|1.5|0.14|0.17|0.14|1.43;0001-01-01T00:00:09.525+01:00|W5|0.5|0.25|0.17|0.25|0.33;0001-01-01T00:00:09.525+01:00|W6|1.7|1.22|0.16|1.22|0.00;0001-01-01T00:00:09.525+01:00|W7|0.6|0.36|0.02|0.36|0.42;0001-01-01T00:00:09.525+01:00|W8|0.4|0.34|0.05|0.34|0.24;0001-01-01T00:00:09.525+01:00|W9|1.2|1.04|0.28|1.04|0.51;0001-01-01T00:00:09.525+01:00|W10|0.3|0.31|0.17|0.31|0.02;0001-01-01T00:00:09.525+01:00|W11|0.5|-0.22|0.01|-0.22|0.35;0001-01-01T00:00:09.525+01:00|W12|0.3|-0.24|0.02|-0.24|0.05"
159.00;3.05;0001-01-01T00:00:09.6710000+01:00;139.41;-5.91;-77.02;27.0;-8.471;-3.010;30.857;-35.399;3.552;-22.147;95.188;-73.388;120.413;"0001-01-01T00:00:09.775+01:00|W1|0.2|0.12|0.11|0.12|0.14;0001-01-01T00:00:09.775+01:00|W2|1.1|0.12|0.00|0.12|0.98;0001-01-01T00:00:09.775+01:00|W3|1.3|0.93|0.49|0.93|0.82;0001-01-01T00:00:09.775+01:00|W4|1.5|0.14|0.17|0.14|1.43;0001-01-01T00:00:09.775+01:00|W5|0.5|0.25|0.17|0.25|0.33;0001-01-01T00:00:09.775+01:00|W6|1.7|1.22|0.16|1.22|0.00;0001-01-01T00:00:09.775+01:00|W7|0.6|0.36|0.02|0.36|0.42;0001-01-01T00:00:09.775+01:00|W8|0.4|0.34|0.05|0.34|0.24;0001-01-01T00:00:09.775+01:00|W9|1.2|1.04|0.28|1.04|0.51;0001-01-01T00:00:09.775+01:00|W10|0.3|0.31|0.17|0.31|0.02;0001-01-01T00:00:09.775+01:00|W11|0.5|-0.22|0.01|-0.22|0.35;0001-01-01T00:00:09.775+01:00|W12|0.3|-0.24|0.02|-0.24|0.05"
160.00;3.03;0001-01-01T00:00:09.7010000+01:00;140.20;-5.97;-77.63;27.1;-8.688;-3.091;30.544;-35.116;3.421;-22.216;95.184;-73.438;120.437;"0001-01-01T00:00:09.775+01:00|W1|0.2|0.12|0.11|0.12|0.14;0001-01-01T00:00:09.775+01:00|W2|1.1|0.12|0.00|0.12|0.98;0001-01-01T00:00:09.775+01:00|W3|1.3|0.93|0.49|0.93|0.82;0001-01-01T00:00:09.775+01:00|W4|1.5|0.14|0.17|0.14|1.43;0001-01-01T00:00:09.775+01:00|W5|0.5|0.25|0.17|0.25|0.33;0001-01-01T00:00:09.775+01:00|W6|1.7|1.22|0.16|1.22|0.00;0001-01-01T00:00:09.775+01:00|W7|0.6|0.36|0.02|0.36|0.42;0001-01-01T00:00:09.775+01:00|W8|0.4|0.34|0.05|0.34|0.24;0001-01-01T00:00:09.775+01:00|W9|1.2|1.04|0.28|1.04|0.51;0001-01-01T00:00:09.775+01:00|W10|0.3|0.31|0.17|0.31|0.02;0001-01-01T00:00:09.775+01:00|W11|0.5|-0.22|0.01|-0.22|0.35;0001-01-01T00:00:09.775+01:00|W12|0.3|-0.24|0.02|-0.24|0.05"
161.00;3.01;0001-01-01T00:00:09.7310000+01:00;140.99;-6.03;-78.24;27.2;-8.904;-3.171;30.230;-34.832;3.290;-22.284;95.179;-73.488;120.460;"0001-01-01T00:00:09.775+01:00|W1|0.2|0.12|0.11|0.12|0.14;0001-01-01T00:00:09.775+01:00|W2|1.1|0.12|0.00|0.12|0.98;0001-01-01T00:00:09.775+01:00|W3|1.3|0.93|0.49|0.93|0.82;0001-01-01T00:00:09.775+01:00|W4|1.5|0.14|0.17|0.14|1.43;0001-01-01T00:00:09.775+01:00|W5|0.5|0.25|0.17|0.25|0.33;0001-01-01T00:00:09.775+01:00|W6|1.7|1.22|0.16|1.22|0.00;0001-01-01T00:00:09.775+01:00|W7|0.6|0.36|0.02|0.36|0.42;0001-01-01T00:00:09.775+01:00|W8|0.4|0.34|0.05|0.34|0.24;0001-01-01T00:00:09.775+01:00|W9|1.2|1.04|0.28|1.04|0.51;0001-01-01T00:00:09.775+01:00|W10|0.3|0.31|0.17|0.31|0.02;0001-01-01T00:00:09.775+01:00|W11|0.5|-0.22|0.01|-0.22|0.35;0001-01-01T00:00:09.775+01:00|W12|0.3|-0.24|0.02|-0.24|0.05"
162.00;2.98;0001-01-01T00:00:09.7610000+01:00;141.77;-6.09;-78.85;27.2;-9.121;-3.252;29.917;-34.549;3.159;-22.352;95.175;-73.538;120.484;"0001-01-01T00:00:09.775+01:00|W1|0.2|0.12|0.11|0.12|0.14;0001-01-01T00:00:09.775+01:00|W2|1.1|0.12|0.00|0.12|0.98;0001-01-01T00:00:09.775+01:00|W3|1.3|0.93|0.49|0.93|0.82;0001-01-01T00:00:09.775+01:00|W4|1.5|0.14|0.17|0.14|1.43;0001-01-01T00:00:09.775+01:00|W5|0.5|0.25|0.17|0.25|0.33;0001-01-01T00:00:09.775+01:00|W6|1.7|1.22|0.16|1.22|0.00;0001-01-01T00:00:09.775+01:00|W7|0.6|0.36|0.02|0.36|0.42;0001-01-01T00:00:09.775+01:00|W8|0.4|0.34|0.05|0.34|0.24;0001-01-01T00:00:09.775+01:00|W9|1.2|1.04|0.28|1.04|0.51;0001-01-01T00:00:09.775+01:00|W10|0.3|0.31|0.17|0.31|0.02;0001-01-01T00:00:09.775+01:00|W11|0.5|-0.22|0.01|-0.22|0.35;0001-01-01T00:00:09.775+01:00|W12|0.3|-0.24|0.02|-0.24|0.05"
163.00;2.96;0001-01-01T00:00:09.7900000+01:00;142.56;-6.15;-79.46;27.3;-9.338;-3.333;29.604;-34.265;3.029;-22.421;95.171;-73.588;120.508;"0001-01-01T00:00:09.775+01:00|W1|0.2|0.12|0.11|0.12|0.14;0001-01-01T00:00:09.775+01:00|W2|1.1|0.12|0.00|0.12|0.98;0001-01-01T00:00:09.775+01:00|W3|1.3|0.93|0.49|0.93|0.82;0001-01-01T00:00:09.775+01:00|W4|1.5|0.14|0.17|0.14|1.43;0001-01-01T00:00:09.775+01:00|W5|0.5|0.25|0.17|0.25|0.33;0001-01-01T00:00:09.775+01:00|W6|1.7|1.22|0.16|1.22|0.00;0001-01-01T00:00:09.775+01:00|W7|0.6|0.36|0.02|0.36|0.42;0001-01-01T00:00:09.775+01:00|W8|0.4|0.34|0.05|0.34|0.24;0001-01-01T00:00:09.775+01:00|W9|1.2|1.04|0.28|1.04|0.51;0001-01-01T00:00:09.775+01:00|W10|0.3|0.31|0.17|0.31|0.02;0001-01-01T00:00:09.775+01:00|W11|0.5|-0.22|0.01|-0.22|0.35;0001-01-01T00:00:09.775+01:00|W12|0.3|-0.24|0.02|-0.24|0.05"
164.00;2.93;0001-01-01T00:00:09.8200000+01:00;143.35;-6.22;-80.07;27.4;-9.554;-3.414;29.290;-33.981;2.898;-22.489;95.166;-73.637;120.532;"0001-01-01T00:00:09.775+01:00|W1|0.2|0.12|0.11|0.12|0.14;0001-01-01T00:00:09.775+01:00|W2|1.1|0.12|0.00|0.12|0.98;0001-01-01T00:00:09.775+01:00|W3|1.3|0.93|0.49|0.93|0.82;0001-01-01T00:00:09.775+01:00|W4|1.5|0.14|0.17|0.14|1.43;0001-01-01T00:00:09.775+01:00|W5|0.5|0.25|0.17|0.25|0.33;0001-01-01T00:00:09.775+01:00|W6|1.7|1.22|0.16|1.22|0.00;0001-01-01T00:00:09.775+01:00|W7|0.6|0.36|0.02|0.36|0.42;0001-01-01T00:00:09.775+01:00|W8|0.4|0.34|0.05|0.34|0.24;0001-01-01T00:00:09.775+01:00|W9|1.2|1.04|0.28|1.04|0.51;0001-01-01T00:00:09.775+01:00|W10|0.3|0.31|0.17|0.31|0.02;0001-01-01T00:00:09.775+01:00|W11|0.5|-0.22|0.01|-0.22|0.35;0001-01-01T00:00:09.775+01:00|W12|0.3|-0.24|0.02|-0.24|0.05"
165.00;2.91;0001-01-01T00:00:09.8500000+01:00;144.14;-6.28;-80.68;27.4;-9.771;-3.495;28.977;-33.698;2.767;-22.557;95.162;-73.687;120.556;"0001-01-01T00:00:09.775+01:00|W1|0.2|0.12|0.11|0.12|0.14;0001-01-01T00:00:09.775+01:00|W2|1.1|0.12|0.00|0.12|0.98;0001-01-01T00:00:09.775+01:00|W3|1.3|0.93|0.49|0.93|0.82;0001-01-01T00:00:09.775+01:00|W4|1.5|0.14|0.17|0.14|1.43;0001-01-01T00:00:09.775+01:00|W5|0.5|0.25|0.17|0.25|0.33;0001-01-01T00:00:09.775+01:00|W6|1.7|1.22|0.16|1.22|0.00;0001-01-01T00:00:09.775+01:00|W7|0.6|0.36|0.02|0.36|0.42;0001-01-01T00:00:09.775+01:00|W8|0.4|0.34|0.05|0.34|0.24;0001-01-01T00:00:09.775+01:00|W9|1.2|1.04|0.28|1.04|0.51;0001-01-01T00:00:09.775+01:00|W10|0.3|0.31|0.17|0.31|0.02;0001-01-01T00:00:09.775+01:00|W11|0.5|-0.22|0.01|-0.22|0.35;0001-01-01T00:00:09.775+01:00|W12|0.3|-0.24|0.02|-0.24|0.05"
166.00;2.88;0001-01-01T00:00:09.8800000+01:00;144.93;-6.34;-81.29;27.5;-9.987;-3.576;28.663;-33.414;2.636;-22.626;95.158;-73.737;120.580;"0001-01-01T00:00:09.775+01:00|W1|0.2|0.12|0.11|0.12|0.14;0001-01-01T00:00:09.775+01:00|W2|1.1|0.12|0.00|0.12|0.98;0001-01-01T00:00:09.775+01:00|W3|1.3|0.93|0.49|0.93|0.82;0001-01-01T00:00:09.775+01:00|W4|1.5|0.14|0.17|0.14|1.43;0001-01-01T00:00:09.775+01:00|W5|0.5|0.25|0.17|0.25|0.33;0001-01-01T00:00:09.775+01:00|W6|1.7|1.22|0.16|1.22|0.00;0001-01-01T00:00:09.775+01:00|W7|0.6|0.36|0.02|0.36|0.42;0001-01-01T00:00:09.775+01:00|W8|0.4|0.34|0.05|0.34|0.24;0001-01-01T00:00:09.775+01:00|W9|1.2|1.04|0.28|1.04|0.51;0001-01-01T00:00:09.775+01:00|W10|0.3|0.31|0.17|0.31|0.02;0001-01-01T00:00:09.775+01:00|W11|0.5|-0.22|0.01|-0.22|0.35;0001-01-01T00:00:09.775+01:00|W12|0.3|-0.24|0.02|-0.24|0.05"
167.00;2.85;0001-01-01T00:00:09.9100000+01:00;145.72;-6.40;-81.90;27.6;-10.204;-3.656;28.350;-33.131;2.505;-22.694;95.153;-73.787;120.605;"0001-01-01T00:00:10.027+01:00|W1|0.2|0.16|0.09|0.16|0.11;0001-01-01T00:00:10.027+01:00|W2|1.1|0.12|0.02|0.12|1.00;0001-01-01T00:00:10.027+01:00|W3|1.2|0.75|0.52|0.75|0.91;0001-01-01T00:00:10.027+01:00|W4|1.5|0.19|0.18|0.19|1.45;0001-01-01T00:00:10.027+01:00|W5|0.7|0.54|0.01|0.54|0.32;0001-01-01T00:00:10.027+01:00|W6|1.6|1.10|0.00|1.10|0.01;0001-01-01T00:00:10.027+01:00|W7|0.6|0.39|0.04|0.39|0.42;0001-01-01T00:00:10.027+01:00|W8|0.4|0.34|0.05|0.34|0.23;0001-01-01T00:00:10.027+01:00|W9|1.1|0.98|0.19|0.98|0.49;0001-01-01T00:00:10.027+01:00|W10|0.3|0.32|0.15|0.32|0.01;0001-01-01T00:00:10.027+01:00|W11|0.5|-0.23|0.03|-0.23|0.37;0001-01-01T00:00:10.027+01:00|W12|0.3|-0.25|0.02|-0.25|0.04"
168.00;2.82;0001-01-01T00:00:09.9400000+01:00;146.50;-6.46;-82.51;27.6;-10.421;-3.737;28.037;-32.847;2.375;-22.762;95.149;-73.837;120.629;"0001-01-01T00:00:10.027+01:00|W1|0.2|0.16|0.09|0.16|0.11;0001-01-01T00:00:10.027+01:00|W2|1.1|0.12|0.02|0.12|1.00;0001-01-01T00:00:10.027+01:00|W3|1.2|0.75|0.52|0.75|0.91;0001-01-01T00:00:10.027+01:00|W4|1.5|0.19|0.18|0.19|1.45;0001-01-01T00:00:10.027+01:00|W5|0.7|0.54|0.01|0.54|0.32;0001-01-01T00:00:10.027+01:00|W6|1.6|1.10|0.00|1.10|0.01;0001-01-01T00:00:10.027+01:00|W7|0.6|0.39|0.04|0.39|0.42;0001-01-01T00:00:10.027+01:00|W8|0.4|0.34|0.05|0.34|0.23;0001-01-01T00:00:10.027+01:00|W9|1.1|0.98|0.19|0.98|0.49;0001-01-01T00:00:10.027+01:00|W10|0.3|0.32|0.15|0.32|0.01;0001-01-01T00:00:10.027+01:00|W11|0.5|-0.23|0.03|-0.23|0.37;0001-01-01T00:00:10.027+01:00|W12|0.3|-0.25|0.02|-0.25|0.04"
169.00;2.78;0001-01-01T00:00:09.9690000+01:00;147.29;-6.52;-83.12;27.7;-10.637;-3.818;27.723;-32.563;2.244;-22.831;95.145;-73.886;120.653;"0001-01-01T00:00:10.027+01:00|W1|0.2|0.16|0.09|0.16|0.11;0001-01-01T00:00:10.027+01:00|W2|1.1|0.12|0.02|0.12|1.00;0001-01-01T00:00:10.027+01:00|W3|1.2|0.75|0.52|0.75|0.91;0001-01-01T00:00:10.027+01:00|W4|1.5|0.19|0.18|0.19|1.45;0001-01-01T00:00:10.027+01:00|W5|0.7|0.54|0.01|0.54|0.32;0001-01-01T00:00:10.027+01:00|W6|1.6|1.10|0.00|1.10|0.01;0001-01-01T00:00:10.027+01:00|W7|0.6|0.39|0.04|0.39|0.42;0001-01-01T00:00:10.027+01:00|W8|0.4|0.34|0.05|0.34|0.23;0001-01-01T00:00:10.027+01:00|W9|1.1|0.98|0.19|0.98|0.49;0001-01-01T00:00:10.027+01:00|W10|0.3|0.32|0.15|0.32|0.01;0001-01-01T00:00:10.027+01:00|W11|0.5|-0.23|0.03|-0.23|0.37;0001-01-01T00:00:10.027+01:00|W12|0.3|-0.25|0.02|-0.25|0.04"
170.00;2.75;0001-01-01T00:00:09.9990000+01:00;148.08;-6.58;-83.73;27.8;-10.854;-3.899;27.410;-32.280;2.113;-22.899;95.140;-73.936;120.677;"0001-01-01T00:00:10.027+01:00|W1|0.2|0.16|0.09|0.16|0.11;0001-01-01T00:00:10.027+01:00|W2|1.1|0.12|0.02|0.12|1.00;0001-01-01T00:00:10.027+01:00|W3|1.2|0.75|0.52|0.75|0.91;0001-01-01T00:00:10.027+01:00|W4|1.5|0.19|0.18|0.19|1.45;0001-01-01T00:00:10.027+01:00|W5|0.7|0.54|0.01|0.54|0.32;0001-01-01T00:00:10.027+01:00|W6|1.6|1.10|0.00|1.10|0.01;0001-01-01T00:00:10.027+01:00|W7|0.6|0.39|0.04|0.39|0.42;0001-01-01T00:00:10.027+01:00|W8|0.4|0.34|0.05|0.34|0.23;0001-01-01T00:00:10.027+01:00|W9|1.1|0.98|0.19|0.98|0.49;0001-01-01T00:00:10.027+01:00|W10|0.3|0.32|0.15|0.32|0.01;0001-01-01T00:00:10.027+01:00|W11|0.5|-0.23|0.03|-0.23|0.37;0001-01-01T00:00:10.027+01:00|W12|0.3|-0.25|0.02|-0.25|0.04"
171.00;2.71;0001-01-01T00:00:10.0290000+01:00;148.87;-6.64;-84.35;27.8;-11.071;-3.980;27.097;-31.996;1.982;-22.968;95.136;-73.986;120.701;"0001-01-01T00:00:10.027+01:00|W1|0.2|0.16|0.09|0.16|0.11;0001-01-01T00:00:10.027+01:00|W2|1.1|0.12|0.02|0.12|1.00;0001-01-01T00:00:10.027+01:00|W3|1.2|0.75|0.52|0.75|0.91;0001-01-01T00:00:10.027+01:00|W4|1.5|0.19|0.18|0.19|1.45;0001-01-01T00:00:10.027+01:00|W5|0.7|0.54|0.01|0.54|0.32;0001-01-01T00:00:10.027+01:00|W6|1.6|1.10|0.00|1.10|0.01;0001-01-01T00:00:10.027+01:00|W7|0.6|0.39|0.04|0.39|0.42;0001-01-01T00:00:10.027+01:00|W8|0.4|0.34|0.05|0.34|0.23;0001-01-01T00:00:10.027+01:00|W9|1.1|0.98|0.19|0.98|0.49;0001-01-01T00:00:10.027+01:00|W10|0.3|0.32|0.15|0.32|0.01;0001-01-01T00:00:10.027+01:00|W11|0.5|-0.23|0.03|-0.23|0.37;0001-01-01T00:00:10.027+01:00|W12|0.3|-0.25|0.02|-0.25|0.04"
172.00;2.67;0001-01-01T00:00:10.0590000+01:00;149.66;-6.70;-84.96;27.9;-11.287;-4.061;26.783;-31.713;1.852;-23.036;95.132;-74.036;120.726;"0001-01-01T00:00:10.027+01:00|W1|0.2|0.16|0.09|0.16|0.11;0001-01-01T00:00:10.027+01:00|W2|1.1|0.12|0.02|0.12|1.00;0001-01-01T00:00:10.027+01:00|W3|1.2|0.75|0.52|0.75|0.91;0001-01-01T00:00:10.027+01:00|W4|1.5|0.19|0.18|0.19|1.45;0001-01-01T00:00:10.027+01:00|W5|0.7|0.54|0.01|0.54|0.32;0001-01-01T00:00:10.027+01:00|W6|1.6|1.10|0.00|1.10|0.01;0001-01-01T00:00:10.027+01:00|W7|0.6|0.39|0.04|0.39|0.42;0001-01-01T00:00:10.027+01:00|W8|0.4|0.34|0.05|0.34|0.23;0001-01-01T00:00:10.027+01:00|W9|1.1|0.98|0.19|0.98|0.49;0001-01-01T00:00:10.027+01:00|W10|0.3|0.32|0.15|0.32|0.01;0001-01-01T00:00:10.027+01:00|W11|0.5|-0.23|0.03|-0.23|0.37;0001-01-01T00:00:10.027+01:00|W12|0.3|-0.25|0.02|-0.25|0.04"
173.00;2.63;0001-01-01T00:00:10.0890000+01:00;150.44;-6.76;-85.57;28.0;-11.504;-4.141;26.470;-31.429;1.721;-23.104;95.127;-74.086;120.750;"0001-01-01T00:00:10.027+01:00|W1|0.2|0.16|0.09|0.16|0.11;0001-01-01T00:00:10.027+01:00|W2|1.1|0.12|0.02|0.12|1.00;0001-01-01T00:00:10.027+01:00|W3|1.2|0.75|0.52|0.75|0.91;0001-01-01T00:00:10.027+01:00|W4|1.5|0.19|0.18|0.19|1.45;0001-01-01T00:00:10.027+01:00|W5|0.7|0.54|0.01|0.54|0.32;0001-01-01T00:00:10.027+01:00|W6|1.6|1.10|0.00|1.10|0.01;0001-01-01T00:00:10.027+01:00|W7|0.6|0.39|0.04|0.39|0.42;0001-01-01T00:00:10.027+01:00|W8|0.4|0.34|0.05|0.34|0.23;0001-01-01T00:00:10.027+01:00|W9|1.1|0.98|0.19|0.98|0.49;0001-01-01T00:00:10.027+01:00|W10|0.3|0.32|0.15|0.32|0.01;0001-01-01T00:00:10.027+01:00|W11|0.5|-0.23|0.03|-0.23|0.37;0001-01-01T00:00:10.027+01:00|W12|0.3|-0.25|0.02|-0.25|0.04"
174.00;2.59;0001-01-01T00:00:10.1180000+01:00;151.23;-6.82;-86.18;28.0;-11.720;-4.222;26.157;-31.146;1.590;-23.173;95.123;-74.136;120.774;"0001-01-01T00:00:10.027+01:00|W1|0.2|0.16|0.09|0.16|0.11;0001-01-01T00:00:10.027+01:00|W2|1.1|0.12|0.02|0.12|1.00;0001-01-01T00:00:10.027+01:00|W3|1.2|0.75|0.52|0.75|0.91;0001-01-01T00:00:10.027+01:00|W4|1.5|0.19|0.18|0.19|1.45;0001-01-01T00:00:10.027+01:00|W5|0.7|0.54|0.01|0.54|0.32;0001-01-01T00:00:10.027+01:00|W6|1.6|1.10|0.00|1.10|0.01;0001-01-01T00:00:10.027+01:00|W7|0.6|0.39|0.04|0.39|0.42;0001-01-01T00:00:10.027+01:00|W8|0.4|0.34|0.05|0.34|0.23;0001-01-01T00:00:10.027+01:00|W9|1.1|0.98|0.19|0.98|0.49;0001-01-01T00:00:10.027+01:00|W10|0.3|0.32|0.15|0.32|0.01;0001-01-01T00:00:10.027+01:00|W11|0.5|-0.23|0.03|-0.23|0.37;0001-01-01T00:00:10.027+01:00|W12|0.3|-0.25|0.02|-0.25|0.04"
175.00;2.54;0001-01-01T00:00:10.1480000+01:00;152.02;-6.88;-86.79;28.1;-11.937;-4.303;25.843;-30.862;1.459;-23.241;95.119;-74.185;120.799;"0001-01-01T00:00:10.027+01:00|W1|0.2|0.16|0.09|0.16|0.11;0001-01-01T00:00:10.027+01:00|W2|1.1|0.12|0.02|0.12|1.00;0001-01-01T00:00:10.027+01:00|W3|1.2|0.75|0.52|0.75|0.91;0001-01-01T00:00:10.027+01:00|W4|1.5|0.19|0.18|0.19|1.45;0001-01-01T00:00:10.027+01:00|W5|0.7|0.54|0.01|0.54|0.32;0001-01-01T00:00:10.027+01:00|W6|1.6|1.10|0.00|1.10|0.01;0001-01-01T00:00:10.027+01:00|W7|0.6|0.39|0.04|0.39|0.42;0001-01-01T00:00:10.027+01:00|W8|0.4|0.34|0.05|0.34|0.23;0001-01-01T00:00:10.027+01:00|W9|1.1|0.98|0.19|0.98|0.49;0001-01-01T00:00:10.027+01:00|W10|0.3|0.32|0.15|0.32|0.01;0001-01-01T00:00:10.027+01:00|W11|0.5|-0.23|0.03|-0.23|0.37;0001-01-01T00:00:10.027+01:00|W12|0.3|-0.25|0.02|-0.25|0.04"
176.00;2.49;0001-01-01T00:00:10.1780000+01:00;152.81;-6.95;-87.40;28.2;-12.154;-4.384;25.530;-30.578;1.328;-23.309;95.114;-74.235;120.823;"0001-01-01T00:00:10.275+01:00|W1|0.2|0.14|0.06|0.14|0.15;0001-01-01T00:00:10.275+01:00|W2|1.1|0.11|0.02|0.11|1.00;0001-01-01T00:00:10.275+01:00|W3|1.1|0.56|0.56|0.56|0.90;0001-01-01T00:00:10.275+01:00|W4|1.6|0.22|0.17|0.22|1.45;0001-01-01T00:00:10.275+01:00|W5|1.1|1.05|0.33|1.05|0.12;0001-01-01T00:00:10.275+01:00|W6|1.4|1.15|0.15|1.15|0.04;0001-01-01T00:00:10.275+01:00|W7|0.6|0.39|0.02|0.39|0.39;0001-01-01T00:00:10.275+01:00|W8|0.4|0.34|0.03|0.34|0.24;0001-01-01T00:00:10.275+01:00|W9|1.0|0.91|0.10|0.91|0.51;0001-01-01T00:00:10.275+01:00|W10|0.3|0.34|0.12|0.34|0.02;0001-01-01T00:00:10.275+01:00|W11|0.5|-0.24|0.02|-0.24|0.37;0001-01-01T00:00:10.275+01:00|W12|0.3|-0.20|0.02|-0.20|0.01"
177.00;2.45;0001-01-01T00:00:10.2080000+01:00;153.60;-7.01;-88.01;28.2;-12.370;-4.465;25.217;-30.295;1.198;-23.378;95.110;-74.285;120.848;"0001-01-01T00:00:10.275+01:00|W1|0.2|0.14|0.06|0.14|0.15;0001-01-01T00:00:10.275+01:00|W2|1.1|0.11|0.02|0.11|1.00;0001-01-01T00:00:10.275+01:00|W3|1.1|0.56|0.56|0.56|0.90;0001-01-01T00:00:10.275+01:00|W4|1.6|0.22|0.17|0.22|1.45;0001-01-01T00:00:10.275+01:00|W5|1.1|1.05|0.33|1.05|0.12;0001-01-01T00:00:10.275+01:00|W6|1.4|1.15|0.15|1.15|0.04;0001-01-01T00:00:10.275+01:00|W7|0.6|0.39|0.02|0.39|0.39;0001-01-01T00:00:10.275+01:00|W8|0.4|0.34|0.03|0.34|0.24;0001-01-01T00:00:10.275+01:00|W9|1.0|0.91|0.10|0.91|0.51;0001-01-01T00:00:10.275+01:00|W10|0.3|0.34|0.12|0.34|0.02;0001-01-01T00:00:10.275+01:00|W11|0.5|-0.24|0.02|-0.24|0.37;0001-01-01T00:00:10.275+01:00|W12|0.3|-0.20|0.02|-0.20|0.01"
178.00;2.40;0001-01-01T00:00:10.2380000+01:00;154.39;-7.07;-88.62;28.3;-12.587;-4.546;24.903;-30.011;1.067;-23.446;95.106;-74.335;120.872;"0001-01-01T00:00:10.275+01:00|W1|0.2|0.14|0.06|0.14|0.15;0001-01-01T00:00:10.275+01:00|W2|1.1|0.11|0.02|0.11|1.00;0001-01-01T00:00:10.275+01:00|W3|1.1|0.56|0.56|0.56|0.90;0001-01-01T00:00:10.275+01:00|W4|1.6|0.22|0.17|0.22|1.45;0001-01-01T00:00:10.275+01:00|W5|1.1|1.05|0.33|1.05|0.12;0001-01-01T00:00:10.275+01:00|W6|1.4|1.15|0.15|1.15|0.04;0001-01-01T00:00:10.275+01:00|W7|0.6|0.39|0.02|0.39|0.39;0001-01-01T00:00:10.275+01:00|W8|0.4|0.34|0.03|0.34|0.24;0001-01-01T00:00:10.275+01:00|W9|1.0|0.91|0.10|0.91|0.51;0001-01-01T00:00:10.275+01:00|W10|0.3|0.34|0.12|0.34|0.02;0001-01-01T00:00:10.275+01:00|W11|0.5|-0.24|0.02|-0.24|0.37;0001-01-01T00:00:10.275+01:00|W12|0.3|-0.20|0.02|-0.20|0.01"
179.00;2.34;0001-01-01T00:00:10.2680000+01:00;155.17;-7.13;-89.23;28.4;-12.804;-4.626;24.590;-29.728;0.936;-23.514;95.101;-74.385;120.897;"0001-01-01T00:00:10.275+01:00|W1|0.2|0.14|0.06|0.14|0.15;0001-01-01T00:00:10.275+01:00|W2|1.1|0.11|0.02|0.11|1.00;0001-01-01T00:00:10.275+01:00|W3|1.1|0.56|0.56|0.56|0.90;0001-01-01T00:00:10.275+01:00|W4|1.6|0.22|0.17|0.22|1.45;0001-01-01T00:00:10.275+01:00|W5|1.1|1.05|0.33|1.05|0.12;0001-01-01T00:00:10.275+01:00|W6|1.4|1.15|0.15|1.15|0.04;0001-01-01T00:00:10.275+01:00|W7|0.6|0.39|0.02|0.39|0.39;0001-01-01T00:00:10.275+01:00|W8|0.4|0.34|0.03|0.34|0.24;0001-01-01T00:00:10.275+01:00|W9|1.0|0.91|0.10|0.91|0.51;0001-01-01T00:00:10.275+01:00|W10|0.3|0.34|0.12|0.34|0.02;0001-01-01T00:00:10.275+01:00|W11|0.5|-0.24|0.02|-0.24|0.37;0001-01-01T00:00:10.275+01:00|W12|0.3|-0.20|0.02|-0.20|0.01"
180.00;2.29;0001-01-01T00:00:10.2970000+01:00;155.96;-7.19;-89.84;28.4;-13.020;-4.707;24.276;-29.444;0.805;-23.583;95.097;-74.435;120.921;"0001-01-01T00:00:10.275+01:00|W1|0.2|0.14|0.06|0.14|0.15;0001-01-01T00:00:10.275+01:00|W2|1.1|0.11|0.02|0.11|1.00;0001-01-01T00:00:10.275+01:00|W3|1.1|0.56|0.56|0.56|0.90;0001-01-01T00:00:10.275+01:00|W4|1.6|0.22|0.17|0.22|1.45;0001-01-01T00:00:10.275+01:00|W5|1.1|1.05|0.33|1.05|0.12;0001-01-01T00:00:10.275+01:00|W6|1.4|1.15|0.15|1.15|0.04;0001-01-01T00:00:10.275+01:00|W7|0.6|0.39|0.02|0.39|0.39;0001-01-01T00:00:10.275+01:00|W8|0.4|0.34|0.03|0.34|0.24;0001-01-01T00:00:10.275+01:00|W9|1.0|0.91|0.10|0.91|0.51;0001-01-01T00:00:10.275+01:00|W10|0.3|0.34|0.12|0.34|0.02;0001-01-01T00:00:10.275+01:00|W11|0.5|-0.24|0.02|-0.24|0.37;0001-01-01T00:00:10.275+01:00|W12|0.3|-0.20|0.02|-0.20|0.01"
181.00;2.23;0001-01-01T00:00:10.3270000+01:00;156.75;-7.25;-90.45;28.5;-13.237;-4.788;23.963;-29.160;0.674;-23.651;95.093;-74.484;120.946;"0001-01-01T00:00:10.275+01:00|W1|0.2|0.14|0.06|0.14|0.15;0001-01-01T00:00:10.275+01:00|W2|1.1|0.11|0.02|0.11|1.00;0001-01-01T00:00:10.275+01:00|W3|1.1|0.56|0.56|0.56|0.90;0001-01-01T00:00:10.275+01:00|W4|1.6|0.22|0.17|0.22|1.45;0001-01-01T00:00:10.275+01:00|W5|1.1|1.05|0.33|1.05|0.12;0001-01-01T00:00:10.275+01:00|W6|1.4|1.15|0.15|1.15|0.04;0001-01-01T00:00:10.275+01:00|W7|0.6|0.39|0.02|0.39|0.39;0001-01-01T00:00:10.275+01:00|W8|0.4|0.34|0.03|0.34|0.24;0001-01-01T00:00:10.275+01:00|W9|1.0|0.91|0.10|0.91|0.51;0001-01-01T00:00:10.275+01:00|W10|0.3|0.34|0.12|0.34|0.02;0001-01-01T00:00:10.275+01:00|W11|0.5|-0.24|0.02|-0.24|0.37;0001-01-01T00:00:10.275+01:00|W12|0.3|-0.20|0.02|-0.20|0.01"
182.00;2.17;0001-01-01T00:00:10.3570000+01:00;157.54;-7.31;-91.06;28.6;-13.454;-4.869;23.649;-28.876;0.544;-23.719;95.088;-74.534;120.971;"0001-01-01T00:00:10.275+01:00|W1|0.2|0.14|0.06|0.14|0.15;0001-01-01T00:00:10.275+01:00|W2|1.1|0.11|0.02|0.11|1.00;0001-01-01T00:00:10.275+01:00|W3|1.1|0.56|0.56|0.56|0.90;0001-01-01T00:00:10.275+01:00|W4|1.6|0.22|0.17|0.22|1.45;0001-01-01T00:00:10.275+01:00|W5|1.1|1.05|0.33|1.05|0.12;0001-01-01T00:00:10.275+01:00|W6|1.4|1.15|0.15|1.15|0.04;0001-01-01T00:00:10.275+01:00|W7|0.6|0.39|0.02|0.39|0.39;0001-01-01T00:00:10.275+01:00|W8|0.4|0.34|0.03|0.34|0.24;0001-01-01T00:00:10.275+01:00|W9|1.0|0.91|0.10|0.91|0.51;0001-01-01T00:00:10.275+01:00|W10|0.3|0.34|0.12|0.34|0.02;0001-01-01T00:00:10.275+01:00|W11|0.5|-0.24|0.02|-0.24|0.37;0001-01-01T00:00:10.275+01:00|W12|0.3|-0.20|0.02|-0.20|0.01"
183.00;2.11;0001-01-01T00:00:10.3870000+01:00;158.33;-7.37;-91.68;28.6;-13.670;-4.950;23.336;-28.593;0.413;-23.788;95.084;-74.584;120.995;"0001-01-01T00:00:10.275+01:00|W1|0.2|0.14|0.06|0.14|0.15;0001-01-01T00:00:10.275+01:00|W2|1.1|0.11|0.02|0.11|1.00;0001-01-01T00:00:10.275+01:00|W3|1.1|0.56|0.56|0.56|0.90;0001-01-01T00:00:10.275+01:00|W4|1.6|0.22|0.17|0.22|1.45;0001-01-01T00:00:10.275+01:00|W5|1.1|1.05|0.33|1.05|0.12;0001-01-01T00:00:10.275+01:00|W6|1.4|1.15|0.15|1.15|0.04;0001-01-01T00:00:10.275+01:00|W7|0.6|0.39|0.02|0.39|0.39;0001-01-01T00:00:10.275+01:00|W8|0.4|0.34|0.03|0.34|0.24;0001-01-01T00:00:10.275+01:00|W9|1.0|0.91|0.10|0.91|0.51;0001-01-01T00:00:10.275+01:00|W10|0.3|0.34|0.12|0.34|0.02;0001-01-01T00:00:10.275+01:00|W11|0.5|-0.24|0.02|-0.24|0.37;0001-01-01T00:00:10.275+01:00|W12|0.3|-0.20|0.02|-0.20|0.01"
184.00;2.04;0001-01-01T00:00:10.4170000+01:00;159.12;-7.43;-92.29;28.7;-13.887;-5.031;23.022;-28.309;0.282;-23.856;95.080;-74.634;121.020;"0001-01-01T00:00:10.527+01:00|W1|0.2|0.21|0.03|0.21|0.13;0001-01-01T00:00:10.527+01:00|W2|1.1|0.12|0.03|0.12|1.01;0001-01-01T00:00:10.527+01:00|W3|0.9|0.53|0.62|0.53|0.76;0001-01-01T00:00:10.527+01:00|W4|1.6|0.24|0.15|0.24|1.38;0001-01-01T00:00:10.527+01:00|W5|1.1|1.00|0.33|1.00|0.44;0001-01-01T00:00:10.527+01:00|W6|1.3|1.26|0.24|1.26|0.26;0001-01-01T00:00:10.527+01:00|W7|0.5|0.44|0.01|0.44|0.25;0001-01-01T00:00:10.527+01:00|W8|0.5|0.38|0.01|0.38|0.17;0001-01-01T00:00:10.527+01:00|W9|1.0|0.83|0.04|0.83|0.53;0001-01-01T00:00:10.527+01:00|W10|0.4|0.38|0.05|0.38|0.05;0001-01-01T00:00:10.527+01:00|W11|0.5|-0.24|0.03|-0.24|0.38;0001-01-01T00:00:10.527+01:00|W12|0.3|-0.21|0.01|-0.21|0.00"
185.00;1.98;0001-01-01T00:00:10.4470000+01:00;159.91;-7.49;-92.90;28.8;-14.104;-5.112;22.709;-28.025;0.151;-23.925;95.075;-74.684;121.045;"0001-01-01T00:00:10.527+01:00|W1|0.2|0.21|0.03|0.21|0.13;0001-01-01T00:00:10.527+01:00|W2|1.1|0.12|0.03|0.12|1.01;0001-01-01T00:00:10.527+01:00|W3|0.9|0.53|0.62|0.53|0.76;0001-01-01T00:00:10.527+01:00|W4|1.6|0.24|0.15|0.24|1.38;0001-01-01T00:00:10.527+01:00|W5|1.1|1.00|0.33|1.00|0.44;0001-01-01T00:00:10.527+01:00|W6|1.3|1.26|0.24|1.26|0.26;0001-01-01T00:00:10.527+01:00|W7|0.5|0.44|0.01|0.44|0.25;0001-01-01T00:00:10.527+01:00|W8|0.5|0.38|0.01|0.38|0.17;0001-01-01T00:00:10.527+01:00|W9|1.0|0.83|0.04|0.83|0.53;0001-01-01T00:00:10.527+01:00|W10|0.4|0.38|0.05|0.38|0.05;0001-01-01T00:00:10.527+01:00|W11|0.5|-0.24|0.03|-0.24|0.38;0001-01-01T00:00:10.527+01:00|W12|0.3|-0.21|0.01|-0.21|0.00"
186.00;1.91;0001-01-01T00:00:10.4770000+01:00;160.70;-7.55;-93.51;28.8;-14.321;-5.193;22.395;-27.741;0.020;-23.993;95.071;-74.734;121.070;"0001-01-01T00:00:10.527+01:00|W1|0.2|0.21|0.03|0.21|0.13;0001-01-01T00:00:10.527+01:00|W2|1.1|0.12|0.03|0.12|1.01;0001-01-01T00:00:10.527+01:00|W3|0.9|0.53|0.62|0.53|0.76;0001-01-01T00:00:10.527+01:00|W4|1.6|0.24|0.15|0.24|1.38;0001-01-01T00:00:10.527+01:00|W5|1.1|1.00|0.33|1.00|0.44;0001-01-01T00:00:10.527+01:00|W6|1.3|1.26|0.24|1.26|0.26;0001-01-01T00:00:10.527+01:00|W7|0.5|0.44|0.01|0.44|0.25;0001-01-01T00:00:10.527+01:00|W8|0.5|0.38|0.01|0.38|0.17;0001-01-01T00:00:10.527+01:00|W9|1.0|0.83|0.04|0.83|0.53;0001-01-01T00:00:10.527+01:00|W10|0.4|0.38|0.05|0.38|0.05;0001-01-01T00:00:10.527+01:00|W11|0.5|-0.24|0.03|-0.24|0.38;0001-01-01T00:00:10.527+01:00|W12|0.3|-0.21|0.01|-0.21|0.00"
187.00;1.84;0001-01-01T00:00:10.5060000+01:00;161.49;-7.61;-94.12;28.9;-14.538;-5.274;22.081;-27.457;-0.111;-24.062;95.067;-74.784;121.095;"0001-01-01T00:00:10.527+01:00|W1|0.2|0.21|0.03|0.21|0.13;0001-01-01T00:00:10.527+01:00|W2|1.1|0.12|0.03|0.12|1.01;0001-01-01T00:00:10.527+01:00|W3|0.9|0.53|0.62|0.53|0.76;0001-01-01T00:00:10.527+01:00|W4|1.6|0.24|0.15|0.24|1.38;0001-01-01T00:00:10.527+01:00|W5|1.1|1.00|0.33|1.00|0.44;0001-01-01T00:00:10.527+01:00|W6|1.3|1.26|0.24|1.26|0.26;0001-01-01T00:00:10.527+01:00|W7|0.5|0.44|0.01|0.44|0.25;0001-01-01T00:00:10.527+01:00|W8|0.5|0.38|0.01|0.38|0.17;0001-01-01T00:00:10.527+01:00|W9|1.0|0.83|0.04|0.83|0.53;0001-01-01T00:00:10.527+01:00|W10|0.4|0.38|0.05|0.38|0.05;0001-01-01T00:00:10.527+01:00|W11|0.5|-0.24|0.03|-0.24|0.38;0001-01-01T00:00:10.527+01:00|W12|0.3|-0.21|0.01|-0.21|0.00"
188.00;1.77;0001-01-01T00:00:10.5360000+01:00;162.27;-7.68;-94.73;28.9;-14.755;-5.354;21.767;-27.173;-0.242;-24.130;95.062;-74.833;121.120;"0001-01-01T00:00:10.527+01:00|W1|0.2|0.21|0.03|0.21|0.13;0001-01-01T00:00:10.527+01:00|W2|1.1|0.12|0.03|0.12|1.01;0001-01-01T00:00:10.527+01:00|W3|0.9|0.53|0.62|0.53|0.76;0001-01-01T00:00:10.527+01:00|W4|1.6|0.24|0.15|0.24|1.38;0001-01-01T00:00:10.527+01:00|W5|1.1|1.00|0.33|1.00|0.44;0001-01-01T00:00:10.527+01:00|W6|1.3|1.26|0.24|1.26|0.26;0001-01-01T00:00:10.527+01:00|W7|0.5|0.44|0.01|0.44|0.25;0001-01-01T00:00:10.527+01:00|W8|0.5|0.38|0.01|0.38|0.17;0001-01-01T00:00:10.527+01:00|W9|1.0|0.83|0.04|0.83|0.53;0001-01-01T00:00:10.527+01:00|W10|0.4|0.38|0.05|0.38|0.05;0001-01-01T00:00:10.527+01:00|W11|0.5|-0.24|0.03|-0.24|0.38;0001-01-01T00:00:10.527+01:00|W12|0.3|-0.21|0.01|-0.21|0.00"
189.00;1.69;0001-01-01T00:00:10.5660000+01:00;163.06;-7.72;-95.35;28.3;-14.970;-5.699;21.456;-25.650;-0.372;-23.497;95.219;-74.872;121.261;"0001-01-01T00:00:10.527+01:00|W1|0.2|0.21|0.03|0.21|0.13;0001-01-01T00:00:10.527+01:00|W2|1.1|0.12|0.03|0.12|1.01;0001-01-01T00:00:10.527+01:00|W3|0.9|0.53|0.62|0.53|0.76;0001-01-01T00:00:10.527+01:00|W4|1.6|0.24|0.15|0.24|1.38;0001-01-01T00:00:10.527+01:00|W5|1.1|1.00|0.33|1.00|0.44;0001-01-01T00:00:10.527+01:00|W6|1.3|1.26|0.24|1.26|0.26;0001-01-01T00:00:10.527+01:00|W7|0.5|0.44|0.01|0.44|0.25;0001-01-01T00:00:10.527+01:00|W8|0.5|0.38|0.01|0.38|0.17;0001-01-01T00:00:10.527+01:00|W9|1.0|0.83|0.04|0.83|0.53;0001-01-01T00:00:10.527+01:00|W10|0.4|0.38|0.05|0.38|0.05;0001-01-01T00:00:10.527+01:00|W11|0.5|-0.24|0.03|-0.24|0.38;0001-01-01T00:00:10.527+01:00|W12|0.3|-0.21|0.01|-0.21|0.00"
190.00;1.61;0001-01-01T00:00:10.5950000+01:00;163.85;-7.76;-95.96;27.2;-15.184;-6.240;21.147;-23.200;-0.501;-22.340;95.496;-74.902;121.490;"0001-01-01T00:00:10.527+01:00|W1|0.2|0.21|0.03|0.21|0.13;0001-01-01T00:00:10.527+01:00|W2|1.1|0.12|0.03|0.12|1.01;0001-01-01T00:00:10.527+01:00|W3|0.9|0.53|0.62|0.53|0.76;0001-01-01T00:00:10.527+01:00|W4|1.6|0.24|0.15|0.24|1.38;0001-01-01T00:00:10.527+01:00|W5|1.1|1.00|0.33|1.00|0.44;0001-01-01T00:00:10.527+01:00|W6|1.3|1.26|0.24|1.26|0.26;0001-01-01T00:00:10.527+01:00|W7|0.5|0.44|0.01|0.44|0.25;0001-01-01T00:00:10.527+01:00|W8|0.5|0.38|0.01|0.38|0.17;0001-01-01T00:00:10.527+01:00|W9|1.0|0.83|0.04|0.83|0.53;0001-01-01T00:00:10.527+01:00|W10|0.4|0.38|0.05|0.38|0.05;0001-01-01T00:00:10.527+01:00|W11|0.5|-0.24|0.03|-0.24|0.38;0001-01-01T00:00:10.527+01:00|W12|0.3|-0.21|0.01|-0.21|0.00"
191.00;1.52;0001-01-01T00:00:10.6250000+01:00;164.64;-7.80;-96.58;26.0;-15.398;-6.781;20.837;-20.749;-0.630;-21.182;95.773;-74.932;121.720;"0001-01-01T00:00:10.527+01:00|W1|0.2|0.21|0.03|0.21|0.13;0001-01-01T00:00:10.527+01:00|W2|1.1|0.12|0.03|0.12|1.01;0001-01-01T00:00:10.527+01:00|W3|0.9|0.53|0.62|0.53|0.76;0001-01-01T00:00:10.527+01:00|W4|1.6|0.24|0.15|0.24|1.38;0001-01-01T00:00:10.527+01:00|W5|1.1|1.00|0.33|1.00|0.44;0001-01-01T00:00:10.527+01:00|W6|1.3|1.26|0.24|1.26|0.26;0001-01-01T00:00:10.527+01:00|W7|0.5|0.44|0.01|0.44|0.25;0001-01-01T00:00:10.527+01:00|W8|0.5|0.38|0.01|0.38|0.17;0001-01-01T00:00:10.527+01:00|W9|1.0|0.83|0.04|0.83|0.53;0001-01-01T00:00:10.527+01:00|W10|0.4|0.38|0.05|0.38|0.05;0001-01-01T00:00:10.527+01:00|W11|0.5|-0.24|0.03|-0.24|0.38;0001-01-01T00:00:10.527+01:00|W12|0.3|-0.21|0.01|-0.21|0.00"
192.00;1.43;0001-01-01T00:00:10.6540000+01:00;165.43;-7.83;-97.19;24.8;-15.611;-7.322;20.528;-18.298;-0.759;-20.024;96.050;-74.962;121.950;"0001-01-01T00:00:10.777+01:00|W1|0.2|0.21|0.03|0.21|0.13;0001-01-01T00:00:10.777+01:00|W2|1.2|0.11|0.03|0.11|1.01;0001-01-01T00:00:10.777+01:00|W3|0.9|0.53|0.62|0.53|0.76;0001-01-01T00:00:10.777+01:00|W4|1.6|0.24|0.15|0.24|1.38;0001-01-01T00:00:10.777+01:00|W5|1.1|1.00|0.33|1.00|0.44;0001-01-01T00:00:10.777+01:00|W6|1.3|1.26|0.24|1.26|0.26;0001-01-01T00:00:10.777+01:00|W7|0.5|0.44|0.01|0.44|0.25;0001-01-01T00:00:10.777+01:00|W8|0.5|0.38|0.01|0.38|0.17;0001-01-01T00:00:10.777+01:00|W9|1.0|0.83|0.04|0.83|0.53;0001-01-01T00:00:10.777+01:00|W10|0.4|0.38|0.05|0.38|0.05;0001-01-01T00:00:10.777+01:00|W11|0.5|-0.24|0.03|-0.24|0.38;0001-01-01T00:00:10.777+01:00|W12|0.3|-0.21|0.01|-0.21|0.00"
193.00;1.34;0001-01-01T00:00:10.6840000+01:00;166.21;-7.87;-97.81;23.7;-15.825;-7.863;20.218;-15.846;-0.888;-18.866;96.327;-74.992;122.181;"0001-01-01T00:00:10.777+01:00|W1|0.2|0.21|0.03|0.21|0.13;0001-01-01T00:00:10.777+01:00|W2|1.2|0.11|0.03|0.11|1.01;0001-01-01T00:00:10.777+01:00|W3|0.9|0.53|0.62|0.53|0.76;0001-01-01T00:00:10.777+01:00|W4|1.6|0.24|0.15|0.24|1.38;0001-01-01T00:00:10.777+01:00|W5|1.1|1.00|0.33|1.00|0.44;0001-01-01T00:00:10.777+01:00|W6|1.3|1.26|0.24|1.26|0.26;0001-01-01T00:00:10.777+01:00|W7|0.5|0.44|0.01|0.44|0.25;0001-01-01T00:00:10.777+01:00|W8|0.5|0.38|0.01|0.38|0.17;0001-01-01T00:00:10.777+01:00|W9|1.0|0.83|0.04|0.83|0.53;0001-01-01T00:00:10.777+01:00|W10|0.4|0.38|0.05|0.38|0.05;0001-01-01T00:00:10.777+01:00|W11|0.5|-0.24|0.03|-0.24|0.38;0001-01-01T00:00:10.777+01:00|W12|0.3|-0.21|0.01|-0.21|0.00"
194.00;1.25;0001-01-01T00:00:10.7130000+01:00;167.00;-7.91;-98.42;22.5;-16.040;-8.405;19.909;-13.393;-1.018;-17.708;96.604;-75.023;122.412;"0001-01-01T00:00:10.777+01:00|W1|0.2|0.21|0.03|0.21|0.13;0001-01-01T00:00:10.777+01:00|W2|1.2|0.11|0.03|0.11|1.01;0001-01-01T00:00:10.777+01:00|W3|0.9|0.53|0.62|0.53|0.76;0001-01-01T00:00:10.777+01:00|W4|1.6|0.24|0.15|0.24|1.38;0001-01-01T00:00:10.777+01:00|W5|1.1|1.00|0.33|1.00|0.44;0001-01-01T00:00:10.777+01:00|W6|1.3|1.26|0.24|1.26|0.26;0001-01-01T00:00:10.777+01:00|W7|0.5|0.44|0.01|0.44|0.25;0001-01-01T00:00:10.777+01:00|W8|0.5|0.38|0.01|0.38|0.17;0001-01-01T00:00:10.777+01:00|W9|1.0|0.83|0.04|0.83|0.53;0001-01-01T00:00:10.777+01:00|W10|0.4|0.38|0.05|0.38|0.05;0001-01-01T00:00:10.777+01:00|W11|0.5|-0.24|0.03|-0.24|0.38;0001-01-01T00:00:10.777+01:00|W12|0.3|-0.21|0.01|-0.21|0.00"
195.00;1.16;0001-01-01T00:00:10.7430000+01:00;167.79;-7.95;-99.04;21.3;-16.254;-8.946;19.599;-10.939;-1.147;-16.549;96.881;-75.053;122.643;"0001-01-01T00:00:10.777+01:00|W1|0.2|0.21|0.03|0.21|0.13;0001-01-01T00:00:10.777+01:00|W2|1.2|0.11|0.03|0.11|1.01;0001-01-01T00:00:10.777+01:00|W3|0.9|0.53|0.62|0.53|0.76;0001-01-01T00:00:10.777+01:00|W4|1.6|0.24|0.15|0.24|1.38;0001-01-01T00:00:10.777+01:00|W5|1.1|1.00|0.33|1.00|0.44;0001-01-01T00:00:10.777+01:00|W6|1.3|1.26|0.24|1.26|0.26;0001-01-01T00:00:10.777+01:00|W7|0.5|0.44|0.01|0.44|0.25;0001-01-01T00:00:10.777+01:00|W8|0.5|0.38|0.01|0.38|0.17;0001-01-01T00:00:10.777+01:00|W9|1.0|0.83|0.04|0.83|0.53;0001-01-01T00:00:10.777+01:00|W10|0.4|0.38|0.05|0.38|0.05;0001-01-01T00:00:10.777+01:00|W11|0.5|-0.24|0.03|-0.24|0.38;0001-01-01T00:00:10.777+01:00|W12|0.3|-0.21|0.01|-0.21|0.00"
196.00;1.06;0001-01-01T00:00:10.7720000+01:00;168.58;-7.98;-99.65;20.2;-16.468;-9.488;19.289;-8.485;-1.276;-15.389;97.158;-75.083;122.875;"0001-01-01T00:00:10.777+01:00|W1|0.2|0.21|0.03|0.21|0.13;0001-01-01T00:00:10.777+01:00|W2|1.2|0.11|0.03|0.11|1.01;0001-01-01T00:00:10.777+01:00|W3|0.9|0.53|0.62|0.53|0.76;0001-01-01T00:00:10.777+01:00|W4|1.6|0.24|0.15|0.24|1.38;0001-01-01T00:00:10.777+01:00|W5|1.1|1.00|0.33|1.00|0.44;0001-01-01T00:00:10.777+01:00|W6|1.3|1.26|0.24|1.26|0.26;0001-01-01T00:00:10.777+01:00|W7|0.5|0.44|0.01|0.44|0.25;0001-01-01T00:00:10.777+01:00|W8|0.5|0.38|0.01|0.38|0.17;0001-01-01T00:00:10.777+01:00|W9|1.0|0.83|0.04|0.83|0.53;0001-01-01T00:00:10.777+01:00|W10|0.4|0.38|0.05|0.38|0.05;0001-01-01T00:00:10.777+01:00|W11|0.5|-0.24|0.03|-0.24|0.38;0001-01-01T00:00:10.777+01:00|W12|0.3|-0.21|0.01|-0.21|0.00"
197.00;0.96;0001-01-01T00:00:10.8020000+01:00;169.37;-8.02;-100.27;19.0;-16.682;-10.030;18.979;-6.029;-1.406;-14.230;97.436;-75.113;123.107;"0001-01-01T00:00:10.777+01:00|W1|0.2|0.21|0.03|0.21|0.13;0001-01-01T00:00:10.777+01:00|W2|1.2|0.11|0.03|0.11|1.01;0001-01-01T00:00:10.777+01:00|W3|0.9|0.53|0.62|0.53|0.76;0001-01-01T00:00:10.777+01:00|W4|1.6|0.24|0.15|0.24|1.38;0001-01-01T00:00:10.777+01:00|W5|1.1|1.00|0.33|1.00|0.44;0001-01-01T00:00:10.777+01:00|W6|1.3|1.26|0.24|1.26|0.26;0001-01-01T00:00:10.777+01:00|W7|0.5|0.44|0.01|0.44|0.25;0001-01-01T00:00:10.777+01:00|W8|0.5|0.38|0.01|0.38|0.17;0001-01-01T00:00:10.777+01:00|W9|1.0|0.83|0.04|0.83|0.53;0001-01-01T00:00:10.777+01:00|W10|0.4|0.38|0.05|0.38|0.05;0001-01-01T00:00:10.777+01:00|W11|0.5|-0.24|0.03|-0.24|0.38;0001-01-01T00:00:10.777+01:00|W12|0.3|-0.21|0.01|-0.21|0.00"
198.00;0.85;0001-01-01T00:00:10.8310000+01:00;170.16;-8.06;-100.89;17.9;-16.897;-10.573;18.669;-3.573;-1.535;-13.069;97.713;-75.143;123.340;"0001-01-01T00:00:10.777+01:00|W1|0.2|0.21|0.03|0.21|0.13;0001-01-01T00:00:10.777+01:00|W2|1.2|0.11|0.03|0.11|1.01;0001-01-01T00:00:10.777+01:00|W3|0.9|0.53|0.62|0.53|0.76;0001-01-01T00:00:10.777+01:00|W4|1.6|0.24|0.15|0.24|1.38;0001-01-01T00:00:10.777+01:00|W5|1.1|1.00|0.33|1.00|0.44;0001-01-01T00:00:10.777+01:00|W6|1.3|1.26|0.24|1.26|0.26;0001-01-01T00:00:10.777+01:00|W7|0.5|0.44|0.01|0.44|0.25;0001-01-01T00:00:10.777+01:00|W8|0.5|0.38|0.01|0.38|0.17;0001-01-01T00:00:10.777+01:00|W9|1.0|0.83|0.04|0.83|0.53;0001-01-01T00:00:10.777+01:00|W10|0.4|0.38|0.05|0.38|0.05;0001-01-01T00:00:10.777+01:00|W11|0.5|-0.24|0.03|-0.24|0.38;0001-01-01T00:00:10.777+01:00|W12|0.3|-0.21|0.01|-0.21|0.00"
199.00;0.75;0001-01-01T00:00:10.8610000+01:00;170.95;-8.09;-101.50;16.7;-17.111;-11.115;18.359;-1.116;-1.664;-11.909;97.991;-75.173;123.573;"0001-01-01T00:00:10.777+01:00|W1|0.2|0.21|0.03|0.21|0.13;0001-01-01T00:00:10.777+01:00|W2|1.2|0.11|0.03|0.11|1.01;0001-01-01T00:00:10.777+01:00|W3|0.9|0.53|0.62|0.53|0.76;0001-01-01T00:00:10.777+01:00|W4|1.6|0.24|0.15|0.24|1.38;0001-01-01T00:00:10.777+01:00|W5|1.1|1.00|0.33|1.00|0.44;0001-01-01T00:00:10.777+01:00|W6|1.3|1.26|0.24|1.26|0.26;0001-01-01T00:00:10.777+01:00|W7|0.5|0.44|0.01|0.44|0.25;0001-01-01T00:00:10.777+01:00|W8|0.5|0.38|0.01|0.38|0.17;0001-01-01T00:00:10.777+01:00|W9|1.0|0.83|0.04|0.83|0.53;0001-01-01T00:00:10.777+01:00|W10|0.4|0.38|0.05|0.38|0.05;0001-01-01T00:00:10.777+01:00|W11|0.5|-0.24|0.03|-0.24|0.38;0001-01-01T00:00:10.777+01:00|W12|0.3|-0.21|0.01|-0.21|0.00"
200.00;0.64;0001-01-01T00:00:10.8900000+01:00;171.74;-8.13;-102.12;15.5;-17.326;-11.658;18.049;1.343;-1.794;-10.747;98.268;-75.204;123.807;"0001-01-01T00:00:10.777+01:00|W1|0.2|0.21|0.03|0.21|0.13;0001-01-01T00:00:10.777+01:00|W2|1.2|0.11|0.03|0.11|1.01;0001-01-01T00:00:10.777+01:00|W3|0.9|0.53|0.62|0.53|0.76;0001-01-01T00:00:10.777+01:00|W4|1.6|0.24|0.15|0.24|1.38;0001-01-01T00:00:10.777+01:00|W5|1.1|1.00|0.33|1.00|0.44;0001-01-01T00:00:10.777+01:00|W6|1.3|1.26|0.24|1.26|0.26;0001-01-01T00:00:10.777+01:00|W7|0.5|0.44|0.01|0.44|0.25;0001-01-01T00:00:10.777+01:00|W8|0.5|0.38|0.01|0.38|0.17;0001-01-01T00:00:10.777+01:00|W9|1.0|0.83|0.04|0.83|0.53;0001-01-01T00:00:10.777+01:00|W10|0.4|0.38|0.05|0.38|0.05;0001-01-01T00:00:10.777+01:00|W11|0.5|-0.24|0.03|-0.24|0.38;0001-01-01T00:00:10.777+01:00|W12|0.3|-0.21|0.01|-0.21|0.00"
201.00;0.52;0001-01-01T00:00:10.9200000+01:00;172.53;-8.18;-102.74;15.0;-17.540;-11.905;17.739;2.012;-1.923;-10.326;98.295;-75.228;123.843;"0001-01-01T00:00:11.025+01:00|W1|0.3|0.23|0.02|0.23|0.11;0001-01-01T00:00:11.025+01:00|W2|1.2|0.13|0.03|0.13|1.00;0001-01-01T00:00:11.025+01:00|W3|0.8|0.61|0.64|0.61|0.47;0001-01-01T00:00:11.025+01:00|W4|1.6|0.19|0.15|0.19|1.28;0001-01-01T00:00:11.025+01:00|W5|1.1|0.95|0.23|0.95|0.51;0001-01-01T00:00:11.025+01:00|W6|1.8|1.72|0.22|1.72|0.27;0001-01-01T00:00:11.025+01:00|W7|0.5|0.48|0.00|0.48|0.16;0001-01-01T00:00:11.025+01:00|W8|0.5|0.40|0.03|0.40|0.17;0001-01-01T00:00:11.025+01:00|W9|0.9|0.70|0.08|0.70|0.51;0001-01-01T00:00:11.025+01:00|W10|0.3|0.31|0.10|0.31|0.04;0001-01-01T00:00:11.025+01:00|W11|0.5|-0.25|0.04|-0.25|0.38;0001-01-01T00:00:11.025+01:00|W12|0.4|-0.30|0.04|-0.30|0.03"
202.00;0.41;0001-01-01T00:00:10.9490000+01:00;173.32;-8.24;-103.36;14.7;-17.754;-12.026;17.429;1.917;-2.053;-10.220;98.214;-75.249;123.794;"0001-01-01T00:00:11.025+01:00|W1|0.3|0.23|0.02|0.23|0.11;0001-01-01T00:00:11.025+01:00|W2|1.2|0.13|0.03|0.13|1.00;0001-01-01T00:00:11.025+01:00|W3|0.8|0.61|0.64|0.61|0.47;0001-01-01T00:00:11.025+01:00|W4|1.6|0.19|0.15|0.19|1.28;0001-01-01T00:00:11.025+01:00|W5|1.1|0.95|0.23|0.95|0.51;0001-01-01T00:00:11.025+01:00|W6|1.8|1.72|0.22|1.72|0.27;0001-01-01T00:00:11.025+01:00|W7|0.5|0.48|0.00|0.48|0.16;0001-01-01T00:00:11.025+01:00|W8|0.5|0.40|0.03|0.40|0.17;0001-01-01T00:00:11.025+01:00|W9|0.9|0.70|0.08|0.70|0.51;0001-01-01T00:00:11.025+01:00|W10|0.3|0.31|0.10|0.31|0.04;0001-01-01T00:00:11.025+01:00|W11|0.5|-0.25|0.04|-0.25|0.38;0001-01-01T00:00:11.025+01:00|W12|0.4|-0.30|0.04|-0.30|0.03"
203.00;0.28;0001-01-01T00:00:10.9790000+01:00;174.10;-8.30;-103.99;14.4;-17.968;-12.146;17.119;1.822;-2.182;-10.114;98.133;-75.271;123.745;"0001-01-01T00:00:11.025+01:00|W1|0.3|0.23|0.02|0.23|0.11;0001-01-01T00:00:11.025+01:00|W2|1.2|0.13|0.03|0.13|1.00;0001-01-01T00:00:11.025+01:00|W3|0.8|0.61|0.64|0.61|0.47;0001-01-01T00:00:11.025+01:00|W4|1.6|0.19|0.15|0.19|1.28;0001-01-01T00:00:11.025+01:00|W5|1.1|0.95|0.23|0.95|0.51;0001-01-01T00:00:11.025+01:00|W6|1.8|1.72|0.22|1.72|0.27;0001-01-01T00:00:11.025+01:00|W7|0.5|0.48|0.00|0.48|0.16;0001-01-01T00:00:11.025+01:00|W8|0.5|0.40|0.03|0.40|0.17;0001-01-01T00:00:11.025+01:00|W9|0.9|0.70|0.08|0.70|0.51;0001-01-01T00:00:11.025+01:00|W10|0.3|0.31|0.10|0.31|0.04;0001-01-01T00:00:11.025+01:00|W11|0.5|-0.25|0.04|-0.25|0.38;0001-01-01T00:00:11.025+01:00|W12|0.4|-0.30|0.04|-0.30|0.03"
204.00;0.16;0001-01-01T00:00:11.0080000+01:00;174.89;-8.36;-104.61;14.2;-18.182;-12.267;16.809;1.727;-2.311;-10.008;98.052;-75.293;123.696;"0001-01-01T00:00:11.025+01:00|W1|0.3|0.23|0.02|0.23|0.11;0001-01-01T00:00:11.025+01:00|W2|1.2|0.13|0.03|0.13|1.00;0001-01-01T00:00:11.025+01:00|W3|0.8|0.61|0.64|0.61|0.47;0001-01-01T00:00:11.025+01:00|W4|1.6|0.19|0.15|0.19|1.28;0001-01-01T00:00:11.025+01:00|W5|1.1|0.95|0.23|0.95|0.51;0001-01-01T00:00:11.025+01:00|W6|1.8|1.72|0.22|1.72|0.27;0001-01-01T00:00:11.025+01:00|W7|0.5|0.48|0.00|0.48|0.16;0001-01-01T00:00:11.025+01:00|W8|0.5|0.40|0.03|0.40|0.17;0001-01-01T00:00:11.025+01:00|W9|0.9|0.70|0.08|0.70|0.51;0001-01-01T00:00:11.025+01:00|W10|0.3|0.31|0.10|0.31|0.04;0001-01-01T00:00:11.025+01:00|W11|0.5|-0.25|0.04|-0.25|0.38;0001-01-01T00:00:11.025+01:00|W12|0.4|-0.30|0.04|-0.30|0.03"
205.00;0.06;0001-01-01T00:00:11.0380000+01:00;175.68;-8.41;-105.23;13.9;-18.397;-12.388;16.499;1.633;-2.441;-9.901;97.971;-75.314;123.647;"0001-01-01T00:00:11.025+01:00|W1|0.3|0.23|0.02|0.23|0.11;0001-01-01T00:00:11.025+01:00|W2|1.2|0.13|0.03|0.13|1.00;0001-01-01T00:00:11.025+01:00|W3|0.8|0.61|0.64|0.61|0.47;0001-01-01T00:00:11.025+01:00|W4|1.6|0.19|0.15|0.19|1.28;0001-01-01T00:00:11.025+01:00|W5|1.1|0.95|0.23|0.95|0.51;0001-01-01T00:00:11.025+01:00|W6|1.8|1.72|0.22|1.72|0.27;0001-01-01T00:00:11.025+01:00|W7|0.5|0.48|0.00|0.48|0.16;0001-01-01T00:00:11.025+01:00|W8|0.5|0.40|0.03|0.40|0.17;0001-01-01T00:00:11.025+01:00|W9|0.9|0.70|0.08|0.70|0.51;0001-01-01T00:00:11.025+01:00|W10|0.3|0.31|0.10|0.31|0.04;0001-01-01T00:00:11.025+01:00|W11|0.5|-0.25|0.04|-0.25|0.38;0001-01-01T00:00:11.025+01:00|W12|0.4|-0.30|0.04|-0.30|0.03"
206.00;0.00;0001-01-01T00:00:11.0610000+01:00;176.31;-8.46;-105.73;13.7;-18.569;-12.485;16.250;1.556;-2.544;-9.817;97.907;-75.332;123.608;"0001-01-01T00:00:11.025+01:00|W1|0.3|0.23|0.02|0.23|0.11;0001-01-01T00:00:11.025+01:00|W2|1.2|0.13|0.03|0.13|1.00;0001-01-01T00:00:11.025+01:00|W3|0.8|0.61|0.64|0.61|0.47;0001-01-01T00:00:11.025+01:00|W4|1.6|0.19|0.15|0.19|1.28;0001-01-01T00:00:11.025+01:00|W5|1.1|0.95|0.23|0.95|0.51;0001-01-01T00:00:11.025+01:00|W6|1.8|1.72|0.22|1.72|0.27;0001-01-01T00:00:11.025+01:00|W7|0.5|0.48|0.00|0.48|0.16;0001-01-01T00:00:11.025+01:00|W8|0.5|0.40|0.03|0.40|0.17;0001-01-01T00:00:11.025+01:00|W9|0.9|0.70|0.08|0.70|0.51;0001-01-01T00:00:11.025+01:00|W10|0.3|0.31|0.10|0.31|0.04;0001-01-01T00:00:11.025+01:00|W11|0.5|-0.25|0.04|-0.25|0.38;0001-01-01T00:00:11.025+01:00|W12|0.4|-0.30|0.04|-0.30|0.03"
