Position;Height above ground [m];Time;X [m];Y [m];Z [m];Opening Angle [°];Stalling Angle Left [°];Stalling Angle Right [°];Roll Angle Left [°];Roll Angle Right [°];Yaw Angle Left [°];Yaw Angle Right [°];Speed hor. [km/h];Speed vert. [km/h];Speed resulting [km/h];WindTime|WindName|WindSpeed|WindSpeedTangent|WindTurbulence|WindSpeedCleanTan|WindSpeedCross
-58.87;NaN;0001-01-01T00:00:00.0470000+01:00;-54.30;0.00;21.84;NaN;NaN;NaN;NaN;NaN;NaN;NaN;0.000;0.000;0.000;"0001-01-01T00:00:00.000+01:00|W1|0.7|0.67|0.04|0.67|0.22;0001-01-01T00:00:00.000+01:00|W2|1.0|1.00|0.18|1.00|0.02;0001-01-01T00:00:00.000+01:00|W3|1.2|1.05|0.13|1.05|0.36;0001-01-01T00:00:00.000+01:00|W4|1.7|1.60|0.18|1.60|0.46;0001-01-01T00:00:00.000+01:00|W5|0.6|0.11|0.27|0.11|0.51;0001-01-01T00:00:00.000+01:00|W6|0.9|0.51|0.24|0.51|0.60;0001-01-01T00:00:00.000+01:00|W7|2.1|1.72|0.15|1.72|1.19;0001-01-01T00:00:00.000+01:00|W8|1.3|1.20|0.34|1.20|0.45;0001-01-01T00:00:00.000+01:00|W9|0.5|0.03|0.37|0.03|0.48;0001-01-01T00:00:00.000+01:00|W10|1.0|-0.43|0.07|-0.43|0.36;0001-01-01T00:00:00.000+01:00|W11|0.6|0.13|0.08|0.13|0.63;0001-01-01T00:00:00.000+01:00|W12|0.6|0.27|0.18|0.27|0.12"
0.00;2.93;0001-01-01T00:00:02.1380000+01:00;0.03;0.00;-0.01;0.0;-11.500;-11.500;0.000;0.000;0.000;0.000;96.398;-19.612;98.373;"0001-01-01T00:00:02.247+01:00|W1|0.8|0.75|0.01|0.75|0.15;0001-01-01T00:00:02.247+01:00|W2|1.0|0.92|0.17|0.92|0.23;0001-01-01T00:00:02.247+01:00|W3|1.3|1.11|0.13|1.11|0.52;0001-01-01T00:00:02.247+01:00|W4|1.4|1.04|0.24|1.04|0.75;0001-01-01T00:00:02.247+01:00|W5|0.8|0.35|0.16|0.35|0.69;0001-01-01T00:00:02.247+01:00|W6|1.1|1.06|0.18|1.06|0.15;0001-01-01T00:00:02.247+01:00|W7|1.7|1.38|0.28|1.38|0.96;0001-01-01T00:00:02.247+01:00|W8|1.0|0.64|0.10|0.64|0.58;0001-01-01T00:00:02.247+01:00|W9|1.0|0.35|0.18|0.35|0.74;0001-01-01T00:00:02.247+01:00|W10|1.2|-0.68|0.24|-0.68|0.74;0001-01-01T00:00:02.247+01:00|W11|0.6|0.12|0.07|0.12|0.54;0001-01-01T00:00:02.247+01:00|W12|0.5|0.14|0.11|0.14|0.10"
1.00;2.84;0001-01-01T00:00:02.3800000+01:00;1.33;0.01;-0.25;2.5;-9.218;-9.800;1.287;-3.176;1.544;-2.172;92.792;-13.049;93.705;"0001-01-01T00:00:02.496+01:00|W1|0.8|0.74|0.01|0.74|0.19;0001-01-01T00:00:02.496+01:00|W2|0.9|0.84|0.24|0.84|0.12;0001-01-01T00:00:02.496+01:00|W3|1.3|1.12|0.13|1.12|0.49;0001-01-01T00:00:02.496+01:00|W4|1.2|0.89|0.43|0.89|0.65;0001-01-01T00:00:02.496+01:00|W5|0.8|0.35|0.16|0.35|0.69;0001-01-01T00:00:02.496+01:00|W6|1.1|1.06|0.18|1.06|0.15;0001-01-01T00:00:02.496+01:00|W7|1.7|1.38|0.28|1.38|0.96;0001-01-01T00:00:02.496+01:00|W8|1.0|0.64|0.10|0.64|0.58;0001-01-01T00:00:02.496+01:00|W9|1.0|0.35|0.18|0.35|0.74;0001-01-01T00:00:02.496+01:00|W10|1.3|-0.76|0.26|-0.76|0.76;0001-01-01T00:00:02.496+01:00|W11|0.6|0.12|0.07|0.12|0.54;0001-01-01T00:00:02.496+01:00|W12|0.5|0.14|0.11|0.14|0.10"
2.00;2.85;0001-01-01T00:00:02.4200000+01:00;2.37;0.01;-0.38;5.5;-6.415;-6.705;0.450;-7.433;2.948;-3.431;93.146;-10.844;93.776;"0001-01-01T00:00:02.496+01:00|W1|0.8|0.74|0.01|0.74|0.19;0001-01-01T00:00:02.496+01:00|W2|0.9|0.84|0.24|0.84|0.12;0001-01-01T00:00:02.496+01:00|W3|1.3|1.12|0.13|1.12|0.49;0001-01-01T00:00:02.496+01:00|W4|1.2|0.89|0.43|0.89|0.65;0001-01-01T00:00:02.496+01:00|W5|0.8|0.35|0.16|0.35|0.69;0001-01-01T00:00:02.496+01:00|W6|1.1|1.06|0.18|1.06|0.15;0001-01-01T00:00:02.496+01:00|W7|1.7|1.38|0.28|1.38|0.96;0001-01-01T00:00:02.496+01:00|W8|1.0|0.64|0.10|0.64|0.58;0001-01-01T00:00:02.496+01:00|W9|1.0|0.35|0.18|0.35|0.74;0001-01-01T00:00:02.496+01:00|W10|1.3|-0.76|0.26|-0.76|0.76;0001-01-01T00:00:02.496+01:00|W11|0.6|0.12|0.07|0.12|0.54;0001-01-01T00:00:02.496+01:00|W12|0.5|0.14|0.11|0.14|0.10"
3.00;2.89;0001-01-01T00:00:02.4600000+01:00;3.41;-0.01;-0.50;9.4;-2.723;-3.192;-1.360;-7.809;4.739;-5.377;94.944;-10.868;95.564;"0001-01-01T00:00:02.496+01:00|W1|0.8|0.74|0.01|0.74|0.19;0001-01-01T00:00:02.496+01:00|W2|0.9|0.84|0.24|0.84|0.12;0001-01-01T00:00:02.496+01:00|W3|1.3|1.12|0.13|1.12|0.49;0001-01-01T00:00:02.496+01:00|W4|1.2|0.89|0.43|0.89|0.65;0001-01-01T00:00:02.496+01:00|W5|0.8|0.35|0.16|0.35|0.69;0001-01-01T00:00:02.496+01:00|W6|1.1|1.06|0.18|1.06|0.15;0001-01-01T00:00:02.496+01:00|W7|1.7|1.38|0.28|1.38|0.96;0001-01-01T00:00:02.496+01:00|W8|1.0|0.64|0.10|0.64|0.58;0001-01-01T00:00:02.496+01:00|W9|1.0|0.35|0.18|0.35|0.74;0001-01-01T00:00:02.496+01:00|W10|1.3|-0.76|0.26|-0.76|0.76;0001-01-01T00:00:02.496+01:00|W11|0.6|0.12|0.07|0.12|0.54;0001-01-01T00:00:02.496+01:00|W12|0.5|0.14|0.11|0.14|0.10"
4.00;2.94;0001-01-01T00:00:02.5000000+01:00;4.45;-0.02;-0.63;12.9;0.663;0.967;-1.955;0.047;6.799;-8.709;95.877;-13.444;96.815;"0001-01-01T00:00:02.496+01:00|W1|0.8|0.74|0.01|0.74|0.19;0001-01-01T00:00:02.496+01:00|W2|0.9|0.84|0.24|0.84|0.12;0001-01-01T00:00:02.496+01:00|W3|1.3|1.12|0.13|1.12|0.49;0001-01-01T00:00:02.496+01:00|W4|1.2|0.89|0.43|0.89|0.65;0001-01-01T00:00:02.496+01:00|W5|0.8|0.35|0.16|0.35|0.69;0001-01-01T00:00:02.496+01:00|W6|1.1|1.06|0.18|1.06|0.15;0001-01-01T00:00:02.496+01:00|W7|1.7|1.38|0.28|1.38|0.96;0001-01-01T00:00:02.496+01:00|W8|1.0|0.64|0.10|0.64|0.58;0001-01-01T00:00:02.496+01:00|W9|1.0|0.35|0.18|0.35|0.74;0001-01-01T00:00:02.496+01:00|W10|1.3|-0.76|0.26|-0.76|0.76;0001-01-01T00:00:02.496+01:00|W11|0.6|0.12|0.07|0.12|0.54;0001-01-01T00:00:02.496+01:00|W12|0.5|0.14|0.11|0.14|0.10"
5.00;2.97;0001-01-01T00:00:02.5390000+01:00;5.48;-0.01;-0.79;18.7;4.035;3.736;-2.547;-2.524;8.848;-11.483;95.173;-14.299;96.241;"0001-01-01T00:00:02.496+01:00|W1|0.8|0.74|0.01|0.74|0.19;0001-01-01T00:00:02.496+01:00|W2|0.9|0.84|0.24|0.84|0.12;0001-01-01T00:00:02.496+01:00|W3|1.3|1.12|0.13|1.12|0.49;0001-01-01T00:00:02.496+01:00|W4|1.2|0.89|0.43|0.89|0.65;0001-01-01T00:00:02.496+01:00|W5|0.8|0.35|0.16|0.35|0.69;0001-01-01T00:00:02.496+01:00|W6|1.1|1.06|0.18|1.06|0.15;0001-01-01T00:00:02.496+01:00|W7|1.7|1.38|0.28|1.38|0.96;0001-01-01T00:00:02.496+01:00|W8|1.0|0.64|0.10|0.64|0.58;0001-01-01T00:00:02.496+01:00|W9|1.0|0.35|0.18|0.35|0.74;0001-01-01T00:00:02.496+01:00|W10|1.3|-0.76|0.26|-0.76|0.76;0001-01-01T00:00:02.496+01:00|W11|0.6|0.12|0.07|0.12|0.54;0001-01-01T00:00:02.496+01:00|W12|0.5|0.14|0.11|0.14|0.10"
6.00;3.01;0001-01-01T00:00:02.5780000+01:00;6.51;0.00;-0.95;24.4;7.413;6.510;-3.141;-5.101;10.903;-14.263;94.467;-15.156;95.676;"0001-01-01T00:00:02.496+01:00|W1|0.8|0.74|0.01|0.74|0.19;0001-01-01T00:00:02.496+01:00|W2|0.9|0.84|0.24|0.84|0.12;0001-01-01T00:00:02.496+01:00|W3|1.3|1.12|0.13|1.12|0.49;0001-01-01T00:00:02.496+01:00|W4|1.2|0.89|0.43|0.89|0.65;0001-01-01T00:00:02.496+01:00|W5|0.8|0.35|0.16|0.35|0.69;0001-01-01T00:00:02.496+01:00|W6|1.1|1.06|0.18|1.06|0.15;0001-01-01T00:00:02.496+01:00|W7|1.7|1.38|0.28|1.38|0.96;0001-01-01T00:00:02.496+01:00|W8|1.0|0.64|0.10|0.64|0.58;0001-01-01T00:00:02.496+01:00|W9|1.0|0.35|0.18|0.35|0.74;0001-01-01T00:00:02.496+01:00|W10|1.3|-0.76|0.26|-0.76|0.76;0001-01-01T00:00:02.496+01:00|W11|0.6|0.12|0.07|0.12|0.54;0001-01-01T00:00:02.496+01:00|W12|0.5|0.14|0.11|0.14|0.10"
7.00;3.06;0001-01-01T00:00:02.6170000+01:00;7.53;0.01;-1.12;29.0;9.190;8.397;-2.885;-6.686;12.678;-16.665;94.030;-16.592;95.483;"0001-01-01T00:00:02.496+01:00|W1|0.8|0.74|0.01|0.74|0.19;0001-01-01T00:00:02.496+01:00|W2|0.9|0.84|0.24|0.84|0.12;0001-01-01T00:00:02.496+01:00|W3|1.3|1.12|0.13|1.12|0.49;0001-01-01T00:00:02.496+01:00|W4|1.2|0.89|0.43|0.89|0.65;0001-01-01T00:00:02.496+01:00|W5|0.8|0.35|0.16|0.35|0.69;0001-01-01T00:00:02.496+01:00|W6|1.1|1.06|0.18|1.06|0.15;0001-01-01T00:00:02.496+01:00|W7|1.7|1.38|0.28|1.38|0.96;0001-01-01T00:00:02.496+01:00|W8|1.0|0.64|0.10|0.64|0.58;0001-01-01T00:00:02.496+01:00|W9|1.0|0.35|0.18|0.35|0.74;0001-01-01T00:00:02.496+01:00|W10|1.3|-0.76|0.26|-0.76|0.76;0001-01-01T00:00:02.496+01:00|W11|0.6|0.12|0.07|0.12|0.54;0001-01-01T00:00:02.496+01:00|W12|0.5|0.14|0.11|0.14|0.10"
8.00;3.11;0001-01-01T00:00:02.6560000+01:00;8.56;0.01;-1.31;32.1;9.360;9.448;-0.918;-8.405;14.083;-18.471;93.928;-18.293;95.693;"0001-01-01T00:00:02.749+01:00|W1|0.8|0.75|0.00|0.75|0.17;0001-01-01T00:00:02.749+01:00|W2|0.8|0.78|0.29|0.78|0.04;0001-01-01T00:00:02.749+01:00|W3|1.3|1.10|0.10|1.10|0.48;0001-01-01T00:00:02.749+01:00|W4|1.0|0.79|0.62|0.79|0.48;0001-01-01T00:00:02.749+01:00|W5|0.8|0.28|0.16|0.28|0.71;0001-01-01T00:00:02.749+01:00|W6|1.1|1.08|0.16|1.08|0.05;0001-01-01T00:00:02.749+01:00|W7|1.6|1.08|0.38|1.08|1.15;0001-01-01T00:00:02.749+01:00|W8|1.2|0.58|0.04|0.58|0.72;0001-01-01T00:00:02.749+01:00|W9|1.0|0.33|0.19|0.33|0.74;0001-01-01T00:00:02.749+01:00|W10|1.3|-0.83|0.30|-0.83|0.78;0001-01-01T00:00:02.749+01:00|W11|0.6|0.12|0.08|0.12|0.54;0001-01-01T00:00:02.749+01:00|W12|0.5|-0.02|0.10|-0.02|0.23"
9.00;3.16;0001-01-01T00:00:02.6950000+01:00;9.58;0.02;-1.51;34.1;9.840;10.886;4.173;-14.634;15.204;-19.526;94.027;-18.680;95.865;"0001-01-01T00:00:02.749+01:00|W1|0.8|0.75|0.00|0.75|0.17;0001-01-01T00:00:02.749+01:00|W2|0.8|0.78|0.29|0.78|0.04;0001-01-01T00:00:02.749+01:00|W3|1.3|1.10|0.10|1.10|0.48;0001-01-01T00:00:02.749+01:00|W4|1.0|0.79|0.62|0.79|0.48;0001-01-01T00:00:02.749+01:00|W5|0.8|0.28|0.16|0.28|0.71;0001-01-01T00:00:02.749+01:00|W6|1.1|1.08|0.16|1.08|0.05;0001-01-01T00:00:02.749+01:00|W7|1.6|1.08|0.38|1.08|1.15;0001-01-01T00:00:02.749+01:00|W8|1.2|0.58|0.04|0.58|0.72;0001-01-01T00:00:02.749+01:00|W9|1.0|0.33|0.19|0.33|0.74;0001-01-01T00:00:02.749+01:00|W10|1.3|-0.83|0.30|-0.83|0.78;0001-01-01T00:00:02.749+01:00|W11|0.6|0.12|0.08|0.12|0.54;0001-01-01T00:00:02.749+01:00|W12|0.5|-0.02|0.10|-0.02|0.23"
10.00;3.21;0001-01-01T00:00:02.7340000+01:00;10.59;0.02;-1.72;36.4;8.657;10.771;5.252;-15.960;16.280;-20.627;94.060;-20.115;96.187;"0001-01-01T00:00:02.749+01:00|W1|0.8|0.75|0.00|0.75|0.17;0001-01-01T00:00:02.749+01:00|W2|0.8|0.78|0.29|0.78|0.04;0001-01-01T00:00:02.749+01:00|W3|1.3|1.10|0.10|1.10|0.48;0001-01-01T00:00:02.749+01:00|W4|1.0|0.79|0.62|0.79|0.48;0001-01-01T00:00:02.749+01:00|W5|0.8|0.28|0.16|0.28|0.71;0001-01-01T00:00:02.749+01:00|W6|1.1|1.08|0.16|1.08|0.05;0001-01-01T00:00:02.749+01:00|W7|1.6|1.08|0.38|1.08|1.15;0001-01-01T00:00:02.749+01:00|W8|1.2|0.58|0.04|0.58|0.72;0001-01-01T00:00:02.749+01:00|W9|1.0|0.33|0.19|0.33|0.74;0001-01-01T00:00:02.749+01:00|W10|1.3|-0.83|0.30|-0.83|0.78;0001-01-01T00:00:02.749+01:00|W11|0.6|0.12|0.08|0.12|0.54;0001-01-01T00:00:02.749+01:00|W12|0.5|-0.02|0.10|-0.02|0.23"
11.00;3.26;0001-01-01T00:00:02.7730000+01:00;11.61;0.03;-1.95;37.7;7.818;10.560;6.621;-18.083;16.966;-21.198;94.061;-21.152;96.410;"0001-01-01T00:00:02.749+01:00|W1|0.8|0.75|0.00|0.75|0.17;0001-01-01T00:00:02.749+01:00|W2|0.8|0.78|0.29|0.78|0.04;0001-01-01T00:00:02.749+01:00|W3|1.3|1.10|0.10|1.10|0.48;0001-01-01T00:00:02.749+01:00|W4|1.0|0.79|0.62|0.79|0.48;0001-01-01T00:00:02.749+01:00|W5|0.8|0.28|0.16|0.28|0.71;0001-01-01T00:00:02.749+01:00|W6|1.1|1.08|0.16|1.08|0.05;0001-01-01T00:00:02.749+01:00|W7|1.6|1.08|0.38|1.08|1.15;0001-01-01T00:00:02.749+01:00|W8|1.2|0.58|0.04|0.58|0.72;0001-01-01T00:00:02.749+01:00|W9|1.0|0.33|0.19|0.33|0.74;0001-01-01T00:00:02.749+01:00|W10|1.3|-0.83|0.30|-0.83|0.78;0001-01-01T00:00:02.749+01:00|W11|0.6|0.12|0.08|0.12|0.54;0001-01-01T00:00:02.749+01:00|W12|0.5|-0.02|0.10|-0.02|0.23"
12.00;3.32;0001-01-01T00:00:02.8120000+01:00;12.62;0.03;-2.17;38.4;7.239;10.358;8.311;-20.842;17.435;-21.470;94.047;-21.925;96.569;"0001-01-01T00:00:02.749+01:00|W1|0.8|0.75|0.00|0.75|0.17;0001-01-01T00:00:02.749+01:00|W2|0.8|0.78|0.29|0.78|0.04;0001-01-01T00:00:02.749+01:00|W3|1.3|1.10|0.10|1.10|0.48;0001-01-01T00:00:02.749+01:00|W4|1.0|0.79|0.62|0.79|0.48;0001-01-01T00:00:02.749+01:00|W5|0.8|0.28|0.16|0.28|0.71;0001-01-01T00:00:02.749+01:00|W6|1.1|1.08|0.16|1.08|0.05;0001-01-01T00:00:02.749+01:00|W7|1.6|1.08|0.38|1.08|1.15;0001-01-01T00:00:02.749+01:00|W8|1.2|0.58|0.04|0.58|0.72;0001-01-01T00:00:02.749+01:00|W9|1.0|0.33|0.19|0.33|0.74;0001-01-01T00:00:02.749+01:00|W10|1.3|-0.83|0.30|-0.83|0.78;0001-01-01T00:00:02.749+01:00|W11|0.6|0.12|0.08|0.12|0.54;0001-01-01T00:00:02.749+01:00|W12|0.5|-0.02|0.10|-0.02|0.23"
13.00;3.39;0001-01-01T00:00:02.8500000+01:00;13.63;0.03;-2.40;39.2;6.701;10.151;10.077;-23.528;17.868;-21.725;94.033;-22.659;96.725;"0001-01-01T00:00:02.749+01:00|W1|0.8|0.75|0.00|0.75|0.17;0001-01-01T00:00:02.749+01:00|W2|0.8|0.78|0.29|0.78|0.04;0001-01-01T00:00:02.749+01:00|W3|1.3|1.10|0.10|1.10|0.48;0001-01-01T00:00:02.749+01:00|W4|1.0|0.79|0.62|0.79|0.48;0001-01-01T00:00:02.749+01:00|W5|0.8|0.28|0.16|0.28|0.71;0001-01-01T00:00:02.749+01:00|W6|1.1|1.08|0.16|1.08|0.05;0001-01-01T00:00:02.749+01:00|W7|1.6|1.08|0.38|1.08|1.15;0001-01-01T00:00:02.749+01:00|W8|1.2|0.58|0.04|0.58|0.72;0001-01-01T00:00:02.749+01:00|W9|1.0|0.33|0.19|0.33|0.74;0001-01-01T00:00:02.749+01:00|W10|1.3|-0.83|0.30|-0.83|0.78;0001-01-01T00:00:02.749+01:00|W11|0.6|0.12|0.08|0.12|0.54;0001-01-01T00:00:02.749+01:00|W12|0.5|-0.02|0.10|-0.02|0.23"
14.00;3.46;0001-01-01T00:00:02.8890000+01:00;14.64;0.04;-2.64;39.1;6.790;9.865;13.084;-25.149;17.758;-21.729;94.019;-22.817;96.749;"0001-01-01T00:00:02.998+01:00|W1|0.7|0.72|0.02|0.72|0.17;0001-01-01T00:00:02.998+01:00|W2|0.7|0.72|0.32|0.72|0.03;0001-01-01T00:00:02.998+01:00|W3|1.3|1.08|0.10|1.08|0.47;0001-01-01T00:00:02.998+01:00|W4|0.8|0.74|0.73|0.74|0.35;0001-01-01T00:00:02.998+01:00|W5|0.8|0.25|0.17|0.25|0.71;0001-01-01T00:00:02.998+01:00|W6|1.1|1.05|0.07|1.05|0.13;0001-01-01T00:00:02.998+01:00|W7|1.5|0.99|0.40|0.99|1.17;0001-01-01T00:00:02.998+01:00|W8|1.2|0.44|0.01|0.44|0.80;0001-01-01T00:00:02.998+01:00|W9|1.0|0.34|0.20|0.34|0.75;0001-01-01T00:00:02.998+01:00|W10|1.4|-0.85|0.35|-0.85|0.78;0001-01-01T00:00:02.998+01:00|W11|0.6|0.14|0.08|0.14|0.54;0001-01-01T00:00:02.998+01:00|W12|0.5|-0.14|0.05|-0.14|0.29"
15.00;3.52;0001-01-01T00:00:02.9270000+01:00;15.64;0.04;-2.89;39.2;6.778;9.245;14.651;-25.839;17.758;-21.864;93.984;-23.859;96.966;"0001-01-01T00:00:02.998+01:00|W1|0.7|0.72|0.02|0.72|0.17;0001-01-01T00:00:02.998+01:00|W2|0.7|0.72|0.32|0.72|0.03;0001-01-01T00:00:02.998+01:00|W3|1.3|1.08|0.10|1.08|0.47;0001-01-01T00:00:02.998+01:00|W4|0.8|0.74|0.73|0.74|0.35;0001-01-01T00:00:02.998+01:00|W5|0.8|0.25|0.17|0.25|0.71;0001-01-01T00:00:02.998+01:00|W6|1.1|1.05|0.07|1.05|0.13;0001-01-01T00:00:02.998+01:00|W7|1.5|0.99|0.40|0.99|1.17;0001-01-01T00:00:02.998+01:00|W8|1.2|0.44|0.01|0.44|0.80;0001-01-01T00:00:02.998+01:00|W9|1.0|0.34|0.20|0.34|0.75;0001-01-01T00:00:02.998+01:00|W10|1.4|-0.85|0.35|-0.85|0.78;0001-01-01T00:00:02.998+01:00|W11|0.6|0.14|0.08|0.14|0.54;0001-01-01T00:00:02.998+01:00|W12|0.5|-0.14|0.05|-0.14|0.29"
16.00;3.59;0001-01-01T00:00:02.9660000+01:00;16.64;0.04;-3.15;39.3;6.856;8.706;15.314;-26.570;17.830;-21.868;93.880;-24.681;97.071;"0001-01-01T00:00:02.998+01:00|W1|0.7|0.72|0.02|0.72|0.17;0001-01-01T00:00:02.998+01:00|W2|0.7|0.72|0.32|0.72|0.03;0001-01-01T00:00:02.998+01:00|W3|1.3|1.08|0.10|1.08|0.47;0001-01-01T00:00:02.998+01:00|W4|0.8|0.74|0.73|0.74|0.35;0001-01-01T00:00:02.998+01:00|W5|0.8|0.25|0.17|0.25|0.71;0001-01-01T00:00:02.998+01:00|W6|1.1|1.05|0.07|1.05|0.13;0001-01-01T00:00:02.998+01:00|W7|1.5|0.99|0.40|0.99|1.17;0001-01-01T00:00:02.998+01:00|W8|1.2|0.44|0.01|0.44|0.80;0001-01-01T00:00:02.998+01:00|W9|1.0|0.34|0.20|0.34|0.75;0001-01-01T00:00:02.998+01:00|W10|1.4|-0.85|0.35|-0.85|0.78;0001-01-01T00:00:02.998+01:00|W11|0.6|0.14|0.08|0.14|0.54;0001-01-01T00:00:02.998+01:00|W12|0.5|-0.14|0.05|-0.14|0.29"
17.00;3.67;0001-01-01T00:00:03.0040000+01:00;17.63;0.05;-3.41;39.3;7.008;8.358;15.724;-27.627;17.963;-21.665;93.718;-25.071;97.015;"0001-01-01T00:00:02.998+01:00|W1|0.7|0.72|0.02|0.72|0.17;0001-01-01T00:00:02.998+01:00|W2|0.7|0.72|0.32|0.72|0.03;0001-01-01T00:00:02.998+01:00|W3|1.3|1.08|0.10|1.08|0.47;0001-01-01T00:00:02.998+01:00|W4|0.8|0.74|0.73|0.74|0.35;0001-01-01T00:00:02.998+01:00|W5|0.8|0.25|0.17|0.25|0.71;0001-01-01T00:00:02.998+01:00|W6|1.1|1.05|0.07|1.05|0.13;0001-01-01T00:00:02.998+01:00|W7|1.5|0.99|0.40|0.99|1.17;0001-01-01T00:00:02.998+01:00|W8|1.2|0.44|0.01|0.44|0.80;0001-01-01T00:00:02.998+01:00|W9|1.0|0.34|0.20|0.34|0.75;0001-01-01T00:00:02.998+01:00|W10|1.4|-0.85|0.35|-0.85|0.78;0001-01-01T00:00:02.998+01:00|W11|0.6|0.14|0.08|0.14|0.54;0001-01-01T00:00:02.998+01:00|W12|0.5|-0.14|0.05|-0.14|0.29"
18.00;3.74;0001-01-01T00:00:03.0420000+01:00;18.63;0.06;-3.69;39.3;6.750;7.859;17.786;-28.355;18.175;-21.461;93.649;-26.299;97.274;"0001-01-01T00:00:02.998+01:00|W1|0.7|0.72|0.02|0.72|0.17;0001-01-01T00:00:02.998+01:00|W2|0.7|0.72|0.32|0.72|0.03;0001-01-01T00:00:02.998+01:00|W3|1.3|1.08|0.10|1.08|0.47;0001-01-01T00:00:02.998+01:00|W4|0.8|0.74|0.73|0.74|0.35;0001-01-01T00:00:02.998+01:00|W5|0.8|0.25|0.17|0.25|0.71;0001-01-01T00:00:02.998+01:00|W6|1.1|1.05|0.07|1.05|0.13;0001-01-01T00:00:02.998+01:00|W7|1.5|0.99|0.40|0.99|1.17;0001-01-01T00:00:02.998+01:00|W8|1.2|0.44|0.01|0.44|0.80;0001-01-01T00:00:02.998+01:00|W9|1.0|0.34|0.20|0.34|0.75;0001-01-01T00:00:02.998+01:00|W10|1.4|-0.85|0.35|-0.85|0.78;0001-01-01T00:00:02.998+01:00|W11|0.6|0.14|0.08|0.14|0.54;0001-01-01T00:00:02.998+01:00|W12|0.5|-0.14|0.05|-0.14|0.29"
19.00;3.80;0001-01-01T00:00:03.0800000+01:00;19.62;0.06;-3.98;39.3;6.196;7.440;19.460;-28.379;18.432;-21.107;93.638;-27.199;97.511;"0001-01-01T00:00:02.998+01:00|W1|0.7|0.72|0.02|0.72|0.17;0001-01-01T00:00:02.998+01:00|W2|0.7|0.72|0.32|0.72|0.03;0001-01-01T00:00:02.998+01:00|W3|1.3|1.08|0.10|1.08|0.47;0001-01-01T00:00:02.998+01:00|W4|0.8|0.74|0.73|0.74|0.35;0001-01-01T00:00:02.998+01:00|W5|0.8|0.25|0.17|0.25|0.71;0001-01-01T00:00:02.998+01:00|W6|1.1|1.05|0.07|1.05|0.13;0001-01-01T00:00:02.998+01:00|W7|1.5|0.99|0.40|0.99|1.17;0001-01-01T00:00:02.998+01:00|W8|1.2|0.44|0.01|0.44|0.80;0001-01-01T00:00:02.998+01:00|W9|1.0|0.34|0.20|0.34|0.75;0001-01-01T00:00:02.998+01:00|W10|1.4|-0.85|0.35|-0.85|0.78;0001-01-01T00:00:02.998+01:00|W11|0.6|0.14|0.08|0.14|0.54;0001-01-01T00:00:02.998+01:00|W12|0.5|-0.14|0.05|-0.14|0.29"
20.00;3.87;0001-01-01T00:00:03.1180000+01:00;20.60;0.07;-4.27;39.2;5.586;7.035;21.062;-28.270;18.698;-20.726;93.638;-28.038;97.749;"0001-01-01T00:00:02.998+01:00|W1|0.7|0.72|0.02|0.72|0.17;0001-01-01T00:00:02.998+01:00|W2|0.7|0.72|0.32|0.72|0.03;0001-01-01T00:00:02.998+01:00|W3|1.3|1.08|0.10|1.08|0.47;0001-01-01T00:00:02.998+01:00|W4|0.8|0.74|0.73|0.74|0.35;0001-01-01T00:00:02.998+01:00|W5|0.8|0.25|0.17|0.25|0.71;0001-01-01T00:00:02.998+01:00|W6|1.1|1.05|0.07|1.05|0.13;0001-01-01T00:00:02.998+01:00|W7|1.5|0.99|0.40|0.99|1.17;0001-01-01T00:00:02.998+01:00|W8|1.2|0.44|0.01|0.44|0.80;0001-01-01T00:00:02.998+01:00|W9|1.0|0.34|0.20|0.34|0.75;0001-01-01T00:00:02.998+01:00|W10|1.4|-0.85|0.35|-0.85|0.78;0001-01-01T00:00:02.998+01:00|W11|0.6|0.14|0.08|0.14|0.54;0001-01-01T00:00:02.998+01:00|W12|0.5|-0.14|0.05|-0.14|0.29"
21.00;3.95;0001-01-01T00:00:03.1560000+01:00;21.59;0.08;-4.56;39.1;4.956;6.644;22.561;-27.957;18.980;-20.280;93.641;-28.808;97.976;"0001-01-01T00:00:03.248+01:00|W1|0.7|0.73|0.02|0.73|0.07;0001-01-01T00:00:03.248+01:00|W2|0.7|0.71|0.27|0.71|0.04;0001-01-01T00:00:03.248+01:00|W3|1.2|1.06|0.04|1.06|0.43;0001-01-01T00:00:03.248+01:00|W4|0.7|0.68|0.78|0.68|0.27;0001-01-01T00:00:03.248+01:00|W5|0.7|0.27|0.08|0.27|0.62;0001-01-01T00:00:03.248+01:00|W6|1.0|0.95|0.04|0.95|0.18;0001-01-01T00:00:03.248+01:00|W7|1.6|0.92|0.36|0.92|1.24;0001-01-01T00:00:03.248+01:00|W8|1.1|0.28|0.03|0.28|0.79;0001-01-01T00:00:03.248+01:00|W9|1.0|0.35|0.21|0.35|0.73;0001-01-01T00:00:03.248+01:00|W10|1.6|-0.93|0.43|-0.93|0.90;0001-01-01T00:00:03.248+01:00|W11|0.6|0.13|0.05|0.13|0.57;0001-01-01T00:00:03.248+01:00|W12|0.6|-0.20|0.01|-0.20|0.29"
22.00;4.03;0001-01-01T00:00:03.1940000+01:00;22.57;0.09;-4.85;38.8;4.258;6.308;23.668;-26.867;19.327;-19.593;93.655;-29.317;98.140;"0001-01-01T00:00:03.248+01:00|W1|0.7|0.73|0.02|0.73|0.07;0001-01-01T00:00:03.248+01:00|W2|0.7|0.71|0.27|0.71|0.04;0001-01-01T00:00:03.248+01:00|W3|1.2|1.06|0.04|1.06|0.43;0001-01-01T00:00:03.248+01:00|W4|0.7|0.68|0.78|0.68|0.27;0001-01-01T00:00:03.248+01:00|W5|0.7|0.27|0.08|0.27|0.62;0001-01-01T00:00:03.248+01:00|W6|1.0|0.95|0.04|0.95|0.18;0001-01-01T00:00:03.248+01:00|W7|1.6|0.92|0.36|0.92|1.24;0001-01-01T00:00:03.248+01:00|W8|1.1|0.28|0.03|0.28|0.79;0001-01-01T00:00:03.248+01:00|W9|1.0|0.35|0.21|0.35|0.73;0001-01-01T00:00:03.248+01:00|W10|1.6|-0.93|0.43|-0.93|0.90;0001-01-01T00:00:03.248+01:00|W11|0.6|0.13|0.05|0.13|0.57;0001-01-01T00:00:03.248+01:00|W12|0.6|-0.20|0.01|-0.20|0.29"
23.00;4.09;0001-01-01T00:00:03.2310000+01:00;23.55;0.10;-5.17;38.0;3.906;5.970;24.380;-27.084;19.486;-18.759;93.645;-30.086;98.364;"0001-01-01T00:00:03.248+01:00|W1|0.7|0.73|0.02|0.73|0.07;0001-01-01T00:00:03.248+01:00|W2|0.7|0.71|0.27|0.71|0.04;0001-01-01T00:00:03.248+01:00|W3|1.2|1.06|0.04|1.06|0.43;0001-01-01T00:00:03.248+01:00|W4|0.7|0.68|0.78|0.68|0.27;0001-01-01T00:00:03.248+01:00|W5|0.7|0.27|0.08|0.27|0.62;0001-01-01T00:00:03.248+01:00|W6|1.0|0.95|0.04|0.95|0.18;0001-01-01T00:00:03.248+01:00|W7|1.6|0.92|0.36|0.92|1.24;0001-01-01T00:00:03.248+01:00|W8|1.1|0.28|0.03|0.28|0.79;0001-01-01T00:00:03.248+01:00|W9|1.0|0.35|0.21|0.35|0.73;0001-01-01T00:00:03.248+01:00|W10|1.6|-0.93|0.43|-0.93|0.90;0001-01-01T00:00:03.248+01:00|W11|0.6|0.13|0.05|0.13|0.57;0001-01-01T00:00:03.248+01:00|W12|0.6|-0.20|0.01|-0.20|0.29"
24.00;4.15;0001-01-01T00:00:03.2680000+01:00;24.52;0.10;-5.49;37.3;3.601;5.558;25.038;-26.996;19.619;-18.019;93.501;-30.635;98.396;"0001-01-01T00:00:03.248+01:00|W1|0.7|0.73|0.02|0.73|0.07;0001-01-01T00:00:03.248+01:00|W2|0.7|0.71|0.27|0.71|0.04;0001-01-01T00:00:03.248+01:00|W3|1.2|1.06|0.04|1.06|0.43;0001-01-01T00:00:03.248+01:00|W4|0.7|0.68|0.78|0.68|0.27;0001-01-01T00:00:03.248+01:00|W5|0.7|0.27|0.08|0.27|0.62;0001-01-01T00:00:03.248+01:00|W6|1.0|0.95|0.04|0.95|0.18;0001-01-01T00:00:03.248+01:00|W7|1.6|0.92|0.36|0.92|1.24;0001-01-01T00:00:03.248+01:00|W8|1.1|0.28|0.03|0.28|0.79;0001-01-01T00:00:03.248+01:00|W9|1.0|0.35|0.21|0.35|0.73;0001-01-01T00:00:03.248+01:00|W10|1.6|-0.93|0.43|-0.93|0.90;0001-01-01T00:00:03.248+01:00|W11|0.6|0.13|0.05|0.13|0.57;0001-01-01T00:00:03.248+01:00|W12|0.6|-0.20|0.01|-0.20|0.29"
25.00;4.21;0001-01-01T00:00:03.3060000+01:00;25.49;0.10;-5.82;36.6;3.297;5.061;25.693;-26.757;19.752;-17.398;93.264;-31.069;98.306;"0001-01-01T00:00:03.248+01:00|W1|0.7|0.73|0.02|0.73|0.07;0001-01-01T00:00:03.248+01:00|W2|0.7|0.71|0.27|0.71|0.04;0001-01-01T00:00:03.248+01:00|W3|1.2|1.06|0.04|1.06|0.43;0001-01-01T00:00:03.248+01:00|W4|0.7|0.68|0.78|0.68|0.27;0001-01-01T00:00:03.248+01:00|W5|0.7|0.27|0.08|0.27|0.62;0001-01-01T00:00:03.248+01:00|W6|1.0|0.95|0.04|0.95|0.18;0001-01-01T00:00:03.248+01:00|W7|1.6|0.92|0.36|0.92|1.24;0001-01-01T00:00:03.248+01:00|W8|1.1|0.28|0.03|0.28|0.79;0001-01-01T00:00:03.248+01:00|W9|1.0|0.35|0.21|0.35|0.73;0001-01-01T00:00:03.248+01:00|W10|1.6|-0.93|0.43|-0.93|0.90;0001-01-01T00:00:03.248+01:00|W11|0.6|0.13|0.05|0.13|0.57;0001-01-01T00:00:03.248+01:00|W12|0.6|-0.20|0.01|-0.20|0.29"
26.00;4.28;0001-01-01T00:00:03.3430000+01:00;26.46;0.11;-6.14;36.2;2.994;4.462;26.348;-27.438;19.885;-16.888;93.092;-31.865;98.397;"0001-01-01T00:00:03.248+01:00|W1|0.7|0.73|0.02|0.73|0.07;0001-01-01T00:00:03.248+01:00|W2|0.7|0.71|0.27|0.71|0.04;0001-01-01T00:00:03.248+01:00|W3|1.2|1.06|0.04|1.06|0.43;0001-01-01T00:00:03.248+01:00|W4|0.7|0.68|0.78|0.68|0.27;0001-01-01T00:00:03.248+01:00|W5|0.7|0.27|0.08|0.27|0.62;0001-01-01T00:00:03.248+01:00|W6|1.0|0.95|0.04|0.95|0.18;0001-01-01T00:00:03.248+01:00|W7|1.6|0.92|0.36|0.92|1.24;0001-01-01T00:00:03.248+01:00|W8|1.1|0.28|0.03|0.28|0.79;0001-01-01T00:00:03.248+01:00|W9|1.0|0.35|0.21|0.35|0.73;0001-01-01T00:00:03.248+01:00|W10|1.6|-0.93|0.43|-0.93|0.90;0001-01-01T00:00:03.248+01:00|W11|0.6|0.13|0.05|0.13|0.57;0001-01-01T00:00:03.248+01:00|W12|0.6|-0.20|0.01|-0.20|0.29"
27.00;4.33;0001-01-01T00:00:03.3800000+01:00;27.42;0.11;-6.49;35.9;2.691;3.741;27.001;-28.105;20.017;-16.594;93.056;-32.669;98.626;"0001-01-01T00:00:03.501+01:00|W1|0.7|0.73|0.02|0.73|0.07;0001-01-01T00:00:03.501+01:00|W2|0.7|0.71|0.27|0.71|0.04;0001-01-01T00:00:03.501+01:00|W3|1.2|1.06|0.04|1.06|0.43;0001-01-01T00:00:03.501+01:00|W4|0.7|0.68|0.78|0.68|0.27;0001-01-01T00:00:03.501+01:00|W5|0.7|0.27|0.08|0.27|0.62;0001-01-01T00:00:03.501+01:00|W6|1.0|0.95|0.04|0.95|0.18;0001-01-01T00:00:03.501+01:00|W7|1.6|0.92|0.36|0.92|1.24;0001-01-01T00:00:03.501+01:00|W8|1.1|0.28|0.03|0.28|0.79;0001-01-01T00:00:03.501+01:00|W9|1.0|0.35|0.21|0.35|0.73;0001-01-01T00:00:03.501+01:00|W10|1.6|-0.93|0.43|-0.93|0.90;0001-01-01T00:00:03.501+01:00|W11|0.6|0.13|0.05|0.13|0.57;0001-01-01T00:00:03.501+01:00|W12|0.6|-0.20|0.01|-0.20|0.29"
28.00;4.38;0001-01-01T00:00:03.4170000+01:00;28.37;0.12;-6.84;35.6;2.389;3.001;27.652;-28.770;20.149;-16.338;93.044;-33.473;98.884;"0001-01-01T00:00:03.501+01:00|W1|0.7|0.73|0.02|0.73|0.07;0001-01-01T00:00:03.501+01:00|W2|0.7|0.71|0.27|0.71|0.04;0001-01-01T00:00:03.501+01:00|W3|1.2|1.06|0.04|1.06|0.43;0001-01-01T00:00:03.501+01:00|W4|0.7|0.68|0.78|0.68|0.27;0001-01-01T00:00:03.501+01:00|W5|0.7|0.27|0.08|0.27|0.62;0001-01-01T00:00:03.501+01:00|W6|1.0|0.95|0.04|0.95|0.18;0001-01-01T00:00:03.501+01:00|W7|1.6|0.92|0.36|0.92|1.24;0001-01-01T00:00:03.501+01:00|W8|1.1|0.28|0.03|0.28|0.79;0001-01-01T00:00:03.501+01:00|W9|1.0|0.35|0.21|0.35|0.73;0001-01-01T00:00:03.501+01:00|W10|1.6|-0.93|0.43|-0.93|0.90;0001-01-01T00:00:03.501+01:00|W11|0.6|0.13|0.05|0.13|0.57;0001-01-01T00:00:03.501+01:00|W12|0.6|-0.20|0.01|-0.20|0.29"
29.00;4.43;0001-01-01T00:00:03.4530000+01:00;29.33;0.12;-7.19;35.4;2.087;2.268;28.303;-29.339;20.281;-16.111;93.028;-34.272;99.142;"0001-01-01T00:00:03.501+01:00|W1|0.7|0.73|0.02|0.73|0.07;0001-01-01T00:00:03.501+01:00|W2|0.7|0.71|0.27|0.71|0.04;0001-01-01T00:00:03.501+01:00|W3|1.2|1.06|0.04|1.06|0.43;0001-01-01T00:00:03.501+01:00|W4|0.7|0.68|0.78|0.68|0.27;0001-01-01T00:00:03.501+01:00|W5|0.7|0.27|0.08|0.27|0.62;0001-01-01T00:00:03.501+01:00|W6|1.0|0.95|0.04|0.95|0.18;0001-01-01T00:00:03.501+01:00|W7|1.6|0.92|0.36|0.92|1.24;0001-01-01T00:00:03.501+01:00|W8|1.1|0.28|0.03|0.28|0.79;0001-01-01T00:00:03.501+01:00|W9|1.0|0.35|0.21|0.35|0.73;0001-01-01T00:00:03.501+01:00|W10|1.6|-0.93|0.43|-0.93|0.90;0001-01-01T00:00:03.501+01:00|W11|0.6|0.13|0.05|0.13|0.57;0001-01-01T00:00:03.501+01:00|W12|0.6|-0.20|0.01|-0.20|0.29"
30.00;4.48;0001-01-01T00:00:03.4900000+01:00;30.28;0.12;-7.54;35.4;1.787;1.580;28.951;-29.354;20.412;-16.053;92.990;-35.032;99.372;"0001-01-01T00:00:03.501+01:00|W1|0.7|0.73|0.02|0.73|0.07;0001-01-01T00:00:03.501+01:00|W2|0.7|0.71|0.27|0.71|0.04;0001-01-01T00:00:03.501+01:00|W3|1.2|1.06|0.04|1.06|0.43;0001-01-01T00:00:03.501+01:00|W4|0.7|0.68|0.78|0.68|0.27;0001-01-01T00:00:03.501+01:00|W5|0.7|0.27|0.08|0.27|0.62;0001-01-01T00:00:03.501+01:00|W6|1.0|0.95|0.04|0.95|0.18;0001-01-01T00:00:03.501+01:00|W7|1.6|0.92|0.36|0.92|1.24;0001-01-01T00:00:03.501+01:00|W8|1.1|0.28|0.03|0.28|0.79;0001-01-01T00:00:03.501+01:00|W9|1.0|0.35|0.21|0.35|0.73;0001-01-01T00:00:03.501+01:00|W10|1.6|-0.93|0.43|-0.93|0.90;0001-01-01T00:00:03.501+01:00|W11|0.6|0.13|0.05|0.13|0.57;0001-01-01T00:00:03.501+01:00|W12|0.6|-0.20|0.01|-0.20|0.29"
31.00;4.53;0001-01-01T00:00:03.5270000+01:00;31.23;0.15;-7.89;36.0;1.483;1.063;29.606;-29.707;20.545;-15.966;93.271;-36.123;100.024;"0001-01-01T00:00:03.501+01:00|W1|0.7|0.73|0.02|0.73|0.07;0001-01-01T00:00:03.501+01:00|W2|0.7|0.71|0.27|0.71|0.04;0001-01-01T00:00:03.501+01:00|W3|1.2|1.06|0.04|1.06|0.43;0001-01-01T00:00:03.501+01:00|W4|0.7|0.68|0.78|0.68|0.27;0001-01-01T00:00:03.501+01:00|W5|0.7|0.27|0.08|0.27|0.62;0001-01-01T00:00:03.501+01:00|W6|1.0|0.95|0.04|0.95|0.18;0001-01-01T00:00:03.501+01:00|W7|1.6|0.92|0.36|0.92|1.24;0001-01-01T00:00:03.501+01:00|W8|1.1|0.28|0.03|0.28|0.79;0001-01-01T00:00:03.501+01:00|W9|1.0|0.35|0.21|0.35|0.73;0001-01-01T00:00:03.501+01:00|W10|1.6|-0.93|0.43|-0.93|0.90;0001-01-01T00:00:03.501+01:00|W11|0.6|0.13|0.05|0.13|0.57;0001-01-01T00:00:03.501+01:00|W12|0.6|-0.20|0.01|-0.20|0.29"
32.00;4.58;0001-01-01T00:00:03.5640000+01:00;32.18;0.17;-8.25;36.5;1.287;0.732;29.978;-30.028;20.500;-15.837;93.472;-37.080;100.560;"0001-01-01T00:00:03.501+01:00|W1|0.7|0.73|0.02|0.73|0.07;0001-01-01T00:00:03.501+01:00|W2|0.7|0.71|0.27|0.71|0.04;0001-01-01T00:00:03.501+01:00|W3|1.2|1.06|0.04|1.06|0.43;0001-01-01T00:00:03.501+01:00|W4|0.7|0.68|0.78|0.68|0.27;0001-01-01T00:00:03.501+01:00|W5|0.7|0.27|0.08|0.27|0.62;0001-01-01T00:00:03.501+01:00|W6|1.0|0.95|0.04|0.95|0.18;0001-01-01T00:00:03.501+01:00|W7|1.6|0.92|0.36|0.92|1.24;0001-01-01T00:00:03.501+01:00|W8|1.1|0.28|0.03|0.28|0.79;0001-01-01T00:00:03.501+01:00|W9|1.0|0.35|0.21|0.35|0.73;0001-01-01T00:00:03.501+01:00|W10|1.6|-0.93|0.43|-0.93|0.90;0001-01-01T00:00:03.501+01:00|W11|0.6|0.13|0.05|0.13|0.57;0001-01-01T00:00:03.501+01:00|W12|0.6|-0.20|0.01|-0.20|0.29"
33.00;4.62;0001-01-01T00:00:03.6000000+01:00;33.12;0.18;-8.63;36.3;1.227;0.589;29.988;-30.193;20.228;-15.666;93.458;-37.751;100.798;"0001-01-01T00:00:03.501+01:00|W1|0.7|0.73|0.02|0.73|0.07;0001-01-01T00:00:03.501+01:00|W2|0.7|0.71|0.27|0.71|0.04;0001-01-01T00:00:03.501+01:00|W3|1.2|1.06|0.04|1.06|0.43;0001-01-01T00:00:03.501+01:00|W4|0.7|0.68|0.78|0.68|0.27;0001-01-01T00:00:03.501+01:00|W5|0.7|0.27|0.08|0.27|0.62;0001-01-01T00:00:03.501+01:00|W6|1.0|0.95|0.04|0.95|0.18;0001-01-01T00:00:03.501+01:00|W7|1.6|0.92|0.36|0.92|1.24;0001-01-01T00:00:03.501+01:00|W8|1.1|0.28|0.03|0.28|0.79;0001-01-01T00:00:03.501+01:00|W9|1.0|0.35|0.21|0.35|0.73;0001-01-01T00:00:03.501+01:00|W10|1.6|-0.93|0.43|-0.93|0.90;0001-01-01T00:00:03.501+01:00|W11|0.6|0.13|0.05|0.13|0.57;0001-01-01T00:00:03.501+01:00|W12|0.6|-0.20|0.01|-0.20|0.29"
34.00;4.64;0001-01-01T00:00:03.6360000+01:00;34.05;0.19;-9.02;36.1;1.168;0.592;29.998;-30.405;19.956;-15.507;93.420;-38.397;101.007;"0001-01-01T00:00:03.748+01:00|W1|0.7|0.70|0.04|0.70|0.10;0001-01-01T00:00:03.748+01:00|W2|0.8|0.77|0.18|0.77|0.08;0001-01-01T00:00:03.748+01:00|W3|1.2|1.05|0.04|1.05|0.50;0001-01-01T00:00:03.748+01:00|W4|0.7|0.63|0.72|0.63|0.29;0001-01-01T00:00:03.748+01:00|W5|0.6|0.23|0.02|0.23|0.51;0001-01-01T00:00:03.748+01:00|W6|0.9|0.84|0.15|0.84|0.24;0001-01-01T00:00:03.748+01:00|W7|1.6|0.89|0.29|0.89|1.30;0001-01-01T00:00:03.748+01:00|W8|1.0|0.06|0.14|0.06|0.79;0001-01-01T00:00:03.748+01:00|W9|0.9|0.33|0.16|0.33|0.68;0001-01-01T00:00:03.748+01:00|W10|1.7|-0.96|0.48|-0.96|1.02;0001-01-01T00:00:03.748+01:00|W11|0.6|0.13|0.04|0.13|0.58;0001-01-01T00:00:03.748+01:00|W12|0.6|-0.27|0.01|-0.27|0.23"
35.00;4.66;0001-01-01T00:00:03.6720000+01:00;34.98;0.20;-9.40;36.0;1.109;0.584;30.009;-30.654;19.686;-15.418;93.383;-39.142;101.259;"0001-01-01T00:00:03.748+01:00|W1|0.7|0.70|0.04|0.70|0.10;0001-01-01T00:00:03.748+01:00|W2|0.8|0.77|0.18|0.77|0.08;0001-01-01T00:00:03.748+01:00|W3|1.2|1.05|0.04|1.05|0.50;0001-01-01T00:00:03.748+01:00|W4|0.7|0.63|0.72|0.63|0.29;0001-01-01T00:00:03.748+01:00|W5|0.6|0.23|0.02|0.23|0.51;0001-01-01T00:00:03.748+01:00|W6|0.9|0.84|0.15|0.84|0.24;0001-01-01T00:00:03.748+01:00|W7|1.6|0.89|0.29|0.89|1.30;0001-01-01T00:00:03.748+01:00|W8|1.0|0.06|0.14|0.06|0.79;0001-01-01T00:00:03.748+01:00|W9|0.9|0.33|0.16|0.33|0.68;0001-01-01T00:00:03.748+01:00|W10|1.7|-0.96|0.48|-0.96|1.02;0001-01-01T00:00:03.748+01:00|W11|0.6|0.13|0.04|0.13|0.58;0001-01-01T00:00:03.748+01:00|W12|0.6|-0.27|0.01|-0.27|0.23"
36.00;4.67;0001-01-01T00:00:03.7080000+01:00;35.91;0.21;-9.80;36.0;1.050;0.497;30.019;-30.787;19.418;-15.397;93.352;-39.949;101.546;"0001-01-01T00:00:03.748+01:00|W1|0.7|0.70|0.04|0.70|0.10;0001-01-01T00:00:03.748+01:00|W2|0.8|0.77|0.18|0.77|0.08;0001-01-01T00:00:03.748+01:00|W3|1.2|1.05|0.04|1.05|0.50;0001-01-01T00:00:03.748+01:00|W4|0.7|0.63|0.72|0.63|0.29;0001-01-01T00:00:03.748+01:00|W5|0.6|0.23|0.02|0.23|0.51;0001-01-01T00:00:03.748+01:00|W6|0.9|0.84|0.15|0.84|0.24;0001-01-01T00:00:03.748+01:00|W7|1.6|0.89|0.29|0.89|1.30;0001-01-01T00:00:03.748+01:00|W8|1.0|0.06|0.14|0.06|0.79;0001-01-01T00:00:03.748+01:00|W9|0.9|0.33|0.16|0.33|0.68;0001-01-01T00:00:03.748+01:00|W10|1.7|-0.96|0.48|-0.96|1.02;0001-01-01T00:00:03.748+01:00|W11|0.6|0.13|0.04|0.13|0.58;0001-01-01T00:00:03.748+01:00|W12|0.6|-0.27|0.01|-0.27|0.23"
37.00;4.68;0001-01-01T00:00:03.7440000+01:00;36.84;0.21;-10.19;36.1;0.991;0.221;30.029;-30.576;19.149;-15.465;93.340;-40.794;101.871;"0001-01-01T00:00:03.748+01:00|W1|0.7|0.70|0.04|0.70|0.10;0001-01-01T00:00:03.748+01:00|W2|0.8|0.77|0.18|0.77|0.08;0001-01-01T00:00:03.748+01:00|W3|1.2|1.05|0.04|1.05|0.50;0001-01-01T00:00:03.748+01:00|W4|0.7|0.63|0.72|0.63|0.29;0001-01-01T00:00:03.748+01:00|W5|0.6|0.23|0.02|0.23|0.51;0001-01-01T00:00:03.748+01:00|W6|0.9|0.84|0.15|0.84|0.24;0001-01-01T00:00:03.748+01:00|W7|1.6|0.89|0.29|0.89|1.30;0001-01-01T00:00:03.748+01:00|W8|1.0|0.06|0.14|0.06|0.79;0001-01-01T00:00:03.748+01:00|W9|0.9|0.33|0.16|0.33|0.68;0001-01-01T00:00:03.748+01:00|W10|1.7|-0.96|0.48|-0.96|1.02;0001-01-01T00:00:03.748+01:00|W11|0.6|0.13|0.04|0.13|0.58;0001-01-01T00:00:03.748+01:00|W12|0.6|-0.27|0.01|-0.27|0.23"
38.00;4.69;0001-01-01T00:00:03.7790000+01:00;37.75;0.23;-10.60;36.1;0.933;-0.198;30.039;-30.724;18.883;-15.474;93.329;-41.471;102.133;"0001-01-01T00:00:03.748+01:00|W1|0.7|0.70|0.04|0.70|0.10;0001-01-01T00:00:03.748+01:00|W2|0.8|0.77|0.18|0.77|0.08;0001-01-01T00:00:03.748+01:00|W3|1.2|1.05|0.04|1.05|0.50;0001-01-01T00:00:03.748+01:00|W4|0.7|0.63|0.72|0.63|0.29;0001-01-01T00:00:03.748+01:00|W5|0.6|0.23|0.02|0.23|0.51;0001-01-01T00:00:03.748+01:00|W6|0.9|0.84|0.15|0.84|0.24;0001-01-01T00:00:03.748+01:00|W7|1.6|0.89|0.29|0.89|1.30;0001-01-01T00:00:03.748+01:00|W8|1.0|0.06|0.14|0.06|0.79;0001-01-01T00:00:03.748+01:00|W9|0.9|0.33|0.16|0.33|0.68;0001-01-01T00:00:03.748+01:00|W10|1.7|-0.96|0.48|-0.96|1.02;0001-01-01T00:00:03.748+01:00|W11|0.6|0.13|0.04|0.13|0.58;0001-01-01T00:00:03.748+01:00|W12|0.6|-0.27|0.01|-0.27|0.23"
39.00;4.68;0001-01-01T00:00:03.8140000+01:00;38.67;0.24;-11.01;36.0;0.875;-0.636;30.049;-31.201;18.618;-15.418;93.353;-42.091;102.407;"0001-01-01T00:00:03.748+01:00|W1|0.7|0.70|0.04|0.70|0.10;0001-01-01T00:00:03.748+01:00|W2|0.8|0.77|0.18|0.77|0.08;0001-01-01T00:00:03.748+01:00|W3|1.2|1.05|0.04|1.05|0.50;0001-01-01T00:00:03.748+01:00|W4|0.7|0.63|0.72|0.63|0.29;0001-01-01T00:00:03.748+01:00|W5|0.6|0.23|0.02|0.23|0.51;0001-01-01T00:00:03.748+01:00|W6|0.9|0.84|0.15|0.84|0.24;0001-01-01T00:00:03.748+01:00|W7|1.6|0.89|0.29|0.89|1.30;0001-01-01T00:00:03.748+01:00|W8|1.0|0.06|0.14|0.06|0.79;0001-01-01T00:00:03.748+01:00|W9|0.9|0.33|0.16|0.33|0.68;0001-01-01T00:00:03.748+01:00|W10|1.7|-0.96|0.48|-0.96|1.02;0001-01-01T00:00:03.748+01:00|W11|0.6|0.13|0.04|0.13|0.58;0001-01-01T00:00:03.748+01:00|W12|0.6|-0.27|0.01|-0.27|0.23"
40.00;4.67;0001-01-01T00:00:03.8500000+01:00;39.58;0.24;-11.42;35.9;0.817;-1.052;30.059;-31.992;18.353;-15.289;93.421;-42.675;102.710;"0001-01-01T00:00:03.748+01:00|W1|0.7|0.70|0.04|0.70|0.10;0001-01-01T00:00:03.748+01:00|W2|0.8|0.77|0.18|0.77|0.08;0001-01-01T00:00:03.748+01:00|W3|1.2|1.05|0.04|1.05|0.50;0001-01-01T00:00:03.748+01:00|W4|0.7|0.63|0.72|0.63|0.29;0001-01-01T00:00:03.748+01:00|W5|0.6|0.23|0.02|0.23|0.51;0001-01-01T00:00:03.748+01:00|W6|0.9|0.84|0.15|0.84|0.24;0001-01-01T00:00:03.748+01:00|W7|1.6|0.89|0.29|0.89|1.30;0001-01-01T00:00:03.748+01:00|W8|1.0|0.06|0.14|0.06|0.79;0001-01-01T00:00:03.748+01:00|W9|0.9|0.33|0.16|0.33|0.68;0001-01-01T00:00:03.748+01:00|W10|1.7|-0.96|0.48|-0.96|1.02;0001-01-01T00:00:03.748+01:00|W11|0.6|0.13|0.04|0.13|0.58;0001-01-01T00:00:03.748+01:00|W12|0.6|-0.27|0.01|-0.27|0.23"
41.00;4.64;0001-01-01T00:00:03.8850000+01:00;40.49;0.26;-11.85;35.6;0.760;-1.072;30.069;-32.606;18.090;-15.004;93.561;-43.350;103.121;"0001-01-01T00:00:03.997+01:00|W1|0.7|0.69|0.04|0.69|0.11;0001-01-01T00:00:03.997+01:00|W2|0.9|0.83|0.09|0.83|0.05;0001-01-01T00:00:03.997+01:00|W3|1.2|1.04|0.05|1.04|0.53;0001-01-01T00:00:03.997+01:00|W4|0.7|0.64|0.66|0.64|0.28;0001-01-01T00:00:03.997+01:00|W5|0.6|0.27|0.04|0.27|0.47;0001-01-01T00:00:03.997+01:00|W6|0.7|0.64|0.33|0.64|0.15;0001-01-01T00:00:03.997+01:00|W7|1.5|0.87|0.30|0.87|1.27;0001-01-01T00:00:03.997+01:00|W8|1.0|0.10|0.16|0.10|0.78;0001-01-01T00:00:03.997+01:00|W9|0.9|0.33|0.13|0.33|0.65;0001-01-01T00:00:03.997+01:00|W10|1.8|-0.99|0.54|-0.99|1.13;0001-01-01T00:00:03.997+01:00|W11|0.6|0.14|0.03|0.14|0.57;0001-01-01T00:00:03.997+01:00|W12|0.5|-0.26|0.01|-0.26|0.18"
42.00;4.62;0001-01-01T00:00:03.9200000+01:00;41.39;0.27;-12.27;35.4;0.703;-0.964;30.079;-32.603;17.828;-14.753;93.653;-44.021;103.490;"0001-01-01T00:00:03.997+01:00|W1|0.7|0.69|0.04|0.69|0.11;0001-01-01T00:00:03.997+01:00|W2|0.9|0.83|0.09|0.83|0.05;0001-01-01T00:00:03.997+01:00|W3|1.2|1.04|0.05|1.04|0.53;0001-01-01T00:00:03.997+01:00|W4|0.7|0.64|0.66|0.64|0.28;0001-01-01T00:00:03.997+01:00|W5|0.6|0.27|0.04|0.27|0.47;0001-01-01T00:00:03.997+01:00|W6|0.7|0.64|0.33|0.64|0.15;0001-01-01T00:00:03.997+01:00|W7|1.5|0.87|0.30|0.87|1.27;0001-01-01T00:00:03.997+01:00|W8|1.0|0.10|0.16|0.10|0.78;0001-01-01T00:00:03.997+01:00|W9|0.9|0.33|0.13|0.33|0.65;0001-01-01T00:00:03.997+01:00|W10|1.8|-0.99|0.54|-0.99|1.13;0001-01-01T00:00:03.997+01:00|W11|0.6|0.14|0.03|0.14|0.57;0001-01-01T00:00:03.997+01:00|W12|0.5|-0.26|0.01|-0.26|0.18"
43.00;4.59;0001-01-01T00:00:03.9540000+01:00;42.30;0.27;-12.69;35.1;0.646;-0.745;30.089;-32.325;17.567;-14.506;93.703;-44.641;103.800;"0001-01-01T00:00:03.997+01:00|W1|0.7|0.69|0.04|0.69|0.11;0001-01-01T00:00:03.997+01:00|W2|0.9|0.83|0.09|0.83|0.05;0001-01-01T00:00:03.997+01:00|W3|1.2|1.04|0.05|1.04|0.53;0001-01-01T00:00:03.997+01:00|W4|0.7|0.64|0.66|0.64|0.28;0001-01-01T00:00:03.997+01:00|W5|0.6|0.27|0.04|0.27|0.47;0001-01-01T00:00:03.997+01:00|W6|0.7|0.64|0.33|0.64|0.15;0001-01-01T00:00:03.997+01:00|W7|1.5|0.87|0.30|0.87|1.27;0001-01-01T00:00:03.997+01:00|W8|1.0|0.10|0.16|0.10|0.78;0001-01-01T00:00:03.997+01:00|W9|0.9|0.33|0.13|0.33|0.65;0001-01-01T00:00:03.997+01:00|W10|1.8|-0.99|0.54|-0.99|1.13;0001-01-01T00:00:03.997+01:00|W11|0.6|0.14|0.03|0.14|0.57;0001-01-01T00:00:03.997+01:00|W12|0.5|-0.26|0.01|-0.26|0.18"
44.00;4.55;0001-01-01T00:00:03.9890000+01:00;43.19;0.29;-13.13;34.8;0.589;-0.381;30.099;-32.509;17.307;-14.192;93.691;-45.035;103.962;"0001-01-01T00:00:03.997+01:00|W1|0.7|0.69|0.04|0.69|0.11;0001-01-01T00:00:03.997+01:00|W2|0.9|0.83|0.09|0.83|0.05;0001-01-01T00:00:03.997+01:00|W3|1.2|1.04|0.05|1.04|0.53;0001-01-01T00:00:03.997+01:00|W4|0.7|0.64|0.66|0.64|0.28;0001-01-01T00:00:03.997+01:00|W5|0.6|0.27|0.04|0.27|0.47;0001-01-01T00:00:03.997+01:00|W6|0.7|0.64|0.33|0.64|0.15;0001-01-01T00:00:03.997+01:00|W7|1.5|0.87|0.30|0.87|1.27;0001-01-01T00:00:03.997+01:00|W8|1.0|0.10|0.16|0.10|0.78;0001-01-01T00:00:03.997+01:00|W9|0.9|0.33|0.13|0.33|0.65;0001-01-01T00:00:03.997+01:00|W10|1.8|-0.99|0.54|-0.99|1.13;0001-01-01T00:00:03.997+01:00|W11|0.6|0.14|0.03|0.14|0.57;0001-01-01T00:00:03.997+01:00|W12|0.5|-0.26|0.01|-0.26|0.18"
45.00;4.51;0001-01-01T00:00:04.0230000+01:00;44.09;0.29;-13.56;32.7;0.532;-0.088;30.108;-32.187;17.049;-13.941;93.582;-45.498;104.065;"0001-01-01T00:00:03.997+01:00|W1|0.7|0.69|0.04|0.69|0.11;0001-01-01T00:00:03.997+01:00|W2|0.9|0.83|0.09|0.83|0.05;0001-01-01T00:00:03.997+01:00|W3|1.2|1.04|0.05|1.04|0.53;0001-01-01T00:00:03.997+01:00|W4|0.7|0.64|0.66|0.64|0.28;0001-01-01T00:00:03.997+01:00|W5|0.6|0.27|0.04|0.27|0.47;0001-01-01T00:00:03.997+01:00|W6|0.7|0.64|0.33|0.64|0.15;0001-01-01T00:00:03.997+01:00|W7|1.5|0.87|0.30|0.87|1.27;0001-01-01T00:00:03.997+01:00|W8|1.0|0.10|0.16|0.10|0.78;0001-01-01T00:00:03.997+01:00|W9|0.9|0.33|0.13|0.33|0.65;0001-01-01T00:00:03.997+01:00|W10|1.8|-0.99|0.54|-0.99|1.13;0001-01-01T00:00:03.997+01:00|W11|0.6|0.14|0.03|0.14|0.57;0001-01-01T00:00:03.997+01:00|W12|0.5|-0.26|0.01|-0.26|0.18"
46.00;4.47;0001-01-01T00:00:04.0570000+01:00;44.99;0.30;-14.00;30.6;0.514;0.137;30.157;-31.996;16.840;-13.714;93.482;-45.952;104.172;"0001-01-01T00:00:03.997+01:00|W1|0.7|0.69|0.04|0.69|0.11;0001-01-01T00:00:03.997+01:00|W2|0.9|0.83|0.09|0.83|0.05;0001-01-01T00:00:03.997+01:00|W3|1.2|1.04|0.05|1.04|0.53;0001-01-01T00:00:03.997+01:00|W4|0.7|0.64|0.66|0.64|0.28;0001-01-01T00:00:03.997+01:00|W5|0.6|0.27|0.04|0.27|0.47;0001-01-01T00:00:03.997+01:00|W6|0.7|0.64|0.33|0.64|0.15;0001-01-01T00:00:03.997+01:00|W7|1.5|0.87|0.30|0.87|1.27;0001-01-01T00:00:03.997+01:00|W8|1.0|0.10|0.16|0.10|0.78;0001-01-01T00:00:03.997+01:00|W9|0.9|0.33|0.13|0.33|0.65;0001-01-01T00:00:03.997+01:00|W10|1.8|-0.99|0.54|-0.99|1.13;0001-01-01T00:00:03.997+01:00|W11|0.6|0.14|0.03|0.14|0.57;0001-01-01T00:00:03.997+01:00|W12|0.5|-0.26|0.01|-0.26|0.18"
47.00;4.42;0001-01-01T00:00:04.0920000+01:00;45.88;0.31;-14.44;30.2;0.597;0.246;30.307;-32.630;16.757;-13.489;93.494;-46.315;104.344;"0001-01-01T00:00:03.997+01:00|W1|0.7|0.69|0.04|0.69|0.11;0001-01-01T00:00:03.997+01:00|W2|0.9|0.83|0.09|0.83|0.05;0001-01-01T00:00:03.997+01:00|W3|1.2|1.04|0.05|1.04|0.53;0001-01-01T00:00:03.997+01:00|W4|0.7|0.64|0.66|0.64|0.28;0001-01-01T00:00:03.997+01:00|W5|0.6|0.27|0.04|0.27|0.47;0001-01-01T00:00:03.997+01:00|W6|0.7|0.64|0.33|0.64|0.15;0001-01-01T00:00:03.997+01:00|W7|1.5|0.87|0.30|0.87|1.27;0001-01-01T00:00:03.997+01:00|W8|1.0|0.10|0.16|0.10|0.78;0001-01-01T00:00:03.997+01:00|W9|0.9|0.33|0.13|0.33|0.65;0001-01-01T00:00:03.997+01:00|W10|1.8|-0.99|0.54|-0.99|1.13;0001-01-01T00:00:03.997+01:00|W11|0.6|0.14|0.03|0.14|0.57;0001-01-01T00:00:03.997+01:00|W12|0.5|-0.26|0.01|-0.26|0.18"
48.00;4.37;0001-01-01T00:00:04.1270000+01:00;46.78;0.32;-14.89;30.2;0.594;0.100;30.844;-33.043;16.621;-13.418;93.487;-46.953;104.622;"0001-01-01T00:00:04.249+01:00|W1|0.7|0.67|0.06|0.67|0.15;0001-01-01T00:00:04.249+01:00|W2|0.9|0.86|0.02|0.86|0.00;0001-01-01T00:00:04.249+01:00|W3|1.3|1.06|0.08|1.06|0.58;0001-01-01T00:00:04.249+01:00|W4|0.7|0.65|0.58|0.65|0.31;0001-01-01T00:00:04.249+01:00|W5|0.8|0.21|0.14|0.21|0.75;0001-01-01T00:00:04.249+01:00|W6|0.6|0.58|0.37|0.58|0.14;0001-01-01T00:00:04.249+01:00|W7|1.5|0.90|0.33|0.90|1.19;0001-01-01T00:00:04.249+01:00|W8|1.0|0.19|0.07|0.19|0.89;0001-01-01T00:00:04.249+01:00|W9|0.8|0.28|0.00|0.28|0.65;0001-01-01T00:00:04.249+01:00|W10|1.9|-0.99|0.52|-0.99|1.10;0001-01-01T00:00:04.249+01:00|W11|0.6|0.15|0.02|0.15|0.57;0001-01-01T00:00:04.249+01:00|W12|0.5|-0.24|0.04|-0.24|0.13"
49.00;4.31;0001-01-01T00:00:04.1610000+01:00;47.69;0.33;-15.35;30.1;0.572;-0.172;31.465;-33.302;16.473;-13.399;93.514;-47.572;104.926;"0001-01-01T00:00:04.249+01:00|W1|0.7|0.67|0.06|0.67|0.15;0001-01-01T00:00:04.249+01:00|W2|0.9|0.86|0.02|0.86|0.00;0001-01-01T00:00:04.249+01:00|W3|1.3|1.06|0.08|1.06|0.58;0001-01-01T00:00:04.249+01:00|W4|0.7|0.65|0.58|0.65|0.31;0001-01-01T00:00:04.249+01:00|W5|0.8|0.21|0.14|0.21|0.75;0001-01-01T00:00:04.249+01:00|W6|0.6|0.58|0.37|0.58|0.14;0001-01-01T00:00:04.249+01:00|W7|1.5|0.90|0.33|0.90|1.19;0001-01-01T00:00:04.249+01:00|W8|1.0|0.19|0.07|0.19|0.89;0001-01-01T00:00:04.249+01:00|W9|0.8|0.28|0.00|0.28|0.65;0001-01-01T00:00:04.249+01:00|W10|1.9|-0.99|0.52|-0.99|1.10;0001-01-01T00:00:04.249+01:00|W11|0.6|0.15|0.02|0.15|0.57;0001-01-01T00:00:04.249+01:00|W12|0.5|-0.24|0.04|-0.24|0.13"
50.00;4.25;0001-01-01T00:00:04.1960000+01:00;48.59;0.34;-15.82;30.2;0.551;-0.553;32.084;-33.390;16.326;-13.408;93.603;-48.067;105.232;"0001-01-01T00:00:04.249+01:00|W1|0.7|0.67|0.06|0.67|0.15;0001-01-01T00:00:04.249+01:00|W2|0.9|0.86|0.02|0.86|0.00;0001-01-01T00:00:04.249+01:00|W3|1.3|1.06|0.08|1.06|0.58;0001-01-01T00:00:04.249+01:00|W4|0.7|0.65|0.58|0.65|0.31;0001-01-01T00:00:04.249+01:00|W5|0.8|0.21|0.14|0.21|0.75;0001-01-01T00:00:04.249+01:00|W6|0.6|0.58|0.37|0.58|0.14;0001-01-01T00:00:04.249+01:00|W7|1.5|0.90|0.33|0.90|1.19;0001-01-01T00:00:04.249+01:00|W8|1.0|0.19|0.07|0.19|0.89;0001-01-01T00:00:04.249+01:00|W9|0.8|0.28|0.00|0.28|0.65;0001-01-01T00:00:04.249+01:00|W10|1.9|-0.99|0.52|-0.99|1.10;0001-01-01T00:00:04.249+01:00|W11|0.6|0.15|0.02|0.15|0.57;0001-01-01T00:00:04.249+01:00|W12|0.5|-0.24|0.04|-0.24|0.13"
51.00;4.21;0001-01-01T00:00:04.2310000+01:00;49.49;0.36;-16.28;29.8;0.530;-1.205;32.704;-32.996;16.179;-13.437;93.522;-48.650;105.427;"0001-01-01T00:00:04.249+01:00|W1|0.7|0.67|0.06|0.67|0.15;0001-01-01T00:00:04.249+01:00|W2|0.9|0.86|0.02|0.86|0.00;0001-01-01T00:00:04.249+01:00|W3|1.3|1.06|0.08|1.06|0.58;0001-01-01T00:00:04.249+01:00|W4|0.7|0.65|0.58|0.65|0.31;0001-01-01T00:00:04.249+01:00|W5|0.8|0.21|0.14|0.21|0.75;0001-01-01T00:00:04.249+01:00|W6|0.6|0.58|0.37|0.58|0.14;0001-01-01T00:00:04.249+01:00|W7|1.5|0.90|0.33|0.90|1.19;0001-01-01T00:00:04.249+01:00|W8|1.0|0.19|0.07|0.19|0.89;0001-01-01T00:00:04.249+01:00|W9|0.8|0.28|0.00|0.28|0.65;0001-01-01T00:00:04.249+01:00|W10|1.9|-0.99|0.52|-0.99|1.10;0001-01-01T00:00:04.249+01:00|W11|0.6|0.15|0.02|0.15|0.57;0001-01-01T00:00:04.249+01:00|W12|0.5|-0.24|0.04|-0.24|0.13"
52.00;4.16;0001-01-01T00:00:04.2660000+01:00;50.39;0.37;-16.74;29.4;0.349;-1.912;32.850;-32.875;16.023;-13.382;93.510;-49.245;105.692;"0001-01-01T00:00:04.249+01:00|W1|0.7|0.67|0.06|0.67|0.15;0001-01-01T00:00:04.249+01:00|W2|0.9|0.86|0.02|0.86|0.00;0001-01-01T00:00:04.249+01:00|W3|1.3|1.06|0.08|1.06|0.58;0001-01-01T00:00:04.249+01:00|W4|0.7|0.65|0.58|0.65|0.31;0001-01-01T00:00:04.249+01:00|W5|0.8|0.21|0.14|0.21|0.75;0001-01-01T00:00:04.249+01:00|W6|0.6|0.58|0.37|0.58|0.14;0001-01-01T00:00:04.249+01:00|W7|1.5|0.90|0.33|0.90|1.19;0001-01-01T00:00:04.249+01:00|W8|1.0|0.19|0.07|0.19|0.89;0001-01-01T00:00:04.249+01:00|W9|0.8|0.28|0.00|0.28|0.65;0001-01-01T00:00:04.249+01:00|W10|1.9|-0.99|0.52|-0.99|1.10;0001-01-01T00:00:04.249+01:00|W11|0.6|0.15|0.02|0.15|0.57;0001-01-01T00:00:04.249+01:00|W12|0.5|-0.24|0.04|-0.24|0.13"
53.00;4.10;0001-01-01T00:00:04.3000000+01:00;51.29;0.38;-17.21;29.1;0.007;-2.658;32.554;-33.024;15.856;-13.245;93.572;-49.840;106.025;"0001-01-01T00:00:04.249+01:00|W1|0.7|0.67|0.06|0.67|0.15;0001-01-01T00:00:04.249+01:00|W2|0.9|0.86|0.02|0.86|0.00;0001-01-01T00:00:04.249+01:00|W3|1.3|1.06|0.08|1.06|0.58;0001-01-01T00:00:04.249+01:00|W4|0.7|0.65|0.58|0.65|0.31;0001-01-01T00:00:04.249+01:00|W5|0.8|0.21|0.14|0.21|0.75;0001-01-01T00:00:04.249+01:00|W6|0.6|0.58|0.37|0.58|0.14;0001-01-01T00:00:04.249+01:00|W7|1.5|0.90|0.33|0.90|1.19;0001-01-01T00:00:04.249+01:00|W8|1.0|0.19|0.07|0.19|0.89;0001-01-01T00:00:04.249+01:00|W9|0.8|0.28|0.00|0.28|0.65;0001-01-01T00:00:04.249+01:00|W10|1.9|-0.99|0.52|-0.99|1.10;0001-01-01T00:00:04.249+01:00|W11|0.6|0.15|0.02|0.15|0.57;0001-01-01T00:00:04.249+01:00|W12|0.5|-0.24|0.04|-0.24|0.13"
54.00;4.04;0001-01-01T00:00:04.3350000+01:00;52.19;0.39;-17.69;28.7;-0.463;-3.401;32.488;-32.898;15.668;-13.070;93.621;-50.314;106.293;"0001-01-01T00:00:04.249+01:00|W1|0.7|0.67|0.06|0.67|0.15;0001-01-01T00:00:04.249+01:00|W2|0.9|0.86|0.02|0.86|0.00;0001-01-01T00:00:04.249+01:00|W3|1.3|1.06|0.08|1.06|0.58;0001-01-01T00:00:04.249+01:00|W4|0.7|0.65|0.58|0.65|0.31;0001-01-01T00:00:04.249+01:00|W5|0.8|0.21|0.14|0.21|0.75;0001-01-01T00:00:04.249+01:00|W6|0.6|0.58|0.37|0.58|0.14;0001-01-01T00:00:04.249+01:00|W7|1.5|0.90|0.33|0.90|1.19;0001-01-01T00:00:04.249+01:00|W8|1.0|0.19|0.07|0.19|0.89;0001-01-01T00:00:04.249+01:00|W9|0.8|0.28|0.00|0.28|0.65;0001-01-01T00:00:04.249+01:00|W10|1.9|-0.99|0.52|-0.99|1.10;0001-01-01T00:00:04.249+01:00|W11|0.6|0.15|0.02|0.15|0.57;0001-01-01T00:00:04.249+01:00|W12|0.5|-0.24|0.04|-0.24|0.13"
55.00;3.98;0001-01-01T00:00:04.3690000+01:00;53.08;0.40;-18.18;28.5;-0.942;-3.832;32.594;-32.625;15.470;-12.965;93.670;-50.764;106.550;"0001-01-01T00:00:04.249+01:00|W1|0.7|0.67|0.06|0.67|0.15;0001-01-01T00:00:04.249+01:00|W2|0.9|0.86|0.02|0.86|0.00;0001-01-01T00:00:04.249+01:00|W3|1.3|1.06|0.08|1.06|0.58;0001-01-01T00:00:04.249+01:00|W4|0.7|0.65|0.58|0.65|0.31;0001-01-01T00:00:04.249+01:00|W5|0.8|0.21|0.14|0.21|0.75;0001-01-01T00:00:04.249+01:00|W6|0.6|0.58|0.37|0.58|0.14;0001-01-01T00:00:04.249+01:00|W7|1.5|0.90|0.33|0.90|1.19;0001-01-01T00:00:04.249+01:00|W8|1.0|0.19|0.07|0.19|0.89;0001-01-01T00:00:04.249+01:00|W9|0.8|0.28|0.00|0.28|0.65;0001-01-01T00:00:04.249+01:00|W10|1.9|-0.99|0.52|-0.99|1.10;0001-01-01T00:00:04.249+01:00|W11|0.6|0.15|0.02|0.15|0.57;0001-01-01T00:00:04.249+01:00|W12|0.5|-0.24|0.04|-0.24|0.13"
56.00;3.92;0001-01-01T00:00:04.4030000+01:00;53.97;0.41;-18.66;28.2;-1.427;-4.062;32.811;-32.258;15.266;-12.903;93.719;-51.197;106.800;"0001-01-01T00:00:04.498+01:00|W1|0.7|0.67|0.06|0.67|0.15;0001-01-01T00:00:04.498+01:00|W2|0.9|0.86|0.02|0.86|0.00;0001-01-01T00:00:04.498+01:00|W3|1.3|1.06|0.08|1.06|0.58;0001-01-01T00:00:04.498+01:00|W4|0.8|0.68|0.49|0.68|0.33;0001-01-01T00:00:04.498+01:00|W5|0.8|0.21|0.14|0.21|0.75;0001-01-01T00:00:04.498+01:00|W6|0.6|0.51|0.44|0.51|0.09;0001-01-01T00:00:04.498+01:00|W7|1.5|0.98|0.30|0.98|1.12;0001-01-01T00:00:04.498+01:00|W8|1.2|0.40|0.12|0.40|1.09;0001-01-01T00:00:04.498+01:00|W9|0.8|0.28|0.00|0.28|0.65;0001-01-01T00:00:04.498+01:00|W10|1.9|-0.99|0.52|-0.99|1.10;0001-01-01T00:00:04.498+01:00|W11|0.6|0.15|0.02|0.15|0.57;0001-01-01T00:00:04.498+01:00|W12|0.5|-0.17|0.06|-0.17|0.10"
57.00;3.86;0001-01-01T00:00:04.4370000+01:00;54.86;0.43;-19.15;28.0;-1.912;-4.291;33.027;-31.890;15.062;-12.841;93.767;-51.630;107.051;"0001-01-01T00:00:04.498+01:00|W1|0.7|0.67|0.06|0.67|0.15;0001-01-01T00:00:04.498+01:00|W2|0.9|0.86|0.02|0.86|0.00;0001-01-01T00:00:04.498+01:00|W3|1.3|1.06|0.08|1.06|0.58;0001-01-01T00:00:04.498+01:00|W4|0.8|0.68|0.49|0.68|0.33;0001-01-01T00:00:04.498+01:00|W5|0.8|0.21|0.14|0.21|0.75;0001-01-01T00:00:04.498+01:00|W6|0.6|0.51|0.44|0.51|0.09;0001-01-01T00:00:04.498+01:00|W7|1.5|0.98|0.30|0.98|1.12;0001-01-01T00:00:04.498+01:00|W8|1.2|0.40|0.12|0.40|1.09;0001-01-01T00:00:04.498+01:00|W9|0.8|0.28|0.00|0.28|0.65;0001-01-01T00:00:04.498+01:00|W10|1.9|-0.99|0.52|-0.99|1.10;0001-01-01T00:00:04.498+01:00|W11|0.6|0.15|0.02|0.15|0.57;0001-01-01T00:00:04.498+01:00|W12|0.5|-0.17|0.06|-0.17|0.10"
58.00;3.80;0001-01-01T00:00:04.4710000+01:00;55.75;0.44;-19.64;27.9;-2.281;-4.521;33.306;-31.524;14.919;-12.779;93.857;-52.111;107.363;"0001-01-01T00:00:04.498+01:00|W1|0.7|0.67|0.06|0.67|0.15;0001-01-01T00:00:04.498+01:00|W2|0.9|0.86|0.02|0.86|0.00;0001-01-01T00:00:04.498+01:00|W3|1.3|1.06|0.08|1.06|0.58;0001-01-01T00:00:04.498+01:00|W4|0.8|0.68|0.49|0.68|0.33;0001-01-01T00:00:04.498+01:00|W5|0.8|0.21|0.14|0.21|0.75;0001-01-01T00:00:04.498+01:00|W6|0.6|0.51|0.44|0.51|0.09;0001-01-01T00:00:04.498+01:00|W7|1.5|0.98|0.30|0.98|1.12;0001-01-01T00:00:04.498+01:00|W8|1.2|0.40|0.12|0.40|1.09;0001-01-01T00:00:04.498+01:00|W9|0.8|0.28|0.00|0.28|0.65;0001-01-01T00:00:04.498+01:00|W10|1.9|-0.99|0.52|-0.99|1.10;0001-01-01T00:00:04.498+01:00|W11|0.6|0.15|0.02|0.15|0.57;0001-01-01T00:00:04.498+01:00|W12|0.5|-0.17|0.06|-0.17|0.10"
59.00;3.75;0001-01-01T00:00:04.5050000+01:00;56.64;0.45;-20.13;27.8;-2.547;-4.749;33.558;-31.159;14.809;-12.718;93.945;-52.604;107.680;"0001-01-01T00:00:04.498+01:00|W1|0.7|0.67|0.06|0.67|0.15;0001-01-01T00:00:04.498+01:00|W2|0.9|0.86|0.02|0.86|0.00;0001-01-01T00:00:04.498+01:00|W3|1.3|1.06|0.08|1.06|0.58;0001-01-01T00:00:04.498+01:00|W4|0.8|0.68|0.49|0.68|0.33;0001-01-01T00:00:04.498+01:00|W5|0.8|0.21|0.14|0.21|0.75;0001-01-01T00:00:04.498+01:00|W6|0.6|0.51|0.44|0.51|0.09;0001-01-01T00:00:04.498+01:00|W7|1.5|0.98|0.30|0.98|1.12;0001-01-01T00:00:04.498+01:00|W8|1.2|0.40|0.12|0.40|1.09;0001-01-01T00:00:04.498+01:00|W9|0.8|0.28|0.00|0.28|0.65;0001-01-01T00:00:04.498+01:00|W10|1.9|-0.99|0.52|-0.99|1.10;0001-01-01T00:00:04.498+01:00|W11|0.6|0.15|0.02|0.15|0.57;0001-01-01T00:00:04.498+01:00|W12|0.5|-0.17|0.06|-0.17|0.10"
60.00;3.69;0001-01-01T00:00:04.5390000+01:00;57.52;0.45;-20.62;27.7;-2.624;-4.976;33.603;-30.796;14.721;-12.657;93.957;-53.056;107.912;"0001-01-01T00:00:04.498+01:00|W1|0.7|0.67|0.06|0.67|0.15;0001-01-01T00:00:04.498+01:00|W2|0.9|0.86|0.02|0.86|0.00;0001-01-01T00:00:04.498+01:00|W3|1.3|1.06|0.08|1.06|0.58;0001-01-01T00:00:04.498+01:00|W4|0.8|0.68|0.49|0.68|0.33;0001-01-01T00:00:04.498+01:00|W5|0.8|0.21|0.14|0.21|0.75;0001-01-01T00:00:04.498+01:00|W6|0.6|0.51|0.44|0.51|0.09;0001-01-01T00:00:04.498+01:00|W7|1.5|0.98|0.30|0.98|1.12;0001-01-01T00:00:04.498+01:00|W8|1.2|0.40|0.12|0.40|1.09;0001-01-01T00:00:04.498+01:00|W9|0.8|0.28|0.00|0.28|0.65;0001-01-01T00:00:04.498+01:00|W10|1.9|-0.99|0.52|-0.99|1.10;0001-01-01T00:00:04.498+01:00|W11|0.6|0.15|0.02|0.15|0.57;0001-01-01T00:00:04.498+01:00|W12|0.5|-0.17|0.06|-0.17|0.10"
61.00;3.62;0001-01-01T00:00:04.5730000+01:00;58.40;0.48;-21.13;27.4;-2.684;-5.203;33.956;-30.434;14.630;-12.596;94.007;-53.622;108.236;"0001-01-01T00:00:04.498+01:00|W1|0.7|0.67|0.06|0.67|0.15;0001-01-01T00:00:04.498+01:00|W2|0.9|0.86|0.02|0.86|0.00;0001-01-01T00:00:04.498+01:00|W3|1.3|1.06|0.08|1.06|0.58;0001-01-01T00:00:04.498+01:00|W4|0.8|0.68|0.49|0.68|0.33;0001-01-01T00:00:04.498+01:00|W5|0.8|0.21|0.14|0.21|0.75;0001-01-01T00:00:04.498+01:00|W6|0.6|0.51|0.44|0.51|0.09;0001-01-01T00:00:04.498+01:00|W7|1.5|0.98|0.30|0.98|1.12;0001-01-01T00:00:04.498+01:00|W8|1.2|0.40|0.12|0.40|1.09;0001-01-01T00:00:04.498+01:00|W9|0.8|0.28|0.00|0.28|0.65;0001-01-01T00:00:04.498+01:00|W10|1.9|-0.99|0.52|-0.99|1.10;0001-01-01T00:00:04.498+01:00|W11|0.6|0.15|0.02|0.15|0.57;0001-01-01T00:00:04.498+01:00|W12|0.5|-0.17|0.06|-0.17|0.10"
62.00;3.55;0001-01-01T00:00:04.6060000+01:00;59.27;0.50;-21.65;27.0;-2.734;-5.382;34.507;-29.991;14.530;-12.535;94.067;-54.227;108.589;"0001-01-01T00:00:04.498+01:00|W1|0.7|0.67|0.06|0.67|0.15;0001-01-01T00:00:04.498+01:00|W2|0.9|0.86|0.02|0.86|0.00;0001-01-01T00:00:04.498+01:00|W3|1.3|1.06|0.08|1.06|0.58;0001-01-01T00:00:04.498+01:00|W4|0.8|0.68|0.49|0.68|0.33;0001-01-01T00:00:04.498+01:00|W5|0.8|0.21|0.14|0.21|0.75;0001-01-01T00:00:04.498+01:00|W6|0.6|0.51|0.44|0.51|0.09;0001-01-01T00:00:04.498+01:00|W7|1.5|0.98|0.30|0.98|1.12;0001-01-01T00:00:04.498+01:00|W8|1.2|0.40|0.12|0.40|1.09;0001-01-01T00:00:04.498+01:00|W9|0.8|0.28|0.00|0.28|0.65;0001-01-01T00:00:04.498+01:00|W10|1.9|-0.99|0.52|-0.99|1.10;0001-01-01T00:00:04.498+01:00|W11|0.6|0.15|0.02|0.15|0.57;0001-01-01T00:00:04.498+01:00|W12|0.5|-0.17|0.06|-0.17|0.10"
63.00;3.49;0001-01-01T00:00:04.6400000+01:00;60.15;0.52;-22.16;26.8;-2.773;-5.416;35.316;-29.302;14.406;-12.476;94.116;-54.825;108.932;"0001-01-01T00:00:04.749+01:00|W1|0.7|0.66|0.07|0.66|0.13;0001-01-01T00:00:04.749+01:00|W2|0.9|0.84|0.04|0.84|0.03;0001-01-01T00:00:04.749+01:00|W3|1.4|1.11|0.13|1.11|0.60;0001-01-01T00:00:04.749+01:00|W4|0.8|0.66|0.40|0.66|0.37;0001-01-01T00:00:04.749+01:00|W5|0.7|0.42|0.01|0.42|0.48;0001-01-01T00:00:04.749+01:00|W6|0.5|0.48|0.46|0.48|0.08;0001-01-01T00:00:04.749+01:00|W7|1.5|1.12|0.23|1.12|1.05;0001-01-01T00:00:04.749+01:00|W8|1.3|0.52|0.20|0.52|1.14;0001-01-01T00:00:04.749+01:00|W9|0.9|0.20|0.08|0.20|0.80;0001-01-01T00:00:04.749+01:00|W10|1.7|-0.79|0.31|-0.79|1.08;0001-01-01T00:00:04.749+01:00|W11|0.6|0.15|0.02|0.15|0.57;0001-01-01T00:00:04.749+01:00|W12|0.5|-0.09|0.04|-0.09|0.08"
64.00;3.43;0001-01-01T00:00:04.6730000+01:00;61.03;0.53;-22.67;26.7;-2.910;-5.452;35.526;-28.658;14.339;-12.451;94.191;-55.418;109.295;"0001-01-01T00:00:04.749+01:00|W1|0.7|0.66|0.07|0.66|0.13;0001-01-01T00:00:04.749+01:00|W2|0.9|0.84|0.04|0.84|0.03;0001-01-01T00:00:04.749+01:00|W3|1.4|1.11|0.13|1.11|0.60;0001-01-01T00:00:04.749+01:00|W4|0.8|0.66|0.40|0.66|0.37;0001-01-01T00:00:04.749+01:00|W5|0.7|0.42|0.01|0.42|0.48;0001-01-01T00:00:04.749+01:00|W6|0.5|0.48|0.46|0.48|0.08;0001-01-01T00:00:04.749+01:00|W7|1.5|1.12|0.23|1.12|1.05;0001-01-01T00:00:04.749+01:00|W8|1.3|0.52|0.20|0.52|1.14;0001-01-01T00:00:04.749+01:00|W9|0.9|0.20|0.08|0.20|0.80;0001-01-01T00:00:04.749+01:00|W10|1.7|-0.79|0.31|-0.79|1.08;0001-01-01T00:00:04.749+01:00|W11|0.6|0.15|0.02|0.15|0.57;0001-01-01T00:00:04.749+01:00|W12|0.5|-0.09|0.04|-0.09|0.08"
65.00;3.37;0001-01-01T00:00:04.7070000+01:00;61.90;0.55;-23.18;26.6;-3.110;-5.489;35.547;-28.031;14.268;-12.437;94.252;-55.944;109.614;"0001-01-01T00:00:04.749+01:00|W1|0.7|0.66|0.07|0.66|0.13;0001-01-01T00:00:04.749+01:00|W2|0.9|0.84|0.04|0.84|0.03;0001-01-01T00:00:04.749+01:00|W3|1.4|1.11|0.13|1.11|0.60;0001-01-01T00:00:04.749+01:00|W4|0.8|0.66|0.40|0.66|0.37;0001-01-01T00:00:04.749+01:00|W5|0.7|0.42|0.01|0.42|0.48;0001-01-01T00:00:04.749+01:00|W6|0.5|0.48|0.46|0.48|0.08;0001-01-01T00:00:04.749+01:00|W7|1.5|1.12|0.23|1.12|1.05;0001-01-01T00:00:04.749+01:00|W8|1.3|0.52|0.20|0.52|1.14;0001-01-01T00:00:04.749+01:00|W9|0.9|0.20|0.08|0.20|0.80;0001-01-01T00:00:04.749+01:00|W10|1.7|-0.79|0.31|-0.79|1.08;0001-01-01T00:00:04.749+01:00|W11|0.6|0.15|0.02|0.15|0.57;0001-01-01T00:00:04.749+01:00|W12|0.5|-0.09|0.04|-0.09|0.08"
66.00;3.30;0001-01-01T00:00:04.7400000+01:00;62.77;0.56;-23.70;26.5;-3.399;-5.525;35.568;-27.406;14.138;-12.423;94.253;-56.286;109.790;"0001-01-01T00:00:04.749+01:00|W1|0.7|0.66|0.07|0.66|0.13;0001-01-01T00:00:04.749+01:00|W2|0.9|0.84|0.04|0.84|0.03;0001-01-01T00:00:04.749+01:00|W3|1.4|1.11|0.13|1.11|0.60;0001-01-01T00:00:04.749+01:00|W4|0.8|0.66|0.40|0.66|0.37;0001-01-01T00:00:04.749+01:00|W5|0.7|0.42|0.01|0.42|0.48;0001-01-01T00:00:04.749+01:00|W6|0.5|0.48|0.46|0.48|0.08;0001-01-01T00:00:04.749+01:00|W7|1.5|1.12|0.23|1.12|1.05;0001-01-01T00:00:04.749+01:00|W8|1.3|0.52|0.20|0.52|1.14;0001-01-01T00:00:04.749+01:00|W9|0.9|0.20|0.08|0.20|0.80;0001-01-01T00:00:04.749+01:00|W10|1.7|-0.79|0.31|-0.79|1.08;0001-01-01T00:00:04.749+01:00|W11|0.6|0.15|0.02|0.15|0.57;0001-01-01T00:00:04.749+01:00|W12|0.5|-0.09|0.04|-0.09|0.08"
67.00;3.24;0001-01-01T00:00:04.7730000+01:00;63.64;0.58;-24.23;26.3;-3.740;-5.626;35.793;-27.853;14.022;-12.321;94.353;-56.707;110.093;"0001-01-01T00:00:04.749+01:00|W1|0.7|0.66|0.07|0.66|0.13;0001-01-01T00:00:04.749+01:00|W2|0.9|0.84|0.04|0.84|0.03;0001-01-01T00:00:04.749+01:00|W3|1.4|1.11|0.13|1.11|0.60;0001-01-01T00:00:04.749+01:00|W4|0.8|0.66|0.40|0.66|0.37;0001-01-01T00:00:04.749+01:00|W5|0.7|0.42|0.01|0.42|0.48;0001-01-01T00:00:04.749+01:00|W6|0.5|0.48|0.46|0.48|0.08;0001-01-01T00:00:04.749+01:00|W7|1.5|1.12|0.23|1.12|1.05;0001-01-01T00:00:04.749+01:00|W8|1.3|0.52|0.20|0.52|1.14;0001-01-01T00:00:04.749+01:00|W9|0.9|0.20|0.08|0.20|0.80;0001-01-01T00:00:04.749+01:00|W10|1.7|-0.79|0.31|-0.79|1.08;0001-01-01T00:00:04.749+01:00|W11|0.6|0.15|0.02|0.15|0.57;0001-01-01T00:00:04.749+01:00|W12|0.5|-0.09|0.04|-0.09|0.08"
68.00;3.18;0001-01-01T00:00:04.8060000+01:00;64.51;0.59;-24.75;26.1;-4.076;-5.774;36.153;-28.316;13.930;-12.226;94.461;-57.197;110.439;"0001-01-01T00:00:04.749+01:00|W1|0.7|0.66|0.07|0.66|0.13;0001-01-01T00:00:04.749+01:00|W2|0.9|0.84|0.04|0.84|0.03;0001-01-01T00:00:04.749+01:00|W3|1.4|1.11|0.13|1.11|0.60;0001-01-01T00:00:04.749+01:00|W4|0.8|0.66|0.40|0.66|0.37;0001-01-01T00:00:04.749+01:00|W5|0.7|0.42|0.01|0.42|0.48;0001-01-01T00:00:04.749+01:00|W6|0.5|0.48|0.46|0.48|0.08;0001-01-01T00:00:04.749+01:00|W7|1.5|1.12|0.23|1.12|1.05;0001-01-01T00:00:04.749+01:00|W8|1.3|0.52|0.20|0.52|1.14;0001-01-01T00:00:04.749+01:00|W9|0.9|0.20|0.08|0.20|0.80;0001-01-01T00:00:04.749+01:00|W10|1.7|-0.79|0.31|-0.79|1.08;0001-01-01T00:00:04.749+01:00|W11|0.6|0.15|0.02|0.15|0.57;0001-01-01T00:00:04.749+01:00|W12|0.5|-0.09|0.04|-0.09|0.08"
69.00;3.13;0001-01-01T00:00:04.8390000+01:00;65.37;0.60;-25.27;26.0;-4.347;-5.999;36.725;-27.824;13.895;-12.237;94.496;-57.821;110.795;"0001-01-01T00:00:04.749+01:00|W1|0.7|0.66|0.07|0.66|0.13;0001-01-01T00:00:04.749+01:00|W2|0.9|0.84|0.04|0.84|0.03;0001-01-01T00:00:04.749+01:00|W3|1.4|1.11|0.13|1.11|0.60;0001-01-01T00:00:04.749+01:00|W4|0.8|0.66|0.40|0.66|0.37;0001-01-01T00:00:04.749+01:00|W5|0.7|0.42|0.01|0.42|0.48;0001-01-01T00:00:04.749+01:00|W6|0.5|0.48|0.46|0.48|0.08;0001-01-01T00:00:04.749+01:00|W7|1.5|1.12|0.23|1.12|1.05;0001-01-01T00:00:04.749+01:00|W8|1.3|0.52|0.20|0.52|1.14;0001-01-01T00:00:04.749+01:00|W9|0.9|0.20|0.08|0.20|0.80;0001-01-01T00:00:04.749+01:00|W10|1.7|-0.79|0.31|-0.79|1.08;0001-01-01T00:00:04.749+01:00|W11|0.6|0.15|0.02|0.15|0.57;0001-01-01T00:00:04.749+01:00|W12|0.5|-0.09|0.04|-0.09|0.08"
70.00;3.07;0001-01-01T00:00:04.8720000+01:00;66.24;0.62;-25.80;26.0;-4.500;-6.221;36.572;-27.837;13.878;-12.247;94.576;-58.336;111.130;"0001-01-01T00:00:04.749+01:00|W1|0.7|0.66|0.07|0.66|0.13;0001-01-01T00:00:04.749+01:00|W2|0.9|0.84|0.04|0.84|0.03;0001-01-01T00:00:04.749+01:00|W3|1.4|1.11|0.13|1.11|0.60;0001-01-01T00:00:04.749+01:00|W4|0.8|0.66|0.40|0.66|0.37;0001-01-01T00:00:04.749+01:00|W5|0.7|0.42|0.01|0.42|0.48;0001-01-01T00:00:04.749+01:00|W6|0.5|0.48|0.46|0.48|0.08;0001-01-01T00:00:04.749+01:00|W7|1.5|1.12|0.23|1.12|1.05;0001-01-01T00:00:04.749+01:00|W8|1.3|0.52|0.20|0.52|1.14;0001-01-01T00:00:04.749+01:00|W9|0.9|0.20|0.08|0.20|0.80;0001-01-01T00:00:04.749+01:00|W10|1.7|-0.79|0.31|-0.79|1.08;0001-01-01T00:00:04.749+01:00|W11|0.6|0.15|0.02|0.15|0.57;0001-01-01T00:00:04.749+01:00|W12|0.5|-0.09|0.04|-0.09|0.08"
71.00;3.01;0001-01-01T00:00:04.9050000+01:00;67.10;0.63;-26.34;26.0;-4.583;-6.361;36.211;-28.006;13.835;-12.230;94.672;-58.813;111.462;"0001-01-01T00:00:05.000+01:00|W1|0.7|0.65|0.08|0.65|0.10;0001-01-01T00:00:05.000+01:00|W2|0.9|0.82|0.05|0.82|0.17;0001-01-01T00:00:05.000+01:00|W3|1.4|1.16|0.15|1.16|0.60;0001-01-01T00:00:05.000+01:00|W4|0.8|0.58|0.37|0.58|0.44;0001-01-01T00:00:05.000+01:00|W5|0.7|0.42|0.01|0.42|0.48;0001-01-01T00:00:05.000+01:00|W6|0.6|0.57|0.36|0.57|0.18;0001-01-01T00:00:05.000+01:00|W7|1.6|1.25|0.11|1.25|1.03;0001-01-01T00:00:05.000+01:00|W8|1.4|0.54|0.29|0.54|1.24;0001-01-01T00:00:05.000+01:00|W9|0.9|0.20|0.08|0.20|0.80;0001-01-01T00:00:05.000+01:00|W10|1.5|-0.65|0.06|-0.65|1.05;0001-01-01T00:00:05.000+01:00|W11|0.6|0.15|0.02|0.15|0.57;0001-01-01T00:00:05.000+01:00|W12|0.5|-0.04|0.00|-0.04|0.06"
72.00;2.95;0001-01-01T00:00:04.9370000+01:00;67.95;0.64;-26.88;25.8;-4.561;-6.198;36.021;-28.098;13.670;-12.114;94.777;-59.296;111.806;"0001-01-01T00:00:05.000+01:00|W1|0.7|0.65|0.08|0.65|0.10;0001-01-01T00:00:05.000+01:00|W2|0.9|0.82|0.05|0.82|0.17;0001-01-01T00:00:05.000+01:00|W3|1.4|1.16|0.15|1.16|0.60;0001-01-01T00:00:05.000+01:00|W4|0.8|0.58|0.37|0.58|0.44;0001-01-01T00:00:05.000+01:00|W5|0.7|0.42|0.01|0.42|0.48;0001-01-01T00:00:05.000+01:00|W6|0.6|0.57|0.36|0.57|0.18;0001-01-01T00:00:05.000+01:00|W7|1.6|1.25|0.11|1.25|1.03;0001-01-01T00:00:05.000+01:00|W8|1.4|0.54|0.29|0.54|1.24;0001-01-01T00:00:05.000+01:00|W9|0.9|0.20|0.08|0.20|0.80;0001-01-01T00:00:05.000+01:00|W10|1.5|-0.65|0.06|-0.65|1.05;0001-01-01T00:00:05.000+01:00|W11|0.6|0.15|0.02|0.15|0.57;0001-01-01T00:00:05.000+01:00|W12|0.5|-0.04|0.00|-0.04|0.06"
73.00;2.89;0001-01-01T00:00:04.9700000+01:00;68.81;0.66;-27.41;25.6;-4.407;-6.036;35.953;-28.189;13.408;-11.998;94.916;-59.531;112.050;"0001-01-01T00:00:05.000+01:00|W1|0.7|0.65|0.08|0.65|0.10;0001-01-01T00:00:05.000+01:00|W2|0.9|0.82|0.05|0.82|0.17;0001-01-01T00:00:05.000+01:00|W3|1.4|1.16|0.15|1.16|0.60;0001-01-01T00:00:05.000+01:00|W4|0.8|0.58|0.37|0.58|0.44;0001-01-01T00:00:05.000+01:00|W5|0.7|0.42|0.01|0.42|0.48;0001-01-01T00:00:05.000+01:00|W6|0.6|0.57|0.36|0.57|0.18;0001-01-01T00:00:05.000+01:00|W7|1.6|1.25|0.11|1.25|1.03;0001-01-01T00:00:05.000+01:00|W8|1.4|0.54|0.29|0.54|1.24;0001-01-01T00:00:05.000+01:00|W9|0.9|0.20|0.08|0.20|0.80;0001-01-01T00:00:05.000+01:00|W10|1.5|-0.65|0.06|-0.65|1.05;0001-01-01T00:00:05.000+01:00|W11|0.6|0.15|0.02|0.15|0.57;0001-01-01T00:00:05.000+01:00|W12|0.5|-0.04|0.00|-0.04|0.06"
74.00;2.84;0001-01-01T00:00:05.0030000+01:00;69.67;0.68;-27.95;25.3;-4.191;-5.812;35.942;-28.327;13.099;-11.872;95.046;-59.702;112.254;"0001-01-01T00:00:05.000+01:00|W1|0.7|0.65|0.08|0.65|0.10;0001-01-01T00:00:05.000+01:00|W2|0.9|0.82|0.05|0.82|0.17;0001-01-01T00:00:05.000+01:00|W3|1.4|1.16|0.15|1.16|0.60;0001-01-01T00:00:05.000+01:00|W4|0.8|0.58|0.37|0.58|0.44;0001-01-01T00:00:05.000+01:00|W5|0.7|0.42|0.01|0.42|0.48;0001-01-01T00:00:05.000+01:00|W6|0.6|0.57|0.36|0.57|0.18;0001-01-01T00:00:05.000+01:00|W7|1.6|1.25|0.11|1.25|1.03;0001-01-01T00:00:05.000+01:00|W8|1.4|0.54|0.29|0.54|1.24;0001-01-01T00:00:05.000+01:00|W9|0.9|0.20|0.08|0.20|0.80;0001-01-01T00:00:05.000+01:00|W10|1.5|-0.65|0.06|-0.65|1.05;0001-01-01T00:00:05.000+01:00|W11|0.6|0.15|0.02|0.15|0.57;0001-01-01T00:00:05.000+01:00|W12|0.5|-0.04|0.00|-0.04|0.06"
75.00;2.79;0001-01-01T00:00:05.0350000+01:00;70.52;0.68;-28.49;24.7;-3.977;-5.235;35.931;-28.739;12.794;-11.685;95.031;-60.194;112.502;"0001-01-01T00:00:05.000+01:00|W1|0.7|0.65|0.08|0.65|0.10;0001-01-01T00:00:05.000+01:00|W2|0.9|0.82|0.05|0.82|0.17;0001-01-01T00:00:05.000+01:00|W3|1.4|1.16|0.15|1.16|0.60;0001-01-01T00:00:05.000+01:00|W4|0.8|0.58|0.37|0.58|0.44;0001-01-01T00:00:05.000+01:00|W5|0.7|0.42|0.01|0.42|0.48;0001-01-01T00:00:05.000+01:00|W6|0.6|0.57|0.36|0.57|0.18;0001-01-01T00:00:05.000+01:00|W7|1.6|1.25|0.11|1.25|1.03;0001-01-01T00:00:05.000+01:00|W8|1.4|0.54|0.29|0.54|1.24;0001-01-01T00:00:05.000+01:00|W9|0.9|0.20|0.08|0.20|0.80;0001-01-01T00:00:05.000+01:00|W10|1.5|-0.65|0.06|-0.65|1.05;0001-01-01T00:00:05.000+01:00|W11|0.6|0.15|0.02|0.15|0.57;0001-01-01T00:00:05.000+01:00|W12|0.5|-0.04|0.00|-0.04|0.06"
76.00;2.74;0001-01-01T00:00:05.0670000+01:00;71.38;0.69;-29.03;24.2;-3.744;-4.656;36.025;-29.154;12.596;-11.496;95.053;-60.519;112.695;"0001-01-01T00:00:05.000+01:00|W1|0.7|0.65|0.08|0.65|0.10;0001-01-01T00:00:05.000+01:00|W2|0.9|0.82|0.05|0.82|0.17;0001-01-01T00:00:05.000+01:00|W3|1.4|1.16|0.15|1.16|0.60;0001-01-01T00:00:05.000+01:00|W4|0.8|0.58|0.37|0.58|0.44;0001-01-01T00:00:05.000+01:00|W5|0.7|0.42|0.01|0.42|0.48;0001-01-01T00:00:05.000+01:00|W6|0.6|0.57|0.36|0.57|0.18;0001-01-01T00:00:05.000+01:00|W7|1.6|1.25|0.11|1.25|1.03;0001-01-01T00:00:05.000+01:00|W8|1.4|0.54|0.29|0.54|1.24;0001-01-01T00:00:05.000+01:00|W9|0.9|0.20|0.08|0.20|0.80;0001-01-01T00:00:05.000+01:00|W10|1.5|-0.65|0.06|-0.65|1.05;0001-01-01T00:00:05.000+01:00|W11|0.6|0.15|0.02|0.15|0.57;0001-01-01T00:00:05.000+01:00|W12|0.5|-0.04|0.00|-0.04|0.06"
77.00;2.70;0001-01-01T00:00:05.1000000+01:00;72.23;0.71;-29.57;23.7;-3.504;-4.090;36.188;-29.568;12.480;-11.314;95.103;-60.739;112.856;"0001-01-01T00:00:05.000+01:00|W1|0.7|0.65|0.08|0.65|0.10;0001-01-01T00:00:05.000+01:00|W2|0.9|0.82|0.05|0.82|0.17;0001-01-01T00:00:05.000+01:00|W3|1.4|1.16|0.15|1.16|0.60;0001-01-01T00:00:05.000+01:00|W4|0.8|0.58|0.37|0.58|0.44;0001-01-01T00:00:05.000+01:00|W5|0.7|0.42|0.01|0.42|0.48;0001-01-01T00:00:05.000+01:00|W6|0.6|0.57|0.36|0.57|0.18;0001-01-01T00:00:05.000+01:00|W7|1.6|1.25|0.11|1.25|1.03;0001-01-01T00:00:05.000+01:00|W8|1.4|0.54|0.29|0.54|1.24;0001-01-01T00:00:05.000+01:00|W9|0.9|0.20|0.08|0.20|0.80;0001-01-01T00:00:05.000+01:00|W10|1.5|-0.65|0.06|-0.65|1.05;0001-01-01T00:00:05.000+01:00|W11|0.6|0.15|0.02|0.15|0.57;0001-01-01T00:00:05.000+01:00|W12|0.5|-0.04|0.00|-0.04|0.06"
78.00;2.66;0001-01-01T00:00:05.1320000+01:00;73.08;0.72;-30.12;23.7;-3.355;-3.804;36.315;-29.955;12.517;-11.245;95.161;-61.137;113.119;"0001-01-01T00:00:05.247+01:00|W1|0.6|0.63|0.10|0.63|0.08;0001-01-01T00:00:05.247+01:00|W2|1.0|0.98|0.11|0.98|0.31;0001-01-01T00:00:05.247+01:00|W3|1.5|1.21|0.21|1.21|0.72;0001-01-01T00:00:05.247+01:00|W4|0.8|0.55|0.33|0.55|0.47;0001-01-01T00:00:05.247+01:00|W5|1.1|0.84|0.40|0.84|0.69;0001-01-01T00:00:05.247+01:00|W6|0.7|0.69|0.23|0.69|0.22;0001-01-01T00:00:05.247+01:00|W7|1.7|1.34|0.04|1.34|0.97;0001-01-01T00:00:05.247+01:00|W8|1.4|0.55|0.32|0.55|1.30;0001-01-01T00:00:05.247+01:00|W9|0.9|0.13|0.06|0.13|0.83;0001-01-01T00:00:05.247+01:00|W10|1.4|-0.37|0.10|-0.37|1.23;0001-01-01T00:00:05.247+01:00|W11|0.6|-0.05|0.02|-0.05|0.47;0001-01-01T00:00:05.247+01:00|W12|0.6|-0.05|0.05|-0.05|0.04"
79.00;2.62;0001-01-01T00:00:05.1640000+01:00;73.93;0.74;-30.67;23.8;-3.293;-3.741;36.141;-30.698;12.583;-11.220;95.208;-61.529;113.369;"0001-01-01T00:00:05.247+01:00|W1|0.6|0.63|0.10|0.63|0.08;0001-01-01T00:00:05.247+01:00|W2|1.0|0.98|0.11|0.98|0.31;0001-01-01T00:00:05.247+01:00|W3|1.5|1.21|0.21|1.21|0.72;0001-01-01T00:00:05.247+01:00|W4|0.8|0.55|0.33|0.55|0.47;0001-01-01T00:00:05.247+01:00|W5|1.1|0.84|0.40|0.84|0.69;0001-01-01T00:00:05.247+01:00|W6|0.7|0.69|0.23|0.69|0.22;0001-01-01T00:00:05.247+01:00|W7|1.7|1.34|0.04|1.34|0.97;0001-01-01T00:00:05.247+01:00|W8|1.4|0.55|0.32|0.55|1.30;0001-01-01T00:00:05.247+01:00|W9|0.9|0.13|0.06|0.13|0.83;0001-01-01T00:00:05.247+01:00|W10|1.4|-0.37|0.10|-0.37|1.23;0001-01-01T00:00:05.247+01:00|W11|0.6|-0.05|0.02|-0.05|0.47;0001-01-01T00:00:05.247+01:00|W12|0.6|-0.05|0.05|-0.05|0.04"
80.00;2.58;0001-01-01T00:00:05.1960000+01:00;74.78;0.75;-31.21;23.9;-3.318;-3.899;35.669;-31.797;12.677;-11.239;95.242;-61.914;113.607;"0001-01-01T00:00:05.247+01:00|W1|0.6|0.63|0.10|0.63|0.08;0001-01-01T00:00:05.247+01:00|W2|1.0|0.98|0.11|0.98|0.31;0001-01-01T00:00:05.247+01:00|W3|1.5|1.21|0.21|1.21|0.72;0001-01-01T00:00:05.247+01:00|W4|0.8|0.55|0.33|0.55|0.47;0001-01-01T00:00:05.247+01:00|W5|1.1|0.84|0.40|0.84|0.69;0001-01-01T00:00:05.247+01:00|W6|0.7|0.69|0.23|0.69|0.22;0001-01-01T00:00:05.247+01:00|W7|1.7|1.34|0.04|1.34|0.97;0001-01-01T00:00:05.247+01:00|W8|1.4|0.55|0.32|0.55|1.30;0001-01-01T00:00:05.247+01:00|W9|0.9|0.13|0.06|0.13|0.83;0001-01-01T00:00:05.247+01:00|W10|1.4|-0.37|0.10|-0.37|1.23;0001-01-01T00:00:05.247+01:00|W11|0.6|-0.05|0.02|-0.05|0.47;0001-01-01T00:00:05.247+01:00|W12|0.6|-0.05|0.05|-0.05|0.04"
81.00;2.54;0001-01-01T00:00:05.2280000+01:00;75.63;0.76;-31.77;23.7;-3.328;-4.448;35.798;-32.684;12.536;-11.258;95.319;-62.251;113.855;"0001-01-01T00:00:05.247+01:00|W1|0.6|0.63|0.10|0.63|0.08;0001-01-01T00:00:05.247+01:00|W2|1.0|0.98|0.11|0.98|0.31;0001-01-01T00:00:05.247+01:00|W3|1.5|1.21|0.21|1.21|0.72;0001-01-01T00:00:05.247+01:00|W4|0.8|0.55|0.33|0.55|0.47;0001-01-01T00:00:05.247+01:00|W5|1.1|0.84|0.40|0.84|0.69;0001-01-01T00:00:05.247+01:00|W6|0.7|0.69|0.23|0.69|0.22;0001-01-01T00:00:05.247+01:00|W7|1.7|1.34|0.04|1.34|0.97;0001-01-01T00:00:05.247+01:00|W8|1.4|0.55|0.32|0.55|1.30;0001-01-01T00:00:05.247+01:00|W9|0.9|0.13|0.06|0.13|0.83;0001-01-01T00:00:05.247+01:00|W10|1.4|-0.37|0.10|-0.37|1.23;0001-01-01T00:00:05.247+01:00|W11|0.6|-0.05|0.02|-0.05|0.47;0001-01-01T00:00:05.247+01:00|W12|0.6|-0.05|0.05|-0.05|0.04"
82.00;2.50;0001-01-01T00:00:05.2600000+01:00;76.47;0.77;-32.32;23.6;-3.379;-5.022;35.928;-33.558;12.354;-11.278;95.399;-62.584;114.103;"0001-01-01T00:00:05.247+01:00|W1|0.6|0.63|0.10|0.63|0.08;0001-01-01T00:00:05.247+01:00|W2|1.0|0.98|0.11|0.98|0.31;0001-01-01T00:00:05.247+01:00|W3|1.5|1.21|0.21|1.21|0.72;0001-01-01T00:00:05.247+01:00|W4|0.8|0.55|0.33|0.55|0.47;0001-01-01T00:00:05.247+01:00|W5|1.1|0.84|0.40|0.84|0.69;0001-01-01T00:00:05.247+01:00|W6|0.7|0.69|0.23|0.69|0.22;0001-01-01T00:00:05.247+01:00|W7|1.7|1.34|0.04|1.34|0.97;0001-01-01T00:00:05.247+01:00|W8|1.4|0.55|0.32|0.55|1.30;0001-01-01T00:00:05.247+01:00|W9|0.9|0.13|0.06|0.13|0.83;0001-01-01T00:00:05.247+01:00|W10|1.4|-0.37|0.10|-0.37|1.23;0001-01-01T00:00:05.247+01:00|W11|0.6|-0.05|0.02|-0.05|0.47;0001-01-01T00:00:05.247+01:00|W12|0.6|-0.05|0.05|-0.05|0.04"
83.00;2.46;0001-01-01T00:00:05.2910000+01:00;77.31;0.79;-32.88;23.3;-3.501;-5.597;35.994;-34.433;12.125;-11.297;95.479;-62.915;114.353;"0001-01-01T00:00:05.247+01:00|W1|0.6|0.63|0.10|0.63|0.08;0001-01-01T00:00:05.247+01:00|W2|1.0|0.98|0.11|0.98|0.31;0001-01-01T00:00:05.247+01:00|W3|1.5|1.21|0.21|1.21|0.72;0001-01-01T00:00:05.247+01:00|W4|0.8|0.55|0.33|0.55|0.47;0001-01-01T00:00:05.247+01:00|W5|1.1|0.84|0.40|0.84|0.69;0001-01-01T00:00:05.247+01:00|W6|0.7|0.69|0.23|0.69|0.22;0001-01-01T00:00:05.247+01:00|W7|1.7|1.34|0.04|1.34|0.97;0001-01-01T00:00:05.247+01:00|W8|1.4|0.55|0.32|0.55|1.30;0001-01-01T00:00:05.247+01:00|W9|0.9|0.13|0.06|0.13|0.83;0001-01-01T00:00:05.247+01:00|W10|1.4|-0.37|0.10|-0.37|1.23;0001-01-01T00:00:05.247+01:00|W11|0.6|-0.05|0.02|-0.05|0.47;0001-01-01T00:00:05.247+01:00|W12|0.6|-0.05|0.05|-0.05|0.04"
84.00;2.43;0001-01-01T00:00:05.3230000+01:00;78.15;0.80;-33.43;23.1;-3.623;-6.172;36.059;-35.308;11.896;-11.317;95.560;-63.247;114.603;"0001-01-01T00:00:05.247+01:00|W1|0.6|0.63|0.10|0.63|0.08;0001-01-01T00:00:05.247+01:00|W2|1.0|0.98|0.11|0.98|0.31;0001-01-01T00:00:05.247+01:00|W3|1.5|1.21|0.21|1.21|0.72;0001-01-01T00:00:05.247+01:00|W4|0.8|0.55|0.33|0.55|0.47;0001-01-01T00:00:05.247+01:00|W5|1.1|0.84|0.40|0.84|0.69;0001-01-01T00:00:05.247+01:00|W6|0.7|0.69|0.23|0.69|0.22;0001-01-01T00:00:05.247+01:00|W7|1.7|1.34|0.04|1.34|0.97;0001-01-01T00:00:05.247+01:00|W8|1.4|0.55|0.32|0.55|1.30;0001-01-01T00:00:05.247+01:00|W9|0.9|0.13|0.06|0.13|0.83;0001-01-01T00:00:05.247+01:00|W10|1.4|-0.37|0.10|-0.37|1.23;0001-01-01T00:00:05.247+01:00|W11|0.6|-0.05|0.02|-0.05|0.47;0001-01-01T00:00:05.247+01:00|W12|0.6|-0.05|0.05|-0.05|0.04"
85.00;2.40;0001-01-01T00:00:05.3550000+01:00;79.00;0.81;-33.99;23.0;-3.762;-6.735;35.981;-36.125;11.694;-11.353;95.651;-63.605;114.876;"0001-01-01T00:00:05.247+01:00|W1|0.6|0.63|0.10|0.63|0.08;0001-01-01T00:00:05.247+01:00|W2|1.0|0.98|0.11|0.98|0.31;0001-01-01T00:00:05.247+01:00|W3|1.5|1.21|0.21|1.21|0.72;0001-01-01T00:00:05.247+01:00|W4|0.8|0.55|0.33|0.55|0.47;0001-01-01T00:00:05.247+01:00|W5|1.1|0.84|0.40|0.84|0.69;0001-01-01T00:00:05.247+01:00|W6|0.7|0.69|0.23|0.69|0.22;0001-01-01T00:00:05.247+01:00|W7|1.7|1.34|0.04|1.34|0.97;0001-01-01T00:00:05.247+01:00|W8|1.4|0.55|0.32|0.55|1.30;0001-01-01T00:00:05.247+01:00|W9|0.9|0.13|0.06|0.13|0.83;0001-01-01T00:00:05.247+01:00|W10|1.4|-0.37|0.10|-0.37|1.23;0001-01-01T00:00:05.247+01:00|W11|0.6|-0.05|0.02|-0.05|0.47;0001-01-01T00:00:05.247+01:00|W12|0.6|-0.05|0.05|-0.05|0.04"
86.00;2.38;0001-01-01T00:00:05.3870000+01:00;79.84;0.82;-34.54;22.9;-3.962;-7.256;35.408;-36.741;11.591;-11.447;95.776;-64.054;115.229;"0001-01-01T00:00:05.502+01:00|W1|0.7|0.64|0.08|0.64|0.07;0001-01-01T00:00:05.502+01:00|W2|1.1|1.07|0.21|1.07|0.35;0001-01-01T00:00:05.502+01:00|W3|1.5|1.19|0.18|1.19|0.72;0001-01-01T00:00:05.502+01:00|W4|0.8|0.53|0.31|0.53|0.50;0001-01-01T00:00:05.502+01:00|W5|1.0|0.77|0.28|0.77|0.63;0001-01-01T00:00:05.502+01:00|W6|1.0|0.95|0.03|0.95|0.21;0001-01-01T00:00:05.502+01:00|W7|1.6|1.38|0.05|1.38|0.80;0001-01-01T00:00:05.502+01:00|W8|1.5|0.49|0.33|0.49|1.33;0001-01-01T00:00:05.502+01:00|W9|0.9|-0.04|0.07|-0.04|0.91;0001-01-01T00:00:05.502+01:00|W10|1.4|-0.38|0.06|-0.38|1.27;0001-01-01T00:00:05.502+01:00|W11|0.6|-0.17|0.04|-0.17|0.40;0001-01-01T00:00:05.502+01:00|W12|0.6|-0.07|0.08|-0.07|0.02"
87.00;2.36;0001-01-01T00:00:05.4180000+01:00;80.68;0.84;-35.11;22.9;-4.213;-7.671;35.142;-36.545;11.515;-11.546;95.865;-64.450;115.524;"0001-01-01T00:00:05.502+01:00|W1|0.7|0.64|0.08|0.64|0.07;0001-01-01T00:00:05.502+01:00|W2|1.1|1.07|0.21|1.07|0.35;0001-01-01T00:00:05.502+01:00|W3|1.5|1.19|0.18|1.19|0.72;0001-01-01T00:00:05.502+01:00|W4|0.8|0.53|0.31|0.53|0.50;0001-01-01T00:00:05.502+01:00|W5|1.0|0.77|0.28|0.77|0.63;0001-01-01T00:00:05.502+01:00|W6|1.0|0.95|0.03|0.95|0.21;0001-01-01T00:00:05.502+01:00|W7|1.6|1.38|0.05|1.38|0.80;0001-01-01T00:00:05.502+01:00|W8|1.5|0.49|0.33|0.49|1.33;0001-01-01T00:00:05.502+01:00|W9|0.9|-0.04|0.07|-0.04|0.91;0001-01-01T00:00:05.502+01:00|W10|1.4|-0.38|0.06|-0.38|1.27;0001-01-01T00:00:05.502+01:00|W11|0.6|-0.17|0.04|-0.17|0.40;0001-01-01T00:00:05.502+01:00|W12|0.6|-0.07|0.08|-0.07|0.02"
88.00;2.33;0001-01-01T00:00:05.4500000+01:00;81.51;0.85;-35.67;23.0;-4.499;-8.023;35.063;-35.893;11.458;-11.636;95.936;-64.813;115.787;"0001-01-01T00:00:05.502+01:00|W1|0.7|0.64|0.08|0.64|0.07;0001-01-01T00:00:05.502+01:00|W2|1.1|1.07|0.21|1.07|0.35;0001-01-01T00:00:05.502+01:00|W3|1.5|1.19|0.18|1.19|0.72;0001-01-01T00:00:05.502+01:00|W4|0.8|0.53|0.31|0.53|0.50;0001-01-01T00:00:05.502+01:00|W5|1.0|0.77|0.28|0.77|0.63;0001-01-01T00:00:05.502+01:00|W6|1.0|0.95|0.03|0.95|0.21;0001-01-01T00:00:05.502+01:00|W7|1.6|1.38|0.05|1.38|0.80;0001-01-01T00:00:05.502+01:00|W8|1.5|0.49|0.33|0.49|1.33;0001-01-01T00:00:05.502+01:00|W9|0.9|-0.04|0.07|-0.04|0.91;0001-01-01T00:00:05.502+01:00|W10|1.4|-0.38|0.06|-0.38|1.27;0001-01-01T00:00:05.502+01:00|W11|0.6|-0.17|0.04|-0.17|0.40;0001-01-01T00:00:05.502+01:00|W12|0.6|-0.07|0.08|-0.07|0.02"
89.00;2.31;0001-01-01T00:00:05.4810000+01:00;82.35;0.86;-36.24;22.9;-4.899;-8.281;35.277;-35.176;11.497;-11.547;96.059;-65.121;116.064;"0001-01-01T00:00:05.502+01:00|W1|0.7|0.64|0.08|0.64|0.07;0001-01-01T00:00:05.502+01:00|W2|1.1|1.07|0.21|1.07|0.35;0001-01-01T00:00:05.502+01:00|W3|1.5|1.19|0.18|1.19|0.72;0001-01-01T00:00:05.502+01:00|W4|0.8|0.53|0.31|0.53|0.50;0001-01-01T00:00:05.502+01:00|W5|1.0|0.77|0.28|0.77|0.63;0001-01-01T00:00:05.502+01:00|W6|1.0|0.95|0.03|0.95|0.21;0001-01-01T00:00:05.502+01:00|W7|1.6|1.38|0.05|1.38|0.80;0001-01-01T00:00:05.502+01:00|W8|1.5|0.49|0.33|0.49|1.33;0001-01-01T00:00:05.502+01:00|W9|0.9|-0.04|0.07|-0.04|0.91;0001-01-01T00:00:05.502+01:00|W10|1.4|-0.38|0.06|-0.38|1.27;0001-01-01T00:00:05.502+01:00|W11|0.6|-0.17|0.04|-0.17|0.40;0001-01-01T00:00:05.502+01:00|W12|0.6|-0.07|0.08|-0.07|0.02"
90.00;2.29;0001-01-01T00:00:05.5120000+01:00;83.18;0.88;-36.80;22.8;-5.296;-8.526;35.400;-34.437;11.583;-11.355;96.158;-65.475;116.345;"0001-01-01T00:00:05.502+01:00|W1|0.7|0.64|0.08|0.64|0.07;0001-01-01T00:00:05.502+01:00|W2|1.1|1.07|0.21|1.07|0.35;0001-01-01T00:00:05.502+01:00|W3|1.5|1.19|0.18|1.19|0.72;0001-01-01T00:00:05.502+01:00|W4|0.8|0.53|0.31|0.53|0.50;0001-01-01T00:00:05.502+01:00|W5|1.0|0.77|0.28|0.77|0.63;0001-01-01T00:00:05.502+01:00|W6|1.0|0.95|0.03|0.95|0.21;0001-01-01T00:00:05.502+01:00|W7|1.6|1.38|0.05|1.38|0.80;0001-01-01T00:00:05.502+01:00|W8|1.5|0.49|0.33|0.49|1.33;0001-01-01T00:00:05.502+01:00|W9|0.9|-0.04|0.07|-0.04|0.91;0001-01-01T00:00:05.502+01:00|W10|1.4|-0.38|0.06|-0.38|1.27;0001-01-01T00:00:05.502+01:00|W11|0.6|-0.17|0.04|-0.17|0.40;0001-01-01T00:00:05.502+01:00|W12|0.6|-0.07|0.08|-0.07|0.02"
91.00;2.28;0001-01-01T00:00:05.5430000+01:00;84.01;0.89;-37.37;22.6;-5.689;-8.756;35.412;-33.672;11.726;-11.038;96.225;-65.884;116.631;"0001-01-01T00:00:05.502+01:00|W1|0.7|0.64|0.08|0.64|0.07;0001-01-01T00:00:05.502+01:00|W2|1.1|1.07|0.21|1.07|0.35;0001-01-01T00:00:05.502+01:00|W3|1.5|1.19|0.18|1.19|0.72;0001-01-01T00:00:05.502+01:00|W4|0.8|0.53|0.31|0.53|0.50;0001-01-01T00:00:05.502+01:00|W5|1.0|0.77|0.28|0.77|0.63;0001-01-01T00:00:05.502+01:00|W6|1.0|0.95|0.03|0.95|0.21;0001-01-01T00:00:05.502+01:00|W7|1.6|1.38|0.05|1.38|0.80;0001-01-01T00:00:05.502+01:00|W8|1.5|0.49|0.33|0.49|1.33;0001-01-01T00:00:05.502+01:00|W9|0.9|-0.04|0.07|-0.04|0.91;0001-01-01T00:00:05.502+01:00|W10|1.4|-0.38|0.06|-0.38|1.27;0001-01-01T00:00:05.502+01:00|W11|0.6|-0.17|0.04|-0.17|0.40;0001-01-01T00:00:05.502+01:00|W12|0.6|-0.07|0.08|-0.07|0.02"
92.00;2.26;0001-01-01T00:00:05.5740000+01:00;84.84;0.91;-37.94;22.3;-6.153;-8.901;35.327;-33.399;11.871;-10.626;96.331;-66.205;116.899;"0001-01-01T00:00:05.502+01:00|W1|0.7|0.64|0.08|0.64|0.07;0001-01-01T00:00:05.502+01:00|W2|1.1|1.07|0.21|1.07|0.35;0001-01-01T00:00:05.502+01:00|W3|1.5|1.19|0.18|1.19|0.72;0001-01-01T00:00:05.502+01:00|W4|0.8|0.53|0.31|0.53|0.50;0001-01-01T00:00:05.502+01:00|W5|1.0|0.77|0.28|0.77|0.63;0001-01-01T00:00:05.502+01:00|W6|1.0|0.95|0.03|0.95|0.21;0001-01-01T00:00:05.502+01:00|W7|1.6|1.38|0.05|1.38|0.80;0001-01-01T00:00:05.502+01:00|W8|1.5|0.49|0.33|0.49|1.33;0001-01-01T00:00:05.502+01:00|W9|0.9|-0.04|0.07|-0.04|0.91;0001-01-01T00:00:05.502+01:00|W10|1.4|-0.38|0.06|-0.38|1.27;0001-01-01T00:00:05.502+01:00|W11|0.6|-0.17|0.04|-0.17|0.40;0001-01-01T00:00:05.502+01:00|W12|0.6|-0.07|0.08|-0.07|0.02"
93.00;2.25;0001-01-01T00:00:05.6050000+01:00;85.67;0.92;-38.52;22.0;-6.639;-9.005;35.465;-33.040;11.998;-10.240;96.442;-66.548;117.185;"0001-01-01T00:00:05.502+01:00|W1|0.7|0.64|0.08|0.64|0.07;0001-01-01T00:00:05.502+01:00|W2|1.1|1.07|0.21|1.07|0.35;0001-01-01T00:00:05.502+01:00|W3|1.5|1.19|0.18|1.19|0.72;0001-01-01T00:00:05.502+01:00|W4|0.8|0.53|0.31|0.53|0.50;0001-01-01T00:00:05.502+01:00|W5|1.0|0.77|0.28|0.77|0.63;0001-01-01T00:00:05.502+01:00|W6|1.0|0.95|0.03|0.95|0.21;0001-01-01T00:00:05.502+01:00|W7|1.6|1.38|0.05|1.38|0.80;0001-01-01T00:00:05.502+01:00|W8|1.5|0.49|0.33|0.49|1.33;0001-01-01T00:00:05.502+01:00|W9|0.9|-0.04|0.07|-0.04|0.91;0001-01-01T00:00:05.502+01:00|W10|1.4|-0.38|0.06|-0.38|1.27;0001-01-01T00:00:05.502+01:00|W11|0.6|-0.17|0.04|-0.17|0.40;0001-01-01T00:00:05.502+01:00|W12|0.6|-0.07|0.08|-0.07|0.02"
94.00;2.24;0001-01-01T00:00:05.6360000+01:00;86.50;0.94;-39.09;21.8;-7.156;-9.027;36.350;-32.142;12.065;-9.982;96.553;-67.008;117.540;"0001-01-01T00:00:05.751+01:00|W1|0.7|0.65|0.05|0.65|0.08;0001-01-01T00:00:05.751+01:00|W2|1.1|1.09|0.20|1.09|0.26;0001-01-01T00:00:05.751+01:00|W3|1.5|1.14|0.16|1.14|0.76;0001-01-01T00:00:05.751+01:00|W4|0.7|0.51|0.28|0.51|0.55;0001-01-01T00:00:05.751+01:00|W5|1.0|0.72|0.22|0.72|0.60;0001-01-01T00:00:05.751+01:00|W6|1.1|1.13|0.19|1.13|0.14;0001-01-01T00:00:05.751+01:00|W7|1.6|1.30|0.07|1.30|0.74;0001-01-01T00:00:05.751+01:00|W8|1.5|0.45|0.33|0.45|1.35;0001-01-01T00:00:05.751+01:00|W9|0.9|-0.07|0.05|-0.07|0.90;0001-01-01T00:00:05.751+01:00|W10|1.5|-0.40|0.04|-0.40|1.34;0001-01-01T00:00:05.751+01:00|W11|0.6|-0.23|0.02|-0.23|0.36;0001-01-01T00:00:05.751+01:00|W12|0.6|-0.09|0.10|-0.09|0.00"
95.00;2.24;0001-01-01T00:00:05.6670000+01:00;87.33;0.95;-39.66;21.8;-7.653;-9.009;36.698;-30.898;12.222;-9.835;96.685;-67.364;117.851;"0001-01-01T00:00:05.751+01:00|W1|0.7|0.65|0.05|0.65|0.08;0001-01-01T00:00:05.751+01:00|W2|1.1|1.09|0.20|1.09|0.26;0001-01-01T00:00:05.751+01:00|W3|1.5|1.14|0.16|1.14|0.76;0001-01-01T00:00:05.751+01:00|W4|0.7|0.51|0.28|0.51|0.55;0001-01-01T00:00:05.751+01:00|W5|1.0|0.72|0.22|0.72|0.60;0001-01-01T00:00:05.751+01:00|W6|1.1|1.13|0.19|1.13|0.14;0001-01-01T00:00:05.751+01:00|W7|1.6|1.30|0.07|1.30|0.74;0001-01-01T00:00:05.751+01:00|W8|1.5|0.45|0.33|0.45|1.35;0001-01-01T00:00:05.751+01:00|W9|0.9|-0.07|0.05|-0.07|0.90;0001-01-01T00:00:05.751+01:00|W10|1.5|-0.40|0.04|-0.40|1.34;0001-01-01T00:00:05.751+01:00|W11|0.6|-0.23|0.02|-0.23|0.36;0001-01-01T00:00:05.751+01:00|W12|0.6|-0.09|0.10|-0.09|0.00"
96.00;2.23;0001-01-01T00:00:05.6980000+01:00;88.15;0.97;-40.24;21.9;-8.137;-8.969;36.722;-29.444;12.433;-9.756;96.829;-67.656;118.134;"0001-01-01T00:00:05.751+01:00|W1|0.7|0.65|0.05|0.65|0.08;0001-01-01T00:00:05.751+01:00|W2|1.1|1.09|0.20|1.09|0.26;0001-01-01T00:00:05.751+01:00|W3|1.5|1.14|0.16|1.14|0.76;0001-01-01T00:00:05.751+01:00|W4|0.7|0.51|0.28|0.51|0.55;0001-01-01T00:00:05.751+01:00|W5|1.0|0.72|0.22|0.72|0.60;0001-01-01T00:00:05.751+01:00|W6|1.1|1.13|0.19|1.13|0.14;0001-01-01T00:00:05.751+01:00|W7|1.6|1.30|0.07|1.30|0.74;0001-01-01T00:00:05.751+01:00|W8|1.5|0.45|0.33|0.45|1.35;0001-01-01T00:00:05.751+01:00|W9|0.9|-0.07|0.05|-0.07|0.90;0001-01-01T00:00:05.751+01:00|W10|1.5|-0.40|0.04|-0.40|1.34;0001-01-01T00:00:05.751+01:00|W11|0.6|-0.23|0.02|-0.23|0.36;0001-01-01T00:00:05.751+01:00|W12|0.6|-0.09|0.10|-0.09|0.00"
97.00;2.23;0001-01-01T00:00:05.7290000+01:00;88.98;0.98;-40.82;22.0;-8.393;-8.748;36.771;-29.056;12.630;-9.630;96.984;-67.826;118.359;"0001-01-01T00:00:05.751+01:00|W1|0.7|0.65|0.05|0.65|0.08;0001-01-01T00:00:05.751+01:00|W2|1.1|1.09|0.20|1.09|0.26;0001-01-01T00:00:05.751+01:00|W3|1.5|1.14|0.16|1.14|0.76;0001-01-01T00:00:05.751+01:00|W4|0.7|0.51|0.28|0.51|0.55;0001-01-01T00:00:05.751+01:00|W5|1.0|0.72|0.22|0.72|0.60;0001-01-01T00:00:05.751+01:00|W6|1.1|1.13|0.19|1.13|0.14;0001-01-01T00:00:05.751+01:00|W7|1.6|1.30|0.07|1.30|0.74;0001-01-01T00:00:05.751+01:00|W8|1.5|0.45|0.33|0.45|1.35;0001-01-01T00:00:05.751+01:00|W9|0.9|-0.07|0.05|-0.07|0.90;0001-01-01T00:00:05.751+01:00|W10|1.5|-0.40|0.04|-0.40|1.34;0001-01-01T00:00:05.751+01:00|W11|0.6|-0.23|0.02|-0.23|0.36;0001-01-01T00:00:05.751+01:00|W12|0.6|-0.09|0.10|-0.09|0.00"
98.00;2.23;0001-01-01T00:00:05.7590000+01:00;89.80;1.00;-41.40;22.1;-8.598;-8.518;37.039;-28.603;12.823;-9.482;97.118;-67.979;118.557;"0001-01-01T00:00:05.751+01:00|W1|0.7|0.65|0.05|0.65|0.08;0001-01-01T00:00:05.751+01:00|W2|1.1|1.09|0.20|1.09|0.26;0001-01-01T00:00:05.751+01:00|W3|1.5|1.14|0.16|1.14|0.76;0001-01-01T00:00:05.751+01:00|W4|0.7|0.51|0.28|0.51|0.55;0001-01-01T00:00:05.751+01:00|W5|1.0|0.72|0.22|0.72|0.60;0001-01-01T00:00:05.751+01:00|W6|1.1|1.13|0.19|1.13|0.14;0001-01-01T00:00:05.751+01:00|W7|1.6|1.30|0.07|1.30|0.74;0001-01-01T00:00:05.751+01:00|W8|1.5|0.45|0.33|0.45|1.35;0001-01-01T00:00:05.751+01:00|W9|0.9|-0.07|0.05|-0.07|0.90;0001-01-01T00:00:05.751+01:00|W10|1.5|-0.40|0.04|-0.40|1.34;0001-01-01T00:00:05.751+01:00|W11|0.6|-0.23|0.02|-0.23|0.36;0001-01-01T00:00:05.751+01:00|W12|0.6|-0.09|0.10|-0.09|0.00"
99.00;2.23;0001-01-01T00:00:05.7900000+01:00;90.62;1.01;-41.97;22.1;-8.717;-8.276;37.684;-28.035;13.011;-9.293;97.216;-68.103;118.709;"0001-01-01T00:00:05.751+01:00|W1|0.7|0.65|0.05|0.65|0.08;0001-01-01T00:00:05.751+01:00|W2|1.1|1.09|0.20|1.09|0.26;0001-01-01T00:00:05.751+01:00|W3|1.5|1.14|0.16|1.14|0.76;0001-01-01T00:00:05.751+01:00|W4|0.7|0.51|0.28|0.51|0.55;0001-01-01T00:00:05.751+01:00|W5|1.0|0.72|0.22|0.72|0.60;0001-01-01T00:00:05.751+01:00|W6|1.1|1.13|0.19|1.13|0.14;0001-01-01T00:00:05.751+01:00|W7|1.6|1.30|0.07|1.30|0.74;0001-01-01T00:00:05.751+01:00|W8|1.5|0.45|0.33|0.45|1.35;0001-01-01T00:00:05.751+01:00|W9|0.9|-0.07|0.05|-0.07|0.90;0001-01-01T00:00:05.751+01:00|W10|1.5|-0.40|0.04|-0.40|1.34;0001-01-01T00:00:05.751+01:00|W11|0.6|-0.23|0.02|-0.23|0.36;0001-01-01T00:00:05.751+01:00|W12|0.6|-0.09|0.10|-0.09|0.00"
100.00;2.23;0001-01-01T00:00:05.8200000+01:00;91.44;1.03;-42.55;22.0;-8.764;-8.081;38.611;-28.696;13.204;-9.054;97.338;-68.384;118.970;"0001-01-01T00:00:05.751+01:00|W1|0.7|0.65|0.05|0.65|0.08;0001-01-01T00:00:05.751+01:00|W2|1.1|1.09|0.20|1.09|0.26;0001-01-01T00:00:05.751+01:00|W3|1.5|1.14|0.16|1.14|0.76;0001-01-01T00:00:05.751+01:00|W4|0.7|0.51|0.28|0.51|0.55;0001-01-01T00:00:05.751+01:00|W5|1.0|0.72|0.22|0.72|0.60;0001-01-01T00:00:05.751+01:00|W6|1.1|1.13|0.19|1.13|0.14;0001-01-01T00:00:05.751+01:00|W7|1.6|1.30|0.07|1.30|0.74;0001-01-01T00:00:05.751+01:00|W8|1.5|0.45|0.33|0.45|1.35;0001-01-01T00:00:05.751+01:00|W9|0.9|-0.07|0.05|-0.07|0.90;0001-01-01T00:00:05.751+01:00|W10|1.5|-0.40|0.04|-0.40|1.34;0001-01-01T00:00:05.751+01:00|W11|0.6|-0.23|0.02|-0.23|0.36;0001-01-01T00:00:05.751+01:00|W12|0.6|-0.09|0.10|-0.09|0.00"
101.00;2.23;0001-01-01T00:00:05.8500000+01:00;92.26;1.04;-43.12;22.0;-8.780;-7.916;39.579;-29.793;13.400;-8.804;97.467;-68.734;119.278;"0001-01-01T00:00:05.751+01:00|W1|0.7|0.65|0.05|0.65|0.08;0001-01-01T00:00:05.751+01:00|W2|1.1|1.09|0.20|1.09|0.26;0001-01-01T00:00:05.751+01:00|W3|1.5|1.14|0.16|1.14|0.76;0001-01-01T00:00:05.751+01:00|W4|0.7|0.51|0.28|0.51|0.55;0001-01-01T00:00:05.751+01:00|W5|1.0|0.72|0.22|0.72|0.60;0001-01-01T00:00:05.751+01:00|W6|1.1|1.13|0.19|1.13|0.14;0001-01-01T00:00:05.751+01:00|W7|1.6|1.30|0.07|1.30|0.74;0001-01-01T00:00:05.751+01:00|W8|1.5|0.45|0.33|0.45|1.35;0001-01-01T00:00:05.751+01:00|W9|0.9|-0.07|0.05|-0.07|0.90;0001-01-01T00:00:05.751+01:00|W10|1.5|-0.40|0.04|-0.40|1.34;0001-01-01T00:00:05.751+01:00|W11|0.6|-0.23|0.02|-0.23|0.36;0001-01-01T00:00:05.751+01:00|W12|0.6|-0.09|0.10|-0.09|0.00"
102.00;2.23;0001-01-01T00:00:05.8800000+01:00;93.08;1.05;-43.70;22.1;-8.765;-7.920;39.573;-30.306;13.616;-8.678;97.576;-69.205;119.638;"0001-01-01T00:00:06.001+01:00|W1|0.7|0.65|0.05|0.65|0.08;0001-01-01T00:00:06.001+01:00|W2|1.1|1.09|0.20|1.09|0.26;0001-01-01T00:00:06.001+01:00|W3|1.5|1.14|0.16|1.14|0.76;0001-01-01T00:00:06.001+01:00|W4|0.8|0.57|0.16|0.57|0.60;0001-01-01T00:00:06.001+01:00|W5|1.0|0.72|0.22|0.72|0.60;0001-01-01T00:00:06.001+01:00|W6|1.3|1.25|0.30|1.25|0.09;0001-01-01T00:00:06.001+01:00|W7|1.5|1.21|0.15|1.21|0.73;0001-01-01T00:00:06.001+01:00|W8|1.5|0.43|0.31|0.43|1.37;0001-01-01T00:00:06.001+01:00|W9|0.9|-0.07|0.05|-0.07|0.90;0001-01-01T00:00:06.001+01:00|W10|1.5|-0.40|0.04|-0.40|1.34;0001-01-01T00:00:06.001+01:00|W11|0.6|-0.23|0.02|-0.23|0.36;0001-01-01T00:00:06.001+01:00|W12|0.7|-0.03|0.12|-0.03|0.01"
103.00;2.22;0001-01-01T00:00:05.9100000+01:00;93.89;1.07;-44.28;22.1;-8.730;-7.967;39.622;-30.827;13.731;-8.557;97.715;-69.591;119.975;"0001-01-01T00:00:06.001+01:00|W1|0.7|0.65|0.05|0.65|0.08;0001-01-01T00:00:06.001+01:00|W2|1.1|1.09|0.20|1.09|0.26;0001-01-01T00:00:06.001+01:00|W3|1.5|1.14|0.16|1.14|0.76;0001-01-01T00:00:06.001+01:00|W4|0.8|0.57|0.16|0.57|0.60;0001-01-01T00:00:06.001+01:00|W5|1.0|0.72|0.22|0.72|0.60;0001-01-01T00:00:06.001+01:00|W6|1.3|1.25|0.30|1.25|0.09;0001-01-01T00:00:06.001+01:00|W7|1.5|1.21|0.15|1.21|0.73;0001-01-01T00:00:06.001+01:00|W8|1.5|0.43|0.31|0.43|1.37;0001-01-01T00:00:06.001+01:00|W9|0.9|-0.07|0.05|-0.07|0.90;0001-01-01T00:00:06.001+01:00|W10|1.5|-0.40|0.04|-0.40|1.34;0001-01-01T00:00:06.001+01:00|W11|0.6|-0.23|0.02|-0.23|0.36;0001-01-01T00:00:06.001+01:00|W12|0.7|-0.03|0.12|-0.03|0.01"
104.00;2.22;0001-01-01T00:00:05.9400000+01:00;94.71;1.08;-44.86;21.9;-8.669;-8.077;39.748;-31.358;13.701;-8.443;97.899;-69.855;120.278;"0001-01-01T00:00:06.001+01:00|W1|0.7|0.65|0.05|0.65|0.08;0001-01-01T00:00:06.001+01:00|W2|1.1|1.09|0.20|1.09|0.26;0001-01-01T00:00:06.001+01:00|W3|1.5|1.14|0.16|1.14|0.76;0001-01-01T00:00:06.001+01:00|W4|0.8|0.57|0.16|0.57|0.60;0001-01-01T00:00:06.001+01:00|W5|1.0|0.72|0.22|0.72|0.60;0001-01-01T00:00:06.001+01:00|W6|1.3|1.25|0.30|1.25|0.09;0001-01-01T00:00:06.001+01:00|W7|1.5|1.21|0.15|1.21|0.73;0001-01-01T00:00:06.001+01:00|W8|1.5|0.43|0.31|0.43|1.37;0001-01-01T00:00:06.001+01:00|W9|0.9|-0.07|0.05|-0.07|0.90;0001-01-01T00:00:06.001+01:00|W10|1.5|-0.40|0.04|-0.40|1.34;0001-01-01T00:00:06.001+01:00|W11|0.6|-0.23|0.02|-0.23|0.36;0001-01-01T00:00:06.001+01:00|W12|0.7|-0.03|0.12|-0.03|0.01"
105.00;2.21;0001-01-01T00:00:05.9700000+01:00;95.53;1.09;-45.44;21.5;-8.586;-8.244;39.464;-32.182;13.485;-8.289;98.026;-70.222;120.594;"0001-01-01T00:00:06.001+01:00|W1|0.7|0.65|0.05|0.65|0.08;0001-01-01T00:00:06.001+01:00|W2|1.1|1.09|0.20|1.09|0.26;0001-01-01T00:00:06.001+01:00|W3|1.5|1.14|0.16|1.14|0.76;0001-01-01T00:00:06.001+01:00|W4|0.8|0.57|0.16|0.57|0.60;0001-01-01T00:00:06.001+01:00|W5|1.0|0.72|0.22|0.72|0.60;0001-01-01T00:00:06.001+01:00|W6|1.3|1.25|0.30|1.25|0.09;0001-01-01T00:00:06.001+01:00|W7|1.5|1.21|0.15|1.21|0.73;0001-01-01T00:00:06.001+01:00|W8|1.5|0.43|0.31|0.43|1.37;0001-01-01T00:00:06.001+01:00|W9|0.9|-0.07|0.05|-0.07|0.90;0001-01-01T00:00:06.001+01:00|W10|1.5|-0.40|0.04|-0.40|1.34;0001-01-01T00:00:06.001+01:00|W11|0.6|-0.23|0.02|-0.23|0.36;0001-01-01T00:00:06.001+01:00|W12|0.7|-0.03|0.12|-0.03|0.01"
106.00;2.20;0001-01-01T00:00:06.0000000+01:00;96.34;1.10;-46.02;21.1;-8.491;-8.430;39.024;-33.118;13.189;-8.123;98.137;-70.610;120.910;"0001-01-01T00:00:06.001+01:00|W1|0.7|0.65|0.05|0.65|0.08;0001-01-01T00:00:06.001+01:00|W2|1.1|1.09|0.20|1.09|0.26;0001-01-01T00:00:06.001+01:00|W3|1.5|1.14|0.16|1.14|0.76;0001-01-01T00:00:06.001+01:00|W4|0.8|0.57|0.16|0.57|0.60;0001-01-01T00:00:06.001+01:00|W5|1.0|0.72|0.22|0.72|0.60;0001-01-01T00:00:06.001+01:00|W6|1.3|1.25|0.30|1.25|0.09;0001-01-01T00:00:06.001+01:00|W7|1.5|1.21|0.15|1.21|0.73;0001-01-01T00:00:06.001+01:00|W8|1.5|0.43|0.31|0.43|1.37;0001-01-01T00:00:06.001+01:00|W9|0.9|-0.07|0.05|-0.07|0.90;0001-01-01T00:00:06.001+01:00|W10|1.5|-0.40|0.04|-0.40|1.34;0001-01-01T00:00:06.001+01:00|W11|0.6|-0.23|0.02|-0.23|0.36;0001-01-01T00:00:06.001+01:00|W12|0.7|-0.03|0.12|-0.03|0.01"
107.00;2.19;0001-01-01T00:00:06.0300000+01:00;97.15;1.12;-46.61;20.4;-8.329;-8.627;38.384;-34.227;12.688;-7.968;98.299;-70.829;121.167;"0001-01-01T00:00:06.001+01:00|W1|0.7|0.65|0.05|0.65|0.08;0001-01-01T00:00:06.001+01:00|W2|1.1|1.09|0.20|1.09|0.26;0001-01-01T00:00:06.001+01:00|W3|1.5|1.14|0.16|1.14|0.76;0001-01-01T00:00:06.001+01:00|W4|0.8|0.57|0.16|0.57|0.60;0001-01-01T00:00:06.001+01:00|W5|1.0|0.72|0.22|0.72|0.60;0001-01-01T00:00:06.001+01:00|W6|1.3|1.25|0.30|1.25|0.09;0001-01-01T00:00:06.001+01:00|W7|1.5|1.21|0.15|1.21|0.73;0001-01-01T00:00:06.001+01:00|W8|1.5|0.43|0.31|0.43|1.37;0001-01-01T00:00:06.001+01:00|W9|0.9|-0.07|0.05|-0.07|0.90;0001-01-01T00:00:06.001+01:00|W10|1.5|-0.40|0.04|-0.40|1.34;0001-01-01T00:00:06.001+01:00|W11|0.6|-0.23|0.02|-0.23|0.36;0001-01-01T00:00:06.001+01:00|W12|0.7|-0.03|0.12|-0.03|0.01"
108.00;2.18;0001-01-01T00:00:06.0600000+01:00;97.96;1.13;-47.19;19.8;-8.141;-8.802;37.729;-35.287;12.164;-7.849;98.438;-71.081;121.427;"0001-01-01T00:00:06.001+01:00|W1|0.7|0.65|0.05|0.65|0.08;0001-01-01T00:00:06.001+01:00|W2|1.1|1.09|0.20|1.09|0.26;0001-01-01T00:00:06.001+01:00|W3|1.5|1.14|0.16|1.14|0.76;0001-01-01T00:00:06.001+01:00|W4|0.8|0.57|0.16|0.57|0.60;0001-01-01T00:00:06.001+01:00|W5|1.0|0.72|0.22|0.72|0.60;0001-01-01T00:00:06.001+01:00|W6|1.3|1.25|0.30|1.25|0.09;0001-01-01T00:00:06.001+01:00|W7|1.5|1.21|0.15|1.21|0.73;0001-01-01T00:00:06.001+01:00|W8|1.5|0.43|0.31|0.43|1.37;0001-01-01T00:00:06.001+01:00|W9|0.9|-0.07|0.05|-0.07|0.90;0001-01-01T00:00:06.001+01:00|W10|1.5|-0.40|0.04|-0.40|1.34;0001-01-01T00:00:06.001+01:00|W11|0.6|-0.23|0.02|-0.23|0.36;0001-01-01T00:00:06.001+01:00|W12|0.7|-0.03|0.12|-0.03|0.01"
109.00;2.17;0001-01-01T00:00:06.0890000+01:00;98.77;1.14;-47.78;19.2;-7.912;-8.943;37.051;-36.273;11.603;-7.786;98.545;-71.383;121.690;"0001-01-01T00:00:06.001+01:00|W1|0.7|0.65|0.05|0.65|0.08;0001-01-01T00:00:06.001+01:00|W2|1.1|1.09|0.20|1.09|0.26;0001-01-01T00:00:06.001+01:00|W3|1.5|1.14|0.16|1.14|0.76;0001-01-01T00:00:06.001+01:00|W4|0.8|0.57|0.16|0.57|0.60;0001-01-01T00:00:06.001+01:00|W5|1.0|0.72|0.22|0.72|0.60;0001-01-01T00:00:06.001+01:00|W6|1.3|1.25|0.30|1.25|0.09;0001-01-01T00:00:06.001+01:00|W7|1.5|1.21|0.15|1.21|0.73;0001-01-01T00:00:06.001+01:00|W8|1.5|0.43|0.31|0.43|1.37;0001-01-01T00:00:06.001+01:00|W9|0.9|-0.07|0.05|-0.07|0.90;0001-01-01T00:00:06.001+01:00|W10|1.5|-0.40|0.04|-0.40|1.34;0001-01-01T00:00:06.001+01:00|W11|0.6|-0.23|0.02|-0.23|0.36;0001-01-01T00:00:06.001+01:00|W12|0.7|-0.03|0.12|-0.03|0.01"
110.00;2.16;0001-01-01T00:00:06.1190000+01:00;99.58;1.15;-48.37;18.6;-7.599;-9.018;36.516;-36.706;11.050;-7.788;98.666;-71.588;121.908;"0001-01-01T00:00:06.001+01:00|W1|0.7|0.65|0.05|0.65|0.08;0001-01-01T00:00:06.001+01:00|W2|1.1|1.09|0.20|1.09|0.26;0001-01-01T00:00:06.001+01:00|W3|1.5|1.14|0.16|1.14|0.76;0001-01-01T00:00:06.001+01:00|W4|0.8|0.57|0.16|0.57|0.60;0001-01-01T00:00:06.001+01:00|W5|1.0|0.72|0.22|0.72|0.60;0001-01-01T00:00:06.001+01:00|W6|1.3|1.25|0.30|1.25|0.09;0001-01-01T00:00:06.001+01:00|W7|1.5|1.21|0.15|1.21|0.73;0001-01-01T00:00:06.001+01:00|W8|1.5|0.43|0.31|0.43|1.37;0001-01-01T00:00:06.001+01:00|W9|0.9|-0.07|0.05|-0.07|0.90;0001-01-01T00:00:06.001+01:00|W10|1.5|-0.40|0.04|-0.40|1.34;0001-01-01T00:00:06.001+01:00|W11|0.6|-0.23|0.02|-0.23|0.36;0001-01-01T00:00:06.001+01:00|W12|0.7|-0.03|0.12|-0.03|0.01"
111.00;2.15;0001-01-01T00:00:06.1480000+01:00;100.40;1.16;-48.96;18.1;-7.251;-9.065;36.040;-36.910;10.502;-7.817;98.794;-71.753;122.109;"0001-01-01T00:00:06.253+01:00|W1|0.7|0.71|0.03|0.71|0.11;0001-01-01T00:00:06.253+01:00|W2|1.0|0.97|0.07|0.97|0.20;0001-01-01T00:00:06.253+01:00|W3|1.4|1.07|0.08|1.07|0.76;0001-01-01T00:00:06.253+01:00|W4|0.9|0.62|0.08|0.62|0.61;0001-01-01T00:00:06.253+01:00|W5|1.0|0.87|0.23|0.87|0.45;0001-01-01T00:00:06.253+01:00|W6|1.4|1.36|0.41|1.36|0.14;0001-01-01T00:00:06.253+01:00|W7|1.3|1.07|0.25|1.07|0.77;0001-01-01T00:00:06.253+01:00|W8|1.5|0.36|0.28|0.36|1.39;0001-01-01T00:00:06.253+01:00|W9|1.0|-0.08|0.08|-0.08|0.90;0001-01-01T00:00:06.253+01:00|W10|1.5|-0.34|0.01|-0.34|1.29;0001-01-01T00:00:06.253+01:00|W11|0.7|-0.39|0.07|-0.39|0.40;0001-01-01T00:00:06.253+01:00|W12|0.7|0.10|0.13|0.10|0.00"
112.00;2.14;0001-01-01T00:00:06.1780000+01:00;101.20;1.17;-49.55;17.8;-6.902;-9.131;35.493;-37.335;10.161;-7.847;98.922;-71.980;122.346;"0001-01-01T00:00:06.253+01:00|W1|0.7|0.71|0.03|0.71|0.11;0001-01-01T00:00:06.253+01:00|W2|1.0|0.97|0.07|0.97|0.20;0001-01-01T00:00:06.253+01:00|W3|1.4|1.07|0.08|1.07|0.76;0001-01-01T00:00:06.253+01:00|W4|0.9|0.62|0.08|0.62|0.61;0001-01-01T00:00:06.253+01:00|W5|1.0|0.87|0.23|0.87|0.45;0001-01-01T00:00:06.253+01:00|W6|1.4|1.36|0.41|1.36|0.14;0001-01-01T00:00:06.253+01:00|W7|1.3|1.07|0.25|1.07|0.77;0001-01-01T00:00:06.253+01:00|W8|1.5|0.36|0.28|0.36|1.39;0001-01-01T00:00:06.253+01:00|W9|1.0|-0.08|0.08|-0.08|0.90;0001-01-01T00:00:06.253+01:00|W10|1.5|-0.34|0.01|-0.34|1.29;0001-01-01T00:00:06.253+01:00|W11|0.7|-0.39|0.07|-0.39|0.40;0001-01-01T00:00:06.253+01:00|W12|0.7|0.10|0.13|0.10|0.00"
113.00;2.13;0001-01-01T00:00:06.2070000+01:00;102.01;1.19;-50.14;17.6;-6.574;-9.152;35.033;-37.776;9.891;-7.825;99.042;-72.179;122.562;"0001-01-01T00:00:06.253+01:00|W1|0.7|0.71|0.03|0.71|0.11;0001-01-01T00:00:06.253+01:00|W2|1.0|0.97|0.07|0.97|0.20;0001-01-01T00:00:06.253+01:00|W3|1.4|1.07|0.08|1.07|0.76;0001-01-01T00:00:06.253+01:00|W4|0.9|0.62|0.08|0.62|0.61;0001-01-01T00:00:06.253+01:00|W5|1.0|0.87|0.23|0.87|0.45;0001-01-01T00:00:06.253+01:00|W6|1.4|1.36|0.41|1.36|0.14;0001-01-01T00:00:06.253+01:00|W7|1.3|1.07|0.25|1.07|0.77;0001-01-01T00:00:06.253+01:00|W8|1.5|0.36|0.28|0.36|1.39;0001-01-01T00:00:06.253+01:00|W9|1.0|-0.08|0.08|-0.08|0.90;0001-01-01T00:00:06.253+01:00|W10|1.5|-0.34|0.01|-0.34|1.29;0001-01-01T00:00:06.253+01:00|W11|0.7|-0.39|0.07|-0.39|0.40;0001-01-01T00:00:06.253+01:00|W12|0.7|0.10|0.13|0.10|0.00"
114.00;2.12;0001-01-01T00:00:06.2370000+01:00;102.82;1.20;-50.73;17.3;-6.289;-9.078;34.761;-38.249;9.771;-7.690;99.148;-72.321;122.732;"0001-01-01T00:00:06.253+01:00|W1|0.7|0.71|0.03|0.71|0.11;0001-01-01T00:00:06.253+01:00|W2|1.0|0.97|0.07|0.97|0.20;0001-01-01T00:00:06.253+01:00|W3|1.4|1.07|0.08|1.07|0.76;0001-01-01T00:00:06.253+01:00|W4|0.9|0.62|0.08|0.62|0.61;0001-01-01T00:00:06.253+01:00|W5|1.0|0.87|0.23|0.87|0.45;0001-01-01T00:00:06.253+01:00|W6|1.4|1.36|0.41|1.36|0.14;0001-01-01T00:00:06.253+01:00|W7|1.3|1.07|0.25|1.07|0.77;0001-01-01T00:00:06.253+01:00|W8|1.5|0.36|0.28|0.36|1.39;0001-01-01T00:00:06.253+01:00|W9|1.0|-0.08|0.08|-0.08|0.90;0001-01-01T00:00:06.253+01:00|W10|1.5|-0.34|0.01|-0.34|1.29;0001-01-01T00:00:06.253+01:00|W11|0.7|-0.39|0.07|-0.39|0.40;0001-01-01T00:00:06.253+01:00|W12|0.7|0.10|0.13|0.10|0.00"
115.00;2.11;0001-01-01T00:00:06.2660000+01:00;103.63;1.21;-51.32;17.1;-6.075;-8.969;34.959;-38.473;9.746;-7.535;99.247;-72.449;122.888;"0001-01-01T00:00:06.253+01:00|W1|0.7|0.71|0.03|0.71|0.11;0001-01-01T00:00:06.253+01:00|W2|1.0|0.97|0.07|0.97|0.20;0001-01-01T00:00:06.253+01:00|W3|1.4|1.07|0.08|1.07|0.76;0001-01-01T00:00:06.253+01:00|W4|0.9|0.62|0.08|0.62|0.61;0001-01-01T00:00:06.253+01:00|W5|1.0|0.87|0.23|0.87|0.45;0001-01-01T00:00:06.253+01:00|W6|1.4|1.36|0.41|1.36|0.14;0001-01-01T00:00:06.253+01:00|W7|1.3|1.07|0.25|1.07|0.77;0001-01-01T00:00:06.253+01:00|W8|1.5|0.36|0.28|0.36|1.39;0001-01-01T00:00:06.253+01:00|W9|1.0|-0.08|0.08|-0.08|0.90;0001-01-01T00:00:06.253+01:00|W10|1.5|-0.34|0.01|-0.34|1.29;0001-01-01T00:00:06.253+01:00|W11|0.7|-0.39|0.07|-0.39|0.40;0001-01-01T00:00:06.253+01:00|W12|0.7|0.10|0.13|0.10|0.00"
116.00;2.10;0001-01-01T00:00:06.2950000+01:00;104.44;1.23;-51.91;17.0;-5.903;-8.839;35.443;-38.544;9.778;-7.368;99.342;-72.569;123.036;"0001-01-01T00:00:06.253+01:00|W1|0.7|0.71|0.03|0.71|0.11;0001-01-01T00:00:06.253+01:00|W2|1.0|0.97|0.07|0.97|0.20;0001-01-01T00:00:06.253+01:00|W3|1.4|1.07|0.08|1.07|0.76;0001-01-01T00:00:06.253+01:00|W4|0.9|0.62|0.08|0.62|0.61;0001-01-01T00:00:06.253+01:00|W5|1.0|0.87|0.23|0.87|0.45;0001-01-01T00:00:06.253+01:00|W6|1.4|1.36|0.41|1.36|0.14;0001-01-01T00:00:06.253+01:00|W7|1.3|1.07|0.25|1.07|0.77;0001-01-01T00:00:06.253+01:00|W8|1.5|0.36|0.28|0.36|1.39;0001-01-01T00:00:06.253+01:00|W9|1.0|-0.08|0.08|-0.08|0.90;0001-01-01T00:00:06.253+01:00|W10|1.5|-0.34|0.01|-0.34|1.29;0001-01-01T00:00:06.253+01:00|W11|0.7|-0.39|0.07|-0.39|0.40;0001-01-01T00:00:06.253+01:00|W12|0.7|0.10|0.13|0.10|0.00"
117.00;2.09;0001-01-01T00:00:06.3250000+01:00;105.25;1.24;-52.50;16.7;-5.608;-8.508;36.072;-38.561;9.780;-7.085;99.466;-72.689;123.205;"0001-01-01T00:00:06.253+01:00|W1|0.7|0.71|0.03|0.71|0.11;0001-01-01T00:00:06.253+01:00|W2|1.0|0.97|0.07|0.97|0.20;0001-01-01T00:00:06.253+01:00|W3|1.4|1.07|0.08|1.07|0.76;0001-01-01T00:00:06.253+01:00|W4|0.9|0.62|0.08|0.62|0.61;0001-01-01T00:00:06.253+01:00|W5|1.0|0.87|0.23|0.87|0.45;0001-01-01T00:00:06.253+01:00|W6|1.4|1.36|0.41|1.36|0.14;0001-01-01T00:00:06.253+01:00|W7|1.3|1.07|0.25|1.07|0.77;0001-01-01T00:00:06.253+01:00|W8|1.5|0.36|0.28|0.36|1.39;0001-01-01T00:00:06.253+01:00|W9|1.0|-0.08|0.08|-0.08|0.90;0001-01-01T00:00:06.253+01:00|W10|1.5|-0.34|0.01|-0.34|1.29;0001-01-01T00:00:06.253+01:00|W11|0.7|-0.39|0.07|-0.39|0.40;0001-01-01T00:00:06.253+01:00|W12|0.7|0.10|0.13|0.10|0.00"
118.00;2.09;0001-01-01T00:00:06.3540000+01:00;106.06;1.25;-53.09;16.5;-5.301;-8.145;36.594;-38.597;9.795;-6.783;99.584;-72.817;123.376;"0001-01-01T00:00:06.253+01:00|W1|0.7|0.71|0.03|0.71|0.11;0001-01-01T00:00:06.253+01:00|W2|1.0|0.97|0.07|0.97|0.20;0001-01-01T00:00:06.253+01:00|W3|1.4|1.07|0.08|1.07|0.76;0001-01-01T00:00:06.253+01:00|W4|0.9|0.62|0.08|0.62|0.61;0001-01-01T00:00:06.253+01:00|W5|1.0|0.87|0.23|0.87|0.45;0001-01-01T00:00:06.253+01:00|W6|1.4|1.36|0.41|1.36|0.14;0001-01-01T00:00:06.253+01:00|W7|1.3|1.07|0.25|1.07|0.77;0001-01-01T00:00:06.253+01:00|W8|1.5|0.36|0.28|0.36|1.39;0001-01-01T00:00:06.253+01:00|W9|1.0|-0.08|0.08|-0.08|0.90;0001-01-01T00:00:06.253+01:00|W10|1.5|-0.34|0.01|-0.34|1.29;0001-01-01T00:00:06.253+01:00|W11|0.7|-0.39|0.07|-0.39|0.40;0001-01-01T00:00:06.253+01:00|W12|0.7|0.10|0.13|0.10|0.00"
119.00;2.08;0001-01-01T00:00:06.3830000+01:00;106.87;1.26;-53.68;16.2;-4.992;-7.736;36.654;-38.726;9.880;-6.450;99.668;-72.979;123.540;"0001-01-01T00:00:06.501+01:00|W1|0.8|0.73|0.05|0.73|0.14;0001-01-01T00:00:06.501+01:00|W2|0.9|0.89|0.00|0.89|0.14;0001-01-01T00:00:06.501+01:00|W3|1.4|1.02|0.03|1.02|0.77;0001-01-01T00:00:06.501+01:00|W4|0.9|0.72|0.00|0.72|0.57;0001-01-01T00:00:06.501+01:00|W5|1.1|0.94|0.30|0.94|0.58;0001-01-01T00:00:06.501+01:00|W6|1.4|1.38|0.45|1.38|0.25;0001-01-01T00:00:06.501+01:00|W7|1.3|0.99|0.24|0.99|0.88;0001-01-01T00:00:06.501+01:00|W8|1.4|0.27|0.21|0.27|1.38;0001-01-01T00:00:06.501+01:00|W9|0.9|-0.02|0.01|-0.02|0.82;0001-01-01T00:00:06.501+01:00|W10|1.5|-0.34|0.04|-0.34|1.27;0001-01-01T00:00:06.501+01:00|W11|0.7|-0.44|0.12|-0.44|0.45;0001-01-01T00:00:06.501+01:00|W12|0.7|0.20|0.12|0.20|0.04"
120.00;2.07;0001-01-01T00:00:06.4120000+01:00;107.67;1.28;-54.27;16.0;-4.671;-7.327;37.427;-38.625;10.020;-6.110;99.773;-73.089;123.691;"0001-01-01T00:00:06.501+01:00|W1|0.8|0.73|0.05|0.73|0.14;0001-01-01T00:00:06.501+01:00|W2|0.9|0.89|0.00|0.89|0.14;0001-01-01T00:00:06.501+01:00|W3|1.4|1.02|0.03|1.02|0.77;0001-01-01T00:00:06.501+01:00|W4|0.9|0.72|0.00|0.72|0.57;0001-01-01T00:00:06.501+01:00|W5|1.1|0.94|0.30|0.94|0.58;0001-01-01T00:00:06.501+01:00|W6|1.4|1.38|0.45|1.38|0.25;0001-01-01T00:00:06.501+01:00|W7|1.3|0.99|0.24|0.99|0.88;0001-01-01T00:00:06.501+01:00|W8|1.4|0.27|0.21|0.27|1.38;0001-01-01T00:00:06.501+01:00|W9|0.9|-0.02|0.01|-0.02|0.82;0001-01-01T00:00:06.501+01:00|W10|1.5|-0.34|0.04|-0.34|1.27;0001-01-01T00:00:06.501+01:00|W11|0.7|-0.44|0.12|-0.44|0.45;0001-01-01T00:00:06.501+01:00|W12|0.7|0.20|0.12|0.20|0.04"
121.00;2.07;0001-01-01T00:00:06.4410000+01:00;108.48;1.29;-54.86;15.9;-4.337;-6.919;38.928;-38.291;10.214;-5.762;99.899;-73.145;123.827;"0001-01-01T00:00:06.501+01:00|W1|0.8|0.73|0.05|0.73|0.14;0001-01-01T00:00:06.501+01:00|W2|0.9|0.89|0.00|0.89|0.14;0001-01-01T00:00:06.501+01:00|W3|1.4|1.02|0.03|1.02|0.77;0001-01-01T00:00:06.501+01:00|W4|0.9|0.72|0.00|0.72|0.57;0001-01-01T00:00:06.501+01:00|W5|1.1|0.94|0.30|0.94|0.58;0001-01-01T00:00:06.501+01:00|W6|1.4|1.38|0.45|1.38|0.25;0001-01-01T00:00:06.501+01:00|W7|1.3|0.99|0.24|0.99|0.88;0001-01-01T00:00:06.501+01:00|W8|1.4|0.27|0.21|0.27|1.38;0001-01-01T00:00:06.501+01:00|W9|0.9|-0.02|0.01|-0.02|0.82;0001-01-01T00:00:06.501+01:00|W10|1.5|-0.34|0.04|-0.34|1.27;0001-01-01T00:00:06.501+01:00|W11|0.7|-0.44|0.12|-0.44|0.45;0001-01-01T00:00:06.501+01:00|W12|0.7|0.20|0.12|0.20|0.04"
122.00;2.06;0001-01-01T00:00:06.4710000+01:00;109.29;1.31;-55.46;15.9;-4.071;-6.510;39.603;-37.933;10.575;-5.384;100.016;-73.266;123.994;"0001-01-01T00:00:06.501+01:00|W1|0.8|0.73|0.05|0.73|0.14;0001-01-01T00:00:06.501+01:00|W2|0.9|0.89|0.00|0.89|0.14;0001-01-01T00:00:06.501+01:00|W3|1.4|1.02|0.03|1.02|0.77;0001-01-01T00:00:06.501+01:00|W4|0.9|0.72|0.00|0.72|0.57;0001-01-01T00:00:06.501+01:00|W5|1.1|0.94|0.30|0.94|0.58;0001-01-01T00:00:06.501+01:00|W6|1.4|1.38|0.45|1.38|0.25;0001-01-01T00:00:06.501+01:00|W7|1.3|0.99|0.24|0.99|0.88;0001-01-01T00:00:06.501+01:00|W8|1.4|0.27|0.21|0.27|1.38;0001-01-01T00:00:06.501+01:00|W9|0.9|-0.02|0.01|-0.02|0.82;0001-01-01T00:00:06.501+01:00|W10|1.5|-0.34|0.04|-0.34|1.27;0001-01-01T00:00:06.501+01:00|W11|0.7|-0.44|0.12|-0.44|0.45;0001-01-01T00:00:06.501+01:00|W12|0.7|0.20|0.12|0.20|0.04"
123.00;2.06;0001-01-01T00:00:06.5000000+01:00;110.10;1.32;-56.05;15.9;-3.824;-6.102;40.063;-37.588;10.979;-4.997;100.134;-73.397;124.166;"0001-01-01T00:00:06.501+01:00|W1|0.8|0.73|0.05|0.73|0.14;0001-01-01T00:00:06.501+01:00|W2|0.9|0.89|0.00|0.89|0.14;0001-01-01T00:00:06.501+01:00|W3|1.4|1.02|0.03|1.02|0.77;0001-01-01T00:00:06.501+01:00|W4|0.9|0.72|0.00|0.72|0.57;0001-01-01T00:00:06.501+01:00|W5|1.1|0.94|0.30|0.94|0.58;0001-01-01T00:00:06.501+01:00|W6|1.4|1.38|0.45|1.38|0.25;0001-01-01T00:00:06.501+01:00|W7|1.3|0.99|0.24|0.99|0.88;0001-01-01T00:00:06.501+01:00|W8|1.4|0.27|0.21|0.27|1.38;0001-01-01T00:00:06.501+01:00|W9|0.9|-0.02|0.01|-0.02|0.82;0001-01-01T00:00:06.501+01:00|W10|1.5|-0.34|0.04|-0.34|1.27;0001-01-01T00:00:06.501+01:00|W11|0.7|-0.44|0.12|-0.44|0.45;0001-01-01T00:00:06.501+01:00|W12|0.7|0.20|0.12|0.20|0.04"
124.00;2.06;0001-01-01T00:00:06.5290000+01:00;110.91;1.33;-56.64;15.8;-3.554;-5.728;40.960;-37.590;11.288;-4.602;100.290;-73.369;124.276;"0001-01-01T00:00:06.501+01:00|W1|0.8|0.73|0.05|0.73|0.14;0001-01-01T00:00:06.501+01:00|W2|0.9|0.89|0.00|0.89|0.14;0001-01-01T00:00:06.501+01:00|W3|1.4|1.02|0.03|1.02|0.77;0001-01-01T00:00:06.501+01:00|W4|0.9|0.72|0.00|0.72|0.57;0001-01-01T00:00:06.501+01:00|W5|1.1|0.94|0.30|0.94|0.58;0001-01-01T00:00:06.501+01:00|W6|1.4|1.38|0.45|1.38|0.25;0001-01-01T00:00:06.501+01:00|W7|1.3|0.99|0.24|0.99|0.88;0001-01-01T00:00:06.501+01:00|W8|1.4|0.27|0.21|0.27|1.38;0001-01-01T00:00:06.501+01:00|W9|0.9|-0.02|0.01|-0.02|0.82;0001-01-01T00:00:06.501+01:00|W10|1.5|-0.34|0.04|-0.34|1.27;0001-01-01T00:00:06.501+01:00|W11|0.7|-0.44|0.12|-0.44|0.45;0001-01-01T00:00:06.501+01:00|W12|0.7|0.20|0.12|0.20|0.04"
125.00;2.06;0001-01-01T00:00:06.5580000+01:00;111.71;1.35;-57.23;15.7;-3.343;-5.361;41.741;-37.490;11.569;-4.218;100.426;-73.432;124.424;"0001-01-01T00:00:06.501+01:00|W1|0.8|0.73|0.05|0.73|0.14;0001-01-01T00:00:06.501+01:00|W2|0.9|0.89|0.00|0.89|0.14;0001-01-01T00:00:06.501+01:00|W3|1.4|1.02|0.03|1.02|0.77;0001-01-01T00:00:06.501+01:00|W4|0.9|0.72|0.00|0.72|0.57;0001-01-01T00:00:06.501+01:00|W5|1.1|0.94|0.30|0.94|0.58;0001-01-01T00:00:06.501+01:00|W6|1.4|1.38|0.45|1.38|0.25;0001-01-01T00:00:06.501+01:00|W7|1.3|0.99|0.24|0.99|0.88;0001-01-01T00:00:06.501+01:00|W8|1.4|0.27|0.21|0.27|1.38;0001-01-01T00:00:06.501+01:00|W9|0.9|-0.02|0.01|-0.02|0.82;0001-01-01T00:00:06.501+01:00|W10|1.5|-0.34|0.04|-0.34|1.27;0001-01-01T00:00:06.501+01:00|W11|0.7|-0.44|0.12|-0.44|0.45;0001-01-01T00:00:06.501+01:00|W12|0.7|0.20|0.12|0.20|0.04"
126.00;2.06;0001-01-01T00:00:06.5870000+01:00;112.52;1.37;-57.82;15.6;-3.251;-5.005;42.288;-37.186;11.791;-3.856;100.520;-73.675;124.645;"0001-01-01T00:00:06.501+01:00|W1|0.8|0.73|0.05|0.73|0.14;0001-01-01T00:00:06.501+01:00|W2|0.9|0.89|0.00|0.89|0.14;0001-01-01T00:00:06.501+01:00|W3|1.4|1.02|0.03|1.02|0.77;0001-01-01T00:00:06.501+01:00|W4|0.9|0.72|0.00|0.72|0.57;0001-01-01T00:00:06.501+01:00|W5|1.1|0.94|0.30|0.94|0.58;0001-01-01T00:00:06.501+01:00|W6|1.4|1.38|0.45|1.38|0.25;0001-01-01T00:00:06.501+01:00|W7|1.3|0.99|0.24|0.99|0.88;0001-01-01T00:00:06.501+01:00|W8|1.4|0.27|0.21|0.27|1.38;0001-01-01T00:00:06.501+01:00|W9|0.9|-0.02|0.01|-0.02|0.82;0001-01-01T00:00:06.501+01:00|W10|1.5|-0.34|0.04|-0.34|1.27;0001-01-01T00:00:06.501+01:00|W11|0.7|-0.44|0.12|-0.44|0.45;0001-01-01T00:00:06.501+01:00|W12|0.7|0.20|0.12|0.20|0.04"
127.00;2.06;0001-01-01T00:00:06.6150000+01:00;113.33;1.38;-58.41;15.4;-3.292;-4.651;42.714;-36.864;11.973;-3.488;100.652;-73.831;124.844;"0001-01-01T00:00:06.501+01:00|W1|0.8|0.73|0.05|0.73|0.14;0001-01-01T00:00:06.501+01:00|W2|0.9|0.89|0.00|0.89|0.14;0001-01-01T00:00:06.501+01:00|W3|1.4|1.02|0.03|1.02|0.77;0001-01-01T00:00:06.501+01:00|W4|0.9|0.72|0.00|0.72|0.57;0001-01-01T00:00:06.501+01:00|W5|1.1|0.94|0.30|0.94|0.58;0001-01-01T00:00:06.501+01:00|W6|1.4|1.38|0.45|1.38|0.25;0001-01-01T00:00:06.501+01:00|W7|1.3|0.99|0.24|0.99|0.88;0001-01-01T00:00:06.501+01:00|W8|1.4|0.27|0.21|0.27|1.38;0001-01-01T00:00:06.501+01:00|W9|0.9|-0.02|0.01|-0.02|0.82;0001-01-01T00:00:06.501+01:00|W10|1.5|-0.34|0.04|-0.34|1.27;0001-01-01T00:00:06.501+01:00|W11|0.7|-0.44|0.12|-0.44|0.45;0001-01-01T00:00:06.501+01:00|W12|0.7|0.20|0.12|0.20|0.04"
128.00;2.06;0001-01-01T00:00:06.6440000+01:00;114.14;1.40;-59.01;15.2;-3.421;-4.297;43.061;-36.530;12.126;-3.115;100.808;-73.928;125.028;"0001-01-01T00:00:06.748+01:00|W1|0.8|0.74|0.06|0.74|0.16;0001-01-01T00:00:06.748+01:00|W2|0.9|0.91|0.04|0.91|0.08;0001-01-01T00:00:06.748+01:00|W3|1.3|1.02|0.02|1.02|0.75;0001-01-01T00:00:06.748+01:00|W4|1.0|0.82|0.09|0.82|0.53;0001-01-01T00:00:06.748+01:00|W5|1.1|0.95|0.28|0.95|0.58;0001-01-01T00:00:06.748+01:00|W6|1.4|1.37|0.48|1.37|0.42;0001-01-01T00:00:06.748+01:00|W7|1.3|0.99|0.21|0.99|0.88;0001-01-01T00:00:06.748+01:00|W8|1.4|0.23|0.20|0.23|1.42;0001-01-01T00:00:06.748+01:00|W9|0.9|0.02|0.02|0.02|0.78;0001-01-01T00:00:06.748+01:00|W10|1.5|-0.30|0.06|-0.30|1.25;0001-01-01T00:00:06.748+01:00|W11|0.8|-0.50|0.19|-0.50|0.53;0001-01-01T00:00:06.748+01:00|W12|0.7|0.35|0.17|0.35|0.09"
129.00;2.05;0001-01-01T00:00:06.6730000+01:00;114.94;1.41;-59.60;15.2;-3.786;-4.384;42.392;-36.838;12.172;-3.009;100.944;-74.249;125.328;"0001-01-01T00:00:06.748+01:00|W1|0.8|0.74|0.06|0.74|0.16;0001-01-01T00:00:06.748+01:00|W2|0.9|0.91|0.04|0.91|0.08;0001-01-01T00:00:06.748+01:00|W3|1.3|1.02|0.02|1.02|0.75;0001-01-01T00:00:06.748+01:00|W4|1.0|0.82|0.09|0.82|0.53;0001-01-01T00:00:06.748+01:00|W5|1.1|0.95|0.28|0.95|0.58;0001-01-01T00:00:06.748+01:00|W6|1.4|1.37|0.48|1.37|0.42;0001-01-01T00:00:06.748+01:00|W7|1.3|0.99|0.21|0.99|0.88;0001-01-01T00:00:06.748+01:00|W8|1.4|0.23|0.20|0.23|1.42;0001-01-01T00:00:06.748+01:00|W9|0.9|0.02|0.02|0.02|0.78;0001-01-01T00:00:06.748+01:00|W10|1.5|-0.30|0.06|-0.30|1.25;0001-01-01T00:00:06.748+01:00|W11|0.8|-0.50|0.19|-0.50|0.53;0001-01-01T00:00:06.748+01:00|W12|0.7|0.35|0.17|0.35|0.09"
130.00;2.05;0001-01-01T00:00:06.7020000+01:00;115.75;1.43;-60.20;15.2;-4.184;-4.534;41.576;-37.238;12.203;-2.941;101.078;-74.602;125.644;"0001-01-01T00:00:06.748+01:00|W1|0.8|0.74|0.06|0.74|0.16;0001-01-01T00:00:06.748+01:00|W2|0.9|0.91|0.04|0.91|0.08;0001-01-01T00:00:06.748+01:00|W3|1.3|1.02|0.02|1.02|0.75;0001-01-01T00:00:06.748+01:00|W4|1.0|0.82|0.09|0.82|0.53;0001-01-01T00:00:06.748+01:00|W5|1.1|0.95|0.28|0.95|0.58;0001-01-01T00:00:06.748+01:00|W6|1.4|1.37|0.48|1.37|0.42;0001-01-01T00:00:06.748+01:00|W7|1.3|0.99|0.21|0.99|0.88;0001-01-01T00:00:06.748+01:00|W8|1.4|0.23|0.20|0.23|1.42;0001-01-01T00:00:06.748+01:00|W9|0.9|0.02|0.02|0.02|0.78;0001-01-01T00:00:06.748+01:00|W10|1.5|-0.30|0.06|-0.30|1.25;0001-01-01T00:00:06.748+01:00|W11|0.8|-0.50|0.19|-0.50|0.53;0001-01-01T00:00:06.748+01:00|W12|0.7|0.35|0.17|0.35|0.09"
131.00;2.05;0001-01-01T00:00:06.7300000+01:00;116.55;1.45;-60.80;15.3;-4.582;-4.685;40.761;-37.639;12.233;-2.873;101.211;-74.956;125.961;"0001-01-01T00:00:06.748+01:00|W1|0.8|0.74|0.06|0.74|0.16;0001-01-01T00:00:06.748+01:00|W2|0.9|0.91|0.04|0.91|0.08;0001-01-01T00:00:06.748+01:00|W3|1.3|1.02|0.02|1.02|0.75;0001-01-01T00:00:06.748+01:00|W4|1.0|0.82|0.09|0.82|0.53;0001-01-01T00:00:06.748+01:00|W5|1.1|0.95|0.28|0.95|0.58;0001-01-01T00:00:06.748+01:00|W6|1.4|1.37|0.48|1.37|0.42;0001-01-01T00:00:06.748+01:00|W7|1.3|0.99|0.21|0.99|0.88;0001-01-01T00:00:06.748+01:00|W8|1.4|0.23|0.20|0.23|1.42;0001-01-01T00:00:06.748+01:00|W9|0.9|0.02|0.02|0.02|0.78;0001-01-01T00:00:06.748+01:00|W10|1.5|-0.30|0.06|-0.30|1.25;0001-01-01T00:00:06.748+01:00|W11|0.8|-0.50|0.19|-0.50|0.53;0001-01-01T00:00:06.748+01:00|W12|0.7|0.35|0.17|0.35|0.09"
132.00;2.05;0001-01-01T00:00:06.7590000+01:00;117.36;1.47;-61.39;15.0;-4.833;-4.836;40.003;-38.041;12.055;-2.805;101.306;-75.069;126.105;"0001-01-01T00:00:06.748+01:00|W1|0.8|0.74|0.06|0.74|0.16;0001-01-01T00:00:06.748+01:00|W2|0.9|0.91|0.04|0.91|0.08;0001-01-01T00:00:06.748+01:00|W3|1.3|1.02|0.02|1.02|0.75;0001-01-01T00:00:06.748+01:00|W4|1.0|0.82|0.09|0.82|0.53;0001-01-01T00:00:06.748+01:00|W5|1.1|0.95|0.28|0.95|0.58;0001-01-01T00:00:06.748+01:00|W6|1.4|1.37|0.48|1.37|0.42;0001-01-01T00:00:06.748+01:00|W7|1.3|0.99|0.21|0.99|0.88;0001-01-01T00:00:06.748+01:00|W8|1.4|0.23|0.20|0.23|1.42;0001-01-01T00:00:06.748+01:00|W9|0.9|0.02|0.02|0.02|0.78;0001-01-01T00:00:06.748+01:00|W10|1.5|-0.30|0.06|-0.30|1.25;0001-01-01T00:00:06.748+01:00|W11|0.8|-0.50|0.19|-0.50|0.53;0001-01-01T00:00:06.748+01:00|W12|0.7|0.35|0.17|0.35|0.09"
133.00;2.07;0001-01-01T00:00:06.7880000+01:00;118.17;1.48;-61.97;14.3;-4.852;-4.987;39.336;-38.444;11.550;-2.736;101.338;-74.807;125.976;"0001-01-01T00:00:06.748+01:00|W1|0.8|0.74|0.06|0.74|0.16;0001-01-01T00:00:06.748+01:00|W2|0.9|0.91|0.04|0.91|0.08;0001-01-01T00:00:06.748+01:00|W3|1.3|1.02|0.02|1.02|0.75;0001-01-01T00:00:06.748+01:00|W4|1.0|0.82|0.09|0.82|0.53;0001-01-01T00:00:06.748+01:00|W5|1.1|0.95|0.28|0.95|0.58;0001-01-01T00:00:06.748+01:00|W6|1.4|1.37|0.48|1.37|0.42;0001-01-01T00:00:06.748+01:00|W7|1.3|0.99|0.21|0.99|0.88;0001-01-01T00:00:06.748+01:00|W8|1.4|0.23|0.20|0.23|1.42;0001-01-01T00:00:06.748+01:00|W9|0.9|0.02|0.02|0.02|0.78;0001-01-01T00:00:06.748+01:00|W10|1.5|-0.30|0.06|-0.30|1.25;0001-01-01T00:00:06.748+01:00|W11|0.8|-0.50|0.19|-0.50|0.53;0001-01-01T00:00:06.748+01:00|W12|0.7|0.35|0.17|0.35|0.09"
134.00;2.08;0001-01-01T00:00:06.8170000+01:00;118.98;1.50;-62.56;13.9;-4.753;-5.501;38.853;-38.694;11.067;-2.859;101.384;-74.828;126.027;"0001-01-01T00:00:06.748+01:00|W1|0.8|0.74|0.06|0.74|0.16;0001-01-01T00:00:06.748+01:00|W2|0.9|0.91|0.04|0.91|0.08;0001-01-01T00:00:06.748+01:00|W3|1.3|1.02|0.02|1.02|0.75;0001-01-01T00:00:06.748+01:00|W4|1.0|0.82|0.09|0.82|0.53;0001-01-01T00:00:06.748+01:00|W5|1.1|0.95|0.28|0.95|0.58;0001-01-01T00:00:06.748+01:00|W6|1.4|1.37|0.48|1.37|0.42;0001-01-01T00:00:06.748+01:00|W7|1.3|0.99|0.21|0.99|0.88;0001-01-01T00:00:06.748+01:00|W8|1.4|0.23|0.20|0.23|1.42;0001-01-01T00:00:06.748+01:00|W9|0.9|0.02|0.02|0.02|0.78;0001-01-01T00:00:06.748+01:00|W10|1.5|-0.30|0.06|-0.30|1.25;0001-01-01T00:00:06.748+01:00|W11|0.8|-0.50|0.19|-0.50|0.53;0001-01-01T00:00:06.748+01:00|W12|0.7|0.35|0.17|0.35|0.09"
135.00;2.08;0001-01-01T00:00:06.8450000+01:00;119.79;1.51;-63.16;13.6;-4.591;-6.202;38.464;-38.863;10.596;-3.082;101.435;-74.997;126.171;"0001-01-01T00:00:06.748+01:00|W1|0.8|0.74|0.06|0.74|0.16;0001-01-01T00:00:06.748+01:00|W2|0.9|0.91|0.04|0.91|0.08;0001-01-01T00:00:06.748+01:00|W3|1.3|1.02|0.02|1.02|0.75;0001-01-01T00:00:06.748+01:00|W4|1.0|0.82|0.09|0.82|0.53;0001-01-01T00:00:06.748+01:00|W5|1.1|0.95|0.28|0.95|0.58;0001-01-01T00:00:06.748+01:00|W6|1.4|1.37|0.48|1.37|0.42;0001-01-01T00:00:06.748+01:00|W7|1.3|0.99|0.21|0.99|0.88;0001-01-01T00:00:06.748+01:00|W8|1.4|0.23|0.20|0.23|1.42;0001-01-01T00:00:06.748+01:00|W9|0.9|0.02|0.02|0.02|0.78;0001-01-01T00:00:06.748+01:00|W10|1.5|-0.30|0.06|-0.30|1.25;0001-01-01T00:00:06.748+01:00|W11|0.8|-0.50|0.19|-0.50|0.53;0001-01-01T00:00:06.748+01:00|W12|0.7|0.35|0.17|0.35|0.09"
136.00;2.09;0001-01-01T00:00:06.8740000+01:00;120.59;1.53;-63.75;13.9;-4.653;-6.983;37.771;-39.200;10.521;-3.463;101.477;-75.212;126.334;"0001-01-01T00:00:06.997+01:00|W1|0.8|0.74|0.06|0.74|0.16;0001-01-01T00:00:06.997+01:00|W2|0.9|0.91|0.04|0.91|0.08;0001-01-01T00:00:06.997+01:00|W3|1.3|1.02|0.02|1.02|0.75;0001-01-01T00:00:06.997+01:00|W4|1.0|0.93|0.17|0.93|0.44;0001-01-01T00:00:06.997+01:00|W5|1.1|0.95|0.28|0.95|0.58;0001-01-01T00:00:06.997+01:00|W6|1.4|1.37|0.48|1.37|0.42;0001-01-01T00:00:06.997+01:00|W7|1.4|1.07|0.10|1.07|0.88;0001-01-01T00:00:06.997+01:00|W8|1.5|0.19|0.18|0.19|1.43;0001-01-01T00:00:06.997+01:00|W9|0.9|0.02|0.02|0.02|0.78;0001-01-01T00:00:06.997+01:00|W10|1.5|-0.30|0.06|-0.30|1.25;0001-01-01T00:00:06.997+01:00|W11|0.8|-0.50|0.19|-0.50|0.53;0001-01-01T00:00:06.997+01:00|W12|0.8|0.42|0.17|0.42|0.08"
137.00;2.09;0001-01-01T00:00:06.9020000+01:00;121.40;1.55;-64.35;14.3;-4.722;-7.751;37.031;-39.500;10.471;-3.895;101.530;-75.424;126.504;"0001-01-01T00:00:06.997+01:00|W1|0.8|0.74|0.06|0.74|0.16;0001-01-01T00:00:06.997+01:00|W2|0.9|0.91|0.04|0.91|0.08;0001-01-01T00:00:06.997+01:00|W3|1.3|1.02|0.02|1.02|0.75;0001-01-01T00:00:06.997+01:00|W4|1.0|0.93|0.17|0.93|0.44;0001-01-01T00:00:06.997+01:00|W5|1.1|0.95|0.28|0.95|0.58;0001-01-01T00:00:06.997+01:00|W6|1.4|1.37|0.48|1.37|0.42;0001-01-01T00:00:06.997+01:00|W7|1.4|1.07|0.10|1.07|0.88;0001-01-01T00:00:06.997+01:00|W8|1.5|0.19|0.18|0.19|1.43;0001-01-01T00:00:06.997+01:00|W9|0.9|0.02|0.02|0.02|0.78;0001-01-01T00:00:06.997+01:00|W10|1.5|-0.30|0.06|-0.30|1.25;0001-01-01T00:00:06.997+01:00|W11|0.8|-0.50|0.19|-0.50|0.53;0001-01-01T00:00:06.997+01:00|W12|0.8|0.42|0.17|0.42|0.08"
138.00;2.09;0001-01-01T00:00:06.9310000+01:00;122.20;1.57;-64.95;14.8;-4.721;-8.419;36.195;-39.519;10.356;-4.506;101.643;-75.603;126.699;"0001-01-01T00:00:06.997+01:00|W1|0.8|0.74|0.06|0.74|0.16;0001-01-01T00:00:06.997+01:00|W2|0.9|0.91|0.04|0.91|0.08;0001-01-01T00:00:06.997+01:00|W3|1.3|1.02|0.02|1.02|0.75;0001-01-01T00:00:06.997+01:00|W4|1.0|0.93|0.17|0.93|0.44;0001-01-01T00:00:06.997+01:00|W5|1.1|0.95|0.28|0.95|0.58;0001-01-01T00:00:06.997+01:00|W6|1.4|1.37|0.48|1.37|0.42;0001-01-01T00:00:06.997+01:00|W7|1.4|1.07|0.10|1.07|0.88;0001-01-01T00:00:06.997+01:00|W8|1.5|0.19|0.18|0.19|1.43;0001-01-01T00:00:06.997+01:00|W9|0.9|0.02|0.02|0.02|0.78;0001-01-01T00:00:06.997+01:00|W10|1.5|-0.30|0.06|-0.30|1.25;0001-01-01T00:00:06.997+01:00|W11|0.8|-0.50|0.19|-0.50|0.53;0001-01-01T00:00:06.997+01:00|W12|0.8|0.42|0.17|0.42|0.08"
139.00;2.09;0001-01-01T00:00:06.9590000+01:00;123.00;1.59;-65.55;15.2;-4.732;-8.975;35.198;-39.186;10.180;-5.167;101.755;-75.735;126.867;"0001-01-01T00:00:06.997+01:00|W1|0.8|0.74|0.06|0.74|0.16;0001-01-01T00:00:06.997+01:00|W2|0.9|0.91|0.04|0.91|0.08;0001-01-01T00:00:06.997+01:00|W3|1.3|1.02|0.02|1.02|0.75;0001-01-01T00:00:06.997+01:00|W4|1.0|0.93|0.17|0.93|0.44;0001-01-01T00:00:06.997+01:00|W5|1.1|0.95|0.28|0.95|0.58;0001-01-01T00:00:06.997+01:00|W6|1.4|1.37|0.48|1.37|0.42;0001-01-01T00:00:06.997+01:00|W7|1.4|1.07|0.10|1.07|0.88;0001-01-01T00:00:06.997+01:00|W8|1.5|0.19|0.18|0.19|1.43;0001-01-01T00:00:06.997+01:00|W9|0.9|0.02|0.02|0.02|0.78;0001-01-01T00:00:06.997+01:00|W10|1.5|-0.30|0.06|-0.30|1.25;0001-01-01T00:00:06.997+01:00|W11|0.8|-0.50|0.19|-0.50|0.53;0001-01-01T00:00:06.997+01:00|W12|0.8|0.42|0.17|0.42|0.08"
140.00;2.10;0001-01-01T00:00:06.9880000+01:00;123.81;1.61;-66.14;15.7;-4.763;-9.367;33.966;-38.332;9.913;-5.901;101.868;-75.800;126.995;"0001-01-01T00:00:06.997+01:00|W1|0.8|0.74|0.06|0.74|0.16;0001-01-01T00:00:06.997+01:00|W2|0.9|0.91|0.04|0.91|0.08;0001-01-01T00:00:06.997+01:00|W3|1.3|1.02|0.02|1.02|0.75;0001-01-01T00:00:06.997+01:00|W4|1.0|0.93|0.17|0.93|0.44;0001-01-01T00:00:06.997+01:00|W5|1.1|0.95|0.28|0.95|0.58;0001-01-01T00:00:06.997+01:00|W6|1.4|1.37|0.48|1.37|0.42;0001-01-01T00:00:06.997+01:00|W7|1.4|1.07|0.10|1.07|0.88;0001-01-01T00:00:06.997+01:00|W8|1.5|0.19|0.18|0.19|1.43;0001-01-01T00:00:06.997+01:00|W9|0.9|0.02|0.02|0.02|0.78;0001-01-01T00:00:06.997+01:00|W10|1.5|-0.30|0.06|-0.30|1.25;0001-01-01T00:00:06.997+01:00|W11|0.8|-0.50|0.19|-0.50|0.53;0001-01-01T00:00:06.997+01:00|W12|0.8|0.42|0.17|0.42|0.08"
141.00;2.11;0001-01-01T00:00:07.0160000+01:00;124.61;1.63;-66.74;15.5;-4.760;-9.481;33.582;-37.746;9.502;-6.471;101.967;-75.753;127.047;"0001-01-01T00:00:06.997+01:00|W1|0.8|0.74|0.06|0.74|0.16;0001-01-01T00:00:06.997+01:00|W2|0.9|0.91|0.04|0.91|0.08;0001-01-01T00:00:06.997+01:00|W3|1.3|1.02|0.02|1.02|0.75;0001-01-01T00:00:06.997+01:00|W4|1.0|0.93|0.17|0.93|0.44;0001-01-01T00:00:06.997+01:00|W5|1.1|0.95|0.28|0.95|0.58;0001-01-01T00:00:06.997+01:00|W6|1.4|1.37|0.48|1.37|0.42;0001-01-01T00:00:06.997+01:00|W7|1.4|1.07|0.10|1.07|0.88;0001-01-01T00:00:06.997+01:00|W8|1.5|0.19|0.18|0.19|1.43;0001-01-01T00:00:06.997+01:00|W9|0.9|0.02|0.02|0.02|0.78;0001-01-01T00:00:06.997+01:00|W10|1.5|-0.30|0.06|-0.30|1.25;0001-01-01T00:00:06.997+01:00|W11|0.8|-0.50|0.19|-0.50|0.53;0001-01-01T00:00:06.997+01:00|W12|0.8|0.42|0.17|0.42|0.08"
142.00;2.12;0001-01-01T00:00:07.0450000+01:00;125.41;1.65;-67.34;15.1;-4.737;-9.440;33.671;-37.309;9.010;-6.950;102.058;-75.642;127.057;"0001-01-01T00:00:06.997+01:00|W1|0.8|0.74|0.06|0.74|0.16;0001-01-01T00:00:06.997+01:00|W2|0.9|0.91|0.04|0.91|0.08;0001-01-01T00:00:06.997+01:00|W3|1.3|1.02|0.02|1.02|0.75;0001-01-01T00:00:06.997+01:00|W4|1.0|0.93|0.17|0.93|0.44;0001-01-01T00:00:06.997+01:00|W5|1.1|0.95|0.28|0.95|0.58;0001-01-01T00:00:06.997+01:00|W6|1.4|1.37|0.48|1.37|0.42;0001-01-01T00:00:06.997+01:00|W7|1.4|1.07|0.10|1.07|0.88;0001-01-01T00:00:06.997+01:00|W8|1.5|0.19|0.18|0.19|1.43;0001-01-01T00:00:06.997+01:00|W9|0.9|0.02|0.02|0.02|0.78;0001-01-01T00:00:06.997+01:00|W10|1.5|-0.30|0.06|-0.30|1.25;0001-01-01T00:00:06.997+01:00|W11|0.8|-0.50|0.19|-0.50|0.53;0001-01-01T00:00:06.997+01:00|W12|0.8|0.42|0.17|0.42|0.08"
143.00;2.13;0001-01-01T00:00:07.0730000+01:00;126.22;1.67;-67.93;15.7;-4.911;-9.399;33.507;-36.875;8.797;-7.426;102.231;-75.768;127.271;"0001-01-01T00:00:06.997+01:00|W1|0.8|0.74|0.06|0.74|0.16;0001-01-01T00:00:06.997+01:00|W2|0.9|0.91|0.04|0.91|0.08;0001-01-01T00:00:06.997+01:00|W3|1.3|1.02|0.02|1.02|0.75;0001-01-01T00:00:06.997+01:00|W4|1.0|0.93|0.17|0.93|0.44;0001-01-01T00:00:06.997+01:00|W5|1.1|0.95|0.28|0.95|0.58;0001-01-01T00:00:06.997+01:00|W6|1.4|1.37|0.48|1.37|0.42;0001-01-01T00:00:06.997+01:00|W7|1.4|1.07|0.10|1.07|0.88;0001-01-01T00:00:06.997+01:00|W8|1.5|0.19|0.18|0.19|1.43;0001-01-01T00:00:06.997+01:00|W9|0.9|0.02|0.02|0.02|0.78;0001-01-01T00:00:06.997+01:00|W10|1.5|-0.30|0.06|-0.30|1.25;0001-01-01T00:00:06.997+01:00|W11|0.8|-0.50|0.19|-0.50|0.53;0001-01-01T00:00:06.997+01:00|W12|0.8|0.42|0.17|0.42|0.08"
144.00;2.14;0001-01-01T00:00:07.1010000+01:00;127.02;1.68;-68.53;16.4;-5.111;-9.331;33.303;-36.502;8.656;-7.854;102.409;-75.910;127.498;"0001-01-01T00:00:06.997+01:00|W1|0.8|0.74|0.06|0.74|0.16;0001-01-01T00:00:06.997+01:00|W2|0.9|0.91|0.04|0.91|0.08;0001-01-01T00:00:06.997+01:00|W3|1.3|1.02|0.02|1.02|0.75;0001-01-01T00:00:06.997+01:00|W4|1.0|0.93|0.17|0.93|0.44;0001-01-01T00:00:06.997+01:00|W5|1.1|0.95|0.28|0.95|0.58;0001-01-01T00:00:06.997+01:00|W6|1.4|1.37|0.48|1.37|0.42;0001-01-01T00:00:06.997+01:00|W7|1.4|1.07|0.10|1.07|0.88;0001-01-01T00:00:06.997+01:00|W8|1.5|0.19|0.18|0.19|1.43;0001-01-01T00:00:06.997+01:00|W9|0.9|0.02|0.02|0.02|0.78;0001-01-01T00:00:06.997+01:00|W10|1.5|-0.30|0.06|-0.30|1.25;0001-01-01T00:00:06.997+01:00|W11|0.8|-0.50|0.19|-0.50|0.53;0001-01-01T00:00:06.997+01:00|W12|0.8|0.42|0.17|0.42|0.08"
145.00;2.15;0001-01-01T00:00:07.1290000+01:00;127.83;1.70;-69.12;16.6;-5.309;-9.037;33.053;-36.629;8.800;-7.892;102.542;-75.914;127.609;"0001-01-01T00:00:07.250+01:00|W1|0.8|0.74|0.05|0.74|0.15;0001-01-01T00:00:07.250+01:00|W2|0.9|0.90|0.02|0.90|0.04;0001-01-01T00:00:07.250+01:00|W3|1.3|1.03|0.00|1.03|0.71;0001-01-01T00:00:07.250+01:00|W4|1.1|0.96|0.22|0.96|0.43;0001-01-01T00:00:07.250+01:00|W5|1.0|0.87|0.18|0.87|0.55;0001-01-01T00:00:07.250+01:00|W6|1.6|1.46|0.63|1.46|0.59;0001-01-01T00:00:07.250+01:00|W7|1.5|1.13|0.00|1.13|0.97;0001-01-01T00:00:07.250+01:00|W8|1.5|0.22|0.18|0.22|1.43;0001-01-01T00:00:07.250+01:00|W9|0.9|0.02|0.04|0.02|0.76;0001-01-01T00:00:07.250+01:00|W10|1.5|-0.28|0.03|-0.28|1.29;0001-01-01T00:00:07.250+01:00|W11|0.8|-0.52|0.20|-0.52|0.60;0001-01-01T00:00:07.250+01:00|W12|0.8|0.42|0.17|0.42|0.06"
146.00;2.17;0001-01-01T00:00:07.1580000+01:00;128.63;1.72;-69.72;16.7;-5.524;-8.713;32.897;-36.932;9.017;-7.830;102.670;-75.952;127.737;"0001-01-01T00:00:07.250+01:00|W1|0.8|0.74|0.05|0.74|0.15;0001-01-01T00:00:07.250+01:00|W2|0.9|0.90|0.02|0.90|0.04;0001-01-01T00:00:07.250+01:00|W3|1.3|1.03|0.00|1.03|0.71;0001-01-01T00:00:07.250+01:00|W4|1.1|0.96|0.22|0.96|0.43;0001-01-01T00:00:07.250+01:00|W5|1.0|0.87|0.18|0.87|0.55;0001-01-01T00:00:07.250+01:00|W6|1.6|1.46|0.63|1.46|0.59;0001-01-01T00:00:07.250+01:00|W7|1.5|1.13|0.00|1.13|0.97;0001-01-01T00:00:07.250+01:00|W8|1.5|0.22|0.18|0.22|1.43;0001-01-01T00:00:07.250+01:00|W9|0.9|0.02|0.04|0.02|0.76;0001-01-01T00:00:07.250+01:00|W10|1.5|-0.28|0.03|-0.28|1.29;0001-01-01T00:00:07.250+01:00|W11|0.8|-0.52|0.20|-0.52|0.60;0001-01-01T00:00:07.250+01:00|W12|0.8|0.42|0.17|0.42|0.06"
147.00;2.18;0001-01-01T00:00:07.1860000+01:00;129.44;1.74;-70.32;16.8;-5.772;-8.332;32.919;-37.570;9.369;-7.577;102.792;-76.058;127.897;"0001-01-01T00:00:07.250+01:00|W1|0.8|0.74|0.05|0.74|0.15;0001-01-01T00:00:07.250+01:00|W2|0.9|0.90|0.02|0.90|0.04;0001-01-01T00:00:07.250+01:00|W3|1.3|1.03|0.00|1.03|0.71;0001-01-01T00:00:07.250+01:00|W4|1.1|0.96|0.22|0.96|0.43;0001-01-01T00:00:07.250+01:00|W5|1.0|0.87|0.18|0.87|0.55;0001-01-01T00:00:07.250+01:00|W6|1.6|1.46|0.63|1.46|0.59;0001-01-01T00:00:07.250+01:00|W7|1.5|1.13|0.00|1.13|0.97;0001-01-01T00:00:07.250+01:00|W8|1.5|0.22|0.18|0.22|1.43;0001-01-01T00:00:07.250+01:00|W9|0.9|0.02|0.04|0.02|0.76;0001-01-01T00:00:07.250+01:00|W10|1.5|-0.28|0.03|-0.28|1.29;0001-01-01T00:00:07.250+01:00|W11|0.8|-0.52|0.20|-0.52|0.60;0001-01-01T00:00:07.250+01:00|W12|0.8|0.42|0.17|0.42|0.06"
148.00;2.19;0001-01-01T00:00:07.2140000+01:00;130.24;1.77;-70.91;16.8;-6.002;-7.944;33.260;-37.706;9.704;-7.258;102.931;-76.203;128.096;"0001-01-01T00:00:07.250+01:00|W1|0.8|0.74|0.05|0.74|0.15;0001-01-01T00:00:07.250+01:00|W2|0.9|0.90|0.02|0.90|0.04;0001-01-01T00:00:07.250+01:00|W3|1.3|1.03|0.00|1.03|0.71;0001-01-01T00:00:07.250+01:00|W4|1.1|0.96|0.22|0.96|0.43;0001-01-01T00:00:07.250+01:00|W5|1.0|0.87|0.18|0.87|0.55;0001-01-01T00:00:07.250+01:00|W6|1.6|1.46|0.63|1.46|0.59;0001-01-01T00:00:07.250+01:00|W7|1.5|1.13|0.00|1.13|0.97;0001-01-01T00:00:07.250+01:00|W8|1.5|0.22|0.18|0.22|1.43;0001-01-01T00:00:07.250+01:00|W9|0.9|0.02|0.04|0.02|0.76;0001-01-01T00:00:07.250+01:00|W10|1.5|-0.28|0.03|-0.28|1.29;0001-01-01T00:00:07.250+01:00|W11|0.8|-0.52|0.20|-0.52|0.60;0001-01-01T00:00:07.250+01:00|W12|0.8|0.42|0.17|0.42|0.06"
149.00;2.21;0001-01-01T00:00:07.2420000+01:00;131.05;1.79;-71.51;16.8;-6.218;-7.551;33.840;-37.462;10.025;-6.889;103.083;-76.379;128.326;"0001-01-01T00:00:07.250+01:00|W1|0.8|0.74|0.05|0.74|0.15;0001-01-01T00:00:07.250+01:00|W2|0.9|0.90|0.02|0.90|0.04;0001-01-01T00:00:07.250+01:00|W3|1.3|1.03|0.00|1.03|0.71;0001-01-01T00:00:07.250+01:00|W4|1.1|0.96|0.22|0.96|0.43;0001-01-01T00:00:07.250+01:00|W5|1.0|0.87|0.18|0.87|0.55;0001-01-01T00:00:07.250+01:00|W6|1.6|1.46|0.63|1.46|0.59;0001-01-01T00:00:07.250+01:00|W7|1.5|1.13|0.00|1.13|0.97;0001-01-01T00:00:07.250+01:00|W8|1.5|0.22|0.18|0.22|1.43;0001-01-01T00:00:07.250+01:00|W9|0.9|0.02|0.04|0.02|0.76;0001-01-01T00:00:07.250+01:00|W10|1.5|-0.28|0.03|-0.28|1.29;0001-01-01T00:00:07.250+01:00|W11|0.8|-0.52|0.20|-0.52|0.60;0001-01-01T00:00:07.250+01:00|W12|0.8|0.42|0.17|0.42|0.06"
150.00;2.23;0001-01-01T00:00:07.2700000+01:00;131.85;1.81;-72.10;16.5;-6.300;-7.151;34.461;-37.253;10.219;-6.438;103.218;-76.522;128.520;"0001-01-01T00:00:07.250+01:00|W1|0.8|0.74|0.05|0.74|0.15;0001-01-01T00:00:07.250+01:00|W2|0.9|0.90|0.02|0.90|0.04;0001-01-01T00:00:07.250+01:00|W3|1.3|1.03|0.00|1.03|0.71;0001-01-01T00:00:07.250+01:00|W4|1.1|0.96|0.22|0.96|0.43;0001-01-01T00:00:07.250+01:00|W5|1.0|0.87|0.18|0.87|0.55;0001-01-01T00:00:07.250+01:00|W6|1.6|1.46|0.63|1.46|0.59;0001-01-01T00:00:07.250+01:00|W7|1.5|1.13|0.00|1.13|0.97;0001-01-01T00:00:07.250+01:00|W8|1.5|0.22|0.18|0.22|1.43;0001-01-01T00:00:07.250+01:00|W9|0.9|0.02|0.04|0.02|0.76;0001-01-01T00:00:07.250+01:00|W10|1.5|-0.28|0.03|-0.28|1.29;0001-01-01T00:00:07.250+01:00|W11|0.8|-0.52|0.20|-0.52|0.60;0001-01-01T00:00:07.250+01:00|W12|0.8|0.42|0.17|0.42|0.06"
151.00;2.25;0001-01-01T00:00:07.2980000+01:00;132.66;1.83;-72.70;16.2;-6.346;-6.752;35.089;-37.056;10.381;-5.967;103.349;-76.657;128.704;"0001-01-01T00:00:07.250+01:00|W1|0.8|0.74|0.05|0.74|0.15;0001-01-01T00:00:07.250+01:00|W2|0.9|0.90|0.02|0.90|0.04;0001-01-01T00:00:07.250+01:00|W3|1.3|1.03|0.00|1.03|0.71;0001-01-01T00:00:07.250+01:00|W4|1.1|0.96|0.22|0.96|0.43;0001-01-01T00:00:07.250+01:00|W5|1.0|0.87|0.18|0.87|0.55;0001-01-01T00:00:07.250+01:00|W6|1.6|1.46|0.63|1.46|0.59;0001-01-01T00:00:07.250+01:00|W7|1.5|1.13|0.00|1.13|0.97;0001-01-01T00:00:07.250+01:00|W8|1.5|0.22|0.18|0.22|1.43;0001-01-01T00:00:07.250+01:00|W9|0.9|0.02|0.04|0.02|0.76;0001-01-01T00:00:07.250+01:00|W10|1.5|-0.28|0.03|-0.28|1.29;0001-01-01T00:00:07.250+01:00|W11|0.8|-0.52|0.20|-0.52|0.60;0001-01-01T00:00:07.250+01:00|W12|0.8|0.42|0.17|0.42|0.06"
152.00;2.26;0001-01-01T00:00:07.3260000+01:00;133.46;1.85;-73.30;16.0;-6.306;-6.498;35.150;-37.102;10.583;-5.539;103.461;-76.813;128.887;"0001-01-01T00:00:07.250+01:00|W1|0.8|0.74|0.05|0.74|0.15;0001-01-01T00:00:07.250+01:00|W2|0.9|0.90|0.02|0.90|0.04;0001-01-01T00:00:07.250+01:00|W3|1.3|1.03|0.00|1.03|0.71;0001-01-01T00:00:07.250+01:00|W4|1.1|0.96|0.22|0.96|0.43;0001-01-01T00:00:07.250+01:00|W5|1.0|0.87|0.18|0.87|0.55;0001-01-01T00:00:07.250+01:00|W6|1.6|1.46|0.63|1.46|0.59;0001-01-01T00:00:07.250+01:00|W7|1.5|1.13|0.00|1.13|0.97;0001-01-01T00:00:07.250+01:00|W8|1.5|0.22|0.18|0.22|1.43;0001-01-01T00:00:07.250+01:00|W9|0.9|0.02|0.04|0.02|0.76;0001-01-01T00:00:07.250+01:00|W10|1.5|-0.28|0.03|-0.28|1.29;0001-01-01T00:00:07.250+01:00|W11|0.8|-0.52|0.20|-0.52|0.60;0001-01-01T00:00:07.250+01:00|W12|0.8|0.42|0.17|0.42|0.06"
153.00;2.28;0001-01-01T00:00:07.3540000+01:00;134.26;1.87;-73.89;15.9;-6.259;-6.302;35.186;-37.046;10.803;-5.137;103.580;-76.994;129.093;"0001-01-01T00:00:07.250+01:00|W1|0.8|0.74|0.05|0.74|0.15;0001-01-01T00:00:07.250+01:00|W2|0.9|0.90|0.02|0.90|0.04;0001-01-01T00:00:07.250+01:00|W3|1.3|1.03|0.00|1.03|0.71;0001-01-01T00:00:07.250+01:00|W4|1.1|0.96|0.22|0.96|0.43;0001-01-01T00:00:07.250+01:00|W5|1.0|0.87|0.18|0.87|0.55;0001-01-01T00:00:07.250+01:00|W6|1.6|1.46|0.63|1.46|0.59;0001-01-01T00:00:07.250+01:00|W7|1.5|1.13|0.00|1.13|0.97;0001-01-01T00:00:07.250+01:00|W8|1.5|0.22|0.18|0.22|1.43;0001-01-01T00:00:07.250+01:00|W9|0.9|0.02|0.04|0.02|0.76;0001-01-01T00:00:07.250+01:00|W10|1.5|-0.28|0.03|-0.28|1.29;0001-01-01T00:00:07.250+01:00|W11|0.8|-0.52|0.20|-0.52|0.60;0001-01-01T00:00:07.250+01:00|W12|0.8|0.42|0.17|0.42|0.06"
154.00;2.29;0001-01-01T00:00:07.3820000+01:00;135.06;1.90;-74.49;16.2;-6.189;-6.305;35.135;-36.633;11.085;-4.828;103.729;-77.266;129.378;"0001-01-01T00:00:07.495+01:00|W1|0.8|0.77|0.08|0.77|0.15;0001-01-01T00:00:07.495+01:00|W2|0.9|0.88|0.02|0.88|0.03;0001-01-01T00:00:07.495+01:00|W3|1.3|1.00|0.05|1.00|0.67;0001-01-01T00:00:07.495+01:00|W4|1.0|0.92|0.20|0.92|0.43;0001-01-01T00:00:07.495+01:00|W5|0.9|0.79|0.03|0.79|0.40;0001-01-01T00:00:07.495+01:00|W6|1.9|1.58|0.81|1.58|0.88;0001-01-01T00:00:07.495+01:00|W7|1.6|1.13|0.09|1.13|1.11;0001-01-01T00:00:07.495+01:00|W8|1.5|0.31|0.22|0.31|1.46;0001-01-01T00:00:07.495+01:00|W9|0.9|0.04|0.03|0.04|0.77;0001-01-01T00:00:07.495+01:00|W10|1.6|-0.06|0.04|-0.06|1.47;0001-01-01T00:00:07.495+01:00|W11|0.8|-0.46|0.20|-0.46|0.62;0001-01-01T00:00:07.495+01:00|W12|0.8|0.37|0.21|0.37|0.03"
155.00;2.30;0001-01-01T00:00:07.4100000+01:00;135.86;1.92;-75.09;16.1;-6.047;-6.308;34.944;-36.220;11.295;-4.519;103.845;-77.408;129.557;"0001-01-01T00:00:07.495+01:00|W1|0.8|0.77|0.08|0.77|0.15;0001-01-01T00:00:07.495+01:00|W2|0.9|0.88|0.02|0.88|0.03;0001-01-01T00:00:07.495+01:00|W3|1.3|1.00|0.05|1.00|0.67;0001-01-01T00:00:07.495+01:00|W4|1.0|0.92|0.20|0.92|0.43;0001-01-01T00:00:07.495+01:00|W5|0.9|0.79|0.03|0.79|0.40;0001-01-01T00:00:07.495+01:00|W6|1.9|1.58|0.81|1.58|0.88;0001-01-01T00:00:07.495+01:00|W7|1.6|1.13|0.09|1.13|1.11;0001-01-01T00:00:07.495+01:00|W8|1.5|0.31|0.22|0.31|1.46;0001-01-01T00:00:07.495+01:00|W9|0.9|0.04|0.03|0.04|0.77;0001-01-01T00:00:07.495+01:00|W10|1.6|-0.06|0.04|-0.06|1.47;0001-01-01T00:00:07.495+01:00|W11|0.8|-0.46|0.20|-0.46|0.62;0001-01-01T00:00:07.495+01:00|W12|0.8|0.37|0.21|0.37|0.03"
156.00;2.31;0001-01-01T00:00:07.4380000+01:00;136.66;1.94;-75.68;15.6;-5.809;-6.311;34.565;-35.807;11.409;-4.210;103.916;-77.374;129.591;"0001-01-01T00:00:07.495+01:00|W1|0.8|0.77|0.08|0.77|0.15;0001-01-01T00:00:07.495+01:00|W2|0.9|0.88|0.02|0.88|0.03;0001-01-01T00:00:07.495+01:00|W3|1.3|1.00|0.05|1.00|0.67;0001-01-01T00:00:07.495+01:00|W4|1.0|0.92|0.20|0.92|0.43;0001-01-01T00:00:07.495+01:00|W5|0.9|0.79|0.03|0.79|0.40;0001-01-01T00:00:07.495+01:00|W6|1.9|1.58|0.81|1.58|0.88;0001-01-01T00:00:07.495+01:00|W7|1.6|1.13|0.09|1.13|1.11;0001-01-01T00:00:07.495+01:00|W8|1.5|0.31|0.22|0.31|1.46;0001-01-01T00:00:07.495+01:00|W9|0.9|0.04|0.03|0.04|0.77;0001-01-01T00:00:07.495+01:00|W10|1.6|-0.06|0.04|-0.06|1.47;0001-01-01T00:00:07.495+01:00|W11|0.8|-0.46|0.20|-0.46|0.62;0001-01-01T00:00:07.495+01:00|W12|0.8|0.37|0.21|0.37|0.03"
157.00;2.32;0001-01-01T00:00:07.4650000+01:00;137.47;1.96;-76.28;15.3;-5.451;-6.435;34.619;-35.830;11.399;-3.937;104.024;-77.394;129.690;"0001-01-01T00:00:07.495+01:00|W1|0.8|0.77|0.08|0.77|0.15;0001-01-01T00:00:07.495+01:00|W2|0.9|0.88|0.02|0.88|0.03;0001-01-01T00:00:07.495+01:00|W3|1.3|1.00|0.05|1.00|0.67;0001-01-01T00:00:07.495+01:00|W4|1.0|0.92|0.20|0.92|0.43;0001-01-01T00:00:07.495+01:00|W5|0.9|0.79|0.03|0.79|0.40;0001-01-01T00:00:07.495+01:00|W6|1.9|1.58|0.81|1.58|0.88;0001-01-01T00:00:07.495+01:00|W7|1.6|1.13|0.09|1.13|1.11;0001-01-01T00:00:07.495+01:00|W8|1.5|0.31|0.22|0.31|1.46;0001-01-01T00:00:07.495+01:00|W9|0.9|0.04|0.03|0.04|0.77;0001-01-01T00:00:07.495+01:00|W10|1.6|-0.06|0.04|-0.06|1.47;0001-01-01T00:00:07.495+01:00|W11|0.8|-0.46|0.20|-0.46|0.62;0001-01-01T00:00:07.495+01:00|W12|0.8|0.37|0.21|0.37|0.03"
158.00;2.33;0001-01-01T00:00:07.4930000+01:00;138.27;1.99;-76.87;14.9;-5.020;-6.632;34.938;-36.117;11.314;-3.686;104.153;-77.448;129.827;"0001-01-01T00:00:07.495+01:00|W1|0.8|0.77|0.08|0.77|0.15;0001-01-01T00:00:07.495+01:00|W2|0.9|0.88|0.02|0.88|0.03;0001-01-01T00:00:07.495+01:00|W3|1.3|1.00|0.05|1.00|0.67;0001-01-01T00:00:07.495+01:00|W4|1.0|0.92|0.20|0.92|0.43;0001-01-01T00:00:07.495+01:00|W5|0.9|0.79|0.03|0.79|0.40;0001-01-01T00:00:07.495+01:00|W6|1.9|1.58|0.81|1.58|0.88;0001-01-01T00:00:07.495+01:00|W7|1.6|1.13|0.09|1.13|1.11;0001-01-01T00:00:07.495+01:00|W8|1.5|0.31|0.22|0.31|1.46;0001-01-01T00:00:07.495+01:00|W9|0.9|0.04|0.03|0.04|0.77;0001-01-01T00:00:07.495+01:00|W10|1.6|-0.06|0.04|-0.06|1.47;0001-01-01T00:00:07.495+01:00|W11|0.8|-0.46|0.20|-0.46|0.62;0001-01-01T00:00:07.495+01:00|W12|0.8|0.37|0.21|0.37|0.03"
159.00;2.34;0001-01-01T00:00:07.5210000+01:00;139.07;2.01;-77.47;14.6;-4.451;-6.795;35.165;-36.373;11.142;-3.495;104.258;-77.395;129.880;"0001-01-01T00:00:07.495+01:00|W1|0.8|0.77|0.08|0.77|0.15;0001-01-01T00:00:07.495+01:00|W2|0.9|0.88|0.02|0.88|0.03;0001-01-01T00:00:07.495+01:00|W3|1.3|1.00|0.05|1.00|0.67;0001-01-01T00:00:07.495+01:00|W4|1.0|0.92|0.20|0.92|0.43;0001-01-01T00:00:07.495+01:00|W5|0.9|0.79|0.03|0.79|0.40;0001-01-01T00:00:07.495+01:00|W6|1.9|1.58|0.81|1.58|0.88;0001-01-01T00:00:07.495+01:00|W7|1.6|1.13|0.09|1.13|1.11;0001-01-01T00:00:07.495+01:00|W8|1.5|0.31|0.22|0.31|1.46;0001-01-01T00:00:07.495+01:00|W9|0.9|0.04|0.03|0.04|0.77;0001-01-01T00:00:07.495+01:00|W10|1.6|-0.06|0.04|-0.06|1.47;0001-01-01T00:00:07.495+01:00|W11|0.8|-0.46|0.20|-0.46|0.62;0001-01-01T00:00:07.495+01:00|W12|0.8|0.37|0.21|0.37|0.03"
160.00;2.35;0001-01-01T00:00:07.5480000+01:00;139.87;2.03;-78.06;14.2;-3.852;-6.950;35.375;-36.624;10.951;-3.317;104.358;-77.322;129.916;"0001-01-01T00:00:07.495+01:00|W1|0.8|0.77|0.08|0.77|0.15;0001-01-01T00:00:07.495+01:00|W2|0.9|0.88|0.02|0.88|0.03;0001-01-01T00:00:07.495+01:00|W3|1.3|1.00|0.05|1.00|0.67;0001-01-01T00:00:07.495+01:00|W4|1.0|0.92|0.20|0.92|0.43;0001-01-01T00:00:07.495+01:00|W5|0.9|0.79|0.03|0.79|0.40;0001-01-01T00:00:07.495+01:00|W6|1.9|1.58|0.81|1.58|0.88;0001-01-01T00:00:07.495+01:00|W7|1.6|1.13|0.09|1.13|1.11;0001-01-01T00:00:07.495+01:00|W8|1.5|0.31|0.22|0.31|1.46;0001-01-01T00:00:07.495+01:00|W9|0.9|0.04|0.03|0.04|0.77;0001-01-01T00:00:07.495+01:00|W10|1.6|-0.06|0.04|-0.06|1.47;0001-01-01T00:00:07.495+01:00|W11|0.8|-0.46|0.20|-0.46|0.62;0001-01-01T00:00:07.495+01:00|W12|0.8|0.37|0.21|0.37|0.03"
161.00;2.35;0001-01-01T00:00:07.5760000+01:00;140.67;2.06;-78.66;14.0;-3.247;-7.050;35.890;-37.051;10.785;-3.248;104.417;-77.604;130.135;"0001-01-01T00:00:07.495+01:00|W1|0.8|0.77|0.08|0.77|0.15;0001-01-01T00:00:07.495+01:00|W2|0.9|0.88|0.02|0.88|0.03;0001-01-01T00:00:07.495+01:00|W3|1.3|1.00|0.05|1.00|0.67;0001-01-01T00:00:07.495+01:00|W4|1.0|0.92|0.20|0.92|0.43;0001-01-01T00:00:07.495+01:00|W5|0.9|0.79|0.03|0.79|0.40;0001-01-01T00:00:07.495+01:00|W6|1.9|1.58|0.81|1.58|0.88;0001-01-01T00:00:07.495+01:00|W7|1.6|1.13|0.09|1.13|1.11;0001-01-01T00:00:07.495+01:00|W8|1.5|0.31|0.22|0.31|1.46;0001-01-01T00:00:07.495+01:00|W9|0.9|0.04|0.03|0.04|0.77;0001-01-01T00:00:07.495+01:00|W10|1.6|-0.06|0.04|-0.06|1.47;0001-01-01T00:00:07.495+01:00|W11|0.8|-0.46|0.20|-0.46|0.62;0001-01-01T00:00:07.495+01:00|W12|0.8|0.37|0.21|0.37|0.03"
162.00;2.35;0001-01-01T00:00:07.6030000+01:00;141.47;2.08;-79.25;13.8;-2.679;-7.133;36.348;-37.370;10.651;-3.201;104.486;-77.806;130.313;"0001-01-01T00:00:07.495+01:00|W1|0.8|0.77|0.08|0.77|0.15;0001-01-01T00:00:07.495+01:00|W2|0.9|0.88|0.02|0.88|0.03;0001-01-01T00:00:07.495+01:00|W3|1.3|1.00|0.05|1.00|0.67;0001-01-01T00:00:07.495+01:00|W4|1.0|0.92|0.20|0.92|0.43;0001-01-01T00:00:07.495+01:00|W5|0.9|0.79|0.03|0.79|0.40;0001-01-01T00:00:07.495+01:00|W6|1.9|1.58|0.81|1.58|0.88;0001-01-01T00:00:07.495+01:00|W7|1.6|1.13|0.09|1.13|1.11;0001-01-01T00:00:07.495+01:00|W8|1.5|0.31|0.22|0.31|1.46;0001-01-01T00:00:07.495+01:00|W9|0.9|0.04|0.03|0.04|0.77;0001-01-01T00:00:07.495+01:00|W10|1.6|-0.06|0.04|-0.06|1.47;0001-01-01T00:00:07.495+01:00|W11|0.8|-0.46|0.20|-0.46|0.62;0001-01-01T00:00:07.495+01:00|W12|0.8|0.37|0.21|0.37|0.03"
163.00;2.35;0001-01-01T00:00:07.6310000+01:00;142.27;2.11;-79.85;13.8;-2.265;-7.145;36.566;-37.247;10.652;-3.250;104.595;-77.679;130.322;"0001-01-01T00:00:07.749+01:00|W1|0.8|0.77|0.08|0.77|0.15;0001-01-01T00:00:07.749+01:00|W2|0.9|0.88|0.02|0.88|0.03;0001-01-01T00:00:07.749+01:00|W3|1.3|1.00|0.05|1.00|0.67;0001-01-01T00:00:07.749+01:00|W4|1.0|0.92|0.20|0.92|0.43;0001-01-01T00:00:07.749+01:00|W5|0.9|0.79|0.03|0.79|0.40;0001-01-01T00:00:07.749+01:00|W6|1.9|1.58|0.81|1.58|0.88;0001-01-01T00:00:07.749+01:00|W7|1.6|1.13|0.09|1.13|1.11;0001-01-01T00:00:07.749+01:00|W8|1.5|0.31|0.22|0.31|1.46;0001-01-01T00:00:07.749+01:00|W9|0.9|0.04|0.03|0.04|0.77;0001-01-01T00:00:07.749+01:00|W10|1.6|-0.06|0.04|-0.06|1.47;0001-01-01T00:00:07.749+01:00|W11|0.8|-0.46|0.20|-0.46|0.62;0001-01-01T00:00:07.749+01:00|W12|0.8|0.37|0.21|0.37|0.03"
164.00;2.35;0001-01-01T00:00:07.6590000+01:00;143.07;2.13;-80.45;13.8;-1.918;-7.156;36.791;-37.124;10.656;-3.298;104.697;-77.768;130.456;"0001-01-01T00:00:07.749+01:00|W1|0.8|0.77|0.08|0.77|0.15;0001-01-01T00:00:07.749+01:00|W2|0.9|0.88|0.02|0.88|0.03;0001-01-01T00:00:07.749+01:00|W3|1.3|1.00|0.05|1.00|0.67;0001-01-01T00:00:07.749+01:00|W4|1.0|0.92|0.20|0.92|0.43;0001-01-01T00:00:07.749+01:00|W5|0.9|0.79|0.03|0.79|0.40;0001-01-01T00:00:07.749+01:00|W6|1.9|1.58|0.81|1.58|0.88;0001-01-01T00:00:07.749+01:00|W7|1.6|1.13|0.09|1.13|1.11;0001-01-01T00:00:07.749+01:00|W8|1.5|0.31|0.22|0.31|1.46;0001-01-01T00:00:07.749+01:00|W9|0.9|0.04|0.03|0.04|0.77;0001-01-01T00:00:07.749+01:00|W10|1.6|-0.06|0.04|-0.06|1.47;0001-01-01T00:00:07.749+01:00|W11|0.8|-0.46|0.20|-0.46|0.62;0001-01-01T00:00:07.749+01:00|W12|0.8|0.37|0.21|0.37|0.03"
165.00;2.35;0001-01-01T00:00:07.6860000+01:00;143.87;2.14;-81.04;13.9;-1.678;-7.168;37.025;-37.002;10.667;-3.347;104.789;-78.205;130.791;"0001-01-01T00:00:07.749+01:00|W1|0.8|0.77|0.08|0.77|0.15;0001-01-01T00:00:07.749+01:00|W2|0.9|0.88|0.02|0.88|0.03;0001-01-01T00:00:07.749+01:00|W3|1.3|1.00|0.05|1.00|0.67;0001-01-01T00:00:07.749+01:00|W4|1.0|0.92|0.20|0.92|0.43;0001-01-01T00:00:07.749+01:00|W5|0.9|0.79|0.03|0.79|0.40;0001-01-01T00:00:07.749+01:00|W6|1.9|1.58|0.81|1.58|0.88;0001-01-01T00:00:07.749+01:00|W7|1.6|1.13|0.09|1.13|1.11;0001-01-01T00:00:07.749+01:00|W8|1.5|0.31|0.22|0.31|1.46;0001-01-01T00:00:07.749+01:00|W9|0.9|0.04|0.03|0.04|0.77;0001-01-01T00:00:07.749+01:00|W10|1.6|-0.06|0.04|-0.06|1.47;0001-01-01T00:00:07.749+01:00|W11|0.8|-0.46|0.20|-0.46|0.62;0001-01-01T00:00:07.749+01:00|W12|0.8|0.37|0.21|0.37|0.03"
166.00;2.35;0001-01-01T00:00:07.7140000+01:00;144.68;2.16;-81.63;14.0;-1.441;-7.112;37.258;-36.889;10.678;-3.370;104.891;-78.434;131.013;"0001-01-01T00:00:07.749+01:00|W1|0.8|0.77|0.08|0.77|0.15;0001-01-01T00:00:07.749+01:00|W2|0.9|0.88|0.02|0.88|0.03;0001-01-01T00:00:07.749+01:00|W3|1.3|1.00|0.05|1.00|0.67;0001-01-01T00:00:07.749+01:00|W4|1.0|0.92|0.20|0.92|0.43;0001-01-01T00:00:07.749+01:00|W5|0.9|0.79|0.03|0.79|0.40;0001-01-01T00:00:07.749+01:00|W6|1.9|1.58|0.81|1.58|0.88;0001-01-01T00:00:07.749+01:00|W7|1.6|1.13|0.09|1.13|1.11;0001-01-01T00:00:07.749+01:00|W8|1.5|0.31|0.22|0.31|1.46;0001-01-01T00:00:07.749+01:00|W9|0.9|0.04|0.03|0.04|0.77;0001-01-01T00:00:07.749+01:00|W10|1.6|-0.06|0.04|-0.06|1.47;0001-01-01T00:00:07.749+01:00|W11|0.8|-0.46|0.20|-0.46|0.62;0001-01-01T00:00:07.749+01:00|W12|0.8|0.37|0.21|0.37|0.03"
167.00;2.35;0001-01-01T00:00:07.7410000+01:00;145.48;2.17;-82.23;14.0;-1.204;-7.005;37.490;-36.785;10.688;-3.373;105.000;-78.509;131.150;"0001-01-01T00:00:07.749+01:00|W1|0.8|0.77|0.08|0.77|0.15;0001-01-01T00:00:07.749+01:00|W2|0.9|0.88|0.02|0.88|0.03;0001-01-01T00:00:07.749+01:00|W3|1.3|1.00|0.05|1.00|0.67;0001-01-01T00:00:07.749+01:00|W4|1.0|0.92|0.20|0.92|0.43;0001-01-01T00:00:07.749+01:00|W5|0.9|0.79|0.03|0.79|0.40;0001-01-01T00:00:07.749+01:00|W6|1.9|1.58|0.81|1.58|0.88;0001-01-01T00:00:07.749+01:00|W7|1.6|1.13|0.09|1.13|1.11;0001-01-01T00:00:07.749+01:00|W8|1.5|0.31|0.22|0.31|1.46;0001-01-01T00:00:07.749+01:00|W9|0.9|0.04|0.03|0.04|0.77;0001-01-01T00:00:07.749+01:00|W10|1.6|-0.06|0.04|-0.06|1.47;0001-01-01T00:00:07.749+01:00|W11|0.8|-0.46|0.20|-0.46|0.62;0001-01-01T00:00:07.749+01:00|W12|0.8|0.37|0.21|0.37|0.03"
168.00;2.34;0001-01-01T00:00:07.7680000+01:00;146.28;2.21;-82.82;14.0;-0.966;-6.814;37.722;-36.146;10.699;-3.386;105.059;-78.435;131.153;"0001-01-01T00:00:07.749+01:00|W1|0.8|0.77|0.08|0.77|0.15;0001-01-01T00:00:07.749+01:00|W2|0.9|0.88|0.02|0.88|0.03;0001-01-01T00:00:07.749+01:00|W3|1.3|1.00|0.05|1.00|0.67;0001-01-01T00:00:07.749+01:00|W4|1.0|0.92|0.20|0.92|0.43;0001-01-01T00:00:07.749+01:00|W5|0.9|0.79|0.03|0.79|0.40;0001-01-01T00:00:07.749+01:00|W6|1.9|1.58|0.81|1.58|0.88;0001-01-01T00:00:07.749+01:00|W7|1.6|1.13|0.09|1.13|1.11;0001-01-01T00:00:07.749+01:00|W8|1.5|0.31|0.22|0.31|1.46;0001-01-01T00:00:07.749+01:00|W9|0.9|0.04|0.03|0.04|0.77;0001-01-01T00:00:07.749+01:00|W10|1.6|-0.06|0.04|-0.06|1.47;0001-01-01T00:00:07.749+01:00|W11|0.8|-0.46|0.20|-0.46|0.62;0001-01-01T00:00:07.749+01:00|W12|0.8|0.37|0.21|0.37|0.03"
169.00;2.33;0001-01-01T00:00:07.7960000+01:00;147.08;2.24;-83.42;14.0;-0.729;-6.594;37.954;-35.325;10.709;-3.403;105.102;-78.310;131.112;"0001-01-01T00:00:07.749+01:00|W1|0.8|0.77|0.08|0.77|0.15;0001-01-01T00:00:07.749+01:00|W2|0.9|0.88|0.02|0.88|0.03;0001-01-01T00:00:07.749+01:00|W3|1.3|1.00|0.05|1.00|0.67;0001-01-01T00:00:07.749+01:00|W4|1.0|0.92|0.20|0.92|0.43;0001-01-01T00:00:07.749+01:00|W5|0.9|0.79|0.03|0.79|0.40;0001-01-01T00:00:07.749+01:00|W6|1.9|1.58|0.81|1.58|0.88;0001-01-01T00:00:07.749+01:00|W7|1.6|1.13|0.09|1.13|1.11;0001-01-01T00:00:07.749+01:00|W8|1.5|0.31|0.22|0.31|1.46;0001-01-01T00:00:07.749+01:00|W9|0.9|0.04|0.03|0.04|0.77;0001-01-01T00:00:07.749+01:00|W10|1.6|-0.06|0.04|-0.06|1.47;0001-01-01T00:00:07.749+01:00|W11|0.8|-0.46|0.20|-0.46|0.62;0001-01-01T00:00:07.749+01:00|W12|0.8|0.37|0.21|0.37|0.03"
170.00;2.32;0001-01-01T00:00:07.8230000+01:00;147.87;2.28;-84.02;14.0;-0.492;-6.375;38.187;-34.505;10.720;-3.421;105.145;-78.186;131.071;"0001-01-01T00:00:07.749+01:00|W1|0.8|0.77|0.08|0.77|0.15;0001-01-01T00:00:07.749+01:00|W2|0.9|0.88|0.02|0.88|0.03;0001-01-01T00:00:07.749+01:00|W3|1.3|1.00|0.05|1.00|0.67;0001-01-01T00:00:07.749+01:00|W4|1.0|0.92|0.20|0.92|0.43;0001-01-01T00:00:07.749+01:00|W5|0.9|0.79|0.03|0.79|0.40;0001-01-01T00:00:07.749+01:00|W6|1.9|1.58|0.81|1.58|0.88;0001-01-01T00:00:07.749+01:00|W7|1.6|1.13|0.09|1.13|1.11;0001-01-01T00:00:07.749+01:00|W8|1.5|0.31|0.22|0.31|1.46;0001-01-01T00:00:07.749+01:00|W9|0.9|0.04|0.03|0.04|0.77;0001-01-01T00:00:07.749+01:00|W10|1.6|-0.06|0.04|-0.06|1.47;0001-01-01T00:00:07.749+01:00|W11|0.8|-0.46|0.20|-0.46|0.62;0001-01-01T00:00:07.749+01:00|W12|0.8|0.37|0.21|0.37|0.03"
171.00;2.30;0001-01-01T00:00:07.8510000+01:00;148.67;2.32;-84.61;14.1;-0.254;-6.155;38.419;-33.684;10.730;-3.438;105.187;-78.061;131.030;"0001-01-01T00:00:07.749+01:00|W1|0.8|0.77|0.08|0.77|0.15;0001-01-01T00:00:07.749+01:00|W2|0.9|0.88|0.02|0.88|0.03;0001-01-01T00:00:07.749+01:00|W3|1.3|1.00|0.05|1.00|0.67;0001-01-01T00:00:07.749+01:00|W4|1.0|0.92|0.20|0.92|0.43;0001-01-01T00:00:07.749+01:00|W5|0.9|0.79|0.03|0.79|0.40;0001-01-01T00:00:07.749+01:00|W6|1.9|1.58|0.81|1.58|0.88;0001-01-01T00:00:07.749+01:00|W7|1.6|1.13|0.09|1.13|1.11;0001-01-01T00:00:07.749+01:00|W8|1.5|0.31|0.22|0.31|1.46;0001-01-01T00:00:07.749+01:00|W9|0.9|0.04|0.03|0.04|0.77;0001-01-01T00:00:07.749+01:00|W10|1.6|-0.06|0.04|-0.06|1.47;0001-01-01T00:00:07.749+01:00|W11|0.8|-0.46|0.20|-0.46|0.62;0001-01-01T00:00:07.749+01:00|W12|0.8|0.37|0.21|0.37|0.03"
172.00;2.28;0001-01-01T00:00:07.8780000+01:00;149.47;2.35;-85.21;14.1;-0.017;-5.935;38.651;-32.864;10.741;-3.455;105.230;-77.937;130.989;"0001-01-01T00:00:08.000+01:00|W1|0.7|0.71|0.01|0.71|0.16;0001-01-01T00:00:08.000+01:00|W2|0.9|0.88|0.02|0.88|0.03;0001-01-01T00:00:08.000+01:00|W3|1.1|0.90|0.22|0.90|0.51;0001-01-01T00:00:08.000+01:00|W4|1.0|0.88|0.14|0.88|0.34;0001-01-01T00:00:08.000+01:00|W5|1.0|0.94|0.13|0.94|0.36;0001-01-01T00:00:08.000+01:00|W6|2.0|1.77|0.83|1.77|0.83;0001-01-01T00:00:08.000+01:00|W7|1.5|0.92|0.00|0.92|1.21;0001-01-01T00:00:08.000+01:00|W8|1.6|0.36|0.28|0.36|1.51;0001-01-01T00:00:08.000+01:00|W9|0.8|0.09|0.10|0.09|0.71;0001-01-01T00:00:08.000+01:00|W10|1.7|0.17|0.15|0.17|1.63;0001-01-01T00:00:08.000+01:00|W11|0.8|-0.43|0.16|-0.43|0.50;0001-01-01T00:00:08.000+01:00|W12|0.8|0.21|0.14|0.21|0.02"
173.00;2.27;0001-01-01T00:00:07.9060000+01:00;150.27;2.39;-85.81;14.1;0.221;-5.715;38.884;-32.044;10.751;-3.472;105.272;-77.813;130.948;"0001-01-01T00:00:08.000+01:00|W1|0.7|0.71|0.01|0.71|0.16;0001-01-01T00:00:08.000+01:00|W2|0.9|0.88|0.02|0.88|0.03;0001-01-01T00:00:08.000+01:00|W3|1.1|0.90|0.22|0.90|0.51;0001-01-01T00:00:08.000+01:00|W4|1.0|0.88|0.14|0.88|0.34;0001-01-01T00:00:08.000+01:00|W5|1.0|0.94|0.13|0.94|0.36;0001-01-01T00:00:08.000+01:00|W6|2.0|1.77|0.83|1.77|0.83;0001-01-01T00:00:08.000+01:00|W7|1.5|0.92|0.00|0.92|1.21;0001-01-01T00:00:08.000+01:00|W8|1.6|0.36|0.28|0.36|1.51;0001-01-01T00:00:08.000+01:00|W9|0.8|0.09|0.10|0.09|0.71;0001-01-01T00:00:08.000+01:00|W10|1.7|0.17|0.15|0.17|1.63;0001-01-01T00:00:08.000+01:00|W11|0.8|-0.43|0.16|-0.43|0.50;0001-01-01T00:00:08.000+01:00|W12|0.8|0.21|0.14|0.21|0.02"
174.00;2.24;0001-01-01T00:00:07.9330000+01:00;151.07;2.43;-86.40;14.1;0.458;-5.495;39.116;-31.223;10.762;-3.489;105.315;-77.688;130.908;"0001-01-01T00:00:08.000+01:00|W1|0.7|0.71|0.01|0.71|0.16;0001-01-01T00:00:08.000+01:00|W2|0.9|0.88|0.02|0.88|0.03;0001-01-01T00:00:08.000+01:00|W3|1.1|0.90|0.22|0.90|0.51;0001-01-01T00:00:08.000+01:00|W4|1.0|0.88|0.14|0.88|0.34;0001-01-01T00:00:08.000+01:00|W5|1.0|0.94|0.13|0.94|0.36;0001-01-01T00:00:08.000+01:00|W6|2.0|1.77|0.83|1.77|0.83;0001-01-01T00:00:08.000+01:00|W7|1.5|0.92|0.00|0.92|1.21;0001-01-01T00:00:08.000+01:00|W8|1.6|0.36|0.28|0.36|1.51;0001-01-01T00:00:08.000+01:00|W9|0.8|0.09|0.10|0.09|0.71;0001-01-01T00:00:08.000+01:00|W10|1.7|0.17|0.15|0.17|1.63;0001-01-01T00:00:08.000+01:00|W11|0.8|-0.43|0.16|-0.43|0.50;0001-01-01T00:00:08.000+01:00|W12|0.8|0.21|0.14|0.21|0.02"
175.00;2.22;0001-01-01T00:00:07.9600000+01:00;151.87;2.45;-87.00;14.2;0.546;-5.276;39.177;-30.406;10.859;-3.506;105.383;-77.668;130.949;"0001-01-01T00:00:08.000+01:00|W1|0.7|0.71|0.01|0.71|0.16;0001-01-01T00:00:08.000+01:00|W2|0.9|0.88|0.02|0.88|0.03;0001-01-01T00:00:08.000+01:00|W3|1.1|0.90|0.22|0.90|0.51;0001-01-01T00:00:08.000+01:00|W4|1.0|0.88|0.14|0.88|0.34;0001-01-01T00:00:08.000+01:00|W5|1.0|0.94|0.13|0.94|0.36;0001-01-01T00:00:08.000+01:00|W6|2.0|1.77|0.83|1.77|0.83;0001-01-01T00:00:08.000+01:00|W7|1.5|0.92|0.00|0.92|1.21;0001-01-01T00:00:08.000+01:00|W8|1.6|0.36|0.28|0.36|1.51;0001-01-01T00:00:08.000+01:00|W9|0.8|0.09|0.10|0.09|0.71;0001-01-01T00:00:08.000+01:00|W10|1.7|0.17|0.15|0.17|1.63;0001-01-01T00:00:08.000+01:00|W11|0.8|-0.43|0.16|-0.43|0.50;0001-01-01T00:00:08.000+01:00|W12|0.8|0.21|0.14|0.21|0.02"
176.00;2.20;0001-01-01T00:00:07.9870000+01:00;152.67;2.47;-87.59;14.5;0.451;-5.058;39.029;-29.592;11.062;-3.523;105.482;-77.775;131.092;"0001-01-01T00:00:08.000+01:00|W1|0.7|0.71|0.01|0.71|0.16;0001-01-01T00:00:08.000+01:00|W2|0.9|0.88|0.02|0.88|0.03;0001-01-01T00:00:08.000+01:00|W3|1.1|0.90|0.22|0.90|0.51;0001-01-01T00:00:08.000+01:00|W4|1.0|0.88|0.14|0.88|0.34;0001-01-01T00:00:08.000+01:00|W5|1.0|0.94|0.13|0.94|0.36;0001-01-01T00:00:08.000+01:00|W6|2.0|1.77|0.83|1.77|0.83;0001-01-01T00:00:08.000+01:00|W7|1.5|0.92|0.00|0.92|1.21;0001-01-01T00:00:08.000+01:00|W8|1.6|0.36|0.28|0.36|1.51;0001-01-01T00:00:08.000+01:00|W9|0.8|0.09|0.10|0.09|0.71;0001-01-01T00:00:08.000+01:00|W10|1.7|0.17|0.15|0.17|1.63;0001-01-01T00:00:08.000+01:00|W11|0.8|-0.43|0.16|-0.43|0.50;0001-01-01T00:00:08.000+01:00|W12|0.8|0.21|0.14|0.21|0.02"
177.00;2.18;0001-01-01T00:00:08.0150000+01:00;153.47;2.48;-88.19;14.7;0.356;-4.840;38.881;-28.778;11.264;-3.540;105.582;-77.883;131.234;"0001-01-01T00:00:08.000+01:00|W1|0.7|0.71|0.01|0.71|0.16;0001-01-01T00:00:08.000+01:00|W2|0.9|0.88|0.02|0.88|0.03;0001-01-01T00:00:08.000+01:00|W3|1.1|0.90|0.22|0.90|0.51;0001-01-01T00:00:08.000+01:00|W4|1.0|0.88|0.14|0.88|0.34;0001-01-01T00:00:08.000+01:00|W5|1.0|0.94|0.13|0.94|0.36;0001-01-01T00:00:08.000+01:00|W6|2.0|1.77|0.83|1.77|0.83;0001-01-01T00:00:08.000+01:00|W7|1.5|0.92|0.00|0.92|1.21;0001-01-01T00:00:08.000+01:00|W8|1.6|0.36|0.28|0.36|1.51;0001-01-01T00:00:08.000+01:00|W9|0.8|0.09|0.10|0.09|0.71;0001-01-01T00:00:08.000+01:00|W10|1.7|0.17|0.15|0.17|1.63;0001-01-01T00:00:08.000+01:00|W11|0.8|-0.43|0.16|-0.43|0.50;0001-01-01T00:00:08.000+01:00|W12|0.8|0.21|0.14|0.21|0.02"
178.00;2.16;0001-01-01T00:00:08.0420000+01:00;154.27;2.50;-88.78;14.9;0.261;-4.622;38.733;-27.964;11.467;-3.557;105.681;-77.990;131.376;"0001-01-01T00:00:08.000+01:00|W1|0.7|0.71|0.01|0.71|0.16;0001-01-01T00:00:08.000+01:00|W2|0.9|0.88|0.02|0.88|0.03;0001-01-01T00:00:08.000+01:00|W3|1.1|0.90|0.22|0.90|0.51;0001-01-01T00:00:08.000+01:00|W4|1.0|0.88|0.14|0.88|0.34;0001-01-01T00:00:08.000+01:00|W5|1.0|0.94|0.13|0.94|0.36;0001-01-01T00:00:08.000+01:00|W6|2.0|1.77|0.83|1.77|0.83;0001-01-01T00:00:08.000+01:00|W7|1.5|0.92|0.00|0.92|1.21;0001-01-01T00:00:08.000+01:00|W8|1.6|0.36|0.28|0.36|1.51;0001-01-01T00:00:08.000+01:00|W9|0.8|0.09|0.10|0.09|0.71;0001-01-01T00:00:08.000+01:00|W10|1.7|0.17|0.15|0.17|1.63;0001-01-01T00:00:08.000+01:00|W11|0.8|-0.43|0.16|-0.43|0.50;0001-01-01T00:00:08.000+01:00|W12|0.8|0.21|0.14|0.21|0.02"
179.00;2.13;0001-01-01T00:00:08.0690000+01:00;155.07;2.52;-89.37;15.2;0.166;-4.404;38.584;-27.150;11.669;-3.574;105.780;-78.097;131.518;"0001-01-01T00:00:08.000+01:00|W1|0.7|0.71|0.01|0.71|0.16;0001-01-01T00:00:08.000+01:00|W2|0.9|0.88|0.02|0.88|0.03;0001-01-01T00:00:08.000+01:00|W3|1.1|0.90|0.22|0.90|0.51;0001-01-01T00:00:08.000+01:00|W4|1.0|0.88|0.14|0.88|0.34;0001-01-01T00:00:08.000+01:00|W5|1.0|0.94|0.13|0.94|0.36;0001-01-01T00:00:08.000+01:00|W6|2.0|1.77|0.83|1.77|0.83;0001-01-01T00:00:08.000+01:00|W7|1.5|0.92|0.00|0.92|1.21;0001-01-01T00:00:08.000+01:00|W8|1.6|0.36|0.28|0.36|1.51;0001-01-01T00:00:08.000+01:00|W9|0.8|0.09|0.10|0.09|0.71;0001-01-01T00:00:08.000+01:00|W10|1.7|0.17|0.15|0.17|1.63;0001-01-01T00:00:08.000+01:00|W11|0.8|-0.43|0.16|-0.43|0.50;0001-01-01T00:00:08.000+01:00|W12|0.8|0.21|0.14|0.21|0.02"
180.00;2.10;0001-01-01T00:00:08.0960000+01:00;155.87;2.53;-89.97;15.4;0.071;-4.186;38.436;-26.336;11.872;-3.591;105.879;-78.205;131.660;"0001-01-01T00:00:08.000+01:00|W1|0.7|0.71|0.01|0.71|0.16;0001-01-01T00:00:08.000+01:00|W2|0.9|0.88|0.02|0.88|0.03;0001-01-01T00:00:08.000+01:00|W3|1.1|0.90|0.22|0.90|0.51;0001-01-01T00:00:08.000+01:00|W4|1.0|0.88|0.14|0.88|0.34;0001-01-01T00:00:08.000+01:00|W5|1.0|0.94|0.13|0.94|0.36;0001-01-01T00:00:08.000+01:00|W6|2.0|1.77|0.83|1.77|0.83;0001-01-01T00:00:08.000+01:00|W7|1.5|0.92|0.00|0.92|1.21;0001-01-01T00:00:08.000+01:00|W8|1.6|0.36|0.28|0.36|1.51;0001-01-01T00:00:08.000+01:00|W9|0.8|0.09|0.10|0.09|0.71;0001-01-01T00:00:08.000+01:00|W10|1.7|0.17|0.15|0.17|1.63;0001-01-01T00:00:08.000+01:00|W11|0.8|-0.43|0.16|-0.43|0.50;0001-01-01T00:00:08.000+01:00|W12|0.8|0.21|0.14|0.21|0.02"
181.00;2.07;0001-01-01T00:00:08.1230000+01:00;156.68;2.55;-90.56;15.7;-0.023;-3.968;38.288;-25.522;12.075;-3.607;105.979;-78.312;131.803;"0001-01-01T00:00:08.000+01:00|W1|0.7|0.71|0.01|0.71|0.16;0001-01-01T00:00:08.000+01:00|W2|0.9|0.88|0.02|0.88|0.03;0001-01-01T00:00:08.000+01:00|W3|1.1|0.90|0.22|0.90|0.51;0001-01-01T00:00:08.000+01:00|W4|1.0|0.88|0.14|0.88|0.34;0001-01-01T00:00:08.000+01:00|W5|1.0|0.94|0.13|0.94|0.36;0001-01-01T00:00:08.000+01:00|W6|2.0|1.77|0.83|1.77|0.83;0001-01-01T00:00:08.000+01:00|W7|1.5|0.92|0.00|0.92|1.21;0001-01-01T00:00:08.000+01:00|W8|1.6|0.36|0.28|0.36|1.51;0001-01-01T00:00:08.000+01:00|W9|0.8|0.09|0.10|0.09|0.71;0001-01-01T00:00:08.000+01:00|W10|1.7|0.17|0.15|0.17|1.63;0001-01-01T00:00:08.000+01:00|W11|0.8|-0.43|0.16|-0.43|0.50;0001-01-01T00:00:08.000+01:00|W12|0.8|0.21|0.14|0.21|0.02"
182.00;2.03;0001-01-01T00:00:08.1510000+01:00;157.48;2.56;-91.16;15.9;-0.101;-3.741;38.112;-24.738;12.257;-3.631;106.083;-78.410;131.944;"0001-01-01T00:00:08.247+01:00|W1|0.7|0.71|0.01|0.71|0.16;0001-01-01T00:00:08.247+01:00|W2|0.9|0.88|0.02|0.88|0.03;0001-01-01T00:00:08.247+01:00|W3|1.1|0.90|0.22|0.90|0.51;0001-01-01T00:00:08.247+01:00|W4|1.0|0.94|0.15|0.94|0.30;0001-01-01T00:00:08.247+01:00|W5|1.0|0.94|0.13|0.94|0.36;0001-01-01T00:00:08.247+01:00|W6|2.0|1.77|0.83|1.77|0.83;0001-01-01T00:00:08.247+01:00|W7|1.5|0.92|0.00|0.92|1.21;0001-01-01T00:00:08.247+01:00|W8|1.6|0.36|0.28|0.36|1.51;0001-01-01T00:00:08.247+01:00|W9|0.8|0.09|0.10|0.09|0.71;0001-01-01T00:00:08.247+01:00|W10|1.7|0.17|0.15|0.17|1.63;0001-01-01T00:00:08.247+01:00|W11|0.8|-0.43|0.16|-0.43|0.50;0001-01-01T00:00:08.247+01:00|W12|0.7|0.20|0.08|0.20|0.04"
183.00;1.99;0001-01-01T00:00:08.1780000+01:00;158.28;2.59;-91.75;15.9;-0.013;-3.434;37.670;-24.238;12.248;-3.716;106.239;-78.422;132.076;"0001-01-01T00:00:08.247+01:00|W1|0.7|0.71|0.01|0.71|0.16;0001-01-01T00:00:08.247+01:00|W2|0.9|0.88|0.02|0.88|0.03;0001-01-01T00:00:08.247+01:00|W3|1.1|0.90|0.22|0.90|0.51;0001-01-01T00:00:08.247+01:00|W4|1.0|0.94|0.15|0.94|0.30;0001-01-01T00:00:08.247+01:00|W5|1.0|0.94|0.13|0.94|0.36;0001-01-01T00:00:08.247+01:00|W6|2.0|1.77|0.83|1.77|0.83;0001-01-01T00:00:08.247+01:00|W7|1.5|0.92|0.00|0.92|1.21;0001-01-01T00:00:08.247+01:00|W8|1.6|0.36|0.28|0.36|1.51;0001-01-01T00:00:08.247+01:00|W9|0.8|0.09|0.10|0.09|0.71;0001-01-01T00:00:08.247+01:00|W10|1.7|0.17|0.15|0.17|1.63;0001-01-01T00:00:08.247+01:00|W11|0.8|-0.43|0.16|-0.43|0.50;0001-01-01T00:00:08.247+01:00|W12|0.7|0.20|0.08|0.20|0.04"
184.00;1.95;0001-01-01T00:00:08.2050000+01:00;159.08;2.61;-92.35;15.9;0.075;-3.128;37.228;-23.737;12.239;-3.802;106.395;-78.433;132.207;"0001-01-01T00:00:08.247+01:00|W1|0.7|0.71|0.01|0.71|0.16;0001-01-01T00:00:08.247+01:00|W2|0.9|0.88|0.02|0.88|0.03;0001-01-01T00:00:08.247+01:00|W3|1.1|0.90|0.22|0.90|0.51;0001-01-01T00:00:08.247+01:00|W4|1.0|0.94|0.15|0.94|0.30;0001-01-01T00:00:08.247+01:00|W5|1.0|0.94|0.13|0.94|0.36;0001-01-01T00:00:08.247+01:00|W6|2.0|1.77|0.83|1.77|0.83;0001-01-01T00:00:08.247+01:00|W7|1.5|0.92|0.00|0.92|1.21;0001-01-01T00:00:08.247+01:00|W8|1.6|0.36|0.28|0.36|1.51;0001-01-01T00:00:08.247+01:00|W9|0.8|0.09|0.10|0.09|0.71;0001-01-01T00:00:08.247+01:00|W10|1.7|0.17|0.15|0.17|1.63;0001-01-01T00:00:08.247+01:00|W11|0.8|-0.43|0.16|-0.43|0.50;0001-01-01T00:00:08.247+01:00|W12|0.7|0.20|0.08|0.20|0.04"
185.00;1.91;0001-01-01T00:00:08.2320000+01:00;159.87;2.63;-92.95;15.8;0.163;-2.822;36.786;-23.237;12.230;-3.887;106.550;-78.445;132.339;"0001-01-01T00:00:08.247+01:00|W1|0.7|0.71|0.01|0.71|0.16;0001-01-01T00:00:08.247+01:00|W2|0.9|0.88|0.02|0.88|0.03;0001-01-01T00:00:08.247+01:00|W3|1.1|0.90|0.22|0.90|0.51;0001-01-01T00:00:08.247+01:00|W4|1.0|0.94|0.15|0.94|0.30;0001-01-01T00:00:08.247+01:00|W5|1.0|0.94|0.13|0.94|0.36;0001-01-01T00:00:08.247+01:00|W6|2.0|1.77|0.83|1.77|0.83;0001-01-01T00:00:08.247+01:00|W7|1.5|0.92|0.00|0.92|1.21;0001-01-01T00:00:08.247+01:00|W8|1.6|0.36|0.28|0.36|1.51;0001-01-01T00:00:08.247+01:00|W9|0.8|0.09|0.10|0.09|0.71;0001-01-01T00:00:08.247+01:00|W10|1.7|0.17|0.15|0.17|1.63;0001-01-01T00:00:08.247+01:00|W11|0.8|-0.43|0.16|-0.43|0.50;0001-01-01T00:00:08.247+01:00|W12|0.7|0.20|0.08|0.20|0.04"
186.00;1.87;0001-01-01T00:00:08.2590000+01:00;160.68;2.65;-93.54;15.9;0.410;-2.514;36.164;-22.735;12.208;-3.973;106.602;-78.374;132.338;"0001-01-01T00:00:08.247+01:00|W1|0.7|0.71|0.01|0.71|0.16;0001-01-01T00:00:08.247+01:00|W2|0.9|0.88|0.02|0.88|0.03;0001-01-01T00:00:08.247+01:00|W3|1.1|0.90|0.22|0.90|0.51;0001-01-01T00:00:08.247+01:00|W4|1.0|0.94|0.15|0.94|0.30;0001-01-01T00:00:08.247+01:00|W5|1.0|0.94|0.13|0.94|0.36;0001-01-01T00:00:08.247+01:00|W6|2.0|1.77|0.83|1.77|0.83;0001-01-01T00:00:08.247+01:00|W7|1.5|0.92|0.00|0.92|1.21;0001-01-01T00:00:08.247+01:00|W8|1.6|0.36|0.28|0.36|1.51;0001-01-01T00:00:08.247+01:00|W9|0.8|0.09|0.10|0.09|0.71;0001-01-01T00:00:08.247+01:00|W10|1.7|0.17|0.15|0.17|1.63;0001-01-01T00:00:08.247+01:00|W11|0.8|-0.43|0.16|-0.43|0.50;0001-01-01T00:00:08.247+01:00|W12|0.7|0.20|0.08|0.20|0.04"
187.00;1.84;0001-01-01T00:00:08.2870000+01:00;161.49;2.67;-94.12;16.2;0.885;-2.206;35.286;-22.231;12.170;-4.058;106.505;-78.184;132.148;"0001-01-01T00:00:08.247+01:00|W1|0.7|0.71|0.01|0.71|0.16;0001-01-01T00:00:08.247+01:00|W2|0.9|0.88|0.02|0.88|0.03;0001-01-01T00:00:08.247+01:00|W3|1.1|0.90|0.22|0.90|0.51;0001-01-01T00:00:08.247+01:00|W4|1.0|0.94|0.15|0.94|0.30;0001-01-01T00:00:08.247+01:00|W5|1.0|0.94|0.13|0.94|0.36;0001-01-01T00:00:08.247+01:00|W6|2.0|1.77|0.83|1.77|0.83;0001-01-01T00:00:08.247+01:00|W7|1.5|0.92|0.00|0.92|1.21;0001-01-01T00:00:08.247+01:00|W8|1.6|0.36|0.28|0.36|1.51;0001-01-01T00:00:08.247+01:00|W9|0.8|0.09|0.10|0.09|0.71;0001-01-01T00:00:08.247+01:00|W10|1.7|0.17|0.15|0.17|1.63;0001-01-01T00:00:08.247+01:00|W11|0.8|-0.43|0.16|-0.43|0.50;0001-01-01T00:00:08.247+01:00|W12|0.7|0.20|0.08|0.20|0.04"
188.00;1.81;0001-01-01T00:00:08.3140000+01:00;162.29;2.68;-94.70;16.3;1.381;-1.874;34.503;-21.890;12.152;-4.123;106.482;-78.045;132.046;"0001-01-01T00:00:08.247+01:00|W1|0.7|0.71|0.01|0.71|0.16;0001-01-01T00:00:08.247+01:00|W2|0.9|0.88|0.02|0.88|0.03;0001-01-01T00:00:08.247+01:00|W3|1.1|0.90|0.22|0.90|0.51;0001-01-01T00:00:08.247+01:00|W4|1.0|0.94|0.15|0.94|0.30;0001-01-01T00:00:08.247+01:00|W5|1.0|0.94|0.13|0.94|0.36;0001-01-01T00:00:08.247+01:00|W6|2.0|1.77|0.83|1.77|0.83;0001-01-01T00:00:08.247+01:00|W7|1.5|0.92|0.00|0.92|1.21;0001-01-01T00:00:08.247+01:00|W8|1.6|0.36|0.28|0.36|1.51;0001-01-01T00:00:08.247+01:00|W9|0.8|0.09|0.10|0.09|0.71;0001-01-01T00:00:08.247+01:00|W10|1.7|0.17|0.15|0.17|1.63;0001-01-01T00:00:08.247+01:00|W11|0.8|-0.43|0.16|-0.43|0.50;0001-01-01T00:00:08.247+01:00|W12|0.7|0.20|0.08|0.20|0.04"
189.00;1.77;0001-01-01T00:00:08.3410000+01:00;163.10;2.69;-95.29;16.3;1.894;-1.527;33.788;-21.667;12.149;-4.172;106.513;-77.942;132.008;"0001-01-01T00:00:08.247+01:00|W1|0.7|0.71|0.01|0.71|0.16;0001-01-01T00:00:08.247+01:00|W2|0.9|0.88|0.02|0.88|0.03;0001-01-01T00:00:08.247+01:00|W3|1.1|0.90|0.22|0.90|0.51;0001-01-01T00:00:08.247+01:00|W4|1.0|0.94|0.15|0.94|0.30;0001-01-01T00:00:08.247+01:00|W5|1.0|0.94|0.13|0.94|0.36;0001-01-01T00:00:08.247+01:00|W6|2.0|1.77|0.83|1.77|0.83;0001-01-01T00:00:08.247+01:00|W7|1.5|0.92|0.00|0.92|1.21;0001-01-01T00:00:08.247+01:00|W8|1.6|0.36|0.28|0.36|1.51;0001-01-01T00:00:08.247+01:00|W9|0.8|0.09|0.10|0.09|0.71;0001-01-01T00:00:08.247+01:00|W10|1.7|0.17|0.15|0.17|1.63;0001-01-01T00:00:08.247+01:00|W11|0.8|-0.43|0.16|-0.43|0.50;0001-01-01T00:00:08.247+01:00|W12|0.7|0.20|0.08|0.20|0.04"
190.00;1.72;0001-01-01T00:00:08.3680000+01:00;163.90;2.72;-95.88;16.3;2.398;-1.126;33.085;-21.080;12.146;-4.409;106.511;-77.602;131.805;"0001-01-01T00:00:08.247+01:00|W1|0.7|0.71|0.01|0.71|0.16;0001-01-01T00:00:08.247+01:00|W2|0.9|0.88|0.02|0.88|0.03;0001-01-01T00:00:08.247+01:00|W3|1.1|0.90|0.22|0.90|0.51;0001-01-01T00:00:08.247+01:00|W4|1.0|0.94|0.15|0.94|0.30;0001-01-01T00:00:08.247+01:00|W5|1.0|0.94|0.13|0.94|0.36;0001-01-01T00:00:08.247+01:00|W6|2.0|1.77|0.83|1.77|0.83;0001-01-01T00:00:08.247+01:00|W7|1.5|0.92|0.00|0.92|1.21;0001-01-01T00:00:08.247+01:00|W8|1.6|0.36|0.28|0.36|1.51;0001-01-01T00:00:08.247+01:00|W9|0.8|0.09|0.10|0.09|0.71;0001-01-01T00:00:08.247+01:00|W10|1.7|0.17|0.15|0.17|1.63;0001-01-01T00:00:08.247+01:00|W11|0.8|-0.43|0.16|-0.43|0.50;0001-01-01T00:00:08.247+01:00|W12|0.7|0.20|0.08|0.20|0.04"
191.00;1.67;0001-01-01T00:00:08.3950000+01:00;164.71;2.76;-96.48;16.3;2.899;-0.708;32.385;-20.376;12.144;-4.705;106.499;-77.186;131.550;"0001-01-01T00:00:08.496+01:00|W1|0.7|0.59|0.06|0.59|0.22;0001-01-01T00:00:08.496+01:00|W2|0.9|0.89|0.02|0.89|0.16;0001-01-01T00:00:08.496+01:00|W3|1.1|0.88|0.23|0.88|0.50;0001-01-01T00:00:08.496+01:00|W4|1.1|1.01|0.21|1.01|0.32;0001-01-01T00:00:08.496+01:00|W5|1.0|0.95|0.13|0.95|0.37;0001-01-01T00:00:08.496+01:00|W6|1.8|1.70|0.64|1.70|0.62;0001-01-01T00:00:08.496+01:00|W7|1.4|0.83|0.12|0.83|1.09;0001-01-01T00:00:08.496+01:00|W8|1.6|0.35|0.24|0.35|1.51;0001-01-01T00:00:08.496+01:00|W9|0.8|0.10|0.12|0.10|0.71;0001-01-01T00:00:08.496+01:00|W10|1.7|0.25|0.07|0.25|1.55;0001-01-01T00:00:08.496+01:00|W11|0.8|-0.47|0.15|-0.47|0.43;0001-01-01T00:00:08.496+01:00|W12|0.6|0.22|0.01|0.22|0.07"
192.00;1.62;0001-01-01T00:00:08.4230000+01:00;165.51;2.77;-97.06;16.7;3.432;-0.279;32.002;-19.654;12.025;-5.010;106.482;-77.155;131.516;"0001-01-01T00:00:08.496+01:00|W1|0.7|0.59|0.06|0.59|0.22;0001-01-01T00:00:08.496+01:00|W2|0.9|0.89|0.02|0.89|0.16;0001-01-01T00:00:08.496+01:00|W3|1.1|0.88|0.23|0.88|0.50;0001-01-01T00:00:08.496+01:00|W4|1.1|1.01|0.21|1.01|0.32;0001-01-01T00:00:08.496+01:00|W5|1.0|0.95|0.13|0.95|0.37;0001-01-01T00:00:08.496+01:00|W6|1.8|1.70|0.64|1.70|0.62;0001-01-01T00:00:08.496+01:00|W7|1.4|0.83|0.12|0.83|1.09;0001-01-01T00:00:08.496+01:00|W8|1.6|0.35|0.24|0.35|1.51;0001-01-01T00:00:08.496+01:00|W9|0.8|0.10|0.12|0.10|0.71;0001-01-01T00:00:08.496+01:00|W10|1.7|0.25|0.07|0.25|1.55;0001-01-01T00:00:08.496+01:00|W11|0.8|-0.47|0.15|-0.47|0.43;0001-01-01T00:00:08.496+01:00|W12|0.6|0.22|0.01|0.22|0.07"
193.00;1.58;0001-01-01T00:00:08.4500000+01:00;166.32;2.77;-97.64;17.2;3.950;0.132;31.610;-18.936;11.900;-5.329;106.466;-77.161;131.505;"0001-01-01T00:00:08.496+01:00|W1|0.7|0.59|0.06|0.59|0.22;0001-01-01T00:00:08.496+01:00|W2|0.9|0.89|0.02|0.89|0.16;0001-01-01T00:00:08.496+01:00|W3|1.1|0.88|0.23|0.88|0.50;0001-01-01T00:00:08.496+01:00|W4|1.1|1.01|0.21|1.01|0.32;0001-01-01T00:00:08.496+01:00|W5|1.0|0.95|0.13|0.95|0.37;0001-01-01T00:00:08.496+01:00|W6|1.8|1.70|0.64|1.70|0.62;0001-01-01T00:00:08.496+01:00|W7|1.4|0.83|0.12|0.83|1.09;0001-01-01T00:00:08.496+01:00|W8|1.6|0.35|0.24|0.35|1.51;0001-01-01T00:00:08.496+01:00|W9|0.8|0.10|0.12|0.10|0.71;0001-01-01T00:00:08.496+01:00|W10|1.7|0.25|0.07|0.25|1.55;0001-01-01T00:00:08.496+01:00|W11|0.8|-0.47|0.15|-0.47|0.43;0001-01-01T00:00:08.496+01:00|W12|0.6|0.22|0.01|0.22|0.07"
194.00;1.53;0001-01-01T00:00:08.4770000+01:00;167.13;2.79;-98.23;17.7;4.241;0.319;30.644;-18.289;11.868;-5.821;106.476;-77.028;131.432;"0001-01-01T00:00:08.496+01:00|W1|0.7|0.59|0.06|0.59|0.22;0001-01-01T00:00:08.496+01:00|W2|0.9|0.89|0.02|0.89|0.16;0001-01-01T00:00:08.496+01:00|W3|1.1|0.88|0.23|0.88|0.50;0001-01-01T00:00:08.496+01:00|W4|1.1|1.01|0.21|1.01|0.32;0001-01-01T00:00:08.496+01:00|W5|1.0|0.95|0.13|0.95|0.37;0001-01-01T00:00:08.496+01:00|W6|1.8|1.70|0.64|1.70|0.62;0001-01-01T00:00:08.496+01:00|W7|1.4|0.83|0.12|0.83|1.09;0001-01-01T00:00:08.496+01:00|W8|1.6|0.35|0.24|0.35|1.51;0001-01-01T00:00:08.496+01:00|W9|0.8|0.10|0.12|0.10|0.71;0001-01-01T00:00:08.496+01:00|W10|1.7|0.25|0.07|0.25|1.55;0001-01-01T00:00:08.496+01:00|W11|0.8|-0.47|0.15|-0.47|0.43;0001-01-01T00:00:08.496+01:00|W12|0.6|0.22|0.01|0.22|0.07"
195.00;1.48;0001-01-01T00:00:08.5050000+01:00;167.94;2.80;-98.81;18.2;4.374;0.449;29.581;-17.671;11.894;-6.323;106.469;-76.932;131.369;"0001-01-01T00:00:08.496+01:00|W1|0.7|0.59|0.06|0.59|0.22;0001-01-01T00:00:08.496+01:00|W2|0.9|0.89|0.02|0.89|0.16;0001-01-01T00:00:08.496+01:00|W3|1.1|0.88|0.23|0.88|0.50;0001-01-01T00:00:08.496+01:00|W4|1.1|1.01|0.21|1.01|0.32;0001-01-01T00:00:08.496+01:00|W5|1.0|0.95|0.13|0.95|0.37;0001-01-01T00:00:08.496+01:00|W6|1.8|1.70|0.64|1.70|0.62;0001-01-01T00:00:08.496+01:00|W7|1.4|0.83|0.12|0.83|1.09;0001-01-01T00:00:08.496+01:00|W8|1.6|0.35|0.24|0.35|1.51;0001-01-01T00:00:08.496+01:00|W9|0.8|0.10|0.12|0.10|0.71;0001-01-01T00:00:08.496+01:00|W10|1.7|0.25|0.07|0.25|1.55;0001-01-01T00:00:08.496+01:00|W11|0.8|-0.47|0.15|-0.47|0.43;0001-01-01T00:00:08.496+01:00|W12|0.6|0.22|0.01|0.22|0.07"
196.00;1.43;0001-01-01T00:00:08.5320000+01:00;168.75;2.82;-99.40;18.9;4.011;0.404;28.211;-17.142;12.103;-6.855;106.410;-76.955;131.334;"0001-01-01T00:00:08.496+01:00|W1|0.7|0.59|0.06|0.59|0.22;0001-01-01T00:00:08.496+01:00|W2|0.9|0.89|0.02|0.89|0.16;0001-01-01T00:00:08.496+01:00|W3|1.1|0.88|0.23|0.88|0.50;0001-01-01T00:00:08.496+01:00|W4|1.1|1.01|0.21|1.01|0.32;0001-01-01T00:00:08.496+01:00|W5|1.0|0.95|0.13|0.95|0.37;0001-01-01T00:00:08.496+01:00|W6|1.8|1.70|0.64|1.70|0.62;0001-01-01T00:00:08.496+01:00|W7|1.4|0.83|0.12|0.83|1.09;0001-01-01T00:00:08.496+01:00|W8|1.6|0.35|0.24|0.35|1.51;0001-01-01T00:00:08.496+01:00|W9|0.8|0.10|0.12|0.10|0.71;0001-01-01T00:00:08.496+01:00|W10|1.7|0.25|0.07|0.25|1.55;0001-01-01T00:00:08.496+01:00|W11|0.8|-0.47|0.15|-0.47|0.43;0001-01-01T00:00:08.496+01:00|W12|0.6|0.22|0.01|0.22|0.07"
197.00;1.37;0001-01-01T00:00:08.5590000+01:00;169.56;2.84;-99.98;19.7;3.459;0.286;26.859;-16.489;12.314;-7.377;106.379;-76.876;131.262;"0001-01-01T00:00:08.496+01:00|W1|0.7|0.59|0.06|0.59|0.22;0001-01-01T00:00:08.496+01:00|W2|0.9|0.89|0.02|0.89|0.16;0001-01-01T00:00:08.496+01:00|W3|1.1|0.88|0.23|0.88|0.50;0001-01-01T00:00:08.496+01:00|W4|1.1|1.01|0.21|1.01|0.32;0001-01-01T00:00:08.496+01:00|W5|1.0|0.95|0.13|0.95|0.37;0001-01-01T00:00:08.496+01:00|W6|1.8|1.70|0.64|1.70|0.62;0001-01-01T00:00:08.496+01:00|W7|1.4|0.83|0.12|0.83|1.09;0001-01-01T00:00:08.496+01:00|W8|1.6|0.35|0.24|0.35|1.51;0001-01-01T00:00:08.496+01:00|W9|0.8|0.10|0.12|0.10|0.71;0001-01-01T00:00:08.496+01:00|W10|1.7|0.25|0.07|0.25|1.55;0001-01-01T00:00:08.496+01:00|W11|0.8|-0.47|0.15|-0.47|0.43;0001-01-01T00:00:08.496+01:00|W12|0.6|0.22|0.01|0.22|0.07"
198.00;1.31;0001-01-01T00:00:08.5870000+01:00;170.37;2.85;-100.57;20.4;2.644;0.067;25.533;-15.662;12.529;-7.884;106.389;-76.653;131.139;"0001-01-01T00:00:08.496+01:00|W1|0.7|0.59|0.06|0.59|0.22;0001-01-01T00:00:08.496+01:00|W2|0.9|0.89|0.02|0.89|0.16;0001-01-01T00:00:08.496+01:00|W3|1.1|0.88|0.23|0.88|0.50;0001-01-01T00:00:08.496+01:00|W4|1.1|1.01|0.21|1.01|0.32;0001-01-01T00:00:08.496+01:00|W5|1.0|0.95|0.13|0.95|0.37;0001-01-01T00:00:08.496+01:00|W6|1.8|1.70|0.64|1.70|0.62;0001-01-01T00:00:08.496+01:00|W7|1.4|0.83|0.12|0.83|1.09;0001-01-01T00:00:08.496+01:00|W8|1.6|0.35|0.24|0.35|1.51;0001-01-01T00:00:08.496+01:00|W9|0.8|0.10|0.12|0.10|0.71;0001-01-01T00:00:08.496+01:00|W10|1.7|0.25|0.07|0.25|1.55;0001-01-01T00:00:08.496+01:00|W11|0.8|-0.47|0.15|-0.47|0.43;0001-01-01T00:00:08.496+01:00|W12|0.6|0.22|0.01|0.22|0.07"
199.00;1.25;0001-01-01T00:00:08.6140000+01:00;171.18;2.87;-101.15;20.7;1.673;-0.438;24.477;-14.585;12.613;-8.172;106.410;-76.580;131.112;"0001-01-01T00:00:08.496+01:00|W1|0.7|0.59|0.06|0.59|0.22;0001-01-01T00:00:08.496+01:00|W2|0.9|0.89|0.02|0.89|0.16;0001-01-01T00:00:08.496+01:00|W3|1.1|0.88|0.23|0.88|0.50;0001-01-01T00:00:08.496+01:00|W4|1.1|1.01|0.21|1.01|0.32;0001-01-01T00:00:08.496+01:00|W5|1.0|0.95|0.13|0.95|0.37;0001-01-01T00:00:08.496+01:00|W6|1.8|1.70|0.64|1.70|0.62;0001-01-01T00:00:08.496+01:00|W7|1.4|0.83|0.12|0.83|1.09;0001-01-01T00:00:08.496+01:00|W8|1.6|0.35|0.24|0.35|1.51;0001-01-01T00:00:08.496+01:00|W9|0.8|0.10|0.12|0.10|0.71;0001-01-01T00:00:08.496+01:00|W10|1.7|0.25|0.07|0.25|1.55;0001-01-01T00:00:08.496+01:00|W11|0.8|-0.47|0.15|-0.47|0.43;0001-01-01T00:00:08.496+01:00|W12|0.6|0.22|0.01|0.22|0.07"
200.00;1.18;0001-01-01T00:00:08.6420000+01:00;171.99;2.89;-101.74;20.7;0.593;-1.140;23.608;-13.336;12.607;-8.308;106.439;-76.612;131.150;"0001-01-01T00:00:08.750+01:00|W1|0.6|0.46|0.11|0.46|0.31;0001-01-01T00:00:08.750+01:00|W2|1.0|0.96|0.05|0.96|0.19;0001-01-01T00:00:08.750+01:00|W3|1.1|0.86|0.22|0.86|0.50;0001-01-01T00:00:08.750+01:00|W4|1.2|1.11|0.26|1.11|0.30;0001-01-01T00:00:08.750+01:00|W5|1.0|0.93|0.09|0.93|0.38;0001-01-01T00:00:08.750+01:00|W6|1.8|1.73|0.55|1.73|0.32;0001-01-01T00:00:08.750+01:00|W7|1.5|0.92|0.04|0.92|1.09;0001-01-01T00:00:08.750+01:00|W8|1.6|0.32|0.17|0.32|1.49;0001-01-01T00:00:08.750+01:00|W9|0.7|0.12|0.18|0.12|0.66;0001-01-01T00:00:08.750+01:00|W10|1.5|0.15|0.10|0.15|1.33;0001-01-01T00:00:08.750+01:00|W11|0.8|-0.46|0.11|-0.46|0.37;0001-01-01T00:00:08.750+01:00|W12|0.6|0.27|0.05|0.27|0.10"
201.00;1.12;0001-01-01T00:00:08.6690000+01:00;172.80;2.89;-102.32;20.9;-0.243;-1.848;21.953;-12.077;12.241;-8.445;106.409;-76.481;131.051;"0001-01-01T00:00:08.750+01:00|W1|0.6|0.46|0.11|0.46|0.31;0001-01-01T00:00:08.750+01:00|W2|1.0|0.96|0.05|0.96|0.19;0001-01-01T00:00:08.750+01:00|W3|1.1|0.86|0.22|0.86|0.50;0001-01-01T00:00:08.750+01:00|W4|1.2|1.11|0.26|1.11|0.30;0001-01-01T00:00:08.750+01:00|W5|1.0|0.93|0.09|0.93|0.38;0001-01-01T00:00:08.750+01:00|W6|1.8|1.73|0.55|1.73|0.32;0001-01-01T00:00:08.750+01:00|W7|1.5|0.92|0.04|0.92|1.09;0001-01-01T00:00:08.750+01:00|W8|1.6|0.32|0.17|0.32|1.49;0001-01-01T00:00:08.750+01:00|W9|0.7|0.12|0.18|0.12|0.66;0001-01-01T00:00:08.750+01:00|W10|1.5|0.15|0.10|0.15|1.33;0001-01-01T00:00:08.750+01:00|W11|0.8|-0.46|0.11|-0.46|0.37;0001-01-01T00:00:08.750+01:00|W12|0.6|0.27|0.05|0.27|0.10"
202.00;1.06;0001-01-01T00:00:08.6970000+01:00;173.61;2.89;-102.90;21.1;-1.004;-2.556;20.056;-10.816;11.764;-8.582;106.361;-76.299;130.908;"0001-01-01T00:00:08.750+01:00|W1|0.6|0.46|0.11|0.46|0.31;0001-01-01T00:00:08.750+01:00|W2|1.0|0.96|0.05|0.96|0.19;0001-01-01T00:00:08.750+01:00|W3|1.1|0.86|0.22|0.86|0.50;0001-01-01T00:00:08.750+01:00|W4|1.2|1.11|0.26|1.11|0.30;0001-01-01T00:00:08.750+01:00|W5|1.0|0.93|0.09|0.93|0.38;0001-01-01T00:00:08.750+01:00|W6|1.8|1.73|0.55|1.73|0.32;0001-01-01T00:00:08.750+01:00|W7|1.5|0.92|0.04|0.92|1.09;0001-01-01T00:00:08.750+01:00|W8|1.6|0.32|0.17|0.32|1.49;0001-01-01T00:00:08.750+01:00|W9|0.7|0.12|0.18|0.12|0.66;0001-01-01T00:00:08.750+01:00|W10|1.5|0.15|0.10|0.15|1.33;0001-01-01T00:00:08.750+01:00|W11|0.8|-0.46|0.11|-0.46|0.37;0001-01-01T00:00:08.750+01:00|W12|0.6|0.27|0.05|0.27|0.10"
203.00;1.00;0001-01-01T00:00:08.7240000+01:00;174.43;2.89;-103.47;21.3;-1.764;-3.266;18.158;-9.554;11.286;-8.719;106.313;-76.118;130.766;"0001-01-01T00:00:08.750+01:00|W1|0.6|0.46|0.11|0.46|0.31;0001-01-01T00:00:08.750+01:00|W2|1.0|0.96|0.05|0.96|0.19;0001-01-01T00:00:08.750+01:00|W3|1.1|0.86|0.22|0.86|0.50;0001-01-01T00:00:08.750+01:00|W4|1.2|1.11|0.26|1.11|0.30;0001-01-01T00:00:08.750+01:00|W5|1.0|0.93|0.09|0.93|0.38;0001-01-01T00:00:08.750+01:00|W6|1.8|1.73|0.55|1.73|0.32;0001-01-01T00:00:08.750+01:00|W7|1.5|0.92|0.04|0.92|1.09;0001-01-01T00:00:08.750+01:00|W8|1.6|0.32|0.17|0.32|1.49;0001-01-01T00:00:08.750+01:00|W9|0.7|0.12|0.18|0.12|0.66;0001-01-01T00:00:08.750+01:00|W10|1.5|0.15|0.10|0.15|1.33;0001-01-01T00:00:08.750+01:00|W11|0.8|-0.46|0.11|-0.46|0.37;0001-01-01T00:00:08.750+01:00|W12|0.6|0.27|0.05|0.27|0.10"
204.00;0.94;0001-01-01T00:00:08.7520000+01:00;175.24;2.89;-104.05;21.3;-2.523;-4.022;16.266;-8.256;10.810;-8.772;106.332;-75.959;130.691;"0001-01-01T00:00:08.750+01:00|W1|0.6|0.46|0.11|0.46|0.31;0001-01-01T00:00:08.750+01:00|W2|1.0|0.96|0.05|0.96|0.19;0001-01-01T00:00:08.750+01:00|W3|1.1|0.86|0.22|0.86|0.50;0001-01-01T00:00:08.750+01:00|W4|1.2|1.11|0.26|1.11|0.30;0001-01-01T00:00:08.750+01:00|W5|1.0|0.93|0.09|0.93|0.38;0001-01-01T00:00:08.750+01:00|W6|1.8|1.73|0.55|1.73|0.32;0001-01-01T00:00:08.750+01:00|W7|1.5|0.92|0.04|0.92|1.09;0001-01-01T00:00:08.750+01:00|W8|1.6|0.32|0.17|0.32|1.49;0001-01-01T00:00:08.750+01:00|W9|0.7|0.12|0.18|0.12|0.66;0001-01-01T00:00:08.750+01:00|W10|1.5|0.15|0.10|0.15|1.33;0001-01-01T00:00:08.750+01:00|W11|0.8|-0.46|0.11|-0.46|0.37;0001-01-01T00:00:08.750+01:00|W12|0.6|0.27|0.05|0.27|0.10"
205.00;0.86;0001-01-01T00:00:08.7790000+01:00;176.06;2.90;-104.64;20.5;-3.269;-5.065;14.404;-6.738;10.342;-8.310;106.755;-75.934;131.014;"0001-01-01T00:00:08.750+01:00|W1|0.6|0.46|0.11|0.46|0.31;0001-01-01T00:00:08.750+01:00|W2|1.0|0.96|0.05|0.96|0.19;0001-01-01T00:00:08.750+01:00|W3|1.1|0.86|0.22|0.86|0.50;0001-01-01T00:00:08.750+01:00|W4|1.2|1.11|0.26|1.11|0.30;0001-01-01T00:00:08.750+01:00|W5|1.0|0.93|0.09|0.93|0.38;0001-01-01T00:00:08.750+01:00|W6|1.8|1.73|0.55|1.73|0.32;0001-01-01T00:00:08.750+01:00|W7|1.5|0.92|0.04|0.92|1.09;0001-01-01T00:00:08.750+01:00|W8|1.6|0.32|0.17|0.32|1.49;0001-01-01T00:00:08.750+01:00|W9|0.7|0.12|0.18|0.12|0.66;0001-01-01T00:00:08.750+01:00|W10|1.5|0.15|0.10|0.15|1.33;0001-01-01T00:00:08.750+01:00|W11|0.8|-0.46|0.11|-0.46|0.37;0001-01-01T00:00:08.750+01:00|W12|0.6|0.27|0.05|0.27|0.10"
206.00;0.78;0001-01-01T00:00:08.8060000+01:00;176.87;2.91;-105.22;19.7;-4.015;-6.109;12.541;-5.220;9.873;-7.848;107.179;-75.909;131.341;"0001-01-01T00:00:08.750+01:00|W1|0.6|0.46|0.11|0.46|0.31;0001-01-01T00:00:08.750+01:00|W2|1.0|0.96|0.05|0.96|0.19;0001-01-01T00:00:08.750+01:00|W3|1.1|0.86|0.22|0.86|0.50;0001-01-01T00:00:08.750+01:00|W4|1.2|1.11|0.26|1.11|0.30;0001-01-01T00:00:08.750+01:00|W5|1.0|0.93|0.09|0.93|0.38;0001-01-01T00:00:08.750+01:00|W6|1.8|1.73|0.55|1.73|0.32;0001-01-01T00:00:08.750+01:00|W7|1.5|0.92|0.04|0.92|1.09;0001-01-01T00:00:08.750+01:00|W8|1.6|0.32|0.17|0.32|1.49;0001-01-01T00:00:08.750+01:00|W9|0.7|0.12|0.18|0.12|0.66;0001-01-01T00:00:08.750+01:00|W10|1.5|0.15|0.10|0.15|1.33;0001-01-01T00:00:08.750+01:00|W11|0.8|-0.46|0.11|-0.46|0.37;0001-01-01T00:00:08.750+01:00|W12|0.6|0.27|0.05|0.27|0.10"
207.00;0.70;0001-01-01T00:00:08.8330000+01:00;177.68;2.93;-105.81;18.9;-4.763;-7.154;10.676;-3.700;9.404;-7.385;107.603;-75.885;131.671;"0001-01-01T00:00:08.750+01:00|W1|0.6|0.46|0.11|0.46|0.31;0001-01-01T00:00:08.750+01:00|W2|1.0|0.96|0.05|0.96|0.19;0001-01-01T00:00:08.750+01:00|W3|1.1|0.86|0.22|0.86|0.50;0001-01-01T00:00:08.750+01:00|W4|1.2|1.11|0.26|1.11|0.30;0001-01-01T00:00:08.750+01:00|W5|1.0|0.93|0.09|0.93|0.38;0001-01-01T00:00:08.750+01:00|W6|1.8|1.73|0.55|1.73|0.32;0001-01-01T00:00:08.750+01:00|W7|1.5|0.92|0.04|0.92|1.09;0001-01-01T00:00:08.750+01:00|W8|1.6|0.32|0.17|0.32|1.49;0001-01-01T00:00:08.750+01:00|W9|0.7|0.12|0.18|0.12|0.66;0001-01-01T00:00:08.750+01:00|W10|1.5|0.15|0.10|0.15|1.33;0001-01-01T00:00:08.750+01:00|W11|0.8|-0.46|0.11|-0.46|0.37;0001-01-01T00:00:08.750+01:00|W12|0.6|0.27|0.05|0.27|0.10"
208.00;0.62;0001-01-01T00:00:08.8600000+01:00;178.49;2.94;-106.39;18.2;-5.510;-8.199;8.811;-2.179;8.934;-6.923;108.028;-75.860;132.003;"0001-01-01T00:00:08.750+01:00|W1|0.6|0.46|0.11|0.46|0.31;0001-01-01T00:00:08.750+01:00|W2|1.0|0.96|0.05|0.96|0.19;0001-01-01T00:00:08.750+01:00|W3|1.1|0.86|0.22|0.86|0.50;0001-01-01T00:00:08.750+01:00|W4|1.2|1.11|0.26|1.11|0.30;0001-01-01T00:00:08.750+01:00|W5|1.0|0.93|0.09|0.93|0.38;0001-01-01T00:00:08.750+01:00|W6|1.8|1.73|0.55|1.73|0.32;0001-01-01T00:00:08.750+01:00|W7|1.5|0.92|0.04|0.92|1.09;0001-01-01T00:00:08.750+01:00|W8|1.6|0.32|0.17|0.32|1.49;0001-01-01T00:00:08.750+01:00|W9|0.7|0.12|0.18|0.12|0.66;0001-01-01T00:00:08.750+01:00|W10|1.5|0.15|0.10|0.15|1.33;0001-01-01T00:00:08.750+01:00|W11|0.8|-0.46|0.11|-0.46|0.37;0001-01-01T00:00:08.750+01:00|W12|0.6|0.27|0.05|0.27|0.10"
209.00;0.53;0001-01-01T00:00:08.8870000+01:00;179.31;2.96;-106.98;17.4;-6.258;-9.245;6.946;-0.658;8.465;-6.460;108.452;-75.835;132.338;"0001-01-01T00:00:08.999+01:00|W1|0.6|0.26|0.07|0.26|0.39;0001-01-01T00:00:08.999+01:00|W2|1.0|1.00|0.06|1.00|0.19;0001-01-01T00:00:08.999+01:00|W3|1.1|0.81|0.20|0.81|0.55;0001-01-01T00:00:08.999+01:00|W4|1.2|1.09|0.25|1.09|0.40;0001-01-01T00:00:08.999+01:00|W5|1.0|0.93|0.05|0.93|0.39;0001-01-01T00:00:08.999+01:00|W6|1.8|1.77|0.48|1.77|0.04;0001-01-01T00:00:08.999+01:00|W7|1.6|1.04|0.06|1.04|1.12;0001-01-01T00:00:08.999+01:00|W8|1.6|0.33|0.14|0.33|1.50;0001-01-01T00:00:08.999+01:00|W9|0.8|0.07|0.03|0.07|0.81;0001-01-01T00:00:08.999+01:00|W10|1.2|0.05|0.28|0.05|0.86;0001-01-01T00:00:08.999+01:00|W11|0.8|-0.41|0.04|-0.41|0.32;0001-01-01T00:00:08.999+01:00|W12|0.6|0.27|0.05|0.27|0.16"
210.00;0.48;0001-01-01T00:00:08.9150000+01:00;180.13;2.97;-107.55;15.9;-7.206;-10.306;4.801;0.887;7.749;-5.990;109.083;-76.217;133.072;"0001-01-01T00:00:08.999+01:00|W1|0.6|0.26|0.07|0.26|0.39;0001-01-01T00:00:08.999+01:00|W2|1.0|1.00|0.06|1.00|0.19;0001-01-01T00:00:08.999+01:00|W3|1.1|0.81|0.20|0.81|0.55;0001-01-01T00:00:08.999+01:00|W4|1.2|1.09|0.25|1.09|0.40;0001-01-01T00:00:08.999+01:00|W5|1.0|0.93|0.05|0.93|0.39;0001-01-01T00:00:08.999+01:00|W6|1.8|1.77|0.48|1.77|0.04;0001-01-01T00:00:08.999+01:00|W7|1.6|1.04|0.06|1.04|1.12;0001-01-01T00:00:08.999+01:00|W8|1.6|0.33|0.14|0.33|1.50;0001-01-01T00:00:08.999+01:00|W9|0.8|0.07|0.03|0.07|0.81;0001-01-01T00:00:08.999+01:00|W10|1.2|0.05|0.28|0.05|0.86;0001-01-01T00:00:08.999+01:00|W11|0.8|-0.41|0.04|-0.41|0.32;0001-01-01T00:00:08.999+01:00|W12|0.6|0.27|0.05|0.27|0.16"
211.00;0.44;0001-01-01T00:00:08.9430000+01:00;180.96;2.97;-108.10;13.9;-8.282;-11.379;2.478;2.447;6.876;-5.515;109.845;-76.857;134.084;"0001-01-01T00:00:08.999+01:00|W1|0.6|0.26|0.07|0.26|0.39;0001-01-01T00:00:08.999+01:00|W2|1.0|1.00|0.06|1.00|0.19;0001-01-01T00:00:08.999+01:00|W3|1.1|0.81|0.20|0.81|0.55;0001-01-01T00:00:08.999+01:00|W4|1.2|1.09|0.25|1.09|0.40;0001-01-01T00:00:08.999+01:00|W5|1.0|0.93|0.05|0.93|0.39;0001-01-01T00:00:08.999+01:00|W6|1.8|1.77|0.48|1.77|0.04;0001-01-01T00:00:08.999+01:00|W7|1.6|1.04|0.06|1.04|1.12;0001-01-01T00:00:08.999+01:00|W8|1.6|0.33|0.14|0.33|1.50;0001-01-01T00:00:08.999+01:00|W9|0.8|0.07|0.03|0.07|0.81;0001-01-01T00:00:08.999+01:00|W10|1.2|0.05|0.28|0.05|0.86;0001-01-01T00:00:08.999+01:00|W11|0.8|-0.41|0.04|-0.41|0.32;0001-01-01T00:00:08.999+01:00|W12|0.6|0.27|0.05|0.27|0.16"
212.00;0.36;0001-01-01T00:00:08.9700000+01:00;181.78;2.97;-108.68;12.5;-9.323;-12.490;0.229;3.327;6.031;-5.343;109.628;-76.872;133.906;"0001-01-01T00:00:08.999+01:00|W1|0.6|0.26|0.07|0.26|0.39;0001-01-01T00:00:08.999+01:00|W2|1.0|1.00|0.06|1.00|0.19;0001-01-01T00:00:08.999+01:00|W3|1.1|0.81|0.20|0.81|0.55;0001-01-01T00:00:08.999+01:00|W4|1.2|1.09|0.25|1.09|0.40;0001-01-01T00:00:08.999+01:00|W5|1.0|0.93|0.05|0.93|0.39;0001-01-01T00:00:08.999+01:00|W6|1.8|1.77|0.48|1.77|0.04;0001-01-01T00:00:08.999+01:00|W7|1.6|1.04|0.06|1.04|1.12;0001-01-01T00:00:08.999+01:00|W8|1.6|0.33|0.14|0.33|1.50;0001-01-01T00:00:08.999+01:00|W9|0.8|0.07|0.03|0.07|0.81;0001-01-01T00:00:08.999+01:00|W10|1.2|0.05|0.28|0.05|0.86;0001-01-01T00:00:08.999+01:00|W11|0.8|-0.41|0.04|-0.41|0.32;0001-01-01T00:00:08.999+01:00|W12|0.6|0.27|0.05|0.27|0.16"
213.00;0.28;0001-01-01T00:00:08.9970000+01:00;182.59;2.96;-109.27;11.2;-10.357;-13.610;-2.002;4.052;5.192;-5.240;109.188;-76.745;133.463;"0001-01-01T00:00:08.999+01:00|W1|0.6|0.26|0.07|0.26|0.39;0001-01-01T00:00:08.999+01:00|W2|1.0|1.00|0.06|1.00|0.19;0001-01-01T00:00:08.999+01:00|W3|1.1|0.81|0.20|0.81|0.55;0001-01-01T00:00:08.999+01:00|W4|1.2|1.09|0.25|1.09|0.40;0001-01-01T00:00:08.999+01:00|W5|1.0|0.93|0.05|0.93|0.39;0001-01-01T00:00:08.999+01:00|W6|1.8|1.77|0.48|1.77|0.04;0001-01-01T00:00:08.999+01:00|W7|1.6|1.04|0.06|1.04|1.12;0001-01-01T00:00:08.999+01:00|W8|1.6|0.33|0.14|0.33|1.50;0001-01-01T00:00:08.999+01:00|W9|0.8|0.07|0.03|0.07|0.81;0001-01-01T00:00:08.999+01:00|W10|1.2|0.05|0.28|0.05|0.86;0001-01-01T00:00:08.999+01:00|W11|0.8|-0.41|0.04|-0.41|0.32;0001-01-01T00:00:08.999+01:00|W12|0.6|0.27|0.05|0.27|0.16"
214.00;0.19;0001-01-01T00:00:09.0230000+01:00;183.41;2.95;-109.86;10.0;-11.391;-14.730;-4.235;4.777;4.353;-5.136;108.749;-76.618;133.029;"0001-01-01T00:00:08.999+01:00|W1|0.6|0.26|0.07|0.26|0.39;0001-01-01T00:00:08.999+01:00|W2|1.0|1.00|0.06|1.00|0.19;0001-01-01T00:00:08.999+01:00|W3|1.1|0.81|0.20|0.81|0.55;0001-01-01T00:00:08.999+01:00|W4|1.2|1.09|0.25|1.09|0.40;0001-01-01T00:00:08.999+01:00|W5|1.0|0.93|0.05|0.93|0.39;0001-01-01T00:00:08.999+01:00|W6|1.8|1.77|0.48|1.77|0.04;0001-01-01T00:00:08.999+01:00|W7|1.6|1.04|0.06|1.04|1.12;0001-01-01T00:00:08.999+01:00|W8|1.6|0.33|0.14|0.33|1.50;0001-01-01T00:00:08.999+01:00|W9|0.8|0.07|0.03|0.07|0.81;0001-01-01T00:00:08.999+01:00|W10|1.2|0.05|0.28|0.05|0.86;0001-01-01T00:00:08.999+01:00|W11|0.8|-0.41|0.04|-0.41|0.32;0001-01-01T00:00:08.999+01:00|W12|0.6|0.27|0.05|0.27|0.16"
215.00;0.11;0001-01-01T00:00:09.0500000+01:00;184.22;2.94;-110.44;8.8;-12.492;-15.852;-6.132;5.503;3.597;-5.032;108.424;-76.393;132.639;"0001-01-01T00:00:08.999+01:00|W1|0.6|0.26|0.07|0.26|0.39;0001-01-01T00:00:08.999+01:00|W2|1.0|1.00|0.06|1.00|0.19;0001-01-01T00:00:08.999+01:00|W3|1.1|0.81|0.20|0.81|0.55;0001-01-01T00:00:08.999+01:00|W4|1.2|1.09|0.25|1.09|0.40;0001-01-01T00:00:08.999+01:00|W5|1.0|0.93|0.05|0.93|0.39;0001-01-01T00:00:08.999+01:00|W6|1.8|1.77|0.48|1.77|0.04;0001-01-01T00:00:08.999+01:00|W7|1.6|1.04|0.06|1.04|1.12;0001-01-01T00:00:08.999+01:00|W8|1.6|0.33|0.14|0.33|1.50;0001-01-01T00:00:08.999+01:00|W9|0.8|0.07|0.03|0.07|0.81;0001-01-01T00:00:08.999+01:00|W10|1.2|0.05|0.28|0.05|0.86;0001-01-01T00:00:08.999+01:00|W11|0.8|-0.41|0.04|-0.41|0.32;0001-01-01T00:00:08.999+01:00|W12|0.6|0.27|0.05|0.27|0.16"
216.00;0.06;0001-01-01T00:00:09.0770000+01:00;185.04;2.94;-111.02;9.0;-14.384;-16.990;-4.063;6.240;3.829;-4.927;109.451;-74.995;132.679;"0001-01-01T00:00:08.999+01:00|W1|0.6|0.26|0.07|0.26|0.39;0001-01-01T00:00:08.999+01:00|W2|1.0|1.00|0.06|1.00|0.19;0001-01-01T00:00:08.999+01:00|W3|1.1|0.81|0.20|0.81|0.55;0001-01-01T00:00:08.999+01:00|W4|1.2|1.09|0.25|1.09|0.40;0001-01-01T00:00:08.999+01:00|W5|1.0|0.93|0.05|0.93|0.39;0001-01-01T00:00:08.999+01:00|W6|1.8|1.77|0.48|1.77|0.04;0001-01-01T00:00:08.999+01:00|W7|1.6|1.04|0.06|1.04|1.12;0001-01-01T00:00:08.999+01:00|W8|1.6|0.33|0.14|0.33|1.50;0001-01-01T00:00:08.999+01:00|W9|0.8|0.07|0.03|0.07|0.81;0001-01-01T00:00:08.999+01:00|W10|1.2|0.05|0.28|0.05|0.86;0001-01-01T00:00:08.999+01:00|W11|0.8|-0.41|0.04|-0.41|0.32;0001-01-01T00:00:08.999+01:00|W12|0.6|0.27|0.05|0.27|0.16"
217.00;0.03;0001-01-01T00:00:09.1040000+01:00;185.86;2.95;-111.59;9.2;-17.139;-18.120;-2.318;6.971;4.200;-4.823;109.992;-73.254;132.155;"0001-01-01T00:00:08.999+01:00|W1|0.6|0.26|0.07|0.26|0.39;0001-01-01T00:00:08.999+01:00|W2|1.0|1.00|0.06|1.00|0.19;0001-01-01T00:00:08.999+01:00|W3|1.1|0.81|0.20|0.81|0.55;0001-01-01T00:00:08.999+01:00|W4|1.2|1.09|0.25|1.09|0.40;0001-01-01T00:00:08.999+01:00|W5|1.0|0.93|0.05|0.93|0.39;0001-01-01T00:00:08.999+01:00|W6|1.8|1.77|0.48|1.77|0.04;0001-01-01T00:00:08.999+01:00|W7|1.6|1.04|0.06|1.04|1.12;0001-01-01T00:00:08.999+01:00|W8|1.6|0.33|0.14|0.33|1.50;0001-01-01T00:00:08.999+01:00|W9|0.8|0.07|0.03|0.07|0.81;0001-01-01T00:00:08.999+01:00|W10|1.2|0.05|0.28|0.05|0.86;0001-01-01T00:00:08.999+01:00|W11|0.8|-0.41|0.04|-0.41|0.32;0001-01-01T00:00:08.999+01:00|W12|0.6|0.27|0.05|0.27|0.16"
218.00;0.04;0001-01-01T00:00:09.1310000+01:00;186.72;3.00;-112.11;9.3;-22.648;-19.225;-1.608;7.687;5.015;-4.721;108.982;-70.414;129.751;"0001-01-01T00:00:09.250+01:00|W1|0.6|0.20|0.06|0.20|0.38;0001-01-01T00:00:09.250+01:00|W2|1.0|1.02|0.06|1.02|0.17;0001-01-01T00:00:09.250+01:00|W3|1.1|0.79|0.20|0.79|0.58;0001-01-01T00:00:09.250+01:00|W4|1.2|1.04|0.21|1.04|0.42;0001-01-01T00:00:09.250+01:00|W5|1.0|0.88|0.01|0.88|0.38;0001-01-01T00:00:09.250+01:00|W6|2.0|1.89|0.53|1.89|0.16;0001-01-01T00:00:09.250+01:00|W7|1.6|1.10|0.06|1.10|1.04;0001-01-01T00:00:09.250+01:00|W8|1.7|0.34|0.18|0.34|1.57;0001-01-01T00:00:09.250+01:00|W9|0.9|0.09|0.03|0.09|0.87;0001-01-01T00:00:09.250+01:00|W10|1.3|0.08|0.24|0.08|0.76;0001-01-01T00:00:09.250+01:00|W11|0.8|-0.41|0.04|-0.41|0.32;0001-01-01T00:00:09.250+01:00|W12|0.6|0.23|0.05|0.23|0.18"
219.00;0.03;0001-01-01T00:00:09.1550000+01:00;187.49;3.02;-112.58;9.4;-26.702;-21.644;-0.744;8.495;5.850;-4.500;108.504;-67.549;127.813;"0001-01-01T00:00:09.250+01:00|W1|0.6|0.20|0.06|0.20|0.38;0001-01-01T00:00:09.250+01:00|W2|1.0|1.02|0.06|1.02|0.17;0001-01-01T00:00:09.250+01:00|W3|1.1|0.79|0.20|0.79|0.58;0001-01-01T00:00:09.250+01:00|W4|1.2|1.04|0.21|1.04|0.42;0001-01-01T00:00:09.250+01:00|W5|1.0|0.88|0.01|0.88|0.38;0001-01-01T00:00:09.250+01:00|W6|2.0|1.89|0.53|1.89|0.16;0001-01-01T00:00:09.250+01:00|W7|1.6|1.10|0.06|1.10|1.04;0001-01-01T00:00:09.250+01:00|W8|1.7|0.34|0.18|0.34|1.57;0001-01-01T00:00:09.250+01:00|W9|0.9|0.09|0.03|0.09|0.87;0001-01-01T00:00:09.250+01:00|W10|1.3|0.08|0.24|0.08|0.76;0001-01-01T00:00:09.250+01:00|W11|0.8|-0.41|0.04|-0.41|0.32;0001-01-01T00:00:09.250+01:00|W12|0.6|0.23|0.05|0.23|0.18"
219.50;0.00;0001-01-01T00:00:09.1650000+01:00;187.80;3.02;-112.76;9.5;-27.348;-24.100;-0.165;8.988;6.286;-4.278;108.771;-66.092;127.276;"0001-01-01T00:00:09.250+01:00|W1|0.6|0.20|0.06|0.20|0.38;0001-01-01T00:00:09.250+01:00|W2|1.0|1.02|0.06|1.02|0.17;0001-01-01T00:00:09.250+01:00|W3|1.1|0.79|0.20|0.79|0.58;0001-01-01T00:00:09.250+01:00|W4|1.2|1.04|0.21|1.04|0.42;0001-01-01T00:00:09.250+01:00|W5|1.0|0.88|0.01|0.88|0.38;0001-01-01T00:00:09.250+01:00|W6|2.0|1.89|0.53|1.89|0.16;0001-01-01T00:00:09.250+01:00|W7|1.6|1.10|0.06|1.10|1.04;0001-01-01T00:00:09.250+01:00|W8|1.7|0.34|0.18|0.34|1.57;0001-01-01T00:00:09.250+01:00|W9|0.9|0.09|0.03|0.09|0.87;0001-01-01T00:00:09.250+01:00|W10|1.3|0.08|0.24|0.08|0.76;0001-01-01T00:00:09.250+01:00|W11|0.8|-0.41|0.04|-0.41|0.32;0001-01-01T00:00:09.250+01:00|W12|0.6|0.23|0.05|0.23|0.18"
