Position;Height above ground [m];Time;X [m];Y [m];Z [m];Opening Angle [°];Stalling Angle Left [°];Stalling Angle Right [°];Roll Angle Left [°];Roll Angle Right [°];Yaw Angle Left [°];Yaw Angle Right [°];Speed hor. [km/h];Speed vert. [km/h];Speed resulting [km/h];WindTime|WindName|WindSpeed|WindSpeedTangent|WindTurbulence|WindSpeedCleanTan|WindSpeedCross
-95.69;NaN;0001-01-01T00:00:00.0490000+01:00;-83.39;0.00;44.68;NaN;NaN;NaN;NaN;NaN;NaN;NaN;0.000;0.000;0.000;"0001-01-01T00:00:00.000+01:00|W1|1.5|0.28|0.04|0.28|1.45;0001-01-01T00:00:00.000+01:00|W2|0.7|-0.54|0.06|-0.54|0.14;0001-01-01T00:00:00.000+01:00|W3|1.2|0.09|0.02|0.09|1.07;0001-01-01T00:00:00.000+01:00|W4|1.5|-0.52|0.09|-0.52|1.41;0001-01-01T00:00:00.000+01:00|W5|1.1|-0.25|0.05|-0.25|1.06;0001-01-01T00:00:00.000+01:00|W6|1.3|0.06|0.03|0.06|1.28;0001-01-01T00:00:00.000+01:00|W7|1.9|0.13|0.31|0.13|1.84;0001-01-01T00:00:00.000+01:00|W8|1.1|0.36|0.03|0.36|1.02;0001-01-01T00:00:00.000+01:00|W9|0.7|-0.25|0.11|-0.25|0.59;0001-01-01T00:00:00.000+01:00|W10|0.5|-0.24|0.24|-0.24|0.31;0001-01-01T00:00:00.000+01:00|W11|0.6|0.58|0.29|0.58|0.17;0001-01-01T00:00:00.000+01:00|W12|0.7|-0.02|0.13|-0.02|0.66"
0.00;2.93;0001-01-01T00:00:04.2320000+01:00;0.02;0.00;-0.00;0.0;-11.500;-11.500;0.000;0.000;0.000;0.000;100.176;-20.381;102.229;"0001-01-01T00:00:04.246+01:00|W1|1.4|0.48|0.13|0.48|1.20;0001-01-01T00:00:04.246+01:00|W2|0.5|-0.41|0.15|-0.41|0.01;0001-01-01T00:00:04.246+01:00|W3|1.0|0.15|0.11|0.15|0.94;0001-01-01T00:00:04.246+01:00|W4|2.4|0.84|0.84|0.84|2.26;0001-01-01T00:00:04.246+01:00|W5|1.2|-0.21|0.03|-0.21|1.20;0001-01-01T00:00:04.246+01:00|W6|1.9|0.43|0.09|0.43|1.82;0001-01-01T00:00:04.246+01:00|W7|2.0|-0.23|0.04|-0.23|1.89;0001-01-01T00:00:04.246+01:00|W8|1.6|0.20|0.16|0.20|1.54;0001-01-01T00:00:04.246+01:00|W9|1.0|0.03|0.17|0.03|0.96;0001-01-01T00:00:04.246+01:00|W10|0.9|-0.41|0.23|-0.41|0.66;0001-01-01T00:00:04.246+01:00|W11|0.8|0.48|0.22|0.48|0.50;0001-01-01T00:00:04.246+01:00|W12|1.0|-0.90|0.25|-0.90|0.37"
1.00;2.85;0001-01-01T00:00:04.3990000+01:00;1.34;0.00;-0.24;3.2;-12.066;-10.504;-5.531;6.404;0.972;-2.280;100.926;-12.917;101.750;"0001-01-01T00:00:04.498+01:00|W1|1.4|0.48|0.13|0.48|1.20;0001-01-01T00:00:04.498+01:00|W2|0.5|-0.41|0.15|-0.41|0.01;0001-01-01T00:00:04.498+01:00|W3|1.0|0.16|0.10|0.16|0.93;0001-01-01T00:00:04.498+01:00|W4|2.5|0.93|0.86|0.93|2.29;0001-01-01T00:00:04.498+01:00|W5|1.3|-0.15|0.05|-0.15|1.24;0001-01-01T00:00:04.498+01:00|W6|1.9|0.43|0.09|0.43|1.82;0001-01-01T00:00:04.498+01:00|W7|2.0|-0.23|0.04|-0.23|1.89;0001-01-01T00:00:04.498+01:00|W8|1.5|0.20|0.11|0.20|1.51;0001-01-01T00:00:04.498+01:00|W9|1.0|0.03|0.17|0.03|0.96;0001-01-01T00:00:04.498+01:00|W10|0.9|-0.44|0.24|-0.44|0.67;0001-01-01T00:00:04.498+01:00|W11|0.8|0.47|0.25|0.47|0.56;0001-01-01T00:00:04.498+01:00|W12|1.0|-0.90|0.25|-0.90|0.37"
2.00;2.83;0001-01-01T00:00:04.4360000+01:00;2.37;-0.00;-0.40;5.1;-13.052;-10.602;-4.339;0.050;1.567;-3.625;99.597;-14.051;100.585;"0001-01-01T00:00:04.498+01:00|W1|1.4|0.48|0.13|0.48|1.20;0001-01-01T00:00:04.498+01:00|W2|0.5|-0.41|0.15|-0.41|0.01;0001-01-01T00:00:04.498+01:00|W3|1.0|0.16|0.10|0.16|0.93;0001-01-01T00:00:04.498+01:00|W4|2.5|0.93|0.86|0.93|2.29;0001-01-01T00:00:04.498+01:00|W5|1.3|-0.15|0.05|-0.15|1.24;0001-01-01T00:00:04.498+01:00|W6|1.9|0.43|0.09|0.43|1.82;0001-01-01T00:00:04.498+01:00|W7|2.0|-0.23|0.04|-0.23|1.89;0001-01-01T00:00:04.498+01:00|W8|1.5|0.20|0.11|0.20|1.51;0001-01-01T00:00:04.498+01:00|W9|1.0|0.03|0.17|0.03|0.96;0001-01-01T00:00:04.498+01:00|W10|0.9|-0.44|0.24|-0.44|0.67;0001-01-01T00:00:04.498+01:00|W11|0.8|0.47|0.25|0.47|0.56;0001-01-01T00:00:04.498+01:00|W12|1.0|-0.90|0.25|-0.90|0.37"
3.00;2.85;0001-01-01T00:00:04.4740000+01:00;3.40;-0.00;-0.54;7.8;-12.610;-9.373;-1.718;-1.324;2.495;-5.437;100.114;-13.522;101.024;"0001-01-01T00:00:04.498+01:00|W1|1.4|0.48|0.13|0.48|1.20;0001-01-01T00:00:04.498+01:00|W2|0.5|-0.41|0.15|-0.41|0.01;0001-01-01T00:00:04.498+01:00|W3|1.0|0.16|0.10|0.16|0.93;0001-01-01T00:00:04.498+01:00|W4|2.5|0.93|0.86|0.93|2.29;0001-01-01T00:00:04.498+01:00|W5|1.3|-0.15|0.05|-0.15|1.24;0001-01-01T00:00:04.498+01:00|W6|1.9|0.43|0.09|0.43|1.82;0001-01-01T00:00:04.498+01:00|W7|2.0|-0.23|0.04|-0.23|1.89;0001-01-01T00:00:04.498+01:00|W8|1.5|0.20|0.11|0.20|1.51;0001-01-01T00:00:04.498+01:00|W9|1.0|0.03|0.17|0.03|0.96;0001-01-01T00:00:04.498+01:00|W10|0.9|-0.44|0.24|-0.44|0.67;0001-01-01T00:00:04.498+01:00|W11|0.8|0.47|0.25|0.47|0.56;0001-01-01T00:00:04.498+01:00|W12|1.0|-0.90|0.25|-0.90|0.37"
4.00;2.88;0001-01-01T00:00:04.5110000+01:00;4.44;-0.01;-0.68;11.0;-10.123;-6.379;0.442;-0.395;3.687;-7.420;100.788;-13.853;101.736;"0001-01-01T00:00:04.498+01:00|W1|1.4|0.48|0.13|0.48|1.20;0001-01-01T00:00:04.498+01:00|W2|0.5|-0.41|0.15|-0.41|0.01;0001-01-01T00:00:04.498+01:00|W3|1.0|0.16|0.10|0.16|0.93;0001-01-01T00:00:04.498+01:00|W4|2.5|0.93|0.86|0.93|2.29;0001-01-01T00:00:04.498+01:00|W5|1.3|-0.15|0.05|-0.15|1.24;0001-01-01T00:00:04.498+01:00|W6|1.9|0.43|0.09|0.43|1.82;0001-01-01T00:00:04.498+01:00|W7|2.0|-0.23|0.04|-0.23|1.89;0001-01-01T00:00:04.498+01:00|W8|1.5|0.20|0.11|0.20|1.51;0001-01-01T00:00:04.498+01:00|W9|1.0|0.03|0.17|0.03|0.96;0001-01-01T00:00:04.498+01:00|W10|0.9|-0.44|0.24|-0.44|0.67;0001-01-01T00:00:04.498+01:00|W11|0.8|0.47|0.25|0.47|0.56;0001-01-01T00:00:04.498+01:00|W12|1.0|-0.90|0.25|-0.90|0.37"
5.00;2.92;0001-01-01T00:00:04.5480000+01:00;5.47;-0.02;-0.84;14.5;-5.156;-1.322;0.839;1.006;5.108;-9.366;100.453;-16.738;101.841;"0001-01-01T00:00:04.498+01:00|W1|1.4|0.48|0.13|0.48|1.20;0001-01-01T00:00:04.498+01:00|W2|0.5|-0.41|0.15|-0.41|0.01;0001-01-01T00:00:04.498+01:00|W3|1.0|0.16|0.10|0.16|0.93;0001-01-01T00:00:04.498+01:00|W4|2.5|0.93|0.86|0.93|2.29;0001-01-01T00:00:04.498+01:00|W5|1.3|-0.15|0.05|-0.15|1.24;0001-01-01T00:00:04.498+01:00|W6|1.9|0.43|0.09|0.43|1.82;0001-01-01T00:00:04.498+01:00|W7|2.0|-0.23|0.04|-0.23|1.89;0001-01-01T00:00:04.498+01:00|W8|1.5|0.20|0.11|0.20|1.51;0001-01-01T00:00:04.498+01:00|W9|1.0|0.03|0.17|0.03|0.96;0001-01-01T00:00:04.498+01:00|W10|0.9|-0.44|0.24|-0.44|0.67;0001-01-01T00:00:04.498+01:00|W11|0.8|0.47|0.25|0.47|0.56;0001-01-01T00:00:04.498+01:00|W12|1.0|-0.90|0.25|-0.90|0.37"
6.00;2.96;0001-01-01T00:00:04.5850000+01:00;6.50;-0.03;-1.00;18.0;-2.257;0.876;1.454;-0.836;6.994;-10.979;99.412;-16.508;100.777;"0001-01-01T00:00:04.498+01:00|W1|1.4|0.48|0.13|0.48|1.20;0001-01-01T00:00:04.498+01:00|W2|0.5|-0.41|0.15|-0.41|0.01;0001-01-01T00:00:04.498+01:00|W3|1.0|0.16|0.10|0.16|0.93;0001-01-01T00:00:04.498+01:00|W4|2.5|0.93|0.86|0.93|2.29;0001-01-01T00:00:04.498+01:00|W5|1.3|-0.15|0.05|-0.15|1.24;0001-01-01T00:00:04.498+01:00|W6|1.9|0.43|0.09|0.43|1.82;0001-01-01T00:00:04.498+01:00|W7|2.0|-0.23|0.04|-0.23|1.89;0001-01-01T00:00:04.498+01:00|W8|1.5|0.20|0.11|0.20|1.51;0001-01-01T00:00:04.498+01:00|W9|1.0|0.03|0.17|0.03|0.96;0001-01-01T00:00:04.498+01:00|W10|0.9|-0.44|0.24|-0.44|0.67;0001-01-01T00:00:04.498+01:00|W11|0.8|0.47|0.25|0.47|0.56;0001-01-01T00:00:04.498+01:00|W12|1.0|-0.90|0.25|-0.90|0.37"
7.00;3.00;0001-01-01T00:00:04.6220000+01:00;7.52;-0.04;-1.18;20.7;0.385;3.515;0.299;-2.589;8.758;-11.972;99.277;-17.530;100.817;"0001-01-01T00:00:04.498+01:00|W1|1.4|0.48|0.13|0.48|1.20;0001-01-01T00:00:04.498+01:00|W2|0.5|-0.41|0.15|-0.41|0.01;0001-01-01T00:00:04.498+01:00|W3|1.0|0.16|0.10|0.16|0.93;0001-01-01T00:00:04.498+01:00|W4|2.5|0.93|0.86|0.93|2.29;0001-01-01T00:00:04.498+01:00|W5|1.3|-0.15|0.05|-0.15|1.24;0001-01-01T00:00:04.498+01:00|W6|1.9|0.43|0.09|0.43|1.82;0001-01-01T00:00:04.498+01:00|W7|2.0|-0.23|0.04|-0.23|1.89;0001-01-01T00:00:04.498+01:00|W8|1.5|0.20|0.11|0.20|1.51;0001-01-01T00:00:04.498+01:00|W9|1.0|0.03|0.17|0.03|0.96;0001-01-01T00:00:04.498+01:00|W10|0.9|-0.44|0.24|-0.44|0.67;0001-01-01T00:00:04.498+01:00|W11|0.8|0.47|0.25|0.47|0.56;0001-01-01T00:00:04.498+01:00|W12|1.0|-0.90|0.25|-0.90|0.37"
8.00;3.05;0001-01-01T00:00:04.6590000+01:00;8.54;-0.05;-1.37;23.0;2.900;6.375;-1.743;-4.298;10.462;-12.654;99.596;-19.177;101.429;"0001-01-01T00:00:04.749+01:00|W1|1.2|0.52|0.30|0.52|1.08;0001-01-01T00:00:04.749+01:00|W2|0.4|-0.36|0.17|-0.36|0.00;0001-01-01T00:00:04.749+01:00|W3|1.0|0.17|0.07|0.17|0.95;0001-01-01T00:00:04.749+01:00|W4|2.6|1.08|0.94|1.08|2.38;0001-01-01T00:00:04.749+01:00|W5|1.3|-0.10|0.05|-0.10|1.25;0001-01-01T00:00:04.749+01:00|W6|1.8|0.30|0.00|0.30|1.81;0001-01-01T00:00:04.749+01:00|W7|2.1|-0.18|0.09|-0.18|1.99;0001-01-01T00:00:04.749+01:00|W8|1.5|0.15|0.05|0.15|1.47;0001-01-01T00:00:04.749+01:00|W9|1.0|0.10|0.22|0.10|1.04;0001-01-01T00:00:04.749+01:00|W10|0.9|-0.45|0.23|-0.45|0.69;0001-01-01T00:00:04.749+01:00|W11|0.8|0.48|0.29|0.48|0.61;0001-01-01T00:00:04.749+01:00|W12|1.0|-0.92|0.21|-0.92|0.36"
9.00;3.11;0001-01-01T00:00:04.6960000+01:00;9.56;-0.06;-1.56;25.3;5.414;9.234;-3.784;-6.006;12.165;-13.336;99.914;-20.823;102.065;"0001-01-01T00:00:04.749+01:00|W1|1.2|0.52|0.30|0.52|1.08;0001-01-01T00:00:04.749+01:00|W2|0.4|-0.36|0.17|-0.36|0.00;0001-01-01T00:00:04.749+01:00|W3|1.0|0.17|0.07|0.17|0.95;0001-01-01T00:00:04.749+01:00|W4|2.6|1.08|0.94|1.08|2.38;0001-01-01T00:00:04.749+01:00|W5|1.3|-0.10|0.05|-0.10|1.25;0001-01-01T00:00:04.749+01:00|W6|1.8|0.30|0.00|0.30|1.81;0001-01-01T00:00:04.749+01:00|W7|2.1|-0.18|0.09|-0.18|1.99;0001-01-01T00:00:04.749+01:00|W8|1.5|0.15|0.05|0.15|1.47;0001-01-01T00:00:04.749+01:00|W9|1.0|0.10|0.22|0.10|1.04;0001-01-01T00:00:04.749+01:00|W10|0.9|-0.45|0.23|-0.45|0.69;0001-01-01T00:00:04.749+01:00|W11|0.8|0.48|0.29|0.48|0.61;0001-01-01T00:00:04.749+01:00|W12|1.0|-0.92|0.21|-0.92|0.36"
10.00;3.16;0001-01-01T00:00:04.7330000+01:00;10.58;-0.07;-1.77;27.2;5.658;10.119;-2.495;-8.840;13.785;-13.701;99.729;-20.455;101.807;"0001-01-01T00:00:04.749+01:00|W1|1.2|0.52|0.30|0.52|1.08;0001-01-01T00:00:04.749+01:00|W2|0.4|-0.36|0.17|-0.36|0.00;0001-01-01T00:00:04.749+01:00|W3|1.0|0.17|0.07|0.17|0.95;0001-01-01T00:00:04.749+01:00|W4|2.6|1.08|0.94|1.08|2.38;0001-01-01T00:00:04.749+01:00|W5|1.3|-0.10|0.05|-0.10|1.25;0001-01-01T00:00:04.749+01:00|W6|1.8|0.30|0.00|0.30|1.81;0001-01-01T00:00:04.749+01:00|W7|2.1|-0.18|0.09|-0.18|1.99;0001-01-01T00:00:04.749+01:00|W8|1.5|0.15|0.05|0.15|1.47;0001-01-01T00:00:04.749+01:00|W9|1.0|0.10|0.22|0.10|1.04;0001-01-01T00:00:04.749+01:00|W10|0.9|-0.45|0.23|-0.45|0.69;0001-01-01T00:00:04.749+01:00|W11|0.8|0.48|0.29|0.48|0.61;0001-01-01T00:00:04.749+01:00|W12|1.0|-0.92|0.21|-0.92|0.36"
11.00;3.22;0001-01-01T00:00:04.7690000+01:00;11.60;-0.07;-1.98;28.8;5.867;11.040;-0.413;-11.378;15.230;-13.923;99.657;-21.377;101.926;"0001-01-01T00:00:04.749+01:00|W1|1.2|0.52|0.30|0.52|1.08;0001-01-01T00:00:04.749+01:00|W2|0.4|-0.36|0.17|-0.36|0.00;0001-01-01T00:00:04.749+01:00|W3|1.0|0.17|0.07|0.17|0.95;0001-01-01T00:00:04.749+01:00|W4|2.6|1.08|0.94|1.08|2.38;0001-01-01T00:00:04.749+01:00|W5|1.3|-0.10|0.05|-0.10|1.25;0001-01-01T00:00:04.749+01:00|W6|1.8|0.30|0.00|0.30|1.81;0001-01-01T00:00:04.749+01:00|W7|2.1|-0.18|0.09|-0.18|1.99;0001-01-01T00:00:04.749+01:00|W8|1.5|0.15|0.05|0.15|1.47;0001-01-01T00:00:04.749+01:00|W9|1.0|0.10|0.22|0.10|1.04;0001-01-01T00:00:04.749+01:00|W10|0.9|-0.45|0.23|-0.45|0.69;0001-01-01T00:00:04.749+01:00|W11|0.8|0.48|0.29|0.48|0.61;0001-01-01T00:00:04.749+01:00|W12|1.0|-0.92|0.21|-0.92|0.36"
12.00;3.29;0001-01-01T00:00:04.8060000+01:00;12.61;-0.08;-2.20;30.1;5.951;11.639;1.112;-13.908;16.428;-14.074;99.565;-22.696;102.124;"0001-01-01T00:00:04.749+01:00|W1|1.2|0.52|0.30|0.52|1.08;0001-01-01T00:00:04.749+01:00|W2|0.4|-0.36|0.17|-0.36|0.00;0001-01-01T00:00:04.749+01:00|W3|1.0|0.17|0.07|0.17|0.95;0001-01-01T00:00:04.749+01:00|W4|2.6|1.08|0.94|1.08|2.38;0001-01-01T00:00:04.749+01:00|W5|1.3|-0.10|0.05|-0.10|1.25;0001-01-01T00:00:04.749+01:00|W6|1.8|0.30|0.00|0.30|1.81;0001-01-01T00:00:04.749+01:00|W7|2.1|-0.18|0.09|-0.18|1.99;0001-01-01T00:00:04.749+01:00|W8|1.5|0.15|0.05|0.15|1.47;0001-01-01T00:00:04.749+01:00|W9|1.0|0.10|0.22|0.10|1.04;0001-01-01T00:00:04.749+01:00|W10|0.9|-0.45|0.23|-0.45|0.69;0001-01-01T00:00:04.749+01:00|W11|0.8|0.48|0.29|0.48|0.61;0001-01-01T00:00:04.749+01:00|W12|1.0|-0.92|0.21|-0.92|0.36"
13.00;3.35;0001-01-01T00:00:04.8430000+01:00;13.62;-0.09;-2.44;31.2;5.587;11.059;-0.486;-17.063;17.210;-14.278;99.155;-22.547;101.693;"0001-01-01T00:00:04.749+01:00|W1|1.2|0.52|0.30|0.52|1.08;0001-01-01T00:00:04.749+01:00|W2|0.4|-0.36|0.17|-0.36|0.00;0001-01-01T00:00:04.749+01:00|W3|1.0|0.17|0.07|0.17|0.95;0001-01-01T00:00:04.749+01:00|W4|2.6|1.08|0.94|1.08|2.38;0001-01-01T00:00:04.749+01:00|W5|1.3|-0.10|0.05|-0.10|1.25;0001-01-01T00:00:04.749+01:00|W6|1.8|0.30|0.00|0.30|1.81;0001-01-01T00:00:04.749+01:00|W7|2.1|-0.18|0.09|-0.18|1.99;0001-01-01T00:00:04.749+01:00|W8|1.5|0.15|0.05|0.15|1.47;0001-01-01T00:00:04.749+01:00|W9|1.0|0.10|0.22|0.10|1.04;0001-01-01T00:00:04.749+01:00|W10|0.9|-0.45|0.23|-0.45|0.69;0001-01-01T00:00:04.749+01:00|W11|0.8|0.48|0.29|0.48|0.61;0001-01-01T00:00:04.749+01:00|W12|1.0|-0.92|0.21|-0.92|0.36"
14.00;3.42;0001-01-01T00:00:04.8790000+01:00;14.62;-0.10;-2.68;31.5;6.008;10.699;-0.242;-20.939;17.502;-14.342;98.976;-23.191;101.661;"0001-01-01T00:00:04.995+01:00|W1|1.1|0.55|0.39|0.55|0.96;0001-01-01T00:00:04.995+01:00|W2|0.4|-0.34|0.18|-0.34|0.01;0001-01-01T00:00:04.995+01:00|W3|1.0|0.19|0.07|0.19|0.95;0001-01-01T00:00:04.995+01:00|W4|2.6|1.09|0.92|1.09|2.41;0001-01-01T00:00:04.995+01:00|W5|1.2|-0.14|0.00|-0.14|1.20;0001-01-01T00:00:04.995+01:00|W6|1.8|0.28|0.04|0.28|1.80;0001-01-01T00:00:04.995+01:00|W7|2.1|-0.17|0.10|-0.17|2.00;0001-01-01T00:00:04.995+01:00|W8|1.4|0.14|0.03|0.14|1.39;0001-01-01T00:00:04.995+01:00|W9|1.1|0.08|0.24|0.08|1.08;0001-01-01T00:00:04.995+01:00|W10|0.9|-0.51|0.20|-0.51|0.65;0001-01-01T00:00:04.995+01:00|W11|0.9|0.49|0.31|0.49|0.64;0001-01-01T00:00:04.995+01:00|W12|1.0|-0.92|0.18|-0.92|0.30"
15.00;3.50;0001-01-01T00:00:04.9160000+01:00;15.63;-0.11;-2.92;31.8;6.538;10.370;0.258;-24.914;17.726;-14.386;98.829;-23.945;101.691;"0001-01-01T00:00:04.995+01:00|W1|1.1|0.55|0.39|0.55|0.96;0001-01-01T00:00:04.995+01:00|W2|0.4|-0.34|0.18|-0.34|0.01;0001-01-01T00:00:04.995+01:00|W3|1.0|0.19|0.07|0.19|0.95;0001-01-01T00:00:04.995+01:00|W4|2.6|1.09|0.92|1.09|2.41;0001-01-01T00:00:04.995+01:00|W5|1.2|-0.14|0.00|-0.14|1.20;0001-01-01T00:00:04.995+01:00|W6|1.8|0.28|0.04|0.28|1.80;0001-01-01T00:00:04.995+01:00|W7|2.1|-0.17|0.10|-0.17|2.00;0001-01-01T00:00:04.995+01:00|W8|1.4|0.14|0.03|0.14|1.39;0001-01-01T00:00:04.995+01:00|W9|1.1|0.08|0.24|0.08|1.08;0001-01-01T00:00:04.995+01:00|W10|0.9|-0.51|0.20|-0.51|0.65;0001-01-01T00:00:04.995+01:00|W11|0.9|0.49|0.31|0.49|0.64;0001-01-01T00:00:04.995+01:00|W12|1.0|-0.92|0.18|-0.92|0.30"
16.00;3.59;0001-01-01T00:00:04.9520000+01:00;16.63;-0.12;-3.16;32.0;7.054;10.033;0.757;-28.834;17.924;-14.432;98.696;-24.696;101.740;"0001-01-01T00:00:04.995+01:00|W1|1.1|0.55|0.39|0.55|0.96;0001-01-01T00:00:04.995+01:00|W2|0.4|-0.34|0.18|-0.34|0.01;0001-01-01T00:00:04.995+01:00|W3|1.0|0.19|0.07|0.19|0.95;0001-01-01T00:00:04.995+01:00|W4|2.6|1.09|0.92|1.09|2.41;0001-01-01T00:00:04.995+01:00|W5|1.2|-0.14|0.00|-0.14|1.20;0001-01-01T00:00:04.995+01:00|W6|1.8|0.28|0.04|0.28|1.80;0001-01-01T00:00:04.995+01:00|W7|2.1|-0.17|0.10|-0.17|2.00;0001-01-01T00:00:04.995+01:00|W8|1.4|0.14|0.03|0.14|1.39;0001-01-01T00:00:04.995+01:00|W9|1.1|0.08|0.24|0.08|1.08;0001-01-01T00:00:04.995+01:00|W10|0.9|-0.51|0.20|-0.51|0.65;0001-01-01T00:00:04.995+01:00|W11|0.9|0.49|0.31|0.49|0.64;0001-01-01T00:00:04.995+01:00|W12|1.0|-0.92|0.18|-0.92|0.30"
17.00;3.69;0001-01-01T00:00:04.9890000+01:00;17.64;-0.13;-3.40;32.1;7.485;9.649;1.249;-32.436;17.969;-14.482;98.649;-25.426;101.874;"0001-01-01T00:00:04.995+01:00|W1|1.1|0.55|0.39|0.55|0.96;0001-01-01T00:00:04.995+01:00|W2|0.4|-0.34|0.18|-0.34|0.01;0001-01-01T00:00:04.995+01:00|W3|1.0|0.19|0.07|0.19|0.95;0001-01-01T00:00:04.995+01:00|W4|2.6|1.09|0.92|1.09|2.41;0001-01-01T00:00:04.995+01:00|W5|1.2|-0.14|0.00|-0.14|1.20;0001-01-01T00:00:04.995+01:00|W6|1.8|0.28|0.04|0.28|1.80;0001-01-01T00:00:04.995+01:00|W7|2.1|-0.17|0.10|-0.17|2.00;0001-01-01T00:00:04.995+01:00|W8|1.4|0.14|0.03|0.14|1.39;0001-01-01T00:00:04.995+01:00|W9|1.1|0.08|0.24|0.08|1.08;0001-01-01T00:00:04.995+01:00|W10|0.9|-0.51|0.20|-0.51|0.65;0001-01-01T00:00:04.995+01:00|W11|0.9|0.49|0.31|0.49|0.64;0001-01-01T00:00:04.995+01:00|W12|1.0|-0.92|0.18|-0.92|0.30"
18.00;3.75;0001-01-01T00:00:05.0250000+01:00;18.63;-0.12;-3.68;32.1;7.906;9.131;1.729;-33.712;18.013;-14.630;98.210;-26.112;101.623;"0001-01-01T00:00:04.995+01:00|W1|1.1|0.55|0.39|0.55|0.96;0001-01-01T00:00:04.995+01:00|W2|0.4|-0.34|0.18|-0.34|0.01;0001-01-01T00:00:04.995+01:00|W3|1.0|0.19|0.07|0.19|0.95;0001-01-01T00:00:04.995+01:00|W4|2.6|1.09|0.92|1.09|2.41;0001-01-01T00:00:04.995+01:00|W5|1.2|-0.14|0.00|-0.14|1.20;0001-01-01T00:00:04.995+01:00|W6|1.8|0.28|0.04|0.28|1.80;0001-01-01T00:00:04.995+01:00|W7|2.1|-0.17|0.10|-0.17|2.00;0001-01-01T00:00:04.995+01:00|W8|1.4|0.14|0.03|0.14|1.39;0001-01-01T00:00:04.995+01:00|W9|1.1|0.08|0.24|0.08|1.08;0001-01-01T00:00:04.995+01:00|W10|0.9|-0.51|0.20|-0.51|0.65;0001-01-01T00:00:04.995+01:00|W11|0.9|0.49|0.31|0.49|0.64;0001-01-01T00:00:04.995+01:00|W12|1.0|-0.92|0.18|-0.92|0.30"
19.00;3.82;0001-01-01T00:00:05.0620000+01:00;19.62;-0.11;-3.96;32.3;8.079;8.573;2.027;-34.385;18.039;-14.807;97.867;-26.719;101.451;"0001-01-01T00:00:04.995+01:00|W1|1.1|0.55|0.39|0.55|0.96;0001-01-01T00:00:04.995+01:00|W2|0.4|-0.34|0.18|-0.34|0.01;0001-01-01T00:00:04.995+01:00|W3|1.0|0.19|0.07|0.19|0.95;0001-01-01T00:00:04.995+01:00|W4|2.6|1.09|0.92|1.09|2.41;0001-01-01T00:00:04.995+01:00|W5|1.2|-0.14|0.00|-0.14|1.20;0001-01-01T00:00:04.995+01:00|W6|1.8|0.28|0.04|0.28|1.80;0001-01-01T00:00:04.995+01:00|W7|2.1|-0.17|0.10|-0.17|2.00;0001-01-01T00:00:04.995+01:00|W8|1.4|0.14|0.03|0.14|1.39;0001-01-01T00:00:04.995+01:00|W9|1.1|0.08|0.24|0.08|1.08;0001-01-01T00:00:04.995+01:00|W10|0.9|-0.51|0.20|-0.51|0.65;0001-01-01T00:00:04.995+01:00|W11|0.9|0.49|0.31|0.49|0.64;0001-01-01T00:00:04.995+01:00|W12|1.0|-0.92|0.18|-0.92|0.30"
20.00;3.93;0001-01-01T00:00:05.0980000+01:00;20.62;-0.12;-4.21;32.7;7.846;8.011;2.091;-35.039;18.031;-14.990;97.828;-27.233;101.548;"0001-01-01T00:00:04.995+01:00|W1|1.1|0.55|0.39|0.55|0.96;0001-01-01T00:00:04.995+01:00|W2|0.4|-0.34|0.18|-0.34|0.01;0001-01-01T00:00:04.995+01:00|W3|1.0|0.19|0.07|0.19|0.95;0001-01-01T00:00:04.995+01:00|W4|2.6|1.09|0.92|1.09|2.41;0001-01-01T00:00:04.995+01:00|W5|1.2|-0.14|0.00|-0.14|1.20;0001-01-01T00:00:04.995+01:00|W6|1.8|0.28|0.04|0.28|1.80;0001-01-01T00:00:04.995+01:00|W7|2.1|-0.17|0.10|-0.17|2.00;0001-01-01T00:00:04.995+01:00|W8|1.4|0.14|0.03|0.14|1.39;0001-01-01T00:00:04.995+01:00|W9|1.1|0.08|0.24|0.08|1.08;0001-01-01T00:00:04.995+01:00|W10|0.9|-0.51|0.20|-0.51|0.65;0001-01-01T00:00:04.995+01:00|W11|0.9|0.49|0.31|0.49|0.64;0001-01-01T00:00:04.995+01:00|W12|1.0|-0.92|0.18|-0.92|0.30"
21.00;4.01;0001-01-01T00:00:05.1350000+01:00;21.61;-0.12;-4.50;32.8;6.765;7.620;3.243;-34.869;17.789;-15.269;97.754;-28.023;101.692;"0001-01-01T00:00:05.248+01:00|W1|1.1|0.57|0.44|0.57|0.87;0001-01-01T00:00:05.248+01:00|W2|0.4|-0.34|0.18|-0.34|0.01;0001-01-01T00:00:05.248+01:00|W3|1.0|0.21|0.06|0.21|0.95;0001-01-01T00:00:05.248+01:00|W4|2.6|1.05|0.82|1.05|2.37;0001-01-01T00:00:05.248+01:00|W5|1.1|-0.03|0.08|-0.03|1.13;0001-01-01T00:00:05.248+01:00|W6|1.8|0.27|0.07|0.27|1.79;0001-01-01T00:00:05.248+01:00|W7|2.1|-0.20|0.12|-0.20|2.02;0001-01-01T00:00:05.248+01:00|W8|1.3|0.11|0.11|0.11|1.31;0001-01-01T00:00:05.248+01:00|W9|1.1|0.08|0.22|0.08|1.08;0001-01-01T00:00:05.248+01:00|W10|0.9|-0.56|0.16|-0.56|0.61;0001-01-01T00:00:05.248+01:00|W11|0.9|0.54|0.33|0.54|0.67;0001-01-01T00:00:05.248+01:00|W12|1.0|-0.90|0.15|-0.90|0.29"
22.00;4.10;0001-01-01T00:00:05.1710000+01:00;22.60;-0.12;-4.79;32.9;5.685;7.229;4.395;-34.699;17.547;-15.547;97.680;-28.813;101.842;"0001-01-01T00:00:05.248+01:00|W1|1.1|0.57|0.44|0.57|0.87;0001-01-01T00:00:05.248+01:00|W2|0.4|-0.34|0.18|-0.34|0.01;0001-01-01T00:00:05.248+01:00|W3|1.0|0.21|0.06|0.21|0.95;0001-01-01T00:00:05.248+01:00|W4|2.6|1.05|0.82|1.05|2.37;0001-01-01T00:00:05.248+01:00|W5|1.1|-0.03|0.08|-0.03|1.13;0001-01-01T00:00:05.248+01:00|W6|1.8|0.27|0.07|0.27|1.79;0001-01-01T00:00:05.248+01:00|W7|2.1|-0.20|0.12|-0.20|2.02;0001-01-01T00:00:05.248+01:00|W8|1.3|0.11|0.11|0.11|1.31;0001-01-01T00:00:05.248+01:00|W9|1.1|0.08|0.22|0.08|1.08;0001-01-01T00:00:05.248+01:00|W10|0.9|-0.56|0.16|-0.56|0.61;0001-01-01T00:00:05.248+01:00|W11|0.9|0.54|0.33|0.54|0.67;0001-01-01T00:00:05.248+01:00|W12|1.0|-0.90|0.15|-0.90|0.29"
23.00;4.19;0001-01-01T00:00:05.2070000+01:00;23.58;-0.11;-5.08;33.0;4.776;6.872;5.420;-34.197;17.222;-15.830;97.644;-29.662;102.052;"0001-01-01T00:00:05.248+01:00|W1|1.1|0.57|0.44|0.57|0.87;0001-01-01T00:00:05.248+01:00|W2|0.4|-0.34|0.18|-0.34|0.01;0001-01-01T00:00:05.248+01:00|W3|1.0|0.21|0.06|0.21|0.95;0001-01-01T00:00:05.248+01:00|W4|2.6|1.05|0.82|1.05|2.37;0001-01-01T00:00:05.248+01:00|W5|1.1|-0.03|0.08|-0.03|1.13;0001-01-01T00:00:05.248+01:00|W6|1.8|0.27|0.07|0.27|1.79;0001-01-01T00:00:05.248+01:00|W7|2.1|-0.20|0.12|-0.20|2.02;0001-01-01T00:00:05.248+01:00|W8|1.3|0.11|0.11|0.11|1.31;0001-01-01T00:00:05.248+01:00|W9|1.1|0.08|0.22|0.08|1.08;0001-01-01T00:00:05.248+01:00|W10|0.9|-0.56|0.16|-0.56|0.61;0001-01-01T00:00:05.248+01:00|W11|0.9|0.54|0.33|0.54|0.67;0001-01-01T00:00:05.248+01:00|W12|1.0|-0.90|0.15|-0.90|0.29"
24.00;4.28;0001-01-01T00:00:05.2430000+01:00;24.56;-0.11;-5.38;33.3;4.285;6.599;6.135;-32.880;16.691;-16.125;97.702;-30.658;102.401;"0001-01-01T00:00:05.248+01:00|W1|1.1|0.57|0.44|0.57|0.87;0001-01-01T00:00:05.248+01:00|W2|0.4|-0.34|0.18|-0.34|0.01;0001-01-01T00:00:05.248+01:00|W3|1.0|0.21|0.06|0.21|0.95;0001-01-01T00:00:05.248+01:00|W4|2.6|1.05|0.82|1.05|2.37;0001-01-01T00:00:05.248+01:00|W5|1.1|-0.03|0.08|-0.03|1.13;0001-01-01T00:00:05.248+01:00|W6|1.8|0.27|0.07|0.27|1.79;0001-01-01T00:00:05.248+01:00|W7|2.1|-0.20|0.12|-0.20|2.02;0001-01-01T00:00:05.248+01:00|W8|1.3|0.11|0.11|0.11|1.31;0001-01-01T00:00:05.248+01:00|W9|1.1|0.08|0.22|0.08|1.08;0001-01-01T00:00:05.248+01:00|W10|0.9|-0.56|0.16|-0.56|0.61;0001-01-01T00:00:05.248+01:00|W11|0.9|0.54|0.33|0.54|0.67;0001-01-01T00:00:05.248+01:00|W12|1.0|-0.90|0.15|-0.90|0.29"
25.00;4.36;0001-01-01T00:00:05.2790000+01:00;25.54;-0.10;-5.69;33.7;3.799;6.098;6.843;-32.269;16.163;-16.432;97.598;-31.288;102.492;"0001-01-01T00:00:05.248+01:00|W1|1.1|0.57|0.44|0.57|0.87;0001-01-01T00:00:05.248+01:00|W2|0.4|-0.34|0.18|-0.34|0.01;0001-01-01T00:00:05.248+01:00|W3|1.0|0.21|0.06|0.21|0.95;0001-01-01T00:00:05.248+01:00|W4|2.6|1.05|0.82|1.05|2.37;0001-01-01T00:00:05.248+01:00|W5|1.1|-0.03|0.08|-0.03|1.13;0001-01-01T00:00:05.248+01:00|W6|1.8|0.27|0.07|0.27|1.79;0001-01-01T00:00:05.248+01:00|W7|2.1|-0.20|0.12|-0.20|2.02;0001-01-01T00:00:05.248+01:00|W8|1.3|0.11|0.11|0.11|1.31;0001-01-01T00:00:05.248+01:00|W9|1.1|0.08|0.22|0.08|1.08;0001-01-01T00:00:05.248+01:00|W10|0.9|-0.56|0.16|-0.56|0.61;0001-01-01T00:00:05.248+01:00|W11|0.9|0.54|0.33|0.54|0.67;0001-01-01T00:00:05.248+01:00|W12|1.0|-0.90|0.15|-0.90|0.29"
26.00;4.44;0001-01-01T00:00:05.3150000+01:00;26.51;-0.10;-6.00;34.0;3.314;5.571;7.550;-31.738;15.637;-16.740;97.476;-31.876;102.557;"0001-01-01T00:00:05.248+01:00|W1|1.1|0.57|0.44|0.57|0.87;0001-01-01T00:00:05.248+01:00|W2|0.4|-0.34|0.18|-0.34|0.01;0001-01-01T00:00:05.248+01:00|W3|1.0|0.21|0.06|0.21|0.95;0001-01-01T00:00:05.248+01:00|W4|2.6|1.05|0.82|1.05|2.37;0001-01-01T00:00:05.248+01:00|W5|1.1|-0.03|0.08|-0.03|1.13;0001-01-01T00:00:05.248+01:00|W6|1.8|0.27|0.07|0.27|1.79;0001-01-01T00:00:05.248+01:00|W7|2.1|-0.20|0.12|-0.20|2.02;0001-01-01T00:00:05.248+01:00|W8|1.3|0.11|0.11|0.11|1.31;0001-01-01T00:00:05.248+01:00|W9|1.1|0.08|0.22|0.08|1.08;0001-01-01T00:00:05.248+01:00|W10|0.9|-0.56|0.16|-0.56|0.61;0001-01-01T00:00:05.248+01:00|W11|0.9|0.54|0.33|0.54|0.67;0001-01-01T00:00:05.248+01:00|W12|1.0|-0.90|0.15|-0.90|0.29"
27.00;4.52;0001-01-01T00:00:05.3500000+01:00;27.48;-0.09;-6.32;34.3;2.828;5.056;8.257;-31.231;15.111;-17.027;97.356;-32.478;102.632;"0001-01-01T00:00:05.248+01:00|W1|1.1|0.57|0.44|0.57|0.87;0001-01-01T00:00:05.248+01:00|W2|0.4|-0.34|0.18|-0.34|0.01;0001-01-01T00:00:05.248+01:00|W3|1.0|0.21|0.06|0.21|0.95;0001-01-01T00:00:05.248+01:00|W4|2.6|1.05|0.82|1.05|2.37;0001-01-01T00:00:05.248+01:00|W5|1.1|-0.03|0.08|-0.03|1.13;0001-01-01T00:00:05.248+01:00|W6|1.8|0.27|0.07|0.27|1.79;0001-01-01T00:00:05.248+01:00|W7|2.1|-0.20|0.12|-0.20|2.02;0001-01-01T00:00:05.248+01:00|W8|1.3|0.11|0.11|0.11|1.31;0001-01-01T00:00:05.248+01:00|W9|1.1|0.08|0.22|0.08|1.08;0001-01-01T00:00:05.248+01:00|W10|0.9|-0.56|0.16|-0.56|0.61;0001-01-01T00:00:05.248+01:00|W11|0.9|0.54|0.33|0.54|0.67;0001-01-01T00:00:05.248+01:00|W12|1.0|-0.90|0.15|-0.90|0.29"
28.00;4.60;0001-01-01T00:00:05.3860000+01:00;28.45;-0.08;-6.65;34.4;2.343;4.653;8.964;-30.960;14.585;-17.119;97.260;-33.207;102.777;"0001-01-01T00:00:05.503+01:00|W1|1.0|0.60|0.45|0.60|0.81;0001-01-01T00:00:05.503+01:00|W2|0.4|-0.34|0.17|-0.34|0.03;0001-01-01T00:00:05.503+01:00|W3|1.0|0.24|0.04|0.24|0.96;0001-01-01T00:00:05.503+01:00|W4|2.4|0.91|0.62|0.91|2.25;0001-01-01T00:00:05.503+01:00|W5|1.1|-0.06|0.09|-0.06|1.12;0001-01-01T00:00:05.503+01:00|W6|1.8|0.22|0.14|0.22|1.75;0001-01-01T00:00:05.503+01:00|W7|2.1|-0.25|0.13|-0.25|2.02;0001-01-01T00:00:05.503+01:00|W8|1.3|0.12|0.16|0.12|1.24;0001-01-01T00:00:05.503+01:00|W9|1.0|0.04|0.16|0.04|1.04;0001-01-01T00:00:05.503+01:00|W10|0.9|-0.60|0.16|-0.60|0.59;0001-01-01T00:00:05.503+01:00|W11|0.9|0.53|0.29|0.53|0.67;0001-01-01T00:00:05.503+01:00|W12|1.0|-0.87|0.15|-0.87|0.33"
29.00;4.67;0001-01-01T00:00:05.4210000+01:00;29.41;-0.07;-6.99;34.3;1.861;4.536;9.667;-30.668;14.062;-16.998;97.111;-33.739;102.812;"0001-01-01T00:00:05.503+01:00|W1|1.0|0.60|0.45|0.60|0.81;0001-01-01T00:00:05.503+01:00|W2|0.4|-0.34|0.17|-0.34|0.03;0001-01-01T00:00:05.503+01:00|W3|1.0|0.24|0.04|0.24|0.96;0001-01-01T00:00:05.503+01:00|W4|2.4|0.91|0.62|0.91|2.25;0001-01-01T00:00:05.503+01:00|W5|1.1|-0.06|0.09|-0.06|1.12;0001-01-01T00:00:05.503+01:00|W6|1.8|0.22|0.14|0.22|1.75;0001-01-01T00:00:05.503+01:00|W7|2.1|-0.25|0.13|-0.25|2.02;0001-01-01T00:00:05.503+01:00|W8|1.3|0.12|0.16|0.12|1.24;0001-01-01T00:00:05.503+01:00|W9|1.0|0.04|0.16|0.04|1.04;0001-01-01T00:00:05.503+01:00|W10|0.9|-0.60|0.16|-0.60|0.59;0001-01-01T00:00:05.503+01:00|W11|0.9|0.53|0.29|0.53|0.67;0001-01-01T00:00:05.503+01:00|W12|1.0|-0.87|0.15|-0.87|0.33"
30.00;4.73;0001-01-01T00:00:05.4570000+01:00;30.37;-0.06;-7.33;33.2;1.375;4.551;10.375;-30.294;13.535;-16.764;96.989;-34.326;102.894;"0001-01-01T00:00:05.503+01:00|W1|1.0|0.60|0.45|0.60|0.81;0001-01-01T00:00:05.503+01:00|W2|0.4|-0.34|0.17|-0.34|0.03;0001-01-01T00:00:05.503+01:00|W3|1.0|0.24|0.04|0.24|0.96;0001-01-01T00:00:05.503+01:00|W4|2.4|0.91|0.62|0.91|2.25;0001-01-01T00:00:05.503+01:00|W5|1.1|-0.06|0.09|-0.06|1.12;0001-01-01T00:00:05.503+01:00|W6|1.8|0.22|0.14|0.22|1.75;0001-01-01T00:00:05.503+01:00|W7|2.1|-0.25|0.13|-0.25|2.02;0001-01-01T00:00:05.503+01:00|W8|1.3|0.12|0.16|0.12|1.24;0001-01-01T00:00:05.503+01:00|W9|1.0|0.04|0.16|0.04|1.04;0001-01-01T00:00:05.503+01:00|W10|0.9|-0.60|0.16|-0.60|0.59;0001-01-01T00:00:05.503+01:00|W11|0.9|0.53|0.29|0.53|0.67;0001-01-01T00:00:05.503+01:00|W12|1.0|-0.87|0.15|-0.87|0.33"
31.00;4.81;0001-01-01T00:00:05.4940000+01:00;31.33;-0.03;-7.66;29.7;0.877;4.578;11.101;-29.729;12.995;-16.486;96.997;-35.288;103.228;"0001-01-01T00:00:05.503+01:00|W1|1.0|0.60|0.45|0.60|0.81;0001-01-01T00:00:05.503+01:00|W2|0.4|-0.34|0.17|-0.34|0.03;0001-01-01T00:00:05.503+01:00|W3|1.0|0.24|0.04|0.24|0.96;0001-01-01T00:00:05.503+01:00|W4|2.4|0.91|0.62|0.91|2.25;0001-01-01T00:00:05.503+01:00|W5|1.1|-0.06|0.09|-0.06|1.12;0001-01-01T00:00:05.503+01:00|W6|1.8|0.22|0.14|0.22|1.75;0001-01-01T00:00:05.503+01:00|W7|2.1|-0.25|0.13|-0.25|2.02;0001-01-01T00:00:05.503+01:00|W8|1.3|0.12|0.16|0.12|1.24;0001-01-01T00:00:05.503+01:00|W9|1.0|0.04|0.16|0.04|1.04;0001-01-01T00:00:05.503+01:00|W10|0.9|-0.60|0.16|-0.60|0.59;0001-01-01T00:00:05.503+01:00|W11|0.9|0.53|0.29|0.53|0.67;0001-01-01T00:00:05.503+01:00|W12|1.0|-0.87|0.15|-0.87|0.33"
32.00;4.87;0001-01-01T00:00:05.5290000+01:00;32.28;-0.01;-8.02;29.2;0.598;4.436;11.149;-30.212;12.901;-16.329;96.958;-35.802;103.367;"0001-01-01T00:00:05.503+01:00|W1|1.0|0.60|0.45|0.60|0.81;0001-01-01T00:00:05.503+01:00|W2|0.4|-0.34|0.17|-0.34|0.03;0001-01-01T00:00:05.503+01:00|W3|1.0|0.24|0.04|0.24|0.96;0001-01-01T00:00:05.503+01:00|W4|2.4|0.91|0.62|0.91|2.25;0001-01-01T00:00:05.503+01:00|W5|1.1|-0.06|0.09|-0.06|1.12;0001-01-01T00:00:05.503+01:00|W6|1.8|0.22|0.14|0.22|1.75;0001-01-01T00:00:05.503+01:00|W7|2.1|-0.25|0.13|-0.25|2.02;0001-01-01T00:00:05.503+01:00|W8|1.3|0.12|0.16|0.12|1.24;0001-01-01T00:00:05.503+01:00|W9|1.0|0.04|0.16|0.04|1.04;0001-01-01T00:00:05.503+01:00|W10|0.9|-0.60|0.16|-0.60|0.59;0001-01-01T00:00:05.503+01:00|W11|0.9|0.53|0.29|0.53|0.67;0001-01-01T00:00:05.503+01:00|W12|1.0|-0.87|0.15|-0.87|0.33"
33.00;4.92;0001-01-01T00:00:05.5640000+01:00;33.23;-0.00;-8.37;29.1;0.342;4.280;11.128;-30.502;12.852;-16.233;96.880;-36.504;103.538;"0001-01-01T00:00:05.503+01:00|W1|1.0|0.60|0.45|0.60|0.81;0001-01-01T00:00:05.503+01:00|W2|0.4|-0.34|0.17|-0.34|0.03;0001-01-01T00:00:05.503+01:00|W3|1.0|0.24|0.04|0.24|0.96;0001-01-01T00:00:05.503+01:00|W4|2.4|0.91|0.62|0.91|2.25;0001-01-01T00:00:05.503+01:00|W5|1.1|-0.06|0.09|-0.06|1.12;0001-01-01T00:00:05.503+01:00|W6|1.8|0.22|0.14|0.22|1.75;0001-01-01T00:00:05.503+01:00|W7|2.1|-0.25|0.13|-0.25|2.02;0001-01-01T00:00:05.503+01:00|W8|1.3|0.12|0.16|0.12|1.24;0001-01-01T00:00:05.503+01:00|W9|1.0|0.04|0.16|0.04|1.04;0001-01-01T00:00:05.503+01:00|W10|0.9|-0.60|0.16|-0.60|0.59;0001-01-01T00:00:05.503+01:00|W11|0.9|0.53|0.29|0.53|0.67;0001-01-01T00:00:05.503+01:00|W12|1.0|-0.87|0.15|-0.87|0.33"
34.00;4.98;0001-01-01T00:00:05.5990000+01:00;34.18;0.01;-8.73;29.0;0.099;4.118;11.137;-30.469;12.815;-16.201;96.759;-37.420;103.750;"0001-01-01T00:00:05.503+01:00|W1|1.0|0.60|0.45|0.60|0.81;0001-01-01T00:00:05.503+01:00|W2|0.4|-0.34|0.17|-0.34|0.03;0001-01-01T00:00:05.503+01:00|W3|1.0|0.24|0.04|0.24|0.96;0001-01-01T00:00:05.503+01:00|W4|2.4|0.91|0.62|0.91|2.25;0001-01-01T00:00:05.503+01:00|W5|1.1|-0.06|0.09|-0.06|1.12;0001-01-01T00:00:05.503+01:00|W6|1.8|0.22|0.14|0.22|1.75;0001-01-01T00:00:05.503+01:00|W7|2.1|-0.25|0.13|-0.25|2.02;0001-01-01T00:00:05.503+01:00|W8|1.3|0.12|0.16|0.12|1.24;0001-01-01T00:00:05.503+01:00|W9|1.0|0.04|0.16|0.04|1.04;0001-01-01T00:00:05.503+01:00|W10|0.9|-0.60|0.16|-0.60|0.59;0001-01-01T00:00:05.503+01:00|W11|0.9|0.53|0.29|0.53|0.67;0001-01-01T00:00:05.503+01:00|W12|1.0|-0.87|0.15|-0.87|0.33"
35.00;5.03;0001-01-01T00:00:05.6340000+01:00;35.12;0.02;-9.09;29.1;0.023;3.809;11.528;-30.301;12.928;-16.325;96.514;-37.934;103.712;"0001-01-01T00:00:05.748+01:00|W1|1.0|0.60|0.45|0.60|0.81;0001-01-01T00:00:05.748+01:00|W2|0.4|-0.35|0.16|-0.35|0.03;0001-01-01T00:00:05.748+01:00|W3|1.0|0.25|0.05|0.25|0.95;0001-01-01T00:00:05.748+01:00|W4|2.1|0.61|0.24|0.61|1.99;0001-01-01T00:00:05.748+01:00|W5|1.1|-0.05|0.10|-0.05|1.10;0001-01-01T00:00:05.748+01:00|W6|1.8|0.22|0.14|0.22|1.75;0001-01-01T00:00:05.748+01:00|W7|2.1|-0.25|0.13|-0.25|2.02;0001-01-01T00:00:05.748+01:00|W8|1.3|0.19|0.15|0.19|1.26;0001-01-01T00:00:05.748+01:00|W9|1.0|-0.06|0.11|-0.06|0.99;0001-01-01T00:00:05.748+01:00|W10|0.9|-0.60|0.16|-0.60|0.59;0001-01-01T00:00:05.748+01:00|W11|0.9|0.53|0.29|0.53|0.67;0001-01-01T00:00:05.748+01:00|W12|1.0|-0.87|0.15|-0.87|0.33"
36.00;5.07;0001-01-01T00:00:05.6690000+01:00;36.06;0.03;-9.46;29.3;-0.053;3.511;11.919;-30.434;13.041;-16.464;96.252;-38.512;103.684;"0001-01-01T00:00:05.748+01:00|W1|1.0|0.60|0.45|0.60|0.81;0001-01-01T00:00:05.748+01:00|W2|0.4|-0.35|0.16|-0.35|0.03;0001-01-01T00:00:05.748+01:00|W3|1.0|0.25|0.05|0.25|0.95;0001-01-01T00:00:05.748+01:00|W4|2.1|0.61|0.24|0.61|1.99;0001-01-01T00:00:05.748+01:00|W5|1.1|-0.05|0.10|-0.05|1.10;0001-01-01T00:00:05.748+01:00|W6|1.8|0.22|0.14|0.22|1.75;0001-01-01T00:00:05.748+01:00|W7|2.1|-0.25|0.13|-0.25|2.02;0001-01-01T00:00:05.748+01:00|W8|1.3|0.19|0.15|0.19|1.26;0001-01-01T00:00:05.748+01:00|W9|1.0|-0.06|0.11|-0.06|0.99;0001-01-01T00:00:05.748+01:00|W10|0.9|-0.60|0.16|-0.60|0.59;0001-01-01T00:00:05.748+01:00|W11|0.9|0.53|0.29|0.53|0.67;0001-01-01T00:00:05.748+01:00|W12|1.0|-0.87|0.15|-0.87|0.33"
37.00;5.11;0001-01-01T00:00:05.7040000+01:00;36.99;0.05;-9.84;29.5;-0.129;3.220;12.310;-30.690;13.153;-16.626;96.102;-39.159;103.786;"0001-01-01T00:00:05.748+01:00|W1|1.0|0.60|0.45|0.60|0.81;0001-01-01T00:00:05.748+01:00|W2|0.4|-0.35|0.16|-0.35|0.03;0001-01-01T00:00:05.748+01:00|W3|1.0|0.25|0.05|0.25|0.95;0001-01-01T00:00:05.748+01:00|W4|2.1|0.61|0.24|0.61|1.99;0001-01-01T00:00:05.748+01:00|W5|1.1|-0.05|0.10|-0.05|1.10;0001-01-01T00:00:05.748+01:00|W6|1.8|0.22|0.14|0.22|1.75;0001-01-01T00:00:05.748+01:00|W7|2.1|-0.25|0.13|-0.25|2.02;0001-01-01T00:00:05.748+01:00|W8|1.3|0.19|0.15|0.19|1.26;0001-01-01T00:00:05.748+01:00|W9|1.0|-0.06|0.11|-0.06|0.99;0001-01-01T00:00:05.748+01:00|W10|0.9|-0.60|0.16|-0.60|0.59;0001-01-01T00:00:05.748+01:00|W11|0.9|0.53|0.29|0.53|0.67;0001-01-01T00:00:05.748+01:00|W12|1.0|-0.87|0.15|-0.87|0.33"
38.00;5.13;0001-01-01T00:00:05.7390000+01:00;37.92;0.07;-10.22;30.0;-0.204;2.927;12.698;-30.775;13.266;-16.840;96.409;-39.928;104.361;"0001-01-01T00:00:05.748+01:00|W1|1.0|0.60|0.45|0.60|0.81;0001-01-01T00:00:05.748+01:00|W2|0.4|-0.35|0.16|-0.35|0.03;0001-01-01T00:00:05.748+01:00|W3|1.0|0.25|0.05|0.25|0.95;0001-01-01T00:00:05.748+01:00|W4|2.1|0.61|0.24|0.61|1.99;0001-01-01T00:00:05.748+01:00|W5|1.1|-0.05|0.10|-0.05|1.10;0001-01-01T00:00:05.748+01:00|W6|1.8|0.22|0.14|0.22|1.75;0001-01-01T00:00:05.748+01:00|W7|2.1|-0.25|0.13|-0.25|2.02;0001-01-01T00:00:05.748+01:00|W8|1.3|0.19|0.15|0.19|1.26;0001-01-01T00:00:05.748+01:00|W9|1.0|-0.06|0.11|-0.06|0.99;0001-01-01T00:00:05.748+01:00|W10|0.9|-0.60|0.16|-0.60|0.59;0001-01-01T00:00:05.748+01:00|W11|0.9|0.53|0.29|0.53|0.67;0001-01-01T00:00:05.748+01:00|W12|1.0|-0.87|0.15|-0.87|0.33"
39.00;5.16;0001-01-01T00:00:05.7730000+01:00;38.85;0.08;-10.61;30.4;-0.092;2.752;12.312;-30.744;13.242;-17.109;96.542;-40.515;104.711;"0001-01-01T00:00:05.748+01:00|W1|1.0|0.60|0.45|0.60|0.81;0001-01-01T00:00:05.748+01:00|W2|0.4|-0.35|0.16|-0.35|0.03;0001-01-01T00:00:05.748+01:00|W3|1.0|0.25|0.05|0.25|0.95;0001-01-01T00:00:05.748+01:00|W4|2.1|0.61|0.24|0.61|1.99;0001-01-01T00:00:05.748+01:00|W5|1.1|-0.05|0.10|-0.05|1.10;0001-01-01T00:00:05.748+01:00|W6|1.8|0.22|0.14|0.22|1.75;0001-01-01T00:00:05.748+01:00|W7|2.1|-0.25|0.13|-0.25|2.02;0001-01-01T00:00:05.748+01:00|W8|1.3|0.19|0.15|0.19|1.26;0001-01-01T00:00:05.748+01:00|W9|1.0|-0.06|0.11|-0.06|0.99;0001-01-01T00:00:05.748+01:00|W10|0.9|-0.60|0.16|-0.60|0.59;0001-01-01T00:00:05.748+01:00|W11|0.9|0.53|0.29|0.53|0.67;0001-01-01T00:00:05.748+01:00|W12|1.0|-0.87|0.15|-0.87|0.33"
40.00;5.18;0001-01-01T00:00:05.8080000+01:00;39.77;0.10;-11.00;30.6;0.078;2.672;11.692;-30.643;13.176;-17.396;96.523;-41.097;104.920;"0001-01-01T00:00:05.748+01:00|W1|1.0|0.60|0.45|0.60|0.81;0001-01-01T00:00:05.748+01:00|W2|0.4|-0.35|0.16|-0.35|0.03;0001-01-01T00:00:05.748+01:00|W3|1.0|0.25|0.05|0.25|0.95;0001-01-01T00:00:05.748+01:00|W4|2.1|0.61|0.24|0.61|1.99;0001-01-01T00:00:05.748+01:00|W5|1.1|-0.05|0.10|-0.05|1.10;0001-01-01T00:00:05.748+01:00|W6|1.8|0.22|0.14|0.22|1.75;0001-01-01T00:00:05.748+01:00|W7|2.1|-0.25|0.13|-0.25|2.02;0001-01-01T00:00:05.748+01:00|W8|1.3|0.19|0.15|0.19|1.26;0001-01-01T00:00:05.748+01:00|W9|1.0|-0.06|0.11|-0.06|0.99;0001-01-01T00:00:05.748+01:00|W10|0.9|-0.60|0.16|-0.60|0.59;0001-01-01T00:00:05.748+01:00|W11|0.9|0.53|0.29|0.53|0.67;0001-01-01T00:00:05.748+01:00|W12|1.0|-0.87|0.15|-0.87|0.33"
41.00;5.18;0001-01-01T00:00:05.8420000+01:00;40.69;0.11;-11.40;30.8;0.247;2.717;11.073;-30.468;13.111;-17.687;96.290;-41.786;104.975;"0001-01-01T00:00:05.748+01:00|W1|1.0|0.60|0.45|0.60|0.81;0001-01-01T00:00:05.748+01:00|W2|0.4|-0.35|0.16|-0.35|0.03;0001-01-01T00:00:05.748+01:00|W3|1.0|0.25|0.05|0.25|0.95;0001-01-01T00:00:05.748+01:00|W4|2.1|0.61|0.24|0.61|1.99;0001-01-01T00:00:05.748+01:00|W5|1.1|-0.05|0.10|-0.05|1.10;0001-01-01T00:00:05.748+01:00|W6|1.8|0.22|0.14|0.22|1.75;0001-01-01T00:00:05.748+01:00|W7|2.1|-0.25|0.13|-0.25|2.02;0001-01-01T00:00:05.748+01:00|W8|1.3|0.19|0.15|0.19|1.26;0001-01-01T00:00:05.748+01:00|W9|1.0|-0.06|0.11|-0.06|0.99;0001-01-01T00:00:05.748+01:00|W10|0.9|-0.60|0.16|-0.60|0.59;0001-01-01T00:00:05.748+01:00|W11|0.9|0.53|0.29|0.53|0.67;0001-01-01T00:00:05.748+01:00|W12|1.0|-0.87|0.15|-0.87|0.33"
42.00;5.19;0001-01-01T00:00:05.8770000+01:00;41.60;0.13;-11.79;31.0;-0.068;2.842;11.096;-30.665;13.069;-17.898;96.135;-42.167;104.986;"0001-01-01T00:00:05.995+01:00|W1|1.1|0.60|0.35|0.60|0.86;0001-01-01T00:00:05.995+01:00|W2|0.4|-0.33|0.17|-0.33|0.05;0001-01-01T00:00:05.995+01:00|W3|1.0|0.26|0.04|0.26|0.96;0001-01-01T00:00:05.995+01:00|W4|1.9|0.35|0.01|0.35|1.84;0001-01-01T00:00:05.995+01:00|W5|1.1|0.00|0.10|0.00|1.08;0001-01-01T00:00:05.995+01:00|W6|1.7|0.19|0.22|0.19|1.69;0001-01-01T00:00:05.995+01:00|W7|2.2|-0.16|0.13|-0.16|2.07;0001-01-01T00:00:05.995+01:00|W8|1.3|0.22|0.11|0.22|1.30;0001-01-01T00:00:05.995+01:00|W9|1.0|-0.22|0.12|-0.22|0.99;0001-01-01T00:00:05.995+01:00|W10|0.9|-0.66|0.16|-0.66|0.55;0001-01-01T00:00:05.995+01:00|W11|0.9|0.51|0.25|0.51|0.67;0001-01-01T00:00:05.995+01:00|W12|1.0|-0.82|0.13|-0.82|0.41"
43.00;5.19;0001-01-01T00:00:05.9110000+01:00;42.52;0.15;-12.19;31.1;-0.458;2.987;11.220;-31.036;13.030;-18.039;95.993;-42.579;105.022;"0001-01-01T00:00:05.995+01:00|W1|1.1|0.60|0.35|0.60|0.86;0001-01-01T00:00:05.995+01:00|W2|0.4|-0.33|0.17|-0.33|0.05;0001-01-01T00:00:05.995+01:00|W3|1.0|0.26|0.04|0.26|0.96;0001-01-01T00:00:05.995+01:00|W4|1.9|0.35|0.01|0.35|1.84;0001-01-01T00:00:05.995+01:00|W5|1.1|0.00|0.10|0.00|1.08;0001-01-01T00:00:05.995+01:00|W6|1.7|0.19|0.22|0.19|1.69;0001-01-01T00:00:05.995+01:00|W7|2.2|-0.16|0.13|-0.16|2.07;0001-01-01T00:00:05.995+01:00|W8|1.3|0.22|0.11|0.22|1.30;0001-01-01T00:00:05.995+01:00|W9|1.0|-0.22|0.12|-0.22|0.99;0001-01-01T00:00:05.995+01:00|W10|0.9|-0.66|0.16|-0.66|0.55;0001-01-01T00:00:05.995+01:00|W11|0.9|0.51|0.25|0.51|0.67;0001-01-01T00:00:05.995+01:00|W12|1.0|-0.82|0.13|-0.82|0.41"
44.00;5.19;0001-01-01T00:00:05.9450000+01:00;43.43;0.16;-12.60;31.2;-0.846;3.143;11.343;-31.575;12.992;-18.097;95.852;-43.106;105.108;"0001-01-01T00:00:05.995+01:00|W1|1.1|0.60|0.35|0.60|0.86;0001-01-01T00:00:05.995+01:00|W2|0.4|-0.33|0.17|-0.33|0.05;0001-01-01T00:00:05.995+01:00|W3|1.0|0.26|0.04|0.26|0.96;0001-01-01T00:00:05.995+01:00|W4|1.9|0.35|0.01|0.35|1.84;0001-01-01T00:00:05.995+01:00|W5|1.1|0.00|0.10|0.00|1.08;0001-01-01T00:00:05.995+01:00|W6|1.7|0.19|0.22|0.19|1.69;0001-01-01T00:00:05.995+01:00|W7|2.2|-0.16|0.13|-0.16|2.07;0001-01-01T00:00:05.995+01:00|W8|1.3|0.22|0.11|0.22|1.30;0001-01-01T00:00:05.995+01:00|W9|1.0|-0.22|0.12|-0.22|0.99;0001-01-01T00:00:05.995+01:00|W10|0.9|-0.66|0.16|-0.66|0.55;0001-01-01T00:00:05.995+01:00|W11|0.9|0.51|0.25|0.51|0.67;0001-01-01T00:00:05.995+01:00|W12|1.0|-0.82|0.13|-0.82|0.41"
45.00;5.17;0001-01-01T00:00:05.9790000+01:00;44.33;0.17;-13.01;31.1;-1.232;3.118;11.465;-32.348;12.953;-18.093;95.689;-43.487;105.121;"0001-01-01T00:00:05.995+01:00|W1|1.1|0.60|0.35|0.60|0.86;0001-01-01T00:00:05.995+01:00|W2|0.4|-0.33|0.17|-0.33|0.05;0001-01-01T00:00:05.995+01:00|W3|1.0|0.26|0.04|0.26|0.96;0001-01-01T00:00:05.995+01:00|W4|1.9|0.35|0.01|0.35|1.84;0001-01-01T00:00:05.995+01:00|W5|1.1|0.00|0.10|0.00|1.08;0001-01-01T00:00:05.995+01:00|W6|1.7|0.19|0.22|0.19|1.69;0001-01-01T00:00:05.995+01:00|W7|2.2|-0.16|0.13|-0.16|2.07;0001-01-01T00:00:05.995+01:00|W8|1.3|0.22|0.11|0.22|1.30;0001-01-01T00:00:05.995+01:00|W9|1.0|-0.22|0.12|-0.22|0.99;0001-01-01T00:00:05.995+01:00|W10|0.9|-0.66|0.16|-0.66|0.55;0001-01-01T00:00:05.995+01:00|W11|0.9|0.51|0.25|0.51|0.67;0001-01-01T00:00:05.995+01:00|W12|1.0|-0.82|0.13|-0.82|0.41"
46.00;5.15;0001-01-01T00:00:06.0130000+01:00;45.23;0.19;-13.42;31.0;-1.679;3.002;11.746;-33.313;12.905;-18.056;95.566;-43.913;105.190;"0001-01-01T00:00:05.995+01:00|W1|1.1|0.60|0.35|0.60|0.86;0001-01-01T00:00:05.995+01:00|W2|0.4|-0.33|0.17|-0.33|0.05;0001-01-01T00:00:05.995+01:00|W3|1.0|0.26|0.04|0.26|0.96;0001-01-01T00:00:05.995+01:00|W4|1.9|0.35|0.01|0.35|1.84;0001-01-01T00:00:05.995+01:00|W5|1.1|0.00|0.10|0.00|1.08;0001-01-01T00:00:05.995+01:00|W6|1.7|0.19|0.22|0.19|1.69;0001-01-01T00:00:05.995+01:00|W7|2.2|-0.16|0.13|-0.16|2.07;0001-01-01T00:00:05.995+01:00|W8|1.3|0.22|0.11|0.22|1.30;0001-01-01T00:00:05.995+01:00|W9|1.0|-0.22|0.12|-0.22|0.99;0001-01-01T00:00:05.995+01:00|W10|0.9|-0.66|0.16|-0.66|0.55;0001-01-01T00:00:05.995+01:00|W11|0.9|0.51|0.25|0.51|0.67;0001-01-01T00:00:05.995+01:00|W12|1.0|-0.82|0.13|-0.82|0.41"
47.00;5.13;0001-01-01T00:00:06.0470000+01:00;46.14;0.21;-13.84;30.8;-2.192;2.797;12.205;-34.477;12.847;-17.985;95.491;-44.398;105.326;"0001-01-01T00:00:05.995+01:00|W1|1.1|0.60|0.35|0.60|0.86;0001-01-01T00:00:05.995+01:00|W2|0.4|-0.33|0.17|-0.33|0.05;0001-01-01T00:00:05.995+01:00|W3|1.0|0.26|0.04|0.26|0.96;0001-01-01T00:00:05.995+01:00|W4|1.9|0.35|0.01|0.35|1.84;0001-01-01T00:00:05.995+01:00|W5|1.1|0.00|0.10|0.00|1.08;0001-01-01T00:00:05.995+01:00|W6|1.7|0.19|0.22|0.19|1.69;0001-01-01T00:00:05.995+01:00|W7|2.2|-0.16|0.13|-0.16|2.07;0001-01-01T00:00:05.995+01:00|W8|1.3|0.22|0.11|0.22|1.30;0001-01-01T00:00:05.995+01:00|W9|1.0|-0.22|0.12|-0.22|0.99;0001-01-01T00:00:05.995+01:00|W10|0.9|-0.66|0.16|-0.66|0.55;0001-01-01T00:00:05.995+01:00|W11|0.9|0.51|0.25|0.51|0.67;0001-01-01T00:00:05.995+01:00|W12|1.0|-0.82|0.13|-0.82|0.41"
48.00;5.11;0001-01-01T00:00:06.0820000+01:00;47.05;0.23;-14.27;30.9;-2.601;2.251;14.042;-35.170;12.864;-18.007;95.539;-45.071;105.656;"0001-01-01T00:00:05.995+01:00|W1|1.1|0.60|0.35|0.60|0.86;0001-01-01T00:00:05.995+01:00|W2|0.4|-0.33|0.17|-0.33|0.05;0001-01-01T00:00:05.995+01:00|W3|1.0|0.26|0.04|0.26|0.96;0001-01-01T00:00:05.995+01:00|W4|1.9|0.35|0.01|0.35|1.84;0001-01-01T00:00:05.995+01:00|W5|1.1|0.00|0.10|0.00|1.08;0001-01-01T00:00:05.995+01:00|W6|1.7|0.19|0.22|0.19|1.69;0001-01-01T00:00:05.995+01:00|W7|2.2|-0.16|0.13|-0.16|2.07;0001-01-01T00:00:05.995+01:00|W8|1.3|0.22|0.11|0.22|1.30;0001-01-01T00:00:05.995+01:00|W9|1.0|-0.22|0.12|-0.22|0.99;0001-01-01T00:00:05.995+01:00|W10|0.9|-0.66|0.16|-0.66|0.55;0001-01-01T00:00:05.995+01:00|W11|0.9|0.51|0.25|0.51|0.67;0001-01-01T00:00:05.995+01:00|W12|1.0|-0.82|0.13|-0.82|0.41"
49.00;5.08;0001-01-01T00:00:06.1160000+01:00;47.97;0.25;-14.71;30.9;-2.925;1.663;14.787;-35.945;12.856;-18.015;95.587;-45.796;106.012;"0001-01-01T00:00:05.995+01:00|W1|1.1|0.60|0.35|0.60|0.86;0001-01-01T00:00:05.995+01:00|W2|0.4|-0.33|0.17|-0.33|0.05;0001-01-01T00:00:05.995+01:00|W3|1.0|0.26|0.04|0.26|0.96;0001-01-01T00:00:05.995+01:00|W4|1.9|0.35|0.01|0.35|1.84;0001-01-01T00:00:05.995+01:00|W5|1.1|0.00|0.10|0.00|1.08;0001-01-01T00:00:05.995+01:00|W6|1.7|0.19|0.22|0.19|1.69;0001-01-01T00:00:05.995+01:00|W7|2.2|-0.16|0.13|-0.16|2.07;0001-01-01T00:00:05.995+01:00|W8|1.3|0.22|0.11|0.22|1.30;0001-01-01T00:00:05.995+01:00|W9|1.0|-0.22|0.12|-0.22|0.99;0001-01-01T00:00:05.995+01:00|W10|0.9|-0.66|0.16|-0.66|0.55;0001-01-01T00:00:05.995+01:00|W11|0.9|0.51|0.25|0.51|0.67;0001-01-01T00:00:05.995+01:00|W12|1.0|-0.82|0.13|-0.82|0.41"
50.00;5.05;0001-01-01T00:00:06.1510000+01:00;48.89;0.27;-15.15;30.8;-3.159;1.029;14.708;-36.553;12.824;-18.013;95.623;-46.547;106.372;"0001-01-01T00:00:06.246+01:00|W1|1.1|0.54|0.26|0.54|0.96;0001-01-01T00:00:06.246+01:00|W2|0.3|-0.29|0.20|-0.29|0.07;0001-01-01T00:00:06.246+01:00|W3|1.0|0.27|0.05|0.27|0.95;0001-01-01T00:00:06.246+01:00|W4|1.8|0.22|0.16|0.22|1.73;0001-01-01T00:00:06.246+01:00|W5|0.9|0.03|0.29|0.03|0.88;0001-01-01T00:00:06.246+01:00|W6|1.7|0.21|0.20|0.21|1.72;0001-01-01T00:00:06.246+01:00|W7|2.2|-0.02|0.16|-0.02|2.12;0001-01-01T00:00:06.246+01:00|W8|1.3|0.28|0.12|0.28|1.29;0001-01-01T00:00:06.246+01:00|W9|1.1|-0.33|0.17|-0.33|1.02;0001-01-01T00:00:06.246+01:00|W10|0.9|-0.68|0.16|-0.68|0.53;0001-01-01T00:00:06.246+01:00|W11|0.9|0.44|0.14|0.44|0.66;0001-01-01T00:00:06.246+01:00|W12|1.0|-0.85|0.11|-0.85|0.39"
51.00;5.02;0001-01-01T00:00:06.1850000+01:00;49.80;0.29;-15.60;30.8;-3.207;0.293;14.934;-35.298;12.753;-18.007;95.559;-47.172;106.590;"0001-01-01T00:00:06.246+01:00|W1|1.1|0.54|0.26|0.54|0.96;0001-01-01T00:00:06.246+01:00|W2|0.3|-0.29|0.20|-0.29|0.07;0001-01-01T00:00:06.246+01:00|W3|1.0|0.27|0.05|0.27|0.95;0001-01-01T00:00:06.246+01:00|W4|1.8|0.22|0.16|0.22|1.73;0001-01-01T00:00:06.246+01:00|W5|0.9|0.03|0.29|0.03|0.88;0001-01-01T00:00:06.246+01:00|W6|1.7|0.21|0.20|0.21|1.72;0001-01-01T00:00:06.246+01:00|W7|2.2|-0.02|0.16|-0.02|2.12;0001-01-01T00:00:06.246+01:00|W8|1.3|0.28|0.12|0.28|1.29;0001-01-01T00:00:06.246+01:00|W9|1.1|-0.33|0.17|-0.33|1.02;0001-01-01T00:00:06.246+01:00|W10|0.9|-0.68|0.16|-0.68|0.53;0001-01-01T00:00:06.246+01:00|W11|0.9|0.44|0.14|0.44|0.66;0001-01-01T00:00:06.246+01:00|W12|1.0|-0.85|0.11|-0.85|0.39"
52.00;4.99;0001-01-01T00:00:06.2190000+01:00;50.71;0.31;-16.05;30.6;-3.341;-0.441;14.822;-34.808;12.662;-17.980;95.511;-47.742;106.801;"0001-01-01T00:00:06.246+01:00|W1|1.1|0.54|0.26|0.54|0.96;0001-01-01T00:00:06.246+01:00|W2|0.3|-0.29|0.20|-0.29|0.07;0001-01-01T00:00:06.246+01:00|W3|1.0|0.27|0.05|0.27|0.95;0001-01-01T00:00:06.246+01:00|W4|1.8|0.22|0.16|0.22|1.73;0001-01-01T00:00:06.246+01:00|W5|0.9|0.03|0.29|0.03|0.88;0001-01-01T00:00:06.246+01:00|W6|1.7|0.21|0.20|0.21|1.72;0001-01-01T00:00:06.246+01:00|W7|2.2|-0.02|0.16|-0.02|2.12;0001-01-01T00:00:06.246+01:00|W8|1.3|0.28|0.12|0.28|1.29;0001-01-01T00:00:06.246+01:00|W9|1.1|-0.33|0.17|-0.33|1.02;0001-01-01T00:00:06.246+01:00|W10|0.9|-0.68|0.16|-0.68|0.53;0001-01-01T00:00:06.246+01:00|W11|0.9|0.44|0.14|0.44|0.66;0001-01-01T00:00:06.246+01:00|W12|1.0|-0.85|0.11|-0.85|0.39"
53.00;4.96;0001-01-01T00:00:06.2540000+01:00;51.62;0.34;-16.51;30.5;-3.575;-1.150;14.450;-34.663;12.585;-17.937;95.486;-48.275;107.018;"0001-01-01T00:00:06.246+01:00|W1|1.1|0.54|0.26|0.54|0.96;0001-01-01T00:00:06.246+01:00|W2|0.3|-0.29|0.20|-0.29|0.07;0001-01-01T00:00:06.246+01:00|W3|1.0|0.27|0.05|0.27|0.95;0001-01-01T00:00:06.246+01:00|W4|1.8|0.22|0.16|0.22|1.73;0001-01-01T00:00:06.246+01:00|W5|0.9|0.03|0.29|0.03|0.88;0001-01-01T00:00:06.246+01:00|W6|1.7|0.21|0.20|0.21|1.72;0001-01-01T00:00:06.246+01:00|W7|2.2|-0.02|0.16|-0.02|2.12;0001-01-01T00:00:06.246+01:00|W8|1.3|0.28|0.12|0.28|1.29;0001-01-01T00:00:06.246+01:00|W9|1.1|-0.33|0.17|-0.33|1.02;0001-01-01T00:00:06.246+01:00|W10|0.9|-0.68|0.16|-0.68|0.53;0001-01-01T00:00:06.246+01:00|W11|0.9|0.44|0.14|0.44|0.66;0001-01-01T00:00:06.246+01:00|W12|1.0|-0.85|0.11|-0.85|0.39"
54.00;4.93;0001-01-01T00:00:06.2880000+01:00;52.52;0.36;-16.96;30.4;-4.040;-1.749;13.750;-34.226;12.612;-17.881;95.516;-48.778;107.272;"0001-01-01T00:00:06.246+01:00|W1|1.1|0.54|0.26|0.54|0.96;0001-01-01T00:00:06.246+01:00|W2|0.3|-0.29|0.20|-0.29|0.07;0001-01-01T00:00:06.246+01:00|W3|1.0|0.27|0.05|0.27|0.95;0001-01-01T00:00:06.246+01:00|W4|1.8|0.22|0.16|0.22|1.73;0001-01-01T00:00:06.246+01:00|W5|0.9|0.03|0.29|0.03|0.88;0001-01-01T00:00:06.246+01:00|W6|1.7|0.21|0.20|0.21|1.72;0001-01-01T00:00:06.246+01:00|W7|2.2|-0.02|0.16|-0.02|2.12;0001-01-01T00:00:06.246+01:00|W8|1.3|0.28|0.12|0.28|1.29;0001-01-01T00:00:06.246+01:00|W9|1.1|-0.33|0.17|-0.33|1.02;0001-01-01T00:00:06.246+01:00|W10|0.9|-0.68|0.16|-0.68|0.53;0001-01-01T00:00:06.246+01:00|W11|0.9|0.44|0.14|0.44|0.66;0001-01-01T00:00:06.246+01:00|W12|1.0|-0.85|0.11|-0.85|0.39"
55.00;4.89;0001-01-01T00:00:06.3220000+01:00;53.43;0.38;-17.43;30.4;-4.503;-2.292;13.053;-34.133;12.638;-17.793;95.446;-49.340;107.468;"0001-01-01T00:00:06.246+01:00|W1|1.1|0.54|0.26|0.54|0.96;0001-01-01T00:00:06.246+01:00|W2|0.3|-0.29|0.20|-0.29|0.07;0001-01-01T00:00:06.246+01:00|W3|1.0|0.27|0.05|0.27|0.95;0001-01-01T00:00:06.246+01:00|W4|1.8|0.22|0.16|0.22|1.73;0001-01-01T00:00:06.246+01:00|W5|0.9|0.03|0.29|0.03|0.88;0001-01-01T00:00:06.246+01:00|W6|1.7|0.21|0.20|0.21|1.72;0001-01-01T00:00:06.246+01:00|W7|2.2|-0.02|0.16|-0.02|2.12;0001-01-01T00:00:06.246+01:00|W8|1.3|0.28|0.12|0.28|1.29;0001-01-01T00:00:06.246+01:00|W9|1.1|-0.33|0.17|-0.33|1.02;0001-01-01T00:00:06.246+01:00|W10|0.9|-0.68|0.16|-0.68|0.53;0001-01-01T00:00:06.246+01:00|W11|0.9|0.44|0.14|0.44|0.66;0001-01-01T00:00:06.246+01:00|W12|1.0|-0.85|0.11|-0.85|0.39"
56.00;4.85;0001-01-01T00:00:06.3560000+01:00;54.33;0.39;-17.90;30.3;-4.998;-2.746;12.589;-34.305;12.704;-17.656;95.425;-49.927;107.722;"0001-01-01T00:00:06.246+01:00|W1|1.1|0.54|0.26|0.54|0.96;0001-01-01T00:00:06.246+01:00|W2|0.3|-0.29|0.20|-0.29|0.07;0001-01-01T00:00:06.246+01:00|W3|1.0|0.27|0.05|0.27|0.95;0001-01-01T00:00:06.246+01:00|W4|1.8|0.22|0.16|0.22|1.73;0001-01-01T00:00:06.246+01:00|W5|0.9|0.03|0.29|0.03|0.88;0001-01-01T00:00:06.246+01:00|W6|1.7|0.21|0.20|0.21|1.72;0001-01-01T00:00:06.246+01:00|W7|2.2|-0.02|0.16|-0.02|2.12;0001-01-01T00:00:06.246+01:00|W8|1.3|0.28|0.12|0.28|1.29;0001-01-01T00:00:06.246+01:00|W9|1.1|-0.33|0.17|-0.33|1.02;0001-01-01T00:00:06.246+01:00|W10|0.9|-0.68|0.16|-0.68|0.53;0001-01-01T00:00:06.246+01:00|W11|0.9|0.44|0.14|0.44|0.66;0001-01-01T00:00:06.246+01:00|W12|1.0|-0.85|0.11|-0.85|0.39"
57.00;4.81;0001-01-01T00:00:06.3900000+01:00;55.23;0.42;-18.38;30.0;-5.584;-3.009;12.787;-34.865;12.880;-17.418;95.650;-50.523;108.202;"0001-01-01T00:00:06.494+01:00|W1|1.2|0.44|0.16|0.44|1.09;0001-01-01T00:00:06.494+01:00|W2|0.3|-0.29|0.19|-0.29|0.08;0001-01-01T00:00:06.494+01:00|W3|1.0|0.27|0.05|0.27|0.95;0001-01-01T00:00:06.494+01:00|W4|1.7|0.26|0.25|0.26|1.67;0001-01-01T00:00:06.494+01:00|W5|0.8|-0.03|0.42|-0.03|0.74;0001-01-01T00:00:06.494+01:00|W6|1.8|0.23|0.18|0.23|1.73;0001-01-01T00:00:06.494+01:00|W7|2.2|0.16|0.18|0.16|2.15;0001-01-01T00:00:06.494+01:00|W8|1.3|0.30|0.11|0.30|1.29;0001-01-01T00:00:06.494+01:00|W9|1.2|-0.42|0.24|-0.42|1.08;0001-01-01T00:00:06.494+01:00|W10|0.9|-0.68|0.16|-0.68|0.52;0001-01-01T00:00:06.494+01:00|W11|0.9|0.44|0.14|0.44|0.66;0001-01-01T00:00:06.494+01:00|W12|1.0|-0.92|0.08|-0.92|0.32"
58.00;4.77;0001-01-01T00:00:06.4240000+01:00;56.13;0.44;-18.85;30.0;-6.171;-3.238;12.986;-34.259;13.056;-17.186;95.586;-51.069;108.399;"0001-01-01T00:00:06.494+01:00|W1|1.2|0.44|0.16|0.44|1.09;0001-01-01T00:00:06.494+01:00|W2|0.3|-0.29|0.19|-0.29|0.08;0001-01-01T00:00:06.494+01:00|W3|1.0|0.27|0.05|0.27|0.95;0001-01-01T00:00:06.494+01:00|W4|1.7|0.26|0.25|0.26|1.67;0001-01-01T00:00:06.494+01:00|W5|0.8|-0.03|0.42|-0.03|0.74;0001-01-01T00:00:06.494+01:00|W6|1.8|0.23|0.18|0.23|1.73;0001-01-01T00:00:06.494+01:00|W7|2.2|0.16|0.18|0.16|2.15;0001-01-01T00:00:06.494+01:00|W8|1.3|0.30|0.11|0.30|1.29;0001-01-01T00:00:06.494+01:00|W9|1.2|-0.42|0.24|-0.42|1.08;0001-01-01T00:00:06.494+01:00|W10|0.9|-0.68|0.16|-0.68|0.52;0001-01-01T00:00:06.494+01:00|W11|0.9|0.44|0.14|0.44|0.66;0001-01-01T00:00:06.494+01:00|W12|1.0|-0.92|0.08|-0.92|0.32"
59.00;4.74;0001-01-01T00:00:06.4570000+01:00;57.02;0.46;-19.33;30.0;-6.618;-3.425;13.122;-34.106;13.222;-16.931;95.519;-51.583;108.581;"0001-01-01T00:00:06.494+01:00|W1|1.2|0.44|0.16|0.44|1.09;0001-01-01T00:00:06.494+01:00|W2|0.3|-0.29|0.19|-0.29|0.08;0001-01-01T00:00:06.494+01:00|W3|1.0|0.27|0.05|0.27|0.95;0001-01-01T00:00:06.494+01:00|W4|1.7|0.26|0.25|0.26|1.67;0001-01-01T00:00:06.494+01:00|W5|0.8|-0.03|0.42|-0.03|0.74;0001-01-01T00:00:06.494+01:00|W6|1.8|0.23|0.18|0.23|1.73;0001-01-01T00:00:06.494+01:00|W7|2.2|0.16|0.18|0.16|2.15;0001-01-01T00:00:06.494+01:00|W8|1.3|0.30|0.11|0.30|1.29;0001-01-01T00:00:06.494+01:00|W9|1.2|-0.42|0.24|-0.42|1.08;0001-01-01T00:00:06.494+01:00|W10|0.9|-0.68|0.16|-0.68|0.52;0001-01-01T00:00:06.494+01:00|W11|0.9|0.44|0.14|0.44|0.66;0001-01-01T00:00:06.494+01:00|W12|1.0|-0.92|0.08|-0.92|0.32"
60.00;4.71;0001-01-01T00:00:06.4910000+01:00;57.92;0.47;-19.81;29.7;-6.756;-3.541;13.119;-35.682;13.366;-16.621;95.622;-52.056;108.903;"0001-01-01T00:00:06.494+01:00|W1|1.2|0.44|0.16|0.44|1.09;0001-01-01T00:00:06.494+01:00|W2|0.3|-0.29|0.19|-0.29|0.08;0001-01-01T00:00:06.494+01:00|W3|1.0|0.27|0.05|0.27|0.95;0001-01-01T00:00:06.494+01:00|W4|1.7|0.26|0.25|0.26|1.67;0001-01-01T00:00:06.494+01:00|W5|0.8|-0.03|0.42|-0.03|0.74;0001-01-01T00:00:06.494+01:00|W6|1.8|0.23|0.18|0.23|1.73;0001-01-01T00:00:06.494+01:00|W7|2.2|0.16|0.18|0.16|2.15;0001-01-01T00:00:06.494+01:00|W8|1.3|0.30|0.11|0.30|1.29;0001-01-01T00:00:06.494+01:00|W9|1.2|-0.42|0.24|-0.42|1.08;0001-01-01T00:00:06.494+01:00|W10|0.9|-0.68|0.16|-0.68|0.52;0001-01-01T00:00:06.494+01:00|W11|0.9|0.44|0.14|0.44|0.66;0001-01-01T00:00:06.494+01:00|W12|1.0|-0.92|0.08|-0.92|0.32"
61.00;4.67;0001-01-01T00:00:06.5250000+01:00;58.81;0.50;-20.30;29.4;-6.892;-3.531;13.116;-35.624;13.508;-16.311;95.624;-52.785;109.259;"0001-01-01T00:00:06.494+01:00|W1|1.2|0.44|0.16|0.44|1.09;0001-01-01T00:00:06.494+01:00|W2|0.3|-0.29|0.19|-0.29|0.08;0001-01-01T00:00:06.494+01:00|W3|1.0|0.27|0.05|0.27|0.95;0001-01-01T00:00:06.494+01:00|W4|1.7|0.26|0.25|0.26|1.67;0001-01-01T00:00:06.494+01:00|W5|0.8|-0.03|0.42|-0.03|0.74;0001-01-01T00:00:06.494+01:00|W6|1.8|0.23|0.18|0.23|1.73;0001-01-01T00:00:06.494+01:00|W7|2.2|0.16|0.18|0.16|2.15;0001-01-01T00:00:06.494+01:00|W8|1.3|0.30|0.11|0.30|1.29;0001-01-01T00:00:06.494+01:00|W9|1.2|-0.42|0.24|-0.42|1.08;0001-01-01T00:00:06.494+01:00|W10|0.9|-0.68|0.16|-0.68|0.52;0001-01-01T00:00:06.494+01:00|W11|0.9|0.44|0.14|0.44|0.66;0001-01-01T00:00:06.494+01:00|W12|1.0|-0.92|0.08|-0.92|0.32"
62.00;4.63;0001-01-01T00:00:06.5580000+01:00;59.70;0.52;-20.79;29.1;-7.028;-3.491;13.113;-35.318;13.651;-16.029;95.582;-53.445;109.548;"0001-01-01T00:00:06.494+01:00|W1|1.2|0.44|0.16|0.44|1.09;0001-01-01T00:00:06.494+01:00|W2|0.3|-0.29|0.19|-0.29|0.08;0001-01-01T00:00:06.494+01:00|W3|1.0|0.27|0.05|0.27|0.95;0001-01-01T00:00:06.494+01:00|W4|1.7|0.26|0.25|0.26|1.67;0001-01-01T00:00:06.494+01:00|W5|0.8|-0.03|0.42|-0.03|0.74;0001-01-01T00:00:06.494+01:00|W6|1.8|0.23|0.18|0.23|1.73;0001-01-01T00:00:06.494+01:00|W7|2.2|0.16|0.18|0.16|2.15;0001-01-01T00:00:06.494+01:00|W8|1.3|0.30|0.11|0.30|1.29;0001-01-01T00:00:06.494+01:00|W9|1.2|-0.42|0.24|-0.42|1.08;0001-01-01T00:00:06.494+01:00|W10|0.9|-0.68|0.16|-0.68|0.52;0001-01-01T00:00:06.494+01:00|W11|0.9|0.44|0.14|0.44|0.66;0001-01-01T00:00:06.494+01:00|W12|1.0|-0.92|0.08|-0.92|0.32"
63.00;4.59;0001-01-01T00:00:06.5920000+01:00;60.59;0.55;-21.28;28.9;-7.165;-3.441;13.110;-35.187;13.793;-15.800;95.492;-53.865;109.682;"0001-01-01T00:00:06.494+01:00|W1|1.2|0.44|0.16|0.44|1.09;0001-01-01T00:00:06.494+01:00|W2|0.3|-0.29|0.19|-0.29|0.08;0001-01-01T00:00:06.494+01:00|W3|1.0|0.27|0.05|0.27|0.95;0001-01-01T00:00:06.494+01:00|W4|1.7|0.26|0.25|0.26|1.67;0001-01-01T00:00:06.494+01:00|W5|0.8|-0.03|0.42|-0.03|0.74;0001-01-01T00:00:06.494+01:00|W6|1.8|0.23|0.18|0.23|1.73;0001-01-01T00:00:06.494+01:00|W7|2.2|0.16|0.18|0.16|2.15;0001-01-01T00:00:06.494+01:00|W8|1.3|0.30|0.11|0.30|1.29;0001-01-01T00:00:06.494+01:00|W9|1.2|-0.42|0.24|-0.42|1.08;0001-01-01T00:00:06.494+01:00|W10|0.9|-0.68|0.16|-0.68|0.52;0001-01-01T00:00:06.494+01:00|W11|0.9|0.44|0.14|0.44|0.66;0001-01-01T00:00:06.494+01:00|W12|1.0|-0.92|0.08|-0.92|0.32"
64.00;4.55;0001-01-01T00:00:06.6250000+01:00;61.48;0.58;-21.78;28.7;-7.301;-3.282;13.107;-35.315;13.936;-15.596;95.421;-54.405;109.887;"0001-01-01T00:00:06.746+01:00|W1|1.2|0.44|0.16|0.44|1.09;0001-01-01T00:00:06.746+01:00|W2|0.3|-0.29|0.19|-0.29|0.08;0001-01-01T00:00:06.746+01:00|W3|1.0|0.28|0.02|0.28|0.98;0001-01-01T00:00:06.746+01:00|W4|1.8|0.43|0.21|0.43|1.72;0001-01-01T00:00:06.746+01:00|W5|0.7|-0.01|0.43|-0.01|0.73;0001-01-01T00:00:06.746+01:00|W6|1.8|0.23|0.18|0.23|1.73;0001-01-01T00:00:06.746+01:00|W7|2.2|0.16|0.18|0.16|2.15;0001-01-01T00:00:06.746+01:00|W8|1.3|0.34|0.12|0.34|1.26;0001-01-01T00:00:06.746+01:00|W9|1.2|-0.42|0.24|-0.42|1.08;0001-01-01T00:00:06.746+01:00|W10|0.9|-0.68|0.15|-0.68|0.52;0001-01-01T00:00:06.746+01:00|W11|0.8|0.42|0.11|0.42|0.66;0001-01-01T00:00:06.746+01:00|W12|1.0|-0.92|0.08|-0.92|0.32"
65.00;4.50;0001-01-01T00:00:06.6580000+01:00;62.36;0.61;-22.29;28.8;-7.437;-3.111;13.104;-35.315;14.078;-15.479;95.404;-54.843;110.087;"0001-01-01T00:00:06.746+01:00|W1|1.2|0.44|0.16|0.44|1.09;0001-01-01T00:00:06.746+01:00|W2|0.3|-0.29|0.19|-0.29|0.08;0001-01-01T00:00:06.746+01:00|W3|1.0|0.28|0.02|0.28|0.98;0001-01-01T00:00:06.746+01:00|W4|1.8|0.43|0.21|0.43|1.72;0001-01-01T00:00:06.746+01:00|W5|0.7|-0.01|0.43|-0.01|0.73;0001-01-01T00:00:06.746+01:00|W6|1.8|0.23|0.18|0.23|1.73;0001-01-01T00:00:06.746+01:00|W7|2.2|0.16|0.18|0.16|2.15;0001-01-01T00:00:06.746+01:00|W8|1.3|0.34|0.12|0.34|1.26;0001-01-01T00:00:06.746+01:00|W9|1.2|-0.42|0.24|-0.42|1.08;0001-01-01T00:00:06.746+01:00|W10|0.9|-0.68|0.15|-0.68|0.52;0001-01-01T00:00:06.746+01:00|W11|0.8|0.42|0.11|0.42|0.66;0001-01-01T00:00:06.746+01:00|W12|1.0|-0.92|0.08|-0.92|0.32"
66.00;4.45;0001-01-01T00:00:06.6920000+01:00;63.24;0.63;-22.81;29.5;-7.573;-2.956;13.101;-34.972;14.220;-15.518;95.479;-55.038;110.246;"0001-01-01T00:00:06.746+01:00|W1|1.2|0.44|0.16|0.44|1.09;0001-01-01T00:00:06.746+01:00|W2|0.3|-0.29|0.19|-0.29|0.08;0001-01-01T00:00:06.746+01:00|W3|1.0|0.28|0.02|0.28|0.98;0001-01-01T00:00:06.746+01:00|W4|1.8|0.43|0.21|0.43|1.72;0001-01-01T00:00:06.746+01:00|W5|0.7|-0.01|0.43|-0.01|0.73;0001-01-01T00:00:06.746+01:00|W6|1.8|0.23|0.18|0.23|1.73;0001-01-01T00:00:06.746+01:00|W7|2.2|0.16|0.18|0.16|2.15;0001-01-01T00:00:06.746+01:00|W8|1.3|0.34|0.12|0.34|1.26;0001-01-01T00:00:06.746+01:00|W9|1.2|-0.42|0.24|-0.42|1.08;0001-01-01T00:00:06.746+01:00|W10|0.9|-0.68|0.15|-0.68|0.52;0001-01-01T00:00:06.746+01:00|W11|0.8|0.42|0.11|0.42|0.66;0001-01-01T00:00:06.746+01:00|W12|1.0|-0.92|0.08|-0.92|0.32"
67.00;4.41;0001-01-01T00:00:06.7250000+01:00;64.12;0.65;-23.32;29.9;-7.316;-2.726;13.756;-34.783;14.337;-15.674;95.459;-55.288;110.355;"0001-01-01T00:00:06.746+01:00|W1|1.2|0.44|0.16|0.44|1.09;0001-01-01T00:00:06.746+01:00|W2|0.3|-0.29|0.19|-0.29|0.08;0001-01-01T00:00:06.746+01:00|W3|1.0|0.28|0.02|0.28|0.98;0001-01-01T00:00:06.746+01:00|W4|1.8|0.43|0.21|0.43|1.72;0001-01-01T00:00:06.746+01:00|W5|0.7|-0.01|0.43|-0.01|0.73;0001-01-01T00:00:06.746+01:00|W6|1.8|0.23|0.18|0.23|1.73;0001-01-01T00:00:06.746+01:00|W7|2.2|0.16|0.18|0.16|2.15;0001-01-01T00:00:06.746+01:00|W8|1.3|0.34|0.12|0.34|1.26;0001-01-01T00:00:06.746+01:00|W9|1.2|-0.42|0.24|-0.42|1.08;0001-01-01T00:00:06.746+01:00|W10|0.9|-0.68|0.15|-0.68|0.52;0001-01-01T00:00:06.746+01:00|W11|0.8|0.42|0.11|0.42|0.66;0001-01-01T00:00:06.746+01:00|W12|1.0|-0.92|0.08|-0.92|0.32"
68.00;4.37;0001-01-01T00:00:06.7580000+01:00;65.00;0.68;-23.83;30.2;-6.946;-2.466;14.477;-34.717;14.450;-15.883;95.445;-55.616;110.509;"0001-01-01T00:00:06.746+01:00|W1|1.2|0.44|0.16|0.44|1.09;0001-01-01T00:00:06.746+01:00|W2|0.3|-0.29|0.19|-0.29|0.08;0001-01-01T00:00:06.746+01:00|W3|1.0|0.28|0.02|0.28|0.98;0001-01-01T00:00:06.746+01:00|W4|1.8|0.43|0.21|0.43|1.72;0001-01-01T00:00:06.746+01:00|W5|0.7|-0.01|0.43|-0.01|0.73;0001-01-01T00:00:06.746+01:00|W6|1.8|0.23|0.18|0.23|1.73;0001-01-01T00:00:06.746+01:00|W7|2.2|0.16|0.18|0.16|2.15;0001-01-01T00:00:06.746+01:00|W8|1.3|0.34|0.12|0.34|1.26;0001-01-01T00:00:06.746+01:00|W9|1.2|-0.42|0.24|-0.42|1.08;0001-01-01T00:00:06.746+01:00|W10|0.9|-0.68|0.15|-0.68|0.52;0001-01-01T00:00:06.746+01:00|W11|0.8|0.42|0.11|0.42|0.66;0001-01-01T00:00:06.746+01:00|W12|1.0|-0.92|0.08|-0.92|0.32"
69.00;4.33;0001-01-01T00:00:06.7910000+01:00;65.87;0.71;-24.34;30.6;-6.496;-2.174;15.088;-34.836;14.566;-16.150;95.479;-56.077;110.769;"0001-01-01T00:00:06.746+01:00|W1|1.2|0.44|0.16|0.44|1.09;0001-01-01T00:00:06.746+01:00|W2|0.3|-0.29|0.19|-0.29|0.08;0001-01-01T00:00:06.746+01:00|W3|1.0|0.28|0.02|0.28|0.98;0001-01-01T00:00:06.746+01:00|W4|1.8|0.43|0.21|0.43|1.72;0001-01-01T00:00:06.746+01:00|W5|0.7|-0.01|0.43|-0.01|0.73;0001-01-01T00:00:06.746+01:00|W6|1.8|0.23|0.18|0.23|1.73;0001-01-01T00:00:06.746+01:00|W7|2.2|0.16|0.18|0.16|2.15;0001-01-01T00:00:06.746+01:00|W8|1.3|0.34|0.12|0.34|1.26;0001-01-01T00:00:06.746+01:00|W9|1.2|-0.42|0.24|-0.42|1.08;0001-01-01T00:00:06.746+01:00|W10|0.9|-0.68|0.15|-0.68|0.52;0001-01-01T00:00:06.746+01:00|W11|0.8|0.42|0.11|0.42|0.66;0001-01-01T00:00:06.746+01:00|W12|1.0|-0.92|0.08|-0.92|0.32"
70.00;4.30;0001-01-01T00:00:06.8240000+01:00;66.75;0.74;-24.85;31.0;-6.007;-1.910;15.013;-35.135;14.688;-16.398;95.415;-56.439;110.900;"0001-01-01T00:00:06.746+01:00|W1|1.2|0.44|0.16|0.44|1.09;0001-01-01T00:00:06.746+01:00|W2|0.3|-0.29|0.19|-0.29|0.08;0001-01-01T00:00:06.746+01:00|W3|1.0|0.28|0.02|0.28|0.98;0001-01-01T00:00:06.746+01:00|W4|1.8|0.43|0.21|0.43|1.72;0001-01-01T00:00:06.746+01:00|W5|0.7|-0.01|0.43|-0.01|0.73;0001-01-01T00:00:06.746+01:00|W6|1.8|0.23|0.18|0.23|1.73;0001-01-01T00:00:06.746+01:00|W7|2.2|0.16|0.18|0.16|2.15;0001-01-01T00:00:06.746+01:00|W8|1.3|0.34|0.12|0.34|1.26;0001-01-01T00:00:06.746+01:00|W9|1.2|-0.42|0.24|-0.42|1.08;0001-01-01T00:00:06.746+01:00|W10|0.9|-0.68|0.15|-0.68|0.52;0001-01-01T00:00:06.746+01:00|W11|0.8|0.42|0.11|0.42|0.66;0001-01-01T00:00:06.746+01:00|W12|1.0|-0.92|0.08|-0.92|0.32"
71.00;4.27;0001-01-01T00:00:06.8570000+01:00;67.62;0.77;-25.37;31.4;-5.484;-1.700;14.999;-35.236;14.833;-16.634;95.370;-56.770;111.034;"0001-01-01T00:00:06.746+01:00|W1|1.2|0.44|0.16|0.44|1.09;0001-01-01T00:00:06.746+01:00|W2|0.3|-0.29|0.19|-0.29|0.08;0001-01-01T00:00:06.746+01:00|W3|1.0|0.28|0.02|0.28|0.98;0001-01-01T00:00:06.746+01:00|W4|1.8|0.43|0.21|0.43|1.72;0001-01-01T00:00:06.746+01:00|W5|0.7|-0.01|0.43|-0.01|0.73;0001-01-01T00:00:06.746+01:00|W6|1.8|0.23|0.18|0.23|1.73;0001-01-01T00:00:06.746+01:00|W7|2.2|0.16|0.18|0.16|2.15;0001-01-01T00:00:06.746+01:00|W8|1.3|0.34|0.12|0.34|1.26;0001-01-01T00:00:06.746+01:00|W9|1.2|-0.42|0.24|-0.42|1.08;0001-01-01T00:00:06.746+01:00|W10|0.9|-0.68|0.15|-0.68|0.52;0001-01-01T00:00:06.746+01:00|W11|0.8|0.42|0.11|0.42|0.66;0001-01-01T00:00:06.746+01:00|W12|1.0|-0.92|0.08|-0.92|0.32"
72.00;4.23;0001-01-01T00:00:06.8900000+01:00;68.49;0.80;-25.90;31.8;-4.904;-1.603;15.446;-34.811;15.026;-16.857;95.416;-57.075;111.231;"0001-01-01T00:00:07.002+01:00|W1|1.5|0.23|0.18|0.23|1.45;0001-01-01T00:00:07.002+01:00|W2|0.3|-0.29|0.18|-0.29|0.09;0001-01-01T00:00:07.002+01:00|W3|1.0|0.28|0.00|0.28|0.99;0001-01-01T00:00:07.002+01:00|W4|2.0|0.68|0.08|0.68|1.82;0001-01-01T00:00:07.002+01:00|W5|0.8|0.07|0.33|0.07|0.81;0001-01-01T00:00:07.002+01:00|W6|1.8|0.20|0.11|0.20|1.77;0001-01-01T00:00:07.002+01:00|W7|2.2|0.36|0.15|0.36|2.11;0001-01-01T00:00:07.002+01:00|W8|1.2|0.32|0.19|0.32|1.18;0001-01-01T00:00:07.002+01:00|W9|1.3|-0.43|0.33|-0.43|1.20;0001-01-01T00:00:07.002+01:00|W10|0.9|-0.65|0.11|-0.65|0.53;0001-01-01T00:00:07.002+01:00|W11|0.8|0.41|0.07|0.41|0.66;0001-01-01T00:00:07.002+01:00|W12|1.0|-0.92|0.01|-0.92|0.11"
73.00;4.20;0001-01-01T00:00:06.9230000+01:00;69.37;0.83;-26.42;32.1;-4.570;-2.154;15.205;-34.924;15.218;-17.080;95.250;-57.145;111.134;"0001-01-01T00:00:07.002+01:00|W1|1.5|0.23|0.18|0.23|1.45;0001-01-01T00:00:07.002+01:00|W2|0.3|-0.29|0.18|-0.29|0.09;0001-01-01T00:00:07.002+01:00|W3|1.0|0.28|0.00|0.28|0.99;0001-01-01T00:00:07.002+01:00|W4|2.0|0.68|0.08|0.68|1.82;0001-01-01T00:00:07.002+01:00|W5|0.8|0.07|0.33|0.07|0.81;0001-01-01T00:00:07.002+01:00|W6|1.8|0.20|0.11|0.20|1.77;0001-01-01T00:00:07.002+01:00|W7|2.2|0.36|0.15|0.36|2.11;0001-01-01T00:00:07.002+01:00|W8|1.2|0.32|0.19|0.32|1.18;0001-01-01T00:00:07.002+01:00|W9|1.3|-0.43|0.33|-0.43|1.20;0001-01-01T00:00:07.002+01:00|W10|0.9|-0.65|0.11|-0.65|0.53;0001-01-01T00:00:07.002+01:00|W11|0.8|0.41|0.07|0.41|0.66;0001-01-01T00:00:07.002+01:00|W12|1.0|-0.92|0.01|-0.92|0.11"
74.00;4.18;0001-01-01T00:00:06.9560000+01:00;70.24;0.86;-26.94;32.3;-4.354;-2.878;15.485;-35.181;15.433;-17.304;95.078;-57.178;111.014;"0001-01-01T00:00:07.002+01:00|W1|1.5|0.23|0.18|0.23|1.45;0001-01-01T00:00:07.002+01:00|W2|0.3|-0.29|0.18|-0.29|0.09;0001-01-01T00:00:07.002+01:00|W3|1.0|0.28|0.00|0.28|0.99;0001-01-01T00:00:07.002+01:00|W4|2.0|0.68|0.08|0.68|1.82;0001-01-01T00:00:07.002+01:00|W5|0.8|0.07|0.33|0.07|0.81;0001-01-01T00:00:07.002+01:00|W6|1.8|0.20|0.11|0.20|1.77;0001-01-01T00:00:07.002+01:00|W7|2.2|0.36|0.15|0.36|2.11;0001-01-01T00:00:07.002+01:00|W8|1.2|0.32|0.19|0.32|1.18;0001-01-01T00:00:07.002+01:00|W9|1.3|-0.43|0.33|-0.43|1.20;0001-01-01T00:00:07.002+01:00|W10|0.9|-0.65|0.11|-0.65|0.53;0001-01-01T00:00:07.002+01:00|W11|0.8|0.41|0.07|0.41|0.66;0001-01-01T00:00:07.002+01:00|W12|1.0|-0.92|0.01|-0.92|0.11"
75.00;4.15;0001-01-01T00:00:06.9890000+01:00;71.10;0.89;-27.47;32.6;-4.281;-3.606;17.686;-35.440;15.710;-17.528;95.045;-57.280;111.041;"0001-01-01T00:00:07.002+01:00|W1|1.5|0.23|0.18|0.23|1.45;0001-01-01T00:00:07.002+01:00|W2|0.3|-0.29|0.18|-0.29|0.09;0001-01-01T00:00:07.002+01:00|W3|1.0|0.28|0.00|0.28|0.99;0001-01-01T00:00:07.002+01:00|W4|2.0|0.68|0.08|0.68|1.82;0001-01-01T00:00:07.002+01:00|W5|0.8|0.07|0.33|0.07|0.81;0001-01-01T00:00:07.002+01:00|W6|1.8|0.20|0.11|0.20|1.77;0001-01-01T00:00:07.002+01:00|W7|2.2|0.36|0.15|0.36|2.11;0001-01-01T00:00:07.002+01:00|W8|1.2|0.32|0.19|0.32|1.18;0001-01-01T00:00:07.002+01:00|W9|1.3|-0.43|0.33|-0.43|1.20;0001-01-01T00:00:07.002+01:00|W10|0.9|-0.65|0.11|-0.65|0.53;0001-01-01T00:00:07.002+01:00|W11|0.8|0.41|0.07|0.41|0.66;0001-01-01T00:00:07.002+01:00|W12|1.0|-0.92|0.01|-0.92|0.11"
76.00;4.12;0001-01-01T00:00:07.0220000+01:00;71.97;0.93;-28.00;33.2;-4.332;-4.328;19.764;-35.696;15.880;-17.752;95.056;-57.939;111.386;"0001-01-01T00:00:07.002+01:00|W1|1.5|0.23|0.18|0.23|1.45;0001-01-01T00:00:07.002+01:00|W2|0.3|-0.29|0.18|-0.29|0.09;0001-01-01T00:00:07.002+01:00|W3|1.0|0.28|0.00|0.28|0.99;0001-01-01T00:00:07.002+01:00|W4|2.0|0.68|0.08|0.68|1.82;0001-01-01T00:00:07.002+01:00|W5|0.8|0.07|0.33|0.07|0.81;0001-01-01T00:00:07.002+01:00|W6|1.8|0.20|0.11|0.20|1.77;0001-01-01T00:00:07.002+01:00|W7|2.2|0.36|0.15|0.36|2.11;0001-01-01T00:00:07.002+01:00|W8|1.2|0.32|0.19|0.32|1.18;0001-01-01T00:00:07.002+01:00|W9|1.3|-0.43|0.33|-0.43|1.20;0001-01-01T00:00:07.002+01:00|W10|0.9|-0.65|0.11|-0.65|0.53;0001-01-01T00:00:07.002+01:00|W11|0.8|0.41|0.07|0.41|0.66;0001-01-01T00:00:07.002+01:00|W12|1.0|-0.92|0.01|-0.92|0.11"
77.00;4.10;0001-01-01T00:00:07.0550000+01:00;72.83;0.96;-28.53;33.8;-4.528;-5.109;21.566;-35.830;16.015;-17.945;95.094;-58.716;111.817;"0001-01-01T00:00:07.002+01:00|W1|1.5|0.23|0.18|0.23|1.45;0001-01-01T00:00:07.002+01:00|W2|0.3|-0.29|0.18|-0.29|0.09;0001-01-01T00:00:07.002+01:00|W3|1.0|0.28|0.00|0.28|0.99;0001-01-01T00:00:07.002+01:00|W4|2.0|0.68|0.08|0.68|1.82;0001-01-01T00:00:07.002+01:00|W5|0.8|0.07|0.33|0.07|0.81;0001-01-01T00:00:07.002+01:00|W6|1.8|0.20|0.11|0.20|1.77;0001-01-01T00:00:07.002+01:00|W7|2.2|0.36|0.15|0.36|2.11;0001-01-01T00:00:07.002+01:00|W8|1.2|0.32|0.19|0.32|1.18;0001-01-01T00:00:07.002+01:00|W9|1.3|-0.43|0.33|-0.43|1.20;0001-01-01T00:00:07.002+01:00|W10|0.9|-0.65|0.11|-0.65|0.53;0001-01-01T00:00:07.002+01:00|W11|0.8|0.41|0.07|0.41|0.66;0001-01-01T00:00:07.002+01:00|W12|1.0|-0.92|0.01|-0.92|0.11"
78.00;4.08;0001-01-01T00:00:07.0870000+01:00;73.70;0.99;-29.06;34.0;-5.071;-6.086;22.581;-35.556;16.149;-18.041;95.174;-59.290;112.188;"0001-01-01T00:00:07.002+01:00|W1|1.5|0.23|0.18|0.23|1.45;0001-01-01T00:00:07.002+01:00|W2|0.3|-0.29|0.18|-0.29|0.09;0001-01-01T00:00:07.002+01:00|W3|1.0|0.28|0.00|0.28|0.99;0001-01-01T00:00:07.002+01:00|W4|2.0|0.68|0.08|0.68|1.82;0001-01-01T00:00:07.002+01:00|W5|0.8|0.07|0.33|0.07|0.81;0001-01-01T00:00:07.002+01:00|W6|1.8|0.20|0.11|0.20|1.77;0001-01-01T00:00:07.002+01:00|W7|2.2|0.36|0.15|0.36|2.11;0001-01-01T00:00:07.002+01:00|W8|1.2|0.32|0.19|0.32|1.18;0001-01-01T00:00:07.002+01:00|W9|1.3|-0.43|0.33|-0.43|1.20;0001-01-01T00:00:07.002+01:00|W10|0.9|-0.65|0.11|-0.65|0.53;0001-01-01T00:00:07.002+01:00|W11|0.8|0.41|0.07|0.41|0.66;0001-01-01T00:00:07.002+01:00|W12|1.0|-0.92|0.01|-0.92|0.11"
79.00;4.06;0001-01-01T00:00:07.1200000+01:00;74.56;1.02;-29.60;34.1;-5.741;-6.884;23.666;-34.824;16.199;-18.002;95.258;-59.713;112.486;"0001-01-01T00:00:07.002+01:00|W1|1.5|0.23|0.18|0.23|1.45;0001-01-01T00:00:07.002+01:00|W2|0.3|-0.29|0.18|-0.29|0.09;0001-01-01T00:00:07.002+01:00|W3|1.0|0.28|0.00|0.28|0.99;0001-01-01T00:00:07.002+01:00|W4|2.0|0.68|0.08|0.68|1.82;0001-01-01T00:00:07.002+01:00|W5|0.8|0.07|0.33|0.07|0.81;0001-01-01T00:00:07.002+01:00|W6|1.8|0.20|0.11|0.20|1.77;0001-01-01T00:00:07.002+01:00|W7|2.2|0.36|0.15|0.36|2.11;0001-01-01T00:00:07.002+01:00|W8|1.2|0.32|0.19|0.32|1.18;0001-01-01T00:00:07.002+01:00|W9|1.3|-0.43|0.33|-0.43|1.20;0001-01-01T00:00:07.002+01:00|W10|0.9|-0.65|0.11|-0.65|0.53;0001-01-01T00:00:07.002+01:00|W11|0.8|0.41|0.07|0.41|0.66;0001-01-01T00:00:07.002+01:00|W12|1.0|-0.92|0.01|-0.92|0.11"
80.00;4.04;0001-01-01T00:00:07.1520000+01:00;75.42;1.05;-30.13;34.0;-6.507;-7.602;24.709;-33.900;16.195;-17.908;95.312;-60.088;112.734;"0001-01-01T00:00:07.249+01:00|W1|1.6|0.11|0.29|0.11|1.58;0001-01-01T00:00:07.249+01:00|W2|0.3|-0.31|0.13|-0.31|0.07;0001-01-01T00:00:07.249+01:00|W3|1.1|0.27|0.05|0.27|1.04;0001-01-01T00:00:07.249+01:00|W4|2.1|0.84|0.02|0.84|1.92;0001-01-01T00:00:07.249+01:00|W5|0.9|0.06|0.21|0.06|0.91;0001-01-01T00:00:07.249+01:00|W6|1.8|0.13|0.08|0.13|1.78;0001-01-01T00:00:07.249+01:00|W7|2.2|0.37|0.07|0.37|2.05;0001-01-01T00:00:07.249+01:00|W8|1.2|0.32|0.21|0.32|1.14;0001-01-01T00:00:07.249+01:00|W9|1.4|-0.47|0.36|-0.47|1.22;0001-01-01T00:00:07.249+01:00|W10|0.8|-0.56|0.06|-0.56|0.60;0001-01-01T00:00:07.249+01:00|W11|0.8|0.41|0.07|0.41|0.66;0001-01-01T00:00:07.249+01:00|W12|0.9|-0.87|0.05|-0.87|0.07"
81.00;4.00;0001-01-01T00:00:07.1840000+01:00;76.27;1.08;-30.70;33.8;-7.483;-8.310;25.407;-32.991;16.098;-17.814;95.217;-60.539;112.887;"0001-01-01T00:00:07.249+01:00|W1|1.6|0.11|0.29|0.11|1.58;0001-01-01T00:00:07.249+01:00|W2|0.3|-0.31|0.13|-0.31|0.07;0001-01-01T00:00:07.249+01:00|W3|1.1|0.27|0.05|0.27|1.04;0001-01-01T00:00:07.249+01:00|W4|2.1|0.84|0.02|0.84|1.92;0001-01-01T00:00:07.249+01:00|W5|0.9|0.06|0.21|0.06|0.91;0001-01-01T00:00:07.249+01:00|W6|1.8|0.13|0.08|0.13|1.78;0001-01-01T00:00:07.249+01:00|W7|2.2|0.37|0.07|0.37|2.05;0001-01-01T00:00:07.249+01:00|W8|1.2|0.32|0.21|0.32|1.14;0001-01-01T00:00:07.249+01:00|W9|1.4|-0.47|0.36|-0.47|1.22;0001-01-01T00:00:07.249+01:00|W10|0.8|-0.56|0.06|-0.56|0.60;0001-01-01T00:00:07.249+01:00|W11|0.8|0.41|0.07|0.41|0.66;0001-01-01T00:00:07.249+01:00|W12|0.9|-0.87|0.05|-0.87|0.07"
82.00;3.99;0001-01-01T00:00:07.2170000+01:00;77.13;1.12;-31.23;33.5;-8.473;-8.771;26.116;-32.243;15.999;-17.640;95.270;-61.190;113.280;"0001-01-01T00:00:07.249+01:00|W1|1.6|0.11|0.29|0.11|1.58;0001-01-01T00:00:07.249+01:00|W2|0.3|-0.31|0.13|-0.31|0.07;0001-01-01T00:00:07.249+01:00|W3|1.1|0.27|0.05|0.27|1.04;0001-01-01T00:00:07.249+01:00|W4|2.1|0.84|0.02|0.84|1.92;0001-01-01T00:00:07.249+01:00|W5|0.9|0.06|0.21|0.06|0.91;0001-01-01T00:00:07.249+01:00|W6|1.8|0.13|0.08|0.13|1.78;0001-01-01T00:00:07.249+01:00|W7|2.2|0.37|0.07|0.37|2.05;0001-01-01T00:00:07.249+01:00|W8|1.2|0.32|0.21|0.32|1.14;0001-01-01T00:00:07.249+01:00|W9|1.4|-0.47|0.36|-0.47|1.22;0001-01-01T00:00:07.249+01:00|W10|0.8|-0.56|0.06|-0.56|0.60;0001-01-01T00:00:07.249+01:00|W11|0.8|0.41|0.07|0.41|0.66;0001-01-01T00:00:07.249+01:00|W12|0.9|-0.87|0.05|-0.87|0.07"
83.00;4.00;0001-01-01T00:00:07.2500000+01:00;77.99;1.16;-31.76;33.2;-9.477;-9.072;26.793;-31.602;15.884;-17.414;95.408;-61.943;113.806;"0001-01-01T00:00:07.249+01:00|W1|1.6|0.11|0.29|0.11|1.58;0001-01-01T00:00:07.249+01:00|W2|0.3|-0.31|0.13|-0.31|0.07;0001-01-01T00:00:07.249+01:00|W3|1.1|0.27|0.05|0.27|1.04;0001-01-01T00:00:07.249+01:00|W4|2.1|0.84|0.02|0.84|1.92;0001-01-01T00:00:07.249+01:00|W5|0.9|0.06|0.21|0.06|0.91;0001-01-01T00:00:07.249+01:00|W6|1.8|0.13|0.08|0.13|1.78;0001-01-01T00:00:07.249+01:00|W7|2.2|0.37|0.07|0.37|2.05;0001-01-01T00:00:07.249+01:00|W8|1.2|0.32|0.21|0.32|1.14;0001-01-01T00:00:07.249+01:00|W9|1.4|-0.47|0.36|-0.47|1.22;0001-01-01T00:00:07.249+01:00|W10|0.8|-0.56|0.06|-0.56|0.60;0001-01-01T00:00:07.249+01:00|W11|0.8|0.41|0.07|0.41|0.66;0001-01-01T00:00:07.249+01:00|W12|0.9|-0.87|0.05|-0.87|0.07"
84.00;3.96;0001-01-01T00:00:07.2810000+01:00;78.84;1.19;-32.33;32.4;-10.519;-9.363;27.052;-30.981;15.604;-17.195;95.417;-62.377;114.052;"0001-01-01T00:00:07.249+01:00|W1|1.6|0.11|0.29|0.11|1.58;0001-01-01T00:00:07.249+01:00|W2|0.3|-0.31|0.13|-0.31|0.07;0001-01-01T00:00:07.249+01:00|W3|1.1|0.27|0.05|0.27|1.04;0001-01-01T00:00:07.249+01:00|W4|2.1|0.84|0.02|0.84|1.92;0001-01-01T00:00:07.249+01:00|W5|0.9|0.06|0.21|0.06|0.91;0001-01-01T00:00:07.249+01:00|W6|1.8|0.13|0.08|0.13|1.78;0001-01-01T00:00:07.249+01:00|W7|2.2|0.37|0.07|0.37|2.05;0001-01-01T00:00:07.249+01:00|W8|1.2|0.32|0.21|0.32|1.14;0001-01-01T00:00:07.249+01:00|W9|1.4|-0.47|0.36|-0.47|1.22;0001-01-01T00:00:07.249+01:00|W10|0.8|-0.56|0.06|-0.56|0.60;0001-01-01T00:00:07.249+01:00|W11|0.8|0.41|0.07|0.41|0.66;0001-01-01T00:00:07.249+01:00|W12|0.9|-0.87|0.05|-0.87|0.07"
85.00;3.93;0001-01-01T00:00:07.3130000+01:00;79.68;1.22;-32.89;31.8;-11.544;-9.547;26.993;-30.589;15.251;-17.064;95.532;-62.967;114.471;"0001-01-01T00:00:07.249+01:00|W1|1.6|0.11|0.29|0.11|1.58;0001-01-01T00:00:07.249+01:00|W2|0.3|-0.31|0.13|-0.31|0.07;0001-01-01T00:00:07.249+01:00|W3|1.1|0.27|0.05|0.27|1.04;0001-01-01T00:00:07.249+01:00|W4|2.1|0.84|0.02|0.84|1.92;0001-01-01T00:00:07.249+01:00|W5|0.9|0.06|0.21|0.06|0.91;0001-01-01T00:00:07.249+01:00|W6|1.8|0.13|0.08|0.13|1.78;0001-01-01T00:00:07.249+01:00|W7|2.2|0.37|0.07|0.37|2.05;0001-01-01T00:00:07.249+01:00|W8|1.2|0.32|0.21|0.32|1.14;0001-01-01T00:00:07.249+01:00|W9|1.4|-0.47|0.36|-0.47|1.22;0001-01-01T00:00:07.249+01:00|W10|0.8|-0.56|0.06|-0.56|0.60;0001-01-01T00:00:07.249+01:00|W11|0.8|0.41|0.07|0.41|0.66;0001-01-01T00:00:07.249+01:00|W12|0.9|-0.87|0.05|-0.87|0.07"
86.00;3.92;0001-01-01T00:00:07.3450000+01:00;80.53;1.25;-33.45;31.3;-12.551;-9.626;26.625;-30.422;14.826;-17.020;95.752;-63.708;115.060;"0001-01-01T00:00:07.249+01:00|W1|1.6|0.11|0.29|0.11|1.58;0001-01-01T00:00:07.249+01:00|W2|0.3|-0.31|0.13|-0.31|0.07;0001-01-01T00:00:07.249+01:00|W3|1.1|0.27|0.05|0.27|1.04;0001-01-01T00:00:07.249+01:00|W4|2.1|0.84|0.02|0.84|1.92;0001-01-01T00:00:07.249+01:00|W5|0.9|0.06|0.21|0.06|0.91;0001-01-01T00:00:07.249+01:00|W6|1.8|0.13|0.08|0.13|1.78;0001-01-01T00:00:07.249+01:00|W7|2.2|0.37|0.07|0.37|2.05;0001-01-01T00:00:07.249+01:00|W8|1.2|0.32|0.21|0.32|1.14;0001-01-01T00:00:07.249+01:00|W9|1.4|-0.47|0.36|-0.47|1.22;0001-01-01T00:00:07.249+01:00|W10|0.8|-0.56|0.06|-0.56|0.60;0001-01-01T00:00:07.249+01:00|W11|0.8|0.41|0.07|0.41|0.66;0001-01-01T00:00:07.249+01:00|W12|0.9|-0.87|0.05|-0.87|0.07"
87.00;3.90;0001-01-01T00:00:07.3770000+01:00;81.37;1.28;-34.01;30.6;-13.181;-9.705;26.691;-30.254;14.238;-16.976;95.782;-64.022;115.260;"0001-01-01T00:00:07.501+01:00|W1|1.7|0.07|0.38|0.07|1.66;0001-01-01T00:00:07.501+01:00|W2|0.3|-0.29|0.12|-0.29|0.09;0001-01-01T00:00:07.501+01:00|W3|1.1|0.26|0.07|0.26|1.06;0001-01-01T00:00:07.501+01:00|W4|2.2|0.83|0.04|0.83|2.00;0001-01-01T00:00:07.501+01:00|W5|1.0|0.06|0.12|0.06|0.99;0001-01-01T00:00:07.501+01:00|W6|1.8|0.03|0.07|0.03|1.77;0001-01-01T00:00:07.501+01:00|W7|2.1|0.36|0.01|0.36|2.00;0001-01-01T00:00:07.501+01:00|W8|1.2|0.32|0.21|0.32|1.13;0001-01-01T00:00:07.501+01:00|W9|1.5|-0.54|0.38|-0.54|1.23;0001-01-01T00:00:07.501+01:00|W10|0.8|-0.50|0.01|-0.50|0.62;0001-01-01T00:00:07.501+01:00|W11|0.9|0.41|0.07|0.41|0.73;0001-01-01T00:00:07.501+01:00|W12|0.9|-0.81|0.07|-0.81|0.11"
88.00;3.89;0001-01-01T00:00:07.4080000+01:00;82.22;1.32;-34.57;29.9;-13.660;-9.786;26.455;-30.535;13.627;-16.909;95.847;-64.516;115.589;"0001-01-01T00:00:07.501+01:00|W1|1.7|0.07|0.38|0.07|1.66;0001-01-01T00:00:07.501+01:00|W2|0.3|-0.29|0.12|-0.29|0.09;0001-01-01T00:00:07.501+01:00|W3|1.1|0.26|0.07|0.26|1.06;0001-01-01T00:00:07.501+01:00|W4|2.2|0.83|0.04|0.83|2.00;0001-01-01T00:00:07.501+01:00|W5|1.0|0.06|0.12|0.06|0.99;0001-01-01T00:00:07.501+01:00|W6|1.8|0.03|0.07|0.03|1.77;0001-01-01T00:00:07.501+01:00|W7|2.1|0.36|0.01|0.36|2.00;0001-01-01T00:00:07.501+01:00|W8|1.2|0.32|0.21|0.32|1.13;0001-01-01T00:00:07.501+01:00|W9|1.5|-0.54|0.38|-0.54|1.23;0001-01-01T00:00:07.501+01:00|W10|0.8|-0.50|0.01|-0.50|0.62;0001-01-01T00:00:07.501+01:00|W11|0.9|0.41|0.07|0.41|0.73;0001-01-01T00:00:07.501+01:00|W12|0.9|-0.81|0.07|-0.81|0.11"
89.00;3.87;0001-01-01T00:00:07.4400000+01:00;83.05;1.34;-35.14;29.3;-13.918;-9.869;25.630;-31.611;12.993;-16.803;95.997;-65.383;116.199;"0001-01-01T00:00:07.501+01:00|W1|1.7|0.07|0.38|0.07|1.66;0001-01-01T00:00:07.501+01:00|W2|0.3|-0.29|0.12|-0.29|0.09;0001-01-01T00:00:07.501+01:00|W3|1.1|0.26|0.07|0.26|1.06;0001-01-01T00:00:07.501+01:00|W4|2.2|0.83|0.04|0.83|2.00;0001-01-01T00:00:07.501+01:00|W5|1.0|0.06|0.12|0.06|0.99;0001-01-01T00:00:07.501+01:00|W6|1.8|0.03|0.07|0.03|1.77;0001-01-01T00:00:07.501+01:00|W7|2.1|0.36|0.01|0.36|2.00;0001-01-01T00:00:07.501+01:00|W8|1.2|0.32|0.21|0.32|1.13;0001-01-01T00:00:07.501+01:00|W9|1.5|-0.54|0.38|-0.54|1.23;0001-01-01T00:00:07.501+01:00|W10|0.8|-0.50|0.01|-0.50|0.62;0001-01-01T00:00:07.501+01:00|W11|0.9|0.41|0.07|0.41|0.73;0001-01-01T00:00:07.501+01:00|W12|0.9|-0.81|0.07|-0.81|0.11"
90.00;3.86;0001-01-01T00:00:07.4710000+01:00;83.89;1.37;-35.71;28.5;-13.948;-9.953;23.888;-32.692;12.386;-16.696;96.097;-65.670;116.441;"0001-01-01T00:00:07.501+01:00|W1|1.7|0.07|0.38|0.07|1.66;0001-01-01T00:00:07.501+01:00|W2|0.3|-0.29|0.12|-0.29|0.09;0001-01-01T00:00:07.501+01:00|W3|1.1|0.26|0.07|0.26|1.06;0001-01-01T00:00:07.501+01:00|W4|2.2|0.83|0.04|0.83|2.00;0001-01-01T00:00:07.501+01:00|W5|1.0|0.06|0.12|0.06|0.99;0001-01-01T00:00:07.501+01:00|W6|1.8|0.03|0.07|0.03|1.77;0001-01-01T00:00:07.501+01:00|W7|2.1|0.36|0.01|0.36|2.00;0001-01-01T00:00:07.501+01:00|W8|1.2|0.32|0.21|0.32|1.13;0001-01-01T00:00:07.501+01:00|W9|1.5|-0.54|0.38|-0.54|1.23;0001-01-01T00:00:07.501+01:00|W10|0.8|-0.50|0.01|-0.50|0.62;0001-01-01T00:00:07.501+01:00|W11|0.9|0.41|0.07|0.41|0.73;0001-01-01T00:00:07.501+01:00|W12|0.9|-0.81|0.07|-0.81|0.11"
91.00;3.85;0001-01-01T00:00:07.5030000+01:00;84.73;1.40;-36.28;27.8;-13.875;-10.022;22.059;-33.582;11.827;-16.555;96.172;-65.861;116.610;"0001-01-01T00:00:07.501+01:00|W1|1.7|0.07|0.38|0.07|1.66;0001-01-01T00:00:07.501+01:00|W2|0.3|-0.29|0.12|-0.29|0.09;0001-01-01T00:00:07.501+01:00|W3|1.1|0.26|0.07|0.26|1.06;0001-01-01T00:00:07.501+01:00|W4|2.2|0.83|0.04|0.83|2.00;0001-01-01T00:00:07.501+01:00|W5|1.0|0.06|0.12|0.06|0.99;0001-01-01T00:00:07.501+01:00|W6|1.8|0.03|0.07|0.03|1.77;0001-01-01T00:00:07.501+01:00|W7|2.1|0.36|0.01|0.36|2.00;0001-01-01T00:00:07.501+01:00|W8|1.2|0.32|0.21|0.32|1.13;0001-01-01T00:00:07.501+01:00|W9|1.5|-0.54|0.38|-0.54|1.23;0001-01-01T00:00:07.501+01:00|W10|0.8|-0.50|0.01|-0.50|0.62;0001-01-01T00:00:07.501+01:00|W11|0.9|0.41|0.07|0.41|0.73;0001-01-01T00:00:07.501+01:00|W12|0.9|-0.81|0.07|-0.81|0.11"
92.00;3.84;0001-01-01T00:00:07.5340000+01:00;85.56;1.43;-36.86;27.1;-13.647;-10.031;21.031;-33.643;11.448;-16.264;96.204;-66.397;116.940;"0001-01-01T00:00:07.501+01:00|W1|1.7|0.07|0.38|0.07|1.66;0001-01-01T00:00:07.501+01:00|W2|0.3|-0.29|0.12|-0.29|0.09;0001-01-01T00:00:07.501+01:00|W3|1.1|0.26|0.07|0.26|1.06;0001-01-01T00:00:07.501+01:00|W4|2.2|0.83|0.04|0.83|2.00;0001-01-01T00:00:07.501+01:00|W5|1.0|0.06|0.12|0.06|0.99;0001-01-01T00:00:07.501+01:00|W6|1.8|0.03|0.07|0.03|1.77;0001-01-01T00:00:07.501+01:00|W7|2.1|0.36|0.01|0.36|2.00;0001-01-01T00:00:07.501+01:00|W8|1.2|0.32|0.21|0.32|1.13;0001-01-01T00:00:07.501+01:00|W9|1.5|-0.54|0.38|-0.54|1.23;0001-01-01T00:00:07.501+01:00|W10|0.8|-0.50|0.01|-0.50|0.62;0001-01-01T00:00:07.501+01:00|W11|0.9|0.41|0.07|0.41|0.73;0001-01-01T00:00:07.501+01:00|W12|0.9|-0.81|0.07|-0.81|0.11"
93.00;3.83;0001-01-01T00:00:07.5650000+01:00;86.40;1.46;-37.43;26.5;-13.482;-9.969;19.009;-34.354;11.132;-15.942;96.249;-66.822;117.217;"0001-01-01T00:00:07.501+01:00|W1|1.7|0.07|0.38|0.07|1.66;0001-01-01T00:00:07.501+01:00|W2|0.3|-0.29|0.12|-0.29|0.09;0001-01-01T00:00:07.501+01:00|W3|1.1|0.26|0.07|0.26|1.06;0001-01-01T00:00:07.501+01:00|W4|2.2|0.83|0.04|0.83|2.00;0001-01-01T00:00:07.501+01:00|W5|1.0|0.06|0.12|0.06|0.99;0001-01-01T00:00:07.501+01:00|W6|1.8|0.03|0.07|0.03|1.77;0001-01-01T00:00:07.501+01:00|W7|2.1|0.36|0.01|0.36|2.00;0001-01-01T00:00:07.501+01:00|W8|1.2|0.32|0.21|0.32|1.13;0001-01-01T00:00:07.501+01:00|W9|1.5|-0.54|0.38|-0.54|1.23;0001-01-01T00:00:07.501+01:00|W10|0.8|-0.50|0.01|-0.50|0.62;0001-01-01T00:00:07.501+01:00|W11|0.9|0.41|0.07|0.41|0.73;0001-01-01T00:00:07.501+01:00|W12|0.9|-0.81|0.07|-0.81|0.11"
94.00;3.82;0001-01-01T00:00:07.5960000+01:00;87.23;1.49;-38.01;25.9;-13.360;-9.856;16.273;-35.530;10.863;-15.597;96.303;-67.167;117.456;"0001-01-01T00:00:07.501+01:00|W1|1.7|0.07|0.38|0.07|1.66;0001-01-01T00:00:07.501+01:00|W2|0.3|-0.29|0.12|-0.29|0.09;0001-01-01T00:00:07.501+01:00|W3|1.1|0.26|0.07|0.26|1.06;0001-01-01T00:00:07.501+01:00|W4|2.2|0.83|0.04|0.83|2.00;0001-01-01T00:00:07.501+01:00|W5|1.0|0.06|0.12|0.06|0.99;0001-01-01T00:00:07.501+01:00|W6|1.8|0.03|0.07|0.03|1.77;0001-01-01T00:00:07.501+01:00|W7|2.1|0.36|0.01|0.36|2.00;0001-01-01T00:00:07.501+01:00|W8|1.2|0.32|0.21|0.32|1.13;0001-01-01T00:00:07.501+01:00|W9|1.5|-0.54|0.38|-0.54|1.23;0001-01-01T00:00:07.501+01:00|W10|0.8|-0.50|0.01|-0.50|0.62;0001-01-01T00:00:07.501+01:00|W11|0.9|0.41|0.07|0.41|0.73;0001-01-01T00:00:07.501+01:00|W12|0.9|-0.81|0.07|-0.81|0.11"
95.00;3.82;0001-01-01T00:00:07.6270000+01:00;88.06;1.52;-38.59;25.6;-12.993;-9.652;14.926;-36.058;10.719;-15.395;96.346;-67.368;117.612;"0001-01-01T00:00:07.745+01:00|W1|1.8|0.07|0.42|0.07|1.72;0001-01-01T00:00:07.745+01:00|W2|0.3|-0.29|0.12|-0.29|0.09;0001-01-01T00:00:07.745+01:00|W3|1.1|0.25|0.06|0.25|1.06;0001-01-01T00:00:07.745+01:00|W4|2.2|0.80|0.05|0.80|2.06;0001-01-01T00:00:07.745+01:00|W5|1.2|0.06|0.06|0.06|1.16;0001-01-01T00:00:07.745+01:00|W6|1.8|0.03|0.07|0.03|1.77;0001-01-01T00:00:07.745+01:00|W7|2.1|0.36|0.01|0.36|2.00;0001-01-01T00:00:07.745+01:00|W8|1.2|0.30|0.19|0.30|1.14;0001-01-01T00:00:07.745+01:00|W9|1.5|-0.59|0.39|-0.59|1.25;0001-01-01T00:00:07.745+01:00|W10|0.8|-0.47|0.02|-0.47|0.63;0001-01-01T00:00:07.745+01:00|W11|0.9|0.41|0.07|0.41|0.73;0001-01-01T00:00:07.745+01:00|W12|0.9|-0.81|0.07|-0.81|0.11"
96.00;3.81;0001-01-01T00:00:07.6580000+01:00;88.89;1.55;-39.17;25.4;-12.644;-9.448;13.851;-36.329;10.677;-15.246;96.360;-67.632;117.780;"0001-01-01T00:00:07.745+01:00|W1|1.8|0.07|0.42|0.07|1.72;0001-01-01T00:00:07.745+01:00|W2|0.3|-0.29|0.12|-0.29|0.09;0001-01-01T00:00:07.745+01:00|W3|1.1|0.25|0.06|0.25|1.06;0001-01-01T00:00:07.745+01:00|W4|2.2|0.80|0.05|0.80|2.06;0001-01-01T00:00:07.745+01:00|W5|1.2|0.06|0.06|0.06|1.16;0001-01-01T00:00:07.745+01:00|W6|1.8|0.03|0.07|0.03|1.77;0001-01-01T00:00:07.745+01:00|W7|2.1|0.36|0.01|0.36|2.00;0001-01-01T00:00:07.745+01:00|W8|1.2|0.30|0.19|0.30|1.14;0001-01-01T00:00:07.745+01:00|W9|1.5|-0.59|0.39|-0.59|1.25;0001-01-01T00:00:07.745+01:00|W10|0.8|-0.47|0.02|-0.47|0.63;0001-01-01T00:00:07.745+01:00|W11|0.9|0.41|0.07|0.41|0.73;0001-01-01T00:00:07.745+01:00|W12|0.9|-0.81|0.07|-0.81|0.11"
97.00;3.81;0001-01-01T00:00:07.6890000+01:00;89.72;1.58;-39.76;25.5;-12.338;-9.249;13.193;-36.185;10.803;-15.183;96.325;-68.008;117.968;"0001-01-01T00:00:07.745+01:00|W1|1.8|0.07|0.42|0.07|1.72;0001-01-01T00:00:07.745+01:00|W2|0.3|-0.29|0.12|-0.29|0.09;0001-01-01T00:00:07.745+01:00|W3|1.1|0.25|0.06|0.25|1.06;0001-01-01T00:00:07.745+01:00|W4|2.2|0.80|0.05|0.80|2.06;0001-01-01T00:00:07.745+01:00|W5|1.2|0.06|0.06|0.06|1.16;0001-01-01T00:00:07.745+01:00|W6|1.8|0.03|0.07|0.03|1.77;0001-01-01T00:00:07.745+01:00|W7|2.1|0.36|0.01|0.36|2.00;0001-01-01T00:00:07.745+01:00|W8|1.2|0.30|0.19|0.30|1.14;0001-01-01T00:00:07.745+01:00|W9|1.5|-0.59|0.39|-0.59|1.25;0001-01-01T00:00:07.745+01:00|W10|0.8|-0.47|0.02|-0.47|0.63;0001-01-01T00:00:07.745+01:00|W11|0.9|0.41|0.07|0.41|0.73;0001-01-01T00:00:07.745+01:00|W12|0.9|-0.81|0.07|-0.81|0.11"
98.00;3.80;0001-01-01T00:00:07.7200000+01:00;90.54;1.61;-40.34;25.9;-12.059;-9.252;12.457;-36.627;11.113;-15.251;96.357;-68.289;118.157;"0001-01-01T00:00:07.745+01:00|W1|1.8|0.07|0.42|0.07|1.72;0001-01-01T00:00:07.745+01:00|W2|0.3|-0.29|0.12|-0.29|0.09;0001-01-01T00:00:07.745+01:00|W3|1.1|0.25|0.06|0.25|1.06;0001-01-01T00:00:07.745+01:00|W4|2.2|0.80|0.05|0.80|2.06;0001-01-01T00:00:07.745+01:00|W5|1.2|0.06|0.06|0.06|1.16;0001-01-01T00:00:07.745+01:00|W6|1.8|0.03|0.07|0.03|1.77;0001-01-01T00:00:07.745+01:00|W7|2.1|0.36|0.01|0.36|2.00;0001-01-01T00:00:07.745+01:00|W8|1.2|0.30|0.19|0.30|1.14;0001-01-01T00:00:07.745+01:00|W9|1.5|-0.59|0.39|-0.59|1.25;0001-01-01T00:00:07.745+01:00|W10|0.8|-0.47|0.02|-0.47|0.63;0001-01-01T00:00:07.745+01:00|W11|0.9|0.41|0.07|0.41|0.73;0001-01-01T00:00:07.745+01:00|W12|0.9|-0.81|0.07|-0.81|0.11"
99.00;3.79;0001-01-01T00:00:07.7510000+01:00;91.36;1.64;-40.92;26.4;-11.786;-9.347;11.705;-37.291;11.498;-15.373;96.404;-68.544;118.343;"0001-01-01T00:00:07.745+01:00|W1|1.8|0.07|0.42|0.07|1.72;0001-01-01T00:00:07.745+01:00|W2|0.3|-0.29|0.12|-0.29|0.09;0001-01-01T00:00:07.745+01:00|W3|1.1|0.25|0.06|0.25|1.06;0001-01-01T00:00:07.745+01:00|W4|2.2|0.80|0.05|0.80|2.06;0001-01-01T00:00:07.745+01:00|W5|1.2|0.06|0.06|0.06|1.16;0001-01-01T00:00:07.745+01:00|W6|1.8|0.03|0.07|0.03|1.77;0001-01-01T00:00:07.745+01:00|W7|2.1|0.36|0.01|0.36|2.00;0001-01-01T00:00:07.745+01:00|W8|1.2|0.30|0.19|0.30|1.14;0001-01-01T00:00:07.745+01:00|W9|1.5|-0.59|0.39|-0.59|1.25;0001-01-01T00:00:07.745+01:00|W10|0.8|-0.47|0.02|-0.47|0.63;0001-01-01T00:00:07.745+01:00|W11|0.9|0.41|0.07|0.41|0.73;0001-01-01T00:00:07.745+01:00|W12|0.9|-0.81|0.07|-0.81|0.11"
100.00;3.79;0001-01-01T00:00:07.7810000+01:00;92.17;1.67;-41.50;27.1;-11.501;-9.635;11.040;-38.154;11.980;-15.579;96.402;-68.826;118.508;"0001-01-01T00:00:07.745+01:00|W1|1.8|0.07|0.42|0.07|1.72;0001-01-01T00:00:07.745+01:00|W2|0.3|-0.29|0.12|-0.29|0.09;0001-01-01T00:00:07.745+01:00|W3|1.1|0.25|0.06|0.25|1.06;0001-01-01T00:00:07.745+01:00|W4|2.2|0.80|0.05|0.80|2.06;0001-01-01T00:00:07.745+01:00|W5|1.2|0.06|0.06|0.06|1.16;0001-01-01T00:00:07.745+01:00|W6|1.8|0.03|0.07|0.03|1.77;0001-01-01T00:00:07.745+01:00|W7|2.1|0.36|0.01|0.36|2.00;0001-01-01T00:00:07.745+01:00|W8|1.2|0.30|0.19|0.30|1.14;0001-01-01T00:00:07.745+01:00|W9|1.5|-0.59|0.39|-0.59|1.25;0001-01-01T00:00:07.745+01:00|W10|0.8|-0.47|0.02|-0.47|0.63;0001-01-01T00:00:07.745+01:00|W11|0.9|0.41|0.07|0.41|0.73;0001-01-01T00:00:07.745+01:00|W12|0.9|-0.81|0.07|-0.81|0.11"
101.00;3.78;0001-01-01T00:00:07.8120000+01:00;92.99;1.70;-42.08;27.7;-11.197;-9.908;10.687;-38.932;12.481;-15.748;96.400;-69.098;118.668;"0001-01-01T00:00:07.745+01:00|W1|1.8|0.07|0.42|0.07|1.72;0001-01-01T00:00:07.745+01:00|W2|0.3|-0.29|0.12|-0.29|0.09;0001-01-01T00:00:07.745+01:00|W3|1.1|0.25|0.06|0.25|1.06;0001-01-01T00:00:07.745+01:00|W4|2.2|0.80|0.05|0.80|2.06;0001-01-01T00:00:07.745+01:00|W5|1.2|0.06|0.06|0.06|1.16;0001-01-01T00:00:07.745+01:00|W6|1.8|0.03|0.07|0.03|1.77;0001-01-01T00:00:07.745+01:00|W7|2.1|0.36|0.01|0.36|2.00;0001-01-01T00:00:07.745+01:00|W8|1.2|0.30|0.19|0.30|1.14;0001-01-01T00:00:07.745+01:00|W9|1.5|-0.59|0.39|-0.59|1.25;0001-01-01T00:00:07.745+01:00|W10|0.8|-0.47|0.02|-0.47|0.63;0001-01-01T00:00:07.745+01:00|W11|0.9|0.41|0.07|0.41|0.73;0001-01-01T00:00:07.745+01:00|W12|0.9|-0.81|0.07|-0.81|0.11"
102.00;3.76;0001-01-01T00:00:07.8420000+01:00;93.80;1.73;-42.67;28.4;-10.872;-10.165;10.676;-39.619;13.004;-15.876;96.398;-69.358;118.820;"0001-01-01T00:00:07.745+01:00|W1|1.8|0.07|0.42|0.07|1.72;0001-01-01T00:00:07.745+01:00|W2|0.3|-0.29|0.12|-0.29|0.09;0001-01-01T00:00:07.745+01:00|W3|1.1|0.25|0.06|0.25|1.06;0001-01-01T00:00:07.745+01:00|W4|2.2|0.80|0.05|0.80|2.06;0001-01-01T00:00:07.745+01:00|W5|1.2|0.06|0.06|0.06|1.16;0001-01-01T00:00:07.745+01:00|W6|1.8|0.03|0.07|0.03|1.77;0001-01-01T00:00:07.745+01:00|W7|2.1|0.36|0.01|0.36|2.00;0001-01-01T00:00:07.745+01:00|W8|1.2|0.30|0.19|0.30|1.14;0001-01-01T00:00:07.745+01:00|W9|1.5|-0.59|0.39|-0.59|1.25;0001-01-01T00:00:07.745+01:00|W10|0.8|-0.47|0.02|-0.47|0.63;0001-01-01T00:00:07.745+01:00|W11|0.9|0.41|0.07|0.41|0.73;0001-01-01T00:00:07.745+01:00|W12|0.9|-0.81|0.07|-0.81|0.11"
103.00;3.75;0001-01-01T00:00:07.8720000+01:00;94.61;1.76;-43.26;28.9;-10.600;-10.358;10.599;-40.139;13.478;-15.937;96.478;-69.707;119.094;"0001-01-01T00:00:07.996+01:00|W1|1.8|0.12|0.43|0.12|1.75;0001-01-01T00:00:07.996+01:00|W2|0.3|-0.26|0.07|-0.26|0.13;0001-01-01T00:00:07.996+01:00|W3|1.1|0.25|0.06|0.25|1.06;0001-01-01T00:00:07.996+01:00|W4|2.2|0.74|0.01|0.74|2.06;0001-01-01T00:00:07.996+01:00|W5|1.3|0.11|0.21|0.11|1.31;0001-01-01T00:00:07.996+01:00|W6|1.7|-0.06|0.10|-0.06|1.71;0001-01-01T00:00:07.996+01:00|W7|2.0|0.34|0.14|0.34|1.85;0001-01-01T00:00:07.996+01:00|W8|1.2|0.29|0.14|0.29|1.19;0001-01-01T00:00:07.996+01:00|W9|1.5|-0.60|0.35|-0.60|1.22;0001-01-01T00:00:07.996+01:00|W10|0.8|-0.47|0.05|-0.47|0.62;0001-01-01T00:00:07.996+01:00|W11|0.9|0.45|0.10|0.45|0.77;0001-01-01T00:00:07.996+01:00|W12|0.9|-0.73|0.11|-0.73|0.20"
104.00;3.74;0001-01-01T00:00:07.9020000+01:00;95.43;1.80;-43.84;29.4;-10.328;-10.486;10.708;-40.462;13.931;-15.946;96.577;-70.040;119.373;"0001-01-01T00:00:07.996+01:00|W1|1.8|0.12|0.43|0.12|1.75;0001-01-01T00:00:07.996+01:00|W2|0.3|-0.26|0.07|-0.26|0.13;0001-01-01T00:00:07.996+01:00|W3|1.1|0.25|0.06|0.25|1.06;0001-01-01T00:00:07.996+01:00|W4|2.2|0.74|0.01|0.74|2.06;0001-01-01T00:00:07.996+01:00|W5|1.3|0.11|0.21|0.11|1.31;0001-01-01T00:00:07.996+01:00|W6|1.7|-0.06|0.10|-0.06|1.71;0001-01-01T00:00:07.996+01:00|W7|2.0|0.34|0.14|0.34|1.85;0001-01-01T00:00:07.996+01:00|W8|1.2|0.29|0.14|0.29|1.19;0001-01-01T00:00:07.996+01:00|W9|1.5|-0.60|0.35|-0.60|1.22;0001-01-01T00:00:07.996+01:00|W10|0.8|-0.47|0.05|-0.47|0.62;0001-01-01T00:00:07.996+01:00|W11|0.9|0.45|0.10|0.45|0.77;0001-01-01T00:00:07.996+01:00|W12|0.9|-0.73|0.11|-0.73|0.20"
105.00;3.72;0001-01-01T00:00:07.9330000+01:00;96.24;1.84;-44.43;29.6;-10.005;-10.376;11.727;-40.048;14.336;-15.787;96.684;-70.211;119.567;"0001-01-01T00:00:07.996+01:00|W1|1.8|0.12|0.43|0.12|1.75;0001-01-01T00:00:07.996+01:00|W2|0.3|-0.26|0.07|-0.26|0.13;0001-01-01T00:00:07.996+01:00|W3|1.1|0.25|0.06|0.25|1.06;0001-01-01T00:00:07.996+01:00|W4|2.2|0.74|0.01|0.74|2.06;0001-01-01T00:00:07.996+01:00|W5|1.3|0.11|0.21|0.11|1.31;0001-01-01T00:00:07.996+01:00|W6|1.7|-0.06|0.10|-0.06|1.71;0001-01-01T00:00:07.996+01:00|W7|2.0|0.34|0.14|0.34|1.85;0001-01-01T00:00:07.996+01:00|W8|1.2|0.29|0.14|0.29|1.19;0001-01-01T00:00:07.996+01:00|W9|1.5|-0.60|0.35|-0.60|1.22;0001-01-01T00:00:07.996+01:00|W10|0.8|-0.47|0.05|-0.47|0.62;0001-01-01T00:00:07.996+01:00|W11|0.9|0.45|0.10|0.45|0.77;0001-01-01T00:00:07.996+01:00|W12|0.9|-0.73|0.11|-0.73|0.20"
106.00;3.71;0001-01-01T00:00:07.9630000+01:00;97.05;1.87;-45.02;29.8;-9.681;-10.108;13.050;-39.765;14.696;-15.565;96.785;-70.451;119.795;"0001-01-01T00:00:07.996+01:00|W1|1.8|0.12|0.43|0.12|1.75;0001-01-01T00:00:07.996+01:00|W2|0.3|-0.26|0.07|-0.26|0.13;0001-01-01T00:00:07.996+01:00|W3|1.1|0.25|0.06|0.25|1.06;0001-01-01T00:00:07.996+01:00|W4|2.2|0.74|0.01|0.74|2.06;0001-01-01T00:00:07.996+01:00|W5|1.3|0.11|0.21|0.11|1.31;0001-01-01T00:00:07.996+01:00|W6|1.7|-0.06|0.10|-0.06|1.71;0001-01-01T00:00:07.996+01:00|W7|2.0|0.34|0.14|0.34|1.85;0001-01-01T00:00:07.996+01:00|W8|1.2|0.29|0.14|0.29|1.19;0001-01-01T00:00:07.996+01:00|W9|1.5|-0.60|0.35|-0.60|1.22;0001-01-01T00:00:07.996+01:00|W10|0.8|-0.47|0.05|-0.47|0.62;0001-01-01T00:00:07.996+01:00|W11|0.9|0.45|0.10|0.45|0.77;0001-01-01T00:00:07.996+01:00|W12|0.9|-0.73|0.11|-0.73|0.20"
107.00;3.69;0001-01-01T00:00:07.9930000+01:00;97.86;1.91;-45.61;29.9;-9.356;-9.701;14.643;-39.601;15.015;-15.287;96.881;-70.752;120.052;"0001-01-01T00:00:07.996+01:00|W1|1.8|0.12|0.43|0.12|1.75;0001-01-01T00:00:07.996+01:00|W2|0.3|-0.26|0.07|-0.26|0.13;0001-01-01T00:00:07.996+01:00|W3|1.1|0.25|0.06|0.25|1.06;0001-01-01T00:00:07.996+01:00|W4|2.2|0.74|0.01|0.74|2.06;0001-01-01T00:00:07.996+01:00|W5|1.3|0.11|0.21|0.11|1.31;0001-01-01T00:00:07.996+01:00|W6|1.7|-0.06|0.10|-0.06|1.71;0001-01-01T00:00:07.996+01:00|W7|2.0|0.34|0.14|0.34|1.85;0001-01-01T00:00:07.996+01:00|W8|1.2|0.29|0.14|0.29|1.19;0001-01-01T00:00:07.996+01:00|W9|1.5|-0.60|0.35|-0.60|1.22;0001-01-01T00:00:07.996+01:00|W10|0.8|-0.47|0.05|-0.47|0.62;0001-01-01T00:00:07.996+01:00|W11|0.9|0.45|0.10|0.45|0.77;0001-01-01T00:00:07.996+01:00|W12|0.9|-0.73|0.11|-0.73|0.20"
108.00;3.67;0001-01-01T00:00:08.0230000+01:00;98.66;1.95;-46.21;29.7;-9.062;-9.141;15.602;-38.283;15.203;-14.920;96.920;-70.949;120.203;"0001-01-01T00:00:07.996+01:00|W1|1.8|0.12|0.43|0.12|1.75;0001-01-01T00:00:07.996+01:00|W2|0.3|-0.26|0.07|-0.26|0.13;0001-01-01T00:00:07.996+01:00|W3|1.1|0.25|0.06|0.25|1.06;0001-01-01T00:00:07.996+01:00|W4|2.2|0.74|0.01|0.74|2.06;0001-01-01T00:00:07.996+01:00|W5|1.3|0.11|0.21|0.11|1.31;0001-01-01T00:00:07.996+01:00|W6|1.7|-0.06|0.10|-0.06|1.71;0001-01-01T00:00:07.996+01:00|W7|2.0|0.34|0.14|0.34|1.85;0001-01-01T00:00:07.996+01:00|W8|1.2|0.29|0.14|0.29|1.19;0001-01-01T00:00:07.996+01:00|W9|1.5|-0.60|0.35|-0.60|1.22;0001-01-01T00:00:07.996+01:00|W10|0.8|-0.47|0.05|-0.47|0.62;0001-01-01T00:00:07.996+01:00|W11|0.9|0.45|0.10|0.45|0.77;0001-01-01T00:00:07.996+01:00|W12|0.9|-0.73|0.11|-0.73|0.20"
109.00;3.66;0001-01-01T00:00:08.0530000+01:00;99.48;1.99;-46.79;29.6;-8.758;-8.690;16.631;-36.865;15.351;-14.584;96.948;-71.081;120.306;"0001-01-01T00:00:07.996+01:00|W1|1.8|0.12|0.43|0.12|1.75;0001-01-01T00:00:07.996+01:00|W2|0.3|-0.26|0.07|-0.26|0.13;0001-01-01T00:00:07.996+01:00|W3|1.1|0.25|0.06|0.25|1.06;0001-01-01T00:00:07.996+01:00|W4|2.2|0.74|0.01|0.74|2.06;0001-01-01T00:00:07.996+01:00|W5|1.3|0.11|0.21|0.11|1.31;0001-01-01T00:00:07.996+01:00|W6|1.7|-0.06|0.10|-0.06|1.71;0001-01-01T00:00:07.996+01:00|W7|2.0|0.34|0.14|0.34|1.85;0001-01-01T00:00:07.996+01:00|W8|1.2|0.29|0.14|0.29|1.19;0001-01-01T00:00:07.996+01:00|W9|1.5|-0.60|0.35|-0.60|1.22;0001-01-01T00:00:07.996+01:00|W10|0.8|-0.47|0.05|-0.47|0.62;0001-01-01T00:00:07.996+01:00|W11|0.9|0.45|0.10|0.45|0.77;0001-01-01T00:00:07.996+01:00|W12|0.9|-0.73|0.11|-0.73|0.20"
110.00;3.68;0001-01-01T00:00:08.0840000+01:00;100.30;2.03;-47.36;29.7;-8.396;-8.758;18.319;-35.741;15.425;-14.421;96.961;-71.022;120.287;"0001-01-01T00:00:07.996+01:00|W1|1.8|0.12|0.43|0.12|1.75;0001-01-01T00:00:07.996+01:00|W2|0.3|-0.26|0.07|-0.26|0.13;0001-01-01T00:00:07.996+01:00|W3|1.1|0.25|0.06|0.25|1.06;0001-01-01T00:00:07.996+01:00|W4|2.2|0.74|0.01|0.74|2.06;0001-01-01T00:00:07.996+01:00|W5|1.3|0.11|0.21|0.11|1.31;0001-01-01T00:00:07.996+01:00|W6|1.7|-0.06|0.10|-0.06|1.71;0001-01-01T00:00:07.996+01:00|W7|2.0|0.34|0.14|0.34|1.85;0001-01-01T00:00:07.996+01:00|W8|1.2|0.29|0.14|0.29|1.19;0001-01-01T00:00:07.996+01:00|W9|1.5|-0.60|0.35|-0.60|1.22;0001-01-01T00:00:07.996+01:00|W10|0.8|-0.47|0.05|-0.47|0.62;0001-01-01T00:00:07.996+01:00|W11|0.9|0.45|0.10|0.45|0.77;0001-01-01T00:00:07.996+01:00|W12|0.9|-0.73|0.11|-0.73|0.20"
111.00;3.69;0001-01-01T00:00:08.1140000+01:00;101.12;2.07;-47.94;29.7;-8.067;-8.826;20.114;-34.627;15.431;-14.259;97.060;-71.062;120.396;"0001-01-01T00:00:07.996+01:00|W1|1.8|0.12|0.43|0.12|1.75;0001-01-01T00:00:07.996+01:00|W2|0.3|-0.26|0.07|-0.26|0.13;0001-01-01T00:00:07.996+01:00|W3|1.1|0.25|0.06|0.25|1.06;0001-01-01T00:00:07.996+01:00|W4|2.2|0.74|0.01|0.74|2.06;0001-01-01T00:00:07.996+01:00|W5|1.3|0.11|0.21|0.11|1.31;0001-01-01T00:00:07.996+01:00|W6|1.7|-0.06|0.10|-0.06|1.71;0001-01-01T00:00:07.996+01:00|W7|2.0|0.34|0.14|0.34|1.85;0001-01-01T00:00:07.996+01:00|W8|1.2|0.29|0.14|0.29|1.19;0001-01-01T00:00:07.996+01:00|W9|1.5|-0.60|0.35|-0.60|1.22;0001-01-01T00:00:07.996+01:00|W10|0.8|-0.47|0.05|-0.47|0.62;0001-01-01T00:00:07.996+01:00|W11|0.9|0.45|0.10|0.45|0.77;0001-01-01T00:00:07.996+01:00|W12|0.9|-0.73|0.11|-0.73|0.20"
112.00;3.68;0001-01-01T00:00:08.1440000+01:00;101.93;2.11;-48.53;29.7;-7.765;-8.893;21.991;-33.520;15.387;-14.098;97.225;-71.177;120.602;"0001-01-01T00:00:08.246+01:00|W1|1.8|0.17|0.38|0.17|1.71;0001-01-01T00:00:08.246+01:00|W2|0.4|-0.26|0.04|-0.26|0.15;0001-01-01T00:00:08.246+01:00|W3|1.1|0.25|0.04|0.25|1.04;0001-01-01T00:00:08.246+01:00|W4|2.1|0.67|0.07|0.67|2.01;0001-01-01T00:00:08.246+01:00|W5|1.5|0.12|0.35|0.12|1.45;0001-01-01T00:00:08.246+01:00|W6|1.7|-0.12|0.10|-0.12|1.70;0001-01-01T00:00:08.246+01:00|W7|1.9|0.38|0.19|0.38|1.79;0001-01-01T00:00:08.246+01:00|W8|1.2|0.26|0.10|0.26|1.22;0001-01-01T00:00:08.246+01:00|W9|1.5|-0.56|0.29|-0.56|1.19;0001-01-01T00:00:08.246+01:00|W10|0.8|-0.53|0.05|-0.53|0.58;0001-01-01T00:00:08.246+01:00|W11|0.9|0.47|0.09|0.47|0.77;0001-01-01T00:00:08.246+01:00|W12|0.9|-0.73|0.13|-0.73|0.20"
113.00;3.68;0001-01-01T00:00:08.1740000+01:00;102.75;2.15;-49.11;29.6;-7.422;-8.961;24.872;-32.408;15.274;-13.937;97.292;-71.194;120.670;"0001-01-01T00:00:08.246+01:00|W1|1.8|0.17|0.38|0.17|1.71;0001-01-01T00:00:08.246+01:00|W2|0.4|-0.26|0.04|-0.26|0.15;0001-01-01T00:00:08.246+01:00|W3|1.1|0.25|0.04|0.25|1.04;0001-01-01T00:00:08.246+01:00|W4|2.1|0.67|0.07|0.67|2.01;0001-01-01T00:00:08.246+01:00|W5|1.5|0.12|0.35|0.12|1.45;0001-01-01T00:00:08.246+01:00|W6|1.7|-0.12|0.10|-0.12|1.70;0001-01-01T00:00:08.246+01:00|W7|1.9|0.38|0.19|0.38|1.79;0001-01-01T00:00:08.246+01:00|W8|1.2|0.26|0.10|0.26|1.22;0001-01-01T00:00:08.246+01:00|W9|1.5|-0.56|0.29|-0.56|1.19;0001-01-01T00:00:08.246+01:00|W10|0.8|-0.53|0.05|-0.53|0.58;0001-01-01T00:00:08.246+01:00|W11|0.9|0.47|0.09|0.47|0.77;0001-01-01T00:00:08.246+01:00|W12|0.9|-0.73|0.13|-0.73|0.20"
114.00;3.67;0001-01-01T00:00:08.2050000+01:00;103.56;2.20;-49.70;29.5;-7.130;-9.028;27.634;-31.297;15.145;-13.775;97.370;-71.273;120.782;"0001-01-01T00:00:08.246+01:00|W1|1.8|0.17|0.38|0.17|1.71;0001-01-01T00:00:08.246+01:00|W2|0.4|-0.26|0.04|-0.26|0.15;0001-01-01T00:00:08.246+01:00|W3|1.1|0.25|0.04|0.25|1.04;0001-01-01T00:00:08.246+01:00|W4|2.1|0.67|0.07|0.67|2.01;0001-01-01T00:00:08.246+01:00|W5|1.5|0.12|0.35|0.12|1.45;0001-01-01T00:00:08.246+01:00|W6|1.7|-0.12|0.10|-0.12|1.70;0001-01-01T00:00:08.246+01:00|W7|1.9|0.38|0.19|0.38|1.79;0001-01-01T00:00:08.246+01:00|W8|1.2|0.26|0.10|0.26|1.22;0001-01-01T00:00:08.246+01:00|W9|1.5|-0.56|0.29|-0.56|1.19;0001-01-01T00:00:08.246+01:00|W10|0.8|-0.53|0.05|-0.53|0.58;0001-01-01T00:00:08.246+01:00|W11|0.9|0.47|0.09|0.47|0.77;0001-01-01T00:00:08.246+01:00|W12|0.9|-0.73|0.13|-0.73|0.20"
115.00;3.68;0001-01-01T00:00:08.2350000+01:00;104.37;2.24;-50.29;29.3;-7.001;-9.095;29.755;-30.191;14.990;-13.614;97.513;-71.561;121.061;"0001-01-01T00:00:08.246+01:00|W1|1.8|0.17|0.38|0.17|1.71;0001-01-01T00:00:08.246+01:00|W2|0.4|-0.26|0.04|-0.26|0.15;0001-01-01T00:00:08.246+01:00|W3|1.1|0.25|0.04|0.25|1.04;0001-01-01T00:00:08.246+01:00|W4|2.1|0.67|0.07|0.67|2.01;0001-01-01T00:00:08.246+01:00|W5|1.5|0.12|0.35|0.12|1.45;0001-01-01T00:00:08.246+01:00|W6|1.7|-0.12|0.10|-0.12|1.70;0001-01-01T00:00:08.246+01:00|W7|1.9|0.38|0.19|0.38|1.79;0001-01-01T00:00:08.246+01:00|W8|1.2|0.26|0.10|0.26|1.22;0001-01-01T00:00:08.246+01:00|W9|1.5|-0.56|0.29|-0.56|1.19;0001-01-01T00:00:08.246+01:00|W10|0.8|-0.53|0.05|-0.53|0.58;0001-01-01T00:00:08.246+01:00|W11|0.9|0.47|0.09|0.47|0.77;0001-01-01T00:00:08.246+01:00|W12|0.9|-0.73|0.13|-0.73|0.20"
116.00;3.63;0001-01-01T00:00:08.2640000+01:00;105.16;2.28;-50.90;28.7;-6.889;-9.160;31.832;-29.118;14.803;-13.459;97.525;-72.047;121.355;"0001-01-01T00:00:08.246+01:00|W1|1.8|0.17|0.38|0.17|1.71;0001-01-01T00:00:08.246+01:00|W2|0.4|-0.26|0.04|-0.26|0.15;0001-01-01T00:00:08.246+01:00|W3|1.1|0.25|0.04|0.25|1.04;0001-01-01T00:00:08.246+01:00|W4|2.1|0.67|0.07|0.67|2.01;0001-01-01T00:00:08.246+01:00|W5|1.5|0.12|0.35|0.12|1.45;0001-01-01T00:00:08.246+01:00|W6|1.7|-0.12|0.10|-0.12|1.70;0001-01-01T00:00:08.246+01:00|W7|1.9|0.38|0.19|0.38|1.79;0001-01-01T00:00:08.246+01:00|W8|1.2|0.26|0.10|0.26|1.22;0001-01-01T00:00:08.246+01:00|W9|1.5|-0.56|0.29|-0.56|1.19;0001-01-01T00:00:08.246+01:00|W10|0.8|-0.53|0.05|-0.53|0.58;0001-01-01T00:00:08.246+01:00|W11|0.9|0.47|0.09|0.47|0.77;0001-01-01T00:00:08.246+01:00|W12|0.9|-0.73|0.13|-0.73|0.20"
117.00;3.54;0001-01-01T00:00:08.2930000+01:00;105.94;2.32;-51.55;27.7;-6.788;-9.224;33.881;-28.067;14.595;-13.306;97.447;-72.667;121.661;"0001-01-01T00:00:08.246+01:00|W1|1.8|0.17|0.38|0.17|1.71;0001-01-01T00:00:08.246+01:00|W2|0.4|-0.26|0.04|-0.26|0.15;0001-01-01T00:00:08.246+01:00|W3|1.1|0.25|0.04|0.25|1.04;0001-01-01T00:00:08.246+01:00|W4|2.1|0.67|0.07|0.67|2.01;0001-01-01T00:00:08.246+01:00|W5|1.5|0.12|0.35|0.12|1.45;0001-01-01T00:00:08.246+01:00|W6|1.7|-0.12|0.10|-0.12|1.70;0001-01-01T00:00:08.246+01:00|W7|1.9|0.38|0.19|0.38|1.79;0001-01-01T00:00:08.246+01:00|W8|1.2|0.26|0.10|0.26|1.22;0001-01-01T00:00:08.246+01:00|W9|1.5|-0.56|0.29|-0.56|1.19;0001-01-01T00:00:08.246+01:00|W10|0.8|-0.53|0.05|-0.53|0.58;0001-01-01T00:00:08.246+01:00|W11|0.9|0.47|0.09|0.47|0.77;0001-01-01T00:00:08.246+01:00|W12|0.9|-0.73|0.13|-0.73|0.20"
118.00;3.52;0001-01-01T00:00:08.3220000+01:00;106.74;2.36;-52.15;27.5;-7.062;-9.512;34.464;-27.297;14.480;-13.065;97.500;-73.223;122.030;"0001-01-01T00:00:08.246+01:00|W1|1.8|0.17|0.38|0.17|1.71;0001-01-01T00:00:08.246+01:00|W2|0.4|-0.26|0.04|-0.26|0.15;0001-01-01T00:00:08.246+01:00|W3|1.1|0.25|0.04|0.25|1.04;0001-01-01T00:00:08.246+01:00|W4|2.1|0.67|0.07|0.67|2.01;0001-01-01T00:00:08.246+01:00|W5|1.5|0.12|0.35|0.12|1.45;0001-01-01T00:00:08.246+01:00|W6|1.7|-0.12|0.10|-0.12|1.70;0001-01-01T00:00:08.246+01:00|W7|1.9|0.38|0.19|0.38|1.79;0001-01-01T00:00:08.246+01:00|W8|1.2|0.26|0.10|0.26|1.22;0001-01-01T00:00:08.246+01:00|W9|1.5|-0.56|0.29|-0.56|1.19;0001-01-01T00:00:08.246+01:00|W10|0.8|-0.53|0.05|-0.53|0.58;0001-01-01T00:00:08.246+01:00|W11|0.9|0.47|0.09|0.47|0.77;0001-01-01T00:00:08.246+01:00|W12|0.9|-0.73|0.13|-0.73|0.20"
119.00;3.50;0001-01-01T00:00:08.3520000+01:00;107.54;2.40;-52.75;27.4;-7.450;-9.840;34.809;-26.580;14.404;-12.808;97.570;-73.760;122.402;"0001-01-01T00:00:08.246+01:00|W1|1.8|0.17|0.38|0.17|1.71;0001-01-01T00:00:08.246+01:00|W2|0.4|-0.26|0.04|-0.26|0.15;0001-01-01T00:00:08.246+01:00|W3|1.1|0.25|0.04|0.25|1.04;0001-01-01T00:00:08.246+01:00|W4|2.1|0.67|0.07|0.67|2.01;0001-01-01T00:00:08.246+01:00|W5|1.5|0.12|0.35|0.12|1.45;0001-01-01T00:00:08.246+01:00|W6|1.7|-0.12|0.10|-0.12|1.70;0001-01-01T00:00:08.246+01:00|W7|1.9|0.38|0.19|0.38|1.79;0001-01-01T00:00:08.246+01:00|W8|1.2|0.26|0.10|0.26|1.22;0001-01-01T00:00:08.246+01:00|W9|1.5|-0.56|0.29|-0.56|1.19;0001-01-01T00:00:08.246+01:00|W10|0.8|-0.53|0.05|-0.53|0.58;0001-01-01T00:00:08.246+01:00|W11|0.9|0.47|0.09|0.47|0.77;0001-01-01T00:00:08.246+01:00|W12|0.9|-0.73|0.13|-0.73|0.20"
120.00;3.49;0001-01-01T00:00:08.3820000+01:00;108.35;2.44;-53.34;27.4;-8.048;-10.167;35.296;-25.865;14.435;-12.552;97.605;-74.259;122.729;"0001-01-01T00:00:08.504+01:00|W1|1.8|0.17|0.38|0.17|1.71;0001-01-01T00:00:08.504+01:00|W2|0.4|-0.26|0.04|-0.26|0.15;0001-01-01T00:00:08.504+01:00|W3|1.1|0.29|0.02|0.29|1.01;0001-01-01T00:00:08.504+01:00|W4|2.1|0.47|0.11|0.47|2.01;0001-01-01T00:00:08.504+01:00|W5|1.7|0.21|0.55|0.21|1.65;0001-01-01T00:00:08.504+01:00|W6|1.7|-0.12|0.10|-0.12|1.70;0001-01-01T00:00:08.504+01:00|W7|1.9|0.38|0.19|0.38|1.79;0001-01-01T00:00:08.504+01:00|W8|1.2|0.18|0.09|0.18|1.23;0001-01-01T00:00:08.504+01:00|W9|1.5|-0.51|0.26|-0.51|1.17;0001-01-01T00:00:08.504+01:00|W10|0.8|-0.58|0.03|-0.58|0.55;0001-01-01T00:00:08.504+01:00|W11|0.9|0.47|0.08|0.47|0.77;0001-01-01T00:00:08.504+01:00|W12|0.9|-0.73|0.13|-0.73|0.20"
121.00;3.47;0001-01-01T00:00:08.4110000+01:00;109.15;2.47;-53.95;27.1;-8.819;-10.490;35.335;-25.160;14.526;-12.299;97.669;-74.488;122.916;"0001-01-01T00:00:08.504+01:00|W1|1.8|0.17|0.38|0.17|1.71;0001-01-01T00:00:08.504+01:00|W2|0.4|-0.26|0.04|-0.26|0.15;0001-01-01T00:00:08.504+01:00|W3|1.1|0.29|0.02|0.29|1.01;0001-01-01T00:00:08.504+01:00|W4|2.1|0.47|0.11|0.47|2.01;0001-01-01T00:00:08.504+01:00|W5|1.7|0.21|0.55|0.21|1.65;0001-01-01T00:00:08.504+01:00|W6|1.7|-0.12|0.10|-0.12|1.70;0001-01-01T00:00:08.504+01:00|W7|1.9|0.38|0.19|0.38|1.79;0001-01-01T00:00:08.504+01:00|W8|1.2|0.18|0.09|0.18|1.23;0001-01-01T00:00:08.504+01:00|W9|1.5|-0.51|0.26|-0.51|1.17;0001-01-01T00:00:08.504+01:00|W10|0.8|-0.58|0.03|-0.58|0.55;0001-01-01T00:00:08.504+01:00|W11|0.9|0.47|0.08|0.47|0.77;0001-01-01T00:00:08.504+01:00|W12|0.9|-0.73|0.13|-0.73|0.20"
122.00;3.42;0001-01-01T00:00:08.4400000+01:00;109.94;2.52;-54.57;26.4;-9.769;-10.809;34.909;-24.464;14.679;-12.050;97.764;-74.436;122.958;"0001-01-01T00:00:08.504+01:00|W1|1.8|0.17|0.38|0.17|1.71;0001-01-01T00:00:08.504+01:00|W2|0.4|-0.26|0.04|-0.26|0.15;0001-01-01T00:00:08.504+01:00|W3|1.1|0.29|0.02|0.29|1.01;0001-01-01T00:00:08.504+01:00|W4|2.1|0.47|0.11|0.47|2.01;0001-01-01T00:00:08.504+01:00|W5|1.7|0.21|0.55|0.21|1.65;0001-01-01T00:00:08.504+01:00|W6|1.7|-0.12|0.10|-0.12|1.70;0001-01-01T00:00:08.504+01:00|W7|1.9|0.38|0.19|0.38|1.79;0001-01-01T00:00:08.504+01:00|W8|1.2|0.18|0.09|0.18|1.23;0001-01-01T00:00:08.504+01:00|W9|1.5|-0.51|0.26|-0.51|1.17;0001-01-01T00:00:08.504+01:00|W10|0.8|-0.58|0.03|-0.58|0.55;0001-01-01T00:00:08.504+01:00|W11|0.9|0.47|0.08|0.47|0.77;0001-01-01T00:00:08.504+01:00|W12|0.9|-0.73|0.13|-0.73|0.20"
123.00;3.39;0001-01-01T00:00:08.4690000+01:00;110.73;2.55;-55.18;26.0;-10.638;-11.016;34.603;-24.911;14.700;-11.812;97.923;-74.437;123.080;"0001-01-01T00:00:08.504+01:00|W1|1.8|0.17|0.38|0.17|1.71;0001-01-01T00:00:08.504+01:00|W2|0.4|-0.26|0.04|-0.26|0.15;0001-01-01T00:00:08.504+01:00|W3|1.1|0.29|0.02|0.29|1.01;0001-01-01T00:00:08.504+01:00|W4|2.1|0.47|0.11|0.47|2.01;0001-01-01T00:00:08.504+01:00|W5|1.7|0.21|0.55|0.21|1.65;0001-01-01T00:00:08.504+01:00|W6|1.7|-0.12|0.10|-0.12|1.70;0001-01-01T00:00:08.504+01:00|W7|1.9|0.38|0.19|0.38|1.79;0001-01-01T00:00:08.504+01:00|W8|1.2|0.18|0.09|0.18|1.23;0001-01-01T00:00:08.504+01:00|W9|1.5|-0.51|0.26|-0.51|1.17;0001-01-01T00:00:08.504+01:00|W10|0.8|-0.58|0.03|-0.58|0.55;0001-01-01T00:00:08.504+01:00|W11|0.9|0.47|0.08|0.47|0.77;0001-01-01T00:00:08.504+01:00|W12|0.9|-0.73|0.13|-0.73|0.20"
124.00;3.37;0001-01-01T00:00:08.4990000+01:00;111.53;2.59;-55.78;25.7;-11.462;-11.182;34.338;-25.709;14.662;-11.585;98.091;-74.491;123.240;"0001-01-01T00:00:08.504+01:00|W1|1.8|0.17|0.38|0.17|1.71;0001-01-01T00:00:08.504+01:00|W2|0.4|-0.26|0.04|-0.26|0.15;0001-01-01T00:00:08.504+01:00|W3|1.1|0.29|0.02|0.29|1.01;0001-01-01T00:00:08.504+01:00|W4|2.1|0.47|0.11|0.47|2.01;0001-01-01T00:00:08.504+01:00|W5|1.7|0.21|0.55|0.21|1.65;0001-01-01T00:00:08.504+01:00|W6|1.7|-0.12|0.10|-0.12|1.70;0001-01-01T00:00:08.504+01:00|W7|1.9|0.38|0.19|0.38|1.79;0001-01-01T00:00:08.504+01:00|W8|1.2|0.18|0.09|0.18|1.23;0001-01-01T00:00:08.504+01:00|W9|1.5|-0.51|0.26|-0.51|1.17;0001-01-01T00:00:08.504+01:00|W10|0.8|-0.58|0.03|-0.58|0.55;0001-01-01T00:00:08.504+01:00|W11|0.9|0.47|0.08|0.47|0.77;0001-01-01T00:00:08.504+01:00|W12|0.9|-0.73|0.13|-0.73|0.20"
125.00;3.34;0001-01-01T00:00:08.5280000+01:00;112.33;2.62;-56.39;25.3;-12.003;-11.269;34.121;-26.488;14.373;-11.459;98.110;-75.056;123.593;"0001-01-01T00:00:08.504+01:00|W1|1.8|0.17|0.38|0.17|1.71;0001-01-01T00:00:08.504+01:00|W2|0.4|-0.26|0.04|-0.26|0.15;0001-01-01T00:00:08.504+01:00|W3|1.1|0.29|0.02|0.29|1.01;0001-01-01T00:00:08.504+01:00|W4|2.1|0.47|0.11|0.47|2.01;0001-01-01T00:00:08.504+01:00|W5|1.7|0.21|0.55|0.21|1.65;0001-01-01T00:00:08.504+01:00|W6|1.7|-0.12|0.10|-0.12|1.70;0001-01-01T00:00:08.504+01:00|W7|1.9|0.38|0.19|0.38|1.79;0001-01-01T00:00:08.504+01:00|W8|1.2|0.18|0.09|0.18|1.23;0001-01-01T00:00:08.504+01:00|W9|1.5|-0.51|0.26|-0.51|1.17;0001-01-01T00:00:08.504+01:00|W10|0.8|-0.58|0.03|-0.58|0.55;0001-01-01T00:00:08.504+01:00|W11|0.9|0.47|0.08|0.47|0.77;0001-01-01T00:00:08.504+01:00|W12|0.9|-0.73|0.13|-0.73|0.20"
126.00;3.32;0001-01-01T00:00:08.5570000+01:00;113.12;2.65;-57.00;24.8;-12.443;-11.412;32.967;-27.184;13.956;-11.401;98.170;-75.506;123.909;"0001-01-01T00:00:08.504+01:00|W1|1.8|0.17|0.38|0.17|1.71;0001-01-01T00:00:08.504+01:00|W2|0.4|-0.26|0.04|-0.26|0.15;0001-01-01T00:00:08.504+01:00|W3|1.1|0.29|0.02|0.29|1.01;0001-01-01T00:00:08.504+01:00|W4|2.1|0.47|0.11|0.47|2.01;0001-01-01T00:00:08.504+01:00|W5|1.7|0.21|0.55|0.21|1.65;0001-01-01T00:00:08.504+01:00|W6|1.7|-0.12|0.10|-0.12|1.70;0001-01-01T00:00:08.504+01:00|W7|1.9|0.38|0.19|0.38|1.79;0001-01-01T00:00:08.504+01:00|W8|1.2|0.18|0.09|0.18|1.23;0001-01-01T00:00:08.504+01:00|W9|1.5|-0.51|0.26|-0.51|1.17;0001-01-01T00:00:08.504+01:00|W10|0.8|-0.58|0.03|-0.58|0.55;0001-01-01T00:00:08.504+01:00|W11|0.9|0.47|0.08|0.47|0.77;0001-01-01T00:00:08.504+01:00|W12|0.9|-0.73|0.13|-0.73|0.20"
127.00;3.29;0001-01-01T00:00:08.5860000+01:00;113.92;2.68;-57.61;24.2;-12.699;-11.660;30.092;-27.727;13.304;-11.470;98.304;-75.744;124.155;"0001-01-01T00:00:08.504+01:00|W1|1.8|0.17|0.38|0.17|1.71;0001-01-01T00:00:08.504+01:00|W2|0.4|-0.26|0.04|-0.26|0.15;0001-01-01T00:00:08.504+01:00|W3|1.1|0.29|0.02|0.29|1.01;0001-01-01T00:00:08.504+01:00|W4|2.1|0.47|0.11|0.47|2.01;0001-01-01T00:00:08.504+01:00|W5|1.7|0.21|0.55|0.21|1.65;0001-01-01T00:00:08.504+01:00|W6|1.7|-0.12|0.10|-0.12|1.70;0001-01-01T00:00:08.504+01:00|W7|1.9|0.38|0.19|0.38|1.79;0001-01-01T00:00:08.504+01:00|W8|1.2|0.18|0.09|0.18|1.23;0001-01-01T00:00:08.504+01:00|W9|1.5|-0.51|0.26|-0.51|1.17;0001-01-01T00:00:08.504+01:00|W10|0.8|-0.58|0.03|-0.58|0.55;0001-01-01T00:00:08.504+01:00|W11|0.9|0.47|0.08|0.47|0.77;0001-01-01T00:00:08.504+01:00|W12|0.9|-0.73|0.13|-0.73|0.20"
128.00;3.26;0001-01-01T00:00:08.6150000+01:00;114.71;2.71;-58.22;23.6;-12.564;-11.863;28.177;-28.434;12.566;-11.551;98.445;-76.002;124.422;"0001-01-01T00:00:08.504+01:00|W1|1.8|0.17|0.38|0.17|1.71;0001-01-01T00:00:08.504+01:00|W2|0.4|-0.26|0.04|-0.26|0.15;0001-01-01T00:00:08.504+01:00|W3|1.1|0.29|0.02|0.29|1.01;0001-01-01T00:00:08.504+01:00|W4|2.1|0.47|0.11|0.47|2.01;0001-01-01T00:00:08.504+01:00|W5|1.7|0.21|0.55|0.21|1.65;0001-01-01T00:00:08.504+01:00|W6|1.7|-0.12|0.10|-0.12|1.70;0001-01-01T00:00:08.504+01:00|W7|1.9|0.38|0.19|0.38|1.79;0001-01-01T00:00:08.504+01:00|W8|1.2|0.18|0.09|0.18|1.23;0001-01-01T00:00:08.504+01:00|W9|1.5|-0.51|0.26|-0.51|1.17;0001-01-01T00:00:08.504+01:00|W10|0.8|-0.58|0.03|-0.58|0.55;0001-01-01T00:00:08.504+01:00|W11|0.9|0.47|0.08|0.47|0.77;0001-01-01T00:00:08.504+01:00|W12|0.9|-0.73|0.13|-0.73|0.20"
129.00;3.23;0001-01-01T00:00:08.6440000+01:00;115.50;2.74;-58.84;22.9;-12.201;-12.039;26.824;-29.237;11.776;-11.640;98.590;-76.271;124.701;"0001-01-01T00:00:08.746+01:00|W1|1.5|0.31|0.10|0.31|1.43;0001-01-01T00:00:08.746+01:00|W2|0.4|-0.31|0.00|-0.31|0.14;0001-01-01T00:00:08.746+01:00|W3|1.0|0.32|0.00|0.32|0.98;0001-01-01T00:00:08.746+01:00|W4|2.1|0.32|0.06|0.32|2.09;0001-01-01T00:00:08.746+01:00|W5|2.1|0.33|0.90|0.33|1.97;0001-01-01T00:00:08.746+01:00|W6|1.6|-0.20|0.15|-0.20|1.61;0001-01-01T00:00:08.746+01:00|W7|1.9|0.36|0.19|0.36|1.79;0001-01-01T00:00:08.746+01:00|W8|1.2|0.07|0.13|0.07|1.19;0001-01-01T00:00:08.746+01:00|W9|1.5|-0.51|0.24|-0.51|1.17;0001-01-01T00:00:08.746+01:00|W10|0.8|-0.59|0.02|-0.59|0.54;0001-01-01T00:00:08.746+01:00|W11|0.9|0.45|0.05|0.45|0.76;0001-01-01T00:00:08.746+01:00|W12|0.7|-0.65|0.26|-0.65|0.13"
130.00;3.20;0001-01-01T00:00:08.6730000+01:00;116.30;2.77;-59.45;22.4;-11.836;-12.250;24.121;-29.374;11.178;-11.703;98.668;-76.501;124.903;"0001-01-01T00:00:08.746+01:00|W1|1.5|0.31|0.10|0.31|1.43;0001-01-01T00:00:08.746+01:00|W2|0.4|-0.31|0.00|-0.31|0.14;0001-01-01T00:00:08.746+01:00|W3|1.0|0.32|0.00|0.32|0.98;0001-01-01T00:00:08.746+01:00|W4|2.1|0.32|0.06|0.32|2.09;0001-01-01T00:00:08.746+01:00|W5|2.1|0.33|0.90|0.33|1.97;0001-01-01T00:00:08.746+01:00|W6|1.6|-0.20|0.15|-0.20|1.61;0001-01-01T00:00:08.746+01:00|W7|1.9|0.36|0.19|0.36|1.79;0001-01-01T00:00:08.746+01:00|W8|1.2|0.07|0.13|0.07|1.19;0001-01-01T00:00:08.746+01:00|W9|1.5|-0.51|0.24|-0.51|1.17;0001-01-01T00:00:08.746+01:00|W10|0.8|-0.59|0.02|-0.59|0.54;0001-01-01T00:00:08.746+01:00|W11|0.9|0.45|0.05|0.45|0.76;0001-01-01T00:00:08.746+01:00|W12|0.7|-0.65|0.26|-0.65|0.13"
131.00;3.17;0001-01-01T00:00:08.7020000+01:00;117.09;2.80;-60.07;21.9;-11.431;-12.437;21.530;-29.683;10.667;-11.740;98.735;-76.661;125.053;"0001-01-01T00:00:08.746+01:00|W1|1.5|0.31|0.10|0.31|1.43;0001-01-01T00:00:08.746+01:00|W2|0.4|-0.31|0.00|-0.31|0.14;0001-01-01T00:00:08.746+01:00|W3|1.0|0.32|0.00|0.32|0.98;0001-01-01T00:00:08.746+01:00|W4|2.1|0.32|0.06|0.32|2.09;0001-01-01T00:00:08.746+01:00|W5|2.1|0.33|0.90|0.33|1.97;0001-01-01T00:00:08.746+01:00|W6|1.6|-0.20|0.15|-0.20|1.61;0001-01-01T00:00:08.746+01:00|W7|1.9|0.36|0.19|0.36|1.79;0001-01-01T00:00:08.746+01:00|W8|1.2|0.07|0.13|0.07|1.19;0001-01-01T00:00:08.746+01:00|W9|1.5|-0.51|0.24|-0.51|1.17;0001-01-01T00:00:08.746+01:00|W10|0.8|-0.59|0.02|-0.59|0.54;0001-01-01T00:00:08.746+01:00|W11|0.9|0.45|0.05|0.45|0.76;0001-01-01T00:00:08.746+01:00|W12|0.7|-0.65|0.26|-0.65|0.13"
132.00;3.15;0001-01-01T00:00:08.7310000+01:00;117.88;2.83;-60.68;21.7;-10.843;-12.493;20.092;-31.103;10.474;-11.667;98.786;-76.512;124.998;"0001-01-01T00:00:08.746+01:00|W1|1.5|0.31|0.10|0.31|1.43;0001-01-01T00:00:08.746+01:00|W2|0.4|-0.31|0.00|-0.31|0.14;0001-01-01T00:00:08.746+01:00|W3|1.0|0.32|0.00|0.32|0.98;0001-01-01T00:00:08.746+01:00|W4|2.1|0.32|0.06|0.32|2.09;0001-01-01T00:00:08.746+01:00|W5|2.1|0.33|0.90|0.33|1.97;0001-01-01T00:00:08.746+01:00|W6|1.6|-0.20|0.15|-0.20|1.61;0001-01-01T00:00:08.746+01:00|W7|1.9|0.36|0.19|0.36|1.79;0001-01-01T00:00:08.746+01:00|W8|1.2|0.07|0.13|0.07|1.19;0001-01-01T00:00:08.746+01:00|W9|1.5|-0.51|0.24|-0.51|1.17;0001-01-01T00:00:08.746+01:00|W10|0.8|-0.59|0.02|-0.59|0.54;0001-01-01T00:00:08.746+01:00|W11|0.9|0.45|0.05|0.45|0.76;0001-01-01T00:00:08.746+01:00|W12|0.7|-0.65|0.26|-0.65|0.13"
133.00;3.12;0001-01-01T00:00:08.7600000+01:00;118.67;2.86;-61.29;21.6;-10.353;-12.469;18.512;-32.728;10.459;-11.585;98.846;-76.546;125.064;"0001-01-01T00:00:08.746+01:00|W1|1.5|0.31|0.10|0.31|1.43;0001-01-01T00:00:08.746+01:00|W2|0.4|-0.31|0.00|-0.31|0.14;0001-01-01T00:00:08.746+01:00|W3|1.0|0.32|0.00|0.32|0.98;0001-01-01T00:00:08.746+01:00|W4|2.1|0.32|0.06|0.32|2.09;0001-01-01T00:00:08.746+01:00|W5|2.1|0.33|0.90|0.33|1.97;0001-01-01T00:00:08.746+01:00|W6|1.6|-0.20|0.15|-0.20|1.61;0001-01-01T00:00:08.746+01:00|W7|1.9|0.36|0.19|0.36|1.79;0001-01-01T00:00:08.746+01:00|W8|1.2|0.07|0.13|0.07|1.19;0001-01-01T00:00:08.746+01:00|W9|1.5|-0.51|0.24|-0.51|1.17;0001-01-01T00:00:08.746+01:00|W10|0.8|-0.59|0.02|-0.59|0.54;0001-01-01T00:00:08.746+01:00|W11|0.9|0.45|0.05|0.45|0.76;0001-01-01T00:00:08.746+01:00|W12|0.7|-0.65|0.26|-0.65|0.13"
134.00;3.10;0001-01-01T00:00:08.7890000+01:00;119.47;2.88;-61.91;21.7;-9.982;-12.346;16.759;-34.600;10.660;-11.494;98.916;-76.802;125.279;"0001-01-01T00:00:08.746+01:00|W1|1.5|0.31|0.10|0.31|1.43;0001-01-01T00:00:08.746+01:00|W2|0.4|-0.31|0.00|-0.31|0.14;0001-01-01T00:00:08.746+01:00|W3|1.0|0.32|0.00|0.32|0.98;0001-01-01T00:00:08.746+01:00|W4|2.1|0.32|0.06|0.32|2.09;0001-01-01T00:00:08.746+01:00|W5|2.1|0.33|0.90|0.33|1.97;0001-01-01T00:00:08.746+01:00|W6|1.6|-0.20|0.15|-0.20|1.61;0001-01-01T00:00:08.746+01:00|W7|1.9|0.36|0.19|0.36|1.79;0001-01-01T00:00:08.746+01:00|W8|1.2|0.07|0.13|0.07|1.19;0001-01-01T00:00:08.746+01:00|W9|1.5|-0.51|0.24|-0.51|1.17;0001-01-01T00:00:08.746+01:00|W10|0.8|-0.59|0.02|-0.59|0.54;0001-01-01T00:00:08.746+01:00|W11|0.9|0.45|0.05|0.45|0.76;0001-01-01T00:00:08.746+01:00|W12|0.7|-0.65|0.26|-0.65|0.13"
135.00;3.07;0001-01-01T00:00:08.8180000+01:00;120.26;2.91;-62.52;22.1;-9.679;-12.229;15.418;-35.681;11.067;-11.452;98.987;-76.881;125.387;"0001-01-01T00:00:08.746+01:00|W1|1.5|0.31|0.10|0.31|1.43;0001-01-01T00:00:08.746+01:00|W2|0.4|-0.31|0.00|-0.31|0.14;0001-01-01T00:00:08.746+01:00|W3|1.0|0.32|0.00|0.32|0.98;0001-01-01T00:00:08.746+01:00|W4|2.1|0.32|0.06|0.32|2.09;0001-01-01T00:00:08.746+01:00|W5|2.1|0.33|0.90|0.33|1.97;0001-01-01T00:00:08.746+01:00|W6|1.6|-0.20|0.15|-0.20|1.61;0001-01-01T00:00:08.746+01:00|W7|1.9|0.36|0.19|0.36|1.79;0001-01-01T00:00:08.746+01:00|W8|1.2|0.07|0.13|0.07|1.19;0001-01-01T00:00:08.746+01:00|W9|1.5|-0.51|0.24|-0.51|1.17;0001-01-01T00:00:08.746+01:00|W10|0.8|-0.59|0.02|-0.59|0.54;0001-01-01T00:00:08.746+01:00|W11|0.9|0.45|0.05|0.45|0.76;0001-01-01T00:00:08.746+01:00|W12|0.7|-0.65|0.26|-0.65|0.13"
136.00;3.04;0001-01-01T00:00:08.8460000+01:00;121.05;2.94;-63.14;22.6;-9.403;-12.115;14.243;-36.444;11.557;-11.429;99.058;-76.889;125.453;"0001-01-01T00:00:08.746+01:00|W1|1.5|0.31|0.10|0.31|1.43;0001-01-01T00:00:08.746+01:00|W2|0.4|-0.31|0.00|-0.31|0.14;0001-01-01T00:00:08.746+01:00|W3|1.0|0.32|0.00|0.32|0.98;0001-01-01T00:00:08.746+01:00|W4|2.1|0.32|0.06|0.32|2.09;0001-01-01T00:00:08.746+01:00|W5|2.1|0.33|0.90|0.33|1.97;0001-01-01T00:00:08.746+01:00|W6|1.6|-0.20|0.15|-0.20|1.61;0001-01-01T00:00:08.746+01:00|W7|1.9|0.36|0.19|0.36|1.79;0001-01-01T00:00:08.746+01:00|W8|1.2|0.07|0.13|0.07|1.19;0001-01-01T00:00:08.746+01:00|W9|1.5|-0.51|0.24|-0.51|1.17;0001-01-01T00:00:08.746+01:00|W10|0.8|-0.59|0.02|-0.59|0.54;0001-01-01T00:00:08.746+01:00|W11|0.9|0.45|0.05|0.45|0.76;0001-01-01T00:00:08.746+01:00|W12|0.7|-0.65|0.26|-0.65|0.13"
137.00;3.02;0001-01-01T00:00:08.8750000+01:00;121.84;2.97;-63.75;23.2;-9.165;-11.885;13.546;-37.464;12.176;-11.378;99.008;-76.988;125.480;"0001-01-01T00:00:09.001+01:00|W1|1.5|0.31|0.10|0.31|1.43;0001-01-01T00:00:09.001+01:00|W2|0.4|-0.31|0.00|-0.31|0.14;0001-01-01T00:00:09.001+01:00|W3|1.0|0.35|0.00|0.35|0.97;0001-01-01T00:00:09.001+01:00|W4|2.1|0.32|0.06|0.32|2.09;0001-01-01T00:00:09.001+01:00|W5|2.1|0.33|0.90|0.33|1.97;0001-01-01T00:00:09.001+01:00|W6|1.6|-0.20|0.15|-0.20|1.61;0001-01-01T00:00:09.001+01:00|W7|1.9|0.36|0.19|0.36|1.79;0001-01-01T00:00:09.001+01:00|W8|1.2|0.07|0.13|0.07|1.19;0001-01-01T00:00:09.001+01:00|W9|1.5|-0.51|0.24|-0.51|1.17;0001-01-01T00:00:09.001+01:00|W10|0.9|-0.63|0.00|-0.63|0.53;0001-01-01T00:00:09.001+01:00|W11|0.9|0.42|0.01|0.42|0.74;0001-01-01T00:00:09.001+01:00|W12|0.7|-0.65|0.26|-0.65|0.13"
138.00;3.00;0001-01-01T00:00:08.9040000+01:00;122.63;3.00;-64.37;23.8;-8.969;-11.691;12.996;-38.481;12.822;-11.373;98.986;-77.131;125.557;"0001-01-01T00:00:09.001+01:00|W1|1.5|0.31|0.10|0.31|1.43;0001-01-01T00:00:09.001+01:00|W2|0.4|-0.31|0.00|-0.31|0.14;0001-01-01T00:00:09.001+01:00|W3|1.0|0.35|0.00|0.35|0.97;0001-01-01T00:00:09.001+01:00|W4|2.1|0.32|0.06|0.32|2.09;0001-01-01T00:00:09.001+01:00|W5|2.1|0.33|0.90|0.33|1.97;0001-01-01T00:00:09.001+01:00|W6|1.6|-0.20|0.15|-0.20|1.61;0001-01-01T00:00:09.001+01:00|W7|1.9|0.36|0.19|0.36|1.79;0001-01-01T00:00:09.001+01:00|W8|1.2|0.07|0.13|0.07|1.19;0001-01-01T00:00:09.001+01:00|W9|1.5|-0.51|0.24|-0.51|1.17;0001-01-01T00:00:09.001+01:00|W10|0.9|-0.63|0.00|-0.63|0.53;0001-01-01T00:00:09.001+01:00|W11|0.9|0.42|0.01|0.42|0.74;0001-01-01T00:00:09.001+01:00|W12|0.7|-0.65|0.26|-0.65|0.13"
139.00;2.97;0001-01-01T00:00:08.9330000+01:00;123.42;3.03;-64.98;24.7;-8.906;-11.620;12.880;-39.468;13.546;-11.518;99.067;-77.407;125.793;"0001-01-01T00:00:09.001+01:00|W1|1.5|0.31|0.10|0.31|1.43;0001-01-01T00:00:09.001+01:00|W2|0.4|-0.31|0.00|-0.31|0.14;0001-01-01T00:00:09.001+01:00|W3|1.0|0.35|0.00|0.35|0.97;0001-01-01T00:00:09.001+01:00|W4|2.1|0.32|0.06|0.32|2.09;0001-01-01T00:00:09.001+01:00|W5|2.1|0.33|0.90|0.33|1.97;0001-01-01T00:00:09.001+01:00|W6|1.6|-0.20|0.15|-0.20|1.61;0001-01-01T00:00:09.001+01:00|W7|1.9|0.36|0.19|0.36|1.79;0001-01-01T00:00:09.001+01:00|W8|1.2|0.07|0.13|0.07|1.19;0001-01-01T00:00:09.001+01:00|W9|1.5|-0.51|0.24|-0.51|1.17;0001-01-01T00:00:09.001+01:00|W10|0.9|-0.63|0.00|-0.63|0.53;0001-01-01T00:00:09.001+01:00|W11|0.9|0.42|0.01|0.42|0.74;0001-01-01T00:00:09.001+01:00|W12|0.7|-0.65|0.26|-0.65|0.13"
140.00;2.95;0001-01-01T00:00:08.9610000+01:00;124.21;3.07;-65.60;25.4;-8.719;-11.637;12.479;-39.575;14.188;-11.730;99.125;-77.355;125.810;"0001-01-01T00:00:09.001+01:00|W1|1.5|0.31|0.10|0.31|1.43;0001-01-01T00:00:09.001+01:00|W2|0.4|-0.31|0.00|-0.31|0.14;0001-01-01T00:00:09.001+01:00|W3|1.0|0.35|0.00|0.35|0.97;0001-01-01T00:00:09.001+01:00|W4|2.1|0.32|0.06|0.32|2.09;0001-01-01T00:00:09.001+01:00|W5|2.1|0.33|0.90|0.33|1.97;0001-01-01T00:00:09.001+01:00|W6|1.6|-0.20|0.15|-0.20|1.61;0001-01-01T00:00:09.001+01:00|W7|1.9|0.36|0.19|0.36|1.79;0001-01-01T00:00:09.001+01:00|W8|1.2|0.07|0.13|0.07|1.19;0001-01-01T00:00:09.001+01:00|W9|1.5|-0.51|0.24|-0.51|1.17;0001-01-01T00:00:09.001+01:00|W10|0.9|-0.63|0.00|-0.63|0.53;0001-01-01T00:00:09.001+01:00|W11|0.9|0.42|0.01|0.42|0.74;0001-01-01T00:00:09.001+01:00|W12|0.7|-0.65|0.26|-0.65|0.13"
141.00;2.93;0001-01-01T00:00:08.9900000+01:00;125.00;3.10;-66.22;25.9;-8.406;-11.743;11.788;-38.787;14.750;-12.011;99.158;-76.971;125.607;"0001-01-01T00:00:09.001+01:00|W1|1.5|0.31|0.10|0.31|1.43;0001-01-01T00:00:09.001+01:00|W2|0.4|-0.31|0.00|-0.31|0.14;0001-01-01T00:00:09.001+01:00|W3|1.0|0.35|0.00|0.35|0.97;0001-01-01T00:00:09.001+01:00|W4|2.1|0.32|0.06|0.32|2.09;0001-01-01T00:00:09.001+01:00|W5|2.1|0.33|0.90|0.33|1.97;0001-01-01T00:00:09.001+01:00|W6|1.6|-0.20|0.15|-0.20|1.61;0001-01-01T00:00:09.001+01:00|W7|1.9|0.36|0.19|0.36|1.79;0001-01-01T00:00:09.001+01:00|W8|1.2|0.07|0.13|0.07|1.19;0001-01-01T00:00:09.001+01:00|W9|1.5|-0.51|0.24|-0.51|1.17;0001-01-01T00:00:09.001+01:00|W10|0.9|-0.63|0.00|-0.63|0.53;0001-01-01T00:00:09.001+01:00|W11|0.9|0.42|0.01|0.42|0.74;0001-01-01T00:00:09.001+01:00|W12|0.7|-0.65|0.26|-0.65|0.13"
142.00;2.90;0001-01-01T00:00:09.0180000+01:00;125.79;3.13;-66.83;26.5;-8.101;-11.850;12.396;-37.997;15.301;-12.292;99.144;-76.755;125.475;"0001-01-01T00:00:09.001+01:00|W1|1.5|0.31|0.10|0.31|1.43;0001-01-01T00:00:09.001+01:00|W2|0.4|-0.31|0.00|-0.31|0.14;0001-01-01T00:00:09.001+01:00|W3|1.0|0.35|0.00|0.35|0.97;0001-01-01T00:00:09.001+01:00|W4|2.1|0.32|0.06|0.32|2.09;0001-01-01T00:00:09.001+01:00|W5|2.1|0.33|0.90|0.33|1.97;0001-01-01T00:00:09.001+01:00|W6|1.6|-0.20|0.15|-0.20|1.61;0001-01-01T00:00:09.001+01:00|W7|1.9|0.36|0.19|0.36|1.79;0001-01-01T00:00:09.001+01:00|W8|1.2|0.07|0.13|0.07|1.19;0001-01-01T00:00:09.001+01:00|W9|1.5|-0.51|0.24|-0.51|1.17;0001-01-01T00:00:09.001+01:00|W10|0.9|-0.63|0.00|-0.63|0.53;0001-01-01T00:00:09.001+01:00|W11|0.9|0.42|0.01|0.42|0.74;0001-01-01T00:00:09.001+01:00|W12|0.7|-0.65|0.26|-0.65|0.13"
143.00;2.88;0001-01-01T00:00:09.0470000+01:00;126.58;3.17;-67.45;27.0;-7.800;-11.957;13.443;-37.206;15.848;-12.574;99.117;-76.602;125.373;"0001-01-01T00:00:09.001+01:00|W1|1.5|0.31|0.10|0.31|1.43;0001-01-01T00:00:09.001+01:00|W2|0.4|-0.31|0.00|-0.31|0.14;0001-01-01T00:00:09.001+01:00|W3|1.0|0.35|0.00|0.35|0.97;0001-01-01T00:00:09.001+01:00|W4|2.1|0.32|0.06|0.32|2.09;0001-01-01T00:00:09.001+01:00|W5|2.1|0.33|0.90|0.33|1.97;0001-01-01T00:00:09.001+01:00|W6|1.6|-0.20|0.15|-0.20|1.61;0001-01-01T00:00:09.001+01:00|W7|1.9|0.36|0.19|0.36|1.79;0001-01-01T00:00:09.001+01:00|W8|1.2|0.07|0.13|0.07|1.19;0001-01-01T00:00:09.001+01:00|W9|1.5|-0.51|0.24|-0.51|1.17;0001-01-01T00:00:09.001+01:00|W10|0.9|-0.63|0.00|-0.63|0.53;0001-01-01T00:00:09.001+01:00|W11|0.9|0.42|0.01|0.42|0.74;0001-01-01T00:00:09.001+01:00|W12|0.7|-0.65|0.26|-0.65|0.13"
144.00;2.85;0001-01-01T00:00:09.0760000+01:00;127.36;3.21;-68.07;28.3;-7.867;-12.063;14.469;-36.421;16.279;-12.854;99.334;-77.515;126.100;"0001-01-01T00:00:09.001+01:00|W1|1.5|0.31|0.10|0.31|1.43;0001-01-01T00:00:09.001+01:00|W2|0.4|-0.31|0.00|-0.31|0.14;0001-01-01T00:00:09.001+01:00|W3|1.0|0.35|0.00|0.35|0.97;0001-01-01T00:00:09.001+01:00|W4|2.1|0.32|0.06|0.32|2.09;0001-01-01T00:00:09.001+01:00|W5|2.1|0.33|0.90|0.33|1.97;0001-01-01T00:00:09.001+01:00|W6|1.6|-0.20|0.15|-0.20|1.61;0001-01-01T00:00:09.001+01:00|W7|1.9|0.36|0.19|0.36|1.79;0001-01-01T00:00:09.001+01:00|W8|1.2|0.07|0.13|0.07|1.19;0001-01-01T00:00:09.001+01:00|W9|1.5|-0.51|0.24|-0.51|1.17;0001-01-01T00:00:09.001+01:00|W10|0.9|-0.63|0.00|-0.63|0.53;0001-01-01T00:00:09.001+01:00|W11|0.9|0.42|0.01|0.42|0.74;0001-01-01T00:00:09.001+01:00|W12|0.7|-0.65|0.26|-0.65|0.13"
145.00;2.82;0001-01-01T00:00:09.1040000+01:00;128.15;3.26;-68.70;29.3;-8.035;-12.165;15.599;-35.708;16.682;-13.132;99.511;-78.247;126.689;"0001-01-01T00:00:09.001+01:00|W1|1.5|0.31|0.10|0.31|1.43;0001-01-01T00:00:09.001+01:00|W2|0.4|-0.31|0.00|-0.31|0.14;0001-01-01T00:00:09.001+01:00|W3|1.0|0.35|0.00|0.35|0.97;0001-01-01T00:00:09.001+01:00|W4|2.1|0.32|0.06|0.32|2.09;0001-01-01T00:00:09.001+01:00|W5|2.1|0.33|0.90|0.33|1.97;0001-01-01T00:00:09.001+01:00|W6|1.6|-0.20|0.15|-0.20|1.61;0001-01-01T00:00:09.001+01:00|W7|1.9|0.36|0.19|0.36|1.79;0001-01-01T00:00:09.001+01:00|W8|1.2|0.07|0.13|0.07|1.19;0001-01-01T00:00:09.001+01:00|W9|1.5|-0.51|0.24|-0.51|1.17;0001-01-01T00:00:09.001+01:00|W10|0.9|-0.63|0.00|-0.63|0.53;0001-01-01T00:00:09.001+01:00|W11|0.9|0.42|0.01|0.42|0.74;0001-01-01T00:00:09.001+01:00|W12|0.7|-0.65|0.26|-0.65|0.13"
146.00;2.80;0001-01-01T00:00:09.1330000+01:00;128.94;3.30;-69.32;29.9;-8.507;-12.254;17.043;-35.210;17.005;-13.407;99.571;-78.439;126.858;"0001-01-01T00:00:09.246+01:00|W1|1.2|0.25|0.22|0.25|1.12;0001-01-01T00:00:09.246+01:00|W2|0.4|-0.34|0.03|-0.34|0.17;0001-01-01T00:00:09.246+01:00|W3|1.0|0.38|0.03|0.38|0.94;0001-01-01T00:00:09.246+01:00|W4|2.2|-0.14|0.05|-0.14|2.21;0001-01-01T00:00:09.246+01:00|W5|2.1|0.72|0.87|0.72|1.77;0001-01-01T00:00:09.246+01:00|W6|1.5|-0.29|0.27|-0.29|1.43;0001-01-01T00:00:09.246+01:00|W7|1.9|0.23|0.18|0.23|1.83;0001-01-01T00:00:09.246+01:00|W8|1.1|0.05|0.20|0.05|1.07;0001-01-01T00:00:09.246+01:00|W9|1.6|-0.64|0.27|-0.64|1.25;0001-01-01T00:00:09.246+01:00|W10|0.9|-0.65|0.00|-0.65|0.51;0001-01-01T00:00:09.246+01:00|W11|0.8|0.37|0.06|0.37|0.67;0001-01-01T00:00:09.246+01:00|W12|0.6|-0.60|0.30|-0.60|0.11"
147.00;2.78;0001-01-01T00:00:09.1610000+01:00;129.72;3.34;-69.94;30.2;-9.128;-12.214;18.017;-34.457;17.198;-13.520;99.671;-78.540;127.004;"0001-01-01T00:00:09.246+01:00|W1|1.2|0.25|0.22|0.25|1.12;0001-01-01T00:00:09.246+01:00|W2|0.4|-0.34|0.03|-0.34|0.17;0001-01-01T00:00:09.246+01:00|W3|1.0|0.38|0.03|0.38|0.94;0001-01-01T00:00:09.246+01:00|W4|2.2|-0.14|0.05|-0.14|2.21;0001-01-01T00:00:09.246+01:00|W5|2.1|0.72|0.87|0.72|1.77;0001-01-01T00:00:09.246+01:00|W6|1.5|-0.29|0.27|-0.29|1.43;0001-01-01T00:00:09.246+01:00|W7|1.9|0.23|0.18|0.23|1.83;0001-01-01T00:00:09.246+01:00|W8|1.1|0.05|0.20|0.05|1.07;0001-01-01T00:00:09.246+01:00|W9|1.6|-0.64|0.27|-0.64|1.25;0001-01-01T00:00:09.246+01:00|W10|0.9|-0.65|0.00|-0.65|0.51;0001-01-01T00:00:09.246+01:00|W11|0.8|0.37|0.06|0.37|0.67;0001-01-01T00:00:09.246+01:00|W12|0.6|-0.60|0.30|-0.60|0.11"
148.00;2.76;0001-01-01T00:00:09.1890000+01:00;130.51;3.38;-70.56;30.1;-9.904;-12.041;18.505;-33.440;17.257;-13.464;99.812;-78.548;127.126;"0001-01-01T00:00:09.246+01:00|W1|1.2|0.25|0.22|0.25|1.12;0001-01-01T00:00:09.246+01:00|W2|0.4|-0.34|0.03|-0.34|0.17;0001-01-01T00:00:09.246+01:00|W3|1.0|0.38|0.03|0.38|0.94;0001-01-01T00:00:09.246+01:00|W4|2.2|-0.14|0.05|-0.14|2.21;0001-01-01T00:00:09.246+01:00|W5|2.1|0.72|0.87|0.72|1.77;0001-01-01T00:00:09.246+01:00|W6|1.5|-0.29|0.27|-0.29|1.43;0001-01-01T00:00:09.246+01:00|W7|1.9|0.23|0.18|0.23|1.83;0001-01-01T00:00:09.246+01:00|W8|1.1|0.05|0.20|0.05|1.07;0001-01-01T00:00:09.246+01:00|W9|1.6|-0.64|0.27|-0.64|1.25;0001-01-01T00:00:09.246+01:00|W10|0.9|-0.65|0.00|-0.65|0.51;0001-01-01T00:00:09.246+01:00|W11|0.8|0.37|0.06|0.37|0.67;0001-01-01T00:00:09.246+01:00|W12|0.6|-0.60|0.30|-0.60|0.11"
149.00;2.74;0001-01-01T00:00:09.2180000+01:00;131.30;3.42;-71.17;29.7;-10.405;-11.718;19.632;-32.672;17.003;-13.259;99.954;-78.600;127.270;"0001-01-01T00:00:09.246+01:00|W1|1.2|0.25|0.22|0.25|1.12;0001-01-01T00:00:09.246+01:00|W2|0.4|-0.34|0.03|-0.34|0.17;0001-01-01T00:00:09.246+01:00|W3|1.0|0.38|0.03|0.38|0.94;0001-01-01T00:00:09.246+01:00|W4|2.2|-0.14|0.05|-0.14|2.21;0001-01-01T00:00:09.246+01:00|W5|2.1|0.72|0.87|0.72|1.77;0001-01-01T00:00:09.246+01:00|W6|1.5|-0.29|0.27|-0.29|1.43;0001-01-01T00:00:09.246+01:00|W7|1.9|0.23|0.18|0.23|1.83;0001-01-01T00:00:09.246+01:00|W8|1.1|0.05|0.20|0.05|1.07;0001-01-01T00:00:09.246+01:00|W9|1.6|-0.64|0.27|-0.64|1.25;0001-01-01T00:00:09.246+01:00|W10|0.9|-0.65|0.00|-0.65|0.51;0001-01-01T00:00:09.246+01:00|W11|0.8|0.37|0.06|0.37|0.67;0001-01-01T00:00:09.246+01:00|W12|0.6|-0.60|0.30|-0.60|0.11"
150.00;2.72;0001-01-01T00:00:09.2460000+01:00;132.09;3.46;-71.79;29.1;-10.807;-11.341;20.992;-31.995;16.636;-12.998;100.095;-78.669;127.422;"0001-01-01T00:00:09.246+01:00|W1|1.2|0.25|0.22|0.25|1.12;0001-01-01T00:00:09.246+01:00|W2|0.4|-0.34|0.03|-0.34|0.17;0001-01-01T00:00:09.246+01:00|W3|1.0|0.38|0.03|0.38|0.94;0001-01-01T00:00:09.246+01:00|W4|2.2|-0.14|0.05|-0.14|2.21;0001-01-01T00:00:09.246+01:00|W5|2.1|0.72|0.87|0.72|1.77;0001-01-01T00:00:09.246+01:00|W6|1.5|-0.29|0.27|-0.29|1.43;0001-01-01T00:00:09.246+01:00|W7|1.9|0.23|0.18|0.23|1.83;0001-01-01T00:00:09.246+01:00|W8|1.1|0.05|0.20|0.05|1.07;0001-01-01T00:00:09.246+01:00|W9|1.6|-0.64|0.27|-0.64|1.25;0001-01-01T00:00:09.246+01:00|W10|0.9|-0.65|0.00|-0.65|0.51;0001-01-01T00:00:09.246+01:00|W11|0.8|0.37|0.06|0.37|0.67;0001-01-01T00:00:09.246+01:00|W12|0.6|-0.60|0.30|-0.60|0.11"
151.00;2.70;0001-01-01T00:00:09.2740000+01:00;132.88;3.50;-72.41;27.9;-10.841;-10.730;20.155;-31.234;15.807;-12.572;100.286;-78.639;127.550;"0001-01-01T00:00:09.246+01:00|W1|1.2|0.25|0.22|0.25|1.12;0001-01-01T00:00:09.246+01:00|W2|0.4|-0.34|0.03|-0.34|0.17;0001-01-01T00:00:09.246+01:00|W3|1.0|0.38|0.03|0.38|0.94;0001-01-01T00:00:09.246+01:00|W4|2.2|-0.14|0.05|-0.14|2.21;0001-01-01T00:00:09.246+01:00|W5|2.1|0.72|0.87|0.72|1.77;0001-01-01T00:00:09.246+01:00|W6|1.5|-0.29|0.27|-0.29|1.43;0001-01-01T00:00:09.246+01:00|W7|1.9|0.23|0.18|0.23|1.83;0001-01-01T00:00:09.246+01:00|W8|1.1|0.05|0.20|0.05|1.07;0001-01-01T00:00:09.246+01:00|W9|1.6|-0.64|0.27|-0.64|1.25;0001-01-01T00:00:09.246+01:00|W10|0.9|-0.65|0.00|-0.65|0.51;0001-01-01T00:00:09.246+01:00|W11|0.8|0.37|0.06|0.37|0.67;0001-01-01T00:00:09.246+01:00|W12|0.6|-0.60|0.30|-0.60|0.11"
152.00;2.68;0001-01-01T00:00:09.3030000+01:00;133.66;3.54;-73.03;26.6;-10.741;-10.091;19.562;-30.702;14.956;-12.142;100.451;-78.606;127.657;"0001-01-01T00:00:09.246+01:00|W1|1.2|0.25|0.22|0.25|1.12;0001-01-01T00:00:09.246+01:00|W2|0.4|-0.34|0.03|-0.34|0.17;0001-01-01T00:00:09.246+01:00|W3|1.0|0.38|0.03|0.38|0.94;0001-01-01T00:00:09.246+01:00|W4|2.2|-0.14|0.05|-0.14|2.21;0001-01-01T00:00:09.246+01:00|W5|2.1|0.72|0.87|0.72|1.77;0001-01-01T00:00:09.246+01:00|W6|1.5|-0.29|0.27|-0.29|1.43;0001-01-01T00:00:09.246+01:00|W7|1.9|0.23|0.18|0.23|1.83;0001-01-01T00:00:09.246+01:00|W8|1.1|0.05|0.20|0.05|1.07;0001-01-01T00:00:09.246+01:00|W9|1.6|-0.64|0.27|-0.64|1.25;0001-01-01T00:00:09.246+01:00|W10|0.9|-0.65|0.00|-0.65|0.51;0001-01-01T00:00:09.246+01:00|W11|0.8|0.37|0.06|0.37|0.67;0001-01-01T00:00:09.246+01:00|W12|0.6|-0.60|0.30|-0.60|0.11"
153.00;2.67;0001-01-01T00:00:09.3310000+01:00;134.45;3.58;-73.65;25.4;-10.159;-9.369;20.183;-31.070;14.074;-11.714;100.510;-78.573;127.680;"0001-01-01T00:00:09.246+01:00|W1|1.2|0.25|0.22|0.25|1.12;0001-01-01T00:00:09.246+01:00|W2|0.4|-0.34|0.03|-0.34|0.17;0001-01-01T00:00:09.246+01:00|W3|1.0|0.38|0.03|0.38|0.94;0001-01-01T00:00:09.246+01:00|W4|2.2|-0.14|0.05|-0.14|2.21;0001-01-01T00:00:09.246+01:00|W5|2.1|0.72|0.87|0.72|1.77;0001-01-01T00:00:09.246+01:00|W6|1.5|-0.29|0.27|-0.29|1.43;0001-01-01T00:00:09.246+01:00|W7|1.9|0.23|0.18|0.23|1.83;0001-01-01T00:00:09.246+01:00|W8|1.1|0.05|0.20|0.05|1.07;0001-01-01T00:00:09.246+01:00|W9|1.6|-0.64|0.27|-0.64|1.25;0001-01-01T00:00:09.246+01:00|W10|0.9|-0.65|0.00|-0.65|0.51;0001-01-01T00:00:09.246+01:00|W11|0.8|0.37|0.06|0.37|0.67;0001-01-01T00:00:09.246+01:00|W12|0.6|-0.60|0.30|-0.60|0.11"
154.00;2.65;0001-01-01T00:00:09.3590000+01:00;135.24;3.63;-74.26;24.3;-9.509;-8.641;19.919;-31.270;13.282;-11.325;100.556;-78.658;127.769;"0001-01-01T00:00:09.246+01:00|W1|1.2|0.25|0.22|0.25|1.12;0001-01-01T00:00:09.246+01:00|W2|0.4|-0.34|0.03|-0.34|0.17;0001-01-01T00:00:09.246+01:00|W3|1.0|0.38|0.03|0.38|0.94;0001-01-01T00:00:09.246+01:00|W4|2.2|-0.14|0.05|-0.14|2.21;0001-01-01T00:00:09.246+01:00|W5|2.1|0.72|0.87|0.72|1.77;0001-01-01T00:00:09.246+01:00|W6|1.5|-0.29|0.27|-0.29|1.43;0001-01-01T00:00:09.246+01:00|W7|1.9|0.23|0.18|0.23|1.83;0001-01-01T00:00:09.246+01:00|W8|1.1|0.05|0.20|0.05|1.07;0001-01-01T00:00:09.246+01:00|W9|1.6|-0.64|0.27|-0.64|1.25;0001-01-01T00:00:09.246+01:00|W10|0.9|-0.65|0.00|-0.65|0.51;0001-01-01T00:00:09.246+01:00|W11|0.8|0.37|0.06|0.37|0.67;0001-01-01T00:00:09.246+01:00|W12|0.6|-0.60|0.30|-0.60|0.11"
155.00;2.63;0001-01-01T00:00:09.3870000+01:00;136.02;3.67;-74.88;23.3;-8.770;-7.906;18.496;-31.249;12.607;-10.984;100.585;-78.898;127.944;"0001-01-01T00:00:09.495+01:00|W1|1.2|0.24|0.19|0.24|1.16;0001-01-01T00:00:09.495+01:00|W2|0.4|-0.37|0.07|-0.37|0.20;0001-01-01T00:00:09.495+01:00|W3|1.0|0.39|0.02|0.39|0.94;0001-01-01T00:00:09.495+01:00|W4|2.2|-0.23|0.08|-0.23|2.23;0001-01-01T00:00:09.495+01:00|W5|2.1|0.63|0.82|0.63|1.67;0001-01-01T00:00:09.495+01:00|W6|1.4|-0.30|0.34|-0.30|1.33;0001-01-01T00:00:09.495+01:00|W7|1.9|0.16|0.19|0.16|1.83;0001-01-01T00:00:09.495+01:00|W8|1.0|0.10|0.21|0.10|1.02;0001-01-01T00:00:09.495+01:00|W9|1.6|-0.71|0.27|-0.71|1.27;0001-01-01T00:00:09.495+01:00|W10|0.8|-0.65|0.02|-0.65|0.48;0001-01-01T00:00:09.495+01:00|W11|0.8|0.37|0.06|0.37|0.67;0001-01-01T00:00:09.495+01:00|W12|0.6|-0.59|0.31|-0.59|0.06"
156.00;2.61;0001-01-01T00:00:09.4150000+01:00;136.81;3.71;-75.49;22.7;-7.942;-7.329;17.966;-30.772;12.215;-10.717;100.508;-78.808;127.837;"0001-01-01T00:00:09.495+01:00|W1|1.2|0.24|0.19|0.24|1.16;0001-01-01T00:00:09.495+01:00|W2|0.4|-0.37|0.07|-0.37|0.20;0001-01-01T00:00:09.495+01:00|W3|1.0|0.39|0.02|0.39|0.94;0001-01-01T00:00:09.495+01:00|W4|2.2|-0.23|0.08|-0.23|2.23;0001-01-01T00:00:09.495+01:00|W5|2.1|0.63|0.82|0.63|1.67;0001-01-01T00:00:09.495+01:00|W6|1.4|-0.30|0.34|-0.30|1.33;0001-01-01T00:00:09.495+01:00|W7|1.9|0.16|0.19|0.16|1.83;0001-01-01T00:00:09.495+01:00|W8|1.0|0.10|0.21|0.10|1.02;0001-01-01T00:00:09.495+01:00|W9|1.6|-0.71|0.27|-0.71|1.27;0001-01-01T00:00:09.495+01:00|W10|0.8|-0.65|0.02|-0.65|0.48;0001-01-01T00:00:09.495+01:00|W11|0.8|0.37|0.06|0.37|0.67;0001-01-01T00:00:09.495+01:00|W12|0.6|-0.59|0.31|-0.59|0.06"
157.00;2.58;0001-01-01T00:00:09.4440000+01:00;137.59;3.75;-76.11;22.3;-7.066;-6.837;17.916;-30.052;11.974;-10.489;100.375;-78.542;127.579;"0001-01-01T00:00:09.495+01:00|W1|1.2|0.24|0.19|0.24|1.16;0001-01-01T00:00:09.495+01:00|W2|0.4|-0.37|0.07|-0.37|0.20;0001-01-01T00:00:09.495+01:00|W3|1.0|0.39|0.02|0.39|0.94;0001-01-01T00:00:09.495+01:00|W4|2.2|-0.23|0.08|-0.23|2.23;0001-01-01T00:00:09.495+01:00|W5|2.1|0.63|0.82|0.63|1.67;0001-01-01T00:00:09.495+01:00|W6|1.4|-0.30|0.34|-0.30|1.33;0001-01-01T00:00:09.495+01:00|W7|1.9|0.16|0.19|0.16|1.83;0001-01-01T00:00:09.495+01:00|W8|1.0|0.10|0.21|0.10|1.02;0001-01-01T00:00:09.495+01:00|W9|1.6|-0.71|0.27|-0.71|1.27;0001-01-01T00:00:09.495+01:00|W10|0.8|-0.65|0.02|-0.65|0.48;0001-01-01T00:00:09.495+01:00|W11|0.8|0.37|0.06|0.37|0.67;0001-01-01T00:00:09.495+01:00|W12|0.6|-0.59|0.31|-0.59|0.06"
158.00;2.57;0001-01-01T00:00:09.4720000+01:00;138.38;3.79;-76.72;22.4;-6.161;-6.555;18.927;-30.279;12.116;-10.496;100.351;-78.604;127.592;"0001-01-01T00:00:09.495+01:00|W1|1.2|0.24|0.19|0.24|1.16;0001-01-01T00:00:09.495+01:00|W2|0.4|-0.37|0.07|-0.37|0.20;0001-01-01T00:00:09.495+01:00|W3|1.0|0.39|0.02|0.39|0.94;0001-01-01T00:00:09.495+01:00|W4|2.2|-0.23|0.08|-0.23|2.23;0001-01-01T00:00:09.495+01:00|W5|2.1|0.63|0.82|0.63|1.67;0001-01-01T00:00:09.495+01:00|W6|1.4|-0.30|0.34|-0.30|1.33;0001-01-01T00:00:09.495+01:00|W7|1.9|0.16|0.19|0.16|1.83;0001-01-01T00:00:09.495+01:00|W8|1.0|0.10|0.21|0.10|1.02;0001-01-01T00:00:09.495+01:00|W9|1.6|-0.71|0.27|-0.71|1.27;0001-01-01T00:00:09.495+01:00|W10|0.8|-0.65|0.02|-0.65|0.48;0001-01-01T00:00:09.495+01:00|W11|0.8|0.37|0.06|0.37|0.67;0001-01-01T00:00:09.495+01:00|W12|0.6|-0.59|0.31|-0.59|0.06"
159.00;2.55;0001-01-01T00:00:09.5000000+01:00;139.17;3.84;-77.33;22.6;-5.317;-6.301;19.997;-30.638;12.333;-10.535;100.362;-78.696;127.650;"0001-01-01T00:00:09.495+01:00|W1|1.2|0.24|0.19|0.24|1.16;0001-01-01T00:00:09.495+01:00|W2|0.4|-0.37|0.07|-0.37|0.20;0001-01-01T00:00:09.495+01:00|W3|1.0|0.39|0.02|0.39|0.94;0001-01-01T00:00:09.495+01:00|W4|2.2|-0.23|0.08|-0.23|2.23;0001-01-01T00:00:09.495+01:00|W5|2.1|0.63|0.82|0.63|1.67;0001-01-01T00:00:09.495+01:00|W6|1.4|-0.30|0.34|-0.30|1.33;0001-01-01T00:00:09.495+01:00|W7|1.9|0.16|0.19|0.16|1.83;0001-01-01T00:00:09.495+01:00|W8|1.0|0.10|0.21|0.10|1.02;0001-01-01T00:00:09.495+01:00|W9|1.6|-0.71|0.27|-0.71|1.27;0001-01-01T00:00:09.495+01:00|W10|0.8|-0.65|0.02|-0.65|0.48;0001-01-01T00:00:09.495+01:00|W11|0.8|0.37|0.06|0.37|0.67;0001-01-01T00:00:09.495+01:00|W12|0.6|-0.59|0.31|-0.59|0.06"
160.00;2.52;0001-01-01T00:00:09.5280000+01:00;139.95;3.88;-77.95;22.7;-5.047;-6.046;20.272;-30.999;12.739;-10.574;100.543;-78.646;127.765;"0001-01-01T00:00:09.495+01:00|W1|1.2|0.24|0.19|0.24|1.16;0001-01-01T00:00:09.495+01:00|W2|0.4|-0.37|0.07|-0.37|0.20;0001-01-01T00:00:09.495+01:00|W3|1.0|0.39|0.02|0.39|0.94;0001-01-01T00:00:09.495+01:00|W4|2.2|-0.23|0.08|-0.23|2.23;0001-01-01T00:00:09.495+01:00|W5|2.1|0.63|0.82|0.63|1.67;0001-01-01T00:00:09.495+01:00|W6|1.4|-0.30|0.34|-0.30|1.33;0001-01-01T00:00:09.495+01:00|W7|1.9|0.16|0.19|0.16|1.83;0001-01-01T00:00:09.495+01:00|W8|1.0|0.10|0.21|0.10|1.02;0001-01-01T00:00:09.495+01:00|W9|1.6|-0.71|0.27|-0.71|1.27;0001-01-01T00:00:09.495+01:00|W10|0.8|-0.65|0.02|-0.65|0.48;0001-01-01T00:00:09.495+01:00|W11|0.8|0.37|0.06|0.37|0.67;0001-01-01T00:00:09.495+01:00|W12|0.6|-0.59|0.31|-0.59|0.06"
161.00;2.49;0001-01-01T00:00:09.5560000+01:00;140.74;3.92;-78.57;23.1;-4.777;-5.845;20.546;-31.087;13.143;-10.678;100.649;-78.635;127.843;"0001-01-01T00:00:09.495+01:00|W1|1.2|0.24|0.19|0.24|1.16;0001-01-01T00:00:09.495+01:00|W2|0.4|-0.37|0.07|-0.37|0.20;0001-01-01T00:00:09.495+01:00|W3|1.0|0.39|0.02|0.39|0.94;0001-01-01T00:00:09.495+01:00|W4|2.2|-0.23|0.08|-0.23|2.23;0001-01-01T00:00:09.495+01:00|W5|2.1|0.63|0.82|0.63|1.67;0001-01-01T00:00:09.495+01:00|W6|1.4|-0.30|0.34|-0.30|1.33;0001-01-01T00:00:09.495+01:00|W7|1.9|0.16|0.19|0.16|1.83;0001-01-01T00:00:09.495+01:00|W8|1.0|0.10|0.21|0.10|1.02;0001-01-01T00:00:09.495+01:00|W9|1.6|-0.71|0.27|-0.71|1.27;0001-01-01T00:00:09.495+01:00|W10|0.8|-0.65|0.02|-0.65|0.48;0001-01-01T00:00:09.495+01:00|W11|0.8|0.37|0.06|0.37|0.67;0001-01-01T00:00:09.495+01:00|W12|0.6|-0.59|0.31|-0.59|0.06"
162.00;2.46;0001-01-01T00:00:09.5840000+01:00;141.52;3.97;-79.19;24.2;-4.510;-5.751;20.817;-30.633;13.543;-10.911;100.604;-78.700;127.848;"0001-01-01T00:00:09.495+01:00|W1|1.2|0.24|0.19|0.24|1.16;0001-01-01T00:00:09.495+01:00|W2|0.4|-0.37|0.07|-0.37|0.20;0001-01-01T00:00:09.495+01:00|W3|1.0|0.39|0.02|0.39|0.94;0001-01-01T00:00:09.495+01:00|W4|2.2|-0.23|0.08|-0.23|2.23;0001-01-01T00:00:09.495+01:00|W5|2.1|0.63|0.82|0.63|1.67;0001-01-01T00:00:09.495+01:00|W6|1.4|-0.30|0.34|-0.30|1.33;0001-01-01T00:00:09.495+01:00|W7|1.9|0.16|0.19|0.16|1.83;0001-01-01T00:00:09.495+01:00|W8|1.0|0.10|0.21|0.10|1.02;0001-01-01T00:00:09.495+01:00|W9|1.6|-0.71|0.27|-0.71|1.27;0001-01-01T00:00:09.495+01:00|W10|0.8|-0.65|0.02|-0.65|0.48;0001-01-01T00:00:09.495+01:00|W11|0.8|0.37|0.06|0.37|0.67;0001-01-01T00:00:09.495+01:00|W12|0.6|-0.59|0.31|-0.59|0.06"
163.00;2.43;0001-01-01T00:00:09.6120000+01:00;142.31;4.01;-79.80;24.8;-4.305;-5.891;20.522;-30.320;13.644;-11.221;100.589;-78.695;127.832;"0001-01-01T00:00:09.495+01:00|W1|1.2|0.24|0.19|0.24|1.16;0001-01-01T00:00:09.495+01:00|W2|0.4|-0.37|0.07|-0.37|0.20;0001-01-01T00:00:09.495+01:00|W3|1.0|0.39|0.02|0.39|0.94;0001-01-01T00:00:09.495+01:00|W4|2.2|-0.23|0.08|-0.23|2.23;0001-01-01T00:00:09.495+01:00|W5|2.1|0.63|0.82|0.63|1.67;0001-01-01T00:00:09.495+01:00|W6|1.4|-0.30|0.34|-0.30|1.33;0001-01-01T00:00:09.495+01:00|W7|1.9|0.16|0.19|0.16|1.83;0001-01-01T00:00:09.495+01:00|W8|1.0|0.10|0.21|0.10|1.02;0001-01-01T00:00:09.495+01:00|W9|1.6|-0.71|0.27|-0.71|1.27;0001-01-01T00:00:09.495+01:00|W10|0.8|-0.65|0.02|-0.65|0.48;0001-01-01T00:00:09.495+01:00|W11|0.8|0.37|0.06|0.37|0.67;0001-01-01T00:00:09.495+01:00|W12|0.6|-0.59|0.31|-0.59|0.06"
164.00;2.39;0001-01-01T00:00:09.6410000+01:00;143.09;4.05;-80.42;25.0;-4.151;-6.221;19.763;-30.120;13.498;-11.594;100.597;-78.632;127.800;"0001-01-01T00:00:09.745+01:00|W1|1.2|0.25|0.12|0.25|1.22;0001-01-01T00:00:09.745+01:00|W2|0.4|-0.38|0.08|-0.38|0.23;0001-01-01T00:00:09.745+01:00|W3|1.0|0.38|0.03|0.38|0.94;0001-01-01T00:00:09.745+01:00|W4|2.1|-0.30|0.03|-0.30|2.08;0001-01-01T00:00:09.745+01:00|W5|2.4|0.65|1.05|0.65|1.82;0001-01-01T00:00:09.745+01:00|W6|1.3|-0.34|0.41|-0.34|1.21;0001-01-01T00:00:09.745+01:00|W7|1.8|0.14|0.24|0.14|1.78;0001-01-01T00:00:09.745+01:00|W8|1.0|0.10|0.21|0.10|1.02;0001-01-01T00:00:09.745+01:00|W9|1.6|-0.74|0.22|-0.74|1.27;0001-01-01T00:00:09.745+01:00|W10|0.8|-0.68|0.01|-0.68|0.45;0001-01-01T00:00:09.745+01:00|W11|0.8|0.37|0.09|0.37|0.63;0001-01-01T00:00:09.745+01:00|W12|0.6|-0.58|0.29|-0.58|0.08"
165.00;2.36;0001-01-01T00:00:09.6690000+01:00;143.88;4.10;-81.03;25.2;-3.996;-6.551;19.005;-29.921;13.352;-11.967;100.606;-78.568;127.769;"0001-01-01T00:00:09.745+01:00|W1|1.2|0.25|0.12|0.25|1.22;0001-01-01T00:00:09.745+01:00|W2|0.4|-0.38|0.08|-0.38|0.23;0001-01-01T00:00:09.745+01:00|W3|1.0|0.38|0.03|0.38|0.94;0001-01-01T00:00:09.745+01:00|W4|2.1|-0.30|0.03|-0.30|2.08;0001-01-01T00:00:09.745+01:00|W5|2.4|0.65|1.05|0.65|1.82;0001-01-01T00:00:09.745+01:00|W6|1.3|-0.34|0.41|-0.34|1.21;0001-01-01T00:00:09.745+01:00|W7|1.8|0.14|0.24|0.14|1.78;0001-01-01T00:00:09.745+01:00|W8|1.0|0.10|0.21|0.10|1.02;0001-01-01T00:00:09.745+01:00|W9|1.6|-0.74|0.22|-0.74|1.27;0001-01-01T00:00:09.745+01:00|W10|0.8|-0.68|0.01|-0.68|0.45;0001-01-01T00:00:09.745+01:00|W11|0.8|0.37|0.09|0.37|0.63;0001-01-01T00:00:09.745+01:00|W12|0.6|-0.58|0.29|-0.58|0.08"
166.00;2.32;0001-01-01T00:00:09.6970000+01:00;144.66;4.14;-81.65;25.4;-3.842;-6.881;18.246;-29.722;13.207;-12.339;100.614;-78.505;127.737;"0001-01-01T00:00:09.745+01:00|W1|1.2|0.25|0.12|0.25|1.22;0001-01-01T00:00:09.745+01:00|W2|0.4|-0.38|0.08|-0.38|0.23;0001-01-01T00:00:09.745+01:00|W3|1.0|0.38|0.03|0.38|0.94;0001-01-01T00:00:09.745+01:00|W4|2.1|-0.30|0.03|-0.30|2.08;0001-01-01T00:00:09.745+01:00|W5|2.4|0.65|1.05|0.65|1.82;0001-01-01T00:00:09.745+01:00|W6|1.3|-0.34|0.41|-0.34|1.21;0001-01-01T00:00:09.745+01:00|W7|1.8|0.14|0.24|0.14|1.78;0001-01-01T00:00:09.745+01:00|W8|1.0|0.10|0.21|0.10|1.02;0001-01-01T00:00:09.745+01:00|W9|1.6|-0.74|0.22|-0.74|1.27;0001-01-01T00:00:09.745+01:00|W10|0.8|-0.68|0.01|-0.68|0.45;0001-01-01T00:00:09.745+01:00|W11|0.8|0.37|0.09|0.37|0.63;0001-01-01T00:00:09.745+01:00|W12|0.6|-0.58|0.29|-0.58|0.08"
167.00;2.28;0001-01-01T00:00:09.7250000+01:00;145.45;4.18;-82.27;25.9;-3.421;-7.673;18.487;-29.215;12.904;-12.853;100.761;-78.736;127.994;"0001-01-01T00:00:09.745+01:00|W1|1.2|0.25|0.12|0.25|1.22;0001-01-01T00:00:09.745+01:00|W2|0.4|-0.38|0.08|-0.38|0.23;0001-01-01T00:00:09.745+01:00|W3|1.0|0.38|0.03|0.38|0.94;0001-01-01T00:00:09.745+01:00|W4|2.1|-0.30|0.03|-0.30|2.08;0001-01-01T00:00:09.745+01:00|W5|2.4|0.65|1.05|0.65|1.82;0001-01-01T00:00:09.745+01:00|W6|1.3|-0.34|0.41|-0.34|1.21;0001-01-01T00:00:09.745+01:00|W7|1.8|0.14|0.24|0.14|1.78;0001-01-01T00:00:09.745+01:00|W8|1.0|0.10|0.21|0.10|1.02;0001-01-01T00:00:09.745+01:00|W9|1.6|-0.74|0.22|-0.74|1.27;0001-01-01T00:00:09.745+01:00|W10|0.8|-0.68|0.01|-0.68|0.45;0001-01-01T00:00:09.745+01:00|W11|0.8|0.37|0.09|0.37|0.63;0001-01-01T00:00:09.745+01:00|W12|0.6|-0.58|0.29|-0.58|0.08"
168.00;2.24;0001-01-01T00:00:09.7530000+01:00;146.23;4.22;-82.88;26.3;-3.000;-8.426;18.731;-28.620;12.601;-13.338;100.864;-78.841;128.139;"0001-01-01T00:00:09.745+01:00|W1|1.2|0.25|0.12|0.25|1.22;0001-01-01T00:00:09.745+01:00|W2|0.4|-0.38|0.08|-0.38|0.23;0001-01-01T00:00:09.745+01:00|W3|1.0|0.38|0.03|0.38|0.94;0001-01-01T00:00:09.745+01:00|W4|2.1|-0.30|0.03|-0.30|2.08;0001-01-01T00:00:09.745+01:00|W5|2.4|0.65|1.05|0.65|1.82;0001-01-01T00:00:09.745+01:00|W6|1.3|-0.34|0.41|-0.34|1.21;0001-01-01T00:00:09.745+01:00|W7|1.8|0.14|0.24|0.14|1.78;0001-01-01T00:00:09.745+01:00|W8|1.0|0.10|0.21|0.10|1.02;0001-01-01T00:00:09.745+01:00|W9|1.6|-0.74|0.22|-0.74|1.27;0001-01-01T00:00:09.745+01:00|W10|0.8|-0.68|0.01|-0.68|0.45;0001-01-01T00:00:09.745+01:00|W11|0.8|0.37|0.09|0.37|0.63;0001-01-01T00:00:09.745+01:00|W12|0.6|-0.58|0.29|-0.58|0.08"
169.00;2.22;0001-01-01T00:00:09.7810000+01:00;147.02;4.27;-83.49;26.1;-2.579;-9.035;18.974;-27.716;12.299;-13.727;100.816;-78.504;127.892;"0001-01-01T00:00:09.745+01:00|W1|1.2|0.25|0.12|0.25|1.22;0001-01-01T00:00:09.745+01:00|W2|0.4|-0.38|0.08|-0.38|0.23;0001-01-01T00:00:09.745+01:00|W3|1.0|0.38|0.03|0.38|0.94;0001-01-01T00:00:09.745+01:00|W4|2.1|-0.30|0.03|-0.30|2.08;0001-01-01T00:00:09.745+01:00|W5|2.4|0.65|1.05|0.65|1.82;0001-01-01T00:00:09.745+01:00|W6|1.3|-0.34|0.41|-0.34|1.21;0001-01-01T00:00:09.745+01:00|W7|1.8|0.14|0.24|0.14|1.78;0001-01-01T00:00:09.745+01:00|W8|1.0|0.10|0.21|0.10|1.02;0001-01-01T00:00:09.745+01:00|W9|1.6|-0.74|0.22|-0.74|1.27;0001-01-01T00:00:09.745+01:00|W10|0.8|-0.68|0.01|-0.68|0.45;0001-01-01T00:00:09.745+01:00|W11|0.8|0.37|0.09|0.37|0.63;0001-01-01T00:00:09.745+01:00|W12|0.6|-0.58|0.29|-0.58|0.08"
170.00;2.18;0001-01-01T00:00:09.8090000+01:00;147.81;4.31;-84.10;26.0;-2.238;-9.546;19.514;-26.951;12.103;-14.083;100.752;-78.288;127.710;"0001-01-01T00:00:09.745+01:00|W1|1.2|0.25|0.12|0.25|1.22;0001-01-01T00:00:09.745+01:00|W2|0.4|-0.38|0.08|-0.38|0.23;0001-01-01T00:00:09.745+01:00|W3|1.0|0.38|0.03|0.38|0.94;0001-01-01T00:00:09.745+01:00|W4|2.1|-0.30|0.03|-0.30|2.08;0001-01-01T00:00:09.745+01:00|W5|2.4|0.65|1.05|0.65|1.82;0001-01-01T00:00:09.745+01:00|W6|1.3|-0.34|0.41|-0.34|1.21;0001-01-01T00:00:09.745+01:00|W7|1.8|0.14|0.24|0.14|1.78;0001-01-01T00:00:09.745+01:00|W8|1.0|0.10|0.21|0.10|1.02;0001-01-01T00:00:09.745+01:00|W9|1.6|-0.74|0.22|-0.74|1.27;0001-01-01T00:00:09.745+01:00|W10|0.8|-0.68|0.01|-0.68|0.45;0001-01-01T00:00:09.745+01:00|W11|0.8|0.37|0.09|0.37|0.63;0001-01-01T00:00:09.745+01:00|W12|0.6|-0.58|0.29|-0.58|0.08"
171.00;2.15;0001-01-01T00:00:09.8380000+01:00;148.60;4.35;-84.71;26.3;-1.996;-9.933;20.427;-26.361;12.042;-14.399;100.669;-78.224;127.610;"0001-01-01T00:00:09.745+01:00|W1|1.2|0.25|0.12|0.25|1.22;0001-01-01T00:00:09.745+01:00|W2|0.4|-0.38|0.08|-0.38|0.23;0001-01-01T00:00:09.745+01:00|W3|1.0|0.38|0.03|0.38|0.94;0001-01-01T00:00:09.745+01:00|W4|2.1|-0.30|0.03|-0.30|2.08;0001-01-01T00:00:09.745+01:00|W5|2.4|0.65|1.05|0.65|1.82;0001-01-01T00:00:09.745+01:00|W6|1.3|-0.34|0.41|-0.34|1.21;0001-01-01T00:00:09.745+01:00|W7|1.8|0.14|0.24|0.14|1.78;0001-01-01T00:00:09.745+01:00|W8|1.0|0.10|0.21|0.10|1.02;0001-01-01T00:00:09.745+01:00|W9|1.6|-0.74|0.22|-0.74|1.27;0001-01-01T00:00:09.745+01:00|W10|0.8|-0.68|0.01|-0.68|0.45;0001-01-01T00:00:09.745+01:00|W11|0.8|0.37|0.09|0.37|0.63;0001-01-01T00:00:09.745+01:00|W12|0.6|-0.58|0.29|-0.58|0.08"
172.00;2.10;0001-01-01T00:00:09.8660000+01:00;149.39;4.40;-85.33;26.5;-2.346;-10.212;21.366;-25.348;12.220;-14.656;100.766;-78.128;127.629;"0001-01-01T00:00:09.745+01:00|W1|1.2|0.25|0.12|0.25|1.22;0001-01-01T00:00:09.745+01:00|W2|0.4|-0.38|0.08|-0.38|0.23;0001-01-01T00:00:09.745+01:00|W3|1.0|0.38|0.03|0.38|0.94;0001-01-01T00:00:09.745+01:00|W4|2.1|-0.30|0.03|-0.30|2.08;0001-01-01T00:00:09.745+01:00|W5|2.4|0.65|1.05|0.65|1.82;0001-01-01T00:00:09.745+01:00|W6|1.3|-0.34|0.41|-0.34|1.21;0001-01-01T00:00:09.745+01:00|W7|1.8|0.14|0.24|0.14|1.78;0001-01-01T00:00:09.745+01:00|W8|1.0|0.10|0.21|0.10|1.02;0001-01-01T00:00:09.745+01:00|W9|1.6|-0.74|0.22|-0.74|1.27;0001-01-01T00:00:09.745+01:00|W10|0.8|-0.68|0.01|-0.68|0.45;0001-01-01T00:00:09.745+01:00|W11|0.8|0.37|0.09|0.37|0.63;0001-01-01T00:00:09.745+01:00|W12|0.6|-0.58|0.29|-0.58|0.08"
173.00;2.06;0001-01-01T00:00:09.8940000+01:00;150.17;4.44;-85.94;26.7;-2.989;-10.437;22.318;-24.125;12.517;-14.883;100.953;-78.016;127.708;"0001-01-01T00:00:10.000+01:00|W1|1.2|0.25|0.12|0.25|1.22;0001-01-01T00:00:10.000+01:00|W2|0.4|-0.38|0.08|-0.38|0.23;0001-01-01T00:00:10.000+01:00|W3|1.0|0.35|0.06|0.35|0.92;0001-01-01T00:00:10.000+01:00|W4|1.9|-0.30|0.18|-0.30|1.89;0001-01-01T00:00:10.000+01:00|W5|1.9|-0.30|0.51|-0.30|1.75;0001-01-01T00:00:10.000+01:00|W6|1.3|-0.34|0.41|-0.34|1.21;0001-01-01T00:00:10.000+01:00|W7|1.8|0.14|0.24|0.14|1.78;0001-01-01T00:00:10.000+01:00|W8|1.1|0.23|0.18|0.23|0.97;0001-01-01T00:00:10.000+01:00|W9|1.5|-0.72|0.18|-0.72|1.29;0001-01-01T00:00:10.000+01:00|W10|0.8|-0.67|0.04|-0.67|0.40;0001-01-01T00:00:10.000+01:00|W11|0.8|0.38|0.09|0.38|0.61;0001-01-01T00:00:10.000+01:00|W12|0.6|-0.58|0.29|-0.58|0.08"
174.00;2.01;0001-01-01T00:00:09.9220000+01:00;150.96;4.48;-86.55;27.4;-3.639;-10.473;23.278;-23.415;12.817;-15.039;100.751;-78.162;127.625;"0001-01-01T00:00:10.000+01:00|W1|1.2|0.25|0.12|0.25|1.22;0001-01-01T00:00:10.000+01:00|W2|0.4|-0.38|0.08|-0.38|0.23;0001-01-01T00:00:10.000+01:00|W3|1.0|0.35|0.06|0.35|0.92;0001-01-01T00:00:10.000+01:00|W4|1.9|-0.30|0.18|-0.30|1.89;0001-01-01T00:00:10.000+01:00|W5|1.9|-0.30|0.51|-0.30|1.75;0001-01-01T00:00:10.000+01:00|W6|1.3|-0.34|0.41|-0.34|1.21;0001-01-01T00:00:10.000+01:00|W7|1.8|0.14|0.24|0.14|1.78;0001-01-01T00:00:10.000+01:00|W8|1.1|0.23|0.18|0.23|0.97;0001-01-01T00:00:10.000+01:00|W9|1.5|-0.72|0.18|-0.72|1.29;0001-01-01T00:00:10.000+01:00|W10|0.8|-0.67|0.04|-0.67|0.40;0001-01-01T00:00:10.000+01:00|W11|0.8|0.38|0.09|0.38|0.61;0001-01-01T00:00:10.000+01:00|W12|0.6|-0.58|0.29|-0.58|0.08"
175.00;1.97;0001-01-01T00:00:09.9500000+01:00;151.75;4.53;-87.17;28.1;-4.359;-10.507;24.057;-22.842;13.120;-15.199;100.535;-78.340;127.551;"0001-01-01T00:00:10.000+01:00|W1|1.2|0.25|0.12|0.25|1.22;0001-01-01T00:00:10.000+01:00|W2|0.4|-0.38|0.08|-0.38|0.23;0001-01-01T00:00:10.000+01:00|W3|1.0|0.35|0.06|0.35|0.92;0001-01-01T00:00:10.000+01:00|W4|1.9|-0.30|0.18|-0.30|1.89;0001-01-01T00:00:10.000+01:00|W5|1.9|-0.30|0.51|-0.30|1.75;0001-01-01T00:00:10.000+01:00|W6|1.3|-0.34|0.41|-0.34|1.21;0001-01-01T00:00:10.000+01:00|W7|1.8|0.14|0.24|0.14|1.78;0001-01-01T00:00:10.000+01:00|W8|1.1|0.23|0.18|0.23|0.97;0001-01-01T00:00:10.000+01:00|W9|1.5|-0.72|0.18|-0.72|1.29;0001-01-01T00:00:10.000+01:00|W10|0.8|-0.67|0.04|-0.67|0.40;0001-01-01T00:00:10.000+01:00|W11|0.8|0.38|0.09|0.38|0.61;0001-01-01T00:00:10.000+01:00|W12|0.6|-0.58|0.29|-0.58|0.08"
176.00;1.92;0001-01-01T00:00:09.9780000+01:00;152.54;4.56;-87.78;28.6;-5.600;-10.706;23.480;-22.789;13.437;-15.448;100.594;-78.510;127.696;"0001-01-01T00:00:10.000+01:00|W1|1.2|0.25|0.12|0.25|1.22;0001-01-01T00:00:10.000+01:00|W2|0.4|-0.38|0.08|-0.38|0.23;0001-01-01T00:00:10.000+01:00|W3|1.0|0.35|0.06|0.35|0.92;0001-01-01T00:00:10.000+01:00|W4|1.9|-0.30|0.18|-0.30|1.89;0001-01-01T00:00:10.000+01:00|W5|1.9|-0.30|0.51|-0.30|1.75;0001-01-01T00:00:10.000+01:00|W6|1.3|-0.34|0.41|-0.34|1.21;0001-01-01T00:00:10.000+01:00|W7|1.8|0.14|0.24|0.14|1.78;0001-01-01T00:00:10.000+01:00|W8|1.1|0.23|0.18|0.23|0.97;0001-01-01T00:00:10.000+01:00|W9|1.5|-0.72|0.18|-0.72|1.29;0001-01-01T00:00:10.000+01:00|W10|0.8|-0.67|0.04|-0.67|0.40;0001-01-01T00:00:10.000+01:00|W11|0.8|0.38|0.09|0.38|0.61;0001-01-01T00:00:10.000+01:00|W12|0.6|-0.58|0.29|-0.58|0.08"
177.00;1.86;0001-01-01T00:00:10.0070000+01:00;153.32;4.60;-88.40;29.0;-6.856;-10.910;22.476;-22.540;13.687;-15.682;100.629;-78.680;127.821;"0001-01-01T00:00:10.000+01:00|W1|1.2|0.25|0.12|0.25|1.22;0001-01-01T00:00:10.000+01:00|W2|0.4|-0.38|0.08|-0.38|0.23;0001-01-01T00:00:10.000+01:00|W3|1.0|0.35|0.06|0.35|0.92;0001-01-01T00:00:10.000+01:00|W4|1.9|-0.30|0.18|-0.30|1.89;0001-01-01T00:00:10.000+01:00|W5|1.9|-0.30|0.51|-0.30|1.75;0001-01-01T00:00:10.000+01:00|W6|1.3|-0.34|0.41|-0.34|1.21;0001-01-01T00:00:10.000+01:00|W7|1.8|0.14|0.24|0.14|1.78;0001-01-01T00:00:10.000+01:00|W8|1.1|0.23|0.18|0.23|0.97;0001-01-01T00:00:10.000+01:00|W9|1.5|-0.72|0.18|-0.72|1.29;0001-01-01T00:00:10.000+01:00|W10|0.8|-0.67|0.04|-0.67|0.40;0001-01-01T00:00:10.000+01:00|W11|0.8|0.38|0.09|0.38|0.61;0001-01-01T00:00:10.000+01:00|W12|0.6|-0.58|0.29|-0.58|0.08"
178.00;1.81;0001-01-01T00:00:10.0350000+01:00;154.11;4.64;-89.01;29.3;-8.140;-11.121;20.652;-21.913;13.805;-15.888;100.618;-78.850;127.908;"0001-01-01T00:00:10.000+01:00|W1|1.2|0.25|0.12|0.25|1.22;0001-01-01T00:00:10.000+01:00|W2|0.4|-0.38|0.08|-0.38|0.23;0001-01-01T00:00:10.000+01:00|W3|1.0|0.35|0.06|0.35|0.92;0001-01-01T00:00:10.000+01:00|W4|1.9|-0.30|0.18|-0.30|1.89;0001-01-01T00:00:10.000+01:00|W5|1.9|-0.30|0.51|-0.30|1.75;0001-01-01T00:00:10.000+01:00|W6|1.3|-0.34|0.41|-0.34|1.21;0001-01-01T00:00:10.000+01:00|W7|1.8|0.14|0.24|0.14|1.78;0001-01-01T00:00:10.000+01:00|W8|1.1|0.23|0.18|0.23|0.97;0001-01-01T00:00:10.000+01:00|W9|1.5|-0.72|0.18|-0.72|1.29;0001-01-01T00:00:10.000+01:00|W10|0.8|-0.67|0.04|-0.67|0.40;0001-01-01T00:00:10.000+01:00|W11|0.8|0.38|0.09|0.38|0.61;0001-01-01T00:00:10.000+01:00|W12|0.6|-0.58|0.29|-0.58|0.08"
179.00;1.74;0001-01-01T00:00:10.0630000+01:00;154.89;4.67;-89.63;29.5;-9.347;-11.531;18.741;-21.936;13.901;-16.150;100.629;-79.053;128.038;"0001-01-01T00:00:10.000+01:00|W1|1.2|0.25|0.12|0.25|1.22;0001-01-01T00:00:10.000+01:00|W2|0.4|-0.38|0.08|-0.38|0.23;0001-01-01T00:00:10.000+01:00|W3|1.0|0.35|0.06|0.35|0.92;0001-01-01T00:00:10.000+01:00|W4|1.9|-0.30|0.18|-0.30|1.89;0001-01-01T00:00:10.000+01:00|W5|1.9|-0.30|0.51|-0.30|1.75;0001-01-01T00:00:10.000+01:00|W6|1.3|-0.34|0.41|-0.34|1.21;0001-01-01T00:00:10.000+01:00|W7|1.8|0.14|0.24|0.14|1.78;0001-01-01T00:00:10.000+01:00|W8|1.1|0.23|0.18|0.23|0.97;0001-01-01T00:00:10.000+01:00|W9|1.5|-0.72|0.18|-0.72|1.29;0001-01-01T00:00:10.000+01:00|W10|0.8|-0.67|0.04|-0.67|0.40;0001-01-01T00:00:10.000+01:00|W11|0.8|0.38|0.09|0.38|0.61;0001-01-01T00:00:10.000+01:00|W12|0.6|-0.58|0.29|-0.58|0.08"
180.00;1.67;0001-01-01T00:00:10.0910000+01:00;155.67;4.70;-90.26;29.8;-10.494;-12.095;16.763;-22.456;13.980;-16.455;100.657;-79.281;128.200;"0001-01-01T00:00:10.000+01:00|W1|1.2|0.25|0.12|0.25|1.22;0001-01-01T00:00:10.000+01:00|W2|0.4|-0.38|0.08|-0.38|0.23;0001-01-01T00:00:10.000+01:00|W3|1.0|0.35|0.06|0.35|0.92;0001-01-01T00:00:10.000+01:00|W4|1.9|-0.30|0.18|-0.30|1.89;0001-01-01T00:00:10.000+01:00|W5|1.9|-0.30|0.51|-0.30|1.75;0001-01-01T00:00:10.000+01:00|W6|1.3|-0.34|0.41|-0.34|1.21;0001-01-01T00:00:10.000+01:00|W7|1.8|0.14|0.24|0.14|1.78;0001-01-01T00:00:10.000+01:00|W8|1.1|0.23|0.18|0.23|0.97;0001-01-01T00:00:10.000+01:00|W9|1.5|-0.72|0.18|-0.72|1.29;0001-01-01T00:00:10.000+01:00|W10|0.8|-0.67|0.04|-0.67|0.40;0001-01-01T00:00:10.000+01:00|W11|0.8|0.38|0.09|0.38|0.61;0001-01-01T00:00:10.000+01:00|W12|0.6|-0.58|0.29|-0.58|0.08"
181.00;1.60;0001-01-01T00:00:10.1190000+01:00;156.45;4.73;-90.88;30.0;-11.430;-12.805;13.846;-21.643;14.049;-16.641;100.795;-79.401;128.384;"0001-01-01T00:00:10.000+01:00|W1|1.2|0.25|0.12|0.25|1.22;0001-01-01T00:00:10.000+01:00|W2|0.4|-0.38|0.08|-0.38|0.23;0001-01-01T00:00:10.000+01:00|W3|1.0|0.35|0.06|0.35|0.92;0001-01-01T00:00:10.000+01:00|W4|1.9|-0.30|0.18|-0.30|1.89;0001-01-01T00:00:10.000+01:00|W5|1.9|-0.30|0.51|-0.30|1.75;0001-01-01T00:00:10.000+01:00|W6|1.3|-0.34|0.41|-0.34|1.21;0001-01-01T00:00:10.000+01:00|W7|1.8|0.14|0.24|0.14|1.78;0001-01-01T00:00:10.000+01:00|W8|1.1|0.23|0.18|0.23|0.97;0001-01-01T00:00:10.000+01:00|W9|1.5|-0.72|0.18|-0.72|1.29;0001-01-01T00:00:10.000+01:00|W10|0.8|-0.67|0.04|-0.67|0.40;0001-01-01T00:00:10.000+01:00|W11|0.8|0.38|0.09|0.38|0.61;0001-01-01T00:00:10.000+01:00|W12|0.6|-0.58|0.29|-0.58|0.08"
182.00;1.53;0001-01-01T00:00:10.1470000+01:00;157.24;4.77;-91.49;30.1;-12.305;-13.557;10.653;-20.437;14.116;-16.792;100.965;-79.489;128.574;"0001-01-01T00:00:10.246+01:00|W1|1.4|0.36|0.04|0.36|1.29;0001-01-01T00:00:10.246+01:00|W2|0.4|-0.37|0.08|-0.37|0.24;0001-01-01T00:00:10.246+01:00|W3|1.0|0.34|0.06|0.34|0.91;0001-01-01T00:00:10.246+01:00|W4|1.8|-0.19|0.29|-0.19|1.76;0001-01-01T00:00:10.246+01:00|W5|2.8|-0.14|1.34|-0.14|2.64;0001-01-01T00:00:10.246+01:00|W6|1.2|-0.51|0.43|-0.51|1.05;0001-01-01T00:00:10.246+01:00|W7|1.8|0.15|0.23|0.15|1.76;0001-01-01T00:00:10.246+01:00|W8|1.0|0.25|0.19|0.25|0.92;0001-01-01T00:00:10.246+01:00|W9|1.5|-0.66|0.16|-0.66|1.35;0001-01-01T00:00:10.246+01:00|W10|0.8|-0.64|0.08|-0.64|0.39;0001-01-01T00:00:10.246+01:00|W11|0.8|0.41|0.05|0.41|0.62;0001-01-01T00:00:10.246+01:00|W12|0.6|-0.53|0.28|-0.53|0.12"
183.00;1.46;0001-01-01T00:00:10.1750000+01:00;158.02;4.81;-92.11;30.3;-12.733;-14.554;8.518;-19.975;14.385;-16.832;100.935;-79.498;128.558;"0001-01-01T00:00:10.246+01:00|W1|1.4|0.36|0.04|0.36|1.29;0001-01-01T00:00:10.246+01:00|W2|0.4|-0.37|0.08|-0.37|0.24;0001-01-01T00:00:10.246+01:00|W3|1.0|0.34|0.06|0.34|0.91;0001-01-01T00:00:10.246+01:00|W4|1.8|-0.19|0.29|-0.19|1.76;0001-01-01T00:00:10.246+01:00|W5|2.8|-0.14|1.34|-0.14|2.64;0001-01-01T00:00:10.246+01:00|W6|1.2|-0.51|0.43|-0.51|1.05;0001-01-01T00:00:10.246+01:00|W7|1.8|0.15|0.23|0.15|1.76;0001-01-01T00:00:10.246+01:00|W8|1.0|0.25|0.19|0.25|0.92;0001-01-01T00:00:10.246+01:00|W9|1.5|-0.66|0.16|-0.66|1.35;0001-01-01T00:00:10.246+01:00|W10|0.8|-0.64|0.08|-0.64|0.39;0001-01-01T00:00:10.246+01:00|W11|0.8|0.41|0.05|0.41|0.62;0001-01-01T00:00:10.246+01:00|W12|0.6|-0.53|0.28|-0.53|0.12"
184.00;1.39;0001-01-01T00:00:10.2030000+01:00;158.81;4.84;-92.73;30.5;-13.148;-15.537;6.683;-19.497;14.706;-16.825;100.951;-79.526;128.590;"0001-01-01T00:00:10.246+01:00|W1|1.4|0.36|0.04|0.36|1.29;0001-01-01T00:00:10.246+01:00|W2|0.4|-0.37|0.08|-0.37|0.24;0001-01-01T00:00:10.246+01:00|W3|1.0|0.34|0.06|0.34|0.91;0001-01-01T00:00:10.246+01:00|W4|1.8|-0.19|0.29|-0.19|1.76;0001-01-01T00:00:10.246+01:00|W5|2.8|-0.14|1.34|-0.14|2.64;0001-01-01T00:00:10.246+01:00|W6|1.2|-0.51|0.43|-0.51|1.05;0001-01-01T00:00:10.246+01:00|W7|1.8|0.15|0.23|0.15|1.76;0001-01-01T00:00:10.246+01:00|W8|1.0|0.25|0.19|0.25|0.92;0001-01-01T00:00:10.246+01:00|W9|1.5|-0.66|0.16|-0.66|1.35;0001-01-01T00:00:10.246+01:00|W10|0.8|-0.64|0.08|-0.64|0.39;0001-01-01T00:00:10.246+01:00|W11|0.8|0.41|0.05|0.41|0.62;0001-01-01T00:00:10.246+01:00|W12|0.6|-0.53|0.28|-0.53|0.12"
185.00;1.31;0001-01-01T00:00:10.2310000+01:00;159.59;4.88;-93.35;30.7;-13.532;-16.464;5.955;-18.932;15.214;-16.642;101.151;-79.634;128.816;"0001-01-01T00:00:10.246+01:00|W1|1.4|0.36|0.04|0.36|1.29;0001-01-01T00:00:10.246+01:00|W2|0.4|-0.37|0.08|-0.37|0.24;0001-01-01T00:00:10.246+01:00|W3|1.0|0.34|0.06|0.34|0.91;0001-01-01T00:00:10.246+01:00|W4|1.8|-0.19|0.29|-0.19|1.76;0001-01-01T00:00:10.246+01:00|W5|2.8|-0.14|1.34|-0.14|2.64;0001-01-01T00:00:10.246+01:00|W6|1.2|-0.51|0.43|-0.51|1.05;0001-01-01T00:00:10.246+01:00|W7|1.8|0.15|0.23|0.15|1.76;0001-01-01T00:00:10.246+01:00|W8|1.0|0.25|0.19|0.25|0.92;0001-01-01T00:00:10.246+01:00|W9|1.5|-0.66|0.16|-0.66|1.35;0001-01-01T00:00:10.246+01:00|W10|0.8|-0.64|0.08|-0.64|0.39;0001-01-01T00:00:10.246+01:00|W11|0.8|0.41|0.05|0.41|0.62;0001-01-01T00:00:10.246+01:00|W12|0.6|-0.53|0.28|-0.53|0.12"
186.00;1.23;0001-01-01T00:00:10.2590000+01:00;160.38;4.91;-93.97;30.8;-13.925;-17.406;5.340;-18.205;15.734;-16.333;101.437;-79.913;129.218;"0001-01-01T00:00:10.246+01:00|W1|1.4|0.36|0.04|0.36|1.29;0001-01-01T00:00:10.246+01:00|W2|0.4|-0.37|0.08|-0.37|0.24;0001-01-01T00:00:10.246+01:00|W3|1.0|0.34|0.06|0.34|0.91;0001-01-01T00:00:10.246+01:00|W4|1.8|-0.19|0.29|-0.19|1.76;0001-01-01T00:00:10.246+01:00|W5|2.8|-0.14|1.34|-0.14|2.64;0001-01-01T00:00:10.246+01:00|W6|1.2|-0.51|0.43|-0.51|1.05;0001-01-01T00:00:10.246+01:00|W7|1.8|0.15|0.23|0.15|1.76;0001-01-01T00:00:10.246+01:00|W8|1.0|0.25|0.19|0.25|0.92;0001-01-01T00:00:10.246+01:00|W9|1.5|-0.66|0.16|-0.66|1.35;0001-01-01T00:00:10.246+01:00|W10|0.8|-0.64|0.08|-0.64|0.39;0001-01-01T00:00:10.246+01:00|W11|0.8|0.41|0.05|0.41|0.62;0001-01-01T00:00:10.246+01:00|W12|0.6|-0.53|0.28|-0.53|0.12"
187.00;1.15;0001-01-01T00:00:10.2860000+01:00;161.16;4.95;-94.59;30.8;-14.329;-18.372;4.884;-17.251;16.271;-15.847;101.847;-80.432;129.868;"0001-01-01T00:00:10.246+01:00|W1|1.4|0.36|0.04|0.36|1.29;0001-01-01T00:00:10.246+01:00|W2|0.4|-0.37|0.08|-0.37|0.24;0001-01-01T00:00:10.246+01:00|W3|1.0|0.34|0.06|0.34|0.91;0001-01-01T00:00:10.246+01:00|W4|1.8|-0.19|0.29|-0.19|1.76;0001-01-01T00:00:10.246+01:00|W5|2.8|-0.14|1.34|-0.14|2.64;0001-01-01T00:00:10.246+01:00|W6|1.2|-0.51|0.43|-0.51|1.05;0001-01-01T00:00:10.246+01:00|W7|1.8|0.15|0.23|0.15|1.76;0001-01-01T00:00:10.246+01:00|W8|1.0|0.25|0.19|0.25|0.92;0001-01-01T00:00:10.246+01:00|W9|1.5|-0.66|0.16|-0.66|1.35;0001-01-01T00:00:10.246+01:00|W10|0.8|-0.64|0.08|-0.64|0.39;0001-01-01T00:00:10.246+01:00|W11|0.8|0.41|0.05|0.41|0.62;0001-01-01T00:00:10.246+01:00|W12|0.6|-0.53|0.28|-0.53|0.12"
188.00;1.07;0001-01-01T00:00:10.3140000+01:00;161.95;4.98;-95.21;30.3;-14.745;-19.032;3.280;-15.272;16.663;-15.056;102.316;-80.393;130.217;"0001-01-01T00:00:10.246+01:00|W1|1.4|0.36|0.04|0.36|1.29;0001-01-01T00:00:10.246+01:00|W2|0.4|-0.37|0.08|-0.37|0.24;0001-01-01T00:00:10.246+01:00|W3|1.0|0.34|0.06|0.34|0.91;0001-01-01T00:00:10.246+01:00|W4|1.8|-0.19|0.29|-0.19|1.76;0001-01-01T00:00:10.246+01:00|W5|2.8|-0.14|1.34|-0.14|2.64;0001-01-01T00:00:10.246+01:00|W6|1.2|-0.51|0.43|-0.51|1.05;0001-01-01T00:00:10.246+01:00|W7|1.8|0.15|0.23|0.15|1.76;0001-01-01T00:00:10.246+01:00|W8|1.0|0.25|0.19|0.25|0.92;0001-01-01T00:00:10.246+01:00|W9|1.5|-0.66|0.16|-0.66|1.35;0001-01-01T00:00:10.246+01:00|W10|0.8|-0.64|0.08|-0.64|0.39;0001-01-01T00:00:10.246+01:00|W11|0.8|0.41|0.05|0.41|0.62;0001-01-01T00:00:10.246+01:00|W12|0.6|-0.53|0.28|-0.53|0.12"
189.00;0.99;0001-01-01T00:00:10.3420000+01:00;162.74;5.02;-95.83;29.6;-15.168;-19.504;0.973;-12.666;16.966;-14.079;102.821;-80.013;130.382;"0001-01-01T00:00:10.246+01:00|W1|1.4|0.36|0.04|0.36|1.29;0001-01-01T00:00:10.246+01:00|W2|0.4|-0.37|0.08|-0.37|0.24;0001-01-01T00:00:10.246+01:00|W3|1.0|0.34|0.06|0.34|0.91;0001-01-01T00:00:10.246+01:00|W4|1.8|-0.19|0.29|-0.19|1.76;0001-01-01T00:00:10.246+01:00|W5|2.8|-0.14|1.34|-0.14|2.64;0001-01-01T00:00:10.246+01:00|W6|1.2|-0.51|0.43|-0.51|1.05;0001-01-01T00:00:10.246+01:00|W7|1.8|0.15|0.23|0.15|1.76;0001-01-01T00:00:10.246+01:00|W8|1.0|0.25|0.19|0.25|0.92;0001-01-01T00:00:10.246+01:00|W9|1.5|-0.66|0.16|-0.66|1.35;0001-01-01T00:00:10.246+01:00|W10|0.8|-0.64|0.08|-0.64|0.39;0001-01-01T00:00:10.246+01:00|W11|0.8|0.41|0.05|0.41|0.62;0001-01-01T00:00:10.246+01:00|W12|0.6|-0.53|0.28|-0.53|0.12"
190.00;0.91;0001-01-01T00:00:10.3690000+01:00;163.53;5.06;-96.44;28.6;-15.523;-20.042;0.372;-12.150;17.050;-13.049;103.214;-80.187;130.808;"0001-01-01T00:00:10.246+01:00|W1|1.4|0.36|0.04|0.36|1.29;0001-01-01T00:00:10.246+01:00|W2|0.4|-0.37|0.08|-0.37|0.24;0001-01-01T00:00:10.246+01:00|W3|1.0|0.34|0.06|0.34|0.91;0001-01-01T00:00:10.246+01:00|W4|1.8|-0.19|0.29|-0.19|1.76;0001-01-01T00:00:10.246+01:00|W5|2.8|-0.14|1.34|-0.14|2.64;0001-01-01T00:00:10.246+01:00|W6|1.2|-0.51|0.43|-0.51|1.05;0001-01-01T00:00:10.246+01:00|W7|1.8|0.15|0.23|0.15|1.76;0001-01-01T00:00:10.246+01:00|W8|1.0|0.25|0.19|0.25|0.92;0001-01-01T00:00:10.246+01:00|W9|1.5|-0.66|0.16|-0.66|1.35;0001-01-01T00:00:10.246+01:00|W10|0.8|-0.64|0.08|-0.64|0.39;0001-01-01T00:00:10.246+01:00|W11|0.8|0.41|0.05|0.41|0.62;0001-01-01T00:00:10.246+01:00|W12|0.6|-0.53|0.28|-0.53|0.12"
191.00;0.83;0001-01-01T00:00:10.3970000+01:00;164.32;5.11;-97.05;27.6;-15.862;-20.596;0.176;-12.130;17.082;-12.006;103.579;-80.493;131.296;"0001-01-01T00:00:10.496+01:00|W1|1.4|0.36|0.04|0.36|1.29;0001-01-01T00:00:10.496+01:00|W2|0.4|-0.36|0.06|-0.36|0.22;0001-01-01T00:00:10.496+01:00|W3|1.0|0.38|0.08|0.38|0.87;0001-01-01T00:00:10.496+01:00|W4|1.7|-0.05|0.36|-0.05|1.66;0001-01-01T00:00:10.496+01:00|W5|2.8|-0.14|1.34|-0.14|2.64;0001-01-01T00:00:10.496+01:00|W6|1.2|-0.51|0.43|-0.51|1.05;0001-01-01T00:00:10.496+01:00|W7|1.8|0.15|0.23|0.15|1.76;0001-01-01T00:00:10.496+01:00|W8|1.0|0.26|0.18|0.26|0.89;0001-01-01T00:00:10.496+01:00|W9|1.5|-0.66|0.16|-0.66|1.35;0001-01-01T00:00:10.496+01:00|W10|0.8|-0.63|0.07|-0.63|0.42;0001-01-01T00:00:10.496+01:00|W11|0.9|0.44|0.01|0.44|0.65;0001-01-01T00:00:10.496+01:00|W12|0.6|-0.53|0.28|-0.53|0.12"
192.00;0.74;0001-01-01T00:00:10.4240000+01:00;165.11;5.15;-97.67;26.0;-16.094;-21.226;-1.352;-8.919;16.610;-10.814;104.372;-80.648;132.015;"0001-01-01T00:00:10.496+01:00|W1|1.4|0.36|0.04|0.36|1.29;0001-01-01T00:00:10.496+01:00|W2|0.4|-0.36|0.06|-0.36|0.22;0001-01-01T00:00:10.496+01:00|W3|1.0|0.38|0.08|0.38|0.87;0001-01-01T00:00:10.496+01:00|W4|1.7|-0.05|0.36|-0.05|1.66;0001-01-01T00:00:10.496+01:00|W5|2.8|-0.14|1.34|-0.14|2.64;0001-01-01T00:00:10.496+01:00|W6|1.2|-0.51|0.43|-0.51|1.05;0001-01-01T00:00:10.496+01:00|W7|1.8|0.15|0.23|0.15|1.76;0001-01-01T00:00:10.496+01:00|W8|1.0|0.26|0.18|0.26|0.89;0001-01-01T00:00:10.496+01:00|W9|1.5|-0.66|0.16|-0.66|1.35;0001-01-01T00:00:10.496+01:00|W10|0.8|-0.63|0.07|-0.63|0.42;0001-01-01T00:00:10.496+01:00|W11|0.9|0.44|0.01|0.44|0.65;0001-01-01T00:00:10.496+01:00|W12|0.6|-0.53|0.28|-0.53|0.12"
193.00;0.66;0001-01-01T00:00:10.4510000+01:00;165.90;5.19;-98.28;24.3;-16.190;-21.716;-2.777;-5.827;16.087;-9.586;105.079;-80.785;132.657;"0001-01-01T00:00:10.496+01:00|W1|1.4|0.36|0.04|0.36|1.29;0001-01-01T00:00:10.496+01:00|W2|0.4|-0.36|0.06|-0.36|0.22;0001-01-01T00:00:10.496+01:00|W3|1.0|0.38|0.08|0.38|0.87;0001-01-01T00:00:10.496+01:00|W4|1.7|-0.05|0.36|-0.05|1.66;0001-01-01T00:00:10.496+01:00|W5|2.8|-0.14|1.34|-0.14|2.64;0001-01-01T00:00:10.496+01:00|W6|1.2|-0.51|0.43|-0.51|1.05;0001-01-01T00:00:10.496+01:00|W7|1.8|0.15|0.23|0.15|1.76;0001-01-01T00:00:10.496+01:00|W8|1.0|0.26|0.18|0.26|0.89;0001-01-01T00:00:10.496+01:00|W9|1.5|-0.66|0.16|-0.66|1.35;0001-01-01T00:00:10.496+01:00|W10|0.8|-0.63|0.07|-0.63|0.42;0001-01-01T00:00:10.496+01:00|W11|0.9|0.44|0.01|0.44|0.65;0001-01-01T00:00:10.496+01:00|W12|0.6|-0.53|0.28|-0.53|0.12"
194.00;0.58;0001-01-01T00:00:10.4790000+01:00;166.69;5.23;-98.89;22.3;-15.603;-21.488;-3.651;-3.407;15.316;-8.180;105.342;-80.831;132.898;"0001-01-01T00:00:10.496+01:00|W1|1.4|0.36|0.04|0.36|1.29;0001-01-01T00:00:10.496+01:00|W2|0.4|-0.36|0.06|-0.36|0.22;0001-01-01T00:00:10.496+01:00|W3|1.0|0.38|0.08|0.38|0.87;0001-01-01T00:00:10.496+01:00|W4|1.7|-0.05|0.36|-0.05|1.66;0001-01-01T00:00:10.496+01:00|W5|2.8|-0.14|1.34|-0.14|2.64;0001-01-01T00:00:10.496+01:00|W6|1.2|-0.51|0.43|-0.51|1.05;0001-01-01T00:00:10.496+01:00|W7|1.8|0.15|0.23|0.15|1.76;0001-01-01T00:00:10.496+01:00|W8|1.0|0.26|0.18|0.26|0.89;0001-01-01T00:00:10.496+01:00|W9|1.5|-0.66|0.16|-0.66|1.35;0001-01-01T00:00:10.496+01:00|W10|0.8|-0.63|0.07|-0.63|0.42;0001-01-01T00:00:10.496+01:00|W11|0.9|0.44|0.01|0.44|0.65;0001-01-01T00:00:10.496+01:00|W12|0.6|-0.53|0.28|-0.53|0.12"
195.00;0.50;0001-01-01T00:00:10.5060000+01:00;167.49;5.27;-99.50;20.2;-14.856;-21.473;-4.432;-1.229;14.474;-6.768;105.465;-80.700;132.920;"0001-01-01T00:00:10.496+01:00|W1|1.4|0.36|0.04|0.36|1.29;0001-01-01T00:00:10.496+01:00|W2|0.4|-0.36|0.06|-0.36|0.22;0001-01-01T00:00:10.496+01:00|W3|1.0|0.38|0.08|0.38|0.87;0001-01-01T00:00:10.496+01:00|W4|1.7|-0.05|0.36|-0.05|1.66;0001-01-01T00:00:10.496+01:00|W5|2.8|-0.14|1.34|-0.14|2.64;0001-01-01T00:00:10.496+01:00|W6|1.2|-0.51|0.43|-0.51|1.05;0001-01-01T00:00:10.496+01:00|W7|1.8|0.15|0.23|0.15|1.76;0001-01-01T00:00:10.496+01:00|W8|1.0|0.26|0.18|0.26|0.89;0001-01-01T00:00:10.496+01:00|W9|1.5|-0.66|0.16|-0.66|1.35;0001-01-01T00:00:10.496+01:00|W10|0.8|-0.63|0.07|-0.63|0.42;0001-01-01T00:00:10.496+01:00|W11|0.9|0.44|0.01|0.44|0.65;0001-01-01T00:00:10.496+01:00|W12|0.6|-0.53|0.28|-0.53|0.12"
196.00;0.41;0001-01-01T00:00:10.5330000+01:00;168.29;5.32;-100.10;17.9;-13.779;-21.898;-5.018;0.446;13.481;-5.345;105.297;-80.198;132.485;"0001-01-01T00:00:10.496+01:00|W1|1.4|0.36|0.04|0.36|1.29;0001-01-01T00:00:10.496+01:00|W2|0.4|-0.36|0.06|-0.36|0.22;0001-01-01T00:00:10.496+01:00|W3|1.0|0.38|0.08|0.38|0.87;0001-01-01T00:00:10.496+01:00|W4|1.7|-0.05|0.36|-0.05|1.66;0001-01-01T00:00:10.496+01:00|W5|2.8|-0.14|1.34|-0.14|2.64;0001-01-01T00:00:10.496+01:00|W6|1.2|-0.51|0.43|-0.51|1.05;0001-01-01T00:00:10.496+01:00|W7|1.8|0.15|0.23|0.15|1.76;0001-01-01T00:00:10.496+01:00|W8|1.0|0.26|0.18|0.26|0.89;0001-01-01T00:00:10.496+01:00|W9|1.5|-0.66|0.16|-0.66|1.35;0001-01-01T00:00:10.496+01:00|W10|0.8|-0.63|0.07|-0.63|0.42;0001-01-01T00:00:10.496+01:00|W11|0.9|0.44|0.01|0.44|0.65;0001-01-01T00:00:10.496+01:00|W12|0.6|-0.53|0.28|-0.53|0.12"
197.00;0.33;0001-01-01T00:00:10.5600000+01:00;169.08;5.36;-100.71;15.6;-13.526;-21.798;-3.092;0.647;12.496;-3.901;104.846;-80.365;132.234;"0001-01-01T00:00:10.496+01:00|W1|1.4|0.36|0.04|0.36|1.29;0001-01-01T00:00:10.496+01:00|W2|0.4|-0.36|0.06|-0.36|0.22;0001-01-01T00:00:10.496+01:00|W3|1.0|0.38|0.08|0.38|0.87;0001-01-01T00:00:10.496+01:00|W4|1.7|-0.05|0.36|-0.05|1.66;0001-01-01T00:00:10.496+01:00|W5|2.8|-0.14|1.34|-0.14|2.64;0001-01-01T00:00:10.496+01:00|W6|1.2|-0.51|0.43|-0.51|1.05;0001-01-01T00:00:10.496+01:00|W7|1.8|0.15|0.23|0.15|1.76;0001-01-01T00:00:10.496+01:00|W8|1.0|0.26|0.18|0.26|0.89;0001-01-01T00:00:10.496+01:00|W9|1.5|-0.66|0.16|-0.66|1.35;0001-01-01T00:00:10.496+01:00|W10|0.8|-0.63|0.07|-0.63|0.42;0001-01-01T00:00:10.496+01:00|W11|0.9|0.44|0.01|0.44|0.65;0001-01-01T00:00:10.496+01:00|W12|0.6|-0.53|0.28|-0.53|0.12"
198.00;0.24;0001-01-01T00:00:10.5880000+01:00;169.88;5.41;-101.32;13.3;-14.143;-21.144;1.486;-0.706;11.517;-2.434;104.097;-81.238;132.183;"0001-01-01T00:00:10.496+01:00|W1|1.4|0.36|0.04|0.36|1.29;0001-01-01T00:00:10.496+01:00|W2|0.4|-0.36|0.06|-0.36|0.22;0001-01-01T00:00:10.496+01:00|W3|1.0|0.38|0.08|0.38|0.87;0001-01-01T00:00:10.496+01:00|W4|1.7|-0.05|0.36|-0.05|1.66;0001-01-01T00:00:10.496+01:00|W5|2.8|-0.14|1.34|-0.14|2.64;0001-01-01T00:00:10.496+01:00|W6|1.2|-0.51|0.43|-0.51|1.05;0001-01-01T00:00:10.496+01:00|W7|1.8|0.15|0.23|0.15|1.76;0001-01-01T00:00:10.496+01:00|W8|1.0|0.26|0.18|0.26|0.89;0001-01-01T00:00:10.496+01:00|W9|1.5|-0.66|0.16|-0.66|1.35;0001-01-01T00:00:10.496+01:00|W10|0.8|-0.63|0.07|-0.63|0.42;0001-01-01T00:00:10.496+01:00|W11|0.9|0.44|0.01|0.44|0.65;0001-01-01T00:00:10.496+01:00|W12|0.6|-0.53|0.28|-0.53|0.12"
199.00;0.14;0001-01-01T00:00:10.6150000+01:00;170.67;5.45;-101.94;10.3;-17.178;-22.724;3.175;-1.488;9.964;-0.841;103.247;-80.320;130.935;"0001-01-01T00:00:10.496+01:00|W1|1.4|0.36|0.04|0.36|1.29;0001-01-01T00:00:10.496+01:00|W2|0.4|-0.36|0.06|-0.36|0.22;0001-01-01T00:00:10.496+01:00|W3|1.0|0.38|0.08|0.38|0.87;0001-01-01T00:00:10.496+01:00|W4|1.7|-0.05|0.36|-0.05|1.66;0001-01-01T00:00:10.496+01:00|W5|2.8|-0.14|1.34|-0.14|2.64;0001-01-01T00:00:10.496+01:00|W6|1.2|-0.51|0.43|-0.51|1.05;0001-01-01T00:00:10.496+01:00|W7|1.8|0.15|0.23|0.15|1.76;0001-01-01T00:00:10.496+01:00|W8|1.0|0.26|0.18|0.26|0.89;0001-01-01T00:00:10.496+01:00|W9|1.5|-0.66|0.16|-0.66|1.35;0001-01-01T00:00:10.496+01:00|W10|0.8|-0.63|0.07|-0.63|0.42;0001-01-01T00:00:10.496+01:00|W11|0.9|0.44|0.01|0.44|0.65;0001-01-01T00:00:10.496+01:00|W12|0.6|-0.53|0.28|-0.53|0.12"
200.00;0.03;0001-01-01T00:00:10.6430000+01:00;171.46;5.49;-102.56;6.9;-21.480;-25.474;3.349;-1.970;8.110;0.818;102.343;-78.463;129.062;"0001-01-01T00:00:10.746+01:00|W1|1.2|0.35|0.22|0.35|1.14;0001-01-01T00:00:10.746+01:00|W2|0.4|-0.33|0.01|-0.33|0.16;0001-01-01T00:00:10.746+01:00|W3|0.9|0.44|0.11|0.44|0.81;0001-01-01T00:00:10.746+01:00|W4|1.6|0.14|0.36|0.14|1.63;0001-01-01T00:00:10.746+01:00|W5|3.2|-0.59|1.56|-0.59|3.10;0001-01-01T00:00:10.746+01:00|W6|1.2|-0.56|0.39|-0.56|1.03;0001-01-01T00:00:10.746+01:00|W7|1.8|0.17|0.17|0.17|1.80;0001-01-01T00:00:10.746+01:00|W8|1.0|0.25|0.19|0.25|0.84;0001-01-01T00:00:10.746+01:00|W9|1.5|-0.49|0.09|-0.49|1.42;0001-01-01T00:00:10.746+01:00|W10|0.8|-0.65|0.05|-0.65|0.43;0001-01-01T00:00:10.746+01:00|W11|0.9|0.46|0.01|0.46|0.65;0001-01-01T00:00:10.746+01:00|W12|0.6|-0.61|0.17|-0.61|0.09"
201.00;0.10;0001-01-01T00:00:10.6710000+01:00;172.25;5.53;-103.18;3.6;-25.785;-28.227;3.524;-2.452;6.255;2.478;101.439;-76.605;127.197;"0001-01-01T00:00:10.746+01:00|W1|1.2|0.35|0.22|0.35|1.14;0001-01-01T00:00:10.746+01:00|W2|0.4|-0.33|0.01|-0.33|0.16;0001-01-01T00:00:10.746+01:00|W3|0.9|0.44|0.11|0.44|0.81;0001-01-01T00:00:10.746+01:00|W4|1.6|0.14|0.36|0.14|1.63;0001-01-01T00:00:10.746+01:00|W5|3.2|-0.59|1.56|-0.59|3.10;0001-01-01T00:00:10.746+01:00|W6|1.2|-0.56|0.39|-0.56|1.03;0001-01-01T00:00:10.746+01:00|W7|1.8|0.17|0.17|0.17|1.80;0001-01-01T00:00:10.746+01:00|W8|1.0|0.25|0.19|0.25|0.84;0001-01-01T00:00:10.746+01:00|W9|1.5|-0.49|0.09|-0.49|1.42;0001-01-01T00:00:10.746+01:00|W10|0.8|-0.65|0.05|-0.65|0.43;0001-01-01T00:00:10.746+01:00|W11|0.9|0.46|0.01|0.46|0.65;0001-01-01T00:00:10.746+01:00|W12|0.6|-0.61|0.17|-0.61|0.09"
202.00;0.18;0001-01-01T00:00:10.6980000+01:00;173.03;5.57;-103.79;0.4;-29.899;-30.785;3.756;-2.916;4.453;4.104;100.662;-74.871;125.519;"0001-01-01T00:00:10.746+01:00|W1|1.2|0.35|0.22|0.35|1.14;0001-01-01T00:00:10.746+01:00|W2|0.4|-0.33|0.01|-0.33|0.16;0001-01-01T00:00:10.746+01:00|W3|0.9|0.44|0.11|0.44|0.81;0001-01-01T00:00:10.746+01:00|W4|1.6|0.14|0.36|0.14|1.63;0001-01-01T00:00:10.746+01:00|W5|3.2|-0.59|1.56|-0.59|3.10;0001-01-01T00:00:10.746+01:00|W6|1.2|-0.56|0.39|-0.56|1.03;0001-01-01T00:00:10.746+01:00|W7|1.8|0.17|0.17|0.17|1.80;0001-01-01T00:00:10.746+01:00|W8|1.0|0.25|0.19|0.25|0.84;0001-01-01T00:00:10.746+01:00|W9|1.5|-0.49|0.09|-0.49|1.42;0001-01-01T00:00:10.746+01:00|W10|0.8|-0.65|0.05|-0.65|0.43;0001-01-01T00:00:10.746+01:00|W11|0.9|0.46|0.01|0.46|0.65;0001-01-01T00:00:10.746+01:00|W12|0.6|-0.61|0.17|-0.61|0.09"
202.50;0.00;0001-01-01T00:00:10.7080000+01:00;173.32;5.59;-104.00;1.0;-29.991;-30.075;4.452;-2.969;4.092;4.566;101.584;-75.285;126.505;"0001-01-01T00:00:10.746+01:00|W1|1.2|0.35|0.22|0.35|1.14;0001-01-01T00:00:10.746+01:00|W2|0.4|-0.33|0.01|-0.33|0.16;0001-01-01T00:00:10.746+01:00|W3|0.9|0.44|0.11|0.44|0.81;0001-01-01T00:00:10.746+01:00|W4|1.6|0.14|0.36|0.14|1.63;0001-01-01T00:00:10.746+01:00|W5|3.2|-0.59|1.56|-0.59|3.10;0001-01-01T00:00:10.746+01:00|W6|1.2|-0.56|0.39|-0.56|1.03;0001-01-01T00:00:10.746+01:00|W7|1.8|0.17|0.17|0.17|1.80;0001-01-01T00:00:10.746+01:00|W8|1.0|0.25|0.19|0.25|0.84;0001-01-01T00:00:10.746+01:00|W9|1.5|-0.49|0.09|-0.49|1.42;0001-01-01T00:00:10.746+01:00|W10|0.8|-0.65|0.05|-0.65|0.43;0001-01-01T00:00:10.746+01:00|W11|0.9|0.46|0.01|0.46|0.65;0001-01-01T00:00:10.746+01:00|W12|0.6|-0.61|0.17|-0.61|0.09"
