Position;Height above ground [m];Time;X [m];Y [m];Z [m];Opening Angle [°];Stalling Angle Left [°];Stalling Angle Right [°];Roll Angle Left [°];Roll Angle Right [°];Yaw Angle Left [°];Yaw Angle Right [°];Speed hor. [km/h];Speed vert. [km/h];Speed resulting [km/h];WindTime|WindName|WindSpeed|WindSpeedTangent|WindTurbulence|WindSpeedCleanTan|WindSpeedCross
NaN;NaN;0001-01-01T00:00:00.0560000+01:00;-82.83;0.00;44.23;NaN;NaN;NaN;NaN;NaN;NaN;NaN;0.000;0.000;0.000;"0001-01-01T00:00:00.000+01:00|W1|0.8|-0.65|0.27|-0.65|0.48;0001-01-01T00:00:00.000+01:00|W2|1.0|0.87|0.14|0.87|0.22;0001-01-01T00:00:00.000+01:00|W3|1.1|1.07|0.15|1.07|0.33;0001-01-01T00:00:00.000+01:00|W4|0.9|-0.21|0.26|-0.21|0.90;0001-01-01T00:00:00.000+01:00|W5|0.4|-0.25|0.09|-0.25|0.28;0001-01-01T00:00:00.000+01:00|W6|1.3|-1.24|0.34|-1.24|0.29;0001-01-01T00:00:00.000+01:00|W7|0.8|-0.04|0.16|-0.04|0.80;0001-01-01T00:00:00.000+01:00|W8|1.1|0.18|0.09|0.18|1.01;0001-01-01T00:00:00.000+01:00|W9|0.6|0.01|0.07|0.01|0.56;0001-01-01T00:00:00.000+01:00|W10|1.8|-1.79|0.09|-1.79|0.07;0001-01-01T00:00:00.000+01:00|W11|2.0|-1.90|0.12|-1.90|0.24;0001-01-01T00:00:00.000+01:00|W12|1.3|-1.23|0.10|-1.23|0.01"
0.00;2.93;0001-01-01T00:00:04.3410000+01:00;0.03;0.00;-0.01;0.0;-11.500;-11.500;0.000;0.000;0.000;0.000;96.371;-19.607;98.345;"0001-01-01T00:00:04.253+01:00|W1|1.1|-0.81|0.19|-0.81|0.72;0001-01-01T00:00:04.253+01:00|W2|0.8|0.53|0.16|0.53|0.02;0001-01-01T00:00:04.253+01:00|W3|1.0|0.37|0.18|0.37|0.06;0001-01-01T00:00:04.253+01:00|W4|0.8|-0.08|0.03|-0.08|0.65;0001-01-01T00:00:04.253+01:00|W5|0.3|-0.27|0.07|-0.27|0.19;0001-01-01T00:00:04.253+01:00|W6|1.0|-1.02|0.13|-1.02|0.10;0001-01-01T00:00:04.253+01:00|W7|0.8|0.09|0.00|0.09|0.78;0001-01-01T00:00:04.253+01:00|W8|0.8|0.18|0.06|0.18|0.80;0001-01-01T00:00:04.253+01:00|W9|0.5|-0.05|0.01|-0.05|0.44;0001-01-01T00:00:04.253+01:00|W10|1.3|-1.31|0.10|-1.31|0.29;0001-01-01T00:00:04.253+01:00|W11|1.9|-1.74|0.21|-1.74|0.78;0001-01-01T00:00:04.253+01:00|W12|1.8|-1.56|0.38|-1.56|0.06"
1.00;2.89;0001-01-01T00:00:04.4990000+01:00;1.34;-0.00;-0.19;3.3;-9.077;-8.641;-6.920;2.291;1.054;-2.259;95.954;-10.206;96.496;"0001-01-01T00:00:04.501+01:00|W1|1.0|-0.78|0.12|-0.78|0.67;0001-01-01T00:00:04.501+01:00|W2|0.8|0.53|0.16|0.53|0.02;0001-01-01T00:00:04.501+01:00|W3|0.9|0.34|0.21|0.34|0.01;0001-01-01T00:00:04.501+01:00|W4|0.8|-0.08|0.03|-0.08|0.65;0001-01-01T00:00:04.501+01:00|W5|0.4|-0.26|0.04|-0.26|0.23;0001-01-01T00:00:04.501+01:00|W6|1.1|-1.07|0.07|-1.07|0.14;0001-01-01T00:00:04.501+01:00|W7|0.8|0.10|0.05|0.10|0.81;0001-01-01T00:00:04.501+01:00|W8|0.8|0.18|0.06|0.18|0.80;0001-01-01T00:00:04.501+01:00|W9|0.5|-0.05|0.01|-0.05|0.44;0001-01-01T00:00:04.501+01:00|W10|1.3|-1.31|0.10|-1.31|0.29;0001-01-01T00:00:04.501+01:00|W11|2.1|-1.85|0.35|-1.85|0.88;0001-01-01T00:00:04.501+01:00|W12|1.8|-1.56|0.38|-1.56|0.06"
2.00;2.91;0001-01-01T00:00:04.4230000+01:00;2.38;-0.00;-0.32;5.0;-6.466;-5.534;-4.803;-0.736;2.348;-2.655;96.909;-10.655;97.494;"0001-01-01T00:00:04.501+01:00|W1|1.0|-0.78|0.12|-0.78|0.67;0001-01-01T00:00:04.501+01:00|W2|0.8|0.53|0.16|0.53|0.02;0001-01-01T00:00:04.501+01:00|W3|0.9|0.34|0.21|0.34|0.01;0001-01-01T00:00:04.501+01:00|W4|0.8|-0.08|0.03|-0.08|0.65;0001-01-01T00:00:04.501+01:00|W5|0.4|-0.26|0.04|-0.26|0.23;0001-01-01T00:00:04.501+01:00|W6|1.1|-1.07|0.07|-1.07|0.14;0001-01-01T00:00:04.501+01:00|W7|0.8|0.10|0.05|0.10|0.81;0001-01-01T00:00:04.501+01:00|W8|0.8|0.18|0.06|0.18|0.80;0001-01-01T00:00:04.501+01:00|W9|0.5|-0.05|0.01|-0.05|0.44;0001-01-01T00:00:04.501+01:00|W10|1.3|-1.31|0.10|-1.31|0.29;0001-01-01T00:00:04.501+01:00|W11|2.1|-1.85|0.35|-1.85|0.88;0001-01-01T00:00:04.501+01:00|W12|1.8|-1.56|0.38|-1.56|0.06"
3.00;2.95;0001-01-01T00:00:04.5240000+01:00;3.42;0.00;-0.44;8.6;-2.268;-0.955;-7.335;0.577;4.578;-4.028;97.425;-12.045;98.169;"0001-01-01T00:00:04.501+01:00|W1|1.0|-0.78|0.12|-0.78|0.67;0001-01-01T00:00:04.501+01:00|W2|0.8|0.53|0.16|0.53|0.02;0001-01-01T00:00:04.501+01:00|W3|0.9|0.34|0.21|0.34|0.01;0001-01-01T00:00:04.501+01:00|W4|0.8|-0.08|0.03|-0.08|0.65;0001-01-01T00:00:04.501+01:00|W5|0.4|-0.26|0.04|-0.26|0.23;0001-01-01T00:00:04.501+01:00|W6|1.1|-1.07|0.07|-1.07|0.14;0001-01-01T00:00:04.501+01:00|W7|0.8|0.10|0.05|0.10|0.81;0001-01-01T00:00:04.501+01:00|W8|0.8|0.18|0.06|0.18|0.80;0001-01-01T00:00:04.501+01:00|W9|0.5|-0.05|0.01|-0.05|0.44;0001-01-01T00:00:04.501+01:00|W10|1.3|-1.31|0.10|-1.31|0.29;0001-01-01T00:00:04.501+01:00|W11|2.1|-1.85|0.35|-1.85|0.88;0001-01-01T00:00:04.501+01:00|W12|1.8|-1.56|0.38|-1.56|0.06"
4.00;3.00;0001-01-01T00:00:04.6220000+01:00;4.46;0.01;-0.57;12.7;2.394;4.056;-11.210;3.144;7.083;-5.684;97.816;-13.708;98.773;"0001-01-01T00:00:04.501+01:00|W1|1.0|-0.78|0.12|-0.78|0.67;0001-01-01T00:00:04.501+01:00|W2|0.8|0.53|0.16|0.53|0.02;0001-01-01T00:00:04.501+01:00|W3|0.9|0.34|0.21|0.34|0.01;0001-01-01T00:00:04.501+01:00|W4|0.8|-0.08|0.03|-0.08|0.65;0001-01-01T00:00:04.501+01:00|W5|0.4|-0.26|0.04|-0.26|0.23;0001-01-01T00:00:04.501+01:00|W6|1.1|-1.07|0.07|-1.07|0.14;0001-01-01T00:00:04.501+01:00|W7|0.8|0.10|0.05|0.10|0.81;0001-01-01T00:00:04.501+01:00|W8|0.8|0.18|0.06|0.18|0.80;0001-01-01T00:00:04.501+01:00|W9|0.5|-0.05|0.01|-0.05|0.44;0001-01-01T00:00:04.501+01:00|W10|1.3|-1.31|0.10|-1.31|0.29;0001-01-01T00:00:04.501+01:00|W11|2.1|-1.85|0.35|-1.85|0.88;0001-01-01T00:00:04.501+01:00|W12|1.8|-1.56|0.38|-1.56|0.06"
5.00;3.05;0001-01-01T00:00:04.6610000+01:00;5.49;0.01;-0.70;17.1;6.540;8.431;-13.638;4.475;9.687;-7.535;98.149;-15.087;99.303;"0001-01-01T00:00:04.751+01:00|W1|1.0|-0.77|0.09|-0.77|0.63;0001-01-01T00:00:04.751+01:00|W2|0.7|0.49|0.23|0.49|0.02;0001-01-01T00:00:04.751+01:00|W3|0.9|0.31|0.25|0.31|0.12;0001-01-01T00:00:04.751+01:00|W4|0.8|-0.10|0.03|-0.10|0.62;0001-01-01T00:00:04.751+01:00|W5|0.3|-0.24|0.08|-0.24|0.19;0001-01-01T00:00:04.751+01:00|W6|1.1|-1.10|0.01|-1.10|0.20;0001-01-01T00:00:04.751+01:00|W7|0.9|0.14|0.08|0.14|0.81;0001-01-01T00:00:04.751+01:00|W8|0.8|0.17|0.04|0.17|0.79;0001-01-01T00:00:04.751+01:00|W9|0.5|-0.22|0.08|-0.22|0.49;0001-01-01T00:00:04.751+01:00|W10|1.4|-1.30|0.05|-1.30|0.39;0001-01-01T00:00:04.751+01:00|W11|2.2|-1.97|0.46|-1.97|0.90;0001-01-01T00:00:04.751+01:00|W12|1.8|-1.59|0.41|-1.59|0.07"
6.00;3.11;0001-01-01T00:00:04.6990000+01:00;6.53;0.02;-0.86;22.7;8.247;9.809;-9.292;0.038;12.735;-10.278;98.207;-15.130;99.368;"0001-01-01T00:00:04.751+01:00|W1|1.0|-0.77|0.09|-0.77|0.63;0001-01-01T00:00:04.751+01:00|W2|0.7|0.49|0.23|0.49|0.02;0001-01-01T00:00:04.751+01:00|W3|0.9|0.31|0.25|0.31|0.12;0001-01-01T00:00:04.751+01:00|W4|0.8|-0.10|0.03|-0.10|0.62;0001-01-01T00:00:04.751+01:00|W5|0.3|-0.24|0.08|-0.24|0.19;0001-01-01T00:00:04.751+01:00|W6|1.1|-1.10|0.01|-1.10|0.20;0001-01-01T00:00:04.751+01:00|W7|0.9|0.14|0.08|0.14|0.81;0001-01-01T00:00:04.751+01:00|W8|0.8|0.17|0.04|0.17|0.79;0001-01-01T00:00:04.751+01:00|W9|0.5|-0.22|0.08|-0.22|0.49;0001-01-01T00:00:04.751+01:00|W10|1.4|-1.30|0.05|-1.30|0.39;0001-01-01T00:00:04.751+01:00|W11|2.2|-1.97|0.46|-1.97|0.90;0001-01-01T00:00:04.751+01:00|W12|1.8|-1.59|0.41|-1.59|0.07"
7.00;3.15;0001-01-01T00:00:04.7360000+01:00;7.55;0.03;-1.04;28.6;8.453;9.502;-7.571;-3.032;15.516;-13.405;98.112;-16.999;99.577;"0001-01-01T00:00:04.751+01:00|W1|1.0|-0.77|0.09|-0.77|0.63;0001-01-01T00:00:04.751+01:00|W2|0.7|0.49|0.23|0.49|0.02;0001-01-01T00:00:04.751+01:00|W3|0.9|0.31|0.25|0.31|0.12;0001-01-01T00:00:04.751+01:00|W4|0.8|-0.10|0.03|-0.10|0.62;0001-01-01T00:00:04.751+01:00|W5|0.3|-0.24|0.08|-0.24|0.19;0001-01-01T00:00:04.751+01:00|W6|1.1|-1.10|0.01|-1.10|0.20;0001-01-01T00:00:04.751+01:00|W7|0.9|0.14|0.08|0.14|0.81;0001-01-01T00:00:04.751+01:00|W8|0.8|0.17|0.04|0.17|0.79;0001-01-01T00:00:04.751+01:00|W9|0.5|-0.22|0.08|-0.22|0.49;0001-01-01T00:00:04.751+01:00|W10|1.4|-1.30|0.05|-1.30|0.39;0001-01-01T00:00:04.751+01:00|W11|2.2|-1.97|0.46|-1.97|0.90;0001-01-01T00:00:04.751+01:00|W12|1.8|-1.59|0.41|-1.59|0.07"
8.00;3.20;0001-01-01T00:00:04.7740000+01:00;8.58;0.03;-1.22;32.4;8.650;8.930;-4.942;-6.302;17.374;-16.008;97.994;-18.423;99.716;"0001-01-01T00:00:04.751+01:00|W1|1.0|-0.77|0.09|-0.77|0.63;0001-01-01T00:00:04.751+01:00|W2|0.7|0.49|0.23|0.49|0.02;0001-01-01T00:00:04.751+01:00|W3|0.9|0.31|0.25|0.31|0.12;0001-01-01T00:00:04.751+01:00|W4|0.8|-0.10|0.03|-0.10|0.62;0001-01-01T00:00:04.751+01:00|W5|0.3|-0.24|0.08|-0.24|0.19;0001-01-01T00:00:04.751+01:00|W6|1.1|-1.10|0.01|-1.10|0.20;0001-01-01T00:00:04.751+01:00|W7|0.9|0.14|0.08|0.14|0.81;0001-01-01T00:00:04.751+01:00|W8|0.8|0.17|0.04|0.17|0.79;0001-01-01T00:00:04.751+01:00|W9|0.5|-0.22|0.08|-0.22|0.49;0001-01-01T00:00:04.751+01:00|W10|1.4|-1.30|0.05|-1.30|0.39;0001-01-01T00:00:04.751+01:00|W11|2.2|-1.97|0.46|-1.97|0.90;0001-01-01T00:00:04.751+01:00|W12|1.8|-1.59|0.41|-1.59|0.07"
9.00;3.26;0001-01-01T00:00:04.7450000+01:00;9.60;0.02;-1.41;34.5;9.052;8.358;-1.131;-9.946;18.443;-18.087;97.875;-19.191;99.749;"0001-01-01T00:00:04.751+01:00|W1|1.0|-0.77|0.09|-0.77|0.63;0001-01-01T00:00:04.751+01:00|W2|0.7|0.49|0.23|0.49|0.02;0001-01-01T00:00:04.751+01:00|W3|0.9|0.31|0.25|0.31|0.12;0001-01-01T00:00:04.751+01:00|W4|0.8|-0.10|0.03|-0.10|0.62;0001-01-01T00:00:04.751+01:00|W5|0.3|-0.24|0.08|-0.24|0.19;0001-01-01T00:00:04.751+01:00|W6|1.1|-1.10|0.01|-1.10|0.20;0001-01-01T00:00:04.751+01:00|W7|0.9|0.14|0.08|0.14|0.81;0001-01-01T00:00:04.751+01:00|W8|0.8|0.17|0.04|0.17|0.79;0001-01-01T00:00:04.751+01:00|W9|0.5|-0.22|0.08|-0.22|0.49;0001-01-01T00:00:04.751+01:00|W10|1.4|-1.30|0.05|-1.30|0.39;0001-01-01T00:00:04.751+01:00|W11|2.2|-1.97|0.46|-1.97|0.90;0001-01-01T00:00:04.751+01:00|W12|1.8|-1.59|0.41|-1.59|0.07"
10.00;3.33;0001-01-01T00:00:04.4450000+01:00;10.62;0.00;-1.61;36.6;9.453;7.787;2.679;-13.589;19.512;-20.165;97.756;-19.959;99.791;"0001-01-01T00:00:04.501+01:00|W1|1.0|-0.78|0.12|-0.78|0.67;0001-01-01T00:00:04.501+01:00|W2|0.8|0.53|0.16|0.53|0.02;0001-01-01T00:00:04.501+01:00|W3|0.9|0.34|0.21|0.34|0.01;0001-01-01T00:00:04.501+01:00|W4|0.8|-0.08|0.03|-0.08|0.65;0001-01-01T00:00:04.501+01:00|W5|0.4|-0.26|0.04|-0.26|0.23;0001-01-01T00:00:04.501+01:00|W6|1.1|-1.07|0.07|-1.07|0.14;0001-01-01T00:00:04.501+01:00|W7|0.8|0.10|0.05|0.10|0.81;0001-01-01T00:00:04.501+01:00|W8|0.8|0.18|0.06|0.18|0.80;0001-01-01T00:00:04.501+01:00|W9|0.5|-0.05|0.01|-0.05|0.44;0001-01-01T00:00:04.501+01:00|W10|1.3|-1.31|0.10|-1.31|0.29;0001-01-01T00:00:04.501+01:00|W11|2.1|-1.85|0.35|-1.85|0.88;0001-01-01T00:00:04.501+01:00|W12|1.8|-1.56|0.38|-1.56|0.06"
11.00;3.41;0001-01-01T00:00:04.7350000+01:00;11.64;0.05;-1.81;39.8;9.858;7.760;6.529;-17.369;20.592;-20.686;97.494;-19.547;99.444;"0001-01-01T00:00:04.751+01:00|W1|1.0|-0.77|0.09|-0.77|0.63;0001-01-01T00:00:04.751+01:00|W2|0.7|0.49|0.23|0.49|0.02;0001-01-01T00:00:04.751+01:00|W3|0.9|0.31|0.25|0.31|0.12;0001-01-01T00:00:04.751+01:00|W4|0.8|-0.10|0.03|-0.10|0.62;0001-01-01T00:00:04.751+01:00|W5|0.3|-0.24|0.08|-0.24|0.19;0001-01-01T00:00:04.751+01:00|W6|1.1|-1.10|0.01|-1.10|0.20;0001-01-01T00:00:04.751+01:00|W7|0.9|0.14|0.08|0.14|0.81;0001-01-01T00:00:04.751+01:00|W8|0.8|0.17|0.04|0.17|0.79;0001-01-01T00:00:04.751+01:00|W9|0.5|-0.22|0.08|-0.22|0.49;0001-01-01T00:00:04.751+01:00|W10|1.4|-1.30|0.05|-1.30|0.39;0001-01-01T00:00:04.751+01:00|W11|2.2|-1.97|0.46|-1.97|0.90;0001-01-01T00:00:04.751+01:00|W12|1.8|-1.59|0.41|-1.59|0.07"
12.00;3.49;0001-01-01T00:00:04.9250000+01:00;12.66;0.08;-2.01;40.8;10.203;8.162;8.915;-19.790;20.798;-20.505;97.391;-20.177;99.466;"0001-01-01T00:00:05.004+01:00|W1|1.0|-0.74|0.05|-0.74|0.63;0001-01-01T00:00:05.004+01:00|W2|0.7|0.49|0.23|0.49|0.02;0001-01-01T00:00:05.004+01:00|W3|0.9|0.37|0.25|0.37|0.24;0001-01-01T00:00:05.004+01:00|W4|0.8|-0.08|0.01|-0.08|0.60;0001-01-01T00:00:05.004+01:00|W5|0.3|-0.22|0.12|-0.22|0.14;0001-01-01T00:00:05.004+01:00|W6|1.2|-1.12|0.04|-1.12|0.27;0001-01-01T00:00:05.004+01:00|W7|0.9|0.13|0.09|0.13|0.78;0001-01-01T00:00:05.004+01:00|W8|0.8|0.17|0.02|0.17|0.79;0001-01-01T00:00:05.004+01:00|W9|0.6|-0.28|0.11|-0.28|0.50;0001-01-01T00:00:05.004+01:00|W10|1.3|-1.26|0.06|-1.26|0.42;0001-01-01T00:00:05.004+01:00|W11|2.3|-1.99|0.50|-1.99|0.88;0001-01-01T00:00:05.004+01:00|W12|1.7|-1.57|0.22|-1.57|0.07"
13.00;3.58;0001-01-01T00:00:04.9630000+01:00;13.68;0.09;-2.23;39.8;10.381;8.785;10.708;-21.017;20.318;-19.886;97.377;-21.444;99.718;"0001-01-01T00:00:05.004+01:00|W1|1.0|-0.74|0.05|-0.74|0.63;0001-01-01T00:00:05.004+01:00|W2|0.7|0.49|0.23|0.49|0.02;0001-01-01T00:00:05.004+01:00|W3|0.9|0.37|0.25|0.37|0.24;0001-01-01T00:00:05.004+01:00|W4|0.8|-0.08|0.01|-0.08|0.60;0001-01-01T00:00:05.004+01:00|W5|0.3|-0.22|0.12|-0.22|0.14;0001-01-01T00:00:05.004+01:00|W6|1.2|-1.12|0.04|-1.12|0.27;0001-01-01T00:00:05.004+01:00|W7|0.9|0.13|0.09|0.13|0.78;0001-01-01T00:00:05.004+01:00|W8|0.8|0.17|0.02|0.17|0.79;0001-01-01T00:00:05.004+01:00|W9|0.6|-0.28|0.11|-0.28|0.50;0001-01-01T00:00:05.004+01:00|W10|1.3|-1.26|0.06|-1.26|0.42;0001-01-01T00:00:05.004+01:00|W11|2.3|-1.99|0.50|-1.99|0.88;0001-01-01T00:00:05.004+01:00|W12|1.7|-1.57|0.22|-1.57|0.07"
14.00;3.68;0001-01-01T00:00:05.0000000+01:00;14.69;0.11;-2.44;39.4;10.155;9.204;14.536;-21.951;19.897;-19.051;97.162;-21.519;99.526;"0001-01-01T00:00:05.004+01:00|W1|1.0|-0.74|0.05|-0.74|0.63;0001-01-01T00:00:05.004+01:00|W2|0.7|0.49|0.23|0.49|0.02;0001-01-01T00:00:05.004+01:00|W3|0.9|0.37|0.25|0.37|0.24;0001-01-01T00:00:05.004+01:00|W4|0.8|-0.08|0.01|-0.08|0.60;0001-01-01T00:00:05.004+01:00|W5|0.3|-0.22|0.12|-0.22|0.14;0001-01-01T00:00:05.004+01:00|W6|1.2|-1.12|0.04|-1.12|0.27;0001-01-01T00:00:05.004+01:00|W7|0.9|0.13|0.09|0.13|0.78;0001-01-01T00:00:05.004+01:00|W8|0.8|0.17|0.02|0.17|0.79;0001-01-01T00:00:05.004+01:00|W9|0.6|-0.28|0.11|-0.28|0.50;0001-01-01T00:00:05.004+01:00|W10|1.3|-1.26|0.06|-1.26|0.42;0001-01-01T00:00:05.004+01:00|W11|2.3|-1.99|0.50|-1.99|0.88;0001-01-01T00:00:05.004+01:00|W12|1.7|-1.57|0.22|-1.57|0.07"
15.00;3.74;0001-01-01T00:00:05.0370000+01:00;15.70;0.12;-2.70;37.9;9.393;9.606;17.028;-22.846;19.975;-18.251;97.096;-23.084;99.815;"0001-01-01T00:00:05.004+01:00|W1|1.0|-0.74|0.05|-0.74|0.63;0001-01-01T00:00:05.004+01:00|W2|0.7|0.49|0.23|0.49|0.02;0001-01-01T00:00:05.004+01:00|W3|0.9|0.37|0.25|0.37|0.24;0001-01-01T00:00:05.004+01:00|W4|0.8|-0.08|0.01|-0.08|0.60;0001-01-01T00:00:05.004+01:00|W5|0.3|-0.22|0.12|-0.22|0.14;0001-01-01T00:00:05.004+01:00|W6|1.2|-1.12|0.04|-1.12|0.27;0001-01-01T00:00:05.004+01:00|W7|0.9|0.13|0.09|0.13|0.78;0001-01-01T00:00:05.004+01:00|W8|0.8|0.17|0.02|0.17|0.79;0001-01-01T00:00:05.004+01:00|W9|0.6|-0.28|0.11|-0.28|0.50;0001-01-01T00:00:05.004+01:00|W10|1.3|-1.26|0.06|-1.26|0.42;0001-01-01T00:00:05.004+01:00|W11|2.3|-1.99|0.50|-1.99|0.88;0001-01-01T00:00:05.004+01:00|W12|1.7|-1.57|0.22|-1.57|0.07"
16.00;3.82;0001-01-01T00:00:05.0740000+01:00;16.70;0.14;-2.94;37.1;8.552;9.696;19.446;-23.907;20.108;-17.592;97.182;-24.139;100.147;"0001-01-01T00:00:05.004+01:00|W1|1.0|-0.74|0.05|-0.74|0.63;0001-01-01T00:00:05.004+01:00|W2|0.7|0.49|0.23|0.49|0.02;0001-01-01T00:00:05.004+01:00|W3|0.9|0.37|0.25|0.37|0.24;0001-01-01T00:00:05.004+01:00|W4|0.8|-0.08|0.01|-0.08|0.60;0001-01-01T00:00:05.004+01:00|W5|0.3|-0.22|0.12|-0.22|0.14;0001-01-01T00:00:05.004+01:00|W6|1.2|-1.12|0.04|-1.12|0.27;0001-01-01T00:00:05.004+01:00|W7|0.9|0.13|0.09|0.13|0.78;0001-01-01T00:00:05.004+01:00|W8|0.8|0.17|0.02|0.17|0.79;0001-01-01T00:00:05.004+01:00|W9|0.6|-0.28|0.11|-0.28|0.50;0001-01-01T00:00:05.004+01:00|W10|1.3|-1.26|0.06|-1.26|0.42;0001-01-01T00:00:05.004+01:00|W11|2.3|-1.99|0.50|-1.99|0.88;0001-01-01T00:00:05.004+01:00|W12|1.7|-1.57|0.22|-1.57|0.07"
17.00;3.92;0001-01-01T00:00:05.1120000+01:00;17.71;0.16;-3.18;37.0;7.742;9.451;21.344;-24.675;20.263;-17.121;97.278;-24.731;100.382;"0001-01-01T00:00:05.004+01:00|W1|1.0|-0.74|0.05|-0.74|0.63;0001-01-01T00:00:05.004+01:00|W2|0.7|0.49|0.23|0.49|0.02;0001-01-01T00:00:05.004+01:00|W3|0.9|0.37|0.25|0.37|0.24;0001-01-01T00:00:05.004+01:00|W4|0.8|-0.08|0.01|-0.08|0.60;0001-01-01T00:00:05.004+01:00|W5|0.3|-0.22|0.12|-0.22|0.14;0001-01-01T00:00:05.004+01:00|W6|1.2|-1.12|0.04|-1.12|0.27;0001-01-01T00:00:05.004+01:00|W7|0.9|0.13|0.09|0.13|0.78;0001-01-01T00:00:05.004+01:00|W8|0.8|0.17|0.02|0.17|0.79;0001-01-01T00:00:05.004+01:00|W9|0.6|-0.28|0.11|-0.28|0.50;0001-01-01T00:00:05.004+01:00|W10|1.3|-1.26|0.06|-1.26|0.42;0001-01-01T00:00:05.004+01:00|W11|2.3|-1.99|0.50|-1.99|0.88;0001-01-01T00:00:05.004+01:00|W12|1.7|-1.57|0.22|-1.57|0.07"
18.00;4.01;0001-01-01T00:00:05.1490000+01:00;18.71;0.17;-3.45;37.0;7.119;9.007;21.079;-23.762;20.487;-16.884;96.946;-25.857;100.346;"0001-01-01T00:00:05.253+01:00|W1|1.0|-0.71|0.02|-0.71|0.63;0001-01-01T00:00:05.253+01:00|W2|0.7|0.49|0.23|0.49|0.02;0001-01-01T00:00:05.253+01:00|W3|0.9|0.38|0.22|0.38|0.30;0001-01-01T00:00:05.253+01:00|W4|0.8|-0.08|0.01|-0.08|0.60;0001-01-01T00:00:05.253+01:00|W5|0.2|-0.18|0.18|-0.18|0.07;0001-01-01T00:00:05.253+01:00|W6|1.1|-1.04|0.02|-1.04|0.29;0001-01-01T00:00:05.253+01:00|W7|0.9|0.04|0.08|0.04|0.74;0001-01-01T00:00:05.253+01:00|W8|0.8|0.17|0.02|0.17|0.79;0001-01-01T00:00:05.253+01:00|W9|0.6|-0.28|0.11|-0.28|0.50;0001-01-01T00:00:05.253+01:00|W10|1.3|-1.26|0.03|-1.26|0.42;0001-01-01T00:00:05.253+01:00|W11|2.3|-2.01|0.50|-2.01|0.81;0001-01-01T00:00:05.253+01:00|W12|1.7|-1.57|0.22|-1.57|0.07"
19.00;4.10;0001-01-01T00:00:05.1860000+01:00;19.71;0.19;-3.72;36.8;6.994;8.027;22.807;-23.359;20.334;-16.831;96.939;-26.389;100.476;"0001-01-01T00:00:05.253+01:00|W1|1.0|-0.71|0.02|-0.71|0.63;0001-01-01T00:00:05.253+01:00|W2|0.7|0.49|0.23|0.49|0.02;0001-01-01T00:00:05.253+01:00|W3|0.9|0.38|0.22|0.38|0.30;0001-01-01T00:00:05.253+01:00|W4|0.8|-0.08|0.01|-0.08|0.60;0001-01-01T00:00:05.253+01:00|W5|0.2|-0.18|0.18|-0.18|0.07;0001-01-01T00:00:05.253+01:00|W6|1.1|-1.04|0.02|-1.04|0.29;0001-01-01T00:00:05.253+01:00|W7|0.9|0.04|0.08|0.04|0.74;0001-01-01T00:00:05.253+01:00|W8|0.8|0.17|0.02|0.17|0.79;0001-01-01T00:00:05.253+01:00|W9|0.6|-0.28|0.11|-0.28|0.50;0001-01-01T00:00:05.253+01:00|W10|1.3|-1.26|0.03|-1.26|0.42;0001-01-01T00:00:05.253+01:00|W11|2.3|-2.01|0.50|-2.01|0.81;0001-01-01T00:00:05.253+01:00|W12|1.7|-1.57|0.22|-1.57|0.07"
20.00;4.18;0001-01-01T00:00:05.2230000+01:00;20.70;0.20;-3.99;36.5;6.987;7.033;24.091;-23.013;20.064;-16.739;96.812;-27.182;100.563;"0001-01-01T00:00:05.253+01:00|W1|1.0|-0.71|0.02|-0.71|0.63;0001-01-01T00:00:05.253+01:00|W2|0.7|0.49|0.23|0.49|0.02;0001-01-01T00:00:05.253+01:00|W3|0.9|0.38|0.22|0.38|0.30;0001-01-01T00:00:05.253+01:00|W4|0.8|-0.08|0.01|-0.08|0.60;0001-01-01T00:00:05.253+01:00|W5|0.2|-0.18|0.18|-0.18|0.07;0001-01-01T00:00:05.253+01:00|W6|1.1|-1.04|0.02|-1.04|0.29;0001-01-01T00:00:05.253+01:00|W7|0.9|0.04|0.08|0.04|0.74;0001-01-01T00:00:05.253+01:00|W8|0.8|0.17|0.02|0.17|0.79;0001-01-01T00:00:05.253+01:00|W9|0.6|-0.28|0.11|-0.28|0.50;0001-01-01T00:00:05.253+01:00|W10|1.3|-1.26|0.03|-1.26|0.42;0001-01-01T00:00:05.253+01:00|W11|2.3|-2.01|0.50|-2.01|0.81;0001-01-01T00:00:05.253+01:00|W12|1.7|-1.57|0.22|-1.57|0.07"
21.00;4.27;0001-01-01T00:00:05.2600000+01:00;21.69;0.21;-4.28;36.1;7.014;6.081;24.681;-22.668;19.740;-16.564;96.587;-28.239;100.638;"0001-01-01T00:00:05.253+01:00|W1|1.0|-0.71|0.02|-0.71|0.63;0001-01-01T00:00:05.253+01:00|W2|0.7|0.49|0.23|0.49|0.02;0001-01-01T00:00:05.253+01:00|W3|0.9|0.38|0.22|0.38|0.30;0001-01-01T00:00:05.253+01:00|W4|0.8|-0.08|0.01|-0.08|0.60;0001-01-01T00:00:05.253+01:00|W5|0.2|-0.18|0.18|-0.18|0.07;0001-01-01T00:00:05.253+01:00|W6|1.1|-1.04|0.02|-1.04|0.29;0001-01-01T00:00:05.253+01:00|W7|0.9|0.04|0.08|0.04|0.74;0001-01-01T00:00:05.253+01:00|W8|0.8|0.17|0.02|0.17|0.79;0001-01-01T00:00:05.253+01:00|W9|0.6|-0.28|0.11|-0.28|0.50;0001-01-01T00:00:05.253+01:00|W10|1.3|-1.26|0.03|-1.26|0.42;0001-01-01T00:00:05.253+01:00|W11|2.3|-2.01|0.50|-2.01|0.81;0001-01-01T00:00:05.253+01:00|W12|1.7|-1.57|0.22|-1.57|0.07"
22.00;4.36;0001-01-01T00:00:05.2970000+01:00;22.68;0.22;-4.56;35.5;7.005;4.991;25.393;-22.446;19.434;-16.290;96.709;-28.903;100.944;"0001-01-01T00:00:05.253+01:00|W1|1.0|-0.71|0.02|-0.71|0.63;0001-01-01T00:00:05.253+01:00|W2|0.7|0.49|0.23|0.49|0.02;0001-01-01T00:00:05.253+01:00|W3|0.9|0.38|0.22|0.38|0.30;0001-01-01T00:00:05.253+01:00|W4|0.8|-0.08|0.01|-0.08|0.60;0001-01-01T00:00:05.253+01:00|W5|0.2|-0.18|0.18|-0.18|0.07;0001-01-01T00:00:05.253+01:00|W6|1.1|-1.04|0.02|-1.04|0.29;0001-01-01T00:00:05.253+01:00|W7|0.9|0.04|0.08|0.04|0.74;0001-01-01T00:00:05.253+01:00|W8|0.8|0.17|0.02|0.17|0.79;0001-01-01T00:00:05.253+01:00|W9|0.6|-0.28|0.11|-0.28|0.50;0001-01-01T00:00:05.253+01:00|W10|1.3|-1.26|0.03|-1.26|0.42;0001-01-01T00:00:05.253+01:00|W11|2.3|-2.01|0.50|-2.01|0.81;0001-01-01T00:00:05.253+01:00|W12|1.7|-1.57|0.22|-1.57|0.07"
23.00;4.44;0001-01-01T00:00:05.3330000+01:00;23.66;0.24;-4.86;34.9;6.734;4.373;24.224;-21.969;19.332;-15.771;96.621;-29.942;101.163;"0001-01-01T00:00:05.253+01:00|W1|1.0|-0.71|0.02|-0.71|0.63;0001-01-01T00:00:05.253+01:00|W2|0.7|0.49|0.23|0.49|0.02;0001-01-01T00:00:05.253+01:00|W3|0.9|0.38|0.22|0.38|0.30;0001-01-01T00:00:05.253+01:00|W4|0.8|-0.08|0.01|-0.08|0.60;0001-01-01T00:00:05.253+01:00|W5|0.2|-0.18|0.18|-0.18|0.07;0001-01-01T00:00:05.253+01:00|W6|1.1|-1.04|0.02|-1.04|0.29;0001-01-01T00:00:05.253+01:00|W7|0.9|0.04|0.08|0.04|0.74;0001-01-01T00:00:05.253+01:00|W8|0.8|0.17|0.02|0.17|0.79;0001-01-01T00:00:05.253+01:00|W9|0.6|-0.28|0.11|-0.28|0.50;0001-01-01T00:00:05.253+01:00|W10|1.3|-1.26|0.03|-1.26|0.42;0001-01-01T00:00:05.253+01:00|W11|2.3|-2.01|0.50|-2.01|0.81;0001-01-01T00:00:05.253+01:00|W12|1.7|-1.57|0.22|-1.57|0.07"
24.00;4.52;0001-01-01T00:00:05.3700000+01:00;24.64;0.25;-5.17;34.4;6.356;3.815;23.596;-21.264;19.260;-15.236;96.553;-30.747;101.340;"0001-01-01T00:00:05.253+01:00|W1|1.0|-0.71|0.02|-0.71|0.63;0001-01-01T00:00:05.253+01:00|W2|0.7|0.49|0.23|0.49|0.02;0001-01-01T00:00:05.253+01:00|W3|0.9|0.38|0.22|0.38|0.30;0001-01-01T00:00:05.253+01:00|W4|0.8|-0.08|0.01|-0.08|0.60;0001-01-01T00:00:05.253+01:00|W5|0.2|-0.18|0.18|-0.18|0.07;0001-01-01T00:00:05.253+01:00|W6|1.1|-1.04|0.02|-1.04|0.29;0001-01-01T00:00:05.253+01:00|W7|0.9|0.04|0.08|0.04|0.74;0001-01-01T00:00:05.253+01:00|W8|0.8|0.17|0.02|0.17|0.79;0001-01-01T00:00:05.253+01:00|W9|0.6|-0.28|0.11|-0.28|0.50;0001-01-01T00:00:05.253+01:00|W10|1.3|-1.26|0.03|-1.26|0.42;0001-01-01T00:00:05.253+01:00|W11|2.3|-2.01|0.50|-2.01|0.81;0001-01-01T00:00:05.253+01:00|W12|1.7|-1.57|0.22|-1.57|0.07"
25.00;4.61;0001-01-01T00:00:05.4060000+01:00;25.62;0.27;-5.47;33.8;5.931;3.205;24.232;-20.407;19.151;-14.760;96.565;-31.152;101.475;"0001-01-01T00:00:05.504+01:00|W1|0.9|-0.69|0.01|-0.69|0.64;0001-01-01T00:00:05.504+01:00|W2|0.7|0.49|0.23|0.49|0.02;0001-01-01T00:00:05.504+01:00|W3|0.9|0.41|0.18|0.41|0.38;0001-01-01T00:00:05.504+01:00|W4|0.7|-0.04|0.02|-0.04|0.57;0001-01-01T00:00:05.504+01:00|W5|0.2|-0.17|0.18|-0.17|0.04;0001-01-01T00:00:05.504+01:00|W6|1.0|-0.96|0.09|-0.96|0.34;0001-01-01T00:00:05.504+01:00|W7|0.9|0.02|0.06|0.02|0.67;0001-01-01T00:00:05.504+01:00|W8|0.8|0.20|0.02|0.20|0.78;0001-01-01T00:00:05.504+01:00|W9|0.6|-0.33|0.17|-0.33|0.55;0001-01-01T00:00:05.504+01:00|W10|1.3|-1.25|0.03|-1.25|0.40;0001-01-01T00:00:05.504+01:00|W11|2.2|-1.98|0.43|-1.98|0.67;0001-01-01T00:00:05.504+01:00|W12|1.6|-1.55|0.11|-1.55|0.06"
26.00;4.68;0001-01-01T00:00:05.4430000+01:00;26.59;0.28;-5.80;33.0;5.581;3.026;23.555;-20.533;18.929;-14.203;96.320;-32.095;101.533;"0001-01-01T00:00:05.504+01:00|W1|0.9|-0.69|0.01|-0.69|0.64;0001-01-01T00:00:05.504+01:00|W2|0.7|0.49|0.23|0.49|0.02;0001-01-01T00:00:05.504+01:00|W3|0.9|0.41|0.18|0.41|0.38;0001-01-01T00:00:05.504+01:00|W4|0.7|-0.04|0.02|-0.04|0.57;0001-01-01T00:00:05.504+01:00|W5|0.2|-0.17|0.18|-0.17|0.04;0001-01-01T00:00:05.504+01:00|W6|1.0|-0.96|0.09|-0.96|0.34;0001-01-01T00:00:05.504+01:00|W7|0.9|0.02|0.06|0.02|0.67;0001-01-01T00:00:05.504+01:00|W8|0.8|0.20|0.02|0.20|0.78;0001-01-01T00:00:05.504+01:00|W9|0.6|-0.33|0.17|-0.33|0.55;0001-01-01T00:00:05.504+01:00|W10|1.3|-1.25|0.03|-1.25|0.40;0001-01-01T00:00:05.504+01:00|W11|2.2|-1.98|0.43|-1.98|0.67;0001-01-01T00:00:05.504+01:00|W12|1.6|-1.55|0.11|-1.55|0.06"
27.00;4.75;0001-01-01T00:00:05.4790000+01:00;27.56;0.29;-6.12;32.5;5.270;2.713;24.264;-20.743;18.661;-13.875;96.262;-32.785;101.699;"0001-01-01T00:00:05.504+01:00|W1|0.9|-0.69|0.01|-0.69|0.64;0001-01-01T00:00:05.504+01:00|W2|0.7|0.49|0.23|0.49|0.02;0001-01-01T00:00:05.504+01:00|W3|0.9|0.41|0.18|0.41|0.38;0001-01-01T00:00:05.504+01:00|W4|0.7|-0.04|0.02|-0.04|0.57;0001-01-01T00:00:05.504+01:00|W5|0.2|-0.17|0.18|-0.17|0.04;0001-01-01T00:00:05.504+01:00|W6|1.0|-0.96|0.09|-0.96|0.34;0001-01-01T00:00:05.504+01:00|W7|0.9|0.02|0.06|0.02|0.67;0001-01-01T00:00:05.504+01:00|W8|0.8|0.20|0.02|0.20|0.78;0001-01-01T00:00:05.504+01:00|W9|0.6|-0.33|0.17|-0.33|0.55;0001-01-01T00:00:05.504+01:00|W10|1.3|-1.25|0.03|-1.25|0.40;0001-01-01T00:00:05.504+01:00|W11|2.2|-1.98|0.43|-1.98|0.67;0001-01-01T00:00:05.504+01:00|W12|1.6|-1.55|0.11|-1.55|0.06"
28.00;4.83;0001-01-01T00:00:05.5150000+01:00;28.53;0.30;-6.46;32.0;5.108;2.477;24.844;-20.883;18.374;-13.678;96.291;-33.494;101.957;"0001-01-01T00:00:05.504+01:00|W1|0.9|-0.69|0.01|-0.69|0.64;0001-01-01T00:00:05.504+01:00|W2|0.7|0.49|0.23|0.49|0.02;0001-01-01T00:00:05.504+01:00|W3|0.9|0.41|0.18|0.41|0.38;0001-01-01T00:00:05.504+01:00|W4|0.7|-0.04|0.02|-0.04|0.57;0001-01-01T00:00:05.504+01:00|W5|0.2|-0.17|0.18|-0.17|0.04;0001-01-01T00:00:05.504+01:00|W6|1.0|-0.96|0.09|-0.96|0.34;0001-01-01T00:00:05.504+01:00|W7|0.9|0.02|0.06|0.02|0.67;0001-01-01T00:00:05.504+01:00|W8|0.8|0.20|0.02|0.20|0.78;0001-01-01T00:00:05.504+01:00|W9|0.6|-0.33|0.17|-0.33|0.55;0001-01-01T00:00:05.504+01:00|W10|1.3|-1.25|0.03|-1.25|0.40;0001-01-01T00:00:05.504+01:00|W11|2.2|-1.98|0.43|-1.98|0.67;0001-01-01T00:00:05.504+01:00|W12|1.6|-1.55|0.11|-1.55|0.06"
29.00;4.89;0001-01-01T00:00:05.5510000+01:00;29.49;0.32;-6.80;31.6;5.249;2.563;23.639;-20.772;18.093;-13.536;96.320;-34.515;102.325;"0001-01-01T00:00:05.504+01:00|W1|0.9|-0.69|0.01|-0.69|0.64;0001-01-01T00:00:05.504+01:00|W2|0.7|0.49|0.23|0.49|0.02;0001-01-01T00:00:05.504+01:00|W3|0.9|0.41|0.18|0.41|0.38;0001-01-01T00:00:05.504+01:00|W4|0.7|-0.04|0.02|-0.04|0.57;0001-01-01T00:00:05.504+01:00|W5|0.2|-0.17|0.18|-0.17|0.04;0001-01-01T00:00:05.504+01:00|W6|1.0|-0.96|0.09|-0.96|0.34;0001-01-01T00:00:05.504+01:00|W7|0.9|0.02|0.06|0.02|0.67;0001-01-01T00:00:05.504+01:00|W8|0.8|0.20|0.02|0.20|0.78;0001-01-01T00:00:05.504+01:00|W9|0.6|-0.33|0.17|-0.33|0.55;0001-01-01T00:00:05.504+01:00|W10|1.3|-1.25|0.03|-1.25|0.40;0001-01-01T00:00:05.504+01:00|W11|2.2|-1.98|0.43|-1.98|0.67;0001-01-01T00:00:05.504+01:00|W12|1.6|-1.55|0.11|-1.55|0.06"
30.00;4.95;0001-01-01T00:00:05.5870000+01:00;30.45;0.33;-7.14;31.4;5.482;2.523;23.868;-20.003;17.861;-13.646;96.231;-34.916;102.377;"0001-01-01T00:00:05.504+01:00|W1|0.9|-0.69|0.01|-0.69|0.64;0001-01-01T00:00:05.504+01:00|W2|0.7|0.49|0.23|0.49|0.02;0001-01-01T00:00:05.504+01:00|W3|0.9|0.41|0.18|0.41|0.38;0001-01-01T00:00:05.504+01:00|W4|0.7|-0.04|0.02|-0.04|0.57;0001-01-01T00:00:05.504+01:00|W5|0.2|-0.17|0.18|-0.17|0.04;0001-01-01T00:00:05.504+01:00|W6|1.0|-0.96|0.09|-0.96|0.34;0001-01-01T00:00:05.504+01:00|W7|0.9|0.02|0.06|0.02|0.67;0001-01-01T00:00:05.504+01:00|W8|0.8|0.20|0.02|0.20|0.78;0001-01-01T00:00:05.504+01:00|W9|0.6|-0.33|0.17|-0.33|0.55;0001-01-01T00:00:05.504+01:00|W10|1.3|-1.25|0.03|-1.25|0.40;0001-01-01T00:00:05.504+01:00|W11|2.2|-1.98|0.43|-1.98|0.67;0001-01-01T00:00:05.504+01:00|W12|1.6|-1.55|0.11|-1.55|0.06"
31.00;5.01;0001-01-01T00:00:05.6220000+01:00;31.40;0.34;-7.49;31.3;5.764;2.615;23.925;-19.871;17.660;-13.679;96.092;-35.496;102.445;"0001-01-01T00:00:05.504+01:00|W1|0.9|-0.69|0.01|-0.69|0.64;0001-01-01T00:00:05.504+01:00|W2|0.7|0.49|0.23|0.49|0.02;0001-01-01T00:00:05.504+01:00|W3|0.9|0.41|0.18|0.41|0.38;0001-01-01T00:00:05.504+01:00|W4|0.7|-0.04|0.02|-0.04|0.57;0001-01-01T00:00:05.504+01:00|W5|0.2|-0.17|0.18|-0.17|0.04;0001-01-01T00:00:05.504+01:00|W6|1.0|-0.96|0.09|-0.96|0.34;0001-01-01T00:00:05.504+01:00|W7|0.9|0.02|0.06|0.02|0.67;0001-01-01T00:00:05.504+01:00|W8|0.8|0.20|0.02|0.20|0.78;0001-01-01T00:00:05.504+01:00|W9|0.6|-0.33|0.17|-0.33|0.55;0001-01-01T00:00:05.504+01:00|W10|1.3|-1.25|0.03|-1.25|0.40;0001-01-01T00:00:05.504+01:00|W11|2.2|-1.98|0.43|-1.98|0.67;0001-01-01T00:00:05.504+01:00|W12|1.6|-1.55|0.11|-1.55|0.06"
32.00;5.07;0001-01-01T00:00:05.6580000+01:00;32.35;0.35;-7.85;31.0;6.053;2.863;23.649;-20.275;17.504;-13.594;95.916;-36.252;102.545;"0001-01-01T00:00:05.753+01:00|W1|0.9|-0.63|0.06|-0.63|0.60;0001-01-01T00:00:05.753+01:00|W2|0.7|0.49|0.23|0.49|0.02;0001-01-01T00:00:05.753+01:00|W3|0.9|0.42|0.12|0.42|0.45;0001-01-01T00:00:05.753+01:00|W4|0.6|0.02|0.08|0.02|0.53;0001-01-01T00:00:05.753+01:00|W5|0.2|-0.20|0.13|-0.20|0.06;0001-01-01T00:00:05.753+01:00|W6|0.9|-0.85|0.16|-0.85|0.39;0001-01-01T00:00:05.753+01:00|W7|0.9|-0.11|0.06|-0.11|0.63;0001-01-01T00:00:05.753+01:00|W8|0.8|0.26|0.02|0.26|0.74;0001-01-01T00:00:05.753+01:00|W9|0.7|-0.37|0.23|-0.37|0.60;0001-01-01T00:00:05.753+01:00|W10|1.3|-1.22|0.05|-1.22|0.38;0001-01-01T00:00:05.753+01:00|W11|2.1|-1.94|0.29|-1.94|0.62;0001-01-01T00:00:05.753+01:00|W12|1.5|-1.46|0.01|-1.46|0.06"
33.00;5.12;0001-01-01T00:00:05.6940000+01:00;33.30;0.36;-8.21;30.8;6.117;3.251;23.141;-19.639;17.527;-13.355;95.753;-36.574;102.508;"0001-01-01T00:00:05.753+01:00|W1|0.9|-0.63|0.06|-0.63|0.60;0001-01-01T00:00:05.753+01:00|W2|0.7|0.49|0.23|0.49|0.02;0001-01-01T00:00:05.753+01:00|W3|0.9|0.42|0.12|0.42|0.45;0001-01-01T00:00:05.753+01:00|W4|0.6|0.02|0.08|0.02|0.53;0001-01-01T00:00:05.753+01:00|W5|0.2|-0.20|0.13|-0.20|0.06;0001-01-01T00:00:05.753+01:00|W6|0.9|-0.85|0.16|-0.85|0.39;0001-01-01T00:00:05.753+01:00|W7|0.9|-0.11|0.06|-0.11|0.63;0001-01-01T00:00:05.753+01:00|W8|0.8|0.26|0.02|0.26|0.74;0001-01-01T00:00:05.753+01:00|W9|0.7|-0.37|0.23|-0.37|0.60;0001-01-01T00:00:05.753+01:00|W10|1.3|-1.22|0.05|-1.22|0.38;0001-01-01T00:00:05.753+01:00|W11|2.1|-1.94|0.29|-1.94|0.62;0001-01-01T00:00:05.753+01:00|W12|1.5|-1.46|0.01|-1.46|0.06"
34.00;5.17;0001-01-01T00:00:05.7290000+01:00;34.25;0.37;-8.57;30.5;6.011;3.728;23.277;-19.642;17.673;-12.921;95.499;-37.040;102.440;"0001-01-01T00:00:05.753+01:00|W1|0.9|-0.63|0.06|-0.63|0.60;0001-01-01T00:00:05.753+01:00|W2|0.7|0.49|0.23|0.49|0.02;0001-01-01T00:00:05.753+01:00|W3|0.9|0.42|0.12|0.42|0.45;0001-01-01T00:00:05.753+01:00|W4|0.6|0.02|0.08|0.02|0.53;0001-01-01T00:00:05.753+01:00|W5|0.2|-0.20|0.13|-0.20|0.06;0001-01-01T00:00:05.753+01:00|W6|0.9|-0.85|0.16|-0.85|0.39;0001-01-01T00:00:05.753+01:00|W7|0.9|-0.11|0.06|-0.11|0.63;0001-01-01T00:00:05.753+01:00|W8|0.8|0.26|0.02|0.26|0.74;0001-01-01T00:00:05.753+01:00|W9|0.7|-0.37|0.23|-0.37|0.60;0001-01-01T00:00:05.753+01:00|W10|1.3|-1.22|0.05|-1.22|0.38;0001-01-01T00:00:05.753+01:00|W11|2.1|-1.94|0.29|-1.94|0.62;0001-01-01T00:00:05.753+01:00|W12|1.5|-1.46|0.01|-1.46|0.06"
35.00;5.21;0001-01-01T00:00:05.7650000+01:00;35.19;0.39;-8.94;30.2;5.778;4.121;23.825;-20.165;17.912;-12.440;95.288;-37.584;102.442;"0001-01-01T00:00:05.753+01:00|W1|0.9|-0.63|0.06|-0.63|0.60;0001-01-01T00:00:05.753+01:00|W2|0.7|0.49|0.23|0.49|0.02;0001-01-01T00:00:05.753+01:00|W3|0.9|0.42|0.12|0.42|0.45;0001-01-01T00:00:05.753+01:00|W4|0.6|0.02|0.08|0.02|0.53;0001-01-01T00:00:05.753+01:00|W5|0.2|-0.20|0.13|-0.20|0.06;0001-01-01T00:00:05.753+01:00|W6|0.9|-0.85|0.16|-0.85|0.39;0001-01-01T00:00:05.753+01:00|W7|0.9|-0.11|0.06|-0.11|0.63;0001-01-01T00:00:05.753+01:00|W8|0.8|0.26|0.02|0.26|0.74;0001-01-01T00:00:05.753+01:00|W9|0.7|-0.37|0.23|-0.37|0.60;0001-01-01T00:00:05.753+01:00|W10|1.3|-1.22|0.05|-1.22|0.38;0001-01-01T00:00:05.753+01:00|W11|2.1|-1.94|0.29|-1.94|0.62;0001-01-01T00:00:05.753+01:00|W12|1.5|-1.46|0.01|-1.46|0.06"
36.00;5.25;0001-01-01T00:00:05.8000000+01:00;36.12;0.40;-9.31;30.2;5.416;4.232;24.716;-21.283;18.251;-12.036;95.266;-38.172;102.635;"0001-01-01T00:00:05.753+01:00|W1|0.9|-0.63|0.06|-0.63|0.60;0001-01-01T00:00:05.753+01:00|W2|0.7|0.49|0.23|0.49|0.02;0001-01-01T00:00:05.753+01:00|W3|0.9|0.42|0.12|0.42|0.45;0001-01-01T00:00:05.753+01:00|W4|0.6|0.02|0.08|0.02|0.53;0001-01-01T00:00:05.753+01:00|W5|0.2|-0.20|0.13|-0.20|0.06;0001-01-01T00:00:05.753+01:00|W6|0.9|-0.85|0.16|-0.85|0.39;0001-01-01T00:00:05.753+01:00|W7|0.9|-0.11|0.06|-0.11|0.63;0001-01-01T00:00:05.753+01:00|W8|0.8|0.26|0.02|0.26|0.74;0001-01-01T00:00:05.753+01:00|W9|0.7|-0.37|0.23|-0.37|0.60;0001-01-01T00:00:05.753+01:00|W10|1.3|-1.22|0.05|-1.22|0.38;0001-01-01T00:00:05.753+01:00|W11|2.1|-1.94|0.29|-1.94|0.62;0001-01-01T00:00:05.753+01:00|W12|1.5|-1.46|0.01|-1.46|0.06"
37.00;5.29;0001-01-01T00:00:05.8350000+01:00;37.06;0.41;-9.69;30.5;4.864;4.279;24.213;-22.461;18.670;-11.907;95.141;-38.725;102.728;"0001-01-01T00:00:05.753+01:00|W1|0.9|-0.63|0.06|-0.63|0.60;0001-01-01T00:00:05.753+01:00|W2|0.7|0.49|0.23|0.49|0.02;0001-01-01T00:00:05.753+01:00|W3|0.9|0.42|0.12|0.42|0.45;0001-01-01T00:00:05.753+01:00|W4|0.6|0.02|0.08|0.02|0.53;0001-01-01T00:00:05.753+01:00|W5|0.2|-0.20|0.13|-0.20|0.06;0001-01-01T00:00:05.753+01:00|W6|0.9|-0.85|0.16|-0.85|0.39;0001-01-01T00:00:05.753+01:00|W7|0.9|-0.11|0.06|-0.11|0.63;0001-01-01T00:00:05.753+01:00|W8|0.8|0.26|0.02|0.26|0.74;0001-01-01T00:00:05.753+01:00|W9|0.7|-0.37|0.23|-0.37|0.60;0001-01-01T00:00:05.753+01:00|W10|1.3|-1.22|0.05|-1.22|0.38;0001-01-01T00:00:05.753+01:00|W11|2.1|-1.94|0.29|-1.94|0.62;0001-01-01T00:00:05.753+01:00|W12|1.5|-1.46|0.01|-1.46|0.06"
38.00;5.32;0001-01-01T00:00:05.8710000+01:00;37.99;0.43;-10.07;31.0;4.222;4.045;24.855;-23.116;19.028;-12.079;94.969;-39.206;102.751;"0001-01-01T00:00:05.753+01:00|W1|0.9|-0.63|0.06|-0.63|0.60;0001-01-01T00:00:05.753+01:00|W2|0.7|0.49|0.23|0.49|0.02;0001-01-01T00:00:05.753+01:00|W3|0.9|0.42|0.12|0.42|0.45;0001-01-01T00:00:05.753+01:00|W4|0.6|0.02|0.08|0.02|0.53;0001-01-01T00:00:05.753+01:00|W5|0.2|-0.20|0.13|-0.20|0.06;0001-01-01T00:00:05.753+01:00|W6|0.9|-0.85|0.16|-0.85|0.39;0001-01-01T00:00:05.753+01:00|W7|0.9|-0.11|0.06|-0.11|0.63;0001-01-01T00:00:05.753+01:00|W8|0.8|0.26|0.02|0.26|0.74;0001-01-01T00:00:05.753+01:00|W9|0.7|-0.37|0.23|-0.37|0.60;0001-01-01T00:00:05.753+01:00|W10|1.3|-1.22|0.05|-1.22|0.38;0001-01-01T00:00:05.753+01:00|W11|2.1|-1.94|0.29|-1.94|0.62;0001-01-01T00:00:05.753+01:00|W12|1.5|-1.46|0.01|-1.46|0.06"
39.00;5.34;0001-01-01T00:00:05.9060000+01:00;38.91;0.44;-10.46;31.8;3.513;3.504;26.881;-23.287;19.296;-12.552;94.766;-39.621;102.723;"0001-01-01T00:00:06.001+01:00|W1|0.8|-0.58|0.16|-0.58|0.50;0001-01-01T00:00:06.001+01:00|W2|0.9|0.58|0.02|0.58|0.68;0001-01-01T00:00:06.001+01:00|W3|1.0|0.42|0.08|0.42|0.47;0001-01-01T00:00:06.001+01:00|W4|0.5|0.06|0.20|0.06|0.43;0001-01-01T00:00:06.001+01:00|W5|0.2|-0.13|0.16|-0.13|0.10;0001-01-01T00:00:06.001+01:00|W6|0.9|-0.78|0.20|-0.78|0.42;0001-01-01T00:00:06.001+01:00|W7|0.8|-0.25|0.00|-0.25|0.64;0001-01-01T00:00:06.001+01:00|W8|0.8|0.29|0.00|0.29|0.70;0001-01-01T00:00:06.001+01:00|W9|0.8|-0.45|0.30|-0.45|0.65;0001-01-01T00:00:06.001+01:00|W10|1.2|-1.16|0.10|-1.16|0.38;0001-01-01T00:00:06.001+01:00|W11|2.1|-1.95|0.25|-1.95|0.66;0001-01-01T00:00:06.001+01:00|W12|1.5|-1.48|0.02|-1.48|0.01"
40.00;5.36;0001-01-01T00:00:05.9410000+01:00;39.84;0.45;-10.85;32.4;2.899;2.880;27.135;-25.715;19.352;-13.074;94.744;-40.255;102.947;"0001-01-01T00:00:06.001+01:00|W1|0.8|-0.58|0.16|-0.58|0.50;0001-01-01T00:00:06.001+01:00|W2|0.9|0.58|0.02|0.58|0.68;0001-01-01T00:00:06.001+01:00|W3|1.0|0.42|0.08|0.42|0.47;0001-01-01T00:00:06.001+01:00|W4|0.5|0.06|0.20|0.06|0.43;0001-01-01T00:00:06.001+01:00|W5|0.2|-0.13|0.16|-0.13|0.10;0001-01-01T00:00:06.001+01:00|W6|0.9|-0.78|0.20|-0.78|0.42;0001-01-01T00:00:06.001+01:00|W7|0.8|-0.25|0.00|-0.25|0.64;0001-01-01T00:00:06.001+01:00|W8|0.8|0.29|0.00|0.29|0.70;0001-01-01T00:00:06.001+01:00|W9|0.8|-0.45|0.30|-0.45|0.65;0001-01-01T00:00:06.001+01:00|W10|1.2|-1.16|0.10|-1.16|0.38;0001-01-01T00:00:06.001+01:00|W11|2.1|-1.95|0.25|-1.95|0.66;0001-01-01T00:00:06.001+01:00|W12|1.5|-1.48|0.02|-1.48|0.01"
41.00;5.37;0001-01-01T00:00:05.9760000+01:00;40.76;0.46;-11.24;33.0;2.476;2.146;27.341;-26.240;19.209;-13.788;94.745;-40.995;103.239;"0001-01-01T00:00:06.001+01:00|W1|0.8|-0.58|0.16|-0.58|0.50;0001-01-01T00:00:06.001+01:00|W2|0.9|0.58|0.02|0.58|0.68;0001-01-01T00:00:06.001+01:00|W3|1.0|0.42|0.08|0.42|0.47;0001-01-01T00:00:06.001+01:00|W4|0.5|0.06|0.20|0.06|0.43;0001-01-01T00:00:06.001+01:00|W5|0.2|-0.13|0.16|-0.13|0.10;0001-01-01T00:00:06.001+01:00|W6|0.9|-0.78|0.20|-0.78|0.42;0001-01-01T00:00:06.001+01:00|W7|0.8|-0.25|0.00|-0.25|0.64;0001-01-01T00:00:06.001+01:00|W8|0.8|0.29|0.00|0.29|0.70;0001-01-01T00:00:06.001+01:00|W9|0.8|-0.45|0.30|-0.45|0.65;0001-01-01T00:00:06.001+01:00|W10|1.2|-1.16|0.10|-1.16|0.38;0001-01-01T00:00:06.001+01:00|W11|2.1|-1.95|0.25|-1.95|0.66;0001-01-01T00:00:06.001+01:00|W12|1.5|-1.48|0.02|-1.48|0.01"
42.00;5.38;0001-01-01T00:00:06.0110000+01:00;41.67;0.47;-11.64;33.5;2.180;1.397;27.333;-25.852;18.913;-14.550;94.749;-41.738;103.539;"0001-01-01T00:00:06.001+01:00|W1|0.8|-0.58|0.16|-0.58|0.50;0001-01-01T00:00:06.001+01:00|W2|0.9|0.58|0.02|0.58|0.68;0001-01-01T00:00:06.001+01:00|W3|1.0|0.42|0.08|0.42|0.47;0001-01-01T00:00:06.001+01:00|W4|0.5|0.06|0.20|0.06|0.43;0001-01-01T00:00:06.001+01:00|W5|0.2|-0.13|0.16|-0.13|0.10;0001-01-01T00:00:06.001+01:00|W6|0.9|-0.78|0.20|-0.78|0.42;0001-01-01T00:00:06.001+01:00|W7|0.8|-0.25|0.00|-0.25|0.64;0001-01-01T00:00:06.001+01:00|W8|0.8|0.29|0.00|0.29|0.70;0001-01-01T00:00:06.001+01:00|W9|0.8|-0.45|0.30|-0.45|0.65;0001-01-01T00:00:06.001+01:00|W10|1.2|-1.16|0.10|-1.16|0.38;0001-01-01T00:00:06.001+01:00|W11|2.1|-1.95|0.25|-1.95|0.66;0001-01-01T00:00:06.001+01:00|W12|1.5|-1.48|0.02|-1.48|0.01"
43.00;5.37;0001-01-01T00:00:06.0450000+01:00;42.58;0.48;-12.04;33.5;1.939;0.866;26.517;-26.488;18.489;-15.015;94.702;-42.213;103.689;"0001-01-01T00:00:06.001+01:00|W1|0.8|-0.58|0.16|-0.58|0.50;0001-01-01T00:00:06.001+01:00|W2|0.9|0.58|0.02|0.58|0.68;0001-01-01T00:00:06.001+01:00|W3|1.0|0.42|0.08|0.42|0.47;0001-01-01T00:00:06.001+01:00|W4|0.5|0.06|0.20|0.06|0.43;0001-01-01T00:00:06.001+01:00|W5|0.2|-0.13|0.16|-0.13|0.10;0001-01-01T00:00:06.001+01:00|W6|0.9|-0.78|0.20|-0.78|0.42;0001-01-01T00:00:06.001+01:00|W7|0.8|-0.25|0.00|-0.25|0.64;0001-01-01T00:00:06.001+01:00|W8|0.8|0.29|0.00|0.29|0.70;0001-01-01T00:00:06.001+01:00|W9|0.8|-0.45|0.30|-0.45|0.65;0001-01-01T00:00:06.001+01:00|W10|1.2|-1.16|0.10|-1.16|0.38;0001-01-01T00:00:06.001+01:00|W11|2.1|-1.95|0.25|-1.95|0.66;0001-01-01T00:00:06.001+01:00|W12|1.5|-1.48|0.02|-1.48|0.01"
44.00;5.36;0001-01-01T00:00:06.0800000+01:00;43.49;0.50;-12.45;33.8;1.712;0.239;26.122;-26.468;18.205;-15.409;94.747;-42.879;104.003;"0001-01-01T00:00:06.001+01:00|W1|0.8|-0.58|0.16|-0.58|0.50;0001-01-01T00:00:06.001+01:00|W2|0.9|0.58|0.02|0.58|0.68;0001-01-01T00:00:06.001+01:00|W3|1.0|0.42|0.08|0.42|0.47;0001-01-01T00:00:06.001+01:00|W4|0.5|0.06|0.20|0.06|0.43;0001-01-01T00:00:06.001+01:00|W5|0.2|-0.13|0.16|-0.13|0.10;0001-01-01T00:00:06.001+01:00|W6|0.9|-0.78|0.20|-0.78|0.42;0001-01-01T00:00:06.001+01:00|W7|0.8|-0.25|0.00|-0.25|0.64;0001-01-01T00:00:06.001+01:00|W8|0.8|0.29|0.00|0.29|0.70;0001-01-01T00:00:06.001+01:00|W9|0.8|-0.45|0.30|-0.45|0.65;0001-01-01T00:00:06.001+01:00|W10|1.2|-1.16|0.10|-1.16|0.38;0001-01-01T00:00:06.001+01:00|W11|2.1|-1.95|0.25|-1.95|0.66;0001-01-01T00:00:06.001+01:00|W12|1.5|-1.48|0.02|-1.48|0.01"
45.00;5.35;0001-01-01T00:00:06.1140000+01:00;44.40;0.52;-12.86;34.1;1.489;-0.300;25.870;-26.583;17.969;-15.668;94.810;-43.468;104.304;"0001-01-01T00:00:06.001+01:00|W1|0.8|-0.58|0.16|-0.58|0.50;0001-01-01T00:00:06.001+01:00|W2|0.9|0.58|0.02|0.58|0.68;0001-01-01T00:00:06.001+01:00|W3|1.0|0.42|0.08|0.42|0.47;0001-01-01T00:00:06.001+01:00|W4|0.5|0.06|0.20|0.06|0.43;0001-01-01T00:00:06.001+01:00|W5|0.2|-0.13|0.16|-0.13|0.10;0001-01-01T00:00:06.001+01:00|W6|0.9|-0.78|0.20|-0.78|0.42;0001-01-01T00:00:06.001+01:00|W7|0.8|-0.25|0.00|-0.25|0.64;0001-01-01T00:00:06.001+01:00|W8|0.8|0.29|0.00|0.29|0.70;0001-01-01T00:00:06.001+01:00|W9|0.8|-0.45|0.30|-0.45|0.65;0001-01-01T00:00:06.001+01:00|W10|1.2|-1.16|0.10|-1.16|0.38;0001-01-01T00:00:06.001+01:00|W11|2.1|-1.95|0.25|-1.95|0.66;0001-01-01T00:00:06.001+01:00|W12|1.5|-1.48|0.02|-1.48|0.01"
46.00;5.33;0001-01-01T00:00:06.1490000+01:00;45.30;0.53;-13.27;34.0;1.266;-0.554;25.619;-27.545;17.733;-15.666;94.837;-43.726;104.436;"0001-01-01T00:00:06.252+01:00|W1|0.7|-0.54|0.25|-0.54|0.39;0001-01-01T00:00:06.252+01:00|W2|0.9|0.50|0.06|0.50|0.66;0001-01-01T00:00:06.252+01:00|W3|1.1|0.49|0.02|0.49|0.49;0001-01-01T00:00:06.252+01:00|W4|0.4|0.04|0.26|0.04|0.38;0001-01-01T00:00:06.252+01:00|W5|0.2|-0.15|0.15|-0.15|0.09;0001-01-01T00:00:06.252+01:00|W6|0.9|-0.74|0.20|-0.74|0.45;0001-01-01T00:00:06.252+01:00|W7|0.8|-0.40|0.02|-0.40|0.65;0001-01-01T00:00:06.252+01:00|W8|0.8|0.28|0.03|0.28|0.68;0001-01-01T00:00:06.252+01:00|W9|0.9|-0.50|0.34|-0.50|0.69;0001-01-01T00:00:06.252+01:00|W10|1.2|-1.12|0.13|-1.12|0.38;0001-01-01T00:00:06.252+01:00|W11|1.9|-1.80|0.06|-1.80|0.63;0001-01-01T00:00:06.252+01:00|W12|1.6|-1.53|0.05|-1.53|0.02"
47.00;5.31;0001-01-01T00:00:06.1830000+01:00;46.21;0.55;-13.70;34.2;1.043;-0.766;25.367;-27.431;17.497;-15.851;94.801;-44.512;104.733;"0001-01-01T00:00:06.252+01:00|W1|0.7|-0.54|0.25|-0.54|0.39;0001-01-01T00:00:06.252+01:00|W2|0.9|0.50|0.06|0.50|0.66;0001-01-01T00:00:06.252+01:00|W3|1.1|0.49|0.02|0.49|0.49;0001-01-01T00:00:06.252+01:00|W4|0.4|0.04|0.26|0.04|0.38;0001-01-01T00:00:06.252+01:00|W5|0.2|-0.15|0.15|-0.15|0.09;0001-01-01T00:00:06.252+01:00|W6|0.9|-0.74|0.20|-0.74|0.45;0001-01-01T00:00:06.252+01:00|W7|0.8|-0.40|0.02|-0.40|0.65;0001-01-01T00:00:06.252+01:00|W8|0.8|0.28|0.03|0.28|0.68;0001-01-01T00:00:06.252+01:00|W9|0.9|-0.50|0.34|-0.50|0.69;0001-01-01T00:00:06.252+01:00|W10|1.2|-1.12|0.13|-1.12|0.38;0001-01-01T00:00:06.252+01:00|W11|1.9|-1.80|0.06|-1.80|0.63;0001-01-01T00:00:06.252+01:00|W12|1.6|-1.53|0.05|-1.53|0.02"
48.00;5.28;0001-01-01T00:00:06.2180000+01:00;47.12;0.56;-14.13;34.5;0.818;-0.950;25.114;-27.660;17.259;-16.093;94.815;-45.226;105.050;"0001-01-01T00:00:06.252+01:00|W1|0.7|-0.54|0.25|-0.54|0.39;0001-01-01T00:00:06.252+01:00|W2|0.9|0.50|0.06|0.50|0.66;0001-01-01T00:00:06.252+01:00|W3|1.1|0.49|0.02|0.49|0.49;0001-01-01T00:00:06.252+01:00|W4|0.4|0.04|0.26|0.04|0.38;0001-01-01T00:00:06.252+01:00|W5|0.2|-0.15|0.15|-0.15|0.09;0001-01-01T00:00:06.252+01:00|W6|0.9|-0.74|0.20|-0.74|0.45;0001-01-01T00:00:06.252+01:00|W7|0.8|-0.40|0.02|-0.40|0.65;0001-01-01T00:00:06.252+01:00|W8|0.8|0.28|0.03|0.28|0.68;0001-01-01T00:00:06.252+01:00|W9|0.9|-0.50|0.34|-0.50|0.69;0001-01-01T00:00:06.252+01:00|W10|1.2|-1.12|0.13|-1.12|0.38;0001-01-01T00:00:06.252+01:00|W11|1.9|-1.80|0.06|-1.80|0.63;0001-01-01T00:00:06.252+01:00|W12|1.6|-1.53|0.05|-1.53|0.02"
49.00;5.25;0001-01-01T00:00:06.2530000+01:00;48.04;0.57;-14.57;34.8;0.590;-1.106;24.858;-28.693;17.019;-16.370;94.919;-45.691;105.344;"0001-01-01T00:00:06.252+01:00|W1|0.7|-0.54|0.25|-0.54|0.39;0001-01-01T00:00:06.252+01:00|W2|0.9|0.50|0.06|0.50|0.66;0001-01-01T00:00:06.252+01:00|W3|1.1|0.49|0.02|0.49|0.49;0001-01-01T00:00:06.252+01:00|W4|0.4|0.04|0.26|0.04|0.38;0001-01-01T00:00:06.252+01:00|W5|0.2|-0.15|0.15|-0.15|0.09;0001-01-01T00:00:06.252+01:00|W6|0.9|-0.74|0.20|-0.74|0.45;0001-01-01T00:00:06.252+01:00|W7|0.8|-0.40|0.02|-0.40|0.65;0001-01-01T00:00:06.252+01:00|W8|0.8|0.28|0.03|0.28|0.68;0001-01-01T00:00:06.252+01:00|W9|0.9|-0.50|0.34|-0.50|0.69;0001-01-01T00:00:06.252+01:00|W10|1.2|-1.12|0.13|-1.12|0.38;0001-01-01T00:00:06.252+01:00|W11|1.9|-1.80|0.06|-1.80|0.63;0001-01-01T00:00:06.252+01:00|W12|1.6|-1.53|0.05|-1.53|0.02"
50.00;5.22;0001-01-01T00:00:06.2880000+01:00;48.95;0.58;-15.02;35.2;0.366;-1.442;24.604;-28.560;16.781;-16.853;94.825;-46.519;105.621;"0001-01-01T00:00:06.252+01:00|W1|0.7|-0.54|0.25|-0.54|0.39;0001-01-01T00:00:06.252+01:00|W2|0.9|0.50|0.06|0.50|0.66;0001-01-01T00:00:06.252+01:00|W3|1.1|0.49|0.02|0.49|0.49;0001-01-01T00:00:06.252+01:00|W4|0.4|0.04|0.26|0.04|0.38;0001-01-01T00:00:06.252+01:00|W5|0.2|-0.15|0.15|-0.15|0.09;0001-01-01T00:00:06.252+01:00|W6|0.9|-0.74|0.20|-0.74|0.45;0001-01-01T00:00:06.252+01:00|W7|0.8|-0.40|0.02|-0.40|0.65;0001-01-01T00:00:06.252+01:00|W8|0.8|0.28|0.03|0.28|0.68;0001-01-01T00:00:06.252+01:00|W9|0.9|-0.50|0.34|-0.50|0.69;0001-01-01T00:00:06.252+01:00|W10|1.2|-1.12|0.13|-1.12|0.38;0001-01-01T00:00:06.252+01:00|W11|1.9|-1.80|0.06|-1.80|0.63;0001-01-01T00:00:06.252+01:00|W12|1.6|-1.53|0.05|-1.53|0.02"
51.00;5.19;0001-01-01T00:00:06.3220000+01:00;49.86;0.58;-15.47;34.8;0.144;-1.656;24.354;-28.967;16.546;-17.126;94.750;-47.094;105.808;"0001-01-01T00:00:06.252+01:00|W1|0.7|-0.54|0.25|-0.54|0.39;0001-01-01T00:00:06.252+01:00|W2|0.9|0.50|0.06|0.50|0.66;0001-01-01T00:00:06.252+01:00|W3|1.1|0.49|0.02|0.49|0.49;0001-01-01T00:00:06.252+01:00|W4|0.4|0.04|0.26|0.04|0.38;0001-01-01T00:00:06.252+01:00|W5|0.2|-0.15|0.15|-0.15|0.09;0001-01-01T00:00:06.252+01:00|W6|0.9|-0.74|0.20|-0.74|0.45;0001-01-01T00:00:06.252+01:00|W7|0.8|-0.40|0.02|-0.40|0.65;0001-01-01T00:00:06.252+01:00|W8|0.8|0.28|0.03|0.28|0.68;0001-01-01T00:00:06.252+01:00|W9|0.9|-0.50|0.34|-0.50|0.69;0001-01-01T00:00:06.252+01:00|W10|1.2|-1.12|0.13|-1.12|0.38;0001-01-01T00:00:06.252+01:00|W11|1.9|-1.80|0.06|-1.80|0.63;0001-01-01T00:00:06.252+01:00|W12|1.6|-1.53|0.05|-1.53|0.02"
52.00;5.15;0001-01-01T00:00:06.3570000+01:00;50.77;0.57;-15.92;33.5;-0.101;-1.763;24.151;-29.737;16.324;-17.195;94.684;-47.458;105.915;"0001-01-01T00:00:06.252+01:00|W1|0.7|-0.54|0.25|-0.54|0.39;0001-01-01T00:00:06.252+01:00|W2|0.9|0.50|0.06|0.50|0.66;0001-01-01T00:00:06.252+01:00|W3|1.1|0.49|0.02|0.49|0.49;0001-01-01T00:00:06.252+01:00|W4|0.4|0.04|0.26|0.04|0.38;0001-01-01T00:00:06.252+01:00|W5|0.2|-0.15|0.15|-0.15|0.09;0001-01-01T00:00:06.252+01:00|W6|0.9|-0.74|0.20|-0.74|0.45;0001-01-01T00:00:06.252+01:00|W7|0.8|-0.40|0.02|-0.40|0.65;0001-01-01T00:00:06.252+01:00|W8|0.8|0.28|0.03|0.28|0.68;0001-01-01T00:00:06.252+01:00|W9|0.9|-0.50|0.34|-0.50|0.69;0001-01-01T00:00:06.252+01:00|W10|1.2|-1.12|0.13|-1.12|0.38;0001-01-01T00:00:06.252+01:00|W11|1.9|-1.80|0.06|-1.80|0.63;0001-01-01T00:00:06.252+01:00|W12|1.6|-1.53|0.05|-1.53|0.02"
53.00;5.12;0001-01-01T00:00:06.3910000+01:00;51.68;0.58;-16.37;33.2;-0.657;-1.865;24.513;-29.066;16.229;-16.987;94.513;-47.943;105.983;"0001-01-01T00:00:06.503+01:00|W1|0.5|-0.44|0.38|-0.44|0.29;0001-01-01T00:00:06.503+01:00|W2|0.9|0.50|0.06|0.50|0.66;0001-01-01T00:00:06.503+01:00|W3|1.1|0.47|0.06|0.47|0.43;0001-01-01T00:00:06.503+01:00|W4|0.4|0.04|0.26|0.04|0.38;0001-01-01T00:00:06.503+01:00|W5|0.2|-0.18|0.12|-0.18|0.06;0001-01-01T00:00:06.503+01:00|W6|0.8|-0.73|0.21|-0.73|0.41;0001-01-01T00:00:06.503+01:00|W7|0.9|-0.56|0.06|-0.56|0.70;0001-01-01T00:00:06.503+01:00|W8|0.7|0.26|0.06|0.26|0.66;0001-01-01T00:00:06.503+01:00|W9|0.9|-0.54|0.35|-0.54|0.70;0001-01-01T00:00:06.503+01:00|W10|1.1|-1.08|0.15|-1.08|0.37;0001-01-01T00:00:06.503+01:00|W11|1.8|-1.66|0.06|-1.66|0.72;0001-01-01T00:00:06.503+01:00|W12|1.6|-1.53|0.05|-1.53|0.02"
54.00;5.08;0001-01-01T00:00:06.4250000+01:00;52.58;0.59;-16.84;32.8;-1.175;-2.017;24.999;-28.866;16.267;-16.556;94.466;-48.506;106.198;"0001-01-01T00:00:06.503+01:00|W1|0.5|-0.44|0.38|-0.44|0.29;0001-01-01T00:00:06.503+01:00|W2|0.9|0.50|0.06|0.50|0.66;0001-01-01T00:00:06.503+01:00|W3|1.1|0.47|0.06|0.47|0.43;0001-01-01T00:00:06.503+01:00|W4|0.4|0.04|0.26|0.04|0.38;0001-01-01T00:00:06.503+01:00|W5|0.2|-0.18|0.12|-0.18|0.06;0001-01-01T00:00:06.503+01:00|W6|0.8|-0.73|0.21|-0.73|0.41;0001-01-01T00:00:06.503+01:00|W7|0.9|-0.56|0.06|-0.56|0.70;0001-01-01T00:00:06.503+01:00|W8|0.7|0.26|0.06|0.26|0.66;0001-01-01T00:00:06.503+01:00|W9|0.9|-0.54|0.35|-0.54|0.70;0001-01-01T00:00:06.503+01:00|W10|1.1|-1.08|0.15|-1.08|0.37;0001-01-01T00:00:06.503+01:00|W11|1.8|-1.66|0.06|-1.66|0.72;0001-01-01T00:00:06.503+01:00|W12|1.6|-1.53|0.05|-1.53|0.02"
55.00;5.04;0001-01-01T00:00:06.4600000+01:00;53.49;0.60;-17.31;32.4;-1.662;-2.227;25.197;-28.956;16.422;-15.979;94.476;-49.124;106.490;"0001-01-01T00:00:06.503+01:00|W1|0.5|-0.44|0.38|-0.44|0.29;0001-01-01T00:00:06.503+01:00|W2|0.9|0.50|0.06|0.50|0.66;0001-01-01T00:00:06.503+01:00|W3|1.1|0.47|0.06|0.47|0.43;0001-01-01T00:00:06.503+01:00|W4|0.4|0.04|0.26|0.04|0.38;0001-01-01T00:00:06.503+01:00|W5|0.2|-0.18|0.12|-0.18|0.06;0001-01-01T00:00:06.503+01:00|W6|0.8|-0.73|0.21|-0.73|0.41;0001-01-01T00:00:06.503+01:00|W7|0.9|-0.56|0.06|-0.56|0.70;0001-01-01T00:00:06.503+01:00|W8|0.7|0.26|0.06|0.26|0.66;0001-01-01T00:00:06.503+01:00|W9|0.9|-0.54|0.35|-0.54|0.70;0001-01-01T00:00:06.503+01:00|W10|1.1|-1.08|0.15|-1.08|0.37;0001-01-01T00:00:06.503+01:00|W11|1.8|-1.66|0.06|-1.66|0.72;0001-01-01T00:00:06.503+01:00|W12|1.6|-1.53|0.05|-1.53|0.02"
56.00;5.00;0001-01-01T00:00:06.4940000+01:00;54.39;0.61;-17.78;32.1;-2.108;-2.561;23.690;-29.059;16.748;-15.357;94.405;-49.769;106.725;"0001-01-01T00:00:06.503+01:00|W1|0.5|-0.44|0.38|-0.44|0.29;0001-01-01T00:00:06.503+01:00|W2|0.9|0.50|0.06|0.50|0.66;0001-01-01T00:00:06.503+01:00|W3|1.1|0.47|0.06|0.47|0.43;0001-01-01T00:00:06.503+01:00|W4|0.4|0.04|0.26|0.04|0.38;0001-01-01T00:00:06.503+01:00|W5|0.2|-0.18|0.12|-0.18|0.06;0001-01-01T00:00:06.503+01:00|W6|0.8|-0.73|0.21|-0.73|0.41;0001-01-01T00:00:06.503+01:00|W7|0.9|-0.56|0.06|-0.56|0.70;0001-01-01T00:00:06.503+01:00|W8|0.7|0.26|0.06|0.26|0.66;0001-01-01T00:00:06.503+01:00|W9|0.9|-0.54|0.35|-0.54|0.70;0001-01-01T00:00:06.503+01:00|W10|1.1|-1.08|0.15|-1.08|0.37;0001-01-01T00:00:06.503+01:00|W11|1.8|-1.66|0.06|-1.66|0.72;0001-01-01T00:00:06.503+01:00|W12|1.6|-1.53|0.05|-1.53|0.02"
57.00;4.96;0001-01-01T00:00:06.5290000+01:00;55.28;0.62;-18.26;31.6;-2.298;-2.962;22.950;-29.332;16.946;-14.834;94.458;-50.506;107.117;"0001-01-01T00:00:06.503+01:00|W1|0.5|-0.44|0.38|-0.44|0.29;0001-01-01T00:00:06.503+01:00|W2|0.9|0.50|0.06|0.50|0.66;0001-01-01T00:00:06.503+01:00|W3|1.1|0.47|0.06|0.47|0.43;0001-01-01T00:00:06.503+01:00|W4|0.4|0.04|0.26|0.04|0.38;0001-01-01T00:00:06.503+01:00|W5|0.2|-0.18|0.12|-0.18|0.06;0001-01-01T00:00:06.503+01:00|W6|0.8|-0.73|0.21|-0.73|0.41;0001-01-01T00:00:06.503+01:00|W7|0.9|-0.56|0.06|-0.56|0.70;0001-01-01T00:00:06.503+01:00|W8|0.7|0.26|0.06|0.26|0.66;0001-01-01T00:00:06.503+01:00|W9|0.9|-0.54|0.35|-0.54|0.70;0001-01-01T00:00:06.503+01:00|W10|1.1|-1.08|0.15|-1.08|0.37;0001-01-01T00:00:06.503+01:00|W11|1.8|-1.66|0.06|-1.66|0.72;0001-01-01T00:00:06.503+01:00|W12|1.6|-1.53|0.05|-1.53|0.02"
58.00;4.91;0001-01-01T00:00:06.5630000+01:00;56.18;0.63;-18.74;31.3;-2.390;-3.386;22.504;-29.058;17.096;-14.455;94.571;-51.215;107.553;"0001-01-01T00:00:06.503+01:00|W1|0.5|-0.44|0.38|-0.44|0.29;0001-01-01T00:00:06.503+01:00|W2|0.9|0.50|0.06|0.50|0.66;0001-01-01T00:00:06.503+01:00|W3|1.1|0.47|0.06|0.47|0.43;0001-01-01T00:00:06.503+01:00|W4|0.4|0.04|0.26|0.04|0.38;0001-01-01T00:00:06.503+01:00|W5|0.2|-0.18|0.12|-0.18|0.06;0001-01-01T00:00:06.503+01:00|W6|0.8|-0.73|0.21|-0.73|0.41;0001-01-01T00:00:06.503+01:00|W7|0.9|-0.56|0.06|-0.56|0.70;0001-01-01T00:00:06.503+01:00|W8|0.7|0.26|0.06|0.26|0.66;0001-01-01T00:00:06.503+01:00|W9|0.9|-0.54|0.35|-0.54|0.70;0001-01-01T00:00:06.503+01:00|W10|1.1|-1.08|0.15|-1.08|0.37;0001-01-01T00:00:06.503+01:00|W11|1.8|-1.66|0.06|-1.66|0.72;0001-01-01T00:00:06.503+01:00|W12|1.6|-1.53|0.05|-1.53|0.02"
59.00;4.87;0001-01-01T00:00:06.5970000+01:00;57.08;0.65;-19.22;31.6;-2.482;-3.800;22.060;-27.019;17.245;-14.383;94.721;-51.748;107.939;"0001-01-01T00:00:06.503+01:00|W1|0.5|-0.44|0.38|-0.44|0.29;0001-01-01T00:00:06.503+01:00|W2|0.9|0.50|0.06|0.50|0.66;0001-01-01T00:00:06.503+01:00|W3|1.1|0.47|0.06|0.47|0.43;0001-01-01T00:00:06.503+01:00|W4|0.4|0.04|0.26|0.04|0.38;0001-01-01T00:00:06.503+01:00|W5|0.2|-0.18|0.12|-0.18|0.06;0001-01-01T00:00:06.503+01:00|W6|0.8|-0.73|0.21|-0.73|0.41;0001-01-01T00:00:06.503+01:00|W7|0.9|-0.56|0.06|-0.56|0.70;0001-01-01T00:00:06.503+01:00|W8|0.7|0.26|0.06|0.26|0.66;0001-01-01T00:00:06.503+01:00|W9|0.9|-0.54|0.35|-0.54|0.70;0001-01-01T00:00:06.503+01:00|W10|1.1|-1.08|0.15|-1.08|0.37;0001-01-01T00:00:06.503+01:00|W11|1.8|-1.66|0.06|-1.66|0.72;0001-01-01T00:00:06.503+01:00|W12|1.6|-1.53|0.05|-1.53|0.02"
60.00;4.83;0001-01-01T00:00:06.6310000+01:00;57.97;0.65;-19.71;31.3;-2.442;-3.973;21.672;-26.855;17.148;-14.196;94.668;-52.016;108.022;"0001-01-01T00:00:06.756+01:00|W1|0.4|-0.34|0.46|-0.34|0.25;0001-01-01T00:00:06.756+01:00|W2|0.8|0.50|0.10|0.50|0.57;0001-01-01T00:00:06.756+01:00|W3|1.1|0.40|0.06|0.40|0.34;0001-01-01T00:00:06.756+01:00|W4|0.3|-0.02|0.34|-0.02|0.31;0001-01-01T00:00:06.756+01:00|W5|0.3|-0.25|0.02|-0.25|0.09;0001-01-01T00:00:06.756+01:00|W6|0.8|-0.74|0.21|-0.74|0.33;0001-01-01T00:00:06.756+01:00|W7|1.0|-0.61|0.10|-0.61|0.74;0001-01-01T00:00:06.756+01:00|W8|0.7|0.17|0.10|0.17|0.65;0001-01-01T00:00:06.756+01:00|W9|0.9|-0.52|0.32|-0.52|0.70;0001-01-01T00:00:06.756+01:00|W10|1.1|-1.05|0.16|-1.05|0.39;0001-01-01T00:00:06.756+01:00|W11|1.7|-1.53|0.17|-1.53|0.74;0001-01-01T00:00:06.756+01:00|W12|1.4|-1.36|0.16|-1.36|0.19"
61.00;4.78;0001-01-01T00:00:06.6650000+01:00;58.86;0.66;-20.20;30.8;-2.346;-4.059;21.389;-26.711;16.919;-13.949;94.608;-52.321;108.117;"0001-01-01T00:00:06.756+01:00|W1|0.4|-0.34|0.46|-0.34|0.25;0001-01-01T00:00:06.756+01:00|W2|0.8|0.50|0.10|0.50|0.57;0001-01-01T00:00:06.756+01:00|W3|1.1|0.40|0.06|0.40|0.34;0001-01-01T00:00:06.756+01:00|W4|0.3|-0.02|0.34|-0.02|0.31;0001-01-01T00:00:06.756+01:00|W5|0.3|-0.25|0.02|-0.25|0.09;0001-01-01T00:00:06.756+01:00|W6|0.8|-0.74|0.21|-0.74|0.33;0001-01-01T00:00:06.756+01:00|W7|1.0|-0.61|0.10|-0.61|0.74;0001-01-01T00:00:06.756+01:00|W8|0.7|0.17|0.10|0.17|0.65;0001-01-01T00:00:06.756+01:00|W9|0.9|-0.52|0.32|-0.52|0.70;0001-01-01T00:00:06.756+01:00|W10|1.1|-1.05|0.16|-1.05|0.39;0001-01-01T00:00:06.756+01:00|W11|1.7|-1.53|0.17|-1.53|0.74;0001-01-01T00:00:06.756+01:00|W12|1.4|-1.36|0.16|-1.36|0.19"
62.00;4.74;0001-01-01T00:00:06.6990000+01:00;59.75;0.67;-20.70;30.1;-2.205;-4.094;21.303;-25.527;16.546;-13.642;94.647;-52.857;108.413;"0001-01-01T00:00:06.756+01:00|W1|0.4|-0.34|0.46|-0.34|0.25;0001-01-01T00:00:06.756+01:00|W2|0.8|0.50|0.10|0.50|0.57;0001-01-01T00:00:06.756+01:00|W3|1.1|0.40|0.06|0.40|0.34;0001-01-01T00:00:06.756+01:00|W4|0.3|-0.02|0.34|-0.02|0.31;0001-01-01T00:00:06.756+01:00|W5|0.3|-0.25|0.02|-0.25|0.09;0001-01-01T00:00:06.756+01:00|W6|0.8|-0.74|0.21|-0.74|0.33;0001-01-01T00:00:06.756+01:00|W7|1.0|-0.61|0.10|-0.61|0.74;0001-01-01T00:00:06.756+01:00|W8|0.7|0.17|0.10|0.17|0.65;0001-01-01T00:00:06.756+01:00|W9|0.9|-0.52|0.32|-0.52|0.70;0001-01-01T00:00:06.756+01:00|W10|1.1|-1.05|0.16|-1.05|0.39;0001-01-01T00:00:06.756+01:00|W11|1.7|-1.53|0.17|-1.53|0.74;0001-01-01T00:00:06.756+01:00|W12|1.4|-1.36|0.16|-1.36|0.19"
63.00;4.70;0001-01-01T00:00:06.7320000+01:00;60.64;0.68;-21.20;29.2;-2.164;-3.791;21.375;-25.423;16.233;-12.986;94.656;-53.271;108.624;"0001-01-01T00:00:06.756+01:00|W1|0.4|-0.34|0.46|-0.34|0.25;0001-01-01T00:00:06.756+01:00|W2|0.8|0.50|0.10|0.50|0.57;0001-01-01T00:00:06.756+01:00|W3|1.1|0.40|0.06|0.40|0.34;0001-01-01T00:00:06.756+01:00|W4|0.3|-0.02|0.34|-0.02|0.31;0001-01-01T00:00:06.756+01:00|W5|0.3|-0.25|0.02|-0.25|0.09;0001-01-01T00:00:06.756+01:00|W6|0.8|-0.74|0.21|-0.74|0.33;0001-01-01T00:00:06.756+01:00|W7|1.0|-0.61|0.10|-0.61|0.74;0001-01-01T00:00:06.756+01:00|W8|0.7|0.17|0.10|0.17|0.65;0001-01-01T00:00:06.756+01:00|W9|0.9|-0.52|0.32|-0.52|0.70;0001-01-01T00:00:06.756+01:00|W10|1.1|-1.05|0.16|-1.05|0.39;0001-01-01T00:00:06.756+01:00|W11|1.7|-1.53|0.17|-1.53|0.74;0001-01-01T00:00:06.756+01:00|W12|1.4|-1.36|0.16|-1.36|0.19"
64.00;4.66;0001-01-01T00:00:06.7660000+01:00;61.52;0.70;-21.70;28.2;-2.096;-3.460;21.249;-25.151;15.936;-12.270;94.641;-53.648;108.797;"0001-01-01T00:00:06.756+01:00|W1|0.4|-0.34|0.46|-0.34|0.25;0001-01-01T00:00:06.756+01:00|W2|0.8|0.50|0.10|0.50|0.57;0001-01-01T00:00:06.756+01:00|W3|1.1|0.40|0.06|0.40|0.34;0001-01-01T00:00:06.756+01:00|W4|0.3|-0.02|0.34|-0.02|0.31;0001-01-01T00:00:06.756+01:00|W5|0.3|-0.25|0.02|-0.25|0.09;0001-01-01T00:00:06.756+01:00|W6|0.8|-0.74|0.21|-0.74|0.33;0001-01-01T00:00:06.756+01:00|W7|1.0|-0.61|0.10|-0.61|0.74;0001-01-01T00:00:06.756+01:00|W8|0.7|0.17|0.10|0.17|0.65;0001-01-01T00:00:06.756+01:00|W9|0.9|-0.52|0.32|-0.52|0.70;0001-01-01T00:00:06.756+01:00|W10|1.1|-1.05|0.16|-1.05|0.39;0001-01-01T00:00:06.756+01:00|W11|1.7|-1.53|0.17|-1.53|0.74;0001-01-01T00:00:06.756+01:00|W12|1.4|-1.36|0.16|-1.36|0.19"
65.00;4.62;0001-01-01T00:00:06.8000000+01:00;62.41;0.71;-22.20;27.2;-1.945;-3.198;20.707;-24.196;15.646;-11.566;94.596;-54.001;108.933;"0001-01-01T00:00:06.756+01:00|W1|0.4|-0.34|0.46|-0.34|0.25;0001-01-01T00:00:06.756+01:00|W2|0.8|0.50|0.10|0.50|0.57;0001-01-01T00:00:06.756+01:00|W3|1.1|0.40|0.06|0.40|0.34;0001-01-01T00:00:06.756+01:00|W4|0.3|-0.02|0.34|-0.02|0.31;0001-01-01T00:00:06.756+01:00|W5|0.3|-0.25|0.02|-0.25|0.09;0001-01-01T00:00:06.756+01:00|W6|0.8|-0.74|0.21|-0.74|0.33;0001-01-01T00:00:06.756+01:00|W7|1.0|-0.61|0.10|-0.61|0.74;0001-01-01T00:00:06.756+01:00|W8|0.7|0.17|0.10|0.17|0.65;0001-01-01T00:00:06.756+01:00|W9|0.9|-0.52|0.32|-0.52|0.70;0001-01-01T00:00:06.756+01:00|W10|1.1|-1.05|0.16|-1.05|0.39;0001-01-01T00:00:06.756+01:00|W11|1.7|-1.53|0.17|-1.53|0.74;0001-01-01T00:00:06.756+01:00|W12|1.4|-1.36|0.16|-1.36|0.19"
66.00;4.58;0001-01-01T00:00:06.8330000+01:00;63.29;0.72;-22.70;26.2;-1.925;-2.791;21.209;-24.120;15.461;-10.803;94.402;-54.143;108.836;"0001-01-01T00:00:06.756+01:00|W1|0.4|-0.34|0.46|-0.34|0.25;0001-01-01T00:00:06.756+01:00|W2|0.8|0.50|0.10|0.50|0.57;0001-01-01T00:00:06.756+01:00|W3|1.1|0.40|0.06|0.40|0.34;0001-01-01T00:00:06.756+01:00|W4|0.3|-0.02|0.34|-0.02|0.31;0001-01-01T00:00:06.756+01:00|W5|0.3|-0.25|0.02|-0.25|0.09;0001-01-01T00:00:06.756+01:00|W6|0.8|-0.74|0.21|-0.74|0.33;0001-01-01T00:00:06.756+01:00|W7|1.0|-0.61|0.10|-0.61|0.74;0001-01-01T00:00:06.756+01:00|W8|0.7|0.17|0.10|0.17|0.65;0001-01-01T00:00:06.756+01:00|W9|0.9|-0.52|0.32|-0.52|0.70;0001-01-01T00:00:06.756+01:00|W10|1.1|-1.05|0.16|-1.05|0.39;0001-01-01T00:00:06.756+01:00|W11|1.7|-1.53|0.17|-1.53|0.74;0001-01-01T00:00:06.756+01:00|W12|1.4|-1.36|0.16|-1.36|0.19"
67.00;4.54;0001-01-01T00:00:06.8670000+01:00;64.17;0.74;-23.21;25.6;-2.015;-2.489;22.212;-24.721;15.405;-10.175;94.206;-54.378;108.784;"0001-01-01T00:00:06.756+01:00|W1|0.4|-0.34|0.46|-0.34|0.25;0001-01-01T00:00:06.756+01:00|W2|0.8|0.50|0.10|0.50|0.57;0001-01-01T00:00:06.756+01:00|W3|1.1|0.40|0.06|0.40|0.34;0001-01-01T00:00:06.756+01:00|W4|0.3|-0.02|0.34|-0.02|0.31;0001-01-01T00:00:06.756+01:00|W5|0.3|-0.25|0.02|-0.25|0.09;0001-01-01T00:00:06.756+01:00|W6|0.8|-0.74|0.21|-0.74|0.33;0001-01-01T00:00:06.756+01:00|W7|1.0|-0.61|0.10|-0.61|0.74;0001-01-01T00:00:06.756+01:00|W8|0.7|0.17|0.10|0.17|0.65;0001-01-01T00:00:06.756+01:00|W9|0.9|-0.52|0.32|-0.52|0.70;0001-01-01T00:00:06.756+01:00|W10|1.1|-1.05|0.16|-1.05|0.39;0001-01-01T00:00:06.756+01:00|W11|1.7|-1.53|0.17|-1.53|0.74;0001-01-01T00:00:06.756+01:00|W12|1.4|-1.36|0.16|-1.36|0.19"
68.00;4.51;0001-01-01T00:00:06.9000000+01:00;65.05;0.75;-23.72;25.3;-2.251;-2.391;23.768;-26.197;15.532;-9.780;94.040;-54.814;108.860;"0001-01-01T00:00:07.001+01:00|W1|0.4|-0.28|0.47|-0.28|0.24;0001-01-01T00:00:07.001+01:00|W2|0.8|0.58|0.12|0.58|0.43;0001-01-01T00:00:07.001+01:00|W3|1.1|0.36|0.06|0.36|0.31;0001-01-01T00:00:07.001+01:00|W4|0.3|0.00|0.36|0.00|0.28;0001-01-01T00:00:07.001+01:00|W5|0.3|-0.20|0.04|-0.20|0.08;0001-01-01T00:00:07.001+01:00|W6|0.8|-0.78|0.19|-0.78|0.21;0001-01-01T00:00:07.001+01:00|W7|1.0|-0.62|0.13|-0.62|0.78;0001-01-01T00:00:07.001+01:00|W8|0.6|0.07|0.15|0.07|0.61;0001-01-01T00:00:07.001+01:00|W9|0.9|-0.49|0.28|-0.49|0.70;0001-01-01T00:00:07.001+01:00|W10|1.1|-1.05|0.16|-1.05|0.36;0001-01-01T00:00:07.001+01:00|W11|1.6|-1.42|0.32|-1.42|0.65;0001-01-01T00:00:07.001+01:00|W12|1.3|-1.26|0.23|-1.26|0.31"
69.00;4.47;0001-01-01T00:00:06.9340000+01:00;65.93;0.77;-24.23;25.7;-2.647;-2.203;24.354;-27.429;16.009;-9.701;93.970;-55.239;109.016;"0001-01-01T00:00:07.001+01:00|W1|0.4|-0.28|0.47|-0.28|0.24;0001-01-01T00:00:07.001+01:00|W2|0.8|0.58|0.12|0.58|0.43;0001-01-01T00:00:07.001+01:00|W3|1.1|0.36|0.06|0.36|0.31;0001-01-01T00:00:07.001+01:00|W4|0.3|0.00|0.36|0.00|0.28;0001-01-01T00:00:07.001+01:00|W5|0.3|-0.20|0.04|-0.20|0.08;0001-01-01T00:00:07.001+01:00|W6|0.8|-0.78|0.19|-0.78|0.21;0001-01-01T00:00:07.001+01:00|W7|1.0|-0.62|0.13|-0.62|0.78;0001-01-01T00:00:07.001+01:00|W8|0.6|0.07|0.15|0.07|0.61;0001-01-01T00:00:07.001+01:00|W9|0.9|-0.49|0.28|-0.49|0.70;0001-01-01T00:00:07.001+01:00|W10|1.1|-1.05|0.16|-1.05|0.36;0001-01-01T00:00:07.001+01:00|W11|1.6|-1.42|0.32|-1.42|0.65;0001-01-01T00:00:07.001+01:00|W12|1.3|-1.26|0.23|-1.26|0.31"
70.00;4.43;0001-01-01T00:00:06.9680000+01:00;66.80;0.78;-24.75;26.4;-3.060;-2.231;24.919;-28.388;16.571;-9.860;93.947;-55.752;109.258;"0001-01-01T00:00:07.001+01:00|W1|0.4|-0.28|0.47|-0.28|0.24;0001-01-01T00:00:07.001+01:00|W2|0.8|0.58|0.12|0.58|0.43;0001-01-01T00:00:07.001+01:00|W3|1.1|0.36|0.06|0.36|0.31;0001-01-01T00:00:07.001+01:00|W4|0.3|0.00|0.36|0.00|0.28;0001-01-01T00:00:07.001+01:00|W5|0.3|-0.20|0.04|-0.20|0.08;0001-01-01T00:00:07.001+01:00|W6|0.8|-0.78|0.19|-0.78|0.21;0001-01-01T00:00:07.001+01:00|W7|1.0|-0.62|0.13|-0.62|0.78;0001-01-01T00:00:07.001+01:00|W8|0.6|0.07|0.15|0.07|0.61;0001-01-01T00:00:07.001+01:00|W9|0.9|-0.49|0.28|-0.49|0.70;0001-01-01T00:00:07.001+01:00|W10|1.1|-1.05|0.16|-1.05|0.36;0001-01-01T00:00:07.001+01:00|W11|1.6|-1.42|0.32|-1.42|0.65;0001-01-01T00:00:07.001+01:00|W12|1.3|-1.26|0.23|-1.26|0.31"
71.00;4.39;0001-01-01T00:00:07.0010000+01:00;67.68;0.80;-25.27;27.5;-3.471;-2.595;25.626;-28.985;17.194;-10.315;93.974;-56.396;109.610;"0001-01-01T00:00:07.001+01:00|W1|0.4|-0.28|0.47|-0.28|0.24;0001-01-01T00:00:07.001+01:00|W2|0.8|0.58|0.12|0.58|0.43;0001-01-01T00:00:07.001+01:00|W3|1.1|0.36|0.06|0.36|0.31;0001-01-01T00:00:07.001+01:00|W4|0.3|0.00|0.36|0.00|0.28;0001-01-01T00:00:07.001+01:00|W5|0.3|-0.20|0.04|-0.20|0.08;0001-01-01T00:00:07.001+01:00|W6|0.8|-0.78|0.19|-0.78|0.21;0001-01-01T00:00:07.001+01:00|W7|1.0|-0.62|0.13|-0.62|0.78;0001-01-01T00:00:07.001+01:00|W8|0.6|0.07|0.15|0.07|0.61;0001-01-01T00:00:07.001+01:00|W9|0.9|-0.49|0.28|-0.49|0.70;0001-01-01T00:00:07.001+01:00|W10|1.1|-1.05|0.16|-1.05|0.36;0001-01-01T00:00:07.001+01:00|W11|1.6|-1.42|0.32|-1.42|0.65;0001-01-01T00:00:07.001+01:00|W12|1.3|-1.26|0.23|-1.26|0.31"
72.00;4.36;0001-01-01T00:00:07.0350000+01:00;68.55;0.82;-25.80;28.3;-3.756;-3.133;25.432;-29.411;17.628;-10.738;93.957;-56.791;109.800;"0001-01-01T00:00:07.001+01:00|W1|0.4|-0.28|0.47|-0.28|0.24;0001-01-01T00:00:07.001+01:00|W2|0.8|0.58|0.12|0.58|0.43;0001-01-01T00:00:07.001+01:00|W3|1.1|0.36|0.06|0.36|0.31;0001-01-01T00:00:07.001+01:00|W4|0.3|0.00|0.36|0.00|0.28;0001-01-01T00:00:07.001+01:00|W5|0.3|-0.20|0.04|-0.20|0.08;0001-01-01T00:00:07.001+01:00|W6|0.8|-0.78|0.19|-0.78|0.21;0001-01-01T00:00:07.001+01:00|W7|1.0|-0.62|0.13|-0.62|0.78;0001-01-01T00:00:07.001+01:00|W8|0.6|0.07|0.15|0.07|0.61;0001-01-01T00:00:07.001+01:00|W9|0.9|-0.49|0.28|-0.49|0.70;0001-01-01T00:00:07.001+01:00|W10|1.1|-1.05|0.16|-1.05|0.36;0001-01-01T00:00:07.001+01:00|W11|1.6|-1.42|0.32|-1.42|0.65;0001-01-01T00:00:07.001+01:00|W12|1.3|-1.26|0.23|-1.26|0.31"
73.00;4.32;0001-01-01T00:00:07.0680000+01:00;69.42;0.83;-26.33;29.0;-4.054;-3.843;25.557;-29.715;17.918;-11.194;93.950;-57.253;110.034;"0001-01-01T00:00:07.001+01:00|W1|0.4|-0.28|0.47|-0.28|0.24;0001-01-01T00:00:07.001+01:00|W2|0.8|0.58|0.12|0.58|0.43;0001-01-01T00:00:07.001+01:00|W3|1.1|0.36|0.06|0.36|0.31;0001-01-01T00:00:07.001+01:00|W4|0.3|0.00|0.36|0.00|0.28;0001-01-01T00:00:07.001+01:00|W5|0.3|-0.20|0.04|-0.20|0.08;0001-01-01T00:00:07.001+01:00|W6|0.8|-0.78|0.19|-0.78|0.21;0001-01-01T00:00:07.001+01:00|W7|1.0|-0.62|0.13|-0.62|0.78;0001-01-01T00:00:07.001+01:00|W8|0.6|0.07|0.15|0.07|0.61;0001-01-01T00:00:07.001+01:00|W9|0.9|-0.49|0.28|-0.49|0.70;0001-01-01T00:00:07.001+01:00|W10|1.1|-1.05|0.16|-1.05|0.36;0001-01-01T00:00:07.001+01:00|W11|1.6|-1.42|0.32|-1.42|0.65;0001-01-01T00:00:07.001+01:00|W12|1.3|-1.26|0.23|-1.26|0.31"
74.00;4.29;0001-01-01T00:00:07.1010000+01:00;70.28;0.84;-26.86;29.6;-4.385;-4.774;26.243;-29.872;18.029;-11.699;93.965;-57.840;110.352;"0001-01-01T00:00:07.001+01:00|W1|0.4|-0.28|0.47|-0.28|0.24;0001-01-01T00:00:07.001+01:00|W2|0.8|0.58|0.12|0.58|0.43;0001-01-01T00:00:07.001+01:00|W3|1.1|0.36|0.06|0.36|0.31;0001-01-01T00:00:07.001+01:00|W4|0.3|0.00|0.36|0.00|0.28;0001-01-01T00:00:07.001+01:00|W5|0.3|-0.20|0.04|-0.20|0.08;0001-01-01T00:00:07.001+01:00|W6|0.8|-0.78|0.19|-0.78|0.21;0001-01-01T00:00:07.001+01:00|W7|1.0|-0.62|0.13|-0.62|0.78;0001-01-01T00:00:07.001+01:00|W8|0.6|0.07|0.15|0.07|0.61;0001-01-01T00:00:07.001+01:00|W9|0.9|-0.49|0.28|-0.49|0.70;0001-01-01T00:00:07.001+01:00|W10|1.1|-1.05|0.16|-1.05|0.36;0001-01-01T00:00:07.001+01:00|W11|1.6|-1.42|0.32|-1.42|0.65;0001-01-01T00:00:07.001+01:00|W12|1.3|-1.26|0.23|-1.26|0.31"
75.00;4.25;0001-01-01T00:00:07.1340000+01:00;71.15;0.86;-27.39;30.0;-4.461;-5.609;25.939;-30.332;17.647;-12.051;94.056;-58.470;110.761;"0001-01-01T00:00:07.254+01:00|W1|0.4|-0.28|0.47|-0.28|0.24;0001-01-01T00:00:07.254+01:00|W2|0.8|0.58|0.12|0.58|0.43;0001-01-01T00:00:07.254+01:00|W3|1.1|0.36|0.06|0.36|0.31;0001-01-01T00:00:07.254+01:00|W4|0.3|0.00|0.36|0.00|0.28;0001-01-01T00:00:07.254+01:00|W5|0.3|-0.20|0.04|-0.20|0.08;0001-01-01T00:00:07.254+01:00|W6|0.8|-0.83|0.15|-0.83|0.07;0001-01-01T00:00:07.254+01:00|W7|1.0|-0.63|0.10|-0.63|0.74;0001-01-01T00:00:07.254+01:00|W8|0.6|0.07|0.15|0.07|0.61;0001-01-01T00:00:07.254+01:00|W9|0.9|-0.49|0.28|-0.49|0.70;0001-01-01T00:00:07.254+01:00|W10|1.1|-1.05|0.16|-1.05|0.36;0001-01-01T00:00:07.254+01:00|W11|1.6|-1.42|0.32|-1.42|0.65;0001-01-01T00:00:07.254+01:00|W12|1.3|-1.26|0.23|-1.26|0.31"
76.00;4.22;0001-01-01T00:00:07.1680000+01:00;72.01;0.89;-27.93;30.3;-4.512;-6.422;25.538;-30.451;17.218;-12.386;94.115;-59.062;111.124;"0001-01-01T00:00:07.254+01:00|W1|0.4|-0.28|0.47|-0.28|0.24;0001-01-01T00:00:07.254+01:00|W2|0.8|0.58|0.12|0.58|0.43;0001-01-01T00:00:07.254+01:00|W3|1.1|0.36|0.06|0.36|0.31;0001-01-01T00:00:07.254+01:00|W4|0.3|0.00|0.36|0.00|0.28;0001-01-01T00:00:07.254+01:00|W5|0.3|-0.20|0.04|-0.20|0.08;0001-01-01T00:00:07.254+01:00|W6|0.8|-0.83|0.15|-0.83|0.07;0001-01-01T00:00:07.254+01:00|W7|1.0|-0.63|0.10|-0.63|0.74;0001-01-01T00:00:07.254+01:00|W8|0.6|0.07|0.15|0.07|0.61;0001-01-01T00:00:07.254+01:00|W9|0.9|-0.49|0.28|-0.49|0.70;0001-01-01T00:00:07.254+01:00|W10|1.1|-1.05|0.16|-1.05|0.36;0001-01-01T00:00:07.254+01:00|W11|1.6|-1.42|0.32|-1.42|0.65;0001-01-01T00:00:07.254+01:00|W12|1.3|-1.26|0.23|-1.26|0.31"
77.00;4.18;0001-01-01T00:00:07.2010000+01:00;72.87;0.91;-28.47;30.6;-4.562;-7.218;25.140;-30.042;16.792;-12.720;94.118;-59.594;111.409;"0001-01-01T00:00:07.254+01:00|W1|0.4|-0.28|0.47|-0.28|0.24;0001-01-01T00:00:07.254+01:00|W2|0.8|0.58|0.12|0.58|0.43;0001-01-01T00:00:07.254+01:00|W3|1.1|0.36|0.06|0.36|0.31;0001-01-01T00:00:07.254+01:00|W4|0.3|0.00|0.36|0.00|0.28;0001-01-01T00:00:07.254+01:00|W5|0.3|-0.20|0.04|-0.20|0.08;0001-01-01T00:00:07.254+01:00|W6|0.8|-0.83|0.15|-0.83|0.07;0001-01-01T00:00:07.254+01:00|W7|1.0|-0.63|0.10|-0.63|0.74;0001-01-01T00:00:07.254+01:00|W8|0.6|0.07|0.15|0.07|0.61;0001-01-01T00:00:07.254+01:00|W9|0.9|-0.49|0.28|-0.49|0.70;0001-01-01T00:00:07.254+01:00|W10|1.1|-1.05|0.16|-1.05|0.36;0001-01-01T00:00:07.254+01:00|W11|1.6|-1.42|0.32|-1.42|0.65;0001-01-01T00:00:07.254+01:00|W12|1.3|-1.26|0.23|-1.26|0.31"
78.00;4.15;0001-01-01T00:00:07.2340000+01:00;73.73;0.93;-29.01;30.7;-4.613;-7.632;24.744;-30.115;16.367;-12.822;94.248;-60.103;111.794;"0001-01-01T00:00:07.254+01:00|W1|0.4|-0.28|0.47|-0.28|0.24;0001-01-01T00:00:07.254+01:00|W2|0.8|0.58|0.12|0.58|0.43;0001-01-01T00:00:07.254+01:00|W3|1.1|0.36|0.06|0.36|0.31;0001-01-01T00:00:07.254+01:00|W4|0.3|0.00|0.36|0.00|0.28;0001-01-01T00:00:07.254+01:00|W5|0.3|-0.20|0.04|-0.20|0.08;0001-01-01T00:00:07.254+01:00|W6|0.8|-0.83|0.15|-0.83|0.07;0001-01-01T00:00:07.254+01:00|W7|1.0|-0.63|0.10|-0.63|0.74;0001-01-01T00:00:07.254+01:00|W8|0.6|0.07|0.15|0.07|0.61;0001-01-01T00:00:07.254+01:00|W9|0.9|-0.49|0.28|-0.49|0.70;0001-01-01T00:00:07.254+01:00|W10|1.1|-1.05|0.16|-1.05|0.36;0001-01-01T00:00:07.254+01:00|W11|1.6|-1.42|0.32|-1.42|0.65;0001-01-01T00:00:07.254+01:00|W12|1.3|-1.26|0.23|-1.26|0.31"
79.00;4.11;0001-01-01T00:00:07.2660000+01:00;74.58;0.95;-29.56;30.7;-4.663;-7.864;24.349;-30.092;15.944;-12.853;94.383;-60.585;112.168;"0001-01-01T00:00:07.254+01:00|W1|0.4|-0.28|0.47|-0.28|0.24;0001-01-01T00:00:07.254+01:00|W2|0.8|0.58|0.12|0.58|0.43;0001-01-01T00:00:07.254+01:00|W3|1.1|0.36|0.06|0.36|0.31;0001-01-01T00:00:07.254+01:00|W4|0.3|0.00|0.36|0.00|0.28;0001-01-01T00:00:07.254+01:00|W5|0.3|-0.20|0.04|-0.20|0.08;0001-01-01T00:00:07.254+01:00|W6|0.8|-0.83|0.15|-0.83|0.07;0001-01-01T00:00:07.254+01:00|W7|1.0|-0.63|0.10|-0.63|0.74;0001-01-01T00:00:07.254+01:00|W8|0.6|0.07|0.15|0.07|0.61;0001-01-01T00:00:07.254+01:00|W9|0.9|-0.49|0.28|-0.49|0.70;0001-01-01T00:00:07.254+01:00|W10|1.1|-1.05|0.16|-1.05|0.36;0001-01-01T00:00:07.254+01:00|W11|1.6|-1.42|0.32|-1.42|0.65;0001-01-01T00:00:07.254+01:00|W12|1.3|-1.26|0.23|-1.26|0.31"
80.00;4.07;0001-01-01T00:00:07.2990000+01:00;75.44;0.96;-30.11;30.7;-4.712;-7.869;23.957;-29.821;15.524;-12.812;94.502;-61.027;112.506;"0001-01-01T00:00:07.254+01:00|W1|0.4|-0.28|0.47|-0.28|0.24;0001-01-01T00:00:07.254+01:00|W2|0.8|0.58|0.12|0.58|0.43;0001-01-01T00:00:07.254+01:00|W3|1.1|0.36|0.06|0.36|0.31;0001-01-01T00:00:07.254+01:00|W4|0.3|0.00|0.36|0.00|0.28;0001-01-01T00:00:07.254+01:00|W5|0.3|-0.20|0.04|-0.20|0.08;0001-01-01T00:00:07.254+01:00|W6|0.8|-0.83|0.15|-0.83|0.07;0001-01-01T00:00:07.254+01:00|W7|1.0|-0.63|0.10|-0.63|0.74;0001-01-01T00:00:07.254+01:00|W8|0.6|0.07|0.15|0.07|0.61;0001-01-01T00:00:07.254+01:00|W9|0.9|-0.49|0.28|-0.49|0.70;0001-01-01T00:00:07.254+01:00|W10|1.1|-1.05|0.16|-1.05|0.36;0001-01-01T00:00:07.254+01:00|W11|1.6|-1.42|0.32|-1.42|0.65;0001-01-01T00:00:07.254+01:00|W12|1.3|-1.26|0.23|-1.26|0.31"
81.00;4.04;0001-01-01T00:00:07.3310000+01:00;76.29;0.98;-30.67;30.6;-4.762;-7.874;23.564;-29.549;15.104;-12.771;94.622;-61.470;112.845;"0001-01-01T00:00:07.254+01:00|W1|0.4|-0.28|0.47|-0.28|0.24;0001-01-01T00:00:07.254+01:00|W2|0.8|0.58|0.12|0.58|0.43;0001-01-01T00:00:07.254+01:00|W3|1.1|0.36|0.06|0.36|0.31;0001-01-01T00:00:07.254+01:00|W4|0.3|0.00|0.36|0.00|0.28;0001-01-01T00:00:07.254+01:00|W5|0.3|-0.20|0.04|-0.20|0.08;0001-01-01T00:00:07.254+01:00|W6|0.8|-0.83|0.15|-0.83|0.07;0001-01-01T00:00:07.254+01:00|W7|1.0|-0.63|0.10|-0.63|0.74;0001-01-01T00:00:07.254+01:00|W8|0.6|0.07|0.15|0.07|0.61;0001-01-01T00:00:07.254+01:00|W9|0.9|-0.49|0.28|-0.49|0.70;0001-01-01T00:00:07.254+01:00|W10|1.1|-1.05|0.16|-1.05|0.36;0001-01-01T00:00:07.254+01:00|W11|1.6|-1.42|0.32|-1.42|0.65;0001-01-01T00:00:07.254+01:00|W12|1.3|-1.26|0.23|-1.26|0.31"
82.00;4.01;0001-01-01T00:00:07.3630000+01:00;77.14;0.99;-31.22;29.9;-4.811;-7.772;23.178;-29.306;14.690;-12.764;94.720;-61.760;113.087;"0001-01-01T00:00:07.254+01:00|W1|0.4|-0.28|0.47|-0.28|0.24;0001-01-01T00:00:07.254+01:00|W2|0.8|0.58|0.12|0.58|0.43;0001-01-01T00:00:07.254+01:00|W3|1.1|0.36|0.06|0.36|0.31;0001-01-01T00:00:07.254+01:00|W4|0.3|0.00|0.36|0.00|0.28;0001-01-01T00:00:07.254+01:00|W5|0.3|-0.20|0.04|-0.20|0.08;0001-01-01T00:00:07.254+01:00|W6|0.8|-0.83|0.15|-0.83|0.07;0001-01-01T00:00:07.254+01:00|W7|1.0|-0.63|0.10|-0.63|0.74;0001-01-01T00:00:07.254+01:00|W8|0.6|0.07|0.15|0.07|0.61;0001-01-01T00:00:07.254+01:00|W9|0.9|-0.49|0.28|-0.49|0.70;0001-01-01T00:00:07.254+01:00|W10|1.1|-1.05|0.16|-1.05|0.36;0001-01-01T00:00:07.254+01:00|W11|1.6|-1.42|0.32|-1.42|0.65;0001-01-01T00:00:07.254+01:00|W12|1.3|-1.26|0.23|-1.26|0.31"
83.00;4.00;0001-01-01T00:00:07.3940000+01:00;77.99;0.98;-31.76;27.5;-4.858;-7.430;22.808;-29.129;14.293;-12.832;94.769;-61.705;113.110;"0001-01-01T00:00:07.504+01:00|W1|0.5|-0.23|0.36|-0.23|0.35;0001-01-01T00:00:07.504+01:00|W2|0.8|0.68|0.07|0.68|0.31;0001-01-01T00:00:07.504+01:00|W3|1.0|0.39|0.04|0.39|0.25;0001-01-01T00:00:07.504+01:00|W4|0.3|0.09|0.32|0.09|0.27;0001-01-01T00:00:07.504+01:00|W5|0.3|-0.16|0.03|-0.16|0.16;0001-01-01T00:00:07.504+01:00|W6|0.9|-0.90|0.02|-0.90|0.01;0001-01-01T00:00:07.504+01:00|W7|1.0|-0.67|0.09|-0.67|0.70;0001-01-01T00:00:07.504+01:00|W8|0.6|0.03|0.12|0.03|0.62;0001-01-01T00:00:07.504+01:00|W9|0.8|-0.47|0.21|-0.47|0.68;0001-01-01T00:00:07.504+01:00|W10|1.1|-1.10|0.11|-1.10|0.25;0001-01-01T00:00:07.504+01:00|W11|1.4|-1.34|0.44|-1.34|0.47;0001-01-01T00:00:07.504+01:00|W12|1.3|-1.05|0.29|-1.05|0.50"
84.00;3.97;0001-01-01T00:00:07.4270000+01:00;78.84;0.99;-32.32;26.7;-4.688;-7.070;22.737;-28.942;14.052;-12.904;94.835;-62.272;113.473;"0001-01-01T00:00:07.504+01:00|W1|0.5|-0.23|0.36|-0.23|0.35;0001-01-01T00:00:07.504+01:00|W2|0.8|0.68|0.07|0.68|0.31;0001-01-01T00:00:07.504+01:00|W3|1.0|0.39|0.04|0.39|0.25;0001-01-01T00:00:07.504+01:00|W4|0.3|0.09|0.32|0.09|0.27;0001-01-01T00:00:07.504+01:00|W5|0.3|-0.16|0.03|-0.16|0.16;0001-01-01T00:00:07.504+01:00|W6|0.9|-0.90|0.02|-0.90|0.01;0001-01-01T00:00:07.504+01:00|W7|1.0|-0.67|0.09|-0.67|0.70;0001-01-01T00:00:07.504+01:00|W8|0.6|0.03|0.12|0.03|0.62;0001-01-01T00:00:07.504+01:00|W9|0.8|-0.47|0.21|-0.47|0.68;0001-01-01T00:00:07.504+01:00|W10|1.1|-1.10|0.11|-1.10|0.25;0001-01-01T00:00:07.504+01:00|W11|1.4|-1.34|0.44|-1.34|0.47;0001-01-01T00:00:07.504+01:00|W12|1.3|-1.05|0.29|-1.05|0.50"
85.00;3.94;0001-01-01T00:00:07.4590000+01:00;79.68;1.02;-32.89;26.8;-4.455;-6.727;22.743;-28.704;13.894;-13.051;94.900;-63.046;113.948;"0001-01-01T00:00:07.504+01:00|W1|0.5|-0.23|0.36|-0.23|0.35;0001-01-01T00:00:07.504+01:00|W2|0.8|0.68|0.07|0.68|0.31;0001-01-01T00:00:07.504+01:00|W3|1.0|0.39|0.04|0.39|0.25;0001-01-01T00:00:07.504+01:00|W4|0.3|0.09|0.32|0.09|0.27;0001-01-01T00:00:07.504+01:00|W5|0.3|-0.16|0.03|-0.16|0.16;0001-01-01T00:00:07.504+01:00|W6|0.9|-0.90|0.02|-0.90|0.01;0001-01-01T00:00:07.504+01:00|W7|1.0|-0.67|0.09|-0.67|0.70;0001-01-01T00:00:07.504+01:00|W8|0.6|0.03|0.12|0.03|0.62;0001-01-01T00:00:07.504+01:00|W9|0.8|-0.47|0.21|-0.47|0.68;0001-01-01T00:00:07.504+01:00|W10|1.1|-1.10|0.11|-1.10|0.25;0001-01-01T00:00:07.504+01:00|W11|1.4|-1.34|0.44|-1.34|0.47;0001-01-01T00:00:07.504+01:00|W12|1.3|-1.05|0.29|-1.05|0.50"
86.00;3.92;0001-01-01T00:00:07.4910000+01:00;80.53;1.04;-33.45;27.2;-4.413;-6.512;22.438;-28.233;13.784;-13.563;94.925;-63.415;114.172;"0001-01-01T00:00:07.504+01:00|W1|0.5|-0.23|0.36|-0.23|0.35;0001-01-01T00:00:07.504+01:00|W2|0.8|0.68|0.07|0.68|0.31;0001-01-01T00:00:07.504+01:00|W3|1.0|0.39|0.04|0.39|0.25;0001-01-01T00:00:07.504+01:00|W4|0.3|0.09|0.32|0.09|0.27;0001-01-01T00:00:07.504+01:00|W5|0.3|-0.16|0.03|-0.16|0.16;0001-01-01T00:00:07.504+01:00|W6|0.9|-0.90|0.02|-0.90|0.01;0001-01-01T00:00:07.504+01:00|W7|1.0|-0.67|0.09|-0.67|0.70;0001-01-01T00:00:07.504+01:00|W8|0.6|0.03|0.12|0.03|0.62;0001-01-01T00:00:07.504+01:00|W9|0.8|-0.47|0.21|-0.47|0.68;0001-01-01T00:00:07.504+01:00|W10|1.1|-1.10|0.11|-1.10|0.25;0001-01-01T00:00:07.504+01:00|W11|1.4|-1.34|0.44|-1.34|0.47;0001-01-01T00:00:07.504+01:00|W12|1.3|-1.05|0.29|-1.05|0.50"
87.00;3.90;0001-01-01T00:00:07.5230000+01:00;81.37;1.06;-34.01;27.1;-4.414;-6.188;22.808;-27.817;13.494;-14.043;94.867;-63.445;114.141;"0001-01-01T00:00:07.504+01:00|W1|0.5|-0.23|0.36|-0.23|0.35;0001-01-01T00:00:07.504+01:00|W2|0.8|0.68|0.07|0.68|0.31;0001-01-01T00:00:07.504+01:00|W3|1.0|0.39|0.04|0.39|0.25;0001-01-01T00:00:07.504+01:00|W4|0.3|0.09|0.32|0.09|0.27;0001-01-01T00:00:07.504+01:00|W5|0.3|-0.16|0.03|-0.16|0.16;0001-01-01T00:00:07.504+01:00|W6|0.9|-0.90|0.02|-0.90|0.01;0001-01-01T00:00:07.504+01:00|W7|1.0|-0.67|0.09|-0.67|0.70;0001-01-01T00:00:07.504+01:00|W8|0.6|0.03|0.12|0.03|0.62;0001-01-01T00:00:07.504+01:00|W9|0.8|-0.47|0.21|-0.47|0.68;0001-01-01T00:00:07.504+01:00|W10|1.1|-1.10|0.11|-1.10|0.25;0001-01-01T00:00:07.504+01:00|W11|1.4|-1.34|0.44|-1.34|0.47;0001-01-01T00:00:07.504+01:00|W12|1.3|-1.05|0.29|-1.05|0.50"
88.00;3.89;0001-01-01T00:00:07.5560000+01:00;82.22;1.08;-34.57;26.8;-4.450;-5.792;23.711;-27.436;13.089;-14.502;94.753;-63.271;113.951;"0001-01-01T00:00:07.504+01:00|W1|0.5|-0.23|0.36|-0.23|0.35;0001-01-01T00:00:07.504+01:00|W2|0.8|0.68|0.07|0.68|0.31;0001-01-01T00:00:07.504+01:00|W3|1.0|0.39|0.04|0.39|0.25;0001-01-01T00:00:07.504+01:00|W4|0.3|0.09|0.32|0.09|0.27;0001-01-01T00:00:07.504+01:00|W5|0.3|-0.16|0.03|-0.16|0.16;0001-01-01T00:00:07.504+01:00|W6|0.9|-0.90|0.02|-0.90|0.01;0001-01-01T00:00:07.504+01:00|W7|1.0|-0.67|0.09|-0.67|0.70;0001-01-01T00:00:07.504+01:00|W8|0.6|0.03|0.12|0.03|0.62;0001-01-01T00:00:07.504+01:00|W9|0.8|-0.47|0.21|-0.47|0.68;0001-01-01T00:00:07.504+01:00|W10|1.1|-1.10|0.11|-1.10|0.25;0001-01-01T00:00:07.504+01:00|W11|1.4|-1.34|0.44|-1.34|0.47;0001-01-01T00:00:07.504+01:00|W12|1.3|-1.05|0.29|-1.05|0.50"
89.00;3.88;0001-01-01T00:00:07.5870000+01:00;83.06;1.09;-35.14;27.3;-4.597;-5.401;26.265;-27.060;12.697;-14.955;94.630;-63.405;113.924;"0001-01-01T00:00:07.504+01:00|W1|0.5|-0.23|0.36|-0.23|0.35;0001-01-01T00:00:07.504+01:00|W2|0.8|0.68|0.07|0.68|0.31;0001-01-01T00:00:07.504+01:00|W3|1.0|0.39|0.04|0.39|0.25;0001-01-01T00:00:07.504+01:00|W4|0.3|0.09|0.32|0.09|0.27;0001-01-01T00:00:07.504+01:00|W5|0.3|-0.16|0.03|-0.16|0.16;0001-01-01T00:00:07.504+01:00|W6|0.9|-0.90|0.02|-0.90|0.01;0001-01-01T00:00:07.504+01:00|W7|1.0|-0.67|0.09|-0.67|0.70;0001-01-01T00:00:07.504+01:00|W8|0.6|0.03|0.12|0.03|0.62;0001-01-01T00:00:07.504+01:00|W9|0.8|-0.47|0.21|-0.47|0.68;0001-01-01T00:00:07.504+01:00|W10|1.1|-1.10|0.11|-1.10|0.25;0001-01-01T00:00:07.504+01:00|W11|1.4|-1.34|0.44|-1.34|0.47;0001-01-01T00:00:07.504+01:00|W12|1.3|-1.05|0.29|-1.05|0.50"
90.00;3.87;0001-01-01T00:00:07.6190000+01:00;83.90;1.10;-35.70;27.6;-4.918;-5.098;27.909;-27.221;12.518;-15.150;94.600;-63.663;114.043;"0001-01-01T00:00:07.504+01:00|W1|0.5|-0.23|0.36|-0.23|0.35;0001-01-01T00:00:07.504+01:00|W2|0.8|0.68|0.07|0.68|0.31;0001-01-01T00:00:07.504+01:00|W3|1.0|0.39|0.04|0.39|0.25;0001-01-01T00:00:07.504+01:00|W4|0.3|0.09|0.32|0.09|0.27;0001-01-01T00:00:07.504+01:00|W5|0.3|-0.16|0.03|-0.16|0.16;0001-01-01T00:00:07.504+01:00|W6|0.9|-0.90|0.02|-0.90|0.01;0001-01-01T00:00:07.504+01:00|W7|1.0|-0.67|0.09|-0.67|0.70;0001-01-01T00:00:07.504+01:00|W8|0.6|0.03|0.12|0.03|0.62;0001-01-01T00:00:07.504+01:00|W9|0.8|-0.47|0.21|-0.47|0.68;0001-01-01T00:00:07.504+01:00|W10|1.1|-1.10|0.11|-1.10|0.25;0001-01-01T00:00:07.504+01:00|W11|1.4|-1.34|0.44|-1.34|0.47;0001-01-01T00:00:07.504+01:00|W12|1.3|-1.05|0.29|-1.05|0.50"
91.00;3.86;0001-01-01T00:00:07.6510000+01:00;84.74;1.12;-36.27;27.5;-5.426;-4.891;28.559;-27.969;12.572;-15.064;94.672;-64.056;114.322;"0001-01-01T00:00:07.754+01:00|W1|0.6|-0.23|0.26|-0.23|0.43;0001-01-01T00:00:07.754+01:00|W2|0.8|0.70|0.06|0.70|0.24;0001-01-01T00:00:07.754+01:00|W3|1.0|0.53|0.00|0.53|0.23;0001-01-01T00:00:07.754+01:00|W4|0.3|0.16|0.27|0.16|0.26;0001-01-01T00:00:07.754+01:00|W5|0.3|-0.19|0.01|-0.19|0.11;0001-01-01T00:00:07.754+01:00|W6|0.9|-0.90|0.02|-0.90|0.01;0001-01-01T00:00:07.754+01:00|W7|1.0|-0.70|0.07|-0.70|0.65;0001-01-01T00:00:07.754+01:00|W8|0.7|0.07|0.05|0.07|0.64;0001-01-01T00:00:07.754+01:00|W9|0.8|-0.49|0.20|-0.49|0.68;0001-01-01T00:00:07.754+01:00|W10|1.1|-1.08|0.12|-1.08|0.22;0001-01-01T00:00:07.754+01:00|W11|1.5|-1.38|0.40|-1.38|0.41;0001-01-01T00:00:07.754+01:00|W12|1.3|-1.04|0.25|-1.04|0.50"
92.00;3.86;0001-01-01T00:00:07.6830000+01:00;85.58;1.14;-36.84;26.9;-5.927;-4.715;28.614;-28.889;12.939;-14.449;94.574;-64.097;114.267;"0001-01-01T00:00:07.754+01:00|W1|0.6|-0.23|0.26|-0.23|0.43;0001-01-01T00:00:07.754+01:00|W2|0.8|0.70|0.06|0.70|0.24;0001-01-01T00:00:07.754+01:00|W3|1.0|0.53|0.00|0.53|0.23;0001-01-01T00:00:07.754+01:00|W4|0.3|0.16|0.27|0.16|0.26;0001-01-01T00:00:07.754+01:00|W5|0.3|-0.19|0.01|-0.19|0.11;0001-01-01T00:00:07.754+01:00|W6|0.9|-0.90|0.02|-0.90|0.01;0001-01-01T00:00:07.754+01:00|W7|1.0|-0.70|0.07|-0.70|0.65;0001-01-01T00:00:07.754+01:00|W8|0.7|0.07|0.05|0.07|0.64;0001-01-01T00:00:07.754+01:00|W9|0.8|-0.49|0.20|-0.49|0.68;0001-01-01T00:00:07.754+01:00|W10|1.1|-1.08|0.12|-1.08|0.22;0001-01-01T00:00:07.754+01:00|W11|1.5|-1.38|0.40|-1.38|0.41;0001-01-01T00:00:07.754+01:00|W12|1.3|-1.04|0.25|-1.04|0.50"
93.00;3.86;0001-01-01T00:00:07.7150000+01:00;86.41;1.15;-37.41;26.2;-6.425;-4.711;28.613;-29.947;13.334;-13.699;94.523;-64.282;114.330;"0001-01-01T00:00:07.754+01:00|W1|0.6|-0.23|0.26|-0.23|0.43;0001-01-01T00:00:07.754+01:00|W2|0.8|0.70|0.06|0.70|0.24;0001-01-01T00:00:07.754+01:00|W3|1.0|0.53|0.00|0.53|0.23;0001-01-01T00:00:07.754+01:00|W4|0.3|0.16|0.27|0.16|0.26;0001-01-01T00:00:07.754+01:00|W5|0.3|-0.19|0.01|-0.19|0.11;0001-01-01T00:00:07.754+01:00|W6|0.9|-0.90|0.02|-0.90|0.01;0001-01-01T00:00:07.754+01:00|W7|1.0|-0.70|0.07|-0.70|0.65;0001-01-01T00:00:07.754+01:00|W8|0.7|0.07|0.05|0.07|0.64;0001-01-01T00:00:07.754+01:00|W9|0.8|-0.49|0.20|-0.49|0.68;0001-01-01T00:00:07.754+01:00|W10|1.1|-1.08|0.12|-1.08|0.22;0001-01-01T00:00:07.754+01:00|W11|1.5|-1.38|0.40|-1.38|0.41;0001-01-01T00:00:07.754+01:00|W12|1.3|-1.04|0.25|-1.04|0.50"
94.00;3.86;0001-01-01T00:00:07.7470000+01:00;87.25;1.17;-37.98;25.3;-6.921;-5.013;28.613;-31.224;13.727;-12.795;94.582;-64.783;114.662;"0001-01-01T00:00:07.754+01:00|W1|0.6|-0.23|0.26|-0.23|0.43;0001-01-01T00:00:07.754+01:00|W2|0.8|0.70|0.06|0.70|0.24;0001-01-01T00:00:07.754+01:00|W3|1.0|0.53|0.00|0.53|0.23;0001-01-01T00:00:07.754+01:00|W4|0.3|0.16|0.27|0.16|0.26;0001-01-01T00:00:07.754+01:00|W5|0.3|-0.19|0.01|-0.19|0.11;0001-01-01T00:00:07.754+01:00|W6|0.9|-0.90|0.02|-0.90|0.01;0001-01-01T00:00:07.754+01:00|W7|1.0|-0.70|0.07|-0.70|0.65;0001-01-01T00:00:07.754+01:00|W8|0.7|0.07|0.05|0.07|0.64;0001-01-01T00:00:07.754+01:00|W9|0.8|-0.49|0.20|-0.49|0.68;0001-01-01T00:00:07.754+01:00|W10|1.1|-1.08|0.12|-1.08|0.22;0001-01-01T00:00:07.754+01:00|W11|1.5|-1.38|0.40|-1.38|0.41;0001-01-01T00:00:07.754+01:00|W12|1.3|-1.04|0.25|-1.04|0.50"
95.00;3.87;0001-01-01T00:00:07.7790000+01:00;88.09;1.19;-38.56;24.4;-7.417;-5.315;28.612;-32.502;14.119;-11.890;94.642;-65.285;114.996;"0001-01-01T00:00:07.754+01:00|W1|0.6|-0.23|0.26|-0.23|0.43;0001-01-01T00:00:07.754+01:00|W2|0.8|0.70|0.06|0.70|0.24;0001-01-01T00:00:07.754+01:00|W3|1.0|0.53|0.00|0.53|0.23;0001-01-01T00:00:07.754+01:00|W4|0.3|0.16|0.27|0.16|0.26;0001-01-01T00:00:07.754+01:00|W5|0.3|-0.19|0.01|-0.19|0.11;0001-01-01T00:00:07.754+01:00|W6|0.9|-0.90|0.02|-0.90|0.01;0001-01-01T00:00:07.754+01:00|W7|1.0|-0.70|0.07|-0.70|0.65;0001-01-01T00:00:07.754+01:00|W8|0.7|0.07|0.05|0.07|0.64;0001-01-01T00:00:07.754+01:00|W9|0.8|-0.49|0.20|-0.49|0.68;0001-01-01T00:00:07.754+01:00|W10|1.1|-1.08|0.12|-1.08|0.22;0001-01-01T00:00:07.754+01:00|W11|1.5|-1.38|0.40|-1.38|0.41;0001-01-01T00:00:07.754+01:00|W12|1.3|-1.04|0.25|-1.04|0.50"
96.00;3.88;0001-01-01T00:00:07.8110000+01:00;88.92;1.21;-39.13;23.6;-7.912;-5.682;28.611;-33.220;14.512;-11.110;94.734;-65.759;115.342;"0001-01-01T00:00:07.754+01:00|W1|0.6|-0.23|0.26|-0.23|0.43;0001-01-01T00:00:07.754+01:00|W2|0.8|0.70|0.06|0.70|0.24;0001-01-01T00:00:07.754+01:00|W3|1.0|0.53|0.00|0.53|0.23;0001-01-01T00:00:07.754+01:00|W4|0.3|0.16|0.27|0.16|0.26;0001-01-01T00:00:07.754+01:00|W5|0.3|-0.19|0.01|-0.19|0.11;0001-01-01T00:00:07.754+01:00|W6|0.9|-0.90|0.02|-0.90|0.01;0001-01-01T00:00:07.754+01:00|W7|1.0|-0.70|0.07|-0.70|0.65;0001-01-01T00:00:07.754+01:00|W8|0.7|0.07|0.05|0.07|0.64;0001-01-01T00:00:07.754+01:00|W9|0.8|-0.49|0.20|-0.49|0.68;0001-01-01T00:00:07.754+01:00|W10|1.1|-1.08|0.12|-1.08|0.22;0001-01-01T00:00:07.754+01:00|W11|1.5|-1.38|0.40|-1.38|0.41;0001-01-01T00:00:07.754+01:00|W12|1.3|-1.04|0.25|-1.04|0.50"
97.00;3.91;0001-01-01T00:00:07.8430000+01:00;89.76;1.23;-39.69;23.2;-8.406;-6.287;28.610;-31.920;14.903;-10.773;94.942;-66.133;115.727;"0001-01-01T00:00:07.754+01:00|W1|0.6|-0.23|0.26|-0.23|0.43;0001-01-01T00:00:07.754+01:00|W2|0.8|0.70|0.06|0.70|0.24;0001-01-01T00:00:07.754+01:00|W3|1.0|0.53|0.00|0.53|0.23;0001-01-01T00:00:07.754+01:00|W4|0.3|0.16|0.27|0.16|0.26;0001-01-01T00:00:07.754+01:00|W5|0.3|-0.19|0.01|-0.19|0.11;0001-01-01T00:00:07.754+01:00|W6|0.9|-0.90|0.02|-0.90|0.01;0001-01-01T00:00:07.754+01:00|W7|1.0|-0.70|0.07|-0.70|0.65;0001-01-01T00:00:07.754+01:00|W8|0.7|0.07|0.05|0.07|0.64;0001-01-01T00:00:07.754+01:00|W9|0.8|-0.49|0.20|-0.49|0.68;0001-01-01T00:00:07.754+01:00|W10|1.1|-1.08|0.12|-1.08|0.22;0001-01-01T00:00:07.754+01:00|W11|1.5|-1.38|0.40|-1.38|0.41;0001-01-01T00:00:07.754+01:00|W12|1.3|-1.04|0.25|-1.04|0.50"
98.00;3.90;0001-01-01T00:00:07.8740000+01:00;90.58;1.25;-40.27;24.1;-8.888;-6.822;28.610;-31.525;15.284;-10.535;95.061;-66.933;116.280;"0001-01-01T00:00:07.754+01:00|W1|0.6|-0.23|0.26|-0.23|0.43;0001-01-01T00:00:07.754+01:00|W2|0.8|0.70|0.06|0.70|0.24;0001-01-01T00:00:07.754+01:00|W3|1.0|0.53|0.00|0.53|0.23;0001-01-01T00:00:07.754+01:00|W4|0.3|0.16|0.27|0.16|0.26;0001-01-01T00:00:07.754+01:00|W5|0.3|-0.19|0.01|-0.19|0.11;0001-01-01T00:00:07.754+01:00|W6|0.9|-0.90|0.02|-0.90|0.01;0001-01-01T00:00:07.754+01:00|W7|1.0|-0.70|0.07|-0.70|0.65;0001-01-01T00:00:07.754+01:00|W8|0.7|0.07|0.05|0.07|0.64;0001-01-01T00:00:07.754+01:00|W9|0.8|-0.49|0.20|-0.49|0.68;0001-01-01T00:00:07.754+01:00|W10|1.1|-1.08|0.12|-1.08|0.22;0001-01-01T00:00:07.754+01:00|W11|1.5|-1.38|0.40|-1.38|0.41;0001-01-01T00:00:07.754+01:00|W12|1.3|-1.04|0.25|-1.04|0.50"
99.00;3.87;0001-01-01T00:00:07.9040000+01:00;91.39;1.26;-40.87;25.7;-9.362;-7.318;28.607;-31.635;15.660;-10.352;95.130;-67.970;116.930;"0001-01-01T00:00:08.006+01:00|W1|0.6|-0.24|0.19|-0.24|0.50;0001-01-01T00:00:08.006+01:00|W2|0.7|0.68|0.09|0.68|0.19;0001-01-01T00:00:08.006+01:00|W3|1.1|0.65|0.07|0.65|0.23;0001-01-01T00:00:08.006+01:00|W4|0.4|0.19|0.20|0.19|0.24;0001-01-01T00:00:08.006+01:00|W5|0.3|-0.24|0.00|-0.24|0.05;0001-01-01T00:00:08.006+01:00|W6|1.0|-0.96|0.06|-0.96|0.00;0001-01-01T00:00:08.006+01:00|W7|0.9|-0.70|0.03|-0.70|0.56;0001-01-01T00:00:08.006+01:00|W8|0.8|0.11|0.01|0.11|0.58;0001-01-01T00:00:08.006+01:00|W9|0.8|-0.53|0.19|-0.53|0.66;0001-01-01T00:00:08.006+01:00|W10|1.1|-1.06|0.14|-1.06|0.20;0001-01-01T00:00:08.006+01:00|W11|1.5|-1.39|0.38|-1.39|0.44;0001-01-01T00:00:08.006+01:00|W12|1.3|-0.99|0.25|-0.99|0.46"
100.00;3.86;0001-01-01T00:00:07.9350000+01:00;92.21;1.27;-41.45;25.7;-9.662;-7.919;26.763;-30.694;15.615;-10.434;95.244;-68.159;117.133;"0001-01-01T00:00:08.006+01:00|W1|0.6|-0.24|0.19|-0.24|0.50;0001-01-01T00:00:08.006+01:00|W2|0.7|0.68|0.09|0.68|0.19;0001-01-01T00:00:08.006+01:00|W3|1.1|0.65|0.07|0.65|0.23;0001-01-01T00:00:08.006+01:00|W4|0.4|0.19|0.20|0.19|0.24;0001-01-01T00:00:08.006+01:00|W5|0.3|-0.24|0.00|-0.24|0.05;0001-01-01T00:00:08.006+01:00|W6|1.0|-0.96|0.06|-0.96|0.00;0001-01-01T00:00:08.006+01:00|W7|0.9|-0.70|0.03|-0.70|0.56;0001-01-01T00:00:08.006+01:00|W8|0.8|0.11|0.01|0.11|0.58;0001-01-01T00:00:08.006+01:00|W9|0.8|-0.53|0.19|-0.53|0.66;0001-01-01T00:00:08.006+01:00|W10|1.1|-1.06|0.14|-1.06|0.20;0001-01-01T00:00:08.006+01:00|W11|1.5|-1.39|0.38|-1.39|0.44;0001-01-01T00:00:08.006+01:00|W12|1.3|-0.99|0.25|-0.99|0.46"
101.00;3.85;0001-01-01T00:00:07.9660000+01:00;93.02;1.29;-42.04;25.7;-9.803;-8.379;25.358;-30.316;15.501;-10.490;95.357;-68.487;117.415;"0001-01-01T00:00:08.006+01:00|W1|0.6|-0.24|0.19|-0.24|0.50;0001-01-01T00:00:08.006+01:00|W2|0.7|0.68|0.09|0.68|0.19;0001-01-01T00:00:08.006+01:00|W3|1.1|0.65|0.07|0.65|0.23;0001-01-01T00:00:08.006+01:00|W4|0.4|0.19|0.20|0.19|0.24;0001-01-01T00:00:08.006+01:00|W5|0.3|-0.24|0.00|-0.24|0.05;0001-01-01T00:00:08.006+01:00|W6|1.0|-0.96|0.06|-0.96|0.00;0001-01-01T00:00:08.006+01:00|W7|0.9|-0.70|0.03|-0.70|0.56;0001-01-01T00:00:08.006+01:00|W8|0.8|0.11|0.01|0.11|0.58;0001-01-01T00:00:08.006+01:00|W9|0.8|-0.53|0.19|-0.53|0.66;0001-01-01T00:00:08.006+01:00|W10|1.1|-1.06|0.14|-1.06|0.20;0001-01-01T00:00:08.006+01:00|W11|1.5|-1.39|0.38|-1.39|0.44;0001-01-01T00:00:08.006+01:00|W12|1.3|-0.99|0.25|-0.99|0.46"
102.00;3.83;0001-01-01T00:00:07.9960000+01:00;93.83;1.30;-42.62;25.4;-9.683;-8.607;24.672;-30.863;15.270;-10.506;95.470;-69.042;117.831;"0001-01-01T00:00:08.006+01:00|W1|0.6|-0.24|0.19|-0.24|0.50;0001-01-01T00:00:08.006+01:00|W2|0.7|0.68|0.09|0.68|0.19;0001-01-01T00:00:08.006+01:00|W3|1.1|0.65|0.07|0.65|0.23;0001-01-01T00:00:08.006+01:00|W4|0.4|0.19|0.20|0.19|0.24;0001-01-01T00:00:08.006+01:00|W5|0.3|-0.24|0.00|-0.24|0.05;0001-01-01T00:00:08.006+01:00|W6|1.0|-0.96|0.06|-0.96|0.00;0001-01-01T00:00:08.006+01:00|W7|0.9|-0.70|0.03|-0.70|0.56;0001-01-01T00:00:08.006+01:00|W8|0.8|0.11|0.01|0.11|0.58;0001-01-01T00:00:08.006+01:00|W9|0.8|-0.53|0.19|-0.53|0.66;0001-01-01T00:00:08.006+01:00|W10|1.1|-1.06|0.14|-1.06|0.20;0001-01-01T00:00:08.006+01:00|W11|1.5|-1.39|0.38|-1.39|0.44;0001-01-01T00:00:08.006+01:00|W12|1.3|-0.99|0.25|-0.99|0.46"
103.00;3.81;0001-01-01T00:00:08.0270000+01:00;94.64;1.31;-43.21;25.3;-9.615;-8.709;22.984;-31.427;15.144;-10.610;95.566;-69.224;118.018;"0001-01-01T00:00:08.006+01:00|W1|0.6|-0.24|0.19|-0.24|0.50;0001-01-01T00:00:08.006+01:00|W2|0.7|0.68|0.09|0.68|0.19;0001-01-01T00:00:08.006+01:00|W3|1.1|0.65|0.07|0.65|0.23;0001-01-01T00:00:08.006+01:00|W4|0.4|0.19|0.20|0.19|0.24;0001-01-01T00:00:08.006+01:00|W5|0.3|-0.24|0.00|-0.24|0.05;0001-01-01T00:00:08.006+01:00|W6|1.0|-0.96|0.06|-0.96|0.00;0001-01-01T00:00:08.006+01:00|W7|0.9|-0.70|0.03|-0.70|0.56;0001-01-01T00:00:08.006+01:00|W8|0.8|0.11|0.01|0.11|0.58;0001-01-01T00:00:08.006+01:00|W9|0.8|-0.53|0.19|-0.53|0.66;0001-01-01T00:00:08.006+01:00|W10|1.1|-1.06|0.14|-1.06|0.20;0001-01-01T00:00:08.006+01:00|W11|1.5|-1.39|0.38|-1.39|0.44;0001-01-01T00:00:08.006+01:00|W12|1.3|-0.99|0.25|-0.99|0.46"
104.00;3.79;0001-01-01T00:00:08.0570000+01:00;95.45;1.32;-43.80;25.2;-9.541;-8.768;21.131;-31.995;15.059;-10.745;95.652;-69.305;118.137;"0001-01-01T00:00:08.006+01:00|W1|0.6|-0.24|0.19|-0.24|0.50;0001-01-01T00:00:08.006+01:00|W2|0.7|0.68|0.09|0.68|0.19;0001-01-01T00:00:08.006+01:00|W3|1.1|0.65|0.07|0.65|0.23;0001-01-01T00:00:08.006+01:00|W4|0.4|0.19|0.20|0.19|0.24;0001-01-01T00:00:08.006+01:00|W5|0.3|-0.24|0.00|-0.24|0.05;0001-01-01T00:00:08.006+01:00|W6|1.0|-0.96|0.06|-0.96|0.00;0001-01-01T00:00:08.006+01:00|W7|0.9|-0.70|0.03|-0.70|0.56;0001-01-01T00:00:08.006+01:00|W8|0.8|0.11|0.01|0.11|0.58;0001-01-01T00:00:08.006+01:00|W9|0.8|-0.53|0.19|-0.53|0.66;0001-01-01T00:00:08.006+01:00|W10|1.1|-1.06|0.14|-1.06|0.20;0001-01-01T00:00:08.006+01:00|W11|1.5|-1.39|0.38|-1.39|0.44;0001-01-01T00:00:08.006+01:00|W12|1.3|-0.99|0.25|-0.99|0.46"
105.00;3.78;0001-01-01T00:00:08.0880000+01:00;96.26;1.34;-44.39;25.2;-9.268;-8.827;20.694;-32.565;15.025;-10.879;95.698;-69.562;118.331;"0001-01-01T00:00:08.006+01:00|W1|0.6|-0.24|0.19|-0.24|0.50;0001-01-01T00:00:08.006+01:00|W2|0.7|0.68|0.09|0.68|0.19;0001-01-01T00:00:08.006+01:00|W3|1.1|0.65|0.07|0.65|0.23;0001-01-01T00:00:08.006+01:00|W4|0.4|0.19|0.20|0.19|0.24;0001-01-01T00:00:08.006+01:00|W5|0.3|-0.24|0.00|-0.24|0.05;0001-01-01T00:00:08.006+01:00|W6|1.0|-0.96|0.06|-0.96|0.00;0001-01-01T00:00:08.006+01:00|W7|0.9|-0.70|0.03|-0.70|0.56;0001-01-01T00:00:08.006+01:00|W8|0.8|0.11|0.01|0.11|0.58;0001-01-01T00:00:08.006+01:00|W9|0.8|-0.53|0.19|-0.53|0.66;0001-01-01T00:00:08.006+01:00|W10|1.1|-1.06|0.14|-1.06|0.20;0001-01-01T00:00:08.006+01:00|W11|1.5|-1.39|0.38|-1.39|0.44;0001-01-01T00:00:08.006+01:00|W12|1.3|-0.99|0.25|-0.99|0.46"
106.00;3.76;0001-01-01T00:00:08.1180000+01:00;97.07;1.35;-44.98;25.3;-9.051;-8.886;20.388;-33.133;15.061;-11.014;95.765;-69.738;118.493;"0001-01-01T00:00:08.006+01:00|W1|0.6|-0.24|0.19|-0.24|0.50;0001-01-01T00:00:08.006+01:00|W2|0.7|0.68|0.09|0.68|0.19;0001-01-01T00:00:08.006+01:00|W3|1.1|0.65|0.07|0.65|0.23;0001-01-01T00:00:08.006+01:00|W4|0.4|0.19|0.20|0.19|0.24;0001-01-01T00:00:08.006+01:00|W5|0.3|-0.24|0.00|-0.24|0.05;0001-01-01T00:00:08.006+01:00|W6|1.0|-0.96|0.06|-0.96|0.00;0001-01-01T00:00:08.006+01:00|W7|0.9|-0.70|0.03|-0.70|0.56;0001-01-01T00:00:08.006+01:00|W8|0.8|0.11|0.01|0.11|0.58;0001-01-01T00:00:08.006+01:00|W9|0.8|-0.53|0.19|-0.53|0.66;0001-01-01T00:00:08.006+01:00|W10|1.1|-1.06|0.14|-1.06|0.20;0001-01-01T00:00:08.006+01:00|W11|1.5|-1.39|0.38|-1.39|0.44;0001-01-01T00:00:08.006+01:00|W12|1.3|-0.99|0.25|-0.99|0.46"
107.00;3.74;0001-01-01T00:00:08.1480000+01:00;97.88;1.38;-45.58;25.4;-8.898;-8.944;20.235;-33.699;15.180;-11.147;95.855;-69.819;118.617;"0001-01-01T00:00:08.251+01:00|W1|0.7|-0.26|0.13|-0.26|0.52;0001-01-01T00:00:08.251+01:00|W2|0.7|0.68|0.09|0.68|0.19;0001-01-01T00:00:08.251+01:00|W3|1.1|0.72|0.11|0.72|0.27;0001-01-01T00:00:08.251+01:00|W4|0.4|0.19|0.20|0.19|0.24;0001-01-01T00:00:08.251+01:00|W5|0.3|-0.28|0.01|-0.28|0.01;0001-01-01T00:00:08.251+01:00|W6|1.1|-1.02|0.11|-1.02|0.02;0001-01-01T00:00:08.251+01:00|W7|0.9|-0.58|0.03|-0.58|0.56;0001-01-01T00:00:08.251+01:00|W8|0.8|0.12|0.03|0.12|0.52;0001-01-01T00:00:08.251+01:00|W9|0.9|-0.57|0.20|-0.57|0.67;0001-01-01T00:00:08.251+01:00|W10|1.1|-1.04|0.16|-1.04|0.25;0001-01-01T00:00:08.251+01:00|W11|1.5|-1.44|0.32|-1.44|0.43;0001-01-01T00:00:08.251+01:00|W12|1.3|-0.99|0.25|-0.99|0.46"
108.00;3.73;0001-01-01T00:00:08.1790000+01:00;98.69;1.39;-46.17;26.0;-8.678;-9.004;20.048;-34.275;15.368;-11.283;95.909;-70.330;118.957;"0001-01-01T00:00:08.251+01:00|W1|0.7|-0.26|0.13|-0.26|0.52;0001-01-01T00:00:08.251+01:00|W2|0.7|0.68|0.09|0.68|0.19;0001-01-01T00:00:08.251+01:00|W3|1.1|0.72|0.11|0.72|0.27;0001-01-01T00:00:08.251+01:00|W4|0.4|0.19|0.20|0.19|0.24;0001-01-01T00:00:08.251+01:00|W5|0.3|-0.28|0.01|-0.28|0.01;0001-01-01T00:00:08.251+01:00|W6|1.1|-1.02|0.11|-1.02|0.02;0001-01-01T00:00:08.251+01:00|W7|0.9|-0.58|0.03|-0.58|0.56;0001-01-01T00:00:08.251+01:00|W8|0.8|0.12|0.03|0.12|0.52;0001-01-01T00:00:08.251+01:00|W9|0.9|-0.57|0.20|-0.57|0.67;0001-01-01T00:00:08.251+01:00|W10|1.1|-1.04|0.16|-1.04|0.25;0001-01-01T00:00:08.251+01:00|W11|1.5|-1.44|0.32|-1.44|0.43;0001-01-01T00:00:08.251+01:00|W12|1.3|-0.99|0.25|-0.99|0.46"
109.00;3.72;0001-01-01T00:00:08.2100000+01:00;99.50;1.41;-46.76;26.7;-8.494;-9.045;19.812;-34.649;15.593;-11.352;95.976;-70.829;119.301;"0001-01-01T00:00:08.251+01:00|W1|0.7|-0.26|0.13|-0.26|0.52;0001-01-01T00:00:08.251+01:00|W2|0.7|0.68|0.09|0.68|0.19;0001-01-01T00:00:08.251+01:00|W3|1.1|0.72|0.11|0.72|0.27;0001-01-01T00:00:08.251+01:00|W4|0.4|0.19|0.20|0.19|0.24;0001-01-01T00:00:08.251+01:00|W5|0.3|-0.28|0.01|-0.28|0.01;0001-01-01T00:00:08.251+01:00|W6|1.1|-1.02|0.11|-1.02|0.02;0001-01-01T00:00:08.251+01:00|W7|0.9|-0.58|0.03|-0.58|0.56;0001-01-01T00:00:08.251+01:00|W8|0.8|0.12|0.03|0.12|0.52;0001-01-01T00:00:08.251+01:00|W9|0.9|-0.57|0.20|-0.57|0.67;0001-01-01T00:00:08.251+01:00|W10|1.1|-1.04|0.16|-1.04|0.25;0001-01-01T00:00:08.251+01:00|W11|1.5|-1.44|0.32|-1.44|0.43;0001-01-01T00:00:08.251+01:00|W12|1.3|-0.99|0.25|-0.99|0.46"
110.00;3.70;0001-01-01T00:00:08.2400000+01:00;100.31;1.43;-47.35;27.0;-8.531;-9.001;19.409;-34.153;15.901;-11.130;96.131;-70.845;119.440;"0001-01-01T00:00:08.251+01:00|W1|0.7|-0.26|0.13|-0.26|0.52;0001-01-01T00:00:08.251+01:00|W2|0.7|0.68|0.09|0.68|0.19;0001-01-01T00:00:08.251+01:00|W3|1.1|0.72|0.11|0.72|0.27;0001-01-01T00:00:08.251+01:00|W4|0.4|0.19|0.20|0.19|0.24;0001-01-01T00:00:08.251+01:00|W5|0.3|-0.28|0.01|-0.28|0.01;0001-01-01T00:00:08.251+01:00|W6|1.1|-1.02|0.11|-1.02|0.02;0001-01-01T00:00:08.251+01:00|W7|0.9|-0.58|0.03|-0.58|0.56;0001-01-01T00:00:08.251+01:00|W8|0.8|0.12|0.03|0.12|0.52;0001-01-01T00:00:08.251+01:00|W9|0.9|-0.57|0.20|-0.57|0.67;0001-01-01T00:00:08.251+01:00|W10|1.1|-1.04|0.16|-1.04|0.25;0001-01-01T00:00:08.251+01:00|W11|1.5|-1.44|0.32|-1.44|0.43;0001-01-01T00:00:08.251+01:00|W12|1.3|-0.99|0.25|-0.99|0.46"
111.00;3.68;0001-01-01T00:00:08.2700000+01:00;101.12;1.45;-47.95;27.2;-8.441;-8.957;19.054;-33.658;16.113;-10.909;96.199;-70.884;119.519;"0001-01-01T00:00:08.251+01:00|W1|0.7|-0.26|0.13|-0.26|0.52;0001-01-01T00:00:08.251+01:00|W2|0.7|0.68|0.09|0.68|0.19;0001-01-01T00:00:08.251+01:00|W3|1.1|0.72|0.11|0.72|0.27;0001-01-01T00:00:08.251+01:00|W4|0.4|0.19|0.20|0.19|0.24;0001-01-01T00:00:08.251+01:00|W5|0.3|-0.28|0.01|-0.28|0.01;0001-01-01T00:00:08.251+01:00|W6|1.1|-1.02|0.11|-1.02|0.02;0001-01-01T00:00:08.251+01:00|W7|0.9|-0.58|0.03|-0.58|0.56;0001-01-01T00:00:08.251+01:00|W8|0.8|0.12|0.03|0.12|0.52;0001-01-01T00:00:08.251+01:00|W9|0.9|-0.57|0.20|-0.57|0.67;0001-01-01T00:00:08.251+01:00|W10|1.1|-1.04|0.16|-1.04|0.25;0001-01-01T00:00:08.251+01:00|W11|1.5|-1.44|0.32|-1.44|0.43;0001-01-01T00:00:08.251+01:00|W12|1.3|-0.99|0.25|-0.99|0.46"
112.00;3.66;0001-01-01T00:00:08.3000000+01:00;101.92;1.47;-48.54;27.3;-8.239;-8.913;18.743;-33.165;16.242;-10.688;96.191;-70.943;119.546;"0001-01-01T00:00:08.251+01:00|W1|0.7|-0.26|0.13|-0.26|0.52;0001-01-01T00:00:08.251+01:00|W2|0.7|0.68|0.09|0.68|0.19;0001-01-01T00:00:08.251+01:00|W3|1.1|0.72|0.11|0.72|0.27;0001-01-01T00:00:08.251+01:00|W4|0.4|0.19|0.20|0.19|0.24;0001-01-01T00:00:08.251+01:00|W5|0.3|-0.28|0.01|-0.28|0.01;0001-01-01T00:00:08.251+01:00|W6|1.1|-1.02|0.11|-1.02|0.02;0001-01-01T00:00:08.251+01:00|W7|0.9|-0.58|0.03|-0.58|0.56;0001-01-01T00:00:08.251+01:00|W8|0.8|0.12|0.03|0.12|0.52;0001-01-01T00:00:08.251+01:00|W9|0.9|-0.57|0.20|-0.57|0.67;0001-01-01T00:00:08.251+01:00|W10|1.1|-1.04|0.16|-1.04|0.25;0001-01-01T00:00:08.251+01:00|W11|1.5|-1.44|0.32|-1.44|0.43;0001-01-01T00:00:08.251+01:00|W12|1.3|-0.99|0.25|-0.99|0.46"
113.00;3.64;0001-01-01T00:00:08.3300000+01:00;102.73;1.49;-49.14;27.5;-8.037;-8.870;18.432;-32.672;16.370;-10.468;96.183;-71.002;119.572;"0001-01-01T00:00:08.251+01:00|W1|0.7|-0.26|0.13|-0.26|0.52;0001-01-01T00:00:08.251+01:00|W2|0.7|0.68|0.09|0.68|0.19;0001-01-01T00:00:08.251+01:00|W3|1.1|0.72|0.11|0.72|0.27;0001-01-01T00:00:08.251+01:00|W4|0.4|0.19|0.20|0.19|0.24;0001-01-01T00:00:08.251+01:00|W5|0.3|-0.28|0.01|-0.28|0.01;0001-01-01T00:00:08.251+01:00|W6|1.1|-1.02|0.11|-1.02|0.02;0001-01-01T00:00:08.251+01:00|W7|0.9|-0.58|0.03|-0.58|0.56;0001-01-01T00:00:08.251+01:00|W8|0.8|0.12|0.03|0.12|0.52;0001-01-01T00:00:08.251+01:00|W9|0.9|-0.57|0.20|-0.57|0.67;0001-01-01T00:00:08.251+01:00|W10|1.1|-1.04|0.16|-1.04|0.25;0001-01-01T00:00:08.251+01:00|W11|1.5|-1.44|0.32|-1.44|0.43;0001-01-01T00:00:08.251+01:00|W12|1.3|-0.99|0.25|-0.99|0.46"
114.00;3.62;0001-01-01T00:00:08.3600000+01:00;103.53;1.51;-49.74;27.6;-7.901;-8.826;18.294;-32.179;16.493;-10.247;96.192;-71.084;119.628;"0001-01-01T00:00:08.251+01:00|W1|0.7|-0.26|0.13|-0.26|0.52;0001-01-01T00:00:08.251+01:00|W2|0.7|0.68|0.09|0.68|0.19;0001-01-01T00:00:08.251+01:00|W3|1.1|0.72|0.11|0.72|0.27;0001-01-01T00:00:08.251+01:00|W4|0.4|0.19|0.20|0.19|0.24;0001-01-01T00:00:08.251+01:00|W5|0.3|-0.28|0.01|-0.28|0.01;0001-01-01T00:00:08.251+01:00|W6|1.1|-1.02|0.11|-1.02|0.02;0001-01-01T00:00:08.251+01:00|W7|0.9|-0.58|0.03|-0.58|0.56;0001-01-01T00:00:08.251+01:00|W8|0.8|0.12|0.03|0.12|0.52;0001-01-01T00:00:08.251+01:00|W9|0.9|-0.57|0.20|-0.57|0.67;0001-01-01T00:00:08.251+01:00|W10|1.1|-1.04|0.16|-1.04|0.25;0001-01-01T00:00:08.251+01:00|W11|1.5|-1.44|0.32|-1.44|0.43;0001-01-01T00:00:08.251+01:00|W12|1.3|-0.99|0.25|-0.99|0.46"
115.00;3.59;0001-01-01T00:00:08.3900000+01:00;104.33;1.53;-50.34;27.7;-8.035;-8.783;18.863;-31.686;16.592;-10.027;96.270;-71.262;119.801;"0001-01-01T00:00:08.502+01:00|W1|0.7|-0.29|0.08|-0.29|0.52;0001-01-01T00:00:08.502+01:00|W2|0.7|0.68|0.09|0.68|0.19;0001-01-01T00:00:08.502+01:00|W3|1.1|0.73|0.11|0.73|0.37;0001-01-01T00:00:08.502+01:00|W4|0.4|0.22|0.12|0.22|0.21;0001-01-01T00:00:08.502+01:00|W5|0.4|-0.44|0.16|-0.44|0.03;0001-01-01T00:00:08.502+01:00|W6|1.1|-1.09|0.16|-1.09|0.02;0001-01-01T00:00:08.502+01:00|W7|0.8|-0.28|0.11|-0.28|0.57;0001-01-01T00:00:08.502+01:00|W8|0.7|0.08|0.03|0.08|0.40;0001-01-01T00:00:08.502+01:00|W9|0.9|-0.65|0.22|-0.65|0.67;0001-01-01T00:00:08.502+01:00|W10|1.1|-1.05|0.12|-1.05|0.31;0001-01-01T00:00:08.502+01:00|W11|1.5|-1.42|0.30|-1.42|0.50;0001-01-01T00:00:08.502+01:00|W12|1.3|-0.97|0.27|-0.97|0.43"
116.00;3.57;0001-01-01T00:00:08.4200000+01:00;105.14;1.56;-50.94;27.8;-8.169;-8.739;19.433;-31.193;16.691;-9.806;96.348;-71.439;119.974;"0001-01-01T00:00:08.502+01:00|W1|0.7|-0.29|0.08|-0.29|0.52;0001-01-01T00:00:08.502+01:00|W2|0.7|0.68|0.09|0.68|0.19;0001-01-01T00:00:08.502+01:00|W3|1.1|0.73|0.11|0.73|0.37;0001-01-01T00:00:08.502+01:00|W4|0.4|0.22|0.12|0.22|0.21;0001-01-01T00:00:08.502+01:00|W5|0.4|-0.44|0.16|-0.44|0.03;0001-01-01T00:00:08.502+01:00|W6|1.1|-1.09|0.16|-1.09|0.02;0001-01-01T00:00:08.502+01:00|W7|0.8|-0.28|0.11|-0.28|0.57;0001-01-01T00:00:08.502+01:00|W8|0.7|0.08|0.03|0.08|0.40;0001-01-01T00:00:08.502+01:00|W9|0.9|-0.65|0.22|-0.65|0.67;0001-01-01T00:00:08.502+01:00|W10|1.1|-1.05|0.12|-1.05|0.31;0001-01-01T00:00:08.502+01:00|W11|1.5|-1.42|0.30|-1.42|0.50;0001-01-01T00:00:08.502+01:00|W12|1.3|-0.97|0.27|-0.97|0.43"
117.00;3.55;0001-01-01T00:00:08.4500000+01:00;105.94;1.58;-51.54;27.9;-8.303;-8.696;20.002;-30.701;16.791;-9.586;96.426;-71.617;120.148;"0001-01-01T00:00:08.502+01:00|W1|0.7|-0.29|0.08|-0.29|0.52;0001-01-01T00:00:08.502+01:00|W2|0.7|0.68|0.09|0.68|0.19;0001-01-01T00:00:08.502+01:00|W3|1.1|0.73|0.11|0.73|0.37;0001-01-01T00:00:08.502+01:00|W4|0.4|0.22|0.12|0.22|0.21;0001-01-01T00:00:08.502+01:00|W5|0.4|-0.44|0.16|-0.44|0.03;0001-01-01T00:00:08.502+01:00|W6|1.1|-1.09|0.16|-1.09|0.02;0001-01-01T00:00:08.502+01:00|W7|0.8|-0.28|0.11|-0.28|0.57;0001-01-01T00:00:08.502+01:00|W8|0.7|0.08|0.03|0.08|0.40;0001-01-01T00:00:08.502+01:00|W9|0.9|-0.65|0.22|-0.65|0.67;0001-01-01T00:00:08.502+01:00|W10|1.1|-1.05|0.12|-1.05|0.31;0001-01-01T00:00:08.502+01:00|W11|1.5|-1.42|0.30|-1.42|0.50;0001-01-01T00:00:08.502+01:00|W12|1.3|-0.97|0.27|-0.97|0.43"
118.00;3.53;0001-01-01T00:00:08.4800000+01:00;106.74;1.61;-52.14;28.0;-8.458;-8.652;21.025;-30.208;16.903;-9.365;96.625;-71.915;120.491;"0001-01-01T00:00:08.502+01:00|W1|0.7|-0.29|0.08|-0.29|0.52;0001-01-01T00:00:08.502+01:00|W2|0.7|0.68|0.09|0.68|0.19;0001-01-01T00:00:08.502+01:00|W3|1.1|0.73|0.11|0.73|0.37;0001-01-01T00:00:08.502+01:00|W4|0.4|0.22|0.12|0.22|0.21;0001-01-01T00:00:08.502+01:00|W5|0.4|-0.44|0.16|-0.44|0.03;0001-01-01T00:00:08.502+01:00|W6|1.1|-1.09|0.16|-1.09|0.02;0001-01-01T00:00:08.502+01:00|W7|0.8|-0.28|0.11|-0.28|0.57;0001-01-01T00:00:08.502+01:00|W8|0.7|0.08|0.03|0.08|0.40;0001-01-01T00:00:08.502+01:00|W9|0.9|-0.65|0.22|-0.65|0.67;0001-01-01T00:00:08.502+01:00|W10|1.1|-1.05|0.12|-1.05|0.31;0001-01-01T00:00:08.502+01:00|W11|1.5|-1.42|0.30|-1.42|0.50;0001-01-01T00:00:08.502+01:00|W12|1.3|-0.97|0.27|-0.97|0.43"
119.00;3.52;0001-01-01T00:00:08.5100000+01:00;107.55;1.63;-52.74;28.1;-8.616;-8.609;22.017;-29.716;17.010;-9.145;96.819;-72.204;120.823;"0001-01-01T00:00:08.502+01:00|W1|0.7|-0.29|0.08|-0.29|0.52;0001-01-01T00:00:08.502+01:00|W2|0.7|0.68|0.09|0.68|0.19;0001-01-01T00:00:08.502+01:00|W3|1.1|0.73|0.11|0.73|0.37;0001-01-01T00:00:08.502+01:00|W4|0.4|0.22|0.12|0.22|0.21;0001-01-01T00:00:08.502+01:00|W5|0.4|-0.44|0.16|-0.44|0.03;0001-01-01T00:00:08.502+01:00|W6|1.1|-1.09|0.16|-1.09|0.02;0001-01-01T00:00:08.502+01:00|W7|0.8|-0.28|0.11|-0.28|0.57;0001-01-01T00:00:08.502+01:00|W8|0.7|0.08|0.03|0.08|0.40;0001-01-01T00:00:08.502+01:00|W9|0.9|-0.65|0.22|-0.65|0.67;0001-01-01T00:00:08.502+01:00|W10|1.1|-1.05|0.12|-1.05|0.31;0001-01-01T00:00:08.502+01:00|W11|1.5|-1.42|0.30|-1.42|0.50;0001-01-01T00:00:08.502+01:00|W12|1.3|-0.97|0.27|-0.97|0.43"
120.00;3.49;0001-01-01T00:00:08.5390000+01:00;108.35;1.67;-53.34;28.1;-8.774;-8.566;22.562;-29.229;17.086;-8.927;96.907;-72.369;120.991;"0001-01-01T00:00:08.502+01:00|W1|0.7|-0.29|0.08|-0.29|0.52;0001-01-01T00:00:08.502+01:00|W2|0.7|0.68|0.09|0.68|0.19;0001-01-01T00:00:08.502+01:00|W3|1.1|0.73|0.11|0.73|0.37;0001-01-01T00:00:08.502+01:00|W4|0.4|0.22|0.12|0.22|0.21;0001-01-01T00:00:08.502+01:00|W5|0.4|-0.44|0.16|-0.44|0.03;0001-01-01T00:00:08.502+01:00|W6|1.1|-1.09|0.16|-1.09|0.02;0001-01-01T00:00:08.502+01:00|W7|0.8|-0.28|0.11|-0.28|0.57;0001-01-01T00:00:08.502+01:00|W8|0.7|0.08|0.03|0.08|0.40;0001-01-01T00:00:08.502+01:00|W9|0.9|-0.65|0.22|-0.65|0.67;0001-01-01T00:00:08.502+01:00|W10|1.1|-1.05|0.12|-1.05|0.31;0001-01-01T00:00:08.502+01:00|W11|1.5|-1.42|0.30|-1.42|0.50;0001-01-01T00:00:08.502+01:00|W12|1.3|-0.97|0.27|-0.97|0.43"
121.00;3.47;0001-01-01T00:00:08.5690000+01:00;109.15;1.69;-53.94;28.1;-8.789;-8.522;23.339;-28.740;17.069;-8.709;96.919;-72.513;121.084;"0001-01-01T00:00:08.502+01:00|W1|0.7|-0.29|0.08|-0.29|0.52;0001-01-01T00:00:08.502+01:00|W2|0.7|0.68|0.09|0.68|0.19;0001-01-01T00:00:08.502+01:00|W3|1.1|0.73|0.11|0.73|0.37;0001-01-01T00:00:08.502+01:00|W4|0.4|0.22|0.12|0.22|0.21;0001-01-01T00:00:08.502+01:00|W5|0.4|-0.44|0.16|-0.44|0.03;0001-01-01T00:00:08.502+01:00|W6|1.1|-1.09|0.16|-1.09|0.02;0001-01-01T00:00:08.502+01:00|W7|0.8|-0.28|0.11|-0.28|0.57;0001-01-01T00:00:08.502+01:00|W8|0.7|0.08|0.03|0.08|0.40;0001-01-01T00:00:08.502+01:00|W9|0.9|-0.65|0.22|-0.65|0.67;0001-01-01T00:00:08.502+01:00|W10|1.1|-1.05|0.12|-1.05|0.31;0001-01-01T00:00:08.502+01:00|W11|1.5|-1.42|0.30|-1.42|0.50;0001-01-01T00:00:08.502+01:00|W12|1.3|-0.97|0.27|-0.97|0.43"
122.00;3.46;0001-01-01T00:00:08.5990000+01:00;109.95;1.72;-54.55;28.0;-8.662;-8.479;24.345;-28.249;16.958;-8.489;96.858;-72.636;121.103;"0001-01-01T00:00:08.502+01:00|W1|0.7|-0.29|0.08|-0.29|0.52;0001-01-01T00:00:08.502+01:00|W2|0.7|0.68|0.09|0.68|0.19;0001-01-01T00:00:08.502+01:00|W3|1.1|0.73|0.11|0.73|0.37;0001-01-01T00:00:08.502+01:00|W4|0.4|0.22|0.12|0.22|0.21;0001-01-01T00:00:08.502+01:00|W5|0.4|-0.44|0.16|-0.44|0.03;0001-01-01T00:00:08.502+01:00|W6|1.1|-1.09|0.16|-1.09|0.02;0001-01-01T00:00:08.502+01:00|W7|0.8|-0.28|0.11|-0.28|0.57;0001-01-01T00:00:08.502+01:00|W8|0.7|0.08|0.03|0.08|0.40;0001-01-01T00:00:08.502+01:00|W9|0.9|-0.65|0.22|-0.65|0.67;0001-01-01T00:00:08.502+01:00|W10|1.1|-1.05|0.12|-1.05|0.31;0001-01-01T00:00:08.502+01:00|W11|1.5|-1.42|0.30|-1.42|0.50;0001-01-01T00:00:08.502+01:00|W12|1.3|-0.97|0.27|-0.97|0.43"
123.00;3.41;0001-01-01T00:00:08.6280000+01:00;110.74;1.74;-55.16;27.0;-8.490;-8.436;24.988;-27.765;16.864;-8.273;96.892;-73.082;121.398;"0001-01-01T00:00:08.502+01:00|W1|0.7|-0.29|0.08|-0.29|0.52;0001-01-01T00:00:08.502+01:00|W2|0.7|0.68|0.09|0.68|0.19;0001-01-01T00:00:08.502+01:00|W3|1.1|0.73|0.11|0.73|0.37;0001-01-01T00:00:08.502+01:00|W4|0.4|0.22|0.12|0.22|0.21;0001-01-01T00:00:08.502+01:00|W5|0.4|-0.44|0.16|-0.44|0.03;0001-01-01T00:00:08.502+01:00|W6|1.1|-1.09|0.16|-1.09|0.02;0001-01-01T00:00:08.502+01:00|W7|0.8|-0.28|0.11|-0.28|0.57;0001-01-01T00:00:08.502+01:00|W8|0.7|0.08|0.03|0.08|0.40;0001-01-01T00:00:08.502+01:00|W9|0.9|-0.65|0.22|-0.65|0.67;0001-01-01T00:00:08.502+01:00|W10|1.1|-1.05|0.12|-1.05|0.31;0001-01-01T00:00:08.502+01:00|W11|1.5|-1.42|0.30|-1.42|0.50;0001-01-01T00:00:08.502+01:00|W12|1.3|-0.97|0.27|-0.97|0.43"
124.00;3.37;0001-01-01T00:00:08.6580000+01:00;111.53;1.75;-55.78;25.9;-8.309;-8.394;25.554;-27.283;16.773;-8.057;96.946;-73.596;121.751;"0001-01-01T00:00:08.754+01:00|W1|0.6|-0.29|0.09|-0.29|0.46;0001-01-01T00:00:08.754+01:00|W2|0.6|0.58|0.18|0.58|0.21;0001-01-01T00:00:08.754+01:00|W3|1.1|0.75|0.13|0.75|0.50;0001-01-01T00:00:08.754+01:00|W4|0.5|0.23|0.03|0.23|0.21;0001-01-01T00:00:08.754+01:00|W5|0.5|-0.37|0.19|-0.37|0.28;0001-01-01T00:00:08.754+01:00|W6|1.2|-1.11|0.18|-1.11|0.02;0001-01-01T00:00:08.754+01:00|W7|0.8|-0.07|0.03|-0.07|0.59;0001-01-01T00:00:08.754+01:00|W8|0.6|0.01|0.15|0.01|0.29;0001-01-01T00:00:08.754+01:00|W9|1.0|-0.71|0.25|-0.71|0.70;0001-01-01T00:00:08.754+01:00|W10|1.1|-1.08|0.09|-1.08|0.31;0001-01-01T00:00:08.754+01:00|W11|1.5|-1.41|0.30|-1.41|0.52;0001-01-01T00:00:08.754+01:00|W12|1.2|-0.96|0.29|-0.96|0.37"
125.00;3.32;0001-01-01T00:00:08.6870000+01:00;112.32;1.76;-56.41;24.8;-8.128;-8.351;26.121;-26.801;16.683;-7.841;97.000;-74.109;122.105;"0001-01-01T00:00:08.754+01:00|W1|0.6|-0.29|0.09|-0.29|0.46;0001-01-01T00:00:08.754+01:00|W2|0.6|0.58|0.18|0.58|0.21;0001-01-01T00:00:08.754+01:00|W3|1.1|0.75|0.13|0.75|0.50;0001-01-01T00:00:08.754+01:00|W4|0.5|0.23|0.03|0.23|0.21;0001-01-01T00:00:08.754+01:00|W5|0.5|-0.37|0.19|-0.37|0.28;0001-01-01T00:00:08.754+01:00|W6|1.2|-1.11|0.18|-1.11|0.02;0001-01-01T00:00:08.754+01:00|W7|0.8|-0.07|0.03|-0.07|0.59;0001-01-01T00:00:08.754+01:00|W8|0.6|0.01|0.15|0.01|0.29;0001-01-01T00:00:08.754+01:00|W9|1.0|-0.71|0.25|-0.71|0.70;0001-01-01T00:00:08.754+01:00|W10|1.1|-1.08|0.09|-1.08|0.31;0001-01-01T00:00:08.754+01:00|W11|1.5|-1.41|0.30|-1.41|0.52;0001-01-01T00:00:08.754+01:00|W12|1.2|-0.96|0.29|-0.96|0.37"
126.00;3.28;0001-01-01T00:00:08.7160000+01:00;113.10;1.78;-57.02;24.1;-7.902;-8.402;26.395;-26.379;16.734;-7.721;97.086;-74.501;122.411;"0001-01-01T00:00:08.754+01:00|W1|0.6|-0.29|0.09|-0.29|0.46;0001-01-01T00:00:08.754+01:00|W2|0.6|0.58|0.18|0.58|0.21;0001-01-01T00:00:08.754+01:00|W3|1.1|0.75|0.13|0.75|0.50;0001-01-01T00:00:08.754+01:00|W4|0.5|0.23|0.03|0.23|0.21;0001-01-01T00:00:08.754+01:00|W5|0.5|-0.37|0.19|-0.37|0.28;0001-01-01T00:00:08.754+01:00|W6|1.2|-1.11|0.18|-1.11|0.02;0001-01-01T00:00:08.754+01:00|W7|0.8|-0.07|0.03|-0.07|0.59;0001-01-01T00:00:08.754+01:00|W8|0.6|0.01|0.15|0.01|0.29;0001-01-01T00:00:08.754+01:00|W9|1.0|-0.71|0.25|-0.71|0.70;0001-01-01T00:00:08.754+01:00|W10|1.1|-1.08|0.09|-1.08|0.31;0001-01-01T00:00:08.754+01:00|W11|1.5|-1.41|0.30|-1.41|0.52;0001-01-01T00:00:08.754+01:00|W12|1.2|-0.96|0.29|-0.96|0.37"
127.00;3.25;0001-01-01T00:00:08.7460000+01:00;113.90;1.80;-57.64;24.1;-7.611;-8.583;26.257;-26.041;16.986;-7.734;97.215;-74.721;122.647;"0001-01-01T00:00:08.754+01:00|W1|0.6|-0.29|0.09|-0.29|0.46;0001-01-01T00:00:08.754+01:00|W2|0.6|0.58|0.18|0.58|0.21;0001-01-01T00:00:08.754+01:00|W3|1.1|0.75|0.13|0.75|0.50;0001-01-01T00:00:08.754+01:00|W4|0.5|0.23|0.03|0.23|0.21;0001-01-01T00:00:08.754+01:00|W5|0.5|-0.37|0.19|-0.37|0.28;0001-01-01T00:00:08.754+01:00|W6|1.2|-1.11|0.18|-1.11|0.02;0001-01-01T00:00:08.754+01:00|W7|0.8|-0.07|0.03|-0.07|0.59;0001-01-01T00:00:08.754+01:00|W8|0.6|0.01|0.15|0.01|0.29;0001-01-01T00:00:08.754+01:00|W9|1.0|-0.71|0.25|-0.71|0.70;0001-01-01T00:00:08.754+01:00|W10|1.1|-1.08|0.09|-1.08|0.31;0001-01-01T00:00:08.754+01:00|W11|1.5|-1.41|0.30|-1.41|0.52;0001-01-01T00:00:08.754+01:00|W12|1.2|-0.96|0.29|-0.96|0.37"
128.00;3.22;0001-01-01T00:00:08.7750000+01:00;114.69;1.82;-58.25;24.5;-7.321;-8.810;26.119;-26.195;17.237;-7.895;97.209;-75.088;122.866;"0001-01-01T00:00:08.754+01:00|W1|0.6|-0.29|0.09|-0.29|0.46;0001-01-01T00:00:08.754+01:00|W2|0.6|0.58|0.18|0.58|0.21;0001-01-01T00:00:08.754+01:00|W3|1.1|0.75|0.13|0.75|0.50;0001-01-01T00:00:08.754+01:00|W4|0.5|0.23|0.03|0.23|0.21;0001-01-01T00:00:08.754+01:00|W5|0.5|-0.37|0.19|-0.37|0.28;0001-01-01T00:00:08.754+01:00|W6|1.2|-1.11|0.18|-1.11|0.02;0001-01-01T00:00:08.754+01:00|W7|0.8|-0.07|0.03|-0.07|0.59;0001-01-01T00:00:08.754+01:00|W8|0.6|0.01|0.15|0.01|0.29;0001-01-01T00:00:08.754+01:00|W9|1.0|-0.71|0.25|-0.71|0.70;0001-01-01T00:00:08.754+01:00|W10|1.1|-1.08|0.09|-1.08|0.31;0001-01-01T00:00:08.754+01:00|W11|1.5|-1.41|0.30|-1.41|0.52;0001-01-01T00:00:08.754+01:00|W12|1.2|-0.96|0.29|-0.96|0.37"
129.00;3.20;0001-01-01T00:00:08.8040000+01:00;115.49;1.85;-58.86;25.0;-7.035;-9.053;25.991;-26.543;17.491;-8.116;97.151;-75.507;123.077;"0001-01-01T00:00:08.754+01:00|W1|0.6|-0.29|0.09|-0.29|0.46;0001-01-01T00:00:08.754+01:00|W2|0.6|0.58|0.18|0.58|0.21;0001-01-01T00:00:08.754+01:00|W3|1.1|0.75|0.13|0.75|0.50;0001-01-01T00:00:08.754+01:00|W4|0.5|0.23|0.03|0.23|0.21;0001-01-01T00:00:08.754+01:00|W5|0.5|-0.37|0.19|-0.37|0.28;0001-01-01T00:00:08.754+01:00|W6|1.2|-1.11|0.18|-1.11|0.02;0001-01-01T00:00:08.754+01:00|W7|0.8|-0.07|0.03|-0.07|0.59;0001-01-01T00:00:08.754+01:00|W8|0.6|0.01|0.15|0.01|0.29;0001-01-01T00:00:08.754+01:00|W9|1.0|-0.71|0.25|-0.71|0.70;0001-01-01T00:00:08.754+01:00|W10|1.1|-1.08|0.09|-1.08|0.31;0001-01-01T00:00:08.754+01:00|W11|1.5|-1.41|0.30|-1.41|0.52;0001-01-01T00:00:08.754+01:00|W12|1.2|-0.96|0.29|-0.96|0.37"
130.00;3.17;0001-01-01T00:00:08.8340000+01:00;116.28;1.87;-59.47;25.9;-7.019;-9.298;26.637;-26.893;17.957;-8.337;97.312;-75.543;123.224;"0001-01-01T00:00:08.754+01:00|W1|0.6|-0.29|0.09|-0.29|0.46;0001-01-01T00:00:08.754+01:00|W2|0.6|0.58|0.18|0.58|0.21;0001-01-01T00:00:08.754+01:00|W3|1.1|0.75|0.13|0.75|0.50;0001-01-01T00:00:08.754+01:00|W4|0.5|0.23|0.03|0.23|0.21;0001-01-01T00:00:08.754+01:00|W5|0.5|-0.37|0.19|-0.37|0.28;0001-01-01T00:00:08.754+01:00|W6|1.2|-1.11|0.18|-1.11|0.02;0001-01-01T00:00:08.754+01:00|W7|0.8|-0.07|0.03|-0.07|0.59;0001-01-01T00:00:08.754+01:00|W8|0.6|0.01|0.15|0.01|0.29;0001-01-01T00:00:08.754+01:00|W9|1.0|-0.71|0.25|-0.71|0.70;0001-01-01T00:00:08.754+01:00|W10|1.1|-1.08|0.09|-1.08|0.31;0001-01-01T00:00:08.754+01:00|W11|1.5|-1.41|0.30|-1.41|0.52;0001-01-01T00:00:08.754+01:00|W12|1.2|-0.96|0.29|-0.96|0.37"
131.00;3.14;0001-01-01T00:00:08.8630000+01:00;117.07;1.89;-60.09;26.6;-6.891;-9.525;26.734;-26.988;18.263;-8.609;97.496;-75.683;123.453;"0001-01-01T00:00:08.754+01:00|W1|0.6|-0.29|0.09|-0.29|0.46;0001-01-01T00:00:08.754+01:00|W2|0.6|0.58|0.18|0.58|0.21;0001-01-01T00:00:08.754+01:00|W3|1.1|0.75|0.13|0.75|0.50;0001-01-01T00:00:08.754+01:00|W4|0.5|0.23|0.03|0.23|0.21;0001-01-01T00:00:08.754+01:00|W5|0.5|-0.37|0.19|-0.37|0.28;0001-01-01T00:00:08.754+01:00|W6|1.2|-1.11|0.18|-1.11|0.02;0001-01-01T00:00:08.754+01:00|W7|0.8|-0.07|0.03|-0.07|0.59;0001-01-01T00:00:08.754+01:00|W8|0.6|0.01|0.15|0.01|0.29;0001-01-01T00:00:08.754+01:00|W9|1.0|-0.71|0.25|-0.71|0.70;0001-01-01T00:00:08.754+01:00|W10|1.1|-1.08|0.09|-1.08|0.31;0001-01-01T00:00:08.754+01:00|W11|1.5|-1.41|0.30|-1.41|0.52;0001-01-01T00:00:08.754+01:00|W12|1.2|-0.96|0.29|-0.96|0.37"
132.00;3.11;0001-01-01T00:00:08.8930000+01:00;117.86;1.91;-60.71;27.0;-6.521;-9.714;25.639;-26.532;18.220;-8.990;97.731;-76.050;123.862;"0001-01-01T00:00:09.004+01:00|W1|0.6|-0.26|0.08|-0.26|0.40;0001-01-01T00:00:09.004+01:00|W2|0.7|0.56|0.14|0.56|0.33;0001-01-01T00:00:09.004+01:00|W3|1.1|0.70|0.09|0.70|0.55;0001-01-01T00:00:09.004+01:00|W4|0.5|0.21|0.00|0.21|0.18;0001-01-01T00:00:09.004+01:00|W5|0.6|-0.48|0.29|-0.48|0.32;0001-01-01T00:00:09.004+01:00|W6|1.2|-1.11|0.18|-1.11|0.03;0001-01-01T00:00:09.004+01:00|W7|1.0|0.04|0.11|0.04|0.71;0001-01-01T00:00:09.004+01:00|W8|0.6|0.01|0.15|0.01|0.29;0001-01-01T00:00:09.004+01:00|W9|1.0|-0.71|0.25|-0.71|0.70;0001-01-01T00:00:09.004+01:00|W10|1.2|-1.11|0.04|-1.11|0.34;0001-01-01T00:00:09.004+01:00|W11|1.6|-1.48|0.19|-1.48|0.53;0001-01-01T00:00:09.004+01:00|W12|1.2|-0.96|0.31|-0.96|0.27"
133.00;3.08;0001-01-01T00:00:08.9210000+01:00;118.65;1.93;-61.32;27.1;-6.155;-9.528;24.558;-26.680;18.178;-9.262;97.962;-76.119;124.085;"0001-01-01T00:00:09.004+01:00|W1|0.6|-0.26|0.08|-0.26|0.40;0001-01-01T00:00:09.004+01:00|W2|0.7|0.56|0.14|0.56|0.33;0001-01-01T00:00:09.004+01:00|W3|1.1|0.70|0.09|0.70|0.55;0001-01-01T00:00:09.004+01:00|W4|0.5|0.21|0.00|0.21|0.18;0001-01-01T00:00:09.004+01:00|W5|0.6|-0.48|0.29|-0.48|0.32;0001-01-01T00:00:09.004+01:00|W6|1.2|-1.11|0.18|-1.11|0.03;0001-01-01T00:00:09.004+01:00|W7|1.0|0.04|0.11|0.04|0.71;0001-01-01T00:00:09.004+01:00|W8|0.6|0.01|0.15|0.01|0.29;0001-01-01T00:00:09.004+01:00|W9|1.0|-0.71|0.25|-0.71|0.70;0001-01-01T00:00:09.004+01:00|W10|1.2|-1.11|0.04|-1.11|0.34;0001-01-01T00:00:09.004+01:00|W11|1.6|-1.48|0.19|-1.48|0.53;0001-01-01T00:00:09.004+01:00|W12|1.2|-0.96|0.31|-0.96|0.27"
134.00;3.06;0001-01-01T00:00:08.9500000+01:00;119.45;1.95;-61.93;27.0;-5.793;-9.104;23.488;-27.216;18.136;-9.464;98.192;-75.997;124.190;"0001-01-01T00:00:09.004+01:00|W1|0.6|-0.26|0.08|-0.26|0.40;0001-01-01T00:00:09.004+01:00|W2|0.7|0.56|0.14|0.56|0.33;0001-01-01T00:00:09.004+01:00|W3|1.1|0.70|0.09|0.70|0.55;0001-01-01T00:00:09.004+01:00|W4|0.5|0.21|0.00|0.21|0.18;0001-01-01T00:00:09.004+01:00|W5|0.6|-0.48|0.29|-0.48|0.32;0001-01-01T00:00:09.004+01:00|W6|1.2|-1.11|0.18|-1.11|0.03;0001-01-01T00:00:09.004+01:00|W7|1.0|0.04|0.11|0.04|0.71;0001-01-01T00:00:09.004+01:00|W8|0.6|0.01|0.15|0.01|0.29;0001-01-01T00:00:09.004+01:00|W9|1.0|-0.71|0.25|-0.71|0.70;0001-01-01T00:00:09.004+01:00|W10|1.2|-1.11|0.04|-1.11|0.34;0001-01-01T00:00:09.004+01:00|W11|1.6|-1.48|0.19|-1.48|0.53;0001-01-01T00:00:09.004+01:00|W12|1.2|-0.96|0.31|-0.96|0.27"
135.00;3.04;0001-01-01T00:00:08.9790000+01:00;120.24;1.97;-62.54;26.4;-5.130;-8.676;22.255;-27.755;17.464;-9.667;98.190;-75.742;124.037;"0001-01-01T00:00:09.004+01:00|W1|0.6|-0.26|0.08|-0.26|0.40;0001-01-01T00:00:09.004+01:00|W2|0.7|0.56|0.14|0.56|0.33;0001-01-01T00:00:09.004+01:00|W3|1.1|0.70|0.09|0.70|0.55;0001-01-01T00:00:09.004+01:00|W4|0.5|0.21|0.00|0.21|0.18;0001-01-01T00:00:09.004+01:00|W5|0.6|-0.48|0.29|-0.48|0.32;0001-01-01T00:00:09.004+01:00|W6|1.2|-1.11|0.18|-1.11|0.03;0001-01-01T00:00:09.004+01:00|W7|1.0|0.04|0.11|0.04|0.71;0001-01-01T00:00:09.004+01:00|W8|0.6|0.01|0.15|0.01|0.29;0001-01-01T00:00:09.004+01:00|W9|1.0|-0.71|0.25|-0.71|0.70;0001-01-01T00:00:09.004+01:00|W10|1.2|-1.11|0.04|-1.11|0.34;0001-01-01T00:00:09.004+01:00|W11|1.6|-1.48|0.19|-1.48|0.53;0001-01-01T00:00:09.004+01:00|W12|1.2|-0.96|0.31|-0.96|0.27"
136.00;3.02;0001-01-01T00:00:09.0080000+01:00;121.03;2.00;-63.16;25.7;-4.480;-8.247;21.274;-28.296;16.728;-9.871;98.144;-75.503;123.861;"0001-01-01T00:00:09.004+01:00|W1|0.6|-0.26|0.08|-0.26|0.40;0001-01-01T00:00:09.004+01:00|W2|0.7|0.56|0.14|0.56|0.33;0001-01-01T00:00:09.004+01:00|W3|1.1|0.70|0.09|0.70|0.55;0001-01-01T00:00:09.004+01:00|W4|0.5|0.21|0.00|0.21|0.18;0001-01-01T00:00:09.004+01:00|W5|0.6|-0.48|0.29|-0.48|0.32;0001-01-01T00:00:09.004+01:00|W6|1.2|-1.11|0.18|-1.11|0.03;0001-01-01T00:00:09.004+01:00|W7|1.0|0.04|0.11|0.04|0.71;0001-01-01T00:00:09.004+01:00|W8|0.6|0.01|0.15|0.01|0.29;0001-01-01T00:00:09.004+01:00|W9|1.0|-0.71|0.25|-0.71|0.70;0001-01-01T00:00:09.004+01:00|W10|1.2|-1.11|0.04|-1.11|0.34;0001-01-01T00:00:09.004+01:00|W11|1.6|-1.48|0.19|-1.48|0.53;0001-01-01T00:00:09.004+01:00|W12|1.2|-0.96|0.31|-0.96|0.27"
137.00;3.00;0001-01-01T00:00:09.0370000+01:00;121.83;2.02;-63.77;25.2;-4.225;-7.816;22.085;-28.840;16.221;-10.076;98.056;-75.497;123.789;"0001-01-01T00:00:09.004+01:00|W1|0.6|-0.26|0.08|-0.26|0.40;0001-01-01T00:00:09.004+01:00|W2|0.7|0.56|0.14|0.56|0.33;0001-01-01T00:00:09.004+01:00|W3|1.1|0.70|0.09|0.70|0.55;0001-01-01T00:00:09.004+01:00|W4|0.5|0.21|0.00|0.21|0.18;0001-01-01T00:00:09.004+01:00|W5|0.6|-0.48|0.29|-0.48|0.32;0001-01-01T00:00:09.004+01:00|W6|1.2|-1.11|0.18|-1.11|0.03;0001-01-01T00:00:09.004+01:00|W7|1.0|0.04|0.11|0.04|0.71;0001-01-01T00:00:09.004+01:00|W8|0.6|0.01|0.15|0.01|0.29;0001-01-01T00:00:09.004+01:00|W9|1.0|-0.71|0.25|-0.71|0.70;0001-01-01T00:00:09.004+01:00|W10|1.2|-1.11|0.04|-1.11|0.34;0001-01-01T00:00:09.004+01:00|W11|1.6|-1.48|0.19|-1.48|0.53;0001-01-01T00:00:09.004+01:00|W12|1.2|-0.96|0.31|-0.96|0.27"
138.00;2.98;0001-01-01T00:00:09.0660000+01:00;122.62;2.05;-64.38;24.7;-3.970;-7.385;22.896;-29.384;15.714;-10.281;97.968;-75.492;123.718;"0001-01-01T00:00:09.004+01:00|W1|0.6|-0.26|0.08|-0.26|0.40;0001-01-01T00:00:09.004+01:00|W2|0.7|0.56|0.14|0.56|0.33;0001-01-01T00:00:09.004+01:00|W3|1.1|0.70|0.09|0.70|0.55;0001-01-01T00:00:09.004+01:00|W4|0.5|0.21|0.00|0.21|0.18;0001-01-01T00:00:09.004+01:00|W5|0.6|-0.48|0.29|-0.48|0.32;0001-01-01T00:00:09.004+01:00|W6|1.2|-1.11|0.18|-1.11|0.03;0001-01-01T00:00:09.004+01:00|W7|1.0|0.04|0.11|0.04|0.71;0001-01-01T00:00:09.004+01:00|W8|0.6|0.01|0.15|0.01|0.29;0001-01-01T00:00:09.004+01:00|W9|1.0|-0.71|0.25|-0.71|0.70;0001-01-01T00:00:09.004+01:00|W10|1.2|-1.11|0.04|-1.11|0.34;0001-01-01T00:00:09.004+01:00|W11|1.6|-1.48|0.19|-1.48|0.53;0001-01-01T00:00:09.004+01:00|W12|1.2|-0.96|0.31|-0.96|0.27"
139.00;2.96;0001-01-01T00:00:09.0950000+01:00;123.42;2.08;-64.99;24.2;-3.715;-6.954;23.707;-29.927;15.207;-10.487;97.880;-75.486;123.646;"0001-01-01T00:00:09.004+01:00|W1|0.6|-0.26|0.08|-0.26|0.40;0001-01-01T00:00:09.004+01:00|W2|0.7|0.56|0.14|0.56|0.33;0001-01-01T00:00:09.004+01:00|W3|1.1|0.70|0.09|0.70|0.55;0001-01-01T00:00:09.004+01:00|W4|0.5|0.21|0.00|0.21|0.18;0001-01-01T00:00:09.004+01:00|W5|0.6|-0.48|0.29|-0.48|0.32;0001-01-01T00:00:09.004+01:00|W6|1.2|-1.11|0.18|-1.11|0.03;0001-01-01T00:00:09.004+01:00|W7|1.0|0.04|0.11|0.04|0.71;0001-01-01T00:00:09.004+01:00|W8|0.6|0.01|0.15|0.01|0.29;0001-01-01T00:00:09.004+01:00|W9|1.0|-0.71|0.25|-0.71|0.70;0001-01-01T00:00:09.004+01:00|W10|1.2|-1.11|0.04|-1.11|0.34;0001-01-01T00:00:09.004+01:00|W11|1.6|-1.48|0.19|-1.48|0.53;0001-01-01T00:00:09.004+01:00|W12|1.2|-0.96|0.31|-0.96|0.27"
140.00;2.94;0001-01-01T00:00:09.1240000+01:00;124.21;2.10;-65.60;23.7;-3.460;-6.523;24.519;-30.471;14.699;-10.692;97.792;-75.481;123.574;"0001-01-01T00:00:09.004+01:00|W1|0.6|-0.26|0.08|-0.26|0.40;0001-01-01T00:00:09.004+01:00|W2|0.7|0.56|0.14|0.56|0.33;0001-01-01T00:00:09.004+01:00|W3|1.1|0.70|0.09|0.70|0.55;0001-01-01T00:00:09.004+01:00|W4|0.5|0.21|0.00|0.21|0.18;0001-01-01T00:00:09.004+01:00|W5|0.6|-0.48|0.29|-0.48|0.32;0001-01-01T00:00:09.004+01:00|W6|1.2|-1.11|0.18|-1.11|0.03;0001-01-01T00:00:09.004+01:00|W7|1.0|0.04|0.11|0.04|0.71;0001-01-01T00:00:09.004+01:00|W8|0.6|0.01|0.15|0.01|0.29;0001-01-01T00:00:09.004+01:00|W9|1.0|-0.71|0.25|-0.71|0.70;0001-01-01T00:00:09.004+01:00|W10|1.2|-1.11|0.04|-1.11|0.34;0001-01-01T00:00:09.004+01:00|W11|1.6|-1.48|0.19|-1.48|0.53;0001-01-01T00:00:09.004+01:00|W12|1.2|-0.96|0.31|-0.96|0.27"
141.00;2.93;0001-01-01T00:00:09.1530000+01:00;125.00;2.13;-66.22;23.2;-3.205;-6.092;25.330;-31.015;14.192;-10.897;97.704;-75.475;123.503;"0001-01-01T00:00:09.255+01:00|W1|0.6|-0.20|0.09|-0.20|0.36;0001-01-01T00:00:09.255+01:00|W2|0.7|0.53|0.04|0.53|0.48;0001-01-01T00:00:09.255+01:00|W3|1.0|0.63|0.02|0.63|0.54;0001-01-01T00:00:09.255+01:00|W4|0.4|0.05|0.11|0.05|0.08;0001-01-01T00:00:09.255+01:00|W5|0.5|-0.47|0.21|-0.47|0.17;0001-01-01T00:00:09.255+01:00|W6|1.2|-1.09|0.16|-1.09|0.06;0001-01-01T00:00:09.255+01:00|W7|1.2|0.17|0.25|0.17|0.88;0001-01-01T00:00:09.255+01:00|W8|0.5|-0.16|0.19|-0.16|0.29;0001-01-01T00:00:09.255+01:00|W9|1.1|-0.80|0.33|-0.80|0.81;0001-01-01T00:00:09.255+01:00|W10|1.2|-1.15|0.00|-1.15|0.32;0001-01-01T00:00:09.255+01:00|W11|1.8|-1.56|0.05|-1.56|0.57;0001-01-01T00:00:09.255+01:00|W12|1.1|-0.98|0.32|-0.98|0.01"
142.00;2.91;0001-01-01T00:00:09.1830000+01:00;125.79;2.13;-66.83;23.9;-3.484;-5.658;25.192;-31.562;14.098;-11.103;97.949;-75.841;123.914;"0001-01-01T00:00:09.255+01:00|W1|0.6|-0.20|0.09|-0.20|0.36;0001-01-01T00:00:09.255+01:00|W2|0.7|0.53|0.04|0.53|0.48;0001-01-01T00:00:09.255+01:00|W3|1.0|0.63|0.02|0.63|0.54;0001-01-01T00:00:09.255+01:00|W4|0.4|0.05|0.11|0.05|0.08;0001-01-01T00:00:09.255+01:00|W5|0.5|-0.47|0.21|-0.47|0.17;0001-01-01T00:00:09.255+01:00|W6|1.2|-1.09|0.16|-1.09|0.06;0001-01-01T00:00:09.255+01:00|W7|1.2|0.17|0.25|0.17|0.88;0001-01-01T00:00:09.255+01:00|W8|0.5|-0.16|0.19|-0.16|0.29;0001-01-01T00:00:09.255+01:00|W9|1.1|-0.80|0.33|-0.80|0.81;0001-01-01T00:00:09.255+01:00|W10|1.2|-1.15|0.00|-1.15|0.32;0001-01-01T00:00:09.255+01:00|W11|1.8|-1.56|0.05|-1.56|0.57;0001-01-01T00:00:09.255+01:00|W12|1.1|-0.98|0.32|-0.98|0.01"
143.00;2.89;0001-01-01T00:00:09.2120000+01:00;126.58;2.12;-67.44;24.6;-3.777;-5.224;25.030;-32.110;14.014;-11.310;98.203;-76.216;124.339;"0001-01-01T00:00:09.255+01:00|W1|0.6|-0.20|0.09|-0.20|0.36;0001-01-01T00:00:09.255+01:00|W2|0.7|0.53|0.04|0.53|0.48;0001-01-01T00:00:09.255+01:00|W3|1.0|0.63|0.02|0.63|0.54;0001-01-01T00:00:09.255+01:00|W4|0.4|0.05|0.11|0.05|0.08;0001-01-01T00:00:09.255+01:00|W5|0.5|-0.47|0.21|-0.47|0.17;0001-01-01T00:00:09.255+01:00|W6|1.2|-1.09|0.16|-1.09|0.06;0001-01-01T00:00:09.255+01:00|W7|1.2|0.17|0.25|0.17|0.88;0001-01-01T00:00:09.255+01:00|W8|0.5|-0.16|0.19|-0.16|0.29;0001-01-01T00:00:09.255+01:00|W9|1.1|-0.80|0.33|-0.80|0.81;0001-01-01T00:00:09.255+01:00|W10|1.2|-1.15|0.00|-1.15|0.32;0001-01-01T00:00:09.255+01:00|W11|1.8|-1.56|0.05|-1.56|0.57;0001-01-01T00:00:09.255+01:00|W12|1.1|-0.98|0.32|-0.98|0.01"
144.00;2.87;0001-01-01T00:00:09.2410000+01:00;127.38;2.12;-68.06;25.4;-4.069;-4.790;24.869;-32.658;13.929;-11.517;98.457;-76.592;124.765;"0001-01-01T00:00:09.255+01:00|W1|0.6|-0.20|0.09|-0.20|0.36;0001-01-01T00:00:09.255+01:00|W2|0.7|0.53|0.04|0.53|0.48;0001-01-01T00:00:09.255+01:00|W3|1.0|0.63|0.02|0.63|0.54;0001-01-01T00:00:09.255+01:00|W4|0.4|0.05|0.11|0.05|0.08;0001-01-01T00:00:09.255+01:00|W5|0.5|-0.47|0.21|-0.47|0.17;0001-01-01T00:00:09.255+01:00|W6|1.2|-1.09|0.16|-1.09|0.06;0001-01-01T00:00:09.255+01:00|W7|1.2|0.17|0.25|0.17|0.88;0001-01-01T00:00:09.255+01:00|W8|0.5|-0.16|0.19|-0.16|0.29;0001-01-01T00:00:09.255+01:00|W9|1.1|-0.80|0.33|-0.80|0.81;0001-01-01T00:00:09.255+01:00|W10|1.2|-1.15|0.00|-1.15|0.32;0001-01-01T00:00:09.255+01:00|W11|1.8|-1.56|0.05|-1.56|0.57;0001-01-01T00:00:09.255+01:00|W12|1.1|-0.98|0.32|-0.98|0.01"
145.00;2.86;0001-01-01T00:00:09.2700000+01:00;128.17;2.14;-68.68;25.7;-4.358;-4.728;24.709;-32.726;13.846;-11.631;98.562;-76.701;124.913;"0001-01-01T00:00:09.255+01:00|W1|0.6|-0.20|0.09|-0.20|0.36;0001-01-01T00:00:09.255+01:00|W2|0.7|0.53|0.04|0.53|0.48;0001-01-01T00:00:09.255+01:00|W3|1.0|0.63|0.02|0.63|0.54;0001-01-01T00:00:09.255+01:00|W4|0.4|0.05|0.11|0.05|0.08;0001-01-01T00:00:09.255+01:00|W5|0.5|-0.47|0.21|-0.47|0.17;0001-01-01T00:00:09.255+01:00|W6|1.2|-1.09|0.16|-1.09|0.06;0001-01-01T00:00:09.255+01:00|W7|1.2|0.17|0.25|0.17|0.88;0001-01-01T00:00:09.255+01:00|W8|0.5|-0.16|0.19|-0.16|0.29;0001-01-01T00:00:09.255+01:00|W9|1.1|-0.80|0.33|-0.80|0.81;0001-01-01T00:00:09.255+01:00|W10|1.2|-1.15|0.00|-1.15|0.32;0001-01-01T00:00:09.255+01:00|W11|1.8|-1.56|0.05|-1.56|0.57;0001-01-01T00:00:09.255+01:00|W12|1.1|-0.98|0.32|-0.98|0.01"
146.00;2.84;0001-01-01T00:00:09.2990000+01:00;128.96;2.18;-69.29;25.5;-4.644;-4.956;24.551;-32.420;13.764;-11.675;98.550;-76.602;124.843;"0001-01-01T00:00:09.255+01:00|W1|0.6|-0.20|0.09|-0.20|0.36;0001-01-01T00:00:09.255+01:00|W2|0.7|0.53|0.04|0.53|0.48;0001-01-01T00:00:09.255+01:00|W3|1.0|0.63|0.02|0.63|0.54;0001-01-01T00:00:09.255+01:00|W4|0.4|0.05|0.11|0.05|0.08;0001-01-01T00:00:09.255+01:00|W5|0.5|-0.47|0.21|-0.47|0.17;0001-01-01T00:00:09.255+01:00|W6|1.2|-1.09|0.16|-1.09|0.06;0001-01-01T00:00:09.255+01:00|W7|1.2|0.17|0.25|0.17|0.88;0001-01-01T00:00:09.255+01:00|W8|0.5|-0.16|0.19|-0.16|0.29;0001-01-01T00:00:09.255+01:00|W9|1.1|-0.80|0.33|-0.80|0.81;0001-01-01T00:00:09.255+01:00|W10|1.2|-1.15|0.00|-1.15|0.32;0001-01-01T00:00:09.255+01:00|W11|1.8|-1.56|0.05|-1.56|0.57;0001-01-01T00:00:09.255+01:00|W12|1.1|-0.98|0.32|-0.98|0.01"
147.00;2.82;0001-01-01T00:00:09.3270000+01:00;129.75;2.21;-69.91;25.4;-4.930;-5.185;24.393;-32.114;13.681;-11.718;98.538;-76.503;124.774;"0001-01-01T00:00:09.255+01:00|W1|0.6|-0.20|0.09|-0.20|0.36;0001-01-01T00:00:09.255+01:00|W2|0.7|0.53|0.04|0.53|0.48;0001-01-01T00:00:09.255+01:00|W3|1.0|0.63|0.02|0.63|0.54;0001-01-01T00:00:09.255+01:00|W4|0.4|0.05|0.11|0.05|0.08;0001-01-01T00:00:09.255+01:00|W5|0.5|-0.47|0.21|-0.47|0.17;0001-01-01T00:00:09.255+01:00|W6|1.2|-1.09|0.16|-1.09|0.06;0001-01-01T00:00:09.255+01:00|W7|1.2|0.17|0.25|0.17|0.88;0001-01-01T00:00:09.255+01:00|W8|0.5|-0.16|0.19|-0.16|0.29;0001-01-01T00:00:09.255+01:00|W9|1.1|-0.80|0.33|-0.80|0.81;0001-01-01T00:00:09.255+01:00|W10|1.2|-1.15|0.00|-1.15|0.32;0001-01-01T00:00:09.255+01:00|W11|1.8|-1.56|0.05|-1.56|0.57;0001-01-01T00:00:09.255+01:00|W12|1.1|-0.98|0.32|-0.98|0.01"
148.00;2.81;0001-01-01T00:00:09.3560000+01:00;130.54;2.25;-70.52;25.3;-5.216;-5.413;24.235;-31.808;13.599;-11.761;98.526;-76.404;124.705;"0001-01-01T00:00:09.255+01:00|W1|0.6|-0.20|0.09|-0.20|0.36;0001-01-01T00:00:09.255+01:00|W2|0.7|0.53|0.04|0.53|0.48;0001-01-01T00:00:09.255+01:00|W3|1.0|0.63|0.02|0.63|0.54;0001-01-01T00:00:09.255+01:00|W4|0.4|0.05|0.11|0.05|0.08;0001-01-01T00:00:09.255+01:00|W5|0.5|-0.47|0.21|-0.47|0.17;0001-01-01T00:00:09.255+01:00|W6|1.2|-1.09|0.16|-1.09|0.06;0001-01-01T00:00:09.255+01:00|W7|1.2|0.17|0.25|0.17|0.88;0001-01-01T00:00:09.255+01:00|W8|0.5|-0.16|0.19|-0.16|0.29;0001-01-01T00:00:09.255+01:00|W9|1.1|-0.80|0.33|-0.80|0.81;0001-01-01T00:00:09.255+01:00|W10|1.2|-1.15|0.00|-1.15|0.32;0001-01-01T00:00:09.255+01:00|W11|1.8|-1.56|0.05|-1.56|0.57;0001-01-01T00:00:09.255+01:00|W12|1.1|-0.98|0.32|-0.98|0.01"
149.00;2.79;0001-01-01T00:00:09.3850000+01:00;131.33;2.29;-71.14;25.1;-5.502;-5.642;24.077;-31.502;13.516;-11.804;98.514;-76.305;124.636;"0001-01-01T00:00:09.501+01:00|W1|0.6|-0.13|0.12|-0.13|0.32;0001-01-01T00:00:09.501+01:00|W2|0.8|0.53|0.02|0.53|0.57;0001-01-01T00:00:09.501+01:00|W3|1.0|0.59|0.03|0.59|0.49;0001-01-01T00:00:09.501+01:00|W4|0.3|-0.06|0.19|-0.06|0.00;0001-01-01T00:00:09.501+01:00|W5|0.5|-0.44|0.22|-0.44|0.27;0001-01-01T00:00:09.501+01:00|W6|1.2|-1.08|0.16|-1.08|0.06;0001-01-01T00:00:09.501+01:00|W7|1.2|0.15|0.26|0.15|0.95;0001-01-01T00:00:09.501+01:00|W8|0.6|-0.23|0.12|-0.23|0.34;0001-01-01T00:00:09.501+01:00|W9|1.2|-0.77|0.34|-0.77|0.89;0001-01-01T00:00:09.501+01:00|W10|1.2|-1.13|0.02|-1.13|0.29;0001-01-01T00:00:09.501+01:00|W11|1.9|-1.62|0.07|-1.62|0.52;0001-01-01T00:00:09.501+01:00|W12|1.1|-0.98|0.32|-0.98|0.01"
150.00;2.78;0001-01-01T00:00:09.4130000+01:00;132.12;2.32;-71.76;25.0;-5.788;-5.870;23.919;-31.195;13.434;-11.847;98.501;-76.206;124.567;"0001-01-01T00:00:09.501+01:00|W1|0.6|-0.13|0.12|-0.13|0.32;0001-01-01T00:00:09.501+01:00|W2|0.8|0.53|0.02|0.53|0.57;0001-01-01T00:00:09.501+01:00|W3|1.0|0.59|0.03|0.59|0.49;0001-01-01T00:00:09.501+01:00|W4|0.3|-0.06|0.19|-0.06|0.00;0001-01-01T00:00:09.501+01:00|W5|0.5|-0.44|0.22|-0.44|0.27;0001-01-01T00:00:09.501+01:00|W6|1.2|-1.08|0.16|-1.08|0.06;0001-01-01T00:00:09.501+01:00|W7|1.2|0.15|0.26|0.15|0.95;0001-01-01T00:00:09.501+01:00|W8|0.6|-0.23|0.12|-0.23|0.34;0001-01-01T00:00:09.501+01:00|W9|1.2|-0.77|0.34|-0.77|0.89;0001-01-01T00:00:09.501+01:00|W10|1.2|-1.13|0.02|-1.13|0.29;0001-01-01T00:00:09.501+01:00|W11|1.9|-1.62|0.07|-1.62|0.52;0001-01-01T00:00:09.501+01:00|W12|1.1|-0.98|0.32|-0.98|0.01"
151.00;2.76;0001-01-01T00:00:09.4420000+01:00;132.91;2.36;-72.37;24.9;-6.074;-6.099;23.761;-30.889;13.351;-11.890;98.489;-76.108;124.498;"0001-01-01T00:00:09.501+01:00|W1|0.6|-0.13|0.12|-0.13|0.32;0001-01-01T00:00:09.501+01:00|W2|0.8|0.53|0.02|0.53|0.57;0001-01-01T00:00:09.501+01:00|W3|1.0|0.59|0.03|0.59|0.49;0001-01-01T00:00:09.501+01:00|W4|0.3|-0.06|0.19|-0.06|0.00;0001-01-01T00:00:09.501+01:00|W5|0.5|-0.44|0.22|-0.44|0.27;0001-01-01T00:00:09.501+01:00|W6|1.2|-1.08|0.16|-1.08|0.06;0001-01-01T00:00:09.501+01:00|W7|1.2|0.15|0.26|0.15|0.95;0001-01-01T00:00:09.501+01:00|W8|0.6|-0.23|0.12|-0.23|0.34;0001-01-01T00:00:09.501+01:00|W9|1.2|-0.77|0.34|-0.77|0.89;0001-01-01T00:00:09.501+01:00|W10|1.2|-1.13|0.02|-1.13|0.29;0001-01-01T00:00:09.501+01:00|W11|1.9|-1.62|0.07|-1.62|0.52;0001-01-01T00:00:09.501+01:00|W12|1.1|-0.98|0.32|-0.98|0.01"
152.00;2.75;0001-01-01T00:00:09.4710000+01:00;133.70;2.35;-72.99;24.9;-6.213;-6.333;23.943;-30.576;13.204;-11.934;98.806;-76.577;125.033;"0001-01-01T00:00:09.501+01:00|W1|0.6|-0.13|0.12|-0.13|0.32;0001-01-01T00:00:09.501+01:00|W2|0.8|0.53|0.02|0.53|0.57;0001-01-01T00:00:09.501+01:00|W3|1.0|0.59|0.03|0.59|0.49;0001-01-01T00:00:09.501+01:00|W4|0.3|-0.06|0.19|-0.06|0.00;0001-01-01T00:00:09.501+01:00|W5|0.5|-0.44|0.22|-0.44|0.27;0001-01-01T00:00:09.501+01:00|W6|1.2|-1.08|0.16|-1.08|0.06;0001-01-01T00:00:09.501+01:00|W7|1.2|0.15|0.26|0.15|0.95;0001-01-01T00:00:09.501+01:00|W8|0.6|-0.23|0.12|-0.23|0.34;0001-01-01T00:00:09.501+01:00|W9|1.2|-0.77|0.34|-0.77|0.89;0001-01-01T00:00:09.501+01:00|W10|1.2|-1.13|0.02|-1.13|0.29;0001-01-01T00:00:09.501+01:00|W11|1.9|-1.62|0.07|-1.62|0.52;0001-01-01T00:00:09.501+01:00|W12|1.1|-0.98|0.32|-0.98|0.01"
153.00;2.75;0001-01-01T00:00:09.5010000+01:00;134.49;2.31;-73.59;25.1;-6.246;-6.570;24.371;-30.258;13.010;-11.979;99.360;-77.456;126.005;"0001-01-01T00:00:09.501+01:00|W1|0.6|-0.13|0.12|-0.13|0.32;0001-01-01T00:00:09.501+01:00|W2|0.8|0.53|0.02|0.53|0.57;0001-01-01T00:00:09.501+01:00|W3|1.0|0.59|0.03|0.59|0.49;0001-01-01T00:00:09.501+01:00|W4|0.3|-0.06|0.19|-0.06|0.00;0001-01-01T00:00:09.501+01:00|W5|0.5|-0.44|0.22|-0.44|0.27;0001-01-01T00:00:09.501+01:00|W6|1.2|-1.08|0.16|-1.08|0.06;0001-01-01T00:00:09.501+01:00|W7|1.2|0.15|0.26|0.15|0.95;0001-01-01T00:00:09.501+01:00|W8|0.6|-0.23|0.12|-0.23|0.34;0001-01-01T00:00:09.501+01:00|W9|1.2|-0.77|0.34|-0.77|0.89;0001-01-01T00:00:09.501+01:00|W10|1.2|-1.13|0.02|-1.13|0.29;0001-01-01T00:00:09.501+01:00|W11|1.9|-1.62|0.07|-1.62|0.52;0001-01-01T00:00:09.501+01:00|W12|1.1|-0.98|0.32|-0.98|0.01"
154.00;2.73;0001-01-01T00:00:09.5290000+01:00;135.28;2.38;-74.21;24.8;-6.276;-6.770;24.773;-29.939;12.827;-12.158;98.936;-77.119;125.476;"0001-01-01T00:00:09.501+01:00|W1|0.6|-0.13|0.12|-0.13|0.32;0001-01-01T00:00:09.501+01:00|W2|0.8|0.53|0.02|0.53|0.57;0001-01-01T00:00:09.501+01:00|W3|1.0|0.59|0.03|0.59|0.49;0001-01-01T00:00:09.501+01:00|W4|0.3|-0.06|0.19|-0.06|0.00;0001-01-01T00:00:09.501+01:00|W5|0.5|-0.44|0.22|-0.44|0.27;0001-01-01T00:00:09.501+01:00|W6|1.2|-1.08|0.16|-1.08|0.06;0001-01-01T00:00:09.501+01:00|W7|1.2|0.15|0.26|0.15|0.95;0001-01-01T00:00:09.501+01:00|W8|0.6|-0.23|0.12|-0.23|0.34;0001-01-01T00:00:09.501+01:00|W9|1.2|-0.77|0.34|-0.77|0.89;0001-01-01T00:00:09.501+01:00|W10|1.2|-1.13|0.02|-1.13|0.29;0001-01-01T00:00:09.501+01:00|W11|1.9|-1.62|0.07|-1.62|0.52;0001-01-01T00:00:09.501+01:00|W12|1.1|-0.98|0.32|-0.98|0.01"
155.00;2.71;0001-01-01T00:00:09.5570000+01:00;136.06;2.47;-74.82;24.6;-6.364;-6.966;25.268;-29.620;12.746;-12.353;98.449;-76.740;124.876;"0001-01-01T00:00:09.501+01:00|W1|0.6|-0.13|0.12|-0.13|0.32;0001-01-01T00:00:09.501+01:00|W2|0.8|0.53|0.02|0.53|0.57;0001-01-01T00:00:09.501+01:00|W3|1.0|0.59|0.03|0.59|0.49;0001-01-01T00:00:09.501+01:00|W4|0.3|-0.06|0.19|-0.06|0.00;0001-01-01T00:00:09.501+01:00|W5|0.5|-0.44|0.22|-0.44|0.27;0001-01-01T00:00:09.501+01:00|W6|1.2|-1.08|0.16|-1.08|0.06;0001-01-01T00:00:09.501+01:00|W7|1.2|0.15|0.26|0.15|0.95;0001-01-01T00:00:09.501+01:00|W8|0.6|-0.23|0.12|-0.23|0.34;0001-01-01T00:00:09.501+01:00|W9|1.2|-0.77|0.34|-0.77|0.89;0001-01-01T00:00:09.501+01:00|W10|1.2|-1.13|0.02|-1.13|0.29;0001-01-01T00:00:09.501+01:00|W11|1.9|-1.62|0.07|-1.62|0.52;0001-01-01T00:00:09.501+01:00|W12|1.1|-0.98|0.32|-0.98|0.01"
156.00;2.69;0001-01-01T00:00:09.5860000+01:00;136.85;2.49;-75.44;25.4;-6.962;-7.169;26.615;-29.290;13.558;-12.554;98.369;-77.190;125.096;"0001-01-01T00:00:09.501+01:00|W1|0.6|-0.13|0.12|-0.13|0.32;0001-01-01T00:00:09.501+01:00|W2|0.8|0.53|0.02|0.53|0.57;0001-01-01T00:00:09.501+01:00|W3|1.0|0.59|0.03|0.59|0.49;0001-01-01T00:00:09.501+01:00|W4|0.3|-0.06|0.19|-0.06|0.00;0001-01-01T00:00:09.501+01:00|W5|0.5|-0.44|0.22|-0.44|0.27;0001-01-01T00:00:09.501+01:00|W6|1.2|-1.08|0.16|-1.08|0.06;0001-01-01T00:00:09.501+01:00|W7|1.2|0.15|0.26|0.15|0.95;0001-01-01T00:00:09.501+01:00|W8|0.6|-0.23|0.12|-0.23|0.34;0001-01-01T00:00:09.501+01:00|W9|1.2|-0.77|0.34|-0.77|0.89;0001-01-01T00:00:09.501+01:00|W10|1.2|-1.13|0.02|-1.13|0.29;0001-01-01T00:00:09.501+01:00|W11|1.9|-1.62|0.07|-1.62|0.52;0001-01-01T00:00:09.501+01:00|W12|1.1|-0.98|0.32|-0.98|0.01"
157.00;2.66;0001-01-01T00:00:09.6140000+01:00;137.63;2.52;-76.06;26.1;-7.548;-7.370;27.252;-28.962;14.362;-12.754;98.392;-77.568;125.350;"0001-01-01T00:00:09.501+01:00|W1|0.6|-0.13|0.12|-0.13|0.32;0001-01-01T00:00:09.501+01:00|W2|0.8|0.53|0.02|0.53|0.57;0001-01-01T00:00:09.501+01:00|W3|1.0|0.59|0.03|0.59|0.49;0001-01-01T00:00:09.501+01:00|W4|0.3|-0.06|0.19|-0.06|0.00;0001-01-01T00:00:09.501+01:00|W5|0.5|-0.44|0.22|-0.44|0.27;0001-01-01T00:00:09.501+01:00|W6|1.2|-1.08|0.16|-1.08|0.06;0001-01-01T00:00:09.501+01:00|W7|1.2|0.15|0.26|0.15|0.95;0001-01-01T00:00:09.501+01:00|W8|0.6|-0.23|0.12|-0.23|0.34;0001-01-01T00:00:09.501+01:00|W9|1.2|-0.77|0.34|-0.77|0.89;0001-01-01T00:00:09.501+01:00|W10|1.2|-1.13|0.02|-1.13|0.29;0001-01-01T00:00:09.501+01:00|W11|1.9|-1.62|0.07|-1.62|0.52;0001-01-01T00:00:09.501+01:00|W12|1.1|-0.98|0.32|-0.98|0.01"
158.00;2.64;0001-01-01T00:00:09.6430000+01:00;138.41;2.55;-76.68;26.9;-8.115;-7.571;26.626;-28.635;15.151;-12.953;98.600;-77.818;125.664;"0001-01-01T00:00:09.750+01:00|W1|0.6|-0.13|0.12|-0.13|0.32;0001-01-01T00:00:09.750+01:00|W2|0.8|0.53|0.02|0.53|0.57;0001-01-01T00:00:09.750+01:00|W3|1.0|0.59|0.03|0.59|0.49;0001-01-01T00:00:09.750+01:00|W4|0.3|-0.06|0.19|-0.06|0.00;0001-01-01T00:00:09.750+01:00|W5|0.5|-0.44|0.22|-0.44|0.27;0001-01-01T00:00:09.750+01:00|W6|1.2|-1.08|0.16|-1.08|0.06;0001-01-01T00:00:09.750+01:00|W7|1.2|0.15|0.26|0.15|0.95;0001-01-01T00:00:09.750+01:00|W8|0.6|-0.23|0.12|-0.23|0.34;0001-01-01T00:00:09.750+01:00|W9|1.2|-0.77|0.34|-0.77|0.89;0001-01-01T00:00:09.750+01:00|W10|1.2|-1.13|0.02|-1.13|0.29;0001-01-01T00:00:09.750+01:00|W11|1.9|-1.62|0.07|-1.62|0.52;0001-01-01T00:00:09.750+01:00|W12|1.1|-0.98|0.32|-0.98|0.01"
159.00;2.61;0001-01-01T00:00:09.6710000+01:00;139.20;2.58;-77.30;27.7;-8.681;-7.771;26.000;-28.309;15.941;-13.151;98.807;-78.069;125.977;"0001-01-01T00:00:09.750+01:00|W1|0.6|-0.13|0.12|-0.13|0.32;0001-01-01T00:00:09.750+01:00|W2|0.8|0.53|0.02|0.53|0.57;0001-01-01T00:00:09.750+01:00|W3|1.0|0.59|0.03|0.59|0.49;0001-01-01T00:00:09.750+01:00|W4|0.3|-0.06|0.19|-0.06|0.00;0001-01-01T00:00:09.750+01:00|W5|0.5|-0.44|0.22|-0.44|0.27;0001-01-01T00:00:09.750+01:00|W6|1.2|-1.08|0.16|-1.08|0.06;0001-01-01T00:00:09.750+01:00|W7|1.2|0.15|0.26|0.15|0.95;0001-01-01T00:00:09.750+01:00|W8|0.6|-0.23|0.12|-0.23|0.34;0001-01-01T00:00:09.750+01:00|W9|1.2|-0.77|0.34|-0.77|0.89;0001-01-01T00:00:09.750+01:00|W10|1.2|-1.13|0.02|-1.13|0.29;0001-01-01T00:00:09.750+01:00|W11|1.9|-1.62|0.07|-1.62|0.52;0001-01-01T00:00:09.750+01:00|W12|1.1|-0.98|0.32|-0.98|0.01"
160.00;2.58;0001-01-01T00:00:09.7000000+01:00;139.98;2.61;-77.91;28.4;-9.247;-7.972;25.375;-27.982;16.730;-13.350;99.015;-78.320;126.291;"0001-01-01T00:00:09.750+01:00|W1|0.6|-0.13|0.12|-0.13|0.32;0001-01-01T00:00:09.750+01:00|W2|0.8|0.53|0.02|0.53|0.57;0001-01-01T00:00:09.750+01:00|W3|1.0|0.59|0.03|0.59|0.49;0001-01-01T00:00:09.750+01:00|W4|0.3|-0.06|0.19|-0.06|0.00;0001-01-01T00:00:09.750+01:00|W5|0.5|-0.44|0.22|-0.44|0.27;0001-01-01T00:00:09.750+01:00|W6|1.2|-1.08|0.16|-1.08|0.06;0001-01-01T00:00:09.750+01:00|W7|1.2|0.15|0.26|0.15|0.95;0001-01-01T00:00:09.750+01:00|W8|0.6|-0.23|0.12|-0.23|0.34;0001-01-01T00:00:09.750+01:00|W9|1.2|-0.77|0.34|-0.77|0.89;0001-01-01T00:00:09.750+01:00|W10|1.2|-1.13|0.02|-1.13|0.29;0001-01-01T00:00:09.750+01:00|W11|1.9|-1.62|0.07|-1.62|0.52;0001-01-01T00:00:09.750+01:00|W12|1.1|-0.98|0.32|-0.98|0.01"
161.00;2.54;0001-01-01T00:00:09.7280000+01:00;140.76;2.64;-78.53;28.4;-8.976;-8.171;24.652;-27.658;16.639;-13.547;99.272;-78.148;126.383;"0001-01-01T00:00:09.750+01:00|W1|0.6|-0.13|0.12|-0.13|0.32;0001-01-01T00:00:09.750+01:00|W2|0.8|0.53|0.02|0.53|0.57;0001-01-01T00:00:09.750+01:00|W3|1.0|0.59|0.03|0.59|0.49;0001-01-01T00:00:09.750+01:00|W4|0.3|-0.06|0.19|-0.06|0.00;0001-01-01T00:00:09.750+01:00|W5|0.5|-0.44|0.22|-0.44|0.27;0001-01-01T00:00:09.750+01:00|W6|1.2|-1.08|0.16|-1.08|0.06;0001-01-01T00:00:09.750+01:00|W7|1.2|0.15|0.26|0.15|0.95;0001-01-01T00:00:09.750+01:00|W8|0.6|-0.23|0.12|-0.23|0.34;0001-01-01T00:00:09.750+01:00|W9|1.2|-0.77|0.34|-0.77|0.89;0001-01-01T00:00:09.750+01:00|W10|1.2|-1.13|0.02|-1.13|0.29;0001-01-01T00:00:09.750+01:00|W11|1.9|-1.62|0.07|-1.62|0.52;0001-01-01T00:00:09.750+01:00|W12|1.1|-0.98|0.32|-0.98|0.01"
162.00;2.51;0001-01-01T00:00:09.7560000+01:00;141.55;2.66;-79.15;28.1;-8.523;-8.370;23.964;-27.334;16.363;-13.745;99.517;-77.909;126.426;"0001-01-01T00:00:09.750+01:00|W1|0.6|-0.13|0.12|-0.13|0.32;0001-01-01T00:00:09.750+01:00|W2|0.8|0.53|0.02|0.53|0.57;0001-01-01T00:00:09.750+01:00|W3|1.0|0.59|0.03|0.59|0.49;0001-01-01T00:00:09.750+01:00|W4|0.3|-0.06|0.19|-0.06|0.00;0001-01-01T00:00:09.750+01:00|W5|0.5|-0.44|0.22|-0.44|0.27;0001-01-01T00:00:09.750+01:00|W6|1.2|-1.08|0.16|-1.08|0.06;0001-01-01T00:00:09.750+01:00|W7|1.2|0.15|0.26|0.15|0.95;0001-01-01T00:00:09.750+01:00|W8|0.6|-0.23|0.12|-0.23|0.34;0001-01-01T00:00:09.750+01:00|W9|1.2|-0.77|0.34|-0.77|0.89;0001-01-01T00:00:09.750+01:00|W10|1.2|-1.13|0.02|-1.13|0.29;0001-01-01T00:00:09.750+01:00|W11|1.9|-1.62|0.07|-1.62|0.52;0001-01-01T00:00:09.750+01:00|W12|1.1|-0.98|0.32|-0.98|0.01"
163.00;2.50;0001-01-01T00:00:09.7850000+01:00;142.34;2.69;-79.75;27.6;-7.711;-8.571;23.918;-27.006;15.791;-13.944;99.483;-77.801;126.335;"0001-01-01T00:00:09.750+01:00|W1|0.6|-0.13|0.12|-0.13|0.32;0001-01-01T00:00:09.750+01:00|W2|0.8|0.53|0.02|0.53|0.57;0001-01-01T00:00:09.750+01:00|W3|1.0|0.59|0.03|0.59|0.49;0001-01-01T00:00:09.750+01:00|W4|0.3|-0.06|0.19|-0.06|0.00;0001-01-01T00:00:09.750+01:00|W5|0.5|-0.44|0.22|-0.44|0.27;0001-01-01T00:00:09.750+01:00|W6|1.2|-1.08|0.16|-1.08|0.06;0001-01-01T00:00:09.750+01:00|W7|1.2|0.15|0.26|0.15|0.95;0001-01-01T00:00:09.750+01:00|W8|0.6|-0.23|0.12|-0.23|0.34;0001-01-01T00:00:09.750+01:00|W9|1.2|-0.77|0.34|-0.77|0.89;0001-01-01T00:00:09.750+01:00|W10|1.2|-1.13|0.02|-1.13|0.29;0001-01-01T00:00:09.750+01:00|W11|1.9|-1.62|0.07|-1.62|0.52;0001-01-01T00:00:09.750+01:00|W12|1.1|-0.98|0.32|-0.98|0.01"
164.00;2.49;0001-01-01T00:00:09.8130000+01:00;143.14;2.72;-80.36;27.0;-6.899;-8.772;23.873;-26.679;15.219;-14.144;99.450;-77.693;126.245;"0001-01-01T00:00:09.750+01:00|W1|0.6|-0.13|0.12|-0.13|0.32;0001-01-01T00:00:09.750+01:00|W2|0.8|0.53|0.02|0.53|0.57;0001-01-01T00:00:09.750+01:00|W3|1.0|0.59|0.03|0.59|0.49;0001-01-01T00:00:09.750+01:00|W4|0.3|-0.06|0.19|-0.06|0.00;0001-01-01T00:00:09.750+01:00|W5|0.5|-0.44|0.22|-0.44|0.27;0001-01-01T00:00:09.750+01:00|W6|1.2|-1.08|0.16|-1.08|0.06;0001-01-01T00:00:09.750+01:00|W7|1.2|0.15|0.26|0.15|0.95;0001-01-01T00:00:09.750+01:00|W8|0.6|-0.23|0.12|-0.23|0.34;0001-01-01T00:00:09.750+01:00|W9|1.2|-0.77|0.34|-0.77|0.89;0001-01-01T00:00:09.750+01:00|W10|1.2|-1.13|0.02|-1.13|0.29;0001-01-01T00:00:09.750+01:00|W11|1.9|-1.62|0.07|-1.62|0.52;0001-01-01T00:00:09.750+01:00|W12|1.1|-0.98|0.32|-0.98|0.01"
165.00;2.47;0001-01-01T00:00:09.8420000+01:00;143.93;2.74;-80.96;26.5;-6.088;-8.973;23.827;-26.351;14.646;-14.343;99.416;-77.585;126.155;"0001-01-01T00:00:09.750+01:00|W1|0.6|-0.13|0.12|-0.13|0.32;0001-01-01T00:00:09.750+01:00|W2|0.8|0.53|0.02|0.53|0.57;0001-01-01T00:00:09.750+01:00|W3|1.0|0.59|0.03|0.59|0.49;0001-01-01T00:00:09.750+01:00|W4|0.3|-0.06|0.19|-0.06|0.00;0001-01-01T00:00:09.750+01:00|W5|0.5|-0.44|0.22|-0.44|0.27;0001-01-01T00:00:09.750+01:00|W6|1.2|-1.08|0.16|-1.08|0.06;0001-01-01T00:00:09.750+01:00|W7|1.2|0.15|0.26|0.15|0.95;0001-01-01T00:00:09.750+01:00|W8|0.6|-0.23|0.12|-0.23|0.34;0001-01-01T00:00:09.750+01:00|W9|1.2|-0.77|0.34|-0.77|0.89;0001-01-01T00:00:09.750+01:00|W10|1.2|-1.13|0.02|-1.13|0.29;0001-01-01T00:00:09.750+01:00|W11|1.9|-1.62|0.07|-1.62|0.52;0001-01-01T00:00:09.750+01:00|W12|1.1|-0.98|0.32|-0.98|0.01"
166.00;2.45;0001-01-01T00:00:09.8700000+01:00;144.72;2.77;-81.57;25.9;-5.276;-9.174;23.782;-26.024;14.074;-14.543;99.383;-77.477;126.065;"0001-01-01T00:00:09.750+01:00|W1|0.6|-0.13|0.12|-0.13|0.32;0001-01-01T00:00:09.750+01:00|W2|0.8|0.53|0.02|0.53|0.57;0001-01-01T00:00:09.750+01:00|W3|1.0|0.59|0.03|0.59|0.49;0001-01-01T00:00:09.750+01:00|W4|0.3|-0.06|0.19|-0.06|0.00;0001-01-01T00:00:09.750+01:00|W5|0.5|-0.44|0.22|-0.44|0.27;0001-01-01T00:00:09.750+01:00|W6|1.2|-1.08|0.16|-1.08|0.06;0001-01-01T00:00:09.750+01:00|W7|1.2|0.15|0.26|0.15|0.95;0001-01-01T00:00:09.750+01:00|W8|0.6|-0.23|0.12|-0.23|0.34;0001-01-01T00:00:09.750+01:00|W9|1.2|-0.77|0.34|-0.77|0.89;0001-01-01T00:00:09.750+01:00|W10|1.2|-1.13|0.02|-1.13|0.29;0001-01-01T00:00:09.750+01:00|W11|1.9|-1.62|0.07|-1.62|0.52;0001-01-01T00:00:09.750+01:00|W12|1.1|-0.98|0.32|-0.98|0.01"
167.00;2.44;0001-01-01T00:00:09.8990000+01:00;145.52;2.79;-82.17;25.4;-4.464;-9.376;23.737;-25.696;13.502;-14.742;99.350;-77.368;125.975;"0001-01-01T00:00:10.001+01:00|W1|0.5|-0.04|0.08|-0.04|0.33;0001-01-01T00:00:10.001+01:00|W2|0.8|0.51|0.02|0.51|0.58;0001-01-01T00:00:10.001+01:00|W3|0.8|0.39|0.20|0.39|0.39;0001-01-01T00:00:10.001+01:00|W4|0.2|-0.12|0.23|-0.12|0.05;0001-01-01T00:00:10.001+01:00|W5|0.6|-0.41|0.23|-0.41|0.28;0001-01-01T00:00:10.001+01:00|W6|1.1|-1.03|0.09|-1.03|0.11;0001-01-01T00:00:10.001+01:00|W7|0.9|0.19|0.02|0.19|0.81;0001-01-01T00:00:10.001+01:00|W8|0.8|-0.22|0.08|-0.22|0.56;0001-01-01T00:00:10.001+01:00|W9|1.3|-0.86|0.34|-0.86|0.91;0001-01-01T00:00:10.001+01:00|W10|1.1|-1.07|0.04|-1.07|0.33;0001-01-01T00:00:10.001+01:00|W11|1.9|-1.56|0.17|-1.56|0.50;0001-01-01T00:00:10.001+01:00|W12|1.1|-0.98|0.27|-0.98|0.18"
168.00;2.41;0001-01-01T00:00:09.9270000+01:00;146.31;2.82;-82.77;24.8;-3.653;-9.577;23.691;-25.369;12.930;-14.941;99.316;-77.260;125.885;"0001-01-01T00:00:10.001+01:00|W1|0.5|-0.04|0.08|-0.04|0.33;0001-01-01T00:00:10.001+01:00|W2|0.8|0.51|0.02|0.51|0.58;0001-01-01T00:00:10.001+01:00|W3|0.8|0.39|0.20|0.39|0.39;0001-01-01T00:00:10.001+01:00|W4|0.2|-0.12|0.23|-0.12|0.05;0001-01-01T00:00:10.001+01:00|W5|0.6|-0.41|0.23|-0.41|0.28;0001-01-01T00:00:10.001+01:00|W6|1.1|-1.03|0.09|-1.03|0.11;0001-01-01T00:00:10.001+01:00|W7|0.9|0.19|0.02|0.19|0.81;0001-01-01T00:00:10.001+01:00|W8|0.8|-0.22|0.08|-0.22|0.56;0001-01-01T00:00:10.001+01:00|W9|1.3|-0.86|0.34|-0.86|0.91;0001-01-01T00:00:10.001+01:00|W10|1.1|-1.07|0.04|-1.07|0.33;0001-01-01T00:00:10.001+01:00|W11|1.9|-1.56|0.17|-1.56|0.50;0001-01-01T00:00:10.001+01:00|W12|1.1|-0.98|0.27|-0.98|0.18"
169.00;2.39;0001-01-01T00:00:09.9560000+01:00;147.11;2.84;-83.38;24.3;-2.926;-9.778;23.744;-25.041;12.446;-15.141;99.268;-77.153;125.784;"0001-01-01T00:00:10.001+01:00|W1|0.5|-0.04|0.08|-0.04|0.33;0001-01-01T00:00:10.001+01:00|W2|0.8|0.51|0.02|0.51|0.58;0001-01-01T00:00:10.001+01:00|W3|0.8|0.39|0.20|0.39|0.39;0001-01-01T00:00:10.001+01:00|W4|0.2|-0.12|0.23|-0.12|0.05;0001-01-01T00:00:10.001+01:00|W5|0.6|-0.41|0.23|-0.41|0.28;0001-01-01T00:00:10.001+01:00|W6|1.1|-1.03|0.09|-1.03|0.11;0001-01-01T00:00:10.001+01:00|W7|0.9|0.19|0.02|0.19|0.81;0001-01-01T00:00:10.001+01:00|W8|0.8|-0.22|0.08|-0.22|0.56;0001-01-01T00:00:10.001+01:00|W9|1.3|-0.86|0.34|-0.86|0.91;0001-01-01T00:00:10.001+01:00|W10|1.1|-1.07|0.04|-1.07|0.33;0001-01-01T00:00:10.001+01:00|W11|1.9|-1.56|0.17|-1.56|0.50;0001-01-01T00:00:10.001+01:00|W12|1.1|-0.98|0.27|-0.98|0.18"
170.00;2.35;0001-01-01T00:00:09.9840000+01:00;147.89;2.88;-83.99;25.1;-3.401;-9.979;25.192;-24.714;13.204;-15.340;99.003;-77.066;125.527;"0001-01-01T00:00:10.001+01:00|W1|0.5|-0.04|0.08|-0.04|0.33;0001-01-01T00:00:10.001+01:00|W2|0.8|0.51|0.02|0.51|0.58;0001-01-01T00:00:10.001+01:00|W3|0.8|0.39|0.20|0.39|0.39;0001-01-01T00:00:10.001+01:00|W4|0.2|-0.12|0.23|-0.12|0.05;0001-01-01T00:00:10.001+01:00|W5|0.6|-0.41|0.23|-0.41|0.28;0001-01-01T00:00:10.001+01:00|W6|1.1|-1.03|0.09|-1.03|0.11;0001-01-01T00:00:10.001+01:00|W7|0.9|0.19|0.02|0.19|0.81;0001-01-01T00:00:10.001+01:00|W8|0.8|-0.22|0.08|-0.22|0.56;0001-01-01T00:00:10.001+01:00|W9|1.3|-0.86|0.34|-0.86|0.91;0001-01-01T00:00:10.001+01:00|W10|1.1|-1.07|0.04|-1.07|0.33;0001-01-01T00:00:10.001+01:00|W11|1.9|-1.56|0.17|-1.56|0.50;0001-01-01T00:00:10.001+01:00|W12|1.1|-0.98|0.27|-0.98|0.18"
171.00;2.30;0001-01-01T00:00:10.0130000+01:00;148.67;2.91;-84.61;25.8;-4.109;-10.180;26.130;-24.387;13.890;-15.539;98.863;-77.107;125.444;"0001-01-01T00:00:10.001+01:00|W1|0.5|-0.04|0.08|-0.04|0.33;0001-01-01T00:00:10.001+01:00|W2|0.8|0.51|0.02|0.51|0.58;0001-01-01T00:00:10.001+01:00|W3|0.8|0.39|0.20|0.39|0.39;0001-01-01T00:00:10.001+01:00|W4|0.2|-0.12|0.23|-0.12|0.05;0001-01-01T00:00:10.001+01:00|W5|0.6|-0.41|0.23|-0.41|0.28;0001-01-01T00:00:10.001+01:00|W6|1.1|-1.03|0.09|-1.03|0.11;0001-01-01T00:00:10.001+01:00|W7|0.9|0.19|0.02|0.19|0.81;0001-01-01T00:00:10.001+01:00|W8|0.8|-0.22|0.08|-0.22|0.56;0001-01-01T00:00:10.001+01:00|W9|1.3|-0.86|0.34|-0.86|0.91;0001-01-01T00:00:10.001+01:00|W10|1.1|-1.07|0.04|-1.07|0.33;0001-01-01T00:00:10.001+01:00|W11|1.9|-1.56|0.17|-1.56|0.50;0001-01-01T00:00:10.001+01:00|W12|1.1|-0.98|0.27|-0.98|0.18"
172.00;2.26;0001-01-01T00:00:10.0410000+01:00;149.46;2.93;-85.23;26.2;-5.320;-10.380;25.962;-24.061;14.419;-15.738;98.993;-77.429;125.735;"0001-01-01T00:00:10.001+01:00|W1|0.5|-0.04|0.08|-0.04|0.33;0001-01-01T00:00:10.001+01:00|W2|0.8|0.51|0.02|0.51|0.58;0001-01-01T00:00:10.001+01:00|W3|0.8|0.39|0.20|0.39|0.39;0001-01-01T00:00:10.001+01:00|W4|0.2|-0.12|0.23|-0.12|0.05;0001-01-01T00:00:10.001+01:00|W5|0.6|-0.41|0.23|-0.41|0.28;0001-01-01T00:00:10.001+01:00|W6|1.1|-1.03|0.09|-1.03|0.11;0001-01-01T00:00:10.001+01:00|W7|0.9|0.19|0.02|0.19|0.81;0001-01-01T00:00:10.001+01:00|W8|0.8|-0.22|0.08|-0.22|0.56;0001-01-01T00:00:10.001+01:00|W9|1.3|-0.86|0.34|-0.86|0.91;0001-01-01T00:00:10.001+01:00|W10|1.1|-1.07|0.04|-1.07|0.33;0001-01-01T00:00:10.001+01:00|W11|1.9|-1.56|0.17|-1.56|0.50;0001-01-01T00:00:10.001+01:00|W12|1.1|-0.98|0.27|-0.98|0.18"
173.00;2.21;0001-01-01T00:00:10.0700000+01:00;150.24;2.96;-85.85;26.7;-6.531;-10.580;25.794;-23.735;14.948;-15.936;99.123;-77.750;126.028;"0001-01-01T00:00:10.001+01:00|W1|0.5|-0.04|0.08|-0.04|0.33;0001-01-01T00:00:10.001+01:00|W2|0.8|0.51|0.02|0.51|0.58;0001-01-01T00:00:10.001+01:00|W3|0.8|0.39|0.20|0.39|0.39;0001-01-01T00:00:10.001+01:00|W4|0.2|-0.12|0.23|-0.12|0.05;0001-01-01T00:00:10.001+01:00|W5|0.6|-0.41|0.23|-0.41|0.28;0001-01-01T00:00:10.001+01:00|W6|1.1|-1.03|0.09|-1.03|0.11;0001-01-01T00:00:10.001+01:00|W7|0.9|0.19|0.02|0.19|0.81;0001-01-01T00:00:10.001+01:00|W8|0.8|-0.22|0.08|-0.22|0.56;0001-01-01T00:00:10.001+01:00|W9|1.3|-0.86|0.34|-0.86|0.91;0001-01-01T00:00:10.001+01:00|W10|1.1|-1.07|0.04|-1.07|0.33;0001-01-01T00:00:10.001+01:00|W11|1.9|-1.56|0.17|-1.56|0.50;0001-01-01T00:00:10.001+01:00|W12|1.1|-0.98|0.27|-0.98|0.18"
174.00;2.15;0001-01-01T00:00:10.0980000+01:00;151.03;2.98;-86.46;27.2;-7.742;-10.780;25.626;-23.409;15.476;-16.135;99.254;-78.072;126.322;"0001-01-01T00:00:10.001+01:00|W1|0.5|-0.04|0.08|-0.04|0.33;0001-01-01T00:00:10.001+01:00|W2|0.8|0.51|0.02|0.51|0.58;0001-01-01T00:00:10.001+01:00|W3|0.8|0.39|0.20|0.39|0.39;0001-01-01T00:00:10.001+01:00|W4|0.2|-0.12|0.23|-0.12|0.05;0001-01-01T00:00:10.001+01:00|W5|0.6|-0.41|0.23|-0.41|0.28;0001-01-01T00:00:10.001+01:00|W6|1.1|-1.03|0.09|-1.03|0.11;0001-01-01T00:00:10.001+01:00|W7|0.9|0.19|0.02|0.19|0.81;0001-01-01T00:00:10.001+01:00|W8|0.8|-0.22|0.08|-0.22|0.56;0001-01-01T00:00:10.001+01:00|W9|1.3|-0.86|0.34|-0.86|0.91;0001-01-01T00:00:10.001+01:00|W10|1.1|-1.07|0.04|-1.07|0.33;0001-01-01T00:00:10.001+01:00|W11|1.9|-1.56|0.17|-1.56|0.50;0001-01-01T00:00:10.001+01:00|W12|1.1|-0.98|0.27|-0.98|0.18"
175.00;2.10;0001-01-01T00:00:10.1270000+01:00;151.81;3.01;-87.08;27.7;-8.954;-10.980;25.458;-23.084;16.005;-16.333;99.384;-78.394;126.616;"0001-01-01T00:00:10.001+01:00|W1|0.5|-0.04|0.08|-0.04|0.33;0001-01-01T00:00:10.001+01:00|W2|0.8|0.51|0.02|0.51|0.58;0001-01-01T00:00:10.001+01:00|W3|0.8|0.39|0.20|0.39|0.39;0001-01-01T00:00:10.001+01:00|W4|0.2|-0.12|0.23|-0.12|0.05;0001-01-01T00:00:10.001+01:00|W5|0.6|-0.41|0.23|-0.41|0.28;0001-01-01T00:00:10.001+01:00|W6|1.1|-1.03|0.09|-1.03|0.11;0001-01-01T00:00:10.001+01:00|W7|0.9|0.19|0.02|0.19|0.81;0001-01-01T00:00:10.001+01:00|W8|0.8|-0.22|0.08|-0.22|0.56;0001-01-01T00:00:10.001+01:00|W9|1.3|-0.86|0.34|-0.86|0.91;0001-01-01T00:00:10.001+01:00|W10|1.1|-1.07|0.04|-1.07|0.33;0001-01-01T00:00:10.001+01:00|W11|1.9|-1.56|0.17|-1.56|0.50;0001-01-01T00:00:10.001+01:00|W12|1.1|-0.98|0.27|-0.98|0.18"
176.00;2.04;0001-01-01T00:00:10.1550000+01:00;152.60;3.03;-87.70;28.2;-10.165;-11.180;25.289;-22.758;16.534;-16.531;99.514;-78.715;126.911;"0001-01-01T00:00:10.254+01:00|W1|0.6|-0.02|0.05|-0.02|0.34;0001-01-01T00:00:10.254+01:00|W2|0.7|0.48|0.02|0.48|0.56;0001-01-01T00:00:10.254+01:00|W3|0.8|0.32|0.16|0.32|0.43;0001-01-01T00:00:10.254+01:00|W4|0.2|-0.17|0.22|-0.17|0.07;0001-01-01T00:00:10.254+01:00|W5|0.5|-0.35|0.15|-0.35|0.24;0001-01-01T00:00:10.254+01:00|W6|1.0|-0.98|0.02|-0.98|0.13;0001-01-01T00:00:10.254+01:00|W7|0.8|0.21|0.14|0.21|0.61;0001-01-01T00:00:10.254+01:00|W8|0.8|-0.19|0.15|-0.19|0.67;0001-01-01T00:00:10.254+01:00|W9|1.3|-0.92|0.33|-0.92|0.89;0001-01-01T00:00:10.254+01:00|W10|1.1|-1.04|0.02|-1.04|0.40;0001-01-01T00:00:10.254+01:00|W11|1.8|-1.34|0.04|-1.34|0.37;0001-01-01T00:00:10.254+01:00|W12|1.0|-0.96|0.25|-0.96|0.23"
177.00;1.99;0001-01-01T00:00:10.1830000+01:00;153.38;3.06;-88.31;28.7;-11.376;-11.380;25.121;-22.432;17.063;-16.730;99.644;-79.037;127.208;"0001-01-01T00:00:10.254+01:00|W1|0.6|-0.02|0.05|-0.02|0.34;0001-01-01T00:00:10.254+01:00|W2|0.7|0.48|0.02|0.48|0.56;0001-01-01T00:00:10.254+01:00|W3|0.8|0.32|0.16|0.32|0.43;0001-01-01T00:00:10.254+01:00|W4|0.2|-0.17|0.22|-0.17|0.07;0001-01-01T00:00:10.254+01:00|W5|0.5|-0.35|0.15|-0.35|0.24;0001-01-01T00:00:10.254+01:00|W6|1.0|-0.98|0.02|-0.98|0.13;0001-01-01T00:00:10.254+01:00|W7|0.8|0.21|0.14|0.21|0.61;0001-01-01T00:00:10.254+01:00|W8|0.8|-0.19|0.15|-0.19|0.67;0001-01-01T00:00:10.254+01:00|W9|1.3|-0.92|0.33|-0.92|0.89;0001-01-01T00:00:10.254+01:00|W10|1.1|-1.04|0.02|-1.04|0.40;0001-01-01T00:00:10.254+01:00|W11|1.8|-1.34|0.04|-1.34|0.37;0001-01-01T00:00:10.254+01:00|W12|1.0|-0.96|0.25|-0.96|0.23"
178.00;1.92;0001-01-01T00:00:10.2120000+01:00;154.16;3.08;-88.93;28.9;-12.286;-11.579;24.583;-22.108;17.323;-16.927;99.777;-79.308;127.476;"0001-01-01T00:00:10.254+01:00|W1|0.6|-0.02|0.05|-0.02|0.34;0001-01-01T00:00:10.254+01:00|W2|0.7|0.48|0.02|0.48|0.56;0001-01-01T00:00:10.254+01:00|W3|0.8|0.32|0.16|0.32|0.43;0001-01-01T00:00:10.254+01:00|W4|0.2|-0.17|0.22|-0.17|0.07;0001-01-01T00:00:10.254+01:00|W5|0.5|-0.35|0.15|-0.35|0.24;0001-01-01T00:00:10.254+01:00|W6|1.0|-0.98|0.02|-0.98|0.13;0001-01-01T00:00:10.254+01:00|W7|0.8|0.21|0.14|0.21|0.61;0001-01-01T00:00:10.254+01:00|W8|0.8|-0.19|0.15|-0.19|0.67;0001-01-01T00:00:10.254+01:00|W9|1.3|-0.92|0.33|-0.92|0.89;0001-01-01T00:00:10.254+01:00|W10|1.1|-1.04|0.02|-1.04|0.40;0001-01-01T00:00:10.254+01:00|W11|1.8|-1.34|0.04|-1.34|0.37;0001-01-01T00:00:10.254+01:00|W12|1.0|-0.96|0.25|-0.96|0.23"
179.00;1.86;0001-01-01T00:00:10.2400000+01:00;154.95;3.10;-89.56;28.4;-12.384;-11.776;23.050;-21.787;16.859;-17.122;99.916;-79.444;127.670;"0001-01-01T00:00:10.254+01:00|W1|0.6|-0.02|0.05|-0.02|0.34;0001-01-01T00:00:10.254+01:00|W2|0.7|0.48|0.02|0.48|0.56;0001-01-01T00:00:10.254+01:00|W3|0.8|0.32|0.16|0.32|0.43;0001-01-01T00:00:10.254+01:00|W4|0.2|-0.17|0.22|-0.17|0.07;0001-01-01T00:00:10.254+01:00|W5|0.5|-0.35|0.15|-0.35|0.24;0001-01-01T00:00:10.254+01:00|W6|1.0|-0.98|0.02|-0.98|0.13;0001-01-01T00:00:10.254+01:00|W7|0.8|0.21|0.14|0.21|0.61;0001-01-01T00:00:10.254+01:00|W8|0.8|-0.19|0.15|-0.19|0.67;0001-01-01T00:00:10.254+01:00|W9|1.3|-0.92|0.33|-0.92|0.89;0001-01-01T00:00:10.254+01:00|W10|1.1|-1.04|0.02|-1.04|0.40;0001-01-01T00:00:10.254+01:00|W11|1.8|-1.34|0.04|-1.34|0.37;0001-01-01T00:00:10.254+01:00|W12|1.0|-0.96|0.25|-0.96|0.23"
180.00;1.79;0001-01-01T00:00:10.2670000+01:00;155.73;3.12;-90.18;28.0;-12.483;-11.973;21.517;-21.466;16.395;-17.318;100.056;-79.579;127.863;"0001-01-01T00:00:10.254+01:00|W1|0.6|-0.02|0.05|-0.02|0.34;0001-01-01T00:00:10.254+01:00|W2|0.7|0.48|0.02|0.48|0.56;0001-01-01T00:00:10.254+01:00|W3|0.8|0.32|0.16|0.32|0.43;0001-01-01T00:00:10.254+01:00|W4|0.2|-0.17|0.22|-0.17|0.07;0001-01-01T00:00:10.254+01:00|W5|0.5|-0.35|0.15|-0.35|0.24;0001-01-01T00:00:10.254+01:00|W6|1.0|-0.98|0.02|-0.98|0.13;0001-01-01T00:00:10.254+01:00|W7|0.8|0.21|0.14|0.21|0.61;0001-01-01T00:00:10.254+01:00|W8|0.8|-0.19|0.15|-0.19|0.67;0001-01-01T00:00:10.254+01:00|W9|1.3|-0.92|0.33|-0.92|0.89;0001-01-01T00:00:10.254+01:00|W10|1.1|-1.04|0.02|-1.04|0.40;0001-01-01T00:00:10.254+01:00|W11|1.8|-1.34|0.04|-1.34|0.37;0001-01-01T00:00:10.254+01:00|W12|1.0|-0.96|0.25|-0.96|0.23"
181.00;1.71;0001-01-01T00:00:10.2950000+01:00;156.51;3.14;-90.80;27.5;-12.581;-12.170;19.984;-21.146;15.931;-17.513;100.195;-79.715;128.056;"0001-01-01T00:00:10.254+01:00|W1|0.6|-0.02|0.05|-0.02|0.34;0001-01-01T00:00:10.254+01:00|W2|0.7|0.48|0.02|0.48|0.56;0001-01-01T00:00:10.254+01:00|W3|0.8|0.32|0.16|0.32|0.43;0001-01-01T00:00:10.254+01:00|W4|0.2|-0.17|0.22|-0.17|0.07;0001-01-01T00:00:10.254+01:00|W5|0.5|-0.35|0.15|-0.35|0.24;0001-01-01T00:00:10.254+01:00|W6|1.0|-0.98|0.02|-0.98|0.13;0001-01-01T00:00:10.254+01:00|W7|0.8|0.21|0.14|0.21|0.61;0001-01-01T00:00:10.254+01:00|W8|0.8|-0.19|0.15|-0.19|0.67;0001-01-01T00:00:10.254+01:00|W9|1.3|-0.92|0.33|-0.92|0.89;0001-01-01T00:00:10.254+01:00|W10|1.1|-1.04|0.02|-1.04|0.40;0001-01-01T00:00:10.254+01:00|W11|1.8|-1.34|0.04|-1.34|0.37;0001-01-01T00:00:10.254+01:00|W12|1.0|-0.96|0.25|-0.96|0.23"
182.00;1.64;0001-01-01T00:00:10.3230000+01:00;157.29;3.15;-91.42;27.1;-12.679;-12.367;18.451;-20.825;15.467;-17.708;100.334;-79.850;128.249;"0001-01-01T00:00:10.254+01:00|W1|0.6|-0.02|0.05|-0.02|0.34;0001-01-01T00:00:10.254+01:00|W2|0.7|0.48|0.02|0.48|0.56;0001-01-01T00:00:10.254+01:00|W3|0.8|0.32|0.16|0.32|0.43;0001-01-01T00:00:10.254+01:00|W4|0.2|-0.17|0.22|-0.17|0.07;0001-01-01T00:00:10.254+01:00|W5|0.5|-0.35|0.15|-0.35|0.24;0001-01-01T00:00:10.254+01:00|W6|1.0|-0.98|0.02|-0.98|0.13;0001-01-01T00:00:10.254+01:00|W7|0.8|0.21|0.14|0.21|0.61;0001-01-01T00:00:10.254+01:00|W8|0.8|-0.19|0.15|-0.19|0.67;0001-01-01T00:00:10.254+01:00|W9|1.3|-0.92|0.33|-0.92|0.89;0001-01-01T00:00:10.254+01:00|W10|1.1|-1.04|0.02|-1.04|0.40;0001-01-01T00:00:10.254+01:00|W11|1.8|-1.34|0.04|-1.34|0.37;0001-01-01T00:00:10.254+01:00|W12|1.0|-0.96|0.25|-0.96|0.23"
183.00;1.56;0001-01-01T00:00:10.3510000+01:00;158.07;3.17;-92.04;26.6;-12.777;-12.564;16.918;-20.505;15.003;-17.903;100.474;-79.986;128.443;"0001-01-01T00:00:10.254+01:00|W1|0.6|-0.02|0.05|-0.02|0.34;0001-01-01T00:00:10.254+01:00|W2|0.7|0.48|0.02|0.48|0.56;0001-01-01T00:00:10.254+01:00|W3|0.8|0.32|0.16|0.32|0.43;0001-01-01T00:00:10.254+01:00|W4|0.2|-0.17|0.22|-0.17|0.07;0001-01-01T00:00:10.254+01:00|W5|0.5|-0.35|0.15|-0.35|0.24;0001-01-01T00:00:10.254+01:00|W6|1.0|-0.98|0.02|-0.98|0.13;0001-01-01T00:00:10.254+01:00|W7|0.8|0.21|0.14|0.21|0.61;0001-01-01T00:00:10.254+01:00|W8|0.8|-0.19|0.15|-0.19|0.67;0001-01-01T00:00:10.254+01:00|W9|1.3|-0.92|0.33|-0.92|0.89;0001-01-01T00:00:10.254+01:00|W10|1.1|-1.04|0.02|-1.04|0.40;0001-01-01T00:00:10.254+01:00|W11|1.8|-1.34|0.04|-1.34|0.37;0001-01-01T00:00:10.254+01:00|W12|1.0|-0.96|0.25|-0.96|0.23"
184.00;1.48;0001-01-01T00:00:10.3790000+01:00;158.85;3.19;-92.67;26.1;-12.876;-12.761;15.383;-20.184;14.539;-18.099;100.613;-80.122;128.636;"0001-01-01T00:00:10.254+01:00|W1|0.6|-0.02|0.05|-0.02|0.34;0001-01-01T00:00:10.254+01:00|W2|0.7|0.48|0.02|0.48|0.56;0001-01-01T00:00:10.254+01:00|W3|0.8|0.32|0.16|0.32|0.43;0001-01-01T00:00:10.254+01:00|W4|0.2|-0.17|0.22|-0.17|0.07;0001-01-01T00:00:10.254+01:00|W5|0.5|-0.35|0.15|-0.35|0.24;0001-01-01T00:00:10.254+01:00|W6|1.0|-0.98|0.02|-0.98|0.13;0001-01-01T00:00:10.254+01:00|W7|0.8|0.21|0.14|0.21|0.61;0001-01-01T00:00:10.254+01:00|W8|0.8|-0.19|0.15|-0.19|0.67;0001-01-01T00:00:10.254+01:00|W9|1.3|-0.92|0.33|-0.92|0.89;0001-01-01T00:00:10.254+01:00|W10|1.1|-1.04|0.02|-1.04|0.40;0001-01-01T00:00:10.254+01:00|W11|1.8|-1.34|0.04|-1.34|0.37;0001-01-01T00:00:10.254+01:00|W12|1.0|-0.96|0.25|-0.96|0.23"
185.00;1.40;0001-01-01T00:00:10.4070000+01:00;159.64;3.21;-93.29;25.7;-12.974;-12.958;13.849;-19.863;14.075;-18.294;100.752;-80.257;128.829;"0001-01-01T00:00:10.504+01:00|W1|0.6|0.02|0.01|0.02|0.35;0001-01-01T00:00:10.504+01:00|W2|0.7|0.51|0.06|0.51|0.48;0001-01-01T00:00:10.504+01:00|W3|0.9|0.29|0.14|0.29|0.48;0001-01-01T00:00:10.504+01:00|W4|0.2|-0.15|0.18|-0.15|0.08;0001-01-01T00:00:10.504+01:00|W5|0.5|-0.34|0.12|-0.34|0.12;0001-01-01T00:00:10.504+01:00|W6|1.0|-0.92|0.04|-0.92|0.19;0001-01-01T00:00:10.504+01:00|W7|0.7|0.16|0.18|0.16|0.45;0001-01-01T00:00:10.504+01:00|W8|0.9|-0.16|0.17|-0.16|0.71;0001-01-01T00:00:10.504+01:00|W9|1.3|-0.96|0.32|-0.96|0.88;0001-01-01T00:00:10.504+01:00|W10|1.1|-1.00|0.02|-1.00|0.48;0001-01-01T00:00:10.504+01:00|W11|1.7|-1.24|0.00|-1.24|0.48;0001-01-01T00:00:10.504+01:00|W12|1.0|-0.95|0.22|-0.95|0.22"
186.00;1.32;0001-01-01T00:00:10.4350000+01:00;160.42;3.22;-93.91;25.2;-13.072;-13.155;12.314;-19.542;13.610;-18.489;100.892;-80.393;129.023;"0001-01-01T00:00:10.504+01:00|W1|0.6|0.02|0.01|0.02|0.35;0001-01-01T00:00:10.504+01:00|W2|0.7|0.51|0.06|0.51|0.48;0001-01-01T00:00:10.504+01:00|W3|0.9|0.29|0.14|0.29|0.48;0001-01-01T00:00:10.504+01:00|W4|0.2|-0.15|0.18|-0.15|0.08;0001-01-01T00:00:10.504+01:00|W5|0.5|-0.34|0.12|-0.34|0.12;0001-01-01T00:00:10.504+01:00|W6|1.0|-0.92|0.04|-0.92|0.19;0001-01-01T00:00:10.504+01:00|W7|0.7|0.16|0.18|0.16|0.45;0001-01-01T00:00:10.504+01:00|W8|0.9|-0.16|0.17|-0.16|0.71;0001-01-01T00:00:10.504+01:00|W9|1.3|-0.96|0.32|-0.96|0.88;0001-01-01T00:00:10.504+01:00|W10|1.1|-1.00|0.02|-1.00|0.48;0001-01-01T00:00:10.504+01:00|W11|1.7|-1.24|0.00|-1.24|0.48;0001-01-01T00:00:10.504+01:00|W12|1.0|-0.95|0.22|-0.95|0.22"
187.00;1.24;0001-01-01T00:00:10.4630000+01:00;161.21;3.23;-94.53;25.5;-13.327;-13.351;11.032;-19.223;13.305;-18.684;101.207;-80.569;129.379;"0001-01-01T00:00:10.504+01:00|W1|0.6|0.02|0.01|0.02|0.35;0001-01-01T00:00:10.504+01:00|W2|0.7|0.51|0.06|0.51|0.48;0001-01-01T00:00:10.504+01:00|W3|0.9|0.29|0.14|0.29|0.48;0001-01-01T00:00:10.504+01:00|W4|0.2|-0.15|0.18|-0.15|0.08;0001-01-01T00:00:10.504+01:00|W5|0.5|-0.34|0.12|-0.34|0.12;0001-01-01T00:00:10.504+01:00|W6|1.0|-0.92|0.04|-0.92|0.19;0001-01-01T00:00:10.504+01:00|W7|0.7|0.16|0.18|0.16|0.45;0001-01-01T00:00:10.504+01:00|W8|0.9|-0.16|0.17|-0.16|0.71;0001-01-01T00:00:10.504+01:00|W9|1.3|-0.96|0.32|-0.96|0.88;0001-01-01T00:00:10.504+01:00|W10|1.1|-1.00|0.02|-1.00|0.48;0001-01-01T00:00:10.504+01:00|W11|1.7|-1.24|0.00|-1.24|0.48;0001-01-01T00:00:10.504+01:00|W12|1.0|-0.95|0.22|-0.95|0.22"
188.00;1.19;0001-01-01T00:00:10.4910000+01:00;162.00;3.22;-95.13;27.4;-13.905;-13.545;10.272;-18.907;13.328;-18.876;101.885;-80.831;130.073;"0001-01-01T00:00:10.504+01:00|W1|0.6|0.02|0.01|0.02|0.35;0001-01-01T00:00:10.504+01:00|W2|0.7|0.51|0.06|0.51|0.48;0001-01-01T00:00:10.504+01:00|W3|0.9|0.29|0.14|0.29|0.48;0001-01-01T00:00:10.504+01:00|W4|0.2|-0.15|0.18|-0.15|0.08;0001-01-01T00:00:10.504+01:00|W5|0.5|-0.34|0.12|-0.34|0.12;0001-01-01T00:00:10.504+01:00|W6|1.0|-0.92|0.04|-0.92|0.19;0001-01-01T00:00:10.504+01:00|W7|0.7|0.16|0.18|0.16|0.45;0001-01-01T00:00:10.504+01:00|W8|0.9|-0.16|0.17|-0.16|0.71;0001-01-01T00:00:10.504+01:00|W9|1.3|-0.96|0.32|-0.96|0.88;0001-01-01T00:00:10.504+01:00|W10|1.1|-1.00|0.02|-1.00|0.48;0001-01-01T00:00:10.504+01:00|W11|1.7|-1.24|0.00|-1.24|0.48;0001-01-01T00:00:10.504+01:00|W12|1.0|-0.95|0.22|-0.95|0.22"
189.00;1.13;0001-01-01T00:00:10.5180000+01:00;162.80;3.21;-95.73;29.2;-14.483;-13.739;9.511;-18.591;13.352;-19.068;102.563;-81.092;130.767;"0001-01-01T00:00:10.504+01:00|W1|0.6|0.02|0.01|0.02|0.35;0001-01-01T00:00:10.504+01:00|W2|0.7|0.51|0.06|0.51|0.48;0001-01-01T00:00:10.504+01:00|W3|0.9|0.29|0.14|0.29|0.48;0001-01-01T00:00:10.504+01:00|W4|0.2|-0.15|0.18|-0.15|0.08;0001-01-01T00:00:10.504+01:00|W5|0.5|-0.34|0.12|-0.34|0.12;0001-01-01T00:00:10.504+01:00|W6|1.0|-0.92|0.04|-0.92|0.19;0001-01-01T00:00:10.504+01:00|W7|0.7|0.16|0.18|0.16|0.45;0001-01-01T00:00:10.504+01:00|W8|0.9|-0.16|0.17|-0.16|0.71;0001-01-01T00:00:10.504+01:00|W9|1.3|-0.96|0.32|-0.96|0.88;0001-01-01T00:00:10.504+01:00|W10|1.1|-1.00|0.02|-1.00|0.48;0001-01-01T00:00:10.504+01:00|W11|1.7|-1.24|0.00|-1.24|0.48;0001-01-01T00:00:10.504+01:00|W12|1.0|-0.95|0.22|-0.95|0.22"
190.00;1.06;0001-01-01T00:00:10.5460000+01:00;163.60;3.20;-96.33;31.1;-15.061;-13.933;8.751;-18.275;13.376;-19.261;103.241;-81.353;131.461;"0001-01-01T00:00:10.504+01:00|W1|0.6|0.02|0.01|0.02|0.35;0001-01-01T00:00:10.504+01:00|W2|0.7|0.51|0.06|0.51|0.48;0001-01-01T00:00:10.504+01:00|W3|0.9|0.29|0.14|0.29|0.48;0001-01-01T00:00:10.504+01:00|W4|0.2|-0.15|0.18|-0.15|0.08;0001-01-01T00:00:10.504+01:00|W5|0.5|-0.34|0.12|-0.34|0.12;0001-01-01T00:00:10.504+01:00|W6|1.0|-0.92|0.04|-0.92|0.19;0001-01-01T00:00:10.504+01:00|W7|0.7|0.16|0.18|0.16|0.45;0001-01-01T00:00:10.504+01:00|W8|0.9|-0.16|0.17|-0.16|0.71;0001-01-01T00:00:10.504+01:00|W9|1.3|-0.96|0.32|-0.96|0.88;0001-01-01T00:00:10.504+01:00|W10|1.1|-1.00|0.02|-1.00|0.48;0001-01-01T00:00:10.504+01:00|W11|1.7|-1.24|0.00|-1.24|0.48;0001-01-01T00:00:10.504+01:00|W12|1.0|-0.95|0.22|-0.95|0.22"
191.00;0.99;0001-01-01T00:00:10.5730000+01:00;164.39;3.20;-96.94;31.0;-15.994;-14.422;7.988;-16.875;12.826;-18.644;104.067;-81.206;132.017;"0001-01-01T00:00:10.504+01:00|W1|0.6|0.02|0.01|0.02|0.35;0001-01-01T00:00:10.504+01:00|W2|0.7|0.51|0.06|0.51|0.48;0001-01-01T00:00:10.504+01:00|W3|0.9|0.29|0.14|0.29|0.48;0001-01-01T00:00:10.504+01:00|W4|0.2|-0.15|0.18|-0.15|0.08;0001-01-01T00:00:10.504+01:00|W5|0.5|-0.34|0.12|-0.34|0.12;0001-01-01T00:00:10.504+01:00|W6|1.0|-0.92|0.04|-0.92|0.19;0001-01-01T00:00:10.504+01:00|W7|0.7|0.16|0.18|0.16|0.45;0001-01-01T00:00:10.504+01:00|W8|0.9|-0.16|0.17|-0.16|0.71;0001-01-01T00:00:10.504+01:00|W9|1.3|-0.96|0.32|-0.96|0.88;0001-01-01T00:00:10.504+01:00|W10|1.1|-1.00|0.02|-1.00|0.48;0001-01-01T00:00:10.504+01:00|W11|1.7|-1.24|0.00|-1.24|0.48;0001-01-01T00:00:10.504+01:00|W12|1.0|-0.95|0.22|-0.95|0.22"
192.00;0.91;0001-01-01T00:00:10.6000000+01:00;165.18;3.21;-97.55;30.2;-17.084;-15.042;7.225;-14.997;12.024;-17.669;104.959;-80.878;132.517;"0001-01-01T00:00:10.504+01:00|W1|0.6|0.02|0.01|0.02|0.35;0001-01-01T00:00:10.504+01:00|W2|0.7|0.51|0.06|0.51|0.48;0001-01-01T00:00:10.504+01:00|W3|0.9|0.29|0.14|0.29|0.48;0001-01-01T00:00:10.504+01:00|W4|0.2|-0.15|0.18|-0.15|0.08;0001-01-01T00:00:10.504+01:00|W5|0.5|-0.34|0.12|-0.34|0.12;0001-01-01T00:00:10.504+01:00|W6|1.0|-0.92|0.04|-0.92|0.19;0001-01-01T00:00:10.504+01:00|W7|0.7|0.16|0.18|0.16|0.45;0001-01-01T00:00:10.504+01:00|W8|0.9|-0.16|0.17|-0.16|0.71;0001-01-01T00:00:10.504+01:00|W9|1.3|-0.96|0.32|-0.96|0.88;0001-01-01T00:00:10.504+01:00|W10|1.1|-1.00|0.02|-1.00|0.48;0001-01-01T00:00:10.504+01:00|W11|1.7|-1.24|0.00|-1.24|0.48;0001-01-01T00:00:10.504+01:00|W12|1.0|-0.95|0.22|-0.95|0.22"
193.00;0.82;0001-01-01T00:00:10.6270000+01:00;165.97;3.21;-98.17;29.3;-18.174;-15.662;6.462;-13.117;11.222;-16.693;105.851;-80.550;133.022;"0001-01-01T00:00:10.504+01:00|W1|0.6|0.02|0.01|0.02|0.35;0001-01-01T00:00:10.504+01:00|W2|0.7|0.51|0.06|0.51|0.48;0001-01-01T00:00:10.504+01:00|W3|0.9|0.29|0.14|0.29|0.48;0001-01-01T00:00:10.504+01:00|W4|0.2|-0.15|0.18|-0.15|0.08;0001-01-01T00:00:10.504+01:00|W5|0.5|-0.34|0.12|-0.34|0.12;0001-01-01T00:00:10.504+01:00|W6|1.0|-0.92|0.04|-0.92|0.19;0001-01-01T00:00:10.504+01:00|W7|0.7|0.16|0.18|0.16|0.45;0001-01-01T00:00:10.504+01:00|W8|0.9|-0.16|0.17|-0.16|0.71;0001-01-01T00:00:10.504+01:00|W9|1.3|-0.96|0.32|-0.96|0.88;0001-01-01T00:00:10.504+01:00|W10|1.1|-1.00|0.02|-1.00|0.48;0001-01-01T00:00:10.504+01:00|W11|1.7|-1.24|0.00|-1.24|0.48;0001-01-01T00:00:10.504+01:00|W12|1.0|-0.95|0.22|-0.95|0.22"
194.00;0.74;0001-01-01T00:00:10.6540000+01:00;166.77;3.22;-98.78;28.4;-19.262;-16.282;5.671;-11.239;10.411;-15.718;106.748;-80.226;133.539;"0001-01-01T00:00:10.751+01:00|W1|0.6|0.02|0.01|0.02|0.35;0001-01-01T00:00:10.751+01:00|W2|0.7|0.51|0.06|0.51|0.48;0001-01-01T00:00:10.751+01:00|W3|0.9|0.29|0.14|0.29|0.48;0001-01-01T00:00:10.751+01:00|W4|0.2|-0.15|0.18|-0.15|0.08;0001-01-01T00:00:10.751+01:00|W5|0.5|-0.34|0.12|-0.34|0.12;0001-01-01T00:00:10.751+01:00|W6|1.0|-0.92|0.04|-0.92|0.19;0001-01-01T00:00:10.751+01:00|W7|0.7|0.16|0.18|0.16|0.45;0001-01-01T00:00:10.751+01:00|W8|0.9|-0.16|0.17|-0.16|0.71;0001-01-01T00:00:10.751+01:00|W9|1.3|-0.96|0.32|-0.96|0.88;0001-01-01T00:00:10.751+01:00|W10|1.1|-1.00|0.02|-1.00|0.48;0001-01-01T00:00:10.751+01:00|W11|1.7|-1.24|0.00|-1.24|0.48;0001-01-01T00:00:10.751+01:00|W12|1.0|-0.95|0.22|-0.95|0.22"
195.00;0.66;0001-01-01T00:00:10.6810000+01:00;167.57;3.26;-99.38;24.1;-20.062;-16.886;2.335;-9.406;8.844;-14.767;108.094;-80.230;134.625;"0001-01-01T00:00:10.751+01:00|W1|0.6|0.02|0.01|0.02|0.35;0001-01-01T00:00:10.751+01:00|W2|0.7|0.51|0.06|0.51|0.48;0001-01-01T00:00:10.751+01:00|W3|0.9|0.29|0.14|0.29|0.48;0001-01-01T00:00:10.751+01:00|W4|0.2|-0.15|0.18|-0.15|0.08;0001-01-01T00:00:10.751+01:00|W5|0.5|-0.34|0.12|-0.34|0.12;0001-01-01T00:00:10.751+01:00|W6|1.0|-0.92|0.04|-0.92|0.19;0001-01-01T00:00:10.751+01:00|W7|0.7|0.16|0.18|0.16|0.45;0001-01-01T00:00:10.751+01:00|W8|0.9|-0.16|0.17|-0.16|0.71;0001-01-01T00:00:10.751+01:00|W9|1.3|-0.96|0.32|-0.96|0.88;0001-01-01T00:00:10.751+01:00|W10|1.1|-1.00|0.02|-1.00|0.48;0001-01-01T00:00:10.751+01:00|W11|1.7|-1.24|0.00|-1.24|0.48;0001-01-01T00:00:10.751+01:00|W12|1.0|-0.95|0.22|-0.95|0.22"
196.00;0.60;0001-01-01T00:00:10.7070000+01:00;168.37;3.28;-99.98;20.0;-20.724;-17.286;-1.044;-7.562;7.233;-13.795;109.342;-80.154;135.589;"0001-01-01T00:00:10.751+01:00|W1|0.6|0.02|0.01|0.02|0.35;0001-01-01T00:00:10.751+01:00|W2|0.7|0.51|0.06|0.51|0.48;0001-01-01T00:00:10.751+01:00|W3|0.9|0.29|0.14|0.29|0.48;0001-01-01T00:00:10.751+01:00|W4|0.2|-0.15|0.18|-0.15|0.08;0001-01-01T00:00:10.751+01:00|W5|0.5|-0.34|0.12|-0.34|0.12;0001-01-01T00:00:10.751+01:00|W6|1.0|-0.92|0.04|-0.92|0.19;0001-01-01T00:00:10.751+01:00|W7|0.7|0.16|0.18|0.16|0.45;0001-01-01T00:00:10.751+01:00|W8|0.9|-0.16|0.17|-0.16|0.71;0001-01-01T00:00:10.751+01:00|W9|1.3|-0.96|0.32|-0.96|0.88;0001-01-01T00:00:10.751+01:00|W10|1.1|-1.00|0.02|-1.00|0.48;0001-01-01T00:00:10.751+01:00|W11|1.7|-1.24|0.00|-1.24|0.48;0001-01-01T00:00:10.751+01:00|W12|1.0|-0.95|0.22|-0.95|0.22"
197.00;0.53;0001-01-01T00:00:10.7340000+01:00;169.18;3.28;-100.57;18.2;-20.408;-16.222;-4.728;-5.646;5.315;-12.668;109.883;-79.514;135.647;"0001-01-01T00:00:10.751+01:00|W1|0.6|0.02|0.01|0.02|0.35;0001-01-01T00:00:10.751+01:00|W2|0.7|0.51|0.06|0.51|0.48;0001-01-01T00:00:10.751+01:00|W3|0.9|0.29|0.14|0.29|0.48;0001-01-01T00:00:10.751+01:00|W4|0.2|-0.15|0.18|-0.15|0.08;0001-01-01T00:00:10.751+01:00|W5|0.5|-0.34|0.12|-0.34|0.12;0001-01-01T00:00:10.751+01:00|W6|1.0|-0.92|0.04|-0.92|0.19;0001-01-01T00:00:10.751+01:00|W7|0.7|0.16|0.18|0.16|0.45;0001-01-01T00:00:10.751+01:00|W8|0.9|-0.16|0.17|-0.16|0.71;0001-01-01T00:00:10.751+01:00|W9|1.3|-0.96|0.32|-0.96|0.88;0001-01-01T00:00:10.751+01:00|W10|1.1|-1.00|0.02|-1.00|0.48;0001-01-01T00:00:10.751+01:00|W11|1.7|-1.24|0.00|-1.24|0.48;0001-01-01T00:00:10.751+01:00|W12|1.0|-0.95|0.22|-0.95|0.22"
198.00;0.47;0001-01-01T00:00:10.7610000+01:00;169.98;3.28;-101.16;16.5;-19.669;-15.161;-7.342;-3.735;3.519;-11.544;110.216;-79.719;136.034;"0001-01-01T00:00:10.751+01:00|W1|0.6|0.02|0.01|0.02|0.35;0001-01-01T00:00:10.751+01:00|W2|0.7|0.51|0.06|0.51|0.48;0001-01-01T00:00:10.751+01:00|W3|0.9|0.29|0.14|0.29|0.48;0001-01-01T00:00:10.751+01:00|W4|0.2|-0.15|0.18|-0.15|0.08;0001-01-01T00:00:10.751+01:00|W5|0.5|-0.34|0.12|-0.34|0.12;0001-01-01T00:00:10.751+01:00|W6|1.0|-0.92|0.04|-0.92|0.19;0001-01-01T00:00:10.751+01:00|W7|0.7|0.16|0.18|0.16|0.45;0001-01-01T00:00:10.751+01:00|W8|0.9|-0.16|0.17|-0.16|0.71;0001-01-01T00:00:10.751+01:00|W9|1.3|-0.96|0.32|-0.96|0.88;0001-01-01T00:00:10.751+01:00|W10|1.1|-1.00|0.02|-1.00|0.48;0001-01-01T00:00:10.751+01:00|W11|1.7|-1.24|0.00|-1.24|0.48;0001-01-01T00:00:10.751+01:00|W12|1.0|-0.95|0.22|-0.95|0.22"
199.00;0.40;0001-01-01T00:00:10.7870000+01:00;170.79;3.28;-101.75;15.3;-17.679;-14.110;-6.802;-1.841;2.084;-10.431;109.933;-82.415;137.407;"0001-01-01T00:00:10.751+01:00|W1|0.6|0.02|0.01|0.02|0.35;0001-01-01T00:00:10.751+01:00|W2|0.7|0.51|0.06|0.51|0.48;0001-01-01T00:00:10.751+01:00|W3|0.9|0.29|0.14|0.29|0.48;0001-01-01T00:00:10.751+01:00|W4|0.2|-0.15|0.18|-0.15|0.08;0001-01-01T00:00:10.751+01:00|W5|0.5|-0.34|0.12|-0.34|0.12;0001-01-01T00:00:10.751+01:00|W6|1.0|-0.92|0.04|-0.92|0.19;0001-01-01T00:00:10.751+01:00|W7|0.7|0.16|0.18|0.16|0.45;0001-01-01T00:00:10.751+01:00|W8|0.9|-0.16|0.17|-0.16|0.71;0001-01-01T00:00:10.751+01:00|W9|1.3|-0.96|0.32|-0.96|0.88;0001-01-01T00:00:10.751+01:00|W10|1.1|-1.00|0.02|-1.00|0.48;0001-01-01T00:00:10.751+01:00|W11|1.7|-1.24|0.00|-1.24|0.48;0001-01-01T00:00:10.751+01:00|W12|1.0|-0.95|0.22|-0.95|0.22"
200.00;0.34;0001-01-01T00:00:10.8130000+01:00;171.60;3.31;-102.34;13.4;-17.628;-13.071;-6.286;0.029;0.945;-9.331;108.684;-83.950;137.338;"0001-01-01T00:00:10.751+01:00|W1|0.6|0.02|0.01|0.02|0.35;0001-01-01T00:00:10.751+01:00|W2|0.7|0.51|0.06|0.51|0.48;0001-01-01T00:00:10.751+01:00|W3|0.9|0.29|0.14|0.29|0.48;0001-01-01T00:00:10.751+01:00|W4|0.2|-0.15|0.18|-0.15|0.08;0001-01-01T00:00:10.751+01:00|W5|0.5|-0.34|0.12|-0.34|0.12;0001-01-01T00:00:10.751+01:00|W6|1.0|-0.92|0.04|-0.92|0.19;0001-01-01T00:00:10.751+01:00|W7|0.7|0.16|0.18|0.16|0.45;0001-01-01T00:00:10.751+01:00|W8|0.9|-0.16|0.17|-0.16|0.71;0001-01-01T00:00:10.751+01:00|W9|1.3|-0.96|0.32|-0.96|0.88;0001-01-01T00:00:10.751+01:00|W10|1.1|-1.00|0.02|-1.00|0.48;0001-01-01T00:00:10.751+01:00|W11|1.7|-1.24|0.00|-1.24|0.48;0001-01-01T00:00:10.751+01:00|W12|1.0|-0.95|0.22|-0.95|0.22"
201.00;0.27;0001-01-01T00:00:10.8390000+01:00;172.41;3.39;-102.92;10.3;-21.007;-12.056;-5.811;1.858;0.330;-8.256;105.728;-83.429;134.680;"0001-01-01T00:00:10.751+01:00|W1|0.6|0.02|0.01|0.02|0.35;0001-01-01T00:00:10.751+01:00|W2|0.7|0.51|0.06|0.51|0.48;0001-01-01T00:00:10.751+01:00|W3|0.9|0.29|0.14|0.29|0.48;0001-01-01T00:00:10.751+01:00|W4|0.2|-0.15|0.18|-0.15|0.08;0001-01-01T00:00:10.751+01:00|W5|0.5|-0.34|0.12|-0.34|0.12;0001-01-01T00:00:10.751+01:00|W6|1.0|-0.92|0.04|-0.92|0.19;0001-01-01T00:00:10.751+01:00|W7|0.7|0.16|0.18|0.16|0.45;0001-01-01T00:00:10.751+01:00|W8|0.9|-0.16|0.17|-0.16|0.71;0001-01-01T00:00:10.751+01:00|W9|1.3|-0.96|0.32|-0.96|0.88;0001-01-01T00:00:10.751+01:00|W10|1.1|-1.00|0.02|-1.00|0.48;0001-01-01T00:00:10.751+01:00|W11|1.7|-1.24|0.00|-1.24|0.48;0001-01-01T00:00:10.751+01:00|W12|1.0|-0.95|0.22|-0.95|0.22"
202.00;0.19;0001-01-01T00:00:10.8660000+01:00;173.21;3.41;-103.54;7.9;-24.617;-13.322;-5.304;2.959;-0.326;-5.797;103.097;-82.331;131.939;"0001-01-01T00:00:10.751+01:00|W1|0.6|0.02|0.01|0.02|0.35;0001-01-01T00:00:10.751+01:00|W2|0.7|0.51|0.06|0.51|0.48;0001-01-01T00:00:10.751+01:00|W3|0.9|0.29|0.14|0.29|0.48;0001-01-01T00:00:10.751+01:00|W4|0.2|-0.15|0.18|-0.15|0.08;0001-01-01T00:00:10.751+01:00|W5|0.5|-0.34|0.12|-0.34|0.12;0001-01-01T00:00:10.751+01:00|W6|1.0|-0.92|0.04|-0.92|0.19;0001-01-01T00:00:10.751+01:00|W7|0.7|0.16|0.18|0.16|0.45;0001-01-01T00:00:10.751+01:00|W8|0.9|-0.16|0.17|-0.16|0.71;0001-01-01T00:00:10.751+01:00|W9|1.3|-0.96|0.32|-0.96|0.88;0001-01-01T00:00:10.751+01:00|W10|1.1|-1.00|0.02|-1.00|0.48;0001-01-01T00:00:10.751+01:00|W11|1.7|-1.24|0.00|-1.24|0.48;0001-01-01T00:00:10.751+01:00|W12|1.0|-0.95|0.22|-0.95|0.22"
203.00;0.08;0001-01-01T00:00:10.8960000+01:00;173.97;3.34;-104.19;6.4;-28.570;-17.987;-4.749;2.976;-1.045;-1.277;100.952;-80.371;129.103;"0001-01-01T00:00:11.006+01:00|W1|0.6|0.03|0.02|0.03|0.35;0001-01-01T00:00:11.006+01:00|W2|0.7|0.51|0.06|0.51|0.48;0001-01-01T00:00:11.006+01:00|W3|0.9|0.32|0.07|0.32|0.48;0001-01-01T00:00:11.006+01:00|W4|0.3|-0.12|0.07|-0.12|0.03;0001-01-01T00:00:11.006+01:00|W5|0.5|-0.37|0.08|-0.37|0.03;0001-01-01T00:00:11.006+01:00|W6|0.9|-0.83|0.12|-0.83|0.26;0001-01-01T00:00:11.006+01:00|W7|0.9|-0.03|0.07|-0.03|0.45;0001-01-01T00:00:11.006+01:00|W8|0.8|-0.11|0.13|-0.11|0.70;0001-01-01T00:00:11.006+01:00|W9|1.4|-1.04|0.35|-1.04|0.88;0001-01-01T00:00:11.006+01:00|W10|1.1|-0.97|0.01|-0.97|0.54;0001-01-01T00:00:11.006+01:00|W11|1.8|-1.21|0.10|-1.21|0.77;0001-01-01T00:00:11.006+01:00|W12|0.9|-0.76|0.33|-0.76|0.10"
204.00;0.00;0001-01-01T00:00:10.9200000+01:00;174.66;3.33;-104.70;6.4;-29.164;-21.702;-4.327;2.989;-1.134;2.323;101.979;-78.608;128.813;"0001-01-01T00:00:11.006+01:00|W1|0.6|0.03|0.02|0.03|0.35;0001-01-01T00:00:11.006+01:00|W2|0.7|0.51|0.06|0.51|0.48;0001-01-01T00:00:11.006+01:00|W3|0.9|0.32|0.07|0.32|0.48;0001-01-01T00:00:11.006+01:00|W4|0.3|-0.12|0.07|-0.12|0.03;0001-01-01T00:00:11.006+01:00|W5|0.5|-0.37|0.08|-0.37|0.03;0001-01-01T00:00:11.006+01:00|W6|0.9|-0.83|0.12|-0.83|0.26;0001-01-01T00:00:11.006+01:00|W7|0.9|-0.03|0.07|-0.03|0.45;0001-01-01T00:00:11.006+01:00|W8|0.8|-0.11|0.13|-0.11|0.70;0001-01-01T00:00:11.006+01:00|W9|1.4|-1.04|0.35|-1.04|0.88;0001-01-01T00:00:11.006+01:00|W10|1.1|-0.97|0.01|-0.97|0.54;0001-01-01T00:00:11.006+01:00|W11|1.8|-1.21|0.10|-1.21|0.77;0001-01-01T00:00:11.006+01:00|W12|0.9|-0.76|0.33|-0.76|0.10"
