Position;Height above ground [m];Time;X [m];Y [m];Z [m];Opening Angle [°];Stalling Angle Left [°];Stalling Angle Right [°];Roll Angle Left [°];Roll Angle Right [°];Yaw Angle Left [°];Yaw Angle Right [°];Speed hor. [km/h];Speed vert. [km/h];Speed resulting [km/h];WindTime|WindName|WindSpeed|WindSpeedTangent|WindTurbulence|WindSpeedCleanTan|WindSpeedCross
-95.45;NaN;0001-01-01T00:00:00.0310000+01:00;-83.08;0.00;44.43;NaN;NaN;NaN;NaN;NaN;NaN;NaN;0.000;0.000;0.000;"0001-01-01T00:00:00.000+01:00|W1|1.5|0.05|0.17|0.05|1.44;0001-01-01T00:00:00.000+01:00|W2|0.7|-0.57|0.08|-0.57|0.41;0001-01-01T00:00:00.000+01:00|W3|0.6|-0.13|0.14|-0.13|0.55;0001-01-01T00:00:00.000+01:00|W4|0.8|0.37|0.01|0.37|0.69;0001-01-01T00:00:00.000+01:00|W5|0.6|0.44|0.36|0.44|0.47;0001-01-01T00:00:00.000+01:00|W6|0.8|-0.16|0.04|-0.16|0.81;0001-01-01T00:00:00.000+01:00|W7|1.4|0.05|0.07|0.05|1.15;0001-01-01T00:00:00.000+01:00|W8|0.6|-0.16|0.07|-0.16|0.55;0001-01-01T00:00:00.000+01:00|W9|0.6|-0.16|0.18|-0.16|0.51;0001-01-01T00:00:00.000+01:00|W10|0.8|-0.74|0.13|-0.74|0.30;0001-01-01T00:00:00.000+01:00|W11|0.5|-0.28|0.13|-0.28|0.12;0001-01-01T00:00:00.000+01:00|W12|0.6|-0.40|0.01|-0.40|0.13"
0.00;2.93;0001-01-01T00:00:04.1950000+01:00;0.03;0.00;-0.01;0.0;-11.500;-11.500;0.000;0.000;0.000;0.000;97.045;-19.744;99.033;"0001-01-01T00:00:04.255+01:00|W1|1.5|0.36|0.01|0.36|1.36;0001-01-01T00:00:04.255+01:00|W2|0.8|-0.59|0.26|-0.59|0.25;0001-01-01T00:00:04.255+01:00|W3|0.6|-0.12|0.01|-0.12|0.58;0001-01-01T00:00:04.255+01:00|W4|0.7|0.54|0.02|0.54|0.43;0001-01-01T00:00:04.255+01:00|W5|0.7|0.42|0.10|0.42|0.50;0001-01-01T00:00:04.255+01:00|W6|1.2|0.04|0.16|0.04|1.14;0001-01-01T00:00:04.255+01:00|W7|1.8|0.14|0.19|0.14|1.80;0001-01-01T00:00:04.255+01:00|W8|1.4|-0.76|0.45|-0.76|0.95;0001-01-01T00:00:04.255+01:00|W9|0.4|-0.12|0.10|-0.12|0.28;0001-01-01T00:00:04.255+01:00|W10|0.8|-0.51|0.00|-0.51|0.57;0001-01-01T00:00:04.255+01:00|W11|0.3|-0.07|0.16|-0.07|0.17;0001-01-01T00:00:04.255+01:00|W12|0.6|-0.31|0.09|-0.31|0.50"
1.00;2.95;0001-01-01T00:00:04.4010000+01:00;1.35;-0.01;-0.14;4.1;-6.928;-8.739;-3.691;3.670;1.945;-2.165;96.558;-12.807;97.404;"0001-01-01T00:00:04.498+01:00|W1|1.4|0.43|0.02|0.43|1.26;0001-01-01T00:00:04.498+01:00|W2|0.9|-0.60|0.33|-0.60|0.23;0001-01-01T00:00:04.498+01:00|W3|0.6|-0.13|0.01|-0.13|0.59;0001-01-01T00:00:04.498+01:00|W4|0.7|0.52|0.06|0.52|0.48;0001-01-01T00:00:04.498+01:00|W5|0.7|0.33|0.07|0.33|0.59;0001-01-01T00:00:04.498+01:00|W6|1.2|0.04|0.20|0.04|1.19;0001-01-01T00:00:04.498+01:00|W7|1.8|0.16|0.11|0.16|1.74;0001-01-01T00:00:04.498+01:00|W8|1.5|-0.94|0.48|-0.94|0.87;0001-01-01T00:00:04.498+01:00|W9|0.4|-0.11|0.12|-0.11|0.26;0001-01-01T00:00:04.498+01:00|W10|0.8|-0.51|0.00|-0.51|0.56;0001-01-01T00:00:04.498+01:00|W11|0.3|-0.05|0.17|-0.05|0.13;0001-01-01T00:00:04.498+01:00|W12|0.6|-0.29|0.06|-0.29|0.47"
2.00;2.99;0001-01-01T00:00:04.4410000+01:00;2.39;-0.01;-0.24;6.9;-2.728;-6.331;-5.587;5.244;3.557;-4.016;96.372;-9.054;96.797;"0001-01-01T00:00:04.498+01:00|W1|1.4|0.43|0.02|0.43|1.26;0001-01-01T00:00:04.498+01:00|W2|0.9|-0.60|0.33|-0.60|0.23;0001-01-01T00:00:04.498+01:00|W3|0.6|-0.13|0.01|-0.13|0.59;0001-01-01T00:00:04.498+01:00|W4|0.7|0.52|0.06|0.52|0.48;0001-01-01T00:00:04.498+01:00|W5|0.7|0.33|0.07|0.33|0.59;0001-01-01T00:00:04.498+01:00|W6|1.2|0.04|0.20|0.04|1.19;0001-01-01T00:00:04.498+01:00|W7|1.8|0.16|0.11|0.16|1.74;0001-01-01T00:00:04.498+01:00|W8|1.5|-0.94|0.48|-0.94|0.87;0001-01-01T00:00:04.498+01:00|W9|0.4|-0.11|0.12|-0.11|0.26;0001-01-01T00:00:04.498+01:00|W10|0.8|-0.51|0.00|-0.51|0.56;0001-01-01T00:00:04.498+01:00|W11|0.3|-0.05|0.17|-0.05|0.13;0001-01-01T00:00:04.498+01:00|W12|0.6|-0.29|0.06|-0.29|0.47"
3.00;3.06;0001-01-01T00:00:04.4800000+01:00;3.44;0.00;-0.33;8.7;2.888;-3.390;-4.898;3.416;5.337;-6.193;96.705;-9.770;97.198;"0001-01-01T00:00:04.498+01:00|W1|1.4|0.43|0.02|0.43|1.26;0001-01-01T00:00:04.498+01:00|W2|0.9|-0.60|0.33|-0.60|0.23;0001-01-01T00:00:04.498+01:00|W3|0.6|-0.13|0.01|-0.13|0.59;0001-01-01T00:00:04.498+01:00|W4|0.7|0.52|0.06|0.52|0.48;0001-01-01T00:00:04.498+01:00|W5|0.7|0.33|0.07|0.33|0.59;0001-01-01T00:00:04.498+01:00|W6|1.2|0.04|0.20|0.04|1.19;0001-01-01T00:00:04.498+01:00|W7|1.8|0.16|0.11|0.16|1.74;0001-01-01T00:00:04.498+01:00|W8|1.5|-0.94|0.48|-0.94|0.87;0001-01-01T00:00:04.498+01:00|W9|0.4|-0.11|0.12|-0.11|0.26;0001-01-01T00:00:04.498+01:00|W10|0.8|-0.51|0.00|-0.51|0.56;0001-01-01T00:00:04.498+01:00|W11|0.3|-0.05|0.17|-0.05|0.13;0001-01-01T00:00:04.498+01:00|W12|0.6|-0.29|0.06|-0.29|0.47"
4.00;3.11;0001-01-01T00:00:04.5190000+01:00;4.48;0.02;-0.46;11.1;8.062;-0.478;-10.162;1.607;7.742;-8.348;98.005;-11.559;98.685;"0001-01-01T00:00:04.498+01:00|W1|1.4|0.43|0.02|0.43|1.26;0001-01-01T00:00:04.498+01:00|W2|0.9|-0.60|0.33|-0.60|0.23;0001-01-01T00:00:04.498+01:00|W3|0.6|-0.13|0.01|-0.13|0.59;0001-01-01T00:00:04.498+01:00|W4|0.7|0.52|0.06|0.52|0.48;0001-01-01T00:00:04.498+01:00|W5|0.7|0.33|0.07|0.33|0.59;0001-01-01T00:00:04.498+01:00|W6|1.2|0.04|0.20|0.04|1.19;0001-01-01T00:00:04.498+01:00|W7|1.8|0.16|0.11|0.16|1.74;0001-01-01T00:00:04.498+01:00|W8|1.5|-0.94|0.48|-0.94|0.87;0001-01-01T00:00:04.498+01:00|W9|0.4|-0.11|0.12|-0.11|0.26;0001-01-01T00:00:04.498+01:00|W10|0.8|-0.51|0.00|-0.51|0.56;0001-01-01T00:00:04.498+01:00|W11|0.3|-0.05|0.17|-0.05|0.13;0001-01-01T00:00:04.498+01:00|W12|0.6|-0.29|0.06|-0.29|0.47"
5.00;3.17;0001-01-01T00:00:04.5570000+01:00;5.51;0.01;-0.60;16.8;10.814;2.410;-8.410;-0.188;10.509;-10.484;97.867;-12.935;98.719;"0001-01-01T00:00:04.498+01:00|W1|1.4|0.43|0.02|0.43|1.26;0001-01-01T00:00:04.498+01:00|W2|0.9|-0.60|0.33|-0.60|0.23;0001-01-01T00:00:04.498+01:00|W3|0.6|-0.13|0.01|-0.13|0.59;0001-01-01T00:00:04.498+01:00|W4|0.7|0.52|0.06|0.52|0.48;0001-01-01T00:00:04.498+01:00|W5|0.7|0.33|0.07|0.33|0.59;0001-01-01T00:00:04.498+01:00|W6|1.2|0.04|0.20|0.04|1.19;0001-01-01T00:00:04.498+01:00|W7|1.8|0.16|0.11|0.16|1.74;0001-01-01T00:00:04.498+01:00|W8|1.5|-0.94|0.48|-0.94|0.87;0001-01-01T00:00:04.498+01:00|W9|0.4|-0.11|0.12|-0.11|0.26;0001-01-01T00:00:04.498+01:00|W10|0.8|-0.51|0.00|-0.51|0.56;0001-01-01T00:00:04.498+01:00|W11|0.3|-0.05|0.17|-0.05|0.13;0001-01-01T00:00:04.498+01:00|W12|0.6|-0.29|0.06|-0.29|0.47"
6.00;3.23;0001-01-01T00:00:04.5960000+01:00;6.55;-0.00;-0.75;23.8;12.613;5.287;-3.896;-1.976;13.419;-12.614;97.162;-14.148;98.189;"0001-01-01T00:00:04.498+01:00|W1|1.4|0.43|0.02|0.43|1.26;0001-01-01T00:00:04.498+01:00|W2|0.9|-0.60|0.33|-0.60|0.23;0001-01-01T00:00:04.498+01:00|W3|0.6|-0.13|0.01|-0.13|0.59;0001-01-01T00:00:04.498+01:00|W4|0.7|0.52|0.06|0.52|0.48;0001-01-01T00:00:04.498+01:00|W5|0.7|0.33|0.07|0.33|0.59;0001-01-01T00:00:04.498+01:00|W6|1.2|0.04|0.20|0.04|1.19;0001-01-01T00:00:04.498+01:00|W7|1.8|0.16|0.11|0.16|1.74;0001-01-01T00:00:04.498+01:00|W8|1.5|-0.94|0.48|-0.94|0.87;0001-01-01T00:00:04.498+01:00|W9|0.4|-0.11|0.12|-0.11|0.26;0001-01-01T00:00:04.498+01:00|W10|0.8|-0.51|0.00|-0.51|0.56;0001-01-01T00:00:04.498+01:00|W11|0.3|-0.05|0.17|-0.05|0.13;0001-01-01T00:00:04.498+01:00|W12|0.6|-0.29|0.06|-0.29|0.47"
7.00;3.30;0001-01-01T00:00:04.6340000+01:00;7.59;-0.02;-0.90;30.5;14.114;7.852;0.557;-4.036;16.341;-14.690;96.490;-15.268;97.693;"0001-01-01T00:00:04.756+01:00|W1|1.4|0.49|0.03|0.49|1.19;0001-01-01T00:00:04.756+01:00|W2|0.9|-0.52|0.33|-0.52|0.27;0001-01-01T00:00:04.756+01:00|W3|0.6|-0.13|0.01|-0.13|0.60;0001-01-01T00:00:04.756+01:00|W4|0.7|0.51|0.09|0.51|0.52;0001-01-01T00:00:04.756+01:00|W5|0.7|0.33|0.07|0.33|0.59;0001-01-01T00:00:04.756+01:00|W6|1.2|0.04|0.20|0.04|1.19;0001-01-01T00:00:04.756+01:00|W7|1.8|0.16|0.11|0.16|1.74;0001-01-01T00:00:04.756+01:00|W8|1.5|-1.06|0.49|-1.06|0.78;0001-01-01T00:00:04.756+01:00|W9|0.4|-0.11|0.12|-0.11|0.26;0001-01-01T00:00:04.756+01:00|W10|0.8|-0.51|0.00|-0.51|0.56;0001-01-01T00:00:04.756+01:00|W11|0.3|-0.05|0.17|-0.05|0.13;0001-01-01T00:00:04.756+01:00|W12|0.5|-0.28|0.01|-0.28|0.42"
8.00;3.37;0001-01-01T00:00:04.6730000+01:00;8.61;-0.01;-1.06;35.1;13.143;7.817;4.495;-8.363;19.372;-16.322;96.085;-15.615;97.349;"0001-01-01T00:00:04.756+01:00|W1|1.4|0.49|0.03|0.49|1.19;0001-01-01T00:00:04.756+01:00|W2|0.9|-0.52|0.33|-0.52|0.27;0001-01-01T00:00:04.756+01:00|W3|0.6|-0.13|0.01|-0.13|0.60;0001-01-01T00:00:04.756+01:00|W4|0.7|0.51|0.09|0.51|0.52;0001-01-01T00:00:04.756+01:00|W5|0.7|0.33|0.07|0.33|0.59;0001-01-01T00:00:04.756+01:00|W6|1.2|0.04|0.20|0.04|1.19;0001-01-01T00:00:04.756+01:00|W7|1.8|0.16|0.11|0.16|1.74;0001-01-01T00:00:04.756+01:00|W8|1.5|-1.06|0.49|-1.06|0.78;0001-01-01T00:00:04.756+01:00|W9|0.4|-0.11|0.12|-0.11|0.26;0001-01-01T00:00:04.756+01:00|W10|0.8|-0.51|0.00|-0.51|0.56;0001-01-01T00:00:04.756+01:00|W11|0.3|-0.05|0.17|-0.05|0.13;0001-01-01T00:00:04.756+01:00|W12|0.5|-0.28|0.01|-0.28|0.42"
9.00;3.45;0001-01-01T00:00:04.4630000+01:00;9.64;-0.00;-1.24;38.6;13.177;8.408;10.681;-11.457;21.801;-17.501;96.373;-16.788;97.828;"0001-01-01T00:00:04.498+01:00|W1|1.4|0.43|0.02|0.43|1.26;0001-01-01T00:00:04.498+01:00|W2|0.9|-0.60|0.33|-0.60|0.23;0001-01-01T00:00:04.498+01:00|W3|0.6|-0.13|0.01|-0.13|0.59;0001-01-01T00:00:04.498+01:00|W4|0.7|0.52|0.06|0.52|0.48;0001-01-01T00:00:04.498+01:00|W5|0.7|0.33|0.07|0.33|0.59;0001-01-01T00:00:04.498+01:00|W6|1.2|0.04|0.20|0.04|1.19;0001-01-01T00:00:04.498+01:00|W7|1.8|0.16|0.11|0.16|1.74;0001-01-01T00:00:04.498+01:00|W8|1.5|-0.94|0.48|-0.94|0.87;0001-01-01T00:00:04.498+01:00|W9|0.4|-0.11|0.12|-0.11|0.26;0001-01-01T00:00:04.498+01:00|W10|0.8|-0.51|0.00|-0.51|0.56;0001-01-01T00:00:04.498+01:00|W11|0.3|-0.05|0.17|-0.05|0.13;0001-01-01T00:00:04.498+01:00|W12|0.6|-0.29|0.06|-0.29|0.47"
10.00;3.53;0001-01-01T00:00:04.5050000+01:00;10.67;0.01;-1.43;41.4;12.896;8.271;15.843;-12.704;23.759;-18.414;96.386;-17.689;97.999;"0001-01-01T00:00:04.498+01:00|W1|1.4|0.43|0.02|0.43|1.26;0001-01-01T00:00:04.498+01:00|W2|0.9|-0.60|0.33|-0.60|0.23;0001-01-01T00:00:04.498+01:00|W3|0.6|-0.13|0.01|-0.13|0.59;0001-01-01T00:00:04.498+01:00|W4|0.7|0.52|0.06|0.52|0.48;0001-01-01T00:00:04.498+01:00|W5|0.7|0.33|0.07|0.33|0.59;0001-01-01T00:00:04.498+01:00|W6|1.2|0.04|0.20|0.04|1.19;0001-01-01T00:00:04.498+01:00|W7|1.8|0.16|0.11|0.16|1.74;0001-01-01T00:00:04.498+01:00|W8|1.5|-0.94|0.48|-0.94|0.87;0001-01-01T00:00:04.498+01:00|W9|0.4|-0.11|0.12|-0.11|0.26;0001-01-01T00:00:04.498+01:00|W10|0.8|-0.51|0.00|-0.51|0.56;0001-01-01T00:00:04.498+01:00|W11|0.3|-0.05|0.17|-0.05|0.13;0001-01-01T00:00:04.498+01:00|W12|0.6|-0.29|0.06|-0.29|0.47"
11.00;3.61;0001-01-01T00:00:04.7880000+01:00;11.70;0.01;-1.62;43.5;12.218;7.483;20.007;-13.599;25.202;-18.983;96.083;-18.200;97.793;"0001-01-01T00:00:04.756+01:00|W1|1.4|0.49|0.03|0.49|1.19;0001-01-01T00:00:04.756+01:00|W2|0.9|-0.52|0.33|-0.52|0.27;0001-01-01T00:00:04.756+01:00|W3|0.6|-0.13|0.01|-0.13|0.60;0001-01-01T00:00:04.756+01:00|W4|0.7|0.51|0.09|0.51|0.52;0001-01-01T00:00:04.756+01:00|W5|0.7|0.33|0.07|0.33|0.59;0001-01-01T00:00:04.756+01:00|W6|1.2|0.04|0.20|0.04|1.19;0001-01-01T00:00:04.756+01:00|W7|1.8|0.16|0.11|0.16|1.74;0001-01-01T00:00:04.756+01:00|W8|1.5|-1.06|0.49|-1.06|0.78;0001-01-01T00:00:04.756+01:00|W9|0.4|-0.11|0.12|-0.11|0.26;0001-01-01T00:00:04.756+01:00|W10|0.8|-0.51|0.00|-0.51|0.56;0001-01-01T00:00:04.756+01:00|W11|0.3|-0.05|0.17|-0.05|0.13;0001-01-01T00:00:04.756+01:00|W12|0.5|-0.28|0.01|-0.28|0.42"
12.00;3.71;0001-01-01T00:00:04.8260000+01:00;12.72;0.02;-1.81;44.0;12.111;7.506;26.264;-19.135;25.850;-18.792;96.231;-18.989;98.090;"0001-01-01T00:00:04.756+01:00|W1|1.4|0.49|0.03|0.49|1.19;0001-01-01T00:00:04.756+01:00|W2|0.9|-0.52|0.33|-0.52|0.27;0001-01-01T00:00:04.756+01:00|W3|0.6|-0.13|0.01|-0.13|0.60;0001-01-01T00:00:04.756+01:00|W4|0.7|0.51|0.09|0.51|0.52;0001-01-01T00:00:04.756+01:00|W5|0.7|0.33|0.07|0.33|0.59;0001-01-01T00:00:04.756+01:00|W6|1.2|0.04|0.20|0.04|1.19;0001-01-01T00:00:04.756+01:00|W7|1.8|0.16|0.11|0.16|1.74;0001-01-01T00:00:04.756+01:00|W8|1.5|-1.06|0.49|-1.06|0.78;0001-01-01T00:00:04.756+01:00|W9|0.4|-0.11|0.12|-0.11|0.26;0001-01-01T00:00:04.756+01:00|W10|0.8|-0.51|0.00|-0.51|0.56;0001-01-01T00:00:04.756+01:00|W11|0.3|-0.05|0.17|-0.05|0.13;0001-01-01T00:00:04.756+01:00|W12|0.5|-0.28|0.01|-0.28|0.42"
13.00;3.79;0001-01-01T00:00:04.8640000+01:00;13.74;0.03;-2.03;43.4;11.273;6.855;29.092;-20.426;25.924;-18.088;96.465;-20.070;98.533;"0001-01-01T00:00:04.756+01:00|W1|1.4|0.49|0.03|0.49|1.19;0001-01-01T00:00:04.756+01:00|W2|0.9|-0.52|0.33|-0.52|0.27;0001-01-01T00:00:04.756+01:00|W3|0.6|-0.13|0.01|-0.13|0.60;0001-01-01T00:00:04.756+01:00|W4|0.7|0.51|0.09|0.51|0.52;0001-01-01T00:00:04.756+01:00|W5|0.7|0.33|0.07|0.33|0.59;0001-01-01T00:00:04.756+01:00|W6|1.2|0.04|0.20|0.04|1.19;0001-01-01T00:00:04.756+01:00|W7|1.8|0.16|0.11|0.16|1.74;0001-01-01T00:00:04.756+01:00|W8|1.5|-1.06|0.49|-1.06|0.78;0001-01-01T00:00:04.756+01:00|W9|0.4|-0.11|0.12|-0.11|0.26;0001-01-01T00:00:04.756+01:00|W10|0.8|-0.51|0.00|-0.51|0.56;0001-01-01T00:00:04.756+01:00|W11|0.3|-0.05|0.17|-0.05|0.13;0001-01-01T00:00:04.756+01:00|W12|0.5|-0.28|0.01|-0.28|0.42"
14.00;3.89;0001-01-01T00:00:04.9020000+01:00;14.75;0.04;-2.25;42.8;10.353;6.127;31.521;-21.227;25.932;-17.327;96.707;-21.183;99.003;"0001-01-01T00:00:05.004+01:00|W1|1.4|0.53|0.09|0.53|1.10;0001-01-01T00:00:05.004+01:00|W2|0.9|-0.40|0.31|-0.40|0.30;0001-01-01T00:00:05.004+01:00|W3|0.6|-0.12|0.01|-0.12|0.61;0001-01-01T00:00:05.004+01:00|W4|0.7|0.51|0.09|0.51|0.52;0001-01-01T00:00:05.004+01:00|W5|0.7|0.33|0.06|0.33|0.60;0001-01-01T00:00:05.004+01:00|W6|1.3|0.07|0.25|0.07|1.26;0001-01-01T00:00:05.004+01:00|W7|1.7|0.13|0.06|0.13|1.73;0001-01-01T00:00:05.004+01:00|W8|1.5|-1.06|0.49|-1.06|0.78;0001-01-01T00:00:05.004+01:00|W9|0.4|-0.10|0.14|-0.10|0.26;0001-01-01T00:00:05.004+01:00|W10|0.8|-0.52|0.01|-0.52|0.56;0001-01-01T00:00:05.004+01:00|W11|0.3|-0.02|0.15|-0.02|0.13;0001-01-01T00:00:05.004+01:00|W12|0.5|-0.28|0.01|-0.28|0.42"
15.00;3.98;0001-01-01T00:00:04.9400000+01:00;15.76;0.05;-2.48;41.9;9.461;5.417;33.831;-21.784;25.768;-16.513;96.938;-22.487;99.516;"0001-01-01T00:00:05.004+01:00|W1|1.4|0.53|0.09|0.53|1.10;0001-01-01T00:00:05.004+01:00|W2|0.9|-0.40|0.31|-0.40|0.30;0001-01-01T00:00:05.004+01:00|W3|0.6|-0.12|0.01|-0.12|0.61;0001-01-01T00:00:05.004+01:00|W4|0.7|0.51|0.09|0.51|0.52;0001-01-01T00:00:05.004+01:00|W5|0.7|0.33|0.06|0.33|0.60;0001-01-01T00:00:05.004+01:00|W6|1.3|0.07|0.25|0.07|1.26;0001-01-01T00:00:05.004+01:00|W7|1.7|0.13|0.06|0.13|1.73;0001-01-01T00:00:05.004+01:00|W8|1.5|-1.06|0.49|-1.06|0.78;0001-01-01T00:00:05.004+01:00|W9|0.4|-0.10|0.14|-0.10|0.26;0001-01-01T00:00:05.004+01:00|W10|0.8|-0.52|0.01|-0.52|0.56;0001-01-01T00:00:05.004+01:00|W11|0.3|-0.02|0.15|-0.02|0.13;0001-01-01T00:00:05.004+01:00|W12|0.5|-0.28|0.01|-0.28|0.42"
16.00;4.07;0001-01-01T00:00:04.9770000+01:00;16.78;0.05;-2.72;40.4;8.645;4.755;35.808;-21.649;25.114;-15.548;97.138;-24.338;100.145;"0001-01-01T00:00:05.004+01:00|W1|1.4|0.53|0.09|0.53|1.10;0001-01-01T00:00:05.004+01:00|W2|0.9|-0.40|0.31|-0.40|0.30;0001-01-01T00:00:05.004+01:00|W3|0.6|-0.12|0.01|-0.12|0.61;0001-01-01T00:00:05.004+01:00|W4|0.7|0.51|0.09|0.51|0.52;0001-01-01T00:00:05.004+01:00|W5|0.7|0.33|0.06|0.33|0.60;0001-01-01T00:00:05.004+01:00|W6|1.3|0.07|0.25|0.07|1.26;0001-01-01T00:00:05.004+01:00|W7|1.7|0.13|0.06|0.13|1.73;0001-01-01T00:00:05.004+01:00|W8|1.5|-1.06|0.49|-1.06|0.78;0001-01-01T00:00:05.004+01:00|W9|0.4|-0.10|0.14|-0.10|0.26;0001-01-01T00:00:05.004+01:00|W10|0.8|-0.52|0.01|-0.52|0.56;0001-01-01T00:00:05.004+01:00|W11|0.3|-0.02|0.15|-0.02|0.13;0001-01-01T00:00:05.004+01:00|W12|0.5|-0.28|0.01|-0.28|0.42"
17.00;4.16;0001-01-01T00:00:05.0140000+01:00;17.78;0.07;-2.97;38.4;8.208;4.233;34.736;-19.850;23.900;-14.680;97.261;-24.933;100.409;"0001-01-01T00:00:05.004+01:00|W1|1.4|0.53|0.09|0.53|1.10;0001-01-01T00:00:05.004+01:00|W2|0.9|-0.40|0.31|-0.40|0.30;0001-01-01T00:00:05.004+01:00|W3|0.6|-0.12|0.01|-0.12|0.61;0001-01-01T00:00:05.004+01:00|W4|0.7|0.51|0.09|0.51|0.52;0001-01-01T00:00:05.004+01:00|W5|0.7|0.33|0.06|0.33|0.60;0001-01-01T00:00:05.004+01:00|W6|1.3|0.07|0.25|0.07|1.26;0001-01-01T00:00:05.004+01:00|W7|1.7|0.13|0.06|0.13|1.73;0001-01-01T00:00:05.004+01:00|W8|1.5|-1.06|0.49|-1.06|0.78;0001-01-01T00:00:05.004+01:00|W9|0.4|-0.10|0.14|-0.10|0.26;0001-01-01T00:00:05.004+01:00|W10|0.8|-0.52|0.01|-0.52|0.56;0001-01-01T00:00:05.004+01:00|W11|0.3|-0.02|0.15|-0.02|0.13;0001-01-01T00:00:05.004+01:00|W12|0.5|-0.28|0.01|-0.28|0.42"
18.00;4.24;0001-01-01T00:00:05.0510000+01:00;18.78;0.07;-3.24;36.3;8.001;3.825;34.653;-18.828;22.393;-14.090;97.258;-25.644;100.585;"0001-01-01T00:00:05.004+01:00|W1|1.4|0.53|0.09|0.53|1.10;0001-01-01T00:00:05.004+01:00|W2|0.9|-0.40|0.31|-0.40|0.30;0001-01-01T00:00:05.004+01:00|W3|0.6|-0.12|0.01|-0.12|0.61;0001-01-01T00:00:05.004+01:00|W4|0.7|0.51|0.09|0.51|0.52;0001-01-01T00:00:05.004+01:00|W5|0.7|0.33|0.06|0.33|0.60;0001-01-01T00:00:05.004+01:00|W6|1.3|0.07|0.25|0.07|1.26;0001-01-01T00:00:05.004+01:00|W7|1.7|0.13|0.06|0.13|1.73;0001-01-01T00:00:05.004+01:00|W8|1.5|-1.06|0.49|-1.06|0.78;0001-01-01T00:00:05.004+01:00|W9|0.4|-0.10|0.14|-0.10|0.26;0001-01-01T00:00:05.004+01:00|W10|0.8|-0.52|0.01|-0.52|0.56;0001-01-01T00:00:05.004+01:00|W11|0.3|-0.02|0.15|-0.02|0.13;0001-01-01T00:00:05.004+01:00|W12|0.5|-0.28|0.01|-0.28|0.42"
19.00;4.32;0001-01-01T00:00:05.0880000+01:00;19.78;0.08;-3.51;34.2;7.939;3.493;35.465;-18.469;20.708;-13.697;97.169;-26.511;100.722;"0001-01-01T00:00:05.004+01:00|W1|1.4|0.53|0.09|0.53|1.10;0001-01-01T00:00:05.004+01:00|W2|0.9|-0.40|0.31|-0.40|0.30;0001-01-01T00:00:05.004+01:00|W3|0.6|-0.12|0.01|-0.12|0.61;0001-01-01T00:00:05.004+01:00|W4|0.7|0.51|0.09|0.51|0.52;0001-01-01T00:00:05.004+01:00|W5|0.7|0.33|0.06|0.33|0.60;0001-01-01T00:00:05.004+01:00|W6|1.3|0.07|0.25|0.07|1.26;0001-01-01T00:00:05.004+01:00|W7|1.7|0.13|0.06|0.13|1.73;0001-01-01T00:00:05.004+01:00|W8|1.5|-1.06|0.49|-1.06|0.78;0001-01-01T00:00:05.004+01:00|W9|0.4|-0.10|0.14|-0.10|0.26;0001-01-01T00:00:05.004+01:00|W10|0.8|-0.52|0.01|-0.52|0.56;0001-01-01T00:00:05.004+01:00|W11|0.3|-0.02|0.15|-0.02|0.13;0001-01-01T00:00:05.004+01:00|W12|0.5|-0.28|0.01|-0.28|0.42"
20.00;4.41;0001-01-01T00:00:05.1250000+01:00;20.77;0.08;-3.79;32.2;7.878;3.162;36.275;-18.110;19.027;-13.305;97.079;-27.377;100.867;"0001-01-01T00:00:05.004+01:00|W1|1.4|0.53|0.09|0.53|1.10;0001-01-01T00:00:05.004+01:00|W2|0.9|-0.40|0.31|-0.40|0.30;0001-01-01T00:00:05.004+01:00|W3|0.6|-0.12|0.01|-0.12|0.61;0001-01-01T00:00:05.004+01:00|W4|0.7|0.51|0.09|0.51|0.52;0001-01-01T00:00:05.004+01:00|W5|0.7|0.33|0.06|0.33|0.60;0001-01-01T00:00:05.004+01:00|W6|1.3|0.07|0.25|0.07|1.26;0001-01-01T00:00:05.004+01:00|W7|1.7|0.13|0.06|0.13|1.73;0001-01-01T00:00:05.004+01:00|W8|1.5|-1.06|0.49|-1.06|0.78;0001-01-01T00:00:05.004+01:00|W9|0.4|-0.10|0.14|-0.10|0.26;0001-01-01T00:00:05.004+01:00|W10|0.8|-0.52|0.01|-0.52|0.56;0001-01-01T00:00:05.004+01:00|W11|0.3|-0.02|0.15|-0.02|0.13;0001-01-01T00:00:05.004+01:00|W12|0.5|-0.28|0.01|-0.28|0.42"
21.00;4.50;0001-01-01T00:00:05.1620000+01:00;21.77;0.09;-4.07;30.6;8.122;3.255;36.901;-19.295;17.396;-13.344;96.961;-28.355;101.023;"0001-01-01T00:00:05.249+01:00|W1|1.3|0.45|0.14|0.45|1.08;0001-01-01T00:00:05.249+01:00|W2|0.8|-0.24|0.23|-0.24|0.37;0001-01-01T00:00:05.249+01:00|W3|0.6|-0.12|0.01|-0.12|0.62;0001-01-01T00:00:05.249+01:00|W4|0.8|0.51|0.14|0.51|0.58;0001-01-01T00:00:05.249+01:00|W5|0.7|0.29|0.10|0.29|0.58;0001-01-01T00:00:05.249+01:00|W6|1.4|0.08|0.28|0.08|1.32;0001-01-01T00:00:05.249+01:00|W7|1.8|0.05|0.05|0.05|1.75;0001-01-01T00:00:05.249+01:00|W8|1.5|-1.11|0.46|-1.11|0.75;0001-01-01T00:00:05.249+01:00|W9|0.3|-0.12|0.13|-0.12|0.28;0001-01-01T00:00:05.249+01:00|W10|0.7|-0.47|0.02|-0.47|0.56;0001-01-01T00:00:05.249+01:00|W11|0.4|-0.06|0.12|-0.06|0.17;0001-01-01T00:00:05.249+01:00|W12|0.4|-0.25|0.09|-0.25|0.29"
22.00;4.59;0001-01-01T00:00:05.1990000+01:00;22.76;0.10;-4.36;29.4;8.237;3.245;37.195;-20.068;16.126;-13.410;96.828;-29.233;101.145;"0001-01-01T00:00:05.249+01:00|W1|1.3|0.45|0.14|0.45|1.08;0001-01-01T00:00:05.249+01:00|W2|0.8|-0.24|0.23|-0.24|0.37;0001-01-01T00:00:05.249+01:00|W3|0.6|-0.12|0.01|-0.12|0.62;0001-01-01T00:00:05.249+01:00|W4|0.8|0.51|0.14|0.51|0.58;0001-01-01T00:00:05.249+01:00|W5|0.7|0.29|0.10|0.29|0.58;0001-01-01T00:00:05.249+01:00|W6|1.4|0.08|0.28|0.08|1.32;0001-01-01T00:00:05.249+01:00|W7|1.8|0.05|0.05|0.05|1.75;0001-01-01T00:00:05.249+01:00|W8|1.5|-1.11|0.46|-1.11|0.75;0001-01-01T00:00:05.249+01:00|W9|0.3|-0.12|0.13|-0.12|0.28;0001-01-01T00:00:05.249+01:00|W10|0.7|-0.47|0.02|-0.47|0.56;0001-01-01T00:00:05.249+01:00|W11|0.4|-0.06|0.12|-0.06|0.17;0001-01-01T00:00:05.249+01:00|W12|0.4|-0.25|0.09|-0.25|0.29"
23.00;4.67;0001-01-01T00:00:05.2360000+01:00;23.74;0.11;-4.66;28.5;8.192;3.081;37.354;-20.252;15.248;-13.443;96.677;-29.980;101.220;"0001-01-01T00:00:05.249+01:00|W1|1.3|0.45|0.14|0.45|1.08;0001-01-01T00:00:05.249+01:00|W2|0.8|-0.24|0.23|-0.24|0.37;0001-01-01T00:00:05.249+01:00|W3|0.6|-0.12|0.01|-0.12|0.62;0001-01-01T00:00:05.249+01:00|W4|0.8|0.51|0.14|0.51|0.58;0001-01-01T00:00:05.249+01:00|W5|0.7|0.29|0.10|0.29|0.58;0001-01-01T00:00:05.249+01:00|W6|1.4|0.08|0.28|0.08|1.32;0001-01-01T00:00:05.249+01:00|W7|1.8|0.05|0.05|0.05|1.75;0001-01-01T00:00:05.249+01:00|W8|1.5|-1.11|0.46|-1.11|0.75;0001-01-01T00:00:05.249+01:00|W9|0.3|-0.12|0.13|-0.12|0.28;0001-01-01T00:00:05.249+01:00|W10|0.7|-0.47|0.02|-0.47|0.56;0001-01-01T00:00:05.249+01:00|W11|0.4|-0.06|0.12|-0.06|0.17;0001-01-01T00:00:05.249+01:00|W12|0.4|-0.25|0.09|-0.25|0.29"
24.00;4.76;0001-01-01T00:00:05.2720000+01:00;24.72;0.12;-4.97;28.0;8.149;2.918;38.347;-20.436;14.713;-13.476;96.480;-30.617;101.224;"0001-01-01T00:00:05.249+01:00|W1|1.3|0.45|0.14|0.45|1.08;0001-01-01T00:00:05.249+01:00|W2|0.8|-0.24|0.23|-0.24|0.37;0001-01-01T00:00:05.249+01:00|W3|0.6|-0.12|0.01|-0.12|0.62;0001-01-01T00:00:05.249+01:00|W4|0.8|0.51|0.14|0.51|0.58;0001-01-01T00:00:05.249+01:00|W5|0.7|0.29|0.10|0.29|0.58;0001-01-01T00:00:05.249+01:00|W6|1.4|0.08|0.28|0.08|1.32;0001-01-01T00:00:05.249+01:00|W7|1.8|0.05|0.05|0.05|1.75;0001-01-01T00:00:05.249+01:00|W8|1.5|-1.11|0.46|-1.11|0.75;0001-01-01T00:00:05.249+01:00|W9|0.3|-0.12|0.13|-0.12|0.28;0001-01-01T00:00:05.249+01:00|W10|0.7|-0.47|0.02|-0.47|0.56;0001-01-01T00:00:05.249+01:00|W11|0.4|-0.06|0.12|-0.06|0.17;0001-01-01T00:00:05.249+01:00|W12|0.4|-0.25|0.09|-0.25|0.29"
25.00;4.83;0001-01-01T00:00:05.3090000+01:00;25.70;0.12;-5.28;28.1;7.814;2.755;39.505;-20.618;14.828;-13.509;96.450;-31.682;101.523;"0001-01-01T00:00:05.249+01:00|W1|1.3|0.45|0.14|0.45|1.08;0001-01-01T00:00:05.249+01:00|W2|0.8|-0.24|0.23|-0.24|0.37;0001-01-01T00:00:05.249+01:00|W3|0.6|-0.12|0.01|-0.12|0.62;0001-01-01T00:00:05.249+01:00|W4|0.8|0.51|0.14|0.51|0.58;0001-01-01T00:00:05.249+01:00|W5|0.7|0.29|0.10|0.29|0.58;0001-01-01T00:00:05.249+01:00|W6|1.4|0.08|0.28|0.08|1.32;0001-01-01T00:00:05.249+01:00|W7|1.8|0.05|0.05|0.05|1.75;0001-01-01T00:00:05.249+01:00|W8|1.5|-1.11|0.46|-1.11|0.75;0001-01-01T00:00:05.249+01:00|W9|0.3|-0.12|0.13|-0.12|0.28;0001-01-01T00:00:05.249+01:00|W10|0.7|-0.47|0.02|-0.47|0.56;0001-01-01T00:00:05.249+01:00|W11|0.4|-0.06|0.12|-0.06|0.17;0001-01-01T00:00:05.249+01:00|W12|0.4|-0.25|0.09|-0.25|0.29"
26.00;4.91;0001-01-01T00:00:05.3450000+01:00;26.67;0.13;-5.60;28.4;7.424;2.593;40.021;-20.800;15.163;-13.542;96.444;-32.677;101.831;"0001-01-01T00:00:05.249+01:00|W1|1.3|0.45|0.14|0.45|1.08;0001-01-01T00:00:05.249+01:00|W2|0.8|-0.24|0.23|-0.24|0.37;0001-01-01T00:00:05.249+01:00|W3|0.6|-0.12|0.01|-0.12|0.62;0001-01-01T00:00:05.249+01:00|W4|0.8|0.51|0.14|0.51|0.58;0001-01-01T00:00:05.249+01:00|W5|0.7|0.29|0.10|0.29|0.58;0001-01-01T00:00:05.249+01:00|W6|1.4|0.08|0.28|0.08|1.32;0001-01-01T00:00:05.249+01:00|W7|1.8|0.05|0.05|0.05|1.75;0001-01-01T00:00:05.249+01:00|W8|1.5|-1.11|0.46|-1.11|0.75;0001-01-01T00:00:05.249+01:00|W9|0.3|-0.12|0.13|-0.12|0.28;0001-01-01T00:00:05.249+01:00|W10|0.7|-0.47|0.02|-0.47|0.56;0001-01-01T00:00:05.249+01:00|W11|0.4|-0.06|0.12|-0.06|0.17;0001-01-01T00:00:05.249+01:00|W12|0.4|-0.25|0.09|-0.25|0.29"
27.00;4.97;0001-01-01T00:00:05.3810000+01:00;27.64;0.14;-5.94;28.8;7.064;2.432;39.585;-20.981;15.565;-13.575;96.406;-33.413;102.033;"0001-01-01T00:00:05.500+01:00|W1|1.2|0.31|0.20|0.31|1.09;0001-01-01T00:00:05.500+01:00|W2|0.8|-0.13|0.18|-0.13|0.46;0001-01-01T00:00:05.500+01:00|W3|0.7|-0.12|0.00|-0.12|0.62;0001-01-01T00:00:05.500+01:00|W4|0.8|0.52|0.15|0.52|0.59;0001-01-01T00:00:05.500+01:00|W5|0.7|0.29|0.03|0.29|0.65;0001-01-01T00:00:05.500+01:00|W6|1.4|0.10|0.28|0.10|1.35;0001-01-01T00:00:05.500+01:00|W7|1.8|-0.01|0.10|-0.01|1.83;0001-01-01T00:00:05.500+01:00|W8|1.4|-1.02|0.22|-1.02|0.79;0001-01-01T00:00:05.500+01:00|W9|0.3|-0.16|0.13|-0.16|0.26;0001-01-01T00:00:05.500+01:00|W10|0.7|-0.39|0.05|-0.39|0.58;0001-01-01T00:00:05.500+01:00|W11|0.4|-0.10|0.08|-0.10|0.23;0001-01-01T00:00:05.500+01:00|W12|0.4|-0.22|0.10|-0.22|0.29"
28.00;5.04;0001-01-01T00:00:05.4170000+01:00;28.61;0.15;-6.27;29.3;6.657;2.271;40.267;-21.163;15.974;-13.607;96.342;-34.407;102.302;"0001-01-01T00:00:05.500+01:00|W1|1.2|0.31|0.20|0.31|1.09;0001-01-01T00:00:05.500+01:00|W2|0.8|-0.13|0.18|-0.13|0.46;0001-01-01T00:00:05.500+01:00|W3|0.7|-0.12|0.00|-0.12|0.62;0001-01-01T00:00:05.500+01:00|W4|0.8|0.52|0.15|0.52|0.59;0001-01-01T00:00:05.500+01:00|W5|0.7|0.29|0.03|0.29|0.65;0001-01-01T00:00:05.500+01:00|W6|1.4|0.10|0.28|0.10|1.35;0001-01-01T00:00:05.500+01:00|W7|1.8|-0.01|0.10|-0.01|1.83;0001-01-01T00:00:05.500+01:00|W8|1.4|-1.02|0.22|-1.02|0.79;0001-01-01T00:00:05.500+01:00|W9|0.3|-0.16|0.13|-0.16|0.26;0001-01-01T00:00:05.500+01:00|W10|0.7|-0.39|0.05|-0.39|0.58;0001-01-01T00:00:05.500+01:00|W11|0.4|-0.10|0.08|-0.10|0.23;0001-01-01T00:00:05.500+01:00|W12|0.4|-0.22|0.10|-0.22|0.29"
29.00;5.11;0001-01-01T00:00:05.4530000+01:00;29.57;0.15;-6.61;29.5;6.289;2.111;40.127;-21.343;16.201;-13.640;96.296;-35.292;102.559;"0001-01-01T00:00:05.500+01:00|W1|1.2|0.31|0.20|0.31|1.09;0001-01-01T00:00:05.500+01:00|W2|0.8|-0.13|0.18|-0.13|0.46;0001-01-01T00:00:05.500+01:00|W3|0.7|-0.12|0.00|-0.12|0.62;0001-01-01T00:00:05.500+01:00|W4|0.8|0.52|0.15|0.52|0.59;0001-01-01T00:00:05.500+01:00|W5|0.7|0.29|0.03|0.29|0.65;0001-01-01T00:00:05.500+01:00|W6|1.4|0.10|0.28|0.10|1.35;0001-01-01T00:00:05.500+01:00|W7|1.8|-0.01|0.10|-0.01|1.83;0001-01-01T00:00:05.500+01:00|W8|1.4|-1.02|0.22|-1.02|0.79;0001-01-01T00:00:05.500+01:00|W9|0.3|-0.16|0.13|-0.16|0.26;0001-01-01T00:00:05.500+01:00|W10|0.7|-0.39|0.05|-0.39|0.58;0001-01-01T00:00:05.500+01:00|W11|0.4|-0.10|0.08|-0.10|0.23;0001-01-01T00:00:05.500+01:00|W12|0.4|-0.22|0.10|-0.22|0.29"
30.00;5.17;0001-01-01T00:00:05.4890000+01:00;30.53;0.15;-6.96;29.6;5.933;1.951;39.593;-21.522;16.267;-13.672;96.253;-36.154;102.820;"0001-01-01T00:00:05.500+01:00|W1|1.2|0.31|0.20|0.31|1.09;0001-01-01T00:00:05.500+01:00|W2|0.8|-0.13|0.18|-0.13|0.46;0001-01-01T00:00:05.500+01:00|W3|0.7|-0.12|0.00|-0.12|0.62;0001-01-01T00:00:05.500+01:00|W4|0.8|0.52|0.15|0.52|0.59;0001-01-01T00:00:05.500+01:00|W5|0.7|0.29|0.03|0.29|0.65;0001-01-01T00:00:05.500+01:00|W6|1.4|0.10|0.28|0.10|1.35;0001-01-01T00:00:05.500+01:00|W7|1.8|-0.01|0.10|-0.01|1.83;0001-01-01T00:00:05.500+01:00|W8|1.4|-1.02|0.22|-1.02|0.79;0001-01-01T00:00:05.500+01:00|W9|0.3|-0.16|0.13|-0.16|0.26;0001-01-01T00:00:05.500+01:00|W10|0.7|-0.39|0.05|-0.39|0.58;0001-01-01T00:00:05.500+01:00|W11|0.4|-0.10|0.08|-0.10|0.23;0001-01-01T00:00:05.500+01:00|W12|0.4|-0.22|0.10|-0.22|0.29"
31.00;5.21;0001-01-01T00:00:05.5240000+01:00;31.47;0.15;-7.32;29.4;5.552;1.792;39.243;-21.701;16.145;-13.704;96.190;-37.134;103.110;"0001-01-01T00:00:05.500+01:00|W1|1.2|0.31|0.20|0.31|1.09;0001-01-01T00:00:05.500+01:00|W2|0.8|-0.13|0.18|-0.13|0.46;0001-01-01T00:00:05.500+01:00|W3|0.7|-0.12|0.00|-0.12|0.62;0001-01-01T00:00:05.500+01:00|W4|0.8|0.52|0.15|0.52|0.59;0001-01-01T00:00:05.500+01:00|W5|0.7|0.29|0.03|0.29|0.65;0001-01-01T00:00:05.500+01:00|W6|1.4|0.10|0.28|0.10|1.35;0001-01-01T00:00:05.500+01:00|W7|1.8|-0.01|0.10|-0.01|1.83;0001-01-01T00:00:05.500+01:00|W8|1.4|-1.02|0.22|-1.02|0.79;0001-01-01T00:00:05.500+01:00|W9|0.3|-0.16|0.13|-0.16|0.26;0001-01-01T00:00:05.500+01:00|W10|0.7|-0.39|0.05|-0.39|0.58;0001-01-01T00:00:05.500+01:00|W11|0.4|-0.10|0.08|-0.10|0.23;0001-01-01T00:00:05.500+01:00|W12|0.4|-0.22|0.10|-0.22|0.29"
32.00;5.25;0001-01-01T00:00:05.5600000+01:00;32.42;0.14;-7.69;29.3;5.068;1.634;38.647;-21.878;15.970;-13.736;96.235;-37.975;103.458;"0001-01-01T00:00:05.500+01:00|W1|1.2|0.31|0.20|0.31|1.09;0001-01-01T00:00:05.500+01:00|W2|0.8|-0.13|0.18|-0.13|0.46;0001-01-01T00:00:05.500+01:00|W3|0.7|-0.12|0.00|-0.12|0.62;0001-01-01T00:00:05.500+01:00|W4|0.8|0.52|0.15|0.52|0.59;0001-01-01T00:00:05.500+01:00|W5|0.7|0.29|0.03|0.29|0.65;0001-01-01T00:00:05.500+01:00|W6|1.4|0.10|0.28|0.10|1.35;0001-01-01T00:00:05.500+01:00|W7|1.8|-0.01|0.10|-0.01|1.83;0001-01-01T00:00:05.500+01:00|W8|1.4|-1.02|0.22|-1.02|0.79;0001-01-01T00:00:05.500+01:00|W9|0.3|-0.16|0.13|-0.16|0.26;0001-01-01T00:00:05.500+01:00|W10|0.7|-0.39|0.05|-0.39|0.58;0001-01-01T00:00:05.500+01:00|W11|0.4|-0.10|0.08|-0.10|0.23;0001-01-01T00:00:05.500+01:00|W12|0.4|-0.22|0.10|-0.22|0.29"
33.00;5.29;0001-01-01T00:00:05.5950000+01:00;33.36;0.14;-8.06;29.1;4.542;1.477;37.735;-22.055;15.792;-13.768;96.300;-38.724;103.796;"0001-01-01T00:00:05.500+01:00|W1|1.2|0.31|0.20|0.31|1.09;0001-01-01T00:00:05.500+01:00|W2|0.8|-0.13|0.18|-0.13|0.46;0001-01-01T00:00:05.500+01:00|W3|0.7|-0.12|0.00|-0.12|0.62;0001-01-01T00:00:05.500+01:00|W4|0.8|0.52|0.15|0.52|0.59;0001-01-01T00:00:05.500+01:00|W5|0.7|0.29|0.03|0.29|0.65;0001-01-01T00:00:05.500+01:00|W6|1.4|0.10|0.28|0.10|1.35;0001-01-01T00:00:05.500+01:00|W7|1.8|-0.01|0.10|-0.01|1.83;0001-01-01T00:00:05.500+01:00|W8|1.4|-1.02|0.22|-1.02|0.79;0001-01-01T00:00:05.500+01:00|W9|0.3|-0.16|0.13|-0.16|0.26;0001-01-01T00:00:05.500+01:00|W10|0.7|-0.39|0.05|-0.39|0.58;0001-01-01T00:00:05.500+01:00|W11|0.4|-0.10|0.08|-0.10|0.23;0001-01-01T00:00:05.500+01:00|W12|0.4|-0.22|0.10|-0.22|0.29"
34.00;5.32;0001-01-01T00:00:05.6300000+01:00;34.30;0.15;-8.44;29.0;3.983;1.321;36.457;-22.231;15.624;-13.800;96.365;-39.383;104.102;"0001-01-01T00:00:05.750+01:00|W1|1.1|0.11|0.29|0.11|1.05;0001-01-01T00:00:05.750+01:00|W2|0.7|-0.08|0.09|-0.08|0.46;0001-01-01T00:00:05.750+01:00|W3|0.7|-0.13|0.01|-0.13|0.62;0001-01-01T00:00:05.750+01:00|W4|0.8|0.53|0.14|0.53|0.59;0001-01-01T00:00:05.750+01:00|W5|0.8|0.32|0.06|0.32|0.73;0001-01-01T00:00:05.750+01:00|W6|1.4|0.13|0.23|0.13|1.37;0001-01-01T00:00:05.750+01:00|W7|1.9|-0.13|0.16|-0.13|1.93;0001-01-01T00:00:05.750+01:00|W8|1.3|-0.98|0.13|-0.98|0.80;0001-01-01T00:00:05.750+01:00|W9|0.3|-0.20|0.12|-0.20|0.24;0001-01-01T00:00:05.750+01:00|W10|0.7|-0.28|0.08|-0.28|0.60;0001-01-01T00:00:05.750+01:00|W11|0.4|-0.20|0.02|-0.20|0.35;0001-01-01T00:00:05.750+01:00|W12|0.4|-0.18|0.11|-0.18|0.29"
35.00;5.35;0001-01-01T00:00:05.6650000+01:00;35.24;0.14;-8.83;28.8;3.391;1.166;36.156;-22.405;15.498;-13.831;96.529;-40.036;104.502;"0001-01-01T00:00:05.750+01:00|W1|1.1|0.11|0.29|0.11|1.05;0001-01-01T00:00:05.750+01:00|W2|0.7|-0.08|0.09|-0.08|0.46;0001-01-01T00:00:05.750+01:00|W3|0.7|-0.13|0.01|-0.13|0.62;0001-01-01T00:00:05.750+01:00|W4|0.8|0.53|0.14|0.53|0.59;0001-01-01T00:00:05.750+01:00|W5|0.8|0.32|0.06|0.32|0.73;0001-01-01T00:00:05.750+01:00|W6|1.4|0.13|0.23|0.13|1.37;0001-01-01T00:00:05.750+01:00|W7|1.9|-0.13|0.16|-0.13|1.93;0001-01-01T00:00:05.750+01:00|W8|1.3|-0.98|0.13|-0.98|0.80;0001-01-01T00:00:05.750+01:00|W9|0.3|-0.20|0.12|-0.20|0.24;0001-01-01T00:00:05.750+01:00|W10|0.7|-0.28|0.08|-0.28|0.60;0001-01-01T00:00:05.750+01:00|W11|0.4|-0.20|0.02|-0.20|0.35;0001-01-01T00:00:05.750+01:00|W12|0.4|-0.18|0.11|-0.18|0.29"
36.00;5.37;0001-01-01T00:00:05.6990000+01:00;36.17;0.14;-9.22;28.7;2.822;1.011;35.668;-22.579;15.331;-13.863;96.609;-40.759;104.856;"0001-01-01T00:00:05.750+01:00|W1|1.1|0.11|0.29|0.11|1.05;0001-01-01T00:00:05.750+01:00|W2|0.7|-0.08|0.09|-0.08|0.46;0001-01-01T00:00:05.750+01:00|W3|0.7|-0.13|0.01|-0.13|0.62;0001-01-01T00:00:05.750+01:00|W4|0.8|0.53|0.14|0.53|0.59;0001-01-01T00:00:05.750+01:00|W5|0.8|0.32|0.06|0.32|0.73;0001-01-01T00:00:05.750+01:00|W6|1.4|0.13|0.23|0.13|1.37;0001-01-01T00:00:05.750+01:00|W7|1.9|-0.13|0.16|-0.13|1.93;0001-01-01T00:00:05.750+01:00|W8|1.3|-0.98|0.13|-0.98|0.80;0001-01-01T00:00:05.750+01:00|W9|0.3|-0.20|0.12|-0.20|0.24;0001-01-01T00:00:05.750+01:00|W10|0.7|-0.28|0.08|-0.28|0.60;0001-01-01T00:00:05.750+01:00|W11|0.4|-0.20|0.02|-0.20|0.35;0001-01-01T00:00:05.750+01:00|W12|0.4|-0.18|0.11|-0.18|0.29"
37.00;5.38;0001-01-01T00:00:05.7340000+01:00;37.09;0.15;-9.61;28.5;2.308;0.856;35.136;-22.753;15.152;-13.894;96.624;-41.517;105.166;"0001-01-01T00:00:05.750+01:00|W1|1.1|0.11|0.29|0.11|1.05;0001-01-01T00:00:05.750+01:00|W2|0.7|-0.08|0.09|-0.08|0.46;0001-01-01T00:00:05.750+01:00|W3|0.7|-0.13|0.01|-0.13|0.62;0001-01-01T00:00:05.750+01:00|W4|0.8|0.53|0.14|0.53|0.59;0001-01-01T00:00:05.750+01:00|W5|0.8|0.32|0.06|0.32|0.73;0001-01-01T00:00:05.750+01:00|W6|1.4|0.13|0.23|0.13|1.37;0001-01-01T00:00:05.750+01:00|W7|1.9|-0.13|0.16|-0.13|1.93;0001-01-01T00:00:05.750+01:00|W8|1.3|-0.98|0.13|-0.98|0.80;0001-01-01T00:00:05.750+01:00|W9|0.3|-0.20|0.12|-0.20|0.24;0001-01-01T00:00:05.750+01:00|W10|0.7|-0.28|0.08|-0.28|0.60;0001-01-01T00:00:05.750+01:00|W11|0.4|-0.20|0.02|-0.20|0.35;0001-01-01T00:00:05.750+01:00|W12|0.4|-0.18|0.11|-0.18|0.29"
38.00;5.34;0001-01-01T00:00:05.7680000+01:00;37.99;0.14;-10.05;28.5;2.071;0.706;35.367;-22.922;15.131;-13.925;96.639;-42.122;105.421;"0001-01-01T00:00:05.750+01:00|W1|1.1|0.11|0.29|0.11|1.05;0001-01-01T00:00:05.750+01:00|W2|0.7|-0.08|0.09|-0.08|0.46;0001-01-01T00:00:05.750+01:00|W3|0.7|-0.13|0.01|-0.13|0.62;0001-01-01T00:00:05.750+01:00|W4|0.8|0.53|0.14|0.53|0.59;0001-01-01T00:00:05.750+01:00|W5|0.8|0.32|0.06|0.32|0.73;0001-01-01T00:00:05.750+01:00|W6|1.4|0.13|0.23|0.13|1.37;0001-01-01T00:00:05.750+01:00|W7|1.9|-0.13|0.16|-0.13|1.93;0001-01-01T00:00:05.750+01:00|W8|1.3|-0.98|0.13|-0.98|0.80;0001-01-01T00:00:05.750+01:00|W9|0.3|-0.20|0.12|-0.20|0.24;0001-01-01T00:00:05.750+01:00|W10|0.7|-0.28|0.08|-0.28|0.60;0001-01-01T00:00:05.750+01:00|W11|0.4|-0.20|0.02|-0.20|0.35;0001-01-01T00:00:05.750+01:00|W12|0.4|-0.18|0.11|-0.18|0.29"
39.00;5.30;0001-01-01T00:00:05.8010000+01:00;38.90;0.14;-10.49;28.5;1.833;0.556;35.597;-23.091;15.110;-13.955;96.655;-42.726;105.678;"0001-01-01T00:00:05.750+01:00|W1|1.1|0.11|0.29|0.11|1.05;0001-01-01T00:00:05.750+01:00|W2|0.7|-0.08|0.09|-0.08|0.46;0001-01-01T00:00:05.750+01:00|W3|0.7|-0.13|0.01|-0.13|0.62;0001-01-01T00:00:05.750+01:00|W4|0.8|0.53|0.14|0.53|0.59;0001-01-01T00:00:05.750+01:00|W5|0.8|0.32|0.06|0.32|0.73;0001-01-01T00:00:05.750+01:00|W6|1.4|0.13|0.23|0.13|1.37;0001-01-01T00:00:05.750+01:00|W7|1.9|-0.13|0.16|-0.13|1.93;0001-01-01T00:00:05.750+01:00|W8|1.3|-0.98|0.13|-0.98|0.80;0001-01-01T00:00:05.750+01:00|W9|0.3|-0.20|0.12|-0.20|0.24;0001-01-01T00:00:05.750+01:00|W10|0.7|-0.28|0.08|-0.28|0.60;0001-01-01T00:00:05.750+01:00|W11|0.4|-0.20|0.02|-0.20|0.35;0001-01-01T00:00:05.750+01:00|W12|0.4|-0.18|0.11|-0.18|0.29"
40.00;5.26;0001-01-01T00:00:05.8350000+01:00;39.80;0.14;-10.93;28.5;1.596;0.406;35.827;-23.259;15.090;-13.985;96.670;-43.329;105.937;"0001-01-01T00:00:05.750+01:00|W1|1.1|0.11|0.29|0.11|1.05;0001-01-01T00:00:05.750+01:00|W2|0.7|-0.08|0.09|-0.08|0.46;0001-01-01T00:00:05.750+01:00|W3|0.7|-0.13|0.01|-0.13|0.62;0001-01-01T00:00:05.750+01:00|W4|0.8|0.53|0.14|0.53|0.59;0001-01-01T00:00:05.750+01:00|W5|0.8|0.32|0.06|0.32|0.73;0001-01-01T00:00:05.750+01:00|W6|1.4|0.13|0.23|0.13|1.37;0001-01-01T00:00:05.750+01:00|W7|1.9|-0.13|0.16|-0.13|1.93;0001-01-01T00:00:05.750+01:00|W8|1.3|-0.98|0.13|-0.98|0.80;0001-01-01T00:00:05.750+01:00|W9|0.3|-0.20|0.12|-0.20|0.24;0001-01-01T00:00:05.750+01:00|W10|0.7|-0.28|0.08|-0.28|0.60;0001-01-01T00:00:05.750+01:00|W11|0.4|-0.20|0.02|-0.20|0.35;0001-01-01T00:00:05.750+01:00|W12|0.4|-0.18|0.11|-0.18|0.29"
41.00;5.22;0001-01-01T00:00:05.8680000+01:00;40.70;0.13;-11.37;28.4;1.359;0.257;36.057;-23.427;15.069;-14.016;96.686;-43.932;106.199;"0001-01-01T00:00:05.750+01:00|W1|1.1|0.11|0.29|0.11|1.05;0001-01-01T00:00:05.750+01:00|W2|0.7|-0.08|0.09|-0.08|0.46;0001-01-01T00:00:05.750+01:00|W3|0.7|-0.13|0.01|-0.13|0.62;0001-01-01T00:00:05.750+01:00|W4|0.8|0.53|0.14|0.53|0.59;0001-01-01T00:00:05.750+01:00|W5|0.8|0.32|0.06|0.32|0.73;0001-01-01T00:00:05.750+01:00|W6|1.4|0.13|0.23|0.13|1.37;0001-01-01T00:00:05.750+01:00|W7|1.9|-0.13|0.16|-0.13|1.93;0001-01-01T00:00:05.750+01:00|W8|1.3|-0.98|0.13|-0.98|0.80;0001-01-01T00:00:05.750+01:00|W9|0.3|-0.20|0.12|-0.20|0.24;0001-01-01T00:00:05.750+01:00|W10|0.7|-0.28|0.08|-0.28|0.60;0001-01-01T00:00:05.750+01:00|W11|0.4|-0.20|0.02|-0.20|0.35;0001-01-01T00:00:05.750+01:00|W12|0.4|-0.18|0.11|-0.18|0.29"
42.00;5.17;0001-01-01T00:00:05.9020000+01:00;41.60;0.13;-11.81;28.4;1.123;0.107;36.286;-23.595;15.048;-14.046;96.701;-44.533;106.464;"0001-01-01T00:00:06.003+01:00|W1|1.1|-0.01|0.30|-0.01|1.02;0001-01-01T00:00:06.003+01:00|W2|0.6|-0.04|0.02|-0.04|0.44;0001-01-01T00:00:06.003+01:00|W3|0.7|-0.16|0.02|-0.16|0.62;0001-01-01T00:00:06.003+01:00|W4|0.8|0.52|0.13|0.52|0.59;0001-01-01T00:00:06.003+01:00|W5|0.8|0.24|0.05|0.24|0.75;0001-01-01T00:00:06.003+01:00|W6|1.4|0.13|0.23|0.13|1.37;0001-01-01T00:00:06.003+01:00|W7|1.9|-0.13|0.16|-0.13|1.93;0001-01-01T00:00:06.003+01:00|W8|1.3|-1.00|0.11|-1.00|0.81;0001-01-01T00:00:06.003+01:00|W9|0.3|-0.21|0.12|-0.21|0.22;0001-01-01T00:00:06.003+01:00|W10|0.7|-0.28|0.08|-0.28|0.60;0001-01-01T00:00:06.003+01:00|W11|0.4|-0.20|0.02|-0.20|0.35;0001-01-01T00:00:06.003+01:00|W12|0.4|-0.16|0.06|-0.16|0.35"
43.00;5.13;0001-01-01T00:00:05.9350000+01:00;42.50;0.13;-12.24;28.4;0.887;-0.042;36.515;-23.763;15.028;-14.076;96.717;-45.133;106.730;"0001-01-01T00:00:06.003+01:00|W1|1.1|-0.01|0.30|-0.01|1.02;0001-01-01T00:00:06.003+01:00|W2|0.6|-0.04|0.02|-0.04|0.44;0001-01-01T00:00:06.003+01:00|W3|0.7|-0.16|0.02|-0.16|0.62;0001-01-01T00:00:06.003+01:00|W4|0.8|0.52|0.13|0.52|0.59;0001-01-01T00:00:06.003+01:00|W5|0.8|0.24|0.05|0.24|0.75;0001-01-01T00:00:06.003+01:00|W6|1.4|0.13|0.23|0.13|1.37;0001-01-01T00:00:06.003+01:00|W7|1.9|-0.13|0.16|-0.13|1.93;0001-01-01T00:00:06.003+01:00|W8|1.3|-1.00|0.11|-1.00|0.81;0001-01-01T00:00:06.003+01:00|W9|0.3|-0.21|0.12|-0.21|0.22;0001-01-01T00:00:06.003+01:00|W10|0.7|-0.28|0.08|-0.28|0.60;0001-01-01T00:00:06.003+01:00|W11|0.4|-0.20|0.02|-0.20|0.35;0001-01-01T00:00:06.003+01:00|W12|0.4|-0.16|0.06|-0.16|0.35"
44.00;5.09;0001-01-01T00:00:05.9690000+01:00;43.39;0.13;-12.68;28.4;0.652;-0.191;36.744;-23.930;15.007;-14.106;96.732;-45.733;106.999;"0001-01-01T00:00:06.003+01:00|W1|1.1|-0.01|0.30|-0.01|1.02;0001-01-01T00:00:06.003+01:00|W2|0.6|-0.04|0.02|-0.04|0.44;0001-01-01T00:00:06.003+01:00|W3|0.7|-0.16|0.02|-0.16|0.62;0001-01-01T00:00:06.003+01:00|W4|0.8|0.52|0.13|0.52|0.59;0001-01-01T00:00:06.003+01:00|W5|0.8|0.24|0.05|0.24|0.75;0001-01-01T00:00:06.003+01:00|W6|1.4|0.13|0.23|0.13|1.37;0001-01-01T00:00:06.003+01:00|W7|1.9|-0.13|0.16|-0.13|1.93;0001-01-01T00:00:06.003+01:00|W8|1.3|-1.00|0.11|-1.00|0.81;0001-01-01T00:00:06.003+01:00|W9|0.3|-0.21|0.12|-0.21|0.22;0001-01-01T00:00:06.003+01:00|W10|0.7|-0.28|0.08|-0.28|0.60;0001-01-01T00:00:06.003+01:00|W11|0.4|-0.20|0.02|-0.20|0.35;0001-01-01T00:00:06.003+01:00|W12|0.4|-0.16|0.06|-0.16|0.35"
45.00;5.04;0001-01-01T00:00:06.0020000+01:00;44.29;0.12;-13.12;28.4;0.416;-0.340;36.972;-24.097;14.987;-14.137;96.747;-46.331;107.271;"0001-01-01T00:00:06.003+01:00|W1|1.1|-0.01|0.30|-0.01|1.02;0001-01-01T00:00:06.003+01:00|W2|0.6|-0.04|0.02|-0.04|0.44;0001-01-01T00:00:06.003+01:00|W3|0.7|-0.16|0.02|-0.16|0.62;0001-01-01T00:00:06.003+01:00|W4|0.8|0.52|0.13|0.52|0.59;0001-01-01T00:00:06.003+01:00|W5|0.8|0.24|0.05|0.24|0.75;0001-01-01T00:00:06.003+01:00|W6|1.4|0.13|0.23|0.13|1.37;0001-01-01T00:00:06.003+01:00|W7|1.9|-0.13|0.16|-0.13|1.93;0001-01-01T00:00:06.003+01:00|W8|1.3|-1.00|0.11|-1.00|0.81;0001-01-01T00:00:06.003+01:00|W9|0.3|-0.21|0.12|-0.21|0.22;0001-01-01T00:00:06.003+01:00|W10|0.7|-0.28|0.08|-0.28|0.60;0001-01-01T00:00:06.003+01:00|W11|0.4|-0.20|0.02|-0.20|0.35;0001-01-01T00:00:06.003+01:00|W12|0.4|-0.16|0.06|-0.16|0.35"
46.00;5.00;0001-01-01T00:00:06.0350000+01:00;45.18;0.12;-13.55;28.3;0.181;-0.488;37.200;-24.264;14.966;-14.167;96.763;-46.930;107.544;"0001-01-01T00:00:06.003+01:00|W1|1.1|-0.01|0.30|-0.01|1.02;0001-01-01T00:00:06.003+01:00|W2|0.6|-0.04|0.02|-0.04|0.44;0001-01-01T00:00:06.003+01:00|W3|0.7|-0.16|0.02|-0.16|0.62;0001-01-01T00:00:06.003+01:00|W4|0.8|0.52|0.13|0.52|0.59;0001-01-01T00:00:06.003+01:00|W5|0.8|0.24|0.05|0.24|0.75;0001-01-01T00:00:06.003+01:00|W6|1.4|0.13|0.23|0.13|1.37;0001-01-01T00:00:06.003+01:00|W7|1.9|-0.13|0.16|-0.13|1.93;0001-01-01T00:00:06.003+01:00|W8|1.3|-1.00|0.11|-1.00|0.81;0001-01-01T00:00:06.003+01:00|W9|0.3|-0.21|0.12|-0.21|0.22;0001-01-01T00:00:06.003+01:00|W10|0.7|-0.28|0.08|-0.28|0.60;0001-01-01T00:00:06.003+01:00|W11|0.4|-0.20|0.02|-0.20|0.35;0001-01-01T00:00:06.003+01:00|W12|0.4|-0.16|0.06|-0.16|0.35"
47.00;4.96;0001-01-01T00:00:06.0690000+01:00;46.08;0.12;-13.99;28.3;-0.055;-0.637;37.429;-24.432;14.945;-14.197;96.778;-47.531;107.822;"0001-01-01T00:00:06.003+01:00|W1|1.1|-0.01|0.30|-0.01|1.02;0001-01-01T00:00:06.003+01:00|W2|0.6|-0.04|0.02|-0.04|0.44;0001-01-01T00:00:06.003+01:00|W3|0.7|-0.16|0.02|-0.16|0.62;0001-01-01T00:00:06.003+01:00|W4|0.8|0.52|0.13|0.52|0.59;0001-01-01T00:00:06.003+01:00|W5|0.8|0.24|0.05|0.24|0.75;0001-01-01T00:00:06.003+01:00|W6|1.4|0.13|0.23|0.13|1.37;0001-01-01T00:00:06.003+01:00|W7|1.9|-0.13|0.16|-0.13|1.93;0001-01-01T00:00:06.003+01:00|W8|1.3|-1.00|0.11|-1.00|0.81;0001-01-01T00:00:06.003+01:00|W9|0.3|-0.21|0.12|-0.21|0.22;0001-01-01T00:00:06.003+01:00|W10|0.7|-0.28|0.08|-0.28|0.60;0001-01-01T00:00:06.003+01:00|W11|0.4|-0.20|0.02|-0.20|0.35;0001-01-01T00:00:06.003+01:00|W12|0.4|-0.16|0.06|-0.16|0.35"
48.00;4.92;0001-01-01T00:00:06.1020000+01:00;46.99;0.11;-14.43;28.3;-0.294;-0.788;37.661;-24.602;14.925;-14.228;96.794;-48.138;108.105;"0001-01-01T00:00:06.003+01:00|W1|1.1|-0.01|0.30|-0.01|1.02;0001-01-01T00:00:06.003+01:00|W2|0.6|-0.04|0.02|-0.04|0.44;0001-01-01T00:00:06.003+01:00|W3|0.7|-0.16|0.02|-0.16|0.62;0001-01-01T00:00:06.003+01:00|W4|0.8|0.52|0.13|0.52|0.59;0001-01-01T00:00:06.003+01:00|W5|0.8|0.24|0.05|0.24|0.75;0001-01-01T00:00:06.003+01:00|W6|1.4|0.13|0.23|0.13|1.37;0001-01-01T00:00:06.003+01:00|W7|1.9|-0.13|0.16|-0.13|1.93;0001-01-01T00:00:06.003+01:00|W8|1.3|-1.00|0.11|-1.00|0.81;0001-01-01T00:00:06.003+01:00|W9|0.3|-0.21|0.12|-0.21|0.22;0001-01-01T00:00:06.003+01:00|W10|0.7|-0.28|0.08|-0.28|0.60;0001-01-01T00:00:06.003+01:00|W11|0.4|-0.20|0.02|-0.20|0.35;0001-01-01T00:00:06.003+01:00|W12|0.4|-0.16|0.06|-0.16|0.35"
49.00;4.89;0001-01-01T00:00:06.1360000+01:00;47.90;0.11;-14.87;28.3;-0.534;-0.940;37.894;-24.772;14.904;-14.258;96.810;-48.749;108.393;"0001-01-01T00:00:06.251+01:00|W1|1.0|-0.06|0.30|-0.06|1.00;0001-01-01T00:00:06.251+01:00|W2|0.6|-0.03|0.02|-0.03|0.45;0001-01-01T00:00:06.251+01:00|W3|0.7|-0.18|0.04|-0.18|0.64;0001-01-01T00:00:06.251+01:00|W4|0.8|0.51|0.11|0.51|0.59;0001-01-01T00:00:06.251+01:00|W5|0.8|0.22|0.04|0.22|0.73;0001-01-01T00:00:06.251+01:00|W6|1.4|0.18|0.17|0.18|1.34;0001-01-01T00:00:06.251+01:00|W7|2.0|-0.27|0.17|-0.27|1.99;0001-01-01T00:00:06.251+01:00|W8|1.4|-1.07|0.16|-1.07|0.84;0001-01-01T00:00:06.251+01:00|W9|0.3|-0.20|0.10|-0.20|0.23;0001-01-01T00:00:06.251+01:00|W10|0.7|-0.28|0.07|-0.28|0.59;0001-01-01T00:00:06.251+01:00|W11|0.4|-0.20|0.01|-0.20|0.38;0001-01-01T00:00:06.251+01:00|W12|0.4|-0.12|0.03|-0.12|0.39"
50.00;4.85;0001-01-01T00:00:06.1700000+01:00;48.81;0.11;-15.32;28.3;-0.774;-1.092;38.126;-24.943;14.883;-14.289;96.825;-49.360;108.683;"0001-01-01T00:00:06.251+01:00|W1|1.0|-0.06|0.30|-0.06|1.00;0001-01-01T00:00:06.251+01:00|W2|0.6|-0.03|0.02|-0.03|0.45;0001-01-01T00:00:06.251+01:00|W3|0.7|-0.18|0.04|-0.18|0.64;0001-01-01T00:00:06.251+01:00|W4|0.8|0.51|0.11|0.51|0.59;0001-01-01T00:00:06.251+01:00|W5|0.8|0.22|0.04|0.22|0.73;0001-01-01T00:00:06.251+01:00|W6|1.4|0.18|0.17|0.18|1.34;0001-01-01T00:00:06.251+01:00|W7|2.0|-0.27|0.17|-0.27|1.99;0001-01-01T00:00:06.251+01:00|W8|1.4|-1.07|0.16|-1.07|0.84;0001-01-01T00:00:06.251+01:00|W9|0.3|-0.20|0.10|-0.20|0.23;0001-01-01T00:00:06.251+01:00|W10|0.7|-0.28|0.07|-0.28|0.59;0001-01-01T00:00:06.251+01:00|W11|0.4|-0.20|0.01|-0.20|0.38;0001-01-01T00:00:06.251+01:00|W12|0.4|-0.12|0.03|-0.12|0.39"
51.00;4.83;0001-01-01T00:00:06.2040000+01:00;49.73;0.10;-15.76;28.2;-1.014;-1.244;38.359;-25.114;14.862;-14.320;96.841;-49.971;108.976;"0001-01-01T00:00:06.251+01:00|W1|1.0|-0.06|0.30|-0.06|1.00;0001-01-01T00:00:06.251+01:00|W2|0.6|-0.03|0.02|-0.03|0.45;0001-01-01T00:00:06.251+01:00|W3|0.7|-0.18|0.04|-0.18|0.64;0001-01-01T00:00:06.251+01:00|W4|0.8|0.51|0.11|0.51|0.59;0001-01-01T00:00:06.251+01:00|W5|0.8|0.22|0.04|0.22|0.73;0001-01-01T00:00:06.251+01:00|W6|1.4|0.18|0.17|0.18|1.34;0001-01-01T00:00:06.251+01:00|W7|2.0|-0.27|0.17|-0.27|1.99;0001-01-01T00:00:06.251+01:00|W8|1.4|-1.07|0.16|-1.07|0.84;0001-01-01T00:00:06.251+01:00|W9|0.3|-0.20|0.10|-0.20|0.23;0001-01-01T00:00:06.251+01:00|W10|0.7|-0.28|0.07|-0.28|0.59;0001-01-01T00:00:06.251+01:00|W11|0.4|-0.20|0.01|-0.20|0.38;0001-01-01T00:00:06.251+01:00|W12|0.4|-0.12|0.03|-0.12|0.39"
52.00;4.80;0001-01-01T00:00:06.2380000+01:00;50.64;0.10;-16.21;28.2;-1.254;-1.395;38.592;-25.284;14.841;-14.351;96.857;-50.582;109.272;"0001-01-01T00:00:06.251+01:00|W1|1.0|-0.06|0.30|-0.06|1.00;0001-01-01T00:00:06.251+01:00|W2|0.6|-0.03|0.02|-0.03|0.45;0001-01-01T00:00:06.251+01:00|W3|0.7|-0.18|0.04|-0.18|0.64;0001-01-01T00:00:06.251+01:00|W4|0.8|0.51|0.11|0.51|0.59;0001-01-01T00:00:06.251+01:00|W5|0.8|0.22|0.04|0.22|0.73;0001-01-01T00:00:06.251+01:00|W6|1.4|0.18|0.17|0.18|1.34;0001-01-01T00:00:06.251+01:00|W7|2.0|-0.27|0.17|-0.27|1.99;0001-01-01T00:00:06.251+01:00|W8|1.4|-1.07|0.16|-1.07|0.84;0001-01-01T00:00:06.251+01:00|W9|0.3|-0.20|0.10|-0.20|0.23;0001-01-01T00:00:06.251+01:00|W10|0.7|-0.28|0.07|-0.28|0.59;0001-01-01T00:00:06.251+01:00|W11|0.4|-0.20|0.01|-0.20|0.38;0001-01-01T00:00:06.251+01:00|W12|0.4|-0.12|0.03|-0.12|0.39"
53.00;4.78;0001-01-01T00:00:06.2720000+01:00;51.55;0.10;-16.65;28.2;-1.494;-1.547;38.825;-25.455;14.820;-14.381;96.873;-51.193;109.570;"0001-01-01T00:00:06.251+01:00|W1|1.0|-0.06|0.30|-0.06|1.00;0001-01-01T00:00:06.251+01:00|W2|0.6|-0.03|0.02|-0.03|0.45;0001-01-01T00:00:06.251+01:00|W3|0.7|-0.18|0.04|-0.18|0.64;0001-01-01T00:00:06.251+01:00|W4|0.8|0.51|0.11|0.51|0.59;0001-01-01T00:00:06.251+01:00|W5|0.8|0.22|0.04|0.22|0.73;0001-01-01T00:00:06.251+01:00|W6|1.4|0.18|0.17|0.18|1.34;0001-01-01T00:00:06.251+01:00|W7|2.0|-0.27|0.17|-0.27|1.99;0001-01-01T00:00:06.251+01:00|W8|1.4|-1.07|0.16|-1.07|0.84;0001-01-01T00:00:06.251+01:00|W9|0.3|-0.20|0.10|-0.20|0.23;0001-01-01T00:00:06.251+01:00|W10|0.7|-0.28|0.07|-0.28|0.59;0001-01-01T00:00:06.251+01:00|W11|0.4|-0.20|0.01|-0.20|0.38;0001-01-01T00:00:06.251+01:00|W12|0.4|-0.12|0.03|-0.12|0.39"
54.00;4.77;0001-01-01T00:00:06.3060000+01:00;52.46;0.10;-17.09;28.2;-1.734;-1.699;39.058;-25.625;14.799;-14.412;96.888;-51.804;109.871;"0001-01-01T00:00:06.251+01:00|W1|1.0|-0.06|0.30|-0.06|1.00;0001-01-01T00:00:06.251+01:00|W2|0.6|-0.03|0.02|-0.03|0.45;0001-01-01T00:00:06.251+01:00|W3|0.7|-0.18|0.04|-0.18|0.64;0001-01-01T00:00:06.251+01:00|W4|0.8|0.51|0.11|0.51|0.59;0001-01-01T00:00:06.251+01:00|W5|0.8|0.22|0.04|0.22|0.73;0001-01-01T00:00:06.251+01:00|W6|1.4|0.18|0.17|0.18|1.34;0001-01-01T00:00:06.251+01:00|W7|2.0|-0.27|0.17|-0.27|1.99;0001-01-01T00:00:06.251+01:00|W8|1.4|-1.07|0.16|-1.07|0.84;0001-01-01T00:00:06.251+01:00|W9|0.3|-0.20|0.10|-0.20|0.23;0001-01-01T00:00:06.251+01:00|W10|0.7|-0.28|0.07|-0.28|0.59;0001-01-01T00:00:06.251+01:00|W11|0.4|-0.20|0.01|-0.20|0.38;0001-01-01T00:00:06.251+01:00|W12|0.4|-0.12|0.03|-0.12|0.39"
55.00;4.76;0001-01-01T00:00:06.3400000+01:00;53.38;0.09;-17.54;28.2;-1.974;-1.851;39.291;-25.796;14.778;-14.443;96.904;-52.415;110.174;"0001-01-01T00:00:06.251+01:00|W1|1.0|-0.06|0.30|-0.06|1.00;0001-01-01T00:00:06.251+01:00|W2|0.6|-0.03|0.02|-0.03|0.45;0001-01-01T00:00:06.251+01:00|W3|0.7|-0.18|0.04|-0.18|0.64;0001-01-01T00:00:06.251+01:00|W4|0.8|0.51|0.11|0.51|0.59;0001-01-01T00:00:06.251+01:00|W5|0.8|0.22|0.04|0.22|0.73;0001-01-01T00:00:06.251+01:00|W6|1.4|0.18|0.17|0.18|1.34;0001-01-01T00:00:06.251+01:00|W7|2.0|-0.27|0.17|-0.27|1.99;0001-01-01T00:00:06.251+01:00|W8|1.4|-1.07|0.16|-1.07|0.84;0001-01-01T00:00:06.251+01:00|W9|0.3|-0.20|0.10|-0.20|0.23;0001-01-01T00:00:06.251+01:00|W10|0.7|-0.28|0.07|-0.28|0.59;0001-01-01T00:00:06.251+01:00|W11|0.4|-0.20|0.01|-0.20|0.38;0001-01-01T00:00:06.251+01:00|W12|0.4|-0.12|0.03|-0.12|0.39"
56.00;4.75;0001-01-01T00:00:06.3740000+01:00;54.29;0.09;-17.98;28.2;-2.214;-2.003;39.524;-25.967;14.757;-14.474;96.920;-53.026;110.481;"0001-01-01T00:00:06.251+01:00|W1|1.0|-0.06|0.30|-0.06|1.00;0001-01-01T00:00:06.251+01:00|W2|0.6|-0.03|0.02|-0.03|0.45;0001-01-01T00:00:06.251+01:00|W3|0.7|-0.18|0.04|-0.18|0.64;0001-01-01T00:00:06.251+01:00|W4|0.8|0.51|0.11|0.51|0.59;0001-01-01T00:00:06.251+01:00|W5|0.8|0.22|0.04|0.22|0.73;0001-01-01T00:00:06.251+01:00|W6|1.4|0.18|0.17|0.18|1.34;0001-01-01T00:00:06.251+01:00|W7|2.0|-0.27|0.17|-0.27|1.99;0001-01-01T00:00:06.251+01:00|W8|1.4|-1.07|0.16|-1.07|0.84;0001-01-01T00:00:06.251+01:00|W9|0.3|-0.20|0.10|-0.20|0.23;0001-01-01T00:00:06.251+01:00|W10|0.7|-0.28|0.07|-0.28|0.59;0001-01-01T00:00:06.251+01:00|W11|0.4|-0.20|0.01|-0.20|0.38;0001-01-01T00:00:06.251+01:00|W12|0.4|-0.12|0.03|-0.12|0.39"
57.00;4.69;0001-01-01T00:00:06.4080000+01:00;55.18;0.08;-18.47;28.3;-2.534;-2.150;39.498;-26.133;14.931;-14.504;97.046;-53.809;110.969;"0001-01-01T00:00:06.505+01:00|W1|1.0|0.01|0.32|0.01|0.88;0001-01-01T00:00:06.505+01:00|W2|0.6|-0.03|0.04|-0.03|0.46;0001-01-01T00:00:06.505+01:00|W3|0.7|-0.20|0.05|-0.20|0.65;0001-01-01T00:00:06.505+01:00|W4|0.8|0.49|0.08|0.49|0.59;0001-01-01T00:00:06.505+01:00|W5|0.7|0.24|0.02|0.24|0.69;0001-01-01T00:00:06.505+01:00|W6|1.4|0.12|0.18|0.12|1.36;0001-01-01T00:00:06.505+01:00|W7|2.0|-0.31|0.15|-0.31|1.99;0001-01-01T00:00:06.505+01:00|W8|1.5|-1.08|0.17|-1.08|0.89;0001-01-01T00:00:06.505+01:00|W9|0.4|-0.19|0.06|-0.19|0.28;0001-01-01T00:00:06.505+01:00|W10|0.7|-0.37|0.07|-0.37|0.54;0001-01-01T00:00:06.505+01:00|W11|0.5|-0.20|0.10|-0.20|0.47;0001-01-01T00:00:06.505+01:00|W12|0.4|-0.12|0.02|-0.12|0.40"
58.00;4.63;0001-01-01T00:00:06.4400000+01:00;56.07;0.07;-18.97;28.5;-2.870;-2.297;39.422;-26.298;15.144;-14.533;97.193;-54.624;111.496;"0001-01-01T00:00:06.505+01:00|W1|1.0|0.01|0.32|0.01|0.88;0001-01-01T00:00:06.505+01:00|W2|0.6|-0.03|0.04|-0.03|0.46;0001-01-01T00:00:06.505+01:00|W3|0.7|-0.20|0.05|-0.20|0.65;0001-01-01T00:00:06.505+01:00|W4|0.8|0.49|0.08|0.49|0.59;0001-01-01T00:00:06.505+01:00|W5|0.7|0.24|0.02|0.24|0.69;0001-01-01T00:00:06.505+01:00|W6|1.4|0.12|0.18|0.12|1.36;0001-01-01T00:00:06.505+01:00|W7|2.0|-0.31|0.15|-0.31|1.99;0001-01-01T00:00:06.505+01:00|W8|1.5|-1.08|0.17|-1.08|0.89;0001-01-01T00:00:06.505+01:00|W9|0.4|-0.19|0.06|-0.19|0.28;0001-01-01T00:00:06.505+01:00|W10|0.7|-0.37|0.07|-0.37|0.54;0001-01-01T00:00:06.505+01:00|W11|0.5|-0.20|0.10|-0.20|0.47;0001-01-01T00:00:06.505+01:00|W12|0.4|-0.12|0.02|-0.12|0.40"
59.00;4.56;0001-01-01T00:00:06.4730000+01:00;56.96;0.07;-19.47;28.8;-3.206;-2.444;39.346;-26.463;15.356;-14.563;97.341;-55.440;112.026;"0001-01-01T00:00:06.505+01:00|W1|1.0|0.01|0.32|0.01|0.88;0001-01-01T00:00:06.505+01:00|W2|0.6|-0.03|0.04|-0.03|0.46;0001-01-01T00:00:06.505+01:00|W3|0.7|-0.20|0.05|-0.20|0.65;0001-01-01T00:00:06.505+01:00|W4|0.8|0.49|0.08|0.49|0.59;0001-01-01T00:00:06.505+01:00|W5|0.7|0.24|0.02|0.24|0.69;0001-01-01T00:00:06.505+01:00|W6|1.4|0.12|0.18|0.12|1.36;0001-01-01T00:00:06.505+01:00|W7|2.0|-0.31|0.15|-0.31|1.99;0001-01-01T00:00:06.505+01:00|W8|1.5|-1.08|0.17|-1.08|0.89;0001-01-01T00:00:06.505+01:00|W9|0.4|-0.19|0.06|-0.19|0.28;0001-01-01T00:00:06.505+01:00|W10|0.7|-0.37|0.07|-0.37|0.54;0001-01-01T00:00:06.505+01:00|W11|0.5|-0.20|0.10|-0.20|0.47;0001-01-01T00:00:06.505+01:00|W12|0.4|-0.12|0.02|-0.12|0.40"
60.00;4.51;0001-01-01T00:00:06.5060000+01:00;57.84;0.06;-19.97;29.0;-3.542;-2.590;39.270;-26.628;15.569;-14.593;97.488;-56.255;112.560;"0001-01-01T00:00:06.505+01:00|W1|1.0|0.01|0.32|0.01|0.88;0001-01-01T00:00:06.505+01:00|W2|0.6|-0.03|0.04|-0.03|0.46;0001-01-01T00:00:06.505+01:00|W3|0.7|-0.20|0.05|-0.20|0.65;0001-01-01T00:00:06.505+01:00|W4|0.8|0.49|0.08|0.49|0.59;0001-01-01T00:00:06.505+01:00|W5|0.7|0.24|0.02|0.24|0.69;0001-01-01T00:00:06.505+01:00|W6|1.4|0.12|0.18|0.12|1.36;0001-01-01T00:00:06.505+01:00|W7|2.0|-0.31|0.15|-0.31|1.99;0001-01-01T00:00:06.505+01:00|W8|1.5|-1.08|0.17|-1.08|0.89;0001-01-01T00:00:06.505+01:00|W9|0.4|-0.19|0.06|-0.19|0.28;0001-01-01T00:00:06.505+01:00|W10|0.7|-0.37|0.07|-0.37|0.54;0001-01-01T00:00:06.505+01:00|W11|0.5|-0.20|0.10|-0.20|0.47;0001-01-01T00:00:06.505+01:00|W12|0.4|-0.12|0.02|-0.12|0.40"
61.00;4.44;0001-01-01T00:00:06.5390000+01:00;58.73;0.05;-20.48;29.0;-3.707;-2.736;39.054;-26.792;15.573;-14.622;97.607;-56.945;113.009;"0001-01-01T00:00:06.505+01:00|W1|1.0|0.01|0.32|0.01|0.88;0001-01-01T00:00:06.505+01:00|W2|0.6|-0.03|0.04|-0.03|0.46;0001-01-01T00:00:06.505+01:00|W3|0.7|-0.20|0.05|-0.20|0.65;0001-01-01T00:00:06.505+01:00|W4|0.8|0.49|0.08|0.49|0.59;0001-01-01T00:00:06.505+01:00|W5|0.7|0.24|0.02|0.24|0.69;0001-01-01T00:00:06.505+01:00|W6|1.4|0.12|0.18|0.12|1.36;0001-01-01T00:00:06.505+01:00|W7|2.0|-0.31|0.15|-0.31|1.99;0001-01-01T00:00:06.505+01:00|W8|1.5|-1.08|0.17|-1.08|0.89;0001-01-01T00:00:06.505+01:00|W9|0.4|-0.19|0.06|-0.19|0.28;0001-01-01T00:00:06.505+01:00|W10|0.7|-0.37|0.07|-0.37|0.54;0001-01-01T00:00:06.505+01:00|W11|0.5|-0.20|0.10|-0.20|0.47;0001-01-01T00:00:06.505+01:00|W12|0.4|-0.12|0.02|-0.12|0.40"
62.00;4.37;0001-01-01T00:00:06.5710000+01:00;59.60;0.04;-21.00;28.4;-3.425;-2.880;38.470;-26.953;15.030;-14.652;97.647;-57.305;113.226;"0001-01-01T00:00:06.505+01:00|W1|1.0|0.01|0.32|0.01|0.88;0001-01-01T00:00:06.505+01:00|W2|0.6|-0.03|0.04|-0.03|0.46;0001-01-01T00:00:06.505+01:00|W3|0.7|-0.20|0.05|-0.20|0.65;0001-01-01T00:00:06.505+01:00|W4|0.8|0.49|0.08|0.49|0.59;0001-01-01T00:00:06.505+01:00|W5|0.7|0.24|0.02|0.24|0.69;0001-01-01T00:00:06.505+01:00|W6|1.4|0.12|0.18|0.12|1.36;0001-01-01T00:00:06.505+01:00|W7|2.0|-0.31|0.15|-0.31|1.99;0001-01-01T00:00:06.505+01:00|W8|1.5|-1.08|0.17|-1.08|0.89;0001-01-01T00:00:06.505+01:00|W9|0.4|-0.19|0.06|-0.19|0.28;0001-01-01T00:00:06.505+01:00|W10|0.7|-0.37|0.07|-0.37|0.54;0001-01-01T00:00:06.505+01:00|W11|0.5|-0.20|0.10|-0.20|0.47;0001-01-01T00:00:06.505+01:00|W12|0.4|-0.12|0.02|-0.12|0.40"
63.00;4.30;0001-01-01T00:00:06.6030000+01:00;60.48;0.03;-21.52;27.9;-3.143;-3.024;37.886;-27.115;14.489;-14.681;97.688;-57.664;113.443;"0001-01-01T00:00:06.505+01:00|W1|1.0|0.01|0.32|0.01|0.88;0001-01-01T00:00:06.505+01:00|W2|0.6|-0.03|0.04|-0.03|0.46;0001-01-01T00:00:06.505+01:00|W3|0.7|-0.20|0.05|-0.20|0.65;0001-01-01T00:00:06.505+01:00|W4|0.8|0.49|0.08|0.49|0.59;0001-01-01T00:00:06.505+01:00|W5|0.7|0.24|0.02|0.24|0.69;0001-01-01T00:00:06.505+01:00|W6|1.4|0.12|0.18|0.12|1.36;0001-01-01T00:00:06.505+01:00|W7|2.0|-0.31|0.15|-0.31|1.99;0001-01-01T00:00:06.505+01:00|W8|1.5|-1.08|0.17|-1.08|0.89;0001-01-01T00:00:06.505+01:00|W9|0.4|-0.19|0.06|-0.19|0.28;0001-01-01T00:00:06.505+01:00|W10|0.7|-0.37|0.07|-0.37|0.54;0001-01-01T00:00:06.505+01:00|W11|0.5|-0.20|0.10|-0.20|0.47;0001-01-01T00:00:06.505+01:00|W12|0.4|-0.12|0.02|-0.12|0.40"
64.00;4.23;0001-01-01T00:00:06.6350000+01:00;61.35;0.02;-22.03;27.3;-2.861;-3.167;37.303;-27.276;13.947;-14.710;97.729;-58.023;113.661;"0001-01-01T00:00:06.753+01:00|W1|1.0|0.01|0.32|0.01|0.88;0001-01-01T00:00:06.753+01:00|W2|0.7|-0.07|0.09|-0.07|0.47;0001-01-01T00:00:06.753+01:00|W3|0.7|-0.23|0.06|-0.23|0.66;0001-01-01T00:00:06.753+01:00|W4|0.7|0.45|0.04|0.45|0.58;0001-01-01T00:00:06.753+01:00|W5|0.8|0.38|0.06|0.38|0.67;0001-01-01T00:00:06.753+01:00|W6|1.4|0.03|0.15|0.03|1.35;0001-01-01T00:00:06.753+01:00|W7|2.0|-0.33|0.12|-0.33|1.98;0001-01-01T00:00:06.753+01:00|W8|1.5|-1.13|0.21|-1.13|0.95;0001-01-01T00:00:06.753+01:00|W9|0.4|-0.17|0.00|-0.17|0.34;0001-01-01T00:00:06.753+01:00|W10|0.7|-0.38|0.07|-0.38|0.53;0001-01-01T00:00:06.753+01:00|W11|0.5|-0.23|0.09|-0.23|0.45;0001-01-01T00:00:06.753+01:00|W12|0.5|-0.15|0.02|-0.15|0.43"
65.00;4.17;0001-01-01T00:00:06.6680000+01:00;62.22;0.01;-22.55;26.8;-2.579;-3.311;36.720;-27.438;13.405;-14.739;97.770;-58.383;113.879;"0001-01-01T00:00:06.753+01:00|W1|1.0|0.01|0.32|0.01|0.88;0001-01-01T00:00:06.753+01:00|W2|0.7|-0.07|0.09|-0.07|0.47;0001-01-01T00:00:06.753+01:00|W3|0.7|-0.23|0.06|-0.23|0.66;0001-01-01T00:00:06.753+01:00|W4|0.7|0.45|0.04|0.45|0.58;0001-01-01T00:00:06.753+01:00|W5|0.8|0.38|0.06|0.38|0.67;0001-01-01T00:00:06.753+01:00|W6|1.4|0.03|0.15|0.03|1.35;0001-01-01T00:00:06.753+01:00|W7|2.0|-0.33|0.12|-0.33|1.98;0001-01-01T00:00:06.753+01:00|W8|1.5|-1.13|0.21|-1.13|0.95;0001-01-01T00:00:06.753+01:00|W9|0.4|-0.17|0.00|-0.17|0.34;0001-01-01T00:00:06.753+01:00|W10|0.7|-0.38|0.07|-0.38|0.53;0001-01-01T00:00:06.753+01:00|W11|0.5|-0.23|0.09|-0.23|0.45;0001-01-01T00:00:06.753+01:00|W12|0.5|-0.15|0.02|-0.15|0.43"
66.00;4.11;0001-01-01T00:00:06.7000000+01:00;63.10;-0.00;-23.07;26.3;-2.297;-3.454;36.136;-27.599;12.863;-14.768;97.811;-58.742;114.099;"0001-01-01T00:00:06.753+01:00|W1|1.0|0.01|0.32|0.01|0.88;0001-01-01T00:00:06.753+01:00|W2|0.7|-0.07|0.09|-0.07|0.47;0001-01-01T00:00:06.753+01:00|W3|0.7|-0.23|0.06|-0.23|0.66;0001-01-01T00:00:06.753+01:00|W4|0.7|0.45|0.04|0.45|0.58;0001-01-01T00:00:06.753+01:00|W5|0.8|0.38|0.06|0.38|0.67;0001-01-01T00:00:06.753+01:00|W6|1.4|0.03|0.15|0.03|1.35;0001-01-01T00:00:06.753+01:00|W7|2.0|-0.33|0.12|-0.33|1.98;0001-01-01T00:00:06.753+01:00|W8|1.5|-1.13|0.21|-1.13|0.95;0001-01-01T00:00:06.753+01:00|W9|0.4|-0.17|0.00|-0.17|0.34;0001-01-01T00:00:06.753+01:00|W10|0.7|-0.38|0.07|-0.38|0.53;0001-01-01T00:00:06.753+01:00|W11|0.5|-0.23|0.09|-0.23|0.45;0001-01-01T00:00:06.753+01:00|W12|0.5|-0.15|0.02|-0.15|0.43"
67.00;4.05;0001-01-01T00:00:06.7320000+01:00;63.97;-0.01;-23.59;25.7;-2.015;-3.598;35.553;-27.760;12.321;-14.797;97.852;-59.101;114.319;"0001-01-01T00:00:06.753+01:00|W1|1.0|0.01|0.32|0.01|0.88;0001-01-01T00:00:06.753+01:00|W2|0.7|-0.07|0.09|-0.07|0.47;0001-01-01T00:00:06.753+01:00|W3|0.7|-0.23|0.06|-0.23|0.66;0001-01-01T00:00:06.753+01:00|W4|0.7|0.45|0.04|0.45|0.58;0001-01-01T00:00:06.753+01:00|W5|0.8|0.38|0.06|0.38|0.67;0001-01-01T00:00:06.753+01:00|W6|1.4|0.03|0.15|0.03|1.35;0001-01-01T00:00:06.753+01:00|W7|2.0|-0.33|0.12|-0.33|1.98;0001-01-01T00:00:06.753+01:00|W8|1.5|-1.13|0.21|-1.13|0.95;0001-01-01T00:00:06.753+01:00|W9|0.4|-0.17|0.00|-0.17|0.34;0001-01-01T00:00:06.753+01:00|W10|0.7|-0.38|0.07|-0.38|0.53;0001-01-01T00:00:06.753+01:00|W11|0.5|-0.23|0.09|-0.23|0.45;0001-01-01T00:00:06.753+01:00|W12|0.5|-0.15|0.02|-0.15|0.43"
68.00;4.01;0001-01-01T00:00:06.7640000+01:00;64.85;-0.02;-24.11;25.2;-1.733;-3.741;34.970;-27.922;11.780;-14.826;97.893;-59.460;114.539;"0001-01-01T00:00:06.753+01:00|W1|1.0|0.01|0.32|0.01|0.88;0001-01-01T00:00:06.753+01:00|W2|0.7|-0.07|0.09|-0.07|0.47;0001-01-01T00:00:06.753+01:00|W3|0.7|-0.23|0.06|-0.23|0.66;0001-01-01T00:00:06.753+01:00|W4|0.7|0.45|0.04|0.45|0.58;0001-01-01T00:00:06.753+01:00|W5|0.8|0.38|0.06|0.38|0.67;0001-01-01T00:00:06.753+01:00|W6|1.4|0.03|0.15|0.03|1.35;0001-01-01T00:00:06.753+01:00|W7|2.0|-0.33|0.12|-0.33|1.98;0001-01-01T00:00:06.753+01:00|W8|1.5|-1.13|0.21|-1.13|0.95;0001-01-01T00:00:06.753+01:00|W9|0.4|-0.17|0.00|-0.17|0.34;0001-01-01T00:00:06.753+01:00|W10|0.7|-0.38|0.07|-0.38|0.53;0001-01-01T00:00:06.753+01:00|W11|0.5|-0.23|0.09|-0.23|0.45;0001-01-01T00:00:06.753+01:00|W12|0.5|-0.15|0.02|-0.15|0.43"
69.00;3.95;0001-01-01T00:00:06.7960000+01:00;65.71;-0.03;-24.64;25.1;-1.864;-3.884;35.125;-28.082;11.666;-14.855;97.919;-59.858;114.769;"0001-01-01T00:00:06.753+01:00|W1|1.0|0.01|0.32|0.01|0.88;0001-01-01T00:00:06.753+01:00|W2|0.7|-0.07|0.09|-0.07|0.47;0001-01-01T00:00:06.753+01:00|W3|0.7|-0.23|0.06|-0.23|0.66;0001-01-01T00:00:06.753+01:00|W4|0.7|0.45|0.04|0.45|0.58;0001-01-01T00:00:06.753+01:00|W5|0.8|0.38|0.06|0.38|0.67;0001-01-01T00:00:06.753+01:00|W6|1.4|0.03|0.15|0.03|1.35;0001-01-01T00:00:06.753+01:00|W7|2.0|-0.33|0.12|-0.33|1.98;0001-01-01T00:00:06.753+01:00|W8|1.5|-1.13|0.21|-1.13|0.95;0001-01-01T00:00:06.753+01:00|W9|0.4|-0.17|0.00|-0.17|0.34;0001-01-01T00:00:06.753+01:00|W10|0.7|-0.38|0.07|-0.38|0.53;0001-01-01T00:00:06.753+01:00|W11|0.5|-0.23|0.09|-0.23|0.45;0001-01-01T00:00:06.753+01:00|W12|0.5|-0.15|0.02|-0.15|0.43"
70.00;3.89;0001-01-01T00:00:06.8280000+01:00;66.58;-0.03;-25.17;25.4;-2.401;-4.026;36.007;-28.241;11.974;-14.884;97.932;-60.295;115.009;"0001-01-01T00:00:06.753+01:00|W1|1.0|0.01|0.32|0.01|0.88;0001-01-01T00:00:06.753+01:00|W2|0.7|-0.07|0.09|-0.07|0.47;0001-01-01T00:00:06.753+01:00|W3|0.7|-0.23|0.06|-0.23|0.66;0001-01-01T00:00:06.753+01:00|W4|0.7|0.45|0.04|0.45|0.58;0001-01-01T00:00:06.753+01:00|W5|0.8|0.38|0.06|0.38|0.67;0001-01-01T00:00:06.753+01:00|W6|1.4|0.03|0.15|0.03|1.35;0001-01-01T00:00:06.753+01:00|W7|2.0|-0.33|0.12|-0.33|1.98;0001-01-01T00:00:06.753+01:00|W8|1.5|-1.13|0.21|-1.13|0.95;0001-01-01T00:00:06.753+01:00|W9|0.4|-0.17|0.00|-0.17|0.34;0001-01-01T00:00:06.753+01:00|W10|0.7|-0.38|0.07|-0.38|0.53;0001-01-01T00:00:06.753+01:00|W11|0.5|-0.23|0.09|-0.23|0.45;0001-01-01T00:00:06.753+01:00|W12|0.5|-0.15|0.02|-0.15|0.43"
71.00;3.84;0001-01-01T00:00:06.8590000+01:00;67.44;-0.04;-25.70;25.7;-2.937;-4.167;36.888;-28.400;12.281;-14.913;97.945;-60.731;115.249;"0001-01-01T00:00:06.753+01:00|W1|1.0|0.01|0.32|0.01|0.88;0001-01-01T00:00:06.753+01:00|W2|0.7|-0.07|0.09|-0.07|0.47;0001-01-01T00:00:06.753+01:00|W3|0.7|-0.23|0.06|-0.23|0.66;0001-01-01T00:00:06.753+01:00|W4|0.7|0.45|0.04|0.45|0.58;0001-01-01T00:00:06.753+01:00|W5|0.8|0.38|0.06|0.38|0.67;0001-01-01T00:00:06.753+01:00|W6|1.4|0.03|0.15|0.03|1.35;0001-01-01T00:00:06.753+01:00|W7|2.0|-0.33|0.12|-0.33|1.98;0001-01-01T00:00:06.753+01:00|W8|1.5|-1.13|0.21|-1.13|0.95;0001-01-01T00:00:06.753+01:00|W9|0.4|-0.17|0.00|-0.17|0.34;0001-01-01T00:00:06.753+01:00|W10|0.7|-0.38|0.07|-0.38|0.53;0001-01-01T00:00:06.753+01:00|W11|0.5|-0.23|0.09|-0.23|0.45;0001-01-01T00:00:06.753+01:00|W12|0.5|-0.15|0.02|-0.15|0.43"
72.00;3.79;0001-01-01T00:00:06.8910000+01:00;68.31;-0.04;-26.24;26.0;-3.473;-4.309;37.768;-28.559;12.588;-14.941;97.958;-61.167;115.490;"0001-01-01T00:00:07.003+01:00|W1|0.9|0.12|0.33|0.12|0.82;0001-01-01T00:00:07.003+01:00|W2|0.7|-0.13|0.11|-0.13|0.44;0001-01-01T00:00:07.003+01:00|W3|0.8|-0.24|0.08|-0.24|0.68;0001-01-01T00:00:07.003+01:00|W4|0.7|0.45|0.04|0.45|0.58;0001-01-01T00:00:07.003+01:00|W5|0.8|0.38|0.06|0.38|0.67;0001-01-01T00:00:07.003+01:00|W6|1.4|0.03|0.15|0.03|1.35;0001-01-01T00:00:07.003+01:00|W7|2.0|-0.33|0.12|-0.33|1.98;0001-01-01T00:00:07.003+01:00|W8|1.5|-1.13|0.21|-1.13|0.95;0001-01-01T00:00:07.003+01:00|W9|0.4|-0.17|0.00|-0.17|0.34;0001-01-01T00:00:07.003+01:00|W10|0.7|-0.38|0.07|-0.38|0.53;0001-01-01T00:00:07.003+01:00|W11|0.5|-0.23|0.09|-0.23|0.45;0001-01-01T00:00:07.003+01:00|W12|0.5|-0.15|0.02|-0.15|0.43"
73.00;3.74;0001-01-01T00:00:06.9230000+01:00;69.17;-0.05;-26.77;26.3;-4.008;-4.450;38.648;-28.718;12.895;-14.970;97.971;-61.603;115.733;"0001-01-01T00:00:07.003+01:00|W1|0.9|0.12|0.33|0.12|0.82;0001-01-01T00:00:07.003+01:00|W2|0.7|-0.13|0.11|-0.13|0.44;0001-01-01T00:00:07.003+01:00|W3|0.8|-0.24|0.08|-0.24|0.68;0001-01-01T00:00:07.003+01:00|W4|0.7|0.45|0.04|0.45|0.58;0001-01-01T00:00:07.003+01:00|W5|0.8|0.38|0.06|0.38|0.67;0001-01-01T00:00:07.003+01:00|W6|1.4|0.03|0.15|0.03|1.35;0001-01-01T00:00:07.003+01:00|W7|2.0|-0.33|0.12|-0.33|1.98;0001-01-01T00:00:07.003+01:00|W8|1.5|-1.13|0.21|-1.13|0.95;0001-01-01T00:00:07.003+01:00|W9|0.4|-0.17|0.00|-0.17|0.34;0001-01-01T00:00:07.003+01:00|W10|0.7|-0.38|0.07|-0.38|0.53;0001-01-01T00:00:07.003+01:00|W11|0.5|-0.23|0.09|-0.23|0.45;0001-01-01T00:00:07.003+01:00|W12|0.5|-0.15|0.02|-0.15|0.43"
74.00;3.69;0001-01-01T00:00:06.9540000+01:00;70.03;-0.05;-27.31;26.4;-4.678;-4.591;38.956;-28.876;13.007;-14.998;98.071;-62.037;116.050;"0001-01-01T00:00:07.003+01:00|W1|0.9|0.12|0.33|0.12|0.82;0001-01-01T00:00:07.003+01:00|W2|0.7|-0.13|0.11|-0.13|0.44;0001-01-01T00:00:07.003+01:00|W3|0.8|-0.24|0.08|-0.24|0.68;0001-01-01T00:00:07.003+01:00|W4|0.7|0.45|0.04|0.45|0.58;0001-01-01T00:00:07.003+01:00|W5|0.8|0.38|0.06|0.38|0.67;0001-01-01T00:00:07.003+01:00|W6|1.4|0.03|0.15|0.03|1.35;0001-01-01T00:00:07.003+01:00|W7|2.0|-0.33|0.12|-0.33|1.98;0001-01-01T00:00:07.003+01:00|W8|1.5|-1.13|0.21|-1.13|0.95;0001-01-01T00:00:07.003+01:00|W9|0.4|-0.17|0.00|-0.17|0.34;0001-01-01T00:00:07.003+01:00|W10|0.7|-0.38|0.07|-0.38|0.53;0001-01-01T00:00:07.003+01:00|W11|0.5|-0.23|0.09|-0.23|0.45;0001-01-01T00:00:07.003+01:00|W12|0.5|-0.15|0.02|-0.15|0.43"
75.00;3.64;0001-01-01T00:00:06.9860000+01:00;70.88;-0.06;-27.85;26.5;-5.387;-4.731;39.096;-29.034;13.063;-15.027;98.198;-62.470;116.390;"0001-01-01T00:00:07.003+01:00|W1|0.9|0.12|0.33|0.12|0.82;0001-01-01T00:00:07.003+01:00|W2|0.7|-0.13|0.11|-0.13|0.44;0001-01-01T00:00:07.003+01:00|W3|0.8|-0.24|0.08|-0.24|0.68;0001-01-01T00:00:07.003+01:00|W4|0.7|0.45|0.04|0.45|0.58;0001-01-01T00:00:07.003+01:00|W5|0.8|0.38|0.06|0.38|0.67;0001-01-01T00:00:07.003+01:00|W6|1.4|0.03|0.15|0.03|1.35;0001-01-01T00:00:07.003+01:00|W7|2.0|-0.33|0.12|-0.33|1.98;0001-01-01T00:00:07.003+01:00|W8|1.5|-1.13|0.21|-1.13|0.95;0001-01-01T00:00:07.003+01:00|W9|0.4|-0.17|0.00|-0.17|0.34;0001-01-01T00:00:07.003+01:00|W10|0.7|-0.38|0.07|-0.38|0.53;0001-01-01T00:00:07.003+01:00|W11|0.5|-0.23|0.09|-0.23|0.45;0001-01-01T00:00:07.003+01:00|W12|0.5|-0.15|0.02|-0.15|0.43"
76.00;3.59;0001-01-01T00:00:07.0170000+01:00;71.74;-0.07;-28.40;26.5;-6.096;-4.872;39.235;-29.192;13.118;-15.055;98.324;-62.904;116.731;"0001-01-01T00:00:07.003+01:00|W1|0.9|0.12|0.33|0.12|0.82;0001-01-01T00:00:07.003+01:00|W2|0.7|-0.13|0.11|-0.13|0.44;0001-01-01T00:00:07.003+01:00|W3|0.8|-0.24|0.08|-0.24|0.68;0001-01-01T00:00:07.003+01:00|W4|0.7|0.45|0.04|0.45|0.58;0001-01-01T00:00:07.003+01:00|W5|0.8|0.38|0.06|0.38|0.67;0001-01-01T00:00:07.003+01:00|W6|1.4|0.03|0.15|0.03|1.35;0001-01-01T00:00:07.003+01:00|W7|2.0|-0.33|0.12|-0.33|1.98;0001-01-01T00:00:07.003+01:00|W8|1.5|-1.13|0.21|-1.13|0.95;0001-01-01T00:00:07.003+01:00|W9|0.4|-0.17|0.00|-0.17|0.34;0001-01-01T00:00:07.003+01:00|W10|0.7|-0.38|0.07|-0.38|0.53;0001-01-01T00:00:07.003+01:00|W11|0.5|-0.23|0.09|-0.23|0.45;0001-01-01T00:00:07.003+01:00|W12|0.5|-0.15|0.02|-0.15|0.43"
77.00;3.53;0001-01-01T00:00:07.0480000+01:00;72.59;-0.08;-28.95;26.5;-6.551;-5.010;39.023;-29.347;13.070;-15.083;98.420;-63.325;117.040;"0001-01-01T00:00:07.003+01:00|W1|0.9|0.12|0.33|0.12|0.82;0001-01-01T00:00:07.003+01:00|W2|0.7|-0.13|0.11|-0.13|0.44;0001-01-01T00:00:07.003+01:00|W3|0.8|-0.24|0.08|-0.24|0.68;0001-01-01T00:00:07.003+01:00|W4|0.7|0.45|0.04|0.45|0.58;0001-01-01T00:00:07.003+01:00|W5|0.8|0.38|0.06|0.38|0.67;0001-01-01T00:00:07.003+01:00|W6|1.4|0.03|0.15|0.03|1.35;0001-01-01T00:00:07.003+01:00|W7|2.0|-0.33|0.12|-0.33|1.98;0001-01-01T00:00:07.003+01:00|W8|1.5|-1.13|0.21|-1.13|0.95;0001-01-01T00:00:07.003+01:00|W9|0.4|-0.17|0.00|-0.17|0.34;0001-01-01T00:00:07.003+01:00|W10|0.7|-0.38|0.07|-0.38|0.53;0001-01-01T00:00:07.003+01:00|W11|0.5|-0.23|0.09|-0.23|0.45;0001-01-01T00:00:07.003+01:00|W12|0.5|-0.15|0.02|-0.15|0.43"
78.00;3.46;0001-01-01T00:00:07.0790000+01:00;73.43;-0.09;-29.52;26.3;-6.834;-5.147;38.572;-29.501;12.954;-15.111;98.496;-63.739;117.329;"0001-01-01T00:00:07.003+01:00|W1|0.9|0.12|0.33|0.12|0.82;0001-01-01T00:00:07.003+01:00|W2|0.7|-0.13|0.11|-0.13|0.44;0001-01-01T00:00:07.003+01:00|W3|0.8|-0.24|0.08|-0.24|0.68;0001-01-01T00:00:07.003+01:00|W4|0.7|0.45|0.04|0.45|0.58;0001-01-01T00:00:07.003+01:00|W5|0.8|0.38|0.06|0.38|0.67;0001-01-01T00:00:07.003+01:00|W6|1.4|0.03|0.15|0.03|1.35;0001-01-01T00:00:07.003+01:00|W7|2.0|-0.33|0.12|-0.33|1.98;0001-01-01T00:00:07.003+01:00|W8|1.5|-1.13|0.21|-1.13|0.95;0001-01-01T00:00:07.003+01:00|W9|0.4|-0.17|0.00|-0.17|0.34;0001-01-01T00:00:07.003+01:00|W10|0.7|-0.38|0.07|-0.38|0.53;0001-01-01T00:00:07.003+01:00|W11|0.5|-0.23|0.09|-0.23|0.45;0001-01-01T00:00:07.003+01:00|W12|0.5|-0.15|0.02|-0.15|0.43"
79.00;3.40;0001-01-01T00:00:07.1090000+01:00;74.27;-0.10;-30.09;26.2;-7.116;-5.283;38.121;-29.655;12.837;-15.139;98.572;-64.153;117.618;"0001-01-01T00:00:07.003+01:00|W1|0.9|0.12|0.33|0.12|0.82;0001-01-01T00:00:07.003+01:00|W2|0.7|-0.13|0.11|-0.13|0.44;0001-01-01T00:00:07.003+01:00|W3|0.8|-0.24|0.08|-0.24|0.68;0001-01-01T00:00:07.003+01:00|W4|0.7|0.45|0.04|0.45|0.58;0001-01-01T00:00:07.003+01:00|W5|0.8|0.38|0.06|0.38|0.67;0001-01-01T00:00:07.003+01:00|W6|1.4|0.03|0.15|0.03|1.35;0001-01-01T00:00:07.003+01:00|W7|2.0|-0.33|0.12|-0.33|1.98;0001-01-01T00:00:07.003+01:00|W8|1.5|-1.13|0.21|-1.13|0.95;0001-01-01T00:00:07.003+01:00|W9|0.4|-0.17|0.00|-0.17|0.34;0001-01-01T00:00:07.003+01:00|W10|0.7|-0.38|0.07|-0.38|0.53;0001-01-01T00:00:07.003+01:00|W11|0.5|-0.23|0.09|-0.23|0.45;0001-01-01T00:00:07.003+01:00|W12|0.5|-0.15|0.02|-0.15|0.43"
80.00;3.34;0001-01-01T00:00:07.1400000+01:00;75.11;-0.11;-30.65;26.1;-7.399;-5.420;37.670;-29.808;12.720;-15.166;98.648;-64.566;117.907;"0001-01-01T00:00:07.252+01:00|W1|0.9|0.23|0.37|0.23|0.72;0001-01-01T00:00:07.252+01:00|W2|0.8|-0.19|0.11|-0.19|0.41;0001-01-01T00:00:07.252+01:00|W3|0.7|-0.25|0.07|-0.25|0.68;0001-01-01T00:00:07.252+01:00|W4|0.7|0.44|0.04|0.44|0.51;0001-01-01T00:00:07.252+01:00|W5|0.7|0.31|0.01|0.31|0.65;0001-01-01T00:00:07.252+01:00|W6|1.4|-0.12|0.15|-0.12|1.37;0001-01-01T00:00:07.252+01:00|W7|2.0|-0.28|0.09|-0.28|1.97;0001-01-01T00:00:07.252+01:00|W8|1.6|-1.14|0.21|-1.14|1.05;0001-01-01T00:00:07.252+01:00|W9|0.4|-0.16|0.04|-0.16|0.35;0001-01-01T00:00:07.252+01:00|W10|0.6|-0.38|0.09|-0.38|0.50;0001-01-01T00:00:07.252+01:00|W11|0.5|-0.26|0.09|-0.26|0.43;0001-01-01T00:00:07.252+01:00|W12|0.5|-0.16|0.04|-0.16|0.46"
81.00;3.29;0001-01-01T00:00:07.1710000+01:00;75.95;-0.13;-31.22;26.0;-7.682;-5.556;37.219;-29.961;12.604;-15.194;98.724;-64.979;118.197;"0001-01-01T00:00:07.252+01:00|W1|0.9|0.23|0.37|0.23|0.72;0001-01-01T00:00:07.252+01:00|W2|0.8|-0.19|0.11|-0.19|0.41;0001-01-01T00:00:07.252+01:00|W3|0.7|-0.25|0.07|-0.25|0.68;0001-01-01T00:00:07.252+01:00|W4|0.7|0.44|0.04|0.44|0.51;0001-01-01T00:00:07.252+01:00|W5|0.7|0.31|0.01|0.31|0.65;0001-01-01T00:00:07.252+01:00|W6|1.4|-0.12|0.15|-0.12|1.37;0001-01-01T00:00:07.252+01:00|W7|2.0|-0.28|0.09|-0.28|1.97;0001-01-01T00:00:07.252+01:00|W8|1.6|-1.14|0.21|-1.14|1.05;0001-01-01T00:00:07.252+01:00|W9|0.4|-0.16|0.04|-0.16|0.35;0001-01-01T00:00:07.252+01:00|W10|0.6|-0.38|0.09|-0.38|0.50;0001-01-01T00:00:07.252+01:00|W11|0.5|-0.26|0.09|-0.26|0.43;0001-01-01T00:00:07.252+01:00|W12|0.5|-0.16|0.04|-0.16|0.46"
82.00;3.24;0001-01-01T00:00:07.2010000+01:00;76.80;-0.14;-31.78;25.9;-7.964;-5.692;36.769;-30.115;12.487;-15.222;98.800;-65.392;118.488;"0001-01-01T00:00:07.252+01:00|W1|0.9|0.23|0.37|0.23|0.72;0001-01-01T00:00:07.252+01:00|W2|0.8|-0.19|0.11|-0.19|0.41;0001-01-01T00:00:07.252+01:00|W3|0.7|-0.25|0.07|-0.25|0.68;0001-01-01T00:00:07.252+01:00|W4|0.7|0.44|0.04|0.44|0.51;0001-01-01T00:00:07.252+01:00|W5|0.7|0.31|0.01|0.31|0.65;0001-01-01T00:00:07.252+01:00|W6|1.4|-0.12|0.15|-0.12|1.37;0001-01-01T00:00:07.252+01:00|W7|2.0|-0.28|0.09|-0.28|1.97;0001-01-01T00:00:07.252+01:00|W8|1.6|-1.14|0.21|-1.14|1.05;0001-01-01T00:00:07.252+01:00|W9|0.4|-0.16|0.04|-0.16|0.35;0001-01-01T00:00:07.252+01:00|W10|0.6|-0.38|0.09|-0.38|0.50;0001-01-01T00:00:07.252+01:00|W11|0.5|-0.26|0.09|-0.26|0.43;0001-01-01T00:00:07.252+01:00|W12|0.5|-0.16|0.04|-0.16|0.46"
83.00;3.19;0001-01-01T00:00:07.2320000+01:00;77.64;-0.15;-32.35;25.7;-8.247;-5.829;36.319;-30.268;12.371;-15.249;98.876;-65.805;118.780;"0001-01-01T00:00:07.252+01:00|W1|0.9|0.23|0.37|0.23|0.72;0001-01-01T00:00:07.252+01:00|W2|0.8|-0.19|0.11|-0.19|0.41;0001-01-01T00:00:07.252+01:00|W3|0.7|-0.25|0.07|-0.25|0.68;0001-01-01T00:00:07.252+01:00|W4|0.7|0.44|0.04|0.44|0.51;0001-01-01T00:00:07.252+01:00|W5|0.7|0.31|0.01|0.31|0.65;0001-01-01T00:00:07.252+01:00|W6|1.4|-0.12|0.15|-0.12|1.37;0001-01-01T00:00:07.252+01:00|W7|2.0|-0.28|0.09|-0.28|1.97;0001-01-01T00:00:07.252+01:00|W8|1.6|-1.14|0.21|-1.14|1.05;0001-01-01T00:00:07.252+01:00|W9|0.4|-0.16|0.04|-0.16|0.35;0001-01-01T00:00:07.252+01:00|W10|0.6|-0.38|0.09|-0.38|0.50;0001-01-01T00:00:07.252+01:00|W11|0.5|-0.26|0.09|-0.26|0.43;0001-01-01T00:00:07.252+01:00|W12|0.5|-0.16|0.04|-0.16|0.46"
84.00;3.15;0001-01-01T00:00:07.2620000+01:00;78.48;-0.16;-32.91;25.6;-8.529;-5.965;35.869;-30.421;12.254;-15.277;98.952;-66.218;119.072;"0001-01-01T00:00:07.252+01:00|W1|0.9|0.23|0.37|0.23|0.72;0001-01-01T00:00:07.252+01:00|W2|0.8|-0.19|0.11|-0.19|0.41;0001-01-01T00:00:07.252+01:00|W3|0.7|-0.25|0.07|-0.25|0.68;0001-01-01T00:00:07.252+01:00|W4|0.7|0.44|0.04|0.44|0.51;0001-01-01T00:00:07.252+01:00|W5|0.7|0.31|0.01|0.31|0.65;0001-01-01T00:00:07.252+01:00|W6|1.4|-0.12|0.15|-0.12|1.37;0001-01-01T00:00:07.252+01:00|W7|2.0|-0.28|0.09|-0.28|1.97;0001-01-01T00:00:07.252+01:00|W8|1.6|-1.14|0.21|-1.14|1.05;0001-01-01T00:00:07.252+01:00|W9|0.4|-0.16|0.04|-0.16|0.35;0001-01-01T00:00:07.252+01:00|W10|0.6|-0.38|0.09|-0.38|0.50;0001-01-01T00:00:07.252+01:00|W11|0.5|-0.26|0.09|-0.26|0.43;0001-01-01T00:00:07.252+01:00|W12|0.5|-0.16|0.04|-0.16|0.46"
85.00;3.12;0001-01-01T00:00:07.2930000+01:00;79.32;-0.17;-33.48;25.5;-8.811;-6.101;35.419;-30.574;12.138;-15.305;99.028;-66.630;119.365;"0001-01-01T00:00:07.252+01:00|W1|0.9|0.23|0.37|0.23|0.72;0001-01-01T00:00:07.252+01:00|W2|0.8|-0.19|0.11|-0.19|0.41;0001-01-01T00:00:07.252+01:00|W3|0.7|-0.25|0.07|-0.25|0.68;0001-01-01T00:00:07.252+01:00|W4|0.7|0.44|0.04|0.44|0.51;0001-01-01T00:00:07.252+01:00|W5|0.7|0.31|0.01|0.31|0.65;0001-01-01T00:00:07.252+01:00|W6|1.4|-0.12|0.15|-0.12|1.37;0001-01-01T00:00:07.252+01:00|W7|2.0|-0.28|0.09|-0.28|1.97;0001-01-01T00:00:07.252+01:00|W8|1.6|-1.14|0.21|-1.14|1.05;0001-01-01T00:00:07.252+01:00|W9|0.4|-0.16|0.04|-0.16|0.35;0001-01-01T00:00:07.252+01:00|W10|0.6|-0.38|0.09|-0.38|0.50;0001-01-01T00:00:07.252+01:00|W11|0.5|-0.26|0.09|-0.26|0.43;0001-01-01T00:00:07.252+01:00|W12|0.5|-0.16|0.04|-0.16|0.46"
86.00;3.09;0001-01-01T00:00:07.3230000+01:00;80.15;-0.19;-34.04;25.4;-9.093;-6.237;34.969;-30.727;12.021;-15.332;99.104;-67.043;119.659;"0001-01-01T00:00:07.252+01:00|W1|0.9|0.23|0.37|0.23|0.72;0001-01-01T00:00:07.252+01:00|W2|0.8|-0.19|0.11|-0.19|0.41;0001-01-01T00:00:07.252+01:00|W3|0.7|-0.25|0.07|-0.25|0.68;0001-01-01T00:00:07.252+01:00|W4|0.7|0.44|0.04|0.44|0.51;0001-01-01T00:00:07.252+01:00|W5|0.7|0.31|0.01|0.31|0.65;0001-01-01T00:00:07.252+01:00|W6|1.4|-0.12|0.15|-0.12|1.37;0001-01-01T00:00:07.252+01:00|W7|2.0|-0.28|0.09|-0.28|1.97;0001-01-01T00:00:07.252+01:00|W8|1.6|-1.14|0.21|-1.14|1.05;0001-01-01T00:00:07.252+01:00|W9|0.4|-0.16|0.04|-0.16|0.35;0001-01-01T00:00:07.252+01:00|W10|0.6|-0.38|0.09|-0.38|0.50;0001-01-01T00:00:07.252+01:00|W11|0.5|-0.26|0.09|-0.26|0.43;0001-01-01T00:00:07.252+01:00|W12|0.5|-0.16|0.04|-0.16|0.46"
87.00;3.06;0001-01-01T00:00:07.3540000+01:00;80.99;-0.20;-34.61;25.3;-9.375;-6.373;34.520;-30.880;11.905;-15.360;99.180;-67.455;119.953;"0001-01-01T00:00:07.252+01:00|W1|0.9|0.23|0.37|0.23|0.72;0001-01-01T00:00:07.252+01:00|W2|0.8|-0.19|0.11|-0.19|0.41;0001-01-01T00:00:07.252+01:00|W3|0.7|-0.25|0.07|-0.25|0.68;0001-01-01T00:00:07.252+01:00|W4|0.7|0.44|0.04|0.44|0.51;0001-01-01T00:00:07.252+01:00|W5|0.7|0.31|0.01|0.31|0.65;0001-01-01T00:00:07.252+01:00|W6|1.4|-0.12|0.15|-0.12|1.37;0001-01-01T00:00:07.252+01:00|W7|2.0|-0.28|0.09|-0.28|1.97;0001-01-01T00:00:07.252+01:00|W8|1.6|-1.14|0.21|-1.14|1.05;0001-01-01T00:00:07.252+01:00|W9|0.4|-0.16|0.04|-0.16|0.35;0001-01-01T00:00:07.252+01:00|W10|0.6|-0.38|0.09|-0.38|0.50;0001-01-01T00:00:07.252+01:00|W11|0.5|-0.26|0.09|-0.26|0.43;0001-01-01T00:00:07.252+01:00|W12|0.5|-0.16|0.04|-0.16|0.46"
88.00;3.04;0001-01-01T00:00:07.3840000+01:00;81.83;-0.21;-35.17;25.1;-9.657;-6.509;34.070;-31.033;11.789;-15.387;99.255;-67.868;120.248;"0001-01-01T00:00:07.502+01:00|W1|0.8|0.42|0.42|0.42|0.57;0001-01-01T00:00:07.502+01:00|W2|0.7|-0.25|0.07|-0.25|0.35;0001-01-01T00:00:07.502+01:00|W3|0.8|-0.25|0.07|-0.25|0.69;0001-01-01T00:00:07.502+01:00|W4|0.7|0.45|0.07|0.45|0.47;0001-01-01T00:00:07.502+01:00|W5|0.6|0.29|0.09|0.29|0.57;0001-01-01T00:00:07.502+01:00|W6|1.4|-0.18|0.12|-0.18|1.38;0001-01-01T00:00:07.502+01:00|W7|2.0|-0.09|0.09|-0.09|2.00;0001-01-01T00:00:07.502+01:00|W8|1.6|-1.20|0.24|-1.20|1.08;0001-01-01T00:00:07.502+01:00|W9|0.5|-0.17|0.06|-0.17|0.33;0001-01-01T00:00:07.502+01:00|W10|0.6|-0.41|0.13|-0.41|0.39;0001-01-01T00:00:07.502+01:00|W11|0.5|-0.30|0.07|-0.30|0.37;0001-01-01T00:00:07.502+01:00|W12|0.5|-0.16|0.04|-0.16|0.47"
89.00;3.03;0001-01-01T00:00:07.4150000+01:00;82.67;-0.22;-35.73;25.0;-9.939;-6.646;33.621;-31.186;11.672;-15.415;99.331;-68.280;120.544;"0001-01-01T00:00:07.502+01:00|W1|0.8|0.42|0.42|0.42|0.57;0001-01-01T00:00:07.502+01:00|W2|0.7|-0.25|0.07|-0.25|0.35;0001-01-01T00:00:07.502+01:00|W3|0.8|-0.25|0.07|-0.25|0.69;0001-01-01T00:00:07.502+01:00|W4|0.7|0.45|0.07|0.45|0.47;0001-01-01T00:00:07.502+01:00|W5|0.6|0.29|0.09|0.29|0.57;0001-01-01T00:00:07.502+01:00|W6|1.4|-0.18|0.12|-0.18|1.38;0001-01-01T00:00:07.502+01:00|W7|2.0|-0.09|0.09|-0.09|2.00;0001-01-01T00:00:07.502+01:00|W8|1.6|-1.20|0.24|-1.20|1.08;0001-01-01T00:00:07.502+01:00|W9|0.5|-0.17|0.06|-0.17|0.33;0001-01-01T00:00:07.502+01:00|W10|0.6|-0.41|0.13|-0.41|0.39;0001-01-01T00:00:07.502+01:00|W11|0.5|-0.30|0.07|-0.30|0.37;0001-01-01T00:00:07.502+01:00|W12|0.5|-0.16|0.04|-0.16|0.47"
90.00;3.02;0001-01-01T00:00:07.4450000+01:00;83.51;-0.24;-36.30;24.9;-10.221;-6.782;33.171;-31.339;11.556;-15.443;99.407;-68.692;120.840;"0001-01-01T00:00:07.502+01:00|W1|0.8|0.42|0.42|0.42|0.57;0001-01-01T00:00:07.502+01:00|W2|0.7|-0.25|0.07|-0.25|0.35;0001-01-01T00:00:07.502+01:00|W3|0.8|-0.25|0.07|-0.25|0.69;0001-01-01T00:00:07.502+01:00|W4|0.7|0.45|0.07|0.45|0.47;0001-01-01T00:00:07.502+01:00|W5|0.6|0.29|0.09|0.29|0.57;0001-01-01T00:00:07.502+01:00|W6|1.4|-0.18|0.12|-0.18|1.38;0001-01-01T00:00:07.502+01:00|W7|2.0|-0.09|0.09|-0.09|2.00;0001-01-01T00:00:07.502+01:00|W8|1.6|-1.20|0.24|-1.20|1.08;0001-01-01T00:00:07.502+01:00|W9|0.5|-0.17|0.06|-0.17|0.33;0001-01-01T00:00:07.502+01:00|W10|0.6|-0.41|0.13|-0.41|0.39;0001-01-01T00:00:07.502+01:00|W11|0.5|-0.30|0.07|-0.30|0.37;0001-01-01T00:00:07.502+01:00|W12|0.5|-0.16|0.04|-0.16|0.47"
91.00;3.01;0001-01-01T00:00:07.4760000+01:00;84.35;-0.25;-36.86;24.8;-10.503;-6.918;32.722;-31.492;11.440;-15.470;99.483;-69.104;121.137;"0001-01-01T00:00:07.502+01:00|W1|0.8|0.42|0.42|0.42|0.57;0001-01-01T00:00:07.502+01:00|W2|0.7|-0.25|0.07|-0.25|0.35;0001-01-01T00:00:07.502+01:00|W3|0.8|-0.25|0.07|-0.25|0.69;0001-01-01T00:00:07.502+01:00|W4|0.7|0.45|0.07|0.45|0.47;0001-01-01T00:00:07.502+01:00|W5|0.6|0.29|0.09|0.29|0.57;0001-01-01T00:00:07.502+01:00|W6|1.4|-0.18|0.12|-0.18|1.38;0001-01-01T00:00:07.502+01:00|W7|2.0|-0.09|0.09|-0.09|2.00;0001-01-01T00:00:07.502+01:00|W8|1.6|-1.20|0.24|-1.20|1.08;0001-01-01T00:00:07.502+01:00|W9|0.5|-0.17|0.06|-0.17|0.33;0001-01-01T00:00:07.502+01:00|W10|0.6|-0.41|0.13|-0.41|0.39;0001-01-01T00:00:07.502+01:00|W11|0.5|-0.30|0.07|-0.30|0.37;0001-01-01T00:00:07.502+01:00|W12|0.5|-0.16|0.04|-0.16|0.47"
92.00;2.99;0001-01-01T00:00:07.5060000+01:00;85.18;-0.26;-37.44;24.9;-10.620;-7.052;33.264;-31.643;11.602;-15.497;99.819;-69.535;121.658;"0001-01-01T00:00:07.502+01:00|W1|0.8|0.42|0.42|0.42|0.57;0001-01-01T00:00:07.502+01:00|W2|0.7|-0.25|0.07|-0.25|0.35;0001-01-01T00:00:07.502+01:00|W3|0.8|-0.25|0.07|-0.25|0.69;0001-01-01T00:00:07.502+01:00|W4|0.7|0.45|0.07|0.45|0.47;0001-01-01T00:00:07.502+01:00|W5|0.6|0.29|0.09|0.29|0.57;0001-01-01T00:00:07.502+01:00|W6|1.4|-0.18|0.12|-0.18|1.38;0001-01-01T00:00:07.502+01:00|W7|2.0|-0.09|0.09|-0.09|2.00;0001-01-01T00:00:07.502+01:00|W8|1.6|-1.20|0.24|-1.20|1.08;0001-01-01T00:00:07.502+01:00|W9|0.5|-0.17|0.06|-0.17|0.33;0001-01-01T00:00:07.502+01:00|W10|0.6|-0.41|0.13|-0.41|0.39;0001-01-01T00:00:07.502+01:00|W11|0.5|-0.30|0.07|-0.30|0.37;0001-01-01T00:00:07.502+01:00|W12|0.5|-0.16|0.04|-0.16|0.47"
93.00;3.02;0001-01-01T00:00:07.5360000+01:00;86.02;-0.28;-37.99;25.3;-10.622;-7.187;33.739;-31.795;11.697;-15.525;100.076;-69.887;122.070;"0001-01-01T00:00:07.502+01:00|W1|0.8|0.42|0.42|0.42|0.57;0001-01-01T00:00:07.502+01:00|W2|0.7|-0.25|0.07|-0.25|0.35;0001-01-01T00:00:07.502+01:00|W3|0.8|-0.25|0.07|-0.25|0.69;0001-01-01T00:00:07.502+01:00|W4|0.7|0.45|0.07|0.45|0.47;0001-01-01T00:00:07.502+01:00|W5|0.6|0.29|0.09|0.29|0.57;0001-01-01T00:00:07.502+01:00|W6|1.4|-0.18|0.12|-0.18|1.38;0001-01-01T00:00:07.502+01:00|W7|2.0|-0.09|0.09|-0.09|2.00;0001-01-01T00:00:07.502+01:00|W8|1.6|-1.20|0.24|-1.20|1.08;0001-01-01T00:00:07.502+01:00|W9|0.5|-0.17|0.06|-0.17|0.33;0001-01-01T00:00:07.502+01:00|W10|0.6|-0.41|0.13|-0.41|0.39;0001-01-01T00:00:07.502+01:00|W11|0.5|-0.30|0.07|-0.30|0.37;0001-01-01T00:00:07.502+01:00|W12|0.5|-0.16|0.04|-0.16|0.47"
94.00;3.21;0001-01-01T00:00:07.5670000+01:00;86.95;-0.39;-38.43;26.5;-10.247;-7.327;33.222;-31.952;11.312;-15.553;99.814;-69.884;121.853;"0001-01-01T00:00:07.502+01:00|W1|0.8|0.42|0.42|0.42|0.57;0001-01-01T00:00:07.502+01:00|W2|0.7|-0.25|0.07|-0.25|0.35;0001-01-01T00:00:07.502+01:00|W3|0.8|-0.25|0.07|-0.25|0.69;0001-01-01T00:00:07.502+01:00|W4|0.7|0.45|0.07|0.45|0.47;0001-01-01T00:00:07.502+01:00|W5|0.6|0.29|0.09|0.29|0.57;0001-01-01T00:00:07.502+01:00|W6|1.4|-0.18|0.12|-0.18|1.38;0001-01-01T00:00:07.502+01:00|W7|2.0|-0.09|0.09|-0.09|2.00;0001-01-01T00:00:07.502+01:00|W8|1.6|-1.20|0.24|-1.20|1.08;0001-01-01T00:00:07.502+01:00|W9|0.5|-0.17|0.06|-0.17|0.33;0001-01-01T00:00:07.502+01:00|W10|0.6|-0.41|0.13|-0.41|0.39;0001-01-01T00:00:07.502+01:00|W11|0.5|-0.30|0.07|-0.30|0.37;0001-01-01T00:00:07.502+01:00|W12|0.5|-0.16|0.04|-0.16|0.47"
95.00;3.17;0001-01-01T00:00:07.5970000+01:00;87.76;-0.39;-39.03;26.6;-9.896;-7.655;32.737;-32.028;10.950;-15.741;99.994;-70.417;122.307;"0001-01-01T00:00:07.502+01:00|W1|0.8|0.42|0.42|0.42|0.57;0001-01-01T00:00:07.502+01:00|W2|0.7|-0.25|0.07|-0.25|0.35;0001-01-01T00:00:07.502+01:00|W3|0.8|-0.25|0.07|-0.25|0.69;0001-01-01T00:00:07.502+01:00|W4|0.7|0.45|0.07|0.45|0.47;0001-01-01T00:00:07.502+01:00|W5|0.6|0.29|0.09|0.29|0.57;0001-01-01T00:00:07.502+01:00|W6|1.4|-0.18|0.12|-0.18|1.38;0001-01-01T00:00:07.502+01:00|W7|2.0|-0.09|0.09|-0.09|2.00;0001-01-01T00:00:07.502+01:00|W8|1.6|-1.20|0.24|-1.20|1.08;0001-01-01T00:00:07.502+01:00|W9|0.5|-0.17|0.06|-0.17|0.33;0001-01-01T00:00:07.502+01:00|W10|0.6|-0.41|0.13|-0.41|0.39;0001-01-01T00:00:07.502+01:00|W11|0.5|-0.30|0.07|-0.30|0.37;0001-01-01T00:00:07.502+01:00|W12|0.5|-0.16|0.04|-0.16|0.47"
96.00;2.99;0001-01-01T00:00:07.6250000+01:00;88.51;-0.31;-39.73;25.9;-9.560;-8.111;32.273;-32.049;10.605;-16.037;100.474;-71.314;123.221;"0001-01-01T00:00:07.502+01:00|W1|0.8|0.42|0.42|0.42|0.57;0001-01-01T00:00:07.502+01:00|W2|0.7|-0.25|0.07|-0.25|0.35;0001-01-01T00:00:07.502+01:00|W3|0.8|-0.25|0.07|-0.25|0.69;0001-01-01T00:00:07.502+01:00|W4|0.7|0.45|0.07|0.45|0.47;0001-01-01T00:00:07.502+01:00|W5|0.6|0.29|0.09|0.29|0.57;0001-01-01T00:00:07.502+01:00|W6|1.4|-0.18|0.12|-0.18|1.38;0001-01-01T00:00:07.502+01:00|W7|2.0|-0.09|0.09|-0.09|2.00;0001-01-01T00:00:07.502+01:00|W8|1.6|-1.20|0.24|-1.20|1.08;0001-01-01T00:00:07.502+01:00|W9|0.5|-0.17|0.06|-0.17|0.33;0001-01-01T00:00:07.502+01:00|W10|0.6|-0.41|0.13|-0.41|0.39;0001-01-01T00:00:07.502+01:00|W11|0.5|-0.30|0.07|-0.30|0.37;0001-01-01T00:00:07.502+01:00|W12|0.5|-0.16|0.04|-0.16|0.47"
97.00;2.94;0001-01-01T00:00:07.6540000+01:00;89.31;-0.31;-40.34;25.4;-9.080;-8.584;31.838;-32.071;10.055;-16.344;100.659;-71.758;123.629;"0001-01-01T00:00:07.750+01:00|W1|0.8|0.42|0.42|0.42|0.57;0001-01-01T00:00:07.750+01:00|W2|0.7|-0.28|0.01|-0.28|0.30;0001-01-01T00:00:07.750+01:00|W3|0.8|-0.25|0.07|-0.25|0.69;0001-01-01T00:00:07.750+01:00|W4|0.7|0.45|0.07|0.45|0.47;0001-01-01T00:00:07.750+01:00|W5|0.6|0.29|0.09|0.29|0.57;0001-01-01T00:00:07.750+01:00|W6|1.4|-0.18|0.12|-0.18|1.38;0001-01-01T00:00:07.750+01:00|W7|2.0|-0.09|0.09|-0.09|2.00;0001-01-01T00:00:07.750+01:00|W8|1.6|-1.20|0.24|-1.20|1.08;0001-01-01T00:00:07.750+01:00|W9|0.5|-0.17|0.06|-0.17|0.33;0001-01-01T00:00:07.750+01:00|W10|0.6|-0.41|0.13|-0.41|0.39;0001-01-01T00:00:07.750+01:00|W11|0.5|-0.30|0.07|-0.30|0.37;0001-01-01T00:00:07.750+01:00|W12|0.5|-0.16|0.04|-0.16|0.47"
98.00;2.93;0001-01-01T00:00:07.6830000+01:00;90.13;-0.32;-40.92;24.8;-8.592;-9.060;31.483;-32.093;9.481;-16.653;100.738;-72.084;123.883;"0001-01-01T00:00:07.750+01:00|W1|0.8|0.42|0.42|0.42|0.57;0001-01-01T00:00:07.750+01:00|W2|0.7|-0.28|0.01|-0.28|0.30;0001-01-01T00:00:07.750+01:00|W3|0.8|-0.25|0.07|-0.25|0.69;0001-01-01T00:00:07.750+01:00|W4|0.7|0.45|0.07|0.45|0.47;0001-01-01T00:00:07.750+01:00|W5|0.6|0.29|0.09|0.29|0.57;0001-01-01T00:00:07.750+01:00|W6|1.4|-0.18|0.12|-0.18|1.38;0001-01-01T00:00:07.750+01:00|W7|2.0|-0.09|0.09|-0.09|2.00;0001-01-01T00:00:07.750+01:00|W8|1.6|-1.20|0.24|-1.20|1.08;0001-01-01T00:00:07.750+01:00|W9|0.5|-0.17|0.06|-0.17|0.33;0001-01-01T00:00:07.750+01:00|W10|0.6|-0.41|0.13|-0.41|0.39;0001-01-01T00:00:07.750+01:00|W11|0.5|-0.30|0.07|-0.30|0.37;0001-01-01T00:00:07.750+01:00|W12|0.5|-0.16|0.04|-0.16|0.47"
99.00;2.92;0001-01-01T00:00:07.7130000+01:00;90.94;-0.34;-41.51;24.4;-8.302;-9.533;31.693;-32.115;9.068;-16.960;100.519;-72.296;123.828;"0001-01-01T00:00:07.750+01:00|W1|0.8|0.42|0.42|0.42|0.57;0001-01-01T00:00:07.750+01:00|W2|0.7|-0.28|0.01|-0.28|0.30;0001-01-01T00:00:07.750+01:00|W3|0.8|-0.25|0.07|-0.25|0.69;0001-01-01T00:00:07.750+01:00|W4|0.7|0.45|0.07|0.45|0.47;0001-01-01T00:00:07.750+01:00|W5|0.6|0.29|0.09|0.29|0.57;0001-01-01T00:00:07.750+01:00|W6|1.4|-0.18|0.12|-0.18|1.38;0001-01-01T00:00:07.750+01:00|W7|2.0|-0.09|0.09|-0.09|2.00;0001-01-01T00:00:07.750+01:00|W8|1.6|-1.20|0.24|-1.20|1.08;0001-01-01T00:00:07.750+01:00|W9|0.5|-0.17|0.06|-0.17|0.33;0001-01-01T00:00:07.750+01:00|W10|0.6|-0.41|0.13|-0.41|0.39;0001-01-01T00:00:07.750+01:00|W11|0.5|-0.30|0.07|-0.30|0.37;0001-01-01T00:00:07.750+01:00|W12|0.5|-0.16|0.04|-0.16|0.47"
100.00;2.99;0001-01-01T00:00:07.7430000+01:00;91.80;-0.38;-42.04;24.7;-8.314;-10.020;31.946;-32.138;8.911;-17.276;100.504;-72.444;123.900;"0001-01-01T00:00:07.750+01:00|W1|0.8|0.42|0.42|0.42|0.57;0001-01-01T00:00:07.750+01:00|W2|0.7|-0.28|0.01|-0.28|0.30;0001-01-01T00:00:07.750+01:00|W3|0.8|-0.25|0.07|-0.25|0.69;0001-01-01T00:00:07.750+01:00|W4|0.7|0.45|0.07|0.45|0.47;0001-01-01T00:00:07.750+01:00|W5|0.6|0.29|0.09|0.29|0.57;0001-01-01T00:00:07.750+01:00|W6|1.4|-0.18|0.12|-0.18|1.38;0001-01-01T00:00:07.750+01:00|W7|2.0|-0.09|0.09|-0.09|2.00;0001-01-01T00:00:07.750+01:00|W8|1.6|-1.20|0.24|-1.20|1.08;0001-01-01T00:00:07.750+01:00|W9|0.5|-0.17|0.06|-0.17|0.33;0001-01-01T00:00:07.750+01:00|W10|0.6|-0.41|0.13|-0.41|0.39;0001-01-01T00:00:07.750+01:00|W11|0.5|-0.30|0.07|-0.30|0.37;0001-01-01T00:00:07.750+01:00|W12|0.5|-0.16|0.04|-0.16|0.47"
101.00;3.18;0001-01-01T00:00:07.7740000+01:00;92.71;-0.48;-42.48;25.9;-8.777;-10.528;32.264;-32.161;9.135;-17.606;100.796;-72.496;124.162;"0001-01-01T00:00:07.750+01:00|W1|0.8|0.42|0.42|0.42|0.57;0001-01-01T00:00:07.750+01:00|W2|0.7|-0.28|0.01|-0.28|0.30;0001-01-01T00:00:07.750+01:00|W3|0.8|-0.25|0.07|-0.25|0.69;0001-01-01T00:00:07.750+01:00|W4|0.7|0.45|0.07|0.45|0.47;0001-01-01T00:00:07.750+01:00|W5|0.6|0.29|0.09|0.29|0.57;0001-01-01T00:00:07.750+01:00|W6|1.4|-0.18|0.12|-0.18|1.38;0001-01-01T00:00:07.750+01:00|W7|2.0|-0.09|0.09|-0.09|2.00;0001-01-01T00:00:07.750+01:00|W8|1.6|-1.20|0.24|-1.20|1.08;0001-01-01T00:00:07.750+01:00|W9|0.5|-0.17|0.06|-0.17|0.33;0001-01-01T00:00:07.750+01:00|W10|0.6|-0.41|0.13|-0.41|0.39;0001-01-01T00:00:07.750+01:00|W11|0.5|-0.30|0.07|-0.30|0.37;0001-01-01T00:00:07.750+01:00|W12|0.5|-0.16|0.04|-0.16|0.47"
102.00;3.13;0001-01-01T00:00:07.8020000+01:00;93.50;-0.48;-43.10;26.3;-9.200;-10.431;32.554;-31.819;9.339;-17.323;100.859;-72.862;124.428;"0001-01-01T00:00:07.750+01:00|W1|0.8|0.42|0.42|0.42|0.57;0001-01-01T00:00:07.750+01:00|W2|0.7|-0.28|0.01|-0.28|0.30;0001-01-01T00:00:07.750+01:00|W3|0.8|-0.25|0.07|-0.25|0.69;0001-01-01T00:00:07.750+01:00|W4|0.7|0.45|0.07|0.45|0.47;0001-01-01T00:00:07.750+01:00|W5|0.6|0.29|0.09|0.29|0.57;0001-01-01T00:00:07.750+01:00|W6|1.4|-0.18|0.12|-0.18|1.38;0001-01-01T00:00:07.750+01:00|W7|2.0|-0.09|0.09|-0.09|2.00;0001-01-01T00:00:07.750+01:00|W8|1.6|-1.20|0.24|-1.20|1.08;0001-01-01T00:00:07.750+01:00|W9|0.5|-0.17|0.06|-0.17|0.33;0001-01-01T00:00:07.750+01:00|W10|0.6|-0.41|0.13|-0.41|0.39;0001-01-01T00:00:07.750+01:00|W11|0.5|-0.30|0.07|-0.30|0.37;0001-01-01T00:00:07.750+01:00|W12|0.5|-0.16|0.04|-0.16|0.47"
103.00;3.01;0001-01-01T00:00:07.8300000+01:00;94.27;-0.45;-43.75;26.6;-9.612;-10.186;32.837;-31.387;9.538;-16.892;100.867;-73.304;124.695;"0001-01-01T00:00:07.750+01:00|W1|0.8|0.42|0.42|0.42|0.57;0001-01-01T00:00:07.750+01:00|W2|0.7|-0.28|0.01|-0.28|0.30;0001-01-01T00:00:07.750+01:00|W3|0.8|-0.25|0.07|-0.25|0.69;0001-01-01T00:00:07.750+01:00|W4|0.7|0.45|0.07|0.45|0.47;0001-01-01T00:00:07.750+01:00|W5|0.6|0.29|0.09|0.29|0.57;0001-01-01T00:00:07.750+01:00|W6|1.4|-0.18|0.12|-0.18|1.38;0001-01-01T00:00:07.750+01:00|W7|2.0|-0.09|0.09|-0.09|2.00;0001-01-01T00:00:07.750+01:00|W8|1.6|-1.20|0.24|-1.20|1.08;0001-01-01T00:00:07.750+01:00|W9|0.5|-0.17|0.06|-0.17|0.33;0001-01-01T00:00:07.750+01:00|W10|0.6|-0.41|0.13|-0.41|0.39;0001-01-01T00:00:07.750+01:00|W11|0.5|-0.30|0.07|-0.30|0.37;0001-01-01T00:00:07.750+01:00|W12|0.5|-0.16|0.04|-0.16|0.47"
104.00;2.90;0001-01-01T00:00:07.8580000+01:00;95.03;-0.42;-44.40;26.9;-10.024;-9.941;33.120;-30.956;9.738;-16.460;100.875;-73.746;124.963;"0001-01-01T00:00:07.750+01:00|W1|0.8|0.42|0.42|0.42|0.57;0001-01-01T00:00:07.750+01:00|W2|0.7|-0.28|0.01|-0.28|0.30;0001-01-01T00:00:07.750+01:00|W3|0.8|-0.25|0.07|-0.25|0.69;0001-01-01T00:00:07.750+01:00|W4|0.7|0.45|0.07|0.45|0.47;0001-01-01T00:00:07.750+01:00|W5|0.6|0.29|0.09|0.29|0.57;0001-01-01T00:00:07.750+01:00|W6|1.4|-0.18|0.12|-0.18|1.38;0001-01-01T00:00:07.750+01:00|W7|2.0|-0.09|0.09|-0.09|2.00;0001-01-01T00:00:07.750+01:00|W8|1.6|-1.20|0.24|-1.20|1.08;0001-01-01T00:00:07.750+01:00|W9|0.5|-0.17|0.06|-0.17|0.33;0001-01-01T00:00:07.750+01:00|W10|0.6|-0.41|0.13|-0.41|0.39;0001-01-01T00:00:07.750+01:00|W11|0.5|-0.30|0.07|-0.30|0.37;0001-01-01T00:00:07.750+01:00|W12|0.5|-0.16|0.04|-0.16|0.47"
105.00;2.83;0001-01-01T00:00:07.8870000+01:00;95.82;-0.41;-45.02;26.9;-10.413;-9.692;33.379;-30.518;9.955;-16.022;100.938;-74.146;125.251;"0001-01-01T00:00:08.005+01:00|W1|0.7|0.57|0.38|0.57|0.46;0001-01-01T00:00:08.005+01:00|W2|0.6|-0.31|0.06|-0.31|0.28;0001-01-01T00:00:08.005+01:00|W3|0.7|-0.25|0.06|-0.25|0.69;0001-01-01T00:00:08.005+01:00|W4|0.7|0.48|0.06|0.48|0.45;0001-01-01T00:00:08.005+01:00|W5|0.5|0.21|0.23|0.21|0.42;0001-01-01T00:00:08.005+01:00|W6|1.4|-0.17|0.10|-0.17|1.40;0001-01-01T00:00:08.005+01:00|W7|2.0|0.11|0.03|0.11|1.95;0001-01-01T00:00:08.005+01:00|W8|1.7|-1.30|0.28|-1.30|1.08;0001-01-01T00:00:08.005+01:00|W9|0.5|-0.13|0.08|-0.13|0.31;0001-01-01T00:00:08.005+01:00|W10|0.6|-0.35|0.08|-0.35|0.49;0001-01-01T00:00:08.005+01:00|W11|0.5|-0.26|0.07|-0.26|0.39;0001-01-01T00:00:08.005+01:00|W12|0.5|-0.14|0.01|-0.14|0.46"
106.00;2.92;0001-01-01T00:00:07.9160000+01:00;96.67;-0.45;-45.55;25.8;-10.718;-9.430;33.548;-30.056;10.234;-15.559;101.201;-74.393;125.608;"0001-01-01T00:00:08.005+01:00|W1|0.7|0.57|0.38|0.57|0.46;0001-01-01T00:00:08.005+01:00|W2|0.6|-0.31|0.06|-0.31|0.28;0001-01-01T00:00:08.005+01:00|W3|0.7|-0.25|0.06|-0.25|0.69;0001-01-01T00:00:08.005+01:00|W4|0.7|0.48|0.06|0.48|0.45;0001-01-01T00:00:08.005+01:00|W5|0.5|0.21|0.23|0.21|0.42;0001-01-01T00:00:08.005+01:00|W6|1.4|-0.17|0.10|-0.17|1.40;0001-01-01T00:00:08.005+01:00|W7|2.0|0.11|0.03|0.11|1.95;0001-01-01T00:00:08.005+01:00|W8|1.7|-1.30|0.28|-1.30|1.08;0001-01-01T00:00:08.005+01:00|W9|0.5|-0.13|0.08|-0.13|0.31;0001-01-01T00:00:08.005+01:00|W10|0.6|-0.35|0.08|-0.35|0.49;0001-01-01T00:00:08.005+01:00|W11|0.5|-0.26|0.07|-0.26|0.39;0001-01-01T00:00:08.005+01:00|W12|0.5|-0.14|0.01|-0.14|0.46"
107.00;2.94;0001-01-01T00:00:07.9460000+01:00;97.50;-0.48;-46.11;25.3;-10.865;-9.230;32.995;-29.786;10.381;-15.334;101.325;-74.668;125.872;"0001-01-01T00:00:08.005+01:00|W1|0.7|0.57|0.38|0.57|0.46;0001-01-01T00:00:08.005+01:00|W2|0.6|-0.31|0.06|-0.31|0.28;0001-01-01T00:00:08.005+01:00|W3|0.7|-0.25|0.06|-0.25|0.69;0001-01-01T00:00:08.005+01:00|W4|0.7|0.48|0.06|0.48|0.45;0001-01-01T00:00:08.005+01:00|W5|0.5|0.21|0.23|0.21|0.42;0001-01-01T00:00:08.005+01:00|W6|1.4|-0.17|0.10|-0.17|1.40;0001-01-01T00:00:08.005+01:00|W7|2.0|0.11|0.03|0.11|1.95;0001-01-01T00:00:08.005+01:00|W8|1.7|-1.30|0.28|-1.30|1.08;0001-01-01T00:00:08.005+01:00|W9|0.5|-0.13|0.08|-0.13|0.31;0001-01-01T00:00:08.005+01:00|W10|0.6|-0.35|0.08|-0.35|0.49;0001-01-01T00:00:08.005+01:00|W11|0.5|-0.26|0.07|-0.26|0.39;0001-01-01T00:00:08.005+01:00|W12|0.5|-0.14|0.01|-0.14|0.46"
108.00;2.91;0001-01-01T00:00:07.9740000+01:00;98.31;-0.49;-46.71;25.3;-10.880;-9.083;31.837;-29.677;10.417;-15.308;101.333;-74.968;126.058;"0001-01-01T00:00:08.005+01:00|W1|0.7|0.57|0.38|0.57|0.46;0001-01-01T00:00:08.005+01:00|W2|0.6|-0.31|0.06|-0.31|0.28;0001-01-01T00:00:08.005+01:00|W3|0.7|-0.25|0.06|-0.25|0.69;0001-01-01T00:00:08.005+01:00|W4|0.7|0.48|0.06|0.48|0.45;0001-01-01T00:00:08.005+01:00|W5|0.5|0.21|0.23|0.21|0.42;0001-01-01T00:00:08.005+01:00|W6|1.4|-0.17|0.10|-0.17|1.40;0001-01-01T00:00:08.005+01:00|W7|2.0|0.11|0.03|0.11|1.95;0001-01-01T00:00:08.005+01:00|W8|1.7|-1.30|0.28|-1.30|1.08;0001-01-01T00:00:08.005+01:00|W9|0.5|-0.13|0.08|-0.13|0.31;0001-01-01T00:00:08.005+01:00|W10|0.6|-0.35|0.08|-0.35|0.49;0001-01-01T00:00:08.005+01:00|W11|0.5|-0.26|0.07|-0.26|0.39;0001-01-01T00:00:08.005+01:00|W12|0.5|-0.14|0.01|-0.14|0.46"
109.00;2.90;0001-01-01T00:00:08.0030000+01:00;99.11;-0.51;-47.30;25.2;-10.774;-9.235;31.729;-29.640;10.331;-15.526;101.393;-75.129;126.204;"0001-01-01T00:00:08.005+01:00|W1|0.7|0.57|0.38|0.57|0.46;0001-01-01T00:00:08.005+01:00|W2|0.6|-0.31|0.06|-0.31|0.28;0001-01-01T00:00:08.005+01:00|W3|0.7|-0.25|0.06|-0.25|0.69;0001-01-01T00:00:08.005+01:00|W4|0.7|0.48|0.06|0.48|0.45;0001-01-01T00:00:08.005+01:00|W5|0.5|0.21|0.23|0.21|0.42;0001-01-01T00:00:08.005+01:00|W6|1.4|-0.17|0.10|-0.17|1.40;0001-01-01T00:00:08.005+01:00|W7|2.0|0.11|0.03|0.11|1.95;0001-01-01T00:00:08.005+01:00|W8|1.7|-1.30|0.28|-1.30|1.08;0001-01-01T00:00:08.005+01:00|W9|0.5|-0.13|0.08|-0.13|0.31;0001-01-01T00:00:08.005+01:00|W10|0.6|-0.35|0.08|-0.35|0.49;0001-01-01T00:00:08.005+01:00|W11|0.5|-0.26|0.07|-0.26|0.39;0001-01-01T00:00:08.005+01:00|W12|0.5|-0.14|0.01|-0.14|0.46"
110.00;2.88;0001-01-01T00:00:08.0310000+01:00;99.92;-0.52;-47.89;25.2;-10.648;-9.463;31.844;-29.621;10.216;-15.805;101.469;-75.256;126.343;"0001-01-01T00:00:08.005+01:00|W1|0.7|0.57|0.38|0.57|0.46;0001-01-01T00:00:08.005+01:00|W2|0.6|-0.31|0.06|-0.31|0.28;0001-01-01T00:00:08.005+01:00|W3|0.7|-0.25|0.06|-0.25|0.69;0001-01-01T00:00:08.005+01:00|W4|0.7|0.48|0.06|0.48|0.45;0001-01-01T00:00:08.005+01:00|W5|0.5|0.21|0.23|0.21|0.42;0001-01-01T00:00:08.005+01:00|W6|1.4|-0.17|0.10|-0.17|1.40;0001-01-01T00:00:08.005+01:00|W7|2.0|0.11|0.03|0.11|1.95;0001-01-01T00:00:08.005+01:00|W8|1.7|-1.30|0.28|-1.30|1.08;0001-01-01T00:00:08.005+01:00|W9|0.5|-0.13|0.08|-0.13|0.31;0001-01-01T00:00:08.005+01:00|W10|0.6|-0.35|0.08|-0.35|0.49;0001-01-01T00:00:08.005+01:00|W11|0.5|-0.26|0.07|-0.26|0.39;0001-01-01T00:00:08.005+01:00|W12|0.5|-0.14|0.01|-0.14|0.46"
111.00;2.85;0001-01-01T00:00:08.0600000+01:00;100.72;-0.52;-48.50;25.7;-10.713;-9.690;31.181;-29.602;10.139;-16.084;101.610;-75.417;126.552;"0001-01-01T00:00:08.005+01:00|W1|0.7|0.57|0.38|0.57|0.46;0001-01-01T00:00:08.005+01:00|W2|0.6|-0.31|0.06|-0.31|0.28;0001-01-01T00:00:08.005+01:00|W3|0.7|-0.25|0.06|-0.25|0.69;0001-01-01T00:00:08.005+01:00|W4|0.7|0.48|0.06|0.48|0.45;0001-01-01T00:00:08.005+01:00|W5|0.5|0.21|0.23|0.21|0.42;0001-01-01T00:00:08.005+01:00|W6|1.4|-0.17|0.10|-0.17|1.40;0001-01-01T00:00:08.005+01:00|W7|2.0|0.11|0.03|0.11|1.95;0001-01-01T00:00:08.005+01:00|W8|1.7|-1.30|0.28|-1.30|1.08;0001-01-01T00:00:08.005+01:00|W9|0.5|-0.13|0.08|-0.13|0.31;0001-01-01T00:00:08.005+01:00|W10|0.6|-0.35|0.08|-0.35|0.49;0001-01-01T00:00:08.005+01:00|W11|0.5|-0.26|0.07|-0.26|0.39;0001-01-01T00:00:08.005+01:00|W12|0.5|-0.14|0.01|-0.14|0.46"
112.00;2.82;0001-01-01T00:00:08.0880000+01:00;101.53;-0.54;-49.10;26.0;-10.779;-9.934;30.519;-29.576;10.062;-16.328;101.747;-75.684;126.819;"0001-01-01T00:00:08.005+01:00|W1|0.7|0.57|0.38|0.57|0.46;0001-01-01T00:00:08.005+01:00|W2|0.6|-0.31|0.06|-0.31|0.28;0001-01-01T00:00:08.005+01:00|W3|0.7|-0.25|0.06|-0.25|0.69;0001-01-01T00:00:08.005+01:00|W4|0.7|0.48|0.06|0.48|0.45;0001-01-01T00:00:08.005+01:00|W5|0.5|0.21|0.23|0.21|0.42;0001-01-01T00:00:08.005+01:00|W6|1.4|-0.17|0.10|-0.17|1.40;0001-01-01T00:00:08.005+01:00|W7|2.0|0.11|0.03|0.11|1.95;0001-01-01T00:00:08.005+01:00|W8|1.7|-1.30|0.28|-1.30|1.08;0001-01-01T00:00:08.005+01:00|W9|0.5|-0.13|0.08|-0.13|0.31;0001-01-01T00:00:08.005+01:00|W10|0.6|-0.35|0.08|-0.35|0.49;0001-01-01T00:00:08.005+01:00|W11|0.5|-0.26|0.07|-0.26|0.39;0001-01-01T00:00:08.005+01:00|W12|0.5|-0.14|0.01|-0.14|0.46"
113.00;2.80;0001-01-01T00:00:08.1170000+01:00;102.33;-0.56;-49.70;25.9;-10.844;-10.220;29.860;-29.537;9.986;-16.490;101.875;-76.202;127.227;"0001-01-01T00:00:08.005+01:00|W1|0.7|0.57|0.38|0.57|0.46;0001-01-01T00:00:08.005+01:00|W2|0.6|-0.31|0.06|-0.31|0.28;0001-01-01T00:00:08.005+01:00|W3|0.7|-0.25|0.06|-0.25|0.69;0001-01-01T00:00:08.005+01:00|W4|0.7|0.48|0.06|0.48|0.45;0001-01-01T00:00:08.005+01:00|W5|0.5|0.21|0.23|0.21|0.42;0001-01-01T00:00:08.005+01:00|W6|1.4|-0.17|0.10|-0.17|1.40;0001-01-01T00:00:08.005+01:00|W7|2.0|0.11|0.03|0.11|1.95;0001-01-01T00:00:08.005+01:00|W8|1.7|-1.30|0.28|-1.30|1.08;0001-01-01T00:00:08.005+01:00|W9|0.5|-0.13|0.08|-0.13|0.31;0001-01-01T00:00:08.005+01:00|W10|0.6|-0.35|0.08|-0.35|0.49;0001-01-01T00:00:08.005+01:00|W11|0.5|-0.26|0.07|-0.26|0.39;0001-01-01T00:00:08.005+01:00|W12|0.5|-0.14|0.01|-0.14|0.46"
114.00;2.77;0001-01-01T00:00:08.1450000+01:00;103.13;-0.58;-50.30;26.0;-11.040;-10.505;29.916;-29.498;10.044;-16.652;101.999;-76.518;127.515;"0001-01-01T00:00:08.248+01:00|W1|0.7|0.57|0.38|0.57|0.46;0001-01-01T00:00:08.248+01:00|W2|0.6|-0.33|0.10|-0.33|0.28;0001-01-01T00:00:08.248+01:00|W3|0.8|-0.26|0.06|-0.26|0.69;0001-01-01T00:00:08.248+01:00|W4|0.7|0.49|0.05|0.49|0.45;0001-01-01T00:00:08.248+01:00|W5|0.5|0.24|0.24|0.24|0.38;0001-01-01T00:00:08.248+01:00|W6|1.4|-0.17|0.10|-0.17|1.40;0001-01-01T00:00:08.248+01:00|W7|2.0|0.11|0.03|0.11|1.95;0001-01-01T00:00:08.248+01:00|W8|1.8|-1.34|0.29|-1.34|1.08;0001-01-01T00:00:08.248+01:00|W9|0.5|-0.11|0.09|-0.11|0.33;0001-01-01T00:00:08.248+01:00|W10|0.6|-0.35|0.08|-0.35|0.49;0001-01-01T00:00:08.248+01:00|W11|0.5|-0.26|0.07|-0.26|0.39;0001-01-01T00:00:08.248+01:00|W12|0.5|-0.13|0.02|-0.13|0.47"
115.00;2.75;0001-01-01T00:00:08.1730000+01:00;103.94;-0.58;-50.89;26.5;-11.351;-10.790;30.601;-29.458;10.220;-16.814;102.118;-76.657;127.696;"0001-01-01T00:00:08.248+01:00|W1|0.7|0.57|0.38|0.57|0.46;0001-01-01T00:00:08.248+01:00|W2|0.6|-0.33|0.10|-0.33|0.28;0001-01-01T00:00:08.248+01:00|W3|0.8|-0.26|0.06|-0.26|0.69;0001-01-01T00:00:08.248+01:00|W4|0.7|0.49|0.05|0.49|0.45;0001-01-01T00:00:08.248+01:00|W5|0.5|0.24|0.24|0.24|0.38;0001-01-01T00:00:08.248+01:00|W6|1.4|-0.17|0.10|-0.17|1.40;0001-01-01T00:00:08.248+01:00|W7|2.0|0.11|0.03|0.11|1.95;0001-01-01T00:00:08.248+01:00|W8|1.8|-1.34|0.29|-1.34|1.08;0001-01-01T00:00:08.248+01:00|W9|0.5|-0.11|0.09|-0.11|0.33;0001-01-01T00:00:08.248+01:00|W10|0.6|-0.35|0.08|-0.35|0.49;0001-01-01T00:00:08.248+01:00|W11|0.5|-0.26|0.07|-0.26|0.39;0001-01-01T00:00:08.248+01:00|W12|0.5|-0.13|0.02|-0.13|0.47"
116.00;2.73;0001-01-01T00:00:08.2020000+01:00;104.74;-0.59;-51.50;26.7;-11.806;-10.943;29.960;-29.608;10.423;-16.784;102.260;-76.923;127.969;"0001-01-01T00:00:08.248+01:00|W1|0.7|0.57|0.38|0.57|0.46;0001-01-01T00:00:08.248+01:00|W2|0.6|-0.33|0.10|-0.33|0.28;0001-01-01T00:00:08.248+01:00|W3|0.8|-0.26|0.06|-0.26|0.69;0001-01-01T00:00:08.248+01:00|W4|0.7|0.49|0.05|0.49|0.45;0001-01-01T00:00:08.248+01:00|W5|0.5|0.24|0.24|0.24|0.38;0001-01-01T00:00:08.248+01:00|W6|1.4|-0.17|0.10|-0.17|1.40;0001-01-01T00:00:08.248+01:00|W7|2.0|0.11|0.03|0.11|1.95;0001-01-01T00:00:08.248+01:00|W8|1.8|-1.34|0.29|-1.34|1.08;0001-01-01T00:00:08.248+01:00|W9|0.5|-0.11|0.09|-0.11|0.33;0001-01-01T00:00:08.248+01:00|W10|0.6|-0.35|0.08|-0.35|0.49;0001-01-01T00:00:08.248+01:00|W11|0.5|-0.26|0.07|-0.26|0.39;0001-01-01T00:00:08.248+01:00|W12|0.5|-0.13|0.02|-0.13|0.47"
117.00;2.70;0001-01-01T00:00:08.2300000+01:00;105.54;-0.60;-52.10;26.8;-12.305;-11.054;28.911;-29.817;10.634;-16.694;102.410;-77.227;128.271;"0001-01-01T00:00:08.248+01:00|W1|0.7|0.57|0.38|0.57|0.46;0001-01-01T00:00:08.248+01:00|W2|0.6|-0.33|0.10|-0.33|0.28;0001-01-01T00:00:08.248+01:00|W3|0.8|-0.26|0.06|-0.26|0.69;0001-01-01T00:00:08.248+01:00|W4|0.7|0.49|0.05|0.49|0.45;0001-01-01T00:00:08.248+01:00|W5|0.5|0.24|0.24|0.24|0.38;0001-01-01T00:00:08.248+01:00|W6|1.4|-0.17|0.10|-0.17|1.40;0001-01-01T00:00:08.248+01:00|W7|2.0|0.11|0.03|0.11|1.95;0001-01-01T00:00:08.248+01:00|W8|1.8|-1.34|0.29|-1.34|1.08;0001-01-01T00:00:08.248+01:00|W9|0.5|-0.11|0.09|-0.11|0.33;0001-01-01T00:00:08.248+01:00|W10|0.6|-0.35|0.08|-0.35|0.49;0001-01-01T00:00:08.248+01:00|W11|0.5|-0.26|0.07|-0.26|0.39;0001-01-01T00:00:08.248+01:00|W12|0.5|-0.13|0.02|-0.13|0.47"
118.00;2.68;0001-01-01T00:00:08.2580000+01:00;106.34;-0.62;-52.70;26.5;-12.234;-10.947;28.925;-30.148;10.510;-16.386;102.656;-77.371;128.554;"0001-01-01T00:00:08.248+01:00|W1|0.7|0.57|0.38|0.57|0.46;0001-01-01T00:00:08.248+01:00|W2|0.6|-0.33|0.10|-0.33|0.28;0001-01-01T00:00:08.248+01:00|W3|0.8|-0.26|0.06|-0.26|0.69;0001-01-01T00:00:08.248+01:00|W4|0.7|0.49|0.05|0.49|0.45;0001-01-01T00:00:08.248+01:00|W5|0.5|0.24|0.24|0.24|0.38;0001-01-01T00:00:08.248+01:00|W6|1.4|-0.17|0.10|-0.17|1.40;0001-01-01T00:00:08.248+01:00|W7|2.0|0.11|0.03|0.11|1.95;0001-01-01T00:00:08.248+01:00|W8|1.8|-1.34|0.29|-1.34|1.08;0001-01-01T00:00:08.248+01:00|W9|0.5|-0.11|0.09|-0.11|0.33;0001-01-01T00:00:08.248+01:00|W10|0.6|-0.35|0.08|-0.35|0.49;0001-01-01T00:00:08.248+01:00|W11|0.5|-0.26|0.07|-0.26|0.39;0001-01-01T00:00:08.248+01:00|W12|0.5|-0.13|0.02|-0.13|0.47"
119.00;2.65;0001-01-01T00:00:08.2860000+01:00;107.14;-0.63;-53.30;26.2;-12.157;-10.824;28.953;-30.408;10.383;-16.072;102.906;-77.560;128.867;"0001-01-01T00:00:08.248+01:00|W1|0.7|0.57|0.38|0.57|0.46;0001-01-01T00:00:08.248+01:00|W2|0.6|-0.33|0.10|-0.33|0.28;0001-01-01T00:00:08.248+01:00|W3|0.8|-0.26|0.06|-0.26|0.69;0001-01-01T00:00:08.248+01:00|W4|0.7|0.49|0.05|0.49|0.45;0001-01-01T00:00:08.248+01:00|W5|0.5|0.24|0.24|0.24|0.38;0001-01-01T00:00:08.248+01:00|W6|1.4|-0.17|0.10|-0.17|1.40;0001-01-01T00:00:08.248+01:00|W7|2.0|0.11|0.03|0.11|1.95;0001-01-01T00:00:08.248+01:00|W8|1.8|-1.34|0.29|-1.34|1.08;0001-01-01T00:00:08.248+01:00|W9|0.5|-0.11|0.09|-0.11|0.33;0001-01-01T00:00:08.248+01:00|W10|0.6|-0.35|0.08|-0.35|0.49;0001-01-01T00:00:08.248+01:00|W11|0.5|-0.26|0.07|-0.26|0.39;0001-01-01T00:00:08.248+01:00|W12|0.5|-0.13|0.02|-0.13|0.47"
120.00;2.62;0001-01-01T00:00:08.3140000+01:00;107.93;-0.63;-53.92;25.9;-12.081;-10.647;28.981;-30.404;10.257;-15.749;103.164;-77.924;129.294;"0001-01-01T00:00:08.248+01:00|W1|0.7|0.57|0.38|0.57|0.46;0001-01-01T00:00:08.248+01:00|W2|0.6|-0.33|0.10|-0.33|0.28;0001-01-01T00:00:08.248+01:00|W3|0.8|-0.26|0.06|-0.26|0.69;0001-01-01T00:00:08.248+01:00|W4|0.7|0.49|0.05|0.49|0.45;0001-01-01T00:00:08.248+01:00|W5|0.5|0.24|0.24|0.24|0.38;0001-01-01T00:00:08.248+01:00|W6|1.4|-0.17|0.10|-0.17|1.40;0001-01-01T00:00:08.248+01:00|W7|2.0|0.11|0.03|0.11|1.95;0001-01-01T00:00:08.248+01:00|W8|1.8|-1.34|0.29|-1.34|1.08;0001-01-01T00:00:08.248+01:00|W9|0.5|-0.11|0.09|-0.11|0.33;0001-01-01T00:00:08.248+01:00|W10|0.6|-0.35|0.08|-0.35|0.49;0001-01-01T00:00:08.248+01:00|W11|0.5|-0.26|0.07|-0.26|0.39;0001-01-01T00:00:08.248+01:00|W12|0.5|-0.13|0.02|-0.13|0.47"
121.00;2.59;0001-01-01T00:00:08.3410000+01:00;108.73;-0.64;-54.52;25.4;-11.739;-10.470;28.850;-30.401;10.048;-15.425;103.304;-78.221;129.586;"0001-01-01T00:00:08.248+01:00|W1|0.7|0.57|0.38|0.57|0.46;0001-01-01T00:00:08.248+01:00|W2|0.6|-0.33|0.10|-0.33|0.28;0001-01-01T00:00:08.248+01:00|W3|0.8|-0.26|0.06|-0.26|0.69;0001-01-01T00:00:08.248+01:00|W4|0.7|0.49|0.05|0.49|0.45;0001-01-01T00:00:08.248+01:00|W5|0.5|0.24|0.24|0.24|0.38;0001-01-01T00:00:08.248+01:00|W6|1.4|-0.17|0.10|-0.17|1.40;0001-01-01T00:00:08.248+01:00|W7|2.0|0.11|0.03|0.11|1.95;0001-01-01T00:00:08.248+01:00|W8|1.8|-1.34|0.29|-1.34|1.08;0001-01-01T00:00:08.248+01:00|W9|0.5|-0.11|0.09|-0.11|0.33;0001-01-01T00:00:08.248+01:00|W10|0.6|-0.35|0.08|-0.35|0.49;0001-01-01T00:00:08.248+01:00|W11|0.5|-0.26|0.07|-0.26|0.39;0001-01-01T00:00:08.248+01:00|W12|0.5|-0.13|0.02|-0.13|0.47"
122.00;2.57;0001-01-01T00:00:08.3690000+01:00;109.53;-0.65;-55.13;24.5;-11.012;-10.292;28.488;-30.397;9.720;-15.099;103.275;-78.420;129.681;"0001-01-01T00:00:08.248+01:00|W1|0.7|0.57|0.38|0.57|0.46;0001-01-01T00:00:08.248+01:00|W2|0.6|-0.33|0.10|-0.33|0.28;0001-01-01T00:00:08.248+01:00|W3|0.8|-0.26|0.06|-0.26|0.69;0001-01-01T00:00:08.248+01:00|W4|0.7|0.49|0.05|0.49|0.45;0001-01-01T00:00:08.248+01:00|W5|0.5|0.24|0.24|0.24|0.38;0001-01-01T00:00:08.248+01:00|W6|1.4|-0.17|0.10|-0.17|1.40;0001-01-01T00:00:08.248+01:00|W7|2.0|0.11|0.03|0.11|1.95;0001-01-01T00:00:08.248+01:00|W8|1.8|-1.34|0.29|-1.34|1.08;0001-01-01T00:00:08.248+01:00|W9|0.5|-0.11|0.09|-0.11|0.33;0001-01-01T00:00:08.248+01:00|W10|0.6|-0.35|0.08|-0.35|0.49;0001-01-01T00:00:08.248+01:00|W11|0.5|-0.26|0.07|-0.26|0.39;0001-01-01T00:00:08.248+01:00|W12|0.5|-0.13|0.02|-0.13|0.47"
123.00;2.55;0001-01-01T00:00:08.3970000+01:00;110.33;-0.66;-55.73;24.0;-10.171;-10.164;28.343;-30.178;9.423;-14.961;103.299;-78.614;129.818;"0001-01-01T00:00:08.505+01:00|W1|0.8|0.64|0.29|0.64|0.43;0001-01-01T00:00:08.505+01:00|W2|0.6|-0.35|0.12|-0.35|0.27;0001-01-01T00:00:08.505+01:00|W3|0.8|-0.26|0.06|-0.26|0.69;0001-01-01T00:00:08.505+01:00|W4|0.7|0.49|0.03|0.49|0.49;0001-01-01T00:00:08.505+01:00|W5|0.4|0.23|0.23|0.23|0.36;0001-01-01T00:00:08.505+01:00|W6|1.5|-0.28|0.16|-0.28|1.47;0001-01-01T00:00:08.505+01:00|W7|1.9|0.21|0.01|0.21|1.93;0001-01-01T00:00:08.505+01:00|W8|1.8|-1.36|0.30|-1.36|1.09;0001-01-01T00:00:08.505+01:00|W9|0.5|-0.08|0.09|-0.08|0.36;0001-01-01T00:00:08.505+01:00|W10|0.7|-0.22|0.03|-0.22|0.66;0001-01-01T00:00:08.505+01:00|W11|0.5|-0.26|0.08|-0.26|0.41;0001-01-01T00:00:08.505+01:00|W12|0.5|-0.13|0.02|-0.13|0.46"
124.00;2.52;0001-01-01T00:00:08.4250000+01:00;111.13;-0.67;-56.34;23.7;-9.258;-10.068;28.332;-29.828;9.145;-14.937;103.357;-78.805;129.980;"0001-01-01T00:00:08.505+01:00|W1|0.8|0.64|0.29|0.64|0.43;0001-01-01T00:00:08.505+01:00|W2|0.6|-0.35|0.12|-0.35|0.27;0001-01-01T00:00:08.505+01:00|W3|0.8|-0.26|0.06|-0.26|0.69;0001-01-01T00:00:08.505+01:00|W4|0.7|0.49|0.03|0.49|0.49;0001-01-01T00:00:08.505+01:00|W5|0.4|0.23|0.23|0.23|0.36;0001-01-01T00:00:08.505+01:00|W6|1.5|-0.28|0.16|-0.28|1.47;0001-01-01T00:00:08.505+01:00|W7|1.9|0.21|0.01|0.21|1.93;0001-01-01T00:00:08.505+01:00|W8|1.8|-1.36|0.30|-1.36|1.09;0001-01-01T00:00:08.505+01:00|W9|0.5|-0.08|0.09|-0.08|0.36;0001-01-01T00:00:08.505+01:00|W10|0.7|-0.22|0.03|-0.22|0.66;0001-01-01T00:00:08.505+01:00|W11|0.5|-0.26|0.08|-0.26|0.41;0001-01-01T00:00:08.505+01:00|W12|0.5|-0.13|0.02|-0.13|0.46"
125.00;2.50;0001-01-01T00:00:08.4530000+01:00;111.93;-0.68;-56.94;23.9;-8.536;-9.983;28.311;-29.050;9.070;-15.124;103.423;-78.872;130.074;"0001-01-01T00:00:08.505+01:00|W1|0.8|0.64|0.29|0.64|0.43;0001-01-01T00:00:08.505+01:00|W2|0.6|-0.35|0.12|-0.35|0.27;0001-01-01T00:00:08.505+01:00|W3|0.8|-0.26|0.06|-0.26|0.69;0001-01-01T00:00:08.505+01:00|W4|0.7|0.49|0.03|0.49|0.49;0001-01-01T00:00:08.505+01:00|W5|0.4|0.23|0.23|0.23|0.36;0001-01-01T00:00:08.505+01:00|W6|1.5|-0.28|0.16|-0.28|1.47;0001-01-01T00:00:08.505+01:00|W7|1.9|0.21|0.01|0.21|1.93;0001-01-01T00:00:08.505+01:00|W8|1.8|-1.36|0.30|-1.36|1.09;0001-01-01T00:00:08.505+01:00|W9|0.5|-0.08|0.09|-0.08|0.36;0001-01-01T00:00:08.505+01:00|W10|0.7|-0.22|0.03|-0.22|0.66;0001-01-01T00:00:08.505+01:00|W11|0.5|-0.26|0.08|-0.26|0.41;0001-01-01T00:00:08.505+01:00|W12|0.5|-0.13|0.02|-0.13|0.46"
126.00;2.49;0001-01-01T00:00:08.4810000+01:00;112.73;-0.69;-57.54;24.1;-7.870;-9.899;28.303;-28.209;9.050;-15.358;103.494;-78.913;130.155;"0001-01-01T00:00:08.505+01:00|W1|0.8|0.64|0.29|0.64|0.43;0001-01-01T00:00:08.505+01:00|W2|0.6|-0.35|0.12|-0.35|0.27;0001-01-01T00:00:08.505+01:00|W3|0.8|-0.26|0.06|-0.26|0.69;0001-01-01T00:00:08.505+01:00|W4|0.7|0.49|0.03|0.49|0.49;0001-01-01T00:00:08.505+01:00|W5|0.4|0.23|0.23|0.23|0.36;0001-01-01T00:00:08.505+01:00|W6|1.5|-0.28|0.16|-0.28|1.47;0001-01-01T00:00:08.505+01:00|W7|1.9|0.21|0.01|0.21|1.93;0001-01-01T00:00:08.505+01:00|W8|1.8|-1.36|0.30|-1.36|1.09;0001-01-01T00:00:08.505+01:00|W9|0.5|-0.08|0.09|-0.08|0.36;0001-01-01T00:00:08.505+01:00|W10|0.7|-0.22|0.03|-0.22|0.66;0001-01-01T00:00:08.505+01:00|W11|0.5|-0.26|0.08|-0.26|0.41;0001-01-01T00:00:08.505+01:00|W12|0.5|-0.13|0.02|-0.13|0.46"
127.00;2.46;0001-01-01T00:00:08.5090000+01:00;113.52;-0.71;-58.15;24.4;-7.685;-9.726;28.841;-28.371;9.450;-15.664;103.679;-78.953;130.330;"0001-01-01T00:00:08.505+01:00|W1|0.8|0.64|0.29|0.64|0.43;0001-01-01T00:00:08.505+01:00|W2|0.6|-0.35|0.12|-0.35|0.27;0001-01-01T00:00:08.505+01:00|W3|0.8|-0.26|0.06|-0.26|0.69;0001-01-01T00:00:08.505+01:00|W4|0.7|0.49|0.03|0.49|0.49;0001-01-01T00:00:08.505+01:00|W5|0.4|0.23|0.23|0.23|0.36;0001-01-01T00:00:08.505+01:00|W6|1.5|-0.28|0.16|-0.28|1.47;0001-01-01T00:00:08.505+01:00|W7|1.9|0.21|0.01|0.21|1.93;0001-01-01T00:00:08.505+01:00|W8|1.8|-1.36|0.30|-1.36|1.09;0001-01-01T00:00:08.505+01:00|W9|0.5|-0.08|0.09|-0.08|0.36;0001-01-01T00:00:08.505+01:00|W10|0.7|-0.22|0.03|-0.22|0.66;0001-01-01T00:00:08.505+01:00|W11|0.5|-0.26|0.08|-0.26|0.41;0001-01-01T00:00:08.505+01:00|W12|0.5|-0.13|0.02|-0.13|0.46"
128.00;2.44;0001-01-01T00:00:08.5360000+01:00;114.32;-0.72;-58.76;24.8;-7.501;-9.570;29.377;-28.544;9.848;-15.947;103.824;-79.016;130.486;"0001-01-01T00:00:08.505+01:00|W1|0.8|0.64|0.29|0.64|0.43;0001-01-01T00:00:08.505+01:00|W2|0.6|-0.35|0.12|-0.35|0.27;0001-01-01T00:00:08.505+01:00|W3|0.8|-0.26|0.06|-0.26|0.69;0001-01-01T00:00:08.505+01:00|W4|0.7|0.49|0.03|0.49|0.49;0001-01-01T00:00:08.505+01:00|W5|0.4|0.23|0.23|0.23|0.36;0001-01-01T00:00:08.505+01:00|W6|1.5|-0.28|0.16|-0.28|1.47;0001-01-01T00:00:08.505+01:00|W7|1.9|0.21|0.01|0.21|1.93;0001-01-01T00:00:08.505+01:00|W8|1.8|-1.36|0.30|-1.36|1.09;0001-01-01T00:00:08.505+01:00|W9|0.5|-0.08|0.09|-0.08|0.36;0001-01-01T00:00:08.505+01:00|W10|0.7|-0.22|0.03|-0.22|0.66;0001-01-01T00:00:08.505+01:00|W11|0.5|-0.26|0.08|-0.26|0.41;0001-01-01T00:00:08.505+01:00|W12|0.5|-0.13|0.02|-0.13|0.46"
129.00;2.42;0001-01-01T00:00:08.5640000+01:00;115.11;-0.73;-59.37;25.4;-7.320;-9.474;29.907;-28.756;10.242;-16.151;103.839;-79.158;130.581;"0001-01-01T00:00:08.505+01:00|W1|0.8|0.64|0.29|0.64|0.43;0001-01-01T00:00:08.505+01:00|W2|0.6|-0.35|0.12|-0.35|0.27;0001-01-01T00:00:08.505+01:00|W3|0.8|-0.26|0.06|-0.26|0.69;0001-01-01T00:00:08.505+01:00|W4|0.7|0.49|0.03|0.49|0.49;0001-01-01T00:00:08.505+01:00|W5|0.4|0.23|0.23|0.23|0.36;0001-01-01T00:00:08.505+01:00|W6|1.5|-0.28|0.16|-0.28|1.47;0001-01-01T00:00:08.505+01:00|W7|1.9|0.21|0.01|0.21|1.93;0001-01-01T00:00:08.505+01:00|W8|1.8|-1.36|0.30|-1.36|1.09;0001-01-01T00:00:08.505+01:00|W9|0.5|-0.08|0.09|-0.08|0.36;0001-01-01T00:00:08.505+01:00|W10|0.7|-0.22|0.03|-0.22|0.66;0001-01-01T00:00:08.505+01:00|W11|0.5|-0.26|0.08|-0.26|0.41;0001-01-01T00:00:08.505+01:00|W12|0.5|-0.13|0.02|-0.13|0.46"
130.00;2.39;0001-01-01T00:00:08.5910000+01:00;115.91;-0.74;-59.98;26.0;-7.138;-9.377;30.436;-28.968;10.636;-16.356;103.853;-79.300;130.676;"0001-01-01T00:00:08.505+01:00|W1|0.8|0.64|0.29|0.64|0.43;0001-01-01T00:00:08.505+01:00|W2|0.6|-0.35|0.12|-0.35|0.27;0001-01-01T00:00:08.505+01:00|W3|0.8|-0.26|0.06|-0.26|0.69;0001-01-01T00:00:08.505+01:00|W4|0.7|0.49|0.03|0.49|0.49;0001-01-01T00:00:08.505+01:00|W5|0.4|0.23|0.23|0.23|0.36;0001-01-01T00:00:08.505+01:00|W6|1.5|-0.28|0.16|-0.28|1.47;0001-01-01T00:00:08.505+01:00|W7|1.9|0.21|0.01|0.21|1.93;0001-01-01T00:00:08.505+01:00|W8|1.8|-1.36|0.30|-1.36|1.09;0001-01-01T00:00:08.505+01:00|W9|0.5|-0.08|0.09|-0.08|0.36;0001-01-01T00:00:08.505+01:00|W10|0.7|-0.22|0.03|-0.22|0.66;0001-01-01T00:00:08.505+01:00|W11|0.5|-0.26|0.08|-0.26|0.41;0001-01-01T00:00:08.505+01:00|W12|0.5|-0.13|0.02|-0.13|0.46"
131.00;2.37;0001-01-01T00:00:08.6190000+01:00;116.71;-0.75;-60.59;26.6;-6.956;-9.280;30.966;-29.180;11.029;-16.561;103.868;-79.442;130.771;"0001-01-01T00:00:08.505+01:00|W1|0.8|0.64|0.29|0.64|0.43;0001-01-01T00:00:08.505+01:00|W2|0.6|-0.35|0.12|-0.35|0.27;0001-01-01T00:00:08.505+01:00|W3|0.8|-0.26|0.06|-0.26|0.69;0001-01-01T00:00:08.505+01:00|W4|0.7|0.49|0.03|0.49|0.49;0001-01-01T00:00:08.505+01:00|W5|0.4|0.23|0.23|0.23|0.36;0001-01-01T00:00:08.505+01:00|W6|1.5|-0.28|0.16|-0.28|1.47;0001-01-01T00:00:08.505+01:00|W7|1.9|0.21|0.01|0.21|1.93;0001-01-01T00:00:08.505+01:00|W8|1.8|-1.36|0.30|-1.36|1.09;0001-01-01T00:00:08.505+01:00|W9|0.5|-0.08|0.09|-0.08|0.36;0001-01-01T00:00:08.505+01:00|W10|0.7|-0.22|0.03|-0.22|0.66;0001-01-01T00:00:08.505+01:00|W11|0.5|-0.26|0.08|-0.26|0.41;0001-01-01T00:00:08.505+01:00|W12|0.5|-0.13|0.02|-0.13|0.46"
132.00;2.35;0001-01-01T00:00:08.6460000+01:00;117.50;-0.77;-61.19;27.5;-7.051;-9.183;31.670;-29.393;11.523;-16.766;103.989;-79.621;130.977;"0001-01-01T00:00:08.752+01:00|W1|0.8|0.64|0.29|0.64|0.43;0001-01-01T00:00:08.752+01:00|W2|0.6|-0.35|0.11|-0.35|0.28;0001-01-01T00:00:08.752+01:00|W3|0.8|-0.26|0.05|-0.26|0.69;0001-01-01T00:00:08.752+01:00|W4|0.7|0.49|0.03|0.49|0.49;0001-01-01T00:00:08.752+01:00|W5|0.4|0.23|0.23|0.23|0.36;0001-01-01T00:00:08.752+01:00|W6|1.5|-0.28|0.16|-0.28|1.47;0001-01-01T00:00:08.752+01:00|W7|1.9|0.21|0.01|0.21|1.93;0001-01-01T00:00:08.752+01:00|W8|1.8|-1.36|0.30|-1.36|1.09;0001-01-01T00:00:08.752+01:00|W9|0.5|-0.08|0.09|-0.08|0.36;0001-01-01T00:00:08.752+01:00|W10|0.7|-0.22|0.03|-0.22|0.66;0001-01-01T00:00:08.752+01:00|W11|0.5|-0.26|0.08|-0.26|0.41;0001-01-01T00:00:08.752+01:00|W12|0.5|-0.13|0.02|-0.13|0.46"
133.00;2.34;0001-01-01T00:00:08.6740000+01:00;118.30;-0.79;-61.80;28.7;-7.341;-9.086;32.497;-29.606;12.087;-16.972;104.185;-79.826;131.261;"0001-01-01T00:00:08.752+01:00|W1|0.8|0.64|0.29|0.64|0.43;0001-01-01T00:00:08.752+01:00|W2|0.6|-0.35|0.11|-0.35|0.28;0001-01-01T00:00:08.752+01:00|W3|0.8|-0.26|0.05|-0.26|0.69;0001-01-01T00:00:08.752+01:00|W4|0.7|0.49|0.03|0.49|0.49;0001-01-01T00:00:08.752+01:00|W5|0.4|0.23|0.23|0.23|0.36;0001-01-01T00:00:08.752+01:00|W6|1.5|-0.28|0.16|-0.28|1.47;0001-01-01T00:00:08.752+01:00|W7|1.9|0.21|0.01|0.21|1.93;0001-01-01T00:00:08.752+01:00|W8|1.8|-1.36|0.30|-1.36|1.09;0001-01-01T00:00:08.752+01:00|W9|0.5|-0.08|0.09|-0.08|0.36;0001-01-01T00:00:08.752+01:00|W10|0.7|-0.22|0.03|-0.22|0.66;0001-01-01T00:00:08.752+01:00|W11|0.5|-0.26|0.08|-0.26|0.41;0001-01-01T00:00:08.752+01:00|W12|0.5|-0.13|0.02|-0.13|0.46"
134.00;2.32;0001-01-01T00:00:08.7010000+01:00;119.09;-0.80;-62.41;29.2;-7.778;-8.991;32.925;-30.063;12.612;-16.954;104.281;-79.880;131.372;"0001-01-01T00:00:08.752+01:00|W1|0.8|0.64|0.29|0.64|0.43;0001-01-01T00:00:08.752+01:00|W2|0.6|-0.35|0.11|-0.35|0.28;0001-01-01T00:00:08.752+01:00|W3|0.8|-0.26|0.05|-0.26|0.69;0001-01-01T00:00:08.752+01:00|W4|0.7|0.49|0.03|0.49|0.49;0001-01-01T00:00:08.752+01:00|W5|0.4|0.23|0.23|0.23|0.36;0001-01-01T00:00:08.752+01:00|W6|1.5|-0.28|0.16|-0.28|1.47;0001-01-01T00:00:08.752+01:00|W7|1.9|0.21|0.01|0.21|1.93;0001-01-01T00:00:08.752+01:00|W8|1.8|-1.36|0.30|-1.36|1.09;0001-01-01T00:00:08.752+01:00|W9|0.5|-0.08|0.09|-0.08|0.36;0001-01-01T00:00:08.752+01:00|W10|0.7|-0.22|0.03|-0.22|0.66;0001-01-01T00:00:08.752+01:00|W11|0.5|-0.26|0.08|-0.26|0.41;0001-01-01T00:00:08.752+01:00|W12|0.5|-0.13|0.02|-0.13|0.46"
135.00;2.30;0001-01-01T00:00:08.7290000+01:00;119.89;-0.81;-63.02;29.7;-8.259;-8.898;33.239;-30.591;13.126;-16.872;104.348;-79.891;131.434;"0001-01-01T00:00:08.752+01:00|W1|0.8|0.64|0.29|0.64|0.43;0001-01-01T00:00:08.752+01:00|W2|0.6|-0.35|0.11|-0.35|0.28;0001-01-01T00:00:08.752+01:00|W3|0.8|-0.26|0.05|-0.26|0.69;0001-01-01T00:00:08.752+01:00|W4|0.7|0.49|0.03|0.49|0.49;0001-01-01T00:00:08.752+01:00|W5|0.4|0.23|0.23|0.23|0.36;0001-01-01T00:00:08.752+01:00|W6|1.5|-0.28|0.16|-0.28|1.47;0001-01-01T00:00:08.752+01:00|W7|1.9|0.21|0.01|0.21|1.93;0001-01-01T00:00:08.752+01:00|W8|1.8|-1.36|0.30|-1.36|1.09;0001-01-01T00:00:08.752+01:00|W9|0.5|-0.08|0.09|-0.08|0.36;0001-01-01T00:00:08.752+01:00|W10|0.7|-0.22|0.03|-0.22|0.66;0001-01-01T00:00:08.752+01:00|W11|0.5|-0.26|0.08|-0.26|0.41;0001-01-01T00:00:08.752+01:00|W12|0.5|-0.13|0.02|-0.13|0.46"
136.00;2.28;0001-01-01T00:00:08.7560000+01:00;120.68;-0.83;-63.63;29.5;-8.674;-8.835;32.765;-31.162;13.290;-16.714;104.563;-80.193;131.787;"0001-01-01T00:00:08.752+01:00|W1|0.8|0.64|0.29|0.64|0.43;0001-01-01T00:00:08.752+01:00|W2|0.6|-0.35|0.11|-0.35|0.28;0001-01-01T00:00:08.752+01:00|W3|0.8|-0.26|0.05|-0.26|0.69;0001-01-01T00:00:08.752+01:00|W4|0.7|0.49|0.03|0.49|0.49;0001-01-01T00:00:08.752+01:00|W5|0.4|0.23|0.23|0.23|0.36;0001-01-01T00:00:08.752+01:00|W6|1.5|-0.28|0.16|-0.28|1.47;0001-01-01T00:00:08.752+01:00|W7|1.9|0.21|0.01|0.21|1.93;0001-01-01T00:00:08.752+01:00|W8|1.8|-1.36|0.30|-1.36|1.09;0001-01-01T00:00:08.752+01:00|W9|0.5|-0.08|0.09|-0.08|0.36;0001-01-01T00:00:08.752+01:00|W10|0.7|-0.22|0.03|-0.22|0.66;0001-01-01T00:00:08.752+01:00|W11|0.5|-0.26|0.08|-0.26|0.41;0001-01-01T00:00:08.752+01:00|W12|0.5|-0.13|0.02|-0.13|0.46"
137.00;2.27;0001-01-01T00:00:08.7840000+01:00;121.48;-0.85;-64.23;29.4;-9.086;-8.784;32.256;-31.626;13.438;-16.579;104.772;-80.500;132.139;"0001-01-01T00:00:08.752+01:00|W1|0.8|0.64|0.29|0.64|0.43;0001-01-01T00:00:08.752+01:00|W2|0.6|-0.35|0.11|-0.35|0.28;0001-01-01T00:00:08.752+01:00|W3|0.8|-0.26|0.05|-0.26|0.69;0001-01-01T00:00:08.752+01:00|W4|0.7|0.49|0.03|0.49|0.49;0001-01-01T00:00:08.752+01:00|W5|0.4|0.23|0.23|0.23|0.36;0001-01-01T00:00:08.752+01:00|W6|1.5|-0.28|0.16|-0.28|1.47;0001-01-01T00:00:08.752+01:00|W7|1.9|0.21|0.01|0.21|1.93;0001-01-01T00:00:08.752+01:00|W8|1.8|-1.36|0.30|-1.36|1.09;0001-01-01T00:00:08.752+01:00|W9|0.5|-0.08|0.09|-0.08|0.36;0001-01-01T00:00:08.752+01:00|W10|0.7|-0.22|0.03|-0.22|0.66;0001-01-01T00:00:08.752+01:00|W11|0.5|-0.26|0.08|-0.26|0.41;0001-01-01T00:00:08.752+01:00|W12|0.5|-0.13|0.02|-0.13|0.46"
138.00;2.25;0001-01-01T00:00:08.8110000+01:00;122.27;-0.86;-64.85;29.6;-9.494;-8.794;31.753;-31.412;13.585;-16.614;104.904;-80.748;132.397;"0001-01-01T00:00:08.752+01:00|W1|0.8|0.64|0.29|0.64|0.43;0001-01-01T00:00:08.752+01:00|W2|0.6|-0.35|0.11|-0.35|0.28;0001-01-01T00:00:08.752+01:00|W3|0.8|-0.26|0.05|-0.26|0.69;0001-01-01T00:00:08.752+01:00|W4|0.7|0.49|0.03|0.49|0.49;0001-01-01T00:00:08.752+01:00|W5|0.4|0.23|0.23|0.23|0.36;0001-01-01T00:00:08.752+01:00|W6|1.5|-0.28|0.16|-0.28|1.47;0001-01-01T00:00:08.752+01:00|W7|1.9|0.21|0.01|0.21|1.93;0001-01-01T00:00:08.752+01:00|W8|1.8|-1.36|0.30|-1.36|1.09;0001-01-01T00:00:08.752+01:00|W9|0.5|-0.08|0.09|-0.08|0.36;0001-01-01T00:00:08.752+01:00|W10|0.7|-0.22|0.03|-0.22|0.66;0001-01-01T00:00:08.752+01:00|W11|0.5|-0.26|0.08|-0.26|0.41;0001-01-01T00:00:08.752+01:00|W12|0.5|-0.13|0.02|-0.13|0.46"
139.00;2.23;0001-01-01T00:00:08.8380000+01:00;123.06;-0.88;-65.46;29.8;-9.901;-8.804;31.250;-31.198;13.731;-16.650;105.036;-80.996;132.655;"0001-01-01T00:00:08.752+01:00|W1|0.8|0.64|0.29|0.64|0.43;0001-01-01T00:00:08.752+01:00|W2|0.6|-0.35|0.11|-0.35|0.28;0001-01-01T00:00:08.752+01:00|W3|0.8|-0.26|0.05|-0.26|0.69;0001-01-01T00:00:08.752+01:00|W4|0.7|0.49|0.03|0.49|0.49;0001-01-01T00:00:08.752+01:00|W5|0.4|0.23|0.23|0.23|0.36;0001-01-01T00:00:08.752+01:00|W6|1.5|-0.28|0.16|-0.28|1.47;0001-01-01T00:00:08.752+01:00|W7|1.9|0.21|0.01|0.21|1.93;0001-01-01T00:00:08.752+01:00|W8|1.8|-1.36|0.30|-1.36|1.09;0001-01-01T00:00:08.752+01:00|W9|0.5|-0.08|0.09|-0.08|0.36;0001-01-01T00:00:08.752+01:00|W10|0.7|-0.22|0.03|-0.22|0.66;0001-01-01T00:00:08.752+01:00|W11|0.5|-0.26|0.08|-0.26|0.41;0001-01-01T00:00:08.752+01:00|W12|0.5|-0.13|0.02|-0.13|0.46"
140.00;2.21;0001-01-01T00:00:08.8650000+01:00;123.86;-0.89;-66.07;30.0;-10.308;-8.814;30.747;-30.984;13.877;-16.685;105.167;-81.243;132.914;"0001-01-01T00:00:08.752+01:00|W1|0.8|0.64|0.29|0.64|0.43;0001-01-01T00:00:08.752+01:00|W2|0.6|-0.35|0.11|-0.35|0.28;0001-01-01T00:00:08.752+01:00|W3|0.8|-0.26|0.05|-0.26|0.69;0001-01-01T00:00:08.752+01:00|W4|0.7|0.49|0.03|0.49|0.49;0001-01-01T00:00:08.752+01:00|W5|0.4|0.23|0.23|0.23|0.36;0001-01-01T00:00:08.752+01:00|W6|1.5|-0.28|0.16|-0.28|1.47;0001-01-01T00:00:08.752+01:00|W7|1.9|0.21|0.01|0.21|1.93;0001-01-01T00:00:08.752+01:00|W8|1.8|-1.36|0.30|-1.36|1.09;0001-01-01T00:00:08.752+01:00|W9|0.5|-0.08|0.09|-0.08|0.36;0001-01-01T00:00:08.752+01:00|W10|0.7|-0.22|0.03|-0.22|0.66;0001-01-01T00:00:08.752+01:00|W11|0.5|-0.26|0.08|-0.26|0.41;0001-01-01T00:00:08.752+01:00|W12|0.5|-0.13|0.02|-0.13|0.46"
141.00;2.18;0001-01-01T00:00:08.8920000+01:00;124.65;-0.91;-66.69;30.0;-10.622;-8.824;30.013;-30.770;13.916;-16.720;105.315;-81.512;133.198;"0001-01-01T00:00:09.000+01:00|W1|0.8|0.65|0.25|0.65|0.42;0001-01-01T00:00:09.000+01:00|W2|0.6|-0.36|0.10|-0.36|0.30;0001-01-01T00:00:09.000+01:00|W3|0.7|-0.24|0.04|-0.24|0.69;0001-01-01T00:00:09.000+01:00|W4|0.7|0.46|0.00|0.46|0.57;0001-01-01T00:00:09.000+01:00|W5|0.5|0.21|0.16|0.21|0.44;0001-01-01T00:00:09.000+01:00|W6|1.5|-0.38|0.17|-0.38|1.48;0001-01-01T00:00:09.000+01:00|W7|1.9|0.25|0.01|0.25|1.92;0001-01-01T00:00:09.000+01:00|W8|1.8|-1.35|0.32|-1.35|1.17;0001-01-01T00:00:09.000+01:00|W9|0.5|-0.09|0.10|-0.09|0.36;0001-01-01T00:00:09.000+01:00|W10|0.7|-0.18|0.02|-0.18|0.66;0001-01-01T00:00:09.000+01:00|W11|0.5|-0.25|0.08|-0.25|0.43;0001-01-01T00:00:09.000+01:00|W12|0.5|-0.14|0.01|-0.14|0.42"
142.00;2.16;0001-01-01T00:00:08.9190000+01:00;125.43;-0.92;-67.31;29.9;-10.822;-8.834;28.997;-30.557;13.824;-16.755;105.481;-81.806;133.512;"0001-01-01T00:00:09.000+01:00|W1|0.8|0.65|0.25|0.65|0.42;0001-01-01T00:00:09.000+01:00|W2|0.6|-0.36|0.10|-0.36|0.30;0001-01-01T00:00:09.000+01:00|W3|0.7|-0.24|0.04|-0.24|0.69;0001-01-01T00:00:09.000+01:00|W4|0.7|0.46|0.00|0.46|0.57;0001-01-01T00:00:09.000+01:00|W5|0.5|0.21|0.16|0.21|0.44;0001-01-01T00:00:09.000+01:00|W6|1.5|-0.38|0.17|-0.38|1.48;0001-01-01T00:00:09.000+01:00|W7|1.9|0.25|0.01|0.25|1.92;0001-01-01T00:00:09.000+01:00|W8|1.8|-1.35|0.32|-1.35|1.17;0001-01-01T00:00:09.000+01:00|W9|0.5|-0.09|0.10|-0.09|0.36;0001-01-01T00:00:09.000+01:00|W10|0.7|-0.18|0.02|-0.18|0.66;0001-01-01T00:00:09.000+01:00|W11|0.5|-0.25|0.08|-0.25|0.43;0001-01-01T00:00:09.000+01:00|W12|0.5|-0.14|0.01|-0.14|0.42"
143.00;2.14;0001-01-01T00:00:08.9460000+01:00;126.22;-0.94;-67.92;29.8;-10.908;-8.844;27.641;-30.345;13.686;-16.790;105.624;-81.890;133.675;"0001-01-01T00:00:09.000+01:00|W1|0.8|0.65|0.25|0.65|0.42;0001-01-01T00:00:09.000+01:00|W2|0.6|-0.36|0.10|-0.36|0.30;0001-01-01T00:00:09.000+01:00|W3|0.7|-0.24|0.04|-0.24|0.69;0001-01-01T00:00:09.000+01:00|W4|0.7|0.46|0.00|0.46|0.57;0001-01-01T00:00:09.000+01:00|W5|0.5|0.21|0.16|0.21|0.44;0001-01-01T00:00:09.000+01:00|W6|1.5|-0.38|0.17|-0.38|1.48;0001-01-01T00:00:09.000+01:00|W7|1.9|0.25|0.01|0.25|1.92;0001-01-01T00:00:09.000+01:00|W8|1.8|-1.35|0.32|-1.35|1.17;0001-01-01T00:00:09.000+01:00|W9|0.5|-0.09|0.10|-0.09|0.36;0001-01-01T00:00:09.000+01:00|W10|0.7|-0.18|0.02|-0.18|0.66;0001-01-01T00:00:09.000+01:00|W11|0.5|-0.25|0.08|-0.25|0.43;0001-01-01T00:00:09.000+01:00|W12|0.5|-0.14|0.01|-0.14|0.42"
144.00;2.13;0001-01-01T00:00:08.9730000+01:00;127.02;-0.96;-68.53;29.6;-10.920;-8.854;26.058;-30.132;13.519;-16.825;105.752;-81.834;133.737;"0001-01-01T00:00:09.000+01:00|W1|0.8|0.65|0.25|0.65|0.42;0001-01-01T00:00:09.000+01:00|W2|0.6|-0.36|0.10|-0.36|0.30;0001-01-01T00:00:09.000+01:00|W3|0.7|-0.24|0.04|-0.24|0.69;0001-01-01T00:00:09.000+01:00|W4|0.7|0.46|0.00|0.46|0.57;0001-01-01T00:00:09.000+01:00|W5|0.5|0.21|0.16|0.21|0.44;0001-01-01T00:00:09.000+01:00|W6|1.5|-0.38|0.17|-0.38|1.48;0001-01-01T00:00:09.000+01:00|W7|1.9|0.25|0.01|0.25|1.92;0001-01-01T00:00:09.000+01:00|W8|1.8|-1.35|0.32|-1.35|1.17;0001-01-01T00:00:09.000+01:00|W9|0.5|-0.09|0.10|-0.09|0.36;0001-01-01T00:00:09.000+01:00|W10|0.7|-0.18|0.02|-0.18|0.66;0001-01-01T00:00:09.000+01:00|W11|0.5|-0.25|0.08|-0.25|0.43;0001-01-01T00:00:09.000+01:00|W12|0.5|-0.14|0.01|-0.14|0.42"
145.00;2.11;0001-01-01T00:00:09.0000000+01:00;127.81;-0.98;-69.15;29.5;-10.739;-8.864;25.834;-29.920;13.368;-16.860;105.951;-81.936;133.955;"0001-01-01T00:00:09.000+01:00|W1|0.8|0.65|0.25|0.65|0.42;0001-01-01T00:00:09.000+01:00|W2|0.6|-0.36|0.10|-0.36|0.30;0001-01-01T00:00:09.000+01:00|W3|0.7|-0.24|0.04|-0.24|0.69;0001-01-01T00:00:09.000+01:00|W4|0.7|0.46|0.00|0.46|0.57;0001-01-01T00:00:09.000+01:00|W5|0.5|0.21|0.16|0.21|0.44;0001-01-01T00:00:09.000+01:00|W6|1.5|-0.38|0.17|-0.38|1.48;0001-01-01T00:00:09.000+01:00|W7|1.9|0.25|0.01|0.25|1.92;0001-01-01T00:00:09.000+01:00|W8|1.8|-1.35|0.32|-1.35|1.17;0001-01-01T00:00:09.000+01:00|W9|0.5|-0.09|0.10|-0.09|0.36;0001-01-01T00:00:09.000+01:00|W10|0.7|-0.18|0.02|-0.18|0.66;0001-01-01T00:00:09.000+01:00|W11|0.5|-0.25|0.08|-0.25|0.43;0001-01-01T00:00:09.000+01:00|W12|0.5|-0.14|0.01|-0.14|0.42"
146.00;2.09;0001-01-01T00:00:09.0270000+01:00;128.60;-0.99;-69.76;29.4;-10.492;-8.874;26.076;-29.708;13.223;-16.895;106.174;-82.093;134.227;"0001-01-01T00:00:09.000+01:00|W1|0.8|0.65|0.25|0.65|0.42;0001-01-01T00:00:09.000+01:00|W2|0.6|-0.36|0.10|-0.36|0.30;0001-01-01T00:00:09.000+01:00|W3|0.7|-0.24|0.04|-0.24|0.69;0001-01-01T00:00:09.000+01:00|W4|0.7|0.46|0.00|0.46|0.57;0001-01-01T00:00:09.000+01:00|W5|0.5|0.21|0.16|0.21|0.44;0001-01-01T00:00:09.000+01:00|W6|1.5|-0.38|0.17|-0.38|1.48;0001-01-01T00:00:09.000+01:00|W7|1.9|0.25|0.01|0.25|1.92;0001-01-01T00:00:09.000+01:00|W8|1.8|-1.35|0.32|-1.35|1.17;0001-01-01T00:00:09.000+01:00|W9|0.5|-0.09|0.10|-0.09|0.36;0001-01-01T00:00:09.000+01:00|W10|0.7|-0.18|0.02|-0.18|0.66;0001-01-01T00:00:09.000+01:00|W11|0.5|-0.25|0.08|-0.25|0.43;0001-01-01T00:00:09.000+01:00|W12|0.5|-0.14|0.01|-0.14|0.42"
147.00;2.08;0001-01-01T00:00:09.0540000+01:00;129.39;-1.00;-70.38;29.3;-10.171;-8.884;24.906;-29.497;13.137;-16.930;106.363;-82.317;134.512;"0001-01-01T00:00:09.000+01:00|W1|0.8|0.65|0.25|0.65|0.42;0001-01-01T00:00:09.000+01:00|W2|0.6|-0.36|0.10|-0.36|0.30;0001-01-01T00:00:09.000+01:00|W3|0.7|-0.24|0.04|-0.24|0.69;0001-01-01T00:00:09.000+01:00|W4|0.7|0.46|0.00|0.46|0.57;0001-01-01T00:00:09.000+01:00|W5|0.5|0.21|0.16|0.21|0.44;0001-01-01T00:00:09.000+01:00|W6|1.5|-0.38|0.17|-0.38|1.48;0001-01-01T00:00:09.000+01:00|W7|1.9|0.25|0.01|0.25|1.92;0001-01-01T00:00:09.000+01:00|W8|1.8|-1.35|0.32|-1.35|1.17;0001-01-01T00:00:09.000+01:00|W9|0.5|-0.09|0.10|-0.09|0.36;0001-01-01T00:00:09.000+01:00|W10|0.7|-0.18|0.02|-0.18|0.66;0001-01-01T00:00:09.000+01:00|W11|0.5|-0.25|0.08|-0.25|0.43;0001-01-01T00:00:09.000+01:00|W12|0.5|-0.14|0.01|-0.14|0.42"
148.00;2.06;0001-01-01T00:00:09.0800000+01:00;130.18;-1.02;-70.99;29.2;-9.837;-8.894;23.564;-29.285;13.059;-16.964;106.546;-82.545;134.794;"0001-01-01T00:00:09.000+01:00|W1|0.8|0.65|0.25|0.65|0.42;0001-01-01T00:00:09.000+01:00|W2|0.6|-0.36|0.10|-0.36|0.30;0001-01-01T00:00:09.000+01:00|W3|0.7|-0.24|0.04|-0.24|0.69;0001-01-01T00:00:09.000+01:00|W4|0.7|0.46|0.00|0.46|0.57;0001-01-01T00:00:09.000+01:00|W5|0.5|0.21|0.16|0.21|0.44;0001-01-01T00:00:09.000+01:00|W6|1.5|-0.38|0.17|-0.38|1.48;0001-01-01T00:00:09.000+01:00|W7|1.9|0.25|0.01|0.25|1.92;0001-01-01T00:00:09.000+01:00|W8|1.8|-1.35|0.32|-1.35|1.17;0001-01-01T00:00:09.000+01:00|W9|0.5|-0.09|0.10|-0.09|0.36;0001-01-01T00:00:09.000+01:00|W10|0.7|-0.18|0.02|-0.18|0.66;0001-01-01T00:00:09.000+01:00|W11|0.5|-0.25|0.08|-0.25|0.43;0001-01-01T00:00:09.000+01:00|W12|0.5|-0.14|0.01|-0.14|0.42"
149.00;2.05;0001-01-01T00:00:09.1070000+01:00;130.97;-1.03;-71.61;29.3;-9.319;-8.904;23.371;-29.074;13.078;-16.999;106.634;-82.374;134.759;"0001-01-01T00:00:09.000+01:00|W1|0.8|0.65|0.25|0.65|0.42;0001-01-01T00:00:09.000+01:00|W2|0.6|-0.36|0.10|-0.36|0.30;0001-01-01T00:00:09.000+01:00|W3|0.7|-0.24|0.04|-0.24|0.69;0001-01-01T00:00:09.000+01:00|W4|0.7|0.46|0.00|0.46|0.57;0001-01-01T00:00:09.000+01:00|W5|0.5|0.21|0.16|0.21|0.44;0001-01-01T00:00:09.000+01:00|W6|1.5|-0.38|0.17|-0.38|1.48;0001-01-01T00:00:09.000+01:00|W7|1.9|0.25|0.01|0.25|1.92;0001-01-01T00:00:09.000+01:00|W8|1.8|-1.35|0.32|-1.35|1.17;0001-01-01T00:00:09.000+01:00|W9|0.5|-0.09|0.10|-0.09|0.36;0001-01-01T00:00:09.000+01:00|W10|0.7|-0.18|0.02|-0.18|0.66;0001-01-01T00:00:09.000+01:00|W11|0.5|-0.25|0.08|-0.25|0.43;0001-01-01T00:00:09.000+01:00|W12|0.5|-0.14|0.01|-0.14|0.42"
150.00;2.04;0001-01-01T00:00:09.1340000+01:00;131.76;-1.04;-72.22;29.3;-8.866;-8.914;23.250;-28.862;13.126;-17.034;106.708;-82.235;134.732;"0001-01-01T00:00:09.252+01:00|W1|0.8|0.64|0.21|0.64|0.43;0001-01-01T00:00:09.252+01:00|W2|0.6|-0.35|0.11|-0.35|0.28;0001-01-01T00:00:09.252+01:00|W3|0.7|-0.21|0.04|-0.21|0.69;0001-01-01T00:00:09.252+01:00|W4|0.7|0.46|0.00|0.46|0.58;0001-01-01T00:00:09.252+01:00|W5|0.7|0.21|0.02|0.21|0.63;0001-01-01T00:00:09.252+01:00|W6|1.6|-0.50|0.21|-0.50|1.51;0001-01-01T00:00:09.252+01:00|W7|1.9|0.22|0.03|0.22|1.88;0001-01-01T00:00:09.252+01:00|W8|1.8|-1.20|0.19|-1.20|1.23;0001-01-01T00:00:09.252+01:00|W9|0.5|-0.14|0.06|-0.14|0.31;0001-01-01T00:00:09.252+01:00|W10|0.6|-0.16|0.03|-0.16|0.61;0001-01-01T00:00:09.252+01:00|W11|0.5|-0.24|0.09|-0.24|0.46;0001-01-01T00:00:09.252+01:00|W12|0.5|-0.15|0.02|-0.15|0.42"
151.00;2.04;0001-01-01T00:00:09.1610000+01:00;132.56;-1.05;-72.83;29.4;-8.787;-8.924;23.538;-28.649;13.335;-17.069;106.701;-82.284;134.755;"0001-01-01T00:00:09.252+01:00|W1|0.8|0.64|0.21|0.64|0.43;0001-01-01T00:00:09.252+01:00|W2|0.6|-0.35|0.11|-0.35|0.28;0001-01-01T00:00:09.252+01:00|W3|0.7|-0.21|0.04|-0.21|0.69;0001-01-01T00:00:09.252+01:00|W4|0.7|0.46|0.00|0.46|0.58;0001-01-01T00:00:09.252+01:00|W5|0.7|0.21|0.02|0.21|0.63;0001-01-01T00:00:09.252+01:00|W6|1.6|-0.50|0.21|-0.50|1.51;0001-01-01T00:00:09.252+01:00|W7|1.9|0.22|0.03|0.22|1.88;0001-01-01T00:00:09.252+01:00|W8|1.8|-1.20|0.19|-1.20|1.23;0001-01-01T00:00:09.252+01:00|W9|0.5|-0.14|0.06|-0.14|0.31;0001-01-01T00:00:09.252+01:00|W10|0.6|-0.16|0.03|-0.16|0.61;0001-01-01T00:00:09.252+01:00|W11|0.5|-0.24|0.09|-0.24|0.46;0001-01-01T00:00:09.252+01:00|W12|0.5|-0.15|0.02|-0.15|0.42"
152.00;2.04;0001-01-01T00:00:09.1880000+01:00;133.35;-1.05;-73.44;29.5;-8.709;-8.934;23.826;-28.435;13.544;-17.104;106.694;-82.333;134.778;"0001-01-01T00:00:09.252+01:00|W1|0.8|0.64|0.21|0.64|0.43;0001-01-01T00:00:09.252+01:00|W2|0.6|-0.35|0.11|-0.35|0.28;0001-01-01T00:00:09.252+01:00|W3|0.7|-0.21|0.04|-0.21|0.69;0001-01-01T00:00:09.252+01:00|W4|0.7|0.46|0.00|0.46|0.58;0001-01-01T00:00:09.252+01:00|W5|0.7|0.21|0.02|0.21|0.63;0001-01-01T00:00:09.252+01:00|W6|1.6|-0.50|0.21|-0.50|1.51;0001-01-01T00:00:09.252+01:00|W7|1.9|0.22|0.03|0.22|1.88;0001-01-01T00:00:09.252+01:00|W8|1.8|-1.20|0.19|-1.20|1.23;0001-01-01T00:00:09.252+01:00|W9|0.5|-0.14|0.06|-0.14|0.31;0001-01-01T00:00:09.252+01:00|W10|0.6|-0.16|0.03|-0.16|0.61;0001-01-01T00:00:09.252+01:00|W11|0.5|-0.24|0.09|-0.24|0.46;0001-01-01T00:00:09.252+01:00|W12|0.5|-0.15|0.02|-0.15|0.42"
153.00;2.04;0001-01-01T00:00:09.2150000+01:00;134.15;-1.06;-74.04;29.6;-8.630;-8.944;24.114;-28.221;13.753;-17.139;106.687;-82.382;134.801;"0001-01-01T00:00:09.252+01:00|W1|0.8|0.64|0.21|0.64|0.43;0001-01-01T00:00:09.252+01:00|W2|0.6|-0.35|0.11|-0.35|0.28;0001-01-01T00:00:09.252+01:00|W3|0.7|-0.21|0.04|-0.21|0.69;0001-01-01T00:00:09.252+01:00|W4|0.7|0.46|0.00|0.46|0.58;0001-01-01T00:00:09.252+01:00|W5|0.7|0.21|0.02|0.21|0.63;0001-01-01T00:00:09.252+01:00|W6|1.6|-0.50|0.21|-0.50|1.51;0001-01-01T00:00:09.252+01:00|W7|1.9|0.22|0.03|0.22|1.88;0001-01-01T00:00:09.252+01:00|W8|1.8|-1.20|0.19|-1.20|1.23;0001-01-01T00:00:09.252+01:00|W9|0.5|-0.14|0.06|-0.14|0.31;0001-01-01T00:00:09.252+01:00|W10|0.6|-0.16|0.03|-0.16|0.61;0001-01-01T00:00:09.252+01:00|W11|0.5|-0.24|0.09|-0.24|0.46;0001-01-01T00:00:09.252+01:00|W12|0.5|-0.15|0.02|-0.15|0.42"
154.00;2.04;0001-01-01T00:00:09.2420000+01:00;134.94;-1.06;-74.65;29.7;-8.552;-8.955;24.402;-28.008;13.962;-17.175;106.680;-82.432;134.825;"0001-01-01T00:00:09.252+01:00|W1|0.8|0.64|0.21|0.64|0.43;0001-01-01T00:00:09.252+01:00|W2|0.6|-0.35|0.11|-0.35|0.28;0001-01-01T00:00:09.252+01:00|W3|0.7|-0.21|0.04|-0.21|0.69;0001-01-01T00:00:09.252+01:00|W4|0.7|0.46|0.00|0.46|0.58;0001-01-01T00:00:09.252+01:00|W5|0.7|0.21|0.02|0.21|0.63;0001-01-01T00:00:09.252+01:00|W6|1.6|-0.50|0.21|-0.50|1.51;0001-01-01T00:00:09.252+01:00|W7|1.9|0.22|0.03|0.22|1.88;0001-01-01T00:00:09.252+01:00|W8|1.8|-1.20|0.19|-1.20|1.23;0001-01-01T00:00:09.252+01:00|W9|0.5|-0.14|0.06|-0.14|0.31;0001-01-01T00:00:09.252+01:00|W10|0.6|-0.16|0.03|-0.16|0.61;0001-01-01T00:00:09.252+01:00|W11|0.5|-0.24|0.09|-0.24|0.46;0001-01-01T00:00:09.252+01:00|W12|0.5|-0.15|0.02|-0.15|0.42"
155.00;2.04;0001-01-01T00:00:09.2690000+01:00;135.74;-1.06;-75.25;29.7;-8.474;-8.965;24.690;-27.794;14.171;-17.210;106.673;-82.481;134.848;"0001-01-01T00:00:09.252+01:00|W1|0.8|0.64|0.21|0.64|0.43;0001-01-01T00:00:09.252+01:00|W2|0.6|-0.35|0.11|-0.35|0.28;0001-01-01T00:00:09.252+01:00|W3|0.7|-0.21|0.04|-0.21|0.69;0001-01-01T00:00:09.252+01:00|W4|0.7|0.46|0.00|0.46|0.58;0001-01-01T00:00:09.252+01:00|W5|0.7|0.21|0.02|0.21|0.63;0001-01-01T00:00:09.252+01:00|W6|1.6|-0.50|0.21|-0.50|1.51;0001-01-01T00:00:09.252+01:00|W7|1.9|0.22|0.03|0.22|1.88;0001-01-01T00:00:09.252+01:00|W8|1.8|-1.20|0.19|-1.20|1.23;0001-01-01T00:00:09.252+01:00|W9|0.5|-0.14|0.06|-0.14|0.31;0001-01-01T00:00:09.252+01:00|W10|0.6|-0.16|0.03|-0.16|0.61;0001-01-01T00:00:09.252+01:00|W11|0.5|-0.24|0.09|-0.24|0.46;0001-01-01T00:00:09.252+01:00|W12|0.5|-0.15|0.02|-0.15|0.42"
156.00;2.03;0001-01-01T00:00:09.2960000+01:00;136.53;-1.07;-75.86;29.8;-8.395;-8.975;24.977;-27.581;14.379;-17.245;106.665;-82.530;134.871;"0001-01-01T00:00:09.252+01:00|W1|0.8|0.64|0.21|0.64|0.43;0001-01-01T00:00:09.252+01:00|W2|0.6|-0.35|0.11|-0.35|0.28;0001-01-01T00:00:09.252+01:00|W3|0.7|-0.21|0.04|-0.21|0.69;0001-01-01T00:00:09.252+01:00|W4|0.7|0.46|0.00|0.46|0.58;0001-01-01T00:00:09.252+01:00|W5|0.7|0.21|0.02|0.21|0.63;0001-01-01T00:00:09.252+01:00|W6|1.6|-0.50|0.21|-0.50|1.51;0001-01-01T00:00:09.252+01:00|W7|1.9|0.22|0.03|0.22|1.88;0001-01-01T00:00:09.252+01:00|W8|1.8|-1.20|0.19|-1.20|1.23;0001-01-01T00:00:09.252+01:00|W9|0.5|-0.14|0.06|-0.14|0.31;0001-01-01T00:00:09.252+01:00|W10|0.6|-0.16|0.03|-0.16|0.61;0001-01-01T00:00:09.252+01:00|W11|0.5|-0.24|0.09|-0.24|0.46;0001-01-01T00:00:09.252+01:00|W12|0.5|-0.15|0.02|-0.15|0.42"
157.00;2.03;0001-01-01T00:00:09.3230000+01:00;137.32;-1.07;-76.46;29.9;-8.317;-8.985;25.265;-27.368;14.588;-17.280;106.658;-82.579;134.895;"0001-01-01T00:00:09.252+01:00|W1|0.8|0.64|0.21|0.64|0.43;0001-01-01T00:00:09.252+01:00|W2|0.6|-0.35|0.11|-0.35|0.28;0001-01-01T00:00:09.252+01:00|W3|0.7|-0.21|0.04|-0.21|0.69;0001-01-01T00:00:09.252+01:00|W4|0.7|0.46|0.00|0.46|0.58;0001-01-01T00:00:09.252+01:00|W5|0.7|0.21|0.02|0.21|0.63;0001-01-01T00:00:09.252+01:00|W6|1.6|-0.50|0.21|-0.50|1.51;0001-01-01T00:00:09.252+01:00|W7|1.9|0.22|0.03|0.22|1.88;0001-01-01T00:00:09.252+01:00|W8|1.8|-1.20|0.19|-1.20|1.23;0001-01-01T00:00:09.252+01:00|W9|0.5|-0.14|0.06|-0.14|0.31;0001-01-01T00:00:09.252+01:00|W10|0.6|-0.16|0.03|-0.16|0.61;0001-01-01T00:00:09.252+01:00|W11|0.5|-0.24|0.09|-0.24|0.46;0001-01-01T00:00:09.252+01:00|W12|0.5|-0.15|0.02|-0.15|0.42"
158.00;2.02;0001-01-01T00:00:09.3510000+01:00;138.12;-1.07;-77.07;30.0;-8.239;-8.995;25.552;-27.154;14.797;-17.315;106.651;-82.628;134.919;"0001-01-01T00:00:09.252+01:00|W1|0.8|0.64|0.21|0.64|0.43;0001-01-01T00:00:09.252+01:00|W2|0.6|-0.35|0.11|-0.35|0.28;0001-01-01T00:00:09.252+01:00|W3|0.7|-0.21|0.04|-0.21|0.69;0001-01-01T00:00:09.252+01:00|W4|0.7|0.46|0.00|0.46|0.58;0001-01-01T00:00:09.252+01:00|W5|0.7|0.21|0.02|0.21|0.63;0001-01-01T00:00:09.252+01:00|W6|1.6|-0.50|0.21|-0.50|1.51;0001-01-01T00:00:09.252+01:00|W7|1.9|0.22|0.03|0.22|1.88;0001-01-01T00:00:09.252+01:00|W8|1.8|-1.20|0.19|-1.20|1.23;0001-01-01T00:00:09.252+01:00|W9|0.5|-0.14|0.06|-0.14|0.31;0001-01-01T00:00:09.252+01:00|W10|0.6|-0.16|0.03|-0.16|0.61;0001-01-01T00:00:09.252+01:00|W11|0.5|-0.24|0.09|-0.24|0.46;0001-01-01T00:00:09.252+01:00|W12|0.5|-0.15|0.02|-0.15|0.42"
159.00;2.01;0001-01-01T00:00:09.3780000+01:00;138.91;-1.08;-77.68;30.1;-8.160;-9.005;25.840;-26.941;15.006;-17.350;106.644;-82.677;134.942;"0001-01-01T00:00:09.501+01:00|W1|0.8|0.63|0.18|0.63|0.45;0001-01-01T00:00:09.501+01:00|W2|0.6|-0.35|0.11|-0.35|0.23;0001-01-01T00:00:09.501+01:00|W3|0.7|-0.19|0.03|-0.19|0.69;0001-01-01T00:00:09.501+01:00|W4|0.7|0.44|0.02|0.44|0.56;0001-01-01T00:00:09.501+01:00|W5|0.7|0.19|0.07|0.19|0.70;0001-01-01T00:00:09.501+01:00|W6|1.5|-0.70|0.12|-0.70|1.36;0001-01-01T00:00:09.501+01:00|W7|1.9|0.23|0.05|0.23|1.86;0001-01-01T00:00:09.501+01:00|W8|1.7|-1.13|0.13|-1.13|1.25;0001-01-01T00:00:09.501+01:00|W9|0.4|-0.19|0.04|-0.19|0.28;0001-01-01T00:00:09.501+01:00|W10|0.6|-0.15|0.08|-0.15|0.56;0001-01-01T00:00:09.501+01:00|W11|0.6|-0.23|0.10|-0.23|0.49;0001-01-01T00:00:09.501+01:00|W12|0.5|-0.15|0.05|-0.15|0.46"
160.00;2.00;0001-01-01T00:00:09.4040000+01:00;139.70;-1.09;-78.28;30.2;-8.083;-9.241;26.123;-26.100;15.211;-17.499;106.717;-82.803;135.076;"0001-01-01T00:00:09.501+01:00|W1|0.8|0.63|0.18|0.63|0.45;0001-01-01T00:00:09.501+01:00|W2|0.6|-0.35|0.11|-0.35|0.23;0001-01-01T00:00:09.501+01:00|W3|0.7|-0.19|0.03|-0.19|0.69;0001-01-01T00:00:09.501+01:00|W4|0.7|0.44|0.02|0.44|0.56;0001-01-01T00:00:09.501+01:00|W5|0.7|0.19|0.07|0.19|0.70;0001-01-01T00:00:09.501+01:00|W6|1.5|-0.70|0.12|-0.70|1.36;0001-01-01T00:00:09.501+01:00|W7|1.9|0.23|0.05|0.23|1.86;0001-01-01T00:00:09.501+01:00|W8|1.7|-1.13|0.13|-1.13|1.25;0001-01-01T00:00:09.501+01:00|W9|0.4|-0.19|0.04|-0.19|0.28;0001-01-01T00:00:09.501+01:00|W10|0.6|-0.15|0.08|-0.15|0.56;0001-01-01T00:00:09.501+01:00|W11|0.6|-0.23|0.10|-0.23|0.49;0001-01-01T00:00:09.501+01:00|W12|0.5|-0.15|0.05|-0.15|0.46"
161.00;1.98;0001-01-01T00:00:09.4310000+01:00;140.49;-1.10;-78.89;30.4;-8.006;-9.493;26.405;-25.205;15.416;-17.653;106.800;-82.930;135.220;"0001-01-01T00:00:09.501+01:00|W1|0.8|0.63|0.18|0.63|0.45;0001-01-01T00:00:09.501+01:00|W2|0.6|-0.35|0.11|-0.35|0.23;0001-01-01T00:00:09.501+01:00|W3|0.7|-0.19|0.03|-0.19|0.69;0001-01-01T00:00:09.501+01:00|W4|0.7|0.44|0.02|0.44|0.56;0001-01-01T00:00:09.501+01:00|W5|0.7|0.19|0.07|0.19|0.70;0001-01-01T00:00:09.501+01:00|W6|1.5|-0.70|0.12|-0.70|1.36;0001-01-01T00:00:09.501+01:00|W7|1.9|0.23|0.05|0.23|1.86;0001-01-01T00:00:09.501+01:00|W8|1.7|-1.13|0.13|-1.13|1.25;0001-01-01T00:00:09.501+01:00|W9|0.4|-0.19|0.04|-0.19|0.28;0001-01-01T00:00:09.501+01:00|W10|0.6|-0.15|0.08|-0.15|0.56;0001-01-01T00:00:09.501+01:00|W11|0.6|-0.23|0.10|-0.23|0.49;0001-01-01T00:00:09.501+01:00|W12|0.5|-0.15|0.05|-0.15|0.46"
162.00;1.96;0001-01-01T00:00:09.4570000+01:00;141.28;-1.12;-79.50;31.0;-7.931;-9.456;26.682;-24.665;15.617;-17.568;106.998;-82.826;135.314;"0001-01-01T00:00:09.501+01:00|W1|0.8|0.63|0.18|0.63|0.45;0001-01-01T00:00:09.501+01:00|W2|0.6|-0.35|0.11|-0.35|0.23;0001-01-01T00:00:09.501+01:00|W3|0.7|-0.19|0.03|-0.19|0.69;0001-01-01T00:00:09.501+01:00|W4|0.7|0.44|0.02|0.44|0.56;0001-01-01T00:00:09.501+01:00|W5|0.7|0.19|0.07|0.19|0.70;0001-01-01T00:00:09.501+01:00|W6|1.5|-0.70|0.12|-0.70|1.36;0001-01-01T00:00:09.501+01:00|W7|1.9|0.23|0.05|0.23|1.86;0001-01-01T00:00:09.501+01:00|W8|1.7|-1.13|0.13|-1.13|1.25;0001-01-01T00:00:09.501+01:00|W9|0.4|-0.19|0.04|-0.19|0.28;0001-01-01T00:00:09.501+01:00|W10|0.6|-0.15|0.08|-0.15|0.56;0001-01-01T00:00:09.501+01:00|W11|0.6|-0.23|0.10|-0.23|0.49;0001-01-01T00:00:09.501+01:00|W12|0.5|-0.15|0.05|-0.15|0.46"
163.00;1.94;0001-01-01T00:00:09.4830000+01:00;142.07;-1.14;-80.11;31.6;-7.856;-9.419;26.958;-24.125;15.817;-17.482;107.196;-82.723;135.409;"0001-01-01T00:00:09.501+01:00|W1|0.8|0.63|0.18|0.63|0.45;0001-01-01T00:00:09.501+01:00|W2|0.6|-0.35|0.11|-0.35|0.23;0001-01-01T00:00:09.501+01:00|W3|0.7|-0.19|0.03|-0.19|0.69;0001-01-01T00:00:09.501+01:00|W4|0.7|0.44|0.02|0.44|0.56;0001-01-01T00:00:09.501+01:00|W5|0.7|0.19|0.07|0.19|0.70;0001-01-01T00:00:09.501+01:00|W6|1.5|-0.70|0.12|-0.70|1.36;0001-01-01T00:00:09.501+01:00|W7|1.9|0.23|0.05|0.23|1.86;0001-01-01T00:00:09.501+01:00|W8|1.7|-1.13|0.13|-1.13|1.25;0001-01-01T00:00:09.501+01:00|W9|0.4|-0.19|0.04|-0.19|0.28;0001-01-01T00:00:09.501+01:00|W10|0.6|-0.15|0.08|-0.15|0.56;0001-01-01T00:00:09.501+01:00|W11|0.6|-0.23|0.10|-0.23|0.49;0001-01-01T00:00:09.501+01:00|W12|0.5|-0.15|0.05|-0.15|0.46"
164.00;1.92;0001-01-01T00:00:09.5090000+01:00;142.86;-1.16;-80.72;32.2;-7.780;-9.382;27.235;-23.585;16.018;-17.397;107.394;-82.620;135.505;"0001-01-01T00:00:09.501+01:00|W1|0.8|0.63|0.18|0.63|0.45;0001-01-01T00:00:09.501+01:00|W2|0.6|-0.35|0.11|-0.35|0.23;0001-01-01T00:00:09.501+01:00|W3|0.7|-0.19|0.03|-0.19|0.69;0001-01-01T00:00:09.501+01:00|W4|0.7|0.44|0.02|0.44|0.56;0001-01-01T00:00:09.501+01:00|W5|0.7|0.19|0.07|0.19|0.70;0001-01-01T00:00:09.501+01:00|W6|1.5|-0.70|0.12|-0.70|1.36;0001-01-01T00:00:09.501+01:00|W7|1.9|0.23|0.05|0.23|1.86;0001-01-01T00:00:09.501+01:00|W8|1.7|-1.13|0.13|-1.13|1.25;0001-01-01T00:00:09.501+01:00|W9|0.4|-0.19|0.04|-0.19|0.28;0001-01-01T00:00:09.501+01:00|W10|0.6|-0.15|0.08|-0.15|0.56;0001-01-01T00:00:09.501+01:00|W11|0.6|-0.23|0.10|-0.23|0.49;0001-01-01T00:00:09.501+01:00|W12|0.5|-0.15|0.05|-0.15|0.46"
165.00;1.89;0001-01-01T00:00:09.5350000+01:00;143.65;-1.18;-81.34;32.8;-7.705;-9.345;27.512;-23.045;16.219;-17.312;107.592;-82.516;135.601;"0001-01-01T00:00:09.501+01:00|W1|0.8|0.63|0.18|0.63|0.45;0001-01-01T00:00:09.501+01:00|W2|0.6|-0.35|0.11|-0.35|0.23;0001-01-01T00:00:09.501+01:00|W3|0.7|-0.19|0.03|-0.19|0.69;0001-01-01T00:00:09.501+01:00|W4|0.7|0.44|0.02|0.44|0.56;0001-01-01T00:00:09.501+01:00|W5|0.7|0.19|0.07|0.19|0.70;0001-01-01T00:00:09.501+01:00|W6|1.5|-0.70|0.12|-0.70|1.36;0001-01-01T00:00:09.501+01:00|W7|1.9|0.23|0.05|0.23|1.86;0001-01-01T00:00:09.501+01:00|W8|1.7|-1.13|0.13|-1.13|1.25;0001-01-01T00:00:09.501+01:00|W9|0.4|-0.19|0.04|-0.19|0.28;0001-01-01T00:00:09.501+01:00|W10|0.6|-0.15|0.08|-0.15|0.56;0001-01-01T00:00:09.501+01:00|W11|0.6|-0.23|0.10|-0.23|0.49;0001-01-01T00:00:09.501+01:00|W12|0.5|-0.15|0.05|-0.15|0.46"
166.00;1.87;0001-01-01T00:00:09.5610000+01:00;144.44;-1.19;-81.95;33.4;-7.629;-9.308;27.788;-22.505;16.420;-17.226;107.790;-82.413;135.697;"0001-01-01T00:00:09.501+01:00|W1|0.8|0.63|0.18|0.63|0.45;0001-01-01T00:00:09.501+01:00|W2|0.6|-0.35|0.11|-0.35|0.23;0001-01-01T00:00:09.501+01:00|W3|0.7|-0.19|0.03|-0.19|0.69;0001-01-01T00:00:09.501+01:00|W4|0.7|0.44|0.02|0.44|0.56;0001-01-01T00:00:09.501+01:00|W5|0.7|0.19|0.07|0.19|0.70;0001-01-01T00:00:09.501+01:00|W6|1.5|-0.70|0.12|-0.70|1.36;0001-01-01T00:00:09.501+01:00|W7|1.9|0.23|0.05|0.23|1.86;0001-01-01T00:00:09.501+01:00|W8|1.7|-1.13|0.13|-1.13|1.25;0001-01-01T00:00:09.501+01:00|W9|0.4|-0.19|0.04|-0.19|0.28;0001-01-01T00:00:09.501+01:00|W10|0.6|-0.15|0.08|-0.15|0.56;0001-01-01T00:00:09.501+01:00|W11|0.6|-0.23|0.10|-0.23|0.49;0001-01-01T00:00:09.501+01:00|W12|0.5|-0.15|0.05|-0.15|0.46"
167.00;1.84;0001-01-01T00:00:09.5870000+01:00;145.23;-1.21;-82.56;33.8;-7.551;-9.271;27.971;-21.958;16.599;-17.140;107.907;-82.396;135.781;"0001-01-01T00:00:09.501+01:00|W1|0.8|0.63|0.18|0.63|0.45;0001-01-01T00:00:09.501+01:00|W2|0.6|-0.35|0.11|-0.35|0.23;0001-01-01T00:00:09.501+01:00|W3|0.7|-0.19|0.03|-0.19|0.69;0001-01-01T00:00:09.501+01:00|W4|0.7|0.44|0.02|0.44|0.56;0001-01-01T00:00:09.501+01:00|W5|0.7|0.19|0.07|0.19|0.70;0001-01-01T00:00:09.501+01:00|W6|1.5|-0.70|0.12|-0.70|1.36;0001-01-01T00:00:09.501+01:00|W7|1.9|0.23|0.05|0.23|1.86;0001-01-01T00:00:09.501+01:00|W8|1.7|-1.13|0.13|-1.13|1.25;0001-01-01T00:00:09.501+01:00|W9|0.4|-0.19|0.04|-0.19|0.28;0001-01-01T00:00:09.501+01:00|W10|0.6|-0.15|0.08|-0.15|0.56;0001-01-01T00:00:09.501+01:00|W11|0.6|-0.23|0.10|-0.23|0.49;0001-01-01T00:00:09.501+01:00|W12|0.5|-0.15|0.05|-0.15|0.46"
168.00;1.81;0001-01-01T00:00:09.6150000+01:00;146.02;-1.19;-83.16;33.6;-7.462;-9.232;27.886;-21.388;16.716;-17.050;107.791;-82.627;135.826;"0001-01-01T00:00:09.501+01:00|W1|0.8|0.63|0.18|0.63|0.45;0001-01-01T00:00:09.501+01:00|W2|0.6|-0.35|0.11|-0.35|0.23;0001-01-01T00:00:09.501+01:00|W3|0.7|-0.19|0.03|-0.19|0.69;0001-01-01T00:00:09.501+01:00|W4|0.7|0.44|0.02|0.44|0.56;0001-01-01T00:00:09.501+01:00|W5|0.7|0.19|0.07|0.19|0.70;0001-01-01T00:00:09.501+01:00|W6|1.5|-0.70|0.12|-0.70|1.36;0001-01-01T00:00:09.501+01:00|W7|1.9|0.23|0.05|0.23|1.86;0001-01-01T00:00:09.501+01:00|W8|1.7|-1.13|0.13|-1.13|1.25;0001-01-01T00:00:09.501+01:00|W9|0.4|-0.19|0.04|-0.19|0.28;0001-01-01T00:00:09.501+01:00|W10|0.6|-0.15|0.08|-0.15|0.56;0001-01-01T00:00:09.501+01:00|W11|0.6|-0.23|0.10|-0.23|0.49;0001-01-01T00:00:09.501+01:00|W12|0.5|-0.15|0.05|-0.15|0.46"
169.00;1.78;0001-01-01T00:00:09.6420000+01:00;146.81;-1.18;-83.77;33.3;-7.374;-9.193;27.800;-20.819;16.832;-16.960;107.676;-82.858;135.873;"0001-01-01T00:00:09.754+01:00|W1|0.8|0.63|0.07|0.63|0.54;0001-01-01T00:00:09.754+01:00|W2|0.5|-0.34|0.14|-0.34|0.20;0001-01-01T00:00:09.754+01:00|W3|0.8|-0.17|0.03|-0.17|0.70;0001-01-01T00:00:09.754+01:00|W4|0.7|0.41|0.06|0.41|0.53;0001-01-01T00:00:09.754+01:00|W5|0.8|0.14|0.10|0.14|0.74;0001-01-01T00:00:09.754+01:00|W6|1.5|-0.68|0.05|-0.68|1.28;0001-01-01T00:00:09.754+01:00|W7|1.8|0.27|0.09|0.27|1.80;0001-01-01T00:00:09.754+01:00|W8|1.6|-1.08|0.06|-1.08|1.22;0001-01-01T00:00:09.754+01:00|W9|0.4|-0.22|0.03|-0.22|0.28;0001-01-01T00:00:09.754+01:00|W10|0.5|-0.09|0.12|-0.09|0.51;0001-01-01T00:00:09.754+01:00|W11|0.5|-0.20|0.04|-0.20|0.47;0001-01-01T00:00:09.754+01:00|W12|0.6|-0.14|0.09|-0.14|0.52"
170.00;1.75;0001-01-01T00:00:09.6690000+01:00;147.61;-1.17;-84.38;33.1;-7.285;-9.154;27.715;-20.249;16.949;-16.870;107.561;-83.088;135.920;"0001-01-01T00:00:09.754+01:00|W1|0.8|0.63|0.07|0.63|0.54;0001-01-01T00:00:09.754+01:00|W2|0.5|-0.34|0.14|-0.34|0.20;0001-01-01T00:00:09.754+01:00|W3|0.8|-0.17|0.03|-0.17|0.70;0001-01-01T00:00:09.754+01:00|W4|0.7|0.41|0.06|0.41|0.53;0001-01-01T00:00:09.754+01:00|W5|0.8|0.14|0.10|0.14|0.74;0001-01-01T00:00:09.754+01:00|W6|1.5|-0.68|0.05|-0.68|1.28;0001-01-01T00:00:09.754+01:00|W7|1.8|0.27|0.09|0.27|1.80;0001-01-01T00:00:09.754+01:00|W8|1.6|-1.08|0.06|-1.08|1.22;0001-01-01T00:00:09.754+01:00|W9|0.4|-0.22|0.03|-0.22|0.28;0001-01-01T00:00:09.754+01:00|W10|0.5|-0.09|0.12|-0.09|0.51;0001-01-01T00:00:09.754+01:00|W11|0.5|-0.20|0.04|-0.20|0.47;0001-01-01T00:00:09.754+01:00|W12|0.6|-0.14|0.09|-0.14|0.52"
171.00;1.72;0001-01-01T00:00:09.6960000+01:00;148.40;-1.18;-84.99;33.1;-7.199;-9.142;27.631;-19.663;17.063;-16.938;107.612;-83.177;136.014;"0001-01-01T00:00:09.754+01:00|W1|0.8|0.63|0.07|0.63|0.54;0001-01-01T00:00:09.754+01:00|W2|0.5|-0.34|0.14|-0.34|0.20;0001-01-01T00:00:09.754+01:00|W3|0.8|-0.17|0.03|-0.17|0.70;0001-01-01T00:00:09.754+01:00|W4|0.7|0.41|0.06|0.41|0.53;0001-01-01T00:00:09.754+01:00|W5|0.8|0.14|0.10|0.14|0.74;0001-01-01T00:00:09.754+01:00|W6|1.5|-0.68|0.05|-0.68|1.28;0001-01-01T00:00:09.754+01:00|W7|1.8|0.27|0.09|0.27|1.80;0001-01-01T00:00:09.754+01:00|W8|1.6|-1.08|0.06|-1.08|1.22;0001-01-01T00:00:09.754+01:00|W9|0.4|-0.22|0.03|-0.22|0.28;0001-01-01T00:00:09.754+01:00|W10|0.5|-0.09|0.12|-0.09|0.51;0001-01-01T00:00:09.754+01:00|W11|0.5|-0.20|0.04|-0.20|0.47;0001-01-01T00:00:09.754+01:00|W12|0.6|-0.14|0.09|-0.14|0.52"
172.00;1.69;0001-01-01T00:00:09.7230000+01:00;149.19;-1.19;-85.60;33.3;-7.114;-9.147;27.549;-19.067;17.176;-17.106;107.768;-83.176;136.136;"0001-01-01T00:00:09.754+01:00|W1|0.8|0.63|0.07|0.63|0.54;0001-01-01T00:00:09.754+01:00|W2|0.5|-0.34|0.14|-0.34|0.20;0001-01-01T00:00:09.754+01:00|W3|0.8|-0.17|0.03|-0.17|0.70;0001-01-01T00:00:09.754+01:00|W4|0.7|0.41|0.06|0.41|0.53;0001-01-01T00:00:09.754+01:00|W5|0.8|0.14|0.10|0.14|0.74;0001-01-01T00:00:09.754+01:00|W6|1.5|-0.68|0.05|-0.68|1.28;0001-01-01T00:00:09.754+01:00|W7|1.8|0.27|0.09|0.27|1.80;0001-01-01T00:00:09.754+01:00|W8|1.6|-1.08|0.06|-1.08|1.22;0001-01-01T00:00:09.754+01:00|W9|0.4|-0.22|0.03|-0.22|0.28;0001-01-01T00:00:09.754+01:00|W10|0.5|-0.09|0.12|-0.09|0.51;0001-01-01T00:00:09.754+01:00|W11|0.5|-0.20|0.04|-0.20|0.47;0001-01-01T00:00:09.754+01:00|W12|0.6|-0.14|0.09|-0.14|0.52"
173.00;1.65;0001-01-01T00:00:09.7490000+01:00;149.98;-1.19;-86.21;33.5;-7.029;-9.268;27.467;-18.204;17.288;-17.301;107.787;-83.094;136.102;"0001-01-01T00:00:09.754+01:00|W1|0.8|0.63|0.07|0.63|0.54;0001-01-01T00:00:09.754+01:00|W2|0.5|-0.34|0.14|-0.34|0.20;0001-01-01T00:00:09.754+01:00|W3|0.8|-0.17|0.03|-0.17|0.70;0001-01-01T00:00:09.754+01:00|W4|0.7|0.41|0.06|0.41|0.53;0001-01-01T00:00:09.754+01:00|W5|0.8|0.14|0.10|0.14|0.74;0001-01-01T00:00:09.754+01:00|W6|1.5|-0.68|0.05|-0.68|1.28;0001-01-01T00:00:09.754+01:00|W7|1.8|0.27|0.09|0.27|1.80;0001-01-01T00:00:09.754+01:00|W8|1.6|-1.08|0.06|-1.08|1.22;0001-01-01T00:00:09.754+01:00|W9|0.4|-0.22|0.03|-0.22|0.28;0001-01-01T00:00:09.754+01:00|W10|0.5|-0.09|0.12|-0.09|0.51;0001-01-01T00:00:09.754+01:00|W11|0.5|-0.20|0.04|-0.20|0.47;0001-01-01T00:00:09.754+01:00|W12|0.6|-0.14|0.09|-0.14|0.52"
174.00;1.61;0001-01-01T00:00:09.7750000+01:00;150.77;-1.20;-86.82;33.7;-6.944;-9.436;27.385;-17.236;17.401;-17.506;107.753;-82.979;136.008;"0001-01-01T00:00:09.754+01:00|W1|0.8|0.63|0.07|0.63|0.54;0001-01-01T00:00:09.754+01:00|W2|0.5|-0.34|0.14|-0.34|0.20;0001-01-01T00:00:09.754+01:00|W3|0.8|-0.17|0.03|-0.17|0.70;0001-01-01T00:00:09.754+01:00|W4|0.7|0.41|0.06|0.41|0.53;0001-01-01T00:00:09.754+01:00|W5|0.8|0.14|0.10|0.14|0.74;0001-01-01T00:00:09.754+01:00|W6|1.5|-0.68|0.05|-0.68|1.28;0001-01-01T00:00:09.754+01:00|W7|1.8|0.27|0.09|0.27|1.80;0001-01-01T00:00:09.754+01:00|W8|1.6|-1.08|0.06|-1.08|1.22;0001-01-01T00:00:09.754+01:00|W9|0.4|-0.22|0.03|-0.22|0.28;0001-01-01T00:00:09.754+01:00|W10|0.5|-0.09|0.12|-0.09|0.51;0001-01-01T00:00:09.754+01:00|W11|0.5|-0.20|0.04|-0.20|0.47;0001-01-01T00:00:09.754+01:00|W12|0.6|-0.14|0.09|-0.14|0.52"
175.00;1.59;0001-01-01T00:00:09.8000000+01:00;151.57;-1.26;-87.41;34.2;-6.864;-9.437;27.307;-16.814;17.507;-17.637;108.010;-82.788;136.100;"0001-01-01T00:00:09.754+01:00|W1|0.8|0.63|0.07|0.63|0.54;0001-01-01T00:00:09.754+01:00|W2|0.5|-0.34|0.14|-0.34|0.20;0001-01-01T00:00:09.754+01:00|W3|0.8|-0.17|0.03|-0.17|0.70;0001-01-01T00:00:09.754+01:00|W4|0.7|0.41|0.06|0.41|0.53;0001-01-01T00:00:09.754+01:00|W5|0.8|0.14|0.10|0.14|0.74;0001-01-01T00:00:09.754+01:00|W6|1.5|-0.68|0.05|-0.68|1.28;0001-01-01T00:00:09.754+01:00|W7|1.8|0.27|0.09|0.27|1.80;0001-01-01T00:00:09.754+01:00|W8|1.6|-1.08|0.06|-1.08|1.22;0001-01-01T00:00:09.754+01:00|W9|0.4|-0.22|0.03|-0.22|0.28;0001-01-01T00:00:09.754+01:00|W10|0.5|-0.09|0.12|-0.09|0.51;0001-01-01T00:00:09.754+01:00|W11|0.5|-0.20|0.04|-0.20|0.47;0001-01-01T00:00:09.754+01:00|W12|0.6|-0.14|0.09|-0.14|0.52"
176.00;1.58;0001-01-01T00:00:09.8250000+01:00;152.37;-1.33;-88.01;34.7;-6.785;-9.402;27.231;-16.509;17.611;-17.753;108.329;-82.581;136.234;"0001-01-01T00:00:09.754+01:00|W1|0.8|0.63|0.07|0.63|0.54;0001-01-01T00:00:09.754+01:00|W2|0.5|-0.34|0.14|-0.34|0.20;0001-01-01T00:00:09.754+01:00|W3|0.8|-0.17|0.03|-0.17|0.70;0001-01-01T00:00:09.754+01:00|W4|0.7|0.41|0.06|0.41|0.53;0001-01-01T00:00:09.754+01:00|W5|0.8|0.14|0.10|0.14|0.74;0001-01-01T00:00:09.754+01:00|W6|1.5|-0.68|0.05|-0.68|1.28;0001-01-01T00:00:09.754+01:00|W7|1.8|0.27|0.09|0.27|1.80;0001-01-01T00:00:09.754+01:00|W8|1.6|-1.08|0.06|-1.08|1.22;0001-01-01T00:00:09.754+01:00|W9|0.4|-0.22|0.03|-0.22|0.28;0001-01-01T00:00:09.754+01:00|W10|0.5|-0.09|0.12|-0.09|0.51;0001-01-01T00:00:09.754+01:00|W11|0.5|-0.20|0.04|-0.20|0.47;0001-01-01T00:00:09.754+01:00|W12|0.6|-0.14|0.09|-0.14|0.52"
177.00;1.53;0001-01-01T00:00:09.8520000+01:00;153.16;-1.33;-88.62;35.4;-7.159;-9.364;27.095;-16.176;18.075;-17.879;108.327;-82.706;136.308;"0001-01-01T00:00:09.754+01:00|W1|0.8|0.63|0.07|0.63|0.54;0001-01-01T00:00:09.754+01:00|W2|0.5|-0.34|0.14|-0.34|0.20;0001-01-01T00:00:09.754+01:00|W3|0.8|-0.17|0.03|-0.17|0.70;0001-01-01T00:00:09.754+01:00|W4|0.7|0.41|0.06|0.41|0.53;0001-01-01T00:00:09.754+01:00|W5|0.8|0.14|0.10|0.14|0.74;0001-01-01T00:00:09.754+01:00|W6|1.5|-0.68|0.05|-0.68|1.28;0001-01-01T00:00:09.754+01:00|W7|1.8|0.27|0.09|0.27|1.80;0001-01-01T00:00:09.754+01:00|W8|1.6|-1.08|0.06|-1.08|1.22;0001-01-01T00:00:09.754+01:00|W9|0.4|-0.22|0.03|-0.22|0.28;0001-01-01T00:00:09.754+01:00|W10|0.5|-0.09|0.12|-0.09|0.51;0001-01-01T00:00:09.754+01:00|W11|0.5|-0.20|0.04|-0.20|0.47;0001-01-01T00:00:09.754+01:00|W12|0.6|-0.14|0.09|-0.14|0.52"
178.00;1.48;0001-01-01T00:00:09.8790000+01:00;153.95;-1.31;-89.23;36.2;-7.657;-9.326;26.944;-15.834;18.637;-18.008;108.237;-82.921;136.365;"0001-01-01T00:00:09.999+01:00|W1|0.8|0.63|0.07|0.63|0.54;0001-01-01T00:00:09.999+01:00|W2|0.5|-0.34|0.14|-0.34|0.16;0001-01-01T00:00:09.999+01:00|W3|0.8|-0.17|0.03|-0.17|0.70;0001-01-01T00:00:09.999+01:00|W4|0.7|0.41|0.06|0.41|0.53;0001-01-01T00:00:09.999+01:00|W5|0.8|0.14|0.10|0.14|0.74;0001-01-01T00:00:09.999+01:00|W6|1.5|-0.68|0.05|-0.68|1.28;0001-01-01T00:00:09.999+01:00|W7|1.8|0.27|0.09|0.27|1.80;0001-01-01T00:00:09.999+01:00|W8|1.6|-1.08|0.06|-1.08|1.22;0001-01-01T00:00:09.999+01:00|W9|0.4|-0.22|0.03|-0.22|0.28;0001-01-01T00:00:09.999+01:00|W10|0.5|-0.09|0.12|-0.09|0.51;0001-01-01T00:00:09.999+01:00|W11|0.5|-0.20|0.04|-0.20|0.47;0001-01-01T00:00:09.999+01:00|W12|0.6|-0.14|0.09|-0.14|0.52"
179.00;1.43;0001-01-01T00:00:09.9060000+01:00;154.74;-1.33;-89.84;36.5;-8.218;-9.249;26.889;-16.030;18.323;-18.221;108.256;-83.002;136.429;"0001-01-01T00:00:09.999+01:00|W1|0.8|0.63|0.07|0.63|0.54;0001-01-01T00:00:09.999+01:00|W2|0.5|-0.34|0.14|-0.34|0.16;0001-01-01T00:00:09.999+01:00|W3|0.8|-0.17|0.03|-0.17|0.70;0001-01-01T00:00:09.999+01:00|W4|0.7|0.41|0.06|0.41|0.53;0001-01-01T00:00:09.999+01:00|W5|0.8|0.14|0.10|0.14|0.74;0001-01-01T00:00:09.999+01:00|W6|1.5|-0.68|0.05|-0.68|1.28;0001-01-01T00:00:09.999+01:00|W7|1.8|0.27|0.09|0.27|1.80;0001-01-01T00:00:09.999+01:00|W8|1.6|-1.08|0.06|-1.08|1.22;0001-01-01T00:00:09.999+01:00|W9|0.4|-0.22|0.03|-0.22|0.28;0001-01-01T00:00:09.999+01:00|W10|0.5|-0.09|0.12|-0.09|0.51;0001-01-01T00:00:09.999+01:00|W11|0.5|-0.20|0.04|-0.20|0.47;0001-01-01T00:00:09.999+01:00|W12|0.6|-0.14|0.09|-0.14|0.52"
180.00;1.38;0001-01-01T00:00:09.9320000+01:00;155.53;-1.34;-90.45;36.7;-8.782;-9.168;26.837;-16.178;17.978;-18.440;108.287;-83.064;136.491;"0001-01-01T00:00:09.999+01:00|W1|0.8|0.63|0.07|0.63|0.54;0001-01-01T00:00:09.999+01:00|W2|0.5|-0.34|0.14|-0.34|0.16;0001-01-01T00:00:09.999+01:00|W3|0.8|-0.17|0.03|-0.17|0.70;0001-01-01T00:00:09.999+01:00|W4|0.7|0.41|0.06|0.41|0.53;0001-01-01T00:00:09.999+01:00|W5|0.8|0.14|0.10|0.14|0.74;0001-01-01T00:00:09.999+01:00|W6|1.5|-0.68|0.05|-0.68|1.28;0001-01-01T00:00:09.999+01:00|W7|1.8|0.27|0.09|0.27|1.80;0001-01-01T00:00:09.999+01:00|W8|1.6|-1.08|0.06|-1.08|1.22;0001-01-01T00:00:09.999+01:00|W9|0.4|-0.22|0.03|-0.22|0.28;0001-01-01T00:00:09.999+01:00|W10|0.5|-0.09|0.12|-0.09|0.51;0001-01-01T00:00:09.999+01:00|W11|0.5|-0.20|0.04|-0.20|0.47;0001-01-01T00:00:09.999+01:00|W12|0.6|-0.14|0.09|-0.14|0.52"
181.00;1.33;0001-01-01T00:00:09.9580000+01:00;156.33;-1.35;-91.05;37.0;-9.343;-9.061;26.786;-15.568;17.636;-18.709;108.405;-82.968;136.524;"0001-01-01T00:00:09.999+01:00|W1|0.8|0.63|0.07|0.63|0.54;0001-01-01T00:00:09.999+01:00|W2|0.5|-0.34|0.14|-0.34|0.16;0001-01-01T00:00:09.999+01:00|W3|0.8|-0.17|0.03|-0.17|0.70;0001-01-01T00:00:09.999+01:00|W4|0.7|0.41|0.06|0.41|0.53;0001-01-01T00:00:09.999+01:00|W5|0.8|0.14|0.10|0.14|0.74;0001-01-01T00:00:09.999+01:00|W6|1.5|-0.68|0.05|-0.68|1.28;0001-01-01T00:00:09.999+01:00|W7|1.8|0.27|0.09|0.27|1.80;0001-01-01T00:00:09.999+01:00|W8|1.6|-1.08|0.06|-1.08|1.22;0001-01-01T00:00:09.999+01:00|W9|0.4|-0.22|0.03|-0.22|0.28;0001-01-01T00:00:09.999+01:00|W10|0.5|-0.09|0.12|-0.09|0.51;0001-01-01T00:00:09.999+01:00|W11|0.5|-0.20|0.04|-0.20|0.47;0001-01-01T00:00:09.999+01:00|W12|0.6|-0.14|0.09|-0.14|0.52"
182.00;1.29;0001-01-01T00:00:09.9850000+01:00;157.12;-1.36;-91.66;37.2;-9.904;-9.033;26.734;-15.051;17.292;-18.961;108.498;-82.893;136.550;"0001-01-01T00:00:09.999+01:00|W1|0.8|0.63|0.07|0.63|0.54;0001-01-01T00:00:09.999+01:00|W2|0.5|-0.34|0.14|-0.34|0.16;0001-01-01T00:00:09.999+01:00|W3|0.8|-0.17|0.03|-0.17|0.70;0001-01-01T00:00:09.999+01:00|W4|0.7|0.41|0.06|0.41|0.53;0001-01-01T00:00:09.999+01:00|W5|0.8|0.14|0.10|0.14|0.74;0001-01-01T00:00:09.999+01:00|W6|1.5|-0.68|0.05|-0.68|1.28;0001-01-01T00:00:09.999+01:00|W7|1.8|0.27|0.09|0.27|1.80;0001-01-01T00:00:09.999+01:00|W8|1.6|-1.08|0.06|-1.08|1.22;0001-01-01T00:00:09.999+01:00|W9|0.4|-0.22|0.03|-0.22|0.28;0001-01-01T00:00:09.999+01:00|W10|0.5|-0.09|0.12|-0.09|0.51;0001-01-01T00:00:09.999+01:00|W11|0.5|-0.20|0.04|-0.20|0.47;0001-01-01T00:00:09.999+01:00|W12|0.6|-0.14|0.09|-0.14|0.52"
183.00;1.23;0001-01-01T00:00:10.0110000+01:00;157.92;-1.37;-92.26;37.4;-10.467;-9.358;26.682;-14.949;16.948;-19.141;108.483;-82.912;136.548;"0001-01-01T00:00:09.999+01:00|W1|0.8|0.63|0.07|0.63|0.54;0001-01-01T00:00:09.999+01:00|W2|0.5|-0.34|0.14|-0.34|0.16;0001-01-01T00:00:09.999+01:00|W3|0.8|-0.17|0.03|-0.17|0.70;0001-01-01T00:00:09.999+01:00|W4|0.7|0.41|0.06|0.41|0.53;0001-01-01T00:00:09.999+01:00|W5|0.8|0.14|0.10|0.14|0.74;0001-01-01T00:00:09.999+01:00|W6|1.5|-0.68|0.05|-0.68|1.28;0001-01-01T00:00:09.999+01:00|W7|1.8|0.27|0.09|0.27|1.80;0001-01-01T00:00:09.999+01:00|W8|1.6|-1.08|0.06|-1.08|1.22;0001-01-01T00:00:09.999+01:00|W9|0.4|-0.22|0.03|-0.22|0.28;0001-01-01T00:00:09.999+01:00|W10|0.5|-0.09|0.12|-0.09|0.51;0001-01-01T00:00:09.999+01:00|W11|0.5|-0.20|0.04|-0.20|0.47;0001-01-01T00:00:09.999+01:00|W12|0.6|-0.14|0.09|-0.14|0.52"
184.00;1.18;0001-01-01T00:00:10.0380000+01:00;158.71;-1.38;-92.87;37.5;-11.030;-9.683;26.631;-14.847;16.604;-19.321;108.468;-82.930;136.546;"0001-01-01T00:00:09.999+01:00|W1|0.8|0.63|0.07|0.63|0.54;0001-01-01T00:00:09.999+01:00|W2|0.5|-0.34|0.14|-0.34|0.16;0001-01-01T00:00:09.999+01:00|W3|0.8|-0.17|0.03|-0.17|0.70;0001-01-01T00:00:09.999+01:00|W4|0.7|0.41|0.06|0.41|0.53;0001-01-01T00:00:09.999+01:00|W5|0.8|0.14|0.10|0.14|0.74;0001-01-01T00:00:09.999+01:00|W6|1.5|-0.68|0.05|-0.68|1.28;0001-01-01T00:00:09.999+01:00|W7|1.8|0.27|0.09|0.27|1.80;0001-01-01T00:00:09.999+01:00|W8|1.6|-1.08|0.06|-1.08|1.22;0001-01-01T00:00:09.999+01:00|W9|0.4|-0.22|0.03|-0.22|0.28;0001-01-01T00:00:09.999+01:00|W10|0.5|-0.09|0.12|-0.09|0.51;0001-01-01T00:00:09.999+01:00|W11|0.5|-0.20|0.04|-0.20|0.47;0001-01-01T00:00:09.999+01:00|W12|0.6|-0.14|0.09|-0.14|0.52"
185.00;1.12;0001-01-01T00:00:10.0640000+01:00;159.51;-1.39;-93.48;37.7;-11.593;-10.009;26.579;-14.745;16.260;-19.501;108.453;-82.948;136.544;"0001-01-01T00:00:09.999+01:00|W1|0.8|0.63|0.07|0.63|0.54;0001-01-01T00:00:09.999+01:00|W2|0.5|-0.34|0.14|-0.34|0.16;0001-01-01T00:00:09.999+01:00|W3|0.8|-0.17|0.03|-0.17|0.70;0001-01-01T00:00:09.999+01:00|W4|0.7|0.41|0.06|0.41|0.53;0001-01-01T00:00:09.999+01:00|W5|0.8|0.14|0.10|0.14|0.74;0001-01-01T00:00:09.999+01:00|W6|1.5|-0.68|0.05|-0.68|1.28;0001-01-01T00:00:09.999+01:00|W7|1.8|0.27|0.09|0.27|1.80;0001-01-01T00:00:09.999+01:00|W8|1.6|-1.08|0.06|-1.08|1.22;0001-01-01T00:00:09.999+01:00|W9|0.4|-0.22|0.03|-0.22|0.28;0001-01-01T00:00:09.999+01:00|W10|0.5|-0.09|0.12|-0.09|0.51;0001-01-01T00:00:09.999+01:00|W11|0.5|-0.20|0.04|-0.20|0.47;0001-01-01T00:00:09.999+01:00|W12|0.6|-0.14|0.09|-0.14|0.52"
186.00;1.06;0001-01-01T00:00:10.0910000+01:00;160.30;-1.40;-94.08;37.8;-12.156;-10.334;26.527;-14.643;15.916;-19.682;108.438;-82.967;136.543;"0001-01-01T00:00:09.999+01:00|W1|0.8|0.63|0.07|0.63|0.54;0001-01-01T00:00:09.999+01:00|W2|0.5|-0.34|0.14|-0.34|0.16;0001-01-01T00:00:09.999+01:00|W3|0.8|-0.17|0.03|-0.17|0.70;0001-01-01T00:00:09.999+01:00|W4|0.7|0.41|0.06|0.41|0.53;0001-01-01T00:00:09.999+01:00|W5|0.8|0.14|0.10|0.14|0.74;0001-01-01T00:00:09.999+01:00|W6|1.5|-0.68|0.05|-0.68|1.28;0001-01-01T00:00:09.999+01:00|W7|1.8|0.27|0.09|0.27|1.80;0001-01-01T00:00:09.999+01:00|W8|1.6|-1.08|0.06|-1.08|1.22;0001-01-01T00:00:09.999+01:00|W9|0.4|-0.22|0.03|-0.22|0.28;0001-01-01T00:00:09.999+01:00|W10|0.5|-0.09|0.12|-0.09|0.51;0001-01-01T00:00:09.999+01:00|W11|0.5|-0.20|0.04|-0.20|0.47;0001-01-01T00:00:09.999+01:00|W12|0.6|-0.14|0.09|-0.14|0.52"
187.00;1.00;0001-01-01T00:00:10.1170000+01:00;161.09;-1.41;-94.69;38.0;-12.719;-10.659;26.475;-14.541;15.572;-19.862;108.423;-82.985;136.541;"0001-01-01T00:00:09.999+01:00|W1|0.8|0.63|0.07|0.63|0.54;0001-01-01T00:00:09.999+01:00|W2|0.5|-0.34|0.14|-0.34|0.16;0001-01-01T00:00:09.999+01:00|W3|0.8|-0.17|0.03|-0.17|0.70;0001-01-01T00:00:09.999+01:00|W4|0.7|0.41|0.06|0.41|0.53;0001-01-01T00:00:09.999+01:00|W5|0.8|0.14|0.10|0.14|0.74;0001-01-01T00:00:09.999+01:00|W6|1.5|-0.68|0.05|-0.68|1.28;0001-01-01T00:00:09.999+01:00|W7|1.8|0.27|0.09|0.27|1.80;0001-01-01T00:00:09.999+01:00|W8|1.6|-1.08|0.06|-1.08|1.22;0001-01-01T00:00:09.999+01:00|W9|0.4|-0.22|0.03|-0.22|0.28;0001-01-01T00:00:09.999+01:00|W10|0.5|-0.09|0.12|-0.09|0.51;0001-01-01T00:00:09.999+01:00|W11|0.5|-0.20|0.04|-0.20|0.47;0001-01-01T00:00:09.999+01:00|W12|0.6|-0.14|0.09|-0.14|0.52"
188.00;0.94;0001-01-01T00:00:10.1440000+01:00;161.89;-1.42;-95.30;38.2;-13.282;-10.985;26.424;-14.439;15.227;-20.042;108.408;-83.003;136.539;"0001-01-01T00:00:10.250+01:00|W1|0.9|0.61|0.02|0.61|0.59;0001-01-01T00:00:10.250+01:00|W2|0.5|-0.34|0.16|-0.34|0.15;0001-01-01T00:00:10.250+01:00|W3|0.7|-0.14|0.01|-0.14|0.70;0001-01-01T00:00:10.250+01:00|W4|0.6|0.36|0.09|0.36|0.50;0001-01-01T00:00:10.250+01:00|W5|0.8|0.23|0.10|0.23|0.72;0001-01-01T00:00:10.250+01:00|W6|1.3|-0.44|0.10|-0.44|1.19;0001-01-01T00:00:10.250+01:00|W7|1.6|0.32|0.29|0.32|1.57;0001-01-01T00:00:10.250+01:00|W8|1.7|-1.09|0.09|-1.09|1.28;0001-01-01T00:00:10.250+01:00|W9|0.6|-0.33|0.12|-0.33|0.35;0001-01-01T00:00:10.250+01:00|W10|0.5|-0.06|0.12|-0.06|0.50;0001-01-01T00:00:10.250+01:00|W11|0.5|-0.17|0.03|-0.17|0.43;0001-01-01T00:00:10.250+01:00|W12|0.6|-0.13|0.12|-0.13|0.58"
189.00;0.87;0001-01-01T00:00:10.1700000+01:00;162.68;-1.43;-95.90;38.3;-13.846;-11.310;26.372;-14.337;14.883;-20.222;108.392;-83.022;136.537;"0001-01-01T00:00:10.250+01:00|W1|0.9|0.61|0.02|0.61|0.59;0001-01-01T00:00:10.250+01:00|W2|0.5|-0.34|0.16|-0.34|0.15;0001-01-01T00:00:10.250+01:00|W3|0.7|-0.14|0.01|-0.14|0.70;0001-01-01T00:00:10.250+01:00|W4|0.6|0.36|0.09|0.36|0.50;0001-01-01T00:00:10.250+01:00|W5|0.8|0.23|0.10|0.23|0.72;0001-01-01T00:00:10.250+01:00|W6|1.3|-0.44|0.10|-0.44|1.19;0001-01-01T00:00:10.250+01:00|W7|1.6|0.32|0.29|0.32|1.57;0001-01-01T00:00:10.250+01:00|W8|1.7|-1.09|0.09|-1.09|1.28;0001-01-01T00:00:10.250+01:00|W9|0.6|-0.33|0.12|-0.33|0.35;0001-01-01T00:00:10.250+01:00|W10|0.5|-0.06|0.12|-0.06|0.50;0001-01-01T00:00:10.250+01:00|W11|0.5|-0.17|0.03|-0.17|0.43;0001-01-01T00:00:10.250+01:00|W12|0.6|-0.13|0.12|-0.13|0.58"
190.00;0.80;0001-01-01T00:00:10.1970000+01:00;163.48;-1.43;-96.51;38.1;-14.408;-12.044;26.320;-13.217;14.539;-20.056;108.425;-83.099;136.609;"0001-01-01T00:00:10.250+01:00|W1|0.9|0.61|0.02|0.61|0.59;0001-01-01T00:00:10.250+01:00|W2|0.5|-0.34|0.16|-0.34|0.15;0001-01-01T00:00:10.250+01:00|W3|0.7|-0.14|0.01|-0.14|0.70;0001-01-01T00:00:10.250+01:00|W4|0.6|0.36|0.09|0.36|0.50;0001-01-01T00:00:10.250+01:00|W5|0.8|0.23|0.10|0.23|0.72;0001-01-01T00:00:10.250+01:00|W6|1.3|-0.44|0.10|-0.44|1.19;0001-01-01T00:00:10.250+01:00|W7|1.6|0.32|0.29|0.32|1.57;0001-01-01T00:00:10.250+01:00|W8|1.7|-1.09|0.09|-1.09|1.28;0001-01-01T00:00:10.250+01:00|W9|0.6|-0.33|0.12|-0.33|0.35;0001-01-01T00:00:10.250+01:00|W10|0.5|-0.06|0.12|-0.06|0.50;0001-01-01T00:00:10.250+01:00|W11|0.5|-0.17|0.03|-0.17|0.43;0001-01-01T00:00:10.250+01:00|W12|0.6|-0.13|0.12|-0.13|0.58"
191.00;0.73;0001-01-01T00:00:10.2230000+01:00;164.27;-1.43;-97.12;37.7;-14.969;-13.022;26.269;-11.486;14.196;-19.683;108.486;-83.213;136.725;"0001-01-01T00:00:10.250+01:00|W1|0.9|0.61|0.02|0.61|0.59;0001-01-01T00:00:10.250+01:00|W2|0.5|-0.34|0.16|-0.34|0.15;0001-01-01T00:00:10.250+01:00|W3|0.7|-0.14|0.01|-0.14|0.70;0001-01-01T00:00:10.250+01:00|W4|0.6|0.36|0.09|0.36|0.50;0001-01-01T00:00:10.250+01:00|W5|0.8|0.23|0.10|0.23|0.72;0001-01-01T00:00:10.250+01:00|W6|1.3|-0.44|0.10|-0.44|1.19;0001-01-01T00:00:10.250+01:00|W7|1.6|0.32|0.29|0.32|1.57;0001-01-01T00:00:10.250+01:00|W8|1.7|-1.09|0.09|-1.09|1.28;0001-01-01T00:00:10.250+01:00|W9|0.6|-0.33|0.12|-0.33|0.35;0001-01-01T00:00:10.250+01:00|W10|0.5|-0.06|0.12|-0.06|0.50;0001-01-01T00:00:10.250+01:00|W11|0.5|-0.17|0.03|-0.17|0.43;0001-01-01T00:00:10.250+01:00|W12|0.6|-0.13|0.12|-0.13|0.58"
192.00;0.65;0001-01-01T00:00:10.2490000+01:00;165.07;-1.43;-97.73;37.0;-15.530;-14.207;26.217;-10.206;13.853;-19.097;108.769;-83.562;137.161;"0001-01-01T00:00:10.250+01:00|W1|0.9|0.61|0.02|0.61|0.59;0001-01-01T00:00:10.250+01:00|W2|0.5|-0.34|0.16|-0.34|0.15;0001-01-01T00:00:10.250+01:00|W3|0.7|-0.14|0.01|-0.14|0.70;0001-01-01T00:00:10.250+01:00|W4|0.6|0.36|0.09|0.36|0.50;0001-01-01T00:00:10.250+01:00|W5|0.8|0.23|0.10|0.23|0.72;0001-01-01T00:00:10.250+01:00|W6|1.3|-0.44|0.10|-0.44|1.19;0001-01-01T00:00:10.250+01:00|W7|1.6|0.32|0.29|0.32|1.57;0001-01-01T00:00:10.250+01:00|W8|1.7|-1.09|0.09|-1.09|1.28;0001-01-01T00:00:10.250+01:00|W9|0.6|-0.33|0.12|-0.33|0.35;0001-01-01T00:00:10.250+01:00|W10|0.5|-0.06|0.12|-0.06|0.50;0001-01-01T00:00:10.250+01:00|W11|0.5|-0.17|0.03|-0.17|0.43;0001-01-01T00:00:10.250+01:00|W12|0.6|-0.13|0.12|-0.13|0.58"
193.00;0.58;0001-01-01T00:00:10.2760000+01:00;165.86;-1.43;-98.34;36.3;-16.091;-15.469;26.165;-9.092;13.510;-18.433;109.133;-83.998;137.716;"0001-01-01T00:00:10.250+01:00|W1|0.9|0.61|0.02|0.61|0.59;0001-01-01T00:00:10.250+01:00|W2|0.5|-0.34|0.16|-0.34|0.15;0001-01-01T00:00:10.250+01:00|W3|0.7|-0.14|0.01|-0.14|0.70;0001-01-01T00:00:10.250+01:00|W4|0.6|0.36|0.09|0.36|0.50;0001-01-01T00:00:10.250+01:00|W5|0.8|0.23|0.10|0.23|0.72;0001-01-01T00:00:10.250+01:00|W6|1.3|-0.44|0.10|-0.44|1.19;0001-01-01T00:00:10.250+01:00|W7|1.6|0.32|0.29|0.32|1.57;0001-01-01T00:00:10.250+01:00|W8|1.7|-1.09|0.09|-1.09|1.28;0001-01-01T00:00:10.250+01:00|W9|0.6|-0.33|0.12|-0.33|0.35;0001-01-01T00:00:10.250+01:00|W10|0.5|-0.06|0.12|-0.06|0.50;0001-01-01T00:00:10.250+01:00|W11|0.5|-0.17|0.03|-0.17|0.43;0001-01-01T00:00:10.250+01:00|W12|0.6|-0.13|0.12|-0.13|0.58"
194.00;0.50;0001-01-01T00:00:10.3020000+01:00;166.66;-1.43;-98.94;35.2;-16.647;-16.840;26.114;-7.398;13.171;-17.401;109.823;-84.226;138.402;"0001-01-01T00:00:10.250+01:00|W1|0.9|0.61|0.02|0.61|0.59;0001-01-01T00:00:10.250+01:00|W2|0.5|-0.34|0.16|-0.34|0.15;0001-01-01T00:00:10.250+01:00|W3|0.7|-0.14|0.01|-0.14|0.70;0001-01-01T00:00:10.250+01:00|W4|0.6|0.36|0.09|0.36|0.50;0001-01-01T00:00:10.250+01:00|W5|0.8|0.23|0.10|0.23|0.72;0001-01-01T00:00:10.250+01:00|W6|1.3|-0.44|0.10|-0.44|1.19;0001-01-01T00:00:10.250+01:00|W7|1.6|0.32|0.29|0.32|1.57;0001-01-01T00:00:10.250+01:00|W8|1.7|-1.09|0.09|-1.09|1.28;0001-01-01T00:00:10.250+01:00|W9|0.6|-0.33|0.12|-0.33|0.35;0001-01-01T00:00:10.250+01:00|W10|0.5|-0.06|0.12|-0.06|0.50;0001-01-01T00:00:10.250+01:00|W11|0.5|-0.17|0.03|-0.17|0.43;0001-01-01T00:00:10.250+01:00|W12|0.6|-0.13|0.12|-0.13|0.58"
195.00;0.42;0001-01-01T00:00:10.3280000+01:00;167.45;-1.43;-99.55;34.0;-17.201;-18.232;26.063;-5.589;12.832;-16.297;110.577;-84.413;139.115;"0001-01-01T00:00:10.250+01:00|W1|0.9|0.61|0.02|0.61|0.59;0001-01-01T00:00:10.250+01:00|W2|0.5|-0.34|0.16|-0.34|0.15;0001-01-01T00:00:10.250+01:00|W3|0.7|-0.14|0.01|-0.14|0.70;0001-01-01T00:00:10.250+01:00|W4|0.6|0.36|0.09|0.36|0.50;0001-01-01T00:00:10.250+01:00|W5|0.8|0.23|0.10|0.23|0.72;0001-01-01T00:00:10.250+01:00|W6|1.3|-0.44|0.10|-0.44|1.19;0001-01-01T00:00:10.250+01:00|W7|1.6|0.32|0.29|0.32|1.57;0001-01-01T00:00:10.250+01:00|W8|1.7|-1.09|0.09|-1.09|1.28;0001-01-01T00:00:10.250+01:00|W9|0.6|-0.33|0.12|-0.33|0.35;0001-01-01T00:00:10.250+01:00|W10|0.5|-0.06|0.12|-0.06|0.50;0001-01-01T00:00:10.250+01:00|W11|0.5|-0.17|0.03|-0.17|0.43;0001-01-01T00:00:10.250+01:00|W12|0.6|-0.13|0.12|-0.13|0.58"
196.00;0.36;0001-01-01T00:00:10.3540000+01:00;168.26;-1.45;-100.15;33.2;-17.753;-18.694;26.013;-5.330;12.495;-15.433;110.441;-84.109;138.823;"0001-01-01T00:00:10.250+01:00|W1|0.9|0.61|0.02|0.61|0.59;0001-01-01T00:00:10.250+01:00|W2|0.5|-0.34|0.16|-0.34|0.15;0001-01-01T00:00:10.250+01:00|W3|0.7|-0.14|0.01|-0.14|0.70;0001-01-01T00:00:10.250+01:00|W4|0.6|0.36|0.09|0.36|0.50;0001-01-01T00:00:10.250+01:00|W5|0.8|0.23|0.10|0.23|0.72;0001-01-01T00:00:10.250+01:00|W6|1.3|-0.44|0.10|-0.44|1.19;0001-01-01T00:00:10.250+01:00|W7|1.6|0.32|0.29|0.32|1.57;0001-01-01T00:00:10.250+01:00|W8|1.7|-1.09|0.09|-1.09|1.28;0001-01-01T00:00:10.250+01:00|W9|0.6|-0.33|0.12|-0.33|0.35;0001-01-01T00:00:10.250+01:00|W10|0.5|-0.06|0.12|-0.06|0.50;0001-01-01T00:00:10.250+01:00|W11|0.5|-0.17|0.03|-0.17|0.43;0001-01-01T00:00:10.250+01:00|W12|0.6|-0.13|0.12|-0.13|0.58"
197.00;0.29;0001-01-01T00:00:10.3800000+01:00;169.06;-1.46;-100.74;32.3;-18.305;-19.071;25.962;-5.215;12.157;-14.592;110.223;-83.759;138.439;"0001-01-01T00:00:10.499+01:00|W1|0.9|0.60|0.02|0.60|0.63;0001-01-01T00:00:10.499+01:00|W2|0.5|-0.35|0.15|-0.35|0.18;0001-01-01T00:00:10.499+01:00|W3|0.8|-0.14|0.01|-0.14|0.70;0001-01-01T00:00:10.499+01:00|W4|0.6|0.34|0.10|0.34|0.49;0001-01-01T00:00:10.499+01:00|W5|0.8|0.21|0.10|0.21|0.73;0001-01-01T00:00:10.499+01:00|W6|1.3|-0.37|0.11|-0.37|1.20;0001-01-01T00:00:10.499+01:00|W7|1.5|0.36|0.39|0.36|1.43;0001-01-01T00:00:10.499+01:00|W8|1.6|-0.91|0.00|-0.91|1.34;0001-01-01T00:00:10.499+01:00|W9|0.6|-0.38|0.17|-0.38|0.39;0001-01-01T00:00:10.499+01:00|W10|0.5|-0.03|0.12|-0.03|0.49;0001-01-01T00:00:10.499+01:00|W11|0.4|-0.15|0.06|-0.15|0.40;0001-01-01T00:00:10.499+01:00|W12|0.6|-0.11|0.14|-0.11|0.60"
198.00;0.22;0001-01-01T00:00:10.4060000+01:00;169.87;-1.48;-101.33;31.5;-18.857;-19.447;25.911;-5.099;11.820;-13.750;110.005;-83.410;138.055;"0001-01-01T00:00:10.499+01:00|W1|0.9|0.60|0.02|0.60|0.63;0001-01-01T00:00:10.499+01:00|W2|0.5|-0.35|0.15|-0.35|0.18;0001-01-01T00:00:10.499+01:00|W3|0.8|-0.14|0.01|-0.14|0.70;0001-01-01T00:00:10.499+01:00|W4|0.6|0.34|0.10|0.34|0.49;0001-01-01T00:00:10.499+01:00|W5|0.8|0.21|0.10|0.21|0.73;0001-01-01T00:00:10.499+01:00|W6|1.3|-0.37|0.11|-0.37|1.20;0001-01-01T00:00:10.499+01:00|W7|1.5|0.36|0.39|0.36|1.43;0001-01-01T00:00:10.499+01:00|W8|1.6|-0.91|0.00|-0.91|1.34;0001-01-01T00:00:10.499+01:00|W9|0.6|-0.38|0.17|-0.38|0.39;0001-01-01T00:00:10.499+01:00|W10|0.5|-0.03|0.12|-0.03|0.49;0001-01-01T00:00:10.499+01:00|W11|0.4|-0.15|0.06|-0.15|0.40;0001-01-01T00:00:10.499+01:00|W12|0.6|-0.11|0.14|-0.11|0.60"
199.00;0.16;0001-01-01T00:00:10.4320000+01:00;170.68;-1.50;-101.92;30.6;-19.409;-19.823;25.861;-4.983;11.482;-12.908;109.787;-83.061;137.673;"0001-01-01T00:00:10.499+01:00|W1|0.9|0.60|0.02|0.60|0.63;0001-01-01T00:00:10.499+01:00|W2|0.5|-0.35|0.15|-0.35|0.18;0001-01-01T00:00:10.499+01:00|W3|0.8|-0.14|0.01|-0.14|0.70;0001-01-01T00:00:10.499+01:00|W4|0.6|0.34|0.10|0.34|0.49;0001-01-01T00:00:10.499+01:00|W5|0.8|0.21|0.10|0.21|0.73;0001-01-01T00:00:10.499+01:00|W6|1.3|-0.37|0.11|-0.37|1.20;0001-01-01T00:00:10.499+01:00|W7|1.5|0.36|0.39|0.36|1.43;0001-01-01T00:00:10.499+01:00|W8|1.6|-0.91|0.00|-0.91|1.34;0001-01-01T00:00:10.499+01:00|W9|0.6|-0.38|0.17|-0.38|0.39;0001-01-01T00:00:10.499+01:00|W10|0.5|-0.03|0.12|-0.03|0.49;0001-01-01T00:00:10.499+01:00|W11|0.4|-0.15|0.06|-0.15|0.40;0001-01-01T00:00:10.499+01:00|W12|0.6|-0.11|0.14|-0.11|0.60"
200.00;0.08;0001-01-01T00:00:10.4580000+01:00;171.49;-1.52;-102.52;29.8;-19.961;-20.200;25.810;-4.867;11.145;-12.065;109.568;-82.711;137.291;"0001-01-01T00:00:10.499+01:00|W1|0.9|0.60|0.02|0.60|0.63;0001-01-01T00:00:10.499+01:00|W2|0.5|-0.35|0.15|-0.35|0.18;0001-01-01T00:00:10.499+01:00|W3|0.8|-0.14|0.01|-0.14|0.70;0001-01-01T00:00:10.499+01:00|W4|0.6|0.34|0.10|0.34|0.49;0001-01-01T00:00:10.499+01:00|W5|0.8|0.21|0.10|0.21|0.73;0001-01-01T00:00:10.499+01:00|W6|1.3|-0.37|0.11|-0.37|1.20;0001-01-01T00:00:10.499+01:00|W7|1.5|0.36|0.39|0.36|1.43;0001-01-01T00:00:10.499+01:00|W8|1.6|-0.91|0.00|-0.91|1.34;0001-01-01T00:00:10.499+01:00|W9|0.6|-0.38|0.17|-0.38|0.39;0001-01-01T00:00:10.499+01:00|W10|0.5|-0.03|0.12|-0.03|0.49;0001-01-01T00:00:10.499+01:00|W11|0.4|-0.15|0.06|-0.15|0.40;0001-01-01T00:00:10.499+01:00|W12|0.6|-0.11|0.14|-0.11|0.60"
201.00;0.03;0001-01-01T00:00:10.4840000+01:00;172.29;-1.54;-103.11;29.0;-20.514;-20.576;25.759;-4.751;10.807;-11.223;109.350;-82.361;136.909;"0001-01-01T00:00:10.499+01:00|W1|0.9|0.60|0.02|0.60|0.63;0001-01-01T00:00:10.499+01:00|W2|0.5|-0.35|0.15|-0.35|0.18;0001-01-01T00:00:10.499+01:00|W3|0.8|-0.14|0.01|-0.14|0.70;0001-01-01T00:00:10.499+01:00|W4|0.6|0.34|0.10|0.34|0.49;0001-01-01T00:00:10.499+01:00|W5|0.8|0.21|0.10|0.21|0.73;0001-01-01T00:00:10.499+01:00|W6|1.3|-0.37|0.11|-0.37|1.20;0001-01-01T00:00:10.499+01:00|W7|1.5|0.36|0.39|0.36|1.43;0001-01-01T00:00:10.499+01:00|W8|1.6|-0.91|0.00|-0.91|1.34;0001-01-01T00:00:10.499+01:00|W9|0.6|-0.38|0.17|-0.38|0.39;0001-01-01T00:00:10.499+01:00|W10|0.5|-0.03|0.12|-0.03|0.49;0001-01-01T00:00:10.499+01:00|W11|0.4|-0.15|0.06|-0.15|0.40;0001-01-01T00:00:10.499+01:00|W12|0.6|-0.11|0.14|-0.11|0.60"
202.00;0.09;0001-01-01T00:00:10.5090000+01:00;173.10;-1.56;-103.70;28.1;-21.067;-20.953;25.708;-4.635;10.469;-10.380;109.132;-82.011;136.529;"0001-01-01T00:00:10.499+01:00|W1|0.9|0.60|0.02|0.60|0.63;0001-01-01T00:00:10.499+01:00|W2|0.5|-0.35|0.15|-0.35|0.18;0001-01-01T00:00:10.499+01:00|W3|0.8|-0.14|0.01|-0.14|0.70;0001-01-01T00:00:10.499+01:00|W4|0.6|0.34|0.10|0.34|0.49;0001-01-01T00:00:10.499+01:00|W5|0.8|0.21|0.10|0.21|0.73;0001-01-01T00:00:10.499+01:00|W6|1.3|-0.37|0.11|-0.37|1.20;0001-01-01T00:00:10.499+01:00|W7|1.5|0.36|0.39|0.36|1.43;0001-01-01T00:00:10.499+01:00|W8|1.6|-0.91|0.00|-0.91|1.34;0001-01-01T00:00:10.499+01:00|W9|0.6|-0.38|0.17|-0.38|0.39;0001-01-01T00:00:10.499+01:00|W10|0.5|-0.03|0.12|-0.03|0.49;0001-01-01T00:00:10.499+01:00|W11|0.4|-0.15|0.06|-0.15|0.40;0001-01-01T00:00:10.499+01:00|W12|0.6|-0.11|0.14|-0.11|0.60"
203.00;0.11;0001-01-01T00:00:10.5330000+01:00;173.84;-1.58;-104.24;27.4;-21.571;-21.297;25.662;-4.530;10.161;-9.610;108.932;-81.692;136.182;"0001-01-01T00:00:10.499+01:00|W1|0.9|0.60|0.02|0.60|0.63;0001-01-01T00:00:10.499+01:00|W2|0.5|-0.35|0.15|-0.35|0.18;0001-01-01T00:00:10.499+01:00|W3|0.8|-0.14|0.01|-0.14|0.70;0001-01-01T00:00:10.499+01:00|W4|0.6|0.34|0.10|0.34|0.49;0001-01-01T00:00:10.499+01:00|W5|0.8|0.21|0.10|0.21|0.73;0001-01-01T00:00:10.499+01:00|W6|1.3|-0.37|0.11|-0.37|1.20;0001-01-01T00:00:10.499+01:00|W7|1.5|0.36|0.39|0.36|1.43;0001-01-01T00:00:10.499+01:00|W8|1.6|-0.91|0.00|-0.91|1.34;0001-01-01T00:00:10.499+01:00|W9|0.6|-0.38|0.17|-0.38|0.39;0001-01-01T00:00:10.499+01:00|W10|0.5|-0.03|0.12|-0.03|0.49;0001-01-01T00:00:10.499+01:00|W11|0.4|-0.15|0.06|-0.15|0.40;0001-01-01T00:00:10.499+01:00|W12|0.6|-0.11|0.14|-0.11|0.60"
204.00;0.00;0001-01-01T00:00:10.5480000+01:00;174.31;-1.59;-104.59;26.9;-21.894;-21.517;25.632;-4.462;9.963;-9.118;108.804;-81.488;135.960;"0001-01-01T00:00:10.499+01:00|W1|0.9|0.60|0.02|0.60|0.63;0001-01-01T00:00:10.499+01:00|W2|0.5|-0.35|0.15|-0.35|0.18;0001-01-01T00:00:10.499+01:00|W3|0.8|-0.14|0.01|-0.14|0.70;0001-01-01T00:00:10.499+01:00|W4|0.6|0.34|0.10|0.34|0.49;0001-01-01T00:00:10.499+01:00|W5|0.8|0.21|0.10|0.21|0.73;0001-01-01T00:00:10.499+01:00|W6|1.3|-0.37|0.11|-0.37|1.20;0001-01-01T00:00:10.499+01:00|W7|1.5|0.36|0.39|0.36|1.43;0001-01-01T00:00:10.499+01:00|W8|1.6|-0.91|0.00|-0.91|1.34;0001-01-01T00:00:10.499+01:00|W9|0.6|-0.38|0.17|-0.38|0.39;0001-01-01T00:00:10.499+01:00|W10|0.5|-0.03|0.12|-0.03|0.49;0001-01-01T00:00:10.499+01:00|W11|0.4|-0.15|0.06|-0.15|0.40;0001-01-01T00:00:10.499+01:00|W12|0.6|-0.11|0.14|-0.11|0.60"
