Position;Height above ground [m];Time;X [m];Y [m];Z [m];Opening Angle [°];Stalling Angle Left [°];Stalling Angle Right [°];Roll Angle Left [°];Roll Angle Right [°];Yaw Angle Left [°];Yaw Angle Right [°];Speed hor. [km/h];Speed vert. [km/h];Speed resulting [km/h];WindTime|WindName|WindSpeed|WindSpeedTangent|WindTurbulence|WindSpeedCleanTan|WindSpeedCross
-47.35;NaN;0001-01-01T00:00:00.0760000+01:00;-46.43;0.00;16.43;NaN;NaN;NaN;NaN;NaN;NaN;NaN;0.000;0.000;0.000;"0001-01-01T00:00:00.000+01:00|W1|1.6|1.46|0.11|1.46|0.62;0001-01-01T00:00:00.000+01:00|W2|1.0|0.53|0.06|0.53|0.79;0001-01-01T00:00:00.000+01:00|W3|1.7|1.64|0.00|1.64|0.38;0001-01-01T00:00:00.000+01:00|W4|0.9|0.21|0.07|0.21|0.77;0001-01-01T00:00:00.000+01:00|W5|1.7|1.68|0.37|1.68|0.21;0001-01-01T00:00:00.000+01:00|W6|1.9|1.58|0.10|1.58|0.99;0001-01-01T00:00:00.000+01:00|W7|1.1|0.59|0.29|0.59|0.82;0001-01-01T00:00:00.000+01:00|W8|1.3|1.21|0.12|1.21|0.31;0001-01-01T00:00:00.000+01:00|W9|1.1|1.05|0.04|1.05|0.29;0001-01-01T00:00:00.000+01:00|W10|1.8|1.74|0.31|1.74|0.36;0001-01-01T00:00:00.000+01:00|W11|1.2|0.88|0.04|0.88|0.75;0001-01-01T00:00:00.000+01:00|W12|0.9|0.61|0.14|0.61|0.56"
0.00;2.93;0001-01-01T00:00:01.4070000+01:00;-0.09;0.00;0.02;0.0;-11.500;-11.500;0.000;0.000;0.000;0.000;101.103;-20.570;103.175;"0001-01-01T00:00:01.501+01:00|W1|1.7|1.60|0.19|1.60|0.34;0001-01-01T00:00:01.501+01:00|W2|1.0|0.61|0.06|0.61|0.75;0001-01-01T00:00:01.501+01:00|W3|1.8|1.75|0.09|1.75|0.10;0001-01-01T00:00:01.501+01:00|W4|0.8|0.28|0.02|0.28|0.70;0001-01-01T00:00:01.501+01:00|W5|1.3|1.18|0.15|1.18|0.41;0001-01-01T00:00:01.501+01:00|W6|1.8|1.47|0.22|1.47|0.95;0001-01-01T00:00:01.501+01:00|W7|1.0|0.78|0.21|0.78|0.51;0001-01-01T00:00:01.501+01:00|W8|1.4|1.39|0.05|1.39|0.28;0001-01-01T00:00:01.501+01:00|W9|1.1|0.96|0.05|0.96|0.44;0001-01-01T00:00:01.501+01:00|W10|1.8|1.67|0.10|1.67|0.61;0001-01-01T00:00:01.501+01:00|W11|0.9|0.63|0.26|0.63|0.40;0001-01-01T00:00:01.501+01:00|W12|0.9|0.71|0.06|0.71|0.17"
1.00;3.29;0001-01-01T00:00:01.8890000+01:00;1.39;0.01;0.19;2.5;-7.304;-7.769;1.176;1.450;1.872;-0.689;94.847;-8.272;95.207;"0001-01-01T00:00:02.001+01:00|W1|1.7|1.61|0.15|1.61|0.38;0001-01-01T00:00:02.001+01:00|W2|1.0|0.65|0.07|0.65|0.68;0001-01-01T00:00:02.001+01:00|W3|1.9|1.87|0.21|1.87|0.01;0001-01-01T00:00:02.001+01:00|W4|0.7|0.18|0.13|0.18|0.66;0001-01-01T00:00:02.001+01:00|W5|1.1|1.03|0.36|1.03|0.05;0001-01-01T00:00:02.001+01:00|W6|1.7|1.37|0.27|1.37|0.95;0001-01-01T00:00:02.001+01:00|W7|1.1|0.91|0.12|0.91|0.47;0001-01-01T00:00:02.001+01:00|W8|1.5|1.49|0.13|1.49|0.22;0001-01-01T00:00:02.001+01:00|W9|1.1|0.97|0.05|0.97|0.37;0001-01-01T00:00:02.001+01:00|W10|1.9|1.75|0.13|1.75|0.57;0001-01-01T00:00:02.001+01:00|W11|0.9|0.67|0.24|0.67|0.34;0001-01-01T00:00:02.001+01:00|W12|1.0|0.68|0.03|0.68|0.13"
2.00;3.34;0001-01-01T00:00:01.9280000+01:00;2.44;0.00;0.10;4.7;-5.073;-6.005;-0.717;2.427;3.195;-1.684;96.169;-8.333;96.530;"0001-01-01T00:00:02.001+01:00|W1|1.7|1.61|0.15|1.61|0.38;0001-01-01T00:00:02.001+01:00|W2|1.0|0.65|0.07|0.65|0.68;0001-01-01T00:00:02.001+01:00|W3|1.9|1.87|0.21|1.87|0.01;0001-01-01T00:00:02.001+01:00|W4|0.7|0.18|0.13|0.18|0.66;0001-01-01T00:00:02.001+01:00|W5|1.1|1.03|0.36|1.03|0.05;0001-01-01T00:00:02.001+01:00|W6|1.7|1.37|0.27|1.37|0.95;0001-01-01T00:00:02.001+01:00|W7|1.1|0.91|0.12|0.91|0.47;0001-01-01T00:00:02.001+01:00|W8|1.5|1.49|0.13|1.49|0.22;0001-01-01T00:00:02.001+01:00|W9|1.1|0.97|0.05|0.97|0.37;0001-01-01T00:00:02.001+01:00|W10|1.9|1.75|0.13|1.75|0.57;0001-01-01T00:00:02.001+01:00|W11|0.9|0.67|0.24|0.67|0.34;0001-01-01T00:00:02.001+01:00|W12|1.0|0.68|0.03|0.68|0.13"
3.00;3.40;0001-01-01T00:00:01.9670000+01:00;3.49;0.00;-0.00;6.5;-2.240;-2.731;-3.850;7.157;5.120;-3.487;96.297;-10.729;96.901;"0001-01-01T00:00:02.001+01:00|W1|1.7|1.61|0.15|1.61|0.38;0001-01-01T00:00:02.001+01:00|W2|1.0|0.65|0.07|0.65|0.68;0001-01-01T00:00:02.001+01:00|W3|1.9|1.87|0.21|1.87|0.01;0001-01-01T00:00:02.001+01:00|W4|0.7|0.18|0.13|0.18|0.66;0001-01-01T00:00:02.001+01:00|W5|1.1|1.03|0.36|1.03|0.05;0001-01-01T00:00:02.001+01:00|W6|1.7|1.37|0.27|1.37|0.95;0001-01-01T00:00:02.001+01:00|W7|1.1|0.91|0.12|0.91|0.47;0001-01-01T00:00:02.001+01:00|W8|1.5|1.49|0.13|1.49|0.22;0001-01-01T00:00:02.001+01:00|W9|1.1|0.97|0.05|0.97|0.37;0001-01-01T00:00:02.001+01:00|W10|1.9|1.75|0.13|1.75|0.57;0001-01-01T00:00:02.001+01:00|W11|0.9|0.67|0.24|0.67|0.34;0001-01-01T00:00:02.001+01:00|W12|1.0|0.68|0.03|0.68|0.13"
4.00;3.47;0001-01-01T00:00:02.0060000+01:00;4.54;0.00;-0.11;10.0;0.630;-0.632;-7.026;6.702;7.071;-5.791;97.413;-12.077;98.159;"0001-01-01T00:00:02.001+01:00|W1|1.7|1.61|0.15|1.61|0.38;0001-01-01T00:00:02.001+01:00|W2|1.0|0.65|0.07|0.65|0.68;0001-01-01T00:00:02.001+01:00|W3|1.9|1.87|0.21|1.87|0.01;0001-01-01T00:00:02.001+01:00|W4|0.7|0.18|0.13|0.18|0.66;0001-01-01T00:00:02.001+01:00|W5|1.1|1.03|0.36|1.03|0.05;0001-01-01T00:00:02.001+01:00|W6|1.7|1.37|0.27|1.37|0.95;0001-01-01T00:00:02.001+01:00|W7|1.1|0.91|0.12|0.91|0.47;0001-01-01T00:00:02.001+01:00|W8|1.5|1.49|0.13|1.49|0.22;0001-01-01T00:00:02.001+01:00|W9|1.1|0.97|0.05|0.97|0.37;0001-01-01T00:00:02.001+01:00|W10|1.9|1.75|0.13|1.75|0.57;0001-01-01T00:00:02.001+01:00|W11|0.9|0.67|0.24|0.67|0.34;0001-01-01T00:00:02.001+01:00|W12|1.0|0.68|0.03|0.68|0.13"
5.00;3.54;0001-01-01T00:00:02.0450000+01:00;5.58;-0.00;-0.24;15.4;2.875;1.123;-7.188;4.907;9.116;-8.182;97.649;-12.911;98.499;"0001-01-01T00:00:02.001+01:00|W1|1.7|1.61|0.15|1.61|0.38;0001-01-01T00:00:02.001+01:00|W2|1.0|0.65|0.07|0.65|0.68;0001-01-01T00:00:02.001+01:00|W3|1.9|1.87|0.21|1.87|0.01;0001-01-01T00:00:02.001+01:00|W4|0.7|0.18|0.13|0.18|0.66;0001-01-01T00:00:02.001+01:00|W5|1.1|1.03|0.36|1.03|0.05;0001-01-01T00:00:02.001+01:00|W6|1.7|1.37|0.27|1.37|0.95;0001-01-01T00:00:02.001+01:00|W7|1.1|0.91|0.12|0.91|0.47;0001-01-01T00:00:02.001+01:00|W8|1.5|1.49|0.13|1.49|0.22;0001-01-01T00:00:02.001+01:00|W9|1.1|0.97|0.05|0.97|0.37;0001-01-01T00:00:02.001+01:00|W10|1.9|1.75|0.13|1.75|0.57;0001-01-01T00:00:02.001+01:00|W11|0.9|0.67|0.24|0.67|0.34;0001-01-01T00:00:02.001+01:00|W12|1.0|0.68|0.03|0.68|0.13"
6.00;3.60;0001-01-01T00:00:02.0830000+01:00;6.62;-0.01;-0.38;21.1;4.518;2.745;-4.999;3.357;11.122;-10.407;97.095;-13.788;98.071;"0001-01-01T00:00:02.001+01:00|W1|1.7|1.61|0.15|1.61|0.38;0001-01-01T00:00:02.001+01:00|W2|1.0|0.65|0.07|0.65|0.68;0001-01-01T00:00:02.001+01:00|W3|1.9|1.87|0.21|1.87|0.01;0001-01-01T00:00:02.001+01:00|W4|0.7|0.18|0.13|0.18|0.66;0001-01-01T00:00:02.001+01:00|W5|1.1|1.03|0.36|1.03|0.05;0001-01-01T00:00:02.001+01:00|W6|1.7|1.37|0.27|1.37|0.95;0001-01-01T00:00:02.001+01:00|W7|1.1|0.91|0.12|0.91|0.47;0001-01-01T00:00:02.001+01:00|W8|1.5|1.49|0.13|1.49|0.22;0001-01-01T00:00:02.001+01:00|W9|1.1|0.97|0.05|0.97|0.37;0001-01-01T00:00:02.001+01:00|W10|1.9|1.75|0.13|1.75|0.57;0001-01-01T00:00:02.001+01:00|W11|0.9|0.67|0.24|0.67|0.34;0001-01-01T00:00:02.001+01:00|W12|1.0|0.68|0.03|0.68|0.13"
7.00;3.67;0001-01-01T00:00:02.1210000+01:00;7.66;0.00;-0.54;22.7;6.075;3.978;-4.364;2.624;12.685;-12.160;97.497;-15.645;98.745;"0001-01-01T00:00:02.001+01:00|W1|1.7|1.61|0.15|1.61|0.38;0001-01-01T00:00:02.001+01:00|W2|1.0|0.65|0.07|0.65|0.68;0001-01-01T00:00:02.001+01:00|W3|1.9|1.87|0.21|1.87|0.01;0001-01-01T00:00:02.001+01:00|W4|0.7|0.18|0.13|0.18|0.66;0001-01-01T00:00:02.001+01:00|W5|1.1|1.03|0.36|1.03|0.05;0001-01-01T00:00:02.001+01:00|W6|1.7|1.37|0.27|1.37|0.95;0001-01-01T00:00:02.001+01:00|W7|1.1|0.91|0.12|0.91|0.47;0001-01-01T00:00:02.001+01:00|W8|1.5|1.49|0.13|1.49|0.22;0001-01-01T00:00:02.001+01:00|W9|1.1|0.97|0.05|0.97|0.37;0001-01-01T00:00:02.001+01:00|W10|1.9|1.75|0.13|1.75|0.57;0001-01-01T00:00:02.001+01:00|W11|0.9|0.67|0.24|0.67|0.34;0001-01-01T00:00:02.001+01:00|W12|1.0|0.68|0.03|0.68|0.13"
8.00;3.75;0001-01-01T00:00:02.1600000+01:00;8.70;-0.01;-0.70;27.3;7.305;5.216;-1.040;1.888;14.235;-13.919;96.935;-15.440;98.157;"0001-01-01T00:00:02.248+01:00|W1|1.5|1.51|0.02|1.51|0.31;0001-01-01T00:00:02.248+01:00|W2|1.0|0.64|0.07|0.64|0.67;0001-01-01T00:00:02.248+01:00|W3|1.9|1.89|0.18|1.89|0.01;0001-01-01T00:00:02.248+01:00|W4|0.7|0.17|0.15|0.17|0.65;0001-01-01T00:00:02.248+01:00|W5|1.8|1.64|0.21|1.64|0.61;0001-01-01T00:00:02.248+01:00|W6|1.8|1.49|0.19|1.49|0.89;0001-01-01T00:00:02.248+01:00|W7|1.1|0.94|0.09|0.94|0.46;0001-01-01T00:00:02.248+01:00|W8|1.6|1.54|0.18|1.54|0.23;0001-01-01T00:00:02.248+01:00|W9|1.0|0.93|0.10|0.93|0.25;0001-01-01T00:00:02.248+01:00|W10|2.0|1.92|0.18|1.92|0.43;0001-01-01T00:00:02.248+01:00|W11|0.9|0.69|0.22|0.69|0.23;0001-01-01T00:00:02.248+01:00|W12|1.0|0.68|0.03|0.68|0.13"
9.00;3.84;0001-01-01T00:00:02.1980000+01:00;9.73;-0.02;-0.87;30.8;8.409;6.442;1.186;0.391;15.578;-15.476;96.944;-16.331;98.310;"0001-01-01T00:00:02.248+01:00|W1|1.5|1.51|0.02|1.51|0.31;0001-01-01T00:00:02.248+01:00|W2|1.0|0.64|0.07|0.64|0.67;0001-01-01T00:00:02.248+01:00|W3|1.9|1.89|0.18|1.89|0.01;0001-01-01T00:00:02.248+01:00|W4|0.7|0.17|0.15|0.17|0.65;0001-01-01T00:00:02.248+01:00|W5|1.8|1.64|0.21|1.64|0.61;0001-01-01T00:00:02.248+01:00|W6|1.8|1.49|0.19|1.49|0.89;0001-01-01T00:00:02.248+01:00|W7|1.1|0.94|0.09|0.94|0.46;0001-01-01T00:00:02.248+01:00|W8|1.6|1.54|0.18|1.54|0.23;0001-01-01T00:00:02.248+01:00|W9|1.0|0.93|0.10|0.93|0.25;0001-01-01T00:00:02.248+01:00|W10|2.0|1.92|0.18|1.92|0.43;0001-01-01T00:00:02.248+01:00|W11|0.9|0.69|0.22|0.69|0.23;0001-01-01T00:00:02.248+01:00|W12|1.0|0.68|0.03|0.68|0.13"
10.00;3.92;0001-01-01T00:00:02.2370000+01:00;10.76;-0.02;-1.05;33.2;9.375;7.413;3.215;-1.341;16.782;-16.811;97.166;-17.686;98.762;"0001-01-01T00:00:02.248+01:00|W1|1.5|1.51|0.02|1.51|0.31;0001-01-01T00:00:02.248+01:00|W2|1.0|0.64|0.07|0.64|0.67;0001-01-01T00:00:02.248+01:00|W3|1.9|1.89|0.18|1.89|0.01;0001-01-01T00:00:02.248+01:00|W4|0.7|0.17|0.15|0.17|0.65;0001-01-01T00:00:02.248+01:00|W5|1.8|1.64|0.21|1.64|0.61;0001-01-01T00:00:02.248+01:00|W6|1.8|1.49|0.19|1.49|0.89;0001-01-01T00:00:02.248+01:00|W7|1.1|0.94|0.09|0.94|0.46;0001-01-01T00:00:02.248+01:00|W8|1.6|1.54|0.18|1.54|0.23;0001-01-01T00:00:02.248+01:00|W9|1.0|0.93|0.10|0.93|0.25;0001-01-01T00:00:02.248+01:00|W10|2.0|1.92|0.18|1.92|0.43;0001-01-01T00:00:02.248+01:00|W11|0.9|0.69|0.22|0.69|0.23;0001-01-01T00:00:02.248+01:00|W12|1.0|0.68|0.03|0.68|0.13"
11.00;4.01;0001-01-01T00:00:02.2750000+01:00;11.79;-0.02;-1.25;35.5;10.158;7.810;6.847;-2.481;17.974;-17.936;96.878;-18.155;98.565;"0001-01-01T00:00:02.248+01:00|W1|1.5|1.51|0.02|1.51|0.31;0001-01-01T00:00:02.248+01:00|W2|1.0|0.64|0.07|0.64|0.67;0001-01-01T00:00:02.248+01:00|W3|1.9|1.89|0.18|1.89|0.01;0001-01-01T00:00:02.248+01:00|W4|0.7|0.17|0.15|0.17|0.65;0001-01-01T00:00:02.248+01:00|W5|1.8|1.64|0.21|1.64|0.61;0001-01-01T00:00:02.248+01:00|W6|1.8|1.49|0.19|1.49|0.89;0001-01-01T00:00:02.248+01:00|W7|1.1|0.94|0.09|0.94|0.46;0001-01-01T00:00:02.248+01:00|W8|1.6|1.54|0.18|1.54|0.23;0001-01-01T00:00:02.248+01:00|W9|1.0|0.93|0.10|0.93|0.25;0001-01-01T00:00:02.248+01:00|W10|2.0|1.92|0.18|1.92|0.43;0001-01-01T00:00:02.248+01:00|W11|0.9|0.69|0.22|0.69|0.23;0001-01-01T00:00:02.248+01:00|W12|1.0|0.68|0.03|0.68|0.13"
12.00;4.10;0001-01-01T00:00:02.3130000+01:00;12.82;-0.03;-1.45;36.8;10.961;7.915;8.723;-4.104;18.779;-18.593;96.756;-19.018;98.607;"0001-01-01T00:00:02.248+01:00|W1|1.5|1.51|0.02|1.51|0.31;0001-01-01T00:00:02.248+01:00|W2|1.0|0.64|0.07|0.64|0.67;0001-01-01T00:00:02.248+01:00|W3|1.9|1.89|0.18|1.89|0.01;0001-01-01T00:00:02.248+01:00|W4|0.7|0.17|0.15|0.17|0.65;0001-01-01T00:00:02.248+01:00|W5|1.8|1.64|0.21|1.64|0.61;0001-01-01T00:00:02.248+01:00|W6|1.8|1.49|0.19|1.49|0.89;0001-01-01T00:00:02.248+01:00|W7|1.1|0.94|0.09|0.94|0.46;0001-01-01T00:00:02.248+01:00|W8|1.6|1.54|0.18|1.54|0.23;0001-01-01T00:00:02.248+01:00|W9|1.0|0.93|0.10|0.93|0.25;0001-01-01T00:00:02.248+01:00|W10|2.0|1.92|0.18|1.92|0.43;0001-01-01T00:00:02.248+01:00|W11|0.9|0.69|0.22|0.69|0.23;0001-01-01T00:00:02.248+01:00|W12|1.0|0.68|0.03|0.68|0.13"
13.00;4.20;0001-01-01T00:00:02.3510000+01:00;13.84;-0.03;-1.66;38.2;11.764;8.018;10.591;-5.730;19.583;-19.247;96.634;-19.883;98.659;"0001-01-01T00:00:02.248+01:00|W1|1.5|1.51|0.02|1.51|0.31;0001-01-01T00:00:02.248+01:00|W2|1.0|0.64|0.07|0.64|0.67;0001-01-01T00:00:02.248+01:00|W3|1.9|1.89|0.18|1.89|0.01;0001-01-01T00:00:02.248+01:00|W4|0.7|0.17|0.15|0.17|0.65;0001-01-01T00:00:02.248+01:00|W5|1.8|1.64|0.21|1.64|0.61;0001-01-01T00:00:02.248+01:00|W6|1.8|1.49|0.19|1.49|0.89;0001-01-01T00:00:02.248+01:00|W7|1.1|0.94|0.09|0.94|0.46;0001-01-01T00:00:02.248+01:00|W8|1.6|1.54|0.18|1.54|0.23;0001-01-01T00:00:02.248+01:00|W9|1.0|0.93|0.10|0.93|0.25;0001-01-01T00:00:02.248+01:00|W10|2.0|1.92|0.18|1.92|0.43;0001-01-01T00:00:02.248+01:00|W11|0.9|0.69|0.22|0.69|0.23;0001-01-01T00:00:02.248+01:00|W12|1.0|0.68|0.03|0.68|0.13"
14.00;4.30;0001-01-01T00:00:02.3890000+01:00;14.87;-0.03;-1.87;39.3;12.601;8.061;13.398;-7.450;20.221;-19.792;96.487;-20.697;98.682;"0001-01-01T00:00:02.505+01:00|W1|1.5|1.48|0.01|1.48|0.30;0001-01-01T00:00:02.505+01:00|W2|1.0|0.60|0.08|0.60|0.69;0001-01-01T00:00:02.505+01:00|W3|1.8|1.78|0.07|1.78|0.05;0001-01-01T00:00:02.505+01:00|W4|0.7|0.20|0.18|0.20|0.62;0001-01-01T00:00:02.505+01:00|W5|1.7|1.65|0.05|1.65|0.07;0001-01-01T00:00:02.505+01:00|W6|1.8|1.45|0.13|1.45|0.89;0001-01-01T00:00:02.505+01:00|W7|1.0|0.95|0.08|0.95|0.37;0001-01-01T00:00:02.505+01:00|W8|1.6|1.60|0.23|1.60|0.29;0001-01-01T00:00:02.505+01:00|W9|0.9|0.84|0.19|0.84|0.11;0001-01-01T00:00:02.505+01:00|W10|2.1|2.00|0.23|2.00|0.39;0001-01-01T00:00:02.505+01:00|W11|0.9|0.72|0.19|0.72|0.24;0001-01-01T00:00:02.505+01:00|W12|0.9|0.61|0.09|0.61|0.05"
15.00;4.41;0001-01-01T00:00:02.4270000+01:00;15.89;-0.03;-2.09;40.0;13.484;7.982;17.580;-9.200;20.558;-20.156;96.298;-21.424;98.653;"0001-01-01T00:00:02.505+01:00|W1|1.5|1.48|0.01|1.48|0.30;0001-01-01T00:00:02.505+01:00|W2|1.0|0.60|0.08|0.60|0.69;0001-01-01T00:00:02.505+01:00|W3|1.8|1.78|0.07|1.78|0.05;0001-01-01T00:00:02.505+01:00|W4|0.7|0.20|0.18|0.20|0.62;0001-01-01T00:00:02.505+01:00|W5|1.7|1.65|0.05|1.65|0.07;0001-01-01T00:00:02.505+01:00|W6|1.8|1.45|0.13|1.45|0.89;0001-01-01T00:00:02.505+01:00|W7|1.0|0.95|0.08|0.95|0.37;0001-01-01T00:00:02.505+01:00|W8|1.6|1.60|0.23|1.60|0.29;0001-01-01T00:00:02.505+01:00|W9|0.9|0.84|0.19|0.84|0.11;0001-01-01T00:00:02.505+01:00|W10|2.1|2.00|0.23|2.00|0.39;0001-01-01T00:00:02.505+01:00|W11|0.9|0.72|0.19|0.72|0.24;0001-01-01T00:00:02.505+01:00|W12|0.9|0.61|0.09|0.61|0.05"
16.00;4.51;0001-01-01T00:00:02.4650000+01:00;16.90;-0.03;-2.32;40.4;14.179;7.598;18.335;-8.877;20.583;-20.599;96.136;-22.123;98.649;"0001-01-01T00:00:02.505+01:00|W1|1.5|1.48|0.01|1.48|0.30;0001-01-01T00:00:02.505+01:00|W2|1.0|0.60|0.08|0.60|0.69;0001-01-01T00:00:02.505+01:00|W3|1.8|1.78|0.07|1.78|0.05;0001-01-01T00:00:02.505+01:00|W4|0.7|0.20|0.18|0.20|0.62;0001-01-01T00:00:02.505+01:00|W5|1.7|1.65|0.05|1.65|0.07;0001-01-01T00:00:02.505+01:00|W6|1.8|1.45|0.13|1.45|0.89;0001-01-01T00:00:02.505+01:00|W7|1.0|0.95|0.08|0.95|0.37;0001-01-01T00:00:02.505+01:00|W8|1.6|1.60|0.23|1.60|0.29;0001-01-01T00:00:02.505+01:00|W9|0.9|0.84|0.19|0.84|0.11;0001-01-01T00:00:02.505+01:00|W10|2.1|2.00|0.23|2.00|0.39;0001-01-01T00:00:02.505+01:00|W11|0.9|0.72|0.19|0.72|0.24;0001-01-01T00:00:02.505+01:00|W12|0.9|0.61|0.09|0.61|0.05"
17.00;4.62;0001-01-01T00:00:02.5030000+01:00;17.92;-0.03;-2.56;40.5;15.161;7.383;21.494;-8.960;20.442;-20.904;95.994;-22.720;98.646;"0001-01-01T00:00:02.505+01:00|W1|1.5|1.48|0.01|1.48|0.30;0001-01-01T00:00:02.505+01:00|W2|1.0|0.60|0.08|0.60|0.69;0001-01-01T00:00:02.505+01:00|W3|1.8|1.78|0.07|1.78|0.05;0001-01-01T00:00:02.505+01:00|W4|0.7|0.20|0.18|0.20|0.62;0001-01-01T00:00:02.505+01:00|W5|1.7|1.65|0.05|1.65|0.07;0001-01-01T00:00:02.505+01:00|W6|1.8|1.45|0.13|1.45|0.89;0001-01-01T00:00:02.505+01:00|W7|1.0|0.95|0.08|0.95|0.37;0001-01-01T00:00:02.505+01:00|W8|1.6|1.60|0.23|1.60|0.29;0001-01-01T00:00:02.505+01:00|W9|0.9|0.84|0.19|0.84|0.11;0001-01-01T00:00:02.505+01:00|W10|2.1|2.00|0.23|2.00|0.39;0001-01-01T00:00:02.505+01:00|W11|0.9|0.72|0.19|0.72|0.24;0001-01-01T00:00:02.505+01:00|W12|0.9|0.61|0.09|0.61|0.05"
18.00;4.73;0001-01-01T00:00:02.5410000+01:00;18.93;-0.03;-2.80;40.4;16.095;7.210;24.737;-9.239;20.149;-21.135;95.850;-23.332;98.649;"0001-01-01T00:00:02.505+01:00|W1|1.5|1.48|0.01|1.48|0.30;0001-01-01T00:00:02.505+01:00|W2|1.0|0.60|0.08|0.60|0.69;0001-01-01T00:00:02.505+01:00|W3|1.8|1.78|0.07|1.78|0.05;0001-01-01T00:00:02.505+01:00|W4|0.7|0.20|0.18|0.20|0.62;0001-01-01T00:00:02.505+01:00|W5|1.7|1.65|0.05|1.65|0.07;0001-01-01T00:00:02.505+01:00|W6|1.8|1.45|0.13|1.45|0.89;0001-01-01T00:00:02.505+01:00|W7|1.0|0.95|0.08|0.95|0.37;0001-01-01T00:00:02.505+01:00|W8|1.6|1.60|0.23|1.60|0.29;0001-01-01T00:00:02.505+01:00|W9|0.9|0.84|0.19|0.84|0.11;0001-01-01T00:00:02.505+01:00|W10|2.1|2.00|0.23|2.00|0.39;0001-01-01T00:00:02.505+01:00|W11|0.9|0.72|0.19|0.72|0.24;0001-01-01T00:00:02.505+01:00|W12|0.9|0.61|0.09|0.61|0.05"
19.00;4.84;0001-01-01T00:00:02.5790000+01:00;19.94;-0.04;-3.06;40.1;16.836;7.018;27.009;-9.594;19.731;-21.328;95.695;-24.008;98.661;"0001-01-01T00:00:02.505+01:00|W1|1.5|1.48|0.01|1.48|0.30;0001-01-01T00:00:02.505+01:00|W2|1.0|0.60|0.08|0.60|0.69;0001-01-01T00:00:02.505+01:00|W3|1.8|1.78|0.07|1.78|0.05;0001-01-01T00:00:02.505+01:00|W4|0.7|0.20|0.18|0.20|0.62;0001-01-01T00:00:02.505+01:00|W5|1.7|1.65|0.05|1.65|0.07;0001-01-01T00:00:02.505+01:00|W6|1.8|1.45|0.13|1.45|0.89;0001-01-01T00:00:02.505+01:00|W7|1.0|0.95|0.08|0.95|0.37;0001-01-01T00:00:02.505+01:00|W8|1.6|1.60|0.23|1.60|0.29;0001-01-01T00:00:02.505+01:00|W9|0.9|0.84|0.19|0.84|0.11;0001-01-01T00:00:02.505+01:00|W10|2.1|2.00|0.23|2.00|0.39;0001-01-01T00:00:02.505+01:00|W11|0.9|0.72|0.19|0.72|0.24;0001-01-01T00:00:02.505+01:00|W12|0.9|0.61|0.09|0.61|0.05"
20.00;4.96;0001-01-01T00:00:02.6170000+01:00;20.95;-0.04;-3.31;39.9;17.576;6.825;29.275;-9.948;19.313;-21.520;95.540;-24.682;98.677;"0001-01-01T00:00:02.505+01:00|W1|1.5|1.48|0.01|1.48|0.30;0001-01-01T00:00:02.505+01:00|W2|1.0|0.60|0.08|0.60|0.69;0001-01-01T00:00:02.505+01:00|W3|1.8|1.78|0.07|1.78|0.05;0001-01-01T00:00:02.505+01:00|W4|0.7|0.20|0.18|0.20|0.62;0001-01-01T00:00:02.505+01:00|W5|1.7|1.65|0.05|1.65|0.07;0001-01-01T00:00:02.505+01:00|W6|1.8|1.45|0.13|1.45|0.89;0001-01-01T00:00:02.505+01:00|W7|1.0|0.95|0.08|0.95|0.37;0001-01-01T00:00:02.505+01:00|W8|1.6|1.60|0.23|1.60|0.29;0001-01-01T00:00:02.505+01:00|W9|0.9|0.84|0.19|0.84|0.11;0001-01-01T00:00:02.505+01:00|W10|2.1|2.00|0.23|2.00|0.39;0001-01-01T00:00:02.505+01:00|W11|0.9|0.72|0.19|0.72|0.24;0001-01-01T00:00:02.505+01:00|W12|0.9|0.61|0.09|0.61|0.05"
21.00;5.07;0001-01-01T00:00:02.6550000+01:00;21.95;-0.04;-3.57;39.6;17.992;6.525;31.140;-8.790;18.886;-21.666;95.444;-25.610;98.821;"0001-01-01T00:00:02.749+01:00|W1|1.5|1.48|0.02|1.48|0.27;0001-01-01T00:00:02.749+01:00|W2|0.9|0.48|0.11|0.48|0.73;0001-01-01T00:00:02.749+01:00|W3|1.7|1.65|0.06|1.65|0.16;0001-01-01T00:00:02.749+01:00|W4|0.7|0.26|0.17|0.26|0.59;0001-01-01T00:00:02.749+01:00|W5|2.1|2.04|0.40|2.04|0.11;0001-01-01T00:00:02.749+01:00|W6|1.6|1.20|0.24|1.20|0.92;0001-01-01T00:00:02.749+01:00|W7|1.0|0.96|0.09|0.96|0.31;0001-01-01T00:00:02.749+01:00|W8|1.6|1.59|0.23|1.59|0.33;0001-01-01T00:00:02.749+01:00|W9|1.0|0.94|0.10|0.94|0.11;0001-01-01T00:00:02.749+01:00|W10|2.1|2.07|0.28|2.07|0.41;0001-01-01T00:00:02.749+01:00|W11|0.9|0.71|0.20|0.71|0.25;0001-01-01T00:00:02.749+01:00|W12|0.9|0.74|0.05|0.74|0.06"
22.00;5.18;0001-01-01T00:00:02.6930000+01:00;22.95;-0.05;-3.85;39.2;18.176;6.159;32.670;-8.129;18.422;-21.767;95.269;-26.317;98.838;"0001-01-01T00:00:02.749+01:00|W1|1.5|1.48|0.02|1.48|0.27;0001-01-01T00:00:02.749+01:00|W2|0.9|0.48|0.11|0.48|0.73;0001-01-01T00:00:02.749+01:00|W3|1.7|1.65|0.06|1.65|0.16;0001-01-01T00:00:02.749+01:00|W4|0.7|0.26|0.17|0.26|0.59;0001-01-01T00:00:02.749+01:00|W5|2.1|2.04|0.40|2.04|0.11;0001-01-01T00:00:02.749+01:00|W6|1.6|1.20|0.24|1.20|0.92;0001-01-01T00:00:02.749+01:00|W7|1.0|0.96|0.09|0.96|0.31;0001-01-01T00:00:02.749+01:00|W8|1.6|1.59|0.23|1.59|0.33;0001-01-01T00:00:02.749+01:00|W9|1.0|0.94|0.10|0.94|0.11;0001-01-01T00:00:02.749+01:00|W10|2.1|2.07|0.28|2.07|0.41;0001-01-01T00:00:02.749+01:00|W11|0.9|0.71|0.20|0.71|0.25;0001-01-01T00:00:02.749+01:00|W12|0.9|0.74|0.05|0.74|0.06"
23.00;5.29;0001-01-01T00:00:02.7300000+01:00;23.95;-0.06;-4.12;38.8;18.165;5.755;34.111;-8.411;17.922;-21.828;95.000;-26.752;98.697;"0001-01-01T00:00:02.749+01:00|W1|1.5|1.48|0.02|1.48|0.27;0001-01-01T00:00:02.749+01:00|W2|0.9|0.48|0.11|0.48|0.73;0001-01-01T00:00:02.749+01:00|W3|1.7|1.65|0.06|1.65|0.16;0001-01-01T00:00:02.749+01:00|W4|0.7|0.26|0.17|0.26|0.59;0001-01-01T00:00:02.749+01:00|W5|2.1|2.04|0.40|2.04|0.11;0001-01-01T00:00:02.749+01:00|W6|1.6|1.20|0.24|1.20|0.92;0001-01-01T00:00:02.749+01:00|W7|1.0|0.96|0.09|0.96|0.31;0001-01-01T00:00:02.749+01:00|W8|1.6|1.59|0.23|1.59|0.33;0001-01-01T00:00:02.749+01:00|W9|1.0|0.94|0.10|0.94|0.11;0001-01-01T00:00:02.749+01:00|W10|2.1|2.07|0.28|2.07|0.41;0001-01-01T00:00:02.749+01:00|W11|0.9|0.71|0.20|0.71|0.25;0001-01-01T00:00:02.749+01:00|W12|0.9|0.74|0.05|0.74|0.06"
24.00;5.40;0001-01-01T00:00:02.7680000+01:00;24.94;-0.06;-4.41;38.4;17.951;5.380;36.593;-8.234;17.430;-21.877;94.812;-27.526;98.729;"0001-01-01T00:00:02.749+01:00|W1|1.5|1.48|0.02|1.48|0.27;0001-01-01T00:00:02.749+01:00|W2|0.9|0.48|0.11|0.48|0.73;0001-01-01T00:00:02.749+01:00|W3|1.7|1.65|0.06|1.65|0.16;0001-01-01T00:00:02.749+01:00|W4|0.7|0.26|0.17|0.26|0.59;0001-01-01T00:00:02.749+01:00|W5|2.1|2.04|0.40|2.04|0.11;0001-01-01T00:00:02.749+01:00|W6|1.6|1.20|0.24|1.20|0.92;0001-01-01T00:00:02.749+01:00|W7|1.0|0.96|0.09|0.96|0.31;0001-01-01T00:00:02.749+01:00|W8|1.6|1.59|0.23|1.59|0.33;0001-01-01T00:00:02.749+01:00|W9|1.0|0.94|0.10|0.94|0.11;0001-01-01T00:00:02.749+01:00|W10|2.1|2.07|0.28|2.07|0.41;0001-01-01T00:00:02.749+01:00|W11|0.9|0.71|0.20|0.71|0.25;0001-01-01T00:00:02.749+01:00|W12|0.9|0.74|0.05|0.74|0.06"
25.00;5.50;0001-01-01T00:00:02.8060000+01:00;25.93;-0.07;-4.70;38.5;17.415;5.084;38.464;-8.283;17.029;-22.005;94.635;-28.130;98.730;"0001-01-01T00:00:02.749+01:00|W1|1.5|1.48|0.02|1.48|0.27;0001-01-01T00:00:02.749+01:00|W2|0.9|0.48|0.11|0.48|0.73;0001-01-01T00:00:02.749+01:00|W3|1.7|1.65|0.06|1.65|0.16;0001-01-01T00:00:02.749+01:00|W4|0.7|0.26|0.17|0.26|0.59;0001-01-01T00:00:02.749+01:00|W5|2.1|2.04|0.40|2.04|0.11;0001-01-01T00:00:02.749+01:00|W6|1.6|1.20|0.24|1.20|0.92;0001-01-01T00:00:02.749+01:00|W7|1.0|0.96|0.09|0.96|0.31;0001-01-01T00:00:02.749+01:00|W8|1.6|1.59|0.23|1.59|0.33;0001-01-01T00:00:02.749+01:00|W9|1.0|0.94|0.10|0.94|0.11;0001-01-01T00:00:02.749+01:00|W10|2.1|2.07|0.28|2.07|0.41;0001-01-01T00:00:02.749+01:00|W11|0.9|0.71|0.20|0.71|0.25;0001-01-01T00:00:02.749+01:00|W12|0.9|0.74|0.05|0.74|0.06"
26.00;5.61;0001-01-01T00:00:02.8430000+01:00;26.91;-0.09;-5.00;38.4;16.806;4.783;40.191;-8.402;16.651;-22.170;94.454;-28.777;98.746;"0001-01-01T00:00:02.749+01:00|W1|1.5|1.48|0.02|1.48|0.27;0001-01-01T00:00:02.749+01:00|W2|0.9|0.48|0.11|0.48|0.73;0001-01-01T00:00:02.749+01:00|W3|1.7|1.65|0.06|1.65|0.16;0001-01-01T00:00:02.749+01:00|W4|0.7|0.26|0.17|0.26|0.59;0001-01-01T00:00:02.749+01:00|W5|2.1|2.04|0.40|2.04|0.11;0001-01-01T00:00:02.749+01:00|W6|1.6|1.20|0.24|1.20|0.92;0001-01-01T00:00:02.749+01:00|W7|1.0|0.96|0.09|0.96|0.31;0001-01-01T00:00:02.749+01:00|W8|1.6|1.59|0.23|1.59|0.33;0001-01-01T00:00:02.749+01:00|W9|1.0|0.94|0.10|0.94|0.11;0001-01-01T00:00:02.749+01:00|W10|2.1|2.07|0.28|2.07|0.41;0001-01-01T00:00:02.749+01:00|W11|0.9|0.71|0.20|0.71|0.25;0001-01-01T00:00:02.749+01:00|W12|0.9|0.74|0.05|0.74|0.06"
27.00;5.72;0001-01-01T00:00:02.8810000+01:00;27.90;-0.09;-5.30;38.0;16.148;4.456;41.854;-8.589;16.294;-22.349;94.281;-29.504;98.797;"0001-01-01T00:00:03.001+01:00|W1|1.5|1.48|0.02|1.48|0.27;0001-01-01T00:00:03.001+01:00|W2|0.9|0.48|0.11|0.48|0.73;0001-01-01T00:00:03.001+01:00|W3|1.6|1.54|0.16|1.54|0.19;0001-01-01T00:00:03.001+01:00|W4|0.7|0.33|0.14|0.33|0.58;0001-01-01T00:00:03.001+01:00|W5|2.0|1.89|0.35|1.89|0.74;0001-01-01T00:00:03.001+01:00|W6|1.5|0.91|0.31|0.91|1.03;0001-01-01T00:00:03.001+01:00|W7|1.1|1.03|0.03|1.03|0.27;0001-01-01T00:00:03.001+01:00|W8|1.6|1.57|0.20|1.57|0.36;0001-01-01T00:00:03.001+01:00|W9|1.1|1.09|0.05|1.09|0.20;0001-01-01T00:00:03.001+01:00|W10|2.2|2.10|0.29|2.10|0.37;0001-01-01T00:00:03.001+01:00|W11|0.9|0.72|0.18|0.72|0.27;0001-01-01T00:00:03.001+01:00|W12|0.9|0.74|0.05|0.74|0.06"
28.00;5.82;0001-01-01T00:00:02.9180000+01:00;28.88;-0.10;-5.61;38.0;15.207;4.122;43.190;-9.056;16.050;-22.494;94.188;-30.180;98.915;"0001-01-01T00:00:03.001+01:00|W1|1.5|1.48|0.02|1.48|0.27;0001-01-01T00:00:03.001+01:00|W2|0.9|0.48|0.11|0.48|0.73;0001-01-01T00:00:03.001+01:00|W3|1.6|1.54|0.16|1.54|0.19;0001-01-01T00:00:03.001+01:00|W4|0.7|0.33|0.14|0.33|0.58;0001-01-01T00:00:03.001+01:00|W5|2.0|1.89|0.35|1.89|0.74;0001-01-01T00:00:03.001+01:00|W6|1.5|0.91|0.31|0.91|1.03;0001-01-01T00:00:03.001+01:00|W7|1.1|1.03|0.03|1.03|0.27;0001-01-01T00:00:03.001+01:00|W8|1.6|1.57|0.20|1.57|0.36;0001-01-01T00:00:03.001+01:00|W9|1.1|1.09|0.05|1.09|0.20;0001-01-01T00:00:03.001+01:00|W10|2.2|2.10|0.29|2.10|0.37;0001-01-01T00:00:03.001+01:00|W11|0.9|0.72|0.18|0.72|0.27;0001-01-01T00:00:03.001+01:00|W12|0.9|0.74|0.05|0.74|0.06"
29.00;5.91;0001-01-01T00:00:02.9560000+01:00;29.85;-0.12;-5.93;37.8;14.363;3.576;44.583;-10.124;15.687;-22.617;94.096;-31.006;99.085;"0001-01-01T00:00:03.001+01:00|W1|1.5|1.48|0.02|1.48|0.27;0001-01-01T00:00:03.001+01:00|W2|0.9|0.48|0.11|0.48|0.73;0001-01-01T00:00:03.001+01:00|W3|1.6|1.54|0.16|1.54|0.19;0001-01-01T00:00:03.001+01:00|W4|0.7|0.33|0.14|0.33|0.58;0001-01-01T00:00:03.001+01:00|W5|2.0|1.89|0.35|1.89|0.74;0001-01-01T00:00:03.001+01:00|W6|1.5|0.91|0.31|0.91|1.03;0001-01-01T00:00:03.001+01:00|W7|1.1|1.03|0.03|1.03|0.27;0001-01-01T00:00:03.001+01:00|W8|1.6|1.57|0.20|1.57|0.36;0001-01-01T00:00:03.001+01:00|W9|1.1|1.09|0.05|1.09|0.20;0001-01-01T00:00:03.001+01:00|W10|2.2|2.10|0.29|2.10|0.37;0001-01-01T00:00:03.001+01:00|W11|0.9|0.72|0.18|0.72|0.27;0001-01-01T00:00:03.001+01:00|W12|0.9|0.74|0.05|0.74|0.06"
30.00;6.00;0001-01-01T00:00:02.9930000+01:00;30.82;-0.13;-6.26;37.6;13.532;2.813;45.561;-11.074;15.328;-22.695;93.979;-31.799;99.230;"0001-01-01T00:00:03.001+01:00|W1|1.5|1.48|0.02|1.48|0.27;0001-01-01T00:00:03.001+01:00|W2|0.9|0.48|0.11|0.48|0.73;0001-01-01T00:00:03.001+01:00|W3|1.6|1.54|0.16|1.54|0.19;0001-01-01T00:00:03.001+01:00|W4|0.7|0.33|0.14|0.33|0.58;0001-01-01T00:00:03.001+01:00|W5|2.0|1.89|0.35|1.89|0.74;0001-01-01T00:00:03.001+01:00|W6|1.5|0.91|0.31|0.91|1.03;0001-01-01T00:00:03.001+01:00|W7|1.1|1.03|0.03|1.03|0.27;0001-01-01T00:00:03.001+01:00|W8|1.6|1.57|0.20|1.57|0.36;0001-01-01T00:00:03.001+01:00|W9|1.1|1.09|0.05|1.09|0.20;0001-01-01T00:00:03.001+01:00|W10|2.2|2.10|0.29|2.10|0.37;0001-01-01T00:00:03.001+01:00|W11|0.9|0.72|0.18|0.72|0.27;0001-01-01T00:00:03.001+01:00|W12|0.9|0.74|0.05|0.74|0.06"
31.00;6.08;0001-01-01T00:00:03.0290000+01:00;31.79;-0.15;-6.58;37.3;12.715;1.865;45.984;-11.752;14.986;-22.731;93.861;-32.538;99.364;"0001-01-01T00:00:03.001+01:00|W1|1.5|1.48|0.02|1.48|0.27;0001-01-01T00:00:03.001+01:00|W2|0.9|0.48|0.11|0.48|0.73;0001-01-01T00:00:03.001+01:00|W3|1.6|1.54|0.16|1.54|0.19;0001-01-01T00:00:03.001+01:00|W4|0.7|0.33|0.14|0.33|0.58;0001-01-01T00:00:03.001+01:00|W5|2.0|1.89|0.35|1.89|0.74;0001-01-01T00:00:03.001+01:00|W6|1.5|0.91|0.31|0.91|1.03;0001-01-01T00:00:03.001+01:00|W7|1.1|1.03|0.03|1.03|0.27;0001-01-01T00:00:03.001+01:00|W8|1.6|1.57|0.20|1.57|0.36;0001-01-01T00:00:03.001+01:00|W9|1.1|1.09|0.05|1.09|0.20;0001-01-01T00:00:03.001+01:00|W10|2.2|2.10|0.29|2.10|0.37;0001-01-01T00:00:03.001+01:00|W11|0.9|0.72|0.18|0.72|0.27;0001-01-01T00:00:03.001+01:00|W12|0.9|0.74|0.05|0.74|0.06"
32.00;6.17;0001-01-01T00:00:03.0660000+01:00;32.75;-0.18;-6.92;37.0;12.071;0.911;45.736;-12.434;14.502;-22.766;93.943;-33.413;99.728;"0001-01-01T00:00:03.001+01:00|W1|1.5|1.48|0.02|1.48|0.27;0001-01-01T00:00:03.001+01:00|W2|0.9|0.48|0.11|0.48|0.73;0001-01-01T00:00:03.001+01:00|W3|1.6|1.54|0.16|1.54|0.19;0001-01-01T00:00:03.001+01:00|W4|0.7|0.33|0.14|0.33|0.58;0001-01-01T00:00:03.001+01:00|W5|2.0|1.89|0.35|1.89|0.74;0001-01-01T00:00:03.001+01:00|W6|1.5|0.91|0.31|0.91|1.03;0001-01-01T00:00:03.001+01:00|W7|1.1|1.03|0.03|1.03|0.27;0001-01-01T00:00:03.001+01:00|W8|1.6|1.57|0.20|1.57|0.36;0001-01-01T00:00:03.001+01:00|W9|1.1|1.09|0.05|1.09|0.20;0001-01-01T00:00:03.001+01:00|W10|2.2|2.10|0.29|2.10|0.37;0001-01-01T00:00:03.001+01:00|W11|0.9|0.72|0.18|0.72|0.27;0001-01-01T00:00:03.001+01:00|W12|0.9|0.74|0.05|0.74|0.06"
33.00;6.25;0001-01-01T00:00:03.1030000+01:00;33.71;-0.20;-7.26;36.6;11.501;0.609;45.784;-12.832;14.075;-22.744;93.893;-34.147;99.930;"0001-01-01T00:00:03.001+01:00|W1|1.5|1.48|0.02|1.48|0.27;0001-01-01T00:00:03.001+01:00|W2|0.9|0.48|0.11|0.48|0.73;0001-01-01T00:00:03.001+01:00|W3|1.6|1.54|0.16|1.54|0.19;0001-01-01T00:00:03.001+01:00|W4|0.7|0.33|0.14|0.33|0.58;0001-01-01T00:00:03.001+01:00|W5|2.0|1.89|0.35|1.89|0.74;0001-01-01T00:00:03.001+01:00|W6|1.5|0.91|0.31|0.91|1.03;0001-01-01T00:00:03.001+01:00|W7|1.1|1.03|0.03|1.03|0.27;0001-01-01T00:00:03.001+01:00|W8|1.6|1.57|0.20|1.57|0.36;0001-01-01T00:00:03.001+01:00|W9|1.1|1.09|0.05|1.09|0.20;0001-01-01T00:00:03.001+01:00|W10|2.2|2.10|0.29|2.10|0.37;0001-01-01T00:00:03.001+01:00|W11|0.9|0.72|0.18|0.72|0.27;0001-01-01T00:00:03.001+01:00|W12|0.9|0.74|0.05|0.74|0.06"
34.00;6.32;0001-01-01T00:00:03.1400000+01:00;34.66;-0.22;-7.61;36.2;11.015;0.504;45.910;-13.143;13.637;-22.704;93.833;-34.858;100.122;"0001-01-01T00:00:03.252+01:00|W1|1.5|1.49|0.01|1.49|0.24;0001-01-01T00:00:03.252+01:00|W2|0.9|0.39|0.15|0.39|0.73;0001-01-01T00:00:03.252+01:00|W3|1.5|1.43|0.24|1.43|0.20;0001-01-01T00:00:03.252+01:00|W4|0.8|0.41|0.07|0.41|0.58;0001-01-01T00:00:03.252+01:00|W5|1.9|1.79|0.24|1.79|0.71;0001-01-01T00:00:03.252+01:00|W6|1.5|0.82|0.27|0.82|1.17;0001-01-01T00:00:03.252+01:00|W7|1.1|1.06|0.01|1.06|0.20;0001-01-01T00:00:03.252+01:00|W8|1.6|1.54|0.16|1.54|0.37;0001-01-01T00:00:03.252+01:00|W9|1.3|1.25|0.21|1.25|0.28;0001-01-01T00:00:03.252+01:00|W10|2.2|2.07|0.28|2.07|0.39;0001-01-01T00:00:03.252+01:00|W11|0.9|0.75|0.16|0.75|0.32;0001-01-01T00:00:03.252+01:00|W12|1.2|1.13|0.23|1.13|0.26"
35.00;6.38;0001-01-01T00:00:03.1760000+01:00;35.61;-0.23;-7.96;35.8;10.628;0.400;46.034;-13.454;13.158;-22.664;93.818;-35.605;100.370;"0001-01-01T00:00:03.252+01:00|W1|1.5|1.49|0.01|1.49|0.24;0001-01-01T00:00:03.252+01:00|W2|0.9|0.39|0.15|0.39|0.73;0001-01-01T00:00:03.252+01:00|W3|1.5|1.43|0.24|1.43|0.20;0001-01-01T00:00:03.252+01:00|W4|0.8|0.41|0.07|0.41|0.58;0001-01-01T00:00:03.252+01:00|W5|1.9|1.79|0.24|1.79|0.71;0001-01-01T00:00:03.252+01:00|W6|1.5|0.82|0.27|0.82|1.17;0001-01-01T00:00:03.252+01:00|W7|1.1|1.06|0.01|1.06|0.20;0001-01-01T00:00:03.252+01:00|W8|1.6|1.54|0.16|1.54|0.37;0001-01-01T00:00:03.252+01:00|W9|1.3|1.25|0.21|1.25|0.28;0001-01-01T00:00:03.252+01:00|W10|2.2|2.07|0.28|2.07|0.39;0001-01-01T00:00:03.252+01:00|W11|0.9|0.75|0.16|0.75|0.32;0001-01-01T00:00:03.252+01:00|W12|1.2|1.13|0.23|1.13|0.26"
36.00;6.43;0001-01-01T00:00:03.2120000+01:00;36.56;-0.25;-8.32;35.3;10.409;0.296;46.712;-13.762;12.735;-22.625;93.702;-36.499;100.589;"0001-01-01T00:00:03.252+01:00|W1|1.5|1.49|0.01|1.49|0.24;0001-01-01T00:00:03.252+01:00|W2|0.9|0.39|0.15|0.39|0.73;0001-01-01T00:00:03.252+01:00|W3|1.5|1.43|0.24|1.43|0.20;0001-01-01T00:00:03.252+01:00|W4|0.8|0.41|0.07|0.41|0.58;0001-01-01T00:00:03.252+01:00|W5|1.9|1.79|0.24|1.79|0.71;0001-01-01T00:00:03.252+01:00|W6|1.5|0.82|0.27|0.82|1.17;0001-01-01T00:00:03.252+01:00|W7|1.1|1.06|0.01|1.06|0.20;0001-01-01T00:00:03.252+01:00|W8|1.6|1.54|0.16|1.54|0.37;0001-01-01T00:00:03.252+01:00|W9|1.3|1.25|0.21|1.25|0.28;0001-01-01T00:00:03.252+01:00|W10|2.2|2.07|0.28|2.07|0.39;0001-01-01T00:00:03.252+01:00|W11|0.9|0.75|0.16|0.75|0.32;0001-01-01T00:00:03.252+01:00|W12|1.2|1.13|0.23|1.13|0.26"
37.00;6.48;0001-01-01T00:00:03.2480000+01:00;37.50;-0.27;-8.69;35.0;10.240;0.193;46.797;-14.069;12.402;-22.586;93.620;-37.219;100.783;"0001-01-01T00:00:03.252+01:00|W1|1.5|1.49|0.01|1.49|0.24;0001-01-01T00:00:03.252+01:00|W2|0.9|0.39|0.15|0.39|0.73;0001-01-01T00:00:03.252+01:00|W3|1.5|1.43|0.24|1.43|0.20;0001-01-01T00:00:03.252+01:00|W4|0.8|0.41|0.07|0.41|0.58;0001-01-01T00:00:03.252+01:00|W5|1.9|1.79|0.24|1.79|0.71;0001-01-01T00:00:03.252+01:00|W6|1.5|0.82|0.27|0.82|1.17;0001-01-01T00:00:03.252+01:00|W7|1.1|1.06|0.01|1.06|0.20;0001-01-01T00:00:03.252+01:00|W8|1.6|1.54|0.16|1.54|0.37;0001-01-01T00:00:03.252+01:00|W9|1.3|1.25|0.21|1.25|0.28;0001-01-01T00:00:03.252+01:00|W10|2.2|2.07|0.28|2.07|0.39;0001-01-01T00:00:03.252+01:00|W11|0.9|0.75|0.16|0.75|0.32;0001-01-01T00:00:03.252+01:00|W12|1.2|1.13|0.23|1.13|0.26"
38.00;6.52;0001-01-01T00:00:03.2840000+01:00;38.43;-0.29;-9.07;34.8;10.127;0.091;46.629;-14.374;12.149;-22.547;93.556;-37.897;100.982;"0001-01-01T00:00:03.252+01:00|W1|1.5|1.49|0.01|1.49|0.24;0001-01-01T00:00:03.252+01:00|W2|0.9|0.39|0.15|0.39|0.73;0001-01-01T00:00:03.252+01:00|W3|1.5|1.43|0.24|1.43|0.20;0001-01-01T00:00:03.252+01:00|W4|0.8|0.41|0.07|0.41|0.58;0001-01-01T00:00:03.252+01:00|W5|1.9|1.79|0.24|1.79|0.71;0001-01-01T00:00:03.252+01:00|W6|1.5|0.82|0.27|0.82|1.17;0001-01-01T00:00:03.252+01:00|W7|1.1|1.06|0.01|1.06|0.20;0001-01-01T00:00:03.252+01:00|W8|1.6|1.54|0.16|1.54|0.37;0001-01-01T00:00:03.252+01:00|W9|1.3|1.25|0.21|1.25|0.28;0001-01-01T00:00:03.252+01:00|W10|2.2|2.07|0.28|2.07|0.39;0001-01-01T00:00:03.252+01:00|W11|0.9|0.75|0.16|0.75|0.32;0001-01-01T00:00:03.252+01:00|W12|1.2|1.13|0.23|1.13|0.26"
39.00;6.55;0001-01-01T00:00:03.3200000+01:00;39.36;-0.32;-9.44;34.6;10.096;-0.011;46.647;-14.677;11.990;-22.508;93.493;-38.725;101.239;"0001-01-01T00:00:03.252+01:00|W1|1.5|1.49|0.01|1.49|0.24;0001-01-01T00:00:03.252+01:00|W2|0.9|0.39|0.15|0.39|0.73;0001-01-01T00:00:03.252+01:00|W3|1.5|1.43|0.24|1.43|0.20;0001-01-01T00:00:03.252+01:00|W4|0.8|0.41|0.07|0.41|0.58;0001-01-01T00:00:03.252+01:00|W5|1.9|1.79|0.24|1.79|0.71;0001-01-01T00:00:03.252+01:00|W6|1.5|0.82|0.27|0.82|1.17;0001-01-01T00:00:03.252+01:00|W7|1.1|1.06|0.01|1.06|0.20;0001-01-01T00:00:03.252+01:00|W8|1.6|1.54|0.16|1.54|0.37;0001-01-01T00:00:03.252+01:00|W9|1.3|1.25|0.21|1.25|0.28;0001-01-01T00:00:03.252+01:00|W10|2.2|2.07|0.28|2.07|0.39;0001-01-01T00:00:03.252+01:00|W11|0.9|0.75|0.16|0.75|0.32;0001-01-01T00:00:03.252+01:00|W12|1.2|1.13|0.23|1.13|0.26"
40.00;6.57;0001-01-01T00:00:03.3550000+01:00;40.28;-0.35;-9.83;34.6;10.068;-0.113;46.818;-14.980;12.016;-22.469;93.343;-39.332;101.343;"0001-01-01T00:00:03.252+01:00|W1|1.5|1.49|0.01|1.49|0.24;0001-01-01T00:00:03.252+01:00|W2|0.9|0.39|0.15|0.39|0.73;0001-01-01T00:00:03.252+01:00|W3|1.5|1.43|0.24|1.43|0.20;0001-01-01T00:00:03.252+01:00|W4|0.8|0.41|0.07|0.41|0.58;0001-01-01T00:00:03.252+01:00|W5|1.9|1.79|0.24|1.79|0.71;0001-01-01T00:00:03.252+01:00|W6|1.5|0.82|0.27|0.82|1.17;0001-01-01T00:00:03.252+01:00|W7|1.1|1.06|0.01|1.06|0.20;0001-01-01T00:00:03.252+01:00|W8|1.6|1.54|0.16|1.54|0.37;0001-01-01T00:00:03.252+01:00|W9|1.3|1.25|0.21|1.25|0.28;0001-01-01T00:00:03.252+01:00|W10|2.2|2.07|0.28|2.07|0.39;0001-01-01T00:00:03.252+01:00|W11|0.9|0.75|0.16|0.75|0.32;0001-01-01T00:00:03.252+01:00|W12|1.2|1.13|0.23|1.13|0.26"
41.00;6.58;0001-01-01T00:00:03.3910000+01:00;41.20;-0.37;-10.23;34.7;10.013;-0.214;46.555;-15.282;12.124;-22.431;93.223;-40.002;101.501;"0001-01-01T00:00:03.496+01:00|W1|1.5|1.52|0.02|1.52|0.23;0001-01-01T00:00:03.496+01:00|W2|0.9|0.39|0.15|0.39|0.73;0001-01-01T00:00:03.496+01:00|W3|1.3|1.23|0.39|1.23|0.15;0001-01-01T00:00:03.496+01:00|W4|0.8|0.50|0.01|0.50|0.58;0001-01-01T00:00:03.496+01:00|W5|1.7|1.68|0.07|1.68|0.39;0001-01-01T00:00:03.496+01:00|W6|1.7|0.85|0.09|0.85|1.41;0001-01-01T00:00:03.496+01:00|W7|1.0|1.03|0.04|1.03|0.16;0001-01-01T00:00:03.496+01:00|W8|1.6|1.51|0.16|1.51|0.41;0001-01-01T00:00:03.496+01:00|W9|1.4|1.37|0.32|1.37|0.30;0001-01-01T00:00:03.496+01:00|W10|2.1|1.94|0.14|1.94|0.40;0001-01-01T00:00:03.496+01:00|W11|0.9|0.75|0.16|0.75|0.31;0001-01-01T00:00:03.496+01:00|W12|1.2|1.13|0.23|1.13|0.26"
42.00;6.59;0001-01-01T00:00:03.4260000+01:00;42.12;-0.40;-10.62;34.9;9.923;-0.315;45.753;-15.582;12.295;-22.392;93.160;-40.785;101.756;"0001-01-01T00:00:03.496+01:00|W1|1.5|1.52|0.02|1.52|0.23;0001-01-01T00:00:03.496+01:00|W2|0.9|0.39|0.15|0.39|0.73;0001-01-01T00:00:03.496+01:00|W3|1.3|1.23|0.39|1.23|0.15;0001-01-01T00:00:03.496+01:00|W4|0.8|0.50|0.01|0.50|0.58;0001-01-01T00:00:03.496+01:00|W5|1.7|1.68|0.07|1.68|0.39;0001-01-01T00:00:03.496+01:00|W6|1.7|0.85|0.09|0.85|1.41;0001-01-01T00:00:03.496+01:00|W7|1.0|1.03|0.04|1.03|0.16;0001-01-01T00:00:03.496+01:00|W8|1.6|1.51|0.16|1.51|0.41;0001-01-01T00:00:03.496+01:00|W9|1.4|1.37|0.32|1.37|0.30;0001-01-01T00:00:03.496+01:00|W10|2.1|1.94|0.14|1.94|0.40;0001-01-01T00:00:03.496+01:00|W11|0.9|0.75|0.16|0.75|0.31;0001-01-01T00:00:03.496+01:00|W12|1.2|1.13|0.23|1.13|0.26"
43.00;6.59;0001-01-01T00:00:03.4610000+01:00;43.03;-0.43;-11.02;35.1;9.795;-0.415;45.852;-15.880;12.494;-22.354;93.073;-41.221;101.859;"0001-01-01T00:00:03.496+01:00|W1|1.5|1.52|0.02|1.52|0.23;0001-01-01T00:00:03.496+01:00|W2|0.9|0.39|0.15|0.39|0.73;0001-01-01T00:00:03.496+01:00|W3|1.3|1.23|0.39|1.23|0.15;0001-01-01T00:00:03.496+01:00|W4|0.8|0.50|0.01|0.50|0.58;0001-01-01T00:00:03.496+01:00|W5|1.7|1.68|0.07|1.68|0.39;0001-01-01T00:00:03.496+01:00|W6|1.7|0.85|0.09|0.85|1.41;0001-01-01T00:00:03.496+01:00|W7|1.0|1.03|0.04|1.03|0.16;0001-01-01T00:00:03.496+01:00|W8|1.6|1.51|0.16|1.51|0.41;0001-01-01T00:00:03.496+01:00|W9|1.4|1.37|0.32|1.37|0.30;0001-01-01T00:00:03.496+01:00|W10|2.1|1.94|0.14|1.94|0.40;0001-01-01T00:00:03.496+01:00|W11|0.9|0.75|0.16|0.75|0.31;0001-01-01T00:00:03.496+01:00|W12|1.2|1.13|0.23|1.13|0.26"
44.00;6.58;0001-01-01T00:00:03.4960000+01:00;43.94;-0.46;-11.43;35.3;9.696;-0.515;45.946;-16.178;12.640;-22.316;93.016;-41.854;102.067;"0001-01-01T00:00:03.496+01:00|W1|1.5|1.52|0.02|1.52|0.23;0001-01-01T00:00:03.496+01:00|W2|0.9|0.39|0.15|0.39|0.73;0001-01-01T00:00:03.496+01:00|W3|1.3|1.23|0.39|1.23|0.15;0001-01-01T00:00:03.496+01:00|W4|0.8|0.50|0.01|0.50|0.58;0001-01-01T00:00:03.496+01:00|W5|1.7|1.68|0.07|1.68|0.39;0001-01-01T00:00:03.496+01:00|W6|1.7|0.85|0.09|0.85|1.41;0001-01-01T00:00:03.496+01:00|W7|1.0|1.03|0.04|1.03|0.16;0001-01-01T00:00:03.496+01:00|W8|1.6|1.51|0.16|1.51|0.41;0001-01-01T00:00:03.496+01:00|W9|1.4|1.37|0.32|1.37|0.30;0001-01-01T00:00:03.496+01:00|W10|2.1|1.94|0.14|1.94|0.40;0001-01-01T00:00:03.496+01:00|W11|0.9|0.75|0.16|0.75|0.31;0001-01-01T00:00:03.496+01:00|W12|1.2|1.13|0.23|1.13|0.26"
45.00;6.57;0001-01-01T00:00:03.5310000+01:00;44.85;-0.50;-11.84;35.4;9.570;-0.616;45.882;-16.476;12.779;-22.278;92.993;-42.594;102.352;"0001-01-01T00:00:03.496+01:00|W1|1.5|1.52|0.02|1.52|0.23;0001-01-01T00:00:03.496+01:00|W2|0.9|0.39|0.15|0.39|0.73;0001-01-01T00:00:03.496+01:00|W3|1.3|1.23|0.39|1.23|0.15;0001-01-01T00:00:03.496+01:00|W4|0.8|0.50|0.01|0.50|0.58;0001-01-01T00:00:03.496+01:00|W5|1.7|1.68|0.07|1.68|0.39;0001-01-01T00:00:03.496+01:00|W6|1.7|0.85|0.09|0.85|1.41;0001-01-01T00:00:03.496+01:00|W7|1.0|1.03|0.04|1.03|0.16;0001-01-01T00:00:03.496+01:00|W8|1.6|1.51|0.16|1.51|0.41;0001-01-01T00:00:03.496+01:00|W9|1.4|1.37|0.32|1.37|0.30;0001-01-01T00:00:03.496+01:00|W10|2.1|1.94|0.14|1.94|0.40;0001-01-01T00:00:03.496+01:00|W11|0.9|0.75|0.16|0.75|0.31;0001-01-01T00:00:03.496+01:00|W12|1.2|1.13|0.23|1.13|0.26"
46.00;6.55;0001-01-01T00:00:03.5660000+01:00;45.75;-0.53;-12.25;35.7;9.227;-0.715;45.100;-16.772;13.061;-22.240;93.031;-43.226;102.659;"0001-01-01T00:00:03.496+01:00|W1|1.5|1.52|0.02|1.52|0.23;0001-01-01T00:00:03.496+01:00|W2|0.9|0.39|0.15|0.39|0.73;0001-01-01T00:00:03.496+01:00|W3|1.3|1.23|0.39|1.23|0.15;0001-01-01T00:00:03.496+01:00|W4|0.8|0.50|0.01|0.50|0.58;0001-01-01T00:00:03.496+01:00|W5|1.7|1.68|0.07|1.68|0.39;0001-01-01T00:00:03.496+01:00|W6|1.7|0.85|0.09|0.85|1.41;0001-01-01T00:00:03.496+01:00|W7|1.0|1.03|0.04|1.03|0.16;0001-01-01T00:00:03.496+01:00|W8|1.6|1.51|0.16|1.51|0.41;0001-01-01T00:00:03.496+01:00|W9|1.4|1.37|0.32|1.37|0.30;0001-01-01T00:00:03.496+01:00|W10|2.1|1.94|0.14|1.94|0.40;0001-01-01T00:00:03.496+01:00|W11|0.9|0.75|0.16|0.75|0.31;0001-01-01T00:00:03.496+01:00|W12|1.2|1.13|0.23|1.13|0.26"
47.00;6.49;0001-01-01T00:00:03.6010000+01:00;46.64;-0.57;-12.70;35.9;8.691;-0.814;44.215;-17.067;13.214;-22.202;93.031;-43.760;102.888;"0001-01-01T00:00:03.496+01:00|W1|1.5|1.52|0.02|1.52|0.23;0001-01-01T00:00:03.496+01:00|W2|0.9|0.39|0.15|0.39|0.73;0001-01-01T00:00:03.496+01:00|W3|1.3|1.23|0.39|1.23|0.15;0001-01-01T00:00:03.496+01:00|W4|0.8|0.50|0.01|0.50|0.58;0001-01-01T00:00:03.496+01:00|W5|1.7|1.68|0.07|1.68|0.39;0001-01-01T00:00:03.496+01:00|W6|1.7|0.85|0.09|0.85|1.41;0001-01-01T00:00:03.496+01:00|W7|1.0|1.03|0.04|1.03|0.16;0001-01-01T00:00:03.496+01:00|W8|1.6|1.51|0.16|1.51|0.41;0001-01-01T00:00:03.496+01:00|W9|1.4|1.37|0.32|1.37|0.30;0001-01-01T00:00:03.496+01:00|W10|2.1|1.94|0.14|1.94|0.40;0001-01-01T00:00:03.496+01:00|W11|0.9|0.75|0.16|0.75|0.31;0001-01-01T00:00:03.496+01:00|W12|1.2|1.13|0.23|1.13|0.26"
48.00;6.42;0001-01-01T00:00:03.6350000+01:00;47.54;-0.61;-13.17;36.0;8.084;-0.913;43.290;-17.362;13.322;-22.164;93.018;-44.261;103.092;"0001-01-01T00:00:03.751+01:00|W1|1.6|1.53|0.02|1.53|0.23;0001-01-01T00:00:03.751+01:00|W2|0.9|0.44|0.09|0.44|0.74;0001-01-01T00:00:03.751+01:00|W3|1.1|1.09|0.51|1.09|0.06;0001-01-01T00:00:03.751+01:00|W4|0.8|0.50|0.00|0.50|0.58;0001-01-01T00:00:03.751+01:00|W5|1.8|1.73|0.19|1.73|0.58;0001-01-01T00:00:03.751+01:00|W6|1.8|1.01|0.06|1.01|1.52;0001-01-01T00:00:03.751+01:00|W7|1.0|1.02|0.04|1.02|0.09;0001-01-01T00:00:03.751+01:00|W8|1.7|1.58|0.26|1.58|0.49;0001-01-01T00:00:03.751+01:00|W9|1.5|1.45|0.38|1.45|0.32;0001-01-01T00:00:03.751+01:00|W10|1.9|1.84|0.02|1.84|0.40;0001-01-01T00:00:03.751+01:00|W11|0.8|0.74|0.18|0.74|0.26;0001-01-01T00:00:03.751+01:00|W12|1.3|1.20|0.27|1.20|0.25"
49.00;6.36;0001-01-01T00:00:03.6700000+01:00;48.44;-0.66;-13.65;36.1;7.471;-1.013;42.356;-17.659;13.431;-22.126;93.004;-44.766;103.301;"0001-01-01T00:00:03.751+01:00|W1|1.6|1.53|0.02|1.53|0.23;0001-01-01T00:00:03.751+01:00|W2|0.9|0.44|0.09|0.44|0.74;0001-01-01T00:00:03.751+01:00|W3|1.1|1.09|0.51|1.09|0.06;0001-01-01T00:00:03.751+01:00|W4|0.8|0.50|0.00|0.50|0.58;0001-01-01T00:00:03.751+01:00|W5|1.8|1.73|0.19|1.73|0.58;0001-01-01T00:00:03.751+01:00|W6|1.8|1.01|0.06|1.01|1.52;0001-01-01T00:00:03.751+01:00|W7|1.0|1.02|0.04|1.02|0.09;0001-01-01T00:00:03.751+01:00|W8|1.7|1.58|0.26|1.58|0.49;0001-01-01T00:00:03.751+01:00|W9|1.5|1.45|0.38|1.45|0.32;0001-01-01T00:00:03.751+01:00|W10|1.9|1.84|0.02|1.84|0.40;0001-01-01T00:00:03.751+01:00|W11|0.8|0.74|0.18|0.74|0.26;0001-01-01T00:00:03.751+01:00|W12|1.3|1.20|0.27|1.20|0.25"
50.00;6.30;0001-01-01T00:00:03.7050000+01:00;49.35;-0.70;-14.12;36.2;6.858;-1.113;41.422;-17.957;13.540;-22.088;92.991;-45.272;103.511;"0001-01-01T00:00:03.751+01:00|W1|1.6|1.53|0.02|1.53|0.23;0001-01-01T00:00:03.751+01:00|W2|0.9|0.44|0.09|0.44|0.74;0001-01-01T00:00:03.751+01:00|W3|1.1|1.09|0.51|1.09|0.06;0001-01-01T00:00:03.751+01:00|W4|0.8|0.50|0.00|0.50|0.58;0001-01-01T00:00:03.751+01:00|W5|1.8|1.73|0.19|1.73|0.58;0001-01-01T00:00:03.751+01:00|W6|1.8|1.01|0.06|1.01|1.52;0001-01-01T00:00:03.751+01:00|W7|1.0|1.02|0.04|1.02|0.09;0001-01-01T00:00:03.751+01:00|W8|1.7|1.58|0.26|1.58|0.49;0001-01-01T00:00:03.751+01:00|W9|1.5|1.45|0.38|1.45|0.32;0001-01-01T00:00:03.751+01:00|W10|1.9|1.84|0.02|1.84|0.40;0001-01-01T00:00:03.751+01:00|W11|0.8|0.74|0.18|0.74|0.26;0001-01-01T00:00:03.751+01:00|W12|1.3|1.20|0.27|1.20|0.25"
51.00;6.24;0001-01-01T00:00:03.7400000+01:00;50.25;-0.74;-14.59;36.3;6.245;-1.213;40.488;-18.254;13.649;-22.050;92.977;-45.778;103.724;"0001-01-01T00:00:03.751+01:00|W1|1.6|1.53|0.02|1.53|0.23;0001-01-01T00:00:03.751+01:00|W2|0.9|0.44|0.09|0.44|0.74;0001-01-01T00:00:03.751+01:00|W3|1.1|1.09|0.51|1.09|0.06;0001-01-01T00:00:03.751+01:00|W4|0.8|0.50|0.00|0.50|0.58;0001-01-01T00:00:03.751+01:00|W5|1.8|1.73|0.19|1.73|0.58;0001-01-01T00:00:03.751+01:00|W6|1.8|1.01|0.06|1.01|1.52;0001-01-01T00:00:03.751+01:00|W7|1.0|1.02|0.04|1.02|0.09;0001-01-01T00:00:03.751+01:00|W8|1.7|1.58|0.26|1.58|0.49;0001-01-01T00:00:03.751+01:00|W9|1.5|1.45|0.38|1.45|0.32;0001-01-01T00:00:03.751+01:00|W10|1.9|1.84|0.02|1.84|0.40;0001-01-01T00:00:03.751+01:00|W11|0.8|0.74|0.18|0.74|0.26;0001-01-01T00:00:03.751+01:00|W12|1.3|1.20|0.27|1.20|0.25"
52.00;6.18;0001-01-01T00:00:03.7750000+01:00;51.16;-0.79;-15.07;36.4;5.633;-1.313;39.554;-18.552;13.759;-22.012;92.963;-46.283;103.938;"0001-01-01T00:00:03.751+01:00|W1|1.6|1.53|0.02|1.53|0.23;0001-01-01T00:00:03.751+01:00|W2|0.9|0.44|0.09|0.44|0.74;0001-01-01T00:00:03.751+01:00|W3|1.1|1.09|0.51|1.09|0.06;0001-01-01T00:00:03.751+01:00|W4|0.8|0.50|0.00|0.50|0.58;0001-01-01T00:00:03.751+01:00|W5|1.8|1.73|0.19|1.73|0.58;0001-01-01T00:00:03.751+01:00|W6|1.8|1.01|0.06|1.01|1.52;0001-01-01T00:00:03.751+01:00|W7|1.0|1.02|0.04|1.02|0.09;0001-01-01T00:00:03.751+01:00|W8|1.7|1.58|0.26|1.58|0.49;0001-01-01T00:00:03.751+01:00|W9|1.5|1.45|0.38|1.45|0.32;0001-01-01T00:00:03.751+01:00|W10|1.9|1.84|0.02|1.84|0.40;0001-01-01T00:00:03.751+01:00|W11|0.8|0.74|0.18|0.74|0.26;0001-01-01T00:00:03.751+01:00|W12|1.3|1.20|0.27|1.20|0.25"
53.00;6.13;0001-01-01T00:00:03.8100000+01:00;52.06;-0.83;-15.54;36.6;5.020;-1.413;38.620;-18.850;13.868;-21.974;92.950;-46.789;104.155;"0001-01-01T00:00:03.751+01:00|W1|1.6|1.53|0.02|1.53|0.23;0001-01-01T00:00:03.751+01:00|W2|0.9|0.44|0.09|0.44|0.74;0001-01-01T00:00:03.751+01:00|W3|1.1|1.09|0.51|1.09|0.06;0001-01-01T00:00:03.751+01:00|W4|0.8|0.50|0.00|0.50|0.58;0001-01-01T00:00:03.751+01:00|W5|1.8|1.73|0.19|1.73|0.58;0001-01-01T00:00:03.751+01:00|W6|1.8|1.01|0.06|1.01|1.52;0001-01-01T00:00:03.751+01:00|W7|1.0|1.02|0.04|1.02|0.09;0001-01-01T00:00:03.751+01:00|W8|1.7|1.58|0.26|1.58|0.49;0001-01-01T00:00:03.751+01:00|W9|1.5|1.45|0.38|1.45|0.32;0001-01-01T00:00:03.751+01:00|W10|1.9|1.84|0.02|1.84|0.40;0001-01-01T00:00:03.751+01:00|W11|0.8|0.74|0.18|0.74|0.26;0001-01-01T00:00:03.751+01:00|W12|1.3|1.20|0.27|1.20|0.25"
54.00;6.09;0001-01-01T00:00:03.8450000+01:00;52.97;-0.87;-16.01;36.7;4.407;-1.513;37.686;-19.147;13.977;-21.936;92.936;-47.294;104.373;"0001-01-01T00:00:03.751+01:00|W1|1.6|1.53|0.02|1.53|0.23;0001-01-01T00:00:03.751+01:00|W2|0.9|0.44|0.09|0.44|0.74;0001-01-01T00:00:03.751+01:00|W3|1.1|1.09|0.51|1.09|0.06;0001-01-01T00:00:03.751+01:00|W4|0.8|0.50|0.00|0.50|0.58;0001-01-01T00:00:03.751+01:00|W5|1.8|1.73|0.19|1.73|0.58;0001-01-01T00:00:03.751+01:00|W6|1.8|1.01|0.06|1.01|1.52;0001-01-01T00:00:03.751+01:00|W7|1.0|1.02|0.04|1.02|0.09;0001-01-01T00:00:03.751+01:00|W8|1.7|1.58|0.26|1.58|0.49;0001-01-01T00:00:03.751+01:00|W9|1.5|1.45|0.38|1.45|0.32;0001-01-01T00:00:03.751+01:00|W10|1.9|1.84|0.02|1.84|0.40;0001-01-01T00:00:03.751+01:00|W11|0.8|0.74|0.18|0.74|0.26;0001-01-01T00:00:03.751+01:00|W12|1.3|1.20|0.27|1.20|0.25"
55.00;6.05;0001-01-01T00:00:03.8800000+01:00;53.87;-0.92;-16.49;36.8;3.795;-1.613;36.752;-19.445;14.086;-21.898;92.922;-47.800;104.594;"0001-01-01T00:00:04.005+01:00|W1|1.6|1.55|0.03|1.55|0.24;0001-01-01T00:00:04.005+01:00|W2|0.9|0.47|0.08|0.47|0.72;0001-01-01T00:00:04.005+01:00|W3|1.0|0.99|0.60|0.99|0.02;0001-01-01T00:00:04.005+01:00|W4|0.8|0.51|0.01|0.51|0.56;0001-01-01T00:00:04.005+01:00|W5|1.7|1.62|0.08|1.62|0.55;0001-01-01T00:00:04.005+01:00|W6|1.9|1.07|0.12|1.07|1.55;0001-01-01T00:00:04.005+01:00|W7|0.9|0.93|0.12|0.93|0.01;0001-01-01T00:00:04.005+01:00|W8|1.8|1.66|0.31|1.66|0.47;0001-01-01T00:00:04.005+01:00|W9|1.5|1.47|0.38|1.47|0.29;0001-01-01T00:00:04.005+01:00|W10|1.9|1.76|0.04|1.76|0.51;0001-01-01T00:00:04.005+01:00|W11|0.8|0.77|0.16|0.77|0.23;0001-01-01T00:00:04.005+01:00|W12|1.2|1.20|0.24|1.20|0.18"
56.00;6.01;0001-01-01T00:00:03.9150000+01:00;54.77;-0.96;-16.96;36.9;3.182;-1.713;35.818;-19.742;14.195;-21.860;92.909;-48.305;104.817;"0001-01-01T00:00:04.005+01:00|W1|1.6|1.55|0.03|1.55|0.24;0001-01-01T00:00:04.005+01:00|W2|0.9|0.47|0.08|0.47|0.72;0001-01-01T00:00:04.005+01:00|W3|1.0|0.99|0.60|0.99|0.02;0001-01-01T00:00:04.005+01:00|W4|0.8|0.51|0.01|0.51|0.56;0001-01-01T00:00:04.005+01:00|W5|1.7|1.62|0.08|1.62|0.55;0001-01-01T00:00:04.005+01:00|W6|1.9|1.07|0.12|1.07|1.55;0001-01-01T00:00:04.005+01:00|W7|0.9|0.93|0.12|0.93|0.01;0001-01-01T00:00:04.005+01:00|W8|1.8|1.66|0.31|1.66|0.47;0001-01-01T00:00:04.005+01:00|W9|1.5|1.47|0.38|1.47|0.29;0001-01-01T00:00:04.005+01:00|W10|1.9|1.76|0.04|1.76|0.51;0001-01-01T00:00:04.005+01:00|W11|0.8|0.77|0.16|0.77|0.23;0001-01-01T00:00:04.005+01:00|W12|1.2|1.20|0.24|1.20|0.18"
57.00;5.97;0001-01-01T00:00:03.9500000+01:00;55.68;-1.00;-17.43;37.0;2.569;-1.812;34.884;-20.040;14.305;-21.822;92.895;-48.810;105.041;"0001-01-01T00:00:04.005+01:00|W1|1.6|1.55|0.03|1.55|0.24;0001-01-01T00:00:04.005+01:00|W2|0.9|0.47|0.08|0.47|0.72;0001-01-01T00:00:04.005+01:00|W3|1.0|0.99|0.60|0.99|0.02;0001-01-01T00:00:04.005+01:00|W4|0.8|0.51|0.01|0.51|0.56;0001-01-01T00:00:04.005+01:00|W5|1.7|1.62|0.08|1.62|0.55;0001-01-01T00:00:04.005+01:00|W6|1.9|1.07|0.12|1.07|1.55;0001-01-01T00:00:04.005+01:00|W7|0.9|0.93|0.12|0.93|0.01;0001-01-01T00:00:04.005+01:00|W8|1.8|1.66|0.31|1.66|0.47;0001-01-01T00:00:04.005+01:00|W9|1.5|1.47|0.38|1.47|0.29;0001-01-01T00:00:04.005+01:00|W10|1.9|1.76|0.04|1.76|0.51;0001-01-01T00:00:04.005+01:00|W11|0.8|0.77|0.16|0.77|0.23;0001-01-01T00:00:04.005+01:00|W12|1.2|1.20|0.24|1.20|0.18"
58.00;5.94;0001-01-01T00:00:03.9850000+01:00;56.58;-1.05;-17.91;37.1;1.957;-1.912;33.950;-20.337;14.414;-21.784;92.881;-49.316;105.268;"0001-01-01T00:00:04.005+01:00|W1|1.6|1.55|0.03|1.55|0.24;0001-01-01T00:00:04.005+01:00|W2|0.9|0.47|0.08|0.47|0.72;0001-01-01T00:00:04.005+01:00|W3|1.0|0.99|0.60|0.99|0.02;0001-01-01T00:00:04.005+01:00|W4|0.8|0.51|0.01|0.51|0.56;0001-01-01T00:00:04.005+01:00|W5|1.7|1.62|0.08|1.62|0.55;0001-01-01T00:00:04.005+01:00|W6|1.9|1.07|0.12|1.07|1.55;0001-01-01T00:00:04.005+01:00|W7|0.9|0.93|0.12|0.93|0.01;0001-01-01T00:00:04.005+01:00|W8|1.8|1.66|0.31|1.66|0.47;0001-01-01T00:00:04.005+01:00|W9|1.5|1.47|0.38|1.47|0.29;0001-01-01T00:00:04.005+01:00|W10|1.9|1.76|0.04|1.76|0.51;0001-01-01T00:00:04.005+01:00|W11|0.8|0.77|0.16|0.77|0.23;0001-01-01T00:00:04.005+01:00|W12|1.2|1.20|0.24|1.20|0.18"
59.00;5.92;0001-01-01T00:00:04.0200000+01:00;57.49;-1.09;-18.38;37.3;1.344;-2.012;33.017;-20.635;14.523;-21.746;92.868;-49.821;105.497;"0001-01-01T00:00:04.005+01:00|W1|1.6|1.55|0.03|1.55|0.24;0001-01-01T00:00:04.005+01:00|W2|0.9|0.47|0.08|0.47|0.72;0001-01-01T00:00:04.005+01:00|W3|1.0|0.99|0.60|0.99|0.02;0001-01-01T00:00:04.005+01:00|W4|0.8|0.51|0.01|0.51|0.56;0001-01-01T00:00:04.005+01:00|W5|1.7|1.62|0.08|1.62|0.55;0001-01-01T00:00:04.005+01:00|W6|1.9|1.07|0.12|1.07|1.55;0001-01-01T00:00:04.005+01:00|W7|0.9|0.93|0.12|0.93|0.01;0001-01-01T00:00:04.005+01:00|W8|1.8|1.66|0.31|1.66|0.47;0001-01-01T00:00:04.005+01:00|W9|1.5|1.47|0.38|1.47|0.29;0001-01-01T00:00:04.005+01:00|W10|1.9|1.76|0.04|1.76|0.51;0001-01-01T00:00:04.005+01:00|W11|0.8|0.77|0.16|0.77|0.23;0001-01-01T00:00:04.005+01:00|W12|1.2|1.20|0.24|1.20|0.18"
60.00;5.90;0001-01-01T00:00:04.0550000+01:00;58.39;-1.13;-18.85;37.4;0.732;-2.112;32.084;-20.932;14.632;-21.708;92.854;-50.326;105.727;"0001-01-01T00:00:04.005+01:00|W1|1.6|1.55|0.03|1.55|0.24;0001-01-01T00:00:04.005+01:00|W2|0.9|0.47|0.08|0.47|0.72;0001-01-01T00:00:04.005+01:00|W3|1.0|0.99|0.60|0.99|0.02;0001-01-01T00:00:04.005+01:00|W4|0.8|0.51|0.01|0.51|0.56;0001-01-01T00:00:04.005+01:00|W5|1.7|1.62|0.08|1.62|0.55;0001-01-01T00:00:04.005+01:00|W6|1.9|1.07|0.12|1.07|1.55;0001-01-01T00:00:04.005+01:00|W7|0.9|0.93|0.12|0.93|0.01;0001-01-01T00:00:04.005+01:00|W8|1.8|1.66|0.31|1.66|0.47;0001-01-01T00:00:04.005+01:00|W9|1.5|1.47|0.38|1.47|0.29;0001-01-01T00:00:04.005+01:00|W10|1.9|1.76|0.04|1.76|0.51;0001-01-01T00:00:04.005+01:00|W11|0.8|0.77|0.16|0.77|0.23;0001-01-01T00:00:04.005+01:00|W12|1.2|1.20|0.24|1.20|0.18"
61.00;5.88;0001-01-01T00:00:04.0900000+01:00;59.29;-1.17;-19.33;37.5;0.120;-2.212;31.151;-21.229;14.741;-21.670;92.841;-50.831;105.959;"0001-01-01T00:00:04.005+01:00|W1|1.6|1.55|0.03|1.55|0.24;0001-01-01T00:00:04.005+01:00|W2|0.9|0.47|0.08|0.47|0.72;0001-01-01T00:00:04.005+01:00|W3|1.0|0.99|0.60|0.99|0.02;0001-01-01T00:00:04.005+01:00|W4|0.8|0.51|0.01|0.51|0.56;0001-01-01T00:00:04.005+01:00|W5|1.7|1.62|0.08|1.62|0.55;0001-01-01T00:00:04.005+01:00|W6|1.9|1.07|0.12|1.07|1.55;0001-01-01T00:00:04.005+01:00|W7|0.9|0.93|0.12|0.93|0.01;0001-01-01T00:00:04.005+01:00|W8|1.8|1.66|0.31|1.66|0.47;0001-01-01T00:00:04.005+01:00|W9|1.5|1.47|0.38|1.47|0.29;0001-01-01T00:00:04.005+01:00|W10|1.9|1.76|0.04|1.76|0.51;0001-01-01T00:00:04.005+01:00|W11|0.8|0.77|0.16|0.77|0.23;0001-01-01T00:00:04.005+01:00|W12|1.2|1.20|0.24|1.20|0.18"
62.00;5.87;0001-01-01T00:00:04.1240000+01:00;60.20;-1.22;-19.80;37.6;-0.492;-2.312;30.217;-21.527;14.850;-21.632;92.827;-51.337;106.194;"0001-01-01T00:00:04.005+01:00|W1|1.6|1.55|0.03|1.55|0.24;0001-01-01T00:00:04.005+01:00|W2|0.9|0.47|0.08|0.47|0.72;0001-01-01T00:00:04.005+01:00|W3|1.0|0.99|0.60|0.99|0.02;0001-01-01T00:00:04.005+01:00|W4|0.8|0.51|0.01|0.51|0.56;0001-01-01T00:00:04.005+01:00|W5|1.7|1.62|0.08|1.62|0.55;0001-01-01T00:00:04.005+01:00|W6|1.9|1.07|0.12|1.07|1.55;0001-01-01T00:00:04.005+01:00|W7|0.9|0.93|0.12|0.93|0.01;0001-01-01T00:00:04.005+01:00|W8|1.8|1.66|0.31|1.66|0.47;0001-01-01T00:00:04.005+01:00|W9|1.5|1.47|0.38|1.47|0.29;0001-01-01T00:00:04.005+01:00|W10|1.9|1.76|0.04|1.76|0.51;0001-01-01T00:00:04.005+01:00|W11|0.8|0.77|0.16|0.77|0.23;0001-01-01T00:00:04.005+01:00|W12|1.2|1.20|0.24|1.20|0.18"
63.00;5.86;0001-01-01T00:00:04.1590000+01:00;61.10;-1.26;-20.27;37.7;-1.105;-2.412;29.283;-21.824;14.960;-21.593;92.813;-51.842;106.430;"0001-01-01T00:00:04.251+01:00|W1|1.6|1.55|0.03|1.55|0.24;0001-01-01T00:00:04.251+01:00|W2|0.9|0.47|0.08|0.47|0.72;0001-01-01T00:00:04.251+01:00|W3|1.0|0.99|0.60|0.99|0.02;0001-01-01T00:00:04.251+01:00|W4|0.8|0.49|0.01|0.49|0.56;0001-01-01T00:00:04.251+01:00|W5|1.7|1.62|0.08|1.62|0.55;0001-01-01T00:00:04.251+01:00|W6|1.9|1.07|0.12|1.07|1.55;0001-01-01T00:00:04.251+01:00|W7|0.9|0.93|0.12|0.93|0.01;0001-01-01T00:00:04.251+01:00|W8|1.8|1.66|0.31|1.66|0.47;0001-01-01T00:00:04.251+01:00|W9|1.5|1.47|0.38|1.47|0.29;0001-01-01T00:00:04.251+01:00|W10|1.9|1.76|0.04|1.76|0.51;0001-01-01T00:00:04.251+01:00|W11|0.8|0.77|0.16|0.77|0.23;0001-01-01T00:00:04.251+01:00|W12|1.2|1.20|0.21|1.20|0.15"
64.00;5.84;0001-01-01T00:00:04.1940000+01:00;62.00;-1.31;-20.76;37.6;-0.827;-2.511;29.127;-22.119;14.863;-21.556;92.815;-52.235;106.625;"0001-01-01T00:00:04.251+01:00|W1|1.6|1.55|0.03|1.55|0.24;0001-01-01T00:00:04.251+01:00|W2|0.9|0.47|0.08|0.47|0.72;0001-01-01T00:00:04.251+01:00|W3|1.0|0.99|0.60|0.99|0.02;0001-01-01T00:00:04.251+01:00|W4|0.8|0.49|0.01|0.49|0.56;0001-01-01T00:00:04.251+01:00|W5|1.7|1.62|0.08|1.62|0.55;0001-01-01T00:00:04.251+01:00|W6|1.9|1.07|0.12|1.07|1.55;0001-01-01T00:00:04.251+01:00|W7|0.9|0.93|0.12|0.93|0.01;0001-01-01T00:00:04.251+01:00|W8|1.8|1.66|0.31|1.66|0.47;0001-01-01T00:00:04.251+01:00|W9|1.5|1.47|0.38|1.47|0.29;0001-01-01T00:00:04.251+01:00|W10|1.9|1.76|0.04|1.76|0.51;0001-01-01T00:00:04.251+01:00|W11|0.8|0.77|0.16|0.77|0.23;0001-01-01T00:00:04.251+01:00|W12|1.2|1.20|0.21|1.20|0.15"
65.00;5.80;0001-01-01T00:00:04.2280000+01:00;62.89;-1.35;-21.27;37.4;0.164;-2.609;29.594;-22.411;14.600;-21.518;92.828;-52.538;106.785;"0001-01-01T00:00:04.251+01:00|W1|1.6|1.55|0.03|1.55|0.24;0001-01-01T00:00:04.251+01:00|W2|0.9|0.47|0.08|0.47|0.72;0001-01-01T00:00:04.251+01:00|W3|1.0|0.99|0.60|0.99|0.02;0001-01-01T00:00:04.251+01:00|W4|0.8|0.49|0.01|0.49|0.56;0001-01-01T00:00:04.251+01:00|W5|1.7|1.62|0.08|1.62|0.55;0001-01-01T00:00:04.251+01:00|W6|1.9|1.07|0.12|1.07|1.55;0001-01-01T00:00:04.251+01:00|W7|0.9|0.93|0.12|0.93|0.01;0001-01-01T00:00:04.251+01:00|W8|1.8|1.66|0.31|1.66|0.47;0001-01-01T00:00:04.251+01:00|W9|1.5|1.47|0.38|1.47|0.29;0001-01-01T00:00:04.251+01:00|W10|1.9|1.76|0.04|1.76|0.51;0001-01-01T00:00:04.251+01:00|W11|0.8|0.77|0.16|0.77|0.23;0001-01-01T00:00:04.251+01:00|W12|1.2|1.20|0.21|1.20|0.15"
66.00;5.77;0001-01-01T00:00:04.2630000+01:00;63.77;-1.40;-21.77;37.1;1.155;-2.707;30.061;-22.703;14.338;-21.481;92.841;-52.840;106.945;"0001-01-01T00:00:04.251+01:00|W1|1.6|1.55|0.03|1.55|0.24;0001-01-01T00:00:04.251+01:00|W2|0.9|0.47|0.08|0.47|0.72;0001-01-01T00:00:04.251+01:00|W3|1.0|0.99|0.60|0.99|0.02;0001-01-01T00:00:04.251+01:00|W4|0.8|0.49|0.01|0.49|0.56;0001-01-01T00:00:04.251+01:00|W5|1.7|1.62|0.08|1.62|0.55;0001-01-01T00:00:04.251+01:00|W6|1.9|1.07|0.12|1.07|1.55;0001-01-01T00:00:04.251+01:00|W7|0.9|0.93|0.12|0.93|0.01;0001-01-01T00:00:04.251+01:00|W8|1.8|1.66|0.31|1.66|0.47;0001-01-01T00:00:04.251+01:00|W9|1.5|1.47|0.38|1.47|0.29;0001-01-01T00:00:04.251+01:00|W10|1.9|1.76|0.04|1.76|0.51;0001-01-01T00:00:04.251+01:00|W11|0.8|0.77|0.16|0.77|0.23;0001-01-01T00:00:04.251+01:00|W12|1.2|1.20|0.21|1.20|0.15"
67.00;5.73;0001-01-01T00:00:04.2970000+01:00;64.66;-1.44;-22.28;37.0;2.349;-2.805;31.386;-22.995;14.268;-21.444;92.839;-53.349;107.193;"0001-01-01T00:00:04.251+01:00|W1|1.6|1.55|0.03|1.55|0.24;0001-01-01T00:00:04.251+01:00|W2|0.9|0.47|0.08|0.47|0.72;0001-01-01T00:00:04.251+01:00|W3|1.0|0.99|0.60|0.99|0.02;0001-01-01T00:00:04.251+01:00|W4|0.8|0.49|0.01|0.49|0.56;0001-01-01T00:00:04.251+01:00|W5|1.7|1.62|0.08|1.62|0.55;0001-01-01T00:00:04.251+01:00|W6|1.9|1.07|0.12|1.07|1.55;0001-01-01T00:00:04.251+01:00|W7|0.9|0.93|0.12|0.93|0.01;0001-01-01T00:00:04.251+01:00|W8|1.8|1.66|0.31|1.66|0.47;0001-01-01T00:00:04.251+01:00|W9|1.5|1.47|0.38|1.47|0.29;0001-01-01T00:00:04.251+01:00|W10|1.9|1.76|0.04|1.76|0.51;0001-01-01T00:00:04.251+01:00|W11|0.8|0.77|0.16|0.77|0.23;0001-01-01T00:00:04.251+01:00|W12|1.2|1.20|0.21|1.20|0.15"
68.00;5.71;0001-01-01T00:00:04.3310000+01:00;65.55;-1.49;-22.79;36.9;3.585;-2.904;33.058;-23.288;14.339;-21.406;92.835;-53.962;107.495;"0001-01-01T00:00:04.251+01:00|W1|1.6|1.55|0.03|1.55|0.24;0001-01-01T00:00:04.251+01:00|W2|0.9|0.47|0.08|0.47|0.72;0001-01-01T00:00:04.251+01:00|W3|1.0|0.99|0.60|0.99|0.02;0001-01-01T00:00:04.251+01:00|W4|0.8|0.49|0.01|0.49|0.56;0001-01-01T00:00:04.251+01:00|W5|1.7|1.62|0.08|1.62|0.55;0001-01-01T00:00:04.251+01:00|W6|1.9|1.07|0.12|1.07|1.55;0001-01-01T00:00:04.251+01:00|W7|0.9|0.93|0.12|0.93|0.01;0001-01-01T00:00:04.251+01:00|W8|1.8|1.66|0.31|1.66|0.47;0001-01-01T00:00:04.251+01:00|W9|1.5|1.47|0.38|1.47|0.29;0001-01-01T00:00:04.251+01:00|W10|1.9|1.76|0.04|1.76|0.51;0001-01-01T00:00:04.251+01:00|W11|0.8|0.77|0.16|0.77|0.23;0001-01-01T00:00:04.251+01:00|W12|1.2|1.20|0.21|1.20|0.15"
69.00;5.70;0001-01-01T00:00:04.3670000+01:00;66.44;-1.55;-23.28;36.1;4.494;-3.004;34.133;-23.588;14.554;-21.368;92.864;-54.530;107.808;"0001-01-01T00:00:04.251+01:00|W1|1.6|1.55|0.03|1.55|0.24;0001-01-01T00:00:04.251+01:00|W2|0.9|0.47|0.08|0.47|0.72;0001-01-01T00:00:04.251+01:00|W3|1.0|0.99|0.60|0.99|0.02;0001-01-01T00:00:04.251+01:00|W4|0.8|0.49|0.01|0.49|0.56;0001-01-01T00:00:04.251+01:00|W5|1.7|1.62|0.08|1.62|0.55;0001-01-01T00:00:04.251+01:00|W6|1.9|1.07|0.12|1.07|1.55;0001-01-01T00:00:04.251+01:00|W7|0.9|0.93|0.12|0.93|0.01;0001-01-01T00:00:04.251+01:00|W8|1.8|1.66|0.31|1.66|0.47;0001-01-01T00:00:04.251+01:00|W9|1.5|1.47|0.38|1.47|0.29;0001-01-01T00:00:04.251+01:00|W10|1.9|1.76|0.04|1.76|0.51;0001-01-01T00:00:04.251+01:00|W11|0.8|0.77|0.16|0.77|0.23;0001-01-01T00:00:04.251+01:00|W12|1.2|1.20|0.21|1.20|0.15"
70.00;5.68;0001-01-01T00:00:04.4010000+01:00;67.32;-1.61;-23.79;36.2;5.018;-3.028;35.504;-24.728;14.861;-21.344;92.835;-55.049;108.050;"0001-01-01T00:00:04.499+01:00|W1|1.5|1.47|0.04|1.47|0.26;0001-01-01T00:00:04.499+01:00|W2|0.9|0.49|0.08|0.49|0.69;0001-01-01T00:00:04.499+01:00|W3|1.0|0.96|0.58|0.96|0.14;0001-01-01T00:00:04.499+01:00|W4|0.8|0.45|0.01|0.45|0.56;0001-01-01T00:00:04.499+01:00|W5|1.7|1.58|0.03|1.58|0.54;0001-01-01T00:00:04.499+01:00|W6|1.8|0.89|0.00|0.89|1.53;0001-01-01T00:00:04.499+01:00|W7|0.9|0.92|0.13|0.92|0.03;0001-01-01T00:00:04.499+01:00|W8|1.9|1.87|0.37|1.87|0.23;0001-01-01T00:00:04.499+01:00|W9|1.5|1.47|0.36|1.47|0.29;0001-01-01T00:00:04.499+01:00|W10|2.0|1.87|0.05|1.87|0.58;0001-01-01T00:00:04.499+01:00|W11|0.9|0.79|0.10|0.79|0.16;0001-01-01T00:00:04.499+01:00|W12|1.2|1.20|0.21|1.20|0.15"
71.00;5.64;0001-01-01T00:00:04.4350000+01:00;68.20;-1.66;-24.32;36.5;5.153;-3.141;36.542;-25.640;15.210;-21.297;92.733;-55.472;108.182;"0001-01-01T00:00:04.499+01:00|W1|1.5|1.47|0.04|1.47|0.26;0001-01-01T00:00:04.499+01:00|W2|0.9|0.49|0.08|0.49|0.69;0001-01-01T00:00:04.499+01:00|W3|1.0|0.96|0.58|0.96|0.14;0001-01-01T00:00:04.499+01:00|W4|0.8|0.45|0.01|0.45|0.56;0001-01-01T00:00:04.499+01:00|W5|1.7|1.58|0.03|1.58|0.54;0001-01-01T00:00:04.499+01:00|W6|1.8|0.89|0.00|0.89|1.53;0001-01-01T00:00:04.499+01:00|W7|0.9|0.92|0.13|0.92|0.03;0001-01-01T00:00:04.499+01:00|W8|1.9|1.87|0.37|1.87|0.23;0001-01-01T00:00:04.499+01:00|W9|1.5|1.47|0.36|1.47|0.29;0001-01-01T00:00:04.499+01:00|W10|2.0|1.87|0.05|1.87|0.58;0001-01-01T00:00:04.499+01:00|W11|0.9|0.79|0.10|0.79|0.16;0001-01-01T00:00:04.499+01:00|W12|1.2|1.20|0.21|1.20|0.15"
72.00;5.61;0001-01-01T00:00:04.4690000+01:00;69.07;-1.71;-24.84;36.9;4.647;-3.528;36.561;-25.370;15.590;-21.184;92.502;-55.698;108.108;"0001-01-01T00:00:04.499+01:00|W1|1.5|1.47|0.04|1.47|0.26;0001-01-01T00:00:04.499+01:00|W2|0.9|0.49|0.08|0.49|0.69;0001-01-01T00:00:04.499+01:00|W3|1.0|0.96|0.58|0.96|0.14;0001-01-01T00:00:04.499+01:00|W4|0.8|0.45|0.01|0.45|0.56;0001-01-01T00:00:04.499+01:00|W5|1.7|1.58|0.03|1.58|0.54;0001-01-01T00:00:04.499+01:00|W6|1.8|0.89|0.00|0.89|1.53;0001-01-01T00:00:04.499+01:00|W7|0.9|0.92|0.13|0.92|0.03;0001-01-01T00:00:04.499+01:00|W8|1.9|1.87|0.37|1.87|0.23;0001-01-01T00:00:04.499+01:00|W9|1.5|1.47|0.36|1.47|0.29;0001-01-01T00:00:04.499+01:00|W10|2.0|1.87|0.05|1.87|0.58;0001-01-01T00:00:04.499+01:00|W11|0.9|0.79|0.10|0.79|0.16;0001-01-01T00:00:04.499+01:00|W12|1.2|1.20|0.21|1.20|0.15"
73.00;5.57;0001-01-01T00:00:04.5030000+01:00;69.95;-1.76;-25.38;37.1;3.695;-3.913;38.089;-25.102;15.980;-21.071;92.653;-56.406;108.607;"0001-01-01T00:00:04.499+01:00|W1|1.5|1.47|0.04|1.47|0.26;0001-01-01T00:00:04.499+01:00|W2|0.9|0.49|0.08|0.49|0.69;0001-01-01T00:00:04.499+01:00|W3|1.0|0.96|0.58|0.96|0.14;0001-01-01T00:00:04.499+01:00|W4|0.8|0.45|0.01|0.45|0.56;0001-01-01T00:00:04.499+01:00|W5|1.7|1.58|0.03|1.58|0.54;0001-01-01T00:00:04.499+01:00|W6|1.8|0.89|0.00|0.89|1.53;0001-01-01T00:00:04.499+01:00|W7|0.9|0.92|0.13|0.92|0.03;0001-01-01T00:00:04.499+01:00|W8|1.9|1.87|0.37|1.87|0.23;0001-01-01T00:00:04.499+01:00|W9|1.5|1.47|0.36|1.47|0.29;0001-01-01T00:00:04.499+01:00|W10|2.0|1.87|0.05|1.87|0.58;0001-01-01T00:00:04.499+01:00|W11|0.9|0.79|0.10|0.79|0.16;0001-01-01T00:00:04.499+01:00|W12|1.2|1.20|0.21|1.20|0.15"
74.00;5.54;0001-01-01T00:00:04.5370000+01:00;70.82;-1.81;-25.91;37.3;2.493;-4.340;38.753;-24.711;16.325;-20.936;92.836;-57.149;109.151;"0001-01-01T00:00:04.499+01:00|W1|1.5|1.47|0.04|1.47|0.26;0001-01-01T00:00:04.499+01:00|W2|0.9|0.49|0.08|0.49|0.69;0001-01-01T00:00:04.499+01:00|W3|1.0|0.96|0.58|0.96|0.14;0001-01-01T00:00:04.499+01:00|W4|0.8|0.45|0.01|0.45|0.56;0001-01-01T00:00:04.499+01:00|W5|1.7|1.58|0.03|1.58|0.54;0001-01-01T00:00:04.499+01:00|W6|1.8|0.89|0.00|0.89|1.53;0001-01-01T00:00:04.499+01:00|W7|0.9|0.92|0.13|0.92|0.03;0001-01-01T00:00:04.499+01:00|W8|1.9|1.87|0.37|1.87|0.23;0001-01-01T00:00:04.499+01:00|W9|1.5|1.47|0.36|1.47|0.29;0001-01-01T00:00:04.499+01:00|W10|2.0|1.87|0.05|1.87|0.58;0001-01-01T00:00:04.499+01:00|W11|0.9|0.79|0.10|0.79|0.16;0001-01-01T00:00:04.499+01:00|W12|1.2|1.20|0.21|1.20|0.15"
75.00;5.52;0001-01-01T00:00:04.5700000+01:00;71.69;-1.87;-26.44;37.6;0.994;-4.846;37.162;-24.087;16.579;-20.757;92.922;-57.763;109.549;"0001-01-01T00:00:04.499+01:00|W1|1.5|1.47|0.04|1.47|0.26;0001-01-01T00:00:04.499+01:00|W2|0.9|0.49|0.08|0.49|0.69;0001-01-01T00:00:04.499+01:00|W3|1.0|0.96|0.58|0.96|0.14;0001-01-01T00:00:04.499+01:00|W4|0.8|0.45|0.01|0.45|0.56;0001-01-01T00:00:04.499+01:00|W5|1.7|1.58|0.03|1.58|0.54;0001-01-01T00:00:04.499+01:00|W6|1.8|0.89|0.00|0.89|1.53;0001-01-01T00:00:04.499+01:00|W7|0.9|0.92|0.13|0.92|0.03;0001-01-01T00:00:04.499+01:00|W8|1.9|1.87|0.37|1.87|0.23;0001-01-01T00:00:04.499+01:00|W9|1.5|1.47|0.36|1.47|0.29;0001-01-01T00:00:04.499+01:00|W10|2.0|1.87|0.05|1.87|0.58;0001-01-01T00:00:04.499+01:00|W11|0.9|0.79|0.10|0.79|0.16;0001-01-01T00:00:04.499+01:00|W12|1.2|1.20|0.21|1.20|0.15"
76.00;5.49;0001-01-01T00:00:04.6040000+01:00;72.56;-1.92;-26.98;37.7;-0.308;-5.349;37.577;-23.468;16.757;-20.579;93.029;-58.415;109.989;"0001-01-01T00:00:04.499+01:00|W1|1.5|1.47|0.04|1.47|0.26;0001-01-01T00:00:04.499+01:00|W2|0.9|0.49|0.08|0.49|0.69;0001-01-01T00:00:04.499+01:00|W3|1.0|0.96|0.58|0.96|0.14;0001-01-01T00:00:04.499+01:00|W4|0.8|0.45|0.01|0.45|0.56;0001-01-01T00:00:04.499+01:00|W5|1.7|1.58|0.03|1.58|0.54;0001-01-01T00:00:04.499+01:00|W6|1.8|0.89|0.00|0.89|1.53;0001-01-01T00:00:04.499+01:00|W7|0.9|0.92|0.13|0.92|0.03;0001-01-01T00:00:04.499+01:00|W8|1.9|1.87|0.37|1.87|0.23;0001-01-01T00:00:04.499+01:00|W9|1.5|1.47|0.36|1.47|0.29;0001-01-01T00:00:04.499+01:00|W10|2.0|1.87|0.05|1.87|0.58;0001-01-01T00:00:04.499+01:00|W11|0.9|0.79|0.10|0.79|0.16;0001-01-01T00:00:04.499+01:00|W12|1.2|1.20|0.21|1.20|0.15"
77.00;5.45;0001-01-01T00:00:04.6380000+01:00;73.42;-1.98;-27.52;37.8;-1.503;-5.851;37.346;-22.850;16.881;-20.402;93.138;-58.965;110.379;"0001-01-01T00:00:04.755+01:00|W1|1.4|1.40|0.11|1.40|0.23;0001-01-01T00:00:04.755+01:00|W2|0.9|0.51|0.09|0.51|0.63;0001-01-01T00:00:04.755+01:00|W3|1.1|1.07|0.38|1.07|0.23;0001-01-01T00:00:04.755+01:00|W4|0.8|0.39|0.06|0.39|0.54;0001-01-01T00:00:04.755+01:00|W5|1.6|1.49|0.04|1.49|0.59;0001-01-01T00:00:04.755+01:00|W6|1.8|0.85|0.02|0.85|1.47;0001-01-01T00:00:04.755+01:00|W7|0.9|0.87|0.17|0.87|0.04;0001-01-01T00:00:04.755+01:00|W8|1.9|1.89|0.36|1.89|0.13;0001-01-01T00:00:04.755+01:00|W9|1.5|1.49|0.37|1.49|0.33;0001-01-01T00:00:04.755+01:00|W10|2.0|1.85|0.03|1.85|0.61;0001-01-01T00:00:04.755+01:00|W11|0.9|0.82|0.05|0.82|0.13;0001-01-01T00:00:04.755+01:00|W12|1.2|1.21|0.21|1.21|0.05"
78.00;5.42;0001-01-01T00:00:04.6710000+01:00;74.28;-2.03;-28.07;37.9;-2.569;-6.353;35.502;-22.231;16.936;-20.225;93.248;-59.333;110.671;"0001-01-01T00:00:04.755+01:00|W1|1.4|1.40|0.11|1.40|0.23;0001-01-01T00:00:04.755+01:00|W2|0.9|0.51|0.09|0.51|0.63;0001-01-01T00:00:04.755+01:00|W3|1.1|1.07|0.38|1.07|0.23;0001-01-01T00:00:04.755+01:00|W4|0.8|0.39|0.06|0.39|0.54;0001-01-01T00:00:04.755+01:00|W5|1.6|1.49|0.04|1.49|0.59;0001-01-01T00:00:04.755+01:00|W6|1.8|0.85|0.02|0.85|1.47;0001-01-01T00:00:04.755+01:00|W7|0.9|0.87|0.17|0.87|0.04;0001-01-01T00:00:04.755+01:00|W8|1.9|1.89|0.36|1.89|0.13;0001-01-01T00:00:04.755+01:00|W9|1.5|1.49|0.37|1.49|0.33;0001-01-01T00:00:04.755+01:00|W10|2.0|1.85|0.03|1.85|0.61;0001-01-01T00:00:04.755+01:00|W11|0.9|0.82|0.05|0.82|0.13;0001-01-01T00:00:04.755+01:00|W12|1.2|1.21|0.21|1.21|0.05"
79.00;5.38;0001-01-01T00:00:04.7040000+01:00;75.14;-2.08;-28.62;37.3;-3.123;-6.849;35.818;-21.621;17.009;-20.050;93.222;-59.635;110.819;"0001-01-01T00:00:04.755+01:00|W1|1.4|1.40|0.11|1.40|0.23;0001-01-01T00:00:04.755+01:00|W2|0.9|0.51|0.09|0.51|0.63;0001-01-01T00:00:04.755+01:00|W3|1.1|1.07|0.38|1.07|0.23;0001-01-01T00:00:04.755+01:00|W4|0.8|0.39|0.06|0.39|0.54;0001-01-01T00:00:04.755+01:00|W5|1.6|1.49|0.04|1.49|0.59;0001-01-01T00:00:04.755+01:00|W6|1.8|0.85|0.02|0.85|1.47;0001-01-01T00:00:04.755+01:00|W7|0.9|0.87|0.17|0.87|0.04;0001-01-01T00:00:04.755+01:00|W8|1.9|1.89|0.36|1.89|0.13;0001-01-01T00:00:04.755+01:00|W9|1.5|1.49|0.37|1.49|0.33;0001-01-01T00:00:04.755+01:00|W10|2.0|1.85|0.03|1.85|0.61;0001-01-01T00:00:04.755+01:00|W11|0.9|0.82|0.05|0.82|0.13;0001-01-01T00:00:04.755+01:00|W12|1.2|1.21|0.21|1.21|0.05"
80.00;5.35;0001-01-01T00:00:04.7370000+01:00;76.00;-2.13;-29.17;36.8;-3.474;-7.264;35.798;-21.302;17.089;-19.886;93.194;-59.918;110.955;"0001-01-01T00:00:04.755+01:00|W1|1.4|1.40|0.11|1.40|0.23;0001-01-01T00:00:04.755+01:00|W2|0.9|0.51|0.09|0.51|0.63;0001-01-01T00:00:04.755+01:00|W3|1.1|1.07|0.38|1.07|0.23;0001-01-01T00:00:04.755+01:00|W4|0.8|0.39|0.06|0.39|0.54;0001-01-01T00:00:04.755+01:00|W5|1.6|1.49|0.04|1.49|0.59;0001-01-01T00:00:04.755+01:00|W6|1.8|0.85|0.02|0.85|1.47;0001-01-01T00:00:04.755+01:00|W7|0.9|0.87|0.17|0.87|0.04;0001-01-01T00:00:04.755+01:00|W8|1.9|1.89|0.36|1.89|0.13;0001-01-01T00:00:04.755+01:00|W9|1.5|1.49|0.37|1.49|0.33;0001-01-01T00:00:04.755+01:00|W10|2.0|1.85|0.03|1.85|0.61;0001-01-01T00:00:04.755+01:00|W11|0.9|0.82|0.05|0.82|0.13;0001-01-01T00:00:04.755+01:00|W12|1.2|1.21|0.21|1.21|0.05"
81.00;5.33;0001-01-01T00:00:04.7700000+01:00;76.85;-2.19;-29.73;36.7;-3.592;-7.545;34.704;-21.481;17.178;-19.739;93.196;-60.181;111.101;"0001-01-01T00:00:04.755+01:00|W1|1.4|1.40|0.11|1.40|0.23;0001-01-01T00:00:04.755+01:00|W2|0.9|0.51|0.09|0.51|0.63;0001-01-01T00:00:04.755+01:00|W3|1.1|1.07|0.38|1.07|0.23;0001-01-01T00:00:04.755+01:00|W4|0.8|0.39|0.06|0.39|0.54;0001-01-01T00:00:04.755+01:00|W5|1.6|1.49|0.04|1.49|0.59;0001-01-01T00:00:04.755+01:00|W6|1.8|0.85|0.02|0.85|1.47;0001-01-01T00:00:04.755+01:00|W7|0.9|0.87|0.17|0.87|0.04;0001-01-01T00:00:04.755+01:00|W8|1.9|1.89|0.36|1.89|0.13;0001-01-01T00:00:04.755+01:00|W9|1.5|1.49|0.37|1.49|0.33;0001-01-01T00:00:04.755+01:00|W10|2.0|1.85|0.03|1.85|0.61;0001-01-01T00:00:04.755+01:00|W11|0.9|0.82|0.05|0.82|0.13;0001-01-01T00:00:04.755+01:00|W12|1.2|1.21|0.21|1.21|0.05"
82.00;5.30;0001-01-01T00:00:04.8030000+01:00;77.71;-2.24;-30.28;36.7;-3.319;-7.830;33.842;-21.573;17.253;-19.600;93.197;-60.586;111.330;"0001-01-01T00:00:04.755+01:00|W1|1.4|1.40|0.11|1.40|0.23;0001-01-01T00:00:04.755+01:00|W2|0.9|0.51|0.09|0.51|0.63;0001-01-01T00:00:04.755+01:00|W3|1.1|1.07|0.38|1.07|0.23;0001-01-01T00:00:04.755+01:00|W4|0.8|0.39|0.06|0.39|0.54;0001-01-01T00:00:04.755+01:00|W5|1.6|1.49|0.04|1.49|0.59;0001-01-01T00:00:04.755+01:00|W6|1.8|0.85|0.02|0.85|1.47;0001-01-01T00:00:04.755+01:00|W7|0.9|0.87|0.17|0.87|0.04;0001-01-01T00:00:04.755+01:00|W8|1.9|1.89|0.36|1.89|0.13;0001-01-01T00:00:04.755+01:00|W9|1.5|1.49|0.37|1.49|0.33;0001-01-01T00:00:04.755+01:00|W10|2.0|1.85|0.03|1.85|0.61;0001-01-01T00:00:04.755+01:00|W11|0.9|0.82|0.05|0.82|0.13;0001-01-01T00:00:04.755+01:00|W12|1.2|1.21|0.21|1.21|0.05"
83.00;5.28;0001-01-01T00:00:04.8360000+01:00;78.56;-2.29;-30.84;36.6;-2.869;-8.037;32.865;-21.826;17.352;-19.442;93.228;-61.005;111.588;"0001-01-01T00:00:04.755+01:00|W1|1.4|1.40|0.11|1.40|0.23;0001-01-01T00:00:04.755+01:00|W2|0.9|0.51|0.09|0.51|0.63;0001-01-01T00:00:04.755+01:00|W3|1.1|1.07|0.38|1.07|0.23;0001-01-01T00:00:04.755+01:00|W4|0.8|0.39|0.06|0.39|0.54;0001-01-01T00:00:04.755+01:00|W5|1.6|1.49|0.04|1.49|0.59;0001-01-01T00:00:04.755+01:00|W6|1.8|0.85|0.02|0.85|1.47;0001-01-01T00:00:04.755+01:00|W7|0.9|0.87|0.17|0.87|0.04;0001-01-01T00:00:04.755+01:00|W8|1.9|1.89|0.36|1.89|0.13;0001-01-01T00:00:04.755+01:00|W9|1.5|1.49|0.37|1.49|0.33;0001-01-01T00:00:04.755+01:00|W10|2.0|1.85|0.03|1.85|0.61;0001-01-01T00:00:04.755+01:00|W11|0.9|0.82|0.05|0.82|0.13;0001-01-01T00:00:04.755+01:00|W12|1.2|1.21|0.21|1.21|0.05"
84.00;5.27;0001-01-01T00:00:04.8690000+01:00;79.42;-2.35;-31.39;36.4;-2.204;-8.091;31.592;-22.411;17.500;-19.248;93.313;-61.405;111.875;"0001-01-01T00:00:04.755+01:00|W1|1.4|1.40|0.11|1.40|0.23;0001-01-01T00:00:04.755+01:00|W2|0.9|0.51|0.09|0.51|0.63;0001-01-01T00:00:04.755+01:00|W3|1.1|1.07|0.38|1.07|0.23;0001-01-01T00:00:04.755+01:00|W4|0.8|0.39|0.06|0.39|0.54;0001-01-01T00:00:04.755+01:00|W5|1.6|1.49|0.04|1.49|0.59;0001-01-01T00:00:04.755+01:00|W6|1.8|0.85|0.02|0.85|1.47;0001-01-01T00:00:04.755+01:00|W7|0.9|0.87|0.17|0.87|0.04;0001-01-01T00:00:04.755+01:00|W8|1.9|1.89|0.36|1.89|0.13;0001-01-01T00:00:04.755+01:00|W9|1.5|1.49|0.37|1.49|0.33;0001-01-01T00:00:04.755+01:00|W10|2.0|1.85|0.03|1.85|0.61;0001-01-01T00:00:04.755+01:00|W11|0.9|0.82|0.05|0.82|0.13;0001-01-01T00:00:04.755+01:00|W12|1.2|1.21|0.21|1.21|0.05"
85.00;5.24;0001-01-01T00:00:04.9020000+01:00;80.26;-2.41;-31.96;36.6;-1.550;-7.851;30.342;-22.843;17.644;-19.033;93.220;-61.447;111.829;"0001-01-01T00:00:05.000+01:00|W1|1.4|1.35|0.17|1.35|0.18;0001-01-01T00:00:05.000+01:00|W2|0.7|0.44|0.19|0.44|0.49;0001-01-01T00:00:05.000+01:00|W3|1.1|1.08|0.33|1.08|0.26;0001-01-01T00:00:05.000+01:00|W4|0.7|0.33|0.07|0.33|0.54;0001-01-01T00:00:05.000+01:00|W5|1.7|1.58|0.05|1.58|0.60;0001-01-01T00:00:05.000+01:00|W6|1.6|0.82|0.18|0.82|1.32;0001-01-01T00:00:05.000+01:00|W7|0.9|0.87|0.14|0.87|0.13;0001-01-01T00:00:05.000+01:00|W8|1.9|1.90|0.34|1.90|0.09;0001-01-01T00:00:05.000+01:00|W9|1.6|1.59|0.41|1.59|0.29;0001-01-01T00:00:05.000+01:00|W10|2.0|1.85|0.03|1.85|0.60;0001-01-01T00:00:05.000+01:00|W11|0.9|0.85|0.01|0.85|0.04;0001-01-01T00:00:05.000+01:00|W12|1.2|1.16|0.17|1.16|0.10"
86.00;5.21;0001-01-01T00:00:04.9350000+01:00;81.11;-2.47;-32.53;36.9;-0.926;-7.551;29.359;-23.244;17.832;-18.814;93.106;-61.447;111.743;"0001-01-01T00:00:05.000+01:00|W1|1.4|1.35|0.17|1.35|0.18;0001-01-01T00:00:05.000+01:00|W2|0.7|0.44|0.19|0.44|0.49;0001-01-01T00:00:05.000+01:00|W3|1.1|1.08|0.33|1.08|0.26;0001-01-01T00:00:05.000+01:00|W4|0.7|0.33|0.07|0.33|0.54;0001-01-01T00:00:05.000+01:00|W5|1.7|1.58|0.05|1.58|0.60;0001-01-01T00:00:05.000+01:00|W6|1.6|0.82|0.18|0.82|1.32;0001-01-01T00:00:05.000+01:00|W7|0.9|0.87|0.14|0.87|0.13;0001-01-01T00:00:05.000+01:00|W8|1.9|1.90|0.34|1.90|0.09;0001-01-01T00:00:05.000+01:00|W9|1.6|1.59|0.41|1.59|0.29;0001-01-01T00:00:05.000+01:00|W10|2.0|1.85|0.03|1.85|0.60;0001-01-01T00:00:05.000+01:00|W11|0.9|0.85|0.01|0.85|0.04;0001-01-01T00:00:05.000+01:00|W12|1.2|1.16|0.17|1.16|0.10"
87.00;5.20;0001-01-01T00:00:04.9670000+01:00;81.96;-2.53;-33.09;37.2;-0.369;-7.249;29.017;-23.649;18.126;-18.594;93.024;-61.524;111.721;"0001-01-01T00:00:05.000+01:00|W1|1.4|1.35|0.17|1.35|0.18;0001-01-01T00:00:05.000+01:00|W2|0.7|0.44|0.19|0.44|0.49;0001-01-01T00:00:05.000+01:00|W3|1.1|1.08|0.33|1.08|0.26;0001-01-01T00:00:05.000+01:00|W4|0.7|0.33|0.07|0.33|0.54;0001-01-01T00:00:05.000+01:00|W5|1.7|1.58|0.05|1.58|0.60;0001-01-01T00:00:05.000+01:00|W6|1.6|0.82|0.18|0.82|1.32;0001-01-01T00:00:05.000+01:00|W7|0.9|0.87|0.14|0.87|0.13;0001-01-01T00:00:05.000+01:00|W8|1.9|1.90|0.34|1.90|0.09;0001-01-01T00:00:05.000+01:00|W9|1.6|1.59|0.41|1.59|0.29;0001-01-01T00:00:05.000+01:00|W10|2.0|1.85|0.03|1.85|0.60;0001-01-01T00:00:05.000+01:00|W11|0.9|0.85|0.01|0.85|0.04;0001-01-01T00:00:05.000+01:00|W12|1.2|1.16|0.17|1.16|0.10"
88.00;5.19;0001-01-01T00:00:05.0000000+01:00;82.80;-2.59;-33.66;37.5;0.039;-6.949;29.324;-24.052;18.372;-18.374;93.014;-61.690;111.804;"0001-01-01T00:00:05.000+01:00|W1|1.4|1.35|0.17|1.35|0.18;0001-01-01T00:00:05.000+01:00|W2|0.7|0.44|0.19|0.44|0.49;0001-01-01T00:00:05.000+01:00|W3|1.1|1.08|0.33|1.08|0.26;0001-01-01T00:00:05.000+01:00|W4|0.7|0.33|0.07|0.33|0.54;0001-01-01T00:00:05.000+01:00|W5|1.7|1.58|0.05|1.58|0.60;0001-01-01T00:00:05.000+01:00|W6|1.6|0.82|0.18|0.82|1.32;0001-01-01T00:00:05.000+01:00|W7|0.9|0.87|0.14|0.87|0.13;0001-01-01T00:00:05.000+01:00|W8|1.9|1.90|0.34|1.90|0.09;0001-01-01T00:00:05.000+01:00|W9|1.6|1.59|0.41|1.59|0.29;0001-01-01T00:00:05.000+01:00|W10|2.0|1.85|0.03|1.85|0.60;0001-01-01T00:00:05.000+01:00|W11|0.9|0.85|0.01|0.85|0.04;0001-01-01T00:00:05.000+01:00|W12|1.2|1.16|0.17|1.16|0.10"
89.00;5.18;0001-01-01T00:00:05.0330000+01:00;83.65;-2.66;-34.23;37.7;0.360;-6.648;29.867;-24.455;18.585;-18.155;93.038;-61.873;111.922;"0001-01-01T00:00:05.000+01:00|W1|1.4|1.35|0.17|1.35|0.18;0001-01-01T00:00:05.000+01:00|W2|0.7|0.44|0.19|0.44|0.49;0001-01-01T00:00:05.000+01:00|W3|1.1|1.08|0.33|1.08|0.26;0001-01-01T00:00:05.000+01:00|W4|0.7|0.33|0.07|0.33|0.54;0001-01-01T00:00:05.000+01:00|W5|1.7|1.58|0.05|1.58|0.60;0001-01-01T00:00:05.000+01:00|W6|1.6|0.82|0.18|0.82|1.32;0001-01-01T00:00:05.000+01:00|W7|0.9|0.87|0.14|0.87|0.13;0001-01-01T00:00:05.000+01:00|W8|1.9|1.90|0.34|1.90|0.09;0001-01-01T00:00:05.000+01:00|W9|1.6|1.59|0.41|1.59|0.29;0001-01-01T00:00:05.000+01:00|W10|2.0|1.85|0.03|1.85|0.60;0001-01-01T00:00:05.000+01:00|W11|0.9|0.85|0.01|0.85|0.04;0001-01-01T00:00:05.000+01:00|W12|1.2|1.16|0.17|1.16|0.10"
90.00;5.18;0001-01-01T00:00:05.0650000+01:00;84.50;-2.72;-34.79;37.9;0.550;-6.347;30.534;-24.858;18.734;-17.935;93.098;-62.020;112.049;"0001-01-01T00:00:05.000+01:00|W1|1.4|1.35|0.17|1.35|0.18;0001-01-01T00:00:05.000+01:00|W2|0.7|0.44|0.19|0.44|0.49;0001-01-01T00:00:05.000+01:00|W3|1.1|1.08|0.33|1.08|0.26;0001-01-01T00:00:05.000+01:00|W4|0.7|0.33|0.07|0.33|0.54;0001-01-01T00:00:05.000+01:00|W5|1.7|1.58|0.05|1.58|0.60;0001-01-01T00:00:05.000+01:00|W6|1.6|0.82|0.18|0.82|1.32;0001-01-01T00:00:05.000+01:00|W7|0.9|0.87|0.14|0.87|0.13;0001-01-01T00:00:05.000+01:00|W8|1.9|1.90|0.34|1.90|0.09;0001-01-01T00:00:05.000+01:00|W9|1.6|1.59|0.41|1.59|0.29;0001-01-01T00:00:05.000+01:00|W10|2.0|1.85|0.03|1.85|0.60;0001-01-01T00:00:05.000+01:00|W11|0.9|0.85|0.01|0.85|0.04;0001-01-01T00:00:05.000+01:00|W12|1.2|1.16|0.17|1.16|0.10"
91.00;5.19;0001-01-01T00:00:05.0980000+01:00;85.34;-2.78;-35.35;38.0;0.503;-6.047;31.381;-25.261;18.862;-17.715;93.075;-62.199;112.131;"0001-01-01T00:00:05.000+01:00|W1|1.4|1.35|0.17|1.35|0.18;0001-01-01T00:00:05.000+01:00|W2|0.7|0.44|0.19|0.44|0.49;0001-01-01T00:00:05.000+01:00|W3|1.1|1.08|0.33|1.08|0.26;0001-01-01T00:00:05.000+01:00|W4|0.7|0.33|0.07|0.33|0.54;0001-01-01T00:00:05.000+01:00|W5|1.7|1.58|0.05|1.58|0.60;0001-01-01T00:00:05.000+01:00|W6|1.6|0.82|0.18|0.82|1.32;0001-01-01T00:00:05.000+01:00|W7|0.9|0.87|0.14|0.87|0.13;0001-01-01T00:00:05.000+01:00|W8|1.9|1.90|0.34|1.90|0.09;0001-01-01T00:00:05.000+01:00|W9|1.6|1.59|0.41|1.59|0.29;0001-01-01T00:00:05.000+01:00|W10|2.0|1.85|0.03|1.85|0.60;0001-01-01T00:00:05.000+01:00|W11|0.9|0.85|0.01|0.85|0.04;0001-01-01T00:00:05.000+01:00|W12|1.2|1.16|0.17|1.16|0.10"
92.00;5.19;0001-01-01T00:00:05.1300000+01:00;86.19;-2.83;-35.92;38.1;0.277;-5.748;32.236;-25.662;18.999;-17.496;93.025;-62.412;112.211;"0001-01-01T00:00:05.252+01:00|W1|1.4|1.34|0.17|1.34|0.17;0001-01-01T00:00:05.252+01:00|W2|0.7|0.44|0.19|0.44|0.49;0001-01-01T00:00:05.252+01:00|W3|1.2|1.10|0.28|1.10|0.23;0001-01-01T00:00:05.252+01:00|W4|0.7|0.33|0.07|0.33|0.54;0001-01-01T00:00:05.252+01:00|W5|1.7|1.58|0.05|1.58|0.60;0001-01-01T00:00:05.252+01:00|W6|1.6|0.82|0.18|0.82|1.32;0001-01-01T00:00:05.252+01:00|W7|0.9|0.87|0.14|0.87|0.13;0001-01-01T00:00:05.252+01:00|W8|1.9|1.83|0.26|1.83|0.19;0001-01-01T00:00:05.252+01:00|W9|1.6|1.59|0.41|1.59|0.29;0001-01-01T00:00:05.252+01:00|W10|1.9|1.84|0.01|1.84|0.54;0001-01-01T00:00:05.252+01:00|W11|0.9|0.85|0.04|0.85|0.01;0001-01-01T00:00:05.252+01:00|W12|1.2|1.11|0.15|1.11|0.09"
93.00;5.19;0001-01-01T00:00:05.1630000+01:00;87.03;-2.89;-36.50;38.3;-0.347;-5.448;32.731;-26.064;19.222;-17.277;93.015;-62.722;112.380;"0001-01-01T00:00:05.252+01:00|W1|1.4|1.34|0.17|1.34|0.17;0001-01-01T00:00:05.252+01:00|W2|0.7|0.44|0.19|0.44|0.49;0001-01-01T00:00:05.252+01:00|W3|1.2|1.10|0.28|1.10|0.23;0001-01-01T00:00:05.252+01:00|W4|0.7|0.33|0.07|0.33|0.54;0001-01-01T00:00:05.252+01:00|W5|1.7|1.58|0.05|1.58|0.60;0001-01-01T00:00:05.252+01:00|W6|1.6|0.82|0.18|0.82|1.32;0001-01-01T00:00:05.252+01:00|W7|0.9|0.87|0.14|0.87|0.13;0001-01-01T00:00:05.252+01:00|W8|1.9|1.83|0.26|1.83|0.19;0001-01-01T00:00:05.252+01:00|W9|1.6|1.59|0.41|1.59|0.29;0001-01-01T00:00:05.252+01:00|W10|1.9|1.84|0.01|1.84|0.54;0001-01-01T00:00:05.252+01:00|W11|0.9|0.85|0.04|0.85|0.01;0001-01-01T00:00:05.252+01:00|W12|1.2|1.11|0.15|1.11|0.09"
94.00;5.20;0001-01-01T00:00:05.1950000+01:00;87.87;-2.96;-37.07;38.6;-1.084;-5.148;33.241;-26.466;19.468;-17.059;93.048;-63.178;112.670;"0001-01-01T00:00:05.252+01:00|W1|1.4|1.34|0.17|1.34|0.17;0001-01-01T00:00:05.252+01:00|W2|0.7|0.44|0.19|0.44|0.49;0001-01-01T00:00:05.252+01:00|W3|1.2|1.10|0.28|1.10|0.23;0001-01-01T00:00:05.252+01:00|W4|0.7|0.33|0.07|0.33|0.54;0001-01-01T00:00:05.252+01:00|W5|1.7|1.58|0.05|1.58|0.60;0001-01-01T00:00:05.252+01:00|W6|1.6|0.82|0.18|0.82|1.32;0001-01-01T00:00:05.252+01:00|W7|0.9|0.87|0.14|0.87|0.13;0001-01-01T00:00:05.252+01:00|W8|1.9|1.83|0.26|1.83|0.19;0001-01-01T00:00:05.252+01:00|W9|1.6|1.59|0.41|1.59|0.29;0001-01-01T00:00:05.252+01:00|W10|1.9|1.84|0.01|1.84|0.54;0001-01-01T00:00:05.252+01:00|W11|0.9|0.85|0.04|0.85|0.01;0001-01-01T00:00:05.252+01:00|W12|1.2|1.11|0.15|1.11|0.09"
95.00;5.21;0001-01-01T00:00:05.2280000+01:00;88.71;-3.02;-37.65;38.8;-1.911;-4.849;33.637;-26.867;19.726;-16.840;93.111;-63.712;113.028;"0001-01-01T00:00:05.252+01:00|W1|1.4|1.34|0.17|1.34|0.17;0001-01-01T00:00:05.252+01:00|W2|0.7|0.44|0.19|0.44|0.49;0001-01-01T00:00:05.252+01:00|W3|1.2|1.10|0.28|1.10|0.23;0001-01-01T00:00:05.252+01:00|W4|0.7|0.33|0.07|0.33|0.54;0001-01-01T00:00:05.252+01:00|W5|1.7|1.58|0.05|1.58|0.60;0001-01-01T00:00:05.252+01:00|W6|1.6|0.82|0.18|0.82|1.32;0001-01-01T00:00:05.252+01:00|W7|0.9|0.87|0.14|0.87|0.13;0001-01-01T00:00:05.252+01:00|W8|1.9|1.83|0.26|1.83|0.19;0001-01-01T00:00:05.252+01:00|W9|1.6|1.59|0.41|1.59|0.29;0001-01-01T00:00:05.252+01:00|W10|1.9|1.84|0.01|1.84|0.54;0001-01-01T00:00:05.252+01:00|W11|0.9|0.85|0.04|0.85|0.01;0001-01-01T00:00:05.252+01:00|W12|1.2|1.11|0.15|1.11|0.09"
96.00;5.22;0001-01-01T00:00:05.2600000+01:00;89.54;-3.08;-38.23;39.0;-2.962;-4.554;32.736;-27.263;19.981;-16.624;93.216;-64.133;113.349;"0001-01-01T00:00:05.252+01:00|W1|1.4|1.34|0.17|1.34|0.17;0001-01-01T00:00:05.252+01:00|W2|0.7|0.44|0.19|0.44|0.49;0001-01-01T00:00:05.252+01:00|W3|1.2|1.10|0.28|1.10|0.23;0001-01-01T00:00:05.252+01:00|W4|0.7|0.33|0.07|0.33|0.54;0001-01-01T00:00:05.252+01:00|W5|1.7|1.58|0.05|1.58|0.60;0001-01-01T00:00:05.252+01:00|W6|1.6|0.82|0.18|0.82|1.32;0001-01-01T00:00:05.252+01:00|W7|0.9|0.87|0.14|0.87|0.13;0001-01-01T00:00:05.252+01:00|W8|1.9|1.83|0.26|1.83|0.19;0001-01-01T00:00:05.252+01:00|W9|1.6|1.59|0.41|1.59|0.29;0001-01-01T00:00:05.252+01:00|W10|1.9|1.84|0.01|1.84|0.54;0001-01-01T00:00:05.252+01:00|W11|0.9|0.85|0.04|0.85|0.01;0001-01-01T00:00:05.252+01:00|W12|1.2|1.11|0.15|1.11|0.09"
97.00;5.22;0001-01-01T00:00:05.2920000+01:00;90.38;-3.14;-38.81;39.2;-3.914;-4.259;32.680;-27.658;20.215;-16.409;93.333;-64.578;113.697;"0001-01-01T00:00:05.252+01:00|W1|1.4|1.34|0.17|1.34|0.17;0001-01-01T00:00:05.252+01:00|W2|0.7|0.44|0.19|0.44|0.49;0001-01-01T00:00:05.252+01:00|W3|1.2|1.10|0.28|1.10|0.23;0001-01-01T00:00:05.252+01:00|W4|0.7|0.33|0.07|0.33|0.54;0001-01-01T00:00:05.252+01:00|W5|1.7|1.58|0.05|1.58|0.60;0001-01-01T00:00:05.252+01:00|W6|1.6|0.82|0.18|0.82|1.32;0001-01-01T00:00:05.252+01:00|W7|0.9|0.87|0.14|0.87|0.13;0001-01-01T00:00:05.252+01:00|W8|1.9|1.83|0.26|1.83|0.19;0001-01-01T00:00:05.252+01:00|W9|1.6|1.59|0.41|1.59|0.29;0001-01-01T00:00:05.252+01:00|W10|1.9|1.84|0.01|1.84|0.54;0001-01-01T00:00:05.252+01:00|W11|0.9|0.85|0.04|0.85|0.01;0001-01-01T00:00:05.252+01:00|W12|1.2|1.11|0.15|1.11|0.09"
98.00;5.22;0001-01-01T00:00:05.3240000+01:00;91.21;-3.21;-39.39;39.4;-4.778;-3.964;33.381;-28.054;20.428;-16.193;93.461;-65.045;114.071;"0001-01-01T00:00:05.252+01:00|W1|1.4|1.34|0.17|1.34|0.17;0001-01-01T00:00:05.252+01:00|W2|0.7|0.44|0.19|0.44|0.49;0001-01-01T00:00:05.252+01:00|W3|1.2|1.10|0.28|1.10|0.23;0001-01-01T00:00:05.252+01:00|W4|0.7|0.33|0.07|0.33|0.54;0001-01-01T00:00:05.252+01:00|W5|1.7|1.58|0.05|1.58|0.60;0001-01-01T00:00:05.252+01:00|W6|1.6|0.82|0.18|0.82|1.32;0001-01-01T00:00:05.252+01:00|W7|0.9|0.87|0.14|0.87|0.13;0001-01-01T00:00:05.252+01:00|W8|1.9|1.83|0.26|1.83|0.19;0001-01-01T00:00:05.252+01:00|W9|1.6|1.59|0.41|1.59|0.29;0001-01-01T00:00:05.252+01:00|W10|1.9|1.84|0.01|1.84|0.54;0001-01-01T00:00:05.252+01:00|W11|0.9|0.85|0.04|0.85|0.01;0001-01-01T00:00:05.252+01:00|W12|1.2|1.11|0.15|1.11|0.09"
99.00;5.22;0001-01-01T00:00:05.3550000+01:00;92.03;-3.27;-39.96;39.5;-5.361;-3.675;32.554;-28.442;20.525;-15.982;93.651;-65.503;114.492;"0001-01-01T00:00:05.252+01:00|W1|1.4|1.34|0.17|1.34|0.17;0001-01-01T00:00:05.252+01:00|W2|0.7|0.44|0.19|0.44|0.49;0001-01-01T00:00:05.252+01:00|W3|1.2|1.10|0.28|1.10|0.23;0001-01-01T00:00:05.252+01:00|W4|0.7|0.33|0.07|0.33|0.54;0001-01-01T00:00:05.252+01:00|W5|1.7|1.58|0.05|1.58|0.60;0001-01-01T00:00:05.252+01:00|W6|1.6|0.82|0.18|0.82|1.32;0001-01-01T00:00:05.252+01:00|W7|0.9|0.87|0.14|0.87|0.13;0001-01-01T00:00:05.252+01:00|W8|1.9|1.83|0.26|1.83|0.19;0001-01-01T00:00:05.252+01:00|W9|1.6|1.59|0.41|1.59|0.29;0001-01-01T00:00:05.252+01:00|W10|1.9|1.84|0.01|1.84|0.54;0001-01-01T00:00:05.252+01:00|W11|0.9|0.85|0.04|0.85|0.01;0001-01-01T00:00:05.252+01:00|W12|1.2|1.11|0.15|1.11|0.09"
100.00;5.23;0001-01-01T00:00:05.3870000+01:00;92.85;-3.33;-40.54;38.7;-5.793;-3.386;31.641;-28.829;20.574;-15.771;93.838;-65.904;114.879;"0001-01-01T00:00:05.502+01:00|W1|1.4|1.37|0.14|1.37|0.20;0001-01-01T00:00:05.502+01:00|W2|0.7|0.43|0.19|0.43|0.45;0001-01-01T00:00:05.502+01:00|W3|1.3|1.18|0.16|1.18|0.28;0001-01-01T00:00:05.502+01:00|W4|0.7|0.33|0.07|0.33|0.52;0001-01-01T00:00:05.502+01:00|W5|2.0|1.60|0.35|1.60|1.23;0001-01-01T00:00:05.502+01:00|W6|1.4|0.96|0.33|0.96|0.99;0001-01-01T00:00:05.502+01:00|W7|1.0|0.87|0.04|0.87|0.24;0001-01-01T00:00:05.502+01:00|W8|1.8|1.83|0.21|1.83|0.22;0001-01-01T00:00:05.502+01:00|W9|1.9|1.84|0.57|1.84|0.15;0001-01-01T00:00:05.502+01:00|W10|1.9|1.87|0.02|1.87|0.43;0001-01-01T00:00:05.502+01:00|W11|0.9|0.89|0.01|0.89|0.07;0001-01-01T00:00:05.502+01:00|W12|1.1|1.02|0.07|1.02|0.12"
101.00;5.22;0001-01-01T00:00:05.4180000+01:00;93.67;-3.38;-41.12;36.4;-5.985;-3.097;30.677;-29.216;20.546;-15.560;94.015;-66.210;115.203;"0001-01-01T00:00:05.502+01:00|W1|1.4|1.37|0.14|1.37|0.20;0001-01-01T00:00:05.502+01:00|W2|0.7|0.43|0.19|0.43|0.45;0001-01-01T00:00:05.502+01:00|W3|1.3|1.18|0.16|1.18|0.28;0001-01-01T00:00:05.502+01:00|W4|0.7|0.33|0.07|0.33|0.52;0001-01-01T00:00:05.502+01:00|W5|2.0|1.60|0.35|1.60|1.23;0001-01-01T00:00:05.502+01:00|W6|1.4|0.96|0.33|0.96|0.99;0001-01-01T00:00:05.502+01:00|W7|1.0|0.87|0.04|0.87|0.24;0001-01-01T00:00:05.502+01:00|W8|1.8|1.83|0.21|1.83|0.22;0001-01-01T00:00:05.502+01:00|W9|1.9|1.84|0.57|1.84|0.15;0001-01-01T00:00:05.502+01:00|W10|1.9|1.87|0.02|1.87|0.43;0001-01-01T00:00:05.502+01:00|W11|0.9|0.89|0.01|0.89|0.07;0001-01-01T00:00:05.502+01:00|W12|1.1|1.02|0.07|1.02|0.12"
102.00;5.22;0001-01-01T00:00:05.4490000+01:00;94.49;-3.44;-41.69;35.9;-5.887;-2.733;30.115;-30.377;20.449;-15.257;94.134;-66.475;115.451;"0001-01-01T00:00:05.502+01:00|W1|1.4|1.37|0.14|1.37|0.20;0001-01-01T00:00:05.502+01:00|W2|0.7|0.43|0.19|0.43|0.45;0001-01-01T00:00:05.502+01:00|W3|1.3|1.18|0.16|1.18|0.28;0001-01-01T00:00:05.502+01:00|W4|0.7|0.33|0.07|0.33|0.52;0001-01-01T00:00:05.502+01:00|W5|2.0|1.60|0.35|1.60|1.23;0001-01-01T00:00:05.502+01:00|W6|1.4|0.96|0.33|0.96|0.99;0001-01-01T00:00:05.502+01:00|W7|1.0|0.87|0.04|0.87|0.24;0001-01-01T00:00:05.502+01:00|W8|1.8|1.83|0.21|1.83|0.22;0001-01-01T00:00:05.502+01:00|W9|1.9|1.84|0.57|1.84|0.15;0001-01-01T00:00:05.502+01:00|W10|1.9|1.87|0.02|1.87|0.43;0001-01-01T00:00:05.502+01:00|W11|0.9|0.89|0.01|0.89|0.07;0001-01-01T00:00:05.502+01:00|W12|1.1|1.02|0.07|1.02|0.12"
103.00;5.22;0001-01-01T00:00:05.4810000+01:00;95.31;-3.50;-42.27;35.6;-5.663;-2.346;29.649;-31.767;20.314;-14.927;94.204;-66.709;115.641;"0001-01-01T00:00:05.502+01:00|W1|1.4|1.37|0.14|1.37|0.20;0001-01-01T00:00:05.502+01:00|W2|0.7|0.43|0.19|0.43|0.45;0001-01-01T00:00:05.502+01:00|W3|1.3|1.18|0.16|1.18|0.28;0001-01-01T00:00:05.502+01:00|W4|0.7|0.33|0.07|0.33|0.52;0001-01-01T00:00:05.502+01:00|W5|2.0|1.60|0.35|1.60|1.23;0001-01-01T00:00:05.502+01:00|W6|1.4|0.96|0.33|0.96|0.99;0001-01-01T00:00:05.502+01:00|W7|1.0|0.87|0.04|0.87|0.24;0001-01-01T00:00:05.502+01:00|W8|1.8|1.83|0.21|1.83|0.22;0001-01-01T00:00:05.502+01:00|W9|1.9|1.84|0.57|1.84|0.15;0001-01-01T00:00:05.502+01:00|W10|1.9|1.87|0.02|1.87|0.43;0001-01-01T00:00:05.502+01:00|W11|0.9|0.89|0.01|0.89|0.07;0001-01-01T00:00:05.502+01:00|W12|1.1|1.02|0.07|1.02|0.12"
104.00;5.23;0001-01-01T00:00:05.5120000+01:00;96.13;-3.57;-42.85;35.0;-5.244;-1.953;29.084;-33.174;20.101;-14.592;94.128;-66.854;115.663;"0001-01-01T00:00:05.502+01:00|W1|1.4|1.37|0.14|1.37|0.20;0001-01-01T00:00:05.502+01:00|W2|0.7|0.43|0.19|0.43|0.45;0001-01-01T00:00:05.502+01:00|W3|1.3|1.18|0.16|1.18|0.28;0001-01-01T00:00:05.502+01:00|W4|0.7|0.33|0.07|0.33|0.52;0001-01-01T00:00:05.502+01:00|W5|2.0|1.60|0.35|1.60|1.23;0001-01-01T00:00:05.502+01:00|W6|1.4|0.96|0.33|0.96|0.99;0001-01-01T00:00:05.502+01:00|W7|1.0|0.87|0.04|0.87|0.24;0001-01-01T00:00:05.502+01:00|W8|1.8|1.83|0.21|1.83|0.22;0001-01-01T00:00:05.502+01:00|W9|1.9|1.84|0.57|1.84|0.15;0001-01-01T00:00:05.502+01:00|W10|1.9|1.87|0.02|1.87|0.43;0001-01-01T00:00:05.502+01:00|W11|0.9|0.89|0.01|0.89|0.07;0001-01-01T00:00:05.502+01:00|W12|1.1|1.02|0.07|1.02|0.12"
105.00;5.23;0001-01-01T00:00:05.5440000+01:00;96.94;-3.63;-43.43;34.7;-4.830;-1.884;28.527;-34.421;19.891;-14.626;94.131;-67.136;115.830;"0001-01-01T00:00:05.502+01:00|W1|1.4|1.37|0.14|1.37|0.20;0001-01-01T00:00:05.502+01:00|W2|0.7|0.43|0.19|0.43|0.45;0001-01-01T00:00:05.502+01:00|W3|1.3|1.18|0.16|1.18|0.28;0001-01-01T00:00:05.502+01:00|W4|0.7|0.33|0.07|0.33|0.52;0001-01-01T00:00:05.502+01:00|W5|2.0|1.60|0.35|1.60|1.23;0001-01-01T00:00:05.502+01:00|W6|1.4|0.96|0.33|0.96|0.99;0001-01-01T00:00:05.502+01:00|W7|1.0|0.87|0.04|0.87|0.24;0001-01-01T00:00:05.502+01:00|W8|1.8|1.83|0.21|1.83|0.22;0001-01-01T00:00:05.502+01:00|W9|1.9|1.84|0.57|1.84|0.15;0001-01-01T00:00:05.502+01:00|W10|1.9|1.87|0.02|1.87|0.43;0001-01-01T00:00:05.502+01:00|W11|0.9|0.89|0.01|0.89|0.07;0001-01-01T00:00:05.502+01:00|W12|1.1|1.02|0.07|1.02|0.12"
106.00;5.22;0001-01-01T00:00:05.5740000+01:00;97.76;-3.69;-44.02;34.7;-4.421;-2.032;27.976;-35.559;19.683;-14.907;94.187;-67.509;116.095;"0001-01-01T00:00:05.502+01:00|W1|1.4|1.37|0.14|1.37|0.20;0001-01-01T00:00:05.502+01:00|W2|0.7|0.43|0.19|0.43|0.45;0001-01-01T00:00:05.502+01:00|W3|1.3|1.18|0.16|1.18|0.28;0001-01-01T00:00:05.502+01:00|W4|0.7|0.33|0.07|0.33|0.52;0001-01-01T00:00:05.502+01:00|W5|2.0|1.60|0.35|1.60|1.23;0001-01-01T00:00:05.502+01:00|W6|1.4|0.96|0.33|0.96|0.99;0001-01-01T00:00:05.502+01:00|W7|1.0|0.87|0.04|0.87|0.24;0001-01-01T00:00:05.502+01:00|W8|1.8|1.83|0.21|1.83|0.22;0001-01-01T00:00:05.502+01:00|W9|1.9|1.84|0.57|1.84|0.15;0001-01-01T00:00:05.502+01:00|W10|1.9|1.87|0.02|1.87|0.43;0001-01-01T00:00:05.502+01:00|W11|0.9|0.89|0.01|0.89|0.07;0001-01-01T00:00:05.502+01:00|W12|1.1|1.02|0.07|1.02|0.12"
107.00;5.21;0001-01-01T00:00:05.6050000+01:00;98.57;-3.75;-44.60;34.7;-4.012;-2.180;27.424;-36.697;19.475;-15.188;94.244;-67.883;116.361;"0001-01-01T00:00:05.502+01:00|W1|1.4|1.37|0.14|1.37|0.20;0001-01-01T00:00:05.502+01:00|W2|0.7|0.43|0.19|0.43|0.45;0001-01-01T00:00:05.502+01:00|W3|1.3|1.18|0.16|1.18|0.28;0001-01-01T00:00:05.502+01:00|W4|0.7|0.33|0.07|0.33|0.52;0001-01-01T00:00:05.502+01:00|W5|2.0|1.60|0.35|1.60|1.23;0001-01-01T00:00:05.502+01:00|W6|1.4|0.96|0.33|0.96|0.99;0001-01-01T00:00:05.502+01:00|W7|1.0|0.87|0.04|0.87|0.24;0001-01-01T00:00:05.502+01:00|W8|1.8|1.83|0.21|1.83|0.22;0001-01-01T00:00:05.502+01:00|W9|1.9|1.84|0.57|1.84|0.15;0001-01-01T00:00:05.502+01:00|W10|1.9|1.87|0.02|1.87|0.43;0001-01-01T00:00:05.502+01:00|W11|0.9|0.89|0.01|0.89|0.07;0001-01-01T00:00:05.502+01:00|W12|1.1|1.02|0.07|1.02|0.12"
108.00;5.20;0001-01-01T00:00:05.6360000+01:00;99.38;-3.81;-45.19;34.9;-3.712;-2.398;27.142;-37.660;19.291;-15.592;94.260;-68.175;116.540;"0001-01-01T00:00:05.747+01:00|W1|1.4|1.38|0.12|1.38|0.26;0001-01-01T00:00:05.747+01:00|W2|0.7|0.43|0.19|0.43|0.45;0001-01-01T00:00:05.747+01:00|W3|1.3|1.18|0.16|1.18|0.28;0001-01-01T00:00:05.747+01:00|W4|0.8|0.38|0.03|0.38|0.52;0001-01-01T00:00:05.747+01:00|W5|2.0|1.60|0.35|1.60|1.23;0001-01-01T00:00:05.747+01:00|W6|1.4|0.96|0.33|0.96|0.99;0001-01-01T00:00:05.747+01:00|W7|1.0|0.87|0.04|0.87|0.24;0001-01-01T00:00:05.747+01:00|W8|1.8|1.81|0.17|1.81|0.21;0001-01-01T00:00:05.747+01:00|W9|1.9|1.84|0.57|1.84|0.15;0001-01-01T00:00:05.747+01:00|W10|2.0|1.94|0.03|1.94|0.38;0001-01-01T00:00:05.747+01:00|W11|1.0|1.01|0.10|1.01|0.03;0001-01-01T00:00:05.747+01:00|W12|1.1|0.99|0.03|0.99|0.17"
109.00;5.19;0001-01-01T00:00:05.6680000+01:00;100.20;-3.87;-45.78;35.5;-3.601;-2.735;27.320;-38.323;19.146;-16.204;94.206;-68.328;116.571;"0001-01-01T00:00:05.747+01:00|W1|1.4|1.38|0.12|1.38|0.26;0001-01-01T00:00:05.747+01:00|W2|0.7|0.43|0.19|0.43|0.45;0001-01-01T00:00:05.747+01:00|W3|1.3|1.18|0.16|1.18|0.28;0001-01-01T00:00:05.747+01:00|W4|0.8|0.38|0.03|0.38|0.52;0001-01-01T00:00:05.747+01:00|W5|2.0|1.60|0.35|1.60|1.23;0001-01-01T00:00:05.747+01:00|W6|1.4|0.96|0.33|0.96|0.99;0001-01-01T00:00:05.747+01:00|W7|1.0|0.87|0.04|0.87|0.24;0001-01-01T00:00:05.747+01:00|W8|1.8|1.81|0.17|1.81|0.21;0001-01-01T00:00:05.747+01:00|W9|1.9|1.84|0.57|1.84|0.15;0001-01-01T00:00:05.747+01:00|W10|2.0|1.94|0.03|1.94|0.38;0001-01-01T00:00:05.747+01:00|W11|1.0|1.01|0.10|1.01|0.03;0001-01-01T00:00:05.747+01:00|W12|1.1|0.99|0.03|0.99|0.17"
110.00;5.18;0001-01-01T00:00:05.6990000+01:00;101.01;-3.93;-46.37;35.5;-3.491;-2.990;27.498;-38.484;19.003;-16.712;94.176;-68.287;116.519;"0001-01-01T00:00:05.747+01:00|W1|1.4|1.38|0.12|1.38|0.26;0001-01-01T00:00:05.747+01:00|W2|0.7|0.43|0.19|0.43|0.45;0001-01-01T00:00:05.747+01:00|W3|1.3|1.18|0.16|1.18|0.28;0001-01-01T00:00:05.747+01:00|W4|0.8|0.38|0.03|0.38|0.52;0001-01-01T00:00:05.747+01:00|W5|2.0|1.60|0.35|1.60|1.23;0001-01-01T00:00:05.747+01:00|W6|1.4|0.96|0.33|0.96|0.99;0001-01-01T00:00:05.747+01:00|W7|1.0|0.87|0.04|0.87|0.24;0001-01-01T00:00:05.747+01:00|W8|1.8|1.81|0.17|1.81|0.21;0001-01-01T00:00:05.747+01:00|W9|1.9|1.84|0.57|1.84|0.15;0001-01-01T00:00:05.747+01:00|W10|2.0|1.94|0.03|1.94|0.38;0001-01-01T00:00:05.747+01:00|W11|1.0|1.01|0.10|1.01|0.03;0001-01-01T00:00:05.747+01:00|W12|1.1|0.99|0.03|0.99|0.17"
111.00;5.17;0001-01-01T00:00:05.7290000+01:00;101.82;-3.99;-46.96;35.3;-3.381;-3.220;27.674;-38.491;18.860;-17.187;94.154;-68.186;116.441;"0001-01-01T00:00:05.747+01:00|W1|1.4|1.38|0.12|1.38|0.26;0001-01-01T00:00:05.747+01:00|W2|0.7|0.43|0.19|0.43|0.45;0001-01-01T00:00:05.747+01:00|W3|1.3|1.18|0.16|1.18|0.28;0001-01-01T00:00:05.747+01:00|W4|0.8|0.38|0.03|0.38|0.52;0001-01-01T00:00:05.747+01:00|W5|2.0|1.60|0.35|1.60|1.23;0001-01-01T00:00:05.747+01:00|W6|1.4|0.96|0.33|0.96|0.99;0001-01-01T00:00:05.747+01:00|W7|1.0|0.87|0.04|0.87|0.24;0001-01-01T00:00:05.747+01:00|W8|1.8|1.81|0.17|1.81|0.21;0001-01-01T00:00:05.747+01:00|W9|1.9|1.84|0.57|1.84|0.15;0001-01-01T00:00:05.747+01:00|W10|2.0|1.94|0.03|1.94|0.38;0001-01-01T00:00:05.747+01:00|W11|1.0|1.01|0.10|1.01|0.03;0001-01-01T00:00:05.747+01:00|W12|1.1|0.99|0.03|0.99|0.17"
112.00;5.16;0001-01-01T00:00:05.7600000+01:00;102.63;-4.05;-47.55;35.1;-3.271;-3.449;27.851;-38.498;18.718;-17.662;94.133;-68.086;116.363;"0001-01-01T00:00:05.747+01:00|W1|1.4|1.38|0.12|1.38|0.26;0001-01-01T00:00:05.747+01:00|W2|0.7|0.43|0.19|0.43|0.45;0001-01-01T00:00:05.747+01:00|W3|1.3|1.18|0.16|1.18|0.28;0001-01-01T00:00:05.747+01:00|W4|0.8|0.38|0.03|0.38|0.52;0001-01-01T00:00:05.747+01:00|W5|2.0|1.60|0.35|1.60|1.23;0001-01-01T00:00:05.747+01:00|W6|1.4|0.96|0.33|0.96|0.99;0001-01-01T00:00:05.747+01:00|W7|1.0|0.87|0.04|0.87|0.24;0001-01-01T00:00:05.747+01:00|W8|1.8|1.81|0.17|1.81|0.21;0001-01-01T00:00:05.747+01:00|W9|1.9|1.84|0.57|1.84|0.15;0001-01-01T00:00:05.747+01:00|W10|2.0|1.94|0.03|1.94|0.38;0001-01-01T00:00:05.747+01:00|W11|1.0|1.01|0.10|1.01|0.03;0001-01-01T00:00:05.747+01:00|W12|1.1|0.99|0.03|0.99|0.17"
113.00;5.15;0001-01-01T00:00:05.7910000+01:00;103.44;-4.11;-48.14;35.7;-3.295;-3.680;27.872;-38.505;18.649;-18.140;94.229;-68.440;116.646;"0001-01-01T00:00:05.747+01:00|W1|1.4|1.38|0.12|1.38|0.26;0001-01-01T00:00:05.747+01:00|W2|0.7|0.43|0.19|0.43|0.45;0001-01-01T00:00:05.747+01:00|W3|1.3|1.18|0.16|1.18|0.28;0001-01-01T00:00:05.747+01:00|W4|0.8|0.38|0.03|0.38|0.52;0001-01-01T00:00:05.747+01:00|W5|2.0|1.60|0.35|1.60|1.23;0001-01-01T00:00:05.747+01:00|W6|1.4|0.96|0.33|0.96|0.99;0001-01-01T00:00:05.747+01:00|W7|1.0|0.87|0.04|0.87|0.24;0001-01-01T00:00:05.747+01:00|W8|1.8|1.81|0.17|1.81|0.21;0001-01-01T00:00:05.747+01:00|W9|1.9|1.84|0.57|1.84|0.15;0001-01-01T00:00:05.747+01:00|W10|2.0|1.94|0.03|1.94|0.38;0001-01-01T00:00:05.747+01:00|W11|1.0|1.01|0.10|1.01|0.03;0001-01-01T00:00:05.747+01:00|W12|1.1|0.99|0.03|0.99|0.17"
114.00;5.14;0001-01-01T00:00:05.8220000+01:00;104.25;-4.16;-48.73;37.1;-3.442;-3.913;27.749;-38.512;18.648;-18.620;94.434;-69.211;117.261;"0001-01-01T00:00:05.747+01:00|W1|1.4|1.38|0.12|1.38|0.26;0001-01-01T00:00:05.747+01:00|W2|0.7|0.43|0.19|0.43|0.45;0001-01-01T00:00:05.747+01:00|W3|1.3|1.18|0.16|1.18|0.28;0001-01-01T00:00:05.747+01:00|W4|0.8|0.38|0.03|0.38|0.52;0001-01-01T00:00:05.747+01:00|W5|2.0|1.60|0.35|1.60|1.23;0001-01-01T00:00:05.747+01:00|W6|1.4|0.96|0.33|0.96|0.99;0001-01-01T00:00:05.747+01:00|W7|1.0|0.87|0.04|0.87|0.24;0001-01-01T00:00:05.747+01:00|W8|1.8|1.81|0.17|1.81|0.21;0001-01-01T00:00:05.747+01:00|W9|1.9|1.84|0.57|1.84|0.15;0001-01-01T00:00:05.747+01:00|W10|2.0|1.94|0.03|1.94|0.38;0001-01-01T00:00:05.747+01:00|W11|1.0|1.01|0.10|1.01|0.03;0001-01-01T00:00:05.747+01:00|W12|1.1|0.99|0.03|0.99|0.17"
115.00;5.13;0001-01-01T00:00:05.8530000+01:00;105.06;-4.22;-49.33;37.4;-3.587;-3.694;27.808;-38.741;18.737;-18.824;94.645;-69.392;117.525;"0001-01-01T00:00:05.747+01:00|W1|1.4|1.38|0.12|1.38|0.26;0001-01-01T00:00:05.747+01:00|W2|0.7|0.43|0.19|0.43|0.45;0001-01-01T00:00:05.747+01:00|W3|1.3|1.18|0.16|1.18|0.28;0001-01-01T00:00:05.747+01:00|W4|0.8|0.38|0.03|0.38|0.52;0001-01-01T00:00:05.747+01:00|W5|2.0|1.60|0.35|1.60|1.23;0001-01-01T00:00:05.747+01:00|W6|1.4|0.96|0.33|0.96|0.99;0001-01-01T00:00:05.747+01:00|W7|1.0|0.87|0.04|0.87|0.24;0001-01-01T00:00:05.747+01:00|W8|1.8|1.81|0.17|1.81|0.21;0001-01-01T00:00:05.747+01:00|W9|1.9|1.84|0.57|1.84|0.15;0001-01-01T00:00:05.747+01:00|W10|2.0|1.94|0.03|1.94|0.38;0001-01-01T00:00:05.747+01:00|W11|1.0|1.01|0.10|1.01|0.03;0001-01-01T00:00:05.747+01:00|W12|1.1|0.99|0.03|0.99|0.17"
116.00;5.12;0001-01-01T00:00:05.8840000+01:00;105.87;-4.27;-49.92;37.6;-3.731;-3.366;27.884;-38.799;18.834;-18.938;94.749;-69.501;117.666;"0001-01-01T00:00:06.001+01:00|W1|1.4|1.37|0.12|1.37|0.30;0001-01-01T00:00:06.001+01:00|W2|0.8|0.52|0.09|0.52|0.50;0001-01-01T00:00:06.001+01:00|W3|1.6|1.52|0.18|1.52|0.37;0001-01-01T00:00:06.001+01:00|W4|0.8|0.44|0.03|0.44|0.52;0001-01-01T00:00:06.001+01:00|W5|1.8|1.39|0.09|1.39|1.16;0001-01-01T00:00:06.001+01:00|W6|1.3|0.97|0.34|0.97|0.88;0001-01-01T00:00:06.001+01:00|W7|1.1|0.92|0.08|0.92|0.28;0001-01-01T00:00:06.001+01:00|W8|1.8|1.78|0.11|1.78|0.16;0001-01-01T00:00:06.001+01:00|W9|1.9|1.84|0.50|1.84|0.20;0001-01-01T00:00:06.001+01:00|W10|2.0|2.00|0.06|2.00|0.35;0001-01-01T00:00:06.001+01:00|W11|1.1|1.12|0.21|1.12|0.09;0001-01-01T00:00:06.001+01:00|W12|1.1|1.04|0.08|1.04|0.23"
117.00;5.11;0001-01-01T00:00:05.9150000+01:00;106.68;-4.32;-50.51;37.8;-3.878;-2.865;27.961;-38.375;18.933;-18.888;94.581;-69.561;117.573;"0001-01-01T00:00:06.001+01:00|W1|1.4|1.37|0.12|1.37|0.30;0001-01-01T00:00:06.001+01:00|W2|0.8|0.52|0.09|0.52|0.50;0001-01-01T00:00:06.001+01:00|W3|1.6|1.52|0.18|1.52|0.37;0001-01-01T00:00:06.001+01:00|W4|0.8|0.44|0.03|0.44|0.52;0001-01-01T00:00:06.001+01:00|W5|1.8|1.39|0.09|1.39|1.16;0001-01-01T00:00:06.001+01:00|W6|1.3|0.97|0.34|0.97|0.88;0001-01-01T00:00:06.001+01:00|W7|1.1|0.92|0.08|0.92|0.28;0001-01-01T00:00:06.001+01:00|W8|1.8|1.78|0.11|1.78|0.16;0001-01-01T00:00:06.001+01:00|W9|1.9|1.84|0.50|1.84|0.20;0001-01-01T00:00:06.001+01:00|W10|2.0|2.00|0.06|2.00|0.35;0001-01-01T00:00:06.001+01:00|W11|1.1|1.12|0.21|1.12|0.09;0001-01-01T00:00:06.001+01:00|W12|1.1|1.04|0.08|1.04|0.23"
118.00;5.10;0001-01-01T00:00:05.9450000+01:00;107.48;-4.38;-51.11;37.8;-3.932;-2.372;28.273;-37.959;19.050;-18.839;94.698;-69.756;117.775;"0001-01-01T00:00:06.001+01:00|W1|1.4|1.37|0.12|1.37|0.30;0001-01-01T00:00:06.001+01:00|W2|0.8|0.52|0.09|0.52|0.50;0001-01-01T00:00:06.001+01:00|W3|1.6|1.52|0.18|1.52|0.37;0001-01-01T00:00:06.001+01:00|W4|0.8|0.44|0.03|0.44|0.52;0001-01-01T00:00:06.001+01:00|W5|1.8|1.39|0.09|1.39|1.16;0001-01-01T00:00:06.001+01:00|W6|1.3|0.97|0.34|0.97|0.88;0001-01-01T00:00:06.001+01:00|W7|1.1|0.92|0.08|0.92|0.28;0001-01-01T00:00:06.001+01:00|W8|1.8|1.78|0.11|1.78|0.16;0001-01-01T00:00:06.001+01:00|W9|1.9|1.84|0.50|1.84|0.20;0001-01-01T00:00:06.001+01:00|W10|2.0|2.00|0.06|2.00|0.35;0001-01-01T00:00:06.001+01:00|W11|1.1|1.12|0.21|1.12|0.09;0001-01-01T00:00:06.001+01:00|W12|1.1|1.04|0.08|1.04|0.23"
119.00;5.07;0001-01-01T00:00:05.9760000+01:00;108.29;-4.43;-51.72;37.7;-3.941;-1.885;28.697;-37.555;19.176;-18.788;94.942;-70.008;118.107;"0001-01-01T00:00:06.001+01:00|W1|1.4|1.37|0.12|1.37|0.30;0001-01-01T00:00:06.001+01:00|W2|0.8|0.52|0.09|0.52|0.50;0001-01-01T00:00:06.001+01:00|W3|1.6|1.52|0.18|1.52|0.37;0001-01-01T00:00:06.001+01:00|W4|0.8|0.44|0.03|0.44|0.52;0001-01-01T00:00:06.001+01:00|W5|1.8|1.39|0.09|1.39|1.16;0001-01-01T00:00:06.001+01:00|W6|1.3|0.97|0.34|0.97|0.88;0001-01-01T00:00:06.001+01:00|W7|1.1|0.92|0.08|0.92|0.28;0001-01-01T00:00:06.001+01:00|W8|1.8|1.78|0.11|1.78|0.16;0001-01-01T00:00:06.001+01:00|W9|1.9|1.84|0.50|1.84|0.20;0001-01-01T00:00:06.001+01:00|W10|2.0|2.00|0.06|2.00|0.35;0001-01-01T00:00:06.001+01:00|W11|1.1|1.12|0.21|1.12|0.09;0001-01-01T00:00:06.001+01:00|W12|1.1|1.04|0.08|1.04|0.23"
120.00;5.09;0001-01-01T00:00:06.0070000+01:00;109.10;-4.47;-52.30;38.0;-3.951;-1.413;29.141;-37.575;19.307;-18.636;94.700;-69.930;117.873;"0001-01-01T00:00:06.001+01:00|W1|1.4|1.37|0.12|1.37|0.30;0001-01-01T00:00:06.001+01:00|W2|0.8|0.52|0.09|0.52|0.50;0001-01-01T00:00:06.001+01:00|W3|1.6|1.52|0.18|1.52|0.37;0001-01-01T00:00:06.001+01:00|W4|0.8|0.44|0.03|0.44|0.52;0001-01-01T00:00:06.001+01:00|W5|1.8|1.39|0.09|1.39|1.16;0001-01-01T00:00:06.001+01:00|W6|1.3|0.97|0.34|0.97|0.88;0001-01-01T00:00:06.001+01:00|W7|1.1|0.92|0.08|0.92|0.28;0001-01-01T00:00:06.001+01:00|W8|1.8|1.78|0.11|1.78|0.16;0001-01-01T00:00:06.001+01:00|W9|1.9|1.84|0.50|1.84|0.20;0001-01-01T00:00:06.001+01:00|W10|2.0|2.00|0.06|2.00|0.35;0001-01-01T00:00:06.001+01:00|W11|1.1|1.12|0.21|1.12|0.09;0001-01-01T00:00:06.001+01:00|W12|1.1|1.04|0.08|1.04|0.23"
121.00;5.09;0001-01-01T00:00:06.0380000+01:00;109.91;-4.52;-52.89;38.1;-4.028;-0.952;29.279;-37.595;19.496;-18.487;94.605;-69.936;117.797;"0001-01-01T00:00:06.001+01:00|W1|1.4|1.37|0.12|1.37|0.30;0001-01-01T00:00:06.001+01:00|W2|0.8|0.52|0.09|0.52|0.50;0001-01-01T00:00:06.001+01:00|W3|1.6|1.52|0.18|1.52|0.37;0001-01-01T00:00:06.001+01:00|W4|0.8|0.44|0.03|0.44|0.52;0001-01-01T00:00:06.001+01:00|W5|1.8|1.39|0.09|1.39|1.16;0001-01-01T00:00:06.001+01:00|W6|1.3|0.97|0.34|0.97|0.88;0001-01-01T00:00:06.001+01:00|W7|1.1|0.92|0.08|0.92|0.28;0001-01-01T00:00:06.001+01:00|W8|1.8|1.78|0.11|1.78|0.16;0001-01-01T00:00:06.001+01:00|W9|1.9|1.84|0.50|1.84|0.20;0001-01-01T00:00:06.001+01:00|W10|2.0|2.00|0.06|2.00|0.35;0001-01-01T00:00:06.001+01:00|W11|1.1|1.12|0.21|1.12|0.09;0001-01-01T00:00:06.001+01:00|W12|1.1|1.04|0.08|1.04|0.23"
122.00;5.07;0001-01-01T00:00:06.0680000+01:00;110.72;-4.57;-53.49;38.1;-4.192;-0.502;29.025;-37.614;19.758;-18.342;94.695;-70.047;117.923;"0001-01-01T00:00:06.001+01:00|W1|1.4|1.37|0.12|1.37|0.30;0001-01-01T00:00:06.001+01:00|W2|0.8|0.52|0.09|0.52|0.50;0001-01-01T00:00:06.001+01:00|W3|1.6|1.52|0.18|1.52|0.37;0001-01-01T00:00:06.001+01:00|W4|0.8|0.44|0.03|0.44|0.52;0001-01-01T00:00:06.001+01:00|W5|1.8|1.39|0.09|1.39|1.16;0001-01-01T00:00:06.001+01:00|W6|1.3|0.97|0.34|0.97|0.88;0001-01-01T00:00:06.001+01:00|W7|1.1|0.92|0.08|0.92|0.28;0001-01-01T00:00:06.001+01:00|W8|1.8|1.78|0.11|1.78|0.16;0001-01-01T00:00:06.001+01:00|W9|1.9|1.84|0.50|1.84|0.20;0001-01-01T00:00:06.001+01:00|W10|2.0|2.00|0.06|2.00|0.35;0001-01-01T00:00:06.001+01:00|W11|1.1|1.12|0.21|1.12|0.09;0001-01-01T00:00:06.001+01:00|W12|1.1|1.04|0.08|1.04|0.23"
123.00;5.06;0001-01-01T00:00:06.0990000+01:00;111.52;-4.62;-54.09;38.3;-4.175;-0.514;29.480;-37.457;19.981;-18.493;94.724;-69.973;117.894;"0001-01-01T00:00:06.001+01:00|W1|1.4|1.37|0.12|1.37|0.30;0001-01-01T00:00:06.001+01:00|W2|0.8|0.52|0.09|0.52|0.50;0001-01-01T00:00:06.001+01:00|W3|1.6|1.52|0.18|1.52|0.37;0001-01-01T00:00:06.001+01:00|W4|0.8|0.44|0.03|0.44|0.52;0001-01-01T00:00:06.001+01:00|W5|1.8|1.39|0.09|1.39|1.16;0001-01-01T00:00:06.001+01:00|W6|1.3|0.97|0.34|0.97|0.88;0001-01-01T00:00:06.001+01:00|W7|1.1|0.92|0.08|0.92|0.28;0001-01-01T00:00:06.001+01:00|W8|1.8|1.78|0.11|1.78|0.16;0001-01-01T00:00:06.001+01:00|W9|1.9|1.84|0.50|1.84|0.20;0001-01-01T00:00:06.001+01:00|W10|2.0|2.00|0.06|2.00|0.35;0001-01-01T00:00:06.001+01:00|W11|1.1|1.12|0.21|1.12|0.09;0001-01-01T00:00:06.001+01:00|W12|1.1|1.04|0.08|1.04|0.23"
124.00;5.06;0001-01-01T00:00:06.1300000+01:00;112.33;-4.66;-54.68;38.5;-4.107;-0.656;30.038;-37.251;20.189;-18.727;94.738;-69.898;117.856;"0001-01-01T00:00:06.001+01:00|W1|1.4|1.37|0.12|1.37|0.30;0001-01-01T00:00:06.001+01:00|W2|0.8|0.52|0.09|0.52|0.50;0001-01-01T00:00:06.001+01:00|W3|1.6|1.52|0.18|1.52|0.37;0001-01-01T00:00:06.001+01:00|W4|0.8|0.44|0.03|0.44|0.52;0001-01-01T00:00:06.001+01:00|W5|1.8|1.39|0.09|1.39|1.16;0001-01-01T00:00:06.001+01:00|W6|1.3|0.97|0.34|0.97|0.88;0001-01-01T00:00:06.001+01:00|W7|1.1|0.92|0.08|0.92|0.28;0001-01-01T00:00:06.001+01:00|W8|1.8|1.78|0.11|1.78|0.16;0001-01-01T00:00:06.001+01:00|W9|1.9|1.84|0.50|1.84|0.20;0001-01-01T00:00:06.001+01:00|W10|2.0|2.00|0.06|2.00|0.35;0001-01-01T00:00:06.001+01:00|W11|1.1|1.12|0.21|1.12|0.09;0001-01-01T00:00:06.001+01:00|W12|1.1|1.04|0.08|1.04|0.23"
125.00;5.05;0001-01-01T00:00:06.1600000+01:00;113.14;-4.71;-55.28;39.2;-4.038;-0.799;30.046;-37.045;20.362;-18.962;94.762;-70.126;118.007;"0001-01-01T00:00:06.258+01:00|W1|1.4|1.37|0.12|1.37|0.30;0001-01-01T00:00:06.258+01:00|W2|0.8|0.52|0.09|0.52|0.50;0001-01-01T00:00:06.258+01:00|W3|1.6|1.52|0.18|1.52|0.37;0001-01-01T00:00:06.258+01:00|W4|0.8|0.44|0.03|0.44|0.52;0001-01-01T00:00:06.258+01:00|W5|1.8|1.39|0.09|1.39|1.16;0001-01-01T00:00:06.258+01:00|W6|1.3|0.97|0.34|0.97|0.88;0001-01-01T00:00:06.258+01:00|W7|1.1|0.92|0.08|0.92|0.28;0001-01-01T00:00:06.258+01:00|W8|1.8|1.78|0.09|1.78|0.17;0001-01-01T00:00:06.258+01:00|W9|1.9|1.84|0.50|1.84|0.20;0001-01-01T00:00:06.258+01:00|W10|2.0|1.99|0.04|1.99|0.35;0001-01-01T00:00:06.258+01:00|W11|1.3|1.25|0.34|1.25|0.15;0001-01-01T00:00:06.258+01:00|W12|1.2|1.14|0.13|1.14|0.23"
126.00;5.04;0001-01-01T00:00:06.1910000+01:00;113.94;-4.76;-55.88;39.8;-3.982;-1.157;30.427;-37.033;20.517;-19.319;94.780;-70.321;118.136;"0001-01-01T00:00:06.258+01:00|W1|1.4|1.37|0.12|1.37|0.30;0001-01-01T00:00:06.258+01:00|W2|0.8|0.52|0.09|0.52|0.50;0001-01-01T00:00:06.258+01:00|W3|1.6|1.52|0.18|1.52|0.37;0001-01-01T00:00:06.258+01:00|W4|0.8|0.44|0.03|0.44|0.52;0001-01-01T00:00:06.258+01:00|W5|1.8|1.39|0.09|1.39|1.16;0001-01-01T00:00:06.258+01:00|W6|1.3|0.97|0.34|0.97|0.88;0001-01-01T00:00:06.258+01:00|W7|1.1|0.92|0.08|0.92|0.28;0001-01-01T00:00:06.258+01:00|W8|1.8|1.78|0.09|1.78|0.17;0001-01-01T00:00:06.258+01:00|W9|1.9|1.84|0.50|1.84|0.20;0001-01-01T00:00:06.258+01:00|W10|2.0|1.99|0.04|1.99|0.35;0001-01-01T00:00:06.258+01:00|W11|1.3|1.25|0.34|1.25|0.15;0001-01-01T00:00:06.258+01:00|W12|1.2|1.14|0.13|1.14|0.23"
127.00;5.03;0001-01-01T00:00:06.2210000+01:00;114.75;-4.80;-56.48;40.4;-3.938;-1.716;31.154;-37.202;20.655;-19.789;94.792;-70.487;118.246;"0001-01-01T00:00:06.258+01:00|W1|1.4|1.37|0.12|1.37|0.30;0001-01-01T00:00:06.258+01:00|W2|0.8|0.52|0.09|0.52|0.50;0001-01-01T00:00:06.258+01:00|W3|1.6|1.52|0.18|1.52|0.37;0001-01-01T00:00:06.258+01:00|W4|0.8|0.44|0.03|0.44|0.52;0001-01-01T00:00:06.258+01:00|W5|1.8|1.39|0.09|1.39|1.16;0001-01-01T00:00:06.258+01:00|W6|1.3|0.97|0.34|0.97|0.88;0001-01-01T00:00:06.258+01:00|W7|1.1|0.92|0.08|0.92|0.28;0001-01-01T00:00:06.258+01:00|W8|1.8|1.78|0.09|1.78|0.17;0001-01-01T00:00:06.258+01:00|W9|1.9|1.84|0.50|1.84|0.20;0001-01-01T00:00:06.258+01:00|W10|2.0|1.99|0.04|1.99|0.35;0001-01-01T00:00:06.258+01:00|W11|1.3|1.25|0.34|1.25|0.15;0001-01-01T00:00:06.258+01:00|W12|1.2|1.14|0.13|1.14|0.23"
128.00;5.03;0001-01-01T00:00:06.2520000+01:00;115.55;-4.84;-57.08;41.0;-3.828;-2.580;31.451;-37.126;20.334;-20.361;94.747;-70.405;118.155;"0001-01-01T00:00:06.258+01:00|W1|1.4|1.37|0.12|1.37|0.30;0001-01-01T00:00:06.258+01:00|W2|0.8|0.52|0.09|0.52|0.50;0001-01-01T00:00:06.258+01:00|W3|1.6|1.52|0.18|1.52|0.37;0001-01-01T00:00:06.258+01:00|W4|0.8|0.44|0.03|0.44|0.52;0001-01-01T00:00:06.258+01:00|W5|1.8|1.39|0.09|1.39|1.16;0001-01-01T00:00:06.258+01:00|W6|1.3|0.97|0.34|0.97|0.88;0001-01-01T00:00:06.258+01:00|W7|1.1|0.92|0.08|0.92|0.28;0001-01-01T00:00:06.258+01:00|W8|1.8|1.78|0.09|1.78|0.17;0001-01-01T00:00:06.258+01:00|W9|1.9|1.84|0.50|1.84|0.20;0001-01-01T00:00:06.258+01:00|W10|2.0|1.99|0.04|1.99|0.35;0001-01-01T00:00:06.258+01:00|W11|1.3|1.25|0.34|1.25|0.15;0001-01-01T00:00:06.258+01:00|W12|1.2|1.14|0.13|1.14|0.23"
129.00;5.02;0001-01-01T00:00:06.2830000+01:00;116.35;-4.89;-57.68;41.5;-3.709;-3.459;31.690;-36.996;19.954;-20.907;94.744;-70.437;118.168;"0001-01-01T00:00:06.258+01:00|W1|1.4|1.37|0.12|1.37|0.30;0001-01-01T00:00:06.258+01:00|W2|0.8|0.52|0.09|0.52|0.50;0001-01-01T00:00:06.258+01:00|W3|1.6|1.52|0.18|1.52|0.37;0001-01-01T00:00:06.258+01:00|W4|0.8|0.44|0.03|0.44|0.52;0001-01-01T00:00:06.258+01:00|W5|1.8|1.39|0.09|1.39|1.16;0001-01-01T00:00:06.258+01:00|W6|1.3|0.97|0.34|0.97|0.88;0001-01-01T00:00:06.258+01:00|W7|1.1|0.92|0.08|0.92|0.28;0001-01-01T00:00:06.258+01:00|W8|1.8|1.78|0.09|1.78|0.17;0001-01-01T00:00:06.258+01:00|W9|1.9|1.84|0.50|1.84|0.20;0001-01-01T00:00:06.258+01:00|W10|2.0|1.99|0.04|1.99|0.35;0001-01-01T00:00:06.258+01:00|W11|1.3|1.25|0.34|1.25|0.15;0001-01-01T00:00:06.258+01:00|W12|1.2|1.14|0.13|1.14|0.23"
130.00;5.01;0001-01-01T00:00:06.3130000+01:00;117.16;-4.93;-58.28;41.9;-3.590;-4.263;31.928;-36.798;19.574;-21.340;94.889;-70.894;118.560;"0001-01-01T00:00:06.258+01:00|W1|1.4|1.37|0.12|1.37|0.30;0001-01-01T00:00:06.258+01:00|W2|0.8|0.52|0.09|0.52|0.50;0001-01-01T00:00:06.258+01:00|W3|1.6|1.52|0.18|1.52|0.37;0001-01-01T00:00:06.258+01:00|W4|0.8|0.44|0.03|0.44|0.52;0001-01-01T00:00:06.258+01:00|W5|1.8|1.39|0.09|1.39|1.16;0001-01-01T00:00:06.258+01:00|W6|1.3|0.97|0.34|0.97|0.88;0001-01-01T00:00:06.258+01:00|W7|1.1|0.92|0.08|0.92|0.28;0001-01-01T00:00:06.258+01:00|W8|1.8|1.78|0.09|1.78|0.17;0001-01-01T00:00:06.258+01:00|W9|1.9|1.84|0.50|1.84|0.20;0001-01-01T00:00:06.258+01:00|W10|2.0|1.99|0.04|1.99|0.35;0001-01-01T00:00:06.258+01:00|W11|1.3|1.25|0.34|1.25|0.15;0001-01-01T00:00:06.258+01:00|W12|1.2|1.14|0.13|1.14|0.23"
131.00;5.00;0001-01-01T00:00:06.3440000+01:00;117.96;-4.98;-58.89;42.3;-3.472;-4.978;32.166;-36.858;19.196;-21.715;95.006;-71.134;118.796;"0001-01-01T00:00:06.258+01:00|W1|1.4|1.37|0.12|1.37|0.30;0001-01-01T00:00:06.258+01:00|W2|0.8|0.52|0.09|0.52|0.50;0001-01-01T00:00:06.258+01:00|W3|1.6|1.52|0.18|1.52|0.37;0001-01-01T00:00:06.258+01:00|W4|0.8|0.44|0.03|0.44|0.52;0001-01-01T00:00:06.258+01:00|W5|1.8|1.39|0.09|1.39|1.16;0001-01-01T00:00:06.258+01:00|W6|1.3|0.97|0.34|0.97|0.88;0001-01-01T00:00:06.258+01:00|W7|1.1|0.92|0.08|0.92|0.28;0001-01-01T00:00:06.258+01:00|W8|1.8|1.78|0.09|1.78|0.17;0001-01-01T00:00:06.258+01:00|W9|1.9|1.84|0.50|1.84|0.20;0001-01-01T00:00:06.258+01:00|W10|2.0|1.99|0.04|1.99|0.35;0001-01-01T00:00:06.258+01:00|W11|1.3|1.25|0.34|1.25|0.15;0001-01-01T00:00:06.258+01:00|W12|1.2|1.14|0.13|1.14|0.23"
132.00;4.99;0001-01-01T00:00:06.3740000+01:00;118.76;-5.02;-59.49;42.6;-3.353;-5.639;32.403;-37.076;18.819;-22.053;95.107;-71.239;118.938;"0001-01-01T00:00:06.258+01:00|W1|1.4|1.37|0.12|1.37|0.30;0001-01-01T00:00:06.258+01:00|W2|0.8|0.52|0.09|0.52|0.50;0001-01-01T00:00:06.258+01:00|W3|1.6|1.52|0.18|1.52|0.37;0001-01-01T00:00:06.258+01:00|W4|0.8|0.44|0.03|0.44|0.52;0001-01-01T00:00:06.258+01:00|W5|1.8|1.39|0.09|1.39|1.16;0001-01-01T00:00:06.258+01:00|W6|1.3|0.97|0.34|0.97|0.88;0001-01-01T00:00:06.258+01:00|W7|1.1|0.92|0.08|0.92|0.28;0001-01-01T00:00:06.258+01:00|W8|1.8|1.78|0.09|1.78|0.17;0001-01-01T00:00:06.258+01:00|W9|1.9|1.84|0.50|1.84|0.20;0001-01-01T00:00:06.258+01:00|W10|2.0|1.99|0.04|1.99|0.35;0001-01-01T00:00:06.258+01:00|W11|1.3|1.25|0.34|1.25|0.15;0001-01-01T00:00:06.258+01:00|W12|1.2|1.14|0.13|1.14|0.23"
133.00;4.99;0001-01-01T00:00:06.4040000+01:00;119.57;-5.06;-60.09;41.3;-3.237;-5.968;32.637;-36.170;18.445;-22.256;95.310;-71.615;119.330;"0001-01-01T00:00:06.501+01:00|W1|1.3|1.28|0.17|1.28|0.31;0001-01-01T00:00:06.501+01:00|W2|0.7|0.38|0.17|0.38|0.52;0001-01-01T00:00:06.501+01:00|W3|1.7|1.75|0.30|1.75|0.05;0001-01-01T00:00:06.501+01:00|W4|0.8|0.45|0.04|0.45|0.53;0001-01-01T00:00:06.501+01:00|W5|1.8|1.51|0.04|1.51|1.01;0001-01-01T00:00:06.501+01:00|W6|1.3|0.99|0.27|0.99|0.91;0001-01-01T00:00:06.501+01:00|W7|1.1|0.97|0.09|0.97|0.22;0001-01-01T00:00:06.501+01:00|W8|1.9|1.84|0.13|1.84|0.18;0001-01-01T00:00:06.501+01:00|W9|1.8|1.74|0.39|1.74|0.36;0001-01-01T00:00:06.501+01:00|W10|2.0|1.97|0.01|1.97|0.35;0001-01-01T00:00:06.501+01:00|W11|1.4|1.38|0.48|1.38|0.22;0001-01-01T00:00:06.501+01:00|W12|1.3|1.18|0.15|1.18|0.24"
134.00;4.99;0001-01-01T00:00:06.4340000+01:00;120.37;-5.11;-60.69;40.3;-3.122;-6.171;32.700;-35.524;18.057;-22.421;95.462;-71.909;119.631;"0001-01-01T00:00:06.501+01:00|W1|1.3|1.28|0.17|1.28|0.31;0001-01-01T00:00:06.501+01:00|W2|0.7|0.38|0.17|0.38|0.52;0001-01-01T00:00:06.501+01:00|W3|1.7|1.75|0.30|1.75|0.05;0001-01-01T00:00:06.501+01:00|W4|0.8|0.45|0.04|0.45|0.53;0001-01-01T00:00:06.501+01:00|W5|1.8|1.51|0.04|1.51|1.01;0001-01-01T00:00:06.501+01:00|W6|1.3|0.99|0.27|0.99|0.91;0001-01-01T00:00:06.501+01:00|W7|1.1|0.97|0.09|0.97|0.22;0001-01-01T00:00:06.501+01:00|W8|1.9|1.84|0.13|1.84|0.18;0001-01-01T00:00:06.501+01:00|W9|1.8|1.74|0.39|1.74|0.36;0001-01-01T00:00:06.501+01:00|W10|2.0|1.97|0.01|1.97|0.35;0001-01-01T00:00:06.501+01:00|W11|1.4|1.38|0.48|1.38|0.22;0001-01-01T00:00:06.501+01:00|W12|1.3|1.18|0.15|1.18|0.24"
135.00;4.98;0001-01-01T00:00:06.4650000+01:00;121.17;-5.16;-61.29;40.0;-3.011;-6.116;32.388;-35.509;17.637;-22.513;95.496;-72.008;119.717;"0001-01-01T00:00:06.501+01:00|W1|1.3|1.28|0.17|1.28|0.31;0001-01-01T00:00:06.501+01:00|W2|0.7|0.38|0.17|0.38|0.52;0001-01-01T00:00:06.501+01:00|W3|1.7|1.75|0.30|1.75|0.05;0001-01-01T00:00:06.501+01:00|W4|0.8|0.45|0.04|0.45|0.53;0001-01-01T00:00:06.501+01:00|W5|1.8|1.51|0.04|1.51|1.01;0001-01-01T00:00:06.501+01:00|W6|1.3|0.99|0.27|0.99|0.91;0001-01-01T00:00:06.501+01:00|W7|1.1|0.97|0.09|0.97|0.22;0001-01-01T00:00:06.501+01:00|W8|1.9|1.84|0.13|1.84|0.18;0001-01-01T00:00:06.501+01:00|W9|1.8|1.74|0.39|1.74|0.36;0001-01-01T00:00:06.501+01:00|W10|2.0|1.97|0.01|1.97|0.35;0001-01-01T00:00:06.501+01:00|W11|1.4|1.38|0.48|1.38|0.22;0001-01-01T00:00:06.501+01:00|W12|1.3|1.18|0.15|1.18|0.24"
136.00;4.97;0001-01-01T00:00:06.4950000+01:00;121.97;-5.20;-61.90;39.7;-2.973;-5.828;31.900;-34.857;17.366;-22.487;95.508;-72.120;119.796;"0001-01-01T00:00:06.501+01:00|W1|1.3|1.28|0.17|1.28|0.31;0001-01-01T00:00:06.501+01:00|W2|0.7|0.38|0.17|0.38|0.52;0001-01-01T00:00:06.501+01:00|W3|1.7|1.75|0.30|1.75|0.05;0001-01-01T00:00:06.501+01:00|W4|0.8|0.45|0.04|0.45|0.53;0001-01-01T00:00:06.501+01:00|W5|1.8|1.51|0.04|1.51|1.01;0001-01-01T00:00:06.501+01:00|W6|1.3|0.99|0.27|0.99|0.91;0001-01-01T00:00:06.501+01:00|W7|1.1|0.97|0.09|0.97|0.22;0001-01-01T00:00:06.501+01:00|W8|1.9|1.84|0.13|1.84|0.18;0001-01-01T00:00:06.501+01:00|W9|1.8|1.74|0.39|1.74|0.36;0001-01-01T00:00:06.501+01:00|W10|2.0|1.97|0.01|1.97|0.35;0001-01-01T00:00:06.501+01:00|W11|1.4|1.38|0.48|1.38|0.22;0001-01-01T00:00:06.501+01:00|W12|1.3|1.18|0.15|1.18|0.24"
137.00;4.97;0001-01-01T00:00:06.5250000+01:00;122.77;-5.25;-62.50;39.5;-2.973;-5.419;31.320;-33.876;17.173;-22.399;95.510;-72.240;119.872;"0001-01-01T00:00:06.501+01:00|W1|1.3|1.28|0.17|1.28|0.31;0001-01-01T00:00:06.501+01:00|W2|0.7|0.38|0.17|0.38|0.52;0001-01-01T00:00:06.501+01:00|W3|1.7|1.75|0.30|1.75|0.05;0001-01-01T00:00:06.501+01:00|W4|0.8|0.45|0.04|0.45|0.53;0001-01-01T00:00:06.501+01:00|W5|1.8|1.51|0.04|1.51|1.01;0001-01-01T00:00:06.501+01:00|W6|1.3|0.99|0.27|0.99|0.91;0001-01-01T00:00:06.501+01:00|W7|1.1|0.97|0.09|0.97|0.22;0001-01-01T00:00:06.501+01:00|W8|1.9|1.84|0.13|1.84|0.18;0001-01-01T00:00:06.501+01:00|W9|1.8|1.74|0.39|1.74|0.36;0001-01-01T00:00:06.501+01:00|W10|2.0|1.97|0.01|1.97|0.35;0001-01-01T00:00:06.501+01:00|W11|1.4|1.38|0.48|1.38|0.22;0001-01-01T00:00:06.501+01:00|W12|1.3|1.18|0.15|1.18|0.24"
138.00;4.96;0001-01-01T00:00:06.5550000+01:00;123.57;-5.29;-63.11;39.6;-3.079;-4.915;31.075;-33.861;17.288;-22.271;95.500;-72.333;119.917;"0001-01-01T00:00:06.501+01:00|W1|1.3|1.28|0.17|1.28|0.31;0001-01-01T00:00:06.501+01:00|W2|0.7|0.38|0.17|0.38|0.52;0001-01-01T00:00:06.501+01:00|W3|1.7|1.75|0.30|1.75|0.05;0001-01-01T00:00:06.501+01:00|W4|0.8|0.45|0.04|0.45|0.53;0001-01-01T00:00:06.501+01:00|W5|1.8|1.51|0.04|1.51|1.01;0001-01-01T00:00:06.501+01:00|W6|1.3|0.99|0.27|0.99|0.91;0001-01-01T00:00:06.501+01:00|W7|1.1|0.97|0.09|0.97|0.22;0001-01-01T00:00:06.501+01:00|W8|1.9|1.84|0.13|1.84|0.18;0001-01-01T00:00:06.501+01:00|W9|1.8|1.74|0.39|1.74|0.36;0001-01-01T00:00:06.501+01:00|W10|2.0|1.97|0.01|1.97|0.35;0001-01-01T00:00:06.501+01:00|W11|1.4|1.38|0.48|1.38|0.22;0001-01-01T00:00:06.501+01:00|W12|1.3|1.18|0.15|1.18|0.24"
139.00;4.96;0001-01-01T00:00:06.5860000+01:00;124.37;-5.33;-63.71;39.7;-3.174;-4.412;30.990;-33.847;17.466;-22.142;95.468;-72.331;119.888;"0001-01-01T00:00:06.501+01:00|W1|1.3|1.28|0.17|1.28|0.31;0001-01-01T00:00:06.501+01:00|W2|0.7|0.38|0.17|0.38|0.52;0001-01-01T00:00:06.501+01:00|W3|1.7|1.75|0.30|1.75|0.05;0001-01-01T00:00:06.501+01:00|W4|0.8|0.45|0.04|0.45|0.53;0001-01-01T00:00:06.501+01:00|W5|1.8|1.51|0.04|1.51|1.01;0001-01-01T00:00:06.501+01:00|W6|1.3|0.99|0.27|0.99|0.91;0001-01-01T00:00:06.501+01:00|W7|1.1|0.97|0.09|0.97|0.22;0001-01-01T00:00:06.501+01:00|W8|1.9|1.84|0.13|1.84|0.18;0001-01-01T00:00:06.501+01:00|W9|1.8|1.74|0.39|1.74|0.36;0001-01-01T00:00:06.501+01:00|W10|2.0|1.97|0.01|1.97|0.35;0001-01-01T00:00:06.501+01:00|W11|1.4|1.38|0.48|1.38|0.22;0001-01-01T00:00:06.501+01:00|W12|1.3|1.18|0.15|1.18|0.24"
140.00;4.95;0001-01-01T00:00:06.6160000+01:00;125.17;-5.38;-64.32;39.7;-3.250;-3.909;31.205;-33.833;17.764;-22.014;95.393;-72.153;119.718;"0001-01-01T00:00:06.501+01:00|W1|1.3|1.28|0.17|1.28|0.31;0001-01-01T00:00:06.501+01:00|W2|0.7|0.38|0.17|0.38|0.52;0001-01-01T00:00:06.501+01:00|W3|1.7|1.75|0.30|1.75|0.05;0001-01-01T00:00:06.501+01:00|W4|0.8|0.45|0.04|0.45|0.53;0001-01-01T00:00:06.501+01:00|W5|1.8|1.51|0.04|1.51|1.01;0001-01-01T00:00:06.501+01:00|W6|1.3|0.99|0.27|0.99|0.91;0001-01-01T00:00:06.501+01:00|W7|1.1|0.97|0.09|0.97|0.22;0001-01-01T00:00:06.501+01:00|W8|1.9|1.84|0.13|1.84|0.18;0001-01-01T00:00:06.501+01:00|W9|1.8|1.74|0.39|1.74|0.36;0001-01-01T00:00:06.501+01:00|W10|2.0|1.97|0.01|1.97|0.35;0001-01-01T00:00:06.501+01:00|W11|1.4|1.38|0.48|1.38|0.22;0001-01-01T00:00:06.501+01:00|W12|1.3|1.18|0.15|1.18|0.24"
141.00;4.96;0001-01-01T00:00:06.6460000+01:00;125.97;-5.42;-64.92;39.7;-3.242;-3.484;31.419;-34.109;18.052;-21.920;95.349;-72.185;119.699;"0001-01-01T00:00:06.749+01:00|W1|1.3|1.28|0.15|1.28|0.27;0001-01-01T00:00:06.749+01:00|W2|0.7|0.38|0.17|0.38|0.52;0001-01-01T00:00:06.749+01:00|W3|1.8|1.76|0.35|1.76|0.15;0001-01-01T00:00:06.749+01:00|W4|0.8|0.43|0.03|0.43|0.54;0001-01-01T00:00:06.749+01:00|W5|1.8|1.51|0.04|1.51|1.01;0001-01-01T00:00:06.749+01:00|W6|1.3|0.99|0.28|0.99|0.87;0001-01-01T00:00:06.749+01:00|W7|1.1|0.97|0.09|0.97|0.22;0001-01-01T00:00:06.749+01:00|W8|1.9|1.88|0.14|1.88|0.20;0001-01-01T00:00:06.749+01:00|W9|1.6|1.62|0.22|1.62|0.30;0001-01-01T00:00:06.749+01:00|W10|2.0|1.93|0.03|1.93|0.35;0001-01-01T00:00:06.749+01:00|W11|1.4|1.38|0.48|1.38|0.22;0001-01-01T00:00:06.749+01:00|W12|1.2|1.19|0.13|1.19|0.13"
142.00;4.96;0001-01-01T00:00:06.6760000+01:00;126.78;-5.46;-65.52;39.7;-3.196;-3.103;31.632;-34.515;18.334;-21.847;95.324;-72.316;119.756;"0001-01-01T00:00:06.749+01:00|W1|1.3|1.28|0.15|1.28|0.27;0001-01-01T00:00:06.749+01:00|W2|0.7|0.38|0.17|0.38|0.52;0001-01-01T00:00:06.749+01:00|W3|1.8|1.76|0.35|1.76|0.15;0001-01-01T00:00:06.749+01:00|W4|0.8|0.43|0.03|0.43|0.54;0001-01-01T00:00:06.749+01:00|W5|1.8|1.51|0.04|1.51|1.01;0001-01-01T00:00:06.749+01:00|W6|1.3|0.99|0.28|0.99|0.87;0001-01-01T00:00:06.749+01:00|W7|1.1|0.97|0.09|0.97|0.22;0001-01-01T00:00:06.749+01:00|W8|1.9|1.88|0.14|1.88|0.20;0001-01-01T00:00:06.749+01:00|W9|1.6|1.62|0.22|1.62|0.30;0001-01-01T00:00:06.749+01:00|W10|2.0|1.93|0.03|1.93|0.35;0001-01-01T00:00:06.749+01:00|W11|1.4|1.38|0.48|1.38|0.22;0001-01-01T00:00:06.749+01:00|W12|1.2|1.19|0.13|1.19|0.13"
143.00;4.95;0001-01-01T00:00:06.7060000+01:00;127.57;-5.50;-66.13;40.2;-3.150;-3.015;31.845;-34.887;18.616;-21.920;95.465;-72.591;120.039;"0001-01-01T00:00:06.749+01:00|W1|1.3|1.28|0.15|1.28|0.27;0001-01-01T00:00:06.749+01:00|W2|0.7|0.38|0.17|0.38|0.52;0001-01-01T00:00:06.749+01:00|W3|1.8|1.76|0.35|1.76|0.15;0001-01-01T00:00:06.749+01:00|W4|0.8|0.43|0.03|0.43|0.54;0001-01-01T00:00:06.749+01:00|W5|1.8|1.51|0.04|1.51|1.01;0001-01-01T00:00:06.749+01:00|W6|1.3|0.99|0.28|0.99|0.87;0001-01-01T00:00:06.749+01:00|W7|1.1|0.97|0.09|0.97|0.22;0001-01-01T00:00:06.749+01:00|W8|1.9|1.88|0.14|1.88|0.20;0001-01-01T00:00:06.749+01:00|W9|1.6|1.62|0.22|1.62|0.30;0001-01-01T00:00:06.749+01:00|W10|2.0|1.93|0.03|1.93|0.35;0001-01-01T00:00:06.749+01:00|W11|1.4|1.38|0.48|1.38|0.22;0001-01-01T00:00:06.749+01:00|W12|1.2|1.19|0.13|1.19|0.13"
144.00;4.94;0001-01-01T00:00:06.7360000+01:00;128.37;-5.54;-66.74;40.7;-3.071;-2.926;31.681;-35.258;18.873;-21.994;95.550;-72.717;120.184;"0001-01-01T00:00:06.749+01:00|W1|1.3|1.28|0.15|1.28|0.27;0001-01-01T00:00:06.749+01:00|W2|0.7|0.38|0.17|0.38|0.52;0001-01-01T00:00:06.749+01:00|W3|1.8|1.76|0.35|1.76|0.15;0001-01-01T00:00:06.749+01:00|W4|0.8|0.43|0.03|0.43|0.54;0001-01-01T00:00:06.749+01:00|W5|1.8|1.51|0.04|1.51|1.01;0001-01-01T00:00:06.749+01:00|W6|1.3|0.99|0.28|0.99|0.87;0001-01-01T00:00:06.749+01:00|W7|1.1|0.97|0.09|0.97|0.22;0001-01-01T00:00:06.749+01:00|W8|1.9|1.88|0.14|1.88|0.20;0001-01-01T00:00:06.749+01:00|W9|1.6|1.62|0.22|1.62|0.30;0001-01-01T00:00:06.749+01:00|W10|2.0|1.93|0.03|1.93|0.35;0001-01-01T00:00:06.749+01:00|W11|1.4|1.38|0.48|1.38|0.22;0001-01-01T00:00:06.749+01:00|W12|1.2|1.19|0.13|1.19|0.13"
145.00;4.94;0001-01-01T00:00:06.7660000+01:00;129.17;-5.59;-67.35;41.1;-2.936;-2.838;30.882;-35.629;19.088;-22.068;95.542;-72.588;120.098;"0001-01-01T00:00:06.749+01:00|W1|1.3|1.28|0.15|1.28|0.27;0001-01-01T00:00:06.749+01:00|W2|0.7|0.38|0.17|0.38|0.52;0001-01-01T00:00:06.749+01:00|W3|1.8|1.76|0.35|1.76|0.15;0001-01-01T00:00:06.749+01:00|W4|0.8|0.43|0.03|0.43|0.54;0001-01-01T00:00:06.749+01:00|W5|1.8|1.51|0.04|1.51|1.01;0001-01-01T00:00:06.749+01:00|W6|1.3|0.99|0.28|0.99|0.87;0001-01-01T00:00:06.749+01:00|W7|1.1|0.97|0.09|0.97|0.22;0001-01-01T00:00:06.749+01:00|W8|1.9|1.88|0.14|1.88|0.20;0001-01-01T00:00:06.749+01:00|W9|1.6|1.62|0.22|1.62|0.30;0001-01-01T00:00:06.749+01:00|W10|2.0|1.93|0.03|1.93|0.35;0001-01-01T00:00:06.749+01:00|W11|1.4|1.38|0.48|1.38|0.22;0001-01-01T00:00:06.749+01:00|W12|1.2|1.19|0.13|1.19|0.13"
146.00;4.95;0001-01-01T00:00:06.7960000+01:00;129.97;-5.63;-67.95;41.2;-2.866;-2.839;30.486;-36.160;19.347;-22.104;95.580;-72.471;120.053;"0001-01-01T00:00:06.749+01:00|W1|1.3|1.28|0.15|1.28|0.27;0001-01-01T00:00:06.749+01:00|W2|0.7|0.38|0.17|0.38|0.52;0001-01-01T00:00:06.749+01:00|W3|1.8|1.76|0.35|1.76|0.15;0001-01-01T00:00:06.749+01:00|W4|0.8|0.43|0.03|0.43|0.54;0001-01-01T00:00:06.749+01:00|W5|1.8|1.51|0.04|1.51|1.01;0001-01-01T00:00:06.749+01:00|W6|1.3|0.99|0.28|0.99|0.87;0001-01-01T00:00:06.749+01:00|W7|1.1|0.97|0.09|0.97|0.22;0001-01-01T00:00:06.749+01:00|W8|1.9|1.88|0.14|1.88|0.20;0001-01-01T00:00:06.749+01:00|W9|1.6|1.62|0.22|1.62|0.30;0001-01-01T00:00:06.749+01:00|W10|2.0|1.93|0.03|1.93|0.35;0001-01-01T00:00:06.749+01:00|W11|1.4|1.38|0.48|1.38|0.22;0001-01-01T00:00:06.749+01:00|W12|1.2|1.19|0.13|1.19|0.13"
147.00;4.95;0001-01-01T00:00:06.8270000+01:00;130.77;-5.67;-68.56;41.3;-2.824;-2.877;30.255;-36.724;19.625;-22.120;95.635;-72.373;120.034;"0001-01-01T00:00:06.749+01:00|W1|1.3|1.28|0.15|1.28|0.27;0001-01-01T00:00:06.749+01:00|W2|0.7|0.38|0.17|0.38|0.52;0001-01-01T00:00:06.749+01:00|W3|1.8|1.76|0.35|1.76|0.15;0001-01-01T00:00:06.749+01:00|W4|0.8|0.43|0.03|0.43|0.54;0001-01-01T00:00:06.749+01:00|W5|1.8|1.51|0.04|1.51|1.01;0001-01-01T00:00:06.749+01:00|W6|1.3|0.99|0.28|0.99|0.87;0001-01-01T00:00:06.749+01:00|W7|1.1|0.97|0.09|0.97|0.22;0001-01-01T00:00:06.749+01:00|W8|1.9|1.88|0.14|1.88|0.20;0001-01-01T00:00:06.749+01:00|W9|1.6|1.62|0.22|1.62|0.30;0001-01-01T00:00:06.749+01:00|W10|2.0|1.93|0.03|1.93|0.35;0001-01-01T00:00:06.749+01:00|W11|1.4|1.38|0.48|1.38|0.22;0001-01-01T00:00:06.749+01:00|W12|1.2|1.19|0.13|1.19|0.13"
148.00;4.95;0001-01-01T00:00:06.8570000+01:00;131.57;-5.71;-69.17;41.7;-2.781;-2.917;30.024;-36.754;19.901;-22.047;95.668;-72.530;120.156;"0001-01-01T00:00:06.749+01:00|W1|1.3|1.28|0.15|1.28|0.27;0001-01-01T00:00:06.749+01:00|W2|0.7|0.38|0.17|0.38|0.52;0001-01-01T00:00:06.749+01:00|W3|1.8|1.76|0.35|1.76|0.15;0001-01-01T00:00:06.749+01:00|W4|0.8|0.43|0.03|0.43|0.54;0001-01-01T00:00:06.749+01:00|W5|1.8|1.51|0.04|1.51|1.01;0001-01-01T00:00:06.749+01:00|W6|1.3|0.99|0.28|0.99|0.87;0001-01-01T00:00:06.749+01:00|W7|1.1|0.97|0.09|0.97|0.22;0001-01-01T00:00:06.749+01:00|W8|1.9|1.88|0.14|1.88|0.20;0001-01-01T00:00:06.749+01:00|W9|1.6|1.62|0.22|1.62|0.30;0001-01-01T00:00:06.749+01:00|W10|2.0|1.93|0.03|1.93|0.35;0001-01-01T00:00:06.749+01:00|W11|1.4|1.38|0.48|1.38|0.22;0001-01-01T00:00:06.749+01:00|W12|1.2|1.19|0.13|1.19|0.13"
149.00;4.95;0001-01-01T00:00:06.8870000+01:00;132.36;-5.75;-69.77;42.1;-2.790;-3.013;30.187;-37.091;20.160;-22.005;95.680;-72.681;120.256;"0001-01-01T00:00:07.003+01:00|W1|1.4|1.31|0.11|1.31|0.27;0001-01-01T00:00:07.003+01:00|W2|0.6|0.29|0.19|0.29|0.53;0001-01-01T00:00:07.003+01:00|W3|1.7|1.67|0.29|1.67|0.17;0001-01-01T00:00:07.003+01:00|W4|0.8|0.43|0.00|0.43|0.52;0001-01-01T00:00:07.003+01:00|W5|1.8|1.77|0.02|1.77|0.39;0001-01-01T00:00:07.003+01:00|W6|1.3|0.99|0.28|0.99|0.87;0001-01-01T00:00:07.003+01:00|W7|1.1|1.07|0.13|1.07|0.23;0001-01-01T00:00:07.003+01:00|W8|1.9|1.89|0.14|1.89|0.26;0001-01-01T00:00:07.003+01:00|W9|1.4|1.44|0.03|1.44|0.13;0001-01-01T00:00:07.003+01:00|W10|1.9|1.86|0.11|1.86|0.27;0001-01-01T00:00:07.003+01:00|W11|1.3|1.29|0.33|1.29|0.21;0001-01-01T00:00:07.003+01:00|W12|1.2|1.17|0.06|1.17|0.00"
150.00;4.95;0001-01-01T00:00:06.9170000+01:00;133.16;-5.80;-70.38;42.3;-2.880;-3.196;30.953;-37.898;20.394;-22.010;95.660;-72.822;120.321;"0001-01-01T00:00:07.003+01:00|W1|1.4|1.31|0.11|1.31|0.27;0001-01-01T00:00:07.003+01:00|W2|0.6|0.29|0.19|0.29|0.53;0001-01-01T00:00:07.003+01:00|W3|1.7|1.67|0.29|1.67|0.17;0001-01-01T00:00:07.003+01:00|W4|0.8|0.43|0.00|0.43|0.52;0001-01-01T00:00:07.003+01:00|W5|1.8|1.77|0.02|1.77|0.39;0001-01-01T00:00:07.003+01:00|W6|1.3|0.99|0.28|0.99|0.87;0001-01-01T00:00:07.003+01:00|W7|1.1|1.07|0.13|1.07|0.23;0001-01-01T00:00:07.003+01:00|W8|1.9|1.89|0.14|1.89|0.26;0001-01-01T00:00:07.003+01:00|W9|1.4|1.44|0.03|1.44|0.13;0001-01-01T00:00:07.003+01:00|W10|1.9|1.86|0.11|1.86|0.27;0001-01-01T00:00:07.003+01:00|W11|1.3|1.29|0.33|1.29|0.21;0001-01-01T00:00:07.003+01:00|W12|1.2|1.17|0.06|1.17|0.00"
151.00;4.95;0001-01-01T00:00:06.9470000+01:00;133.96;-5.84;-70.99;42.3;-2.842;-3.343;31.124;-37.873;20.424;-21.877;95.703;-72.990;120.456;"0001-01-01T00:00:07.003+01:00|W1|1.4|1.31|0.11|1.31|0.27;0001-01-01T00:00:07.003+01:00|W2|0.6|0.29|0.19|0.29|0.53;0001-01-01T00:00:07.003+01:00|W3|1.7|1.67|0.29|1.67|0.17;0001-01-01T00:00:07.003+01:00|W4|0.8|0.43|0.00|0.43|0.52;0001-01-01T00:00:07.003+01:00|W5|1.8|1.77|0.02|1.77|0.39;0001-01-01T00:00:07.003+01:00|W6|1.3|0.99|0.28|0.99|0.87;0001-01-01T00:00:07.003+01:00|W7|1.1|1.07|0.13|1.07|0.23;0001-01-01T00:00:07.003+01:00|W8|1.9|1.89|0.14|1.89|0.26;0001-01-01T00:00:07.003+01:00|W9|1.4|1.44|0.03|1.44|0.13;0001-01-01T00:00:07.003+01:00|W10|1.9|1.86|0.11|1.86|0.27;0001-01-01T00:00:07.003+01:00|W11|1.3|1.29|0.33|1.29|0.21;0001-01-01T00:00:07.003+01:00|W12|1.2|1.17|0.06|1.17|0.00"
152.00;4.95;0001-01-01T00:00:06.9770000+01:00;134.76;-5.87;-71.60;42.1;-2.758;-3.477;31.077;-37.540;20.381;-21.693;95.769;-73.169;120.615;"0001-01-01T00:00:07.003+01:00|W1|1.4|1.31|0.11|1.31|0.27;0001-01-01T00:00:07.003+01:00|W2|0.6|0.29|0.19|0.29|0.53;0001-01-01T00:00:07.003+01:00|W3|1.7|1.67|0.29|1.67|0.17;0001-01-01T00:00:07.003+01:00|W4|0.8|0.43|0.00|0.43|0.52;0001-01-01T00:00:07.003+01:00|W5|1.8|1.77|0.02|1.77|0.39;0001-01-01T00:00:07.003+01:00|W6|1.3|0.99|0.28|0.99|0.87;0001-01-01T00:00:07.003+01:00|W7|1.1|1.07|0.13|1.07|0.23;0001-01-01T00:00:07.003+01:00|W8|1.9|1.89|0.14|1.89|0.26;0001-01-01T00:00:07.003+01:00|W9|1.4|1.44|0.03|1.44|0.13;0001-01-01T00:00:07.003+01:00|W10|1.9|1.86|0.11|1.86|0.27;0001-01-01T00:00:07.003+01:00|W11|1.3|1.29|0.33|1.29|0.21;0001-01-01T00:00:07.003+01:00|W12|1.2|1.17|0.06|1.17|0.00"
153.00;4.94;0001-01-01T00:00:07.0060000+01:00;135.55;-5.91;-72.21;41.9;-2.675;-3.611;31.029;-37.208;20.337;-21.509;95.835;-73.346;120.774;"0001-01-01T00:00:07.003+01:00|W1|1.4|1.31|0.11|1.31|0.27;0001-01-01T00:00:07.003+01:00|W2|0.6|0.29|0.19|0.29|0.53;0001-01-01T00:00:07.003+01:00|W3|1.7|1.67|0.29|1.67|0.17;0001-01-01T00:00:07.003+01:00|W4|0.8|0.43|0.00|0.43|0.52;0001-01-01T00:00:07.003+01:00|W5|1.8|1.77|0.02|1.77|0.39;0001-01-01T00:00:07.003+01:00|W6|1.3|0.99|0.28|0.99|0.87;0001-01-01T00:00:07.003+01:00|W7|1.1|1.07|0.13|1.07|0.23;0001-01-01T00:00:07.003+01:00|W8|1.9|1.89|0.14|1.89|0.26;0001-01-01T00:00:07.003+01:00|W9|1.4|1.44|0.03|1.44|0.13;0001-01-01T00:00:07.003+01:00|W10|1.9|1.86|0.11|1.86|0.27;0001-01-01T00:00:07.003+01:00|W11|1.3|1.29|0.33|1.29|0.21;0001-01-01T00:00:07.003+01:00|W12|1.2|1.17|0.06|1.17|0.00"
154.00;4.93;0001-01-01T00:00:07.0360000+01:00;136.34;-5.95;-72.82;41.7;-2.591;-3.744;30.982;-36.877;20.294;-21.326;95.901;-73.523;120.933;"0001-01-01T00:00:07.003+01:00|W1|1.4|1.31|0.11|1.31|0.27;0001-01-01T00:00:07.003+01:00|W2|0.6|0.29|0.19|0.29|0.53;0001-01-01T00:00:07.003+01:00|W3|1.7|1.67|0.29|1.67|0.17;0001-01-01T00:00:07.003+01:00|W4|0.8|0.43|0.00|0.43|0.52;0001-01-01T00:00:07.003+01:00|W5|1.8|1.77|0.02|1.77|0.39;0001-01-01T00:00:07.003+01:00|W6|1.3|0.99|0.28|0.99|0.87;0001-01-01T00:00:07.003+01:00|W7|1.1|1.07|0.13|1.07|0.23;0001-01-01T00:00:07.003+01:00|W8|1.9|1.89|0.14|1.89|0.26;0001-01-01T00:00:07.003+01:00|W9|1.4|1.44|0.03|1.44|0.13;0001-01-01T00:00:07.003+01:00|W10|1.9|1.86|0.11|1.86|0.27;0001-01-01T00:00:07.003+01:00|W11|1.3|1.29|0.33|1.29|0.21;0001-01-01T00:00:07.003+01:00|W12|1.2|1.17|0.06|1.17|0.00"
155.00;4.92;0001-01-01T00:00:07.0650000+01:00;137.13;-5.99;-73.42;41.5;-2.508;-3.877;30.934;-36.546;20.250;-21.143;95.967;-73.700;121.092;"0001-01-01T00:00:07.003+01:00|W1|1.4|1.31|0.11|1.31|0.27;0001-01-01T00:00:07.003+01:00|W2|0.6|0.29|0.19|0.29|0.53;0001-01-01T00:00:07.003+01:00|W3|1.7|1.67|0.29|1.67|0.17;0001-01-01T00:00:07.003+01:00|W4|0.8|0.43|0.00|0.43|0.52;0001-01-01T00:00:07.003+01:00|W5|1.8|1.77|0.02|1.77|0.39;0001-01-01T00:00:07.003+01:00|W6|1.3|0.99|0.28|0.99|0.87;0001-01-01T00:00:07.003+01:00|W7|1.1|1.07|0.13|1.07|0.23;0001-01-01T00:00:07.003+01:00|W8|1.9|1.89|0.14|1.89|0.26;0001-01-01T00:00:07.003+01:00|W9|1.4|1.44|0.03|1.44|0.13;0001-01-01T00:00:07.003+01:00|W10|1.9|1.86|0.11|1.86|0.27;0001-01-01T00:00:07.003+01:00|W11|1.3|1.29|0.33|1.29|0.21;0001-01-01T00:00:07.003+01:00|W12|1.2|1.17|0.06|1.17|0.00"
156.00;4.91;0001-01-01T00:00:07.0950000+01:00;137.92;-6.03;-74.03;41.3;-2.424;-4.010;30.887;-36.215;20.206;-20.960;96.033;-73.877;121.251;"0001-01-01T00:00:07.003+01:00|W1|1.4|1.31|0.11|1.31|0.27;0001-01-01T00:00:07.003+01:00|W2|0.6|0.29|0.19|0.29|0.53;0001-01-01T00:00:07.003+01:00|W3|1.7|1.67|0.29|1.67|0.17;0001-01-01T00:00:07.003+01:00|W4|0.8|0.43|0.00|0.43|0.52;0001-01-01T00:00:07.003+01:00|W5|1.8|1.77|0.02|1.77|0.39;0001-01-01T00:00:07.003+01:00|W6|1.3|0.99|0.28|0.99|0.87;0001-01-01T00:00:07.003+01:00|W7|1.1|1.07|0.13|1.07|0.23;0001-01-01T00:00:07.003+01:00|W8|1.9|1.89|0.14|1.89|0.26;0001-01-01T00:00:07.003+01:00|W9|1.4|1.44|0.03|1.44|0.13;0001-01-01T00:00:07.003+01:00|W10|1.9|1.86|0.11|1.86|0.27;0001-01-01T00:00:07.003+01:00|W11|1.3|1.29|0.33|1.29|0.21;0001-01-01T00:00:07.003+01:00|W12|1.2|1.17|0.06|1.17|0.00"
157.00;4.90;0001-01-01T00:00:07.1250000+01:00;138.71;-6.07;-74.64;41.2;-2.341;-4.143;30.839;-35.884;20.163;-20.778;96.099;-74.054;121.410;"0001-01-01T00:00:07.003+01:00|W1|1.4|1.31|0.11|1.31|0.27;0001-01-01T00:00:07.003+01:00|W2|0.6|0.29|0.19|0.29|0.53;0001-01-01T00:00:07.003+01:00|W3|1.7|1.67|0.29|1.67|0.17;0001-01-01T00:00:07.003+01:00|W4|0.8|0.43|0.00|0.43|0.52;0001-01-01T00:00:07.003+01:00|W5|1.8|1.77|0.02|1.77|0.39;0001-01-01T00:00:07.003+01:00|W6|1.3|0.99|0.28|0.99|0.87;0001-01-01T00:00:07.003+01:00|W7|1.1|1.07|0.13|1.07|0.23;0001-01-01T00:00:07.003+01:00|W8|1.9|1.89|0.14|1.89|0.26;0001-01-01T00:00:07.003+01:00|W9|1.4|1.44|0.03|1.44|0.13;0001-01-01T00:00:07.003+01:00|W10|1.9|1.86|0.11|1.86|0.27;0001-01-01T00:00:07.003+01:00|W11|1.3|1.29|0.33|1.29|0.21;0001-01-01T00:00:07.003+01:00|W12|1.2|1.17|0.06|1.17|0.00"
158.00;4.88;0001-01-01T00:00:07.1540000+01:00;139.50;-6.11;-75.25;41.0;-2.257;-4.276;30.792;-35.553;20.119;-20.595;96.164;-74.231;121.569;"0001-01-01T00:00:07.246+01:00|W1|1.4|1.31|0.07|1.31|0.29;0001-01-01T00:00:07.246+01:00|W2|0.6|0.29|0.19|0.29|0.53;0001-01-01T00:00:07.246+01:00|W3|1.7|1.62|0.24|1.62|0.01;0001-01-01T00:00:07.246+01:00|W4|0.8|0.44|0.00|0.44|0.52;0001-01-01T00:00:07.246+01:00|W5|1.7|1.66|0.12|1.66|0.14;0001-01-01T00:00:07.246+01:00|W6|1.3|0.97|0.23|0.97|0.86;0001-01-01T00:00:07.246+01:00|W7|1.2|1.14|0.15|1.14|0.21;0001-01-01T00:00:07.246+01:00|W8|1.9|1.89|0.13|1.89|0.30;0001-01-01T00:00:07.246+01:00|W9|1.4|1.42|0.07|1.42|0.09;0001-01-01T00:00:07.246+01:00|W10|1.9|1.87|0.11|1.87|0.16;0001-01-01T00:00:07.246+01:00|W11|1.3|1.21|0.23|1.21|0.27;0001-01-01T00:00:07.246+01:00|W12|1.1|1.07|0.05|1.07|0.14"
159.00;4.87;0001-01-01T00:00:07.1840000+01:00;140.29;-6.15;-75.85;40.8;-2.174;-4.409;30.745;-35.222;20.076;-20.412;96.230;-74.408;121.728;"0001-01-01T00:00:07.246+01:00|W1|1.4|1.31|0.07|1.31|0.29;0001-01-01T00:00:07.246+01:00|W2|0.6|0.29|0.19|0.29|0.53;0001-01-01T00:00:07.246+01:00|W3|1.7|1.62|0.24|1.62|0.01;0001-01-01T00:00:07.246+01:00|W4|0.8|0.44|0.00|0.44|0.52;0001-01-01T00:00:07.246+01:00|W5|1.7|1.66|0.12|1.66|0.14;0001-01-01T00:00:07.246+01:00|W6|1.3|0.97|0.23|0.97|0.86;0001-01-01T00:00:07.246+01:00|W7|1.2|1.14|0.15|1.14|0.21;0001-01-01T00:00:07.246+01:00|W8|1.9|1.89|0.13|1.89|0.30;0001-01-01T00:00:07.246+01:00|W9|1.4|1.42|0.07|1.42|0.09;0001-01-01T00:00:07.246+01:00|W10|1.9|1.87|0.11|1.87|0.16;0001-01-01T00:00:07.246+01:00|W11|1.3|1.21|0.23|1.21|0.27;0001-01-01T00:00:07.246+01:00|W12|1.1|1.07|0.05|1.07|0.14"
160.00;4.85;0001-01-01T00:00:07.2140000+01:00;141.08;-6.19;-76.46;40.6;-2.091;-4.542;30.697;-34.891;20.032;-20.229;96.296;-74.585;121.887;"0001-01-01T00:00:07.246+01:00|W1|1.4|1.31|0.07|1.31|0.29;0001-01-01T00:00:07.246+01:00|W2|0.6|0.29|0.19|0.29|0.53;0001-01-01T00:00:07.246+01:00|W3|1.7|1.62|0.24|1.62|0.01;0001-01-01T00:00:07.246+01:00|W4|0.8|0.44|0.00|0.44|0.52;0001-01-01T00:00:07.246+01:00|W5|1.7|1.66|0.12|1.66|0.14;0001-01-01T00:00:07.246+01:00|W6|1.3|0.97|0.23|0.97|0.86;0001-01-01T00:00:07.246+01:00|W7|1.2|1.14|0.15|1.14|0.21;0001-01-01T00:00:07.246+01:00|W8|1.9|1.89|0.13|1.89|0.30;0001-01-01T00:00:07.246+01:00|W9|1.4|1.42|0.07|1.42|0.09;0001-01-01T00:00:07.246+01:00|W10|1.9|1.87|0.11|1.87|0.16;0001-01-01T00:00:07.246+01:00|W11|1.3|1.21|0.23|1.21|0.27;0001-01-01T00:00:07.246+01:00|W12|1.1|1.07|0.05|1.07|0.14"
161.00;4.83;0001-01-01T00:00:07.2430000+01:00;141.86;-6.23;-77.07;40.6;-2.007;-4.475;30.650;-34.718;19.989;-20.200;96.277;-74.617;121.890;"0001-01-01T00:00:07.246+01:00|W1|1.4|1.31|0.07|1.31|0.29;0001-01-01T00:00:07.246+01:00|W2|0.6|0.29|0.19|0.29|0.53;0001-01-01T00:00:07.246+01:00|W3|1.7|1.62|0.24|1.62|0.01;0001-01-01T00:00:07.246+01:00|W4|0.8|0.44|0.00|0.44|0.52;0001-01-01T00:00:07.246+01:00|W5|1.7|1.66|0.12|1.66|0.14;0001-01-01T00:00:07.246+01:00|W6|1.3|0.97|0.23|0.97|0.86;0001-01-01T00:00:07.246+01:00|W7|1.2|1.14|0.15|1.14|0.21;0001-01-01T00:00:07.246+01:00|W8|1.9|1.89|0.13|1.89|0.30;0001-01-01T00:00:07.246+01:00|W9|1.4|1.42|0.07|1.42|0.09;0001-01-01T00:00:07.246+01:00|W10|1.9|1.87|0.11|1.87|0.16;0001-01-01T00:00:07.246+01:00|W11|1.3|1.21|0.23|1.21|0.27;0001-01-01T00:00:07.246+01:00|W12|1.1|1.07|0.05|1.07|0.14"
162.00;4.81;0001-01-01T00:00:07.2730000+01:00;142.65;-6.26;-77.68;40.6;-1.924;-4.282;30.603;-34.644;19.946;-20.268;96.205;-74.556;121.793;"0001-01-01T00:00:07.246+01:00|W1|1.4|1.31|0.07|1.31|0.29;0001-01-01T00:00:07.246+01:00|W2|0.6|0.29|0.19|0.29|0.53;0001-01-01T00:00:07.246+01:00|W3|1.7|1.62|0.24|1.62|0.01;0001-01-01T00:00:07.246+01:00|W4|0.8|0.44|0.00|0.44|0.52;0001-01-01T00:00:07.246+01:00|W5|1.7|1.66|0.12|1.66|0.14;0001-01-01T00:00:07.246+01:00|W6|1.3|0.97|0.23|0.97|0.86;0001-01-01T00:00:07.246+01:00|W7|1.2|1.14|0.15|1.14|0.21;0001-01-01T00:00:07.246+01:00|W8|1.9|1.89|0.13|1.89|0.30;0001-01-01T00:00:07.246+01:00|W9|1.4|1.42|0.07|1.42|0.09;0001-01-01T00:00:07.246+01:00|W10|1.9|1.87|0.11|1.87|0.16;0001-01-01T00:00:07.246+01:00|W11|1.3|1.21|0.23|1.21|0.27;0001-01-01T00:00:07.246+01:00|W12|1.1|1.07|0.05|1.07|0.14"
163.00;4.78;0001-01-01T00:00:07.3020000+01:00;143.44;-6.30;-78.29;40.7;-1.841;-4.088;30.556;-34.571;19.902;-20.337;96.132;-74.495;121.697;"0001-01-01T00:00:07.246+01:00|W1|1.4|1.31|0.07|1.31|0.29;0001-01-01T00:00:07.246+01:00|W2|0.6|0.29|0.19|0.29|0.53;0001-01-01T00:00:07.246+01:00|W3|1.7|1.62|0.24|1.62|0.01;0001-01-01T00:00:07.246+01:00|W4|0.8|0.44|0.00|0.44|0.52;0001-01-01T00:00:07.246+01:00|W5|1.7|1.66|0.12|1.66|0.14;0001-01-01T00:00:07.246+01:00|W6|1.3|0.97|0.23|0.97|0.86;0001-01-01T00:00:07.246+01:00|W7|1.2|1.14|0.15|1.14|0.21;0001-01-01T00:00:07.246+01:00|W8|1.9|1.89|0.13|1.89|0.30;0001-01-01T00:00:07.246+01:00|W9|1.4|1.42|0.07|1.42|0.09;0001-01-01T00:00:07.246+01:00|W10|1.9|1.87|0.11|1.87|0.16;0001-01-01T00:00:07.246+01:00|W11|1.3|1.21|0.23|1.21|0.27;0001-01-01T00:00:07.246+01:00|W12|1.1|1.07|0.05|1.07|0.14"
164.00;4.76;0001-01-01T00:00:07.3310000+01:00;144.23;-6.34;-78.89;40.8;-1.758;-3.895;30.508;-34.497;19.859;-20.405;96.060;-74.434;121.601;"0001-01-01T00:00:07.246+01:00|W1|1.4|1.31|0.07|1.31|0.29;0001-01-01T00:00:07.246+01:00|W2|0.6|0.29|0.19|0.29|0.53;0001-01-01T00:00:07.246+01:00|W3|1.7|1.62|0.24|1.62|0.01;0001-01-01T00:00:07.246+01:00|W4|0.8|0.44|0.00|0.44|0.52;0001-01-01T00:00:07.246+01:00|W5|1.7|1.66|0.12|1.66|0.14;0001-01-01T00:00:07.246+01:00|W6|1.3|0.97|0.23|0.97|0.86;0001-01-01T00:00:07.246+01:00|W7|1.2|1.14|0.15|1.14|0.21;0001-01-01T00:00:07.246+01:00|W8|1.9|1.89|0.13|1.89|0.30;0001-01-01T00:00:07.246+01:00|W9|1.4|1.42|0.07|1.42|0.09;0001-01-01T00:00:07.246+01:00|W10|1.9|1.87|0.11|1.87|0.16;0001-01-01T00:00:07.246+01:00|W11|1.3|1.21|0.23|1.21|0.27;0001-01-01T00:00:07.246+01:00|W12|1.1|1.07|0.05|1.07|0.14"
165.00;4.73;0001-01-01T00:00:07.3610000+01:00;145.01;-6.37;-79.50;40.9;-1.675;-3.701;30.461;-34.423;19.816;-20.473;95.988;-74.374;121.504;"0001-01-01T00:00:07.246+01:00|W1|1.4|1.31|0.07|1.31|0.29;0001-01-01T00:00:07.246+01:00|W2|0.6|0.29|0.19|0.29|0.53;0001-01-01T00:00:07.246+01:00|W3|1.7|1.62|0.24|1.62|0.01;0001-01-01T00:00:07.246+01:00|W4|0.8|0.44|0.00|0.44|0.52;0001-01-01T00:00:07.246+01:00|W5|1.7|1.66|0.12|1.66|0.14;0001-01-01T00:00:07.246+01:00|W6|1.3|0.97|0.23|0.97|0.86;0001-01-01T00:00:07.246+01:00|W7|1.2|1.14|0.15|1.14|0.21;0001-01-01T00:00:07.246+01:00|W8|1.9|1.89|0.13|1.89|0.30;0001-01-01T00:00:07.246+01:00|W9|1.4|1.42|0.07|1.42|0.09;0001-01-01T00:00:07.246+01:00|W10|1.9|1.87|0.11|1.87|0.16;0001-01-01T00:00:07.246+01:00|W11|1.3|1.21|0.23|1.21|0.27;0001-01-01T00:00:07.246+01:00|W12|1.1|1.07|0.05|1.07|0.14"
166.00;4.70;0001-01-01T00:00:07.3900000+01:00;145.80;-6.41;-80.11;41.0;-1.592;-3.624;30.414;-34.754;19.772;-20.581;95.960;-74.354;121.469;"0001-01-01T00:00:07.499+01:00|W1|1.4|1.35|0.02|1.35|0.33;0001-01-01T00:00:07.499+01:00|W2|0.7|0.34|0.07|0.34|0.63;0001-01-01T00:00:07.499+01:00|W3|1.6|1.57|0.20|1.57|0.06;0001-01-01T00:00:07.499+01:00|W4|0.8|0.42|0.01|0.42|0.53;0001-01-01T00:00:07.499+01:00|W5|1.9|1.83|0.07|1.83|0.36;0001-01-01T00:00:07.499+01:00|W6|1.2|0.91|0.27|0.91|0.81;0001-01-01T00:00:07.499+01:00|W7|1.2|1.22|0.20|1.22|0.19;0001-01-01T00:00:07.499+01:00|W8|1.9|1.83|0.07|1.83|0.35;0001-01-01T00:00:07.499+01:00|W9|1.4|1.43|0.10|1.43|0.03;0001-01-01T00:00:07.499+01:00|W10|1.8|1.83|0.15|1.83|0.08;0001-01-01T00:00:07.499+01:00|W11|1.2|1.16|0.18|1.16|0.34;0001-01-01T00:00:07.499+01:00|W12|1.0|1.00|0.11|1.00|0.21"
167.00;4.67;0001-01-01T00:00:07.4200000+01:00;146.59;-6.46;-80.72;41.1;-1.509;-3.653;30.367;-35.453;19.729;-20.724;95.972;-74.371;121.490;"0001-01-01T00:00:07.499+01:00|W1|1.4|1.35|0.02|1.35|0.33;0001-01-01T00:00:07.499+01:00|W2|0.7|0.34|0.07|0.34|0.63;0001-01-01T00:00:07.499+01:00|W3|1.6|1.57|0.20|1.57|0.06;0001-01-01T00:00:07.499+01:00|W4|0.8|0.42|0.01|0.42|0.53;0001-01-01T00:00:07.499+01:00|W5|1.9|1.83|0.07|1.83|0.36;0001-01-01T00:00:07.499+01:00|W6|1.2|0.91|0.27|0.91|0.81;0001-01-01T00:00:07.499+01:00|W7|1.2|1.22|0.20|1.22|0.19;0001-01-01T00:00:07.499+01:00|W8|1.9|1.83|0.07|1.83|0.35;0001-01-01T00:00:07.499+01:00|W9|1.4|1.43|0.10|1.43|0.03;0001-01-01T00:00:07.499+01:00|W10|1.8|1.83|0.15|1.83|0.08;0001-01-01T00:00:07.499+01:00|W11|1.2|1.16|0.18|1.16|0.34;0001-01-01T00:00:07.499+01:00|W12|1.0|1.00|0.11|1.00|0.21"
168.00;4.64;0001-01-01T00:00:07.4490000+01:00;147.38;-6.49;-81.33;41.3;-1.426;-3.750;30.320;-35.397;19.686;-20.863;96.055;-74.510;121.638;"0001-01-01T00:00:07.499+01:00|W1|1.4|1.35|0.02|1.35|0.33;0001-01-01T00:00:07.499+01:00|W2|0.7|0.34|0.07|0.34|0.63;0001-01-01T00:00:07.499+01:00|W3|1.6|1.57|0.20|1.57|0.06;0001-01-01T00:00:07.499+01:00|W4|0.8|0.42|0.01|0.42|0.53;0001-01-01T00:00:07.499+01:00|W5|1.9|1.83|0.07|1.83|0.36;0001-01-01T00:00:07.499+01:00|W6|1.2|0.91|0.27|0.91|0.81;0001-01-01T00:00:07.499+01:00|W7|1.2|1.22|0.20|1.22|0.19;0001-01-01T00:00:07.499+01:00|W8|1.9|1.83|0.07|1.83|0.35;0001-01-01T00:00:07.499+01:00|W9|1.4|1.43|0.10|1.43|0.03;0001-01-01T00:00:07.499+01:00|W10|1.8|1.83|0.15|1.83|0.08;0001-01-01T00:00:07.499+01:00|W11|1.2|1.16|0.18|1.16|0.34;0001-01-01T00:00:07.499+01:00|W12|1.0|1.00|0.11|1.00|0.21"
169.00;4.61;0001-01-01T00:00:07.4790000+01:00;148.16;-6.53;-81.94;41.4;-1.343;-3.866;30.272;-35.238;19.642;-21.011;96.127;-74.631;121.766;"0001-01-01T00:00:07.499+01:00|W1|1.4|1.35|0.02|1.35|0.33;0001-01-01T00:00:07.499+01:00|W2|0.7|0.34|0.07|0.34|0.63;0001-01-01T00:00:07.499+01:00|W3|1.6|1.57|0.20|1.57|0.06;0001-01-01T00:00:07.499+01:00|W4|0.8|0.42|0.01|0.42|0.53;0001-01-01T00:00:07.499+01:00|W5|1.9|1.83|0.07|1.83|0.36;0001-01-01T00:00:07.499+01:00|W6|1.2|0.91|0.27|0.91|0.81;0001-01-01T00:00:07.499+01:00|W7|1.2|1.22|0.20|1.22|0.19;0001-01-01T00:00:07.499+01:00|W8|1.9|1.83|0.07|1.83|0.35;0001-01-01T00:00:07.499+01:00|W9|1.4|1.43|0.10|1.43|0.03;0001-01-01T00:00:07.499+01:00|W10|1.8|1.83|0.15|1.83|0.08;0001-01-01T00:00:07.499+01:00|W11|1.2|1.16|0.18|1.16|0.34;0001-01-01T00:00:07.499+01:00|W12|1.0|1.00|0.11|1.00|0.21"
170.00;4.57;0001-01-01T00:00:07.5080000+01:00;148.95;-6.57;-82.55;41.6;-1.260;-4.017;30.225;-35.458;19.599;-21.209;96.034;-74.458;121.590;"0001-01-01T00:00:07.499+01:00|W1|1.4|1.35|0.02|1.35|0.33;0001-01-01T00:00:07.499+01:00|W2|0.7|0.34|0.07|0.34|0.63;0001-01-01T00:00:07.499+01:00|W3|1.6|1.57|0.20|1.57|0.06;0001-01-01T00:00:07.499+01:00|W4|0.8|0.42|0.01|0.42|0.53;0001-01-01T00:00:07.499+01:00|W5|1.9|1.83|0.07|1.83|0.36;0001-01-01T00:00:07.499+01:00|W6|1.2|0.91|0.27|0.91|0.81;0001-01-01T00:00:07.499+01:00|W7|1.2|1.22|0.20|1.22|0.19;0001-01-01T00:00:07.499+01:00|W8|1.9|1.83|0.07|1.83|0.35;0001-01-01T00:00:07.499+01:00|W9|1.4|1.43|0.10|1.43|0.03;0001-01-01T00:00:07.499+01:00|W10|1.8|1.83|0.15|1.83|0.08;0001-01-01T00:00:07.499+01:00|W11|1.2|1.16|0.18|1.16|0.34;0001-01-01T00:00:07.499+01:00|W12|1.0|1.00|0.11|1.00|0.21"
171.00;4.53;0001-01-01T00:00:07.5380000+01:00;149.74;-6.60;-83.16;41.7;-1.177;-4.047;30.179;-35.496;19.556;-21.319;95.986;-74.373;121.501;"0001-01-01T00:00:07.499+01:00|W1|1.4|1.35|0.02|1.35|0.33;0001-01-01T00:00:07.499+01:00|W2|0.7|0.34|0.07|0.34|0.63;0001-01-01T00:00:07.499+01:00|W3|1.6|1.57|0.20|1.57|0.06;0001-01-01T00:00:07.499+01:00|W4|0.8|0.42|0.01|0.42|0.53;0001-01-01T00:00:07.499+01:00|W5|1.9|1.83|0.07|1.83|0.36;0001-01-01T00:00:07.499+01:00|W6|1.2|0.91|0.27|0.91|0.81;0001-01-01T00:00:07.499+01:00|W7|1.2|1.22|0.20|1.22|0.19;0001-01-01T00:00:07.499+01:00|W8|1.9|1.83|0.07|1.83|0.35;0001-01-01T00:00:07.499+01:00|W9|1.4|1.43|0.10|1.43|0.03;0001-01-01T00:00:07.499+01:00|W10|1.8|1.83|0.15|1.83|0.08;0001-01-01T00:00:07.499+01:00|W11|1.2|1.16|0.18|1.16|0.34;0001-01-01T00:00:07.499+01:00|W12|1.0|1.00|0.11|1.00|0.21"
172.00;4.49;0001-01-01T00:00:07.5670000+01:00;150.52;-6.63;-83.77;41.7;-1.095;-3.916;30.132;-35.290;19.513;-21.309;95.999;-74.405;121.528;"0001-01-01T00:00:07.499+01:00|W1|1.4|1.35|0.02|1.35|0.33;0001-01-01T00:00:07.499+01:00|W2|0.7|0.34|0.07|0.34|0.63;0001-01-01T00:00:07.499+01:00|W3|1.6|1.57|0.20|1.57|0.06;0001-01-01T00:00:07.499+01:00|W4|0.8|0.42|0.01|0.42|0.53;0001-01-01T00:00:07.499+01:00|W5|1.9|1.83|0.07|1.83|0.36;0001-01-01T00:00:07.499+01:00|W6|1.2|0.91|0.27|0.91|0.81;0001-01-01T00:00:07.499+01:00|W7|1.2|1.22|0.20|1.22|0.19;0001-01-01T00:00:07.499+01:00|W8|1.9|1.83|0.07|1.83|0.35;0001-01-01T00:00:07.499+01:00|W9|1.4|1.43|0.10|1.43|0.03;0001-01-01T00:00:07.499+01:00|W10|1.8|1.83|0.15|1.83|0.08;0001-01-01T00:00:07.499+01:00|W11|1.2|1.16|0.18|1.16|0.34;0001-01-01T00:00:07.499+01:00|W12|1.0|1.00|0.11|1.00|0.21"
173.00;4.44;0001-01-01T00:00:07.5960000+01:00;151.31;-6.67;-84.38;41.7;-1.012;-3.786;30.084;-35.085;19.470;-21.299;96.011;-74.437;121.555;"0001-01-01T00:00:07.499+01:00|W1|1.4|1.35|0.02|1.35|0.33;0001-01-01T00:00:07.499+01:00|W2|0.7|0.34|0.07|0.34|0.63;0001-01-01T00:00:07.499+01:00|W3|1.6|1.57|0.20|1.57|0.06;0001-01-01T00:00:07.499+01:00|W4|0.8|0.42|0.01|0.42|0.53;0001-01-01T00:00:07.499+01:00|W5|1.9|1.83|0.07|1.83|0.36;0001-01-01T00:00:07.499+01:00|W6|1.2|0.91|0.27|0.91|0.81;0001-01-01T00:00:07.499+01:00|W7|1.2|1.22|0.20|1.22|0.19;0001-01-01T00:00:07.499+01:00|W8|1.9|1.83|0.07|1.83|0.35;0001-01-01T00:00:07.499+01:00|W9|1.4|1.43|0.10|1.43|0.03;0001-01-01T00:00:07.499+01:00|W10|1.8|1.83|0.15|1.83|0.08;0001-01-01T00:00:07.499+01:00|W11|1.2|1.16|0.18|1.16|0.34;0001-01-01T00:00:07.499+01:00|W12|1.0|1.00|0.11|1.00|0.21"
174.00;4.40;0001-01-01T00:00:07.6260000+01:00;152.10;-6.70;-84.99;41.7;-0.929;-3.655;30.037;-34.879;19.427;-21.289;96.023;-74.470;121.582;"0001-01-01T00:00:07.752+01:00|W1|1.4|1.32|0.05|1.32|0.36;0001-01-01T00:00:07.752+01:00|W2|0.8|0.39|0.00|0.39|0.64;0001-01-01T00:00:07.752+01:00|W3|1.6|1.58|0.21|1.58|0.11;0001-01-01T00:00:07.752+01:00|W4|0.8|0.42|0.01|0.42|0.55;0001-01-01T00:00:07.752+01:00|W5|1.9|1.78|0.05|1.78|0.49;0001-01-01T00:00:07.752+01:00|W6|1.2|0.88|0.32|0.88|0.74;0001-01-01T00:00:07.752+01:00|W7|1.3|1.24|0.20|1.24|0.16;0001-01-01T00:00:07.752+01:00|W8|1.9|1.83|0.06|1.83|0.29;0001-01-01T00:00:07.752+01:00|W9|1.5|1.45|0.10|1.45|0.10;0001-01-01T00:00:07.752+01:00|W10|1.8|1.83|0.14|1.83|0.05;0001-01-01T00:00:07.752+01:00|W11|1.2|1.14|0.16|1.14|0.40;0001-01-01T00:00:07.752+01:00|W12|1.0|0.98|0.15|0.98|0.16"
175.00;4.35;0001-01-01T00:00:07.6550000+01:00;152.88;-6.73;-85.60;41.7;-0.847;-3.525;29.990;-34.674;19.383;-21.280;96.036;-74.502;121.609;"0001-01-01T00:00:07.752+01:00|W1|1.4|1.32|0.05|1.32|0.36;0001-01-01T00:00:07.752+01:00|W2|0.8|0.39|0.00|0.39|0.64;0001-01-01T00:00:07.752+01:00|W3|1.6|1.58|0.21|1.58|0.11;0001-01-01T00:00:07.752+01:00|W4|0.8|0.42|0.01|0.42|0.55;0001-01-01T00:00:07.752+01:00|W5|1.9|1.78|0.05|1.78|0.49;0001-01-01T00:00:07.752+01:00|W6|1.2|0.88|0.32|0.88|0.74;0001-01-01T00:00:07.752+01:00|W7|1.3|1.24|0.20|1.24|0.16;0001-01-01T00:00:07.752+01:00|W8|1.9|1.83|0.06|1.83|0.29;0001-01-01T00:00:07.752+01:00|W9|1.5|1.45|0.10|1.45|0.10;0001-01-01T00:00:07.752+01:00|W10|1.8|1.83|0.14|1.83|0.05;0001-01-01T00:00:07.752+01:00|W11|1.2|1.14|0.16|1.14|0.40;0001-01-01T00:00:07.752+01:00|W12|1.0|0.98|0.15|0.98|0.16"
176.00;4.30;0001-01-01T00:00:07.6840000+01:00;153.67;-6.77;-86.21;41.7;-0.764;-3.394;29.943;-34.469;19.340;-21.270;96.048;-74.534;121.636;"0001-01-01T00:00:07.752+01:00|W1|1.4|1.32|0.05|1.32|0.36;0001-01-01T00:00:07.752+01:00|W2|0.8|0.39|0.00|0.39|0.64;0001-01-01T00:00:07.752+01:00|W3|1.6|1.58|0.21|1.58|0.11;0001-01-01T00:00:07.752+01:00|W4|0.8|0.42|0.01|0.42|0.55;0001-01-01T00:00:07.752+01:00|W5|1.9|1.78|0.05|1.78|0.49;0001-01-01T00:00:07.752+01:00|W6|1.2|0.88|0.32|0.88|0.74;0001-01-01T00:00:07.752+01:00|W7|1.3|1.24|0.20|1.24|0.16;0001-01-01T00:00:07.752+01:00|W8|1.9|1.83|0.06|1.83|0.29;0001-01-01T00:00:07.752+01:00|W9|1.5|1.45|0.10|1.45|0.10;0001-01-01T00:00:07.752+01:00|W10|1.8|1.83|0.14|1.83|0.05;0001-01-01T00:00:07.752+01:00|W11|1.2|1.14|0.16|1.14|0.40;0001-01-01T00:00:07.752+01:00|W12|1.0|0.98|0.15|0.98|0.16"
177.00;4.25;0001-01-01T00:00:07.7140000+01:00;154.45;-6.80;-86.82;41.7;-0.681;-3.264;29.896;-34.263;19.297;-21.260;96.061;-74.566;121.663;"0001-01-01T00:00:07.752+01:00|W1|1.4|1.32|0.05|1.32|0.36;0001-01-01T00:00:07.752+01:00|W2|0.8|0.39|0.00|0.39|0.64;0001-01-01T00:00:07.752+01:00|W3|1.6|1.58|0.21|1.58|0.11;0001-01-01T00:00:07.752+01:00|W4|0.8|0.42|0.01|0.42|0.55;0001-01-01T00:00:07.752+01:00|W5|1.9|1.78|0.05|1.78|0.49;0001-01-01T00:00:07.752+01:00|W6|1.2|0.88|0.32|0.88|0.74;0001-01-01T00:00:07.752+01:00|W7|1.3|1.24|0.20|1.24|0.16;0001-01-01T00:00:07.752+01:00|W8|1.9|1.83|0.06|1.83|0.29;0001-01-01T00:00:07.752+01:00|W9|1.5|1.45|0.10|1.45|0.10;0001-01-01T00:00:07.752+01:00|W10|1.8|1.83|0.14|1.83|0.05;0001-01-01T00:00:07.752+01:00|W11|1.2|1.14|0.16|1.14|0.40;0001-01-01T00:00:07.752+01:00|W12|1.0|0.98|0.15|0.98|0.16"
178.00;4.19;0001-01-01T00:00:07.7430000+01:00;155.24;-6.83;-87.43;41.6;-0.598;-3.133;29.849;-34.058;19.254;-21.250;96.073;-74.598;121.690;"0001-01-01T00:00:07.752+01:00|W1|1.4|1.32|0.05|1.32|0.36;0001-01-01T00:00:07.752+01:00|W2|0.8|0.39|0.00|0.39|0.64;0001-01-01T00:00:07.752+01:00|W3|1.6|1.58|0.21|1.58|0.11;0001-01-01T00:00:07.752+01:00|W4|0.8|0.42|0.01|0.42|0.55;0001-01-01T00:00:07.752+01:00|W5|1.9|1.78|0.05|1.78|0.49;0001-01-01T00:00:07.752+01:00|W6|1.2|0.88|0.32|0.88|0.74;0001-01-01T00:00:07.752+01:00|W7|1.3|1.24|0.20|1.24|0.16;0001-01-01T00:00:07.752+01:00|W8|1.9|1.83|0.06|1.83|0.29;0001-01-01T00:00:07.752+01:00|W9|1.5|1.45|0.10|1.45|0.10;0001-01-01T00:00:07.752+01:00|W10|1.8|1.83|0.14|1.83|0.05;0001-01-01T00:00:07.752+01:00|W11|1.2|1.14|0.16|1.14|0.40;0001-01-01T00:00:07.752+01:00|W12|1.0|0.98|0.15|0.98|0.16"
179.00;4.14;0001-01-01T00:00:07.7730000+01:00;156.02;-6.87;-88.04;41.6;-0.516;-3.002;29.802;-33.852;19.211;-21.241;96.086;-74.630;121.718;"0001-01-01T00:00:07.752+01:00|W1|1.4|1.32|0.05|1.32|0.36;0001-01-01T00:00:07.752+01:00|W2|0.8|0.39|0.00|0.39|0.64;0001-01-01T00:00:07.752+01:00|W3|1.6|1.58|0.21|1.58|0.11;0001-01-01T00:00:07.752+01:00|W4|0.8|0.42|0.01|0.42|0.55;0001-01-01T00:00:07.752+01:00|W5|1.9|1.78|0.05|1.78|0.49;0001-01-01T00:00:07.752+01:00|W6|1.2|0.88|0.32|0.88|0.74;0001-01-01T00:00:07.752+01:00|W7|1.3|1.24|0.20|1.24|0.16;0001-01-01T00:00:07.752+01:00|W8|1.9|1.83|0.06|1.83|0.29;0001-01-01T00:00:07.752+01:00|W9|1.5|1.45|0.10|1.45|0.10;0001-01-01T00:00:07.752+01:00|W10|1.8|1.83|0.14|1.83|0.05;0001-01-01T00:00:07.752+01:00|W11|1.2|1.14|0.16|1.14|0.40;0001-01-01T00:00:07.752+01:00|W12|1.0|0.98|0.15|0.98|0.16"
180.00;4.08;0001-01-01T00:00:07.8020000+01:00;156.81;-6.90;-88.65;41.6;-0.433;-2.872;29.755;-33.647;19.168;-21.231;96.098;-74.662;121.745;"0001-01-01T00:00:07.752+01:00|W1|1.4|1.32|0.05|1.32|0.36;0001-01-01T00:00:07.752+01:00|W2|0.8|0.39|0.00|0.39|0.64;0001-01-01T00:00:07.752+01:00|W3|1.6|1.58|0.21|1.58|0.11;0001-01-01T00:00:07.752+01:00|W4|0.8|0.42|0.01|0.42|0.55;0001-01-01T00:00:07.752+01:00|W5|1.9|1.78|0.05|1.78|0.49;0001-01-01T00:00:07.752+01:00|W6|1.2|0.88|0.32|0.88|0.74;0001-01-01T00:00:07.752+01:00|W7|1.3|1.24|0.20|1.24|0.16;0001-01-01T00:00:07.752+01:00|W8|1.9|1.83|0.06|1.83|0.29;0001-01-01T00:00:07.752+01:00|W9|1.5|1.45|0.10|1.45|0.10;0001-01-01T00:00:07.752+01:00|W10|1.8|1.83|0.14|1.83|0.05;0001-01-01T00:00:07.752+01:00|W11|1.2|1.14|0.16|1.14|0.40;0001-01-01T00:00:07.752+01:00|W12|1.0|0.98|0.15|0.98|0.16"
181.00;4.02;0001-01-01T00:00:07.8310000+01:00;157.59;-6.93;-89.26;41.6;-0.350;-2.741;29.708;-33.442;19.125;-21.221;96.111;-74.694;121.772;"0001-01-01T00:00:07.752+01:00|W1|1.4|1.32|0.05|1.32|0.36;0001-01-01T00:00:07.752+01:00|W2|0.8|0.39|0.00|0.39|0.64;0001-01-01T00:00:07.752+01:00|W3|1.6|1.58|0.21|1.58|0.11;0001-01-01T00:00:07.752+01:00|W4|0.8|0.42|0.01|0.42|0.55;0001-01-01T00:00:07.752+01:00|W5|1.9|1.78|0.05|1.78|0.49;0001-01-01T00:00:07.752+01:00|W6|1.2|0.88|0.32|0.88|0.74;0001-01-01T00:00:07.752+01:00|W7|1.3|1.24|0.20|1.24|0.16;0001-01-01T00:00:07.752+01:00|W8|1.9|1.83|0.06|1.83|0.29;0001-01-01T00:00:07.752+01:00|W9|1.5|1.45|0.10|1.45|0.10;0001-01-01T00:00:07.752+01:00|W10|1.8|1.83|0.14|1.83|0.05;0001-01-01T00:00:07.752+01:00|W11|1.2|1.14|0.16|1.14|0.40;0001-01-01T00:00:07.752+01:00|W12|1.0|0.98|0.15|0.98|0.16"
182.00;3.95;0001-01-01T00:00:07.8610000+01:00;158.38;-6.96;-89.87;41.6;-0.267;-2.611;29.661;-33.236;19.081;-21.211;96.123;-74.726;121.800;"0001-01-01T00:00:07.752+01:00|W1|1.4|1.32|0.05|1.32|0.36;0001-01-01T00:00:07.752+01:00|W2|0.8|0.39|0.00|0.39|0.64;0001-01-01T00:00:07.752+01:00|W3|1.6|1.58|0.21|1.58|0.11;0001-01-01T00:00:07.752+01:00|W4|0.8|0.42|0.01|0.42|0.55;0001-01-01T00:00:07.752+01:00|W5|1.9|1.78|0.05|1.78|0.49;0001-01-01T00:00:07.752+01:00|W6|1.2|0.88|0.32|0.88|0.74;0001-01-01T00:00:07.752+01:00|W7|1.3|1.24|0.20|1.24|0.16;0001-01-01T00:00:07.752+01:00|W8|1.9|1.83|0.06|1.83|0.29;0001-01-01T00:00:07.752+01:00|W9|1.5|1.45|0.10|1.45|0.10;0001-01-01T00:00:07.752+01:00|W10|1.8|1.83|0.14|1.83|0.05;0001-01-01T00:00:07.752+01:00|W11|1.2|1.14|0.16|1.14|0.40;0001-01-01T00:00:07.752+01:00|W12|1.0|0.98|0.15|0.98|0.16"
183.00;3.89;0001-01-01T00:00:07.8900000+01:00;159.17;-6.99;-90.47;41.1;-0.184;-2.497;29.614;-32.876;19.038;-21.168;96.119;-74.647;121.749;"0001-01-01T00:00:07.997+01:00|W1|1.4|1.32|0.05|1.32|0.36;0001-01-01T00:00:07.997+01:00|W2|0.8|0.39|0.00|0.39|0.64;0001-01-01T00:00:07.997+01:00|W3|1.6|1.58|0.21|1.58|0.11;0001-01-01T00:00:07.997+01:00|W4|0.8|0.42|0.01|0.42|0.55;0001-01-01T00:00:07.997+01:00|W5|1.9|1.78|0.05|1.78|0.49;0001-01-01T00:00:07.997+01:00|W6|1.2|0.88|0.32|0.88|0.74;0001-01-01T00:00:07.997+01:00|W7|1.3|1.24|0.20|1.24|0.16;0001-01-01T00:00:07.997+01:00|W8|1.8|1.79|0.00|1.79|0.27;0001-01-01T00:00:07.997+01:00|W9|1.5|1.45|0.10|1.45|0.10;0001-01-01T00:00:07.997+01:00|W10|1.8|1.84|0.11|1.84|0.11;0001-01-01T00:00:07.997+01:00|W11|1.2|1.16|0.16|1.16|0.38;0001-01-01T00:00:07.997+01:00|W12|1.0|0.96|0.19|0.96|0.11"
184.00;3.83;0001-01-01T00:00:07.9200000+01:00;159.96;-7.00;-91.08;40.2;-0.101;-2.401;29.567;-32.368;18.994;-21.093;96.101;-74.460;121.623;"0001-01-01T00:00:07.997+01:00|W1|1.4|1.32|0.05|1.32|0.36;0001-01-01T00:00:07.997+01:00|W2|0.8|0.39|0.00|0.39|0.64;0001-01-01T00:00:07.997+01:00|W3|1.6|1.58|0.21|1.58|0.11;0001-01-01T00:00:07.997+01:00|W4|0.8|0.42|0.01|0.42|0.55;0001-01-01T00:00:07.997+01:00|W5|1.9|1.78|0.05|1.78|0.49;0001-01-01T00:00:07.997+01:00|W6|1.2|0.88|0.32|0.88|0.74;0001-01-01T00:00:07.997+01:00|W7|1.3|1.24|0.20|1.24|0.16;0001-01-01T00:00:07.997+01:00|W8|1.8|1.79|0.00|1.79|0.27;0001-01-01T00:00:07.997+01:00|W9|1.5|1.45|0.10|1.45|0.10;0001-01-01T00:00:07.997+01:00|W10|1.8|1.84|0.11|1.84|0.11;0001-01-01T00:00:07.997+01:00|W11|1.2|1.16|0.16|1.16|0.38;0001-01-01T00:00:07.997+01:00|W12|1.0|0.96|0.19|0.96|0.11"
185.00;3.77;0001-01-01T00:00:07.9490000+01:00;160.75;-7.03;-91.69;40.1;-0.285;-2.426;29.078;-32.393;19.059;-21.131;95.967;-74.214;121.370;"0001-01-01T00:00:07.997+01:00|W1|1.4|1.32|0.05|1.32|0.36;0001-01-01T00:00:07.997+01:00|W2|0.8|0.39|0.00|0.39|0.64;0001-01-01T00:00:07.997+01:00|W3|1.6|1.58|0.21|1.58|0.11;0001-01-01T00:00:07.997+01:00|W4|0.8|0.42|0.01|0.42|0.55;0001-01-01T00:00:07.997+01:00|W5|1.9|1.78|0.05|1.78|0.49;0001-01-01T00:00:07.997+01:00|W6|1.2|0.88|0.32|0.88|0.74;0001-01-01T00:00:07.997+01:00|W7|1.3|1.24|0.20|1.24|0.16;0001-01-01T00:00:07.997+01:00|W8|1.8|1.79|0.00|1.79|0.27;0001-01-01T00:00:07.997+01:00|W9|1.5|1.45|0.10|1.45|0.10;0001-01-01T00:00:07.997+01:00|W10|1.8|1.84|0.11|1.84|0.11;0001-01-01T00:00:07.997+01:00|W11|1.2|1.16|0.16|1.16|0.38;0001-01-01T00:00:07.997+01:00|W12|1.0|0.96|0.19|0.96|0.11"
186.00;3.70;0001-01-01T00:00:07.9790000+01:00;161.53;-7.06;-92.30;40.2;-0.527;-2.517;28.496;-32.520;19.146;-21.207;95.852;-74.019;121.160;"0001-01-01T00:00:07.997+01:00|W1|1.4|1.32|0.05|1.32|0.36;0001-01-01T00:00:07.997+01:00|W2|0.8|0.39|0.00|0.39|0.64;0001-01-01T00:00:07.997+01:00|W3|1.6|1.58|0.21|1.58|0.11;0001-01-01T00:00:07.997+01:00|W4|0.8|0.42|0.01|0.42|0.55;0001-01-01T00:00:07.997+01:00|W5|1.9|1.78|0.05|1.78|0.49;0001-01-01T00:00:07.997+01:00|W6|1.2|0.88|0.32|0.88|0.74;0001-01-01T00:00:07.997+01:00|W7|1.3|1.24|0.20|1.24|0.16;0001-01-01T00:00:07.997+01:00|W8|1.8|1.79|0.00|1.79|0.27;0001-01-01T00:00:07.997+01:00|W9|1.5|1.45|0.10|1.45|0.10;0001-01-01T00:00:07.997+01:00|W10|1.8|1.84|0.11|1.84|0.11;0001-01-01T00:00:07.997+01:00|W11|1.2|1.16|0.16|1.16|0.38;0001-01-01T00:00:07.997+01:00|W12|1.0|0.96|0.19|0.96|0.11"
187.00;3.63;0001-01-01T00:00:08.0090000+01:00;162.32;-7.08;-92.90;40.4;-0.770;-2.861;27.913;-32.580;19.234;-21.375;96.011;-74.247;121.418;"0001-01-01T00:00:07.997+01:00|W1|1.4|1.32|0.05|1.32|0.36;0001-01-01T00:00:07.997+01:00|W2|0.8|0.39|0.00|0.39|0.64;0001-01-01T00:00:07.997+01:00|W3|1.6|1.58|0.21|1.58|0.11;0001-01-01T00:00:07.997+01:00|W4|0.8|0.42|0.01|0.42|0.55;0001-01-01T00:00:07.997+01:00|W5|1.9|1.78|0.05|1.78|0.49;0001-01-01T00:00:07.997+01:00|W6|1.2|0.88|0.32|0.88|0.74;0001-01-01T00:00:07.997+01:00|W7|1.3|1.24|0.20|1.24|0.16;0001-01-01T00:00:07.997+01:00|W8|1.8|1.79|0.00|1.79|0.27;0001-01-01T00:00:07.997+01:00|W9|1.5|1.45|0.10|1.45|0.10;0001-01-01T00:00:07.997+01:00|W10|1.8|1.84|0.11|1.84|0.11;0001-01-01T00:00:07.997+01:00|W11|1.2|1.16|0.16|1.16|0.38;0001-01-01T00:00:07.997+01:00|W12|1.0|0.96|0.19|0.96|0.11"
188.00;3.55;0001-01-01T00:00:08.0380000+01:00;163.11;-7.11;-93.51;40.6;-0.977;-3.205;27.402;-32.640;19.322;-21.543;96.035;-74.228;121.423;"0001-01-01T00:00:07.997+01:00|W1|1.4|1.32|0.05|1.32|0.36;0001-01-01T00:00:07.997+01:00|W2|0.8|0.39|0.00|0.39|0.64;0001-01-01T00:00:07.997+01:00|W3|1.6|1.58|0.21|1.58|0.11;0001-01-01T00:00:07.997+01:00|W4|0.8|0.42|0.01|0.42|0.55;0001-01-01T00:00:07.997+01:00|W5|1.9|1.78|0.05|1.78|0.49;0001-01-01T00:00:07.997+01:00|W6|1.2|0.88|0.32|0.88|0.74;0001-01-01T00:00:07.997+01:00|W7|1.3|1.24|0.20|1.24|0.16;0001-01-01T00:00:07.997+01:00|W8|1.8|1.79|0.00|1.79|0.27;0001-01-01T00:00:07.997+01:00|W9|1.5|1.45|0.10|1.45|0.10;0001-01-01T00:00:07.997+01:00|W10|1.8|1.84|0.11|1.84|0.11;0001-01-01T00:00:07.997+01:00|W11|1.2|1.16|0.16|1.16|0.38;0001-01-01T00:00:07.997+01:00|W12|1.0|0.96|0.19|0.96|0.11"
189.00;3.48;0001-01-01T00:00:08.0680000+01:00;163.90;-7.14;-94.12;41.1;-1.139;-3.549;26.982;-32.699;19.411;-21.711;95.888;-73.899;121.111;"0001-01-01T00:00:07.997+01:00|W1|1.4|1.32|0.05|1.32|0.36;0001-01-01T00:00:07.997+01:00|W2|0.8|0.39|0.00|0.39|0.64;0001-01-01T00:00:07.997+01:00|W3|1.6|1.58|0.21|1.58|0.11;0001-01-01T00:00:07.997+01:00|W4|0.8|0.42|0.01|0.42|0.55;0001-01-01T00:00:07.997+01:00|W5|1.9|1.78|0.05|1.78|0.49;0001-01-01T00:00:07.997+01:00|W6|1.2|0.88|0.32|0.88|0.74;0001-01-01T00:00:07.997+01:00|W7|1.3|1.24|0.20|1.24|0.16;0001-01-01T00:00:07.997+01:00|W8|1.8|1.79|0.00|1.79|0.27;0001-01-01T00:00:07.997+01:00|W9|1.5|1.45|0.10|1.45|0.10;0001-01-01T00:00:07.997+01:00|W10|1.8|1.84|0.11|1.84|0.11;0001-01-01T00:00:07.997+01:00|W11|1.2|1.16|0.16|1.16|0.38;0001-01-01T00:00:07.997+01:00|W12|1.0|0.96|0.19|0.96|0.11"
190.00;3.40;0001-01-01T00:00:08.0970000+01:00;164.69;-7.17;-94.73;41.3;-1.231;-4.086;27.002;-32.086;19.484;-21.865;95.885;-74.036;121.194;"0001-01-01T00:00:07.997+01:00|W1|1.4|1.32|0.05|1.32|0.36;0001-01-01T00:00:07.997+01:00|W2|0.8|0.39|0.00|0.39|0.64;0001-01-01T00:00:07.997+01:00|W3|1.6|1.58|0.21|1.58|0.11;0001-01-01T00:00:07.997+01:00|W4|0.8|0.42|0.01|0.42|0.55;0001-01-01T00:00:07.997+01:00|W5|1.9|1.78|0.05|1.78|0.49;0001-01-01T00:00:07.997+01:00|W6|1.2|0.88|0.32|0.88|0.74;0001-01-01T00:00:07.997+01:00|W7|1.3|1.24|0.20|1.24|0.16;0001-01-01T00:00:07.997+01:00|W8|1.8|1.79|0.00|1.79|0.27;0001-01-01T00:00:07.997+01:00|W9|1.5|1.45|0.10|1.45|0.10;0001-01-01T00:00:07.997+01:00|W10|1.8|1.84|0.11|1.84|0.11;0001-01-01T00:00:07.997+01:00|W11|1.2|1.16|0.16|1.16|0.38;0001-01-01T00:00:07.997+01:00|W12|1.0|0.96|0.19|0.96|0.11"
191.00;3.32;0001-01-01T00:00:08.1270000+01:00;165.47;-7.20;-95.34;41.5;-1.290;-4.676;27.128;-31.303;19.538;-22.008;95.924;-74.294;121.382;"0001-01-01T00:00:08.252+01:00|W1|1.3|1.24|0.15|1.24|0.25;0001-01-01T00:00:08.252+01:00|W2|0.7|0.38|0.05|0.38|0.58;0001-01-01T00:00:08.252+01:00|W3|1.7|1.70|0.30|1.70|0.06;0001-01-01T00:00:08.252+01:00|W4|0.8|0.40|0.00|0.40|0.57;0001-01-01T00:00:08.252+01:00|W5|1.7|1.58|0.13|1.58|0.39;0001-01-01T00:00:08.252+01:00|W6|1.1|0.87|0.38|0.87|0.64;0001-01-01T00:00:08.252+01:00|W7|1.2|1.24|0.19|1.24|0.11;0001-01-01T00:00:08.252+01:00|W8|1.8|1.77|0.04|1.77|0.30;0001-01-01T00:00:08.252+01:00|W9|1.5|1.45|0.11|1.45|0.09;0001-01-01T00:00:08.252+01:00|W10|1.8|1.84|0.11|1.84|0.11;0001-01-01T00:00:08.252+01:00|W11|1.3|1.22|0.17|1.22|0.27;0001-01-01T00:00:08.252+01:00|W12|1.0|0.97|0.18|0.97|0.03"
192.00;3.23;0001-01-01T00:00:08.1560000+01:00;166.26;-7.23;-95.95;41.4;-1.193;-5.119;26.695;-31.257;19.394;-22.053;95.883;-74.114;121.238;"0001-01-01T00:00:08.252+01:00|W1|1.3|1.24|0.15|1.24|0.25;0001-01-01T00:00:08.252+01:00|W2|0.7|0.38|0.05|0.38|0.58;0001-01-01T00:00:08.252+01:00|W3|1.7|1.70|0.30|1.70|0.06;0001-01-01T00:00:08.252+01:00|W4|0.8|0.40|0.00|0.40|0.57;0001-01-01T00:00:08.252+01:00|W5|1.7|1.58|0.13|1.58|0.39;0001-01-01T00:00:08.252+01:00|W6|1.1|0.87|0.38|0.87|0.64;0001-01-01T00:00:08.252+01:00|W7|1.2|1.24|0.19|1.24|0.11;0001-01-01T00:00:08.252+01:00|W8|1.8|1.77|0.04|1.77|0.30;0001-01-01T00:00:08.252+01:00|W9|1.5|1.45|0.11|1.45|0.09;0001-01-01T00:00:08.252+01:00|W10|1.8|1.84|0.11|1.84|0.11;0001-01-01T00:00:08.252+01:00|W11|1.3|1.22|0.17|1.22|0.27;0001-01-01T00:00:08.252+01:00|W12|1.0|0.97|0.18|0.97|0.03"
193.00;3.14;0001-01-01T00:00:08.1860000+01:00;167.05;-7.26;-96.56;41.3;-1.066;-5.547;26.597;-30.755;19.233;-22.093;95.865;-74.068;121.197;"0001-01-01T00:00:08.252+01:00|W1|1.3|1.24|0.15|1.24|0.25;0001-01-01T00:00:08.252+01:00|W2|0.7|0.38|0.05|0.38|0.58;0001-01-01T00:00:08.252+01:00|W3|1.7|1.70|0.30|1.70|0.06;0001-01-01T00:00:08.252+01:00|W4|0.8|0.40|0.00|0.40|0.57;0001-01-01T00:00:08.252+01:00|W5|1.7|1.58|0.13|1.58|0.39;0001-01-01T00:00:08.252+01:00|W6|1.1|0.87|0.38|0.87|0.64;0001-01-01T00:00:08.252+01:00|W7|1.2|1.24|0.19|1.24|0.11;0001-01-01T00:00:08.252+01:00|W8|1.8|1.77|0.04|1.77|0.30;0001-01-01T00:00:08.252+01:00|W9|1.5|1.45|0.11|1.45|0.09;0001-01-01T00:00:08.252+01:00|W10|1.8|1.84|0.11|1.84|0.11;0001-01-01T00:00:08.252+01:00|W11|1.3|1.22|0.17|1.22|0.27;0001-01-01T00:00:08.252+01:00|W12|1.0|0.97|0.18|0.97|0.03"
194.00;3.05;0001-01-01T00:00:08.2160000+01:00;167.84;-7.29;-97.17;41.1;-0.891;-5.950;27.068;-29.483;19.045;-22.125;95.888;-74.250;121.328;"0001-01-01T00:00:08.252+01:00|W1|1.3|1.24|0.15|1.24|0.25;0001-01-01T00:00:08.252+01:00|W2|0.7|0.38|0.05|0.38|0.58;0001-01-01T00:00:08.252+01:00|W3|1.7|1.70|0.30|1.70|0.06;0001-01-01T00:00:08.252+01:00|W4|0.8|0.40|0.00|0.40|0.57;0001-01-01T00:00:08.252+01:00|W5|1.7|1.58|0.13|1.58|0.39;0001-01-01T00:00:08.252+01:00|W6|1.1|0.87|0.38|0.87|0.64;0001-01-01T00:00:08.252+01:00|W7|1.2|1.24|0.19|1.24|0.11;0001-01-01T00:00:08.252+01:00|W8|1.8|1.77|0.04|1.77|0.30;0001-01-01T00:00:08.252+01:00|W9|1.5|1.45|0.11|1.45|0.09;0001-01-01T00:00:08.252+01:00|W10|1.8|1.84|0.11|1.84|0.11;0001-01-01T00:00:08.252+01:00|W11|1.3|1.22|0.17|1.22|0.27;0001-01-01T00:00:08.252+01:00|W12|1.0|0.97|0.18|0.97|0.03"
195.00;2.96;0001-01-01T00:00:08.2450000+01:00;168.62;-7.32;-97.78;41.0;-0.836;-6.165;26.361;-28.585;18.544;-22.087;95.918;-74.348;121.411;"0001-01-01T00:00:08.252+01:00|W1|1.3|1.24|0.15|1.24|0.25;0001-01-01T00:00:08.252+01:00|W2|0.7|0.38|0.05|0.38|0.58;0001-01-01T00:00:08.252+01:00|W3|1.7|1.70|0.30|1.70|0.06;0001-01-01T00:00:08.252+01:00|W4|0.8|0.40|0.00|0.40|0.57;0001-01-01T00:00:08.252+01:00|W5|1.7|1.58|0.13|1.58|0.39;0001-01-01T00:00:08.252+01:00|W6|1.1|0.87|0.38|0.87|0.64;0001-01-01T00:00:08.252+01:00|W7|1.2|1.24|0.19|1.24|0.11;0001-01-01T00:00:08.252+01:00|W8|1.8|1.77|0.04|1.77|0.30;0001-01-01T00:00:08.252+01:00|W9|1.5|1.45|0.11|1.45|0.09;0001-01-01T00:00:08.252+01:00|W10|1.8|1.84|0.11|1.84|0.11;0001-01-01T00:00:08.252+01:00|W11|1.3|1.22|0.17|1.22|0.27;0001-01-01T00:00:08.252+01:00|W12|1.0|0.97|0.18|0.97|0.03"
196.00;2.87;0001-01-01T00:00:08.2750000+01:00;169.41;-7.35;-98.39;40.9;-0.837;-6.293;25.108;-27.862;17.898;-22.018;95.952;-74.408;121.470;"0001-01-01T00:00:08.252+01:00|W1|1.3|1.24|0.15|1.24|0.25;0001-01-01T00:00:08.252+01:00|W2|0.7|0.38|0.05|0.38|0.58;0001-01-01T00:00:08.252+01:00|W3|1.7|1.70|0.30|1.70|0.06;0001-01-01T00:00:08.252+01:00|W4|0.8|0.40|0.00|0.40|0.57;0001-01-01T00:00:08.252+01:00|W5|1.7|1.58|0.13|1.58|0.39;0001-01-01T00:00:08.252+01:00|W6|1.1|0.87|0.38|0.87|0.64;0001-01-01T00:00:08.252+01:00|W7|1.2|1.24|0.19|1.24|0.11;0001-01-01T00:00:08.252+01:00|W8|1.8|1.77|0.04|1.77|0.30;0001-01-01T00:00:08.252+01:00|W9|1.5|1.45|0.11|1.45|0.09;0001-01-01T00:00:08.252+01:00|W10|1.8|1.84|0.11|1.84|0.11;0001-01-01T00:00:08.252+01:00|W11|1.3|1.22|0.17|1.22|0.27;0001-01-01T00:00:08.252+01:00|W12|1.0|0.97|0.18|0.97|0.03"
197.00;2.77;0001-01-01T00:00:08.3040000+01:00;170.20;-7.38;-99.00;40.8;-0.838;-6.168;23.850;-26.860;17.250;-21.879;95.891;-74.373;121.402;"0001-01-01T00:00:08.252+01:00|W1|1.3|1.24|0.15|1.24|0.25;0001-01-01T00:00:08.252+01:00|W2|0.7|0.38|0.05|0.38|0.58;0001-01-01T00:00:08.252+01:00|W3|1.7|1.70|0.30|1.70|0.06;0001-01-01T00:00:08.252+01:00|W4|0.8|0.40|0.00|0.40|0.57;0001-01-01T00:00:08.252+01:00|W5|1.7|1.58|0.13|1.58|0.39;0001-01-01T00:00:08.252+01:00|W6|1.1|0.87|0.38|0.87|0.64;0001-01-01T00:00:08.252+01:00|W7|1.2|1.24|0.19|1.24|0.11;0001-01-01T00:00:08.252+01:00|W8|1.8|1.77|0.04|1.77|0.30;0001-01-01T00:00:08.252+01:00|W9|1.5|1.45|0.11|1.45|0.09;0001-01-01T00:00:08.252+01:00|W10|1.8|1.84|0.11|1.84|0.11;0001-01-01T00:00:08.252+01:00|W11|1.3|1.22|0.17|1.22|0.27;0001-01-01T00:00:08.252+01:00|W12|1.0|0.97|0.18|0.97|0.03"
198.00;2.67;0001-01-01T00:00:08.3340000+01:00;170.99;-7.41;-99.61;40.7;-0.839;-6.039;22.591;-25.853;16.601;-21.739;95.829;-74.337;121.332;"0001-01-01T00:00:08.252+01:00|W1|1.3|1.24|0.15|1.24|0.25;0001-01-01T00:00:08.252+01:00|W2|0.7|0.38|0.05|0.38|0.58;0001-01-01T00:00:08.252+01:00|W3|1.7|1.70|0.30|1.70|0.06;0001-01-01T00:00:08.252+01:00|W4|0.8|0.40|0.00|0.40|0.57;0001-01-01T00:00:08.252+01:00|W5|1.7|1.58|0.13|1.58|0.39;0001-01-01T00:00:08.252+01:00|W6|1.1|0.87|0.38|0.87|0.64;0001-01-01T00:00:08.252+01:00|W7|1.2|1.24|0.19|1.24|0.11;0001-01-01T00:00:08.252+01:00|W8|1.8|1.77|0.04|1.77|0.30;0001-01-01T00:00:08.252+01:00|W9|1.5|1.45|0.11|1.45|0.09;0001-01-01T00:00:08.252+01:00|W10|1.8|1.84|0.11|1.84|0.11;0001-01-01T00:00:08.252+01:00|W11|1.3|1.22|0.17|1.22|0.27;0001-01-01T00:00:08.252+01:00|W12|1.0|0.97|0.18|0.97|0.03"
199.00;2.56;0001-01-01T00:00:08.3630000+01:00;171.78;-7.44;-100.22;40.5;-0.840;-5.910;21.332;-24.846;15.952;-21.599;95.767;-74.301;121.262;"0001-01-01T00:00:08.252+01:00|W1|1.3|1.24|0.15|1.24|0.25;0001-01-01T00:00:08.252+01:00|W2|0.7|0.38|0.05|0.38|0.58;0001-01-01T00:00:08.252+01:00|W3|1.7|1.70|0.30|1.70|0.06;0001-01-01T00:00:08.252+01:00|W4|0.8|0.40|0.00|0.40|0.57;0001-01-01T00:00:08.252+01:00|W5|1.7|1.58|0.13|1.58|0.39;0001-01-01T00:00:08.252+01:00|W6|1.1|0.87|0.38|0.87|0.64;0001-01-01T00:00:08.252+01:00|W7|1.2|1.24|0.19|1.24|0.11;0001-01-01T00:00:08.252+01:00|W8|1.8|1.77|0.04|1.77|0.30;0001-01-01T00:00:08.252+01:00|W9|1.5|1.45|0.11|1.45|0.09;0001-01-01T00:00:08.252+01:00|W10|1.8|1.84|0.11|1.84|0.11;0001-01-01T00:00:08.252+01:00|W11|1.3|1.22|0.17|1.22|0.27;0001-01-01T00:00:08.252+01:00|W12|1.0|0.97|0.18|0.97|0.03"
200.00;2.46;0001-01-01T00:00:08.3930000+01:00;172.57;-7.46;-100.84;40.4;-0.841;-5.773;20.070;-24.025;15.301;-21.516;95.699;-74.180;121.130;"0001-01-01T00:00:08.502+01:00|W1|1.2|1.20|0.19|1.20|0.15;0001-01-01T00:00:08.502+01:00|W2|0.7|0.41|0.06|0.41|0.53;0001-01-01T00:00:08.502+01:00|W3|1.8|1.81|0.37|1.81|0.11;0001-01-01T00:00:08.502+01:00|W4|0.8|0.40|0.01|0.40|0.56;0001-01-01T00:00:08.502+01:00|W5|1.5|1.41|0.24|1.41|0.45;0001-01-01T00:00:08.502+01:00|W6|0.9|0.75|0.48|0.75|0.50;0001-01-01T00:00:08.502+01:00|W7|1.2|1.21|0.14|1.21|0.00;0001-01-01T00:00:08.502+01:00|W8|1.8|1.77|0.05|1.77|0.31;0001-01-01T00:00:08.502+01:00|W9|1.5|1.45|0.13|1.45|0.11;0001-01-01T00:00:08.502+01:00|W10|1.7|1.72|0.17|1.72|0.26;0001-01-01T00:00:08.502+01:00|W11|1.2|1.20|0.11|1.20|0.19;0001-01-01T00:00:08.502+01:00|W12|1.0|0.99|0.15|0.99|0.03"
201.00;2.34;0001-01-01T00:00:08.4230000+01:00;173.35;-7.49;-101.45;40.4;-0.842;-5.630;18.805;-23.327;14.649;-21.471;95.626;-74.005;120.958;"0001-01-01T00:00:08.502+01:00|W1|1.2|1.20|0.19|1.20|0.15;0001-01-01T00:00:08.502+01:00|W2|0.7|0.41|0.06|0.41|0.53;0001-01-01T00:00:08.502+01:00|W3|1.8|1.81|0.37|1.81|0.11;0001-01-01T00:00:08.502+01:00|W4|0.8|0.40|0.01|0.40|0.56;0001-01-01T00:00:08.502+01:00|W5|1.5|1.41|0.24|1.41|0.45;0001-01-01T00:00:08.502+01:00|W6|0.9|0.75|0.48|0.75|0.50;0001-01-01T00:00:08.502+01:00|W7|1.2|1.21|0.14|1.21|0.00;0001-01-01T00:00:08.502+01:00|W8|1.8|1.77|0.05|1.77|0.31;0001-01-01T00:00:08.502+01:00|W9|1.5|1.45|0.13|1.45|0.11;0001-01-01T00:00:08.502+01:00|W10|1.7|1.72|0.17|1.72|0.26;0001-01-01T00:00:08.502+01:00|W11|1.2|1.20|0.11|1.20|0.19;0001-01-01T00:00:08.502+01:00|W12|1.0|0.99|0.15|0.99|0.03"
202.00;2.23;0001-01-01T00:00:08.4520000+01:00;174.14;-7.51;-102.06;40.4;-0.843;-5.694;17.539;-21.942;13.997;-21.483;95.523;-73.968;120.853;"0001-01-01T00:00:08.502+01:00|W1|1.2|1.20|0.19|1.20|0.15;0001-01-01T00:00:08.502+01:00|W2|0.7|0.41|0.06|0.41|0.53;0001-01-01T00:00:08.502+01:00|W3|1.8|1.81|0.37|1.81|0.11;0001-01-01T00:00:08.502+01:00|W4|0.8|0.40|0.01|0.40|0.56;0001-01-01T00:00:08.502+01:00|W5|1.5|1.41|0.24|1.41|0.45;0001-01-01T00:00:08.502+01:00|W6|0.9|0.75|0.48|0.75|0.50;0001-01-01T00:00:08.502+01:00|W7|1.2|1.21|0.14|1.21|0.00;0001-01-01T00:00:08.502+01:00|W8|1.8|1.77|0.05|1.77|0.31;0001-01-01T00:00:08.502+01:00|W9|1.5|1.45|0.13|1.45|0.11;0001-01-01T00:00:08.502+01:00|W10|1.7|1.72|0.17|1.72|0.26;0001-01-01T00:00:08.502+01:00|W11|1.2|1.20|0.11|1.20|0.19;0001-01-01T00:00:08.502+01:00|W12|1.0|0.99|0.15|0.99|0.03"
203.00;2.11;0001-01-01T00:00:08.4820000+01:00;174.93;-7.54;-102.68;40.4;-0.844;-5.775;16.272;-20.499;13.344;-21.499;95.418;-73.942;120.753;"0001-01-01T00:00:08.502+01:00|W1|1.2|1.20|0.19|1.20|0.15;0001-01-01T00:00:08.502+01:00|W2|0.7|0.41|0.06|0.41|0.53;0001-01-01T00:00:08.502+01:00|W3|1.8|1.81|0.37|1.81|0.11;0001-01-01T00:00:08.502+01:00|W4|0.8|0.40|0.01|0.40|0.56;0001-01-01T00:00:08.502+01:00|W5|1.5|1.41|0.24|1.41|0.45;0001-01-01T00:00:08.502+01:00|W6|0.9|0.75|0.48|0.75|0.50;0001-01-01T00:00:08.502+01:00|W7|1.2|1.21|0.14|1.21|0.00;0001-01-01T00:00:08.502+01:00|W8|1.8|1.77|0.05|1.77|0.31;0001-01-01T00:00:08.502+01:00|W9|1.5|1.45|0.13|1.45|0.11;0001-01-01T00:00:08.502+01:00|W10|1.7|1.72|0.17|1.72|0.26;0001-01-01T00:00:08.502+01:00|W11|1.2|1.20|0.11|1.20|0.19;0001-01-01T00:00:08.502+01:00|W12|1.0|0.99|0.15|0.99|0.03"
204.00;2.00;0001-01-01T00:00:08.5120000+01:00;175.72;-7.56;-103.29;40.4;-0.845;-5.856;15.005;-19.055;12.691;-21.516;95.313;-73.917;120.653;"0001-01-01T00:00:08.502+01:00|W1|1.2|1.20|0.19|1.20|0.15;0001-01-01T00:00:08.502+01:00|W2|0.7|0.41|0.06|0.41|0.53;0001-01-01T00:00:08.502+01:00|W3|1.8|1.81|0.37|1.81|0.11;0001-01-01T00:00:08.502+01:00|W4|0.8|0.40|0.01|0.40|0.56;0001-01-01T00:00:08.502+01:00|W5|1.5|1.41|0.24|1.41|0.45;0001-01-01T00:00:08.502+01:00|W6|0.9|0.75|0.48|0.75|0.50;0001-01-01T00:00:08.502+01:00|W7|1.2|1.21|0.14|1.21|0.00;0001-01-01T00:00:08.502+01:00|W8|1.8|1.77|0.05|1.77|0.31;0001-01-01T00:00:08.502+01:00|W9|1.5|1.45|0.13|1.45|0.11;0001-01-01T00:00:08.502+01:00|W10|1.7|1.72|0.17|1.72|0.26;0001-01-01T00:00:08.502+01:00|W11|1.2|1.20|0.11|1.20|0.19;0001-01-01T00:00:08.502+01:00|W12|1.0|0.99|0.15|0.99|0.03"
205.00;1.88;0001-01-01T00:00:08.5420000+01:00;176.51;-7.59;-103.90;40.4;-0.846;-6.203;13.737;-17.881;12.037;-21.536;95.237;-73.879;120.572;"0001-01-01T00:00:08.502+01:00|W1|1.2|1.20|0.19|1.20|0.15;0001-01-01T00:00:08.502+01:00|W2|0.7|0.41|0.06|0.41|0.53;0001-01-01T00:00:08.502+01:00|W3|1.8|1.81|0.37|1.81|0.11;0001-01-01T00:00:08.502+01:00|W4|0.8|0.40|0.01|0.40|0.56;0001-01-01T00:00:08.502+01:00|W5|1.5|1.41|0.24|1.41|0.45;0001-01-01T00:00:08.502+01:00|W6|0.9|0.75|0.48|0.75|0.50;0001-01-01T00:00:08.502+01:00|W7|1.2|1.21|0.14|1.21|0.00;0001-01-01T00:00:08.502+01:00|W8|1.8|1.77|0.05|1.77|0.31;0001-01-01T00:00:08.502+01:00|W9|1.5|1.45|0.13|1.45|0.11;0001-01-01T00:00:08.502+01:00|W10|1.7|1.72|0.17|1.72|0.26;0001-01-01T00:00:08.502+01:00|W11|1.2|1.20|0.11|1.20|0.19;0001-01-01T00:00:08.502+01:00|W12|1.0|0.99|0.15|0.99|0.03"
206.00;1.76;0001-01-01T00:00:08.5720000+01:00;177.31;-7.62;-104.52;40.5;-0.847;-6.756;12.469;-16.916;11.384;-21.560;95.186;-73.832;120.508;"0001-01-01T00:00:08.502+01:00|W1|1.2|1.20|0.19|1.20|0.15;0001-01-01T00:00:08.502+01:00|W2|0.7|0.41|0.06|0.41|0.53;0001-01-01T00:00:08.502+01:00|W3|1.8|1.81|0.37|1.81|0.11;0001-01-01T00:00:08.502+01:00|W4|0.8|0.40|0.01|0.40|0.56;0001-01-01T00:00:08.502+01:00|W5|1.5|1.41|0.24|1.41|0.45;0001-01-01T00:00:08.502+01:00|W6|0.9|0.75|0.48|0.75|0.50;0001-01-01T00:00:08.502+01:00|W7|1.2|1.21|0.14|1.21|0.00;0001-01-01T00:00:08.502+01:00|W8|1.8|1.77|0.05|1.77|0.31;0001-01-01T00:00:08.502+01:00|W9|1.5|1.45|0.13|1.45|0.11;0001-01-01T00:00:08.502+01:00|W10|1.7|1.72|0.17|1.72|0.26;0001-01-01T00:00:08.502+01:00|W11|1.2|1.20|0.11|1.20|0.19;0001-01-01T00:00:08.502+01:00|W12|1.0|0.99|0.15|0.99|0.03"
207.00;1.63;0001-01-01T00:00:08.6020000+01:00;178.10;-7.65;-105.13;40.2;-0.848;-7.613;11.193;-15.595;10.726;-21.358;95.153;-73.794;120.457;"0001-01-01T00:00:08.502+01:00|W1|1.2|1.20|0.19|1.20|0.15;0001-01-01T00:00:08.502+01:00|W2|0.7|0.41|0.06|0.41|0.53;0001-01-01T00:00:08.502+01:00|W3|1.8|1.81|0.37|1.81|0.11;0001-01-01T00:00:08.502+01:00|W4|0.8|0.40|0.01|0.40|0.56;0001-01-01T00:00:08.502+01:00|W5|1.5|1.41|0.24|1.41|0.45;0001-01-01T00:00:08.502+01:00|W6|0.9|0.75|0.48|0.75|0.50;0001-01-01T00:00:08.502+01:00|W7|1.2|1.21|0.14|1.21|0.00;0001-01-01T00:00:08.502+01:00|W8|1.8|1.77|0.05|1.77|0.31;0001-01-01T00:00:08.502+01:00|W9|1.5|1.45|0.13|1.45|0.11;0001-01-01T00:00:08.502+01:00|W10|1.7|1.72|0.17|1.72|0.26;0001-01-01T00:00:08.502+01:00|W11|1.2|1.20|0.11|1.20|0.19;0001-01-01T00:00:08.502+01:00|W12|1.0|0.99|0.15|0.99|0.03"
208.00;1.50;0001-01-01T00:00:08.6320000+01:00;178.89;-7.67;-105.75;40.0;-0.849;-8.510;9.916;-14.228;10.068;-21.127;95.122;-73.757;120.409;"0001-01-01T00:00:08.749+01:00|W1|1.2|1.20|0.17|1.20|0.09;0001-01-01T00:00:08.749+01:00|W2|0.7|0.41|0.06|0.41|0.53;0001-01-01T00:00:08.749+01:00|W3|1.9|1.89|0.41|1.89|0.15;0001-01-01T00:00:08.749+01:00|W4|0.8|0.40|0.00|0.40|0.56;0001-01-01T00:00:08.749+01:00|W5|1.5|1.41|0.21|1.41|0.60;0001-01-01T00:00:08.749+01:00|W6|0.9|0.76|0.41|0.76|0.53;0001-01-01T00:00:08.749+01:00|W7|1.2|1.21|0.13|1.21|0.04;0001-01-01T00:00:08.749+01:00|W8|1.6|1.57|0.21|1.57|0.31;0001-01-01T00:00:08.749+01:00|W9|1.5|1.47|0.11|1.47|0.02;0001-01-01T00:00:08.749+01:00|W10|1.7|1.68|0.19|1.68|0.29;0001-01-01T00:00:08.749+01:00|W11|1.2|1.19|0.10|1.19|0.20;0001-01-01T00:00:08.749+01:00|W12|1.0|1.04|0.08|1.04|0.03"
209.00;1.38;0001-01-01T00:00:08.6620000+01:00;179.68;-7.70;-106.37;39.7;-0.850;-9.408;8.639;-12.860;9.410;-20.896;95.092;-73.721;120.360;"0001-01-01T00:00:08.749+01:00|W1|1.2|1.20|0.17|1.20|0.09;0001-01-01T00:00:08.749+01:00|W2|0.7|0.41|0.06|0.41|0.53;0001-01-01T00:00:08.749+01:00|W3|1.9|1.89|0.41|1.89|0.15;0001-01-01T00:00:08.749+01:00|W4|0.8|0.40|0.00|0.40|0.56;0001-01-01T00:00:08.749+01:00|W5|1.5|1.41|0.21|1.41|0.60;0001-01-01T00:00:08.749+01:00|W6|0.9|0.76|0.41|0.76|0.53;0001-01-01T00:00:08.749+01:00|W7|1.2|1.21|0.13|1.21|0.04;0001-01-01T00:00:08.749+01:00|W8|1.6|1.57|0.21|1.57|0.31;0001-01-01T00:00:08.749+01:00|W9|1.5|1.47|0.11|1.47|0.02;0001-01-01T00:00:08.749+01:00|W10|1.7|1.68|0.19|1.68|0.29;0001-01-01T00:00:08.749+01:00|W11|1.2|1.19|0.10|1.19|0.20;0001-01-01T00:00:08.749+01:00|W12|1.0|1.04|0.08|1.04|0.03"
210.00;1.26;0001-01-01T00:00:08.6920000+01:00;180.48;-7.72;-106.98;39.2;-0.851;-10.346;7.359;-11.673;8.750;-20.408;95.145;-73.678;120.373;"0001-01-01T00:00:08.749+01:00|W1|1.2|1.20|0.17|1.20|0.09;0001-01-01T00:00:08.749+01:00|W2|0.7|0.41|0.06|0.41|0.53;0001-01-01T00:00:08.749+01:00|W3|1.9|1.89|0.41|1.89|0.15;0001-01-01T00:00:08.749+01:00|W4|0.8|0.40|0.00|0.40|0.56;0001-01-01T00:00:08.749+01:00|W5|1.5|1.41|0.21|1.41|0.60;0001-01-01T00:00:08.749+01:00|W6|0.9|0.76|0.41|0.76|0.53;0001-01-01T00:00:08.749+01:00|W7|1.2|1.21|0.13|1.21|0.04;0001-01-01T00:00:08.749+01:00|W8|1.6|1.57|0.21|1.57|0.31;0001-01-01T00:00:08.749+01:00|W9|1.5|1.47|0.11|1.47|0.02;0001-01-01T00:00:08.749+01:00|W10|1.7|1.68|0.19|1.68|0.29;0001-01-01T00:00:08.749+01:00|W11|1.2|1.19|0.10|1.19|0.20;0001-01-01T00:00:08.749+01:00|W12|1.0|1.04|0.08|1.04|0.03"
211.00;1.16;0001-01-01T00:00:08.7220000+01:00;181.29;-7.75;-107.58;38.5;-0.852;-11.317;6.076;-10.632;8.089;-19.712;95.266;-73.630;120.435;"0001-01-01T00:00:08.749+01:00|W1|1.2|1.20|0.17|1.20|0.09;0001-01-01T00:00:08.749+01:00|W2|0.7|0.41|0.06|0.41|0.53;0001-01-01T00:00:08.749+01:00|W3|1.9|1.89|0.41|1.89|0.15;0001-01-01T00:00:08.749+01:00|W4|0.8|0.40|0.00|0.40|0.56;0001-01-01T00:00:08.749+01:00|W5|1.5|1.41|0.21|1.41|0.60;0001-01-01T00:00:08.749+01:00|W6|0.9|0.76|0.41|0.76|0.53;0001-01-01T00:00:08.749+01:00|W7|1.2|1.21|0.13|1.21|0.04;0001-01-01T00:00:08.749+01:00|W8|1.6|1.57|0.21|1.57|0.31;0001-01-01T00:00:08.749+01:00|W9|1.5|1.47|0.11|1.47|0.02;0001-01-01T00:00:08.749+01:00|W10|1.7|1.68|0.19|1.68|0.29;0001-01-01T00:00:08.749+01:00|W11|1.2|1.19|0.10|1.19|0.20;0001-01-01T00:00:08.749+01:00|W12|1.0|1.04|0.08|1.04|0.03"
212.00;1.03;0001-01-01T00:00:08.7520000+01:00;182.08;-7.77;-108.20;37.2;-0.853;-12.363;4.799;-7.312;7.431;-18.428;95.368;-73.679;120.542;"0001-01-01T00:00:08.749+01:00|W1|1.2|1.20|0.17|1.20|0.09;0001-01-01T00:00:08.749+01:00|W2|0.7|0.41|0.06|0.41|0.53;0001-01-01T00:00:08.749+01:00|W3|1.9|1.89|0.41|1.89|0.15;0001-01-01T00:00:08.749+01:00|W4|0.8|0.40|0.00|0.40|0.56;0001-01-01T00:00:08.749+01:00|W5|1.5|1.41|0.21|1.41|0.60;0001-01-01T00:00:08.749+01:00|W6|0.9|0.76|0.41|0.76|0.53;0001-01-01T00:00:08.749+01:00|W7|1.2|1.21|0.13|1.21|0.04;0001-01-01T00:00:08.749+01:00|W8|1.6|1.57|0.21|1.57|0.31;0001-01-01T00:00:08.749+01:00|W9|1.5|1.47|0.11|1.47|0.02;0001-01-01T00:00:08.749+01:00|W10|1.7|1.68|0.19|1.68|0.29;0001-01-01T00:00:08.749+01:00|W11|1.2|1.19|0.10|1.19|0.20;0001-01-01T00:00:08.749+01:00|W12|1.0|1.04|0.08|1.04|0.03"
213.00;0.91;0001-01-01T00:00:08.7810000+01:00;182.88;-7.82;-108.81;34.4;-0.854;-13.454;3.538;-4.929;6.780;-17.065;95.904;-73.778;121.034;"0001-01-01T00:00:08.749+01:00|W1|1.2|1.20|0.17|1.20|0.09;0001-01-01T00:00:08.749+01:00|W2|0.7|0.41|0.06|0.41|0.53;0001-01-01T00:00:08.749+01:00|W3|1.9|1.89|0.41|1.89|0.15;0001-01-01T00:00:08.749+01:00|W4|0.8|0.40|0.00|0.40|0.56;0001-01-01T00:00:08.749+01:00|W5|1.5|1.41|0.21|1.41|0.60;0001-01-01T00:00:08.749+01:00|W6|0.9|0.76|0.41|0.76|0.53;0001-01-01T00:00:08.749+01:00|W7|1.2|1.21|0.13|1.21|0.04;0001-01-01T00:00:08.749+01:00|W8|1.6|1.57|0.21|1.57|0.31;0001-01-01T00:00:08.749+01:00|W9|1.5|1.47|0.11|1.47|0.02;0001-01-01T00:00:08.749+01:00|W10|1.7|1.68|0.19|1.68|0.29;0001-01-01T00:00:08.749+01:00|W11|1.2|1.19|0.10|1.19|0.20;0001-01-01T00:00:08.749+01:00|W12|1.0|1.04|0.08|1.04|0.03"
214.00;0.81;0001-01-01T00:00:08.8100000+01:00;183.68;-7.97;-109.41;27.0;-0.855;-14.670;2.325;-6.684;6.155;-15.672;97.936;-74.007;122.843;"0001-01-01T00:00:08.749+01:00|W1|1.2|1.20|0.17|1.20|0.09;0001-01-01T00:00:08.749+01:00|W2|0.7|0.41|0.06|0.41|0.53;0001-01-01T00:00:08.749+01:00|W3|1.9|1.89|0.41|1.89|0.15;0001-01-01T00:00:08.749+01:00|W4|0.8|0.40|0.00|0.40|0.56;0001-01-01T00:00:08.749+01:00|W5|1.5|1.41|0.21|1.41|0.60;0001-01-01T00:00:08.749+01:00|W6|0.9|0.76|0.41|0.76|0.53;0001-01-01T00:00:08.749+01:00|W7|1.2|1.21|0.13|1.21|0.04;0001-01-01T00:00:08.749+01:00|W8|1.6|1.57|0.21|1.57|0.31;0001-01-01T00:00:08.749+01:00|W9|1.5|1.47|0.11|1.47|0.02;0001-01-01T00:00:08.749+01:00|W10|1.7|1.68|0.19|1.68|0.29;0001-01-01T00:00:08.749+01:00|W11|1.2|1.19|0.10|1.19|0.20;0001-01-01T00:00:08.749+01:00|W12|1.0|1.04|0.08|1.04|0.03"
215.00;0.68;0001-01-01T00:00:08.8390000+01:00;184.48;-8.04;-110.02;22.0;-1.389;-15.927;1.639;-8.499;5.703;-14.233;98.447;-74.565;123.626;"0001-01-01T00:00:08.749+01:00|W1|1.2|1.20|0.17|1.20|0.09;0001-01-01T00:00:08.749+01:00|W2|0.7|0.41|0.06|0.41|0.53;0001-01-01T00:00:08.749+01:00|W3|1.9|1.89|0.41|1.89|0.15;0001-01-01T00:00:08.749+01:00|W4|0.8|0.40|0.00|0.40|0.56;0001-01-01T00:00:08.749+01:00|W5|1.5|1.41|0.21|1.41|0.60;0001-01-01T00:00:08.749+01:00|W6|0.9|0.76|0.41|0.76|0.53;0001-01-01T00:00:08.749+01:00|W7|1.2|1.21|0.13|1.21|0.04;0001-01-01T00:00:08.749+01:00|W8|1.6|1.57|0.21|1.57|0.31;0001-01-01T00:00:08.749+01:00|W9|1.5|1.47|0.11|1.47|0.02;0001-01-01T00:00:08.749+01:00|W10|1.7|1.68|0.19|1.68|0.29;0001-01-01T00:00:08.749+01:00|W11|1.2|1.19|0.10|1.19|0.20;0001-01-01T00:00:08.749+01:00|W12|1.0|1.04|0.08|1.04|0.03"
216.00;0.54;0001-01-01T00:00:08.8700000+01:00;185.26;-8.01;-110.65;19.7;-2.520;-17.230;1.544;-10.381;5.445;-12.740;97.256;-75.492;123.246;"0001-01-01T00:00:08.749+01:00|W1|1.2|1.20|0.17|1.20|0.09;0001-01-01T00:00:08.749+01:00|W2|0.7|0.41|0.06|0.41|0.53;0001-01-01T00:00:08.749+01:00|W3|1.9|1.89|0.41|1.89|0.15;0001-01-01T00:00:08.749+01:00|W4|0.8|0.40|0.00|0.40|0.56;0001-01-01T00:00:08.749+01:00|W5|1.5|1.41|0.21|1.41|0.60;0001-01-01T00:00:08.749+01:00|W6|0.9|0.76|0.41|0.76|0.53;0001-01-01T00:00:08.749+01:00|W7|1.2|1.21|0.13|1.21|0.04;0001-01-01T00:00:08.749+01:00|W8|1.6|1.57|0.21|1.57|0.31;0001-01-01T00:00:08.749+01:00|W9|1.5|1.47|0.11|1.47|0.02;0001-01-01T00:00:08.749+01:00|W10|1.7|1.68|0.19|1.68|0.29;0001-01-01T00:00:08.749+01:00|W11|1.2|1.19|0.10|1.19|0.20;0001-01-01T00:00:08.749+01:00|W12|1.0|1.04|0.08|1.04|0.03"
217.00;0.39;0001-01-01T00:00:08.9010000+01:00;186.05;-7.98;-111.28;17.4;-3.651;-18.534;1.448;-12.264;5.187;-11.246;96.065;-76.419;122.883;"0001-01-01T00:00:09.002+01:00|W1|1.2|1.23|0.13|1.23|0.15;0001-01-01T00:00:09.002+01:00|W2|0.7|0.41|0.06|0.41|0.53;0001-01-01T00:00:09.002+01:00|W3|2.0|1.94|0.42|1.94|0.15;0001-01-01T00:00:09.002+01:00|W4|0.8|0.41|0.01|0.41|0.56;0001-01-01T00:00:09.002+01:00|W5|1.5|1.40|0.23|1.40|0.55;0001-01-01T00:00:09.002+01:00|W6|0.9|0.76|0.41|0.76|0.53;0001-01-01T00:00:09.002+01:00|W7|1.2|1.23|0.13|1.23|0.06;0001-01-01T00:00:09.002+01:00|W8|1.6|1.46|0.24|1.46|0.32;0001-01-01T00:00:09.002+01:00|W9|1.6|1.55|0.03|1.55|0.07;0001-01-01T00:00:09.002+01:00|W10|1.7|1.64|0.20|1.64|0.31;0001-01-01T00:00:09.002+01:00|W11|1.2|1.19|0.09|1.19|0.27;0001-01-01T00:00:09.002+01:00|W12|1.2|1.15|0.03|1.15|0.03"
218.00;0.24;0001-01-01T00:00:08.9310000+01:00;186.84;-7.97;-111.90;15.3;-4.780;-20.649;1.353;-12.965;4.929;-9.743;95.249;-75.857;121.890;"0001-01-01T00:00:09.002+01:00|W1|1.2|1.23|0.13|1.23|0.15;0001-01-01T00:00:09.002+01:00|W2|0.7|0.41|0.06|0.41|0.53;0001-01-01T00:00:09.002+01:00|W3|2.0|1.94|0.42|1.94|0.15;0001-01-01T00:00:09.002+01:00|W4|0.8|0.41|0.01|0.41|0.56;0001-01-01T00:00:09.002+01:00|W5|1.5|1.40|0.23|1.40|0.55;0001-01-01T00:00:09.002+01:00|W6|0.9|0.76|0.41|0.76|0.53;0001-01-01T00:00:09.002+01:00|W7|1.2|1.23|0.13|1.23|0.06;0001-01-01T00:00:09.002+01:00|W8|1.6|1.46|0.24|1.46|0.32;0001-01-01T00:00:09.002+01:00|W9|1.6|1.55|0.03|1.55|0.07;0001-01-01T00:00:09.002+01:00|W10|1.7|1.64|0.20|1.64|0.31;0001-01-01T00:00:09.002+01:00|W11|1.2|1.19|0.09|1.19|0.27;0001-01-01T00:00:09.002+01:00|W12|1.2|1.15|0.03|1.15|0.03"
219.00;0.10;0001-01-01T00:00:08.9610000+01:00;187.63;-8.01;-112.53;13.6;-5.896;-26.009;1.258;-8.940;4.675;-8.205;95.935;-69.340;118.470;"0001-01-01T00:00:09.002+01:00|W1|1.2|1.23|0.13|1.23|0.15;0001-01-01T00:00:09.002+01:00|W2|0.7|0.41|0.06|0.41|0.53;0001-01-01T00:00:09.002+01:00|W3|2.0|1.94|0.42|1.94|0.15;0001-01-01T00:00:09.002+01:00|W4|0.8|0.41|0.01|0.41|0.56;0001-01-01T00:00:09.002+01:00|W5|1.5|1.40|0.23|1.40|0.55;0001-01-01T00:00:09.002+01:00|W6|0.9|0.76|0.41|0.76|0.53;0001-01-01T00:00:09.002+01:00|W7|1.2|1.23|0.13|1.23|0.06;0001-01-01T00:00:09.002+01:00|W8|1.6|1.46|0.24|1.46|0.32;0001-01-01T00:00:09.002+01:00|W9|1.6|1.55|0.03|1.55|0.07;0001-01-01T00:00:09.002+01:00|W10|1.7|1.64|0.20|1.64|0.31;0001-01-01T00:00:09.002+01:00|W11|1.2|1.19|0.09|1.19|0.27;0001-01-01T00:00:09.002+01:00|W12|1.2|1.15|0.03|1.15|0.03"
220.00;0.02;0001-01-01T00:00:08.9870000+01:00;188.30;-8.04;-113.02;12.3;-6.826;-28.095;1.180;-6.780;4.462;-6.978;96.629;-66.161;117.199;"0001-01-01T00:00:09.002+01:00|W1|1.2|1.23|0.13|1.23|0.15;0001-01-01T00:00:09.002+01:00|W2|0.7|0.41|0.06|0.41|0.53;0001-01-01T00:00:09.002+01:00|W3|2.0|1.94|0.42|1.94|0.15;0001-01-01T00:00:09.002+01:00|W4|0.8|0.41|0.01|0.41|0.56;0001-01-01T00:00:09.002+01:00|W5|1.5|1.40|0.23|1.40|0.55;0001-01-01T00:00:09.002+01:00|W6|0.9|0.76|0.41|0.76|0.53;0001-01-01T00:00:09.002+01:00|W7|1.2|1.23|0.13|1.23|0.06;0001-01-01T00:00:09.002+01:00|W8|1.6|1.46|0.24|1.46|0.32;0001-01-01T00:00:09.002+01:00|W9|1.6|1.55|0.03|1.55|0.07;0001-01-01T00:00:09.002+01:00|W10|1.7|1.64|0.20|1.64|0.31;0001-01-01T00:00:09.002+01:00|W11|1.2|1.19|0.09|1.19|0.27;0001-01-01T00:00:09.002+01:00|W12|1.2|1.15|0.03|1.15|0.03"
221.00;0.00;0001-01-01T00:00:09.0080000+01:00;188.87;-8.07;-113.39;11.4;-7.599;-27.412;1.114;-6.198;4.286;-6.013;97.329;-65.804;117.580;"0001-01-01T00:00:09.002+01:00|W1|1.2|1.23|0.13|1.23|0.15;0001-01-01T00:00:09.002+01:00|W2|0.7|0.41|0.06|0.41|0.53;0001-01-01T00:00:09.002+01:00|W3|2.0|1.94|0.42|1.94|0.15;0001-01-01T00:00:09.002+01:00|W4|0.8|0.41|0.01|0.41|0.56;0001-01-01T00:00:09.002+01:00|W5|1.5|1.40|0.23|1.40|0.55;0001-01-01T00:00:09.002+01:00|W6|0.9|0.76|0.41|0.76|0.53;0001-01-01T00:00:09.002+01:00|W7|1.2|1.23|0.13|1.23|0.06;0001-01-01T00:00:09.002+01:00|W8|1.6|1.46|0.24|1.46|0.32;0001-01-01T00:00:09.002+01:00|W9|1.6|1.55|0.03|1.55|0.07;0001-01-01T00:00:09.002+01:00|W10|1.7|1.64|0.20|1.64|0.31;0001-01-01T00:00:09.002+01:00|W11|1.2|1.19|0.09|1.19|0.27;0001-01-01T00:00:09.002+01:00|W12|1.2|1.15|0.03|1.15|0.03"
