Position;Height above ground [m];Time;X [m];Y [m];Z [m];Opening Angle [°];Stalling Angle Left [°];Stalling Angle Right [°];Roll Angle Left [°];Roll Angle Right [°];Yaw Angle Left [°];Yaw Angle Right [°];Speed hor. [km/h];Speed vert. [km/h];Speed resulting [km/h];WindTime|WindName|WindSpeed|WindSpeedTangent|WindTurbulence|WindSpeedCleanTan|WindSpeedCross
-94.59;NaN;0001-01-01T00:00:00.0030000+01:00;-82.59;0.00;44.04;NaN;NaN;NaN;NaN;NaN;NaN;NaN;0.000;0.000;0.000;"0001-01-01T00:00:00.000+01:00|W1|1.3|-0.22|0.00|-0.22|1.24;0001-01-01T00:00:00.000+01:00|W2|1.0|-0.81|0.18|-0.81|0.57;0001-01-01T00:00:00.000+01:00|W3|0.8|0.32|0.00|0.32|0.68;0001-01-01T00:00:00.000+01:00|W4|1.5|-0.27|0.40|-0.27|1.47;0001-01-01T00:00:00.000+01:00|W5|1.0|0.17|0.25|0.17|0.95;0001-01-01T00:00:00.000+01:00|W6|1.6|-0.84|0.11|-0.84|1.33;0001-01-01T00:00:00.000+01:00|W7|1.5|-0.14|0.17|-0.14|1.32;0001-01-01T00:00:00.000+01:00|W8|1.9|-1.34|0.16|-1.34|1.33;0001-01-01T00:00:00.000+01:00|W9|1.5|-1.40|0.06|-1.40|0.57;0001-01-01T00:00:00.000+01:00|W10|1.0|-0.82|0.21|-0.82|0.48;0001-01-01T00:00:00.000+01:00|W11|1.2|-0.39|0.03|-0.39|1.11;0001-01-01T00:00:00.000+01:00|W12|0.7|-0.14|0.08|-0.14|0.73"
0.00;2.93;0001-01-01T00:00:04.0650000+01:00;0.05;0.00;-0.01;0.0;-11.500;-11.500;0.000;0.000;0.000;0.000;98.827;-20.107;100.851;"0001-01-01T00:00:04.002+01:00|W1|1.1|-0.05|0.07|-0.05|1.14;0001-01-01T00:00:04.002+01:00|W2|0.9|-0.60|0.08|-0.60|0.69;0001-01-01T00:00:04.002+01:00|W3|0.8|0.14|0.02|0.14|0.74;0001-01-01T00:00:04.002+01:00|W4|1.7|0.02|0.09|0.02|1.60;0001-01-01T00:00:04.002+01:00|W5|1.2|0.49|0.04|0.49|1.03;0001-01-01T00:00:04.002+01:00|W6|1.5|-1.33|0.02|-1.33|0.74;0001-01-01T00:00:04.002+01:00|W7|2.7|-1.37|0.82|-1.37|2.06;0001-01-01T00:00:04.002+01:00|W8|1.4|-1.19|0.16|-1.19|0.73;0001-01-01T00:00:04.002+01:00|W9|1.4|-1.26|0.05|-1.26|0.47;0001-01-01T00:00:04.002+01:00|W10|0.9|-0.81|0.04|-0.81|0.19;0001-01-01T00:00:04.002+01:00|W11|1.0|-0.47|0.03|-0.47|0.83;0001-01-01T00:00:04.002+01:00|W12|1.0|-0.15|0.18|-0.15|0.97"
1.00;2.86;0001-01-01T00:00:04.2670000+01:00;1.34;0.01;-0.23;1.9;-9.799;-8.479;-3.074;0.284;1.543;-1.366;97.620;-11.827;98.337;"0001-01-01T00:00:04.250+01:00|W1|1.1|-0.05|0.07|-0.05|1.14;0001-01-01T00:00:04.250+01:00|W2|0.9|-0.60|0.08|-0.60|0.69;0001-01-01T00:00:04.250+01:00|W3|0.8|0.14|0.02|0.14|0.74;0001-01-01T00:00:04.250+01:00|W4|1.7|0.02|0.09|0.02|1.60;0001-01-01T00:00:04.250+01:00|W5|1.2|0.49|0.04|0.49|1.03;0001-01-01T00:00:04.250+01:00|W6|1.6|-1.44|0.10|-1.44|0.66;0001-01-01T00:00:04.250+01:00|W7|2.7|-1.40|0.83|-1.40|2.18;0001-01-01T00:00:04.250+01:00|W8|1.4|-1.19|0.16|-1.19|0.73;0001-01-01T00:00:04.250+01:00|W9|1.4|-1.26|0.05|-1.26|0.47;0001-01-01T00:00:04.250+01:00|W10|0.9|-0.81|0.04|-0.81|0.19;0001-01-01T00:00:04.250+01:00|W11|1.0|-0.47|0.03|-0.47|0.83;0001-01-01T00:00:04.250+01:00|W12|1.0|-0.15|0.18|-0.15|0.97"
2.00;2.88;0001-01-01T00:00:04.3060000+01:00;2.38;0.02;-0.35;2.7;-7.013;-6.162;-2.850;0.502;2.330;-2.413;98.265;-12.092;99.009;"0001-01-01T00:00:04.250+01:00|W1|1.1|-0.05|0.07|-0.05|1.14;0001-01-01T00:00:04.250+01:00|W2|0.9|-0.60|0.08|-0.60|0.69;0001-01-01T00:00:04.250+01:00|W3|0.8|0.14|0.02|0.14|0.74;0001-01-01T00:00:04.250+01:00|W4|1.7|0.02|0.09|0.02|1.60;0001-01-01T00:00:04.250+01:00|W5|1.2|0.49|0.04|0.49|1.03;0001-01-01T00:00:04.250+01:00|W6|1.6|-1.44|0.10|-1.44|0.66;0001-01-01T00:00:04.250+01:00|W7|2.7|-1.40|0.83|-1.40|2.18;0001-01-01T00:00:04.250+01:00|W8|1.4|-1.19|0.16|-1.19|0.73;0001-01-01T00:00:04.250+01:00|W9|1.4|-1.26|0.05|-1.26|0.47;0001-01-01T00:00:04.250+01:00|W10|0.9|-0.81|0.04|-0.81|0.19;0001-01-01T00:00:04.250+01:00|W11|1.0|-0.47|0.03|-0.47|0.83;0001-01-01T00:00:04.250+01:00|W12|1.0|-0.15|0.18|-0.15|0.97"
3.00;2.92;0001-01-01T00:00:04.3440000+01:00;3.41;0.02;-0.47;3.5;-4.230;-3.848;-2.625;0.720;3.117;-3.459;98.911;-12.356;99.682;"0001-01-01T00:00:04.250+01:00|W1|1.1|-0.05|0.07|-0.05|1.14;0001-01-01T00:00:04.250+01:00|W2|0.9|-0.60|0.08|-0.60|0.69;0001-01-01T00:00:04.250+01:00|W3|0.8|0.14|0.02|0.14|0.74;0001-01-01T00:00:04.250+01:00|W4|1.7|0.02|0.09|0.02|1.60;0001-01-01T00:00:04.250+01:00|W5|1.2|0.49|0.04|0.49|1.03;0001-01-01T00:00:04.250+01:00|W6|1.6|-1.44|0.10|-1.44|0.66;0001-01-01T00:00:04.250+01:00|W7|2.7|-1.40|0.83|-1.40|2.18;0001-01-01T00:00:04.250+01:00|W8|1.4|-1.19|0.16|-1.19|0.73;0001-01-01T00:00:04.250+01:00|W9|1.4|-1.26|0.05|-1.26|0.47;0001-01-01T00:00:04.250+01:00|W10|0.9|-0.81|0.04|-0.81|0.19;0001-01-01T00:00:04.250+01:00|W11|1.0|-0.47|0.03|-0.47|0.83;0001-01-01T00:00:04.250+01:00|W12|1.0|-0.15|0.18|-0.15|0.97"
4.00;2.96;0001-01-01T00:00:04.3820000+01:00;4.45;0.03;-0.61;4.4;-1.149;-1.581;-4.249;0.933;4.055;-4.485;100.122;-14.794;101.213;"0001-01-01T00:00:04.501+01:00|W1|1.1|0.01|0.06|0.01|1.14;0001-01-01T00:00:04.501+01:00|W2|0.9|-0.46|0.14|-0.46|0.72;0001-01-01T00:00:04.501+01:00|W3|0.7|0.08|0.02|0.08|0.70;0001-01-01T00:00:04.501+01:00|W4|1.6|-0.03|0.13|-0.03|1.60;0001-01-01T00:00:04.501+01:00|W5|1.1|0.51|0.06|0.51|0.93;0001-01-01T00:00:04.501+01:00|W6|1.7|-1.52|0.18|-1.52|0.70;0001-01-01T00:00:04.501+01:00|W7|2.7|-1.33|0.78|-1.33|2.25;0001-01-01T00:00:04.501+01:00|W8|1.4|-1.09|0.15|-1.09|0.79;0001-01-01T00:00:04.501+01:00|W9|1.4|-1.25|0.01|-1.25|0.59;0001-01-01T00:00:04.501+01:00|W10|0.9|-0.80|0.02|-0.80|0.11;0001-01-01T00:00:04.501+01:00|W11|1.0|-0.43|0.01|-0.43|0.85;0001-01-01T00:00:04.501+01:00|W12|1.1|-0.16|0.24|-0.16|1.04"
5.00;3.00;0001-01-01T00:00:04.4200000+01:00;5.48;0.03;-0.76;7.7;0.849;0.689;-4.018;1.146;5.244;-5.511;100.474;-15.975;101.738;"0001-01-01T00:00:04.501+01:00|W1|1.1|0.01|0.06|0.01|1.14;0001-01-01T00:00:04.501+01:00|W2|0.9|-0.46|0.14|-0.46|0.72;0001-01-01T00:00:04.501+01:00|W3|0.7|0.08|0.02|0.08|0.70;0001-01-01T00:00:04.501+01:00|W4|1.6|-0.03|0.13|-0.03|1.60;0001-01-01T00:00:04.501+01:00|W5|1.1|0.51|0.06|0.51|0.93;0001-01-01T00:00:04.501+01:00|W6|1.7|-1.52|0.18|-1.52|0.70;0001-01-01T00:00:04.501+01:00|W7|2.7|-1.33|0.78|-1.33|2.25;0001-01-01T00:00:04.501+01:00|W8|1.4|-1.09|0.15|-1.09|0.79;0001-01-01T00:00:04.501+01:00|W9|1.4|-1.25|0.01|-1.25|0.59;0001-01-01T00:00:04.501+01:00|W10|0.9|-0.80|0.02|-0.80|0.11;0001-01-01T00:00:04.501+01:00|W11|1.0|-0.43|0.01|-0.43|0.85;0001-01-01T00:00:04.501+01:00|W12|1.1|-0.16|0.24|-0.16|1.04"
6.00;3.04;0001-01-01T00:00:04.4570000+01:00;6.51;0.01;-0.92;13.3;1.484;2.741;-1.445;1.097;6.650;-6.626;99.740;-15.369;100.917;"0001-01-01T00:00:04.501+01:00|W1|1.1|0.01|0.06|0.01|1.14;0001-01-01T00:00:04.501+01:00|W2|0.9|-0.46|0.14|-0.46|0.72;0001-01-01T00:00:04.501+01:00|W3|0.7|0.08|0.02|0.08|0.70;0001-01-01T00:00:04.501+01:00|W4|1.6|-0.03|0.13|-0.03|1.60;0001-01-01T00:00:04.501+01:00|W5|1.1|0.51|0.06|0.51|0.93;0001-01-01T00:00:04.501+01:00|W6|1.7|-1.52|0.18|-1.52|0.70;0001-01-01T00:00:04.501+01:00|W7|2.7|-1.33|0.78|-1.33|2.25;0001-01-01T00:00:04.501+01:00|W8|1.4|-1.09|0.15|-1.09|0.79;0001-01-01T00:00:04.501+01:00|W9|1.4|-1.25|0.01|-1.25|0.59;0001-01-01T00:00:04.501+01:00|W10|0.9|-0.80|0.02|-0.80|0.11;0001-01-01T00:00:04.501+01:00|W11|1.0|-0.43|0.01|-0.43|0.85;0001-01-01T00:00:04.501+01:00|W12|1.1|-0.16|0.24|-0.16|1.04"
7.00;3.08;0001-01-01T00:00:04.4950000+01:00;7.54;0.00;-1.11;16.1;2.090;3.399;-1.128;-0.519;7.871;-8.223;99.539;-16.726;100.935;"0001-01-01T00:00:04.501+01:00|W1|1.1|0.01|0.06|0.01|1.14;0001-01-01T00:00:04.501+01:00|W2|0.9|-0.46|0.14|-0.46|0.72;0001-01-01T00:00:04.501+01:00|W3|0.7|0.08|0.02|0.08|0.70;0001-01-01T00:00:04.501+01:00|W4|1.6|-0.03|0.13|-0.03|1.60;0001-01-01T00:00:04.501+01:00|W5|1.1|0.51|0.06|0.51|0.93;0001-01-01T00:00:04.501+01:00|W6|1.7|-1.52|0.18|-1.52|0.70;0001-01-01T00:00:04.501+01:00|W7|2.7|-1.33|0.78|-1.33|2.25;0001-01-01T00:00:04.501+01:00|W8|1.4|-1.09|0.15|-1.09|0.79;0001-01-01T00:00:04.501+01:00|W9|1.4|-1.25|0.01|-1.25|0.59;0001-01-01T00:00:04.501+01:00|W10|0.9|-0.80|0.02|-0.80|0.11;0001-01-01T00:00:04.501+01:00|W11|1.0|-0.43|0.01|-0.43|0.85;0001-01-01T00:00:04.501+01:00|W12|1.1|-0.16|0.24|-0.16|1.04"
8.00;3.14;0001-01-01T00:00:04.5320000+01:00;8.56;-0.00;-1.29;18.9;2.694;4.055;-0.813;-2.130;9.089;-9.815;99.339;-18.079;100.971;"0001-01-01T00:00:04.501+01:00|W1|1.1|0.01|0.06|0.01|1.14;0001-01-01T00:00:04.501+01:00|W2|0.9|-0.46|0.14|-0.46|0.72;0001-01-01T00:00:04.501+01:00|W3|0.7|0.08|0.02|0.08|0.70;0001-01-01T00:00:04.501+01:00|W4|1.6|-0.03|0.13|-0.03|1.60;0001-01-01T00:00:04.501+01:00|W5|1.1|0.51|0.06|0.51|0.93;0001-01-01T00:00:04.501+01:00|W6|1.7|-1.52|0.18|-1.52|0.70;0001-01-01T00:00:04.501+01:00|W7|2.7|-1.33|0.78|-1.33|2.25;0001-01-01T00:00:04.501+01:00|W8|1.4|-1.09|0.15|-1.09|0.79;0001-01-01T00:00:04.501+01:00|W9|1.4|-1.25|0.01|-1.25|0.59;0001-01-01T00:00:04.501+01:00|W10|0.9|-0.80|0.02|-0.80|0.11;0001-01-01T00:00:04.501+01:00|W11|1.0|-0.43|0.01|-0.43|0.85;0001-01-01T00:00:04.501+01:00|W12|1.1|-0.16|0.24|-0.16|1.04"
9.00;3.19;0001-01-01T00:00:04.4370000+01:00;9.59;-0.00;-1.48;21.5;3.267;4.636;0.309;-4.422;10.159;-11.440;99.261;-19.306;101.121;"0001-01-01T00:00:04.501+01:00|W1|1.1|0.01|0.06|0.01|1.14;0001-01-01T00:00:04.501+01:00|W2|0.9|-0.46|0.14|-0.46|0.72;0001-01-01T00:00:04.501+01:00|W3|0.7|0.08|0.02|0.08|0.70;0001-01-01T00:00:04.501+01:00|W4|1.6|-0.03|0.13|-0.03|1.60;0001-01-01T00:00:04.501+01:00|W5|1.1|0.51|0.06|0.51|0.93;0001-01-01T00:00:04.501+01:00|W6|1.7|-1.52|0.18|-1.52|0.70;0001-01-01T00:00:04.501+01:00|W7|2.7|-1.33|0.78|-1.33|2.25;0001-01-01T00:00:04.501+01:00|W8|1.4|-1.09|0.15|-1.09|0.79;0001-01-01T00:00:04.501+01:00|W9|1.4|-1.25|0.01|-1.25|0.59;0001-01-01T00:00:04.501+01:00|W10|0.9|-0.80|0.02|-0.80|0.11;0001-01-01T00:00:04.501+01:00|W11|1.0|-0.43|0.01|-0.43|0.85;0001-01-01T00:00:04.501+01:00|W12|1.1|-0.16|0.24|-0.16|1.04"
10.00;3.25;0001-01-01T00:00:04.2360000+01:00;10.60;-0.00;-1.68;24.0;3.730;5.028;2.495;-7.355;11.019;-13.108;99.328;-20.368;101.394;"0001-01-01T00:00:04.250+01:00|W1|1.1|-0.05|0.07|-0.05|1.14;0001-01-01T00:00:04.250+01:00|W2|0.9|-0.60|0.08|-0.60|0.69;0001-01-01T00:00:04.250+01:00|W3|0.8|0.14|0.02|0.14|0.74;0001-01-01T00:00:04.250+01:00|W4|1.7|0.02|0.09|0.02|1.60;0001-01-01T00:00:04.250+01:00|W5|1.2|0.49|0.04|0.49|1.03;0001-01-01T00:00:04.250+01:00|W6|1.6|-1.44|0.10|-1.44|0.66;0001-01-01T00:00:04.250+01:00|W7|2.7|-1.40|0.83|-1.40|2.18;0001-01-01T00:00:04.250+01:00|W8|1.4|-1.19|0.16|-1.19|0.73;0001-01-01T00:00:04.250+01:00|W9|1.4|-1.26|0.05|-1.26|0.47;0001-01-01T00:00:04.250+01:00|W10|0.9|-0.81|0.04|-0.81|0.19;0001-01-01T00:00:04.250+01:00|W11|1.0|-0.47|0.03|-0.47|0.83;0001-01-01T00:00:04.250+01:00|W12|1.0|-0.15|0.18|-0.15|0.97"
11.00;3.31;0001-01-01T00:00:04.5670000+01:00;11.62;-0.03;-1.90;25.7;3.542;4.505;5.361;-8.391;11.592;-14.786;99.332;-21.337;101.598;"0001-01-01T00:00:04.501+01:00|W1|1.1|0.01|0.06|0.01|1.14;0001-01-01T00:00:04.501+01:00|W2|0.9|-0.46|0.14|-0.46|0.72;0001-01-01T00:00:04.501+01:00|W3|0.7|0.08|0.02|0.08|0.70;0001-01-01T00:00:04.501+01:00|W4|1.6|-0.03|0.13|-0.03|1.60;0001-01-01T00:00:04.501+01:00|W5|1.1|0.51|0.06|0.51|0.93;0001-01-01T00:00:04.501+01:00|W6|1.7|-1.52|0.18|-1.52|0.70;0001-01-01T00:00:04.501+01:00|W7|2.7|-1.33|0.78|-1.33|2.25;0001-01-01T00:00:04.501+01:00|W8|1.4|-1.09|0.15|-1.09|0.79;0001-01-01T00:00:04.501+01:00|W9|1.4|-1.25|0.01|-1.25|0.59;0001-01-01T00:00:04.501+01:00|W10|0.9|-0.80|0.02|-0.80|0.11;0001-01-01T00:00:04.501+01:00|W11|1.0|-0.43|0.01|-0.43|0.85;0001-01-01T00:00:04.501+01:00|W12|1.1|-0.16|0.24|-0.16|1.04"
12.00;3.38;0001-01-01T00:00:04.6790000+01:00;12.63;-0.02;-2.12;28.0;3.355;4.421;8.202;-11.749;12.160;-16.306;99.329;-22.192;101.778;"0001-01-01T00:00:04.750+01:00|W1|1.1|0.05|0.06|0.05|1.12;0001-01-01T00:00:04.750+01:00|W2|0.9|-0.40|0.14|-0.40|0.75;0001-01-01T00:00:04.750+01:00|W3|0.8|0.07|0.00|0.07|0.70;0001-01-01T00:00:04.750+01:00|W4|1.6|0.00|0.18|0.00|1.56;0001-01-01T00:00:04.750+01:00|W5|1.1|0.51|0.06|0.51|0.94;0001-01-01T00:00:04.750+01:00|W6|1.8|-1.70|0.34|-1.70|0.72;0001-01-01T00:00:04.750+01:00|W7|2.8|-1.30|0.75|-1.30|2.26;0001-01-01T00:00:04.750+01:00|W8|1.3|-1.05|0.14|-1.05|0.82;0001-01-01T00:00:04.750+01:00|W9|1.5|-1.28|0.04|-1.28|0.64;0001-01-01T00:00:04.750+01:00|W10|0.9|-0.73|0.03|-0.73|0.10;0001-01-01T00:00:04.750+01:00|W11|0.9|-0.36|0.02|-0.36|0.86;0001-01-01T00:00:04.750+01:00|W12|1.1|-0.17|0.20|-0.17|1.02"
13.00;3.45;0001-01-01T00:00:04.7160000+01:00;13.64;-0.01;-2.35;30.1;3.291;4.579;10.628;-15.072;12.653;-17.544;99.302;-22.971;101.924;"0001-01-01T00:00:04.750+01:00|W1|1.1|0.05|0.06|0.05|1.12;0001-01-01T00:00:04.750+01:00|W2|0.9|-0.40|0.14|-0.40|0.75;0001-01-01T00:00:04.750+01:00|W3|0.8|0.07|0.00|0.07|0.70;0001-01-01T00:00:04.750+01:00|W4|1.6|0.00|0.18|0.00|1.56;0001-01-01T00:00:04.750+01:00|W5|1.1|0.51|0.06|0.51|0.94;0001-01-01T00:00:04.750+01:00|W6|1.8|-1.70|0.34|-1.70|0.72;0001-01-01T00:00:04.750+01:00|W7|2.8|-1.30|0.75|-1.30|2.26;0001-01-01T00:00:04.750+01:00|W8|1.3|-1.05|0.14|-1.05|0.82;0001-01-01T00:00:04.750+01:00|W9|1.5|-1.28|0.04|-1.28|0.64;0001-01-01T00:00:04.750+01:00|W10|0.9|-0.73|0.03|-0.73|0.10;0001-01-01T00:00:04.750+01:00|W11|0.9|-0.36|0.02|-0.36|0.86;0001-01-01T00:00:04.750+01:00|W12|1.1|-0.17|0.20|-0.17|1.02"
14.00;3.51;0001-01-01T00:00:04.7520000+01:00;14.65;-0.01;-2.59;31.3;3.436;4.887;12.370;-16.981;13.024;-18.397;99.236;-23.687;102.024;"0001-01-01T00:00:04.750+01:00|W1|1.1|0.05|0.06|0.05|1.12;0001-01-01T00:00:04.750+01:00|W2|0.9|-0.40|0.14|-0.40|0.75;0001-01-01T00:00:04.750+01:00|W3|0.8|0.07|0.00|0.07|0.70;0001-01-01T00:00:04.750+01:00|W4|1.6|0.00|0.18|0.00|1.56;0001-01-01T00:00:04.750+01:00|W5|1.1|0.51|0.06|0.51|0.94;0001-01-01T00:00:04.750+01:00|W6|1.8|-1.70|0.34|-1.70|0.72;0001-01-01T00:00:04.750+01:00|W7|2.8|-1.30|0.75|-1.30|2.26;0001-01-01T00:00:04.750+01:00|W8|1.3|-1.05|0.14|-1.05|0.82;0001-01-01T00:00:04.750+01:00|W9|1.5|-1.28|0.04|-1.28|0.64;0001-01-01T00:00:04.750+01:00|W10|0.9|-0.73|0.03|-0.73|0.10;0001-01-01T00:00:04.750+01:00|W11|0.9|-0.36|0.02|-0.36|0.86;0001-01-01T00:00:04.750+01:00|W12|1.1|-0.17|0.20|-0.17|1.02"
15.00;3.58;0001-01-01T00:00:04.7890000+01:00;15.65;-0.01;-2.84;32.5;3.580;5.195;14.112;-18.888;13.394;-19.249;99.170;-24.403;102.128;"0001-01-01T00:00:04.750+01:00|W1|1.1|0.05|0.06|0.05|1.12;0001-01-01T00:00:04.750+01:00|W2|0.9|-0.40|0.14|-0.40|0.75;0001-01-01T00:00:04.750+01:00|W3|0.8|0.07|0.00|0.07|0.70;0001-01-01T00:00:04.750+01:00|W4|1.6|0.00|0.18|0.00|1.56;0001-01-01T00:00:04.750+01:00|W5|1.1|0.51|0.06|0.51|0.94;0001-01-01T00:00:04.750+01:00|W6|1.8|-1.70|0.34|-1.70|0.72;0001-01-01T00:00:04.750+01:00|W7|2.8|-1.30|0.75|-1.30|2.26;0001-01-01T00:00:04.750+01:00|W8|1.3|-1.05|0.14|-1.05|0.82;0001-01-01T00:00:04.750+01:00|W9|1.5|-1.28|0.04|-1.28|0.64;0001-01-01T00:00:04.750+01:00|W10|0.9|-0.73|0.03|-0.73|0.10;0001-01-01T00:00:04.750+01:00|W11|0.9|-0.36|0.02|-0.36|0.86;0001-01-01T00:00:04.750+01:00|W12|1.1|-0.17|0.20|-0.17|1.02"
16.00;3.66;0001-01-01T00:00:04.8250000+01:00;16.65;-0.01;-3.09;33.3;3.817;5.718;16.357;-20.982;13.611;-19.792;99.092;-25.290;102.268;"0001-01-01T00:00:04.750+01:00|W1|1.1|0.05|0.06|0.05|1.12;0001-01-01T00:00:04.750+01:00|W2|0.9|-0.40|0.14|-0.40|0.75;0001-01-01T00:00:04.750+01:00|W3|0.8|0.07|0.00|0.07|0.70;0001-01-01T00:00:04.750+01:00|W4|1.6|0.00|0.18|0.00|1.56;0001-01-01T00:00:04.750+01:00|W5|1.1|0.51|0.06|0.51|0.94;0001-01-01T00:00:04.750+01:00|W6|1.8|-1.70|0.34|-1.70|0.72;0001-01-01T00:00:04.750+01:00|W7|2.8|-1.30|0.75|-1.30|2.26;0001-01-01T00:00:04.750+01:00|W8|1.3|-1.05|0.14|-1.05|0.82;0001-01-01T00:00:04.750+01:00|W9|1.5|-1.28|0.04|-1.28|0.64;0001-01-01T00:00:04.750+01:00|W10|0.9|-0.73|0.03|-0.73|0.10;0001-01-01T00:00:04.750+01:00|W11|0.9|-0.36|0.02|-0.36|0.86;0001-01-01T00:00:04.750+01:00|W12|1.1|-0.17|0.20|-0.17|1.02"
17.00;3.74;0001-01-01T00:00:04.8610000+01:00;17.65;-0.01;-3.35;33.7;4.159;6.329;18.832;-22.827;13.682;-20.132;99.013;-26.192;102.419;"0001-01-01T00:00:04.750+01:00|W1|1.1|0.05|0.06|0.05|1.12;0001-01-01T00:00:04.750+01:00|W2|0.9|-0.40|0.14|-0.40|0.75;0001-01-01T00:00:04.750+01:00|W3|0.8|0.07|0.00|0.07|0.70;0001-01-01T00:00:04.750+01:00|W4|1.6|0.00|0.18|0.00|1.56;0001-01-01T00:00:04.750+01:00|W5|1.1|0.51|0.06|0.51|0.94;0001-01-01T00:00:04.750+01:00|W6|1.8|-1.70|0.34|-1.70|0.72;0001-01-01T00:00:04.750+01:00|W7|2.8|-1.30|0.75|-1.30|2.26;0001-01-01T00:00:04.750+01:00|W8|1.3|-1.05|0.14|-1.05|0.82;0001-01-01T00:00:04.750+01:00|W9|1.5|-1.28|0.04|-1.28|0.64;0001-01-01T00:00:04.750+01:00|W10|0.9|-0.73|0.03|-0.73|0.10;0001-01-01T00:00:04.750+01:00|W11|0.9|-0.36|0.02|-0.36|0.86;0001-01-01T00:00:04.750+01:00|W12|1.1|-0.17|0.20|-0.17|1.02"
18.00;3.82;0001-01-01T00:00:04.8980000+01:00;18.65;-0.00;-3.62;33.8;4.645;6.835;21.129;-23.631;13.585;-20.407;98.954;-26.854;102.533;"0001-01-01T00:00:05.003+01:00|W1|1.1|0.05|0.06|0.05|1.12;0001-01-01T00:00:05.003+01:00|W2|0.9|-0.40|0.14|-0.40|0.75;0001-01-01T00:00:05.003+01:00|W3|0.8|0.07|0.00|0.07|0.70;0001-01-01T00:00:05.003+01:00|W4|1.6|0.01|0.21|0.01|1.55;0001-01-01T00:00:05.003+01:00|W5|1.1|0.51|0.06|0.51|0.94;0001-01-01T00:00:05.003+01:00|W6|1.8|-1.70|0.34|-1.70|0.72;0001-01-01T00:00:05.003+01:00|W7|2.8|-1.30|0.75|-1.30|2.26;0001-01-01T00:00:05.003+01:00|W8|1.3|-1.05|0.14|-1.05|0.82;0001-01-01T00:00:05.003+01:00|W9|1.5|-1.28|0.04|-1.28|0.64;0001-01-01T00:00:05.003+01:00|W10|0.9|-0.73|0.03|-0.73|0.10;0001-01-01T00:00:05.003+01:00|W11|0.9|-0.36|0.02|-0.36|0.86;0001-01-01T00:00:05.003+01:00|W12|1.1|-0.17|0.20|-0.17|1.02"
19.00;3.90;0001-01-01T00:00:04.9340000+01:00;19.65;-0.01;-3.89;33.9;5.047;7.282;22.304;-24.834;13.385;-20.753;98.964;-27.843;102.806;"0001-01-01T00:00:05.003+01:00|W1|1.1|0.05|0.06|0.05|1.12;0001-01-01T00:00:05.003+01:00|W2|0.9|-0.40|0.14|-0.40|0.75;0001-01-01T00:00:05.003+01:00|W3|0.8|0.07|0.00|0.07|0.70;0001-01-01T00:00:05.003+01:00|W4|1.6|0.01|0.21|0.01|1.55;0001-01-01T00:00:05.003+01:00|W5|1.1|0.51|0.06|0.51|0.94;0001-01-01T00:00:05.003+01:00|W6|1.8|-1.70|0.34|-1.70|0.72;0001-01-01T00:00:05.003+01:00|W7|2.8|-1.30|0.75|-1.30|2.26;0001-01-01T00:00:05.003+01:00|W8|1.3|-1.05|0.14|-1.05|0.82;0001-01-01T00:00:05.003+01:00|W9|1.5|-1.28|0.04|-1.28|0.64;0001-01-01T00:00:05.003+01:00|W10|0.9|-0.73|0.03|-0.73|0.10;0001-01-01T00:00:05.003+01:00|W11|0.9|-0.36|0.02|-0.36|0.86;0001-01-01T00:00:05.003+01:00|W12|1.1|-0.17|0.20|-0.17|1.02"
20.00;3.98;0001-01-01T00:00:04.9700000+01:00;20.64;-0.01;-4.17;34.0;5.464;7.564;23.019;-26.279;13.026;-21.235;98.906;-28.661;102.976;"0001-01-01T00:00:05.003+01:00|W1|1.1|0.05|0.06|0.05|1.12;0001-01-01T00:00:05.003+01:00|W2|0.9|-0.40|0.14|-0.40|0.75;0001-01-01T00:00:05.003+01:00|W3|0.8|0.07|0.00|0.07|0.70;0001-01-01T00:00:05.003+01:00|W4|1.6|0.01|0.21|0.01|1.55;0001-01-01T00:00:05.003+01:00|W5|1.1|0.51|0.06|0.51|0.94;0001-01-01T00:00:05.003+01:00|W6|1.8|-1.70|0.34|-1.70|0.72;0001-01-01T00:00:05.003+01:00|W7|2.8|-1.30|0.75|-1.30|2.26;0001-01-01T00:00:05.003+01:00|W8|1.3|-1.05|0.14|-1.05|0.82;0001-01-01T00:00:05.003+01:00|W9|1.5|-1.28|0.04|-1.28|0.64;0001-01-01T00:00:05.003+01:00|W10|0.9|-0.73|0.03|-0.73|0.10;0001-01-01T00:00:05.003+01:00|W11|0.9|-0.36|0.02|-0.36|0.86;0001-01-01T00:00:05.003+01:00|W12|1.1|-0.17|0.20|-0.17|1.02"
21.00;4.06;0001-01-01T00:00:05.0060000+01:00;21.62;-0.01;-4.46;34.1;5.875;7.677;23.430;-27.849;12.530;-21.846;98.776;-29.278;103.024;"0001-01-01T00:00:05.003+01:00|W1|1.1|0.05|0.06|0.05|1.12;0001-01-01T00:00:05.003+01:00|W2|0.9|-0.40|0.14|-0.40|0.75;0001-01-01T00:00:05.003+01:00|W3|0.8|0.07|0.00|0.07|0.70;0001-01-01T00:00:05.003+01:00|W4|1.6|0.01|0.21|0.01|1.55;0001-01-01T00:00:05.003+01:00|W5|1.1|0.51|0.06|0.51|0.94;0001-01-01T00:00:05.003+01:00|W6|1.8|-1.70|0.34|-1.70|0.72;0001-01-01T00:00:05.003+01:00|W7|2.8|-1.30|0.75|-1.30|2.26;0001-01-01T00:00:05.003+01:00|W8|1.3|-1.05|0.14|-1.05|0.82;0001-01-01T00:00:05.003+01:00|W9|1.5|-1.28|0.04|-1.28|0.64;0001-01-01T00:00:05.003+01:00|W10|0.9|-0.73|0.03|-0.73|0.10;0001-01-01T00:00:05.003+01:00|W11|0.9|-0.36|0.02|-0.36|0.86;0001-01-01T00:00:05.003+01:00|W12|1.1|-0.17|0.20|-0.17|1.02"
22.00;4.13;0001-01-01T00:00:05.0420000+01:00;22.61;-0.01;-4.76;34.3;6.016;7.698;23.947;-28.857;12.107;-22.454;98.698;-30.027;103.166;"0001-01-01T00:00:05.003+01:00|W1|1.1|0.05|0.06|0.05|1.12;0001-01-01T00:00:05.003+01:00|W2|0.9|-0.40|0.14|-0.40|0.75;0001-01-01T00:00:05.003+01:00|W3|0.8|0.07|0.00|0.07|0.70;0001-01-01T00:00:05.003+01:00|W4|1.6|0.01|0.21|0.01|1.55;0001-01-01T00:00:05.003+01:00|W5|1.1|0.51|0.06|0.51|0.94;0001-01-01T00:00:05.003+01:00|W6|1.8|-1.70|0.34|-1.70|0.72;0001-01-01T00:00:05.003+01:00|W7|2.8|-1.30|0.75|-1.30|2.26;0001-01-01T00:00:05.003+01:00|W8|1.3|-1.05|0.14|-1.05|0.82;0001-01-01T00:00:05.003+01:00|W9|1.5|-1.28|0.04|-1.28|0.64;0001-01-01T00:00:05.003+01:00|W10|0.9|-0.73|0.03|-0.73|0.10;0001-01-01T00:00:05.003+01:00|W11|0.9|-0.36|0.02|-0.36|0.86;0001-01-01T00:00:05.003+01:00|W12|1.1|-0.17|0.20|-0.17|1.02"
23.00;4.21;0001-01-01T00:00:05.0780000+01:00;23.59;-0.02;-5.06;34.5;6.157;7.718;24.464;-29.864;11.685;-23.062;98.620;-30.776;103.312;"0001-01-01T00:00:05.003+01:00|W1|1.1|0.05|0.06|0.05|1.12;0001-01-01T00:00:05.003+01:00|W2|0.9|-0.40|0.14|-0.40|0.75;0001-01-01T00:00:05.003+01:00|W3|0.8|0.07|0.00|0.07|0.70;0001-01-01T00:00:05.003+01:00|W4|1.6|0.01|0.21|0.01|1.55;0001-01-01T00:00:05.003+01:00|W5|1.1|0.51|0.06|0.51|0.94;0001-01-01T00:00:05.003+01:00|W6|1.8|-1.70|0.34|-1.70|0.72;0001-01-01T00:00:05.003+01:00|W7|2.8|-1.30|0.75|-1.30|2.26;0001-01-01T00:00:05.003+01:00|W8|1.3|-1.05|0.14|-1.05|0.82;0001-01-01T00:00:05.003+01:00|W9|1.5|-1.28|0.04|-1.28|0.64;0001-01-01T00:00:05.003+01:00|W10|0.9|-0.73|0.03|-0.73|0.10;0001-01-01T00:00:05.003+01:00|W11|0.9|-0.36|0.02|-0.36|0.86;0001-01-01T00:00:05.003+01:00|W12|1.1|-0.17|0.20|-0.17|1.02"
24.00;4.30;0001-01-01T00:00:05.1130000+01:00;24.57;-0.02;-5.37;34.6;6.167;7.736;25.049;-30.773;11.363;-23.533;98.529;-31.517;103.448;"0001-01-01T00:00:05.003+01:00|W1|1.1|0.05|0.06|0.05|1.12;0001-01-01T00:00:05.003+01:00|W2|0.9|-0.40|0.14|-0.40|0.75;0001-01-01T00:00:05.003+01:00|W3|0.8|0.07|0.00|0.07|0.70;0001-01-01T00:00:05.003+01:00|W4|1.6|0.01|0.21|0.01|1.55;0001-01-01T00:00:05.003+01:00|W5|1.1|0.51|0.06|0.51|0.94;0001-01-01T00:00:05.003+01:00|W6|1.8|-1.70|0.34|-1.70|0.72;0001-01-01T00:00:05.003+01:00|W7|2.8|-1.30|0.75|-1.30|2.26;0001-01-01T00:00:05.003+01:00|W8|1.3|-1.05|0.14|-1.05|0.82;0001-01-01T00:00:05.003+01:00|W9|1.5|-1.28|0.04|-1.28|0.64;0001-01-01T00:00:05.003+01:00|W10|0.9|-0.73|0.03|-0.73|0.10;0001-01-01T00:00:05.003+01:00|W11|0.9|-0.36|0.02|-0.36|0.86;0001-01-01T00:00:05.003+01:00|W12|1.1|-0.17|0.20|-0.17|1.02"
25.00;4.37;0001-01-01T00:00:05.1490000+01:00;25.54;-0.03;-5.68;34.7;5.897;7.749;25.783;-31.472;11.257;-23.714;98.407;-32.240;103.554;"0001-01-01T00:00:05.253+01:00|W1|1.1|0.06|0.06|0.06|1.11;0001-01-01T00:00:05.253+01:00|W2|0.9|-0.37|0.07|-0.37|0.83;0001-01-01T00:00:05.253+01:00|W3|0.8|0.07|0.00|0.07|0.69;0001-01-01T00:00:05.253+01:00|W4|1.5|0.08|0.23|0.08|1.53;0001-01-01T00:00:05.253+01:00|W5|1.1|0.50|0.07|0.50|0.94;0001-01-01T00:00:05.253+01:00|W6|1.9|-1.84|0.34|-1.84|0.41;0001-01-01T00:00:05.253+01:00|W7|2.8|-1.23|0.69|-1.23|2.44;0001-01-01T00:00:05.253+01:00|W8|1.3|-1.02|0.13|-1.02|0.84;0001-01-01T00:00:05.253+01:00|W9|1.5|-1.33|0.11|-1.33|0.69;0001-01-01T00:00:05.253+01:00|W10|0.8|-0.73|0.06|-0.73|0.16;0001-01-01T00:00:05.253+01:00|W11|0.9|-0.30|0.04|-0.30|0.84;0001-01-01T00:00:05.253+01:00|W12|1.0|-0.18|0.12|-0.18|0.95"
26.00;4.44;0001-01-01T00:00:05.1840000+01:00;26.51;-0.03;-6.00;34.8;5.295;7.502;26.319;-31.882;11.299;-23.684;98.308;-32.903;103.669;"0001-01-01T00:00:05.253+01:00|W1|1.1|0.06|0.06|0.06|1.11;0001-01-01T00:00:05.253+01:00|W2|0.9|-0.37|0.07|-0.37|0.83;0001-01-01T00:00:05.253+01:00|W3|0.8|0.07|0.00|0.07|0.69;0001-01-01T00:00:05.253+01:00|W4|1.5|0.08|0.23|0.08|1.53;0001-01-01T00:00:05.253+01:00|W5|1.1|0.50|0.07|0.50|0.94;0001-01-01T00:00:05.253+01:00|W6|1.9|-1.84|0.34|-1.84|0.41;0001-01-01T00:00:05.253+01:00|W7|2.8|-1.23|0.69|-1.23|2.44;0001-01-01T00:00:05.253+01:00|W8|1.3|-1.02|0.13|-1.02|0.84;0001-01-01T00:00:05.253+01:00|W9|1.5|-1.33|0.11|-1.33|0.69;0001-01-01T00:00:05.253+01:00|W10|0.8|-0.73|0.06|-0.73|0.16;0001-01-01T00:00:05.253+01:00|W11|0.9|-0.30|0.04|-0.30|0.84;0001-01-01T00:00:05.253+01:00|W12|1.0|-0.18|0.12|-0.18|0.95"
27.00;4.51;0001-01-01T00:00:05.2200000+01:00;27.48;-0.04;-6.33;34.6;4.579;7.241;26.892;-32.538;11.329;-23.475;98.251;-33.599;103.838;"0001-01-01T00:00:05.253+01:00|W1|1.1|0.06|0.06|0.06|1.11;0001-01-01T00:00:05.253+01:00|W2|0.9|-0.37|0.07|-0.37|0.83;0001-01-01T00:00:05.253+01:00|W3|0.8|0.07|0.00|0.07|0.69;0001-01-01T00:00:05.253+01:00|W4|1.5|0.08|0.23|0.08|1.53;0001-01-01T00:00:05.253+01:00|W5|1.1|0.50|0.07|0.50|0.94;0001-01-01T00:00:05.253+01:00|W6|1.9|-1.84|0.34|-1.84|0.41;0001-01-01T00:00:05.253+01:00|W7|2.8|-1.23|0.69|-1.23|2.44;0001-01-01T00:00:05.253+01:00|W8|1.3|-1.02|0.13|-1.02|0.84;0001-01-01T00:00:05.253+01:00|W9|1.5|-1.33|0.11|-1.33|0.69;0001-01-01T00:00:05.253+01:00|W10|0.8|-0.73|0.06|-0.73|0.16;0001-01-01T00:00:05.253+01:00|W11|0.9|-0.30|0.04|-0.30|0.84;0001-01-01T00:00:05.253+01:00|W12|1.0|-0.18|0.12|-0.18|0.95"
28.00;4.58;0001-01-01T00:00:05.2550000+01:00;28.45;-0.04;-6.66;34.3;3.801;6.981;27.584;-33.445;11.322;-23.095;98.231;-34.334;104.059;"0001-01-01T00:00:05.253+01:00|W1|1.1|0.06|0.06|0.06|1.11;0001-01-01T00:00:05.253+01:00|W2|0.9|-0.37|0.07|-0.37|0.83;0001-01-01T00:00:05.253+01:00|W3|0.8|0.07|0.00|0.07|0.69;0001-01-01T00:00:05.253+01:00|W4|1.5|0.08|0.23|0.08|1.53;0001-01-01T00:00:05.253+01:00|W5|1.1|0.50|0.07|0.50|0.94;0001-01-01T00:00:05.253+01:00|W6|1.9|-1.84|0.34|-1.84|0.41;0001-01-01T00:00:05.253+01:00|W7|2.8|-1.23|0.69|-1.23|2.44;0001-01-01T00:00:05.253+01:00|W8|1.3|-1.02|0.13|-1.02|0.84;0001-01-01T00:00:05.253+01:00|W9|1.5|-1.33|0.11|-1.33|0.69;0001-01-01T00:00:05.253+01:00|W10|0.8|-0.73|0.06|-0.73|0.16;0001-01-01T00:00:05.253+01:00|W11|0.9|-0.30|0.04|-0.30|0.84;0001-01-01T00:00:05.253+01:00|W12|1.0|-0.18|0.12|-0.18|0.95"
29.00;4.65;0001-01-01T00:00:05.2900000+01:00;29.41;-0.04;-7.00;33.7;3.222;6.620;28.882;-34.150;11.227;-22.608;98.212;-35.061;104.284;"0001-01-01T00:00:05.253+01:00|W1|1.1|0.06|0.06|0.06|1.11;0001-01-01T00:00:05.253+01:00|W2|0.9|-0.37|0.07|-0.37|0.83;0001-01-01T00:00:05.253+01:00|W3|0.8|0.07|0.00|0.07|0.69;0001-01-01T00:00:05.253+01:00|W4|1.5|0.08|0.23|0.08|1.53;0001-01-01T00:00:05.253+01:00|W5|1.1|0.50|0.07|0.50|0.94;0001-01-01T00:00:05.253+01:00|W6|1.9|-1.84|0.34|-1.84|0.41;0001-01-01T00:00:05.253+01:00|W7|2.8|-1.23|0.69|-1.23|2.44;0001-01-01T00:00:05.253+01:00|W8|1.3|-1.02|0.13|-1.02|0.84;0001-01-01T00:00:05.253+01:00|W9|1.5|-1.33|0.11|-1.33|0.69;0001-01-01T00:00:05.253+01:00|W10|0.8|-0.73|0.06|-0.73|0.16;0001-01-01T00:00:05.253+01:00|W11|0.9|-0.30|0.04|-0.30|0.84;0001-01-01T00:00:05.253+01:00|W12|1.0|-0.18|0.12|-0.18|0.95"
30.00;4.71;0001-01-01T00:00:05.3260000+01:00;30.36;-0.05;-7.35;33.1;2.903;6.372;29.308;-35.279;11.270;-22.035;98.242;-35.799;104.564;"0001-01-01T00:00:05.253+01:00|W1|1.1|0.06|0.06|0.06|1.11;0001-01-01T00:00:05.253+01:00|W2|0.9|-0.37|0.07|-0.37|0.83;0001-01-01T00:00:05.253+01:00|W3|0.8|0.07|0.00|0.07|0.69;0001-01-01T00:00:05.253+01:00|W4|1.5|0.08|0.23|0.08|1.53;0001-01-01T00:00:05.253+01:00|W5|1.1|0.50|0.07|0.50|0.94;0001-01-01T00:00:05.253+01:00|W6|1.9|-1.84|0.34|-1.84|0.41;0001-01-01T00:00:05.253+01:00|W7|2.8|-1.23|0.69|-1.23|2.44;0001-01-01T00:00:05.253+01:00|W8|1.3|-1.02|0.13|-1.02|0.84;0001-01-01T00:00:05.253+01:00|W9|1.5|-1.33|0.11|-1.33|0.69;0001-01-01T00:00:05.253+01:00|W10|0.8|-0.73|0.06|-0.73|0.16;0001-01-01T00:00:05.253+01:00|W11|0.9|-0.30|0.04|-0.30|0.84;0001-01-01T00:00:05.253+01:00|W12|1.0|-0.18|0.12|-0.18|0.95"
31.00;4.77;0001-01-01T00:00:05.3610000+01:00;31.32;-0.06;-7.69;32.5;2.712;6.178;29.307;-36.417;11.381;-21.450;98.291;-36.541;104.865;"0001-01-01T00:00:05.253+01:00|W1|1.1|0.06|0.06|0.06|1.11;0001-01-01T00:00:05.253+01:00|W2|0.9|-0.37|0.07|-0.37|0.83;0001-01-01T00:00:05.253+01:00|W3|0.8|0.07|0.00|0.07|0.69;0001-01-01T00:00:05.253+01:00|W4|1.5|0.08|0.23|0.08|1.53;0001-01-01T00:00:05.253+01:00|W5|1.1|0.50|0.07|0.50|0.94;0001-01-01T00:00:05.253+01:00|W6|1.9|-1.84|0.34|-1.84|0.41;0001-01-01T00:00:05.253+01:00|W7|2.8|-1.23|0.69|-1.23|2.44;0001-01-01T00:00:05.253+01:00|W8|1.3|-1.02|0.13|-1.02|0.84;0001-01-01T00:00:05.253+01:00|W9|1.5|-1.33|0.11|-1.33|0.69;0001-01-01T00:00:05.253+01:00|W10|0.8|-0.73|0.06|-0.73|0.16;0001-01-01T00:00:05.253+01:00|W11|0.9|-0.30|0.04|-0.30|0.84;0001-01-01T00:00:05.253+01:00|W12|1.0|-0.18|0.12|-0.18|0.95"
32.00;4.83;0001-01-01T00:00:05.3950000+01:00;32.27;-0.08;-8.05;32.0;2.523;5.981;29.307;-36.952;11.492;-20.951;98.320;-37.278;105.151;"0001-01-01T00:00:05.501+01:00|W1|1.1|0.04|0.04|0.04|1.10;0001-01-01T00:00:05.501+01:00|W2|1.0|-0.39|0.01|-0.39|0.87;0001-01-01T00:00:05.501+01:00|W3|0.8|0.10|0.05|0.10|0.70;0001-01-01T00:00:05.501+01:00|W4|1.6|0.11|0.13|0.11|1.61;0001-01-01T00:00:05.501+01:00|W5|1.1|0.59|0.03|0.59|0.92;0001-01-01T00:00:05.501+01:00|W6|1.9|-1.83|0.32|-1.83|0.34;0001-01-01T00:00:05.501+01:00|W7|2.8|-1.21|0.56|-1.21|2.38;0001-01-01T00:00:05.501+01:00|W8|1.3|-0.95|0.13|-0.95|0.85;0001-01-01T00:00:05.501+01:00|W9|1.6|-1.37|0.15|-1.37|0.72;0001-01-01T00:00:05.501+01:00|W10|0.8|-0.71|0.13|-0.71|0.15;0001-01-01T00:00:05.501+01:00|W11|0.8|-0.20|0.11|-0.20|0.76;0001-01-01T00:00:05.501+01:00|W12|0.9|-0.17|0.05|-0.17|0.82"
33.00;4.88;0001-01-01T00:00:05.4300000+01:00;33.22;-0.09;-8.41;31.6;2.333;5.924;29.306;-37.339;11.602;-20.519;98.369;-37.993;105.453;"0001-01-01T00:00:05.501+01:00|W1|1.1|0.04|0.04|0.04|1.10;0001-01-01T00:00:05.501+01:00|W2|1.0|-0.39|0.01|-0.39|0.87;0001-01-01T00:00:05.501+01:00|W3|0.8|0.10|0.05|0.10|0.70;0001-01-01T00:00:05.501+01:00|W4|1.6|0.11|0.13|0.11|1.61;0001-01-01T00:00:05.501+01:00|W5|1.1|0.59|0.03|0.59|0.92;0001-01-01T00:00:05.501+01:00|W6|1.9|-1.83|0.32|-1.83|0.34;0001-01-01T00:00:05.501+01:00|W7|2.8|-1.21|0.56|-1.21|2.38;0001-01-01T00:00:05.501+01:00|W8|1.3|-0.95|0.13|-0.95|0.85;0001-01-01T00:00:05.501+01:00|W9|1.6|-1.37|0.15|-1.37|0.72;0001-01-01T00:00:05.501+01:00|W10|0.8|-0.71|0.13|-0.71|0.15;0001-01-01T00:00:05.501+01:00|W11|0.8|-0.20|0.11|-0.20|0.76;0001-01-01T00:00:05.501+01:00|W12|0.9|-0.17|0.05|-0.17|0.82"
34.00;4.93;0001-01-01T00:00:05.4650000+01:00;34.16;-0.10;-8.77;31.2;2.145;5.945;29.305;-37.679;11.712;-20.106;98.377;-38.674;105.707;"0001-01-01T00:00:05.501+01:00|W1|1.1|0.04|0.04|0.04|1.10;0001-01-01T00:00:05.501+01:00|W2|1.0|-0.39|0.01|-0.39|0.87;0001-01-01T00:00:05.501+01:00|W3|0.8|0.10|0.05|0.10|0.70;0001-01-01T00:00:05.501+01:00|W4|1.6|0.11|0.13|0.11|1.61;0001-01-01T00:00:05.501+01:00|W5|1.1|0.59|0.03|0.59|0.92;0001-01-01T00:00:05.501+01:00|W6|1.9|-1.83|0.32|-1.83|0.34;0001-01-01T00:00:05.501+01:00|W7|2.8|-1.21|0.56|-1.21|2.38;0001-01-01T00:00:05.501+01:00|W8|1.3|-0.95|0.13|-0.95|0.85;0001-01-01T00:00:05.501+01:00|W9|1.6|-1.37|0.15|-1.37|0.72;0001-01-01T00:00:05.501+01:00|W10|0.8|-0.71|0.13|-0.71|0.15;0001-01-01T00:00:05.501+01:00|W11|0.8|-0.20|0.11|-0.20|0.76;0001-01-01T00:00:05.501+01:00|W12|0.9|-0.17|0.05|-0.17|0.82"
35.00;4.97;0001-01-01T00:00:05.4990000+01:00;35.10;-0.12;-9.14;30.8;1.957;6.043;29.305;-38.000;11.822;-19.700;98.306;-39.306;105.874;"0001-01-01T00:00:05.501+01:00|W1|1.1|0.04|0.04|0.04|1.10;0001-01-01T00:00:05.501+01:00|W2|1.0|-0.39|0.01|-0.39|0.87;0001-01-01T00:00:05.501+01:00|W3|0.8|0.10|0.05|0.10|0.70;0001-01-01T00:00:05.501+01:00|W4|1.6|0.11|0.13|0.11|1.61;0001-01-01T00:00:05.501+01:00|W5|1.1|0.59|0.03|0.59|0.92;0001-01-01T00:00:05.501+01:00|W6|1.9|-1.83|0.32|-1.83|0.34;0001-01-01T00:00:05.501+01:00|W7|2.8|-1.21|0.56|-1.21|2.38;0001-01-01T00:00:05.501+01:00|W8|1.3|-0.95|0.13|-0.95|0.85;0001-01-01T00:00:05.501+01:00|W9|1.6|-1.37|0.15|-1.37|0.72;0001-01-01T00:00:05.501+01:00|W10|0.8|-0.71|0.13|-0.71|0.15;0001-01-01T00:00:05.501+01:00|W11|0.8|-0.20|0.11|-0.20|0.76;0001-01-01T00:00:05.501+01:00|W12|0.9|-0.17|0.05|-0.17|0.82"
36.00;5.00;0001-01-01T00:00:05.5340000+01:00;36.03;-0.13;-9.52;30.4;1.769;6.270;29.304;-38.195;11.931;-19.299;98.213;-39.844;105.988;"0001-01-01T00:00:05.501+01:00|W1|1.1|0.04|0.04|0.04|1.10;0001-01-01T00:00:05.501+01:00|W2|1.0|-0.39|0.01|-0.39|0.87;0001-01-01T00:00:05.501+01:00|W3|0.8|0.10|0.05|0.10|0.70;0001-01-01T00:00:05.501+01:00|W4|1.6|0.11|0.13|0.11|1.61;0001-01-01T00:00:05.501+01:00|W5|1.1|0.59|0.03|0.59|0.92;0001-01-01T00:00:05.501+01:00|W6|1.9|-1.83|0.32|-1.83|0.34;0001-01-01T00:00:05.501+01:00|W7|2.8|-1.21|0.56|-1.21|2.38;0001-01-01T00:00:05.501+01:00|W8|1.3|-0.95|0.13|-0.95|0.85;0001-01-01T00:00:05.501+01:00|W9|1.6|-1.37|0.15|-1.37|0.72;0001-01-01T00:00:05.501+01:00|W10|0.8|-0.71|0.13|-0.71|0.15;0001-01-01T00:00:05.501+01:00|W11|0.8|-0.20|0.11|-0.20|0.76;0001-01-01T00:00:05.501+01:00|W12|0.9|-0.17|0.05|-0.17|0.82"
37.00;5.04;0001-01-01T00:00:05.5680000+01:00;36.97;-0.14;-9.90;30.0;1.583;6.553;29.304;-38.233;12.040;-18.886;98.107;-40.373;106.090;"0001-01-01T00:00:05.501+01:00|W1|1.1|0.04|0.04|0.04|1.10;0001-01-01T00:00:05.501+01:00|W2|1.0|-0.39|0.01|-0.39|0.87;0001-01-01T00:00:05.501+01:00|W3|0.8|0.10|0.05|0.10|0.70;0001-01-01T00:00:05.501+01:00|W4|1.6|0.11|0.13|0.11|1.61;0001-01-01T00:00:05.501+01:00|W5|1.1|0.59|0.03|0.59|0.92;0001-01-01T00:00:05.501+01:00|W6|1.9|-1.83|0.32|-1.83|0.34;0001-01-01T00:00:05.501+01:00|W7|2.8|-1.21|0.56|-1.21|2.38;0001-01-01T00:00:05.501+01:00|W8|1.3|-0.95|0.13|-0.95|0.85;0001-01-01T00:00:05.501+01:00|W9|1.6|-1.37|0.15|-1.37|0.72;0001-01-01T00:00:05.501+01:00|W10|0.8|-0.71|0.13|-0.71|0.15;0001-01-01T00:00:05.501+01:00|W11|0.8|-0.20|0.11|-0.20|0.76;0001-01-01T00:00:05.501+01:00|W12|0.9|-0.17|0.05|-0.17|0.82"
38.00;5.07;0001-01-01T00:00:05.6020000+01:00;37.90;-0.15;-10.28;29.5;1.396;6.889;29.303;-38.099;12.149;-18.460;97.988;-40.900;106.181;"0001-01-01T00:00:05.501+01:00|W1|1.1|0.04|0.04|0.04|1.10;0001-01-01T00:00:05.501+01:00|W2|1.0|-0.39|0.01|-0.39|0.87;0001-01-01T00:00:05.501+01:00|W3|0.8|0.10|0.05|0.10|0.70;0001-01-01T00:00:05.501+01:00|W4|1.6|0.11|0.13|0.11|1.61;0001-01-01T00:00:05.501+01:00|W5|1.1|0.59|0.03|0.59|0.92;0001-01-01T00:00:05.501+01:00|W6|1.9|-1.83|0.32|-1.83|0.34;0001-01-01T00:00:05.501+01:00|W7|2.8|-1.21|0.56|-1.21|2.38;0001-01-01T00:00:05.501+01:00|W8|1.3|-0.95|0.13|-0.95|0.85;0001-01-01T00:00:05.501+01:00|W9|1.6|-1.37|0.15|-1.37|0.72;0001-01-01T00:00:05.501+01:00|W10|0.8|-0.71|0.13|-0.71|0.15;0001-01-01T00:00:05.501+01:00|W11|0.8|-0.20|0.11|-0.20|0.76;0001-01-01T00:00:05.501+01:00|W12|0.9|-0.17|0.05|-0.17|0.82"
39.00;5.09;0001-01-01T00:00:05.6360000+01:00;38.82;-0.16;-10.66;29.3;1.210;7.195;29.302;-38.867;12.257;-18.198;97.770;-41.427;106.186;"0001-01-01T00:00:05.750+01:00|W1|1.1|-0.01|0.03|-0.01|1.11;0001-01-01T00:00:05.750+01:00|W2|1.0|-0.41|0.00|-0.41|0.87;0001-01-01T00:00:05.750+01:00|W3|0.8|0.10|0.06|0.10|0.70;0001-01-01T00:00:05.750+01:00|W4|1.7|0.04|0.08|0.04|1.65;0001-01-01T00:00:05.750+01:00|W5|1.1|0.60|0.02|0.60|0.93;0001-01-01T00:00:05.750+01:00|W6|1.7|-1.70|0.18|-1.70|0.29;0001-01-01T00:00:05.750+01:00|W7|2.7|-1.13|0.40|-1.13|2.36;0001-01-01T00:00:05.750+01:00|W8|1.3|-0.91|0.13|-0.91|0.87;0001-01-01T00:00:05.750+01:00|W9|1.6|-1.36|0.14|-1.36|0.74;0001-01-01T00:00:05.750+01:00|W10|0.7|-0.70|0.15|-0.70|0.11;0001-01-01T00:00:05.750+01:00|W11|0.8|-0.21|0.13|-0.21|0.72;0001-01-01T00:00:05.750+01:00|W12|0.8|-0.15|0.12|-0.15|0.75"
40.00;5.11;0001-01-01T00:00:05.6700000+01:00;39.75;-0.17;-11.05;29.1;1.025;7.426;29.302;-39.573;12.366;-18.061;97.658;-41.978;106.299;"0001-01-01T00:00:05.750+01:00|W1|1.1|-0.01|0.03|-0.01|1.11;0001-01-01T00:00:05.750+01:00|W2|1.0|-0.41|0.00|-0.41|0.87;0001-01-01T00:00:05.750+01:00|W3|0.8|0.10|0.06|0.10|0.70;0001-01-01T00:00:05.750+01:00|W4|1.7|0.04|0.08|0.04|1.65;0001-01-01T00:00:05.750+01:00|W5|1.1|0.60|0.02|0.60|0.93;0001-01-01T00:00:05.750+01:00|W6|1.7|-1.70|0.18|-1.70|0.29;0001-01-01T00:00:05.750+01:00|W7|2.7|-1.13|0.40|-1.13|2.36;0001-01-01T00:00:05.750+01:00|W8|1.3|-0.91|0.13|-0.91|0.87;0001-01-01T00:00:05.750+01:00|W9|1.6|-1.36|0.14|-1.36|0.74;0001-01-01T00:00:05.750+01:00|W10|0.7|-0.70|0.15|-0.70|0.11;0001-01-01T00:00:05.750+01:00|W11|0.8|-0.21|0.13|-0.21|0.72;0001-01-01T00:00:05.750+01:00|W12|0.8|-0.15|0.12|-0.15|0.75"
41.00;5.13;0001-01-01T00:00:05.7040000+01:00;40.67;-0.18;-11.44;29.1;0.840;7.585;29.301;-40.212;12.473;-18.045;97.633;-42.551;106.503;"0001-01-01T00:00:05.750+01:00|W1|1.1|-0.01|0.03|-0.01|1.11;0001-01-01T00:00:05.750+01:00|W2|1.0|-0.41|0.00|-0.41|0.87;0001-01-01T00:00:05.750+01:00|W3|0.8|0.10|0.06|0.10|0.70;0001-01-01T00:00:05.750+01:00|W4|1.7|0.04|0.08|0.04|1.65;0001-01-01T00:00:05.750+01:00|W5|1.1|0.60|0.02|0.60|0.93;0001-01-01T00:00:05.750+01:00|W6|1.7|-1.70|0.18|-1.70|0.29;0001-01-01T00:00:05.750+01:00|W7|2.7|-1.13|0.40|-1.13|2.36;0001-01-01T00:00:05.750+01:00|W8|1.3|-0.91|0.13|-0.91|0.87;0001-01-01T00:00:05.750+01:00|W9|1.6|-1.36|0.14|-1.36|0.74;0001-01-01T00:00:05.750+01:00|W10|0.7|-0.70|0.15|-0.70|0.11;0001-01-01T00:00:05.750+01:00|W11|0.8|-0.21|0.13|-0.21|0.72;0001-01-01T00:00:05.750+01:00|W12|0.8|-0.15|0.12|-0.15|0.75"
42.00;5.12;0001-01-01T00:00:05.7380000+01:00;41.58;-0.19;-11.85;29.3;0.655;7.634;29.300;-40.633;12.581;-18.234;97.540;-43.121;106.648;"0001-01-01T00:00:05.750+01:00|W1|1.1|-0.01|0.03|-0.01|1.11;0001-01-01T00:00:05.750+01:00|W2|1.0|-0.41|0.00|-0.41|0.87;0001-01-01T00:00:05.750+01:00|W3|0.8|0.10|0.06|0.10|0.70;0001-01-01T00:00:05.750+01:00|W4|1.7|0.04|0.08|0.04|1.65;0001-01-01T00:00:05.750+01:00|W5|1.1|0.60|0.02|0.60|0.93;0001-01-01T00:00:05.750+01:00|W6|1.7|-1.70|0.18|-1.70|0.29;0001-01-01T00:00:05.750+01:00|W7|2.7|-1.13|0.40|-1.13|2.36;0001-01-01T00:00:05.750+01:00|W8|1.3|-0.91|0.13|-0.91|0.87;0001-01-01T00:00:05.750+01:00|W9|1.6|-1.36|0.14|-1.36|0.74;0001-01-01T00:00:05.750+01:00|W10|0.7|-0.70|0.15|-0.70|0.11;0001-01-01T00:00:05.750+01:00|W11|0.8|-0.21|0.13|-0.21|0.72;0001-01-01T00:00:05.750+01:00|W12|0.8|-0.15|0.12|-0.15|0.75"
43.00;5.12;0001-01-01T00:00:05.7720000+01:00;42.49;-0.20;-12.25;29.6;0.471;7.637;29.300;-41.152;12.688;-18.528;97.460;-43.662;106.795;"0001-01-01T00:00:05.750+01:00|W1|1.1|-0.01|0.03|-0.01|1.11;0001-01-01T00:00:05.750+01:00|W2|1.0|-0.41|0.00|-0.41|0.87;0001-01-01T00:00:05.750+01:00|W3|0.8|0.10|0.06|0.10|0.70;0001-01-01T00:00:05.750+01:00|W4|1.7|0.04|0.08|0.04|1.65;0001-01-01T00:00:05.750+01:00|W5|1.1|0.60|0.02|0.60|0.93;0001-01-01T00:00:05.750+01:00|W6|1.7|-1.70|0.18|-1.70|0.29;0001-01-01T00:00:05.750+01:00|W7|2.7|-1.13|0.40|-1.13|2.36;0001-01-01T00:00:05.750+01:00|W8|1.3|-0.91|0.13|-0.91|0.87;0001-01-01T00:00:05.750+01:00|W9|1.6|-1.36|0.14|-1.36|0.74;0001-01-01T00:00:05.750+01:00|W10|0.7|-0.70|0.15|-0.70|0.11;0001-01-01T00:00:05.750+01:00|W11|0.8|-0.21|0.13|-0.21|0.72;0001-01-01T00:00:05.750+01:00|W12|0.8|-0.15|0.12|-0.15|0.75"
44.00;5.12;0001-01-01T00:00:05.8050000+01:00;43.40;-0.21;-12.66;30.0;0.288;7.584;29.299;-41.678;12.795;-18.910;97.398;-44.180;106.952;"0001-01-01T00:00:05.750+01:00|W1|1.1|-0.01|0.03|-0.01|1.11;0001-01-01T00:00:05.750+01:00|W2|1.0|-0.41|0.00|-0.41|0.87;0001-01-01T00:00:05.750+01:00|W3|0.8|0.10|0.06|0.10|0.70;0001-01-01T00:00:05.750+01:00|W4|1.7|0.04|0.08|0.04|1.65;0001-01-01T00:00:05.750+01:00|W5|1.1|0.60|0.02|0.60|0.93;0001-01-01T00:00:05.750+01:00|W6|1.7|-1.70|0.18|-1.70|0.29;0001-01-01T00:00:05.750+01:00|W7|2.7|-1.13|0.40|-1.13|2.36;0001-01-01T00:00:05.750+01:00|W8|1.3|-0.91|0.13|-0.91|0.87;0001-01-01T00:00:05.750+01:00|W9|1.6|-1.36|0.14|-1.36|0.74;0001-01-01T00:00:05.750+01:00|W10|0.7|-0.70|0.15|-0.70|0.11;0001-01-01T00:00:05.750+01:00|W11|0.8|-0.21|0.13|-0.21|0.72;0001-01-01T00:00:05.750+01:00|W12|0.8|-0.15|0.12|-0.15|0.75"
45.00;5.10;0001-01-01T00:00:05.8390000+01:00;44.31;-0.23;-13.06;30.5;0.105;7.318;29.299;-41.617;12.902;-19.412;97.402;-44.672;107.160;"0001-01-01T00:00:05.750+01:00|W1|1.1|-0.01|0.03|-0.01|1.11;0001-01-01T00:00:05.750+01:00|W2|1.0|-0.41|0.00|-0.41|0.87;0001-01-01T00:00:05.750+01:00|W3|0.8|0.10|0.06|0.10|0.70;0001-01-01T00:00:05.750+01:00|W4|1.7|0.04|0.08|0.04|1.65;0001-01-01T00:00:05.750+01:00|W5|1.1|0.60|0.02|0.60|0.93;0001-01-01T00:00:05.750+01:00|W6|1.7|-1.70|0.18|-1.70|0.29;0001-01-01T00:00:05.750+01:00|W7|2.7|-1.13|0.40|-1.13|2.36;0001-01-01T00:00:05.750+01:00|W8|1.3|-0.91|0.13|-0.91|0.87;0001-01-01T00:00:05.750+01:00|W9|1.6|-1.36|0.14|-1.36|0.74;0001-01-01T00:00:05.750+01:00|W10|0.7|-0.70|0.15|-0.70|0.11;0001-01-01T00:00:05.750+01:00|W11|0.8|-0.21|0.13|-0.21|0.72;0001-01-01T00:00:05.750+01:00|W12|0.8|-0.15|0.12|-0.15|0.75"
46.00;5.08;0001-01-01T00:00:05.8720000+01:00;45.21;-0.24;-13.48;30.9;-0.077;7.027;29.298;-42.175;13.008;-19.801;97.391;-45.149;107.350;"0001-01-01T00:00:05.750+01:00|W1|1.1|-0.01|0.03|-0.01|1.11;0001-01-01T00:00:05.750+01:00|W2|1.0|-0.41|0.00|-0.41|0.87;0001-01-01T00:00:05.750+01:00|W3|0.8|0.10|0.06|0.10|0.70;0001-01-01T00:00:05.750+01:00|W4|1.7|0.04|0.08|0.04|1.65;0001-01-01T00:00:05.750+01:00|W5|1.1|0.60|0.02|0.60|0.93;0001-01-01T00:00:05.750+01:00|W6|1.7|-1.70|0.18|-1.70|0.29;0001-01-01T00:00:05.750+01:00|W7|2.7|-1.13|0.40|-1.13|2.36;0001-01-01T00:00:05.750+01:00|W8|1.3|-0.91|0.13|-0.91|0.87;0001-01-01T00:00:05.750+01:00|W9|1.6|-1.36|0.14|-1.36|0.74;0001-01-01T00:00:05.750+01:00|W10|0.7|-0.70|0.15|-0.70|0.11;0001-01-01T00:00:05.750+01:00|W11|0.8|-0.21|0.13|-0.21|0.72;0001-01-01T00:00:05.750+01:00|W12|0.8|-0.15|0.12|-0.15|0.75"
47.00;5.05;0001-01-01T00:00:05.9060000+01:00;46.11;-0.24;-13.91;31.3;-0.259;6.720;29.297;-43.137;13.114;-20.077;97.358;-45.643;107.529;"0001-01-01T00:00:05.999+01:00|W1|1.2|-0.04|0.00|-0.04|1.14;0001-01-01T00:00:05.999+01:00|W2|1.0|-0.43|0.00|-0.43|0.85;0001-01-01T00:00:05.999+01:00|W3|0.9|0.14|0.07|0.14|0.71;0001-01-01T00:00:05.999+01:00|W4|1.7|0.04|0.08|0.04|1.65;0001-01-01T00:00:05.999+01:00|W5|1.1|0.59|0.04|0.59|0.91;0001-01-01T00:00:05.999+01:00|W6|1.7|-1.61|0.11|-1.61|0.38;0001-01-01T00:00:05.999+01:00|W7|2.6|-1.02|0.25|-1.02|2.34;0001-01-01T00:00:05.999+01:00|W8|1.3|-0.91|0.13|-0.91|0.87;0001-01-01T00:00:05.999+01:00|W9|1.6|-1.35|0.11|-1.35|0.72;0001-01-01T00:00:05.999+01:00|W10|0.6|-0.61|0.23|-0.61|0.05;0001-01-01T00:00:05.999+01:00|W11|0.7|-0.23|0.12|-0.23|0.70;0001-01-01T00:00:05.999+01:00|W12|0.7|-0.12|0.16|-0.12|0.72"
48.00;4.98;0001-01-01T00:00:05.9390000+01:00;47.01;-0.19;-14.38;32.7;-0.443;6.424;29.297;-44.097;13.221;-20.037;97.219;-46.356;107.707;"0001-01-01T00:00:05.999+01:00|W1|1.2|-0.04|0.00|-0.04|1.14;0001-01-01T00:00:05.999+01:00|W2|1.0|-0.43|0.00|-0.43|0.85;0001-01-01T00:00:05.999+01:00|W3|0.9|0.14|0.07|0.14|0.71;0001-01-01T00:00:05.999+01:00|W4|1.7|0.04|0.08|0.04|1.65;0001-01-01T00:00:05.999+01:00|W5|1.1|0.59|0.04|0.59|0.91;0001-01-01T00:00:05.999+01:00|W6|1.7|-1.61|0.11|-1.61|0.38;0001-01-01T00:00:05.999+01:00|W7|2.6|-1.02|0.25|-1.02|2.34;0001-01-01T00:00:05.999+01:00|W8|1.3|-0.91|0.13|-0.91|0.87;0001-01-01T00:00:05.999+01:00|W9|1.6|-1.35|0.11|-1.35|0.72;0001-01-01T00:00:05.999+01:00|W10|0.6|-0.61|0.23|-0.61|0.05;0001-01-01T00:00:05.999+01:00|W11|0.7|-0.23|0.12|-0.23|0.70;0001-01-01T00:00:05.999+01:00|W12|0.7|-0.12|0.16|-0.12|0.72"
49.00;4.94;0001-01-01T00:00:05.9730000+01:00;47.92;-0.17;-14.83;33.0;-0.576;6.166;29.127;-44.772;13.370;-19.795;97.153;-46.965;107.910;"0001-01-01T00:00:05.999+01:00|W1|1.2|-0.04|0.00|-0.04|1.14;0001-01-01T00:00:05.999+01:00|W2|1.0|-0.43|0.00|-0.43|0.85;0001-01-01T00:00:05.999+01:00|W3|0.9|0.14|0.07|0.14|0.71;0001-01-01T00:00:05.999+01:00|W4|1.7|0.04|0.08|0.04|1.65;0001-01-01T00:00:05.999+01:00|W5|1.1|0.59|0.04|0.59|0.91;0001-01-01T00:00:05.999+01:00|W6|1.7|-1.61|0.11|-1.61|0.38;0001-01-01T00:00:05.999+01:00|W7|2.6|-1.02|0.25|-1.02|2.34;0001-01-01T00:00:05.999+01:00|W8|1.3|-0.91|0.13|-0.91|0.87;0001-01-01T00:00:05.999+01:00|W9|1.6|-1.35|0.11|-1.35|0.72;0001-01-01T00:00:05.999+01:00|W10|0.6|-0.61|0.23|-0.61|0.05;0001-01-01T00:00:05.999+01:00|W11|0.7|-0.23|0.12|-0.23|0.70;0001-01-01T00:00:05.999+01:00|W12|0.7|-0.12|0.16|-0.12|0.72"
50.00;4.92;0001-01-01T00:00:06.0070000+01:00;48.84;-0.18;-15.26;32.6;-0.679;5.937;28.853;-45.243;13.545;-19.408;97.146;-47.527;108.150;"0001-01-01T00:00:05.999+01:00|W1|1.2|-0.04|0.00|-0.04|1.14;0001-01-01T00:00:05.999+01:00|W2|1.0|-0.43|0.00|-0.43|0.85;0001-01-01T00:00:05.999+01:00|W3|0.9|0.14|0.07|0.14|0.71;0001-01-01T00:00:05.999+01:00|W4|1.7|0.04|0.08|0.04|1.65;0001-01-01T00:00:05.999+01:00|W5|1.1|0.59|0.04|0.59|0.91;0001-01-01T00:00:05.999+01:00|W6|1.7|-1.61|0.11|-1.61|0.38;0001-01-01T00:00:05.999+01:00|W7|2.6|-1.02|0.25|-1.02|2.34;0001-01-01T00:00:05.999+01:00|W8|1.3|-0.91|0.13|-0.91|0.87;0001-01-01T00:00:05.999+01:00|W9|1.6|-1.35|0.11|-1.35|0.72;0001-01-01T00:00:05.999+01:00|W10|0.6|-0.61|0.23|-0.61|0.05;0001-01-01T00:00:05.999+01:00|W11|0.7|-0.23|0.12|-0.23|0.70;0001-01-01T00:00:05.999+01:00|W12|0.7|-0.12|0.16|-0.12|0.72"
51.00;4.89;0001-01-01T00:00:06.0410000+01:00;49.75;-0.20;-15.71;32.1;-0.783;5.736;28.578;-45.538;13.720;-18.886;97.223;-48.198;108.515;"0001-01-01T00:00:05.999+01:00|W1|1.2|-0.04|0.00|-0.04|1.14;0001-01-01T00:00:05.999+01:00|W2|1.0|-0.43|0.00|-0.43|0.85;0001-01-01T00:00:05.999+01:00|W3|0.9|0.14|0.07|0.14|0.71;0001-01-01T00:00:05.999+01:00|W4|1.7|0.04|0.08|0.04|1.65;0001-01-01T00:00:05.999+01:00|W5|1.1|0.59|0.04|0.59|0.91;0001-01-01T00:00:05.999+01:00|W6|1.7|-1.61|0.11|-1.61|0.38;0001-01-01T00:00:05.999+01:00|W7|2.6|-1.02|0.25|-1.02|2.34;0001-01-01T00:00:05.999+01:00|W8|1.3|-0.91|0.13|-0.91|0.87;0001-01-01T00:00:05.999+01:00|W9|1.6|-1.35|0.11|-1.35|0.72;0001-01-01T00:00:05.999+01:00|W10|0.6|-0.61|0.23|-0.61|0.05;0001-01-01T00:00:05.999+01:00|W11|0.7|-0.23|0.12|-0.23|0.70;0001-01-01T00:00:05.999+01:00|W12|0.7|-0.12|0.16|-0.12|0.72"
52.00;4.84;0001-01-01T00:00:06.0740000+01:00;50.65;-0.20;-16.17;32.0;-0.886;5.590;28.306;-45.787;13.894;-18.386;97.183;-48.749;108.726;"0001-01-01T00:00:05.999+01:00|W1|1.2|-0.04|0.00|-0.04|1.14;0001-01-01T00:00:05.999+01:00|W2|1.0|-0.43|0.00|-0.43|0.85;0001-01-01T00:00:05.999+01:00|W3|0.9|0.14|0.07|0.14|0.71;0001-01-01T00:00:05.999+01:00|W4|1.7|0.04|0.08|0.04|1.65;0001-01-01T00:00:05.999+01:00|W5|1.1|0.59|0.04|0.59|0.91;0001-01-01T00:00:05.999+01:00|W6|1.7|-1.61|0.11|-1.61|0.38;0001-01-01T00:00:05.999+01:00|W7|2.6|-1.02|0.25|-1.02|2.34;0001-01-01T00:00:05.999+01:00|W8|1.3|-0.91|0.13|-0.91|0.87;0001-01-01T00:00:05.999+01:00|W9|1.6|-1.35|0.11|-1.35|0.72;0001-01-01T00:00:05.999+01:00|W10|0.6|-0.61|0.23|-0.61|0.05;0001-01-01T00:00:05.999+01:00|W11|0.7|-0.23|0.12|-0.23|0.70;0001-01-01T00:00:05.999+01:00|W12|0.7|-0.12|0.16|-0.12|0.72"
53.00;4.80;0001-01-01T00:00:06.1080000+01:00;51.56;-0.19;-16.64;32.0;-1.026;5.472;28.006;-46.009;14.060;-17.939;97.098;-49.242;108.873;"0001-01-01T00:00:05.999+01:00|W1|1.2|-0.04|0.00|-0.04|1.14;0001-01-01T00:00:05.999+01:00|W2|1.0|-0.43|0.00|-0.43|0.85;0001-01-01T00:00:05.999+01:00|W3|0.9|0.14|0.07|0.14|0.71;0001-01-01T00:00:05.999+01:00|W4|1.7|0.04|0.08|0.04|1.65;0001-01-01T00:00:05.999+01:00|W5|1.1|0.59|0.04|0.59|0.91;0001-01-01T00:00:05.999+01:00|W6|1.7|-1.61|0.11|-1.61|0.38;0001-01-01T00:00:05.999+01:00|W7|2.6|-1.02|0.25|-1.02|2.34;0001-01-01T00:00:05.999+01:00|W8|1.3|-0.91|0.13|-0.91|0.87;0001-01-01T00:00:05.999+01:00|W9|1.6|-1.35|0.11|-1.35|0.72;0001-01-01T00:00:05.999+01:00|W10|0.6|-0.61|0.23|-0.61|0.05;0001-01-01T00:00:05.999+01:00|W11|0.7|-0.23|0.12|-0.23|0.70;0001-01-01T00:00:05.999+01:00|W12|0.7|-0.12|0.16|-0.12|0.72"
54.00;4.77;0001-01-01T00:00:06.1410000+01:00;52.46;-0.20;-17.10;31.9;-1.340;5.352;27.573;-46.206;14.192;-17.696;97.080;-49.742;109.084;"0001-01-01T00:00:06.246+01:00|W1|1.2|-0.04|0.00|-0.04|1.14;0001-01-01T00:00:06.246+01:00|W2|1.0|-0.43|0.00|-0.43|0.85;0001-01-01T00:00:06.246+01:00|W3|0.9|0.14|0.07|0.14|0.71;0001-01-01T00:00:06.246+01:00|W4|1.7|0.04|0.08|0.04|1.65;0001-01-01T00:00:06.246+01:00|W5|1.1|0.59|0.04|0.59|0.91;0001-01-01T00:00:06.246+01:00|W6|1.7|-1.61|0.11|-1.61|0.38;0001-01-01T00:00:06.246+01:00|W7|2.6|-1.02|0.25|-1.02|2.34;0001-01-01T00:00:06.246+01:00|W8|1.3|-0.91|0.13|-0.91|0.87;0001-01-01T00:00:06.246+01:00|W9|1.6|-1.35|0.11|-1.35|0.72;0001-01-01T00:00:06.246+01:00|W10|0.6|-0.61|0.23|-0.61|0.05;0001-01-01T00:00:06.246+01:00|W11|0.7|-0.23|0.12|-0.23|0.70;0001-01-01T00:00:06.246+01:00|W12|0.7|-0.12|0.16|-0.12|0.72"
55.00;4.73;0001-01-01T00:00:06.1750000+01:00;53.36;-0.21;-17.56;31.8;-1.680;5.298;27.639;-46.363;14.308;-17.547;97.062;-50.250;109.300;"0001-01-01T00:00:06.246+01:00|W1|1.2|-0.04|0.00|-0.04|1.14;0001-01-01T00:00:06.246+01:00|W2|1.0|-0.43|0.00|-0.43|0.85;0001-01-01T00:00:06.246+01:00|W3|0.9|0.14|0.07|0.14|0.71;0001-01-01T00:00:06.246+01:00|W4|1.7|0.04|0.08|0.04|1.65;0001-01-01T00:00:06.246+01:00|W5|1.1|0.59|0.04|0.59|0.91;0001-01-01T00:00:06.246+01:00|W6|1.7|-1.61|0.11|-1.61|0.38;0001-01-01T00:00:06.246+01:00|W7|2.6|-1.02|0.25|-1.02|2.34;0001-01-01T00:00:06.246+01:00|W8|1.3|-0.91|0.13|-0.91|0.87;0001-01-01T00:00:06.246+01:00|W9|1.6|-1.35|0.11|-1.35|0.72;0001-01-01T00:00:06.246+01:00|W10|0.6|-0.61|0.23|-0.61|0.05;0001-01-01T00:00:06.246+01:00|W11|0.7|-0.23|0.12|-0.23|0.70;0001-01-01T00:00:06.246+01:00|W12|0.7|-0.12|0.16|-0.12|0.72"
56.00;4.69;0001-01-01T00:00:06.2080000+01:00;54.27;-0.22;-18.03;31.9;-2.047;5.290;27.713;-46.555;14.435;-17.457;97.053;-50.775;109.535;"0001-01-01T00:00:06.246+01:00|W1|1.2|-0.04|0.00|-0.04|1.14;0001-01-01T00:00:06.246+01:00|W2|1.0|-0.43|0.00|-0.43|0.85;0001-01-01T00:00:06.246+01:00|W3|0.9|0.14|0.07|0.14|0.71;0001-01-01T00:00:06.246+01:00|W4|1.7|0.04|0.08|0.04|1.65;0001-01-01T00:00:06.246+01:00|W5|1.1|0.59|0.04|0.59|0.91;0001-01-01T00:00:06.246+01:00|W6|1.7|-1.61|0.11|-1.61|0.38;0001-01-01T00:00:06.246+01:00|W7|2.6|-1.02|0.25|-1.02|2.34;0001-01-01T00:00:06.246+01:00|W8|1.3|-0.91|0.13|-0.91|0.87;0001-01-01T00:00:06.246+01:00|W9|1.6|-1.35|0.11|-1.35|0.72;0001-01-01T00:00:06.246+01:00|W10|0.6|-0.61|0.23|-0.61|0.05;0001-01-01T00:00:06.246+01:00|W11|0.7|-0.23|0.12|-0.23|0.70;0001-01-01T00:00:06.246+01:00|W12|0.7|-0.12|0.16|-0.12|0.72"
57.00;4.65;0001-01-01T00:00:06.2420000+01:00;55.17;-0.22;-18.51;32.1;-2.479;5.345;26.831;-46.978;14.638;-17.434;97.082;-51.357;109.832;"0001-01-01T00:00:06.246+01:00|W1|1.2|-0.04|0.00|-0.04|1.14;0001-01-01T00:00:06.246+01:00|W2|1.0|-0.43|0.00|-0.43|0.85;0001-01-01T00:00:06.246+01:00|W3|0.9|0.14|0.07|0.14|0.71;0001-01-01T00:00:06.246+01:00|W4|1.7|0.04|0.08|0.04|1.65;0001-01-01T00:00:06.246+01:00|W5|1.1|0.59|0.04|0.59|0.91;0001-01-01T00:00:06.246+01:00|W6|1.7|-1.61|0.11|-1.61|0.38;0001-01-01T00:00:06.246+01:00|W7|2.6|-1.02|0.25|-1.02|2.34;0001-01-01T00:00:06.246+01:00|W8|1.3|-0.91|0.13|-0.91|0.87;0001-01-01T00:00:06.246+01:00|W9|1.6|-1.35|0.11|-1.35|0.72;0001-01-01T00:00:06.246+01:00|W10|0.6|-0.61|0.23|-0.61|0.05;0001-01-01T00:00:06.246+01:00|W11|0.7|-0.23|0.12|-0.23|0.70;0001-01-01T00:00:06.246+01:00|W12|0.7|-0.12|0.16|-0.12|0.72"
58.00;4.61;0001-01-01T00:00:06.2750000+01:00;56.06;-0.23;-18.98;32.0;-2.684;5.476;26.542;-47.403;14.658;-17.348;97.111;-51.924;110.122;"0001-01-01T00:00:06.246+01:00|W1|1.2|-0.04|0.00|-0.04|1.14;0001-01-01T00:00:06.246+01:00|W2|1.0|-0.43|0.00|-0.43|0.85;0001-01-01T00:00:06.246+01:00|W3|0.9|0.14|0.07|0.14|0.71;0001-01-01T00:00:06.246+01:00|W4|1.7|0.04|0.08|0.04|1.65;0001-01-01T00:00:06.246+01:00|W5|1.1|0.59|0.04|0.59|0.91;0001-01-01T00:00:06.246+01:00|W6|1.7|-1.61|0.11|-1.61|0.38;0001-01-01T00:00:06.246+01:00|W7|2.6|-1.02|0.25|-1.02|2.34;0001-01-01T00:00:06.246+01:00|W8|1.3|-0.91|0.13|-0.91|0.87;0001-01-01T00:00:06.246+01:00|W9|1.6|-1.35|0.11|-1.35|0.72;0001-01-01T00:00:06.246+01:00|W10|0.6|-0.61|0.23|-0.61|0.05;0001-01-01T00:00:06.246+01:00|W11|0.7|-0.23|0.12|-0.23|0.70;0001-01-01T00:00:06.246+01:00|W12|0.7|-0.12|0.16|-0.12|0.72"
59.00;4.58;0001-01-01T00:00:06.3080000+01:00;56.96;-0.23;-19.46;31.9;-2.785;5.642;26.522;-47.700;14.596;-17.221;97.121;-52.492;110.400;"0001-01-01T00:00:06.246+01:00|W1|1.2|-0.04|0.00|-0.04|1.14;0001-01-01T00:00:06.246+01:00|W2|1.0|-0.43|0.00|-0.43|0.85;0001-01-01T00:00:06.246+01:00|W3|0.9|0.14|0.07|0.14|0.71;0001-01-01T00:00:06.246+01:00|W4|1.7|0.04|0.08|0.04|1.65;0001-01-01T00:00:06.246+01:00|W5|1.1|0.59|0.04|0.59|0.91;0001-01-01T00:00:06.246+01:00|W6|1.7|-1.61|0.11|-1.61|0.38;0001-01-01T00:00:06.246+01:00|W7|2.6|-1.02|0.25|-1.02|2.34;0001-01-01T00:00:06.246+01:00|W8|1.3|-0.91|0.13|-0.91|0.87;0001-01-01T00:00:06.246+01:00|W9|1.6|-1.35|0.11|-1.35|0.72;0001-01-01T00:00:06.246+01:00|W10|0.6|-0.61|0.23|-0.61|0.05;0001-01-01T00:00:06.246+01:00|W11|0.7|-0.23|0.12|-0.23|0.70;0001-01-01T00:00:06.246+01:00|W12|0.7|-0.12|0.16|-0.12|0.72"
60.00;4.54;0001-01-01T00:00:06.3410000+01:00;57.86;-0.24;-19.94;31.7;-2.887;5.812;26.502;-47.429;14.533;-17.032;97.053;-53.097;110.629;"0001-01-01T00:00:06.246+01:00|W1|1.2|-0.04|0.00|-0.04|1.14;0001-01-01T00:00:06.246+01:00|W2|1.0|-0.43|0.00|-0.43|0.85;0001-01-01T00:00:06.246+01:00|W3|0.9|0.14|0.07|0.14|0.71;0001-01-01T00:00:06.246+01:00|W4|1.7|0.04|0.08|0.04|1.65;0001-01-01T00:00:06.246+01:00|W5|1.1|0.59|0.04|0.59|0.91;0001-01-01T00:00:06.246+01:00|W6|1.7|-1.61|0.11|-1.61|0.38;0001-01-01T00:00:06.246+01:00|W7|2.6|-1.02|0.25|-1.02|2.34;0001-01-01T00:00:06.246+01:00|W8|1.3|-0.91|0.13|-0.91|0.87;0001-01-01T00:00:06.246+01:00|W9|1.6|-1.35|0.11|-1.35|0.72;0001-01-01T00:00:06.246+01:00|W10|0.6|-0.61|0.23|-0.61|0.05;0001-01-01T00:00:06.246+01:00|W11|0.7|-0.23|0.12|-0.23|0.70;0001-01-01T00:00:06.246+01:00|W12|0.7|-0.12|0.16|-0.12|0.72"
61.00;4.51;0001-01-01T00:00:06.3740000+01:00;58.75;-0.25;-20.43;31.6;-2.988;5.958;26.483;-47.452;14.471;-16.888;97.017;-53.528;110.805;"0001-01-01T00:00:06.499+01:00|W1|1.2|-0.07|0.00|-0.07|1.14;0001-01-01T00:00:06.499+01:00|W2|1.0|-0.47|0.00|-0.47|0.82;0001-01-01T00:00:06.499+01:00|W3|0.8|0.14|0.06|0.14|0.66;0001-01-01T00:00:06.499+01:00|W4|1.8|-0.02|0.02|-0.02|1.75;0001-01-01T00:00:06.499+01:00|W5|1.1|0.51|0.05|0.51|0.94;0001-01-01T00:00:06.499+01:00|W6|1.8|-1.62|0.19|-1.62|0.70;0001-01-01T00:00:06.499+01:00|W7|2.7|-0.92|0.24|-0.92|2.50;0001-01-01T00:00:06.499+01:00|W8|1.3|-0.88|0.03|-0.88|1.02;0001-01-01T00:00:06.499+01:00|W9|1.5|-1.34|0.07|-1.34|0.65;0001-01-01T00:00:06.499+01:00|W10|0.5|-0.52|0.29|-0.52|0.01;0001-01-01T00:00:06.499+01:00|W11|0.8|-0.31|0.07|-0.31|0.71;0001-01-01T00:00:06.499+01:00|W12|0.7|-0.07|0.15|-0.07|0.71"
62.00;4.47;0001-01-01T00:00:06.4070000+01:00;59.64;-0.26;-20.91;31.5;-3.089;6.085;26.463;-47.663;14.409;-16.788;96.986;-53.879;110.947;"0001-01-01T00:00:06.499+01:00|W1|1.2|-0.07|0.00|-0.07|1.14;0001-01-01T00:00:06.499+01:00|W2|1.0|-0.47|0.00|-0.47|0.82;0001-01-01T00:00:06.499+01:00|W3|0.8|0.14|0.06|0.14|0.66;0001-01-01T00:00:06.499+01:00|W4|1.8|-0.02|0.02|-0.02|1.75;0001-01-01T00:00:06.499+01:00|W5|1.1|0.51|0.05|0.51|0.94;0001-01-01T00:00:06.499+01:00|W6|1.8|-1.62|0.19|-1.62|0.70;0001-01-01T00:00:06.499+01:00|W7|2.7|-0.92|0.24|-0.92|2.50;0001-01-01T00:00:06.499+01:00|W8|1.3|-0.88|0.03|-0.88|1.02;0001-01-01T00:00:06.499+01:00|W9|1.5|-1.34|0.07|-1.34|0.65;0001-01-01T00:00:06.499+01:00|W10|0.5|-0.52|0.29|-0.52|0.01;0001-01-01T00:00:06.499+01:00|W11|0.8|-0.31|0.07|-0.31|0.71;0001-01-01T00:00:06.499+01:00|W12|0.7|-0.07|0.15|-0.07|0.71"
63.00;4.43;0001-01-01T00:00:06.4400000+01:00;60.53;-0.27;-21.41;31.5;-3.190;6.185;26.443;-48.096;14.347;-16.809;96.895;-54.269;111.057;"0001-01-01T00:00:06.499+01:00|W1|1.2|-0.07|0.00|-0.07|1.14;0001-01-01T00:00:06.499+01:00|W2|1.0|-0.47|0.00|-0.47|0.82;0001-01-01T00:00:06.499+01:00|W3|0.8|0.14|0.06|0.14|0.66;0001-01-01T00:00:06.499+01:00|W4|1.8|-0.02|0.02|-0.02|1.75;0001-01-01T00:00:06.499+01:00|W5|1.1|0.51|0.05|0.51|0.94;0001-01-01T00:00:06.499+01:00|W6|1.8|-1.62|0.19|-1.62|0.70;0001-01-01T00:00:06.499+01:00|W7|2.7|-0.92|0.24|-0.92|2.50;0001-01-01T00:00:06.499+01:00|W8|1.3|-0.88|0.03|-0.88|1.02;0001-01-01T00:00:06.499+01:00|W9|1.5|-1.34|0.07|-1.34|0.65;0001-01-01T00:00:06.499+01:00|W10|0.5|-0.52|0.29|-0.52|0.01;0001-01-01T00:00:06.499+01:00|W11|0.8|-0.31|0.07|-0.31|0.71;0001-01-01T00:00:06.499+01:00|W12|0.7|-0.07|0.15|-0.07|0.71"
64.00;4.40;0001-01-01T00:00:06.4730000+01:00;61.42;-0.28;-21.90;31.6;-3.291;6.267;26.424;-48.549;14.285;-16.956;96.834;-54.643;111.188;"0001-01-01T00:00:06.499+01:00|W1|1.2|-0.07|0.00|-0.07|1.14;0001-01-01T00:00:06.499+01:00|W2|1.0|-0.47|0.00|-0.47|0.82;0001-01-01T00:00:06.499+01:00|W3|0.8|0.14|0.06|0.14|0.66;0001-01-01T00:00:06.499+01:00|W4|1.8|-0.02|0.02|-0.02|1.75;0001-01-01T00:00:06.499+01:00|W5|1.1|0.51|0.05|0.51|0.94;0001-01-01T00:00:06.499+01:00|W6|1.8|-1.62|0.19|-1.62|0.70;0001-01-01T00:00:06.499+01:00|W7|2.7|-0.92|0.24|-0.92|2.50;0001-01-01T00:00:06.499+01:00|W8|1.3|-0.88|0.03|-0.88|1.02;0001-01-01T00:00:06.499+01:00|W9|1.5|-1.34|0.07|-1.34|0.65;0001-01-01T00:00:06.499+01:00|W10|0.5|-0.52|0.29|-0.52|0.01;0001-01-01T00:00:06.499+01:00|W11|0.8|-0.31|0.07|-0.31|0.71;0001-01-01T00:00:06.499+01:00|W12|0.7|-0.07|0.15|-0.07|0.71"
65.00;4.37;0001-01-01T00:00:06.5060000+01:00;62.31;-0.29;-22.39;31.9;-3.392;6.337;26.404;-49.058;14.223;-17.180;96.793;-55.008;111.333;"0001-01-01T00:00:06.499+01:00|W1|1.2|-0.07|0.00|-0.07|1.14;0001-01-01T00:00:06.499+01:00|W2|1.0|-0.47|0.00|-0.47|0.82;0001-01-01T00:00:06.499+01:00|W3|0.8|0.14|0.06|0.14|0.66;0001-01-01T00:00:06.499+01:00|W4|1.8|-0.02|0.02|-0.02|1.75;0001-01-01T00:00:06.499+01:00|W5|1.1|0.51|0.05|0.51|0.94;0001-01-01T00:00:06.499+01:00|W6|1.8|-1.62|0.19|-1.62|0.70;0001-01-01T00:00:06.499+01:00|W7|2.7|-0.92|0.24|-0.92|2.50;0001-01-01T00:00:06.499+01:00|W8|1.3|-0.88|0.03|-0.88|1.02;0001-01-01T00:00:06.499+01:00|W9|1.5|-1.34|0.07|-1.34|0.65;0001-01-01T00:00:06.499+01:00|W10|0.5|-0.52|0.29|-0.52|0.01;0001-01-01T00:00:06.499+01:00|W11|0.8|-0.31|0.07|-0.31|0.71;0001-01-01T00:00:06.499+01:00|W12|0.7|-0.07|0.15|-0.07|0.71"
66.00;4.34;0001-01-01T00:00:06.5390000+01:00;63.19;-0.30;-22.89;32.1;-3.492;6.401;26.385;-49.877;14.162;-17.449;96.773;-55.372;111.495;"0001-01-01T00:00:06.499+01:00|W1|1.2|-0.07|0.00|-0.07|1.14;0001-01-01T00:00:06.499+01:00|W2|1.0|-0.47|0.00|-0.47|0.82;0001-01-01T00:00:06.499+01:00|W3|0.8|0.14|0.06|0.14|0.66;0001-01-01T00:00:06.499+01:00|W4|1.8|-0.02|0.02|-0.02|1.75;0001-01-01T00:00:06.499+01:00|W5|1.1|0.51|0.05|0.51|0.94;0001-01-01T00:00:06.499+01:00|W6|1.8|-1.62|0.19|-1.62|0.70;0001-01-01T00:00:06.499+01:00|W7|2.7|-0.92|0.24|-0.92|2.50;0001-01-01T00:00:06.499+01:00|W8|1.3|-0.88|0.03|-0.88|1.02;0001-01-01T00:00:06.499+01:00|W9|1.5|-1.34|0.07|-1.34|0.65;0001-01-01T00:00:06.499+01:00|W10|0.5|-0.52|0.29|-0.52|0.01;0001-01-01T00:00:06.499+01:00|W11|0.8|-0.31|0.07|-0.31|0.71;0001-01-01T00:00:06.499+01:00|W12|0.7|-0.07|0.15|-0.07|0.71"
67.00;4.31;0001-01-01T00:00:06.5720000+01:00;64.08;-0.31;-23.39;32.4;-3.593;6.458;26.365;-50.686;14.100;-17.703;96.753;-55.806;111.694;"0001-01-01T00:00:06.499+01:00|W1|1.2|-0.07|0.00|-0.07|1.14;0001-01-01T00:00:06.499+01:00|W2|1.0|-0.47|0.00|-0.47|0.82;0001-01-01T00:00:06.499+01:00|W3|0.8|0.14|0.06|0.14|0.66;0001-01-01T00:00:06.499+01:00|W4|1.8|-0.02|0.02|-0.02|1.75;0001-01-01T00:00:06.499+01:00|W5|1.1|0.51|0.05|0.51|0.94;0001-01-01T00:00:06.499+01:00|W6|1.8|-1.62|0.19|-1.62|0.70;0001-01-01T00:00:06.499+01:00|W7|2.7|-0.92|0.24|-0.92|2.50;0001-01-01T00:00:06.499+01:00|W8|1.3|-0.88|0.03|-0.88|1.02;0001-01-01T00:00:06.499+01:00|W9|1.5|-1.34|0.07|-1.34|0.65;0001-01-01T00:00:06.499+01:00|W10|0.5|-0.52|0.29|-0.52|0.01;0001-01-01T00:00:06.499+01:00|W11|0.8|-0.31|0.07|-0.31|0.71;0001-01-01T00:00:06.499+01:00|W12|0.7|-0.07|0.15|-0.07|0.71"
68.00;4.28;0001-01-01T00:00:06.6040000+01:00;64.96;-0.31;-23.90;32.6;-3.693;6.517;26.345;-51.506;14.038;-17.939;96.737;-56.287;111.921;"0001-01-01T00:00:06.499+01:00|W1|1.2|-0.07|0.00|-0.07|1.14;0001-01-01T00:00:06.499+01:00|W2|1.0|-0.47|0.00|-0.47|0.82;0001-01-01T00:00:06.499+01:00|W3|0.8|0.14|0.06|0.14|0.66;0001-01-01T00:00:06.499+01:00|W4|1.8|-0.02|0.02|-0.02|1.75;0001-01-01T00:00:06.499+01:00|W5|1.1|0.51|0.05|0.51|0.94;0001-01-01T00:00:06.499+01:00|W6|1.8|-1.62|0.19|-1.62|0.70;0001-01-01T00:00:06.499+01:00|W7|2.7|-0.92|0.24|-0.92|2.50;0001-01-01T00:00:06.499+01:00|W8|1.3|-0.88|0.03|-0.88|1.02;0001-01-01T00:00:06.499+01:00|W9|1.5|-1.34|0.07|-1.34|0.65;0001-01-01T00:00:06.499+01:00|W10|0.5|-0.52|0.29|-0.52|0.01;0001-01-01T00:00:06.499+01:00|W11|0.8|-0.31|0.07|-0.31|0.71;0001-01-01T00:00:06.499+01:00|W12|0.7|-0.07|0.15|-0.07|0.71"
69.00;4.25;0001-01-01T00:00:06.6370000+01:00;65.84;-0.31;-24.41;32.8;-3.793;6.647;26.326;-52.560;13.977;-18.075;96.764;-56.743;112.174;"0001-01-01T00:00:06.750+01:00|W1|1.1|-0.06|0.00|-0.06|1.14;0001-01-01T00:00:06.750+01:00|W2|1.0|-0.48|0.00|-0.48|0.81;0001-01-01T00:00:06.750+01:00|W3|0.8|0.14|0.05|0.14|0.67;0001-01-01T00:00:06.750+01:00|W4|1.8|-0.02|0.04|-0.02|1.77;0001-01-01T00:00:06.750+01:00|W5|1.0|0.47|0.09|0.47|0.91;0001-01-01T00:00:06.750+01:00|W6|1.8|-1.62|0.20|-1.62|0.73;0001-01-01T00:00:06.750+01:00|W7|2.8|-0.94|0.26|-0.94|2.56;0001-01-01T00:00:06.750+01:00|W8|1.7|-0.92|0.29|-0.92|1.36;0001-01-01T00:00:06.750+01:00|W9|1.5|-1.35|0.05|-1.35|0.57;0001-01-01T00:00:06.750+01:00|W10|0.5|-0.48|0.30|-0.48|0.00;0001-01-01T00:00:06.750+01:00|W11|0.8|-0.35|0.03|-0.35|0.74;0001-01-01T00:00:06.750+01:00|W12|0.7|-0.04|0.17|-0.04|0.68"
70.00;4.22;0001-01-01T00:00:06.6690000+01:00;66.71;-0.32;-24.92;32.9;-3.892;6.782;26.307;-53.301;13.916;-18.183;96.829;-57.235;112.479;"0001-01-01T00:00:06.750+01:00|W1|1.1|-0.06|0.00|-0.06|1.14;0001-01-01T00:00:06.750+01:00|W2|1.0|-0.48|0.00|-0.48|0.81;0001-01-01T00:00:06.750+01:00|W3|0.8|0.14|0.05|0.14|0.67;0001-01-01T00:00:06.750+01:00|W4|1.8|-0.02|0.04|-0.02|1.77;0001-01-01T00:00:06.750+01:00|W5|1.0|0.47|0.09|0.47|0.91;0001-01-01T00:00:06.750+01:00|W6|1.8|-1.62|0.20|-1.62|0.73;0001-01-01T00:00:06.750+01:00|W7|2.8|-0.94|0.26|-0.94|2.56;0001-01-01T00:00:06.750+01:00|W8|1.7|-0.92|0.29|-0.92|1.36;0001-01-01T00:00:06.750+01:00|W9|1.5|-1.35|0.05|-1.35|0.57;0001-01-01T00:00:06.750+01:00|W10|0.5|-0.48|0.30|-0.48|0.00;0001-01-01T00:00:06.750+01:00|W11|0.8|-0.35|0.03|-0.35|0.74;0001-01-01T00:00:06.750+01:00|W12|0.7|-0.04|0.17|-0.04|0.68"
71.00;4.19;0001-01-01T00:00:06.7020000+01:00;67.59;-0.32;-25.43;32.9;-3.991;6.923;26.287;-53.775;13.855;-18.267;96.925;-57.757;112.829;"0001-01-01T00:00:06.750+01:00|W1|1.1|-0.06|0.00|-0.06|1.14;0001-01-01T00:00:06.750+01:00|W2|1.0|-0.48|0.00|-0.48|0.81;0001-01-01T00:00:06.750+01:00|W3|0.8|0.14|0.05|0.14|0.67;0001-01-01T00:00:06.750+01:00|W4|1.8|-0.02|0.04|-0.02|1.77;0001-01-01T00:00:06.750+01:00|W5|1.0|0.47|0.09|0.47|0.91;0001-01-01T00:00:06.750+01:00|W6|1.8|-1.62|0.20|-1.62|0.73;0001-01-01T00:00:06.750+01:00|W7|2.8|-0.94|0.26|-0.94|2.56;0001-01-01T00:00:06.750+01:00|W8|1.7|-0.92|0.29|-0.92|1.36;0001-01-01T00:00:06.750+01:00|W9|1.5|-1.35|0.05|-1.35|0.57;0001-01-01T00:00:06.750+01:00|W10|0.5|-0.48|0.30|-0.48|0.00;0001-01-01T00:00:06.750+01:00|W11|0.8|-0.35|0.03|-0.35|0.74;0001-01-01T00:00:06.750+01:00|W12|0.7|-0.04|0.17|-0.04|0.68"
72.00;4.17;0001-01-01T00:00:06.7340000+01:00;68.47;-0.33;-25.95;33.0;-4.090;6.996;26.268;-53.789;13.794;-18.308;96.999;-58.255;113.148;"0001-01-01T00:00:06.750+01:00|W1|1.1|-0.06|0.00|-0.06|1.14;0001-01-01T00:00:06.750+01:00|W2|1.0|-0.48|0.00|-0.48|0.81;0001-01-01T00:00:06.750+01:00|W3|0.8|0.14|0.05|0.14|0.67;0001-01-01T00:00:06.750+01:00|W4|1.8|-0.02|0.04|-0.02|1.77;0001-01-01T00:00:06.750+01:00|W5|1.0|0.47|0.09|0.47|0.91;0001-01-01T00:00:06.750+01:00|W6|1.8|-1.62|0.20|-1.62|0.73;0001-01-01T00:00:06.750+01:00|W7|2.8|-0.94|0.26|-0.94|2.56;0001-01-01T00:00:06.750+01:00|W8|1.7|-0.92|0.29|-0.92|1.36;0001-01-01T00:00:06.750+01:00|W9|1.5|-1.35|0.05|-1.35|0.57;0001-01-01T00:00:06.750+01:00|W10|0.5|-0.48|0.30|-0.48|0.00;0001-01-01T00:00:06.750+01:00|W11|0.8|-0.35|0.03|-0.35|0.74;0001-01-01T00:00:06.750+01:00|W12|0.7|-0.04|0.17|-0.04|0.68"
73.00;4.14;0001-01-01T00:00:06.7660000+01:00;69.34;-0.33;-26.47;33.0;-4.189;7.037;26.249;-53.902;13.733;-18.284;97.011;-58.744;113.410;"0001-01-01T00:00:06.750+01:00|W1|1.1|-0.06|0.00|-0.06|1.14;0001-01-01T00:00:06.750+01:00|W2|1.0|-0.48|0.00|-0.48|0.81;0001-01-01T00:00:06.750+01:00|W3|0.8|0.14|0.05|0.14|0.67;0001-01-01T00:00:06.750+01:00|W4|1.8|-0.02|0.04|-0.02|1.77;0001-01-01T00:00:06.750+01:00|W5|1.0|0.47|0.09|0.47|0.91;0001-01-01T00:00:06.750+01:00|W6|1.8|-1.62|0.20|-1.62|0.73;0001-01-01T00:00:06.750+01:00|W7|2.8|-0.94|0.26|-0.94|2.56;0001-01-01T00:00:06.750+01:00|W8|1.7|-0.92|0.29|-0.92|1.36;0001-01-01T00:00:06.750+01:00|W9|1.5|-1.35|0.05|-1.35|0.57;0001-01-01T00:00:06.750+01:00|W10|0.5|-0.48|0.30|-0.48|0.00;0001-01-01T00:00:06.750+01:00|W11|0.8|-0.35|0.03|-0.35|0.74;0001-01-01T00:00:06.750+01:00|W12|0.7|-0.04|0.17|-0.04|0.68"
74.00;4.10;0001-01-01T00:00:06.7990000+01:00;70.21;-0.33;-26.99;32.9;-4.288;7.037;26.230;-54.145;13.672;-18.178;96.944;-59.220;113.601;"0001-01-01T00:00:06.750+01:00|W1|1.1|-0.06|0.00|-0.06|1.14;0001-01-01T00:00:06.750+01:00|W2|1.0|-0.48|0.00|-0.48|0.81;0001-01-01T00:00:06.750+01:00|W3|0.8|0.14|0.05|0.14|0.67;0001-01-01T00:00:06.750+01:00|W4|1.8|-0.02|0.04|-0.02|1.77;0001-01-01T00:00:06.750+01:00|W5|1.0|0.47|0.09|0.47|0.91;0001-01-01T00:00:06.750+01:00|W6|1.8|-1.62|0.20|-1.62|0.73;0001-01-01T00:00:06.750+01:00|W7|2.8|-0.94|0.26|-0.94|2.56;0001-01-01T00:00:06.750+01:00|W8|1.7|-0.92|0.29|-0.92|1.36;0001-01-01T00:00:06.750+01:00|W9|1.5|-1.35|0.05|-1.35|0.57;0001-01-01T00:00:06.750+01:00|W10|0.5|-0.48|0.30|-0.48|0.00;0001-01-01T00:00:06.750+01:00|W11|0.8|-0.35|0.03|-0.35|0.74;0001-01-01T00:00:06.750+01:00|W12|0.7|-0.04|0.17|-0.04|0.68"
75.00;4.08;0001-01-01T00:00:06.8310000+01:00;71.07;-0.33;-27.52;32.8;-4.387;6.850;26.210;-54.464;13.612;-18.087;96.879;-59.795;113.847;"0001-01-01T00:00:06.750+01:00|W1|1.1|-0.06|0.00|-0.06|1.14;0001-01-01T00:00:06.750+01:00|W2|1.0|-0.48|0.00|-0.48|0.81;0001-01-01T00:00:06.750+01:00|W3|0.8|0.14|0.05|0.14|0.67;0001-01-01T00:00:06.750+01:00|W4|1.8|-0.02|0.04|-0.02|1.77;0001-01-01T00:00:06.750+01:00|W5|1.0|0.47|0.09|0.47|0.91;0001-01-01T00:00:06.750+01:00|W6|1.8|-1.62|0.20|-1.62|0.73;0001-01-01T00:00:06.750+01:00|W7|2.8|-0.94|0.26|-0.94|2.56;0001-01-01T00:00:06.750+01:00|W8|1.7|-0.92|0.29|-0.92|1.36;0001-01-01T00:00:06.750+01:00|W9|1.5|-1.35|0.05|-1.35|0.57;0001-01-01T00:00:06.750+01:00|W10|0.5|-0.48|0.30|-0.48|0.00;0001-01-01T00:00:06.750+01:00|W11|0.8|-0.35|0.03|-0.35|0.74;0001-01-01T00:00:06.750+01:00|W12|0.7|-0.04|0.17|-0.04|0.68"
76.00;4.04;0001-01-01T00:00:06.8630000+01:00;71.94;-0.33;-28.06;32.6;-4.485;6.557;26.191;-54.546;13.552;-18.098;96.870;-60.331;114.122;"0001-01-01T00:00:06.750+01:00|W1|1.1|-0.06|0.00|-0.06|1.14;0001-01-01T00:00:06.750+01:00|W2|1.0|-0.48|0.00|-0.48|0.81;0001-01-01T00:00:06.750+01:00|W3|0.8|0.14|0.05|0.14|0.67;0001-01-01T00:00:06.750+01:00|W4|1.8|-0.02|0.04|-0.02|1.77;0001-01-01T00:00:06.750+01:00|W5|1.0|0.47|0.09|0.47|0.91;0001-01-01T00:00:06.750+01:00|W6|1.8|-1.62|0.20|-1.62|0.73;0001-01-01T00:00:06.750+01:00|W7|2.8|-0.94|0.26|-0.94|2.56;0001-01-01T00:00:06.750+01:00|W8|1.7|-0.92|0.29|-0.92|1.36;0001-01-01T00:00:06.750+01:00|W9|1.5|-1.35|0.05|-1.35|0.57;0001-01-01T00:00:06.750+01:00|W10|0.5|-0.48|0.30|-0.48|0.00;0001-01-01T00:00:06.750+01:00|W11|0.8|-0.35|0.03|-0.35|0.74;0001-01-01T00:00:06.750+01:00|W12|0.7|-0.04|0.17|-0.04|0.68"
77.00;3.98;0001-01-01T00:00:06.8950000+01:00;72.78;-0.30;-28.62;32.4;-4.582;6.099;26.172;-54.142;13.492;-18.304;96.973;-60.770;114.442;"0001-01-01T00:00:06.997+01:00|W1|1.1|-0.06|0.00|-0.06|1.12;0001-01-01T00:00:06.997+01:00|W2|0.9|-0.48|0.02|-0.48|0.79;0001-01-01T00:00:06.997+01:00|W3|0.8|0.11|0.06|0.11|0.69;0001-01-01T00:00:06.997+01:00|W4|1.8|0.02|0.04|0.02|1.77;0001-01-01T00:00:06.997+01:00|W5|1.0|0.40|0.16|0.40|0.84;0001-01-01T00:00:06.997+01:00|W6|1.7|-1.51|0.10|-1.51|0.78;0001-01-01T00:00:06.997+01:00|W7|2.8|-0.96|0.22|-0.96|2.55;0001-01-01T00:00:06.997+01:00|W8|1.8|-0.94|0.44|-0.94|1.53;0001-01-01T00:00:06.997+01:00|W9|1.5|-1.33|0.00|-1.33|0.44;0001-01-01T00:00:06.997+01:00|W10|0.5|-0.47|0.27|-0.47|0.01;0001-01-01T00:00:06.997+01:00|W11|0.8|-0.38|0.01|-0.38|0.76;0001-01-01T00:00:06.997+01:00|W12|0.7|0.00|0.19|0.00|0.66"
78.00;3.93;0001-01-01T00:00:06.9260000+01:00;73.63;-0.28;-29.17;32.2;-4.680;5.640;26.153;-53.738;13.432;-18.510;97.076;-61.208;114.762;"0001-01-01T00:00:06.997+01:00|W1|1.1|-0.06|0.00|-0.06|1.12;0001-01-01T00:00:06.997+01:00|W2|0.9|-0.48|0.02|-0.48|0.79;0001-01-01T00:00:06.997+01:00|W3|0.8|0.11|0.06|0.11|0.69;0001-01-01T00:00:06.997+01:00|W4|1.8|0.02|0.04|0.02|1.77;0001-01-01T00:00:06.997+01:00|W5|1.0|0.40|0.16|0.40|0.84;0001-01-01T00:00:06.997+01:00|W6|1.7|-1.51|0.10|-1.51|0.78;0001-01-01T00:00:06.997+01:00|W7|2.8|-0.96|0.22|-0.96|2.55;0001-01-01T00:00:06.997+01:00|W8|1.8|-0.94|0.44|-0.94|1.53;0001-01-01T00:00:06.997+01:00|W9|1.5|-1.33|0.00|-1.33|0.44;0001-01-01T00:00:06.997+01:00|W10|0.5|-0.47|0.27|-0.47|0.01;0001-01-01T00:00:06.997+01:00|W11|0.8|-0.38|0.01|-0.38|0.76;0001-01-01T00:00:06.997+01:00|W12|0.7|0.00|0.19|0.00|0.66"
79.00;3.88;0001-01-01T00:00:06.9580000+01:00;74.48;-0.26;-29.73;32.0;-4.719;5.169;26.025;-53.196;13.343;-18.762;97.169;-61.619;115.060;"0001-01-01T00:00:06.997+01:00|W1|1.1|-0.06|0.00|-0.06|1.12;0001-01-01T00:00:06.997+01:00|W2|0.9|-0.48|0.02|-0.48|0.79;0001-01-01T00:00:06.997+01:00|W3|0.8|0.11|0.06|0.11|0.69;0001-01-01T00:00:06.997+01:00|W4|1.8|0.02|0.04|0.02|1.77;0001-01-01T00:00:06.997+01:00|W5|1.0|0.40|0.16|0.40|0.84;0001-01-01T00:00:06.997+01:00|W6|1.7|-1.51|0.10|-1.51|0.78;0001-01-01T00:00:06.997+01:00|W7|2.8|-0.96|0.22|-0.96|2.55;0001-01-01T00:00:06.997+01:00|W8|1.8|-0.94|0.44|-0.94|1.53;0001-01-01T00:00:06.997+01:00|W9|1.5|-1.33|0.00|-1.33|0.44;0001-01-01T00:00:06.997+01:00|W10|0.5|-0.47|0.27|-0.47|0.01;0001-01-01T00:00:06.997+01:00|W11|0.8|-0.38|0.01|-0.38|0.76;0001-01-01T00:00:06.997+01:00|W12|0.7|0.00|0.19|0.00|0.66"
80.00;3.86;0001-01-01T00:00:06.9900000+01:00;75.34;-0.25;-30.27;31.8;-4.524;4.643;25.462;-52.101;13.140;-19.196;97.222;-61.917;115.264;"0001-01-01T00:00:06.997+01:00|W1|1.1|-0.06|0.00|-0.06|1.12;0001-01-01T00:00:06.997+01:00|W2|0.9|-0.48|0.02|-0.48|0.79;0001-01-01T00:00:06.997+01:00|W3|0.8|0.11|0.06|0.11|0.69;0001-01-01T00:00:06.997+01:00|W4|1.8|0.02|0.04|0.02|1.77;0001-01-01T00:00:06.997+01:00|W5|1.0|0.40|0.16|0.40|0.84;0001-01-01T00:00:06.997+01:00|W6|1.7|-1.51|0.10|-1.51|0.78;0001-01-01T00:00:06.997+01:00|W7|2.8|-0.96|0.22|-0.96|2.55;0001-01-01T00:00:06.997+01:00|W8|1.8|-0.94|0.44|-0.94|1.53;0001-01-01T00:00:06.997+01:00|W9|1.5|-1.33|0.00|-1.33|0.44;0001-01-01T00:00:06.997+01:00|W10|0.5|-0.47|0.27|-0.47|0.01;0001-01-01T00:00:06.997+01:00|W11|0.8|-0.38|0.01|-0.38|0.76;0001-01-01T00:00:06.997+01:00|W12|0.7|0.00|0.19|0.00|0.66"
81.00;3.83;0001-01-01T00:00:07.0220000+01:00;76.20;-0.25;-30.82;32.2;-4.393;4.120;25.314;-51.011;12.934;-19.628;97.244;-62.333;115.507;"0001-01-01T00:00:06.997+01:00|W1|1.1|-0.06|0.00|-0.06|1.12;0001-01-01T00:00:06.997+01:00|W2|0.9|-0.48|0.02|-0.48|0.79;0001-01-01T00:00:06.997+01:00|W3|0.8|0.11|0.06|0.11|0.69;0001-01-01T00:00:06.997+01:00|W4|1.8|0.02|0.04|0.02|1.77;0001-01-01T00:00:06.997+01:00|W5|1.0|0.40|0.16|0.40|0.84;0001-01-01T00:00:06.997+01:00|W6|1.7|-1.51|0.10|-1.51|0.78;0001-01-01T00:00:06.997+01:00|W7|2.8|-0.96|0.22|-0.96|2.55;0001-01-01T00:00:06.997+01:00|W8|1.8|-0.94|0.44|-0.94|1.53;0001-01-01T00:00:06.997+01:00|W9|1.5|-1.33|0.00|-1.33|0.44;0001-01-01T00:00:06.997+01:00|W10|0.5|-0.47|0.27|-0.47|0.01;0001-01-01T00:00:06.997+01:00|W11|0.8|-0.38|0.01|-0.38|0.76;0001-01-01T00:00:06.997+01:00|W12|0.7|0.00|0.19|0.00|0.66"
82.00;3.81;0001-01-01T00:00:07.0530000+01:00;77.05;-0.24;-31.37;32.8;-4.301;3.609;25.401;-49.902;12.724;-20.050;97.249;-62.806;115.768;"0001-01-01T00:00:06.997+01:00|W1|1.1|-0.06|0.00|-0.06|1.12;0001-01-01T00:00:06.997+01:00|W2|0.9|-0.48|0.02|-0.48|0.79;0001-01-01T00:00:06.997+01:00|W3|0.8|0.11|0.06|0.11|0.69;0001-01-01T00:00:06.997+01:00|W4|1.8|0.02|0.04|0.02|1.77;0001-01-01T00:00:06.997+01:00|W5|1.0|0.40|0.16|0.40|0.84;0001-01-01T00:00:06.997+01:00|W6|1.7|-1.51|0.10|-1.51|0.78;0001-01-01T00:00:06.997+01:00|W7|2.8|-0.96|0.22|-0.96|2.55;0001-01-01T00:00:06.997+01:00|W8|1.8|-0.94|0.44|-0.94|1.53;0001-01-01T00:00:06.997+01:00|W9|1.5|-1.33|0.00|-1.33|0.44;0001-01-01T00:00:06.997+01:00|W10|0.5|-0.47|0.27|-0.47|0.01;0001-01-01T00:00:06.997+01:00|W11|0.8|-0.38|0.01|-0.38|0.76;0001-01-01T00:00:06.997+01:00|W12|0.7|0.00|0.19|0.00|0.66"
83.00;3.79;0001-01-01T00:00:07.0850000+01:00;77.90;-0.24;-31.91;32.5;-4.186;3.371;25.097;-48.254;12.471;-20.244;97.302;-62.966;115.899;"0001-01-01T00:00:06.997+01:00|W1|1.1|-0.06|0.00|-0.06|1.12;0001-01-01T00:00:06.997+01:00|W2|0.9|-0.48|0.02|-0.48|0.79;0001-01-01T00:00:06.997+01:00|W3|0.8|0.11|0.06|0.11|0.69;0001-01-01T00:00:06.997+01:00|W4|1.8|0.02|0.04|0.02|1.77;0001-01-01T00:00:06.997+01:00|W5|1.0|0.40|0.16|0.40|0.84;0001-01-01T00:00:06.997+01:00|W6|1.7|-1.51|0.10|-1.51|0.78;0001-01-01T00:00:06.997+01:00|W7|2.8|-0.96|0.22|-0.96|2.55;0001-01-01T00:00:06.997+01:00|W8|1.8|-0.94|0.44|-0.94|1.53;0001-01-01T00:00:06.997+01:00|W9|1.5|-1.33|0.00|-1.33|0.44;0001-01-01T00:00:06.997+01:00|W10|0.5|-0.47|0.27|-0.47|0.01;0001-01-01T00:00:06.997+01:00|W11|0.8|-0.38|0.01|-0.38|0.76;0001-01-01T00:00:06.997+01:00|W12|0.7|0.00|0.19|0.00|0.66"
84.00;3.77;0001-01-01T00:00:07.1160000+01:00;78.75;-0.24;-32.47;32.4;-4.040;3.133;25.081;-46.612;12.185;-20.437;97.369;-63.181;116.072;"0001-01-01T00:00:06.997+01:00|W1|1.1|-0.06|0.00|-0.06|1.12;0001-01-01T00:00:06.997+01:00|W2|0.9|-0.48|0.02|-0.48|0.79;0001-01-01T00:00:06.997+01:00|W3|0.8|0.11|0.06|0.11|0.69;0001-01-01T00:00:06.997+01:00|W4|1.8|0.02|0.04|0.02|1.77;0001-01-01T00:00:06.997+01:00|W5|1.0|0.40|0.16|0.40|0.84;0001-01-01T00:00:06.997+01:00|W6|1.7|-1.51|0.10|-1.51|0.78;0001-01-01T00:00:06.997+01:00|W7|2.8|-0.96|0.22|-0.96|2.55;0001-01-01T00:00:06.997+01:00|W8|1.8|-0.94|0.44|-0.94|1.53;0001-01-01T00:00:06.997+01:00|W9|1.5|-1.33|0.00|-1.33|0.44;0001-01-01T00:00:06.997+01:00|W10|0.5|-0.47|0.27|-0.47|0.01;0001-01-01T00:00:06.997+01:00|W11|0.8|-0.38|0.01|-0.38|0.76;0001-01-01T00:00:06.997+01:00|W12|0.7|0.00|0.19|0.00|0.66"
85.00;3.75;0001-01-01T00:00:07.1480000+01:00;79.60;-0.23;-33.02;32.5;-3.857;2.896;25.411;-44.976;11.859;-20.629;97.451;-63.462;116.294;"0001-01-01T00:00:07.249+01:00|W1|1.1|-0.02|0.00|-0.02|1.12;0001-01-01T00:00:07.249+01:00|W2|0.9|-0.49|0.03|-0.49|0.77;0001-01-01T00:00:07.249+01:00|W3|0.9|0.08|0.06|0.08|0.73;0001-01-01T00:00:07.249+01:00|W4|1.8|-0.08|0.04|-0.08|1.76;0001-01-01T00:00:07.249+01:00|W5|1.0|0.35|0.07|0.35|0.94;0001-01-01T00:00:07.249+01:00|W6|1.6|-1.33|0.07|-1.33|0.77;0001-01-01T00:00:07.249+01:00|W7|2.8|-0.99|0.21|-0.99|2.57;0001-01-01T00:00:07.249+01:00|W8|1.9|-0.94|0.52|-0.94|1.64;0001-01-01T00:00:07.249+01:00|W9|1.4|-1.30|0.02|-1.30|0.46;0001-01-01T00:00:07.249+01:00|W10|0.5|-0.49|0.20|-0.49|0.00;0001-01-01T00:00:07.249+01:00|W11|0.9|-0.44|0.03|-0.44|0.77;0001-01-01T00:00:07.249+01:00|W12|0.6|0.02|0.25|0.02|0.60"
86.00;3.74;0001-01-01T00:00:07.1790000+01:00;80.45;-0.23;-33.58;32.2;-3.737;3.021;26.043;-44.262;11.587;-20.483;97.430;-63.776;116.449;"0001-01-01T00:00:07.249+01:00|W1|1.1|-0.02|0.00|-0.02|1.12;0001-01-01T00:00:07.249+01:00|W2|0.9|-0.49|0.03|-0.49|0.77;0001-01-01T00:00:07.249+01:00|W3|0.9|0.08|0.06|0.08|0.73;0001-01-01T00:00:07.249+01:00|W4|1.8|-0.08|0.04|-0.08|1.76;0001-01-01T00:00:07.249+01:00|W5|1.0|0.35|0.07|0.35|0.94;0001-01-01T00:00:07.249+01:00|W6|1.6|-1.33|0.07|-1.33|0.77;0001-01-01T00:00:07.249+01:00|W7|2.8|-0.99|0.21|-0.99|2.57;0001-01-01T00:00:07.249+01:00|W8|1.9|-0.94|0.52|-0.94|1.64;0001-01-01T00:00:07.249+01:00|W9|1.4|-1.30|0.02|-1.30|0.46;0001-01-01T00:00:07.249+01:00|W10|0.5|-0.49|0.20|-0.49|0.00;0001-01-01T00:00:07.249+01:00|W11|0.9|-0.44|0.03|-0.44|0.77;0001-01-01T00:00:07.249+01:00|W12|0.6|0.02|0.25|0.02|0.60"
87.00;3.73;0001-01-01T00:00:07.2110000+01:00;81.30;-0.23;-34.13;32.1;-3.728;3.204;26.611;-43.700;11.419;-20.281;97.367;-64.088;116.568;"0001-01-01T00:00:07.249+01:00|W1|1.1|-0.02|0.00|-0.02|1.12;0001-01-01T00:00:07.249+01:00|W2|0.9|-0.49|0.03|-0.49|0.77;0001-01-01T00:00:07.249+01:00|W3|0.9|0.08|0.06|0.08|0.73;0001-01-01T00:00:07.249+01:00|W4|1.8|-0.08|0.04|-0.08|1.76;0001-01-01T00:00:07.249+01:00|W5|1.0|0.35|0.07|0.35|0.94;0001-01-01T00:00:07.249+01:00|W6|1.6|-1.33|0.07|-1.33|0.77;0001-01-01T00:00:07.249+01:00|W7|2.8|-0.99|0.21|-0.99|2.57;0001-01-01T00:00:07.249+01:00|W8|1.9|-0.94|0.52|-0.94|1.64;0001-01-01T00:00:07.249+01:00|W9|1.4|-1.30|0.02|-1.30|0.46;0001-01-01T00:00:07.249+01:00|W10|0.5|-0.49|0.20|-0.49|0.00;0001-01-01T00:00:07.249+01:00|W11|0.9|-0.44|0.03|-0.44|0.77;0001-01-01T00:00:07.249+01:00|W12|0.6|0.02|0.25|0.02|0.60"
88.00;3.73;0001-01-01T00:00:07.2420000+01:00;82.14;-0.22;-34.69;32.2;-3.982;3.387;26.883;-43.140;11.504;-20.080;97.238;-64.384;116.625;"0001-01-01T00:00:07.249+01:00|W1|1.1|-0.02|0.00|-0.02|1.12;0001-01-01T00:00:07.249+01:00|W2|0.9|-0.49|0.03|-0.49|0.77;0001-01-01T00:00:07.249+01:00|W3|0.9|0.08|0.06|0.08|0.73;0001-01-01T00:00:07.249+01:00|W4|1.8|-0.08|0.04|-0.08|1.76;0001-01-01T00:00:07.249+01:00|W5|1.0|0.35|0.07|0.35|0.94;0001-01-01T00:00:07.249+01:00|W6|1.6|-1.33|0.07|-1.33|0.77;0001-01-01T00:00:07.249+01:00|W7|2.8|-0.99|0.21|-0.99|2.57;0001-01-01T00:00:07.249+01:00|W8|1.9|-0.94|0.52|-0.94|1.64;0001-01-01T00:00:07.249+01:00|W9|1.4|-1.30|0.02|-1.30|0.46;0001-01-01T00:00:07.249+01:00|W10|0.5|-0.49|0.20|-0.49|0.00;0001-01-01T00:00:07.249+01:00|W11|0.9|-0.44|0.03|-0.44|0.77;0001-01-01T00:00:07.249+01:00|W12|0.6|0.02|0.25|0.02|0.60"
89.00;3.72;0001-01-01T00:00:07.2730000+01:00;82.99;-0.21;-35.25;32.0;-4.516;3.568;27.196;-42.585;11.772;-19.881;97.184;-64.532;116.662;"0001-01-01T00:00:07.249+01:00|W1|1.1|-0.02|0.00|-0.02|1.12;0001-01-01T00:00:07.249+01:00|W2|0.9|-0.49|0.03|-0.49|0.77;0001-01-01T00:00:07.249+01:00|W3|0.9|0.08|0.06|0.08|0.73;0001-01-01T00:00:07.249+01:00|W4|1.8|-0.08|0.04|-0.08|1.76;0001-01-01T00:00:07.249+01:00|W5|1.0|0.35|0.07|0.35|0.94;0001-01-01T00:00:07.249+01:00|W6|1.6|-1.33|0.07|-1.33|0.77;0001-01-01T00:00:07.249+01:00|W7|2.8|-0.99|0.21|-0.99|2.57;0001-01-01T00:00:07.249+01:00|W8|1.9|-0.94|0.52|-0.94|1.64;0001-01-01T00:00:07.249+01:00|W9|1.4|-1.30|0.02|-1.30|0.46;0001-01-01T00:00:07.249+01:00|W10|0.5|-0.49|0.20|-0.49|0.00;0001-01-01T00:00:07.249+01:00|W11|0.9|-0.44|0.03|-0.44|0.77;0001-01-01T00:00:07.249+01:00|W12|0.6|0.02|0.25|0.02|0.60"
90.00;3.72;0001-01-01T00:00:07.3040000+01:00;83.83;-0.20;-35.81;31.8;-5.195;3.747;27.569;-42.026;12.120;-19.682;97.167;-64.622;116.698;"0001-01-01T00:00:07.249+01:00|W1|1.1|-0.02|0.00|-0.02|1.12;0001-01-01T00:00:07.249+01:00|W2|0.9|-0.49|0.03|-0.49|0.77;0001-01-01T00:00:07.249+01:00|W3|0.9|0.08|0.06|0.08|0.73;0001-01-01T00:00:07.249+01:00|W4|1.8|-0.08|0.04|-0.08|1.76;0001-01-01T00:00:07.249+01:00|W5|1.0|0.35|0.07|0.35|0.94;0001-01-01T00:00:07.249+01:00|W6|1.6|-1.33|0.07|-1.33|0.77;0001-01-01T00:00:07.249+01:00|W7|2.8|-0.99|0.21|-0.99|2.57;0001-01-01T00:00:07.249+01:00|W8|1.9|-0.94|0.52|-0.94|1.64;0001-01-01T00:00:07.249+01:00|W9|1.4|-1.30|0.02|-1.30|0.46;0001-01-01T00:00:07.249+01:00|W10|0.5|-0.49|0.20|-0.49|0.00;0001-01-01T00:00:07.249+01:00|W11|0.9|-0.44|0.03|-0.44|0.77;0001-01-01T00:00:07.249+01:00|W12|0.6|0.02|0.25|0.02|0.60"
91.00;3.72;0001-01-01T00:00:07.3350000+01:00;84.67;-0.19;-36.37;31.8;-6.075;3.898;28.470;-41.376;12.379;-19.465;97.206;-64.828;116.845;"0001-01-01T00:00:07.249+01:00|W1|1.1|-0.02|0.00|-0.02|1.12;0001-01-01T00:00:07.249+01:00|W2|0.9|-0.49|0.03|-0.49|0.77;0001-01-01T00:00:07.249+01:00|W3|0.9|0.08|0.06|0.08|0.73;0001-01-01T00:00:07.249+01:00|W4|1.8|-0.08|0.04|-0.08|1.76;0001-01-01T00:00:07.249+01:00|W5|1.0|0.35|0.07|0.35|0.94;0001-01-01T00:00:07.249+01:00|W6|1.6|-1.33|0.07|-1.33|0.77;0001-01-01T00:00:07.249+01:00|W7|2.8|-0.99|0.21|-0.99|2.57;0001-01-01T00:00:07.249+01:00|W8|1.9|-0.94|0.52|-0.94|1.64;0001-01-01T00:00:07.249+01:00|W9|1.4|-1.30|0.02|-1.30|0.46;0001-01-01T00:00:07.249+01:00|W10|0.5|-0.49|0.20|-0.49|0.00;0001-01-01T00:00:07.249+01:00|W11|0.9|-0.44|0.03|-0.44|0.77;0001-01-01T00:00:07.249+01:00|W12|0.6|0.02|0.25|0.02|0.60"
92.00;3.73;0001-01-01T00:00:07.3660000+01:00;85.51;-0.18;-36.93;31.9;-6.991;4.042;29.183;-41.579;12.511;-19.356;97.235;-65.030;116.980;"0001-01-01T00:00:07.249+01:00|W1|1.1|-0.02|0.00|-0.02|1.12;0001-01-01T00:00:07.249+01:00|W2|0.9|-0.49|0.03|-0.49|0.77;0001-01-01T00:00:07.249+01:00|W3|0.9|0.08|0.06|0.08|0.73;0001-01-01T00:00:07.249+01:00|W4|1.8|-0.08|0.04|-0.08|1.76;0001-01-01T00:00:07.249+01:00|W5|1.0|0.35|0.07|0.35|0.94;0001-01-01T00:00:07.249+01:00|W6|1.6|-1.33|0.07|-1.33|0.77;0001-01-01T00:00:07.249+01:00|W7|2.8|-0.99|0.21|-0.99|2.57;0001-01-01T00:00:07.249+01:00|W8|1.9|-0.94|0.52|-0.94|1.64;0001-01-01T00:00:07.249+01:00|W9|1.4|-1.30|0.02|-1.30|0.46;0001-01-01T00:00:07.249+01:00|W10|0.5|-0.49|0.20|-0.49|0.00;0001-01-01T00:00:07.249+01:00|W11|0.9|-0.44|0.03|-0.44|0.77;0001-01-01T00:00:07.249+01:00|W12|0.6|0.02|0.25|0.02|0.60"
93.00;3.74;0001-01-01T00:00:07.3980000+01:00;86.36;-0.18;-37.50;31.9;-7.951;4.176;29.675;-42.784;12.494;-19.373;97.251;-65.227;117.102;"0001-01-01T00:00:07.501+01:00|W1|1.1|-0.02|0.00|-0.02|1.12;0001-01-01T00:00:07.501+01:00|W2|0.9|-0.49|0.03|-0.49|0.77;0001-01-01T00:00:07.501+01:00|W3|0.9|0.08|0.06|0.08|0.73;0001-01-01T00:00:07.501+01:00|W4|1.8|-0.08|0.04|-0.08|1.76;0001-01-01T00:00:07.501+01:00|W5|1.0|0.35|0.07|0.35|0.94;0001-01-01T00:00:07.501+01:00|W6|1.4|-1.13|0.26|-1.13|0.77;0001-01-01T00:00:07.501+01:00|W7|2.8|-0.95|0.16|-0.95|2.59;0001-01-01T00:00:07.501+01:00|W8|1.9|-0.94|0.52|-0.94|1.64;0001-01-01T00:00:07.501+01:00|W9|1.4|-1.30|0.02|-1.30|0.46;0001-01-01T00:00:07.501+01:00|W10|0.5|-0.49|0.20|-0.49|0.00;0001-01-01T00:00:07.501+01:00|W11|0.9|-0.44|0.03|-0.44|0.77;0001-01-01T00:00:07.501+01:00|W12|0.6|0.02|0.25|0.02|0.60"
94.00;3.75;0001-01-01T00:00:07.4290000+01:00;87.20;-0.17;-38.06;31.7;-8.610;4.385;30.557;-44.384;12.302;-19.418;97.287;-65.509;117.289;"0001-01-01T00:00:07.501+01:00|W1|1.1|-0.02|0.00|-0.02|1.12;0001-01-01T00:00:07.501+01:00|W2|0.9|-0.49|0.03|-0.49|0.77;0001-01-01T00:00:07.501+01:00|W3|0.9|0.08|0.06|0.08|0.73;0001-01-01T00:00:07.501+01:00|W4|1.8|-0.08|0.04|-0.08|1.76;0001-01-01T00:00:07.501+01:00|W5|1.0|0.35|0.07|0.35|0.94;0001-01-01T00:00:07.501+01:00|W6|1.4|-1.13|0.26|-1.13|0.77;0001-01-01T00:00:07.501+01:00|W7|2.8|-0.95|0.16|-0.95|2.59;0001-01-01T00:00:07.501+01:00|W8|1.9|-0.94|0.52|-0.94|1.64;0001-01-01T00:00:07.501+01:00|W9|1.4|-1.30|0.02|-1.30|0.46;0001-01-01T00:00:07.501+01:00|W10|0.5|-0.49|0.20|-0.49|0.00;0001-01-01T00:00:07.501+01:00|W11|0.9|-0.44|0.03|-0.44|0.77;0001-01-01T00:00:07.501+01:00|W12|0.6|0.02|0.25|0.02|0.60"
95.00;3.76;0001-01-01T00:00:07.4600000+01:00;88.03;-0.17;-38.63;31.5;-9.074;4.689;31.257;-46.149;12.085;-19.387;97.348;-65.816;117.512;"0001-01-01T00:00:07.501+01:00|W1|1.1|-0.02|0.00|-0.02|1.12;0001-01-01T00:00:07.501+01:00|W2|0.9|-0.49|0.03|-0.49|0.77;0001-01-01T00:00:07.501+01:00|W3|0.9|0.08|0.06|0.08|0.73;0001-01-01T00:00:07.501+01:00|W4|1.8|-0.08|0.04|-0.08|1.76;0001-01-01T00:00:07.501+01:00|W5|1.0|0.35|0.07|0.35|0.94;0001-01-01T00:00:07.501+01:00|W6|1.4|-1.13|0.26|-1.13|0.77;0001-01-01T00:00:07.501+01:00|W7|2.8|-0.95|0.16|-0.95|2.59;0001-01-01T00:00:07.501+01:00|W8|1.9|-0.94|0.52|-0.94|1.64;0001-01-01T00:00:07.501+01:00|W9|1.4|-1.30|0.02|-1.30|0.46;0001-01-01T00:00:07.501+01:00|W10|0.5|-0.49|0.20|-0.49|0.00;0001-01-01T00:00:07.501+01:00|W11|0.9|-0.44|0.03|-0.44|0.77;0001-01-01T00:00:07.501+01:00|W12|0.6|0.02|0.25|0.02|0.60"
96.00;3.78;0001-01-01T00:00:07.4910000+01:00;88.87;-0.16;-39.20;31.0;-9.103;5.241;31.215;-48.215;11.881;-19.117;97.477;-66.157;117.810;"0001-01-01T00:00:07.501+01:00|W1|1.1|-0.02|0.00|-0.02|1.12;0001-01-01T00:00:07.501+01:00|W2|0.9|-0.49|0.03|-0.49|0.77;0001-01-01T00:00:07.501+01:00|W3|0.9|0.08|0.06|0.08|0.73;0001-01-01T00:00:07.501+01:00|W4|1.8|-0.08|0.04|-0.08|1.76;0001-01-01T00:00:07.501+01:00|W5|1.0|0.35|0.07|0.35|0.94;0001-01-01T00:00:07.501+01:00|W6|1.4|-1.13|0.26|-1.13|0.77;0001-01-01T00:00:07.501+01:00|W7|2.8|-0.95|0.16|-0.95|2.59;0001-01-01T00:00:07.501+01:00|W8|1.9|-0.94|0.52|-0.94|1.64;0001-01-01T00:00:07.501+01:00|W9|1.4|-1.30|0.02|-1.30|0.46;0001-01-01T00:00:07.501+01:00|W10|0.5|-0.49|0.20|-0.49|0.00;0001-01-01T00:00:07.501+01:00|W11|0.9|-0.44|0.03|-0.44|0.77;0001-01-01T00:00:07.501+01:00|W12|0.6|0.02|0.25|0.02|0.60"
97.00;3.79;0001-01-01T00:00:07.5220000+01:00;89.71;-0.15;-39.77;30.5;-8.844;5.873;30.350;-50.275;11.756;-18.755;97.533;-66.517;118.060;"0001-01-01T00:00:07.501+01:00|W1|1.1|-0.02|0.00|-0.02|1.12;0001-01-01T00:00:07.501+01:00|W2|0.9|-0.49|0.03|-0.49|0.77;0001-01-01T00:00:07.501+01:00|W3|0.9|0.08|0.06|0.08|0.73;0001-01-01T00:00:07.501+01:00|W4|1.8|-0.08|0.04|-0.08|1.76;0001-01-01T00:00:07.501+01:00|W5|1.0|0.35|0.07|0.35|0.94;0001-01-01T00:00:07.501+01:00|W6|1.4|-1.13|0.26|-1.13|0.77;0001-01-01T00:00:07.501+01:00|W7|2.8|-0.95|0.16|-0.95|2.59;0001-01-01T00:00:07.501+01:00|W8|1.9|-0.94|0.52|-0.94|1.64;0001-01-01T00:00:07.501+01:00|W9|1.4|-1.30|0.02|-1.30|0.46;0001-01-01T00:00:07.501+01:00|W10|0.5|-0.49|0.20|-0.49|0.00;0001-01-01T00:00:07.501+01:00|W11|0.9|-0.44|0.03|-0.44|0.77;0001-01-01T00:00:07.501+01:00|W12|0.6|0.02|0.25|0.02|0.60"
98.00;3.80;0001-01-01T00:00:07.5520000+01:00;90.54;-0.14;-40.34;30.0;-8.416;6.551;29.017;-52.328;11.675;-18.340;97.550;-66.885;118.281;"0001-01-01T00:00:07.501+01:00|W1|1.1|-0.02|0.00|-0.02|1.12;0001-01-01T00:00:07.501+01:00|W2|0.9|-0.49|0.03|-0.49|0.77;0001-01-01T00:00:07.501+01:00|W3|0.9|0.08|0.06|0.08|0.73;0001-01-01T00:00:07.501+01:00|W4|1.8|-0.08|0.04|-0.08|1.76;0001-01-01T00:00:07.501+01:00|W5|1.0|0.35|0.07|0.35|0.94;0001-01-01T00:00:07.501+01:00|W6|1.4|-1.13|0.26|-1.13|0.77;0001-01-01T00:00:07.501+01:00|W7|2.8|-0.95|0.16|-0.95|2.59;0001-01-01T00:00:07.501+01:00|W8|1.9|-0.94|0.52|-0.94|1.64;0001-01-01T00:00:07.501+01:00|W9|1.4|-1.30|0.02|-1.30|0.46;0001-01-01T00:00:07.501+01:00|W10|0.5|-0.49|0.20|-0.49|0.00;0001-01-01T00:00:07.501+01:00|W11|0.9|-0.44|0.03|-0.44|0.77;0001-01-01T00:00:07.501+01:00|W12|0.6|0.02|0.25|0.02|0.60"
99.00;3.82;0001-01-01T00:00:07.5830000+01:00;91.37;-0.13;-40.90;29.3;-7.648;7.277;27.538;-54.088;11.458;-17.872;97.566;-67.055;118.392;"0001-01-01T00:00:07.501+01:00|W1|1.1|-0.02|0.00|-0.02|1.12;0001-01-01T00:00:07.501+01:00|W2|0.9|-0.49|0.03|-0.49|0.77;0001-01-01T00:00:07.501+01:00|W3|0.9|0.08|0.06|0.08|0.73;0001-01-01T00:00:07.501+01:00|W4|1.8|-0.08|0.04|-0.08|1.76;0001-01-01T00:00:07.501+01:00|W5|1.0|0.35|0.07|0.35|0.94;0001-01-01T00:00:07.501+01:00|W6|1.4|-1.13|0.26|-1.13|0.77;0001-01-01T00:00:07.501+01:00|W7|2.8|-0.95|0.16|-0.95|2.59;0001-01-01T00:00:07.501+01:00|W8|1.9|-0.94|0.52|-0.94|1.64;0001-01-01T00:00:07.501+01:00|W9|1.4|-1.30|0.02|-1.30|0.46;0001-01-01T00:00:07.501+01:00|W10|0.5|-0.49|0.20|-0.49|0.00;0001-01-01T00:00:07.501+01:00|W11|0.9|-0.44|0.03|-0.44|0.77;0001-01-01T00:00:07.501+01:00|W12|0.6|0.02|0.25|0.02|0.60"
100.00;3.83;0001-01-01T00:00:07.6130000+01:00;92.19;-0.13;-41.47;28.9;-6.953;7.903;26.556;-55.717;11.324;-17.531;97.561;-67.321;118.540;"0001-01-01T00:00:07.501+01:00|W1|1.1|-0.02|0.00|-0.02|1.12;0001-01-01T00:00:07.501+01:00|W2|0.9|-0.49|0.03|-0.49|0.77;0001-01-01T00:00:07.501+01:00|W3|0.9|0.08|0.06|0.08|0.73;0001-01-01T00:00:07.501+01:00|W4|1.8|-0.08|0.04|-0.08|1.76;0001-01-01T00:00:07.501+01:00|W5|1.0|0.35|0.07|0.35|0.94;0001-01-01T00:00:07.501+01:00|W6|1.4|-1.13|0.26|-1.13|0.77;0001-01-01T00:00:07.501+01:00|W7|2.8|-0.95|0.16|-0.95|2.59;0001-01-01T00:00:07.501+01:00|W8|1.9|-0.94|0.52|-0.94|1.64;0001-01-01T00:00:07.501+01:00|W9|1.4|-1.30|0.02|-1.30|0.46;0001-01-01T00:00:07.501+01:00|W10|0.5|-0.49|0.20|-0.49|0.00;0001-01-01T00:00:07.501+01:00|W11|0.9|-0.44|0.03|-0.44|0.77;0001-01-01T00:00:07.501+01:00|W12|0.6|0.02|0.25|0.02|0.60"
101.00;3.85;0001-01-01T00:00:07.6440000+01:00;93.02;-0.11;-42.03;28.7;-6.382;8.365;26.406;-57.127;11.329;-17.401;97.521;-67.747;118.751;"0001-01-01T00:00:07.747+01:00|W1|1.2|0.02|0.02|0.02|1.13;0001-01-01T00:00:07.747+01:00|W2|0.9|-0.51|0.03|-0.51|0.74;0001-01-01T00:00:07.747+01:00|W3|0.9|0.06|0.08|0.06|0.80;0001-01-01T00:00:07.747+01:00|W4|1.8|-0.30|0.09|-0.30|1.78;0001-01-01T00:00:07.747+01:00|W5|1.1|0.40|0.02|0.40|0.97;0001-01-01T00:00:07.747+01:00|W6|1.3|-1.02|0.31|-1.02|0.83;0001-01-01T00:00:07.747+01:00|W7|2.7|-0.84|0.07|-0.84|2.58;0001-01-01T00:00:07.747+01:00|W8|2.0|-0.93|0.53|-0.93|1.75;0001-01-01T00:00:07.747+01:00|W9|1.4|-1.27|0.06|-1.27|0.52;0001-01-01T00:00:07.747+01:00|W10|0.7|-0.56|0.02|-0.56|0.10;0001-01-01T00:00:07.747+01:00|W11|1.0|-0.61|0.15|-0.61|0.82;0001-01-01T00:00:07.747+01:00|W12|0.5|0.00|0.29|0.00|0.54"
102.00;3.87;0001-01-01T00:00:07.6740000+01:00;93.85;-0.10;-42.60;28.8;-5.811;8.605;26.257;-57.945;11.334;-17.517;97.496;-68.271;119.032;"0001-01-01T00:00:07.747+01:00|W1|1.2|0.02|0.02|0.02|1.13;0001-01-01T00:00:07.747+01:00|W2|0.9|-0.51|0.03|-0.51|0.74;0001-01-01T00:00:07.747+01:00|W3|0.9|0.06|0.08|0.06|0.80;0001-01-01T00:00:07.747+01:00|W4|1.8|-0.30|0.09|-0.30|1.78;0001-01-01T00:00:07.747+01:00|W5|1.1|0.40|0.02|0.40|0.97;0001-01-01T00:00:07.747+01:00|W6|1.3|-1.02|0.31|-1.02|0.83;0001-01-01T00:00:07.747+01:00|W7|2.7|-0.84|0.07|-0.84|2.58;0001-01-01T00:00:07.747+01:00|W8|2.0|-0.93|0.53|-0.93|1.75;0001-01-01T00:00:07.747+01:00|W9|1.4|-1.27|0.06|-1.27|0.52;0001-01-01T00:00:07.747+01:00|W10|0.7|-0.56|0.02|-0.56|0.10;0001-01-01T00:00:07.747+01:00|W11|1.0|-0.61|0.15|-0.61|0.82;0001-01-01T00:00:07.747+01:00|W12|0.5|0.00|0.29|0.00|0.54"
103.00;3.87;0001-01-01T00:00:07.7050000+01:00;94.67;-0.09;-43.17;29.0;-5.241;8.712;26.108;-58.424;11.338;-17.752;97.473;-68.710;119.266;"0001-01-01T00:00:07.747+01:00|W1|1.2|0.02|0.02|0.02|1.13;0001-01-01T00:00:07.747+01:00|W2|0.9|-0.51|0.03|-0.51|0.74;0001-01-01T00:00:07.747+01:00|W3|0.9|0.06|0.08|0.06|0.80;0001-01-01T00:00:07.747+01:00|W4|1.8|-0.30|0.09|-0.30|1.78;0001-01-01T00:00:07.747+01:00|W5|1.1|0.40|0.02|0.40|0.97;0001-01-01T00:00:07.747+01:00|W6|1.3|-1.02|0.31|-1.02|0.83;0001-01-01T00:00:07.747+01:00|W7|2.7|-0.84|0.07|-0.84|2.58;0001-01-01T00:00:07.747+01:00|W8|2.0|-0.93|0.53|-0.93|1.75;0001-01-01T00:00:07.747+01:00|W9|1.4|-1.27|0.06|-1.27|0.52;0001-01-01T00:00:07.747+01:00|W10|0.7|-0.56|0.02|-0.56|0.10;0001-01-01T00:00:07.747+01:00|W11|1.0|-0.61|0.15|-0.61|0.82;0001-01-01T00:00:07.747+01:00|W12|0.5|0.00|0.29|0.00|0.54"
104.00;3.85;0001-01-01T00:00:07.7350000+01:00;95.48;-0.08;-43.77;29.0;-4.682;8.316;25.962;-57.697;11.343;-18.278;97.401;-68.005;118.802;"0001-01-01T00:00:07.747+01:00|W1|1.2|0.02|0.02|0.02|1.13;0001-01-01T00:00:07.747+01:00|W2|0.9|-0.51|0.03|-0.51|0.74;0001-01-01T00:00:07.747+01:00|W3|0.9|0.06|0.08|0.06|0.80;0001-01-01T00:00:07.747+01:00|W4|1.8|-0.30|0.09|-0.30|1.78;0001-01-01T00:00:07.747+01:00|W5|1.1|0.40|0.02|0.40|0.97;0001-01-01T00:00:07.747+01:00|W6|1.3|-1.02|0.31|-1.02|0.83;0001-01-01T00:00:07.747+01:00|W7|2.7|-0.84|0.07|-0.84|2.58;0001-01-01T00:00:07.747+01:00|W8|2.0|-0.93|0.53|-0.93|1.75;0001-01-01T00:00:07.747+01:00|W9|1.4|-1.27|0.06|-1.27|0.52;0001-01-01T00:00:07.747+01:00|W10|0.7|-0.56|0.02|-0.56|0.10;0001-01-01T00:00:07.747+01:00|W11|1.0|-0.61|0.15|-0.61|0.82;0001-01-01T00:00:07.747+01:00|W12|0.5|0.00|0.29|0.00|0.54"
105.00;3.83;0001-01-01T00:00:07.7650000+01:00;96.29;-0.06;-44.36;29.2;-4.463;7.916;25.745;-56.965;11.473;-18.807;97.334;-67.673;118.558;"0001-01-01T00:00:07.747+01:00|W1|1.2|0.02|0.02|0.02|1.13;0001-01-01T00:00:07.747+01:00|W2|0.9|-0.51|0.03|-0.51|0.74;0001-01-01T00:00:07.747+01:00|W3|0.9|0.06|0.08|0.06|0.80;0001-01-01T00:00:07.747+01:00|W4|1.8|-0.30|0.09|-0.30|1.78;0001-01-01T00:00:07.747+01:00|W5|1.1|0.40|0.02|0.40|0.97;0001-01-01T00:00:07.747+01:00|W6|1.3|-1.02|0.31|-1.02|0.83;0001-01-01T00:00:07.747+01:00|W7|2.7|-0.84|0.07|-0.84|2.58;0001-01-01T00:00:07.747+01:00|W8|2.0|-0.93|0.53|-0.93|1.75;0001-01-01T00:00:07.747+01:00|W9|1.4|-1.27|0.06|-1.27|0.52;0001-01-01T00:00:07.747+01:00|W10|0.7|-0.56|0.02|-0.56|0.10;0001-01-01T00:00:07.747+01:00|W11|1.0|-0.61|0.15|-0.61|0.82;0001-01-01T00:00:07.747+01:00|W12|0.5|0.00|0.29|0.00|0.54"
106.00;3.83;0001-01-01T00:00:07.7950000+01:00;97.11;-0.05;-44.94;29.5;-4.711;7.513;25.433;-56.227;11.776;-19.341;97.276;-67.849;118.613;"0001-01-01T00:00:07.747+01:00|W1|1.2|0.02|0.02|0.02|1.13;0001-01-01T00:00:07.747+01:00|W2|0.9|-0.51|0.03|-0.51|0.74;0001-01-01T00:00:07.747+01:00|W3|0.9|0.06|0.08|0.06|0.80;0001-01-01T00:00:07.747+01:00|W4|1.8|-0.30|0.09|-0.30|1.78;0001-01-01T00:00:07.747+01:00|W5|1.1|0.40|0.02|0.40|0.97;0001-01-01T00:00:07.747+01:00|W6|1.3|-1.02|0.31|-1.02|0.83;0001-01-01T00:00:07.747+01:00|W7|2.7|-0.84|0.07|-0.84|2.58;0001-01-01T00:00:07.747+01:00|W8|2.0|-0.93|0.53|-0.93|1.75;0001-01-01T00:00:07.747+01:00|W9|1.4|-1.27|0.06|-1.27|0.52;0001-01-01T00:00:07.747+01:00|W10|0.7|-0.56|0.02|-0.56|0.10;0001-01-01T00:00:07.747+01:00|W11|1.0|-0.61|0.15|-0.61|0.82;0001-01-01T00:00:07.747+01:00|W12|0.5|0.00|0.29|0.00|0.54"
107.00;3.84;0001-01-01T00:00:07.8250000+01:00;97.93;-0.03;-45.51;30.9;-5.309;7.112;25.535;-55.493;11.977;-19.872;97.379;-68.781;119.234;"0001-01-01T00:00:07.747+01:00|W1|1.2|0.02|0.02|0.02|1.13;0001-01-01T00:00:07.747+01:00|W2|0.9|-0.51|0.03|-0.51|0.74;0001-01-01T00:00:07.747+01:00|W3|0.9|0.06|0.08|0.06|0.80;0001-01-01T00:00:07.747+01:00|W4|1.8|-0.30|0.09|-0.30|1.78;0001-01-01T00:00:07.747+01:00|W5|1.1|0.40|0.02|0.40|0.97;0001-01-01T00:00:07.747+01:00|W6|1.3|-1.02|0.31|-1.02|0.83;0001-01-01T00:00:07.747+01:00|W7|2.7|-0.84|0.07|-0.84|2.58;0001-01-01T00:00:07.747+01:00|W8|2.0|-0.93|0.53|-0.93|1.75;0001-01-01T00:00:07.747+01:00|W9|1.4|-1.27|0.06|-1.27|0.52;0001-01-01T00:00:07.747+01:00|W10|0.7|-0.56|0.02|-0.56|0.10;0001-01-01T00:00:07.747+01:00|W11|1.0|-0.61|0.15|-0.61|0.82;0001-01-01T00:00:07.747+01:00|W12|0.5|0.00|0.29|0.00|0.54"
108.00;3.85;0001-01-01T00:00:07.8560000+01:00;98.75;-0.01;-46.08;32.5;-6.022;6.680;25.868;-54.669;12.123;-20.367;97.514;-69.821;119.949;"0001-01-01T00:00:07.747+01:00|W1|1.2|0.02|0.02|0.02|1.13;0001-01-01T00:00:07.747+01:00|W2|0.9|-0.51|0.03|-0.51|0.74;0001-01-01T00:00:07.747+01:00|W3|0.9|0.06|0.08|0.06|0.80;0001-01-01T00:00:07.747+01:00|W4|1.8|-0.30|0.09|-0.30|1.78;0001-01-01T00:00:07.747+01:00|W5|1.1|0.40|0.02|0.40|0.97;0001-01-01T00:00:07.747+01:00|W6|1.3|-1.02|0.31|-1.02|0.83;0001-01-01T00:00:07.747+01:00|W7|2.7|-0.84|0.07|-0.84|2.58;0001-01-01T00:00:07.747+01:00|W8|2.0|-0.93|0.53|-0.93|1.75;0001-01-01T00:00:07.747+01:00|W9|1.4|-1.27|0.06|-1.27|0.52;0001-01-01T00:00:07.747+01:00|W10|0.7|-0.56|0.02|-0.56|0.10;0001-01-01T00:00:07.747+01:00|W11|1.0|-0.61|0.15|-0.61|0.82;0001-01-01T00:00:07.747+01:00|W12|0.5|0.00|0.29|0.00|0.54"
109.00;3.85;0001-01-01T00:00:07.8860000+01:00;99.56;0.00;-46.67;32.7;-6.835;6.008;27.038;-53.180;12.090;-20.591;97.541;-70.032;120.096;"0001-01-01T00:00:08.001+01:00|W1|1.2|0.04|0.02|0.04|1.14;0001-01-01T00:00:08.001+01:00|W2|0.9|-0.57|0.01|-0.57|0.72;0001-01-01T00:00:08.001+01:00|W3|0.9|0.02|0.07|0.02|0.81;0001-01-01T00:00:08.001+01:00|W4|1.8|-0.27|0.10|-0.27|1.79;0001-01-01T00:00:08.001+01:00|W5|1.1|0.44|0.02|0.44|0.98;0001-01-01T00:00:08.001+01:00|W6|1.3|-0.94|0.33|-0.94|0.88;0001-01-01T00:00:08.001+01:00|W7|2.7|-0.72|0.02|-0.72|2.55;0001-01-01T00:00:08.001+01:00|W8|2.0|-0.90|0.47|-0.90|1.74;0001-01-01T00:00:08.001+01:00|W9|1.4|-1.27|0.05|-1.27|0.54;0001-01-01T00:00:08.001+01:00|W10|0.8|-0.64|0.10|-0.64|0.16;0001-01-01T00:00:08.001+01:00|W11|1.0|-0.66|0.14|-0.66|0.78;0001-01-01T00:00:08.001+01:00|W12|0.5|-0.06|0.31|-0.06|0.51"
110.00;3.85;0001-01-01T00:00:07.9160000+01:00;100.38;0.02;-47.25;32.6;-7.557;5.382;28.028;-51.567;11.944;-20.664;97.588;-70.238;120.256;"0001-01-01T00:00:08.001+01:00|W1|1.2|0.04|0.02|0.04|1.14;0001-01-01T00:00:08.001+01:00|W2|0.9|-0.57|0.01|-0.57|0.72;0001-01-01T00:00:08.001+01:00|W3|0.9|0.02|0.07|0.02|0.81;0001-01-01T00:00:08.001+01:00|W4|1.8|-0.27|0.10|-0.27|1.79;0001-01-01T00:00:08.001+01:00|W5|1.1|0.44|0.02|0.44|0.98;0001-01-01T00:00:08.001+01:00|W6|1.3|-0.94|0.33|-0.94|0.88;0001-01-01T00:00:08.001+01:00|W7|2.7|-0.72|0.02|-0.72|2.55;0001-01-01T00:00:08.001+01:00|W8|2.0|-0.90|0.47|-0.90|1.74;0001-01-01T00:00:08.001+01:00|W9|1.4|-1.27|0.05|-1.27|0.54;0001-01-01T00:00:08.001+01:00|W10|0.8|-0.64|0.10|-0.64|0.16;0001-01-01T00:00:08.001+01:00|W11|1.0|-0.66|0.14|-0.66|0.78;0001-01-01T00:00:08.001+01:00|W12|0.5|-0.06|0.31|-0.06|0.51"
111.00;3.84;0001-01-01T00:00:07.9460000+01:00;101.19;0.04;-47.84;32.2;-8.167;4.810;28.802;-49.804;11.661;-20.556;97.658;-70.437;120.429;"0001-01-01T00:00:08.001+01:00|W1|1.2|0.04|0.02|0.04|1.14;0001-01-01T00:00:08.001+01:00|W2|0.9|-0.57|0.01|-0.57|0.72;0001-01-01T00:00:08.001+01:00|W3|0.9|0.02|0.07|0.02|0.81;0001-01-01T00:00:08.001+01:00|W4|1.8|-0.27|0.10|-0.27|1.79;0001-01-01T00:00:08.001+01:00|W5|1.1|0.44|0.02|0.44|0.98;0001-01-01T00:00:08.001+01:00|W6|1.3|-0.94|0.33|-0.94|0.88;0001-01-01T00:00:08.001+01:00|W7|2.7|-0.72|0.02|-0.72|2.55;0001-01-01T00:00:08.001+01:00|W8|2.0|-0.90|0.47|-0.90|1.74;0001-01-01T00:00:08.001+01:00|W9|1.4|-1.27|0.05|-1.27|0.54;0001-01-01T00:00:08.001+01:00|W10|0.8|-0.64|0.10|-0.64|0.16;0001-01-01T00:00:08.001+01:00|W11|1.0|-0.66|0.14|-0.66|0.78;0001-01-01T00:00:08.001+01:00|W12|0.5|-0.06|0.31|-0.06|0.51"
112.00;3.84;0001-01-01T00:00:07.9760000+01:00;102.01;0.06;-48.42;31.6;-8.392;4.346;29.464;-49.019;11.208;-20.438;97.677;-70.620;120.553;"0001-01-01T00:00:08.001+01:00|W1|1.2|0.04|0.02|0.04|1.14;0001-01-01T00:00:08.001+01:00|W2|0.9|-0.57|0.01|-0.57|0.72;0001-01-01T00:00:08.001+01:00|W3|0.9|0.02|0.07|0.02|0.81;0001-01-01T00:00:08.001+01:00|W4|1.8|-0.27|0.10|-0.27|1.79;0001-01-01T00:00:08.001+01:00|W5|1.1|0.44|0.02|0.44|0.98;0001-01-01T00:00:08.001+01:00|W6|1.3|-0.94|0.33|-0.94|0.88;0001-01-01T00:00:08.001+01:00|W7|2.7|-0.72|0.02|-0.72|2.55;0001-01-01T00:00:08.001+01:00|W8|2.0|-0.90|0.47|-0.90|1.74;0001-01-01T00:00:08.001+01:00|W9|1.4|-1.27|0.05|-1.27|0.54;0001-01-01T00:00:08.001+01:00|W10|0.8|-0.64|0.10|-0.64|0.16;0001-01-01T00:00:08.001+01:00|W11|1.0|-0.66|0.14|-0.66|0.78;0001-01-01T00:00:08.001+01:00|W12|0.5|-0.06|0.31|-0.06|0.51"
113.00;3.84;0001-01-01T00:00:08.0060000+01:00;102.82;0.07;-49.00;31.0;-8.482;3.917;29.927;-48.495;10.725;-20.332;97.688;-70.810;120.675;"0001-01-01T00:00:08.001+01:00|W1|1.2|0.04|0.02|0.04|1.14;0001-01-01T00:00:08.001+01:00|W2|0.9|-0.57|0.01|-0.57|0.72;0001-01-01T00:00:08.001+01:00|W3|0.9|0.02|0.07|0.02|0.81;0001-01-01T00:00:08.001+01:00|W4|1.8|-0.27|0.10|-0.27|1.79;0001-01-01T00:00:08.001+01:00|W5|1.1|0.44|0.02|0.44|0.98;0001-01-01T00:00:08.001+01:00|W6|1.3|-0.94|0.33|-0.94|0.88;0001-01-01T00:00:08.001+01:00|W7|2.7|-0.72|0.02|-0.72|2.55;0001-01-01T00:00:08.001+01:00|W8|2.0|-0.90|0.47|-0.90|1.74;0001-01-01T00:00:08.001+01:00|W9|1.4|-1.27|0.05|-1.27|0.54;0001-01-01T00:00:08.001+01:00|W10|0.8|-0.64|0.10|-0.64|0.16;0001-01-01T00:00:08.001+01:00|W11|1.0|-0.66|0.14|-0.66|0.78;0001-01-01T00:00:08.001+01:00|W12|0.5|-0.06|0.31|-0.06|0.51"
114.00;3.84;0001-01-01T00:00:08.0360000+01:00;103.63;0.09;-49.59;30.7;-8.350;3.524;29.208;-47.949;10.357;-20.334;97.747;-71.084;120.883;"0001-01-01T00:00:08.001+01:00|W1|1.2|0.04|0.02|0.04|1.14;0001-01-01T00:00:08.001+01:00|W2|0.9|-0.57|0.01|-0.57|0.72;0001-01-01T00:00:08.001+01:00|W3|0.9|0.02|0.07|0.02|0.81;0001-01-01T00:00:08.001+01:00|W4|1.8|-0.27|0.10|-0.27|1.79;0001-01-01T00:00:08.001+01:00|W5|1.1|0.44|0.02|0.44|0.98;0001-01-01T00:00:08.001+01:00|W6|1.3|-0.94|0.33|-0.94|0.88;0001-01-01T00:00:08.001+01:00|W7|2.7|-0.72|0.02|-0.72|2.55;0001-01-01T00:00:08.001+01:00|W8|2.0|-0.90|0.47|-0.90|1.74;0001-01-01T00:00:08.001+01:00|W9|1.4|-1.27|0.05|-1.27|0.54;0001-01-01T00:00:08.001+01:00|W10|0.8|-0.64|0.10|-0.64|0.16;0001-01-01T00:00:08.001+01:00|W11|1.0|-0.66|0.14|-0.66|0.78;0001-01-01T00:00:08.001+01:00|W12|0.5|-0.06|0.31|-0.06|0.51"
115.00;3.83;0001-01-01T00:00:08.0650000+01:00;104.44;0.11;-50.18;30.5;-8.145;3.131;28.724;-47.176;10.082;-20.417;97.792;-71.338;121.069;"0001-01-01T00:00:08.001+01:00|W1|1.2|0.04|0.02|0.04|1.14;0001-01-01T00:00:08.001+01:00|W2|0.9|-0.57|0.01|-0.57|0.72;0001-01-01T00:00:08.001+01:00|W3|0.9|0.02|0.07|0.02|0.81;0001-01-01T00:00:08.001+01:00|W4|1.8|-0.27|0.10|-0.27|1.79;0001-01-01T00:00:08.001+01:00|W5|1.1|0.44|0.02|0.44|0.98;0001-01-01T00:00:08.001+01:00|W6|1.3|-0.94|0.33|-0.94|0.88;0001-01-01T00:00:08.001+01:00|W7|2.7|-0.72|0.02|-0.72|2.55;0001-01-01T00:00:08.001+01:00|W8|2.0|-0.90|0.47|-0.90|1.74;0001-01-01T00:00:08.001+01:00|W9|1.4|-1.27|0.05|-1.27|0.54;0001-01-01T00:00:08.001+01:00|W10|0.8|-0.64|0.10|-0.64|0.16;0001-01-01T00:00:08.001+01:00|W11|1.0|-0.66|0.14|-0.66|0.78;0001-01-01T00:00:08.001+01:00|W12|0.5|-0.06|0.31|-0.06|0.51"
116.00;3.82;0001-01-01T00:00:08.0950000+01:00;105.25;0.13;-50.77;30.5;-7.850;2.736;28.530;-46.122;9.923;-20.600;97.818;-71.569;121.228;"0001-01-01T00:00:08.001+01:00|W1|1.2|0.04|0.02|0.04|1.14;0001-01-01T00:00:08.001+01:00|W2|0.9|-0.57|0.01|-0.57|0.72;0001-01-01T00:00:08.001+01:00|W3|0.9|0.02|0.07|0.02|0.81;0001-01-01T00:00:08.001+01:00|W4|1.8|-0.27|0.10|-0.27|1.79;0001-01-01T00:00:08.001+01:00|W5|1.1|0.44|0.02|0.44|0.98;0001-01-01T00:00:08.001+01:00|W6|1.3|-0.94|0.33|-0.94|0.88;0001-01-01T00:00:08.001+01:00|W7|2.7|-0.72|0.02|-0.72|2.55;0001-01-01T00:00:08.001+01:00|W8|2.0|-0.90|0.47|-0.90|1.74;0001-01-01T00:00:08.001+01:00|W9|1.4|-1.27|0.05|-1.27|0.54;0001-01-01T00:00:08.001+01:00|W10|0.8|-0.64|0.10|-0.64|0.16;0001-01-01T00:00:08.001+01:00|W11|1.0|-0.66|0.14|-0.66|0.78;0001-01-01T00:00:08.001+01:00|W12|0.5|-0.06|0.31|-0.06|0.51"
117.00;3.81;0001-01-01T00:00:08.1250000+01:00;106.06;0.15;-51.37;30.8;-7.696;2.387;28.051;-45.562;9.990;-20.858;97.870;-71.799;121.405;"0001-01-01T00:00:08.247+01:00|W1|1.2|0.04|0.02|0.04|1.14;0001-01-01T00:00:08.247+01:00|W2|0.9|-0.57|0.01|-0.57|0.72;0001-01-01T00:00:08.247+01:00|W3|0.9|0.02|0.07|0.02|0.81;0001-01-01T00:00:08.247+01:00|W4|1.8|-0.27|0.10|-0.27|1.79;0001-01-01T00:00:08.247+01:00|W5|1.1|0.44|0.04|0.44|1.00;0001-01-01T00:00:08.247+01:00|W6|1.3|-0.94|0.33|-0.94|0.88;0001-01-01T00:00:08.247+01:00|W7|2.5|-0.58|0.14|-0.58|2.48;0001-01-01T00:00:08.247+01:00|W8|2.0|-0.90|0.47|-0.90|1.74;0001-01-01T00:00:08.247+01:00|W9|1.4|-1.27|0.05|-1.27|0.54;0001-01-01T00:00:08.247+01:00|W10|0.8|-0.64|0.10|-0.64|0.16;0001-01-01T00:00:08.247+01:00|W11|1.0|-0.69|0.13|-0.69|0.75;0001-01-01T00:00:08.247+01:00|W12|0.5|-0.06|0.31|-0.06|0.51"
118.00;3.80;0001-01-01T00:00:08.1550000+01:00;106.87;0.17;-51.96;31.2;-7.597;2.071;27.494;-45.176;10.129;-21.125;97.922;-72.018;121.576;"0001-01-01T00:00:08.247+01:00|W1|1.2|0.04|0.02|0.04|1.14;0001-01-01T00:00:08.247+01:00|W2|0.9|-0.57|0.01|-0.57|0.72;0001-01-01T00:00:08.247+01:00|W3|0.9|0.02|0.07|0.02|0.81;0001-01-01T00:00:08.247+01:00|W4|1.8|-0.27|0.10|-0.27|1.79;0001-01-01T00:00:08.247+01:00|W5|1.1|0.44|0.04|0.44|1.00;0001-01-01T00:00:08.247+01:00|W6|1.3|-0.94|0.33|-0.94|0.88;0001-01-01T00:00:08.247+01:00|W7|2.5|-0.58|0.14|-0.58|2.48;0001-01-01T00:00:08.247+01:00|W8|2.0|-0.90|0.47|-0.90|1.74;0001-01-01T00:00:08.247+01:00|W9|1.4|-1.27|0.05|-1.27|0.54;0001-01-01T00:00:08.247+01:00|W10|0.8|-0.64|0.10|-0.64|0.16;0001-01-01T00:00:08.247+01:00|W11|1.0|-0.69|0.13|-0.69|0.75;0001-01-01T00:00:08.247+01:00|W12|0.5|-0.06|0.31|-0.06|0.51"
119.00;3.80;0001-01-01T00:00:08.1840000+01:00;107.68;0.19;-52.55;31.4;-7.634;1.944;26.995;-45.083;10.341;-21.243;97.907;-72.126;121.629;"0001-01-01T00:00:08.247+01:00|W1|1.2|0.04|0.02|0.04|1.14;0001-01-01T00:00:08.247+01:00|W2|0.9|-0.57|0.01|-0.57|0.72;0001-01-01T00:00:08.247+01:00|W3|0.9|0.02|0.07|0.02|0.81;0001-01-01T00:00:08.247+01:00|W4|1.8|-0.27|0.10|-0.27|1.79;0001-01-01T00:00:08.247+01:00|W5|1.1|0.44|0.04|0.44|1.00;0001-01-01T00:00:08.247+01:00|W6|1.3|-0.94|0.33|-0.94|0.88;0001-01-01T00:00:08.247+01:00|W7|2.5|-0.58|0.14|-0.58|2.48;0001-01-01T00:00:08.247+01:00|W8|2.0|-0.90|0.47|-0.90|1.74;0001-01-01T00:00:08.247+01:00|W9|1.4|-1.27|0.05|-1.27|0.54;0001-01-01T00:00:08.247+01:00|W10|0.8|-0.64|0.10|-0.64|0.16;0001-01-01T00:00:08.247+01:00|W11|1.0|-0.69|0.13|-0.69|0.75;0001-01-01T00:00:08.247+01:00|W12|0.5|-0.06|0.31|-0.06|0.51"
120.00;3.79;0001-01-01T00:00:08.2140000+01:00;108.49;0.21;-53.15;31.7;-7.746;1.817;26.553;-44.990;10.544;-21.361;97.926;-72.242;121.713;"0001-01-01T00:00:08.247+01:00|W1|1.2|0.04|0.02|0.04|1.14;0001-01-01T00:00:08.247+01:00|W2|0.9|-0.57|0.01|-0.57|0.72;0001-01-01T00:00:08.247+01:00|W3|0.9|0.02|0.07|0.02|0.81;0001-01-01T00:00:08.247+01:00|W4|1.8|-0.27|0.10|-0.27|1.79;0001-01-01T00:00:08.247+01:00|W5|1.1|0.44|0.04|0.44|1.00;0001-01-01T00:00:08.247+01:00|W6|1.3|-0.94|0.33|-0.94|0.88;0001-01-01T00:00:08.247+01:00|W7|2.5|-0.58|0.14|-0.58|2.48;0001-01-01T00:00:08.247+01:00|W8|2.0|-0.90|0.47|-0.90|1.74;0001-01-01T00:00:08.247+01:00|W9|1.4|-1.27|0.05|-1.27|0.54;0001-01-01T00:00:08.247+01:00|W10|0.8|-0.64|0.10|-0.64|0.16;0001-01-01T00:00:08.247+01:00|W11|1.0|-0.69|0.13|-0.69|0.75;0001-01-01T00:00:08.247+01:00|W12|0.5|-0.06|0.31|-0.06|0.51"
121.00;3.77;0001-01-01T00:00:08.2440000+01:00;109.29;0.23;-53.75;32.1;-7.970;1.691;26.194;-44.897;10.733;-21.478;97.993;-72.368;121.843;"0001-01-01T00:00:08.247+01:00|W1|1.2|0.04|0.02|0.04|1.14;0001-01-01T00:00:08.247+01:00|W2|0.9|-0.57|0.01|-0.57|0.72;0001-01-01T00:00:08.247+01:00|W3|0.9|0.02|0.07|0.02|0.81;0001-01-01T00:00:08.247+01:00|W4|1.8|-0.27|0.10|-0.27|1.79;0001-01-01T00:00:08.247+01:00|W5|1.1|0.44|0.04|0.44|1.00;0001-01-01T00:00:08.247+01:00|W6|1.3|-0.94|0.33|-0.94|0.88;0001-01-01T00:00:08.247+01:00|W7|2.5|-0.58|0.14|-0.58|2.48;0001-01-01T00:00:08.247+01:00|W8|2.0|-0.90|0.47|-0.90|1.74;0001-01-01T00:00:08.247+01:00|W9|1.4|-1.27|0.05|-1.27|0.54;0001-01-01T00:00:08.247+01:00|W10|0.8|-0.64|0.10|-0.64|0.16;0001-01-01T00:00:08.247+01:00|W11|1.0|-0.69|0.13|-0.69|0.75;0001-01-01T00:00:08.247+01:00|W12|0.5|-0.06|0.31|-0.06|0.51"
122.00;3.77;0001-01-01T00:00:08.2730000+01:00;110.10;0.25;-54.34;32.3;-8.229;1.793;25.954;-45.212;10.880;-21.422;98.031;-72.446;121.922;"0001-01-01T00:00:08.247+01:00|W1|1.2|0.04|0.02|0.04|1.14;0001-01-01T00:00:08.247+01:00|W2|0.9|-0.57|0.01|-0.57|0.72;0001-01-01T00:00:08.247+01:00|W3|0.9|0.02|0.07|0.02|0.81;0001-01-01T00:00:08.247+01:00|W4|1.8|-0.27|0.10|-0.27|1.79;0001-01-01T00:00:08.247+01:00|W5|1.1|0.44|0.04|0.44|1.00;0001-01-01T00:00:08.247+01:00|W6|1.3|-0.94|0.33|-0.94|0.88;0001-01-01T00:00:08.247+01:00|W7|2.5|-0.58|0.14|-0.58|2.48;0001-01-01T00:00:08.247+01:00|W8|2.0|-0.90|0.47|-0.90|1.74;0001-01-01T00:00:08.247+01:00|W9|1.4|-1.27|0.05|-1.27|0.54;0001-01-01T00:00:08.247+01:00|W10|0.8|-0.64|0.10|-0.64|0.16;0001-01-01T00:00:08.247+01:00|W11|1.0|-0.69|0.13|-0.69|0.75;0001-01-01T00:00:08.247+01:00|W12|0.5|-0.06|0.31|-0.06|0.51"
123.00;3.76;0001-01-01T00:00:08.3030000+01:00;110.91;0.27;-54.93;32.3;-8.503;1.985;25.758;-45.665;11.008;-21.297;98.058;-72.507;121.984;"0001-01-01T00:00:08.247+01:00|W1|1.2|0.04|0.02|0.04|1.14;0001-01-01T00:00:08.247+01:00|W2|0.9|-0.57|0.01|-0.57|0.72;0001-01-01T00:00:08.247+01:00|W3|0.9|0.02|0.07|0.02|0.81;0001-01-01T00:00:08.247+01:00|W4|1.8|-0.27|0.10|-0.27|1.79;0001-01-01T00:00:08.247+01:00|W5|1.1|0.44|0.04|0.44|1.00;0001-01-01T00:00:08.247+01:00|W6|1.3|-0.94|0.33|-0.94|0.88;0001-01-01T00:00:08.247+01:00|W7|2.5|-0.58|0.14|-0.58|2.48;0001-01-01T00:00:08.247+01:00|W8|2.0|-0.90|0.47|-0.90|1.74;0001-01-01T00:00:08.247+01:00|W9|1.4|-1.27|0.05|-1.27|0.54;0001-01-01T00:00:08.247+01:00|W10|0.8|-0.64|0.10|-0.64|0.16;0001-01-01T00:00:08.247+01:00|W11|1.0|-0.69|0.13|-0.69|0.75;0001-01-01T00:00:08.247+01:00|W12|0.5|-0.06|0.31|-0.06|0.51"
124.00;3.76;0001-01-01T00:00:08.3320000+01:00;111.71;0.29;-55.53;32.1;-8.783;2.234;25.506;-45.452;11.034;-21.135;98.095;-72.682;122.120;"0001-01-01T00:00:08.247+01:00|W1|1.2|0.04|0.02|0.04|1.14;0001-01-01T00:00:08.247+01:00|W2|0.9|-0.57|0.01|-0.57|0.72;0001-01-01T00:00:08.247+01:00|W3|0.9|0.02|0.07|0.02|0.81;0001-01-01T00:00:08.247+01:00|W4|1.8|-0.27|0.10|-0.27|1.79;0001-01-01T00:00:08.247+01:00|W5|1.1|0.44|0.04|0.44|1.00;0001-01-01T00:00:08.247+01:00|W6|1.3|-0.94|0.33|-0.94|0.88;0001-01-01T00:00:08.247+01:00|W7|2.5|-0.58|0.14|-0.58|2.48;0001-01-01T00:00:08.247+01:00|W8|2.0|-0.90|0.47|-0.90|1.74;0001-01-01T00:00:08.247+01:00|W9|1.4|-1.27|0.05|-1.27|0.54;0001-01-01T00:00:08.247+01:00|W10|0.8|-0.64|0.10|-0.64|0.16;0001-01-01T00:00:08.247+01:00|W11|1.0|-0.69|0.13|-0.69|0.75;0001-01-01T00:00:08.247+01:00|W12|0.5|-0.06|0.31|-0.06|0.51"
125.00;3.75;0001-01-01T00:00:08.3620000+01:00;112.52;0.32;-56.13;32.0;-9.022;2.462;25.419;-45.338;11.030;-21.023;98.118;-72.851;122.241;"0001-01-01T00:00:08.247+01:00|W1|1.2|0.04|0.02|0.04|1.14;0001-01-01T00:00:08.247+01:00|W2|0.9|-0.57|0.01|-0.57|0.72;0001-01-01T00:00:08.247+01:00|W3|0.9|0.02|0.07|0.02|0.81;0001-01-01T00:00:08.247+01:00|W4|1.8|-0.27|0.10|-0.27|1.79;0001-01-01T00:00:08.247+01:00|W5|1.1|0.44|0.04|0.44|1.00;0001-01-01T00:00:08.247+01:00|W6|1.3|-0.94|0.33|-0.94|0.88;0001-01-01T00:00:08.247+01:00|W7|2.5|-0.58|0.14|-0.58|2.48;0001-01-01T00:00:08.247+01:00|W8|2.0|-0.90|0.47|-0.90|1.74;0001-01-01T00:00:08.247+01:00|W9|1.4|-1.27|0.05|-1.27|0.54;0001-01-01T00:00:08.247+01:00|W10|0.8|-0.64|0.10|-0.64|0.16;0001-01-01T00:00:08.247+01:00|W11|1.0|-0.69|0.13|-0.69|0.75;0001-01-01T00:00:08.247+01:00|W12|0.5|-0.06|0.31|-0.06|0.51"
126.00;3.74;0001-01-01T00:00:08.3920000+01:00;113.32;0.34;-56.73;31.9;-9.179;2.651;25.662;-45.417;10.966;-21.010;98.112;-73.005;122.329;"0001-01-01T00:00:08.501+01:00|W1|1.1|0.00|0.01|0.00|1.10;0001-01-01T00:00:08.501+01:00|W2|0.9|-0.62|0.01|-0.62|0.67;0001-01-01T00:00:08.501+01:00|W3|0.8|-0.06|0.02|-0.06|0.76;0001-01-01T00:00:08.501+01:00|W4|1.8|-0.35|0.10|-0.35|1.77;0001-01-01T00:00:08.501+01:00|W5|1.2|0.51|0.13|0.51|1.06;0001-01-01T00:00:08.501+01:00|W6|1.3|-0.85|0.32|-0.85|0.97;0001-01-01T00:00:08.501+01:00|W7|2.5|-0.48|0.24|-0.48|2.41;0001-01-01T00:00:08.501+01:00|W8|2.0|-0.92|0.41|-0.92|1.69;0001-01-01T00:00:08.501+01:00|W9|1.4|-1.30|0.04|-1.30|0.54;0001-01-01T00:00:08.501+01:00|W10|1.0|-0.74|0.25|-0.74|0.25;0001-01-01T00:00:08.501+01:00|W11|1.0|-0.66|0.08|-0.66|0.72;0001-01-01T00:00:08.501+01:00|W12|0.5|-0.10|0.29|-0.10|0.50"
127.00;3.73;0001-01-01T00:00:08.4210000+01:00;114.13;0.37;-57.33;32.1;-9.279;2.662;25.527;-45.543;10.940;-21.183;98.107;-73.221;122.454;"0001-01-01T00:00:08.501+01:00|W1|1.1|0.00|0.01|0.00|1.10;0001-01-01T00:00:08.501+01:00|W2|0.9|-0.62|0.01|-0.62|0.67;0001-01-01T00:00:08.501+01:00|W3|0.8|-0.06|0.02|-0.06|0.76;0001-01-01T00:00:08.501+01:00|W4|1.8|-0.35|0.10|-0.35|1.77;0001-01-01T00:00:08.501+01:00|W5|1.2|0.51|0.13|0.51|1.06;0001-01-01T00:00:08.501+01:00|W6|1.3|-0.85|0.32|-0.85|0.97;0001-01-01T00:00:08.501+01:00|W7|2.5|-0.48|0.24|-0.48|2.41;0001-01-01T00:00:08.501+01:00|W8|2.0|-0.92|0.41|-0.92|1.69;0001-01-01T00:00:08.501+01:00|W9|1.4|-1.30|0.04|-1.30|0.54;0001-01-01T00:00:08.501+01:00|W10|1.0|-0.74|0.25|-0.74|0.25;0001-01-01T00:00:08.501+01:00|W11|1.0|-0.66|0.08|-0.66|0.72;0001-01-01T00:00:08.501+01:00|W12|0.5|-0.10|0.29|-0.10|0.50"
128.00;3.72;0001-01-01T00:00:08.4510000+01:00;114.93;0.39;-57.92;32.3;-9.348;2.578;25.186;-45.694;10.935;-21.459;98.101;-73.470;122.599;"0001-01-01T00:00:08.501+01:00|W1|1.1|0.00|0.01|0.00|1.10;0001-01-01T00:00:08.501+01:00|W2|0.9|-0.62|0.01|-0.62|0.67;0001-01-01T00:00:08.501+01:00|W3|0.8|-0.06|0.02|-0.06|0.76;0001-01-01T00:00:08.501+01:00|W4|1.8|-0.35|0.10|-0.35|1.77;0001-01-01T00:00:08.501+01:00|W5|1.2|0.51|0.13|0.51|1.06;0001-01-01T00:00:08.501+01:00|W6|1.3|-0.85|0.32|-0.85|0.97;0001-01-01T00:00:08.501+01:00|W7|2.5|-0.48|0.24|-0.48|2.41;0001-01-01T00:00:08.501+01:00|W8|2.0|-0.92|0.41|-0.92|1.69;0001-01-01T00:00:08.501+01:00|W9|1.4|-1.30|0.04|-1.30|0.54;0001-01-01T00:00:08.501+01:00|W10|1.0|-0.74|0.25|-0.74|0.25;0001-01-01T00:00:08.501+01:00|W11|1.0|-0.66|0.08|-0.66|0.72;0001-01-01T00:00:08.501+01:00|W12|0.5|-0.10|0.29|-0.10|0.50"
129.00;3.71;0001-01-01T00:00:08.4800000+01:00;115.73;0.42;-58.53;32.8;-9.327;2.260;24.744;-45.638;10.895;-21.912;98.084;-73.631;122.684;"0001-01-01T00:00:08.501+01:00|W1|1.1|0.00|0.01|0.00|1.10;0001-01-01T00:00:08.501+01:00|W2|0.9|-0.62|0.01|-0.62|0.67;0001-01-01T00:00:08.501+01:00|W3|0.8|-0.06|0.02|-0.06|0.76;0001-01-01T00:00:08.501+01:00|W4|1.8|-0.35|0.10|-0.35|1.77;0001-01-01T00:00:08.501+01:00|W5|1.2|0.51|0.13|0.51|1.06;0001-01-01T00:00:08.501+01:00|W6|1.3|-0.85|0.32|-0.85|0.97;0001-01-01T00:00:08.501+01:00|W7|2.5|-0.48|0.24|-0.48|2.41;0001-01-01T00:00:08.501+01:00|W8|2.0|-0.92|0.41|-0.92|1.69;0001-01-01T00:00:08.501+01:00|W9|1.4|-1.30|0.04|-1.30|0.54;0001-01-01T00:00:08.501+01:00|W10|1.0|-0.74|0.25|-0.74|0.25;0001-01-01T00:00:08.501+01:00|W11|1.0|-0.66|0.08|-0.66|0.72;0001-01-01T00:00:08.501+01:00|W12|0.5|-0.10|0.29|-0.10|0.50"
130.00;3.70;0001-01-01T00:00:08.5090000+01:00;116.53;0.45;-59.13;33.1;-9.301;1.867;24.296;-45.463;10.853;-22.328;98.088;-73.762;122.768;"0001-01-01T00:00:08.501+01:00|W1|1.1|0.00|0.01|0.00|1.10;0001-01-01T00:00:08.501+01:00|W2|0.9|-0.62|0.01|-0.62|0.67;0001-01-01T00:00:08.501+01:00|W3|0.8|-0.06|0.02|-0.06|0.76;0001-01-01T00:00:08.501+01:00|W4|1.8|-0.35|0.10|-0.35|1.77;0001-01-01T00:00:08.501+01:00|W5|1.2|0.51|0.13|0.51|1.06;0001-01-01T00:00:08.501+01:00|W6|1.3|-0.85|0.32|-0.85|0.97;0001-01-01T00:00:08.501+01:00|W7|2.5|-0.48|0.24|-0.48|2.41;0001-01-01T00:00:08.501+01:00|W8|2.0|-0.92|0.41|-0.92|1.69;0001-01-01T00:00:08.501+01:00|W9|1.4|-1.30|0.04|-1.30|0.54;0001-01-01T00:00:08.501+01:00|W10|1.0|-0.74|0.25|-0.74|0.25;0001-01-01T00:00:08.501+01:00|W11|1.0|-0.66|0.08|-0.66|0.72;0001-01-01T00:00:08.501+01:00|W12|0.5|-0.10|0.29|-0.10|0.50"
131.00;3.69;0001-01-01T00:00:08.5390000+01:00;117.33;0.47;-59.73;33.0;-9.275;1.283;23.848;-44.956;10.811;-22.605;98.160;-73.812;122.855;"0001-01-01T00:00:08.501+01:00|W1|1.1|0.00|0.01|0.00|1.10;0001-01-01T00:00:08.501+01:00|W2|0.9|-0.62|0.01|-0.62|0.67;0001-01-01T00:00:08.501+01:00|W3|0.8|-0.06|0.02|-0.06|0.76;0001-01-01T00:00:08.501+01:00|W4|1.8|-0.35|0.10|-0.35|1.77;0001-01-01T00:00:08.501+01:00|W5|1.2|0.51|0.13|0.51|1.06;0001-01-01T00:00:08.501+01:00|W6|1.3|-0.85|0.32|-0.85|0.97;0001-01-01T00:00:08.501+01:00|W7|2.5|-0.48|0.24|-0.48|2.41;0001-01-01T00:00:08.501+01:00|W8|2.0|-0.92|0.41|-0.92|1.69;0001-01-01T00:00:08.501+01:00|W9|1.4|-1.30|0.04|-1.30|0.54;0001-01-01T00:00:08.501+01:00|W10|1.0|-0.74|0.25|-0.74|0.25;0001-01-01T00:00:08.501+01:00|W11|1.0|-0.66|0.08|-0.66|0.72;0001-01-01T00:00:08.501+01:00|W12|0.5|-0.10|0.29|-0.10|0.50"
132.00;3.67;0001-01-01T00:00:08.5680000+01:00;118.13;0.49;-60.34;33.0;-9.249;0.698;23.400;-44.450;10.769;-22.881;98.232;-73.862;122.942;"0001-01-01T00:00:08.501+01:00|W1|1.1|0.00|0.01|0.00|1.10;0001-01-01T00:00:08.501+01:00|W2|0.9|-0.62|0.01|-0.62|0.67;0001-01-01T00:00:08.501+01:00|W3|0.8|-0.06|0.02|-0.06|0.76;0001-01-01T00:00:08.501+01:00|W4|1.8|-0.35|0.10|-0.35|1.77;0001-01-01T00:00:08.501+01:00|W5|1.2|0.51|0.13|0.51|1.06;0001-01-01T00:00:08.501+01:00|W6|1.3|-0.85|0.32|-0.85|0.97;0001-01-01T00:00:08.501+01:00|W7|2.5|-0.48|0.24|-0.48|2.41;0001-01-01T00:00:08.501+01:00|W8|2.0|-0.92|0.41|-0.92|1.69;0001-01-01T00:00:08.501+01:00|W9|1.4|-1.30|0.04|-1.30|0.54;0001-01-01T00:00:08.501+01:00|W10|1.0|-0.74|0.25|-0.74|0.25;0001-01-01T00:00:08.501+01:00|W11|1.0|-0.66|0.08|-0.66|0.72;0001-01-01T00:00:08.501+01:00|W12|0.5|-0.10|0.29|-0.10|0.50"
133.00;3.66;0001-01-01T00:00:08.5970000+01:00;118.93;0.50;-60.94;32.9;-9.223;0.114;22.951;-43.943;10.727;-23.158;98.304;-73.912;123.029;"0001-01-01T00:00:08.501+01:00|W1|1.1|0.00|0.01|0.00|1.10;0001-01-01T00:00:08.501+01:00|W2|0.9|-0.62|0.01|-0.62|0.67;0001-01-01T00:00:08.501+01:00|W3|0.8|-0.06|0.02|-0.06|0.76;0001-01-01T00:00:08.501+01:00|W4|1.8|-0.35|0.10|-0.35|1.77;0001-01-01T00:00:08.501+01:00|W5|1.2|0.51|0.13|0.51|1.06;0001-01-01T00:00:08.501+01:00|W6|1.3|-0.85|0.32|-0.85|0.97;0001-01-01T00:00:08.501+01:00|W7|2.5|-0.48|0.24|-0.48|2.41;0001-01-01T00:00:08.501+01:00|W8|2.0|-0.92|0.41|-0.92|1.69;0001-01-01T00:00:08.501+01:00|W9|1.4|-1.30|0.04|-1.30|0.54;0001-01-01T00:00:08.501+01:00|W10|1.0|-0.74|0.25|-0.74|0.25;0001-01-01T00:00:08.501+01:00|W11|1.0|-0.66|0.08|-0.66|0.72;0001-01-01T00:00:08.501+01:00|W12|0.5|-0.10|0.29|-0.10|0.50"
134.00;3.65;0001-01-01T00:00:08.6270000+01:00;119.73;0.54;-61.55;33.4;-9.157;-0.469;22.753;-43.438;10.550;-23.435;98.324;-74.228;123.239;"0001-01-01T00:00:08.749+01:00|W1|1.1|-0.05|0.06|-0.05|1.04;0001-01-01T00:00:08.749+01:00|W2|0.9|-0.64|0.01|-0.64|0.64;0001-01-01T00:00:08.749+01:00|W3|0.8|-0.07|0.00|-0.07|0.74;0001-01-01T00:00:08.749+01:00|W4|1.8|-0.30|0.08|-0.30|1.76;0001-01-01T00:00:08.749+01:00|W5|1.2|0.53|0.14|0.53|1.08;0001-01-01T00:00:08.749+01:00|W6|1.3|-0.69|0.28|-0.69|1.14;0001-01-01T00:00:08.749+01:00|W7|2.4|-0.39|0.27|-0.39|2.38;0001-01-01T00:00:08.749+01:00|W8|1.8|-0.94|0.19|-0.94|1.52;0001-01-01T00:00:08.749+01:00|W9|1.5|-1.36|0.00|-1.36|0.51;0001-01-01T00:00:08.749+01:00|W10|1.0|-0.72|0.21|-0.72|0.27;0001-01-01T00:00:08.749+01:00|W11|0.9|-0.63|0.05|-0.63|0.70;0001-01-01T00:00:08.749+01:00|W12|0.5|-0.19|0.26|-0.19|0.44"
135.00;3.65;0001-01-01T00:00:08.6560000+01:00;120.53;0.57;-62.15;33.9;-9.099;-1.029;22.671;-42.871;10.360;-23.655;98.331;-74.572;123.457;"0001-01-01T00:00:08.749+01:00|W1|1.1|-0.05|0.06|-0.05|1.04;0001-01-01T00:00:08.749+01:00|W2|0.9|-0.64|0.01|-0.64|0.64;0001-01-01T00:00:08.749+01:00|W3|0.8|-0.07|0.00|-0.07|0.74;0001-01-01T00:00:08.749+01:00|W4|1.8|-0.30|0.08|-0.30|1.76;0001-01-01T00:00:08.749+01:00|W5|1.2|0.53|0.14|0.53|1.08;0001-01-01T00:00:08.749+01:00|W6|1.3|-0.69|0.28|-0.69|1.14;0001-01-01T00:00:08.749+01:00|W7|2.4|-0.39|0.27|-0.39|2.38;0001-01-01T00:00:08.749+01:00|W8|1.8|-0.94|0.19|-0.94|1.52;0001-01-01T00:00:08.749+01:00|W9|1.5|-1.36|0.00|-1.36|0.51;0001-01-01T00:00:08.749+01:00|W10|1.0|-0.72|0.21|-0.72|0.27;0001-01-01T00:00:08.749+01:00|W11|0.9|-0.63|0.05|-0.63|0.70;0001-01-01T00:00:08.749+01:00|W12|0.5|-0.19|0.26|-0.19|0.44"
136.00;3.64;0001-01-01T00:00:08.6850000+01:00;121.33;0.60;-62.75;33.8;-9.142;-1.452;23.030;-41.914;10.253;-23.521;98.317;-74.783;123.575;"0001-01-01T00:00:08.749+01:00|W1|1.1|-0.05|0.06|-0.05|1.04;0001-01-01T00:00:08.749+01:00|W2|0.9|-0.64|0.01|-0.64|0.64;0001-01-01T00:00:08.749+01:00|W3|0.8|-0.07|0.00|-0.07|0.74;0001-01-01T00:00:08.749+01:00|W4|1.8|-0.30|0.08|-0.30|1.76;0001-01-01T00:00:08.749+01:00|W5|1.2|0.53|0.14|0.53|1.08;0001-01-01T00:00:08.749+01:00|W6|1.3|-0.69|0.28|-0.69|1.14;0001-01-01T00:00:08.749+01:00|W7|2.4|-0.39|0.27|-0.39|2.38;0001-01-01T00:00:08.749+01:00|W8|1.8|-0.94|0.19|-0.94|1.52;0001-01-01T00:00:08.749+01:00|W9|1.5|-1.36|0.00|-1.36|0.51;0001-01-01T00:00:08.749+01:00|W10|1.0|-0.72|0.21|-0.72|0.27;0001-01-01T00:00:08.749+01:00|W11|0.9|-0.63|0.05|-0.63|0.70;0001-01-01T00:00:08.749+01:00|W12|0.5|-0.19|0.26|-0.19|0.44"
137.00;3.63;0001-01-01T00:00:08.7140000+01:00;122.13;0.63;-63.36;33.6;-9.250;-1.873;23.088;-40.960;10.177;-23.389;98.413;-75.037;123.805;"0001-01-01T00:00:08.749+01:00|W1|1.1|-0.05|0.06|-0.05|1.04;0001-01-01T00:00:08.749+01:00|W2|0.9|-0.64|0.01|-0.64|0.64;0001-01-01T00:00:08.749+01:00|W3|0.8|-0.07|0.00|-0.07|0.74;0001-01-01T00:00:08.749+01:00|W4|1.8|-0.30|0.08|-0.30|1.76;0001-01-01T00:00:08.749+01:00|W5|1.2|0.53|0.14|0.53|1.08;0001-01-01T00:00:08.749+01:00|W6|1.3|-0.69|0.28|-0.69|1.14;0001-01-01T00:00:08.749+01:00|W7|2.4|-0.39|0.27|-0.39|2.38;0001-01-01T00:00:08.749+01:00|W8|1.8|-0.94|0.19|-0.94|1.52;0001-01-01T00:00:08.749+01:00|W9|1.5|-1.36|0.00|-1.36|0.51;0001-01-01T00:00:08.749+01:00|W10|1.0|-0.72|0.21|-0.72|0.27;0001-01-01T00:00:08.749+01:00|W11|0.9|-0.63|0.05|-0.63|0.70;0001-01-01T00:00:08.749+01:00|W12|0.5|-0.19|0.26|-0.19|0.44"
138.00;3.61;0001-01-01T00:00:08.7430000+01:00;122.92;0.66;-63.97;33.3;-9.446;-2.292;22.744;-40.011;10.143;-23.256;98.656;-75.349;124.186;"0001-01-01T00:00:08.749+01:00|W1|1.1|-0.05|0.06|-0.05|1.04;0001-01-01T00:00:08.749+01:00|W2|0.9|-0.64|0.01|-0.64|0.64;0001-01-01T00:00:08.749+01:00|W3|0.8|-0.07|0.00|-0.07|0.74;0001-01-01T00:00:08.749+01:00|W4|1.8|-0.30|0.08|-0.30|1.76;0001-01-01T00:00:08.749+01:00|W5|1.2|0.53|0.14|0.53|1.08;0001-01-01T00:00:08.749+01:00|W6|1.3|-0.69|0.28|-0.69|1.14;0001-01-01T00:00:08.749+01:00|W7|2.4|-0.39|0.27|-0.39|2.38;0001-01-01T00:00:08.749+01:00|W8|1.8|-0.94|0.19|-0.94|1.52;0001-01-01T00:00:08.749+01:00|W9|1.5|-1.36|0.00|-1.36|0.51;0001-01-01T00:00:08.749+01:00|W10|1.0|-0.72|0.21|-0.72|0.27;0001-01-01T00:00:08.749+01:00|W11|0.9|-0.63|0.05|-0.63|0.70;0001-01-01T00:00:08.749+01:00|W12|0.5|-0.19|0.26|-0.19|0.44"
139.00;3.60;0001-01-01T00:00:08.7720000+01:00;123.72;0.69;-64.58;33.0;-9.621;-2.348;22.661;-38.920;10.225;-22.998;98.789;-75.448;124.348;"0001-01-01T00:00:08.749+01:00|W1|1.1|-0.05|0.06|-0.05|1.04;0001-01-01T00:00:08.749+01:00|W2|0.9|-0.64|0.01|-0.64|0.64;0001-01-01T00:00:08.749+01:00|W3|0.8|-0.07|0.00|-0.07|0.74;0001-01-01T00:00:08.749+01:00|W4|1.8|-0.30|0.08|-0.30|1.76;0001-01-01T00:00:08.749+01:00|W5|1.2|0.53|0.14|0.53|1.08;0001-01-01T00:00:08.749+01:00|W6|1.3|-0.69|0.28|-0.69|1.14;0001-01-01T00:00:08.749+01:00|W7|2.4|-0.39|0.27|-0.39|2.38;0001-01-01T00:00:08.749+01:00|W8|1.8|-0.94|0.19|-0.94|1.52;0001-01-01T00:00:08.749+01:00|W9|1.5|-1.36|0.00|-1.36|0.51;0001-01-01T00:00:08.749+01:00|W10|1.0|-0.72|0.21|-0.72|0.27;0001-01-01T00:00:08.749+01:00|W11|0.9|-0.63|0.05|-0.63|0.70;0001-01-01T00:00:08.749+01:00|W12|0.5|-0.19|0.26|-0.19|0.44"
140.00;3.59;0001-01-01T00:00:08.8010000+01:00;124.52;0.71;-65.19;32.6;-9.787;-2.252;22.688;-37.768;10.355;-22.687;98.876;-75.457;124.419;"0001-01-01T00:00:08.749+01:00|W1|1.1|-0.05|0.06|-0.05|1.04;0001-01-01T00:00:08.749+01:00|W2|0.9|-0.64|0.01|-0.64|0.64;0001-01-01T00:00:08.749+01:00|W3|0.8|-0.07|0.00|-0.07|0.74;0001-01-01T00:00:08.749+01:00|W4|1.8|-0.30|0.08|-0.30|1.76;0001-01-01T00:00:08.749+01:00|W5|1.2|0.53|0.14|0.53|1.08;0001-01-01T00:00:08.749+01:00|W6|1.3|-0.69|0.28|-0.69|1.14;0001-01-01T00:00:08.749+01:00|W7|2.4|-0.39|0.27|-0.39|2.38;0001-01-01T00:00:08.749+01:00|W8|1.8|-0.94|0.19|-0.94|1.52;0001-01-01T00:00:08.749+01:00|W9|1.5|-1.36|0.00|-1.36|0.51;0001-01-01T00:00:08.749+01:00|W10|1.0|-0.72|0.21|-0.72|0.27;0001-01-01T00:00:08.749+01:00|W11|0.9|-0.63|0.05|-0.63|0.70;0001-01-01T00:00:08.749+01:00|W12|0.5|-0.19|0.26|-0.19|0.44"
141.00;3.58;0001-01-01T00:00:08.8310000+01:00;125.31;0.74;-65.80;32.8;-9.956;-2.004;22.716;-37.525;10.488;-22.303;98.969;-75.557;124.556;"0001-01-01T00:00:08.749+01:00|W1|1.1|-0.05|0.06|-0.05|1.04;0001-01-01T00:00:08.749+01:00|W2|0.9|-0.64|0.01|-0.64|0.64;0001-01-01T00:00:08.749+01:00|W3|0.8|-0.07|0.00|-0.07|0.74;0001-01-01T00:00:08.749+01:00|W4|1.8|-0.30|0.08|-0.30|1.76;0001-01-01T00:00:08.749+01:00|W5|1.2|0.53|0.14|0.53|1.08;0001-01-01T00:00:08.749+01:00|W6|1.3|-0.69|0.28|-0.69|1.14;0001-01-01T00:00:08.749+01:00|W7|2.4|-0.39|0.27|-0.39|2.38;0001-01-01T00:00:08.749+01:00|W8|1.8|-0.94|0.19|-0.94|1.52;0001-01-01T00:00:08.749+01:00|W9|1.5|-1.36|0.00|-1.36|0.51;0001-01-01T00:00:08.749+01:00|W10|1.0|-0.72|0.21|-0.72|0.27;0001-01-01T00:00:08.749+01:00|W11|0.9|-0.63|0.05|-0.63|0.70;0001-01-01T00:00:08.749+01:00|W12|0.5|-0.19|0.26|-0.19|0.44"
142.00;3.57;0001-01-01T00:00:08.8600000+01:00;126.11;0.76;-66.41;33.0;-10.124;-1.753;22.744;-37.305;10.620;-21.917;99.062;-75.660;124.695;"0001-01-01T00:00:08.749+01:00|W1|1.1|-0.05|0.06|-0.05|1.04;0001-01-01T00:00:08.749+01:00|W2|0.9|-0.64|0.01|-0.64|0.64;0001-01-01T00:00:08.749+01:00|W3|0.8|-0.07|0.00|-0.07|0.74;0001-01-01T00:00:08.749+01:00|W4|1.8|-0.30|0.08|-0.30|1.76;0001-01-01T00:00:08.749+01:00|W5|1.2|0.53|0.14|0.53|1.08;0001-01-01T00:00:08.749+01:00|W6|1.3|-0.69|0.28|-0.69|1.14;0001-01-01T00:00:08.749+01:00|W7|2.4|-0.39|0.27|-0.39|2.38;0001-01-01T00:00:08.749+01:00|W8|1.8|-0.94|0.19|-0.94|1.52;0001-01-01T00:00:08.749+01:00|W9|1.5|-1.36|0.00|-1.36|0.51;0001-01-01T00:00:08.749+01:00|W10|1.0|-0.72|0.21|-0.72|0.27;0001-01-01T00:00:08.749+01:00|W11|0.9|-0.63|0.05|-0.63|0.70;0001-01-01T00:00:08.749+01:00|W12|0.5|-0.19|0.26|-0.19|0.44"
143.00;3.57;0001-01-01T00:00:08.8890000+01:00;126.91;0.79;-67.01;33.2;-10.293;-1.501;22.772;-37.085;10.752;-21.531;99.155;-75.762;124.835;"0001-01-01T00:00:09.003+01:00|W1|1.1|-0.06|0.08|-0.06|1.01;0001-01-01T00:00:09.003+01:00|W2|0.9|-0.61|0.03|-0.61|0.63;0001-01-01T00:00:09.003+01:00|W3|0.8|-0.06|0.03|-0.06|0.71;0001-01-01T00:00:09.003+01:00|W4|1.7|-0.28|0.02|-0.28|1.64;0001-01-01T00:00:09.003+01:00|W5|1.2|0.53|0.14|0.53|1.08;0001-01-01T00:00:09.003+01:00|W6|1.4|-0.57|0.18|-0.57|1.30;0001-01-01T00:00:09.003+01:00|W7|2.4|-0.30|0.28|-0.30|2.37;0001-01-01T00:00:09.003+01:00|W8|1.7|-0.95|0.08|-0.95|1.40;0001-01-01T00:00:09.003+01:00|W9|1.5|-1.36|0.00|-1.36|0.53;0001-01-01T00:00:09.003+01:00|W10|0.9|-0.72|0.17|-0.72|0.28;0001-01-01T00:00:09.003+01:00|W11|1.0|-0.61|0.06|-0.61|0.73;0001-01-01T00:00:09.003+01:00|W12|0.5|-0.18|0.26|-0.18|0.41"
144.00;3.56;0001-01-01T00:00:08.9180000+01:00;127.71;0.82;-67.62;33.4;-10.301;-1.251;22.787;-36.865;10.905;-21.146;99.187;-75.749;124.858;"0001-01-01T00:00:09.003+01:00|W1|1.1|-0.06|0.08|-0.06|1.01;0001-01-01T00:00:09.003+01:00|W2|0.9|-0.61|0.03|-0.61|0.63;0001-01-01T00:00:09.003+01:00|W3|0.8|-0.06|0.03|-0.06|0.71;0001-01-01T00:00:09.003+01:00|W4|1.7|-0.28|0.02|-0.28|1.64;0001-01-01T00:00:09.003+01:00|W5|1.2|0.53|0.14|0.53|1.08;0001-01-01T00:00:09.003+01:00|W6|1.4|-0.57|0.18|-0.57|1.30;0001-01-01T00:00:09.003+01:00|W7|2.4|-0.30|0.28|-0.30|2.37;0001-01-01T00:00:09.003+01:00|W8|1.7|-0.95|0.08|-0.95|1.40;0001-01-01T00:00:09.003+01:00|W9|1.5|-1.36|0.00|-1.36|0.53;0001-01-01T00:00:09.003+01:00|W10|0.9|-0.72|0.17|-0.72|0.28;0001-01-01T00:00:09.003+01:00|W11|1.0|-0.61|0.06|-0.61|0.73;0001-01-01T00:00:09.003+01:00|W12|0.5|-0.18|0.26|-0.18|0.41"
145.00;3.55;0001-01-01T00:00:08.9480000+01:00;128.50;0.85;-68.23;33.5;-10.186;-1.001;22.792;-36.647;11.073;-20.763;99.173;-75.645;124.791;"0001-01-01T00:00:09.003+01:00|W1|1.1|-0.06|0.08|-0.06|1.01;0001-01-01T00:00:09.003+01:00|W2|0.9|-0.61|0.03|-0.61|0.63;0001-01-01T00:00:09.003+01:00|W3|0.8|-0.06|0.03|-0.06|0.71;0001-01-01T00:00:09.003+01:00|W4|1.7|-0.28|0.02|-0.28|1.64;0001-01-01T00:00:09.003+01:00|W5|1.2|0.53|0.14|0.53|1.08;0001-01-01T00:00:09.003+01:00|W6|1.4|-0.57|0.18|-0.57|1.30;0001-01-01T00:00:09.003+01:00|W7|2.4|-0.30|0.28|-0.30|2.37;0001-01-01T00:00:09.003+01:00|W8|1.7|-0.95|0.08|-0.95|1.40;0001-01-01T00:00:09.003+01:00|W9|1.5|-1.36|0.00|-1.36|0.53;0001-01-01T00:00:09.003+01:00|W10|0.9|-0.72|0.17|-0.72|0.28;0001-01-01T00:00:09.003+01:00|W11|1.0|-0.61|0.06|-0.61|0.73;0001-01-01T00:00:09.003+01:00|W12|0.5|-0.18|0.26|-0.18|0.41"
146.00;3.55;0001-01-01T00:00:08.9760000+01:00;129.30;0.88;-68.84;32.5;-10.209;-0.755;23.613;-36.432;11.221;-20.386;98.987;-75.542;124.583;"0001-01-01T00:00:09.003+01:00|W1|1.1|-0.06|0.08|-0.06|1.01;0001-01-01T00:00:09.003+01:00|W2|0.9|-0.61|0.03|-0.61|0.63;0001-01-01T00:00:09.003+01:00|W3|0.8|-0.06|0.03|-0.06|0.71;0001-01-01T00:00:09.003+01:00|W4|1.7|-0.28|0.02|-0.28|1.64;0001-01-01T00:00:09.003+01:00|W5|1.2|0.53|0.14|0.53|1.08;0001-01-01T00:00:09.003+01:00|W6|1.4|-0.57|0.18|-0.57|1.30;0001-01-01T00:00:09.003+01:00|W7|2.4|-0.30|0.28|-0.30|2.37;0001-01-01T00:00:09.003+01:00|W8|1.7|-0.95|0.08|-0.95|1.40;0001-01-01T00:00:09.003+01:00|W9|1.5|-1.36|0.00|-1.36|0.53;0001-01-01T00:00:09.003+01:00|W10|0.9|-0.72|0.17|-0.72|0.28;0001-01-01T00:00:09.003+01:00|W11|1.0|-0.61|0.06|-0.61|0.73;0001-01-01T00:00:09.003+01:00|W12|0.5|-0.18|0.26|-0.18|0.41"
147.00;3.56;0001-01-01T00:00:09.0050000+01:00;130.10;0.91;-69.44;31.2;-10.273;-0.501;24.558;-36.275;11.366;-19.992;98.790;-75.454;124.374;"0001-01-01T00:00:09.003+01:00|W1|1.1|-0.06|0.08|-0.06|1.01;0001-01-01T00:00:09.003+01:00|W2|0.9|-0.61|0.03|-0.61|0.63;0001-01-01T00:00:09.003+01:00|W3|0.8|-0.06|0.03|-0.06|0.71;0001-01-01T00:00:09.003+01:00|W4|1.7|-0.28|0.02|-0.28|1.64;0001-01-01T00:00:09.003+01:00|W5|1.2|0.53|0.14|0.53|1.08;0001-01-01T00:00:09.003+01:00|W6|1.4|-0.57|0.18|-0.57|1.30;0001-01-01T00:00:09.003+01:00|W7|2.4|-0.30|0.28|-0.30|2.37;0001-01-01T00:00:09.003+01:00|W8|1.7|-0.95|0.08|-0.95|1.40;0001-01-01T00:00:09.003+01:00|W9|1.5|-1.36|0.00|-1.36|0.53;0001-01-01T00:00:09.003+01:00|W10|0.9|-0.72|0.17|-0.72|0.28;0001-01-01T00:00:09.003+01:00|W11|1.0|-0.61|0.06|-0.61|0.73;0001-01-01T00:00:09.003+01:00|W12|0.5|-0.18|0.26|-0.18|0.41"
148.00;3.55;0001-01-01T00:00:09.0340000+01:00;130.90;0.94;-70.05;30.8;-10.490;-0.156;25.291;-36.673;11.527;-19.411;98.795;-75.512;124.414;"0001-01-01T00:00:09.003+01:00|W1|1.1|-0.06|0.08|-0.06|1.01;0001-01-01T00:00:09.003+01:00|W2|0.9|-0.61|0.03|-0.61|0.63;0001-01-01T00:00:09.003+01:00|W3|0.8|-0.06|0.03|-0.06|0.71;0001-01-01T00:00:09.003+01:00|W4|1.7|-0.28|0.02|-0.28|1.64;0001-01-01T00:00:09.003+01:00|W5|1.2|0.53|0.14|0.53|1.08;0001-01-01T00:00:09.003+01:00|W6|1.4|-0.57|0.18|-0.57|1.30;0001-01-01T00:00:09.003+01:00|W7|2.4|-0.30|0.28|-0.30|2.37;0001-01-01T00:00:09.003+01:00|W8|1.7|-0.95|0.08|-0.95|1.40;0001-01-01T00:00:09.003+01:00|W9|1.5|-1.36|0.00|-1.36|0.53;0001-01-01T00:00:09.003+01:00|W10|0.9|-0.72|0.17|-0.72|0.28;0001-01-01T00:00:09.003+01:00|W11|1.0|-0.61|0.06|-0.61|0.73;0001-01-01T00:00:09.003+01:00|W12|0.5|-0.18|0.26|-0.18|0.41"
149.00;3.55;0001-01-01T00:00:09.0630000+01:00;131.69;0.98;-70.66;30.4;-10.792;0.253;25.834;-37.009;11.700;-18.854;98.804;-75.616;124.485;"0001-01-01T00:00:09.003+01:00|W1|1.1|-0.06|0.08|-0.06|1.01;0001-01-01T00:00:09.003+01:00|W2|0.9|-0.61|0.03|-0.61|0.63;0001-01-01T00:00:09.003+01:00|W3|0.8|-0.06|0.03|-0.06|0.71;0001-01-01T00:00:09.003+01:00|W4|1.7|-0.28|0.02|-0.28|1.64;0001-01-01T00:00:09.003+01:00|W5|1.2|0.53|0.14|0.53|1.08;0001-01-01T00:00:09.003+01:00|W6|1.4|-0.57|0.18|-0.57|1.30;0001-01-01T00:00:09.003+01:00|W7|2.4|-0.30|0.28|-0.30|2.37;0001-01-01T00:00:09.003+01:00|W8|1.7|-0.95|0.08|-0.95|1.40;0001-01-01T00:00:09.003+01:00|W9|1.5|-1.36|0.00|-1.36|0.53;0001-01-01T00:00:09.003+01:00|W10|0.9|-0.72|0.17|-0.72|0.28;0001-01-01T00:00:09.003+01:00|W11|1.0|-0.61|0.06|-0.61|0.73;0001-01-01T00:00:09.003+01:00|W12|0.5|-0.18|0.26|-0.18|0.41"
150.00;3.54;0001-01-01T00:00:09.0920000+01:00;132.49;1.01;-71.27;30.1;-11.234;0.771;26.057;-37.239;11.895;-18.336;98.819;-75.798;124.609;"0001-01-01T00:00:09.003+01:00|W1|1.1|-0.06|0.08|-0.06|1.01;0001-01-01T00:00:09.003+01:00|W2|0.9|-0.61|0.03|-0.61|0.63;0001-01-01T00:00:09.003+01:00|W3|0.8|-0.06|0.03|-0.06|0.71;0001-01-01T00:00:09.003+01:00|W4|1.7|-0.28|0.02|-0.28|1.64;0001-01-01T00:00:09.003+01:00|W5|1.2|0.53|0.14|0.53|1.08;0001-01-01T00:00:09.003+01:00|W6|1.4|-0.57|0.18|-0.57|1.30;0001-01-01T00:00:09.003+01:00|W7|2.4|-0.30|0.28|-0.30|2.37;0001-01-01T00:00:09.003+01:00|W8|1.7|-0.95|0.08|-0.95|1.40;0001-01-01T00:00:09.003+01:00|W9|1.5|-1.36|0.00|-1.36|0.53;0001-01-01T00:00:09.003+01:00|W10|0.9|-0.72|0.17|-0.72|0.28;0001-01-01T00:00:09.003+01:00|W11|1.0|-0.61|0.06|-0.61|0.73;0001-01-01T00:00:09.003+01:00|W12|0.5|-0.18|0.26|-0.18|0.41"
151.00;3.54;0001-01-01T00:00:09.1210000+01:00;133.28;1.04;-71.88;30.0;-11.637;1.261;26.395;-37.643;12.044;-18.044;98.808;-75.913;124.669;"0001-01-01T00:00:09.003+01:00|W1|1.1|-0.06|0.08|-0.06|1.01;0001-01-01T00:00:09.003+01:00|W2|0.9|-0.61|0.03|-0.61|0.63;0001-01-01T00:00:09.003+01:00|W3|0.8|-0.06|0.03|-0.06|0.71;0001-01-01T00:00:09.003+01:00|W4|1.7|-0.28|0.02|-0.28|1.64;0001-01-01T00:00:09.003+01:00|W5|1.2|0.53|0.14|0.53|1.08;0001-01-01T00:00:09.003+01:00|W6|1.4|-0.57|0.18|-0.57|1.30;0001-01-01T00:00:09.003+01:00|W7|2.4|-0.30|0.28|-0.30|2.37;0001-01-01T00:00:09.003+01:00|W8|1.7|-0.95|0.08|-0.95|1.40;0001-01-01T00:00:09.003+01:00|W9|1.5|-1.36|0.00|-1.36|0.53;0001-01-01T00:00:09.003+01:00|W10|0.9|-0.72|0.17|-0.72|0.28;0001-01-01T00:00:09.003+01:00|W11|1.0|-0.61|0.06|-0.61|0.73;0001-01-01T00:00:09.003+01:00|W12|0.5|-0.18|0.26|-0.18|0.41"
152.00;3.54;0001-01-01T00:00:09.1500000+01:00;134.08;1.08;-72.49;29.9;-12.017;1.737;26.796;-38.143;12.168;-17.875;98.782;-75.990;124.693;"0001-01-01T00:00:09.250+01:00|W1|1.1|-0.06|0.08|-0.06|1.01;0001-01-01T00:00:09.250+01:00|W2|0.9|-0.61|0.03|-0.61|0.63;0001-01-01T00:00:09.250+01:00|W3|0.8|-0.06|0.03|-0.06|0.71;0001-01-01T00:00:09.250+01:00|W4|1.7|-0.28|0.02|-0.28|1.64;0001-01-01T00:00:09.250+01:00|W5|1.3|0.56|0.16|0.56|1.10;0001-01-01T00:00:09.250+01:00|W6|1.5|-0.41|0.10|-0.41|1.44;0001-01-01T00:00:09.250+01:00|W7|2.4|-0.26|0.25|-0.26|2.39;0001-01-01T00:00:09.250+01:00|W8|1.7|-0.95|0.08|-0.95|1.40;0001-01-01T00:00:09.250+01:00|W9|1.5|-1.36|0.00|-1.36|0.53;0001-01-01T00:00:09.250+01:00|W10|0.9|-0.72|0.17|-0.72|0.28;0001-01-01T00:00:09.250+01:00|W11|1.0|-0.57|0.06|-0.57|0.76;0001-01-01T00:00:09.250+01:00|W12|0.5|-0.18|0.26|-0.18|0.41"
153.00;3.53;0001-01-01T00:00:09.1780000+01:00;134.87;1.11;-73.10;30.2;-11.994;1.994;26.289;-39.152;12.162;-18.182;98.630;-75.948;124.544;"0001-01-01T00:00:09.250+01:00|W1|1.1|-0.06|0.08|-0.06|1.01;0001-01-01T00:00:09.250+01:00|W2|0.9|-0.61|0.03|-0.61|0.63;0001-01-01T00:00:09.250+01:00|W3|0.8|-0.06|0.03|-0.06|0.71;0001-01-01T00:00:09.250+01:00|W4|1.7|-0.28|0.02|-0.28|1.64;0001-01-01T00:00:09.250+01:00|W5|1.3|0.56|0.16|0.56|1.10;0001-01-01T00:00:09.250+01:00|W6|1.5|-0.41|0.10|-0.41|1.44;0001-01-01T00:00:09.250+01:00|W7|2.4|-0.26|0.25|-0.26|2.39;0001-01-01T00:00:09.250+01:00|W8|1.7|-0.95|0.08|-0.95|1.40;0001-01-01T00:00:09.250+01:00|W9|1.5|-1.36|0.00|-1.36|0.53;0001-01-01T00:00:09.250+01:00|W10|0.9|-0.72|0.17|-0.72|0.28;0001-01-01T00:00:09.250+01:00|W11|1.0|-0.57|0.06|-0.57|0.76;0001-01-01T00:00:09.250+01:00|W12|0.5|-0.18|0.26|-0.18|0.41"
154.00;3.52;0001-01-01T00:00:09.2070000+01:00;135.66;1.14;-73.71;30.6;-11.934;2.203;25.697;-40.294;12.145;-18.585;98.486;-75.895;124.395;"0001-01-01T00:00:09.250+01:00|W1|1.1|-0.06|0.08|-0.06|1.01;0001-01-01T00:00:09.250+01:00|W2|0.9|-0.61|0.03|-0.61|0.63;0001-01-01T00:00:09.250+01:00|W3|0.8|-0.06|0.03|-0.06|0.71;0001-01-01T00:00:09.250+01:00|W4|1.7|-0.28|0.02|-0.28|1.64;0001-01-01T00:00:09.250+01:00|W5|1.3|0.56|0.16|0.56|1.10;0001-01-01T00:00:09.250+01:00|W6|1.5|-0.41|0.10|-0.41|1.44;0001-01-01T00:00:09.250+01:00|W7|2.4|-0.26|0.25|-0.26|2.39;0001-01-01T00:00:09.250+01:00|W8|1.7|-0.95|0.08|-0.95|1.40;0001-01-01T00:00:09.250+01:00|W9|1.5|-1.36|0.00|-1.36|0.53;0001-01-01T00:00:09.250+01:00|W10|0.9|-0.72|0.17|-0.72|0.28;0001-01-01T00:00:09.250+01:00|W11|1.0|-0.57|0.06|-0.57|0.76;0001-01-01T00:00:09.250+01:00|W12|0.5|-0.18|0.26|-0.18|0.41"
155.00;3.51;0001-01-01T00:00:09.2360000+01:00;136.45;1.17;-74.32;31.3;-11.874;2.291;25.105;-41.813;12.127;-19.216;98.427;-75.841;124.320;"0001-01-01T00:00:09.250+01:00|W1|1.1|-0.06|0.08|-0.06|1.01;0001-01-01T00:00:09.250+01:00|W2|0.9|-0.61|0.03|-0.61|0.63;0001-01-01T00:00:09.250+01:00|W3|0.8|-0.06|0.03|-0.06|0.71;0001-01-01T00:00:09.250+01:00|W4|1.7|-0.28|0.02|-0.28|1.64;0001-01-01T00:00:09.250+01:00|W5|1.3|0.56|0.16|0.56|1.10;0001-01-01T00:00:09.250+01:00|W6|1.5|-0.41|0.10|-0.41|1.44;0001-01-01T00:00:09.250+01:00|W7|2.4|-0.26|0.25|-0.26|2.39;0001-01-01T00:00:09.250+01:00|W8|1.7|-0.95|0.08|-0.95|1.40;0001-01-01T00:00:09.250+01:00|W9|1.5|-1.36|0.00|-1.36|0.53;0001-01-01T00:00:09.250+01:00|W10|0.9|-0.72|0.17|-0.72|0.28;0001-01-01T00:00:09.250+01:00|W11|1.0|-0.57|0.06|-0.57|0.76;0001-01-01T00:00:09.250+01:00|W12|0.5|-0.18|0.26|-0.18|0.41"
156.00;3.50;0001-01-01T00:00:09.2650000+01:00;137.24;1.20;-74.93;32.1;-11.814;2.122;24.513;-43.011;12.109;-20.017;98.353;-75.922;124.317;"0001-01-01T00:00:09.250+01:00|W1|1.1|-0.06|0.08|-0.06|1.01;0001-01-01T00:00:09.250+01:00|W2|0.9|-0.61|0.03|-0.61|0.63;0001-01-01T00:00:09.250+01:00|W3|0.8|-0.06|0.03|-0.06|0.71;0001-01-01T00:00:09.250+01:00|W4|1.7|-0.28|0.02|-0.28|1.64;0001-01-01T00:00:09.250+01:00|W5|1.3|0.56|0.16|0.56|1.10;0001-01-01T00:00:09.250+01:00|W6|1.5|-0.41|0.10|-0.41|1.44;0001-01-01T00:00:09.250+01:00|W7|2.4|-0.26|0.25|-0.26|2.39;0001-01-01T00:00:09.250+01:00|W8|1.7|-0.95|0.08|-0.95|1.40;0001-01-01T00:00:09.250+01:00|W9|1.5|-1.36|0.00|-1.36|0.53;0001-01-01T00:00:09.250+01:00|W10|0.9|-0.72|0.17|-0.72|0.28;0001-01-01T00:00:09.250+01:00|W11|1.0|-0.57|0.06|-0.57|0.76;0001-01-01T00:00:09.250+01:00|W12|0.5|-0.18|0.26|-0.18|0.41"
157.00;3.49;0001-01-01T00:00:09.2940000+01:00;138.03;1.24;-75.54;33.1;-11.753;1.654;23.921;-43.834;12.092;-21.015;98.262;-76.160;124.399;"0001-01-01T00:00:09.250+01:00|W1|1.1|-0.06|0.08|-0.06|1.01;0001-01-01T00:00:09.250+01:00|W2|0.9|-0.61|0.03|-0.61|0.63;0001-01-01T00:00:09.250+01:00|W3|0.8|-0.06|0.03|-0.06|0.71;0001-01-01T00:00:09.250+01:00|W4|1.7|-0.28|0.02|-0.28|1.64;0001-01-01T00:00:09.250+01:00|W5|1.3|0.56|0.16|0.56|1.10;0001-01-01T00:00:09.250+01:00|W6|1.5|-0.41|0.10|-0.41|1.44;0001-01-01T00:00:09.250+01:00|W7|2.4|-0.26|0.25|-0.26|2.39;0001-01-01T00:00:09.250+01:00|W8|1.7|-0.95|0.08|-0.95|1.40;0001-01-01T00:00:09.250+01:00|W9|1.5|-1.36|0.00|-1.36|0.53;0001-01-01T00:00:09.250+01:00|W10|0.9|-0.72|0.17|-0.72|0.28;0001-01-01T00:00:09.250+01:00|W11|1.0|-0.57|0.06|-0.57|0.76;0001-01-01T00:00:09.250+01:00|W12|0.5|-0.18|0.26|-0.18|0.41"
158.00;3.47;0001-01-01T00:00:09.3230000+01:00;138.82;1.28;-76.15;34.0;-11.693;1.186;23.330;-44.657;12.074;-22.013;98.172;-76.399;124.481;"0001-01-01T00:00:09.250+01:00|W1|1.1|-0.06|0.08|-0.06|1.01;0001-01-01T00:00:09.250+01:00|W2|0.9|-0.61|0.03|-0.61|0.63;0001-01-01T00:00:09.250+01:00|W3|0.8|-0.06|0.03|-0.06|0.71;0001-01-01T00:00:09.250+01:00|W4|1.7|-0.28|0.02|-0.28|1.64;0001-01-01T00:00:09.250+01:00|W5|1.3|0.56|0.16|0.56|1.10;0001-01-01T00:00:09.250+01:00|W6|1.5|-0.41|0.10|-0.41|1.44;0001-01-01T00:00:09.250+01:00|W7|2.4|-0.26|0.25|-0.26|2.39;0001-01-01T00:00:09.250+01:00|W8|1.7|-0.95|0.08|-0.95|1.40;0001-01-01T00:00:09.250+01:00|W9|1.5|-1.36|0.00|-1.36|0.53;0001-01-01T00:00:09.250+01:00|W10|0.9|-0.72|0.17|-0.72|0.28;0001-01-01T00:00:09.250+01:00|W11|1.0|-0.57|0.06|-0.57|0.76;0001-01-01T00:00:09.250+01:00|W12|0.5|-0.18|0.26|-0.18|0.41"
159.00;3.45;0001-01-01T00:00:09.3520000+01:00;139.60;1.32;-76.76;35.0;-11.633;0.715;22.738;-45.476;12.056;-23.011;98.083;-76.639;124.568;"0001-01-01T00:00:09.250+01:00|W1|1.1|-0.06|0.08|-0.06|1.01;0001-01-01T00:00:09.250+01:00|W2|0.9|-0.61|0.03|-0.61|0.63;0001-01-01T00:00:09.250+01:00|W3|0.8|-0.06|0.03|-0.06|0.71;0001-01-01T00:00:09.250+01:00|W4|1.7|-0.28|0.02|-0.28|1.64;0001-01-01T00:00:09.250+01:00|W5|1.3|0.56|0.16|0.56|1.10;0001-01-01T00:00:09.250+01:00|W6|1.5|-0.41|0.10|-0.41|1.44;0001-01-01T00:00:09.250+01:00|W7|2.4|-0.26|0.25|-0.26|2.39;0001-01-01T00:00:09.250+01:00|W8|1.7|-0.95|0.08|-0.95|1.40;0001-01-01T00:00:09.250+01:00|W9|1.5|-1.36|0.00|-1.36|0.53;0001-01-01T00:00:09.250+01:00|W10|0.9|-0.72|0.17|-0.72|0.28;0001-01-01T00:00:09.250+01:00|W11|1.0|-0.57|0.06|-0.57|0.76;0001-01-01T00:00:09.250+01:00|W12|0.5|-0.18|0.26|-0.18|0.41"
160.00;3.43;0001-01-01T00:00:09.3810000+01:00;140.39;1.36;-77.37;36.0;-11.573;-0.126;22.153;-45.836;12.039;-23.996;98.314;-77.226;125.111;"0001-01-01T00:00:09.500+01:00|W1|1.1|-0.03|0.04|-0.03|1.04;0001-01-01T00:00:09.500+01:00|W2|0.9|-0.61|0.07|-0.61|0.60;0001-01-01T00:00:09.500+01:00|W3|0.8|-0.05|0.04|-0.05|0.71;0001-01-01T00:00:09.500+01:00|W4|1.7|-0.45|0.04|-0.45|1.58;0001-01-01T00:00:09.500+01:00|W5|1.3|0.60|0.19|0.60|1.12;0001-01-01T00:00:09.500+01:00|W6|1.5|-0.36|0.09|-0.36|1.45;0001-01-01T00:00:09.500+01:00|W7|2.4|-0.24|0.24|-0.24|2.39;0001-01-01T00:00:09.500+01:00|W8|1.6|-0.89|0.02|-0.89|1.31;0001-01-01T00:00:09.500+01:00|W9|1.5|-1.40|0.04|-1.40|0.56;0001-01-01T00:00:09.500+01:00|W10|0.9|-0.73|0.11|-0.73|0.29;0001-01-01T00:00:09.500+01:00|W11|0.9|-0.52|0.05|-0.52|0.79;0001-01-01T00:00:09.500+01:00|W12|0.4|-0.11|0.27|-0.11|0.41"
161.00;3.40;0001-01-01T00:00:09.4090000+01:00;141.18;1.39;-77.99;36.7;-11.514;-0.733;21.570;-45.935;12.022;-24.635;98.507;-77.661;125.533;"0001-01-01T00:00:09.500+01:00|W1|1.1|-0.03|0.04|-0.03|1.04;0001-01-01T00:00:09.500+01:00|W2|0.9|-0.61|0.07|-0.61|0.60;0001-01-01T00:00:09.500+01:00|W3|0.8|-0.05|0.04|-0.05|0.71;0001-01-01T00:00:09.500+01:00|W4|1.7|-0.45|0.04|-0.45|1.58;0001-01-01T00:00:09.500+01:00|W5|1.3|0.60|0.19|0.60|1.12;0001-01-01T00:00:09.500+01:00|W6|1.5|-0.36|0.09|-0.36|1.45;0001-01-01T00:00:09.500+01:00|W7|2.4|-0.24|0.24|-0.24|2.39;0001-01-01T00:00:09.500+01:00|W8|1.6|-0.89|0.02|-0.89|1.31;0001-01-01T00:00:09.500+01:00|W9|1.5|-1.40|0.04|-1.40|0.56;0001-01-01T00:00:09.500+01:00|W10|0.9|-0.73|0.11|-0.73|0.29;0001-01-01T00:00:09.500+01:00|W11|0.9|-0.52|0.05|-0.52|0.79;0001-01-01T00:00:09.500+01:00|W12|0.4|-0.11|0.27|-0.11|0.41"
162.00;3.36;0001-01-01T00:00:09.4370000+01:00;141.96;1.41;-78.60;36.6;-11.456;-0.681;20.995;-45.300;12.004;-24.301;98.598;-77.671;125.608;"0001-01-01T00:00:09.500+01:00|W1|1.1|-0.03|0.04|-0.03|1.04;0001-01-01T00:00:09.500+01:00|W2|0.9|-0.61|0.07|-0.61|0.60;0001-01-01T00:00:09.500+01:00|W3|0.8|-0.05|0.04|-0.05|0.71;0001-01-01T00:00:09.500+01:00|W4|1.7|-0.45|0.04|-0.45|1.58;0001-01-01T00:00:09.500+01:00|W5|1.3|0.60|0.19|0.60|1.12;0001-01-01T00:00:09.500+01:00|W6|1.5|-0.36|0.09|-0.36|1.45;0001-01-01T00:00:09.500+01:00|W7|2.4|-0.24|0.24|-0.24|2.39;0001-01-01T00:00:09.500+01:00|W8|1.6|-0.89|0.02|-0.89|1.31;0001-01-01T00:00:09.500+01:00|W9|1.5|-1.40|0.04|-1.40|0.56;0001-01-01T00:00:09.500+01:00|W10|0.9|-0.73|0.11|-0.73|0.29;0001-01-01T00:00:09.500+01:00|W11|0.9|-0.52|0.05|-0.52|0.79;0001-01-01T00:00:09.500+01:00|W12|0.4|-0.11|0.27|-0.11|0.41"
163.00;3.33;0001-01-01T00:00:09.4660000+01:00;142.74;1.43;-79.22;36.6;-11.397;-0.630;20.421;-44.666;11.987;-23.966;98.689;-77.680;125.683;"0001-01-01T00:00:09.500+01:00|W1|1.1|-0.03|0.04|-0.03|1.04;0001-01-01T00:00:09.500+01:00|W2|0.9|-0.61|0.07|-0.61|0.60;0001-01-01T00:00:09.500+01:00|W3|0.8|-0.05|0.04|-0.05|0.71;0001-01-01T00:00:09.500+01:00|W4|1.7|-0.45|0.04|-0.45|1.58;0001-01-01T00:00:09.500+01:00|W5|1.3|0.60|0.19|0.60|1.12;0001-01-01T00:00:09.500+01:00|W6|1.5|-0.36|0.09|-0.36|1.45;0001-01-01T00:00:09.500+01:00|W7|2.4|-0.24|0.24|-0.24|2.39;0001-01-01T00:00:09.500+01:00|W8|1.6|-0.89|0.02|-0.89|1.31;0001-01-01T00:00:09.500+01:00|W9|1.5|-1.40|0.04|-1.40|0.56;0001-01-01T00:00:09.500+01:00|W10|0.9|-0.73|0.11|-0.73|0.29;0001-01-01T00:00:09.500+01:00|W11|0.9|-0.52|0.05|-0.52|0.79;0001-01-01T00:00:09.500+01:00|W12|0.4|-0.11|0.27|-0.11|0.41"
164.00;3.29;0001-01-01T00:00:09.4940000+01:00;143.52;1.45;-79.84;36.6;-11.339;-0.578;19.847;-44.032;11.970;-23.632;98.780;-77.689;125.758;"0001-01-01T00:00:09.500+01:00|W1|1.1|-0.03|0.04|-0.03|1.04;0001-01-01T00:00:09.500+01:00|W2|0.9|-0.61|0.07|-0.61|0.60;0001-01-01T00:00:09.500+01:00|W3|0.8|-0.05|0.04|-0.05|0.71;0001-01-01T00:00:09.500+01:00|W4|1.7|-0.45|0.04|-0.45|1.58;0001-01-01T00:00:09.500+01:00|W5|1.3|0.60|0.19|0.60|1.12;0001-01-01T00:00:09.500+01:00|W6|1.5|-0.36|0.09|-0.36|1.45;0001-01-01T00:00:09.500+01:00|W7|2.4|-0.24|0.24|-0.24|2.39;0001-01-01T00:00:09.500+01:00|W8|1.6|-0.89|0.02|-0.89|1.31;0001-01-01T00:00:09.500+01:00|W9|1.5|-1.40|0.04|-1.40|0.56;0001-01-01T00:00:09.500+01:00|W10|0.9|-0.73|0.11|-0.73|0.29;0001-01-01T00:00:09.500+01:00|W11|0.9|-0.52|0.05|-0.52|0.79;0001-01-01T00:00:09.500+01:00|W12|0.4|-0.11|0.27|-0.11|0.41"
165.00;3.25;0001-01-01T00:00:09.5220000+01:00;144.30;1.47;-80.46;36.5;-11.281;-0.527;19.272;-43.398;11.953;-23.298;98.871;-77.699;125.833;"0001-01-01T00:00:09.500+01:00|W1|1.1|-0.03|0.04|-0.03|1.04;0001-01-01T00:00:09.500+01:00|W2|0.9|-0.61|0.07|-0.61|0.60;0001-01-01T00:00:09.500+01:00|W3|0.8|-0.05|0.04|-0.05|0.71;0001-01-01T00:00:09.500+01:00|W4|1.7|-0.45|0.04|-0.45|1.58;0001-01-01T00:00:09.500+01:00|W5|1.3|0.60|0.19|0.60|1.12;0001-01-01T00:00:09.500+01:00|W6|1.5|-0.36|0.09|-0.36|1.45;0001-01-01T00:00:09.500+01:00|W7|2.4|-0.24|0.24|-0.24|2.39;0001-01-01T00:00:09.500+01:00|W8|1.6|-0.89|0.02|-0.89|1.31;0001-01-01T00:00:09.500+01:00|W9|1.5|-1.40|0.04|-1.40|0.56;0001-01-01T00:00:09.500+01:00|W10|0.9|-0.73|0.11|-0.73|0.29;0001-01-01T00:00:09.500+01:00|W11|0.9|-0.52|0.05|-0.52|0.79;0001-01-01T00:00:09.500+01:00|W12|0.4|-0.11|0.27|-0.11|0.41"
166.00;3.20;0001-01-01T00:00:09.5500000+01:00;145.08;1.49;-81.08;36.5;-11.222;-0.475;18.698;-42.763;11.936;-22.964;98.961;-77.708;125.909;"0001-01-01T00:00:09.500+01:00|W1|1.1|-0.03|0.04|-0.03|1.04;0001-01-01T00:00:09.500+01:00|W2|0.9|-0.61|0.07|-0.61|0.60;0001-01-01T00:00:09.500+01:00|W3|0.8|-0.05|0.04|-0.05|0.71;0001-01-01T00:00:09.500+01:00|W4|1.7|-0.45|0.04|-0.45|1.58;0001-01-01T00:00:09.500+01:00|W5|1.3|0.60|0.19|0.60|1.12;0001-01-01T00:00:09.500+01:00|W6|1.5|-0.36|0.09|-0.36|1.45;0001-01-01T00:00:09.500+01:00|W7|2.4|-0.24|0.24|-0.24|2.39;0001-01-01T00:00:09.500+01:00|W8|1.6|-0.89|0.02|-0.89|1.31;0001-01-01T00:00:09.500+01:00|W9|1.5|-1.40|0.04|-1.40|0.56;0001-01-01T00:00:09.500+01:00|W10|0.9|-0.73|0.11|-0.73|0.29;0001-01-01T00:00:09.500+01:00|W11|0.9|-0.52|0.05|-0.52|0.79;0001-01-01T00:00:09.500+01:00|W12|0.4|-0.11|0.27|-0.11|0.41"
167.00;3.16;0001-01-01T00:00:09.5780000+01:00;145.86;1.51;-81.70;36.5;-11.164;-0.424;18.124;-42.129;11.919;-22.630;99.052;-77.718;125.984;"0001-01-01T00:00:09.500+01:00|W1|1.1|-0.03|0.04|-0.03|1.04;0001-01-01T00:00:09.500+01:00|W2|0.9|-0.61|0.07|-0.61|0.60;0001-01-01T00:00:09.500+01:00|W3|0.8|-0.05|0.04|-0.05|0.71;0001-01-01T00:00:09.500+01:00|W4|1.7|-0.45|0.04|-0.45|1.58;0001-01-01T00:00:09.500+01:00|W5|1.3|0.60|0.19|0.60|1.12;0001-01-01T00:00:09.500+01:00|W6|1.5|-0.36|0.09|-0.36|1.45;0001-01-01T00:00:09.500+01:00|W7|2.4|-0.24|0.24|-0.24|2.39;0001-01-01T00:00:09.500+01:00|W8|1.6|-0.89|0.02|-0.89|1.31;0001-01-01T00:00:09.500+01:00|W9|1.5|-1.40|0.04|-1.40|0.56;0001-01-01T00:00:09.500+01:00|W10|0.9|-0.73|0.11|-0.73|0.29;0001-01-01T00:00:09.500+01:00|W11|0.9|-0.52|0.05|-0.52|0.79;0001-01-01T00:00:09.500+01:00|W12|0.4|-0.11|0.27|-0.11|0.41"
168.00;3.11;0001-01-01T00:00:09.6060000+01:00;146.65;1.53;-82.32;36.5;-11.105;-0.372;17.550;-41.495;11.902;-22.296;99.143;-77.727;126.059;"0001-01-01T00:00:09.500+01:00|W1|1.1|-0.03|0.04|-0.03|1.04;0001-01-01T00:00:09.500+01:00|W2|0.9|-0.61|0.07|-0.61|0.60;0001-01-01T00:00:09.500+01:00|W3|0.8|-0.05|0.04|-0.05|0.71;0001-01-01T00:00:09.500+01:00|W4|1.7|-0.45|0.04|-0.45|1.58;0001-01-01T00:00:09.500+01:00|W5|1.3|0.60|0.19|0.60|1.12;0001-01-01T00:00:09.500+01:00|W6|1.5|-0.36|0.09|-0.36|1.45;0001-01-01T00:00:09.500+01:00|W7|2.4|-0.24|0.24|-0.24|2.39;0001-01-01T00:00:09.500+01:00|W8|1.6|-0.89|0.02|-0.89|1.31;0001-01-01T00:00:09.500+01:00|W9|1.5|-1.40|0.04|-1.40|0.56;0001-01-01T00:00:09.500+01:00|W10|0.9|-0.73|0.11|-0.73|0.29;0001-01-01T00:00:09.500+01:00|W11|0.9|-0.52|0.05|-0.52|0.79;0001-01-01T00:00:09.500+01:00|W12|0.4|-0.11|0.27|-0.11|0.41"
169.00;3.07;0001-01-01T00:00:09.6340000+01:00;147.43;1.55;-82.94;36.4;-11.047;-0.320;16.975;-40.861;11.885;-21.962;99.234;-77.737;126.135;"0001-01-01T00:00:09.762+01:00|W1|1.1|0.02|0.03|0.02|1.04;0001-01-01T00:00:09.762+01:00|W2|0.8|-0.61|0.08|-0.61|0.58;0001-01-01T00:00:09.762+01:00|W3|0.8|-0.04|0.06|-0.04|0.70;0001-01-01T00:00:09.762+01:00|W4|1.8|-0.70|0.06|-0.70|1.64;0001-01-01T00:00:09.762+01:00|W5|1.3|0.60|0.20|0.60|1.15;0001-01-01T00:00:09.762+01:00|W6|1.2|-0.50|0.35|-0.50|0.93;0001-01-01T00:00:09.762+01:00|W7|2.3|-0.25|0.30|-0.25|2.30;0001-01-01T00:00:09.762+01:00|W8|1.5|-0.91|0.13|-0.91|1.16;0001-01-01T00:00:09.762+01:00|W9|1.6|-1.45|0.08|-1.45|0.52;0001-01-01T00:00:09.762+01:00|W10|0.9|-0.77|0.15|-0.77|0.30;0001-01-01T00:00:09.762+01:00|W11|0.9|-0.50|0.05|-0.50|0.80;0001-01-01T00:00:09.762+01:00|W12|0.5|0.12|0.15|0.12|0.47"
170.00;3.02;0001-01-01T00:00:09.6620000+01:00;148.21;1.58;-83.56;36.2;-10.942;-0.269;16.327;-40.224;11.837;-21.626;99.293;-77.841;126.247;"0001-01-01T00:00:09.762+01:00|W1|1.1|0.02|0.03|0.02|1.04;0001-01-01T00:00:09.762+01:00|W2|0.8|-0.61|0.08|-0.61|0.58;0001-01-01T00:00:09.762+01:00|W3|0.8|-0.04|0.06|-0.04|0.70;0001-01-01T00:00:09.762+01:00|W4|1.8|-0.70|0.06|-0.70|1.64;0001-01-01T00:00:09.762+01:00|W5|1.3|0.60|0.20|0.60|1.15;0001-01-01T00:00:09.762+01:00|W6|1.2|-0.50|0.35|-0.50|0.93;0001-01-01T00:00:09.762+01:00|W7|2.3|-0.25|0.30|-0.25|2.30;0001-01-01T00:00:09.762+01:00|W8|1.5|-0.91|0.13|-0.91|1.16;0001-01-01T00:00:09.762+01:00|W9|1.6|-1.45|0.08|-1.45|0.52;0001-01-01T00:00:09.762+01:00|W10|0.9|-0.77|0.15|-0.77|0.30;0001-01-01T00:00:09.762+01:00|W11|0.9|-0.50|0.05|-0.50|0.80;0001-01-01T00:00:09.762+01:00|W12|0.5|0.12|0.15|0.12|0.47"
171.00;2.97;0001-01-01T00:00:09.6910000+01:00;148.99;1.64;-84.18;35.5;-10.758;-0.217;15.549;-39.584;11.737;-21.289;99.298;-78.111;126.425;"0001-01-01T00:00:09.762+01:00|W1|1.1|0.02|0.03|0.02|1.04;0001-01-01T00:00:09.762+01:00|W2|0.8|-0.61|0.08|-0.61|0.58;0001-01-01T00:00:09.762+01:00|W3|0.8|-0.04|0.06|-0.04|0.70;0001-01-01T00:00:09.762+01:00|W4|1.8|-0.70|0.06|-0.70|1.64;0001-01-01T00:00:09.762+01:00|W5|1.3|0.60|0.20|0.60|1.15;0001-01-01T00:00:09.762+01:00|W6|1.2|-0.50|0.35|-0.50|0.93;0001-01-01T00:00:09.762+01:00|W7|2.3|-0.25|0.30|-0.25|2.30;0001-01-01T00:00:09.762+01:00|W8|1.5|-0.91|0.13|-0.91|1.16;0001-01-01T00:00:09.762+01:00|W9|1.6|-1.45|0.08|-1.45|0.52;0001-01-01T00:00:09.762+01:00|W10|0.9|-0.77|0.15|-0.77|0.30;0001-01-01T00:00:09.762+01:00|W11|0.9|-0.50|0.05|-0.50|0.80;0001-01-01T00:00:09.762+01:00|W12|0.5|0.12|0.15|0.12|0.47"
172.00;2.91;0001-01-01T00:00:09.7190000+01:00;149.77;1.70;-84.80;34.8;-10.573;-0.164;14.772;-38.943;11.637;-20.952;99.302;-78.380;126.603;"0001-01-01T00:00:09.762+01:00|W1|1.1|0.02|0.03|0.02|1.04;0001-01-01T00:00:09.762+01:00|W2|0.8|-0.61|0.08|-0.61|0.58;0001-01-01T00:00:09.762+01:00|W3|0.8|-0.04|0.06|-0.04|0.70;0001-01-01T00:00:09.762+01:00|W4|1.8|-0.70|0.06|-0.70|1.64;0001-01-01T00:00:09.762+01:00|W5|1.3|0.60|0.20|0.60|1.15;0001-01-01T00:00:09.762+01:00|W6|1.2|-0.50|0.35|-0.50|0.93;0001-01-01T00:00:09.762+01:00|W7|2.3|-0.25|0.30|-0.25|2.30;0001-01-01T00:00:09.762+01:00|W8|1.5|-0.91|0.13|-0.91|1.16;0001-01-01T00:00:09.762+01:00|W9|1.6|-1.45|0.08|-1.45|0.52;0001-01-01T00:00:09.762+01:00|W10|0.9|-0.77|0.15|-0.77|0.30;0001-01-01T00:00:09.762+01:00|W11|0.9|-0.50|0.05|-0.50|0.80;0001-01-01T00:00:09.762+01:00|W12|0.5|0.12|0.15|0.12|0.47"
173.00;2.86;0001-01-01T00:00:09.7470000+01:00;150.55;1.76;-85.42;34.2;-10.388;-0.112;13.995;-38.303;11.537;-20.614;99.307;-78.650;126.782;"0001-01-01T00:00:09.762+01:00|W1|1.1|0.02|0.03|0.02|1.04;0001-01-01T00:00:09.762+01:00|W2|0.8|-0.61|0.08|-0.61|0.58;0001-01-01T00:00:09.762+01:00|W3|0.8|-0.04|0.06|-0.04|0.70;0001-01-01T00:00:09.762+01:00|W4|1.8|-0.70|0.06|-0.70|1.64;0001-01-01T00:00:09.762+01:00|W5|1.3|0.60|0.20|0.60|1.15;0001-01-01T00:00:09.762+01:00|W6|1.2|-0.50|0.35|-0.50|0.93;0001-01-01T00:00:09.762+01:00|W7|2.3|-0.25|0.30|-0.25|2.30;0001-01-01T00:00:09.762+01:00|W8|1.5|-0.91|0.13|-0.91|1.16;0001-01-01T00:00:09.762+01:00|W9|1.6|-1.45|0.08|-1.45|0.52;0001-01-01T00:00:09.762+01:00|W10|0.9|-0.77|0.15|-0.77|0.30;0001-01-01T00:00:09.762+01:00|W11|0.9|-0.50|0.05|-0.50|0.80;0001-01-01T00:00:09.762+01:00|W12|0.5|0.12|0.15|0.12|0.47"
174.00;2.80;0001-01-01T00:00:09.7760000+01:00;151.33;1.83;-86.04;33.5;-10.204;-0.060;13.217;-37.662;11.437;-20.277;99.311;-78.920;126.961;"0001-01-01T00:00:09.762+01:00|W1|1.1|0.02|0.03|0.02|1.04;0001-01-01T00:00:09.762+01:00|W2|0.8|-0.61|0.08|-0.61|0.58;0001-01-01T00:00:09.762+01:00|W3|0.8|-0.04|0.06|-0.04|0.70;0001-01-01T00:00:09.762+01:00|W4|1.8|-0.70|0.06|-0.70|1.64;0001-01-01T00:00:09.762+01:00|W5|1.3|0.60|0.20|0.60|1.15;0001-01-01T00:00:09.762+01:00|W6|1.2|-0.50|0.35|-0.50|0.93;0001-01-01T00:00:09.762+01:00|W7|2.3|-0.25|0.30|-0.25|2.30;0001-01-01T00:00:09.762+01:00|W8|1.5|-0.91|0.13|-0.91|1.16;0001-01-01T00:00:09.762+01:00|W9|1.6|-1.45|0.08|-1.45|0.52;0001-01-01T00:00:09.762+01:00|W10|0.9|-0.77|0.15|-0.77|0.30;0001-01-01T00:00:09.762+01:00|W11|0.9|-0.50|0.05|-0.50|0.80;0001-01-01T00:00:09.762+01:00|W12|0.5|0.12|0.15|0.12|0.47"
175.00;2.74;0001-01-01T00:00:09.8040000+01:00;152.12;1.89;-86.66;32.8;-10.019;-0.008;12.439;-37.022;11.336;-19.939;99.316;-79.189;127.141;"0001-01-01T00:00:09.762+01:00|W1|1.1|0.02|0.03|0.02|1.04;0001-01-01T00:00:09.762+01:00|W2|0.8|-0.61|0.08|-0.61|0.58;0001-01-01T00:00:09.762+01:00|W3|0.8|-0.04|0.06|-0.04|0.70;0001-01-01T00:00:09.762+01:00|W4|1.8|-0.70|0.06|-0.70|1.64;0001-01-01T00:00:09.762+01:00|W5|1.3|0.60|0.20|0.60|1.15;0001-01-01T00:00:09.762+01:00|W6|1.2|-0.50|0.35|-0.50|0.93;0001-01-01T00:00:09.762+01:00|W7|2.3|-0.25|0.30|-0.25|2.30;0001-01-01T00:00:09.762+01:00|W8|1.5|-0.91|0.13|-0.91|1.16;0001-01-01T00:00:09.762+01:00|W9|1.6|-1.45|0.08|-1.45|0.52;0001-01-01T00:00:09.762+01:00|W10|0.9|-0.77|0.15|-0.77|0.30;0001-01-01T00:00:09.762+01:00|W11|0.9|-0.50|0.05|-0.50|0.80;0001-01-01T00:00:09.762+01:00|W12|0.5|0.12|0.15|0.12|0.47"
176.00;2.68;0001-01-01T00:00:09.8330000+01:00;152.90;1.95;-87.28;32.1;-9.834;0.044;11.662;-36.381;11.236;-19.602;99.321;-79.459;127.322;"0001-01-01T00:00:09.762+01:00|W1|1.1|0.02|0.03|0.02|1.04;0001-01-01T00:00:09.762+01:00|W2|0.8|-0.61|0.08|-0.61|0.58;0001-01-01T00:00:09.762+01:00|W3|0.8|-0.04|0.06|-0.04|0.70;0001-01-01T00:00:09.762+01:00|W4|1.8|-0.70|0.06|-0.70|1.64;0001-01-01T00:00:09.762+01:00|W5|1.3|0.60|0.20|0.60|1.15;0001-01-01T00:00:09.762+01:00|W6|1.2|-0.50|0.35|-0.50|0.93;0001-01-01T00:00:09.762+01:00|W7|2.3|-0.25|0.30|-0.25|2.30;0001-01-01T00:00:09.762+01:00|W8|1.5|-0.91|0.13|-0.91|1.16;0001-01-01T00:00:09.762+01:00|W9|1.6|-1.45|0.08|-1.45|0.52;0001-01-01T00:00:09.762+01:00|W10|0.9|-0.77|0.15|-0.77|0.30;0001-01-01T00:00:09.762+01:00|W11|0.9|-0.50|0.05|-0.50|0.80;0001-01-01T00:00:09.762+01:00|W12|0.5|0.12|0.15|0.12|0.47"
177.00;2.62;0001-01-01T00:00:09.8610000+01:00;153.68;2.01;-87.90;31.5;-9.650;0.096;10.884;-35.740;11.136;-19.264;99.325;-79.729;127.504;"0001-01-01T00:00:09.762+01:00|W1|1.1|0.02|0.03|0.02|1.04;0001-01-01T00:00:09.762+01:00|W2|0.8|-0.61|0.08|-0.61|0.58;0001-01-01T00:00:09.762+01:00|W3|0.8|-0.04|0.06|-0.04|0.70;0001-01-01T00:00:09.762+01:00|W4|1.8|-0.70|0.06|-0.70|1.64;0001-01-01T00:00:09.762+01:00|W5|1.3|0.60|0.20|0.60|1.15;0001-01-01T00:00:09.762+01:00|W6|1.2|-0.50|0.35|-0.50|0.93;0001-01-01T00:00:09.762+01:00|W7|2.3|-0.25|0.30|-0.25|2.30;0001-01-01T00:00:09.762+01:00|W8|1.5|-0.91|0.13|-0.91|1.16;0001-01-01T00:00:09.762+01:00|W9|1.6|-1.45|0.08|-1.45|0.52;0001-01-01T00:00:09.762+01:00|W10|0.9|-0.77|0.15|-0.77|0.30;0001-01-01T00:00:09.762+01:00|W11|0.9|-0.50|0.05|-0.50|0.80;0001-01-01T00:00:09.762+01:00|W12|0.5|0.12|0.15|0.12|0.47"
178.00;2.55;0001-01-01T00:00:09.8890000+01:00;154.46;2.07;-88.52;30.8;-9.465;0.148;10.106;-35.100;11.036;-18.927;99.330;-79.998;127.686;"0001-01-01T00:00:10.001+01:00|W1|1.1|0.05|0.01|0.05|1.06;0001-01-01T00:00:10.001+01:00|W2|0.8|-0.62|0.10|-0.62|0.53;0001-01-01T00:00:10.001+01:00|W3|0.8|-0.04|0.05|-0.04|0.71;0001-01-01T00:00:10.001+01:00|W4|1.8|-0.70|0.06|-0.70|1.64;0001-01-01T00:00:10.001+01:00|W5|1.3|0.58|0.18|0.58|1.15;0001-01-01T00:00:10.001+01:00|W6|1.2|-0.50|0.35|-0.50|0.93;0001-01-01T00:00:10.001+01:00|W7|2.2|-0.26|0.35|-0.26|2.22;0001-01-01T00:00:10.001+01:00|W8|1.6|-0.97|0.08|-0.97|1.19;0001-01-01T00:00:10.001+01:00|W9|1.6|-1.45|0.08|-1.45|0.52;0001-01-01T00:00:10.001+01:00|W10|0.9|-0.81|0.19|-0.81|0.38;0001-01-01T00:00:10.001+01:00|W11|1.0|-0.47|0.07|-0.47|0.84;0001-01-01T00:00:10.001+01:00|W12|0.5|0.18|0.08|0.18|0.50"
179.00;2.48;0001-01-01T00:00:09.9180000+01:00;155.24;2.13;-89.14;30.4;-9.281;0.134;9.331;-34.031;10.936;-18.709;99.330;-80.104;127.760;"0001-01-01T00:00:10.001+01:00|W1|1.1|0.05|0.01|0.05|1.06;0001-01-01T00:00:10.001+01:00|W2|0.8|-0.62|0.10|-0.62|0.53;0001-01-01T00:00:10.001+01:00|W3|0.8|-0.04|0.05|-0.04|0.71;0001-01-01T00:00:10.001+01:00|W4|1.8|-0.70|0.06|-0.70|1.64;0001-01-01T00:00:10.001+01:00|W5|1.3|0.58|0.18|0.58|1.15;0001-01-01T00:00:10.001+01:00|W6|1.2|-0.50|0.35|-0.50|0.93;0001-01-01T00:00:10.001+01:00|W7|2.2|-0.26|0.35|-0.26|2.22;0001-01-01T00:00:10.001+01:00|W8|1.6|-0.97|0.08|-0.97|1.19;0001-01-01T00:00:10.001+01:00|W9|1.6|-1.45|0.08|-1.45|0.52;0001-01-01T00:00:10.001+01:00|W10|0.9|-0.81|0.19|-0.81|0.38;0001-01-01T00:00:10.001+01:00|W11|1.0|-0.47|0.07|-0.47|0.84;0001-01-01T00:00:10.001+01:00|W12|0.5|0.18|0.08|0.18|0.50"
180.00;2.40;0001-01-01T00:00:09.9460000+01:00;156.02;2.18;-89.77;30.3;-9.097;0.068;8.559;-32.619;10.836;-18.586;99.326;-80.079;127.747;"0001-01-01T00:00:10.001+01:00|W1|1.1|0.05|0.01|0.05|1.06;0001-01-01T00:00:10.001+01:00|W2|0.8|-0.62|0.10|-0.62|0.53;0001-01-01T00:00:10.001+01:00|W3|0.8|-0.04|0.05|-0.04|0.71;0001-01-01T00:00:10.001+01:00|W4|1.8|-0.70|0.06|-0.70|1.64;0001-01-01T00:00:10.001+01:00|W5|1.3|0.58|0.18|0.58|1.15;0001-01-01T00:00:10.001+01:00|W6|1.2|-0.50|0.35|-0.50|0.93;0001-01-01T00:00:10.001+01:00|W7|2.2|-0.26|0.35|-0.26|2.22;0001-01-01T00:00:10.001+01:00|W8|1.6|-0.97|0.08|-0.97|1.19;0001-01-01T00:00:10.001+01:00|W9|1.6|-1.45|0.08|-1.45|0.52;0001-01-01T00:00:10.001+01:00|W10|0.9|-0.81|0.19|-0.81|0.38;0001-01-01T00:00:10.001+01:00|W11|1.0|-0.47|0.07|-0.47|0.84;0001-01-01T00:00:10.001+01:00|W12|0.5|0.18|0.08|0.18|0.50"
181.00;2.32;0001-01-01T00:00:09.9740000+01:00;156.80;2.24;-90.39;30.2;-8.914;0.002;7.786;-31.208;10.737;-18.464;99.323;-80.054;127.735;"0001-01-01T00:00:10.001+01:00|W1|1.1|0.05|0.01|0.05|1.06;0001-01-01T00:00:10.001+01:00|W2|0.8|-0.62|0.10|-0.62|0.53;0001-01-01T00:00:10.001+01:00|W3|0.8|-0.04|0.05|-0.04|0.71;0001-01-01T00:00:10.001+01:00|W4|1.8|-0.70|0.06|-0.70|1.64;0001-01-01T00:00:10.001+01:00|W5|1.3|0.58|0.18|0.58|1.15;0001-01-01T00:00:10.001+01:00|W6|1.2|-0.50|0.35|-0.50|0.93;0001-01-01T00:00:10.001+01:00|W7|2.2|-0.26|0.35|-0.26|2.22;0001-01-01T00:00:10.001+01:00|W8|1.6|-0.97|0.08|-0.97|1.19;0001-01-01T00:00:10.001+01:00|W9|1.6|-1.45|0.08|-1.45|0.52;0001-01-01T00:00:10.001+01:00|W10|0.9|-0.81|0.19|-0.81|0.38;0001-01-01T00:00:10.001+01:00|W11|1.0|-0.47|0.07|-0.47|0.84;0001-01-01T00:00:10.001+01:00|W12|0.5|0.18|0.08|0.18|0.50"
182.00;2.24;0001-01-01T00:00:10.0020000+01:00;157.57;2.29;-91.02;30.1;-8.730;-0.064;7.013;-29.797;10.637;-18.341;99.319;-80.029;127.722;"0001-01-01T00:00:10.001+01:00|W1|1.1|0.05|0.01|0.05|1.06;0001-01-01T00:00:10.001+01:00|W2|0.8|-0.62|0.10|-0.62|0.53;0001-01-01T00:00:10.001+01:00|W3|0.8|-0.04|0.05|-0.04|0.71;0001-01-01T00:00:10.001+01:00|W4|1.8|-0.70|0.06|-0.70|1.64;0001-01-01T00:00:10.001+01:00|W5|1.3|0.58|0.18|0.58|1.15;0001-01-01T00:00:10.001+01:00|W6|1.2|-0.50|0.35|-0.50|0.93;0001-01-01T00:00:10.001+01:00|W7|2.2|-0.26|0.35|-0.26|2.22;0001-01-01T00:00:10.001+01:00|W8|1.6|-0.97|0.08|-0.97|1.19;0001-01-01T00:00:10.001+01:00|W9|1.6|-1.45|0.08|-1.45|0.52;0001-01-01T00:00:10.001+01:00|W10|0.9|-0.81|0.19|-0.81|0.38;0001-01-01T00:00:10.001+01:00|W11|1.0|-0.47|0.07|-0.47|0.84;0001-01-01T00:00:10.001+01:00|W12|0.5|0.18|0.08|0.18|0.50"
183.00;2.16;0001-01-01T00:00:10.0310000+01:00;158.35;2.34;-91.64;29.9;-8.547;-0.130;6.240;-28.385;10.537;-18.218;99.315;-80.004;127.710;"0001-01-01T00:00:10.001+01:00|W1|1.1|0.05|0.01|0.05|1.06;0001-01-01T00:00:10.001+01:00|W2|0.8|-0.62|0.10|-0.62|0.53;0001-01-01T00:00:10.001+01:00|W3|0.8|-0.04|0.05|-0.04|0.71;0001-01-01T00:00:10.001+01:00|W4|1.8|-0.70|0.06|-0.70|1.64;0001-01-01T00:00:10.001+01:00|W5|1.3|0.58|0.18|0.58|1.15;0001-01-01T00:00:10.001+01:00|W6|1.2|-0.50|0.35|-0.50|0.93;0001-01-01T00:00:10.001+01:00|W7|2.2|-0.26|0.35|-0.26|2.22;0001-01-01T00:00:10.001+01:00|W8|1.6|-0.97|0.08|-0.97|1.19;0001-01-01T00:00:10.001+01:00|W9|1.6|-1.45|0.08|-1.45|0.52;0001-01-01T00:00:10.001+01:00|W10|0.9|-0.81|0.19|-0.81|0.38;0001-01-01T00:00:10.001+01:00|W11|1.0|-0.47|0.07|-0.47|0.84;0001-01-01T00:00:10.001+01:00|W12|0.5|0.18|0.08|0.18|0.50"
184.00;2.07;0001-01-01T00:00:10.0590000+01:00;159.13;2.40;-92.27;29.8;-8.363;-0.165;5.466;-26.902;10.438;-18.065;99.304;-79.987;127.700;"0001-01-01T00:00:10.001+01:00|W1|1.1|0.05|0.01|0.05|1.06;0001-01-01T00:00:10.001+01:00|W2|0.8|-0.62|0.10|-0.62|0.53;0001-01-01T00:00:10.001+01:00|W3|0.8|-0.04|0.05|-0.04|0.71;0001-01-01T00:00:10.001+01:00|W4|1.8|-0.70|0.06|-0.70|1.64;0001-01-01T00:00:10.001+01:00|W5|1.3|0.58|0.18|0.58|1.15;0001-01-01T00:00:10.001+01:00|W6|1.2|-0.50|0.35|-0.50|0.93;0001-01-01T00:00:10.001+01:00|W7|2.2|-0.26|0.35|-0.26|2.22;0001-01-01T00:00:10.001+01:00|W8|1.6|-0.97|0.08|-0.97|1.19;0001-01-01T00:00:10.001+01:00|W9|1.6|-1.45|0.08|-1.45|0.52;0001-01-01T00:00:10.001+01:00|W10|0.9|-0.81|0.19|-0.81|0.38;0001-01-01T00:00:10.001+01:00|W11|1.0|-0.47|0.07|-0.47|0.84;0001-01-01T00:00:10.001+01:00|W12|0.5|0.18|0.08|0.18|0.50"
185.00;1.99;0001-01-01T00:00:10.0870000+01:00;159.91;2.46;-92.89;29.5;-8.179;-0.101;4.691;-25.193;10.338;-17.812;99.266;-79.996;127.700;"0001-01-01T00:00:10.001+01:00|W1|1.1|0.05|0.01|0.05|1.06;0001-01-01T00:00:10.001+01:00|W2|0.8|-0.62|0.10|-0.62|0.53;0001-01-01T00:00:10.001+01:00|W3|0.8|-0.04|0.05|-0.04|0.71;0001-01-01T00:00:10.001+01:00|W4|1.8|-0.70|0.06|-0.70|1.64;0001-01-01T00:00:10.001+01:00|W5|1.3|0.58|0.18|0.58|1.15;0001-01-01T00:00:10.001+01:00|W6|1.2|-0.50|0.35|-0.50|0.93;0001-01-01T00:00:10.001+01:00|W7|2.2|-0.26|0.35|-0.26|2.22;0001-01-01T00:00:10.001+01:00|W8|1.6|-0.97|0.08|-0.97|1.19;0001-01-01T00:00:10.001+01:00|W9|1.6|-1.45|0.08|-1.45|0.52;0001-01-01T00:00:10.001+01:00|W10|0.9|-0.81|0.19|-0.81|0.38;0001-01-01T00:00:10.001+01:00|W11|1.0|-0.47|0.07|-0.47|0.84;0001-01-01T00:00:10.001+01:00|W12|0.5|0.18|0.08|0.18|0.50"
186.00;1.90;0001-01-01T00:00:10.1150000+01:00;160.69;2.52;-93.52;29.3;-7.995;-0.167;3.915;-23.154;10.238;-17.597;99.104;-79.976;127.584;"0001-01-01T00:00:10.001+01:00|W1|1.1|0.05|0.01|0.05|1.06;0001-01-01T00:00:10.001+01:00|W2|0.8|-0.62|0.10|-0.62|0.53;0001-01-01T00:00:10.001+01:00|W3|0.8|-0.04|0.05|-0.04|0.71;0001-01-01T00:00:10.001+01:00|W4|1.8|-0.70|0.06|-0.70|1.64;0001-01-01T00:00:10.001+01:00|W5|1.3|0.58|0.18|0.58|1.15;0001-01-01T00:00:10.001+01:00|W6|1.2|-0.50|0.35|-0.50|0.93;0001-01-01T00:00:10.001+01:00|W7|2.2|-0.26|0.35|-0.26|2.22;0001-01-01T00:00:10.001+01:00|W8|1.6|-0.97|0.08|-0.97|1.19;0001-01-01T00:00:10.001+01:00|W9|1.6|-1.45|0.08|-1.45|0.52;0001-01-01T00:00:10.001+01:00|W10|0.9|-0.81|0.19|-0.81|0.38;0001-01-01T00:00:10.001+01:00|W11|1.0|-0.47|0.07|-0.47|0.84;0001-01-01T00:00:10.001+01:00|W12|0.5|0.18|0.08|0.18|0.50"
187.00;1.80;0001-01-01T00:00:10.1440000+01:00;161.47;2.58;-94.14;29.2;-7.810;-0.376;3.140;-20.745;10.138;-17.426;98.801;-79.923;127.337;"0001-01-01T00:00:10.252+01:00|W1|1.1|0.07|0.02|0.07|1.05;0001-01-01T00:00:10.252+01:00|W2|0.8|-0.61|0.11|-0.61|0.52;0001-01-01T00:00:10.252+01:00|W3|0.8|-0.03|0.06|-0.03|0.70;0001-01-01T00:00:10.252+01:00|W4|1.9|-0.76|0.17|-0.76|1.75;0001-01-01T00:00:10.252+01:00|W5|1.3|0.62|0.19|0.62|1.15;0001-01-01T00:00:10.252+01:00|W6|1.1|-0.56|0.40|-0.56|0.65;0001-01-01T00:00:10.252+01:00|W7|2.1|-0.28|0.42|-0.28|2.11;0001-01-01T00:00:10.252+01:00|W8|1.6|-1.01|0.03|-1.01|1.25;0001-01-01T00:00:10.252+01:00|W9|1.6|-1.55|0.14|-1.55|0.40;0001-01-01T00:00:10.252+01:00|W10|1.0|-0.84|0.28|-0.84|0.54;0001-01-01T00:00:10.252+01:00|W11|1.0|-0.47|0.08|-0.47|0.86;0001-01-01T00:00:10.252+01:00|W12|0.5|0.14|0.06|0.14|0.51"
188.00;1.71;0001-01-01T00:00:10.1720000+01:00;162.25;2.65;-94.77;29.1;-7.626;-0.884;2.363;-19.061;10.038;-17.394;98.642;-79.943;127.243;"0001-01-01T00:00:10.252+01:00|W1|1.1|0.07|0.02|0.07|1.05;0001-01-01T00:00:10.252+01:00|W2|0.8|-0.61|0.11|-0.61|0.52;0001-01-01T00:00:10.252+01:00|W3|0.8|-0.03|0.06|-0.03|0.70;0001-01-01T00:00:10.252+01:00|W4|1.9|-0.76|0.17|-0.76|1.75;0001-01-01T00:00:10.252+01:00|W5|1.3|0.62|0.19|0.62|1.15;0001-01-01T00:00:10.252+01:00|W6|1.1|-0.56|0.40|-0.56|0.65;0001-01-01T00:00:10.252+01:00|W7|2.1|-0.28|0.42|-0.28|2.11;0001-01-01T00:00:10.252+01:00|W8|1.6|-1.01|0.03|-1.01|1.25;0001-01-01T00:00:10.252+01:00|W9|1.6|-1.55|0.14|-1.55|0.40;0001-01-01T00:00:10.252+01:00|W10|1.0|-0.84|0.28|-0.84|0.54;0001-01-01T00:00:10.252+01:00|W11|1.0|-0.47|0.08|-0.47|0.86;0001-01-01T00:00:10.252+01:00|W12|0.5|0.14|0.06|0.14|0.51"
189.00;1.61;0001-01-01T00:00:10.2000000+01:00;163.03;2.72;-95.40;29.1;-7.441;-1.517;1.585;-17.679;9.938;-17.419;98.543;-79.993;127.213;"0001-01-01T00:00:10.252+01:00|W1|1.1|0.07|0.02|0.07|1.05;0001-01-01T00:00:10.252+01:00|W2|0.8|-0.61|0.11|-0.61|0.52;0001-01-01T00:00:10.252+01:00|W3|0.8|-0.03|0.06|-0.03|0.70;0001-01-01T00:00:10.252+01:00|W4|1.9|-0.76|0.17|-0.76|1.75;0001-01-01T00:00:10.252+01:00|W5|1.3|0.62|0.19|0.62|1.15;0001-01-01T00:00:10.252+01:00|W6|1.1|-0.56|0.40|-0.56|0.65;0001-01-01T00:00:10.252+01:00|W7|2.1|-0.28|0.42|-0.28|2.11;0001-01-01T00:00:10.252+01:00|W8|1.6|-1.01|0.03|-1.01|1.25;0001-01-01T00:00:10.252+01:00|W9|1.6|-1.55|0.14|-1.55|0.40;0001-01-01T00:00:10.252+01:00|W10|1.0|-0.84|0.28|-0.84|0.54;0001-01-01T00:00:10.252+01:00|W11|1.0|-0.47|0.08|-0.47|0.86;0001-01-01T00:00:10.252+01:00|W12|0.5|0.14|0.06|0.14|0.51"
190.00;1.51;0001-01-01T00:00:10.2290000+01:00;163.81;2.79;-96.03;29.0;-7.256;-2.746;0.806;-16.150;9.837;-17.327;98.657;-80.013;127.328;"0001-01-01T00:00:10.252+01:00|W1|1.1|0.07|0.02|0.07|1.05;0001-01-01T00:00:10.252+01:00|W2|0.8|-0.61|0.11|-0.61|0.52;0001-01-01T00:00:10.252+01:00|W3|0.8|-0.03|0.06|-0.03|0.70;0001-01-01T00:00:10.252+01:00|W4|1.9|-0.76|0.17|-0.76|1.75;0001-01-01T00:00:10.252+01:00|W5|1.3|0.62|0.19|0.62|1.15;0001-01-01T00:00:10.252+01:00|W6|1.1|-0.56|0.40|-0.56|0.65;0001-01-01T00:00:10.252+01:00|W7|2.1|-0.28|0.42|-0.28|2.11;0001-01-01T00:00:10.252+01:00|W8|1.6|-1.01|0.03|-1.01|1.25;0001-01-01T00:00:10.252+01:00|W9|1.6|-1.55|0.14|-1.55|0.40;0001-01-01T00:00:10.252+01:00|W10|1.0|-0.84|0.28|-0.84|0.54;0001-01-01T00:00:10.252+01:00|W11|1.0|-0.47|0.08|-0.47|0.86;0001-01-01T00:00:10.252+01:00|W12|0.5|0.14|0.06|0.14|0.51"
191.00;1.40;0001-01-01T00:00:10.2570000+01:00;164.58;2.86;-96.66;28.8;-7.071;-4.010;0.027;-14.613;9.737;-17.228;98.783;-80.033;127.452;"0001-01-01T00:00:10.252+01:00|W1|1.1|0.07|0.02|0.07|1.05;0001-01-01T00:00:10.252+01:00|W2|0.8|-0.61|0.11|-0.61|0.52;0001-01-01T00:00:10.252+01:00|W3|0.8|-0.03|0.06|-0.03|0.70;0001-01-01T00:00:10.252+01:00|W4|1.9|-0.76|0.17|-0.76|1.75;0001-01-01T00:00:10.252+01:00|W5|1.3|0.62|0.19|0.62|1.15;0001-01-01T00:00:10.252+01:00|W6|1.1|-0.56|0.40|-0.56|0.65;0001-01-01T00:00:10.252+01:00|W7|2.1|-0.28|0.42|-0.28|2.11;0001-01-01T00:00:10.252+01:00|W8|1.6|-1.01|0.03|-1.01|1.25;0001-01-01T00:00:10.252+01:00|W9|1.6|-1.55|0.14|-1.55|0.40;0001-01-01T00:00:10.252+01:00|W10|1.0|-0.84|0.28|-0.84|0.54;0001-01-01T00:00:10.252+01:00|W11|1.0|-0.47|0.08|-0.47|0.86;0001-01-01T00:00:10.252+01:00|W12|0.5|0.14|0.06|0.14|0.51"
192.00;1.30;0001-01-01T00:00:10.2860000+01:00;165.36;2.93;-97.29;28.7;-6.886;-5.275;-0.753;-13.075;9.636;-17.128;98.909;-80.052;127.576;"0001-01-01T00:00:10.252+01:00|W1|1.1|0.07|0.02|0.07|1.05;0001-01-01T00:00:10.252+01:00|W2|0.8|-0.61|0.11|-0.61|0.52;0001-01-01T00:00:10.252+01:00|W3|0.8|-0.03|0.06|-0.03|0.70;0001-01-01T00:00:10.252+01:00|W4|1.9|-0.76|0.17|-0.76|1.75;0001-01-01T00:00:10.252+01:00|W5|1.3|0.62|0.19|0.62|1.15;0001-01-01T00:00:10.252+01:00|W6|1.1|-0.56|0.40|-0.56|0.65;0001-01-01T00:00:10.252+01:00|W7|2.1|-0.28|0.42|-0.28|2.11;0001-01-01T00:00:10.252+01:00|W8|1.6|-1.01|0.03|-1.01|1.25;0001-01-01T00:00:10.252+01:00|W9|1.6|-1.55|0.14|-1.55|0.40;0001-01-01T00:00:10.252+01:00|W10|1.0|-0.84|0.28|-0.84|0.54;0001-01-01T00:00:10.252+01:00|W11|1.0|-0.47|0.08|-0.47|0.86;0001-01-01T00:00:10.252+01:00|W12|0.5|0.14|0.06|0.14|0.51"
193.00;1.19;0001-01-01T00:00:10.3140000+01:00;166.14;3.01;-97.92;28.4;-6.701;-6.778;-1.530;-11.811;9.536;-16.863;99.165;-80.145;127.853;"0001-01-01T00:00:10.252+01:00|W1|1.1|0.07|0.02|0.07|1.05;0001-01-01T00:00:10.252+01:00|W2|0.8|-0.61|0.11|-0.61|0.52;0001-01-01T00:00:10.252+01:00|W3|0.8|-0.03|0.06|-0.03|0.70;0001-01-01T00:00:10.252+01:00|W4|1.9|-0.76|0.17|-0.76|1.75;0001-01-01T00:00:10.252+01:00|W5|1.3|0.62|0.19|0.62|1.15;0001-01-01T00:00:10.252+01:00|W6|1.1|-0.56|0.40|-0.56|0.65;0001-01-01T00:00:10.252+01:00|W7|2.1|-0.28|0.42|-0.28|2.11;0001-01-01T00:00:10.252+01:00|W8|1.6|-1.01|0.03|-1.01|1.25;0001-01-01T00:00:10.252+01:00|W9|1.6|-1.55|0.14|-1.55|0.40;0001-01-01T00:00:10.252+01:00|W10|1.0|-0.84|0.28|-0.84|0.54;0001-01-01T00:00:10.252+01:00|W11|1.0|-0.47|0.08|-0.47|0.86;0001-01-01T00:00:10.252+01:00|W12|0.5|0.14|0.06|0.14|0.51"
194.00;1.07;0001-01-01T00:00:10.3420000+01:00;166.92;3.08;-98.55;27.8;-6.517;-8.597;-2.304;-10.911;9.436;-16.378;99.596;-80.337;128.334;"0001-01-01T00:00:10.252+01:00|W1|1.1|0.07|0.02|0.07|1.05;0001-01-01T00:00:10.252+01:00|W2|0.8|-0.61|0.11|-0.61|0.52;0001-01-01T00:00:10.252+01:00|W3|0.8|-0.03|0.06|-0.03|0.70;0001-01-01T00:00:10.252+01:00|W4|1.9|-0.76|0.17|-0.76|1.75;0001-01-01T00:00:10.252+01:00|W5|1.3|0.62|0.19|0.62|1.15;0001-01-01T00:00:10.252+01:00|W6|1.1|-0.56|0.40|-0.56|0.65;0001-01-01T00:00:10.252+01:00|W7|2.1|-0.28|0.42|-0.28|2.11;0001-01-01T00:00:10.252+01:00|W8|1.6|-1.01|0.03|-1.01|1.25;0001-01-01T00:00:10.252+01:00|W9|1.6|-1.55|0.14|-1.55|0.40;0001-01-01T00:00:10.252+01:00|W10|1.0|-0.84|0.28|-0.84|0.54;0001-01-01T00:00:10.252+01:00|W11|1.0|-0.47|0.08|-0.47|0.86;0001-01-01T00:00:10.252+01:00|W12|0.5|0.14|0.06|0.14|0.51"
195.00;0.96;0001-01-01T00:00:10.3710000+01:00;167.70;3.16;-99.17;27.0;-6.334;-10.355;-3.075;-8.666;9.337;-15.619;100.158;-80.261;128.742;"0001-01-01T00:00:10.252+01:00|W1|1.1|0.07|0.02|0.07|1.05;0001-01-01T00:00:10.252+01:00|W2|0.8|-0.61|0.11|-0.61|0.52;0001-01-01T00:00:10.252+01:00|W3|0.8|-0.03|0.06|-0.03|0.70;0001-01-01T00:00:10.252+01:00|W4|1.9|-0.76|0.17|-0.76|1.75;0001-01-01T00:00:10.252+01:00|W5|1.3|0.62|0.19|0.62|1.15;0001-01-01T00:00:10.252+01:00|W6|1.1|-0.56|0.40|-0.56|0.65;0001-01-01T00:00:10.252+01:00|W7|2.1|-0.28|0.42|-0.28|2.11;0001-01-01T00:00:10.252+01:00|W8|1.6|-1.01|0.03|-1.01|1.25;0001-01-01T00:00:10.252+01:00|W9|1.6|-1.55|0.14|-1.55|0.40;0001-01-01T00:00:10.252+01:00|W10|1.0|-0.84|0.28|-0.84|0.54;0001-01-01T00:00:10.252+01:00|W11|1.0|-0.47|0.08|-0.47|0.86;0001-01-01T00:00:10.252+01:00|W12|0.5|0.14|0.06|0.14|0.51"
196.00;0.85;0001-01-01T00:00:10.3990000+01:00;168.49;3.24;-99.80;26.0;-6.151;-12.083;-3.845;-5.725;9.238;-14.718;100.788;-80.047;129.116;"0001-01-01T00:00:10.497+01:00|W1|1.1|0.07|0.03|0.07|1.04;0001-01-01T00:00:10.497+01:00|W2|0.8|-0.62|0.09|-0.62|0.53;0001-01-01T00:00:10.497+01:00|W3|0.8|-0.03|0.06|-0.03|0.70;0001-01-01T00:00:10.497+01:00|W4|2.0|-0.65|0.26|-0.65|1.89;0001-01-01T00:00:10.497+01:00|W5|1.3|0.64|0.17|0.64|1.13;0001-01-01T00:00:10.497+01:00|W6|1.0|-0.66|0.47|-0.66|0.36;0001-01-01T00:00:10.497+01:00|W7|2.1|-0.30|0.46|-0.30|2.00;0001-01-01T00:00:10.497+01:00|W8|1.6|-0.91|0.09|-0.91|1.27;0001-01-01T00:00:10.497+01:00|W9|1.7|-1.61|0.19|-1.61|0.39;0001-01-01T00:00:10.497+01:00|W10|1.1|-0.82|0.30|-0.82|0.64;0001-01-01T00:00:10.497+01:00|W11|1.0|-0.47|0.09|-0.47|0.88;0001-01-01T00:00:10.497+01:00|W12|0.5|0.02|0.11|0.02|0.46"
197.00;0.81;0001-01-01T00:00:10.4260000+01:00;169.30;3.12;-100.38;25.5;-5.975;-13.411;-4.586;-4.689;9.142;-13.801;101.546;-80.036;129.630;"0001-01-01T00:00:10.497+01:00|W1|1.1|0.07|0.03|0.07|1.04;0001-01-01T00:00:10.497+01:00|W2|0.8|-0.62|0.09|-0.62|0.53;0001-01-01T00:00:10.497+01:00|W3|0.8|-0.03|0.06|-0.03|0.70;0001-01-01T00:00:10.497+01:00|W4|2.0|-0.65|0.26|-0.65|1.89;0001-01-01T00:00:10.497+01:00|W5|1.3|0.64|0.17|0.64|1.13;0001-01-01T00:00:10.497+01:00|W6|1.0|-0.66|0.47|-0.66|0.36;0001-01-01T00:00:10.497+01:00|W7|2.1|-0.30|0.46|-0.30|2.00;0001-01-01T00:00:10.497+01:00|W8|1.6|-0.91|0.09|-0.91|1.27;0001-01-01T00:00:10.497+01:00|W9|1.7|-1.61|0.19|-1.61|0.39;0001-01-01T00:00:10.497+01:00|W10|1.1|-0.82|0.30|-0.82|0.64;0001-01-01T00:00:10.497+01:00|W11|1.0|-0.47|0.09|-0.47|0.88;0001-01-01T00:00:10.497+01:00|W12|0.5|0.02|0.11|0.02|0.46"
198.00;0.77;0001-01-01T00:00:10.4530000+01:00;170.12;2.96;-100.95;25.0;-5.800;-14.684;-5.323;-3.915;9.047;-12.882;102.322;-80.053;130.174;"0001-01-01T00:00:10.497+01:00|W1|1.1|0.07|0.03|0.07|1.04;0001-01-01T00:00:10.497+01:00|W2|0.8|-0.62|0.09|-0.62|0.53;0001-01-01T00:00:10.497+01:00|W3|0.8|-0.03|0.06|-0.03|0.70;0001-01-01T00:00:10.497+01:00|W4|2.0|-0.65|0.26|-0.65|1.89;0001-01-01T00:00:10.497+01:00|W5|1.3|0.64|0.17|0.64|1.13;0001-01-01T00:00:10.497+01:00|W6|1.0|-0.66|0.47|-0.66|0.36;0001-01-01T00:00:10.497+01:00|W7|2.1|-0.30|0.46|-0.30|2.00;0001-01-01T00:00:10.497+01:00|W8|1.6|-0.91|0.09|-0.91|1.27;0001-01-01T00:00:10.497+01:00|W9|1.7|-1.61|0.19|-1.61|0.39;0001-01-01T00:00:10.497+01:00|W10|1.1|-0.82|0.30|-0.82|0.64;0001-01-01T00:00:10.497+01:00|W11|1.0|-0.47|0.09|-0.47|0.88;0001-01-01T00:00:10.497+01:00|W12|0.5|0.02|0.11|0.02|0.46"
199.00;0.73;0001-01-01T00:00:10.4790000+01:00;170.94;2.81;-101.51;24.4;-5.625;-15.958;-6.061;-3.140;8.952;-11.962;103.098;-80.069;130.731;"0001-01-01T00:00:10.497+01:00|W1|1.1|0.07|0.03|0.07|1.04;0001-01-01T00:00:10.497+01:00|W2|0.8|-0.62|0.09|-0.62|0.53;0001-01-01T00:00:10.497+01:00|W3|0.8|-0.03|0.06|-0.03|0.70;0001-01-01T00:00:10.497+01:00|W4|2.0|-0.65|0.26|-0.65|1.89;0001-01-01T00:00:10.497+01:00|W5|1.3|0.64|0.17|0.64|1.13;0001-01-01T00:00:10.497+01:00|W6|1.0|-0.66|0.47|-0.66|0.36;0001-01-01T00:00:10.497+01:00|W7|2.1|-0.30|0.46|-0.30|2.00;0001-01-01T00:00:10.497+01:00|W8|1.6|-0.91|0.09|-0.91|1.27;0001-01-01T00:00:10.497+01:00|W9|1.7|-1.61|0.19|-1.61|0.39;0001-01-01T00:00:10.497+01:00|W10|1.1|-0.82|0.30|-0.82|0.64;0001-01-01T00:00:10.497+01:00|W11|1.0|-0.47|0.09|-0.47|0.88;0001-01-01T00:00:10.497+01:00|W12|0.5|0.02|0.11|0.02|0.46"
200.00;0.69;0001-01-01T00:00:10.5060000+01:00;171.76;2.65;-102.08;23.9;-5.450;-17.231;-6.798;-2.366;8.857;-11.043;103.874;-80.086;131.299;"0001-01-01T00:00:10.497+01:00|W1|1.1|0.07|0.03|0.07|1.04;0001-01-01T00:00:10.497+01:00|W2|0.8|-0.62|0.09|-0.62|0.53;0001-01-01T00:00:10.497+01:00|W3|0.8|-0.03|0.06|-0.03|0.70;0001-01-01T00:00:10.497+01:00|W4|2.0|-0.65|0.26|-0.65|1.89;0001-01-01T00:00:10.497+01:00|W5|1.3|0.64|0.17|0.64|1.13;0001-01-01T00:00:10.497+01:00|W6|1.0|-0.66|0.47|-0.66|0.36;0001-01-01T00:00:10.497+01:00|W7|2.1|-0.30|0.46|-0.30|2.00;0001-01-01T00:00:10.497+01:00|W8|1.6|-0.91|0.09|-0.91|1.27;0001-01-01T00:00:10.497+01:00|W9|1.7|-1.61|0.19|-1.61|0.39;0001-01-01T00:00:10.497+01:00|W10|1.1|-0.82|0.30|-0.82|0.64;0001-01-01T00:00:10.497+01:00|W11|1.0|-0.47|0.09|-0.47|0.88;0001-01-01T00:00:10.497+01:00|W12|0.5|0.02|0.11|0.02|0.46"
201.00;0.65;0001-01-01T00:00:10.5330000+01:00;172.58;2.50;-102.66;23.4;-5.275;-18.505;-7.536;-1.591;8.762;-10.123;104.650;-80.102;131.878;"0001-01-01T00:00:10.497+01:00|W1|1.1|0.07|0.03|0.07|1.04;0001-01-01T00:00:10.497+01:00|W2|0.8|-0.62|0.09|-0.62|0.53;0001-01-01T00:00:10.497+01:00|W3|0.8|-0.03|0.06|-0.03|0.70;0001-01-01T00:00:10.497+01:00|W4|2.0|-0.65|0.26|-0.65|1.89;0001-01-01T00:00:10.497+01:00|W5|1.3|0.64|0.17|0.64|1.13;0001-01-01T00:00:10.497+01:00|W6|1.0|-0.66|0.47|-0.66|0.36;0001-01-01T00:00:10.497+01:00|W7|2.1|-0.30|0.46|-0.30|2.00;0001-01-01T00:00:10.497+01:00|W8|1.6|-0.91|0.09|-0.91|1.27;0001-01-01T00:00:10.497+01:00|W9|1.7|-1.61|0.19|-1.61|0.39;0001-01-01T00:00:10.497+01:00|W10|1.1|-0.82|0.30|-0.82|0.64;0001-01-01T00:00:10.497+01:00|W11|1.0|-0.47|0.09|-0.47|0.88;0001-01-01T00:00:10.497+01:00|W12|0.5|0.02|0.11|0.02|0.46"
202.00;0.58;0001-01-01T00:00:10.5600000+01:00;173.39;2.40;-103.24;22.8;-4.470;-19.785;-7.952;-0.813;8.478;-9.199;104.272;-80.362;131.709;"0001-01-01T00:00:10.497+01:00|W1|1.1|0.07|0.03|0.07|1.04;0001-01-01T00:00:10.497+01:00|W2|0.8|-0.62|0.09|-0.62|0.53;0001-01-01T00:00:10.497+01:00|W3|0.8|-0.03|0.06|-0.03|0.70;0001-01-01T00:00:10.497+01:00|W4|2.0|-0.65|0.26|-0.65|1.89;0001-01-01T00:00:10.497+01:00|W5|1.3|0.64|0.17|0.64|1.13;0001-01-01T00:00:10.497+01:00|W6|1.0|-0.66|0.47|-0.66|0.36;0001-01-01T00:00:10.497+01:00|W7|2.1|-0.30|0.46|-0.30|2.00;0001-01-01T00:00:10.497+01:00|W8|1.6|-0.91|0.09|-0.91|1.27;0001-01-01T00:00:10.497+01:00|W9|1.7|-1.61|0.19|-1.61|0.39;0001-01-01T00:00:10.497+01:00|W10|1.1|-0.82|0.30|-0.82|0.64;0001-01-01T00:00:10.497+01:00|W11|1.0|-0.47|0.09|-0.47|0.88;0001-01-01T00:00:10.497+01:00|W12|0.5|0.02|0.11|0.02|0.46"
203.00;0.46;0001-01-01T00:00:10.5880000+01:00;174.18;2.43;-103.86;22.2;-2.242;-21.080;-7.641;-0.025;7.768;-8.265;101.284;-81.171;129.855;"0001-01-01T00:00:10.497+01:00|W1|1.1|0.07|0.03|0.07|1.04;0001-01-01T00:00:10.497+01:00|W2|0.8|-0.62|0.09|-0.62|0.53;0001-01-01T00:00:10.497+01:00|W3|0.8|-0.03|0.06|-0.03|0.70;0001-01-01T00:00:10.497+01:00|W4|2.0|-0.65|0.26|-0.65|1.89;0001-01-01T00:00:10.497+01:00|W5|1.3|0.64|0.17|0.64|1.13;0001-01-01T00:00:10.497+01:00|W6|1.0|-0.66|0.47|-0.66|0.36;0001-01-01T00:00:10.497+01:00|W7|2.1|-0.30|0.46|-0.30|2.00;0001-01-01T00:00:10.497+01:00|W8|1.6|-0.91|0.09|-0.91|1.27;0001-01-01T00:00:10.497+01:00|W9|1.7|-1.61|0.19|-1.61|0.39;0001-01-01T00:00:10.497+01:00|W10|1.1|-0.82|0.30|-0.82|0.64;0001-01-01T00:00:10.497+01:00|W11|1.0|-0.47|0.09|-0.47|0.88;0001-01-01T00:00:10.497+01:00|W12|0.5|0.02|0.11|0.02|0.46"
204.00;0.38;0001-01-01T00:00:10.6190000+01:00;174.89;2.92;-104.62;18.9;-6.107;-22.542;-7.860;0.864;6.597;-7.209;96.457;-78.036;124.153;"0001-01-01T00:00:10.497+01:00|W1|1.1|0.07|0.03|0.07|1.04;0001-01-01T00:00:10.497+01:00|W2|0.8|-0.62|0.09|-0.62|0.53;0001-01-01T00:00:10.497+01:00|W3|0.8|-0.03|0.06|-0.03|0.70;0001-01-01T00:00:10.497+01:00|W4|2.0|-0.65|0.26|-0.65|1.89;0001-01-01T00:00:10.497+01:00|W5|1.3|0.64|0.17|0.64|1.13;0001-01-01T00:00:10.497+01:00|W6|1.0|-0.66|0.47|-0.66|0.36;0001-01-01T00:00:10.497+01:00|W7|2.1|-0.30|0.46|-0.30|2.00;0001-01-01T00:00:10.497+01:00|W8|1.6|-0.91|0.09|-0.91|1.27;0001-01-01T00:00:10.497+01:00|W9|1.7|-1.61|0.19|-1.61|0.39;0001-01-01T00:00:10.497+01:00|W10|1.1|-0.82|0.30|-0.82|0.64;0001-01-01T00:00:10.497+01:00|W11|1.0|-0.47|0.09|-0.47|0.88;0001-01-01T00:00:10.497+01:00|W12|0.5|0.02|0.11|0.02|0.46"
205.00;0.33;0001-01-01T00:00:10.6520000+01:00;175.48;3.86;-105.49;13.1;-16.171;-24.120;-8.622;1.823;4.993;-6.071;89.917;-70.919;114.672;"0001-01-01T00:00:10.747+01:00|W1|1.1|0.09|0.05|0.09|1.02;0001-01-01T00:00:10.747+01:00|W2|0.8|-0.60|0.08|-0.60|0.53;0001-01-01T00:00:10.747+01:00|W3|0.8|-0.04|0.07|-0.04|0.69;0001-01-01T00:00:10.747+01:00|W4|2.1|-0.56|0.29|-0.56|1.95;0001-01-01T00:00:10.747+01:00|W5|1.3|0.64|0.14|0.64|1.12;0001-01-01T00:00:10.747+01:00|W6|1.0|-0.73|0.43|-0.73|0.23;0001-01-01T00:00:10.747+01:00|W7|2.0|-0.33|0.46|-0.33|1.93;0001-01-01T00:00:10.747+01:00|W8|1.6|-0.76|0.10|-0.76|1.38;0001-01-01T00:00:10.747+01:00|W9|1.7|-1.66|0.23|-1.66|0.38;0001-01-01T00:00:10.747+01:00|W10|1.1|-0.84|0.30|-0.84|0.67;0001-01-01T00:00:10.747+01:00|W11|1.0|-0.47|0.10|-0.47|0.90;0001-01-01T00:00:10.747+01:00|W12|0.4|-0.12|0.11|-0.12|0.43"
205.50;0.00;0001-01-01T00:00:10.6530000+01:00;175.49;3.85;-105.49;13.1;-16.286;-24.124;-8.630;1.826;4.974;-6.071;89.968;-70.916;114.711;"0001-01-01T00:00:10.747+01:00|W1|1.1|0.09|0.05|0.09|1.02;0001-01-01T00:00:10.747+01:00|W2|0.8|-0.60|0.08|-0.60|0.53;0001-01-01T00:00:10.747+01:00|W3|0.8|-0.04|0.07|-0.04|0.69;0001-01-01T00:00:10.747+01:00|W4|2.1|-0.56|0.29|-0.56|1.95;0001-01-01T00:00:10.747+01:00|W5|1.3|0.64|0.14|0.64|1.12;0001-01-01T00:00:10.747+01:00|W6|1.0|-0.73|0.43|-0.73|0.23;0001-01-01T00:00:10.747+01:00|W7|2.0|-0.33|0.46|-0.33|1.93;0001-01-01T00:00:10.747+01:00|W8|1.6|-0.76|0.10|-0.76|1.38;0001-01-01T00:00:10.747+01:00|W9|1.7|-1.66|0.23|-1.66|0.38;0001-01-01T00:00:10.747+01:00|W10|1.1|-0.84|0.30|-0.84|0.67;0001-01-01T00:00:10.747+01:00|W11|1.0|-0.47|0.10|-0.47|0.90;0001-01-01T00:00:10.747+01:00|W12|0.4|-0.12|0.11|-0.12|0.43"
