Position;Height above ground [m];Time;X [m];Y [m];Z [m];Opening Angle [°];Stalling Angle Left [°];Stalling Angle Right [°];Roll Angle Left [°];Roll Angle Right [°];Yaw Angle Left [°];Yaw Angle Right [°];Speed hor. [km/h];Speed vert. [km/h];Speed resulting [km/h];WindTime|WindName|WindSpeed|WindSpeedTangent|WindTurbulence|WindSpeedCleanTan|WindSpeedCross
-91.23;NaN;0001-01-01T00:00:00.0050000+01:00;-79.56;0.00;41.62;NaN;NaN;NaN;NaN;NaN;NaN;NaN;0.000;0.000;0.000;"0001-01-01T00:00:00.000+01:00|W1|1.5|1.53|0.10|1.53|0.11;0001-01-01T00:00:00.000+01:00|W2|1.3|1.19|0.13|1.19|0.22;0001-01-01T00:00:00.000+01:00|W3|1.1|0.93|0.11|0.93|0.46;0001-01-01T00:00:00.000+01:00|W4|1.5|1.48|0.17|1.48|0.12;0001-01-01T00:00:00.000+01:00|W5|1.2|1.21|0.14|1.21|0.08;0001-01-01T00:00:00.000+01:00|W6|1.0|0.92|0.05|0.92|0.48;0001-01-01T00:00:00.000+01:00|W7|1.0|0.95|0.09|0.95|0.41;0001-01-01T00:00:00.000+01:00|W8|0.4|0.11|0.02|0.11|0.29;0001-01-01T00:00:00.000+01:00|W9|0.5|0.32|0.01|0.32|0.22;0001-01-01T00:00:00.000+01:00|W10|0.7|0.54|0.13|0.54|0.32;0001-01-01T00:00:00.000+01:00|W11|0.8|0.72|0.24|0.72|0.23;0001-01-01T00:00:00.000+01:00|W12|0.1|0.05|0.14|0.05|0.05"
0.00;2.93;0001-01-01T00:00:03.9270000+01:00;0.04;0.00;-0.01;0.0;-11.500;-11.500;0.000;0.000;0.000;0.000;96.989;-19.733;98.976;"0001-01-01T00:00:03.944+01:00|W1|1.3|1.26|0.16|1.26|0.35;0001-01-01T00:00:03.944+01:00|W2|1.6|1.54|0.09|1.54|0.15;0001-01-01T00:00:03.944+01:00|W3|1.0|0.94|0.17|0.94|0.19;0001-01-01T00:00:03.944+01:00|W4|1.3|1.29|0.03|1.29|0.13;0001-01-01T00:00:03.944+01:00|W5|1.1|0.97|0.06|0.97|0.57;0001-01-01T00:00:03.944+01:00|W6|1.1|0.97|0.03|0.97|0.53;0001-01-01T00:00:03.944+01:00|W7|1.5|1.27|0.25|1.27|0.63;0001-01-01T00:00:03.944+01:00|W8|0.3|0.23|0.06|0.23|0.02;0001-01-01T00:00:03.944+01:00|W9|0.4|0.30|0.06|0.30|0.22;0001-01-01T00:00:03.944+01:00|W10|0.8|0.72|0.05|0.72|0.27;0001-01-01T00:00:03.944+01:00|W11|0.8|0.77|0.02|0.77|0.09;0001-01-01T00:00:03.944+01:00|W12|0.1|0.03|0.01|0.03|0.07"
1.00;2.89;0001-01-01T00:00:04.1100000+01:00;1.34;0.00;-0.20;2.0;-8.325;-8.964;2.171;-3.654;0.930;-1.059;96.321;-15.185;97.510;"0001-01-01T00:00:04.192+01:00|W1|1.3|1.26|0.16|1.26|0.29;0001-01-01T00:00:04.192+01:00|W2|1.6|1.53|0.07|1.53|0.17;0001-01-01T00:00:04.192+01:00|W3|0.9|0.89|0.20|0.89|0.19;0001-01-01T00:00:04.192+01:00|W4|1.3|1.32|0.01|1.32|0.15;0001-01-01T00:00:04.192+01:00|W5|1.2|1.05|0.13|1.05|0.53;0001-01-01T00:00:04.192+01:00|W6|1.1|0.97|0.03|0.97|0.53;0001-01-01T00:00:04.192+01:00|W7|1.5|1.26|0.25|1.26|0.66;0001-01-01T00:00:04.192+01:00|W8|0.4|0.27|0.01|0.27|0.09;0001-01-01T00:00:04.192+01:00|W9|0.4|0.28|0.06|0.28|0.22;0001-01-01T00:00:04.192+01:00|W10|0.8|0.72|0.05|0.72|0.27;0001-01-01T00:00:04.192+01:00|W11|0.8|0.79|0.03|0.79|0.06;0001-01-01T00:00:04.192+01:00|W12|0.1|0.04|0.00|0.04|0.09"
2.00;2.88;0001-01-01T00:00:04.1510000+01:00;2.38;0.01;-0.35;3.6;-5.798;-6.945;3.899;-6.562;1.670;-1.902;95.789;-11.566;96.485;"0001-01-01T00:00:04.192+01:00|W1|1.3|1.26|0.16|1.26|0.29;0001-01-01T00:00:04.192+01:00|W2|1.6|1.53|0.07|1.53|0.17;0001-01-01T00:00:04.192+01:00|W3|0.9|0.89|0.20|0.89|0.19;0001-01-01T00:00:04.192+01:00|W4|1.3|1.32|0.01|1.32|0.15;0001-01-01T00:00:04.192+01:00|W5|1.2|1.05|0.13|1.05|0.53;0001-01-01T00:00:04.192+01:00|W6|1.1|0.97|0.03|0.97|0.53;0001-01-01T00:00:04.192+01:00|W7|1.5|1.26|0.25|1.26|0.66;0001-01-01T00:00:04.192+01:00|W8|0.4|0.27|0.01|0.27|0.09;0001-01-01T00:00:04.192+01:00|W9|0.4|0.28|0.06|0.28|0.22;0001-01-01T00:00:04.192+01:00|W10|0.8|0.72|0.05|0.72|0.27;0001-01-01T00:00:04.192+01:00|W11|0.8|0.79|0.03|0.79|0.06;0001-01-01T00:00:04.192+01:00|W12|0.1|0.04|0.00|0.04|0.09"
3.00;2.92;0001-01-01T00:00:04.1900000+01:00;3.42;0.00;-0.47;6.9;-1.178;-3.259;1.173;-6.499;2.820;-4.123;95.942;-11.284;96.604;"0001-01-01T00:00:04.192+01:00|W1|1.3|1.26|0.16|1.26|0.29;0001-01-01T00:00:04.192+01:00|W2|1.6|1.53|0.07|1.53|0.17;0001-01-01T00:00:04.192+01:00|W3|0.9|0.89|0.20|0.89|0.19;0001-01-01T00:00:04.192+01:00|W4|1.3|1.32|0.01|1.32|0.15;0001-01-01T00:00:04.192+01:00|W5|1.2|1.05|0.13|1.05|0.53;0001-01-01T00:00:04.192+01:00|W6|1.1|0.97|0.03|0.97|0.53;0001-01-01T00:00:04.192+01:00|W7|1.5|1.26|0.25|1.26|0.66;0001-01-01T00:00:04.192+01:00|W8|0.4|0.27|0.01|0.27|0.09;0001-01-01T00:00:04.192+01:00|W9|0.4|0.28|0.06|0.28|0.22;0001-01-01T00:00:04.192+01:00|W10|0.8|0.72|0.05|0.72|0.27;0001-01-01T00:00:04.192+01:00|W11|0.8|0.79|0.03|0.79|0.06;0001-01-01T00:00:04.192+01:00|W12|0.1|0.04|0.00|0.04|0.09"
4.00;2.97;0001-01-01T00:00:04.2290000+01:00;4.45;-0.00;-0.60;11.2;3.635;0.578;-3.381;-1.594;4.212;-7.021;97.183;-13.054;98.056;"0001-01-01T00:00:04.192+01:00|W1|1.3|1.26|0.16|1.26|0.29;0001-01-01T00:00:04.192+01:00|W2|1.6|1.53|0.07|1.53|0.17;0001-01-01T00:00:04.192+01:00|W3|0.9|0.89|0.20|0.89|0.19;0001-01-01T00:00:04.192+01:00|W4|1.3|1.32|0.01|1.32|0.15;0001-01-01T00:00:04.192+01:00|W5|1.2|1.05|0.13|1.05|0.53;0001-01-01T00:00:04.192+01:00|W6|1.1|0.97|0.03|0.97|0.53;0001-01-01T00:00:04.192+01:00|W7|1.5|1.26|0.25|1.26|0.66;0001-01-01T00:00:04.192+01:00|W8|0.4|0.27|0.01|0.27|0.09;0001-01-01T00:00:04.192+01:00|W9|0.4|0.28|0.06|0.28|0.22;0001-01-01T00:00:04.192+01:00|W10|0.8|0.72|0.05|0.72|0.27;0001-01-01T00:00:04.192+01:00|W11|0.8|0.79|0.03|0.79|0.06;0001-01-01T00:00:04.192+01:00|W12|0.1|0.04|0.00|0.04|0.09"
5.00;3.02;0001-01-01T00:00:04.2670000+01:00;5.49;-0.00;-0.74;15.9;7.633;3.667;-6.637;2.718;5.829;-10.194;98.206;-14.965;99.340;"0001-01-01T00:00:04.192+01:00|W1|1.3|1.26|0.16|1.26|0.29;0001-01-01T00:00:04.192+01:00|W2|1.6|1.53|0.07|1.53|0.17;0001-01-01T00:00:04.192+01:00|W3|0.9|0.89|0.20|0.89|0.19;0001-01-01T00:00:04.192+01:00|W4|1.3|1.32|0.01|1.32|0.15;0001-01-01T00:00:04.192+01:00|W5|1.2|1.05|0.13|1.05|0.53;0001-01-01T00:00:04.192+01:00|W6|1.1|0.97|0.03|0.97|0.53;0001-01-01T00:00:04.192+01:00|W7|1.5|1.26|0.25|1.26|0.66;0001-01-01T00:00:04.192+01:00|W8|0.4|0.27|0.01|0.27|0.09;0001-01-01T00:00:04.192+01:00|W9|0.4|0.28|0.06|0.28|0.22;0001-01-01T00:00:04.192+01:00|W10|0.8|0.72|0.05|0.72|0.27;0001-01-01T00:00:04.192+01:00|W11|0.8|0.79|0.03|0.79|0.06;0001-01-01T00:00:04.192+01:00|W12|0.1|0.04|0.00|0.04|0.09"
6.00;3.07;0001-01-01T00:00:04.3050000+01:00;6.52;-0.00;-0.89;20.8;9.622;4.865;-3.679;-4.534;7.721;-13.197;96.393;-13.978;97.401;"0001-01-01T00:00:04.192+01:00|W1|1.3|1.26|0.16|1.26|0.29;0001-01-01T00:00:04.192+01:00|W2|1.6|1.53|0.07|1.53|0.17;0001-01-01T00:00:04.192+01:00|W3|0.9|0.89|0.20|0.89|0.19;0001-01-01T00:00:04.192+01:00|W4|1.3|1.32|0.01|1.32|0.15;0001-01-01T00:00:04.192+01:00|W5|1.2|1.05|0.13|1.05|0.53;0001-01-01T00:00:04.192+01:00|W6|1.1|0.97|0.03|0.97|0.53;0001-01-01T00:00:04.192+01:00|W7|1.5|1.26|0.25|1.26|0.66;0001-01-01T00:00:04.192+01:00|W8|0.4|0.27|0.01|0.27|0.09;0001-01-01T00:00:04.192+01:00|W9|0.4|0.28|0.06|0.28|0.22;0001-01-01T00:00:04.192+01:00|W10|0.8|0.72|0.05|0.72|0.27;0001-01-01T00:00:04.192+01:00|W11|0.8|0.79|0.03|0.79|0.06;0001-01-01T00:00:04.192+01:00|W12|0.1|0.04|0.00|0.04|0.09"
7.00;3.13;0001-01-01T00:00:04.1260000+01:00;7.55;-0.00;-1.06;24.5;10.530;5.885;-1.095;-6.428;9.417;-15.344;96.300;-14.776;97.427;"0001-01-01T00:00:04.192+01:00|W1|1.3|1.26|0.16|1.26|0.29;0001-01-01T00:00:04.192+01:00|W2|1.6|1.53|0.07|1.53|0.17;0001-01-01T00:00:04.192+01:00|W3|0.9|0.89|0.20|0.89|0.19;0001-01-01T00:00:04.192+01:00|W4|1.3|1.32|0.01|1.32|0.15;0001-01-01T00:00:04.192+01:00|W5|1.2|1.05|0.13|1.05|0.53;0001-01-01T00:00:04.192+01:00|W6|1.1|0.97|0.03|0.97|0.53;0001-01-01T00:00:04.192+01:00|W7|1.5|1.26|0.25|1.26|0.66;0001-01-01T00:00:04.192+01:00|W8|0.4|0.27|0.01|0.27|0.09;0001-01-01T00:00:04.192+01:00|W9|0.4|0.28|0.06|0.28|0.22;0001-01-01T00:00:04.192+01:00|W10|0.8|0.72|0.05|0.72|0.27;0001-01-01T00:00:04.192+01:00|W11|0.8|0.79|0.03|0.79|0.06;0001-01-01T00:00:04.192+01:00|W12|0.1|0.04|0.00|0.04|0.09"
8.00;3.19;0001-01-01T00:00:04.2270000+01:00;8.57;0.00;-1.24;28.1;11.365;6.893;1.463;-7.964;11.100;-17.432;96.321;-15.694;97.592;"0001-01-01T00:00:04.192+01:00|W1|1.3|1.26|0.16|1.26|0.29;0001-01-01T00:00:04.192+01:00|W2|1.6|1.53|0.07|1.53|0.17;0001-01-01T00:00:04.192+01:00|W3|0.9|0.89|0.20|0.89|0.19;0001-01-01T00:00:04.192+01:00|W4|1.3|1.32|0.01|1.32|0.15;0001-01-01T00:00:04.192+01:00|W5|1.2|1.05|0.13|1.05|0.53;0001-01-01T00:00:04.192+01:00|W6|1.1|0.97|0.03|0.97|0.53;0001-01-01T00:00:04.192+01:00|W7|1.5|1.26|0.25|1.26|0.66;0001-01-01T00:00:04.192+01:00|W8|0.4|0.27|0.01|0.27|0.09;0001-01-01T00:00:04.192+01:00|W9|0.4|0.28|0.06|0.28|0.22;0001-01-01T00:00:04.192+01:00|W10|0.8|0.72|0.05|0.72|0.27;0001-01-01T00:00:04.192+01:00|W11|0.8|0.79|0.03|0.79|0.06;0001-01-01T00:00:04.192+01:00|W12|0.1|0.04|0.00|0.04|0.09"
9.00;3.26;0001-01-01T00:00:04.3180000+01:00;9.60;0.00;-1.42;31.4;12.045;7.988;4.365;-10.612;12.772;-19.175;96.412;-17.049;97.908;"0001-01-01T00:00:04.438+01:00|W1|1.3|1.26|0.15|1.26|0.23;0001-01-01T00:00:04.438+01:00|W2|1.5|1.51|0.03|1.51|0.18;0001-01-01T00:00:04.438+01:00|W3|0.9|0.88|0.20|0.88|0.17;0001-01-01T00:00:04.438+01:00|W4|1.4|1.36|0.05|1.36|0.16;0001-01-01T00:00:04.438+01:00|W5|1.2|1.14|0.17|1.14|0.46;0001-01-01T00:00:04.438+01:00|W6|1.1|0.94|0.03|0.94|0.48;0001-01-01T00:00:04.438+01:00|W7|1.5|1.27|0.28|1.27|0.71;0001-01-01T00:00:04.438+01:00|W8|0.4|0.31|0.06|0.31|0.13;0001-01-01T00:00:04.438+01:00|W9|0.4|0.26|0.06|0.26|0.22;0001-01-01T00:00:04.438+01:00|W10|0.8|0.71|0.05|0.71|0.28;0001-01-01T00:00:04.438+01:00|W11|0.8|0.81|0.05|0.81|0.03;0001-01-01T00:00:04.438+01:00|W12|0.2|0.06|0.04|0.06|0.12"
10.00;3.34;0001-01-01T00:00:04.0650000+01:00;10.63;0.00;-1.60;34.0;12.390;9.218;7.921;-15.355;14.417;-20.226;96.622;-19.202;98.512;"0001-01-01T00:00:03.944+01:00|W1|1.3|1.26|0.16|1.26|0.35;0001-01-01T00:00:03.944+01:00|W2|1.6|1.54|0.09|1.54|0.15;0001-01-01T00:00:03.944+01:00|W3|1.0|0.94|0.17|0.94|0.19;0001-01-01T00:00:03.944+01:00|W4|1.3|1.29|0.03|1.29|0.13;0001-01-01T00:00:03.944+01:00|W5|1.1|0.97|0.06|0.97|0.57;0001-01-01T00:00:03.944+01:00|W6|1.1|0.97|0.03|0.97|0.53;0001-01-01T00:00:03.944+01:00|W7|1.5|1.27|0.25|1.27|0.63;0001-01-01T00:00:03.944+01:00|W8|0.3|0.23|0.06|0.23|0.02;0001-01-01T00:00:03.944+01:00|W9|0.4|0.30|0.06|0.30|0.22;0001-01-01T00:00:03.944+01:00|W10|0.8|0.72|0.05|0.72|0.27;0001-01-01T00:00:03.944+01:00|W11|0.8|0.77|0.02|0.77|0.09;0001-01-01T00:00:03.944+01:00|W12|0.1|0.03|0.01|0.03|0.07"
11.00;3.41;0001-01-01T00:00:04.4070000+01:00;11.64;0.00;-1.80;36.5;11.916;8.966;10.223;-15.269;15.809;-21.292;96.165;-18.490;97.928;"0001-01-01T00:00:04.438+01:00|W1|1.3|1.26|0.15|1.26|0.23;0001-01-01T00:00:04.438+01:00|W2|1.5|1.51|0.03|1.51|0.18;0001-01-01T00:00:04.438+01:00|W3|0.9|0.88|0.20|0.88|0.17;0001-01-01T00:00:04.438+01:00|W4|1.4|1.36|0.05|1.36|0.16;0001-01-01T00:00:04.438+01:00|W5|1.2|1.14|0.17|1.14|0.46;0001-01-01T00:00:04.438+01:00|W6|1.1|0.94|0.03|0.94|0.48;0001-01-01T00:00:04.438+01:00|W7|1.5|1.27|0.28|1.27|0.71;0001-01-01T00:00:04.438+01:00|W8|0.4|0.31|0.06|0.31|0.13;0001-01-01T00:00:04.438+01:00|W9|0.4|0.26|0.06|0.26|0.22;0001-01-01T00:00:04.438+01:00|W10|0.8|0.71|0.05|0.71|0.28;0001-01-01T00:00:04.438+01:00|W11|0.8|0.81|0.05|0.81|0.03;0001-01-01T00:00:04.438+01:00|W12|0.2|0.06|0.04|0.06|0.12"
12.00;3.50;0001-01-01T00:00:04.5340000+01:00;12.66;0.01;-2.01;38.1;12.134;9.503;15.204;-18.581;17.002;-21.767;96.116;-19.484;98.072;"0001-01-01T00:00:04.438+01:00|W1|1.3|1.26|0.15|1.26|0.23;0001-01-01T00:00:04.438+01:00|W2|1.5|1.51|0.03|1.51|0.18;0001-01-01T00:00:04.438+01:00|W3|0.9|0.88|0.20|0.88|0.17;0001-01-01T00:00:04.438+01:00|W4|1.4|1.36|0.05|1.36|0.16;0001-01-01T00:00:04.438+01:00|W5|1.2|1.14|0.17|1.14|0.46;0001-01-01T00:00:04.438+01:00|W6|1.1|0.94|0.03|0.94|0.48;0001-01-01T00:00:04.438+01:00|W7|1.5|1.27|0.28|1.27|0.71;0001-01-01T00:00:04.438+01:00|W8|0.4|0.31|0.06|0.31|0.13;0001-01-01T00:00:04.438+01:00|W9|0.4|0.26|0.06|0.26|0.22;0001-01-01T00:00:04.438+01:00|W10|0.8|0.71|0.05|0.71|0.28;0001-01-01T00:00:04.438+01:00|W11|0.8|0.81|0.05|0.81|0.03;0001-01-01T00:00:04.438+01:00|W12|0.2|0.06|0.04|0.06|0.12"
13.00;3.59;0001-01-01T00:00:04.5720000+01:00;13.68;0.01;-2.21;39.2;12.462;9.819;19.049;-21.056;17.936;-22.082;96.151;-20.477;98.308;"0001-01-01T00:00:04.689+01:00|W1|1.3|1.27|0.12|1.27|0.17;0001-01-01T00:00:04.689+01:00|W2|1.5|1.47|0.01|1.47|0.18;0001-01-01T00:00:04.689+01:00|W3|0.9|0.88|0.19|0.88|0.15;0001-01-01T00:00:04.689+01:00|W4|1.4|1.36|0.06|1.36|0.11;0001-01-01T00:00:04.689+01:00|W5|1.3|1.22|0.18|1.22|0.34;0001-01-01T00:00:04.689+01:00|W6|1.1|0.93|0.03|0.93|0.49;0001-01-01T00:00:04.689+01:00|W7|1.5|1.22|0.24|1.22|0.78;0001-01-01T00:00:04.689+01:00|W8|0.4|0.33|0.06|0.33|0.12;0001-01-01T00:00:04.689+01:00|W9|0.4|0.23|0.06|0.23|0.23;0001-01-01T00:00:04.689+01:00|W10|0.8|0.71|0.05|0.71|0.31;0001-01-01T00:00:04.689+01:00|W11|0.8|0.84|0.09|0.84|0.01;0001-01-01T00:00:04.689+01:00|W12|0.2|0.10|0.08|0.10|0.16"
14.00;3.68;0001-01-01T00:00:04.6100000+01:00;14.70;0.02;-2.43;40.3;12.572;9.395;19.926;-20.476;18.575;-22.459;96.056;-20.549;98.230;"0001-01-01T00:00:04.689+01:00|W1|1.3|1.27|0.12|1.27|0.17;0001-01-01T00:00:04.689+01:00|W2|1.5|1.47|0.01|1.47|0.18;0001-01-01T00:00:04.689+01:00|W3|0.9|0.88|0.19|0.88|0.15;0001-01-01T00:00:04.689+01:00|W4|1.4|1.36|0.06|1.36|0.11;0001-01-01T00:00:04.689+01:00|W5|1.3|1.22|0.18|1.22|0.34;0001-01-01T00:00:04.689+01:00|W6|1.1|0.93|0.03|0.93|0.49;0001-01-01T00:00:04.689+01:00|W7|1.5|1.22|0.24|1.22|0.78;0001-01-01T00:00:04.689+01:00|W8|0.4|0.33|0.06|0.33|0.12;0001-01-01T00:00:04.689+01:00|W9|0.4|0.23|0.06|0.23|0.23;0001-01-01T00:00:04.689+01:00|W10|0.8|0.71|0.05|0.71|0.31;0001-01-01T00:00:04.689+01:00|W11|0.8|0.84|0.09|0.84|0.01;0001-01-01T00:00:04.689+01:00|W12|0.2|0.10|0.08|0.10|0.16"
15.00;3.78;0001-01-01T00:00:04.6480000+01:00;15.71;0.02;-2.66;40.2;13.126;9.696;24.409;-22.519;18.851;-22.166;95.886;-21.861;98.348;"0001-01-01T00:00:04.689+01:00|W1|1.3|1.27|0.12|1.27|0.17;0001-01-01T00:00:04.689+01:00|W2|1.5|1.47|0.01|1.47|0.18;0001-01-01T00:00:04.689+01:00|W3|0.9|0.88|0.19|0.88|0.15;0001-01-01T00:00:04.689+01:00|W4|1.4|1.36|0.06|1.36|0.11;0001-01-01T00:00:04.689+01:00|W5|1.3|1.22|0.18|1.22|0.34;0001-01-01T00:00:04.689+01:00|W6|1.1|0.93|0.03|0.93|0.49;0001-01-01T00:00:04.689+01:00|W7|1.5|1.22|0.24|1.22|0.78;0001-01-01T00:00:04.689+01:00|W8|0.4|0.33|0.06|0.33|0.12;0001-01-01T00:00:04.689+01:00|W9|0.4|0.23|0.06|0.23|0.23;0001-01-01T00:00:04.689+01:00|W10|0.8|0.71|0.05|0.71|0.31;0001-01-01T00:00:04.689+01:00|W11|0.8|0.84|0.09|0.84|0.01;0001-01-01T00:00:04.689+01:00|W12|0.2|0.10|0.08|0.10|0.16"
16.00;3.88;0001-01-01T00:00:04.6860000+01:00;16.72;0.03;-2.90;40.1;13.199;9.432;27.199;-23.282;19.195;-21.724;95.742;-22.700;98.398;"0001-01-01T00:00:04.689+01:00|W1|1.3|1.27|0.12|1.27|0.17;0001-01-01T00:00:04.689+01:00|W2|1.5|1.47|0.01|1.47|0.18;0001-01-01T00:00:04.689+01:00|W3|0.9|0.88|0.19|0.88|0.15;0001-01-01T00:00:04.689+01:00|W4|1.4|1.36|0.06|1.36|0.11;0001-01-01T00:00:04.689+01:00|W5|1.3|1.22|0.18|1.22|0.34;0001-01-01T00:00:04.689+01:00|W6|1.1|0.93|0.03|0.93|0.49;0001-01-01T00:00:04.689+01:00|W7|1.5|1.22|0.24|1.22|0.78;0001-01-01T00:00:04.689+01:00|W8|0.4|0.33|0.06|0.33|0.12;0001-01-01T00:00:04.689+01:00|W9|0.4|0.23|0.06|0.23|0.23;0001-01-01T00:00:04.689+01:00|W10|0.8|0.71|0.05|0.71|0.31;0001-01-01T00:00:04.689+01:00|W11|0.8|0.84|0.09|0.84|0.01;0001-01-01T00:00:04.689+01:00|W12|0.2|0.10|0.08|0.10|0.16"
17.00;3.98;0001-01-01T00:00:04.7240000+01:00;17.73;0.03;-3.14;40.0;13.127;8.998;29.478;-23.659;19.559;-21.236;95.606;-23.396;98.428;"0001-01-01T00:00:04.689+01:00|W1|1.3|1.27|0.12|1.27|0.17;0001-01-01T00:00:04.689+01:00|W2|1.5|1.47|0.01|1.47|0.18;0001-01-01T00:00:04.689+01:00|W3|0.9|0.88|0.19|0.88|0.15;0001-01-01T00:00:04.689+01:00|W4|1.4|1.36|0.06|1.36|0.11;0001-01-01T00:00:04.689+01:00|W5|1.3|1.22|0.18|1.22|0.34;0001-01-01T00:00:04.689+01:00|W6|1.1|0.93|0.03|0.93|0.49;0001-01-01T00:00:04.689+01:00|W7|1.5|1.22|0.24|1.22|0.78;0001-01-01T00:00:04.689+01:00|W8|0.4|0.33|0.06|0.33|0.12;0001-01-01T00:00:04.689+01:00|W9|0.4|0.23|0.06|0.23|0.23;0001-01-01T00:00:04.689+01:00|W10|0.8|0.71|0.05|0.71|0.31;0001-01-01T00:00:04.689+01:00|W11|0.8|0.84|0.09|0.84|0.01;0001-01-01T00:00:04.689+01:00|W12|0.2|0.10|0.08|0.10|0.16"
18.00;4.09;0001-01-01T00:00:04.7620000+01:00;18.73;0.03;-3.38;40.0;13.005;8.518;31.705;-23.913;19.932;-20.762;95.488;-24.063;98.474;"0001-01-01T00:00:04.689+01:00|W1|1.3|1.27|0.12|1.27|0.17;0001-01-01T00:00:04.689+01:00|W2|1.5|1.47|0.01|1.47|0.18;0001-01-01T00:00:04.689+01:00|W3|0.9|0.88|0.19|0.88|0.15;0001-01-01T00:00:04.689+01:00|W4|1.4|1.36|0.06|1.36|0.11;0001-01-01T00:00:04.689+01:00|W5|1.3|1.22|0.18|1.22|0.34;0001-01-01T00:00:04.689+01:00|W6|1.1|0.93|0.03|0.93|0.49;0001-01-01T00:00:04.689+01:00|W7|1.5|1.22|0.24|1.22|0.78;0001-01-01T00:00:04.689+01:00|W8|0.4|0.33|0.06|0.33|0.12;0001-01-01T00:00:04.689+01:00|W9|0.4|0.23|0.06|0.23|0.23;0001-01-01T00:00:04.689+01:00|W10|0.8|0.71|0.05|0.71|0.31;0001-01-01T00:00:04.689+01:00|W11|0.8|0.84|0.09|0.84|0.01;0001-01-01T00:00:04.689+01:00|W12|0.2|0.10|0.08|0.10|0.16"
19.00;4.18;0001-01-01T00:00:04.8000000+01:00;19.74;0.04;-3.64;40.1;12.568;7.732;33.617;-23.381;20.364;-20.366;95.482;-24.551;98.589;"0001-01-01T00:00:04.689+01:00|W1|1.3|1.27|0.12|1.27|0.17;0001-01-01T00:00:04.689+01:00|W2|1.5|1.47|0.01|1.47|0.18;0001-01-01T00:00:04.689+01:00|W3|0.9|0.88|0.19|0.88|0.15;0001-01-01T00:00:04.689+01:00|W4|1.4|1.36|0.06|1.36|0.11;0001-01-01T00:00:04.689+01:00|W5|1.3|1.22|0.18|1.22|0.34;0001-01-01T00:00:04.689+01:00|W6|1.1|0.93|0.03|0.93|0.49;0001-01-01T00:00:04.689+01:00|W7|1.5|1.22|0.24|1.22|0.78;0001-01-01T00:00:04.689+01:00|W8|0.4|0.33|0.06|0.33|0.12;0001-01-01T00:00:04.689+01:00|W9|0.4|0.23|0.06|0.23|0.23;0001-01-01T00:00:04.689+01:00|W10|0.8|0.71|0.05|0.71|0.31;0001-01-01T00:00:04.689+01:00|W11|0.8|0.84|0.09|0.84|0.01;0001-01-01T00:00:04.689+01:00|W12|0.2|0.10|0.08|0.10|0.16"
20.00;4.29;0001-01-01T00:00:04.8380000+01:00;20.73;0.04;-3.90;39.9;12.170;7.425;35.209;-23.654;20.635;-19.873;95.344;-25.491;98.693;"0001-01-01T00:00:04.942+01:00|W1|1.5|1.37|0.04|1.37|0.24;0001-01-01T00:00:04.942+01:00|W2|1.6|1.52|0.02|1.52|0.22;0001-01-01T00:00:04.942+01:00|W3|0.9|0.90|0.15|0.90|0.15;0001-01-01T00:00:04.942+01:00|W4|1.3|1.26|0.04|1.26|0.07;0001-01-01T00:00:04.942+01:00|W5|1.3|1.28|0.23|1.28|0.32;0001-01-01T00:00:04.942+01:00|W6|1.1|0.93|0.01|0.93|0.54;0001-01-01T00:00:04.942+01:00|W7|1.6|1.20|0.26|1.20|0.94;0001-01-01T00:00:04.942+01:00|W8|0.4|0.37|0.07|0.37|0.12;0001-01-01T00:00:04.942+01:00|W9|0.4|0.23|0.04|0.23|0.24;0001-01-01T00:00:04.942+01:00|W10|0.8|0.71|0.06|0.71|0.37;0001-01-01T00:00:04.942+01:00|W11|0.9|0.88|0.12|0.88|0.06;0001-01-01T00:00:04.942+01:00|W12|0.3|0.15|0.11|0.15|0.21"
21.00;4.39;0001-01-01T00:00:04.8750000+01:00;21.73;0.05;-4.17;39.9;11.625;6.950;36.704;-23.629;20.901;-19.567;95.241;-26.317;98.811;"0001-01-01T00:00:04.942+01:00|W1|1.5|1.37|0.04|1.37|0.24;0001-01-01T00:00:04.942+01:00|W2|1.6|1.52|0.02|1.52|0.22;0001-01-01T00:00:04.942+01:00|W3|0.9|0.90|0.15|0.90|0.15;0001-01-01T00:00:04.942+01:00|W4|1.3|1.26|0.04|1.26|0.07;0001-01-01T00:00:04.942+01:00|W5|1.3|1.28|0.23|1.28|0.32;0001-01-01T00:00:04.942+01:00|W6|1.1|0.93|0.01|0.93|0.54;0001-01-01T00:00:04.942+01:00|W7|1.6|1.20|0.26|1.20|0.94;0001-01-01T00:00:04.942+01:00|W8|0.4|0.37|0.07|0.37|0.12;0001-01-01T00:00:04.942+01:00|W9|0.4|0.23|0.04|0.23|0.24;0001-01-01T00:00:04.942+01:00|W10|0.8|0.71|0.06|0.71|0.37;0001-01-01T00:00:04.942+01:00|W11|0.9|0.88|0.12|0.88|0.06;0001-01-01T00:00:04.942+01:00|W12|0.3|0.15|0.11|0.15|0.21"
22.00;4.49;0001-01-01T00:00:04.9130000+01:00;22.72;0.05;-4.45;40.2;10.919;6.233;38.092;-23.190;21.171;-19.464;95.209;-26.948;98.950;"0001-01-01T00:00:04.942+01:00|W1|1.5|1.37|0.04|1.37|0.24;0001-01-01T00:00:04.942+01:00|W2|1.6|1.52|0.02|1.52|0.22;0001-01-01T00:00:04.942+01:00|W3|0.9|0.90|0.15|0.90|0.15;0001-01-01T00:00:04.942+01:00|W4|1.3|1.26|0.04|1.26|0.07;0001-01-01T00:00:04.942+01:00|W5|1.3|1.28|0.23|1.28|0.32;0001-01-01T00:00:04.942+01:00|W6|1.1|0.93|0.01|0.93|0.54;0001-01-01T00:00:04.942+01:00|W7|1.6|1.20|0.26|1.20|0.94;0001-01-01T00:00:04.942+01:00|W8|0.4|0.37|0.07|0.37|0.12;0001-01-01T00:00:04.942+01:00|W9|0.4|0.23|0.04|0.23|0.24;0001-01-01T00:00:04.942+01:00|W10|0.8|0.71|0.06|0.71|0.37;0001-01-01T00:00:04.942+01:00|W11|0.9|0.88|0.12|0.88|0.06;0001-01-01T00:00:04.942+01:00|W12|0.3|0.15|0.11|0.15|0.21"
23.00;4.58;0001-01-01T00:00:04.9500000+01:00;23.71;0.05;-4.74;40.1;10.236;5.802;39.031;-23.274;21.276;-19.259;95.183;-27.779;99.155;"0001-01-01T00:00:04.942+01:00|W1|1.5|1.37|0.04|1.37|0.24;0001-01-01T00:00:04.942+01:00|W2|1.6|1.52|0.02|1.52|0.22;0001-01-01T00:00:04.942+01:00|W3|0.9|0.90|0.15|0.90|0.15;0001-01-01T00:00:04.942+01:00|W4|1.3|1.26|0.04|1.26|0.07;0001-01-01T00:00:04.942+01:00|W5|1.3|1.28|0.23|1.28|0.32;0001-01-01T00:00:04.942+01:00|W6|1.1|0.93|0.01|0.93|0.54;0001-01-01T00:00:04.942+01:00|W7|1.6|1.20|0.26|1.20|0.94;0001-01-01T00:00:04.942+01:00|W8|0.4|0.37|0.07|0.37|0.12;0001-01-01T00:00:04.942+01:00|W9|0.4|0.23|0.04|0.23|0.24;0001-01-01T00:00:04.942+01:00|W10|0.8|0.71|0.06|0.71|0.37;0001-01-01T00:00:04.942+01:00|W11|0.9|0.88|0.12|0.88|0.06;0001-01-01T00:00:04.942+01:00|W12|0.3|0.15|0.11|0.15|0.21"
24.00;4.68;0001-01-01T00:00:04.9880000+01:00;24.70;0.05;-5.03;40.1;9.554;5.370;39.972;-23.359;21.381;-19.054;95.157;-28.612;99.366;"0001-01-01T00:00:04.942+01:00|W1|1.5|1.37|0.04|1.37|0.24;0001-01-01T00:00:04.942+01:00|W2|1.6|1.52|0.02|1.52|0.22;0001-01-01T00:00:04.942+01:00|W3|0.9|0.90|0.15|0.90|0.15;0001-01-01T00:00:04.942+01:00|W4|1.3|1.26|0.04|1.26|0.07;0001-01-01T00:00:04.942+01:00|W5|1.3|1.28|0.23|1.28|0.32;0001-01-01T00:00:04.942+01:00|W6|1.1|0.93|0.01|0.93|0.54;0001-01-01T00:00:04.942+01:00|W7|1.6|1.20|0.26|1.20|0.94;0001-01-01T00:00:04.942+01:00|W8|0.4|0.37|0.07|0.37|0.12;0001-01-01T00:00:04.942+01:00|W9|0.4|0.23|0.04|0.23|0.24;0001-01-01T00:00:04.942+01:00|W10|0.8|0.71|0.06|0.71|0.37;0001-01-01T00:00:04.942+01:00|W11|0.9|0.88|0.12|0.88|0.06;0001-01-01T00:00:04.942+01:00|W12|0.3|0.15|0.11|0.15|0.21"
25.00;4.78;0001-01-01T00:00:05.0250000+01:00;25.68;0.06;-5.33;39.8;8.915;5.090;40.972;-23.583;21.335;-18.779;95.134;-29.447;99.588;"0001-01-01T00:00:04.942+01:00|W1|1.5|1.37|0.04|1.37|0.24;0001-01-01T00:00:04.942+01:00|W2|1.6|1.52|0.02|1.52|0.22;0001-01-01T00:00:04.942+01:00|W3|0.9|0.90|0.15|0.90|0.15;0001-01-01T00:00:04.942+01:00|W4|1.3|1.26|0.04|1.26|0.07;0001-01-01T00:00:04.942+01:00|W5|1.3|1.28|0.23|1.28|0.32;0001-01-01T00:00:04.942+01:00|W6|1.1|0.93|0.01|0.93|0.54;0001-01-01T00:00:04.942+01:00|W7|1.6|1.20|0.26|1.20|0.94;0001-01-01T00:00:04.942+01:00|W8|0.4|0.37|0.07|0.37|0.12;0001-01-01T00:00:04.942+01:00|W9|0.4|0.23|0.04|0.23|0.24;0001-01-01T00:00:04.942+01:00|W10|0.8|0.71|0.06|0.71|0.37;0001-01-01T00:00:04.942+01:00|W11|0.9|0.88|0.12|0.88|0.06;0001-01-01T00:00:04.942+01:00|W12|0.3|0.15|0.11|0.15|0.21"
26.00;4.87;0001-01-01T00:00:05.0620000+01:00;26.66;0.06;-5.63;39.3;8.320;4.960;41.910;-23.873;21.098;-18.450;95.114;-30.269;99.815;"0001-01-01T00:00:04.942+01:00|W1|1.5|1.37|0.04|1.37|0.24;0001-01-01T00:00:04.942+01:00|W2|1.6|1.52|0.02|1.52|0.22;0001-01-01T00:00:04.942+01:00|W3|0.9|0.90|0.15|0.90|0.15;0001-01-01T00:00:04.942+01:00|W4|1.3|1.26|0.04|1.26|0.07;0001-01-01T00:00:04.942+01:00|W5|1.3|1.28|0.23|1.28|0.32;0001-01-01T00:00:04.942+01:00|W6|1.1|0.93|0.01|0.93|0.54;0001-01-01T00:00:04.942+01:00|W7|1.6|1.20|0.26|1.20|0.94;0001-01-01T00:00:04.942+01:00|W8|0.4|0.37|0.07|0.37|0.12;0001-01-01T00:00:04.942+01:00|W9|0.4|0.23|0.04|0.23|0.24;0001-01-01T00:00:04.942+01:00|W10|0.8|0.71|0.06|0.71|0.37;0001-01-01T00:00:04.942+01:00|W11|0.9|0.88|0.12|0.88|0.06;0001-01-01T00:00:04.942+01:00|W12|0.3|0.15|0.11|0.15|0.21"
27.00;4.96;0001-01-01T00:00:05.0990000+01:00;27.64;0.06;-5.94;38.7;7.686;4.739;41.990;-23.592;20.682;-18.260;95.081;-30.973;100.000;"0001-01-01T00:00:05.189+01:00|W1|1.5|1.44|0.11|1.44|0.21;0001-01-01T00:00:05.189+01:00|W2|1.6|1.56|0.06|1.56|0.24;0001-01-01T00:00:05.189+01:00|W3|0.9|0.90|0.15|0.90|0.15;0001-01-01T00:00:05.189+01:00|W4|1.2|1.18|0.11|1.18|0.01;0001-01-01T00:00:05.189+01:00|W5|1.3|1.18|0.15|1.18|0.42;0001-01-01T00:00:05.189+01:00|W6|1.1|0.92|0.03|0.92|0.62;0001-01-01T00:00:05.189+01:00|W7|1.5|1.14|0.15|1.14|0.92;0001-01-01T00:00:05.189+01:00|W8|0.5|0.40|0.09|0.40|0.11;0001-01-01T00:00:05.189+01:00|W9|0.4|0.22|0.03|0.22|0.26;0001-01-01T00:00:05.189+01:00|W10|0.8|0.72|0.08|0.72|0.41;0001-01-01T00:00:05.189+01:00|W11|0.9|0.87|0.10|0.87|0.09;0001-01-01T00:00:05.189+01:00|W12|0.2|0.15|0.08|0.15|0.18"
28.00;5.05;0001-01-01T00:00:05.1360000+01:00;28.61;0.07;-6.26;37.9;7.094;4.778;41.733;-23.897;20.106;-18.027;95.018;-31.725;100.175;"0001-01-01T00:00:05.189+01:00|W1|1.5|1.44|0.11|1.44|0.21;0001-01-01T00:00:05.189+01:00|W2|1.6|1.56|0.06|1.56|0.24;0001-01-01T00:00:05.189+01:00|W3|0.9|0.90|0.15|0.90|0.15;0001-01-01T00:00:05.189+01:00|W4|1.2|1.18|0.11|1.18|0.01;0001-01-01T00:00:05.189+01:00|W5|1.3|1.18|0.15|1.18|0.42;0001-01-01T00:00:05.189+01:00|W6|1.1|0.92|0.03|0.92|0.62;0001-01-01T00:00:05.189+01:00|W7|1.5|1.14|0.15|1.14|0.92;0001-01-01T00:00:05.189+01:00|W8|0.5|0.40|0.09|0.40|0.11;0001-01-01T00:00:05.189+01:00|W9|0.4|0.22|0.03|0.22|0.26;0001-01-01T00:00:05.189+01:00|W10|0.8|0.72|0.08|0.72|0.41;0001-01-01T00:00:05.189+01:00|W11|0.9|0.87|0.10|0.87|0.09;0001-01-01T00:00:05.189+01:00|W12|0.2|0.15|0.08|0.15|0.18"
29.00;5.13;0001-01-01T00:00:05.1720000+01:00;29.58;0.07;-6.59;37.2;6.492;4.749;41.243;-24.572;19.441;-17.919;94.919;-32.413;100.301;"0001-01-01T00:00:05.189+01:00|W1|1.5|1.44|0.11|1.44|0.21;0001-01-01T00:00:05.189+01:00|W2|1.6|1.56|0.06|1.56|0.24;0001-01-01T00:00:05.189+01:00|W3|0.9|0.90|0.15|0.90|0.15;0001-01-01T00:00:05.189+01:00|W4|1.2|1.18|0.11|1.18|0.01;0001-01-01T00:00:05.189+01:00|W5|1.3|1.18|0.15|1.18|0.42;0001-01-01T00:00:05.189+01:00|W6|1.1|0.92|0.03|0.92|0.62;0001-01-01T00:00:05.189+01:00|W7|1.5|1.14|0.15|1.14|0.92;0001-01-01T00:00:05.189+01:00|W8|0.5|0.40|0.09|0.40|0.11;0001-01-01T00:00:05.189+01:00|W9|0.4|0.22|0.03|0.22|0.26;0001-01-01T00:00:05.189+01:00|W10|0.8|0.72|0.08|0.72|0.41;0001-01-01T00:00:05.189+01:00|W11|0.9|0.87|0.10|0.87|0.09;0001-01-01T00:00:05.189+01:00|W12|0.2|0.15|0.08|0.15|0.18"
30.00;5.21;0001-01-01T00:00:05.2090000+01:00;30.54;0.07;-6.92;36.6;5.860;4.510;40.583;-25.542;18.717;-18.011;94.785;-33.002;100.366;"0001-01-01T00:00:05.189+01:00|W1|1.5|1.44|0.11|1.44|0.21;0001-01-01T00:00:05.189+01:00|W2|1.6|1.56|0.06|1.56|0.24;0001-01-01T00:00:05.189+01:00|W3|0.9|0.90|0.15|0.90|0.15;0001-01-01T00:00:05.189+01:00|W4|1.2|1.18|0.11|1.18|0.01;0001-01-01T00:00:05.189+01:00|W5|1.3|1.18|0.15|1.18|0.42;0001-01-01T00:00:05.189+01:00|W6|1.1|0.92|0.03|0.92|0.62;0001-01-01T00:00:05.189+01:00|W7|1.5|1.14|0.15|1.14|0.92;0001-01-01T00:00:05.189+01:00|W8|0.5|0.40|0.09|0.40|0.11;0001-01-01T00:00:05.189+01:00|W9|0.4|0.22|0.03|0.22|0.26;0001-01-01T00:00:05.189+01:00|W10|0.8|0.72|0.08|0.72|0.41;0001-01-01T00:00:05.189+01:00|W11|0.9|0.87|0.10|0.87|0.09;0001-01-01T00:00:05.189+01:00|W12|0.2|0.15|0.08|0.15|0.18"
31.00;5.28;0001-01-01T00:00:05.2450000+01:00;31.50;0.07;-7.26;36.1;5.265;4.113;40.344;-26.673;18.060;-18.171;94.727;-33.749;100.559;"0001-01-01T00:00:05.189+01:00|W1|1.5|1.44|0.11|1.44|0.21;0001-01-01T00:00:05.189+01:00|W2|1.6|1.56|0.06|1.56|0.24;0001-01-01T00:00:05.189+01:00|W3|0.9|0.90|0.15|0.90|0.15;0001-01-01T00:00:05.189+01:00|W4|1.2|1.18|0.11|1.18|0.01;0001-01-01T00:00:05.189+01:00|W5|1.3|1.18|0.15|1.18|0.42;0001-01-01T00:00:05.189+01:00|W6|1.1|0.92|0.03|0.92|0.62;0001-01-01T00:00:05.189+01:00|W7|1.5|1.14|0.15|1.14|0.92;0001-01-01T00:00:05.189+01:00|W8|0.5|0.40|0.09|0.40|0.11;0001-01-01T00:00:05.189+01:00|W9|0.4|0.22|0.03|0.22|0.26;0001-01-01T00:00:05.189+01:00|W10|0.8|0.72|0.08|0.72|0.41;0001-01-01T00:00:05.189+01:00|W11|0.9|0.87|0.10|0.87|0.09;0001-01-01T00:00:05.189+01:00|W12|0.2|0.15|0.08|0.15|0.18"
32.00;5.35;0001-01-01T00:00:05.2820000+01:00;32.46;0.07;-7.61;35.8;4.633;3.480;39.689;-28.401;17.510;-18.350;94.687;-34.431;100.753;"0001-01-01T00:00:05.189+01:00|W1|1.5|1.44|0.11|1.44|0.21;0001-01-01T00:00:05.189+01:00|W2|1.6|1.56|0.06|1.56|0.24;0001-01-01T00:00:05.189+01:00|W3|0.9|0.90|0.15|0.90|0.15;0001-01-01T00:00:05.189+01:00|W4|1.2|1.18|0.11|1.18|0.01;0001-01-01T00:00:05.189+01:00|W5|1.3|1.18|0.15|1.18|0.42;0001-01-01T00:00:05.189+01:00|W6|1.1|0.92|0.03|0.92|0.62;0001-01-01T00:00:05.189+01:00|W7|1.5|1.14|0.15|1.14|0.92;0001-01-01T00:00:05.189+01:00|W8|0.5|0.40|0.09|0.40|0.11;0001-01-01T00:00:05.189+01:00|W9|0.4|0.22|0.03|0.22|0.26;0001-01-01T00:00:05.189+01:00|W10|0.8|0.72|0.08|0.72|0.41;0001-01-01T00:00:05.189+01:00|W11|0.9|0.87|0.10|0.87|0.09;0001-01-01T00:00:05.189+01:00|W12|0.2|0.15|0.08|0.15|0.18"
33.00;5.42;0001-01-01T00:00:05.3180000+01:00;33.41;0.07;-7.96;35.5;3.983;2.750;38.964;-30.167;17.026;-18.513;94.655;-35.142;100.968;"0001-01-01T00:00:05.441+01:00|W1|1.5|1.44|0.11|1.44|0.21;0001-01-01T00:00:05.441+01:00|W2|1.6|1.56|0.06|1.56|0.24;0001-01-01T00:00:05.441+01:00|W3|0.9|0.92|0.12|0.92|0.14;0001-01-01T00:00:05.441+01:00|W4|1.2|1.18|0.11|1.18|0.01;0001-01-01T00:00:05.441+01:00|W5|1.3|1.18|0.15|1.18|0.42;0001-01-01T00:00:05.441+01:00|W6|1.2|0.92|0.09|0.92|0.72;0001-01-01T00:00:05.441+01:00|W7|1.5|1.14|0.15|1.14|0.92;0001-01-01T00:00:05.441+01:00|W8|0.5|0.40|0.09|0.40|0.11;0001-01-01T00:00:05.441+01:00|W9|0.4|0.22|0.03|0.22|0.26;0001-01-01T00:00:05.441+01:00|W10|0.8|0.72|0.08|0.72|0.41;0001-01-01T00:00:05.441+01:00|W11|0.9|0.87|0.10|0.87|0.09;0001-01-01T00:00:05.441+01:00|W12|0.2|0.15|0.08|0.15|0.18"
34.00;5.47;0001-01-01T00:00:05.3540000+01:00;34.36;0.07;-8.31;35.2;3.329;2.049;38.521;-31.382;16.580;-18.617;94.623;-35.983;101.234;"0001-01-01T00:00:05.441+01:00|W1|1.5|1.44|0.11|1.44|0.21;0001-01-01T00:00:05.441+01:00|W2|1.6|1.56|0.06|1.56|0.24;0001-01-01T00:00:05.441+01:00|W3|0.9|0.92|0.12|0.92|0.14;0001-01-01T00:00:05.441+01:00|W4|1.2|1.18|0.11|1.18|0.01;0001-01-01T00:00:05.441+01:00|W5|1.3|1.18|0.15|1.18|0.42;0001-01-01T00:00:05.441+01:00|W6|1.2|0.92|0.09|0.92|0.72;0001-01-01T00:00:05.441+01:00|W7|1.5|1.14|0.15|1.14|0.92;0001-01-01T00:00:05.441+01:00|W8|0.5|0.40|0.09|0.40|0.11;0001-01-01T00:00:05.441+01:00|W9|0.4|0.22|0.03|0.22|0.26;0001-01-01T00:00:05.441+01:00|W10|0.8|0.72|0.08|0.72|0.41;0001-01-01T00:00:05.441+01:00|W11|0.9|0.87|0.10|0.87|0.09;0001-01-01T00:00:05.441+01:00|W12|0.2|0.15|0.08|0.15|0.18"
35.00;5.53;0001-01-01T00:00:05.3900000+01:00;35.30;0.08;-8.67;34.8;2.606;1.440;37.613;-33.065;16.152;-18.690;94.627;-36.644;101.475;"0001-01-01T00:00:05.441+01:00|W1|1.5|1.44|0.11|1.44|0.21;0001-01-01T00:00:05.441+01:00|W2|1.6|1.56|0.06|1.56|0.24;0001-01-01T00:00:05.441+01:00|W3|0.9|0.92|0.12|0.92|0.14;0001-01-01T00:00:05.441+01:00|W4|1.2|1.18|0.11|1.18|0.01;0001-01-01T00:00:05.441+01:00|W5|1.3|1.18|0.15|1.18|0.42;0001-01-01T00:00:05.441+01:00|W6|1.2|0.92|0.09|0.92|0.72;0001-01-01T00:00:05.441+01:00|W7|1.5|1.14|0.15|1.14|0.92;0001-01-01T00:00:05.441+01:00|W8|0.5|0.40|0.09|0.40|0.11;0001-01-01T00:00:05.441+01:00|W9|0.4|0.22|0.03|0.22|0.26;0001-01-01T00:00:05.441+01:00|W10|0.8|0.72|0.08|0.72|0.41;0001-01-01T00:00:05.441+01:00|W11|0.9|0.87|0.10|0.87|0.09;0001-01-01T00:00:05.441+01:00|W12|0.2|0.15|0.08|0.15|0.18"
36.00;5.58;0001-01-01T00:00:05.4260000+01:00;36.24;0.08;-9.04;34.5;1.907;0.947;37.111;-34.094;15.750;-18.778;94.615;-37.380;101.731;"0001-01-01T00:00:05.441+01:00|W1|1.5|1.44|0.11|1.44|0.21;0001-01-01T00:00:05.441+01:00|W2|1.6|1.56|0.06|1.56|0.24;0001-01-01T00:00:05.441+01:00|W3|0.9|0.92|0.12|0.92|0.14;0001-01-01T00:00:05.441+01:00|W4|1.2|1.18|0.11|1.18|0.01;0001-01-01T00:00:05.441+01:00|W5|1.3|1.18|0.15|1.18|0.42;0001-01-01T00:00:05.441+01:00|W6|1.2|0.92|0.09|0.92|0.72;0001-01-01T00:00:05.441+01:00|W7|1.5|1.14|0.15|1.14|0.92;0001-01-01T00:00:05.441+01:00|W8|0.5|0.40|0.09|0.40|0.11;0001-01-01T00:00:05.441+01:00|W9|0.4|0.22|0.03|0.22|0.26;0001-01-01T00:00:05.441+01:00|W10|0.8|0.72|0.08|0.72|0.41;0001-01-01T00:00:05.441+01:00|W11|0.9|0.87|0.10|0.87|0.09;0001-01-01T00:00:05.441+01:00|W12|0.2|0.15|0.08|0.15|0.18"
37.00;5.61;0001-01-01T00:00:05.4610000+01:00;37.18;0.08;-9.42;34.3;1.233;0.569;36.906;-34.443;15.393;-18.873;94.582;-38.187;102.000;"0001-01-01T00:00:05.441+01:00|W1|1.5|1.44|0.11|1.44|0.21;0001-01-01T00:00:05.441+01:00|W2|1.6|1.56|0.06|1.56|0.24;0001-01-01T00:00:05.441+01:00|W3|0.9|0.92|0.12|0.92|0.14;0001-01-01T00:00:05.441+01:00|W4|1.2|1.18|0.11|1.18|0.01;0001-01-01T00:00:05.441+01:00|W5|1.3|1.18|0.15|1.18|0.42;0001-01-01T00:00:05.441+01:00|W6|1.2|0.92|0.09|0.92|0.72;0001-01-01T00:00:05.441+01:00|W7|1.5|1.14|0.15|1.14|0.92;0001-01-01T00:00:05.441+01:00|W8|0.5|0.40|0.09|0.40|0.11;0001-01-01T00:00:05.441+01:00|W9|0.4|0.22|0.03|0.22|0.26;0001-01-01T00:00:05.441+01:00|W10|0.8|0.72|0.08|0.72|0.41;0001-01-01T00:00:05.441+01:00|W11|0.9|0.87|0.10|0.87|0.09;0001-01-01T00:00:05.441+01:00|W12|0.2|0.15|0.08|0.15|0.18"
38.00;5.64;0001-01-01T00:00:05.4970000+01:00;38.11;0.08;-9.80;34.1;0.549;0.304;35.911;-34.437;15.192;-18.911;94.538;-38.900;102.228;"0001-01-01T00:00:05.441+01:00|W1|1.5|1.44|0.11|1.44|0.21;0001-01-01T00:00:05.441+01:00|W2|1.6|1.56|0.06|1.56|0.24;0001-01-01T00:00:05.441+01:00|W3|0.9|0.92|0.12|0.92|0.14;0001-01-01T00:00:05.441+01:00|W4|1.2|1.18|0.11|1.18|0.01;0001-01-01T00:00:05.441+01:00|W5|1.3|1.18|0.15|1.18|0.42;0001-01-01T00:00:05.441+01:00|W6|1.2|0.92|0.09|0.92|0.72;0001-01-01T00:00:05.441+01:00|W7|1.5|1.14|0.15|1.14|0.92;0001-01-01T00:00:05.441+01:00|W8|0.5|0.40|0.09|0.40|0.11;0001-01-01T00:00:05.441+01:00|W9|0.4|0.22|0.03|0.22|0.26;0001-01-01T00:00:05.441+01:00|W10|0.8|0.72|0.08|0.72|0.41;0001-01-01T00:00:05.441+01:00|W11|0.9|0.87|0.10|0.87|0.09;0001-01-01T00:00:05.441+01:00|W12|0.2|0.15|0.08|0.15|0.18"
39.00;5.67;0001-01-01T00:00:05.5320000+01:00;39.04;0.08;-10.18;33.9;-0.035;0.048;35.412;-34.748;15.041;-18.866;94.503;-39.593;102.462;"0001-01-01T00:00:05.441+01:00|W1|1.5|1.44|0.11|1.44|0.21;0001-01-01T00:00:05.441+01:00|W2|1.6|1.56|0.06|1.56|0.24;0001-01-01T00:00:05.441+01:00|W3|0.9|0.92|0.12|0.92|0.14;0001-01-01T00:00:05.441+01:00|W4|1.2|1.18|0.11|1.18|0.01;0001-01-01T00:00:05.441+01:00|W5|1.3|1.18|0.15|1.18|0.42;0001-01-01T00:00:05.441+01:00|W6|1.2|0.92|0.09|0.92|0.72;0001-01-01T00:00:05.441+01:00|W7|1.5|1.14|0.15|1.14|0.92;0001-01-01T00:00:05.441+01:00|W8|0.5|0.40|0.09|0.40|0.11;0001-01-01T00:00:05.441+01:00|W9|0.4|0.22|0.03|0.22|0.26;0001-01-01T00:00:05.441+01:00|W10|0.8|0.72|0.08|0.72|0.41;0001-01-01T00:00:05.441+01:00|W11|0.9|0.87|0.10|0.87|0.09;0001-01-01T00:00:05.441+01:00|W12|0.2|0.15|0.08|0.15|0.18"
40.00;5.69;0001-01-01T00:00:05.5670000+01:00;39.96;0.08;-10.57;33.7;-0.536;-0.226;35.069;-35.057;14.931;-18.778;94.472;-40.310;102.713;"0001-01-01T00:00:05.689+01:00|W1|1.6|1.49|0.15|1.49|0.17;0001-01-01T00:00:05.689+01:00|W2|1.7|1.60|0.10|1.60|0.27;0001-01-01T00:00:05.689+01:00|W3|1.0|0.95|0.08|0.95|0.12;0001-01-01T00:00:05.689+01:00|W4|1.2|1.15|0.13|1.15|0.03;0001-01-01T00:00:05.689+01:00|W5|1.2|1.10|0.06|1.10|0.37;0001-01-01T00:00:05.689+01:00|W6|1.2|0.87|0.11|0.87|0.80;0001-01-01T00:00:05.689+01:00|W7|1.4|1.05|0.03|1.05|0.88;0001-01-01T00:00:05.689+01:00|W8|0.5|0.45|0.11|0.45|0.08;0001-01-01T00:00:05.689+01:00|W9|0.4|0.20|0.05|0.20|0.26;0001-01-01T00:00:05.689+01:00|W10|0.9|0.71|0.08|0.71|0.44;0001-01-01T00:00:05.689+01:00|W11|0.8|0.84|0.07|0.84|0.07;0001-01-01T00:00:05.689+01:00|W12|0.2|0.14|0.03|0.14|0.12"
41.00;5.70;0001-01-01T00:00:05.6020000+01:00;40.88;0.08;-10.96;33.5;-0.935;-0.553;34.612;-35.047;14.875;-18.669;94.442;-41.102;102.998;"0001-01-01T00:00:05.689+01:00|W1|1.6|1.49|0.15|1.49|0.17;0001-01-01T00:00:05.689+01:00|W2|1.7|1.60|0.10|1.60|0.27;0001-01-01T00:00:05.689+01:00|W3|1.0|0.95|0.08|0.95|0.12;0001-01-01T00:00:05.689+01:00|W4|1.2|1.15|0.13|1.15|0.03;0001-01-01T00:00:05.689+01:00|W5|1.2|1.10|0.06|1.10|0.37;0001-01-01T00:00:05.689+01:00|W6|1.2|0.87|0.11|0.87|0.80;0001-01-01T00:00:05.689+01:00|W7|1.4|1.05|0.03|1.05|0.88;0001-01-01T00:00:05.689+01:00|W8|0.5|0.45|0.11|0.45|0.08;0001-01-01T00:00:05.689+01:00|W9|0.4|0.20|0.05|0.20|0.26;0001-01-01T00:00:05.689+01:00|W10|0.9|0.71|0.08|0.71|0.44;0001-01-01T00:00:05.689+01:00|W11|0.8|0.84|0.07|0.84|0.07;0001-01-01T00:00:05.689+01:00|W12|0.2|0.14|0.03|0.14|0.12"
42.00;5.70;0001-01-01T00:00:05.6370000+01:00;41.79;0.08;-11.37;33.3;-1.190;-0.839;34.053;-34.890;14.868;-18.450;94.487;-41.825;103.330;"0001-01-01T00:00:05.689+01:00|W1|1.6|1.49|0.15|1.49|0.17;0001-01-01T00:00:05.689+01:00|W2|1.7|1.60|0.10|1.60|0.27;0001-01-01T00:00:05.689+01:00|W3|1.0|0.95|0.08|0.95|0.12;0001-01-01T00:00:05.689+01:00|W4|1.2|1.15|0.13|1.15|0.03;0001-01-01T00:00:05.689+01:00|W5|1.2|1.10|0.06|1.10|0.37;0001-01-01T00:00:05.689+01:00|W6|1.2|0.87|0.11|0.87|0.80;0001-01-01T00:00:05.689+01:00|W7|1.4|1.05|0.03|1.05|0.88;0001-01-01T00:00:05.689+01:00|W8|0.5|0.45|0.11|0.45|0.08;0001-01-01T00:00:05.689+01:00|W9|0.4|0.20|0.05|0.20|0.26;0001-01-01T00:00:05.689+01:00|W10|0.9|0.71|0.08|0.71|0.44;0001-01-01T00:00:05.689+01:00|W11|0.8|0.84|0.07|0.84|0.07;0001-01-01T00:00:05.689+01:00|W12|0.2|0.14|0.03|0.14|0.12"
43.00;5.69;0001-01-01T00:00:05.6720000+01:00;42.70;0.08;-11.77;33.1;-1.378;-1.090;33.419;-34.622;14.887;-18.186;94.517;-42.493;103.630;"0001-01-01T00:00:05.689+01:00|W1|1.6|1.49|0.15|1.49|0.17;0001-01-01T00:00:05.689+01:00|W2|1.7|1.60|0.10|1.60|0.27;0001-01-01T00:00:05.689+01:00|W3|1.0|0.95|0.08|0.95|0.12;0001-01-01T00:00:05.689+01:00|W4|1.2|1.15|0.13|1.15|0.03;0001-01-01T00:00:05.689+01:00|W5|1.2|1.10|0.06|1.10|0.37;0001-01-01T00:00:05.689+01:00|W6|1.2|0.87|0.11|0.87|0.80;0001-01-01T00:00:05.689+01:00|W7|1.4|1.05|0.03|1.05|0.88;0001-01-01T00:00:05.689+01:00|W8|0.5|0.45|0.11|0.45|0.08;0001-01-01T00:00:05.689+01:00|W9|0.4|0.20|0.05|0.20|0.26;0001-01-01T00:00:05.689+01:00|W10|0.9|0.71|0.08|0.71|0.44;0001-01-01T00:00:05.689+01:00|W11|0.8|0.84|0.07|0.84|0.07;0001-01-01T00:00:05.689+01:00|W12|0.2|0.14|0.03|0.14|0.12"
44.00;5.68;0001-01-01T00:00:05.7060000+01:00;43.61;0.08;-12.18;32.8;-1.507;-1.303;32.706;-34.235;14.931;-17.886;94.512;-43.102;103.876;"0001-01-01T00:00:05.689+01:00|W1|1.6|1.49|0.15|1.49|0.17;0001-01-01T00:00:05.689+01:00|W2|1.7|1.60|0.10|1.60|0.27;0001-01-01T00:00:05.689+01:00|W3|1.0|0.95|0.08|0.95|0.12;0001-01-01T00:00:05.689+01:00|W4|1.2|1.15|0.13|1.15|0.03;0001-01-01T00:00:05.689+01:00|W5|1.2|1.10|0.06|1.10|0.37;0001-01-01T00:00:05.689+01:00|W6|1.2|0.87|0.11|0.87|0.80;0001-01-01T00:00:05.689+01:00|W7|1.4|1.05|0.03|1.05|0.88;0001-01-01T00:00:05.689+01:00|W8|0.5|0.45|0.11|0.45|0.08;0001-01-01T00:00:05.689+01:00|W9|0.4|0.20|0.05|0.20|0.26;0001-01-01T00:00:05.689+01:00|W10|0.9|0.71|0.08|0.71|0.44;0001-01-01T00:00:05.689+01:00|W11|0.8|0.84|0.07|0.84|0.07;0001-01-01T00:00:05.689+01:00|W12|0.2|0.14|0.03|0.14|0.12"
45.00;5.66;0001-01-01T00:00:05.7410000+01:00;44.51;0.08;-12.60;32.5;-1.532;-1.394;33.164;-33.654;15.036;-17.472;94.506;-43.695;104.119;"0001-01-01T00:00:05.689+01:00|W1|1.6|1.49|0.15|1.49|0.17;0001-01-01T00:00:05.689+01:00|W2|1.7|1.60|0.10|1.60|0.27;0001-01-01T00:00:05.689+01:00|W3|1.0|0.95|0.08|0.95|0.12;0001-01-01T00:00:05.689+01:00|W4|1.2|1.15|0.13|1.15|0.03;0001-01-01T00:00:05.689+01:00|W5|1.2|1.10|0.06|1.10|0.37;0001-01-01T00:00:05.689+01:00|W6|1.2|0.87|0.11|0.87|0.80;0001-01-01T00:00:05.689+01:00|W7|1.4|1.05|0.03|1.05|0.88;0001-01-01T00:00:05.689+01:00|W8|0.5|0.45|0.11|0.45|0.08;0001-01-01T00:00:05.689+01:00|W9|0.4|0.20|0.05|0.20|0.26;0001-01-01T00:00:05.689+01:00|W10|0.9|0.71|0.08|0.71|0.44;0001-01-01T00:00:05.689+01:00|W11|0.8|0.84|0.07|0.84|0.07;0001-01-01T00:00:05.689+01:00|W12|0.2|0.14|0.03|0.14|0.12"
46.00;5.63;0001-01-01T00:00:05.7750000+01:00;45.41;0.08;-13.02;32.2;-1.501;-1.485;33.299;-33.178;15.165;-17.087;94.514;-44.312;104.386;"0001-01-01T00:00:05.689+01:00|W1|1.6|1.49|0.15|1.49|0.17;0001-01-01T00:00:05.689+01:00|W2|1.7|1.60|0.10|1.60|0.27;0001-01-01T00:00:05.689+01:00|W3|1.0|0.95|0.08|0.95|0.12;0001-01-01T00:00:05.689+01:00|W4|1.2|1.15|0.13|1.15|0.03;0001-01-01T00:00:05.689+01:00|W5|1.2|1.10|0.06|1.10|0.37;0001-01-01T00:00:05.689+01:00|W6|1.2|0.87|0.11|0.87|0.80;0001-01-01T00:00:05.689+01:00|W7|1.4|1.05|0.03|1.05|0.88;0001-01-01T00:00:05.689+01:00|W8|0.5|0.45|0.11|0.45|0.08;0001-01-01T00:00:05.689+01:00|W9|0.4|0.20|0.05|0.20|0.26;0001-01-01T00:00:05.689+01:00|W10|0.9|0.71|0.08|0.71|0.44;0001-01-01T00:00:05.689+01:00|W11|0.8|0.84|0.07|0.84|0.07;0001-01-01T00:00:05.689+01:00|W12|0.2|0.14|0.03|0.14|0.12"
47.00;5.60;0001-01-01T00:00:05.8090000+01:00;46.31;0.08;-13.45;32.0;-1.426;-1.566;33.176;-32.780;15.313;-16.734;94.532;-44.953;104.676;"0001-01-01T00:00:05.689+01:00|W1|1.6|1.49|0.15|1.49|0.17;0001-01-01T00:00:05.689+01:00|W2|1.7|1.60|0.10|1.60|0.27;0001-01-01T00:00:05.689+01:00|W3|1.0|0.95|0.08|0.95|0.12;0001-01-01T00:00:05.689+01:00|W4|1.2|1.15|0.13|1.15|0.03;0001-01-01T00:00:05.689+01:00|W5|1.2|1.10|0.06|1.10|0.37;0001-01-01T00:00:05.689+01:00|W6|1.2|0.87|0.11|0.87|0.80;0001-01-01T00:00:05.689+01:00|W7|1.4|1.05|0.03|1.05|0.88;0001-01-01T00:00:05.689+01:00|W8|0.5|0.45|0.11|0.45|0.08;0001-01-01T00:00:05.689+01:00|W9|0.4|0.20|0.05|0.20|0.26;0001-01-01T00:00:05.689+01:00|W10|0.9|0.71|0.08|0.71|0.44;0001-01-01T00:00:05.689+01:00|W11|0.8|0.84|0.07|0.84|0.07;0001-01-01T00:00:05.689+01:00|W12|0.2|0.14|0.03|0.14|0.12"
48.00;5.57;0001-01-01T00:00:05.8440000+01:00;47.23;0.09;-13.89;31.7;-1.411;-1.454;33.818;-32.101;15.457;-16.437;94.532;-45.622;104.965;"0001-01-01T00:00:05.940+01:00|W1|1.6|1.55|0.18|1.55|0.15;0001-01-01T00:00:05.940+01:00|W2|1.7|1.61|0.07|1.61|0.24;0001-01-01T00:00:05.940+01:00|W3|1.0|0.94|0.08|0.94|0.03;0001-01-01T00:00:05.940+01:00|W4|1.2|1.19|0.06|1.19|0.01;0001-01-01T00:00:05.940+01:00|W5|1.0|0.99|0.06|0.99|0.29;0001-01-01T00:00:05.940+01:00|W6|1.2|0.86|0.12|0.86|0.86;0001-01-01T00:00:05.940+01:00|W7|1.2|0.94|0.18|0.94|0.70;0001-01-01T00:00:05.940+01:00|W8|0.5|0.50|0.12|0.50|0.03;0001-01-01T00:00:05.940+01:00|W9|0.4|0.19|0.07|0.19|0.28;0001-01-01T00:00:05.940+01:00|W10|0.8|0.69|0.05|0.69|0.42;0001-01-01T00:00:05.940+01:00|W11|0.8|0.80|0.03|0.80|0.00;0001-01-01T00:00:05.940+01:00|W12|0.2|0.11|0.02|0.11|0.02"
49.00;5.54;0001-01-01T00:00:05.8790000+01:00;48.14;0.08;-14.33;31.8;-1.396;-1.278;34.465;-31.368;15.602;-16.232;94.470;-46.122;105.128;"0001-01-01T00:00:05.940+01:00|W1|1.6|1.55|0.18|1.55|0.15;0001-01-01T00:00:05.940+01:00|W2|1.7|1.61|0.07|1.61|0.24;0001-01-01T00:00:05.940+01:00|W3|1.0|0.94|0.08|0.94|0.03;0001-01-01T00:00:05.940+01:00|W4|1.2|1.19|0.06|1.19|0.01;0001-01-01T00:00:05.940+01:00|W5|1.0|0.99|0.06|0.99|0.29;0001-01-01T00:00:05.940+01:00|W6|1.2|0.86|0.12|0.86|0.86;0001-01-01T00:00:05.940+01:00|W7|1.2|0.94|0.18|0.94|0.70;0001-01-01T00:00:05.940+01:00|W8|0.5|0.50|0.12|0.50|0.03;0001-01-01T00:00:05.940+01:00|W9|0.4|0.19|0.07|0.19|0.28;0001-01-01T00:00:05.940+01:00|W10|0.8|0.69|0.05|0.69|0.42;0001-01-01T00:00:05.940+01:00|W11|0.8|0.80|0.03|0.80|0.00;0001-01-01T00:00:05.940+01:00|W12|0.2|0.11|0.02|0.11|0.02"
50.00;5.51;0001-01-01T00:00:05.9140000+01:00;49.06;0.07;-14.77;32.0;-1.401;-1.067;34.996;-30.611;15.707;-16.082;94.392;-46.530;105.238;"0001-01-01T00:00:05.940+01:00|W1|1.6|1.55|0.18|1.55|0.15;0001-01-01T00:00:05.940+01:00|W2|1.7|1.61|0.07|1.61|0.24;0001-01-01T00:00:05.940+01:00|W3|1.0|0.94|0.08|0.94|0.03;0001-01-01T00:00:05.940+01:00|W4|1.2|1.19|0.06|1.19|0.01;0001-01-01T00:00:05.940+01:00|W5|1.0|0.99|0.06|0.99|0.29;0001-01-01T00:00:05.940+01:00|W6|1.2|0.86|0.12|0.86|0.86;0001-01-01T00:00:05.940+01:00|W7|1.2|0.94|0.18|0.94|0.70;0001-01-01T00:00:05.940+01:00|W8|0.5|0.50|0.12|0.50|0.03;0001-01-01T00:00:05.940+01:00|W9|0.4|0.19|0.07|0.19|0.28;0001-01-01T00:00:05.940+01:00|W10|0.8|0.69|0.05|0.69|0.42;0001-01-01T00:00:05.940+01:00|W11|0.8|0.80|0.03|0.80|0.00;0001-01-01T00:00:05.940+01:00|W12|0.2|0.11|0.02|0.11|0.02"
51.00;5.47;0001-01-01T00:00:05.9480000+01:00;49.97;0.11;-15.23;31.7;-1.481;-0.862;35.085;-29.877;15.666;-15.937;94.388;-46.961;105.425;"0001-01-01T00:00:05.940+01:00|W1|1.6|1.55|0.18|1.55|0.15;0001-01-01T00:00:05.940+01:00|W2|1.7|1.61|0.07|1.61|0.24;0001-01-01T00:00:05.940+01:00|W3|1.0|0.94|0.08|0.94|0.03;0001-01-01T00:00:05.940+01:00|W4|1.2|1.19|0.06|1.19|0.01;0001-01-01T00:00:05.940+01:00|W5|1.0|0.99|0.06|0.99|0.29;0001-01-01T00:00:05.940+01:00|W6|1.2|0.86|0.12|0.86|0.86;0001-01-01T00:00:05.940+01:00|W7|1.2|0.94|0.18|0.94|0.70;0001-01-01T00:00:05.940+01:00|W8|0.5|0.50|0.12|0.50|0.03;0001-01-01T00:00:05.940+01:00|W9|0.4|0.19|0.07|0.19|0.28;0001-01-01T00:00:05.940+01:00|W10|0.8|0.69|0.05|0.69|0.42;0001-01-01T00:00:05.940+01:00|W11|0.8|0.80|0.03|0.80|0.00;0001-01-01T00:00:05.940+01:00|W12|0.2|0.11|0.02|0.11|0.02"
52.00;5.43;0001-01-01T00:00:05.9830000+01:00;50.87;0.13;-15.69;31.5;-1.561;-0.607;35.176;-29.896;15.624;-15.768;94.424;-47.361;105.636;"0001-01-01T00:00:05.940+01:00|W1|1.6|1.55|0.18|1.55|0.15;0001-01-01T00:00:05.940+01:00|W2|1.7|1.61|0.07|1.61|0.24;0001-01-01T00:00:05.940+01:00|W3|1.0|0.94|0.08|0.94|0.03;0001-01-01T00:00:05.940+01:00|W4|1.2|1.19|0.06|1.19|0.01;0001-01-01T00:00:05.940+01:00|W5|1.0|0.99|0.06|0.99|0.29;0001-01-01T00:00:05.940+01:00|W6|1.2|0.86|0.12|0.86|0.86;0001-01-01T00:00:05.940+01:00|W7|1.2|0.94|0.18|0.94|0.70;0001-01-01T00:00:05.940+01:00|W8|0.5|0.50|0.12|0.50|0.03;0001-01-01T00:00:05.940+01:00|W9|0.4|0.19|0.07|0.19|0.28;0001-01-01T00:00:05.940+01:00|W10|0.8|0.69|0.05|0.69|0.42;0001-01-01T00:00:05.940+01:00|W11|0.8|0.80|0.03|0.80|0.00;0001-01-01T00:00:05.940+01:00|W12|0.2|0.11|0.02|0.11|0.02"
53.00;5.40;0001-01-01T00:00:06.0170000+01:00;51.78;0.13;-16.14;31.3;-1.642;-0.353;35.267;-30.180;15.583;-15.574;94.429;-47.737;105.810;"0001-01-01T00:00:05.940+01:00|W1|1.6|1.55|0.18|1.55|0.15;0001-01-01T00:00:05.940+01:00|W2|1.7|1.61|0.07|1.61|0.24;0001-01-01T00:00:05.940+01:00|W3|1.0|0.94|0.08|0.94|0.03;0001-01-01T00:00:05.940+01:00|W4|1.2|1.19|0.06|1.19|0.01;0001-01-01T00:00:05.940+01:00|W5|1.0|0.99|0.06|0.99|0.29;0001-01-01T00:00:05.940+01:00|W6|1.2|0.86|0.12|0.86|0.86;0001-01-01T00:00:05.940+01:00|W7|1.2|0.94|0.18|0.94|0.70;0001-01-01T00:00:05.940+01:00|W8|0.5|0.50|0.12|0.50|0.03;0001-01-01T00:00:05.940+01:00|W9|0.4|0.19|0.07|0.19|0.28;0001-01-01T00:00:05.940+01:00|W10|0.8|0.69|0.05|0.69|0.42;0001-01-01T00:00:05.940+01:00|W11|0.8|0.80|0.03|0.80|0.00;0001-01-01T00:00:05.940+01:00|W12|0.2|0.11|0.02|0.11|0.02"
54.00;5.36;0001-01-01T00:00:06.0520000+01:00;52.69;0.14;-16.61;31.1;-1.723;-0.143;35.359;-30.483;15.540;-15.337;94.329;-48.079;105.876;"0001-01-01T00:00:05.940+01:00|W1|1.6|1.55|0.18|1.55|0.15;0001-01-01T00:00:05.940+01:00|W2|1.7|1.61|0.07|1.61|0.24;0001-01-01T00:00:05.940+01:00|W3|1.0|0.94|0.08|0.94|0.03;0001-01-01T00:00:05.940+01:00|W4|1.2|1.19|0.06|1.19|0.01;0001-01-01T00:00:05.940+01:00|W5|1.0|0.99|0.06|0.99|0.29;0001-01-01T00:00:05.940+01:00|W6|1.2|0.86|0.12|0.86|0.86;0001-01-01T00:00:05.940+01:00|W7|1.2|0.94|0.18|0.94|0.70;0001-01-01T00:00:05.940+01:00|W8|0.5|0.50|0.12|0.50|0.03;0001-01-01T00:00:05.940+01:00|W9|0.4|0.19|0.07|0.19|0.28;0001-01-01T00:00:05.940+01:00|W10|0.8|0.69|0.05|0.69|0.42;0001-01-01T00:00:05.940+01:00|W11|0.8|0.80|0.03|0.80|0.00;0001-01-01T00:00:05.940+01:00|W12|0.2|0.11|0.02|0.11|0.02"
55.00;5.25;0001-01-01T00:00:06.0850000+01:00;53.56;0.14;-17.14;30.9;-1.800;-0.244;35.446;-30.542;15.500;-15.222;94.358;-48.474;106.081;"0001-01-01T00:00:06.187+01:00|W1|1.6|1.55|0.18|1.55|0.15;0001-01-01T00:00:06.187+01:00|W2|1.7|1.61|0.07|1.61|0.24;0001-01-01T00:00:06.187+01:00|W3|1.0|0.94|0.08|0.94|0.03;0001-01-01T00:00:06.187+01:00|W4|1.2|1.19|0.06|1.19|0.01;0001-01-01T00:00:06.187+01:00|W5|1.0|0.99|0.06|0.99|0.29;0001-01-01T00:00:06.187+01:00|W6|1.2|0.86|0.12|0.86|0.86;0001-01-01T00:00:06.187+01:00|W7|1.2|0.94|0.18|0.94|0.70;0001-01-01T00:00:06.187+01:00|W8|0.5|0.50|0.12|0.50|0.03;0001-01-01T00:00:06.187+01:00|W9|0.4|0.19|0.07|0.19|0.28;0001-01-01T00:00:06.187+01:00|W10|0.8|0.69|0.05|0.69|0.42;0001-01-01T00:00:06.187+01:00|W11|0.8|0.80|0.03|0.80|0.00;0001-01-01T00:00:06.187+01:00|W12|0.2|0.11|0.02|0.11|0.02"
56.00;5.12;0001-01-01T00:00:06.1180000+01:00;54.43;0.14;-17.68;30.8;-1.877;-0.396;35.533;-30.561;15.460;-15.128;94.408;-48.877;106.310;"0001-01-01T00:00:06.187+01:00|W1|1.6|1.55|0.18|1.55|0.15;0001-01-01T00:00:06.187+01:00|W2|1.7|1.61|0.07|1.61|0.24;0001-01-01T00:00:06.187+01:00|W3|1.0|0.94|0.08|0.94|0.03;0001-01-01T00:00:06.187+01:00|W4|1.2|1.19|0.06|1.19|0.01;0001-01-01T00:00:06.187+01:00|W5|1.0|0.99|0.06|0.99|0.29;0001-01-01T00:00:06.187+01:00|W6|1.2|0.86|0.12|0.86|0.86;0001-01-01T00:00:06.187+01:00|W7|1.2|0.94|0.18|0.94|0.70;0001-01-01T00:00:06.187+01:00|W8|0.5|0.50|0.12|0.50|0.03;0001-01-01T00:00:06.187+01:00|W9|0.4|0.19|0.07|0.19|0.28;0001-01-01T00:00:06.187+01:00|W10|0.8|0.69|0.05|0.69|0.42;0001-01-01T00:00:06.187+01:00|W11|0.8|0.80|0.03|0.80|0.00;0001-01-01T00:00:06.187+01:00|W12|0.2|0.11|0.02|0.11|0.02"
57.00;5.00;0001-01-01T00:00:06.1510000+01:00;55.30;0.14;-18.23;30.6;-1.953;-0.549;35.619;-30.579;15.421;-15.033;94.458;-49.281;106.541;"0001-01-01T00:00:06.187+01:00|W1|1.6|1.55|0.18|1.55|0.15;0001-01-01T00:00:06.187+01:00|W2|1.7|1.61|0.07|1.61|0.24;0001-01-01T00:00:06.187+01:00|W3|1.0|0.94|0.08|0.94|0.03;0001-01-01T00:00:06.187+01:00|W4|1.2|1.19|0.06|1.19|0.01;0001-01-01T00:00:06.187+01:00|W5|1.0|0.99|0.06|0.99|0.29;0001-01-01T00:00:06.187+01:00|W6|1.2|0.86|0.12|0.86|0.86;0001-01-01T00:00:06.187+01:00|W7|1.2|0.94|0.18|0.94|0.70;0001-01-01T00:00:06.187+01:00|W8|0.5|0.50|0.12|0.50|0.03;0001-01-01T00:00:06.187+01:00|W9|0.4|0.19|0.07|0.19|0.28;0001-01-01T00:00:06.187+01:00|W10|0.8|0.69|0.05|0.69|0.42;0001-01-01T00:00:06.187+01:00|W11|0.8|0.80|0.03|0.80|0.00;0001-01-01T00:00:06.187+01:00|W12|0.2|0.11|0.02|0.11|0.02"
58.00;4.88;0001-01-01T00:00:06.1840000+01:00;56.17;0.15;-18.77;30.5;-2.030;-0.702;35.706;-30.597;15.381;-14.939;94.508;-49.684;106.772;"0001-01-01T00:00:06.187+01:00|W1|1.6|1.55|0.18|1.55|0.15;0001-01-01T00:00:06.187+01:00|W2|1.7|1.61|0.07|1.61|0.24;0001-01-01T00:00:06.187+01:00|W3|1.0|0.94|0.08|0.94|0.03;0001-01-01T00:00:06.187+01:00|W4|1.2|1.19|0.06|1.19|0.01;0001-01-01T00:00:06.187+01:00|W5|1.0|0.99|0.06|0.99|0.29;0001-01-01T00:00:06.187+01:00|W6|1.2|0.86|0.12|0.86|0.86;0001-01-01T00:00:06.187+01:00|W7|1.2|0.94|0.18|0.94|0.70;0001-01-01T00:00:06.187+01:00|W8|0.5|0.50|0.12|0.50|0.03;0001-01-01T00:00:06.187+01:00|W9|0.4|0.19|0.07|0.19|0.28;0001-01-01T00:00:06.187+01:00|W10|0.8|0.69|0.05|0.69|0.42;0001-01-01T00:00:06.187+01:00|W11|0.8|0.80|0.03|0.80|0.00;0001-01-01T00:00:06.187+01:00|W12|0.2|0.11|0.02|0.11|0.02"
59.00;4.76;0001-01-01T00:00:06.2160000+01:00;57.03;0.15;-19.31;30.3;-2.106;-0.854;35.792;-30.615;15.341;-14.844;94.558;-50.087;107.004;"0001-01-01T00:00:06.187+01:00|W1|1.6|1.55|0.18|1.55|0.15;0001-01-01T00:00:06.187+01:00|W2|1.7|1.61|0.07|1.61|0.24;0001-01-01T00:00:06.187+01:00|W3|1.0|0.94|0.08|0.94|0.03;0001-01-01T00:00:06.187+01:00|W4|1.2|1.19|0.06|1.19|0.01;0001-01-01T00:00:06.187+01:00|W5|1.0|0.99|0.06|0.99|0.29;0001-01-01T00:00:06.187+01:00|W6|1.2|0.86|0.12|0.86|0.86;0001-01-01T00:00:06.187+01:00|W7|1.2|0.94|0.18|0.94|0.70;0001-01-01T00:00:06.187+01:00|W8|0.5|0.50|0.12|0.50|0.03;0001-01-01T00:00:06.187+01:00|W9|0.4|0.19|0.07|0.19|0.28;0001-01-01T00:00:06.187+01:00|W10|0.8|0.69|0.05|0.69|0.42;0001-01-01T00:00:06.187+01:00|W11|0.8|0.80|0.03|0.80|0.00;0001-01-01T00:00:06.187+01:00|W12|0.2|0.11|0.02|0.11|0.02"
60.00;4.65;0001-01-01T00:00:06.2490000+01:00;57.90;0.15;-19.85;30.2;-2.183;-1.006;35.879;-30.633;15.302;-14.750;94.608;-50.489;107.237;"0001-01-01T00:00:06.187+01:00|W1|1.6|1.55|0.18|1.55|0.15;0001-01-01T00:00:06.187+01:00|W2|1.7|1.61|0.07|1.61|0.24;0001-01-01T00:00:06.187+01:00|W3|1.0|0.94|0.08|0.94|0.03;0001-01-01T00:00:06.187+01:00|W4|1.2|1.19|0.06|1.19|0.01;0001-01-01T00:00:06.187+01:00|W5|1.0|0.99|0.06|0.99|0.29;0001-01-01T00:00:06.187+01:00|W6|1.2|0.86|0.12|0.86|0.86;0001-01-01T00:00:06.187+01:00|W7|1.2|0.94|0.18|0.94|0.70;0001-01-01T00:00:06.187+01:00|W8|0.5|0.50|0.12|0.50|0.03;0001-01-01T00:00:06.187+01:00|W9|0.4|0.19|0.07|0.19|0.28;0001-01-01T00:00:06.187+01:00|W10|0.8|0.69|0.05|0.69|0.42;0001-01-01T00:00:06.187+01:00|W11|0.8|0.80|0.03|0.80|0.00;0001-01-01T00:00:06.187+01:00|W12|0.2|0.11|0.02|0.11|0.02"
61.00;4.54;0001-01-01T00:00:06.2820000+01:00;58.76;0.15;-20.40;30.1;-2.259;-1.159;35.965;-30.651;15.262;-14.656;94.658;-50.891;107.471;"0001-01-01T00:00:06.187+01:00|W1|1.6|1.55|0.18|1.55|0.15;0001-01-01T00:00:06.187+01:00|W2|1.7|1.61|0.07|1.61|0.24;0001-01-01T00:00:06.187+01:00|W3|1.0|0.94|0.08|0.94|0.03;0001-01-01T00:00:06.187+01:00|W4|1.2|1.19|0.06|1.19|0.01;0001-01-01T00:00:06.187+01:00|W5|1.0|0.99|0.06|0.99|0.29;0001-01-01T00:00:06.187+01:00|W6|1.2|0.86|0.12|0.86|0.86;0001-01-01T00:00:06.187+01:00|W7|1.2|0.94|0.18|0.94|0.70;0001-01-01T00:00:06.187+01:00|W8|0.5|0.50|0.12|0.50|0.03;0001-01-01T00:00:06.187+01:00|W9|0.4|0.19|0.07|0.19|0.28;0001-01-01T00:00:06.187+01:00|W10|0.8|0.69|0.05|0.69|0.42;0001-01-01T00:00:06.187+01:00|W11|0.8|0.80|0.03|0.80|0.00;0001-01-01T00:00:06.187+01:00|W12|0.2|0.11|0.02|0.11|0.02"
62.00;4.44;0001-01-01T00:00:06.3140000+01:00;59.63;0.16;-20.94;29.9;-2.336;-1.311;36.051;-30.670;15.222;-14.562;94.708;-51.293;107.706;"0001-01-01T00:00:06.187+01:00|W1|1.6|1.55|0.18|1.55|0.15;0001-01-01T00:00:06.187+01:00|W2|1.7|1.61|0.07|1.61|0.24;0001-01-01T00:00:06.187+01:00|W3|1.0|0.94|0.08|0.94|0.03;0001-01-01T00:00:06.187+01:00|W4|1.2|1.19|0.06|1.19|0.01;0001-01-01T00:00:06.187+01:00|W5|1.0|0.99|0.06|0.99|0.29;0001-01-01T00:00:06.187+01:00|W6|1.2|0.86|0.12|0.86|0.86;0001-01-01T00:00:06.187+01:00|W7|1.2|0.94|0.18|0.94|0.70;0001-01-01T00:00:06.187+01:00|W8|0.5|0.50|0.12|0.50|0.03;0001-01-01T00:00:06.187+01:00|W9|0.4|0.19|0.07|0.19|0.28;0001-01-01T00:00:06.187+01:00|W10|0.8|0.69|0.05|0.69|0.42;0001-01-01T00:00:06.187+01:00|W11|0.8|0.80|0.03|0.80|0.00;0001-01-01T00:00:06.187+01:00|W12|0.2|0.11|0.02|0.11|0.02"
63.00;4.34;0001-01-01T00:00:06.3470000+01:00;60.49;0.16;-21.48;29.8;-2.412;-1.463;36.138;-30.688;15.183;-14.468;94.757;-51.695;107.942;"0001-01-01T00:00:06.441+01:00|W1|1.6|1.55|0.19|1.55|0.17;0001-01-01T00:00:06.441+01:00|W2|1.6|1.58|0.05|1.58|0.24;0001-01-01T00:00:06.441+01:00|W3|0.9|0.91|0.10|0.91|0.00;0001-01-01T00:00:06.441+01:00|W4|1.3|1.33|0.10|1.33|0.11;0001-01-01T00:00:06.441+01:00|W5|1.1|1.07|0.00|1.07|0.24;0001-01-01T00:00:06.441+01:00|W6|1.3|0.86|0.14|0.86|0.94;0001-01-01T00:00:06.441+01:00|W7|1.2|1.01|0.15|1.01|0.61;0001-01-01T00:00:06.441+01:00|W8|0.5|0.50|0.10|0.50|0.03;0001-01-01T00:00:06.441+01:00|W9|0.4|0.20|0.06|0.20|0.29;0001-01-01T00:00:06.441+01:00|W10|0.8|0.67|0.03|0.67|0.42;0001-01-01T00:00:06.441+01:00|W11|0.8|0.81|0.05|0.81|0.05;0001-01-01T00:00:06.441+01:00|W12|0.2|0.12|0.01|0.12|0.01"
64.00;4.25;0001-01-01T00:00:06.3800000+01:00;61.36;0.16;-22.02;29.6;-2.488;-1.615;36.224;-30.706;15.143;-14.374;94.807;-52.097;108.178;"0001-01-01T00:00:06.441+01:00|W1|1.6|1.55|0.19|1.55|0.17;0001-01-01T00:00:06.441+01:00|W2|1.6|1.58|0.05|1.58|0.24;0001-01-01T00:00:06.441+01:00|W3|0.9|0.91|0.10|0.91|0.00;0001-01-01T00:00:06.441+01:00|W4|1.3|1.33|0.10|1.33|0.11;0001-01-01T00:00:06.441+01:00|W5|1.1|1.07|0.00|1.07|0.24;0001-01-01T00:00:06.441+01:00|W6|1.3|0.86|0.14|0.86|0.94;0001-01-01T00:00:06.441+01:00|W7|1.2|1.01|0.15|1.01|0.61;0001-01-01T00:00:06.441+01:00|W8|0.5|0.50|0.10|0.50|0.03;0001-01-01T00:00:06.441+01:00|W9|0.4|0.20|0.06|0.20|0.29;0001-01-01T00:00:06.441+01:00|W10|0.8|0.67|0.03|0.67|0.42;0001-01-01T00:00:06.441+01:00|W11|0.8|0.81|0.05|0.81|0.05;0001-01-01T00:00:06.441+01:00|W12|0.2|0.12|0.01|0.12|0.01"
65.00;4.16;0001-01-01T00:00:06.4120000+01:00;62.22;0.16;-22.56;29.5;-2.565;-1.767;36.310;-30.724;15.103;-14.280;94.857;-52.498;108.415;"0001-01-01T00:00:06.441+01:00|W1|1.6|1.55|0.19|1.55|0.17;0001-01-01T00:00:06.441+01:00|W2|1.6|1.58|0.05|1.58|0.24;0001-01-01T00:00:06.441+01:00|W3|0.9|0.91|0.10|0.91|0.00;0001-01-01T00:00:06.441+01:00|W4|1.3|1.33|0.10|1.33|0.11;0001-01-01T00:00:06.441+01:00|W5|1.1|1.07|0.00|1.07|0.24;0001-01-01T00:00:06.441+01:00|W6|1.3|0.86|0.14|0.86|0.94;0001-01-01T00:00:06.441+01:00|W7|1.2|1.01|0.15|1.01|0.61;0001-01-01T00:00:06.441+01:00|W8|0.5|0.50|0.10|0.50|0.03;0001-01-01T00:00:06.441+01:00|W9|0.4|0.20|0.06|0.20|0.29;0001-01-01T00:00:06.441+01:00|W10|0.8|0.67|0.03|0.67|0.42;0001-01-01T00:00:06.441+01:00|W11|0.8|0.81|0.05|0.81|0.05;0001-01-01T00:00:06.441+01:00|W12|0.2|0.12|0.01|0.12|0.01"
66.00;4.07;0001-01-01T00:00:06.4450000+01:00;63.08;0.17;-23.10;29.4;-2.641;-1.919;36.396;-30.742;15.064;-14.186;94.907;-52.899;108.654;"0001-01-01T00:00:06.441+01:00|W1|1.6|1.55|0.19|1.55|0.17;0001-01-01T00:00:06.441+01:00|W2|1.6|1.58|0.05|1.58|0.24;0001-01-01T00:00:06.441+01:00|W3|0.9|0.91|0.10|0.91|0.00;0001-01-01T00:00:06.441+01:00|W4|1.3|1.33|0.10|1.33|0.11;0001-01-01T00:00:06.441+01:00|W5|1.1|1.07|0.00|1.07|0.24;0001-01-01T00:00:06.441+01:00|W6|1.3|0.86|0.14|0.86|0.94;0001-01-01T00:00:06.441+01:00|W7|1.2|1.01|0.15|1.01|0.61;0001-01-01T00:00:06.441+01:00|W8|0.5|0.50|0.10|0.50|0.03;0001-01-01T00:00:06.441+01:00|W9|0.4|0.20|0.06|0.20|0.29;0001-01-01T00:00:06.441+01:00|W10|0.8|0.67|0.03|0.67|0.42;0001-01-01T00:00:06.441+01:00|W11|0.8|0.81|0.05|0.81|0.05;0001-01-01T00:00:06.441+01:00|W12|0.2|0.12|0.01|0.12|0.01"
67.00;3.99;0001-01-01T00:00:06.4780000+01:00;63.95;0.17;-23.64;29.2;-2.717;-2.070;36.482;-30.760;15.024;-14.092;94.957;-53.300;108.893;"0001-01-01T00:00:06.441+01:00|W1|1.6|1.55|0.19|1.55|0.17;0001-01-01T00:00:06.441+01:00|W2|1.6|1.58|0.05|1.58|0.24;0001-01-01T00:00:06.441+01:00|W3|0.9|0.91|0.10|0.91|0.00;0001-01-01T00:00:06.441+01:00|W4|1.3|1.33|0.10|1.33|0.11;0001-01-01T00:00:06.441+01:00|W5|1.1|1.07|0.00|1.07|0.24;0001-01-01T00:00:06.441+01:00|W6|1.3|0.86|0.14|0.86|0.94;0001-01-01T00:00:06.441+01:00|W7|1.2|1.01|0.15|1.01|0.61;0001-01-01T00:00:06.441+01:00|W8|0.5|0.50|0.10|0.50|0.03;0001-01-01T00:00:06.441+01:00|W9|0.4|0.20|0.06|0.20|0.29;0001-01-01T00:00:06.441+01:00|W10|0.8|0.67|0.03|0.67|0.42;0001-01-01T00:00:06.441+01:00|W11|0.8|0.81|0.05|0.81|0.05;0001-01-01T00:00:06.441+01:00|W12|0.2|0.12|0.01|0.12|0.01"
68.00;3.91;0001-01-01T00:00:06.5100000+01:00;64.81;0.17;-24.18;29.1;-2.793;-2.222;36.568;-30.778;14.985;-13.998;95.006;-53.701;109.133;"0001-01-01T00:00:06.441+01:00|W1|1.6|1.55|0.19|1.55|0.17;0001-01-01T00:00:06.441+01:00|W2|1.6|1.58|0.05|1.58|0.24;0001-01-01T00:00:06.441+01:00|W3|0.9|0.91|0.10|0.91|0.00;0001-01-01T00:00:06.441+01:00|W4|1.3|1.33|0.10|1.33|0.11;0001-01-01T00:00:06.441+01:00|W5|1.1|1.07|0.00|1.07|0.24;0001-01-01T00:00:06.441+01:00|W6|1.3|0.86|0.14|0.86|0.94;0001-01-01T00:00:06.441+01:00|W7|1.2|1.01|0.15|1.01|0.61;0001-01-01T00:00:06.441+01:00|W8|0.5|0.50|0.10|0.50|0.03;0001-01-01T00:00:06.441+01:00|W9|0.4|0.20|0.06|0.20|0.29;0001-01-01T00:00:06.441+01:00|W10|0.8|0.67|0.03|0.67|0.42;0001-01-01T00:00:06.441+01:00|W11|0.8|0.81|0.05|0.81|0.05;0001-01-01T00:00:06.441+01:00|W12|0.2|0.12|0.01|0.12|0.01"
69.00;3.84;0001-01-01T00:00:06.5430000+01:00;65.67;0.17;-24.72;28.9;-2.869;-2.373;36.654;-30.796;14.945;-13.904;95.056;-54.101;109.374;"0001-01-01T00:00:06.441+01:00|W1|1.6|1.55|0.19|1.55|0.17;0001-01-01T00:00:06.441+01:00|W2|1.6|1.58|0.05|1.58|0.24;0001-01-01T00:00:06.441+01:00|W3|0.9|0.91|0.10|0.91|0.00;0001-01-01T00:00:06.441+01:00|W4|1.3|1.33|0.10|1.33|0.11;0001-01-01T00:00:06.441+01:00|W5|1.1|1.07|0.00|1.07|0.24;0001-01-01T00:00:06.441+01:00|W6|1.3|0.86|0.14|0.86|0.94;0001-01-01T00:00:06.441+01:00|W7|1.2|1.01|0.15|1.01|0.61;0001-01-01T00:00:06.441+01:00|W8|0.5|0.50|0.10|0.50|0.03;0001-01-01T00:00:06.441+01:00|W9|0.4|0.20|0.06|0.20|0.29;0001-01-01T00:00:06.441+01:00|W10|0.8|0.67|0.03|0.67|0.42;0001-01-01T00:00:06.441+01:00|W11|0.8|0.81|0.05|0.81|0.05;0001-01-01T00:00:06.441+01:00|W12|0.2|0.12|0.01|0.12|0.01"
70.00;3.77;0001-01-01T00:00:06.5750000+01:00;66.53;0.18;-25.26;28.8;-2.945;-2.525;36.740;-30.814;14.906;-13.810;95.106;-54.501;109.615;"0001-01-01T00:00:06.692+01:00|W1|1.6|1.55|0.18|1.55|0.17;0001-01-01T00:00:06.692+01:00|W2|1.7|1.59|0.07|1.59|0.26;0001-01-01T00:00:06.692+01:00|W3|0.9|0.90|0.09|0.90|0.05;0001-01-01T00:00:06.692+01:00|W4|1.4|1.38|0.14|1.38|0.17;0001-01-01T00:00:06.692+01:00|W5|1.0|0.99|0.09|0.99|0.17;0001-01-01T00:00:06.692+01:00|W6|1.3|0.89|0.16|0.89|0.95;0001-01-01T00:00:06.692+01:00|W7|1.3|1.05|0.08|1.05|0.60;0001-01-01T00:00:06.692+01:00|W8|0.4|0.43|0.03|0.43|0.09;0001-01-01T00:00:06.692+01:00|W9|0.4|0.21|0.05|0.21|0.29;0001-01-01T00:00:06.692+01:00|W10|0.8|0.65|0.01|0.65|0.43;0001-01-01T00:00:06.692+01:00|W11|0.8|0.80|0.03|0.80|0.03;0001-01-01T00:00:06.692+01:00|W12|0.2|0.12|0.01|0.12|0.00"
71.00;3.71;0001-01-01T00:00:06.6080000+01:00;67.39;0.18;-25.80;28.7;-3.021;-2.676;36.826;-30.832;14.866;-13.717;95.155;-54.902;109.858;"0001-01-01T00:00:06.692+01:00|W1|1.6|1.55|0.18|1.55|0.17;0001-01-01T00:00:06.692+01:00|W2|1.7|1.59|0.07|1.59|0.26;0001-01-01T00:00:06.692+01:00|W3|0.9|0.90|0.09|0.90|0.05;0001-01-01T00:00:06.692+01:00|W4|1.4|1.38|0.14|1.38|0.17;0001-01-01T00:00:06.692+01:00|W5|1.0|0.99|0.09|0.99|0.17;0001-01-01T00:00:06.692+01:00|W6|1.3|0.89|0.16|0.89|0.95;0001-01-01T00:00:06.692+01:00|W7|1.3|1.05|0.08|1.05|0.60;0001-01-01T00:00:06.692+01:00|W8|0.4|0.43|0.03|0.43|0.09;0001-01-01T00:00:06.692+01:00|W9|0.4|0.21|0.05|0.21|0.29;0001-01-01T00:00:06.692+01:00|W10|0.8|0.65|0.01|0.65|0.43;0001-01-01T00:00:06.692+01:00|W11|0.8|0.80|0.03|0.80|0.03;0001-01-01T00:00:06.692+01:00|W12|0.2|0.12|0.01|0.12|0.00"
72.00;3.65;0001-01-01T00:00:06.6400000+01:00;68.25;0.18;-26.34;28.5;-3.097;-2.828;36.911;-30.850;14.827;-13.623;95.205;-55.301;110.101;"0001-01-01T00:00:06.692+01:00|W1|1.6|1.55|0.18|1.55|0.17;0001-01-01T00:00:06.692+01:00|W2|1.7|1.59|0.07|1.59|0.26;0001-01-01T00:00:06.692+01:00|W3|0.9|0.90|0.09|0.90|0.05;0001-01-01T00:00:06.692+01:00|W4|1.4|1.38|0.14|1.38|0.17;0001-01-01T00:00:06.692+01:00|W5|1.0|0.99|0.09|0.99|0.17;0001-01-01T00:00:06.692+01:00|W6|1.3|0.89|0.16|0.89|0.95;0001-01-01T00:00:06.692+01:00|W7|1.3|1.05|0.08|1.05|0.60;0001-01-01T00:00:06.692+01:00|W8|0.4|0.43|0.03|0.43|0.09;0001-01-01T00:00:06.692+01:00|W9|0.4|0.21|0.05|0.21|0.29;0001-01-01T00:00:06.692+01:00|W10|0.8|0.65|0.01|0.65|0.43;0001-01-01T00:00:06.692+01:00|W11|0.8|0.80|0.03|0.80|0.03;0001-01-01T00:00:06.692+01:00|W12|0.2|0.12|0.01|0.12|0.00"
73.00;3.60;0001-01-01T00:00:06.6730000+01:00;69.11;0.18;-26.88;28.4;-3.173;-2.979;36.997;-30.868;14.787;-13.530;95.254;-55.701;110.345;"0001-01-01T00:00:06.692+01:00|W1|1.6|1.55|0.18|1.55|0.17;0001-01-01T00:00:06.692+01:00|W2|1.7|1.59|0.07|1.59|0.26;0001-01-01T00:00:06.692+01:00|W3|0.9|0.90|0.09|0.90|0.05;0001-01-01T00:00:06.692+01:00|W4|1.4|1.38|0.14|1.38|0.17;0001-01-01T00:00:06.692+01:00|W5|1.0|0.99|0.09|0.99|0.17;0001-01-01T00:00:06.692+01:00|W6|1.3|0.89|0.16|0.89|0.95;0001-01-01T00:00:06.692+01:00|W7|1.3|1.05|0.08|1.05|0.60;0001-01-01T00:00:06.692+01:00|W8|0.4|0.43|0.03|0.43|0.09;0001-01-01T00:00:06.692+01:00|W9|0.4|0.21|0.05|0.21|0.29;0001-01-01T00:00:06.692+01:00|W10|0.8|0.65|0.01|0.65|0.43;0001-01-01T00:00:06.692+01:00|W11|0.8|0.80|0.03|0.80|0.03;0001-01-01T00:00:06.692+01:00|W12|0.2|0.12|0.01|0.12|0.00"
74.00;3.55;0001-01-01T00:00:06.7050000+01:00;69.97;0.19;-27.42;28.2;-3.249;-3.130;37.083;-30.886;14.748;-13.436;95.304;-56.100;110.590;"0001-01-01T00:00:06.692+01:00|W1|1.6|1.55|0.18|1.55|0.17;0001-01-01T00:00:06.692+01:00|W2|1.7|1.59|0.07|1.59|0.26;0001-01-01T00:00:06.692+01:00|W3|0.9|0.90|0.09|0.90|0.05;0001-01-01T00:00:06.692+01:00|W4|1.4|1.38|0.14|1.38|0.17;0001-01-01T00:00:06.692+01:00|W5|1.0|0.99|0.09|0.99|0.17;0001-01-01T00:00:06.692+01:00|W6|1.3|0.89|0.16|0.89|0.95;0001-01-01T00:00:06.692+01:00|W7|1.3|1.05|0.08|1.05|0.60;0001-01-01T00:00:06.692+01:00|W8|0.4|0.43|0.03|0.43|0.09;0001-01-01T00:00:06.692+01:00|W9|0.4|0.21|0.05|0.21|0.29;0001-01-01T00:00:06.692+01:00|W10|0.8|0.65|0.01|0.65|0.43;0001-01-01T00:00:06.692+01:00|W11|0.8|0.80|0.03|0.80|0.03;0001-01-01T00:00:06.692+01:00|W12|0.2|0.12|0.01|0.12|0.00"
75.00;3.50;0001-01-01T00:00:06.7380000+01:00;70.83;0.19;-27.95;28.1;-3.325;-3.281;37.169;-30.904;14.709;-13.342;95.354;-56.500;110.836;"0001-01-01T00:00:06.692+01:00|W1|1.6|1.55|0.18|1.55|0.17;0001-01-01T00:00:06.692+01:00|W2|1.7|1.59|0.07|1.59|0.26;0001-01-01T00:00:06.692+01:00|W3|0.9|0.90|0.09|0.90|0.05;0001-01-01T00:00:06.692+01:00|W4|1.4|1.38|0.14|1.38|0.17;0001-01-01T00:00:06.692+01:00|W5|1.0|0.99|0.09|0.99|0.17;0001-01-01T00:00:06.692+01:00|W6|1.3|0.89|0.16|0.89|0.95;0001-01-01T00:00:06.692+01:00|W7|1.3|1.05|0.08|1.05|0.60;0001-01-01T00:00:06.692+01:00|W8|0.4|0.43|0.03|0.43|0.09;0001-01-01T00:00:06.692+01:00|W9|0.4|0.21|0.05|0.21|0.29;0001-01-01T00:00:06.692+01:00|W10|0.8|0.65|0.01|0.65|0.43;0001-01-01T00:00:06.692+01:00|W11|0.8|0.80|0.03|0.80|0.03;0001-01-01T00:00:06.692+01:00|W12|0.2|0.12|0.01|0.12|0.00"
76.00;3.46;0001-01-01T00:00:06.7700000+01:00;71.69;0.19;-28.49;28.0;-3.401;-3.432;37.254;-30.922;14.669;-13.249;95.403;-56.899;111.082;"0001-01-01T00:00:06.692+01:00|W1|1.6|1.55|0.18|1.55|0.17;0001-01-01T00:00:06.692+01:00|W2|1.7|1.59|0.07|1.59|0.26;0001-01-01T00:00:06.692+01:00|W3|0.9|0.90|0.09|0.90|0.05;0001-01-01T00:00:06.692+01:00|W4|1.4|1.38|0.14|1.38|0.17;0001-01-01T00:00:06.692+01:00|W5|1.0|0.99|0.09|0.99|0.17;0001-01-01T00:00:06.692+01:00|W6|1.3|0.89|0.16|0.89|0.95;0001-01-01T00:00:06.692+01:00|W7|1.3|1.05|0.08|1.05|0.60;0001-01-01T00:00:06.692+01:00|W8|0.4|0.43|0.03|0.43|0.09;0001-01-01T00:00:06.692+01:00|W9|0.4|0.21|0.05|0.21|0.29;0001-01-01T00:00:06.692+01:00|W10|0.8|0.65|0.01|0.65|0.43;0001-01-01T00:00:06.692+01:00|W11|0.8|0.80|0.03|0.80|0.03;0001-01-01T00:00:06.692+01:00|W12|0.2|0.12|0.01|0.12|0.00"
77.00;3.43;0001-01-01T00:00:06.8030000+01:00;72.54;0.19;-29.03;27.8;-3.476;-3.584;37.340;-30.940;14.630;-13.155;95.453;-57.298;111.330;"0001-01-01T00:00:06.692+01:00|W1|1.6|1.55|0.18|1.55|0.17;0001-01-01T00:00:06.692+01:00|W2|1.7|1.59|0.07|1.59|0.26;0001-01-01T00:00:06.692+01:00|W3|0.9|0.90|0.09|0.90|0.05;0001-01-01T00:00:06.692+01:00|W4|1.4|1.38|0.14|1.38|0.17;0001-01-01T00:00:06.692+01:00|W5|1.0|0.99|0.09|0.99|0.17;0001-01-01T00:00:06.692+01:00|W6|1.3|0.89|0.16|0.89|0.95;0001-01-01T00:00:06.692+01:00|W7|1.3|1.05|0.08|1.05|0.60;0001-01-01T00:00:06.692+01:00|W8|0.4|0.43|0.03|0.43|0.09;0001-01-01T00:00:06.692+01:00|W9|0.4|0.21|0.05|0.21|0.29;0001-01-01T00:00:06.692+01:00|W10|0.8|0.65|0.01|0.65|0.43;0001-01-01T00:00:06.692+01:00|W11|0.8|0.80|0.03|0.80|0.03;0001-01-01T00:00:06.692+01:00|W12|0.2|0.12|0.01|0.12|0.00"
78.00;3.40;0001-01-01T00:00:06.8350000+01:00;73.40;0.20;-29.57;27.7;-3.552;-3.735;37.426;-30.958;14.591;-13.062;95.502;-57.697;111.578;"0001-01-01T00:00:06.939+01:00|W1|1.6|1.54|0.16|1.54|0.12;0001-01-01T00:00:06.939+01:00|W2|1.7|1.64|0.11|1.64|0.28;0001-01-01T00:00:06.939+01:00|W3|0.9|0.88|0.09|0.88|0.07;0001-01-01T00:00:06.939+01:00|W4|1.4|1.37|0.13|1.37|0.19;0001-01-01T00:00:06.939+01:00|W5|1.1|1.05|0.04|1.05|0.14;0001-01-01T00:00:06.939+01:00|W6|1.3|0.91|0.16|0.91|0.95;0001-01-01T00:00:06.939+01:00|W7|1.3|1.01|0.10|1.01|0.62;0001-01-01T00:00:06.939+01:00|W8|0.4|0.39|0.00|0.39|0.12;0001-01-01T00:00:06.939+01:00|W9|0.4|0.25|0.03|0.25|0.28;0001-01-01T00:00:06.939+01:00|W10|0.8|0.64|0.00|0.64|0.44;0001-01-01T00:00:06.939+01:00|W11|0.8|0.83|0.04|0.83|0.00;0001-01-01T00:00:06.939+01:00|W12|0.2|0.12|0.01|0.12|0.00"
79.00;3.37;0001-01-01T00:00:06.8680000+01:00;74.26;0.20;-30.11;27.5;-3.628;-3.886;37.511;-30.976;14.551;-12.969;95.552;-58.097;111.827;"0001-01-01T00:00:06.939+01:00|W1|1.6|1.54|0.16|1.54|0.12;0001-01-01T00:00:06.939+01:00|W2|1.7|1.64|0.11|1.64|0.28;0001-01-01T00:00:06.939+01:00|W3|0.9|0.88|0.09|0.88|0.07;0001-01-01T00:00:06.939+01:00|W4|1.4|1.37|0.13|1.37|0.19;0001-01-01T00:00:06.939+01:00|W5|1.1|1.05|0.04|1.05|0.14;0001-01-01T00:00:06.939+01:00|W6|1.3|0.91|0.16|0.91|0.95;0001-01-01T00:00:06.939+01:00|W7|1.3|1.01|0.10|1.01|0.62;0001-01-01T00:00:06.939+01:00|W8|0.4|0.39|0.00|0.39|0.12;0001-01-01T00:00:06.939+01:00|W9|0.4|0.25|0.03|0.25|0.28;0001-01-01T00:00:06.939+01:00|W10|0.8|0.64|0.00|0.64|0.44;0001-01-01T00:00:06.939+01:00|W11|0.8|0.83|0.04|0.83|0.00;0001-01-01T00:00:06.939+01:00|W12|0.2|0.12|0.01|0.12|0.00"
80.00;3.35;0001-01-01T00:00:06.9000000+01:00;75.12;0.20;-30.64;27.4;-3.704;-4.037;37.597;-30.994;14.512;-12.875;95.601;-58.495;112.077;"0001-01-01T00:00:06.939+01:00|W1|1.6|1.54|0.16|1.54|0.12;0001-01-01T00:00:06.939+01:00|W2|1.7|1.64|0.11|1.64|0.28;0001-01-01T00:00:06.939+01:00|W3|0.9|0.88|0.09|0.88|0.07;0001-01-01T00:00:06.939+01:00|W4|1.4|1.37|0.13|1.37|0.19;0001-01-01T00:00:06.939+01:00|W5|1.1|1.05|0.04|1.05|0.14;0001-01-01T00:00:06.939+01:00|W6|1.3|0.91|0.16|0.91|0.95;0001-01-01T00:00:06.939+01:00|W7|1.3|1.01|0.10|1.01|0.62;0001-01-01T00:00:06.939+01:00|W8|0.4|0.39|0.00|0.39|0.12;0001-01-01T00:00:06.939+01:00|W9|0.4|0.25|0.03|0.25|0.28;0001-01-01T00:00:06.939+01:00|W10|0.8|0.64|0.00|0.64|0.44;0001-01-01T00:00:06.939+01:00|W11|0.8|0.83|0.04|0.83|0.00;0001-01-01T00:00:06.939+01:00|W12|0.2|0.12|0.01|0.12|0.00"
81.00;3.34;0001-01-01T00:00:06.9330000+01:00;75.98;0.20;-31.18;27.3;-3.780;-4.187;37.682;-31.012;14.473;-12.782;95.651;-58.894;112.328;"0001-01-01T00:00:06.939+01:00|W1|1.6|1.54|0.16|1.54|0.12;0001-01-01T00:00:06.939+01:00|W2|1.7|1.64|0.11|1.64|0.28;0001-01-01T00:00:06.939+01:00|W3|0.9|0.88|0.09|0.88|0.07;0001-01-01T00:00:06.939+01:00|W4|1.4|1.37|0.13|1.37|0.19;0001-01-01T00:00:06.939+01:00|W5|1.1|1.05|0.04|1.05|0.14;0001-01-01T00:00:06.939+01:00|W6|1.3|0.91|0.16|0.91|0.95;0001-01-01T00:00:06.939+01:00|W7|1.3|1.01|0.10|1.01|0.62;0001-01-01T00:00:06.939+01:00|W8|0.4|0.39|0.00|0.39|0.12;0001-01-01T00:00:06.939+01:00|W9|0.4|0.25|0.03|0.25|0.28;0001-01-01T00:00:06.939+01:00|W10|0.8|0.64|0.00|0.64|0.44;0001-01-01T00:00:06.939+01:00|W11|0.8|0.83|0.04|0.83|0.00;0001-01-01T00:00:06.939+01:00|W12|0.2|0.12|0.01|0.12|0.00"
82.00;3.32;0001-01-01T00:00:06.9650000+01:00;76.83;0.21;-31.72;27.1;-3.855;-4.338;37.768;-31.030;14.433;-12.688;95.700;-59.293;112.579;"0001-01-01T00:00:06.939+01:00|W1|1.6|1.54|0.16|1.54|0.12;0001-01-01T00:00:06.939+01:00|W2|1.7|1.64|0.11|1.64|0.28;0001-01-01T00:00:06.939+01:00|W3|0.9|0.88|0.09|0.88|0.07;0001-01-01T00:00:06.939+01:00|W4|1.4|1.37|0.13|1.37|0.19;0001-01-01T00:00:06.939+01:00|W5|1.1|1.05|0.04|1.05|0.14;0001-01-01T00:00:06.939+01:00|W6|1.3|0.91|0.16|0.91|0.95;0001-01-01T00:00:06.939+01:00|W7|1.3|1.01|0.10|1.01|0.62;0001-01-01T00:00:06.939+01:00|W8|0.4|0.39|0.00|0.39|0.12;0001-01-01T00:00:06.939+01:00|W9|0.4|0.25|0.03|0.25|0.28;0001-01-01T00:00:06.939+01:00|W10|0.8|0.64|0.00|0.64|0.44;0001-01-01T00:00:06.939+01:00|W11|0.8|0.83|0.04|0.83|0.00;0001-01-01T00:00:06.939+01:00|W12|0.2|0.12|0.01|0.12|0.00"
83.00;3.32;0001-01-01T00:00:06.9980000+01:00;77.69;0.21;-32.26;27.0;-3.931;-4.489;37.853;-31.048;14.394;-12.595;95.749;-59.691;112.832;"0001-01-01T00:00:06.939+01:00|W1|1.6|1.54|0.16|1.54|0.12;0001-01-01T00:00:06.939+01:00|W2|1.7|1.64|0.11|1.64|0.28;0001-01-01T00:00:06.939+01:00|W3|0.9|0.88|0.09|0.88|0.07;0001-01-01T00:00:06.939+01:00|W4|1.4|1.37|0.13|1.37|0.19;0001-01-01T00:00:06.939+01:00|W5|1.1|1.05|0.04|1.05|0.14;0001-01-01T00:00:06.939+01:00|W6|1.3|0.91|0.16|0.91|0.95;0001-01-01T00:00:06.939+01:00|W7|1.3|1.01|0.10|1.01|0.62;0001-01-01T00:00:06.939+01:00|W8|0.4|0.39|0.00|0.39|0.12;0001-01-01T00:00:06.939+01:00|W9|0.4|0.25|0.03|0.25|0.28;0001-01-01T00:00:06.939+01:00|W10|0.8|0.64|0.00|0.64|0.44;0001-01-01T00:00:06.939+01:00|W11|0.8|0.83|0.04|0.83|0.00;0001-01-01T00:00:06.939+01:00|W12|0.2|0.12|0.01|0.12|0.00"
84.00;3.32;0001-01-01T00:00:07.0300000+01:00;78.55;0.21;-32.79;26.8;-4.007;-4.640;37.939;-31.066;14.355;-12.502;95.799;-60.090;113.085;"0001-01-01T00:00:06.939+01:00|W1|1.6|1.54|0.16|1.54|0.12;0001-01-01T00:00:06.939+01:00|W2|1.7|1.64|0.11|1.64|0.28;0001-01-01T00:00:06.939+01:00|W3|0.9|0.88|0.09|0.88|0.07;0001-01-01T00:00:06.939+01:00|W4|1.4|1.37|0.13|1.37|0.19;0001-01-01T00:00:06.939+01:00|W5|1.1|1.05|0.04|1.05|0.14;0001-01-01T00:00:06.939+01:00|W6|1.3|0.91|0.16|0.91|0.95;0001-01-01T00:00:06.939+01:00|W7|1.3|1.01|0.10|1.01|0.62;0001-01-01T00:00:06.939+01:00|W8|0.4|0.39|0.00|0.39|0.12;0001-01-01T00:00:06.939+01:00|W9|0.4|0.25|0.03|0.25|0.28;0001-01-01T00:00:06.939+01:00|W10|0.8|0.64|0.00|0.64|0.44;0001-01-01T00:00:06.939+01:00|W11|0.8|0.83|0.04|0.83|0.00;0001-01-01T00:00:06.939+01:00|W12|0.2|0.12|0.01|0.12|0.00"
85.00;3.32;0001-01-01T00:00:07.0620000+01:00;79.41;0.22;-33.33;26.7;-4.082;-4.791;38.024;-31.084;14.315;-12.408;95.848;-60.488;113.339;"0001-01-01T00:00:06.939+01:00|W1|1.6|1.54|0.16|1.54|0.12;0001-01-01T00:00:06.939+01:00|W2|1.7|1.64|0.11|1.64|0.28;0001-01-01T00:00:06.939+01:00|W3|0.9|0.88|0.09|0.88|0.07;0001-01-01T00:00:06.939+01:00|W4|1.4|1.37|0.13|1.37|0.19;0001-01-01T00:00:06.939+01:00|W5|1.1|1.05|0.04|1.05|0.14;0001-01-01T00:00:06.939+01:00|W6|1.3|0.91|0.16|0.91|0.95;0001-01-01T00:00:06.939+01:00|W7|1.3|1.01|0.10|1.01|0.62;0001-01-01T00:00:06.939+01:00|W8|0.4|0.39|0.00|0.39|0.12;0001-01-01T00:00:06.939+01:00|W9|0.4|0.25|0.03|0.25|0.28;0001-01-01T00:00:06.939+01:00|W10|0.8|0.64|0.00|0.64|0.44;0001-01-01T00:00:06.939+01:00|W11|0.8|0.83|0.04|0.83|0.00;0001-01-01T00:00:06.939+01:00|W12|0.2|0.12|0.01|0.12|0.00"
86.00;3.33;0001-01-01T00:00:07.0950000+01:00;80.26;0.22;-33.87;26.6;-4.158;-4.942;38.110;-31.102;14.276;-12.315;95.898;-60.887;113.594;"0001-01-01T00:00:07.193+01:00|W1|1.6|1.52|0.13|1.52|0.04;0001-01-01T00:00:07.193+01:00|W2|1.7|1.64|0.11|1.64|0.28;0001-01-01T00:00:07.193+01:00|W3|0.9|0.88|0.08|0.88|0.07;0001-01-01T00:00:07.193+01:00|W4|1.4|1.37|0.13|1.37|0.19;0001-01-01T00:00:07.193+01:00|W5|1.1|1.05|0.04|1.05|0.14;0001-01-01T00:00:07.193+01:00|W6|1.3|0.94|0.15|0.94|0.93;0001-01-01T00:00:07.193+01:00|W7|1.3|1.01|0.10|1.01|0.62;0001-01-01T00:00:07.193+01:00|W8|0.4|0.39|0.00|0.39|0.12;0001-01-01T00:00:07.193+01:00|W9|0.4|0.25|0.03|0.25|0.28;0001-01-01T00:00:07.193+01:00|W10|0.8|0.63|0.00|0.63|0.46;0001-01-01T00:00:07.193+01:00|W11|0.8|0.83|0.04|0.83|0.00;0001-01-01T00:00:07.193+01:00|W12|0.2|0.12|0.01|0.12|0.00"
87.00;3.35;0001-01-01T00:00:07.1270000+01:00;81.12;0.22;-34.40;26.4;-4.234;-5.093;38.196;-31.120;14.237;-12.222;95.947;-61.286;113.850;"0001-01-01T00:00:07.193+01:00|W1|1.6|1.52|0.13|1.52|0.04;0001-01-01T00:00:07.193+01:00|W2|1.7|1.64|0.11|1.64|0.28;0001-01-01T00:00:07.193+01:00|W3|0.9|0.88|0.08|0.88|0.07;0001-01-01T00:00:07.193+01:00|W4|1.4|1.37|0.13|1.37|0.19;0001-01-01T00:00:07.193+01:00|W5|1.1|1.05|0.04|1.05|0.14;0001-01-01T00:00:07.193+01:00|W6|1.3|0.94|0.15|0.94|0.93;0001-01-01T00:00:07.193+01:00|W7|1.3|1.01|0.10|1.01|0.62;0001-01-01T00:00:07.193+01:00|W8|0.4|0.39|0.00|0.39|0.12;0001-01-01T00:00:07.193+01:00|W9|0.4|0.25|0.03|0.25|0.28;0001-01-01T00:00:07.193+01:00|W10|0.8|0.63|0.00|0.63|0.46;0001-01-01T00:00:07.193+01:00|W11|0.8|0.83|0.04|0.83|0.00;0001-01-01T00:00:07.193+01:00|W12|0.2|0.12|0.01|0.12|0.00"
88.00;3.37;0001-01-01T00:00:07.1600000+01:00;81.98;0.22;-34.94;26.3;-4.310;-5.243;38.281;-31.138;14.197;-12.128;95.997;-61.684;114.107;"0001-01-01T00:00:07.193+01:00|W1|1.6|1.52|0.13|1.52|0.04;0001-01-01T00:00:07.193+01:00|W2|1.7|1.64|0.11|1.64|0.28;0001-01-01T00:00:07.193+01:00|W3|0.9|0.88|0.08|0.88|0.07;0001-01-01T00:00:07.193+01:00|W4|1.4|1.37|0.13|1.37|0.19;0001-01-01T00:00:07.193+01:00|W5|1.1|1.05|0.04|1.05|0.14;0001-01-01T00:00:07.193+01:00|W6|1.3|0.94|0.15|0.94|0.93;0001-01-01T00:00:07.193+01:00|W7|1.3|1.01|0.10|1.01|0.62;0001-01-01T00:00:07.193+01:00|W8|0.4|0.39|0.00|0.39|0.12;0001-01-01T00:00:07.193+01:00|W9|0.4|0.25|0.03|0.25|0.28;0001-01-01T00:00:07.193+01:00|W10|0.8|0.63|0.00|0.63|0.46;0001-01-01T00:00:07.193+01:00|W11|0.8|0.83|0.04|0.83|0.00;0001-01-01T00:00:07.193+01:00|W12|0.2|0.12|0.01|0.12|0.00"
89.00;3.39;0001-01-01T00:00:07.1920000+01:00;82.84;0.23;-35.48;26.1;-4.385;-5.394;38.367;-31.156;14.158;-12.035;96.046;-62.083;114.364;"0001-01-01T00:00:07.193+01:00|W1|1.6|1.52|0.13|1.52|0.04;0001-01-01T00:00:07.193+01:00|W2|1.7|1.64|0.11|1.64|0.28;0001-01-01T00:00:07.193+01:00|W3|0.9|0.88|0.08|0.88|0.07;0001-01-01T00:00:07.193+01:00|W4|1.4|1.37|0.13|1.37|0.19;0001-01-01T00:00:07.193+01:00|W5|1.1|1.05|0.04|1.05|0.14;0001-01-01T00:00:07.193+01:00|W6|1.3|0.94|0.15|0.94|0.93;0001-01-01T00:00:07.193+01:00|W7|1.3|1.01|0.10|1.01|0.62;0001-01-01T00:00:07.193+01:00|W8|0.4|0.39|0.00|0.39|0.12;0001-01-01T00:00:07.193+01:00|W9|0.4|0.25|0.03|0.25|0.28;0001-01-01T00:00:07.193+01:00|W10|0.8|0.63|0.00|0.63|0.46;0001-01-01T00:00:07.193+01:00|W11|0.8|0.83|0.04|0.83|0.00;0001-01-01T00:00:07.193+01:00|W12|0.2|0.12|0.01|0.12|0.00"
90.00;3.42;0001-01-01T00:00:07.2240000+01:00;83.69;0.23;-36.02;26.0;-4.461;-5.545;38.452;-31.174;14.119;-11.942;96.096;-62.482;114.623;"0001-01-01T00:00:07.193+01:00|W1|1.6|1.52|0.13|1.52|0.04;0001-01-01T00:00:07.193+01:00|W2|1.7|1.64|0.11|1.64|0.28;0001-01-01T00:00:07.193+01:00|W3|0.9|0.88|0.08|0.88|0.07;0001-01-01T00:00:07.193+01:00|W4|1.4|1.37|0.13|1.37|0.19;0001-01-01T00:00:07.193+01:00|W5|1.1|1.05|0.04|1.05|0.14;0001-01-01T00:00:07.193+01:00|W6|1.3|0.94|0.15|0.94|0.93;0001-01-01T00:00:07.193+01:00|W7|1.3|1.01|0.10|1.01|0.62;0001-01-01T00:00:07.193+01:00|W8|0.4|0.39|0.00|0.39|0.12;0001-01-01T00:00:07.193+01:00|W9|0.4|0.25|0.03|0.25|0.28;0001-01-01T00:00:07.193+01:00|W10|0.8|0.63|0.00|0.63|0.46;0001-01-01T00:00:07.193+01:00|W11|0.8|0.83|0.04|0.83|0.00;0001-01-01T00:00:07.193+01:00|W12|0.2|0.12|0.01|0.12|0.00"
91.00;3.46;0001-01-01T00:00:07.2570000+01:00;84.55;0.23;-36.55;25.9;-4.537;-5.696;38.538;-31.192;14.079;-11.848;96.145;-62.880;114.882;"0001-01-01T00:00:07.193+01:00|W1|1.6|1.52|0.13|1.52|0.04;0001-01-01T00:00:07.193+01:00|W2|1.7|1.64|0.11|1.64|0.28;0001-01-01T00:00:07.193+01:00|W3|0.9|0.88|0.08|0.88|0.07;0001-01-01T00:00:07.193+01:00|W4|1.4|1.37|0.13|1.37|0.19;0001-01-01T00:00:07.193+01:00|W5|1.1|1.05|0.04|1.05|0.14;0001-01-01T00:00:07.193+01:00|W6|1.3|0.94|0.15|0.94|0.93;0001-01-01T00:00:07.193+01:00|W7|1.3|1.01|0.10|1.01|0.62;0001-01-01T00:00:07.193+01:00|W8|0.4|0.39|0.00|0.39|0.12;0001-01-01T00:00:07.193+01:00|W9|0.4|0.25|0.03|0.25|0.28;0001-01-01T00:00:07.193+01:00|W10|0.8|0.63|0.00|0.63|0.46;0001-01-01T00:00:07.193+01:00|W11|0.8|0.83|0.04|0.83|0.00;0001-01-01T00:00:07.193+01:00|W12|0.2|0.12|0.01|0.12|0.00"
92.00;3.50;0001-01-01T00:00:07.2890000+01:00;85.41;0.23;-37.09;25.7;-4.613;-5.847;38.623;-31.210;14.040;-11.755;96.195;-63.279;115.142;"0001-01-01T00:00:07.193+01:00|W1|1.6|1.52|0.13|1.52|0.04;0001-01-01T00:00:07.193+01:00|W2|1.7|1.64|0.11|1.64|0.28;0001-01-01T00:00:07.193+01:00|W3|0.9|0.88|0.08|0.88|0.07;0001-01-01T00:00:07.193+01:00|W4|1.4|1.37|0.13|1.37|0.19;0001-01-01T00:00:07.193+01:00|W5|1.1|1.05|0.04|1.05|0.14;0001-01-01T00:00:07.193+01:00|W6|1.3|0.94|0.15|0.94|0.93;0001-01-01T00:00:07.193+01:00|W7|1.3|1.01|0.10|1.01|0.62;0001-01-01T00:00:07.193+01:00|W8|0.4|0.39|0.00|0.39|0.12;0001-01-01T00:00:07.193+01:00|W9|0.4|0.25|0.03|0.25|0.28;0001-01-01T00:00:07.193+01:00|W10|0.8|0.63|0.00|0.63|0.46;0001-01-01T00:00:07.193+01:00|W11|0.8|0.83|0.04|0.83|0.00;0001-01-01T00:00:07.193+01:00|W12|0.2|0.12|0.01|0.12|0.00"
93.00;3.54;0001-01-01T00:00:07.3220000+01:00;86.27;0.24;-37.63;25.6;-4.688;-5.998;38.709;-31.228;14.001;-11.661;96.244;-63.678;115.403;"0001-01-01T00:00:07.437+01:00|W1|1.6|1.52|0.11|1.52|0.03;0001-01-01T00:00:07.437+01:00|W2|1.7|1.67|0.14|1.67|0.33;0001-01-01T00:00:07.437+01:00|W3|0.9|0.88|0.06|0.88|0.05;0001-01-01T00:00:07.437+01:00|W4|1.4|1.36|0.11|1.36|0.16;0001-01-01T00:00:07.437+01:00|W5|1.2|1.18|0.08|1.18|0.14;0001-01-01T00:00:07.437+01:00|W6|1.3|0.95|0.15|0.95|0.93;0001-01-01T00:00:07.437+01:00|W7|1.2|0.89|0.21|0.89|0.65;0001-01-01T00:00:07.437+01:00|W8|0.4|0.36|0.02|0.36|0.13;0001-01-01T00:00:07.437+01:00|W9|0.4|0.24|0.04|0.24|0.26;0001-01-01T00:00:07.437+01:00|W10|0.8|0.60|0.04|0.60|0.46;0001-01-01T00:00:07.437+01:00|W11|0.8|0.84|0.05|0.84|0.04;0001-01-01T00:00:07.437+01:00|W12|0.2|0.11|0.02|0.11|0.00"
94.00;3.59;0001-01-01T00:00:07.3540000+01:00;87.13;0.24;-38.17;25.4;-4.764;-6.149;38.795;-31.246;13.961;-11.568;96.294;-64.077;115.665;"0001-01-01T00:00:07.437+01:00|W1|1.6|1.52|0.11|1.52|0.03;0001-01-01T00:00:07.437+01:00|W2|1.7|1.67|0.14|1.67|0.33;0001-01-01T00:00:07.437+01:00|W3|0.9|0.88|0.06|0.88|0.05;0001-01-01T00:00:07.437+01:00|W4|1.4|1.36|0.11|1.36|0.16;0001-01-01T00:00:07.437+01:00|W5|1.2|1.18|0.08|1.18|0.14;0001-01-01T00:00:07.437+01:00|W6|1.3|0.95|0.15|0.95|0.93;0001-01-01T00:00:07.437+01:00|W7|1.2|0.89|0.21|0.89|0.65;0001-01-01T00:00:07.437+01:00|W8|0.4|0.36|0.02|0.36|0.13;0001-01-01T00:00:07.437+01:00|W9|0.4|0.24|0.04|0.24|0.26;0001-01-01T00:00:07.437+01:00|W10|0.8|0.60|0.04|0.60|0.46;0001-01-01T00:00:07.437+01:00|W11|0.8|0.84|0.05|0.84|0.04;0001-01-01T00:00:07.437+01:00|W12|0.2|0.11|0.02|0.11|0.00"
95.00;3.65;0001-01-01T00:00:07.3870000+01:00;87.98;0.24;-38.70;25.3;-4.840;-6.300;38.880;-31.264;13.922;-11.474;96.343;-64.476;115.928;"0001-01-01T00:00:07.437+01:00|W1|1.6|1.52|0.11|1.52|0.03;0001-01-01T00:00:07.437+01:00|W2|1.7|1.67|0.14|1.67|0.33;0001-01-01T00:00:07.437+01:00|W3|0.9|0.88|0.06|0.88|0.05;0001-01-01T00:00:07.437+01:00|W4|1.4|1.36|0.11|1.36|0.16;0001-01-01T00:00:07.437+01:00|W5|1.2|1.18|0.08|1.18|0.14;0001-01-01T00:00:07.437+01:00|W6|1.3|0.95|0.15|0.95|0.93;0001-01-01T00:00:07.437+01:00|W7|1.2|0.89|0.21|0.89|0.65;0001-01-01T00:00:07.437+01:00|W8|0.4|0.36|0.02|0.36|0.13;0001-01-01T00:00:07.437+01:00|W9|0.4|0.24|0.04|0.24|0.26;0001-01-01T00:00:07.437+01:00|W10|0.8|0.60|0.04|0.60|0.46;0001-01-01T00:00:07.437+01:00|W11|0.8|0.84|0.05|0.84|0.04;0001-01-01T00:00:07.437+01:00|W12|0.2|0.11|0.02|0.11|0.00"
96.00;3.71;0001-01-01T00:00:07.4190000+01:00;88.84;0.24;-39.24;25.2;-4.916;-6.451;38.966;-31.282;13.883;-11.381;96.393;-64.875;116.191;"0001-01-01T00:00:07.437+01:00|W1|1.6|1.52|0.11|1.52|0.03;0001-01-01T00:00:07.437+01:00|W2|1.7|1.67|0.14|1.67|0.33;0001-01-01T00:00:07.437+01:00|W3|0.9|0.88|0.06|0.88|0.05;0001-01-01T00:00:07.437+01:00|W4|1.4|1.36|0.11|1.36|0.16;0001-01-01T00:00:07.437+01:00|W5|1.2|1.18|0.08|1.18|0.14;0001-01-01T00:00:07.437+01:00|W6|1.3|0.95|0.15|0.95|0.93;0001-01-01T00:00:07.437+01:00|W7|1.2|0.89|0.21|0.89|0.65;0001-01-01T00:00:07.437+01:00|W8|0.4|0.36|0.02|0.36|0.13;0001-01-01T00:00:07.437+01:00|W9|0.4|0.24|0.04|0.24|0.26;0001-01-01T00:00:07.437+01:00|W10|0.8|0.60|0.04|0.60|0.46;0001-01-01T00:00:07.437+01:00|W11|0.8|0.84|0.05|0.84|0.04;0001-01-01T00:00:07.437+01:00|W12|0.2|0.11|0.02|0.11|0.00"
97.00;3.77;0001-01-01T00:00:07.4520000+01:00;89.70;0.25;-39.78;25.0;-4.992;-6.602;39.051;-31.300;13.843;-11.288;96.442;-65.274;116.456;"0001-01-01T00:00:07.437+01:00|W1|1.6|1.52|0.11|1.52|0.03;0001-01-01T00:00:07.437+01:00|W2|1.7|1.67|0.14|1.67|0.33;0001-01-01T00:00:07.437+01:00|W3|0.9|0.88|0.06|0.88|0.05;0001-01-01T00:00:07.437+01:00|W4|1.4|1.36|0.11|1.36|0.16;0001-01-01T00:00:07.437+01:00|W5|1.2|1.18|0.08|1.18|0.14;0001-01-01T00:00:07.437+01:00|W6|1.3|0.95|0.15|0.95|0.93;0001-01-01T00:00:07.437+01:00|W7|1.2|0.89|0.21|0.89|0.65;0001-01-01T00:00:07.437+01:00|W8|0.4|0.36|0.02|0.36|0.13;0001-01-01T00:00:07.437+01:00|W9|0.4|0.24|0.04|0.24|0.26;0001-01-01T00:00:07.437+01:00|W10|0.8|0.60|0.04|0.60|0.46;0001-01-01T00:00:07.437+01:00|W11|0.8|0.84|0.05|0.84|0.04;0001-01-01T00:00:07.437+01:00|W12|0.2|0.11|0.02|0.11|0.00"
98.00;3.84;0001-01-01T00:00:07.4840000+01:00;90.55;0.25;-40.31;24.9;-5.067;-6.752;39.137;-31.318;13.804;-11.195;96.491;-65.671;116.719;"0001-01-01T00:00:07.437+01:00|W1|1.6|1.52|0.11|1.52|0.03;0001-01-01T00:00:07.437+01:00|W2|1.7|1.67|0.14|1.67|0.33;0001-01-01T00:00:07.437+01:00|W3|0.9|0.88|0.06|0.88|0.05;0001-01-01T00:00:07.437+01:00|W4|1.4|1.36|0.11|1.36|0.16;0001-01-01T00:00:07.437+01:00|W5|1.2|1.18|0.08|1.18|0.14;0001-01-01T00:00:07.437+01:00|W6|1.3|0.95|0.15|0.95|0.93;0001-01-01T00:00:07.437+01:00|W7|1.2|0.89|0.21|0.89|0.65;0001-01-01T00:00:07.437+01:00|W8|0.4|0.36|0.02|0.36|0.13;0001-01-01T00:00:07.437+01:00|W9|0.4|0.24|0.04|0.24|0.26;0001-01-01T00:00:07.437+01:00|W10|0.8|0.60|0.04|0.60|0.46;0001-01-01T00:00:07.437+01:00|W11|0.8|0.84|0.05|0.84|0.04;0001-01-01T00:00:07.437+01:00|W12|0.2|0.11|0.02|0.11|0.00"
99.00;3.90;0001-01-01T00:00:07.5160000+01:00;91.41;0.25;-40.85;24.7;-5.142;-6.902;39.222;-31.336;13.765;-11.102;96.541;-66.067;116.983;"0001-01-01T00:00:07.437+01:00|W1|1.6|1.52|0.11|1.52|0.03;0001-01-01T00:00:07.437+01:00|W2|1.7|1.67|0.14|1.67|0.33;0001-01-01T00:00:07.437+01:00|W3|0.9|0.88|0.06|0.88|0.05;0001-01-01T00:00:07.437+01:00|W4|1.4|1.36|0.11|1.36|0.16;0001-01-01T00:00:07.437+01:00|W5|1.2|1.18|0.08|1.18|0.14;0001-01-01T00:00:07.437+01:00|W6|1.3|0.95|0.15|0.95|0.93;0001-01-01T00:00:07.437+01:00|W7|1.2|0.89|0.21|0.89|0.65;0001-01-01T00:00:07.437+01:00|W8|0.4|0.36|0.02|0.36|0.13;0001-01-01T00:00:07.437+01:00|W9|0.4|0.24|0.04|0.24|0.26;0001-01-01T00:00:07.437+01:00|W10|0.8|0.60|0.04|0.60|0.46;0001-01-01T00:00:07.437+01:00|W11|0.8|0.84|0.05|0.84|0.04;0001-01-01T00:00:07.437+01:00|W12|0.2|0.11|0.02|0.11|0.00"
100.00;3.97;0001-01-01T00:00:07.5480000+01:00;92.26;0.25;-41.38;24.6;-5.217;-7.052;39.306;-31.353;13.726;-11.009;96.590;-66.463;117.247;"0001-01-01T00:00:07.437+01:00|W1|1.6|1.52|0.11|1.52|0.03;0001-01-01T00:00:07.437+01:00|W2|1.7|1.67|0.14|1.67|0.33;0001-01-01T00:00:07.437+01:00|W3|0.9|0.88|0.06|0.88|0.05;0001-01-01T00:00:07.437+01:00|W4|1.4|1.36|0.11|1.36|0.16;0001-01-01T00:00:07.437+01:00|W5|1.2|1.18|0.08|1.18|0.14;0001-01-01T00:00:07.437+01:00|W6|1.3|0.95|0.15|0.95|0.93;0001-01-01T00:00:07.437+01:00|W7|1.2|0.89|0.21|0.89|0.65;0001-01-01T00:00:07.437+01:00|W8|0.4|0.36|0.02|0.36|0.13;0001-01-01T00:00:07.437+01:00|W9|0.4|0.24|0.04|0.24|0.26;0001-01-01T00:00:07.437+01:00|W10|0.8|0.60|0.04|0.60|0.46;0001-01-01T00:00:07.437+01:00|W11|0.8|0.84|0.05|0.84|0.04;0001-01-01T00:00:07.437+01:00|W12|0.2|0.11|0.02|0.11|0.00"
101.00;4.03;0001-01-01T00:00:07.5800000+01:00;93.11;0.26;-41.91;24.5;-5.292;-7.202;39.391;-31.371;13.687;-10.917;96.639;-66.858;117.512;"0001-01-01T00:00:07.689+01:00|W1|1.5|1.48|0.06|1.48|0.06;0001-01-01T00:00:07.689+01:00|W2|1.7|1.63|0.09|1.63|0.38;0001-01-01T00:00:07.689+01:00|W3|0.9|0.85|0.07|0.85|0.07;0001-01-01T00:00:07.689+01:00|W4|1.4|1.37|0.11|1.37|0.12;0001-01-01T00:00:07.689+01:00|W5|1.1|1.08|0.01|1.08|0.27;0001-01-01T00:00:07.689+01:00|W6|1.3|0.94|0.13|0.94|0.91;0001-01-01T00:00:07.689+01:00|W7|1.1|0.84|0.21|0.84|0.72;0001-01-01T00:00:07.689+01:00|W8|0.4|0.33|0.04|0.33|0.11;0001-01-01T00:00:07.689+01:00|W9|0.4|0.23|0.05|0.23|0.25;0001-01-01T00:00:07.689+01:00|W10|0.7|0.58|0.08|0.58|0.43;0001-01-01T00:00:07.689+01:00|W11|0.9|0.89|0.09|0.89|0.07;0001-01-01T00:00:07.689+01:00|W12|0.2|0.10|0.02|0.10|0.01"
102.00;4.10;0001-01-01T00:00:07.6130000+01:00;93.96;0.26;-42.45;24.3;-5.367;-7.351;39.476;-31.389;13.648;-10.824;96.688;-67.253;117.778;"0001-01-01T00:00:07.689+01:00|W1|1.5|1.48|0.06|1.48|0.06;0001-01-01T00:00:07.689+01:00|W2|1.7|1.63|0.09|1.63|0.38;0001-01-01T00:00:07.689+01:00|W3|0.9|0.85|0.07|0.85|0.07;0001-01-01T00:00:07.689+01:00|W4|1.4|1.37|0.11|1.37|0.12;0001-01-01T00:00:07.689+01:00|W5|1.1|1.08|0.01|1.08|0.27;0001-01-01T00:00:07.689+01:00|W6|1.3|0.94|0.13|0.94|0.91;0001-01-01T00:00:07.689+01:00|W7|1.1|0.84|0.21|0.84|0.72;0001-01-01T00:00:07.689+01:00|W8|0.4|0.33|0.04|0.33|0.11;0001-01-01T00:00:07.689+01:00|W9|0.4|0.23|0.05|0.23|0.25;0001-01-01T00:00:07.689+01:00|W10|0.7|0.58|0.08|0.58|0.43;0001-01-01T00:00:07.689+01:00|W11|0.9|0.89|0.09|0.89|0.07;0001-01-01T00:00:07.689+01:00|W12|0.2|0.10|0.02|0.10|0.01"
103.00;4.16;0001-01-01T00:00:07.6450000+01:00;94.81;0.26;-42.98;24.2;-5.443;-7.501;39.561;-31.407;13.609;-10.732;96.737;-67.649;118.044;"0001-01-01T00:00:07.689+01:00|W1|1.5|1.48|0.06|1.48|0.06;0001-01-01T00:00:07.689+01:00|W2|1.7|1.63|0.09|1.63|0.38;0001-01-01T00:00:07.689+01:00|W3|0.9|0.85|0.07|0.85|0.07;0001-01-01T00:00:07.689+01:00|W4|1.4|1.37|0.11|1.37|0.12;0001-01-01T00:00:07.689+01:00|W5|1.1|1.08|0.01|1.08|0.27;0001-01-01T00:00:07.689+01:00|W6|1.3|0.94|0.13|0.94|0.91;0001-01-01T00:00:07.689+01:00|W7|1.1|0.84|0.21|0.84|0.72;0001-01-01T00:00:07.689+01:00|W8|0.4|0.33|0.04|0.33|0.11;0001-01-01T00:00:07.689+01:00|W9|0.4|0.23|0.05|0.23|0.25;0001-01-01T00:00:07.689+01:00|W10|0.7|0.58|0.08|0.58|0.43;0001-01-01T00:00:07.689+01:00|W11|0.9|0.89|0.09|0.89|0.07;0001-01-01T00:00:07.689+01:00|W12|0.2|0.10|0.02|0.10|0.01"
104.00;4.23;0001-01-01T00:00:07.6770000+01:00;95.66;0.26;-43.51;24.1;-5.518;-7.651;39.646;-31.425;13.570;-10.639;96.786;-68.044;118.312;"0001-01-01T00:00:07.689+01:00|W1|1.5|1.48|0.06|1.48|0.06;0001-01-01T00:00:07.689+01:00|W2|1.7|1.63|0.09|1.63|0.38;0001-01-01T00:00:07.689+01:00|W3|0.9|0.85|0.07|0.85|0.07;0001-01-01T00:00:07.689+01:00|W4|1.4|1.37|0.11|1.37|0.12;0001-01-01T00:00:07.689+01:00|W5|1.1|1.08|0.01|1.08|0.27;0001-01-01T00:00:07.689+01:00|W6|1.3|0.94|0.13|0.94|0.91;0001-01-01T00:00:07.689+01:00|W7|1.1|0.84|0.21|0.84|0.72;0001-01-01T00:00:07.689+01:00|W8|0.4|0.33|0.04|0.33|0.11;0001-01-01T00:00:07.689+01:00|W9|0.4|0.23|0.05|0.23|0.25;0001-01-01T00:00:07.689+01:00|W10|0.7|0.58|0.08|0.58|0.43;0001-01-01T00:00:07.689+01:00|W11|0.9|0.89|0.09|0.89|0.07;0001-01-01T00:00:07.689+01:00|W12|0.2|0.10|0.02|0.10|0.01"
105.00;4.30;0001-01-01T00:00:07.7090000+01:00;96.51;0.27;-44.05;23.9;-5.593;-7.800;39.731;-31.443;13.531;-10.546;96.835;-68.440;118.580;"0001-01-01T00:00:07.689+01:00|W1|1.5|1.48|0.06|1.48|0.06;0001-01-01T00:00:07.689+01:00|W2|1.7|1.63|0.09|1.63|0.38;0001-01-01T00:00:07.689+01:00|W3|0.9|0.85|0.07|0.85|0.07;0001-01-01T00:00:07.689+01:00|W4|1.4|1.37|0.11|1.37|0.12;0001-01-01T00:00:07.689+01:00|W5|1.1|1.08|0.01|1.08|0.27;0001-01-01T00:00:07.689+01:00|W6|1.3|0.94|0.13|0.94|0.91;0001-01-01T00:00:07.689+01:00|W7|1.1|0.84|0.21|0.84|0.72;0001-01-01T00:00:07.689+01:00|W8|0.4|0.33|0.04|0.33|0.11;0001-01-01T00:00:07.689+01:00|W9|0.4|0.23|0.05|0.23|0.25;0001-01-01T00:00:07.689+01:00|W10|0.7|0.58|0.08|0.58|0.43;0001-01-01T00:00:07.689+01:00|W11|0.9|0.89|0.09|0.89|0.07;0001-01-01T00:00:07.689+01:00|W12|0.2|0.10|0.02|0.10|0.01"
106.00;4.37;0001-01-01T00:00:07.7410000+01:00;97.36;0.27;-44.58;23.8;-5.668;-7.950;39.816;-31.460;13.492;-10.454;96.884;-68.835;118.848;"0001-01-01T00:00:07.689+01:00|W1|1.5|1.48|0.06|1.48|0.06;0001-01-01T00:00:07.689+01:00|W2|1.7|1.63|0.09|1.63|0.38;0001-01-01T00:00:07.689+01:00|W3|0.9|0.85|0.07|0.85|0.07;0001-01-01T00:00:07.689+01:00|W4|1.4|1.37|0.11|1.37|0.12;0001-01-01T00:00:07.689+01:00|W5|1.1|1.08|0.01|1.08|0.27;0001-01-01T00:00:07.689+01:00|W6|1.3|0.94|0.13|0.94|0.91;0001-01-01T00:00:07.689+01:00|W7|1.1|0.84|0.21|0.84|0.72;0001-01-01T00:00:07.689+01:00|W8|0.4|0.33|0.04|0.33|0.11;0001-01-01T00:00:07.689+01:00|W9|0.4|0.23|0.05|0.23|0.25;0001-01-01T00:00:07.689+01:00|W10|0.7|0.58|0.08|0.58|0.43;0001-01-01T00:00:07.689+01:00|W11|0.9|0.89|0.09|0.89|0.07;0001-01-01T00:00:07.689+01:00|W12|0.2|0.10|0.02|0.10|0.01"
107.00;4.40;0001-01-01T00:00:07.7720000+01:00;98.19;0.27;-45.14;23.7;-5.782;-8.408;39.380;-31.202;13.408;-10.428;96.961;-69.134;119.085;"0001-01-01T00:00:07.689+01:00|W1|1.5|1.48|0.06|1.48|0.06;0001-01-01T00:00:07.689+01:00|W2|1.7|1.63|0.09|1.63|0.38;0001-01-01T00:00:07.689+01:00|W3|0.9|0.85|0.07|0.85|0.07;0001-01-01T00:00:07.689+01:00|W4|1.4|1.37|0.11|1.37|0.12;0001-01-01T00:00:07.689+01:00|W5|1.1|1.08|0.01|1.08|0.27;0001-01-01T00:00:07.689+01:00|W6|1.3|0.94|0.13|0.94|0.91;0001-01-01T00:00:07.689+01:00|W7|1.1|0.84|0.21|0.84|0.72;0001-01-01T00:00:07.689+01:00|W8|0.4|0.33|0.04|0.33|0.11;0001-01-01T00:00:07.689+01:00|W9|0.4|0.23|0.05|0.23|0.25;0001-01-01T00:00:07.689+01:00|W10|0.7|0.58|0.08|0.58|0.43;0001-01-01T00:00:07.689+01:00|W11|0.9|0.89|0.09|0.89|0.07;0001-01-01T00:00:07.689+01:00|W12|0.2|0.10|0.02|0.10|0.01"
108.00;4.40;0001-01-01T00:00:07.8030000+01:00;99.01;0.28;-45.72;23.5;-5.935;-9.162;38.446;-30.681;13.280;-10.466;97.066;-69.340;119.290;"0001-01-01T00:00:07.689+01:00|W1|1.5|1.48|0.06|1.48|0.06;0001-01-01T00:00:07.689+01:00|W2|1.7|1.63|0.09|1.63|0.38;0001-01-01T00:00:07.689+01:00|W3|0.9|0.85|0.07|0.85|0.07;0001-01-01T00:00:07.689+01:00|W4|1.4|1.37|0.11|1.37|0.12;0001-01-01T00:00:07.689+01:00|W5|1.1|1.08|0.01|1.08|0.27;0001-01-01T00:00:07.689+01:00|W6|1.3|0.94|0.13|0.94|0.91;0001-01-01T00:00:07.689+01:00|W7|1.1|0.84|0.21|0.84|0.72;0001-01-01T00:00:07.689+01:00|W8|0.4|0.33|0.04|0.33|0.11;0001-01-01T00:00:07.689+01:00|W9|0.4|0.23|0.05|0.23|0.25;0001-01-01T00:00:07.689+01:00|W10|0.7|0.58|0.08|0.58|0.43;0001-01-01T00:00:07.689+01:00|W11|0.9|0.89|0.09|0.89|0.07;0001-01-01T00:00:07.689+01:00|W12|0.2|0.10|0.02|0.10|0.01"
109.00;4.40;0001-01-01T00:00:07.8330000+01:00;99.82;0.28;-46.30;23.0;-6.126;-10.004;38.189;-30.933;12.948;-10.275;97.207;-69.574;119.541;"0001-01-01T00:00:07.938+01:00|W1|1.5|1.44|0.01|1.44|0.13;0001-01-01T00:00:07.938+01:00|W2|1.6|1.52|0.02|1.52|0.40;0001-01-01T00:00:07.938+01:00|W3|1.0|0.95|0.09|0.95|0.28;0001-01-01T00:00:07.938+01:00|W4|1.4|1.39|0.10|1.39|0.12;0001-01-01T00:00:07.938+01:00|W5|0.9|0.91|0.19|0.91|0.23;0001-01-01T00:00:07.938+01:00|W6|1.3|0.93|0.08|0.93|0.87;0001-01-01T00:00:07.938+01:00|W7|1.1|0.69|0.28|0.69|0.79;0001-01-01T00:00:07.938+01:00|W8|0.3|0.25|0.11|0.25|0.07;0001-01-01T00:00:07.938+01:00|W9|0.3|0.23|0.05|0.23|0.22;0001-01-01T00:00:07.938+01:00|W10|0.6|0.53|0.14|0.53|0.37;0001-01-01T00:00:07.938+01:00|W11|0.9|0.93|0.10|0.93|0.11;0001-01-01T00:00:07.938+01:00|W12|0.2|0.07|0.01|0.07|0.03"
110.00;4.40;0001-01-01T00:00:07.8630000+01:00;100.64;0.28;-46.89;22.3;-6.313;-10.841;37.972;-31.262;12.552;-10.021;97.350;-69.821;119.801;"0001-01-01T00:00:07.938+01:00|W1|1.5|1.44|0.01|1.44|0.13;0001-01-01T00:00:07.938+01:00|W2|1.6|1.52|0.02|1.52|0.40;0001-01-01T00:00:07.938+01:00|W3|1.0|0.95|0.09|0.95|0.28;0001-01-01T00:00:07.938+01:00|W4|1.4|1.39|0.10|1.39|0.12;0001-01-01T00:00:07.938+01:00|W5|0.9|0.91|0.19|0.91|0.23;0001-01-01T00:00:07.938+01:00|W6|1.3|0.93|0.08|0.93|0.87;0001-01-01T00:00:07.938+01:00|W7|1.1|0.69|0.28|0.69|0.79;0001-01-01T00:00:07.938+01:00|W8|0.3|0.25|0.11|0.25|0.07;0001-01-01T00:00:07.938+01:00|W9|0.3|0.23|0.05|0.23|0.22;0001-01-01T00:00:07.938+01:00|W10|0.6|0.53|0.14|0.53|0.37;0001-01-01T00:00:07.938+01:00|W11|0.9|0.93|0.10|0.93|0.11;0001-01-01T00:00:07.938+01:00|W12|0.2|0.07|0.01|0.07|0.03"
111.00;4.40;0001-01-01T00:00:07.8930000+01:00;101.46;0.29;-47.47;21.4;-6.462;-11.601;37.490;-31.412;12.040;-9.669;97.475;-70.101;120.066;"0001-01-01T00:00:07.938+01:00|W1|1.5|1.44|0.01|1.44|0.13;0001-01-01T00:00:07.938+01:00|W2|1.6|1.52|0.02|1.52|0.40;0001-01-01T00:00:07.938+01:00|W3|1.0|0.95|0.09|0.95|0.28;0001-01-01T00:00:07.938+01:00|W4|1.4|1.39|0.10|1.39|0.12;0001-01-01T00:00:07.938+01:00|W5|0.9|0.91|0.19|0.91|0.23;0001-01-01T00:00:07.938+01:00|W6|1.3|0.93|0.08|0.93|0.87;0001-01-01T00:00:07.938+01:00|W7|1.1|0.69|0.28|0.69|0.79;0001-01-01T00:00:07.938+01:00|W8|0.3|0.25|0.11|0.25|0.07;0001-01-01T00:00:07.938+01:00|W9|0.3|0.23|0.05|0.23|0.22;0001-01-01T00:00:07.938+01:00|W10|0.6|0.53|0.14|0.53|0.37;0001-01-01T00:00:07.938+01:00|W11|0.9|0.93|0.10|0.93|0.11;0001-01-01T00:00:07.938+01:00|W12|0.2|0.07|0.01|0.07|0.03"
112.00;4.40;0001-01-01T00:00:07.9230000+01:00;102.27;0.29;-48.06;20.6;-6.562;-12.246;37.199;-31.904;11.498;-9.338;97.589;-70.352;120.304;"0001-01-01T00:00:07.938+01:00|W1|1.5|1.44|0.01|1.44|0.13;0001-01-01T00:00:07.938+01:00|W2|1.6|1.52|0.02|1.52|0.40;0001-01-01T00:00:07.938+01:00|W3|1.0|0.95|0.09|0.95|0.28;0001-01-01T00:00:07.938+01:00|W4|1.4|1.39|0.10|1.39|0.12;0001-01-01T00:00:07.938+01:00|W5|0.9|0.91|0.19|0.91|0.23;0001-01-01T00:00:07.938+01:00|W6|1.3|0.93|0.08|0.93|0.87;0001-01-01T00:00:07.938+01:00|W7|1.1|0.69|0.28|0.69|0.79;0001-01-01T00:00:07.938+01:00|W8|0.3|0.25|0.11|0.25|0.07;0001-01-01T00:00:07.938+01:00|W9|0.3|0.23|0.05|0.23|0.22;0001-01-01T00:00:07.938+01:00|W10|0.6|0.53|0.14|0.53|0.37;0001-01-01T00:00:07.938+01:00|W11|0.9|0.93|0.10|0.93|0.11;0001-01-01T00:00:07.938+01:00|W12|0.2|0.07|0.01|0.07|0.03"
113.00;4.39;0001-01-01T00:00:07.9530000+01:00;103.08;0.29;-48.64;19.7;-6.621;-12.795;37.067;-32.683;10.929;-9.026;97.692;-70.578;120.520;"0001-01-01T00:00:07.938+01:00|W1|1.5|1.44|0.01|1.44|0.13;0001-01-01T00:00:07.938+01:00|W2|1.6|1.52|0.02|1.52|0.40;0001-01-01T00:00:07.938+01:00|W3|1.0|0.95|0.09|0.95|0.28;0001-01-01T00:00:07.938+01:00|W4|1.4|1.39|0.10|1.39|0.12;0001-01-01T00:00:07.938+01:00|W5|0.9|0.91|0.19|0.91|0.23;0001-01-01T00:00:07.938+01:00|W6|1.3|0.93|0.08|0.93|0.87;0001-01-01T00:00:07.938+01:00|W7|1.1|0.69|0.28|0.69|0.79;0001-01-01T00:00:07.938+01:00|W8|0.3|0.25|0.11|0.25|0.07;0001-01-01T00:00:07.938+01:00|W9|0.3|0.23|0.05|0.23|0.22;0001-01-01T00:00:07.938+01:00|W10|0.6|0.53|0.14|0.53|0.37;0001-01-01T00:00:07.938+01:00|W11|0.9|0.93|0.10|0.93|0.11;0001-01-01T00:00:07.938+01:00|W12|0.2|0.07|0.01|0.07|0.03"
114.00;4.38;0001-01-01T00:00:07.9830000+01:00;103.89;0.30;-49.23;18.9;-6.671;-12.860;37.182;-32.525;10.415;-8.765;97.767;-70.774;120.696;"0001-01-01T00:00:07.938+01:00|W1|1.5|1.44|0.01|1.44|0.13;0001-01-01T00:00:07.938+01:00|W2|1.6|1.52|0.02|1.52|0.40;0001-01-01T00:00:07.938+01:00|W3|1.0|0.95|0.09|0.95|0.28;0001-01-01T00:00:07.938+01:00|W4|1.4|1.39|0.10|1.39|0.12;0001-01-01T00:00:07.938+01:00|W5|0.9|0.91|0.19|0.91|0.23;0001-01-01T00:00:07.938+01:00|W6|1.3|0.93|0.08|0.93|0.87;0001-01-01T00:00:07.938+01:00|W7|1.1|0.69|0.28|0.69|0.79;0001-01-01T00:00:07.938+01:00|W8|0.3|0.25|0.11|0.25|0.07;0001-01-01T00:00:07.938+01:00|W9|0.3|0.23|0.05|0.23|0.22;0001-01-01T00:00:07.938+01:00|W10|0.6|0.53|0.14|0.53|0.37;0001-01-01T00:00:07.938+01:00|W11|0.9|0.93|0.10|0.93|0.11;0001-01-01T00:00:07.938+01:00|W12|0.2|0.07|0.01|0.07|0.03"
115.00;4.38;0001-01-01T00:00:08.0130000+01:00;104.70;0.30;-49.82;18.2;-6.691;-12.807;37.535;-32.016;9.931;-8.551;97.826;-70.967;120.858;"0001-01-01T00:00:07.938+01:00|W1|1.5|1.44|0.01|1.44|0.13;0001-01-01T00:00:07.938+01:00|W2|1.6|1.52|0.02|1.52|0.40;0001-01-01T00:00:07.938+01:00|W3|1.0|0.95|0.09|0.95|0.28;0001-01-01T00:00:07.938+01:00|W4|1.4|1.39|0.10|1.39|0.12;0001-01-01T00:00:07.938+01:00|W5|0.9|0.91|0.19|0.91|0.23;0001-01-01T00:00:07.938+01:00|W6|1.3|0.93|0.08|0.93|0.87;0001-01-01T00:00:07.938+01:00|W7|1.1|0.69|0.28|0.69|0.79;0001-01-01T00:00:07.938+01:00|W8|0.3|0.25|0.11|0.25|0.07;0001-01-01T00:00:07.938+01:00|W9|0.3|0.23|0.05|0.23|0.22;0001-01-01T00:00:07.938+01:00|W10|0.6|0.53|0.14|0.53|0.37;0001-01-01T00:00:07.938+01:00|W11|0.9|0.93|0.10|0.93|0.11;0001-01-01T00:00:07.938+01:00|W12|0.2|0.07|0.01|0.07|0.03"
116.00;4.37;0001-01-01T00:00:08.0430000+01:00;105.52;0.31;-50.41;17.8;-6.599;-12.553;38.682;-30.638;9.534;-8.490;97.843;-71.159;120.984;"0001-01-01T00:00:07.938+01:00|W1|1.5|1.44|0.01|1.44|0.13;0001-01-01T00:00:07.938+01:00|W2|1.6|1.52|0.02|1.52|0.40;0001-01-01T00:00:07.938+01:00|W3|1.0|0.95|0.09|0.95|0.28;0001-01-01T00:00:07.938+01:00|W4|1.4|1.39|0.10|1.39|0.12;0001-01-01T00:00:07.938+01:00|W5|0.9|0.91|0.19|0.91|0.23;0001-01-01T00:00:07.938+01:00|W6|1.3|0.93|0.08|0.93|0.87;0001-01-01T00:00:07.938+01:00|W7|1.1|0.69|0.28|0.69|0.79;0001-01-01T00:00:07.938+01:00|W8|0.3|0.25|0.11|0.25|0.07;0001-01-01T00:00:07.938+01:00|W9|0.3|0.23|0.05|0.23|0.22;0001-01-01T00:00:07.938+01:00|W10|0.6|0.53|0.14|0.53|0.37;0001-01-01T00:00:07.938+01:00|W11|0.9|0.93|0.10|0.93|0.11;0001-01-01T00:00:07.938+01:00|W12|0.2|0.07|0.01|0.07|0.03"
117.00;4.37;0001-01-01T00:00:08.0730000+01:00;106.33;0.31;-51.00;17.5;-6.523;-12.193;39.320;-29.703;9.263;-8.436;97.877;-71.351;121.125;"0001-01-01T00:00:08.189+01:00|W1|1.5|1.44|0.01|1.44|0.13;0001-01-01T00:00:08.189+01:00|W2|1.6|1.52|0.02|1.52|0.40;0001-01-01T00:00:08.189+01:00|W3|1.0|0.95|0.09|0.95|0.28;0001-01-01T00:00:08.189+01:00|W4|1.4|1.39|0.10|1.39|0.12;0001-01-01T00:00:08.189+01:00|W5|0.9|0.91|0.19|0.91|0.23;0001-01-01T00:00:08.189+01:00|W6|1.2|0.91|0.04|0.91|0.83;0001-01-01T00:00:08.189+01:00|W7|1.1|0.69|0.28|0.69|0.79;0001-01-01T00:00:08.189+01:00|W8|0.3|0.25|0.11|0.25|0.07;0001-01-01T00:00:08.189+01:00|W9|0.3|0.23|0.05|0.23|0.22;0001-01-01T00:00:08.189+01:00|W10|0.6|0.53|0.14|0.53|0.37;0001-01-01T00:00:08.189+01:00|W11|0.9|0.93|0.10|0.93|0.11;0001-01-01T00:00:08.189+01:00|W12|0.2|0.07|0.01|0.07|0.03"
118.00;4.37;0001-01-01T00:00:08.1030000+01:00;107.14;0.32;-51.59;17.3;-6.459;-11.737;39.504;-29.159;9.102;-8.387;97.926;-71.543;121.277;"0001-01-01T00:00:08.189+01:00|W1|1.5|1.44|0.01|1.44|0.13;0001-01-01T00:00:08.189+01:00|W2|1.6|1.52|0.02|1.52|0.40;0001-01-01T00:00:08.189+01:00|W3|1.0|0.95|0.09|0.95|0.28;0001-01-01T00:00:08.189+01:00|W4|1.4|1.39|0.10|1.39|0.12;0001-01-01T00:00:08.189+01:00|W5|0.9|0.91|0.19|0.91|0.23;0001-01-01T00:00:08.189+01:00|W6|1.2|0.91|0.04|0.91|0.83;0001-01-01T00:00:08.189+01:00|W7|1.1|0.69|0.28|0.69|0.79;0001-01-01T00:00:08.189+01:00|W8|0.3|0.25|0.11|0.25|0.07;0001-01-01T00:00:08.189+01:00|W9|0.3|0.23|0.05|0.23|0.22;0001-01-01T00:00:08.189+01:00|W10|0.6|0.53|0.14|0.53|0.37;0001-01-01T00:00:08.189+01:00|W11|0.9|0.93|0.10|0.93|0.11;0001-01-01T00:00:08.189+01:00|W12|0.2|0.07|0.01|0.07|0.03"
119.00;4.36;0001-01-01T00:00:08.1320000+01:00;107.95;0.32;-52.18;17.3;-6.459;-11.426;40.129;-28.745;9.146;-8.538;97.998;-71.612;121.376;"0001-01-01T00:00:08.189+01:00|W1|1.5|1.44|0.01|1.44|0.13;0001-01-01T00:00:08.189+01:00|W2|1.6|1.52|0.02|1.52|0.40;0001-01-01T00:00:08.189+01:00|W3|1.0|0.95|0.09|0.95|0.28;0001-01-01T00:00:08.189+01:00|W4|1.4|1.39|0.10|1.39|0.12;0001-01-01T00:00:08.189+01:00|W5|0.9|0.91|0.19|0.91|0.23;0001-01-01T00:00:08.189+01:00|W6|1.2|0.91|0.04|0.91|0.83;0001-01-01T00:00:08.189+01:00|W7|1.1|0.69|0.28|0.69|0.79;0001-01-01T00:00:08.189+01:00|W8|0.3|0.25|0.11|0.25|0.07;0001-01-01T00:00:08.189+01:00|W9|0.3|0.23|0.05|0.23|0.22;0001-01-01T00:00:08.189+01:00|W10|0.6|0.53|0.14|0.53|0.37;0001-01-01T00:00:08.189+01:00|W11|0.9|0.93|0.10|0.93|0.11;0001-01-01T00:00:08.189+01:00|W12|0.2|0.07|0.01|0.07|0.03"
120.00;4.37;0001-01-01T00:00:08.1620000+01:00;108.76;0.31;-52.77;17.4;-6.474;-11.139;40.871;-28.353;9.242;-8.723;98.071;-71.678;121.474;"0001-01-01T00:00:08.189+01:00|W1|1.5|1.44|0.01|1.44|0.13;0001-01-01T00:00:08.189+01:00|W2|1.6|1.52|0.02|1.52|0.40;0001-01-01T00:00:08.189+01:00|W3|1.0|0.95|0.09|0.95|0.28;0001-01-01T00:00:08.189+01:00|W4|1.4|1.39|0.10|1.39|0.12;0001-01-01T00:00:08.189+01:00|W5|0.9|0.91|0.19|0.91|0.23;0001-01-01T00:00:08.189+01:00|W6|1.2|0.91|0.04|0.91|0.83;0001-01-01T00:00:08.189+01:00|W7|1.1|0.69|0.28|0.69|0.79;0001-01-01T00:00:08.189+01:00|W8|0.3|0.25|0.11|0.25|0.07;0001-01-01T00:00:08.189+01:00|W9|0.3|0.23|0.05|0.23|0.22;0001-01-01T00:00:08.189+01:00|W10|0.6|0.53|0.14|0.53|0.37;0001-01-01T00:00:08.189+01:00|W11|0.9|0.93|0.10|0.93|0.11;0001-01-01T00:00:08.189+01:00|W12|0.2|0.07|0.01|0.07|0.03"
121.00;4.37;0001-01-01T00:00:08.1920000+01:00;109.57;0.32;-53.36;17.6;-6.509;-10.852;41.811;-27.961;9.426;-8.908;98.126;-71.833;121.610;"0001-01-01T00:00:08.189+01:00|W1|1.5|1.44|0.01|1.44|0.13;0001-01-01T00:00:08.189+01:00|W2|1.6|1.52|0.02|1.52|0.40;0001-01-01T00:00:08.189+01:00|W3|1.0|0.95|0.09|0.95|0.28;0001-01-01T00:00:08.189+01:00|W4|1.4|1.39|0.10|1.39|0.12;0001-01-01T00:00:08.189+01:00|W5|0.9|0.91|0.19|0.91|0.23;0001-01-01T00:00:08.189+01:00|W6|1.2|0.91|0.04|0.91|0.83;0001-01-01T00:00:08.189+01:00|W7|1.1|0.69|0.28|0.69|0.79;0001-01-01T00:00:08.189+01:00|W8|0.3|0.25|0.11|0.25|0.07;0001-01-01T00:00:08.189+01:00|W9|0.3|0.23|0.05|0.23|0.22;0001-01-01T00:00:08.189+01:00|W10|0.6|0.53|0.14|0.53|0.37;0001-01-01T00:00:08.189+01:00|W11|0.9|0.93|0.10|0.93|0.11;0001-01-01T00:00:08.189+01:00|W12|0.2|0.07|0.01|0.07|0.03"
122.00;4.36;0001-01-01T00:00:08.2220000+01:00;110.38;0.32;-53.95;18.1;-6.581;-10.566;43.024;-27.570;9.652;-9.093;98.203;-72.020;121.783;"0001-01-01T00:00:08.189+01:00|W1|1.5|1.44|0.01|1.44|0.13;0001-01-01T00:00:08.189+01:00|W2|1.6|1.52|0.02|1.52|0.40;0001-01-01T00:00:08.189+01:00|W3|1.0|0.95|0.09|0.95|0.28;0001-01-01T00:00:08.189+01:00|W4|1.4|1.39|0.10|1.39|0.12;0001-01-01T00:00:08.189+01:00|W5|0.9|0.91|0.19|0.91|0.23;0001-01-01T00:00:08.189+01:00|W6|1.2|0.91|0.04|0.91|0.83;0001-01-01T00:00:08.189+01:00|W7|1.1|0.69|0.28|0.69|0.79;0001-01-01T00:00:08.189+01:00|W8|0.3|0.25|0.11|0.25|0.07;0001-01-01T00:00:08.189+01:00|W9|0.3|0.23|0.05|0.23|0.22;0001-01-01T00:00:08.189+01:00|W10|0.6|0.53|0.14|0.53|0.37;0001-01-01T00:00:08.189+01:00|W11|0.9|0.93|0.10|0.93|0.11;0001-01-01T00:00:08.189+01:00|W12|0.2|0.07|0.01|0.07|0.03"
123.00;4.35;0001-01-01T00:00:08.2510000+01:00;111.19;0.34;-54.55;18.9;-6.690;-10.282;44.516;-27.181;9.920;-9.277;98.303;-72.242;121.994;"0001-01-01T00:00:08.189+01:00|W1|1.5|1.44|0.01|1.44|0.13;0001-01-01T00:00:08.189+01:00|W2|1.6|1.52|0.02|1.52|0.40;0001-01-01T00:00:08.189+01:00|W3|1.0|0.95|0.09|0.95|0.28;0001-01-01T00:00:08.189+01:00|W4|1.4|1.39|0.10|1.39|0.12;0001-01-01T00:00:08.189+01:00|W5|0.9|0.91|0.19|0.91|0.23;0001-01-01T00:00:08.189+01:00|W6|1.2|0.91|0.04|0.91|0.83;0001-01-01T00:00:08.189+01:00|W7|1.1|0.69|0.28|0.69|0.79;0001-01-01T00:00:08.189+01:00|W8|0.3|0.25|0.11|0.25|0.07;0001-01-01T00:00:08.189+01:00|W9|0.3|0.23|0.05|0.23|0.22;0001-01-01T00:00:08.189+01:00|W10|0.6|0.53|0.14|0.53|0.37;0001-01-01T00:00:08.189+01:00|W11|0.9|0.93|0.10|0.93|0.11;0001-01-01T00:00:08.189+01:00|W12|0.2|0.07|0.01|0.07|0.03"
124.00;4.34;0001-01-01T00:00:08.2810000+01:00;111.99;0.34;-55.15;19.4;-6.775;-10.257;45.268;-27.250;10.080;-9.545;98.430;-72.532;122.269;"0001-01-01T00:00:08.189+01:00|W1|1.5|1.44|0.01|1.44|0.13;0001-01-01T00:00:08.189+01:00|W2|1.6|1.52|0.02|1.52|0.40;0001-01-01T00:00:08.189+01:00|W3|1.0|0.95|0.09|0.95|0.28;0001-01-01T00:00:08.189+01:00|W4|1.4|1.39|0.10|1.39|0.12;0001-01-01T00:00:08.189+01:00|W5|0.9|0.91|0.19|0.91|0.23;0001-01-01T00:00:08.189+01:00|W6|1.2|0.91|0.04|0.91|0.83;0001-01-01T00:00:08.189+01:00|W7|1.1|0.69|0.28|0.69|0.79;0001-01-01T00:00:08.189+01:00|W8|0.3|0.25|0.11|0.25|0.07;0001-01-01T00:00:08.189+01:00|W9|0.3|0.23|0.05|0.23|0.22;0001-01-01T00:00:08.189+01:00|W10|0.6|0.53|0.14|0.53|0.37;0001-01-01T00:00:08.189+01:00|W11|0.9|0.93|0.10|0.93|0.11;0001-01-01T00:00:08.189+01:00|W12|0.2|0.07|0.01|0.07|0.03"
125.00;4.34;0001-01-01T00:00:08.3100000+01:00;112.80;0.34;-55.74;19.8;-6.851;-10.305;45.831;-27.346;10.187;-9.829;98.562;-72.835;122.554;"0001-01-01T00:00:08.189+01:00|W1|1.5|1.44|0.01|1.44|0.13;0001-01-01T00:00:08.189+01:00|W2|1.6|1.52|0.02|1.52|0.40;0001-01-01T00:00:08.189+01:00|W3|1.0|0.95|0.09|0.95|0.28;0001-01-01T00:00:08.189+01:00|W4|1.4|1.39|0.10|1.39|0.12;0001-01-01T00:00:08.189+01:00|W5|0.9|0.91|0.19|0.91|0.23;0001-01-01T00:00:08.189+01:00|W6|1.2|0.91|0.04|0.91|0.83;0001-01-01T00:00:08.189+01:00|W7|1.1|0.69|0.28|0.69|0.79;0001-01-01T00:00:08.189+01:00|W8|0.3|0.25|0.11|0.25|0.07;0001-01-01T00:00:08.189+01:00|W9|0.3|0.23|0.05|0.23|0.22;0001-01-01T00:00:08.189+01:00|W10|0.6|0.53|0.14|0.53|0.37;0001-01-01T00:00:08.189+01:00|W11|0.9|0.93|0.10|0.93|0.11;0001-01-01T00:00:08.189+01:00|W12|0.2|0.07|0.01|0.07|0.03"
126.00;4.33;0001-01-01T00:00:08.3400000+01:00;113.61;0.35;-56.34;19.9;-6.888;-10.416;46.369;-26.731;10.087;-10.066;98.673;-73.098;122.800;"0001-01-01T00:00:08.443+01:00|W1|1.7|1.60|0.16|1.60|0.22;0001-01-01T00:00:08.443+01:00|W2|1.5|1.46|0.09|1.46|0.36;0001-01-01T00:00:08.443+01:00|W3|1.1|1.00|0.15|1.00|0.36;0001-01-01T00:00:08.443+01:00|W4|1.4|1.38|0.08|1.38|0.14;0001-01-01T00:00:08.443+01:00|W5|0.9|0.84|0.24|0.84|0.30;0001-01-01T00:00:08.443+01:00|W6|1.2|0.92|0.01|0.92|0.79;0001-01-01T00:00:08.443+01:00|W7|1.1|0.65|0.24|0.65|0.85;0001-01-01T00:00:08.443+01:00|W8|0.3|0.23|0.12|0.23|0.03;0001-01-01T00:00:08.443+01:00|W9|0.3|0.24|0.05|0.24|0.21;0001-01-01T00:00:08.443+01:00|W10|0.6|0.52|0.16|0.52|0.33;0001-01-01T00:00:08.443+01:00|W11|1.0|0.96|0.13|0.96|0.11;0001-01-01T00:00:08.443+01:00|W12|0.2|0.08|0.01|0.08|0.04"
127.00;4.33;0001-01-01T00:00:08.3690000+01:00;114.41;0.35;-56.94;19.8;-6.895;-10.519;46.809;-26.257;9.868;-10.286;98.779;-73.453;123.097;"0001-01-01T00:00:08.443+01:00|W1|1.7|1.60|0.16|1.60|0.22;0001-01-01T00:00:08.443+01:00|W2|1.5|1.46|0.09|1.46|0.36;0001-01-01T00:00:08.443+01:00|W3|1.1|1.00|0.15|1.00|0.36;0001-01-01T00:00:08.443+01:00|W4|1.4|1.38|0.08|1.38|0.14;0001-01-01T00:00:08.443+01:00|W5|0.9|0.84|0.24|0.84|0.30;0001-01-01T00:00:08.443+01:00|W6|1.2|0.92|0.01|0.92|0.79;0001-01-01T00:00:08.443+01:00|W7|1.1|0.65|0.24|0.65|0.85;0001-01-01T00:00:08.443+01:00|W8|0.3|0.23|0.12|0.23|0.03;0001-01-01T00:00:08.443+01:00|W9|0.3|0.24|0.05|0.24|0.21;0001-01-01T00:00:08.443+01:00|W10|0.6|0.52|0.16|0.52|0.33;0001-01-01T00:00:08.443+01:00|W11|1.0|0.96|0.13|0.96|0.11;0001-01-01T00:00:08.443+01:00|W12|0.2|0.08|0.01|0.08|0.04"
128.00;4.32;0001-01-01T00:00:08.3980000+01:00;115.22;0.36;-57.54;19.5;-6.854;-10.609;47.105;-25.991;9.474;-10.483;98.875;-73.944;123.467;"0001-01-01T00:00:08.443+01:00|W1|1.7|1.60|0.16|1.60|0.22;0001-01-01T00:00:08.443+01:00|W2|1.5|1.46|0.09|1.46|0.36;0001-01-01T00:00:08.443+01:00|W3|1.1|1.00|0.15|1.00|0.36;0001-01-01T00:00:08.443+01:00|W4|1.4|1.38|0.08|1.38|0.14;0001-01-01T00:00:08.443+01:00|W5|0.9|0.84|0.24|0.84|0.30;0001-01-01T00:00:08.443+01:00|W6|1.2|0.92|0.01|0.92|0.79;0001-01-01T00:00:08.443+01:00|W7|1.1|0.65|0.24|0.65|0.85;0001-01-01T00:00:08.443+01:00|W8|0.3|0.23|0.12|0.23|0.03;0001-01-01T00:00:08.443+01:00|W9|0.3|0.24|0.05|0.24|0.21;0001-01-01T00:00:08.443+01:00|W10|0.6|0.52|0.16|0.52|0.33;0001-01-01T00:00:08.443+01:00|W11|1.0|0.96|0.13|0.96|0.11;0001-01-01T00:00:08.443+01:00|W12|0.2|0.08|0.01|0.08|0.04"
129.00;4.31;0001-01-01T00:00:08.4280000+01:00;116.02;0.36;-58.14;19.2;-6.907;-10.700;46.920;-25.725;8.963;-10.678;98.993;-74.011;123.602;"0001-01-01T00:00:08.443+01:00|W1|1.7|1.60|0.16|1.60|0.22;0001-01-01T00:00:08.443+01:00|W2|1.5|1.46|0.09|1.46|0.36;0001-01-01T00:00:08.443+01:00|W3|1.1|1.00|0.15|1.00|0.36;0001-01-01T00:00:08.443+01:00|W4|1.4|1.38|0.08|1.38|0.14;0001-01-01T00:00:08.443+01:00|W5|0.9|0.84|0.24|0.84|0.30;0001-01-01T00:00:08.443+01:00|W6|1.2|0.92|0.01|0.92|0.79;0001-01-01T00:00:08.443+01:00|W7|1.1|0.65|0.24|0.65|0.85;0001-01-01T00:00:08.443+01:00|W8|0.3|0.23|0.12|0.23|0.03;0001-01-01T00:00:08.443+01:00|W9|0.3|0.24|0.05|0.24|0.21;0001-01-01T00:00:08.443+01:00|W10|0.6|0.52|0.16|0.52|0.33;0001-01-01T00:00:08.443+01:00|W11|1.0|0.96|0.13|0.96|0.11;0001-01-01T00:00:08.443+01:00|W12|0.2|0.08|0.01|0.08|0.04"
130.00;4.31;0001-01-01T00:00:08.4570000+01:00;116.82;0.36;-58.74;19.0;-6.998;-10.790;46.532;-25.459;8.401;-10.874;99.119;-73.899;123.635;"0001-01-01T00:00:08.443+01:00|W1|1.7|1.60|0.16|1.60|0.22;0001-01-01T00:00:08.443+01:00|W2|1.5|1.46|0.09|1.46|0.36;0001-01-01T00:00:08.443+01:00|W3|1.1|1.00|0.15|1.00|0.36;0001-01-01T00:00:08.443+01:00|W4|1.4|1.38|0.08|1.38|0.14;0001-01-01T00:00:08.443+01:00|W5|0.9|0.84|0.24|0.84|0.30;0001-01-01T00:00:08.443+01:00|W6|1.2|0.92|0.01|0.92|0.79;0001-01-01T00:00:08.443+01:00|W7|1.1|0.65|0.24|0.65|0.85;0001-01-01T00:00:08.443+01:00|W8|0.3|0.23|0.12|0.23|0.03;0001-01-01T00:00:08.443+01:00|W9|0.3|0.24|0.05|0.24|0.21;0001-01-01T00:00:08.443+01:00|W10|0.6|0.52|0.16|0.52|0.33;0001-01-01T00:00:08.443+01:00|W11|1.0|0.96|0.13|0.96|0.11;0001-01-01T00:00:08.443+01:00|W12|0.2|0.08|0.01|0.08|0.04"
131.00;4.30;0001-01-01T00:00:08.4860000+01:00;117.63;0.36;-59.34;18.5;-7.068;-10.852;46.637;-25.675;7.749;-11.025;99.209;-74.117;123.838;"0001-01-01T00:00:08.443+01:00|W1|1.7|1.60|0.16|1.60|0.22;0001-01-01T00:00:08.443+01:00|W2|1.5|1.46|0.09|1.46|0.36;0001-01-01T00:00:08.443+01:00|W3|1.1|1.00|0.15|1.00|0.36;0001-01-01T00:00:08.443+01:00|W4|1.4|1.38|0.08|1.38|0.14;0001-01-01T00:00:08.443+01:00|W5|0.9|0.84|0.24|0.84|0.30;0001-01-01T00:00:08.443+01:00|W6|1.2|0.92|0.01|0.92|0.79;0001-01-01T00:00:08.443+01:00|W7|1.1|0.65|0.24|0.65|0.85;0001-01-01T00:00:08.443+01:00|W8|0.3|0.23|0.12|0.23|0.03;0001-01-01T00:00:08.443+01:00|W9|0.3|0.24|0.05|0.24|0.21;0001-01-01T00:00:08.443+01:00|W10|0.6|0.52|0.16|0.52|0.33;0001-01-01T00:00:08.443+01:00|W11|1.0|0.96|0.13|0.96|0.11;0001-01-01T00:00:08.443+01:00|W12|0.2|0.08|0.01|0.08|0.04"
132.00;4.30;0001-01-01T00:00:08.5150000+01:00;118.43;0.36;-59.94;18.1;-7.132;-10.951;46.590;-25.913;7.106;-11.191;99.302;-74.324;124.036;"0001-01-01T00:00:08.443+01:00|W1|1.7|1.60|0.16|1.60|0.22;0001-01-01T00:00:08.443+01:00|W2|1.5|1.46|0.09|1.46|0.36;0001-01-01T00:00:08.443+01:00|W3|1.1|1.00|0.15|1.00|0.36;0001-01-01T00:00:08.443+01:00|W4|1.4|1.38|0.08|1.38|0.14;0001-01-01T00:00:08.443+01:00|W5|0.9|0.84|0.24|0.84|0.30;0001-01-01T00:00:08.443+01:00|W6|1.2|0.92|0.01|0.92|0.79;0001-01-01T00:00:08.443+01:00|W7|1.1|0.65|0.24|0.65|0.85;0001-01-01T00:00:08.443+01:00|W8|0.3|0.23|0.12|0.23|0.03;0001-01-01T00:00:08.443+01:00|W9|0.3|0.24|0.05|0.24|0.21;0001-01-01T00:00:08.443+01:00|W10|0.6|0.52|0.16|0.52|0.33;0001-01-01T00:00:08.443+01:00|W11|1.0|0.96|0.13|0.96|0.11;0001-01-01T00:00:08.443+01:00|W12|0.2|0.08|0.01|0.08|0.04"
133.00;4.29;0001-01-01T00:00:08.5440000+01:00;119.23;0.36;-60.54;17.7;-7.184;-11.145;46.148;-26.201;6.487;-11.396;99.402;-74.501;124.222;"0001-01-01T00:00:08.443+01:00|W1|1.7|1.60|0.16|1.60|0.22;0001-01-01T00:00:08.443+01:00|W2|1.5|1.46|0.09|1.46|0.36;0001-01-01T00:00:08.443+01:00|W3|1.1|1.00|0.15|1.00|0.36;0001-01-01T00:00:08.443+01:00|W4|1.4|1.38|0.08|1.38|0.14;0001-01-01T00:00:08.443+01:00|W5|0.9|0.84|0.24|0.84|0.30;0001-01-01T00:00:08.443+01:00|W6|1.2|0.92|0.01|0.92|0.79;0001-01-01T00:00:08.443+01:00|W7|1.1|0.65|0.24|0.65|0.85;0001-01-01T00:00:08.443+01:00|W8|0.3|0.23|0.12|0.23|0.03;0001-01-01T00:00:08.443+01:00|W9|0.3|0.24|0.05|0.24|0.21;0001-01-01T00:00:08.443+01:00|W10|0.6|0.52|0.16|0.52|0.33;0001-01-01T00:00:08.443+01:00|W11|1.0|0.96|0.13|0.96|0.11;0001-01-01T00:00:08.443+01:00|W12|0.2|0.08|0.01|0.08|0.04"
134.00;4.28;0001-01-01T00:00:08.5730000+01:00;120.03;0.36;-61.14;17.2;-7.128;-11.296;45.987;-26.414;5.860;-11.582;99.490;-74.665;124.392;"0001-01-01T00:00:08.690+01:00|W1|1.7|1.64|0.16|1.64|0.26;0001-01-01T00:00:08.690+01:00|W2|1.5|1.46|0.09|1.46|0.36;0001-01-01T00:00:08.690+01:00|W3|1.2|1.12|0.27|1.12|0.46;0001-01-01T00:00:08.690+01:00|W4|1.3|1.29|0.01|1.29|0.17;0001-01-01T00:00:08.690+01:00|W5|0.9|0.82|0.21|0.82|0.35;0001-01-01T00:00:08.690+01:00|W6|1.2|0.93|0.00|0.93|0.74;0001-01-01T00:00:08.690+01:00|W7|1.1|0.62|0.18|0.62|0.91;0001-01-01T00:00:08.690+01:00|W8|0.3|0.16|0.11|0.16|0.04;0001-01-01T00:00:08.690+01:00|W9|0.3|0.24|0.05|0.24|0.21;0001-01-01T00:00:08.690+01:00|W10|0.6|0.47|0.19|0.47|0.32;0001-01-01T00:00:08.690+01:00|W11|1.0|0.93|0.09|0.93|0.07;0001-01-01T00:00:08.690+01:00|W12|0.1|0.07|0.03|0.07|0.05"
135.00;4.28;0001-01-01T00:00:08.6020000+01:00;120.83;0.37;-61.75;16.8;-6.989;-11.411;46.048;-26.567;5.226;-11.753;99.569;-74.821;124.548;"0001-01-01T00:00:08.690+01:00|W1|1.7|1.64|0.16|1.64|0.26;0001-01-01T00:00:08.690+01:00|W2|1.5|1.46|0.09|1.46|0.36;0001-01-01T00:00:08.690+01:00|W3|1.2|1.12|0.27|1.12|0.46;0001-01-01T00:00:08.690+01:00|W4|1.3|1.29|0.01|1.29|0.17;0001-01-01T00:00:08.690+01:00|W5|0.9|0.82|0.21|0.82|0.35;0001-01-01T00:00:08.690+01:00|W6|1.2|0.93|0.00|0.93|0.74;0001-01-01T00:00:08.690+01:00|W7|1.1|0.62|0.18|0.62|0.91;0001-01-01T00:00:08.690+01:00|W8|0.3|0.16|0.11|0.16|0.04;0001-01-01T00:00:08.690+01:00|W9|0.3|0.24|0.05|0.24|0.21;0001-01-01T00:00:08.690+01:00|W10|0.6|0.47|0.19|0.47|0.32;0001-01-01T00:00:08.690+01:00|W11|1.0|0.93|0.09|0.93|0.07;0001-01-01T00:00:08.690+01:00|W12|0.1|0.07|0.03|0.07|0.05"
136.00;4.27;0001-01-01T00:00:08.6310000+01:00;121.64;0.36;-62.35;16.4;-6.818;-11.476;45.806;-26.461;4.720;-11.879;99.640;-75.011;124.719;"0001-01-01T00:00:08.690+01:00|W1|1.7|1.64|0.16|1.64|0.26;0001-01-01T00:00:08.690+01:00|W2|1.5|1.46|0.09|1.46|0.36;0001-01-01T00:00:08.690+01:00|W3|1.2|1.12|0.27|1.12|0.46;0001-01-01T00:00:08.690+01:00|W4|1.3|1.29|0.01|1.29|0.17;0001-01-01T00:00:08.690+01:00|W5|0.9|0.82|0.21|0.82|0.35;0001-01-01T00:00:08.690+01:00|W6|1.2|0.93|0.00|0.93|0.74;0001-01-01T00:00:08.690+01:00|W7|1.1|0.62|0.18|0.62|0.91;0001-01-01T00:00:08.690+01:00|W8|0.3|0.16|0.11|0.16|0.04;0001-01-01T00:00:08.690+01:00|W9|0.3|0.24|0.05|0.24|0.21;0001-01-01T00:00:08.690+01:00|W10|0.6|0.47|0.19|0.47|0.32;0001-01-01T00:00:08.690+01:00|W11|1.0|0.93|0.09|0.93|0.07;0001-01-01T00:00:08.690+01:00|W12|0.1|0.07|0.03|0.07|0.05"
137.00;4.27;0001-01-01T00:00:08.6600000+01:00;122.44;0.36;-62.95;16.0;-6.642;-11.522;45.481;-26.351;4.260;-11.989;99.707;-75.196;124.884;"0001-01-01T00:00:08.690+01:00|W1|1.7|1.64|0.16|1.64|0.26;0001-01-01T00:00:08.690+01:00|W2|1.5|1.46|0.09|1.46|0.36;0001-01-01T00:00:08.690+01:00|W3|1.2|1.12|0.27|1.12|0.46;0001-01-01T00:00:08.690+01:00|W4|1.3|1.29|0.01|1.29|0.17;0001-01-01T00:00:08.690+01:00|W5|0.9|0.82|0.21|0.82|0.35;0001-01-01T00:00:08.690+01:00|W6|1.2|0.93|0.00|0.93|0.74;0001-01-01T00:00:08.690+01:00|W7|1.1|0.62|0.18|0.62|0.91;0001-01-01T00:00:08.690+01:00|W8|0.3|0.16|0.11|0.16|0.04;0001-01-01T00:00:08.690+01:00|W9|0.3|0.24|0.05|0.24|0.21;0001-01-01T00:00:08.690+01:00|W10|0.6|0.47|0.19|0.47|0.32;0001-01-01T00:00:08.690+01:00|W11|1.0|0.93|0.09|0.93|0.07;0001-01-01T00:00:08.690+01:00|W12|0.1|0.07|0.03|0.07|0.05"
138.00;4.26;0001-01-01T00:00:08.6890000+01:00;123.24;0.35;-63.56;15.8;-6.475;-11.488;44.963;-26.634;3.967;-12.037;99.765;-75.278;124.981;"0001-01-01T00:00:08.690+01:00|W1|1.7|1.64|0.16|1.64|0.26;0001-01-01T00:00:08.690+01:00|W2|1.5|1.46|0.09|1.46|0.36;0001-01-01T00:00:08.690+01:00|W3|1.2|1.12|0.27|1.12|0.46;0001-01-01T00:00:08.690+01:00|W4|1.3|1.29|0.01|1.29|0.17;0001-01-01T00:00:08.690+01:00|W5|0.9|0.82|0.21|0.82|0.35;0001-01-01T00:00:08.690+01:00|W6|1.2|0.93|0.00|0.93|0.74;0001-01-01T00:00:08.690+01:00|W7|1.1|0.62|0.18|0.62|0.91;0001-01-01T00:00:08.690+01:00|W8|0.3|0.16|0.11|0.16|0.04;0001-01-01T00:00:08.690+01:00|W9|0.3|0.24|0.05|0.24|0.21;0001-01-01T00:00:08.690+01:00|W10|0.6|0.47|0.19|0.47|0.32;0001-01-01T00:00:08.690+01:00|W11|1.0|0.93|0.09|0.93|0.07;0001-01-01T00:00:08.690+01:00|W12|0.1|0.07|0.03|0.07|0.05"
139.00;4.26;0001-01-01T00:00:08.7180000+01:00;124.04;0.35;-64.16;15.7;-6.357;-11.473;44.567;-26.639;3.813;-12.070;99.856;-75.405;125.131;"0001-01-01T00:00:08.690+01:00|W1|1.7|1.64|0.16|1.64|0.26;0001-01-01T00:00:08.690+01:00|W2|1.5|1.46|0.09|1.46|0.36;0001-01-01T00:00:08.690+01:00|W3|1.2|1.12|0.27|1.12|0.46;0001-01-01T00:00:08.690+01:00|W4|1.3|1.29|0.01|1.29|0.17;0001-01-01T00:00:08.690+01:00|W5|0.9|0.82|0.21|0.82|0.35;0001-01-01T00:00:08.690+01:00|W6|1.2|0.93|0.00|0.93|0.74;0001-01-01T00:00:08.690+01:00|W7|1.1|0.62|0.18|0.62|0.91;0001-01-01T00:00:08.690+01:00|W8|0.3|0.16|0.11|0.16|0.04;0001-01-01T00:00:08.690+01:00|W9|0.3|0.24|0.05|0.24|0.21;0001-01-01T00:00:08.690+01:00|W10|0.6|0.47|0.19|0.47|0.32;0001-01-01T00:00:08.690+01:00|W11|1.0|0.93|0.09|0.93|0.07;0001-01-01T00:00:08.690+01:00|W12|0.1|0.07|0.03|0.07|0.05"
140.00;4.26;0001-01-01T00:00:08.7470000+01:00;124.84;0.34;-64.76;15.7;-6.318;-11.487;44.372;-26.181;3.892;-12.078;100.001;-75.607;125.369;"0001-01-01T00:00:08.690+01:00|W1|1.7|1.64|0.16|1.64|0.26;0001-01-01T00:00:08.690+01:00|W2|1.5|1.46|0.09|1.46|0.36;0001-01-01T00:00:08.690+01:00|W3|1.2|1.12|0.27|1.12|0.46;0001-01-01T00:00:08.690+01:00|W4|1.3|1.29|0.01|1.29|0.17;0001-01-01T00:00:08.690+01:00|W5|0.9|0.82|0.21|0.82|0.35;0001-01-01T00:00:08.690+01:00|W6|1.2|0.93|0.00|0.93|0.74;0001-01-01T00:00:08.690+01:00|W7|1.1|0.62|0.18|0.62|0.91;0001-01-01T00:00:08.690+01:00|W8|0.3|0.16|0.11|0.16|0.04;0001-01-01T00:00:08.690+01:00|W9|0.3|0.24|0.05|0.24|0.21;0001-01-01T00:00:08.690+01:00|W10|0.6|0.47|0.19|0.47|0.32;0001-01-01T00:00:08.690+01:00|W11|1.0|0.93|0.09|0.93|0.07;0001-01-01T00:00:08.690+01:00|W12|0.1|0.07|0.03|0.07|0.05"
141.00;4.26;0001-01-01T00:00:08.7760000+01:00;125.64;0.33;-65.37;15.7;-6.279;-11.501;44.178;-26.148;3.970;-11.929;100.024;-75.597;125.382;"0001-01-01T00:00:08.690+01:00|W1|1.7|1.64|0.16|1.64|0.26;0001-01-01T00:00:08.690+01:00|W2|1.5|1.46|0.09|1.46|0.36;0001-01-01T00:00:08.690+01:00|W3|1.2|1.12|0.27|1.12|0.46;0001-01-01T00:00:08.690+01:00|W4|1.3|1.29|0.01|1.29|0.17;0001-01-01T00:00:08.690+01:00|W5|0.9|0.82|0.21|0.82|0.35;0001-01-01T00:00:08.690+01:00|W6|1.2|0.93|0.00|0.93|0.74;0001-01-01T00:00:08.690+01:00|W7|1.1|0.62|0.18|0.62|0.91;0001-01-01T00:00:08.690+01:00|W8|0.3|0.16|0.11|0.16|0.04;0001-01-01T00:00:08.690+01:00|W9|0.3|0.24|0.05|0.24|0.21;0001-01-01T00:00:08.690+01:00|W10|0.6|0.47|0.19|0.47|0.32;0001-01-01T00:00:08.690+01:00|W11|1.0|0.93|0.09|0.93|0.07;0001-01-01T00:00:08.690+01:00|W12|0.1|0.07|0.03|0.07|0.05"
142.00;4.25;0001-01-01T00:00:08.8040000+01:00;126.44;0.32;-65.97;15.9;-6.241;-11.514;43.984;-26.345;4.047;-11.694;99.980;-75.473;125.272;"0001-01-01T00:00:08.690+01:00|W1|1.7|1.64|0.16|1.64|0.26;0001-01-01T00:00:08.690+01:00|W2|1.5|1.46|0.09|1.46|0.36;0001-01-01T00:00:08.690+01:00|W3|1.2|1.12|0.27|1.12|0.46;0001-01-01T00:00:08.690+01:00|W4|1.3|1.29|0.01|1.29|0.17;0001-01-01T00:00:08.690+01:00|W5|0.9|0.82|0.21|0.82|0.35;0001-01-01T00:00:08.690+01:00|W6|1.2|0.93|0.00|0.93|0.74;0001-01-01T00:00:08.690+01:00|W7|1.1|0.62|0.18|0.62|0.91;0001-01-01T00:00:08.690+01:00|W8|0.3|0.16|0.11|0.16|0.04;0001-01-01T00:00:08.690+01:00|W9|0.3|0.24|0.05|0.24|0.21;0001-01-01T00:00:08.690+01:00|W10|0.6|0.47|0.19|0.47|0.32;0001-01-01T00:00:08.690+01:00|W11|1.0|0.93|0.09|0.93|0.07;0001-01-01T00:00:08.690+01:00|W12|0.1|0.07|0.03|0.07|0.05"
143.00;4.25;0001-01-01T00:00:08.8330000+01:00;127.24;0.31;-66.58;16.0;-6.202;-11.527;43.791;-26.543;4.125;-11.460;99.935;-75.348;125.163;"0001-01-01T00:00:08.941+01:00|W1|1.7|1.64|0.16|1.64|0.26;0001-01-01T00:00:08.941+01:00|W2|1.5|1.46|0.09|1.46|0.36;0001-01-01T00:00:08.941+01:00|W3|1.2|1.12|0.27|1.12|0.46;0001-01-01T00:00:08.941+01:00|W4|1.3|1.29|0.01|1.29|0.17;0001-01-01T00:00:08.941+01:00|W5|0.9|0.82|0.21|0.82|0.35;0001-01-01T00:00:08.941+01:00|W6|1.2|0.93|0.01|0.93|0.72;0001-01-01T00:00:08.941+01:00|W7|1.1|0.62|0.18|0.62|0.91;0001-01-01T00:00:08.941+01:00|W8|0.3|0.16|0.11|0.16|0.04;0001-01-01T00:00:08.941+01:00|W9|0.3|0.24|0.05|0.24|0.21;0001-01-01T00:00:08.941+01:00|W10|0.6|0.47|0.19|0.47|0.32;0001-01-01T00:00:08.941+01:00|W11|1.0|0.93|0.09|0.93|0.07;0001-01-01T00:00:08.941+01:00|W12|0.1|0.07|0.03|0.07|0.05"
144.00;4.25;0001-01-01T00:00:08.8620000+01:00;128.04;0.31;-67.18;16.1;-6.208;-11.540;43.629;-26.740;4.249;-11.225;99.907;-75.272;125.095;"0001-01-01T00:00:08.941+01:00|W1|1.7|1.64|0.16|1.64|0.26;0001-01-01T00:00:08.941+01:00|W2|1.5|1.46|0.09|1.46|0.36;0001-01-01T00:00:08.941+01:00|W3|1.2|1.12|0.27|1.12|0.46;0001-01-01T00:00:08.941+01:00|W4|1.3|1.29|0.01|1.29|0.17;0001-01-01T00:00:08.941+01:00|W5|0.9|0.82|0.21|0.82|0.35;0001-01-01T00:00:08.941+01:00|W6|1.2|0.93|0.01|0.93|0.72;0001-01-01T00:00:08.941+01:00|W7|1.1|0.62|0.18|0.62|0.91;0001-01-01T00:00:08.941+01:00|W8|0.3|0.16|0.11|0.16|0.04;0001-01-01T00:00:08.941+01:00|W9|0.3|0.24|0.05|0.24|0.21;0001-01-01T00:00:08.941+01:00|W10|0.6|0.47|0.19|0.47|0.32;0001-01-01T00:00:08.941+01:00|W11|1.0|0.93|0.09|0.93|0.07;0001-01-01T00:00:08.941+01:00|W12|0.1|0.07|0.03|0.07|0.05"
145.00;4.25;0001-01-01T00:00:08.8910000+01:00;128.84;0.30;-67.79;16.5;-6.441;-11.553;43.633;-26.939;4.614;-10.989;99.960;-75.443;125.241;"0001-01-01T00:00:08.941+01:00|W1|1.7|1.64|0.16|1.64|0.26;0001-01-01T00:00:08.941+01:00|W2|1.5|1.46|0.09|1.46|0.36;0001-01-01T00:00:08.941+01:00|W3|1.2|1.12|0.27|1.12|0.46;0001-01-01T00:00:08.941+01:00|W4|1.3|1.29|0.01|1.29|0.17;0001-01-01T00:00:08.941+01:00|W5|0.9|0.82|0.21|0.82|0.35;0001-01-01T00:00:08.941+01:00|W6|1.2|0.93|0.01|0.93|0.72;0001-01-01T00:00:08.941+01:00|W7|1.1|0.62|0.18|0.62|0.91;0001-01-01T00:00:08.941+01:00|W8|0.3|0.16|0.11|0.16|0.04;0001-01-01T00:00:08.941+01:00|W9|0.3|0.24|0.05|0.24|0.21;0001-01-01T00:00:08.941+01:00|W10|0.6|0.47|0.19|0.47|0.32;0001-01-01T00:00:08.941+01:00|W11|1.0|0.93|0.09|0.93|0.07;0001-01-01T00:00:08.941+01:00|W12|0.1|0.07|0.03|0.07|0.05"
146.00;4.25;0001-01-01T00:00:08.9190000+01:00;129.63;0.29;-68.39;16.8;-6.670;-11.566;43.822;-27.137;4.977;-10.753;100.023;-75.560;125.362;"0001-01-01T00:00:08.941+01:00|W1|1.7|1.64|0.16|1.64|0.26;0001-01-01T00:00:08.941+01:00|W2|1.5|1.46|0.09|1.46|0.36;0001-01-01T00:00:08.941+01:00|W3|1.2|1.12|0.27|1.12|0.46;0001-01-01T00:00:08.941+01:00|W4|1.3|1.29|0.01|1.29|0.17;0001-01-01T00:00:08.941+01:00|W5|0.9|0.82|0.21|0.82|0.35;0001-01-01T00:00:08.941+01:00|W6|1.2|0.93|0.01|0.93|0.72;0001-01-01T00:00:08.941+01:00|W7|1.1|0.62|0.18|0.62|0.91;0001-01-01T00:00:08.941+01:00|W8|0.3|0.16|0.11|0.16|0.04;0001-01-01T00:00:08.941+01:00|W9|0.3|0.24|0.05|0.24|0.21;0001-01-01T00:00:08.941+01:00|W10|0.6|0.47|0.19|0.47|0.32;0001-01-01T00:00:08.941+01:00|W11|1.0|0.93|0.09|0.93|0.07;0001-01-01T00:00:08.941+01:00|W12|0.1|0.07|0.03|0.07|0.05"
147.00;4.25;0001-01-01T00:00:08.9480000+01:00;130.44;0.28;-69.00;17.2;-6.895;-11.579;44.258;-27.334;5.336;-10.519;100.096;-75.606;125.448;"0001-01-01T00:00:08.941+01:00|W1|1.7|1.64|0.16|1.64|0.26;0001-01-01T00:00:08.941+01:00|W2|1.5|1.46|0.09|1.46|0.36;0001-01-01T00:00:08.941+01:00|W3|1.2|1.12|0.27|1.12|0.46;0001-01-01T00:00:08.941+01:00|W4|1.3|1.29|0.01|1.29|0.17;0001-01-01T00:00:08.941+01:00|W5|0.9|0.82|0.21|0.82|0.35;0001-01-01T00:00:08.941+01:00|W6|1.2|0.93|0.01|0.93|0.72;0001-01-01T00:00:08.941+01:00|W7|1.1|0.62|0.18|0.62|0.91;0001-01-01T00:00:08.941+01:00|W8|0.3|0.16|0.11|0.16|0.04;0001-01-01T00:00:08.941+01:00|W9|0.3|0.24|0.05|0.24|0.21;0001-01-01T00:00:08.941+01:00|W10|0.6|0.47|0.19|0.47|0.32;0001-01-01T00:00:08.941+01:00|W11|1.0|0.93|0.09|0.93|0.07;0001-01-01T00:00:08.941+01:00|W12|0.1|0.07|0.03|0.07|0.05"
148.00;4.26;0001-01-01T00:00:08.9770000+01:00;131.23;0.27;-69.60;17.6;-7.197;-11.592;44.563;-27.531;5.793;-10.284;100.227;-75.750;125.640;"0001-01-01T00:00:08.941+01:00|W1|1.7|1.64|0.16|1.64|0.26;0001-01-01T00:00:08.941+01:00|W2|1.5|1.46|0.09|1.46|0.36;0001-01-01T00:00:08.941+01:00|W3|1.2|1.12|0.27|1.12|0.46;0001-01-01T00:00:08.941+01:00|W4|1.3|1.29|0.01|1.29|0.17;0001-01-01T00:00:08.941+01:00|W5|0.9|0.82|0.21|0.82|0.35;0001-01-01T00:00:08.941+01:00|W6|1.2|0.93|0.01|0.93|0.72;0001-01-01T00:00:08.941+01:00|W7|1.1|0.62|0.18|0.62|0.91;0001-01-01T00:00:08.941+01:00|W8|0.3|0.16|0.11|0.16|0.04;0001-01-01T00:00:08.941+01:00|W9|0.3|0.24|0.05|0.24|0.21;0001-01-01T00:00:08.941+01:00|W10|0.6|0.47|0.19|0.47|0.32;0001-01-01T00:00:08.941+01:00|W11|1.0|0.93|0.09|0.93|0.07;0001-01-01T00:00:08.941+01:00|W12|0.1|0.07|0.03|0.07|0.05"
149.00;4.26;0001-01-01T00:00:09.0050000+01:00;132.03;0.26;-70.21;18.1;-7.535;-11.605;44.809;-27.728;6.294;-10.051;100.383;-75.940;125.878;"0001-01-01T00:00:08.941+01:00|W1|1.7|1.64|0.16|1.64|0.26;0001-01-01T00:00:08.941+01:00|W2|1.5|1.46|0.09|1.46|0.36;0001-01-01T00:00:08.941+01:00|W3|1.2|1.12|0.27|1.12|0.46;0001-01-01T00:00:08.941+01:00|W4|1.3|1.29|0.01|1.29|0.17;0001-01-01T00:00:08.941+01:00|W5|0.9|0.82|0.21|0.82|0.35;0001-01-01T00:00:08.941+01:00|W6|1.2|0.93|0.01|0.93|0.72;0001-01-01T00:00:08.941+01:00|W7|1.1|0.62|0.18|0.62|0.91;0001-01-01T00:00:08.941+01:00|W8|0.3|0.16|0.11|0.16|0.04;0001-01-01T00:00:08.941+01:00|W9|0.3|0.24|0.05|0.24|0.21;0001-01-01T00:00:08.941+01:00|W10|0.6|0.47|0.19|0.47|0.32;0001-01-01T00:00:08.941+01:00|W11|1.0|0.93|0.09|0.93|0.07;0001-01-01T00:00:08.941+01:00|W12|0.1|0.07|0.03|0.07|0.05"
150.00;4.26;0001-01-01T00:00:09.0340000+01:00;132.83;0.24;-70.82;17.3;-7.872;-11.618;45.107;-27.924;6.795;-9.818;100.643;-76.438;126.388;"0001-01-01T00:00:08.941+01:00|W1|1.7|1.64|0.16|1.64|0.26;0001-01-01T00:00:08.941+01:00|W2|1.5|1.46|0.09|1.46|0.36;0001-01-01T00:00:08.941+01:00|W3|1.2|1.12|0.27|1.12|0.46;0001-01-01T00:00:08.941+01:00|W4|1.3|1.29|0.01|1.29|0.17;0001-01-01T00:00:08.941+01:00|W5|0.9|0.82|0.21|0.82|0.35;0001-01-01T00:00:08.941+01:00|W6|1.2|0.93|0.01|0.93|0.72;0001-01-01T00:00:08.941+01:00|W7|1.1|0.62|0.18|0.62|0.91;0001-01-01T00:00:08.941+01:00|W8|0.3|0.16|0.11|0.16|0.04;0001-01-01T00:00:08.941+01:00|W9|0.3|0.24|0.05|0.24|0.21;0001-01-01T00:00:08.941+01:00|W10|0.6|0.47|0.19|0.47|0.32;0001-01-01T00:00:08.941+01:00|W11|1.0|0.93|0.09|0.93|0.07;0001-01-01T00:00:08.941+01:00|W12|0.1|0.07|0.03|0.07|0.05"
151.00;4.26;0001-01-01T00:00:09.0620000+01:00;133.63;0.22;-71.42;16.6;-8.213;-11.632;45.250;-28.092;7.272;-9.560;100.881;-76.909;126.865;"0001-01-01T00:00:08.941+01:00|W1|1.7|1.64|0.16|1.64|0.26;0001-01-01T00:00:08.941+01:00|W2|1.5|1.46|0.09|1.46|0.36;0001-01-01T00:00:08.941+01:00|W3|1.2|1.12|0.27|1.12|0.46;0001-01-01T00:00:08.941+01:00|W4|1.3|1.29|0.01|1.29|0.17;0001-01-01T00:00:08.941+01:00|W5|0.9|0.82|0.21|0.82|0.35;0001-01-01T00:00:08.941+01:00|W6|1.2|0.93|0.01|0.93|0.72;0001-01-01T00:00:08.941+01:00|W7|1.1|0.62|0.18|0.62|0.91;0001-01-01T00:00:08.941+01:00|W8|0.3|0.16|0.11|0.16|0.04;0001-01-01T00:00:08.941+01:00|W9|0.3|0.24|0.05|0.24|0.21;0001-01-01T00:00:08.941+01:00|W10|0.6|0.47|0.19|0.47|0.32;0001-01-01T00:00:08.941+01:00|W11|1.0|0.93|0.09|0.93|0.07;0001-01-01T00:00:08.941+01:00|W12|0.1|0.07|0.03|0.07|0.05"
152.00;4.26;0001-01-01T00:00:09.0900000+01:00;134.43;0.21;-72.03;16.6;-8.573;-11.648;44.664;-28.135;7.638;-9.177;100.989;-77.164;127.106;"0001-01-01T00:00:09.188+01:00|W1|1.6|1.58|0.05|1.58|0.28;0001-01-01T00:00:09.188+01:00|W2|1.5|1.46|0.09|1.46|0.36;0001-01-01T00:00:09.188+01:00|W3|1.3|1.12|0.26|1.12|0.49;0001-01-01T00:00:09.188+01:00|W4|1.3|1.25|0.05|1.25|0.13;0001-01-01T00:00:09.188+01:00|W5|1.0|0.87|0.05|0.87|0.53;0001-01-01T00:00:09.188+01:00|W6|1.2|0.94|0.01|0.94|0.71;0001-01-01T00:00:09.188+01:00|W7|1.1|0.69|0.11|0.69|0.87;0001-01-01T00:00:09.188+01:00|W8|0.4|0.18|0.05|0.18|0.00;0001-01-01T00:00:09.188+01:00|W9|0.3|0.21|0.05|0.21|0.23;0001-01-01T00:00:09.188+01:00|W10|0.6|0.41|0.19|0.41|0.36;0001-01-01T00:00:09.188+01:00|W11|0.8|0.79|0.07|0.79|0.01;0001-01-01T00:00:09.188+01:00|W12|0.1|0.07|0.05|0.07|0.05"
153.00;4.26;0001-01-01T00:00:09.1190000+01:00;135.22;0.20;-72.64;16.5;-8.913;-11.670;44.126;-27.958;7.933;-8.827;101.080;-77.401;127.321;"0001-01-01T00:00:09.188+01:00|W1|1.6|1.58|0.05|1.58|0.28;0001-01-01T00:00:09.188+01:00|W2|1.5|1.46|0.09|1.46|0.36;0001-01-01T00:00:09.188+01:00|W3|1.3|1.12|0.26|1.12|0.49;0001-01-01T00:00:09.188+01:00|W4|1.3|1.25|0.05|1.25|0.13;0001-01-01T00:00:09.188+01:00|W5|1.0|0.87|0.05|0.87|0.53;0001-01-01T00:00:09.188+01:00|W6|1.2|0.94|0.01|0.94|0.71;0001-01-01T00:00:09.188+01:00|W7|1.1|0.69|0.11|0.69|0.87;0001-01-01T00:00:09.188+01:00|W8|0.4|0.18|0.05|0.18|0.00;0001-01-01T00:00:09.188+01:00|W9|0.3|0.21|0.05|0.21|0.23;0001-01-01T00:00:09.188+01:00|W10|0.6|0.41|0.19|0.41|0.36;0001-01-01T00:00:09.188+01:00|W11|0.8|0.79|0.07|0.79|0.01;0001-01-01T00:00:09.188+01:00|W12|0.1|0.07|0.05|0.07|0.05"
154.00;4.25;0001-01-01T00:00:09.1470000+01:00;136.01;0.18;-73.25;16.4;-9.226;-11.700;43.655;-27.475;8.129;-8.522;101.147;-77.613;127.503;"0001-01-01T00:00:09.188+01:00|W1|1.6|1.58|0.05|1.58|0.28;0001-01-01T00:00:09.188+01:00|W2|1.5|1.46|0.09|1.46|0.36;0001-01-01T00:00:09.188+01:00|W3|1.3|1.12|0.26|1.12|0.49;0001-01-01T00:00:09.188+01:00|W4|1.3|1.25|0.05|1.25|0.13;0001-01-01T00:00:09.188+01:00|W5|1.0|0.87|0.05|0.87|0.53;0001-01-01T00:00:09.188+01:00|W6|1.2|0.94|0.01|0.94|0.71;0001-01-01T00:00:09.188+01:00|W7|1.1|0.69|0.11|0.69|0.87;0001-01-01T00:00:09.188+01:00|W8|0.4|0.18|0.05|0.18|0.00;0001-01-01T00:00:09.188+01:00|W9|0.3|0.21|0.05|0.21|0.23;0001-01-01T00:00:09.188+01:00|W10|0.6|0.41|0.19|0.41|0.36;0001-01-01T00:00:09.188+01:00|W11|0.8|0.79|0.07|0.79|0.01;0001-01-01T00:00:09.188+01:00|W12|0.1|0.07|0.05|0.07|0.05"
155.00;4.24;0001-01-01T00:00:09.1750000+01:00;136.80;0.17;-73.86;16.2;-9.442;-11.659;43.011;-26.832;8.219;-8.263;101.246;-77.812;127.703;"0001-01-01T00:00:09.188+01:00|W1|1.6|1.58|0.05|1.58|0.28;0001-01-01T00:00:09.188+01:00|W2|1.5|1.46|0.09|1.46|0.36;0001-01-01T00:00:09.188+01:00|W3|1.3|1.12|0.26|1.12|0.49;0001-01-01T00:00:09.188+01:00|W4|1.3|1.25|0.05|1.25|0.13;0001-01-01T00:00:09.188+01:00|W5|1.0|0.87|0.05|0.87|0.53;0001-01-01T00:00:09.188+01:00|W6|1.2|0.94|0.01|0.94|0.71;0001-01-01T00:00:09.188+01:00|W7|1.1|0.69|0.11|0.69|0.87;0001-01-01T00:00:09.188+01:00|W8|0.4|0.18|0.05|0.18|0.00;0001-01-01T00:00:09.188+01:00|W9|0.3|0.21|0.05|0.21|0.23;0001-01-01T00:00:09.188+01:00|W10|0.6|0.41|0.19|0.41|0.36;0001-01-01T00:00:09.188+01:00|W11|0.8|0.79|0.07|0.79|0.01;0001-01-01T00:00:09.188+01:00|W12|0.1|0.07|0.05|0.07|0.05"
156.00;4.23;0001-01-01T00:00:09.2030000+01:00;137.59;0.16;-74.46;16.0;-9.605;-11.580;42.273;-26.103;8.250;-8.031;101.363;-78.004;127.914;"0001-01-01T00:00:09.188+01:00|W1|1.6|1.58|0.05|1.58|0.28;0001-01-01T00:00:09.188+01:00|W2|1.5|1.46|0.09|1.46|0.36;0001-01-01T00:00:09.188+01:00|W3|1.3|1.12|0.26|1.12|0.49;0001-01-01T00:00:09.188+01:00|W4|1.3|1.25|0.05|1.25|0.13;0001-01-01T00:00:09.188+01:00|W5|1.0|0.87|0.05|0.87|0.53;0001-01-01T00:00:09.188+01:00|W6|1.2|0.94|0.01|0.94|0.71;0001-01-01T00:00:09.188+01:00|W7|1.1|0.69|0.11|0.69|0.87;0001-01-01T00:00:09.188+01:00|W8|0.4|0.18|0.05|0.18|0.00;0001-01-01T00:00:09.188+01:00|W9|0.3|0.21|0.05|0.21|0.23;0001-01-01T00:00:09.188+01:00|W10|0.6|0.41|0.19|0.41|0.36;0001-01-01T00:00:09.188+01:00|W11|0.8|0.79|0.07|0.79|0.01;0001-01-01T00:00:09.188+01:00|W12|0.1|0.07|0.05|0.07|0.05"
157.00;4.22;0001-01-01T00:00:09.2310000+01:00;138.38;0.15;-75.07;15.9;-9.557;-11.407;41.652;-25.856;8.224;-7.904;101.453;-78.036;128.005;"0001-01-01T00:00:09.188+01:00|W1|1.6|1.58|0.05|1.58|0.28;0001-01-01T00:00:09.188+01:00|W2|1.5|1.46|0.09|1.46|0.36;0001-01-01T00:00:09.188+01:00|W3|1.3|1.12|0.26|1.12|0.49;0001-01-01T00:00:09.188+01:00|W4|1.3|1.25|0.05|1.25|0.13;0001-01-01T00:00:09.188+01:00|W5|1.0|0.87|0.05|0.87|0.53;0001-01-01T00:00:09.188+01:00|W6|1.2|0.94|0.01|0.94|0.71;0001-01-01T00:00:09.188+01:00|W7|1.1|0.69|0.11|0.69|0.87;0001-01-01T00:00:09.188+01:00|W8|0.4|0.18|0.05|0.18|0.00;0001-01-01T00:00:09.188+01:00|W9|0.3|0.21|0.05|0.21|0.23;0001-01-01T00:00:09.188+01:00|W10|0.6|0.41|0.19|0.41|0.36;0001-01-01T00:00:09.188+01:00|W11|0.8|0.79|0.07|0.79|0.01;0001-01-01T00:00:09.188+01:00|W12|0.1|0.07|0.05|0.07|0.05"
158.00;4.20;0001-01-01T00:00:09.2590000+01:00;139.17;0.13;-75.68;15.7;-9.464;-11.223;41.070;-25.691;8.196;-7.809;101.542;-78.051;128.085;"0001-01-01T00:00:09.188+01:00|W1|1.6|1.58|0.05|1.58|0.28;0001-01-01T00:00:09.188+01:00|W2|1.5|1.46|0.09|1.46|0.36;0001-01-01T00:00:09.188+01:00|W3|1.3|1.12|0.26|1.12|0.49;0001-01-01T00:00:09.188+01:00|W4|1.3|1.25|0.05|1.25|0.13;0001-01-01T00:00:09.188+01:00|W5|1.0|0.87|0.05|0.87|0.53;0001-01-01T00:00:09.188+01:00|W6|1.2|0.94|0.01|0.94|0.71;0001-01-01T00:00:09.188+01:00|W7|1.1|0.69|0.11|0.69|0.87;0001-01-01T00:00:09.188+01:00|W8|0.4|0.18|0.05|0.18|0.00;0001-01-01T00:00:09.188+01:00|W9|0.3|0.21|0.05|0.21|0.23;0001-01-01T00:00:09.188+01:00|W10|0.6|0.41|0.19|0.41|0.36;0001-01-01T00:00:09.188+01:00|W11|0.8|0.79|0.07|0.79|0.01;0001-01-01T00:00:09.188+01:00|W12|0.1|0.07|0.05|0.07|0.05"
159.00;4.19;0001-01-01T00:00:09.2870000+01:00;139.96;0.12;-76.29;15.9;-9.228;-11.065;40.736;-25.639;8.257;-7.878;101.659;-78.131;128.226;"0001-01-01T00:00:09.188+01:00|W1|1.6|1.58|0.05|1.58|0.28;0001-01-01T00:00:09.188+01:00|W2|1.5|1.46|0.09|1.46|0.36;0001-01-01T00:00:09.188+01:00|W3|1.3|1.12|0.26|1.12|0.49;0001-01-01T00:00:09.188+01:00|W4|1.3|1.25|0.05|1.25|0.13;0001-01-01T00:00:09.188+01:00|W5|1.0|0.87|0.05|0.87|0.53;0001-01-01T00:00:09.188+01:00|W6|1.2|0.94|0.01|0.94|0.71;0001-01-01T00:00:09.188+01:00|W7|1.1|0.69|0.11|0.69|0.87;0001-01-01T00:00:09.188+01:00|W8|0.4|0.18|0.05|0.18|0.00;0001-01-01T00:00:09.188+01:00|W9|0.3|0.21|0.05|0.21|0.23;0001-01-01T00:00:09.188+01:00|W10|0.6|0.41|0.19|0.41|0.36;0001-01-01T00:00:09.188+01:00|W11|0.8|0.79|0.07|0.79|0.01;0001-01-01T00:00:09.188+01:00|W12|0.1|0.07|0.05|0.07|0.05"
160.00;4.17;0001-01-01T00:00:09.3150000+01:00;140.75;0.11;-76.89;16.1;-8.966;-10.956;40.546;-25.643;8.351;-8.013;101.772;-78.216;128.367;"0001-01-01T00:00:09.439+01:00|W1|1.6|1.58|0.05|1.58|0.28;0001-01-01T00:00:09.439+01:00|W2|1.5|1.46|0.09|1.46|0.36;0001-01-01T00:00:09.439+01:00|W3|1.3|1.12|0.26|1.12|0.49;0001-01-01T00:00:09.439+01:00|W4|1.3|1.25|0.05|1.25|0.13;0001-01-01T00:00:09.439+01:00|W5|1.0|0.87|0.05|0.87|0.53;0001-01-01T00:00:09.439+01:00|W6|1.2|0.98|0.02|0.98|0.66;0001-01-01T00:00:09.439+01:00|W7|1.1|0.69|0.11|0.69|0.87;0001-01-01T00:00:09.439+01:00|W8|0.4|0.18|0.05|0.18|0.00;0001-01-01T00:00:09.439+01:00|W9|0.3|0.21|0.05|0.21|0.23;0001-01-01T00:00:09.439+01:00|W10|0.6|0.41|0.19|0.41|0.36;0001-01-01T00:00:09.439+01:00|W11|0.8|0.79|0.07|0.79|0.01;0001-01-01T00:00:09.439+01:00|W12|0.1|0.07|0.05|0.07|0.05"
161.00;4.16;0001-01-01T00:00:09.3430000+01:00;141.54;0.09;-77.50;16.6;-8.641;-10.965;40.695;-25.782;8.525;-8.300;101.878;-78.315;128.513;"0001-01-01T00:00:09.439+01:00|W1|1.6|1.58|0.05|1.58|0.28;0001-01-01T00:00:09.439+01:00|W2|1.5|1.46|0.09|1.46|0.36;0001-01-01T00:00:09.439+01:00|W3|1.3|1.12|0.26|1.12|0.49;0001-01-01T00:00:09.439+01:00|W4|1.3|1.25|0.05|1.25|0.13;0001-01-01T00:00:09.439+01:00|W5|1.0|0.87|0.05|0.87|0.53;0001-01-01T00:00:09.439+01:00|W6|1.2|0.98|0.02|0.98|0.66;0001-01-01T00:00:09.439+01:00|W7|1.1|0.69|0.11|0.69|0.87;0001-01-01T00:00:09.439+01:00|W8|0.4|0.18|0.05|0.18|0.00;0001-01-01T00:00:09.439+01:00|W9|0.3|0.21|0.05|0.21|0.23;0001-01-01T00:00:09.439+01:00|W10|0.6|0.41|0.19|0.41|0.36;0001-01-01T00:00:09.439+01:00|W11|0.8|0.79|0.07|0.79|0.01;0001-01-01T00:00:09.439+01:00|W12|0.1|0.07|0.05|0.07|0.05"
162.00;4.14;0001-01-01T00:00:09.3710000+01:00;142.33;0.08;-78.11;16.8;-8.249;-10.929;40.550;-25.814;8.621;-8.525;102.007;-78.438;128.691;"0001-01-01T00:00:09.439+01:00|W1|1.6|1.58|0.05|1.58|0.28;0001-01-01T00:00:09.439+01:00|W2|1.5|1.46|0.09|1.46|0.36;0001-01-01T00:00:09.439+01:00|W3|1.3|1.12|0.26|1.12|0.49;0001-01-01T00:00:09.439+01:00|W4|1.3|1.25|0.05|1.25|0.13;0001-01-01T00:00:09.439+01:00|W5|1.0|0.87|0.05|0.87|0.53;0001-01-01T00:00:09.439+01:00|W6|1.2|0.98|0.02|0.98|0.66;0001-01-01T00:00:09.439+01:00|W7|1.1|0.69|0.11|0.69|0.87;0001-01-01T00:00:09.439+01:00|W8|0.4|0.18|0.05|0.18|0.00;0001-01-01T00:00:09.439+01:00|W9|0.3|0.21|0.05|0.21|0.23;0001-01-01T00:00:09.439+01:00|W10|0.6|0.41|0.19|0.41|0.36;0001-01-01T00:00:09.439+01:00|W11|0.8|0.79|0.07|0.79|0.01;0001-01-01T00:00:09.439+01:00|W12|0.1|0.07|0.05|0.07|0.05"
163.00;4.11;0001-01-01T00:00:09.3990000+01:00;143.12;0.07;-78.72;16.9;-7.791;-10.849;40.117;-25.742;8.640;-8.688;102.159;-78.582;128.901;"0001-01-01T00:00:09.439+01:00|W1|1.6|1.58|0.05|1.58|0.28;0001-01-01T00:00:09.439+01:00|W2|1.5|1.46|0.09|1.46|0.36;0001-01-01T00:00:09.439+01:00|W3|1.3|1.12|0.26|1.12|0.49;0001-01-01T00:00:09.439+01:00|W4|1.3|1.25|0.05|1.25|0.13;0001-01-01T00:00:09.439+01:00|W5|1.0|0.87|0.05|0.87|0.53;0001-01-01T00:00:09.439+01:00|W6|1.2|0.98|0.02|0.98|0.66;0001-01-01T00:00:09.439+01:00|W7|1.1|0.69|0.11|0.69|0.87;0001-01-01T00:00:09.439+01:00|W8|0.4|0.18|0.05|0.18|0.00;0001-01-01T00:00:09.439+01:00|W9|0.3|0.21|0.05|0.21|0.23;0001-01-01T00:00:09.439+01:00|W10|0.6|0.41|0.19|0.41|0.36;0001-01-01T00:00:09.439+01:00|W11|0.8|0.79|0.07|0.79|0.01;0001-01-01T00:00:09.439+01:00|W12|0.1|0.07|0.05|0.07|0.05"
164.00;4.09;0001-01-01T00:00:09.4270000+01:00;143.91;0.05;-79.32;16.7;-7.266;-10.770;39.751;-25.670;8.481;-8.850;102.254;-78.585;128.981;"0001-01-01T00:00:09.439+01:00|W1|1.6|1.58|0.05|1.58|0.28;0001-01-01T00:00:09.439+01:00|W2|1.5|1.46|0.09|1.46|0.36;0001-01-01T00:00:09.439+01:00|W3|1.3|1.12|0.26|1.12|0.49;0001-01-01T00:00:09.439+01:00|W4|1.3|1.25|0.05|1.25|0.13;0001-01-01T00:00:09.439+01:00|W5|1.0|0.87|0.05|0.87|0.53;0001-01-01T00:00:09.439+01:00|W6|1.2|0.98|0.02|0.98|0.66;0001-01-01T00:00:09.439+01:00|W7|1.1|0.69|0.11|0.69|0.87;0001-01-01T00:00:09.439+01:00|W8|0.4|0.18|0.05|0.18|0.00;0001-01-01T00:00:09.439+01:00|W9|0.3|0.21|0.05|0.21|0.23;0001-01-01T00:00:09.439+01:00|W10|0.6|0.41|0.19|0.41|0.36;0001-01-01T00:00:09.439+01:00|W11|0.8|0.79|0.07|0.79|0.01;0001-01-01T00:00:09.439+01:00|W12|0.1|0.07|0.05|0.07|0.05"
165.00;4.07;0001-01-01T00:00:09.4540000+01:00;144.70;0.04;-79.93;16.5;-6.714;-10.691;39.413;-25.598;8.249;-9.012;102.325;-78.530;129.008;"0001-01-01T00:00:09.439+01:00|W1|1.6|1.58|0.05|1.58|0.28;0001-01-01T00:00:09.439+01:00|W2|1.5|1.46|0.09|1.46|0.36;0001-01-01T00:00:09.439+01:00|W3|1.3|1.12|0.26|1.12|0.49;0001-01-01T00:00:09.439+01:00|W4|1.3|1.25|0.05|1.25|0.13;0001-01-01T00:00:09.439+01:00|W5|1.0|0.87|0.05|0.87|0.53;0001-01-01T00:00:09.439+01:00|W6|1.2|0.98|0.02|0.98|0.66;0001-01-01T00:00:09.439+01:00|W7|1.1|0.69|0.11|0.69|0.87;0001-01-01T00:00:09.439+01:00|W8|0.4|0.18|0.05|0.18|0.00;0001-01-01T00:00:09.439+01:00|W9|0.3|0.21|0.05|0.21|0.23;0001-01-01T00:00:09.439+01:00|W10|0.6|0.41|0.19|0.41|0.36;0001-01-01T00:00:09.439+01:00|W11|0.8|0.79|0.07|0.79|0.01;0001-01-01T00:00:09.439+01:00|W12|0.1|0.07|0.05|0.07|0.05"
166.00;4.05;0001-01-01T00:00:09.4820000+01:00;145.49;0.03;-80.53;16.0;-6.077;-10.612;39.044;-25.526;7.760;-9.173;102.414;-78.330;128.960;"0001-01-01T00:00:09.439+01:00|W1|1.6|1.58|0.05|1.58|0.28;0001-01-01T00:00:09.439+01:00|W2|1.5|1.46|0.09|1.46|0.36;0001-01-01T00:00:09.439+01:00|W3|1.3|1.12|0.26|1.12|0.49;0001-01-01T00:00:09.439+01:00|W4|1.3|1.25|0.05|1.25|0.13;0001-01-01T00:00:09.439+01:00|W5|1.0|0.87|0.05|0.87|0.53;0001-01-01T00:00:09.439+01:00|W6|1.2|0.98|0.02|0.98|0.66;0001-01-01T00:00:09.439+01:00|W7|1.1|0.69|0.11|0.69|0.87;0001-01-01T00:00:09.439+01:00|W8|0.4|0.18|0.05|0.18|0.00;0001-01-01T00:00:09.439+01:00|W9|0.3|0.21|0.05|0.21|0.23;0001-01-01T00:00:09.439+01:00|W10|0.6|0.41|0.19|0.41|0.36;0001-01-01T00:00:09.439+01:00|W11|0.8|0.79|0.07|0.79|0.01;0001-01-01T00:00:09.439+01:00|W12|0.1|0.07|0.05|0.07|0.05"
167.00;4.03;0001-01-01T00:00:09.5100000+01:00;146.28;0.01;-81.14;15.6;-5.433;-10.533;38.722;-25.454;7.241;-9.335;102.505;-78.134;128.916;"0001-01-01T00:00:09.439+01:00|W1|1.6|1.58|0.05|1.58|0.28;0001-01-01T00:00:09.439+01:00|W2|1.5|1.46|0.09|1.46|0.36;0001-01-01T00:00:09.439+01:00|W3|1.3|1.12|0.26|1.12|0.49;0001-01-01T00:00:09.439+01:00|W4|1.3|1.25|0.05|1.25|0.13;0001-01-01T00:00:09.439+01:00|W5|1.0|0.87|0.05|0.87|0.53;0001-01-01T00:00:09.439+01:00|W6|1.2|0.98|0.02|0.98|0.66;0001-01-01T00:00:09.439+01:00|W7|1.1|0.69|0.11|0.69|0.87;0001-01-01T00:00:09.439+01:00|W8|0.4|0.18|0.05|0.18|0.00;0001-01-01T00:00:09.439+01:00|W9|0.3|0.21|0.05|0.21|0.23;0001-01-01T00:00:09.439+01:00|W10|0.6|0.41|0.19|0.41|0.36;0001-01-01T00:00:09.439+01:00|W11|0.8|0.79|0.07|0.79|0.01;0001-01-01T00:00:09.439+01:00|W12|0.1|0.07|0.05|0.07|0.05"
168.00;4.00;0001-01-01T00:00:09.5380000+01:00;147.07;-0.02;-81.74;15.7;-4.812;-10.453;38.866;-25.381;6.696;-9.498;102.594;-78.117;128.977;"0001-01-01T00:00:09.439+01:00|W1|1.6|1.58|0.05|1.58|0.28;0001-01-01T00:00:09.439+01:00|W2|1.5|1.46|0.09|1.46|0.36;0001-01-01T00:00:09.439+01:00|W3|1.3|1.12|0.26|1.12|0.49;0001-01-01T00:00:09.439+01:00|W4|1.3|1.25|0.05|1.25|0.13;0001-01-01T00:00:09.439+01:00|W5|1.0|0.87|0.05|0.87|0.53;0001-01-01T00:00:09.439+01:00|W6|1.2|0.98|0.02|0.98|0.66;0001-01-01T00:00:09.439+01:00|W7|1.1|0.69|0.11|0.69|0.87;0001-01-01T00:00:09.439+01:00|W8|0.4|0.18|0.05|0.18|0.00;0001-01-01T00:00:09.439+01:00|W9|0.3|0.21|0.05|0.21|0.23;0001-01-01T00:00:09.439+01:00|W10|0.6|0.41|0.19|0.41|0.36;0001-01-01T00:00:09.439+01:00|W11|0.8|0.79|0.07|0.79|0.01;0001-01-01T00:00:09.439+01:00|W12|0.1|0.07|0.05|0.07|0.05"
169.00;3.97;0001-01-01T00:00:09.5660000+01:00;147.86;-0.05;-82.35;15.8;-4.226;-10.182;39.068;-25.527;6.203;-9.590;102.699;-78.072;129.033;"0001-01-01T00:00:09.690+01:00|W1|1.6|1.55|0.00|1.55|0.30;0001-01-01T00:00:09.690+01:00|W2|1.5|1.46|0.09|1.46|0.36;0001-01-01T00:00:09.690+01:00|W3|1.2|1.09|0.23|1.09|0.49;0001-01-01T00:00:09.690+01:00|W4|1.3|1.26|0.03|1.26|0.16;0001-01-01T00:00:09.690+01:00|W5|0.9|0.87|0.12|0.87|0.32;0001-01-01T00:00:09.690+01:00|W6|1.2|0.97|0.07|0.97|0.61;0001-01-01T00:00:09.690+01:00|W7|1.1|0.68|0.15|0.68|0.78;0001-01-01T00:00:09.690+01:00|W8|0.4|0.25|0.00|0.25|0.08;0001-01-01T00:00:09.690+01:00|W9|0.3|0.20|0.03|0.20|0.25;0001-01-01T00:00:09.690+01:00|W10|0.5|0.39|0.20|0.39|0.34;0001-01-01T00:00:09.690+01:00|W11|0.7|0.72|0.14|0.72|0.02;0001-01-01T00:00:09.690+01:00|W12|0.1|0.07|0.06|0.07|0.05"
170.00;3.94;0001-01-01T00:00:09.5930000+01:00;148.65;-0.07;-82.95;15.7;-3.715;-9.491;39.399;-26.152;5.824;-9.525;102.839;-77.965;129.082;"0001-01-01T00:00:09.690+01:00|W1|1.6|1.55|0.00|1.55|0.30;0001-01-01T00:00:09.690+01:00|W2|1.5|1.46|0.09|1.46|0.36;0001-01-01T00:00:09.690+01:00|W3|1.2|1.09|0.23|1.09|0.49;0001-01-01T00:00:09.690+01:00|W4|1.3|1.26|0.03|1.26|0.16;0001-01-01T00:00:09.690+01:00|W5|0.9|0.87|0.12|0.87|0.32;0001-01-01T00:00:09.690+01:00|W6|1.2|0.97|0.07|0.97|0.61;0001-01-01T00:00:09.690+01:00|W7|1.1|0.68|0.15|0.68|0.78;0001-01-01T00:00:09.690+01:00|W8|0.4|0.25|0.00|0.25|0.08;0001-01-01T00:00:09.690+01:00|W9|0.3|0.20|0.03|0.20|0.25;0001-01-01T00:00:09.690+01:00|W10|0.5|0.39|0.20|0.39|0.34;0001-01-01T00:00:09.690+01:00|W11|0.7|0.72|0.14|0.72|0.02;0001-01-01T00:00:09.690+01:00|W12|0.1|0.07|0.06|0.07|0.05"
171.00;3.92;0001-01-01T00:00:09.6210000+01:00;149.45;-0.09;-83.55;15.3;-3.203;-8.725;39.730;-26.652;5.445;-9.474;102.867;-77.859;129.043;"0001-01-01T00:00:09.690+01:00|W1|1.6|1.55|0.00|1.55|0.30;0001-01-01T00:00:09.690+01:00|W2|1.5|1.46|0.09|1.46|0.36;0001-01-01T00:00:09.690+01:00|W3|1.2|1.09|0.23|1.09|0.49;0001-01-01T00:00:09.690+01:00|W4|1.3|1.26|0.03|1.26|0.16;0001-01-01T00:00:09.690+01:00|W5|0.9|0.87|0.12|0.87|0.32;0001-01-01T00:00:09.690+01:00|W6|1.2|0.97|0.07|0.97|0.61;0001-01-01T00:00:09.690+01:00|W7|1.1|0.68|0.15|0.68|0.78;0001-01-01T00:00:09.690+01:00|W8|0.4|0.25|0.00|0.25|0.08;0001-01-01T00:00:09.690+01:00|W9|0.3|0.20|0.03|0.20|0.25;0001-01-01T00:00:09.690+01:00|W10|0.5|0.39|0.20|0.39|0.34;0001-01-01T00:00:09.690+01:00|W11|0.7|0.72|0.14|0.72|0.02;0001-01-01T00:00:09.690+01:00|W12|0.1|0.07|0.06|0.07|0.05"
172.00;3.90;0001-01-01T00:00:09.6490000+01:00;150.24;-0.11;-84.15;14.5;-2.692;-7.890;40.062;-27.031;5.066;-9.437;102.788;-77.754;128.920;"0001-01-01T00:00:09.690+01:00|W1|1.6|1.55|0.00|1.55|0.30;0001-01-01T00:00:09.690+01:00|W2|1.5|1.46|0.09|1.46|0.36;0001-01-01T00:00:09.690+01:00|W3|1.2|1.09|0.23|1.09|0.49;0001-01-01T00:00:09.690+01:00|W4|1.3|1.26|0.03|1.26|0.16;0001-01-01T00:00:09.690+01:00|W5|0.9|0.87|0.12|0.87|0.32;0001-01-01T00:00:09.690+01:00|W6|1.2|0.97|0.07|0.97|0.61;0001-01-01T00:00:09.690+01:00|W7|1.1|0.68|0.15|0.68|0.78;0001-01-01T00:00:09.690+01:00|W8|0.4|0.25|0.00|0.25|0.08;0001-01-01T00:00:09.690+01:00|W9|0.3|0.20|0.03|0.20|0.25;0001-01-01T00:00:09.690+01:00|W10|0.5|0.39|0.20|0.39|0.34;0001-01-01T00:00:09.690+01:00|W11|0.7|0.72|0.14|0.72|0.02;0001-01-01T00:00:09.690+01:00|W12|0.1|0.07|0.06|0.07|0.05"
173.00;3.87;0001-01-01T00:00:09.6770000+01:00;151.04;-0.14;-84.75;14.3;-2.311;-7.076;40.430;-27.597;4.896;-9.413;102.791;-77.687;128.885;"0001-01-01T00:00:09.690+01:00|W1|1.6|1.55|0.00|1.55|0.30;0001-01-01T00:00:09.690+01:00|W2|1.5|1.46|0.09|1.46|0.36;0001-01-01T00:00:09.690+01:00|W3|1.2|1.09|0.23|1.09|0.49;0001-01-01T00:00:09.690+01:00|W4|1.3|1.26|0.03|1.26|0.16;0001-01-01T00:00:09.690+01:00|W5|0.9|0.87|0.12|0.87|0.32;0001-01-01T00:00:09.690+01:00|W6|1.2|0.97|0.07|0.97|0.61;0001-01-01T00:00:09.690+01:00|W7|1.1|0.68|0.15|0.68|0.78;0001-01-01T00:00:09.690+01:00|W8|0.4|0.25|0.00|0.25|0.08;0001-01-01T00:00:09.690+01:00|W9|0.3|0.20|0.03|0.20|0.25;0001-01-01T00:00:09.690+01:00|W10|0.5|0.39|0.20|0.39|0.34;0001-01-01T00:00:09.690+01:00|W11|0.7|0.72|0.14|0.72|0.02;0001-01-01T00:00:09.690+01:00|W12|0.1|0.07|0.06|0.07|0.05"
174.00;3.84;0001-01-01T00:00:09.7050000+01:00;151.83;-0.16;-85.35;14.2;-1.982;-6.270;40.812;-28.237;4.808;-9.395;102.827;-77.636;128.883;"0001-01-01T00:00:09.690+01:00|W1|1.6|1.55|0.00|1.55|0.30;0001-01-01T00:00:09.690+01:00|W2|1.5|1.46|0.09|1.46|0.36;0001-01-01T00:00:09.690+01:00|W3|1.2|1.09|0.23|1.09|0.49;0001-01-01T00:00:09.690+01:00|W4|1.3|1.26|0.03|1.26|0.16;0001-01-01T00:00:09.690+01:00|W5|0.9|0.87|0.12|0.87|0.32;0001-01-01T00:00:09.690+01:00|W6|1.2|0.97|0.07|0.97|0.61;0001-01-01T00:00:09.690+01:00|W7|1.1|0.68|0.15|0.68|0.78;0001-01-01T00:00:09.690+01:00|W8|0.4|0.25|0.00|0.25|0.08;0001-01-01T00:00:09.690+01:00|W9|0.3|0.20|0.03|0.20|0.25;0001-01-01T00:00:09.690+01:00|W10|0.5|0.39|0.20|0.39|0.34;0001-01-01T00:00:09.690+01:00|W11|0.7|0.72|0.14|0.72|0.02;0001-01-01T00:00:09.690+01:00|W12|0.1|0.07|0.06|0.07|0.05"
175.00;3.81;0001-01-01T00:00:09.7330000+01:00;152.62;-0.18;-85.95;14.2;-1.764;-5.626;41.273;-28.158;4.887;-9.345;102.863;-77.686;128.942;"0001-01-01T00:00:09.690+01:00|W1|1.6|1.55|0.00|1.55|0.30;0001-01-01T00:00:09.690+01:00|W2|1.5|1.46|0.09|1.46|0.36;0001-01-01T00:00:09.690+01:00|W3|1.2|1.09|0.23|1.09|0.49;0001-01-01T00:00:09.690+01:00|W4|1.3|1.26|0.03|1.26|0.16;0001-01-01T00:00:09.690+01:00|W5|0.9|0.87|0.12|0.87|0.32;0001-01-01T00:00:09.690+01:00|W6|1.2|0.97|0.07|0.97|0.61;0001-01-01T00:00:09.690+01:00|W7|1.1|0.68|0.15|0.68|0.78;0001-01-01T00:00:09.690+01:00|W8|0.4|0.25|0.00|0.25|0.08;0001-01-01T00:00:09.690+01:00|W9|0.3|0.20|0.03|0.20|0.25;0001-01-01T00:00:09.690+01:00|W10|0.5|0.39|0.20|0.39|0.34;0001-01-01T00:00:09.690+01:00|W11|0.7|0.72|0.14|0.72|0.02;0001-01-01T00:00:09.690+01:00|W12|0.1|0.07|0.06|0.07|0.05"
176.00;3.77;0001-01-01T00:00:09.7600000+01:00;153.42;-0.21;-86.55;14.3;-1.571;-5.011;41.620;-28.020;5.002;-9.272;102.904;-77.740;129.009;"0001-01-01T00:00:09.690+01:00|W1|1.6|1.55|0.00|1.55|0.30;0001-01-01T00:00:09.690+01:00|W2|1.5|1.46|0.09|1.46|0.36;0001-01-01T00:00:09.690+01:00|W3|1.2|1.09|0.23|1.09|0.49;0001-01-01T00:00:09.690+01:00|W4|1.3|1.26|0.03|1.26|0.16;0001-01-01T00:00:09.690+01:00|W5|0.9|0.87|0.12|0.87|0.32;0001-01-01T00:00:09.690+01:00|W6|1.2|0.97|0.07|0.97|0.61;0001-01-01T00:00:09.690+01:00|W7|1.1|0.68|0.15|0.68|0.78;0001-01-01T00:00:09.690+01:00|W8|0.4|0.25|0.00|0.25|0.08;0001-01-01T00:00:09.690+01:00|W9|0.3|0.20|0.03|0.20|0.25;0001-01-01T00:00:09.690+01:00|W10|0.5|0.39|0.20|0.39|0.34;0001-01-01T00:00:09.690+01:00|W11|0.7|0.72|0.14|0.72|0.02;0001-01-01T00:00:09.690+01:00|W12|0.1|0.07|0.06|0.07|0.05"
177.00;3.74;0001-01-01T00:00:09.7880000+01:00;154.21;-0.23;-87.15;14.3;-1.495;-4.509;41.075;-27.908;5.283;-9.041;102.990;-77.759;129.090;"0001-01-01T00:00:09.690+01:00|W1|1.6|1.55|0.00|1.55|0.30;0001-01-01T00:00:09.690+01:00|W2|1.5|1.46|0.09|1.46|0.36;0001-01-01T00:00:09.690+01:00|W3|1.2|1.09|0.23|1.09|0.49;0001-01-01T00:00:09.690+01:00|W4|1.3|1.26|0.03|1.26|0.16;0001-01-01T00:00:09.690+01:00|W5|0.9|0.87|0.12|0.87|0.32;0001-01-01T00:00:09.690+01:00|W6|1.2|0.97|0.07|0.97|0.61;0001-01-01T00:00:09.690+01:00|W7|1.1|0.68|0.15|0.68|0.78;0001-01-01T00:00:09.690+01:00|W8|0.4|0.25|0.00|0.25|0.08;0001-01-01T00:00:09.690+01:00|W9|0.3|0.20|0.03|0.20|0.25;0001-01-01T00:00:09.690+01:00|W10|0.5|0.39|0.20|0.39|0.34;0001-01-01T00:00:09.690+01:00|W11|0.7|0.72|0.14|0.72|0.02;0001-01-01T00:00:09.690+01:00|W12|0.1|0.07|0.06|0.07|0.05"
178.00;3.70;0001-01-01T00:00:09.8160000+01:00;155.00;-0.26;-87.75;14.3;-1.396;-4.049;40.499;-27.995;5.592;-8.742;103.050;-77.746;129.132;"0001-01-01T00:00:09.690+01:00|W1|1.6|1.55|0.00|1.55|0.30;0001-01-01T00:00:09.690+01:00|W2|1.5|1.46|0.09|1.46|0.36;0001-01-01T00:00:09.690+01:00|W3|1.2|1.09|0.23|1.09|0.49;0001-01-01T00:00:09.690+01:00|W4|1.3|1.26|0.03|1.26|0.16;0001-01-01T00:00:09.690+01:00|W5|0.9|0.87|0.12|0.87|0.32;0001-01-01T00:00:09.690+01:00|W6|1.2|0.97|0.07|0.97|0.61;0001-01-01T00:00:09.690+01:00|W7|1.1|0.68|0.15|0.68|0.78;0001-01-01T00:00:09.690+01:00|W8|0.4|0.25|0.00|0.25|0.08;0001-01-01T00:00:09.690+01:00|W9|0.3|0.20|0.03|0.20|0.25;0001-01-01T00:00:09.690+01:00|W10|0.5|0.39|0.20|0.39|0.34;0001-01-01T00:00:09.690+01:00|W11|0.7|0.72|0.14|0.72|0.02;0001-01-01T00:00:09.690+01:00|W12|0.1|0.07|0.06|0.07|0.05"
179.00;3.66;0001-01-01T00:00:09.8440000+01:00;155.80;-0.29;-88.35;14.2;-1.251;-3.678;39.858;-28.508;5.961;-8.299;103.056;-77.665;129.088;"0001-01-01T00:00:09.944+01:00|W1|1.6|1.57|0.01|1.57|0.33;0001-01-01T00:00:09.944+01:00|W2|1.5|1.46|0.11|1.46|0.27;0001-01-01T00:00:09.944+01:00|W3|1.2|1.07|0.17|1.07|0.44;0001-01-01T00:00:09.944+01:00|W4|1.3|1.31|0.02|1.31|0.14;0001-01-01T00:00:09.944+01:00|W5|1.0|0.87|0.07|0.87|0.39;0001-01-01T00:00:09.944+01:00|W6|1.2|0.99|0.09|0.99|0.58;0001-01-01T00:00:09.944+01:00|W7|1.1|0.68|0.08|0.68|0.83;0001-01-01T00:00:09.944+01:00|W8|0.4|0.31|0.01|0.31|0.10;0001-01-01T00:00:09.944+01:00|W9|0.3|0.19|0.03|0.19|0.24;0001-01-01T00:00:09.944+01:00|W10|0.5|0.40|0.19|0.40|0.31;0001-01-01T00:00:09.944+01:00|W11|0.7|0.67|0.18|0.67|0.06;0001-01-01T00:00:09.944+01:00|W12|0.1|0.08|0.06|0.08|0.05"
180.00;3.62;0001-01-01T00:00:09.8710000+01:00;156.59;-0.32;-88.95;14.1;-1.020;-3.325;39.603;-28.996;6.306;-7.819;103.071;-77.631;129.082;"0001-01-01T00:00:09.944+01:00|W1|1.6|1.57|0.01|1.57|0.33;0001-01-01T00:00:09.944+01:00|W2|1.5|1.46|0.11|1.46|0.27;0001-01-01T00:00:09.944+01:00|W3|1.2|1.07|0.17|1.07|0.44;0001-01-01T00:00:09.944+01:00|W4|1.3|1.31|0.02|1.31|0.14;0001-01-01T00:00:09.944+01:00|W5|1.0|0.87|0.07|0.87|0.39;0001-01-01T00:00:09.944+01:00|W6|1.2|0.99|0.09|0.99|0.58;0001-01-01T00:00:09.944+01:00|W7|1.1|0.68|0.08|0.68|0.83;0001-01-01T00:00:09.944+01:00|W8|0.4|0.31|0.01|0.31|0.10;0001-01-01T00:00:09.944+01:00|W9|0.3|0.19|0.03|0.19|0.24;0001-01-01T00:00:09.944+01:00|W10|0.5|0.40|0.19|0.40|0.31;0001-01-01T00:00:09.944+01:00|W11|0.7|0.67|0.18|0.67|0.06;0001-01-01T00:00:09.944+01:00|W12|0.1|0.08|0.06|0.08|0.05"
181.00;3.58;0001-01-01T00:00:09.8990000+01:00;157.39;-0.35;-89.55;13.9;-0.708;-2.989;39.709;-29.461;6.629;-7.305;103.097;-77.640;129.112;"0001-01-01T00:00:09.944+01:00|W1|1.6|1.57|0.01|1.57|0.33;0001-01-01T00:00:09.944+01:00|W2|1.5|1.46|0.11|1.46|0.27;0001-01-01T00:00:09.944+01:00|W3|1.2|1.07|0.17|1.07|0.44;0001-01-01T00:00:09.944+01:00|W4|1.3|1.31|0.02|1.31|0.14;0001-01-01T00:00:09.944+01:00|W5|1.0|0.87|0.07|0.87|0.39;0001-01-01T00:00:09.944+01:00|W6|1.2|0.99|0.09|0.99|0.58;0001-01-01T00:00:09.944+01:00|W7|1.1|0.68|0.08|0.68|0.83;0001-01-01T00:00:09.944+01:00|W8|0.4|0.31|0.01|0.31|0.10;0001-01-01T00:00:09.944+01:00|W9|0.3|0.19|0.03|0.19|0.24;0001-01-01T00:00:09.944+01:00|W10|0.5|0.40|0.19|0.40|0.31;0001-01-01T00:00:09.944+01:00|W11|0.7|0.67|0.18|0.67|0.06;0001-01-01T00:00:09.944+01:00|W12|0.1|0.08|0.06|0.08|0.05"
182.00;3.53;0001-01-01T00:00:09.9270000+01:00;158.18;-0.37;-90.15;13.6;-0.339;-2.530;38.984;-30.062;6.808;-6.803;103.116;-77.520;129.058;"0001-01-01T00:00:09.944+01:00|W1|1.6|1.57|0.01|1.57|0.33;0001-01-01T00:00:09.944+01:00|W2|1.5|1.46|0.11|1.46|0.27;0001-01-01T00:00:09.944+01:00|W3|1.2|1.07|0.17|1.07|0.44;0001-01-01T00:00:09.944+01:00|W4|1.3|1.31|0.02|1.31|0.14;0001-01-01T00:00:09.944+01:00|W5|1.0|0.87|0.07|0.87|0.39;0001-01-01T00:00:09.944+01:00|W6|1.2|0.99|0.09|0.99|0.58;0001-01-01T00:00:09.944+01:00|W7|1.1|0.68|0.08|0.68|0.83;0001-01-01T00:00:09.944+01:00|W8|0.4|0.31|0.01|0.31|0.10;0001-01-01T00:00:09.944+01:00|W9|0.3|0.19|0.03|0.19|0.24;0001-01-01T00:00:09.944+01:00|W10|0.5|0.40|0.19|0.40|0.31;0001-01-01T00:00:09.944+01:00|W11|0.7|0.67|0.18|0.67|0.06;0001-01-01T00:00:09.944+01:00|W12|0.1|0.08|0.06|0.08|0.05"
183.00;3.49;0001-01-01T00:00:09.9550000+01:00;158.98;-0.40;-90.75;13.2;0.054;-2.021;37.929;-30.717;6.928;-6.307;103.131;-77.349;128.971;"0001-01-01T00:00:09.944+01:00|W1|1.6|1.57|0.01|1.57|0.33;0001-01-01T00:00:09.944+01:00|W2|1.5|1.46|0.11|1.46|0.27;0001-01-01T00:00:09.944+01:00|W3|1.2|1.07|0.17|1.07|0.44;0001-01-01T00:00:09.944+01:00|W4|1.3|1.31|0.02|1.31|0.14;0001-01-01T00:00:09.944+01:00|W5|1.0|0.87|0.07|0.87|0.39;0001-01-01T00:00:09.944+01:00|W6|1.2|0.99|0.09|0.99|0.58;0001-01-01T00:00:09.944+01:00|W7|1.1|0.68|0.08|0.68|0.83;0001-01-01T00:00:09.944+01:00|W8|0.4|0.31|0.01|0.31|0.10;0001-01-01T00:00:09.944+01:00|W9|0.3|0.19|0.03|0.19|0.24;0001-01-01T00:00:09.944+01:00|W10|0.5|0.40|0.19|0.40|0.31;0001-01-01T00:00:09.944+01:00|W11|0.7|0.67|0.18|0.67|0.06;0001-01-01T00:00:09.944+01:00|W12|0.1|0.08|0.06|0.08|0.05"
184.00;3.44;0001-01-01T00:00:09.9820000+01:00;159.78;-0.43;-91.34;12.8;0.598;-1.146;37.673;-31.684;7.016;-5.801;103.110;-77.242;128.891;"0001-01-01T00:00:09.944+01:00|W1|1.6|1.57|0.01|1.57|0.33;0001-01-01T00:00:09.944+01:00|W2|1.5|1.46|0.11|1.46|0.27;0001-01-01T00:00:09.944+01:00|W3|1.2|1.07|0.17|1.07|0.44;0001-01-01T00:00:09.944+01:00|W4|1.3|1.31|0.02|1.31|0.14;0001-01-01T00:00:09.944+01:00|W5|1.0|0.87|0.07|0.87|0.39;0001-01-01T00:00:09.944+01:00|W6|1.2|0.99|0.09|0.99|0.58;0001-01-01T00:00:09.944+01:00|W7|1.1|0.68|0.08|0.68|0.83;0001-01-01T00:00:09.944+01:00|W8|0.4|0.31|0.01|0.31|0.10;0001-01-01T00:00:09.944+01:00|W9|0.3|0.19|0.03|0.19|0.24;0001-01-01T00:00:09.944+01:00|W10|0.5|0.40|0.19|0.40|0.31;0001-01-01T00:00:09.944+01:00|W11|0.7|0.67|0.18|0.67|0.06;0001-01-01T00:00:09.944+01:00|W12|0.1|0.08|0.06|0.08|0.05"
185.00;3.40;0001-01-01T00:00:10.0100000+01:00;160.57;-0.46;-91.94;12.4;1.148;-0.233;37.393;-32.679;7.115;-5.313;103.082;-77.144;128.810;"0001-01-01T00:00:09.944+01:00|W1|1.6|1.57|0.01|1.57|0.33;0001-01-01T00:00:09.944+01:00|W2|1.5|1.46|0.11|1.46|0.27;0001-01-01T00:00:09.944+01:00|W3|1.2|1.07|0.17|1.07|0.44;0001-01-01T00:00:09.944+01:00|W4|1.3|1.31|0.02|1.31|0.14;0001-01-01T00:00:09.944+01:00|W5|1.0|0.87|0.07|0.87|0.39;0001-01-01T00:00:09.944+01:00|W6|1.2|0.99|0.09|0.99|0.58;0001-01-01T00:00:09.944+01:00|W7|1.1|0.68|0.08|0.68|0.83;0001-01-01T00:00:09.944+01:00|W8|0.4|0.31|0.01|0.31|0.10;0001-01-01T00:00:09.944+01:00|W9|0.3|0.19|0.03|0.19|0.24;0001-01-01T00:00:09.944+01:00|W10|0.5|0.40|0.19|0.40|0.31;0001-01-01T00:00:09.944+01:00|W11|0.7|0.67|0.18|0.67|0.06;0001-01-01T00:00:09.944+01:00|W12|0.1|0.08|0.06|0.08|0.05"
186.00;3.35;0001-01-01T00:00:10.0380000+01:00;161.37;-0.49;-92.53;12.3;1.630;0.706;36.384;-33.666;7.317;-4.967;103.028;-77.073;128.721;"0001-01-01T00:00:09.944+01:00|W1|1.6|1.57|0.01|1.57|0.33;0001-01-01T00:00:09.944+01:00|W2|1.5|1.46|0.11|1.46|0.27;0001-01-01T00:00:09.944+01:00|W3|1.2|1.07|0.17|1.07|0.44;0001-01-01T00:00:09.944+01:00|W4|1.3|1.31|0.02|1.31|0.14;0001-01-01T00:00:09.944+01:00|W5|1.0|0.87|0.07|0.87|0.39;0001-01-01T00:00:09.944+01:00|W6|1.2|0.99|0.09|0.99|0.58;0001-01-01T00:00:09.944+01:00|W7|1.1|0.68|0.08|0.68|0.83;0001-01-01T00:00:09.944+01:00|W8|0.4|0.31|0.01|0.31|0.10;0001-01-01T00:00:09.944+01:00|W9|0.3|0.19|0.03|0.19|0.24;0001-01-01T00:00:09.944+01:00|W10|0.5|0.40|0.19|0.40|0.31;0001-01-01T00:00:09.944+01:00|W11|0.7|0.67|0.18|0.67|0.06;0001-01-01T00:00:09.944+01:00|W12|0.1|0.08|0.06|0.08|0.05"
187.00;3.30;0001-01-01T00:00:10.0660000+01:00;162.17;-0.52;-93.13;12.3;2.086;1.573;35.644;-34.267;7.612;-4.683;102.977;-77.011;128.641;"0001-01-01T00:00:09.944+01:00|W1|1.6|1.57|0.01|1.57|0.33;0001-01-01T00:00:09.944+01:00|W2|1.5|1.46|0.11|1.46|0.27;0001-01-01T00:00:09.944+01:00|W3|1.2|1.07|0.17|1.07|0.44;0001-01-01T00:00:09.944+01:00|W4|1.3|1.31|0.02|1.31|0.14;0001-01-01T00:00:09.944+01:00|W5|1.0|0.87|0.07|0.87|0.39;0001-01-01T00:00:09.944+01:00|W6|1.2|0.99|0.09|0.99|0.58;0001-01-01T00:00:09.944+01:00|W7|1.1|0.68|0.08|0.68|0.83;0001-01-01T00:00:09.944+01:00|W8|0.4|0.31|0.01|0.31|0.10;0001-01-01T00:00:09.944+01:00|W9|0.3|0.19|0.03|0.19|0.24;0001-01-01T00:00:09.944+01:00|W10|0.5|0.40|0.19|0.40|0.31;0001-01-01T00:00:09.944+01:00|W11|0.7|0.67|0.18|0.67|0.06;0001-01-01T00:00:09.944+01:00|W12|0.1|0.08|0.06|0.08|0.05"
188.00;3.24;0001-01-01T00:00:10.0940000+01:00;162.96;-0.55;-93.73;12.6;2.486;2.291;35.472;-34.050;8.102;-4.531;102.932;-76.970;128.579;"0001-01-01T00:00:10.190+01:00|W1|1.5|1.49|0.07|1.49|0.33;0001-01-01T00:00:10.190+01:00|W2|1.5|1.43|0.14|1.43|0.18;0001-01-01T00:00:10.190+01:00|W3|1.1|1.02|0.10|1.02|0.39;0001-01-01T00:00:10.190+01:00|W4|1.4|1.40|0.09|1.40|0.11;0001-01-01T00:00:10.190+01:00|W5|1.1|1.02|0.09|1.02|0.43;0001-01-01T00:00:10.190+01:00|W6|1.2|0.98|0.09|0.98|0.61;0001-01-01T00:00:10.190+01:00|W7|1.1|0.63|0.03|0.63|0.90;0001-01-01T00:00:10.190+01:00|W8|0.5|0.40|0.08|0.40|0.15;0001-01-01T00:00:10.190+01:00|W9|0.3|0.18|0.03|0.18|0.23;0001-01-01T00:00:10.190+01:00|W10|0.5|0.40|0.18|0.40|0.30;0001-01-01T00:00:10.190+01:00|W11|0.6|0.61|0.22|0.61|0.08;0001-01-01T00:00:10.190+01:00|W12|0.1|0.07|0.05|0.07|0.06"
189.00;3.18;0001-01-01T00:00:10.1220000+01:00;163.76;-0.58;-94.32;13.1;2.670;2.878;34.503;-34.012;8.689;-4.471;102.888;-76.950;128.531;"0001-01-01T00:00:10.190+01:00|W1|1.5|1.49|0.07|1.49|0.33;0001-01-01T00:00:10.190+01:00|W2|1.5|1.43|0.14|1.43|0.18;0001-01-01T00:00:10.190+01:00|W3|1.1|1.02|0.10|1.02|0.39;0001-01-01T00:00:10.190+01:00|W4|1.4|1.40|0.09|1.40|0.11;0001-01-01T00:00:10.190+01:00|W5|1.1|1.02|0.09|1.02|0.43;0001-01-01T00:00:10.190+01:00|W6|1.2|0.98|0.09|0.98|0.61;0001-01-01T00:00:10.190+01:00|W7|1.1|0.63|0.03|0.63|0.90;0001-01-01T00:00:10.190+01:00|W8|0.5|0.40|0.08|0.40|0.15;0001-01-01T00:00:10.190+01:00|W9|0.3|0.18|0.03|0.18|0.23;0001-01-01T00:00:10.190+01:00|W10|0.5|0.40|0.18|0.40|0.30;0001-01-01T00:00:10.190+01:00|W11|0.6|0.61|0.22|0.61|0.08;0001-01-01T00:00:10.190+01:00|W12|0.1|0.07|0.05|0.07|0.06"
190.00;3.12;0001-01-01T00:00:10.1500000+01:00;164.56;-0.61;-94.92;13.8;2.658;3.347;32.812;-34.139;9.363;-4.493;102.843;-76.949;128.498;"0001-01-01T00:00:10.190+01:00|W1|1.5|1.49|0.07|1.49|0.33;0001-01-01T00:00:10.190+01:00|W2|1.5|1.43|0.14|1.43|0.18;0001-01-01T00:00:10.190+01:00|W3|1.1|1.02|0.10|1.02|0.39;0001-01-01T00:00:10.190+01:00|W4|1.4|1.40|0.09|1.40|0.11;0001-01-01T00:00:10.190+01:00|W5|1.1|1.02|0.09|1.02|0.43;0001-01-01T00:00:10.190+01:00|W6|1.2|0.98|0.09|0.98|0.61;0001-01-01T00:00:10.190+01:00|W7|1.1|0.63|0.03|0.63|0.90;0001-01-01T00:00:10.190+01:00|W8|0.5|0.40|0.08|0.40|0.15;0001-01-01T00:00:10.190+01:00|W9|0.3|0.18|0.03|0.18|0.23;0001-01-01T00:00:10.190+01:00|W10|0.5|0.40|0.18|0.40|0.30;0001-01-01T00:00:10.190+01:00|W11|0.6|0.61|0.22|0.61|0.08;0001-01-01T00:00:10.190+01:00|W12|0.1|0.07|0.05|0.07|0.06"
191.00;3.06;0001-01-01T00:00:10.1770000+01:00;165.35;-0.64;-95.51;14.7;2.536;3.463;31.564;-33.676;9.922;-4.815;102.762;-76.800;128.343;"0001-01-01T00:00:10.190+01:00|W1|1.5|1.49|0.07|1.49|0.33;0001-01-01T00:00:10.190+01:00|W2|1.5|1.43|0.14|1.43|0.18;0001-01-01T00:00:10.190+01:00|W3|1.1|1.02|0.10|1.02|0.39;0001-01-01T00:00:10.190+01:00|W4|1.4|1.40|0.09|1.40|0.11;0001-01-01T00:00:10.190+01:00|W5|1.1|1.02|0.09|1.02|0.43;0001-01-01T00:00:10.190+01:00|W6|1.2|0.98|0.09|0.98|0.61;0001-01-01T00:00:10.190+01:00|W7|1.1|0.63|0.03|0.63|0.90;0001-01-01T00:00:10.190+01:00|W8|0.5|0.40|0.08|0.40|0.15;0001-01-01T00:00:10.190+01:00|W9|0.3|0.18|0.03|0.18|0.23;0001-01-01T00:00:10.190+01:00|W10|0.5|0.40|0.18|0.40|0.30;0001-01-01T00:00:10.190+01:00|W11|0.6|0.61|0.22|0.61|0.08;0001-01-01T00:00:10.190+01:00|W12|0.1|0.07|0.05|0.07|0.06"
192.00;3.00;0001-01-01T00:00:10.2050000+01:00;166.15;-0.66;-96.11;15.7;2.374;3.451;30.477;-32.999;10.438;-5.246;102.667;-76.598;128.144;"0001-01-01T00:00:10.190+01:00|W1|1.5|1.49|0.07|1.49|0.33;0001-01-01T00:00:10.190+01:00|W2|1.5|1.43|0.14|1.43|0.18;0001-01-01T00:00:10.190+01:00|W3|1.1|1.02|0.10|1.02|0.39;0001-01-01T00:00:10.190+01:00|W4|1.4|1.40|0.09|1.40|0.11;0001-01-01T00:00:10.190+01:00|W5|1.1|1.02|0.09|1.02|0.43;0001-01-01T00:00:10.190+01:00|W6|1.2|0.98|0.09|0.98|0.61;0001-01-01T00:00:10.190+01:00|W7|1.1|0.63|0.03|0.63|0.90;0001-01-01T00:00:10.190+01:00|W8|0.5|0.40|0.08|0.40|0.15;0001-01-01T00:00:10.190+01:00|W9|0.3|0.18|0.03|0.18|0.23;0001-01-01T00:00:10.190+01:00|W10|0.5|0.40|0.18|0.40|0.30;0001-01-01T00:00:10.190+01:00|W11|0.6|0.61|0.22|0.61|0.08;0001-01-01T00:00:10.190+01:00|W12|0.1|0.07|0.05|0.07|0.06"
193.00;2.94;0001-01-01T00:00:10.2330000+01:00;166.95;-0.69;-96.70;15.9;2.267;3.554;29.984;-32.233;10.687;-5.576;102.691;-76.381;128.034;"0001-01-01T00:00:10.190+01:00|W1|1.5|1.49|0.07|1.49|0.33;0001-01-01T00:00:10.190+01:00|W2|1.5|1.43|0.14|1.43|0.18;0001-01-01T00:00:10.190+01:00|W3|1.1|1.02|0.10|1.02|0.39;0001-01-01T00:00:10.190+01:00|W4|1.4|1.40|0.09|1.40|0.11;0001-01-01T00:00:10.190+01:00|W5|1.1|1.02|0.09|1.02|0.43;0001-01-01T00:00:10.190+01:00|W6|1.2|0.98|0.09|0.98|0.61;0001-01-01T00:00:10.190+01:00|W7|1.1|0.63|0.03|0.63|0.90;0001-01-01T00:00:10.190+01:00|W8|0.5|0.40|0.08|0.40|0.15;0001-01-01T00:00:10.190+01:00|W9|0.3|0.18|0.03|0.18|0.23;0001-01-01T00:00:10.190+01:00|W10|0.5|0.40|0.18|0.40|0.30;0001-01-01T00:00:10.190+01:00|W11|0.6|0.61|0.22|0.61|0.08;0001-01-01T00:00:10.190+01:00|W12|0.1|0.07|0.05|0.07|0.06"
194.00;2.87;0001-01-01T00:00:10.2620000+01:00;167.75;-0.71;-97.30;16.2;2.297;3.663;29.516;-31.463;10.833;-5.900;102.680;-76.147;127.885;"0001-01-01T00:00:10.190+01:00|W1|1.5|1.49|0.07|1.49|0.33;0001-01-01T00:00:10.190+01:00|W2|1.5|1.43|0.14|1.43|0.18;0001-01-01T00:00:10.190+01:00|W3|1.1|1.02|0.10|1.02|0.39;0001-01-01T00:00:10.190+01:00|W4|1.4|1.40|0.09|1.40|0.11;0001-01-01T00:00:10.190+01:00|W5|1.1|1.02|0.09|1.02|0.43;0001-01-01T00:00:10.190+01:00|W6|1.2|0.98|0.09|0.98|0.61;0001-01-01T00:00:10.190+01:00|W7|1.1|0.63|0.03|0.63|0.90;0001-01-01T00:00:10.190+01:00|W8|0.5|0.40|0.08|0.40|0.15;0001-01-01T00:00:10.190+01:00|W9|0.3|0.18|0.03|0.18|0.23;0001-01-01T00:00:10.190+01:00|W10|0.5|0.40|0.18|0.40|0.30;0001-01-01T00:00:10.190+01:00|W11|0.6|0.61|0.22|0.61|0.08;0001-01-01T00:00:10.190+01:00|W12|0.1|0.07|0.05|0.07|0.06"
195.00;2.80;0001-01-01T00:00:10.2900000+01:00;168.55;-0.76;-97.89;16.9;3.014;3.773;28.998;-30.691;10.531;-6.225;102.446;-75.826;127.500;"0001-01-01T00:00:10.190+01:00|W1|1.5|1.49|0.07|1.49|0.33;0001-01-01T00:00:10.190+01:00|W2|1.5|1.43|0.14|1.43|0.18;0001-01-01T00:00:10.190+01:00|W3|1.1|1.02|0.10|1.02|0.39;0001-01-01T00:00:10.190+01:00|W4|1.4|1.40|0.09|1.40|0.11;0001-01-01T00:00:10.190+01:00|W5|1.1|1.02|0.09|1.02|0.43;0001-01-01T00:00:10.190+01:00|W6|1.2|0.98|0.09|0.98|0.61;0001-01-01T00:00:10.190+01:00|W7|1.1|0.63|0.03|0.63|0.90;0001-01-01T00:00:10.190+01:00|W8|0.5|0.40|0.08|0.40|0.15;0001-01-01T00:00:10.190+01:00|W9|0.3|0.18|0.03|0.18|0.23;0001-01-01T00:00:10.190+01:00|W10|0.5|0.40|0.18|0.40|0.30;0001-01-01T00:00:10.190+01:00|W11|0.6|0.61|0.22|0.61|0.08;0001-01-01T00:00:10.190+01:00|W12|0.1|0.07|0.05|0.07|0.06"
196.00;2.73;0001-01-01T00:00:10.3180000+01:00;169.35;-0.80;-98.49;17.3;3.731;4.079;28.480;-30.116;10.228;-6.436;102.293;-75.594;127.234;"0001-01-01T00:00:10.439+01:00|W1|1.4|1.39|0.17|1.39|0.29;0001-01-01T00:00:10.439+01:00|W2|1.4|1.40|0.16|1.40|0.12;0001-01-01T00:00:10.439+01:00|W3|1.1|0.97|0.02|0.97|0.33;0001-01-01T00:00:10.439+01:00|W4|1.4|1.41|0.10|1.41|0.06;0001-01-01T00:00:10.439+01:00|W5|1.3|1.14|0.22|1.14|0.55;0001-01-01T00:00:10.439+01:00|W6|1.2|0.94|0.09|0.94|0.66;0001-01-01T00:00:10.439+01:00|W7|1.2|0.66|0.06|0.66|0.98;0001-01-01T00:00:10.439+01:00|W8|0.6|0.50|0.15|0.50|0.16;0001-01-01T00:00:10.439+01:00|W9|0.3|0.16|0.06|0.16|0.20;0001-01-01T00:00:10.439+01:00|W10|0.5|0.42|0.15|0.42|0.31;0001-01-01T00:00:10.439+01:00|W11|0.6|0.57|0.24|0.57|0.09;0001-01-01T00:00:10.439+01:00|W12|0.1|0.05|0.05|0.05|0.07"
197.00;2.66;0001-01-01T00:00:10.3460000+01:00;170.15;-0.84;-99.08;17.3;4.450;4.705;27.960;-29.858;9.924;-6.463;102.273;-75.507;127.163;"0001-01-01T00:00:10.439+01:00|W1|1.4|1.39|0.17|1.39|0.29;0001-01-01T00:00:10.439+01:00|W2|1.4|1.40|0.16|1.40|0.12;0001-01-01T00:00:10.439+01:00|W3|1.1|0.97|0.02|0.97|0.33;0001-01-01T00:00:10.439+01:00|W4|1.4|1.41|0.10|1.41|0.06;0001-01-01T00:00:10.439+01:00|W5|1.3|1.14|0.22|1.14|0.55;0001-01-01T00:00:10.439+01:00|W6|1.2|0.94|0.09|0.94|0.66;0001-01-01T00:00:10.439+01:00|W7|1.2|0.66|0.06|0.66|0.98;0001-01-01T00:00:10.439+01:00|W8|0.6|0.50|0.15|0.50|0.16;0001-01-01T00:00:10.439+01:00|W9|0.3|0.16|0.06|0.16|0.20;0001-01-01T00:00:10.439+01:00|W10|0.5|0.42|0.15|0.42|0.31;0001-01-01T00:00:10.439+01:00|W11|0.6|0.57|0.24|0.57|0.09;0001-01-01T00:00:10.439+01:00|W12|0.1|0.05|0.05|0.05|0.07"
198.00;2.59;0001-01-01T00:00:10.3740000+01:00;170.95;-0.86;-99.67;16.9;5.171;5.406;27.439;-28.864;9.620;-6.602;102.254;-75.154;126.939;"0001-01-01T00:00:10.439+01:00|W1|1.4|1.39|0.17|1.39|0.29;0001-01-01T00:00:10.439+01:00|W2|1.4|1.40|0.16|1.40|0.12;0001-01-01T00:00:10.439+01:00|W3|1.1|0.97|0.02|0.97|0.33;0001-01-01T00:00:10.439+01:00|W4|1.4|1.41|0.10|1.41|0.06;0001-01-01T00:00:10.439+01:00|W5|1.3|1.14|0.22|1.14|0.55;0001-01-01T00:00:10.439+01:00|W6|1.2|0.94|0.09|0.94|0.66;0001-01-01T00:00:10.439+01:00|W7|1.2|0.66|0.06|0.66|0.98;0001-01-01T00:00:10.439+01:00|W8|0.6|0.50|0.15|0.50|0.16;0001-01-01T00:00:10.439+01:00|W9|0.3|0.16|0.06|0.16|0.20;0001-01-01T00:00:10.439+01:00|W10|0.5|0.42|0.15|0.42|0.31;0001-01-01T00:00:10.439+01:00|W11|0.6|0.57|0.24|0.57|0.09;0001-01-01T00:00:10.439+01:00|W12|0.1|0.05|0.05|0.05|0.07"
199.00;2.53;0001-01-01T00:00:10.4020000+01:00;171.76;-0.86;-100.25;16.1;5.894;6.155;26.917;-27.391;9.315;-6.814;102.237;-74.629;126.616;"0001-01-01T00:00:10.439+01:00|W1|1.4|1.39|0.17|1.39|0.29;0001-01-01T00:00:10.439+01:00|W2|1.4|1.40|0.16|1.40|0.12;0001-01-01T00:00:10.439+01:00|W3|1.1|0.97|0.02|0.97|0.33;0001-01-01T00:00:10.439+01:00|W4|1.4|1.41|0.10|1.41|0.06;0001-01-01T00:00:10.439+01:00|W5|1.3|1.14|0.22|1.14|0.55;0001-01-01T00:00:10.439+01:00|W6|1.2|0.94|0.09|0.94|0.66;0001-01-01T00:00:10.439+01:00|W7|1.2|0.66|0.06|0.66|0.98;0001-01-01T00:00:10.439+01:00|W8|0.6|0.50|0.15|0.50|0.16;0001-01-01T00:00:10.439+01:00|W9|0.3|0.16|0.06|0.16|0.20;0001-01-01T00:00:10.439+01:00|W10|0.5|0.42|0.15|0.42|0.31;0001-01-01T00:00:10.439+01:00|W11|0.6|0.57|0.24|0.57|0.09;0001-01-01T00:00:10.439+01:00|W12|0.1|0.05|0.05|0.05|0.07"
200.00;2.45;0001-01-01T00:00:10.4310000+01:00;172.56;-0.89;-100.84;16.4;6.206;6.918;26.166;-26.380;9.522;-7.263;102.148;-74.403;126.418;"0001-01-01T00:00:10.439+01:00|W1|1.4|1.39|0.17|1.39|0.29;0001-01-01T00:00:10.439+01:00|W2|1.4|1.40|0.16|1.40|0.12;0001-01-01T00:00:10.439+01:00|W3|1.1|0.97|0.02|0.97|0.33;0001-01-01T00:00:10.439+01:00|W4|1.4|1.41|0.10|1.41|0.06;0001-01-01T00:00:10.439+01:00|W5|1.3|1.14|0.22|1.14|0.55;0001-01-01T00:00:10.439+01:00|W6|1.2|0.94|0.09|0.94|0.66;0001-01-01T00:00:10.439+01:00|W7|1.2|0.66|0.06|0.66|0.98;0001-01-01T00:00:10.439+01:00|W8|0.6|0.50|0.15|0.50|0.16;0001-01-01T00:00:10.439+01:00|W9|0.3|0.16|0.06|0.16|0.20;0001-01-01T00:00:10.439+01:00|W10|0.5|0.42|0.15|0.42|0.31;0001-01-01T00:00:10.439+01:00|W11|0.6|0.57|0.24|0.57|0.09;0001-01-01T00:00:10.439+01:00|W12|0.1|0.05|0.05|0.05|0.07"
201.00;2.37;0001-01-01T00:00:10.4590000+01:00;173.37;-0.92;-101.43;16.9;6.441;7.662;25.371;-25.375;9.825;-7.779;102.037;-74.222;126.229;"0001-01-01T00:00:10.439+01:00|W1|1.4|1.39|0.17|1.39|0.29;0001-01-01T00:00:10.439+01:00|W2|1.4|1.40|0.16|1.40|0.12;0001-01-01T00:00:10.439+01:00|W3|1.1|0.97|0.02|0.97|0.33;0001-01-01T00:00:10.439+01:00|W4|1.4|1.41|0.10|1.41|0.06;0001-01-01T00:00:10.439+01:00|W5|1.3|1.14|0.22|1.14|0.55;0001-01-01T00:00:10.439+01:00|W6|1.2|0.94|0.09|0.94|0.66;0001-01-01T00:00:10.439+01:00|W7|1.2|0.66|0.06|0.66|0.98;0001-01-01T00:00:10.439+01:00|W8|0.6|0.50|0.15|0.50|0.16;0001-01-01T00:00:10.439+01:00|W9|0.3|0.16|0.06|0.16|0.20;0001-01-01T00:00:10.439+01:00|W10|0.5|0.42|0.15|0.42|0.31;0001-01-01T00:00:10.439+01:00|W11|0.6|0.57|0.24|0.57|0.09;0001-01-01T00:00:10.439+01:00|W12|0.1|0.05|0.05|0.05|0.07"
202.00;2.29;0001-01-01T00:00:10.4880000+01:00;174.17;-0.95;-102.02;17.7;6.677;8.113;24.570;-23.305;10.131;-8.579;101.812;-73.887;125.853;"0001-01-01T00:00:10.439+01:00|W1|1.4|1.39|0.17|1.39|0.29;0001-01-01T00:00:10.439+01:00|W2|1.4|1.40|0.16|1.40|0.12;0001-01-01T00:00:10.439+01:00|W3|1.1|0.97|0.02|0.97|0.33;0001-01-01T00:00:10.439+01:00|W4|1.4|1.41|0.10|1.41|0.06;0001-01-01T00:00:10.439+01:00|W5|1.3|1.14|0.22|1.14|0.55;0001-01-01T00:00:10.439+01:00|W6|1.2|0.94|0.09|0.94|0.66;0001-01-01T00:00:10.439+01:00|W7|1.2|0.66|0.06|0.66|0.98;0001-01-01T00:00:10.439+01:00|W8|0.6|0.50|0.15|0.50|0.16;0001-01-01T00:00:10.439+01:00|W9|0.3|0.16|0.06|0.16|0.20;0001-01-01T00:00:10.439+01:00|W10|0.5|0.42|0.15|0.42|0.31;0001-01-01T00:00:10.439+01:00|W11|0.6|0.57|0.24|0.57|0.09;0001-01-01T00:00:10.439+01:00|W12|0.1|0.05|0.05|0.05|0.07"
203.00;2.22;0001-01-01T00:00:10.5160000+01:00;174.98;-0.97;-102.60;18.5;6.914;8.187;23.765;-21.384;10.438;-9.155;101.544;-73.693;125.519;"0001-01-01T00:00:10.439+01:00|W1|1.4|1.39|0.17|1.39|0.29;0001-01-01T00:00:10.439+01:00|W2|1.4|1.40|0.16|1.40|0.12;0001-01-01T00:00:10.439+01:00|W3|1.1|0.97|0.02|0.97|0.33;0001-01-01T00:00:10.439+01:00|W4|1.4|1.41|0.10|1.41|0.06;0001-01-01T00:00:10.439+01:00|W5|1.3|1.14|0.22|1.14|0.55;0001-01-01T00:00:10.439+01:00|W6|1.2|0.94|0.09|0.94|0.66;0001-01-01T00:00:10.439+01:00|W7|1.2|0.66|0.06|0.66|0.98;0001-01-01T00:00:10.439+01:00|W8|0.6|0.50|0.15|0.50|0.16;0001-01-01T00:00:10.439+01:00|W9|0.3|0.16|0.06|0.16|0.20;0001-01-01T00:00:10.439+01:00|W10|0.5|0.42|0.15|0.42|0.31;0001-01-01T00:00:10.439+01:00|W11|0.6|0.57|0.24|0.57|0.09;0001-01-01T00:00:10.439+01:00|W12|0.1|0.05|0.05|0.05|0.07"
204.00;2.15;0001-01-01T00:00:10.5450000+01:00;175.79;-0.96;-103.18;19.4;7.154;7.444;22.953;-19.787;10.748;-9.248;101.184;-73.803;125.275;"0001-01-01T00:00:10.439+01:00|W1|1.4|1.39|0.17|1.39|0.29;0001-01-01T00:00:10.439+01:00|W2|1.4|1.40|0.16|1.40|0.12;0001-01-01T00:00:10.439+01:00|W3|1.1|0.97|0.02|0.97|0.33;0001-01-01T00:00:10.439+01:00|W4|1.4|1.41|0.10|1.41|0.06;0001-01-01T00:00:10.439+01:00|W5|1.3|1.14|0.22|1.14|0.55;0001-01-01T00:00:10.439+01:00|W6|1.2|0.94|0.09|0.94|0.66;0001-01-01T00:00:10.439+01:00|W7|1.2|0.66|0.06|0.66|0.98;0001-01-01T00:00:10.439+01:00|W8|0.6|0.50|0.15|0.50|0.16;0001-01-01T00:00:10.439+01:00|W9|0.3|0.16|0.06|0.16|0.20;0001-01-01T00:00:10.439+01:00|W10|0.5|0.42|0.15|0.42|0.31;0001-01-01T00:00:10.439+01:00|W11|0.6|0.57|0.24|0.57|0.09;0001-01-01T00:00:10.439+01:00|W12|0.1|0.05|0.05|0.05|0.07"
205.00;2.08;0001-01-01T00:00:10.5740000+01:00;176.60;-0.96;-103.76;20.1;6.612;6.701;22.018;-18.189;11.177;-9.340;100.872;-73.559;124.872;"0001-01-01T00:00:10.688+01:00|W1|1.3|1.28|0.24|1.28|0.36;0001-01-01T00:00:10.688+01:00|W2|1.4|1.38|0.17|1.38|0.08;0001-01-01T00:00:10.688+01:00|W3|1.0|0.91|0.04|0.91|0.34;0001-01-01T00:00:10.688+01:00|W4|1.4|1.43|0.09|1.43|0.08;0001-01-01T00:00:10.688+01:00|W5|1.2|1.05|0.14|1.05|0.54;0001-01-01T00:00:10.688+01:00|W6|1.2|0.89|0.08|0.89|0.73;0001-01-01T00:00:10.688+01:00|W7|1.2|0.68|0.06|0.68|0.96;0001-01-01T00:00:10.688+01:00|W8|0.6|0.58|0.21|0.58|0.16;0001-01-01T00:00:10.688+01:00|W9|0.3|0.14|0.07|0.14|0.18;0001-01-01T00:00:10.688+01:00|W10|0.6|0.46|0.05|0.46|0.37;0001-01-01T00:00:10.688+01:00|W11|0.6|0.58|0.20|0.58|0.04;0001-01-01T00:00:10.688+01:00|W12|0.1|0.05|0.04|0.05|0.08"
206.00;1.99;0001-01-01T00:00:10.6030000+01:00;177.41;-0.98;-104.35;20.7;5.516;5.958;20.995;-16.591;11.690;-9.432;100.593;-73.064;124.353;"0001-01-01T00:00:10.688+01:00|W1|1.3|1.28|0.24|1.28|0.36;0001-01-01T00:00:10.688+01:00|W2|1.4|1.38|0.17|1.38|0.08;0001-01-01T00:00:10.688+01:00|W3|1.0|0.91|0.04|0.91|0.34;0001-01-01T00:00:10.688+01:00|W4|1.4|1.43|0.09|1.43|0.08;0001-01-01T00:00:10.688+01:00|W5|1.2|1.05|0.14|1.05|0.54;0001-01-01T00:00:10.688+01:00|W6|1.2|0.89|0.08|0.89|0.73;0001-01-01T00:00:10.688+01:00|W7|1.2|0.68|0.06|0.68|0.96;0001-01-01T00:00:10.688+01:00|W8|0.6|0.58|0.21|0.58|0.16;0001-01-01T00:00:10.688+01:00|W9|0.3|0.14|0.07|0.14|0.18;0001-01-01T00:00:10.688+01:00|W10|0.6|0.46|0.05|0.46|0.37;0001-01-01T00:00:10.688+01:00|W11|0.6|0.58|0.20|0.58|0.04;0001-01-01T00:00:10.688+01:00|W12|0.1|0.05|0.04|0.05|0.08"
207.00;1.91;0001-01-01T00:00:10.6320000+01:00;178.22;-1.00;-104.93;20.3;5.032;5.209;20.327;-14.979;11.313;-9.526;100.544;-72.811;124.167;"0001-01-01T00:00:10.688+01:00|W1|1.3|1.28|0.24|1.28|0.36;0001-01-01T00:00:10.688+01:00|W2|1.4|1.38|0.17|1.38|0.08;0001-01-01T00:00:10.688+01:00|W3|1.0|0.91|0.04|0.91|0.34;0001-01-01T00:00:10.688+01:00|W4|1.4|1.43|0.09|1.43|0.08;0001-01-01T00:00:10.688+01:00|W5|1.2|1.05|0.14|1.05|0.54;0001-01-01T00:00:10.688+01:00|W6|1.2|0.89|0.08|0.89|0.73;0001-01-01T00:00:10.688+01:00|W7|1.2|0.68|0.06|0.68|0.96;0001-01-01T00:00:10.688+01:00|W8|0.6|0.58|0.21|0.58|0.16;0001-01-01T00:00:10.688+01:00|W9|0.3|0.14|0.07|0.14|0.18;0001-01-01T00:00:10.688+01:00|W10|0.6|0.46|0.05|0.46|0.37;0001-01-01T00:00:10.688+01:00|W11|0.6|0.58|0.20|0.58|0.04;0001-01-01T00:00:10.688+01:00|W12|0.1|0.05|0.04|0.05|0.08"
208.00;1.84;0001-01-01T00:00:10.6610000+01:00;179.04;-1.01;-105.51;19.8;4.652;4.459;19.719;-13.365;10.785;-9.619;100.535;-72.598;124.037;"0001-01-01T00:00:10.688+01:00|W1|1.3|1.28|0.24|1.28|0.36;0001-01-01T00:00:10.688+01:00|W2|1.4|1.38|0.17|1.38|0.08;0001-01-01T00:00:10.688+01:00|W3|1.0|0.91|0.04|0.91|0.34;0001-01-01T00:00:10.688+01:00|W4|1.4|1.43|0.09|1.43|0.08;0001-01-01T00:00:10.688+01:00|W5|1.2|1.05|0.14|1.05|0.54;0001-01-01T00:00:10.688+01:00|W6|1.2|0.89|0.08|0.89|0.73;0001-01-01T00:00:10.688+01:00|W7|1.2|0.68|0.06|0.68|0.96;0001-01-01T00:00:10.688+01:00|W8|0.6|0.58|0.21|0.58|0.16;0001-01-01T00:00:10.688+01:00|W9|0.3|0.14|0.07|0.14|0.18;0001-01-01T00:00:10.688+01:00|W10|0.6|0.46|0.05|0.46|0.37;0001-01-01T00:00:10.688+01:00|W11|0.6|0.58|0.20|0.58|0.04;0001-01-01T00:00:10.688+01:00|W12|0.1|0.05|0.04|0.05|0.08"
209.00;1.76;0001-01-01T00:00:10.6900000+01:00;179.85;-1.03;-106.09;19.3;4.272;3.709;19.110;-11.751;10.257;-9.712;100.526;-72.385;123.908;"0001-01-01T00:00:10.688+01:00|W1|1.3|1.28|0.24|1.28|0.36;0001-01-01T00:00:10.688+01:00|W2|1.4|1.38|0.17|1.38|0.08;0001-01-01T00:00:10.688+01:00|W3|1.0|0.91|0.04|0.91|0.34;0001-01-01T00:00:10.688+01:00|W4|1.4|1.43|0.09|1.43|0.08;0001-01-01T00:00:10.688+01:00|W5|1.2|1.05|0.14|1.05|0.54;0001-01-01T00:00:10.688+01:00|W6|1.2|0.89|0.08|0.89|0.73;0001-01-01T00:00:10.688+01:00|W7|1.2|0.68|0.06|0.68|0.96;0001-01-01T00:00:10.688+01:00|W8|0.6|0.58|0.21|0.58|0.16;0001-01-01T00:00:10.688+01:00|W9|0.3|0.14|0.07|0.14|0.18;0001-01-01T00:00:10.688+01:00|W10|0.6|0.46|0.05|0.46|0.37;0001-01-01T00:00:10.688+01:00|W11|0.6|0.58|0.20|0.58|0.04;0001-01-01T00:00:10.688+01:00|W12|0.1|0.05|0.04|0.05|0.08"
210.00;1.68;0001-01-01T00:00:10.7200000+01:00;180.67;-1.05;-106.68;18.7;3.892;2.958;18.502;-10.137;9.730;-9.805;100.517;-72.173;123.779;"0001-01-01T00:00:10.688+01:00|W1|1.3|1.28|0.24|1.28|0.36;0001-01-01T00:00:10.688+01:00|W2|1.4|1.38|0.17|1.38|0.08;0001-01-01T00:00:10.688+01:00|W3|1.0|0.91|0.04|0.91|0.34;0001-01-01T00:00:10.688+01:00|W4|1.4|1.43|0.09|1.43|0.08;0001-01-01T00:00:10.688+01:00|W5|1.2|1.05|0.14|1.05|0.54;0001-01-01T00:00:10.688+01:00|W6|1.2|0.89|0.08|0.89|0.73;0001-01-01T00:00:10.688+01:00|W7|1.2|0.68|0.06|0.68|0.96;0001-01-01T00:00:10.688+01:00|W8|0.6|0.58|0.21|0.58|0.16;0001-01-01T00:00:10.688+01:00|W9|0.3|0.14|0.07|0.14|0.18;0001-01-01T00:00:10.688+01:00|W10|0.6|0.46|0.05|0.46|0.37;0001-01-01T00:00:10.688+01:00|W11|0.6|0.58|0.20|0.58|0.04;0001-01-01T00:00:10.688+01:00|W12|0.1|0.05|0.04|0.05|0.08"
211.00;1.60;0001-01-01T00:00:10.7490000+01:00;181.48;-1.07;-107.26;18.2;3.512;2.208;17.893;-8.523;9.202;-9.899;100.508;-71.960;123.651;"0001-01-01T00:00:10.688+01:00|W1|1.3|1.28|0.24|1.28|0.36;0001-01-01T00:00:10.688+01:00|W2|1.4|1.38|0.17|1.38|0.08;0001-01-01T00:00:10.688+01:00|W3|1.0|0.91|0.04|0.91|0.34;0001-01-01T00:00:10.688+01:00|W4|1.4|1.43|0.09|1.43|0.08;0001-01-01T00:00:10.688+01:00|W5|1.2|1.05|0.14|1.05|0.54;0001-01-01T00:00:10.688+01:00|W6|1.2|0.89|0.08|0.89|0.73;0001-01-01T00:00:10.688+01:00|W7|1.2|0.68|0.06|0.68|0.96;0001-01-01T00:00:10.688+01:00|W8|0.6|0.58|0.21|0.58|0.16;0001-01-01T00:00:10.688+01:00|W9|0.3|0.14|0.07|0.14|0.18;0001-01-01T00:00:10.688+01:00|W10|0.6|0.46|0.05|0.46|0.37;0001-01-01T00:00:10.688+01:00|W11|0.6|0.58|0.20|0.58|0.04;0001-01-01T00:00:10.688+01:00|W12|0.1|0.05|0.04|0.05|0.08"
212.00;1.51;0001-01-01T00:00:10.7780000+01:00;182.29;-1.12;-107.85;18.3;2.617;1.463;16.834;-6.920;8.657;-9.991;100.515;-71.792;123.561;"0001-01-01T00:00:10.688+01:00|W1|1.3|1.28|0.24|1.28|0.36;0001-01-01T00:00:10.688+01:00|W2|1.4|1.38|0.17|1.38|0.08;0001-01-01T00:00:10.688+01:00|W3|1.0|0.91|0.04|0.91|0.34;0001-01-01T00:00:10.688+01:00|W4|1.4|1.43|0.09|1.43|0.08;0001-01-01T00:00:10.688+01:00|W5|1.2|1.05|0.14|1.05|0.54;0001-01-01T00:00:10.688+01:00|W6|1.2|0.89|0.08|0.89|0.73;0001-01-01T00:00:10.688+01:00|W7|1.2|0.68|0.06|0.68|0.96;0001-01-01T00:00:10.688+01:00|W8|0.6|0.58|0.21|0.58|0.16;0001-01-01T00:00:10.688+01:00|W9|0.3|0.14|0.07|0.14|0.18;0001-01-01T00:00:10.688+01:00|W10|0.6|0.46|0.05|0.46|0.37;0001-01-01T00:00:10.688+01:00|W11|0.6|0.58|0.20|0.58|0.04;0001-01-01T00:00:10.688+01:00|W12|0.1|0.05|0.04|0.05|0.08"
213.00;1.42;0001-01-01T00:00:10.8070000+01:00;183.10;-1.20;-108.44;18.5;1.517;0.719;15.595;-5.320;8.106;-10.084;100.529;-71.641;123.487;"0001-01-01T00:00:10.688+01:00|W1|1.3|1.28|0.24|1.28|0.36;0001-01-01T00:00:10.688+01:00|W2|1.4|1.38|0.17|1.38|0.08;0001-01-01T00:00:10.688+01:00|W3|1.0|0.91|0.04|0.91|0.34;0001-01-01T00:00:10.688+01:00|W4|1.4|1.43|0.09|1.43|0.08;0001-01-01T00:00:10.688+01:00|W5|1.2|1.05|0.14|1.05|0.54;0001-01-01T00:00:10.688+01:00|W6|1.2|0.89|0.08|0.89|0.73;0001-01-01T00:00:10.688+01:00|W7|1.2|0.68|0.06|0.68|0.96;0001-01-01T00:00:10.688+01:00|W8|0.6|0.58|0.21|0.58|0.16;0001-01-01T00:00:10.688+01:00|W9|0.3|0.14|0.07|0.14|0.18;0001-01-01T00:00:10.688+01:00|W10|0.6|0.46|0.05|0.46|0.37;0001-01-01T00:00:10.688+01:00|W11|0.6|0.58|0.20|0.58|0.04;0001-01-01T00:00:10.688+01:00|W12|0.1|0.05|0.04|0.05|0.08"
214.00;1.32;0001-01-01T00:00:10.8360000+01:00;183.91;-1.27;-109.03;18.8;0.417;-0.024;14.356;-3.721;7.555;-10.176;100.542;-71.491;123.413;"0001-01-01T00:00:10.943+01:00|W1|1.3|1.28|0.24|1.28|0.36;0001-01-01T00:00:10.943+01:00|W2|1.4|1.38|0.17|1.38|0.08;0001-01-01T00:00:10.943+01:00|W3|1.0|0.91|0.04|0.91|0.34;0001-01-01T00:00:10.943+01:00|W4|1.4|1.43|0.09|1.43|0.08;0001-01-01T00:00:10.943+01:00|W5|1.2|1.05|0.14|1.05|0.54;0001-01-01T00:00:10.943+01:00|W6|1.2|0.86|0.06|0.86|0.79;0001-01-01T00:00:10.943+01:00|W7|1.2|0.68|0.06|0.68|0.96;0001-01-01T00:00:10.943+01:00|W8|0.6|0.58|0.21|0.58|0.16;0001-01-01T00:00:10.943+01:00|W9|0.3|0.14|0.07|0.14|0.18;0001-01-01T00:00:10.943+01:00|W10|0.6|0.46|0.05|0.46|0.37;0001-01-01T00:00:10.943+01:00|W11|0.6|0.58|0.20|0.58|0.04;0001-01-01T00:00:10.943+01:00|W12|0.1|0.05|0.04|0.05|0.08"
215.00;1.23;0001-01-01T00:00:10.8640000+01:00;184.72;-1.35;-109.62;19.1;-0.682;-0.767;13.117;-2.122;7.003;-10.269;100.556;-71.340;123.340;"0001-01-01T00:00:10.943+01:00|W1|1.3|1.28|0.24|1.28|0.36;0001-01-01T00:00:10.943+01:00|W2|1.4|1.38|0.17|1.38|0.08;0001-01-01T00:00:10.943+01:00|W3|1.0|0.91|0.04|0.91|0.34;0001-01-01T00:00:10.943+01:00|W4|1.4|1.43|0.09|1.43|0.08;0001-01-01T00:00:10.943+01:00|W5|1.2|1.05|0.14|1.05|0.54;0001-01-01T00:00:10.943+01:00|W6|1.2|0.86|0.06|0.86|0.79;0001-01-01T00:00:10.943+01:00|W7|1.2|0.68|0.06|0.68|0.96;0001-01-01T00:00:10.943+01:00|W8|0.6|0.58|0.21|0.58|0.16;0001-01-01T00:00:10.943+01:00|W9|0.3|0.14|0.07|0.14|0.18;0001-01-01T00:00:10.943+01:00|W10|0.6|0.46|0.05|0.46|0.37;0001-01-01T00:00:10.943+01:00|W11|0.6|0.58|0.20|0.58|0.04;0001-01-01T00:00:10.943+01:00|W12|0.1|0.05|0.04|0.05|0.08"
216.00;1.13;0001-01-01T00:00:10.8930000+01:00;185.53;-1.42;-110.22;19.3;-1.782;-1.511;11.878;-0.523;6.452;-10.361;100.569;-71.189;123.266;"0001-01-01T00:00:10.943+01:00|W1|1.3|1.28|0.24|1.28|0.36;0001-01-01T00:00:10.943+01:00|W2|1.4|1.38|0.17|1.38|0.08;0001-01-01T00:00:10.943+01:00|W3|1.0|0.91|0.04|0.91|0.34;0001-01-01T00:00:10.943+01:00|W4|1.4|1.43|0.09|1.43|0.08;0001-01-01T00:00:10.943+01:00|W5|1.2|1.05|0.14|1.05|0.54;0001-01-01T00:00:10.943+01:00|W6|1.2|0.86|0.06|0.86|0.79;0001-01-01T00:00:10.943+01:00|W7|1.2|0.68|0.06|0.68|0.96;0001-01-01T00:00:10.943+01:00|W8|0.6|0.58|0.21|0.58|0.16;0001-01-01T00:00:10.943+01:00|W9|0.3|0.14|0.07|0.14|0.18;0001-01-01T00:00:10.943+01:00|W10|0.6|0.46|0.05|0.46|0.37;0001-01-01T00:00:10.943+01:00|W11|0.6|0.58|0.20|0.58|0.04;0001-01-01T00:00:10.943+01:00|W12|0.1|0.05|0.04|0.05|0.08"
217.00;1.06;0001-01-01T00:00:10.9230000+01:00;186.35;-1.43;-110.79;18.7;-2.900;-2.961;10.618;0.985;5.891;-10.198;100.643;-71.179;123.326;"0001-01-01T00:00:10.943+01:00|W1|1.3|1.28|0.24|1.28|0.36;0001-01-01T00:00:10.943+01:00|W2|1.4|1.38|0.17|1.38|0.08;0001-01-01T00:00:10.943+01:00|W3|1.0|0.91|0.04|0.91|0.34;0001-01-01T00:00:10.943+01:00|W4|1.4|1.43|0.09|1.43|0.08;0001-01-01T00:00:10.943+01:00|W5|1.2|1.05|0.14|1.05|0.54;0001-01-01T00:00:10.943+01:00|W6|1.2|0.86|0.06|0.86|0.79;0001-01-01T00:00:10.943+01:00|W7|1.2|0.68|0.06|0.68|0.96;0001-01-01T00:00:10.943+01:00|W8|0.6|0.58|0.21|0.58|0.16;0001-01-01T00:00:10.943+01:00|W9|0.3|0.14|0.07|0.14|0.18;0001-01-01T00:00:10.943+01:00|W10|0.6|0.46|0.05|0.46|0.37;0001-01-01T00:00:10.943+01:00|W11|0.6|0.58|0.20|0.58|0.04;0001-01-01T00:00:10.943+01:00|W12|0.1|0.05|0.04|0.05|0.08"
218.00;1.00;0001-01-01T00:00:10.9530000+01:00;187.18;-1.38;-111.35;17.3;-4.035;-5.043;9.340;2.411;5.322;-9.807;100.771;-71.295;123.506;"0001-01-01T00:00:10.943+01:00|W1|1.3|1.28|0.24|1.28|0.36;0001-01-01T00:00:10.943+01:00|W2|1.4|1.38|0.17|1.38|0.08;0001-01-01T00:00:10.943+01:00|W3|1.0|0.91|0.04|0.91|0.34;0001-01-01T00:00:10.943+01:00|W4|1.4|1.43|0.09|1.43|0.08;0001-01-01T00:00:10.943+01:00|W5|1.2|1.05|0.14|1.05|0.54;0001-01-01T00:00:10.943+01:00|W6|1.2|0.86|0.06|0.86|0.79;0001-01-01T00:00:10.943+01:00|W7|1.2|0.68|0.06|0.68|0.96;0001-01-01T00:00:10.943+01:00|W8|0.6|0.58|0.21|0.58|0.16;0001-01-01T00:00:10.943+01:00|W9|0.3|0.14|0.07|0.14|0.18;0001-01-01T00:00:10.943+01:00|W10|0.6|0.46|0.05|0.46|0.37;0001-01-01T00:00:10.943+01:00|W11|0.6|0.58|0.20|0.58|0.04;0001-01-01T00:00:10.943+01:00|W12|0.1|0.05|0.04|0.05|0.08"
219.00;0.94;0001-01-01T00:00:10.9820000+01:00;188.00;-1.32;-111.91;15.8;-5.170;-7.126;8.062;3.837;4.753;-9.416;100.899;-71.411;123.687;"0001-01-01T00:00:10.943+01:00|W1|1.3|1.28|0.24|1.28|0.36;0001-01-01T00:00:10.943+01:00|W2|1.4|1.38|0.17|1.38|0.08;0001-01-01T00:00:10.943+01:00|W3|1.0|0.91|0.04|0.91|0.34;0001-01-01T00:00:10.943+01:00|W4|1.4|1.43|0.09|1.43|0.08;0001-01-01T00:00:10.943+01:00|W5|1.2|1.05|0.14|1.05|0.54;0001-01-01T00:00:10.943+01:00|W6|1.2|0.86|0.06|0.86|0.79;0001-01-01T00:00:10.943+01:00|W7|1.2|0.68|0.06|0.68|0.96;0001-01-01T00:00:10.943+01:00|W8|0.6|0.58|0.21|0.58|0.16;0001-01-01T00:00:10.943+01:00|W9|0.3|0.14|0.07|0.14|0.18;0001-01-01T00:00:10.943+01:00|W10|0.6|0.46|0.05|0.46|0.37;0001-01-01T00:00:10.943+01:00|W11|0.6|0.58|0.20|0.58|0.04;0001-01-01T00:00:10.943+01:00|W12|0.1|0.05|0.04|0.05|0.08"
220.00;0.87;0001-01-01T00:00:11.0120000+01:00;188.83;-1.30;-112.48;14.3;-6.592;-9.189;6.727;5.249;4.132;-9.028;101.157;-71.527;123.972;"0001-01-01T00:00:10.943+01:00|W1|1.3|1.28|0.24|1.28|0.36;0001-01-01T00:00:10.943+01:00|W2|1.4|1.38|0.17|1.38|0.08;0001-01-01T00:00:10.943+01:00|W3|1.0|0.91|0.04|0.91|0.34;0001-01-01T00:00:10.943+01:00|W4|1.4|1.43|0.09|1.43|0.08;0001-01-01T00:00:10.943+01:00|W5|1.2|1.05|0.14|1.05|0.54;0001-01-01T00:00:10.943+01:00|W6|1.2|0.86|0.06|0.86|0.79;0001-01-01T00:00:10.943+01:00|W7|1.2|0.68|0.06|0.68|0.96;0001-01-01T00:00:10.943+01:00|W8|0.6|0.58|0.21|0.58|0.16;0001-01-01T00:00:10.943+01:00|W9|0.3|0.14|0.07|0.14|0.18;0001-01-01T00:00:10.943+01:00|W10|0.6|0.46|0.05|0.46|0.37;0001-01-01T00:00:10.943+01:00|W11|0.6|0.58|0.20|0.58|0.04;0001-01-01T00:00:10.943+01:00|W12|0.1|0.05|0.04|0.05|0.08"
221.00;0.76;0001-01-01T00:00:11.0400000+01:00;189.63;-1.41;-113.07;12.2;-9.367;-11.156;5.128;6.596;3.270;-8.658;102.025;-71.643;124.746;"0001-01-01T00:00:10.943+01:00|W1|1.3|1.28|0.24|1.28|0.36;0001-01-01T00:00:10.943+01:00|W2|1.4|1.38|0.17|1.38|0.08;0001-01-01T00:00:10.943+01:00|W3|1.0|0.91|0.04|0.91|0.34;0001-01-01T00:00:10.943+01:00|W4|1.4|1.43|0.09|1.43|0.08;0001-01-01T00:00:10.943+01:00|W5|1.2|1.05|0.14|1.05|0.54;0001-01-01T00:00:10.943+01:00|W6|1.2|0.86|0.06|0.86|0.79;0001-01-01T00:00:10.943+01:00|W7|1.2|0.68|0.06|0.68|0.96;0001-01-01T00:00:10.943+01:00|W8|0.6|0.58|0.21|0.58|0.16;0001-01-01T00:00:10.943+01:00|W9|0.3|0.14|0.07|0.14|0.18;0001-01-01T00:00:10.943+01:00|W10|0.6|0.46|0.05|0.46|0.37;0001-01-01T00:00:10.943+01:00|W11|0.6|0.58|0.20|0.58|0.04;0001-01-01T00:00:10.943+01:00|W12|0.1|0.05|0.04|0.05|0.08"
222.00;0.66;0001-01-01T00:00:11.0680000+01:00;190.45;-1.49;-113.66;10.8;-11.600;-12.868;3.793;7.440;2.293;-8.265;102.838;-72.027;125.630;"0001-01-01T00:00:11.190+01:00|W1|1.6|1.49|0.01|1.49|0.51;0001-01-01T00:00:11.190+01:00|W2|1.4|1.35|0.20|1.35|0.05;0001-01-01T00:00:11.190+01:00|W3|1.0|0.90|0.05|0.90|0.36;0001-01-01T00:00:11.190+01:00|W4|1.4|1.44|0.09|1.44|0.10;0001-01-01T00:00:11.190+01:00|W5|1.2|1.05|0.14|1.05|0.55;0001-01-01T00:00:11.190+01:00|W6|1.1|0.83|0.08|0.83|0.78;0001-01-01T00:00:11.190+01:00|W7|1.2|0.69|0.07|0.69|0.96;0001-01-01T00:00:11.190+01:00|W8|0.6|0.62|0.22|0.62|0.07;0001-01-01T00:00:11.190+01:00|W9|0.3|0.13|0.07|0.13|0.16;0001-01-01T00:00:11.190+01:00|W10|0.6|0.47|0.02|0.47|0.38;0001-01-01T00:00:11.190+01:00|W11|0.6|0.59|0.19|0.59|0.02;0001-01-01T00:00:11.190+01:00|W12|0.1|0.04|0.04|0.04|0.09"
223.00;0.58;0001-01-01T00:00:11.0960000+01:00;191.27;-1.52;-114.23;10.3;-13.020;-14.199;2.852;7.533;1.146;-7.836;103.568;-72.812;126.676;"0001-01-01T00:00:11.190+01:00|W1|1.6|1.49|0.01|1.49|0.51;0001-01-01T00:00:11.190+01:00|W2|1.4|1.35|0.20|1.35|0.05;0001-01-01T00:00:11.190+01:00|W3|1.0|0.90|0.05|0.90|0.36;0001-01-01T00:00:11.190+01:00|W4|1.4|1.44|0.09|1.44|0.10;0001-01-01T00:00:11.190+01:00|W5|1.2|1.05|0.14|1.05|0.55;0001-01-01T00:00:11.190+01:00|W6|1.1|0.83|0.08|0.83|0.78;0001-01-01T00:00:11.190+01:00|W7|1.2|0.69|0.07|0.69|0.96;0001-01-01T00:00:11.190+01:00|W8|0.6|0.62|0.22|0.62|0.07;0001-01-01T00:00:11.190+01:00|W9|0.3|0.13|0.07|0.13|0.16;0001-01-01T00:00:11.190+01:00|W10|0.6|0.47|0.02|0.47|0.38;0001-01-01T00:00:11.190+01:00|W11|0.6|0.59|0.19|0.59|0.02;0001-01-01T00:00:11.190+01:00|W12|0.1|0.04|0.04|0.04|0.09"
224.00;0.50;0001-01-01T00:00:11.1250000+01:00;192.10;-1.55;-114.80;9.9;-14.441;-15.530;1.911;7.626;-0.001;-7.408;104.299;-73.597;127.722;"0001-01-01T00:00:11.190+01:00|W1|1.6|1.49|0.01|1.49|0.51;0001-01-01T00:00:11.190+01:00|W2|1.4|1.35|0.20|1.35|0.05;0001-01-01T00:00:11.190+01:00|W3|1.0|0.90|0.05|0.90|0.36;0001-01-01T00:00:11.190+01:00|W4|1.4|1.44|0.09|1.44|0.10;0001-01-01T00:00:11.190+01:00|W5|1.2|1.05|0.14|1.05|0.55;0001-01-01T00:00:11.190+01:00|W6|1.1|0.83|0.08|0.83|0.78;0001-01-01T00:00:11.190+01:00|W7|1.2|0.69|0.07|0.69|0.96;0001-01-01T00:00:11.190+01:00|W8|0.6|0.62|0.22|0.62|0.07;0001-01-01T00:00:11.190+01:00|W9|0.3|0.13|0.07|0.13|0.16;0001-01-01T00:00:11.190+01:00|W10|0.6|0.47|0.02|0.47|0.38;0001-01-01T00:00:11.190+01:00|W11|0.6|0.59|0.19|0.59|0.02;0001-01-01T00:00:11.190+01:00|W12|0.1|0.04|0.04|0.04|0.09"
225.00;0.42;0001-01-01T00:00:11.1530000+01:00;192.92;-1.58;-115.36;9.4;-15.863;-16.862;0.970;7.719;-1.149;-6.979;105.029;-74.382;128.769;"0001-01-01T00:00:11.190+01:00|W1|1.6|1.49|0.01|1.49|0.51;0001-01-01T00:00:11.190+01:00|W2|1.4|1.35|0.20|1.35|0.05;0001-01-01T00:00:11.190+01:00|W3|1.0|0.90|0.05|0.90|0.36;0001-01-01T00:00:11.190+01:00|W4|1.4|1.44|0.09|1.44|0.10;0001-01-01T00:00:11.190+01:00|W5|1.2|1.05|0.14|1.05|0.55;0001-01-01T00:00:11.190+01:00|W6|1.1|0.83|0.08|0.83|0.78;0001-01-01T00:00:11.190+01:00|W7|1.2|0.69|0.07|0.69|0.96;0001-01-01T00:00:11.190+01:00|W8|0.6|0.62|0.22|0.62|0.07;0001-01-01T00:00:11.190+01:00|W9|0.3|0.13|0.07|0.13|0.16;0001-01-01T00:00:11.190+01:00|W10|0.6|0.47|0.02|0.47|0.38;0001-01-01T00:00:11.190+01:00|W11|0.6|0.59|0.19|0.59|0.02;0001-01-01T00:00:11.190+01:00|W12|0.1|0.04|0.04|0.04|0.09"
226.00;0.22;0001-01-01T00:00:11.1830000+01:00;193.70;-1.64;-116.01;6.3;-17.379;-19.514;-0.035;7.197;-2.373;-5.645;102.615;-78.120;129.025;"0001-01-01T00:00:11.190+01:00|W1|1.6|1.49|0.01|1.49|0.51;0001-01-01T00:00:11.190+01:00|W2|1.4|1.35|0.20|1.35|0.05;0001-01-01T00:00:11.190+01:00|W3|1.0|0.90|0.05|0.90|0.36;0001-01-01T00:00:11.190+01:00|W4|1.4|1.44|0.09|1.44|0.10;0001-01-01T00:00:11.190+01:00|W5|1.2|1.05|0.14|1.05|0.55;0001-01-01T00:00:11.190+01:00|W6|1.1|0.83|0.08|0.83|0.78;0001-01-01T00:00:11.190+01:00|W7|1.2|0.69|0.07|0.69|0.96;0001-01-01T00:00:11.190+01:00|W8|0.6|0.62|0.22|0.62|0.07;0001-01-01T00:00:11.190+01:00|W9|0.3|0.13|0.07|0.13|0.16;0001-01-01T00:00:11.190+01:00|W10|0.6|0.47|0.02|0.47|0.38;0001-01-01T00:00:11.190+01:00|W11|0.6|0.59|0.19|0.59|0.02;0001-01-01T00:00:11.190+01:00|W12|0.1|0.04|0.04|0.04|0.09"
227.00;0.05;0001-01-01T00:00:11.2120000+01:00;194.46;-1.70;-116.64;3.1;-19.663;-22.287;-0.995;6.592;-3.262;-4.211;100.186;-80.078;128.317;"0001-01-01T00:00:11.190+01:00|W1|1.6|1.49|0.01|1.49|0.51;0001-01-01T00:00:11.190+01:00|W2|1.4|1.35|0.20|1.35|0.05;0001-01-01T00:00:11.190+01:00|W3|1.0|0.90|0.05|0.90|0.36;0001-01-01T00:00:11.190+01:00|W4|1.4|1.44|0.09|1.44|0.10;0001-01-01T00:00:11.190+01:00|W5|1.2|1.05|0.14|1.05|0.55;0001-01-01T00:00:11.190+01:00|W6|1.1|0.83|0.08|0.83|0.78;0001-01-01T00:00:11.190+01:00|W7|1.2|0.69|0.07|0.69|0.96;0001-01-01T00:00:11.190+01:00|W8|0.6|0.62|0.22|0.62|0.07;0001-01-01T00:00:11.190+01:00|W9|0.3|0.13|0.07|0.13|0.16;0001-01-01T00:00:11.190+01:00|W10|0.6|0.47|0.02|0.47|0.38;0001-01-01T00:00:11.190+01:00|W11|0.6|0.59|0.19|0.59|0.02;0001-01-01T00:00:11.190+01:00|W12|0.1|0.04|0.04|0.04|0.09"
228.00;0.02;0001-01-01T00:00:11.2370000+01:00;195.19;-1.73;-117.14;1.6;-24.830;-24.644;-1.747;6.077;-2.814;-2.992;99.790;-73.244;123.921;"0001-01-01T00:00:11.190+01:00|W1|1.6|1.49|0.01|1.49|0.51;0001-01-01T00:00:11.190+01:00|W2|1.4|1.35|0.20|1.35|0.05;0001-01-01T00:00:11.190+01:00|W3|1.0|0.90|0.05|0.90|0.36;0001-01-01T00:00:11.190+01:00|W4|1.4|1.44|0.09|1.44|0.10;0001-01-01T00:00:11.190+01:00|W5|1.2|1.05|0.14|1.05|0.55;0001-01-01T00:00:11.190+01:00|W6|1.1|0.83|0.08|0.83|0.78;0001-01-01T00:00:11.190+01:00|W7|1.2|0.69|0.07|0.69|0.96;0001-01-01T00:00:11.190+01:00|W8|0.6|0.62|0.22|0.62|0.07;0001-01-01T00:00:11.190+01:00|W9|0.3|0.13|0.07|0.13|0.16;0001-01-01T00:00:11.190+01:00|W10|0.6|0.47|0.02|0.47|0.38;0001-01-01T00:00:11.190+01:00|W11|0.6|0.59|0.19|0.59|0.02;0001-01-01T00:00:11.190+01:00|W12|0.1|0.04|0.04|0.04|0.09"
228.50;0.00;0001-01-01T00:00:11.2490000+01:00;195.55;-1.74;-117.39;0.8;-27.413;-25.823;-2.122;5.820;-2.591;-2.382;99.593;-69.827;121.818;"0001-01-01T00:00:11.190+01:00|W1|1.6|1.49|0.01|1.49|0.51;0001-01-01T00:00:11.190+01:00|W2|1.4|1.35|0.20|1.35|0.05;0001-01-01T00:00:11.190+01:00|W3|1.0|0.90|0.05|0.90|0.36;0001-01-01T00:00:11.190+01:00|W4|1.4|1.44|0.09|1.44|0.10;0001-01-01T00:00:11.190+01:00|W5|1.2|1.05|0.14|1.05|0.55;0001-01-01T00:00:11.190+01:00|W6|1.1|0.83|0.08|0.83|0.78;0001-01-01T00:00:11.190+01:00|W7|1.2|0.69|0.07|0.69|0.96;0001-01-01T00:00:11.190+01:00|W8|0.6|0.62|0.22|0.62|0.07;0001-01-01T00:00:11.190+01:00|W9|0.3|0.13|0.07|0.13|0.16;0001-01-01T00:00:11.190+01:00|W10|0.6|0.47|0.02|0.47|0.38;0001-01-01T00:00:11.190+01:00|W11|0.6|0.59|0.19|0.59|0.02;0001-01-01T00:00:11.190+01:00|W12|0.1|0.04|0.04|0.04|0.09"
