Position;Height above ground [m];Time;X [m];Y [m];Z [m];Opening Angle [°];Stalling Angle Left [°];Stalling Angle Right [°];Roll Angle Left [°];Roll Angle Right [°];Yaw Angle Left [°];Yaw Angle Right [°];Speed hor. [km/h];Speed vert. [km/h];Speed resulting [km/h];WindTime|WindName|WindSpeed|WindSpeedTangent|WindTurbulence|WindSpeedCleanTan|WindSpeedCross
NaN;NaN;0001-01-01T00:00:00.1030000+01:00;-62.72;0.00;28.14;NaN;NaN;NaN;NaN;NaN;NaN;NaN;0.000;0.000;0.000;"0001-01-01T00:00:00.000+01:00|W1|0.7|-0.27|0.37|-0.27|0.54;0001-01-01T00:00:00.000+01:00|W2|1.6|-1.25|0.17|-1.25|1.04;0001-01-01T00:00:00.000+01:00|W3|0.9|-0.16|0.03|-0.16|0.78;0001-01-01T00:00:00.000+01:00|W4|1.2|-0.96|0.76|-0.96|0.69;0001-01-01T00:00:00.000+01:00|W5|1.1|-0.49|0.09|-0.49|0.89;0001-01-01T00:00:00.000+01:00|W6|0.7|-0.67|0.05|-0.67|0.04;0001-01-01T00:00:00.000+01:00|W7|1.6|0.40|0.20|0.40|1.38;0001-01-01T00:00:00.000+01:00|W8|2.2|-1.36|0.01|-1.36|1.66;0001-01-01T00:00:00.000+01:00|W9|0.7|0.09|0.12|0.09|0.55;0001-01-01T00:00:00.000+01:00|W10|0.5|-0.43|0.15|-0.43|0.05;0001-01-01T00:00:00.000+01:00|W11|1.4|1.12|0.48|1.12|0.32;0001-01-01T00:00:00.000+01:00|W12|1.2|-1.04|0.03|-1.04|0.46"
0.00;2.93;0001-01-01T00:00:04.3120000+01:00;0.04;0.00;-0.01;0.0;-11.500;-11.500;0.000;0.000;0.000;0.000;96.722;-19.678;98.704;"0001-01-01T00:00:04.251+01:00|W1|1.4|-0.82|0.27|-0.82|0.72;0001-01-01T00:00:04.251+01:00|W2|2.0|-1.09|0.22|-1.09|1.62;0001-01-01T00:00:04.251+01:00|W3|0.9|-0.19|0.00|-0.19|0.87;0001-01-01T00:00:04.251+01:00|W4|2.0|-1.38|0.46|-1.38|1.08;0001-01-01T00:00:04.251+01:00|W5|1.1|-0.40|0.06|-0.40|0.99;0001-01-01T00:00:04.251+01:00|W6|0.6|-0.54|0.00|-0.54|0.27;0001-01-01T00:00:04.251+01:00|W7|1.5|0.41|0.01|0.41|1.36;0001-01-01T00:00:04.251+01:00|W8|2.1|-1.67|0.04|-1.67|1.28;0001-01-01T00:00:04.251+01:00|W9|1.2|0.57|0.30|0.57|1.08;0001-01-01T00:00:04.251+01:00|W10|0.2|-0.03|0.17|-0.03|0.21;0001-01-01T00:00:04.251+01:00|W11|0.9|0.70|0.05|0.70|0.52;0001-01-01T00:00:04.251+01:00|W12|1.4|-1.29|0.19|-1.29|0.46"
1.00;2.91;0001-01-01T00:00:04.4070000+01:00;1.34;-0.00;-0.18;3.0;-9.150;-8.592;-4.606;1.434;1.533;-1.467;94.898;-9.688;95.391;"0001-01-01T00:00:04.497+01:00|W1|0.9|-0.31|0.26|-0.31|0.58;0001-01-01T00:00:04.497+01:00|W2|1.9|-1.29|0.16|-1.29|1.42;0001-01-01T00:00:04.497+01:00|W3|0.9|-0.20|0.00|-0.20|0.88;0001-01-01T00:00:04.497+01:00|W4|2.0|-1.68|0.41|-1.68|0.85;0001-01-01T00:00:04.497+01:00|W5|1.1|-0.41|0.06|-0.41|0.97;0001-01-01T00:00:04.497+01:00|W6|0.7|-0.61|0.07|-0.61|0.30;0001-01-01T00:00:04.497+01:00|W7|1.6|0.33|0.06|0.33|1.42;0001-01-01T00:00:04.497+01:00|W8|2.0|-1.56|0.03|-1.56|1.30;0001-01-01T00:00:04.497+01:00|W9|1.3|0.61|0.33|0.61|1.13;0001-01-01T00:00:04.497+01:00|W10|0.2|-0.01|0.16|-0.01|0.20;0001-01-01T00:00:04.497+01:00|W11|1.0|0.81|0.05|0.81|0.49;0001-01-01T00:00:04.497+01:00|W12|1.3|-1.26|0.13|-1.26|0.40"
2.00;2.94;0001-01-01T00:00:04.5240000+01:00;2.39;-0.00;-0.29;4.4;-6.479;-5.791;-4.945;-2.320;2.365;-2.107;96.692;-9.370;97.146;"0001-01-01T00:00:04.497+01:00|W1|0.9|-0.31|0.26|-0.31|0.58;0001-01-01T00:00:04.497+01:00|W2|1.9|-1.29|0.16|-1.29|1.42;0001-01-01T00:00:04.497+01:00|W3|0.9|-0.20|0.00|-0.20|0.88;0001-01-01T00:00:04.497+01:00|W4|2.0|-1.68|0.41|-1.68|0.85;0001-01-01T00:00:04.497+01:00|W5|1.1|-0.41|0.06|-0.41|0.97;0001-01-01T00:00:04.497+01:00|W6|0.7|-0.61|0.07|-0.61|0.30;0001-01-01T00:00:04.497+01:00|W7|1.6|0.33|0.06|0.33|1.42;0001-01-01T00:00:04.497+01:00|W8|2.0|-1.56|0.03|-1.56|1.30;0001-01-01T00:00:04.497+01:00|W9|1.3|0.61|0.33|0.61|1.13;0001-01-01T00:00:04.497+01:00|W10|0.2|-0.01|0.16|-0.01|0.20;0001-01-01T00:00:04.497+01:00|W11|1.0|0.81|0.05|0.81|0.49;0001-01-01T00:00:04.497+01:00|W12|1.3|-1.26|0.13|-1.26|0.40"
3.00;2.99;0001-01-01T00:00:04.5810000+01:00;3.43;0.00;-0.40;5.6;-2.383;-2.701;-4.901;-2.662;3.319;-3.296;96.513;-11.441;97.189;"0001-01-01T00:00:04.497+01:00|W1|0.9|-0.31|0.26|-0.31|0.58;0001-01-01T00:00:04.497+01:00|W2|1.9|-1.29|0.16|-1.29|1.42;0001-01-01T00:00:04.497+01:00|W3|0.9|-0.20|0.00|-0.20|0.88;0001-01-01T00:00:04.497+01:00|W4|2.0|-1.68|0.41|-1.68|0.85;0001-01-01T00:00:04.497+01:00|W5|1.1|-0.41|0.06|-0.41|0.97;0001-01-01T00:00:04.497+01:00|W6|0.7|-0.61|0.07|-0.61|0.30;0001-01-01T00:00:04.497+01:00|W7|1.6|0.33|0.06|0.33|1.42;0001-01-01T00:00:04.497+01:00|W8|2.0|-1.56|0.03|-1.56|1.30;0001-01-01T00:00:04.497+01:00|W9|1.3|0.61|0.33|0.61|1.13;0001-01-01T00:00:04.497+01:00|W10|0.2|-0.01|0.16|-0.01|0.20;0001-01-01T00:00:04.497+01:00|W11|1.0|0.81|0.05|0.81|0.49;0001-01-01T00:00:04.497+01:00|W12|1.3|-1.26|0.13|-1.26|0.40"
4.00;3.05;0001-01-01T00:00:04.5290000+01:00;4.46;0.00;-0.52;7.6;1.377;0.472;-4.707;-1.979;4.398;-4.648;96.282;-12.919;97.145;"0001-01-01T00:00:04.497+01:00|W1|0.9|-0.31|0.26|-0.31|0.58;0001-01-01T00:00:04.497+01:00|W2|1.9|-1.29|0.16|-1.29|1.42;0001-01-01T00:00:04.497+01:00|W3|0.9|-0.20|0.00|-0.20|0.88;0001-01-01T00:00:04.497+01:00|W4|2.0|-1.68|0.41|-1.68|0.85;0001-01-01T00:00:04.497+01:00|W5|1.1|-0.41|0.06|-0.41|0.97;0001-01-01T00:00:04.497+01:00|W6|0.7|-0.61|0.07|-0.61|0.30;0001-01-01T00:00:04.497+01:00|W7|1.6|0.33|0.06|0.33|1.42;0001-01-01T00:00:04.497+01:00|W8|2.0|-1.56|0.03|-1.56|1.30;0001-01-01T00:00:04.497+01:00|W9|1.3|0.61|0.33|0.61|1.13;0001-01-01T00:00:04.497+01:00|W10|0.2|-0.01|0.16|-0.01|0.20;0001-01-01T00:00:04.497+01:00|W11|1.0|0.81|0.05|0.81|0.49;0001-01-01T00:00:04.497+01:00|W12|1.3|-1.26|0.13|-1.26|0.40"
5.00;3.09;0001-01-01T00:00:04.4420000+01:00;5.50;-0.00;-0.67;10.7;4.278;3.641;-4.473;-1.297;5.577;-5.999;96.659;-12.923;97.520;"0001-01-01T00:00:04.497+01:00|W1|0.9|-0.31|0.26|-0.31|0.58;0001-01-01T00:00:04.497+01:00|W2|1.9|-1.29|0.16|-1.29|1.42;0001-01-01T00:00:04.497+01:00|W3|0.9|-0.20|0.00|-0.20|0.88;0001-01-01T00:00:04.497+01:00|W4|2.0|-1.68|0.41|-1.68|0.85;0001-01-01T00:00:04.497+01:00|W5|1.1|-0.41|0.06|-0.41|0.97;0001-01-01T00:00:04.497+01:00|W6|0.7|-0.61|0.07|-0.61|0.30;0001-01-01T00:00:04.497+01:00|W7|1.6|0.33|0.06|0.33|1.42;0001-01-01T00:00:04.497+01:00|W8|2.0|-1.56|0.03|-1.56|1.30;0001-01-01T00:00:04.497+01:00|W9|1.3|0.61|0.33|0.61|1.13;0001-01-01T00:00:04.497+01:00|W10|0.2|-0.01|0.16|-0.01|0.20;0001-01-01T00:00:04.497+01:00|W11|1.0|0.81|0.05|0.81|0.49;0001-01-01T00:00:04.497+01:00|W12|1.3|-1.26|0.13|-1.26|0.40"
6.00;3.16;0001-01-01T00:00:04.6710000+01:00;6.53;-0.01;-0.81;13.9;7.179;6.809;-4.239;-0.615;6.756;-7.349;97.037;-12.928;97.894;"0001-01-01T00:00:04.749+01:00|W1|0.9|-0.31|0.26|-0.31|0.58;0001-01-01T00:00:04.749+01:00|W2|1.9|-1.29|0.16|-1.29|1.42;0001-01-01T00:00:04.749+01:00|W3|0.9|-0.20|0.00|-0.20|0.88;0001-01-01T00:00:04.749+01:00|W4|2.0|-1.68|0.41|-1.68|0.85;0001-01-01T00:00:04.749+01:00|W5|1.1|-0.41|0.06|-0.41|0.97;0001-01-01T00:00:04.749+01:00|W6|0.7|-0.61|0.07|-0.61|0.30;0001-01-01T00:00:04.749+01:00|W7|1.6|0.33|0.06|0.33|1.42;0001-01-01T00:00:04.749+01:00|W8|2.0|-1.56|0.03|-1.56|1.30;0001-01-01T00:00:04.749+01:00|W9|1.3|0.61|0.33|0.61|1.13;0001-01-01T00:00:04.749+01:00|W10|0.2|-0.01|0.16|-0.01|0.20;0001-01-01T00:00:04.749+01:00|W11|1.0|0.81|0.05|0.81|0.49;0001-01-01T00:00:04.749+01:00|W12|1.3|-1.26|0.13|-1.26|0.40"
7.00;3.22;0001-01-01T00:00:04.7340000+01:00;7.57;-0.01;-0.97;16.9;9.111;8.574;-2.972;-3.069;8.017;-9.132;97.352;-15.422;98.566;"0001-01-01T00:00:04.749+01:00|W1|0.9|-0.31|0.26|-0.31|0.58;0001-01-01T00:00:04.749+01:00|W2|1.9|-1.29|0.16|-1.29|1.42;0001-01-01T00:00:04.749+01:00|W3|0.9|-0.20|0.00|-0.20|0.88;0001-01-01T00:00:04.749+01:00|W4|2.0|-1.68|0.41|-1.68|0.85;0001-01-01T00:00:04.749+01:00|W5|1.1|-0.41|0.06|-0.41|0.97;0001-01-01T00:00:04.749+01:00|W6|0.7|-0.61|0.07|-0.61|0.30;0001-01-01T00:00:04.749+01:00|W7|1.6|0.33|0.06|0.33|1.42;0001-01-01T00:00:04.749+01:00|W8|2.0|-1.56|0.03|-1.56|1.30;0001-01-01T00:00:04.749+01:00|W9|1.3|0.61|0.33|0.61|1.13;0001-01-01T00:00:04.749+01:00|W10|0.2|-0.01|0.16|-0.01|0.20;0001-01-01T00:00:04.749+01:00|W11|1.0|0.81|0.05|0.81|0.49;0001-01-01T00:00:04.749+01:00|W12|1.3|-1.26|0.13|-1.26|0.40"
8.00;3.29;0001-01-01T00:00:04.7720000+01:00;8.60;-0.01;-1.14;20.2;9.782;8.957;-1.532;-4.158;9.338;-11.155;97.163;-16.797;98.604;"0001-01-01T00:00:04.749+01:00|W1|0.9|-0.31|0.26|-0.31|0.58;0001-01-01T00:00:04.749+01:00|W2|1.9|-1.29|0.16|-1.29|1.42;0001-01-01T00:00:04.749+01:00|W3|0.9|-0.20|0.00|-0.20|0.88;0001-01-01T00:00:04.749+01:00|W4|2.0|-1.68|0.41|-1.68|0.85;0001-01-01T00:00:04.749+01:00|W5|1.1|-0.41|0.06|-0.41|0.97;0001-01-01T00:00:04.749+01:00|W6|0.7|-0.61|0.07|-0.61|0.30;0001-01-01T00:00:04.749+01:00|W7|1.6|0.33|0.06|0.33|1.42;0001-01-01T00:00:04.749+01:00|W8|2.0|-1.56|0.03|-1.56|1.30;0001-01-01T00:00:04.749+01:00|W9|1.3|0.61|0.33|0.61|1.13;0001-01-01T00:00:04.749+01:00|W10|0.2|-0.01|0.16|-0.01|0.20;0001-01-01T00:00:04.749+01:00|W11|1.0|0.81|0.05|0.81|0.49;0001-01-01T00:00:04.749+01:00|W12|1.3|-1.26|0.13|-1.26|0.40"
9.00;3.35;0001-01-01T00:00:04.8100000+01:00;9.62;-0.01;-1.33;23.7;9.597;8.508;0.892;-4.503;10.728;-13.243;96.714;-17.274;98.245;"0001-01-01T00:00:04.749+01:00|W1|0.9|-0.31|0.26|-0.31|0.58;0001-01-01T00:00:04.749+01:00|W2|1.9|-1.29|0.16|-1.29|1.42;0001-01-01T00:00:04.749+01:00|W3|0.9|-0.20|0.00|-0.20|0.88;0001-01-01T00:00:04.749+01:00|W4|2.0|-1.68|0.41|-1.68|0.85;0001-01-01T00:00:04.749+01:00|W5|1.1|-0.41|0.06|-0.41|0.97;0001-01-01T00:00:04.749+01:00|W6|0.7|-0.61|0.07|-0.61|0.30;0001-01-01T00:00:04.749+01:00|W7|1.6|0.33|0.06|0.33|1.42;0001-01-01T00:00:04.749+01:00|W8|2.0|-1.56|0.03|-1.56|1.30;0001-01-01T00:00:04.749+01:00|W9|1.3|0.61|0.33|0.61|1.13;0001-01-01T00:00:04.749+01:00|W10|0.2|-0.01|0.16|-0.01|0.20;0001-01-01T00:00:04.749+01:00|W11|1.0|0.81|0.05|0.81|0.49;0001-01-01T00:00:04.749+01:00|W12|1.3|-1.26|0.13|-1.26|0.40"
10.00;3.43;0001-01-01T00:00:04.8480000+01:00;10.64;-0.01;-1.51;27.0;9.526;8.384;6.328;-7.121;12.212;-15.104;96.691;-18.690;98.480;"0001-01-01T00:00:04.749+01:00|W1|0.9|-0.31|0.26|-0.31|0.58;0001-01-01T00:00:04.749+01:00|W2|1.9|-1.29|0.16|-1.29|1.42;0001-01-01T00:00:04.749+01:00|W3|0.9|-0.20|0.00|-0.20|0.88;0001-01-01T00:00:04.749+01:00|W4|2.0|-1.68|0.41|-1.68|0.85;0001-01-01T00:00:04.749+01:00|W5|1.1|-0.41|0.06|-0.41|0.97;0001-01-01T00:00:04.749+01:00|W6|0.7|-0.61|0.07|-0.61|0.30;0001-01-01T00:00:04.749+01:00|W7|1.6|0.33|0.06|0.33|1.42;0001-01-01T00:00:04.749+01:00|W8|2.0|-1.56|0.03|-1.56|1.30;0001-01-01T00:00:04.749+01:00|W9|1.3|0.61|0.33|0.61|1.13;0001-01-01T00:00:04.749+01:00|W10|0.2|-0.01|0.16|-0.01|0.20;0001-01-01T00:00:04.749+01:00|W11|1.0|0.81|0.05|0.81|0.49;0001-01-01T00:00:04.749+01:00|W12|1.3|-1.26|0.13|-1.26|0.40"
11.00;3.51;0001-01-01T00:00:04.8860000+01:00;11.67;-0.00;-1.72;30.3;8.342;7.412;7.069;-9.359;13.763;-16.864;96.259;-19.438;98.203;"0001-01-01T00:00:05.003+01:00|W1|0.6|-0.48|0.48|-0.48|0.40;0001-01-01T00:00:05.003+01:00|W2|2.1|-1.60|0.30|-1.60|1.35;0001-01-01T00:00:05.003+01:00|W3|0.9|-0.19|0.01|-0.19|0.87;0001-01-01T00:00:05.003+01:00|W4|1.8|-1.65|0.17|-1.65|0.75;0001-01-01T00:00:05.003+01:00|W5|1.1|-0.37|0.05|-0.37|0.97;0001-01-01T00:00:05.003+01:00|W6|0.7|-0.62|0.11|-0.62|0.35;0001-01-01T00:00:05.003+01:00|W7|1.8|0.38|0.25|0.38|1.51;0001-01-01T00:00:05.003+01:00|W8|1.9|-1.44|0.15|-1.44|1.21;0001-01-01T00:00:05.003+01:00|W9|1.3|0.67|0.24|0.67|1.06;0001-01-01T00:00:05.003+01:00|W10|0.2|0.02|0.20|0.02|0.12;0001-01-01T00:00:05.003+01:00|W11|1.1|0.99|0.20|0.99|0.34;0001-01-01T00:00:05.003+01:00|W12|1.4|-1.29|0.13|-1.29|0.29"
12.00;3.59;0001-01-01T00:00:04.9250000+01:00;12.69;-0.00;-1.92;33.3;7.249;6.654;10.232;-11.771;15.266;-18.271;96.008;-20.066;98.084;"0001-01-01T00:00:05.003+01:00|W1|0.6|-0.48|0.48|-0.48|0.40;0001-01-01T00:00:05.003+01:00|W2|2.1|-1.60|0.30|-1.60|1.35;0001-01-01T00:00:05.003+01:00|W3|0.9|-0.19|0.01|-0.19|0.87;0001-01-01T00:00:05.003+01:00|W4|1.8|-1.65|0.17|-1.65|0.75;0001-01-01T00:00:05.003+01:00|W5|1.1|-0.37|0.05|-0.37|0.97;0001-01-01T00:00:05.003+01:00|W6|0.7|-0.62|0.11|-0.62|0.35;0001-01-01T00:00:05.003+01:00|W7|1.8|0.38|0.25|0.38|1.51;0001-01-01T00:00:05.003+01:00|W8|1.9|-1.44|0.15|-1.44|1.21;0001-01-01T00:00:05.003+01:00|W9|1.3|0.67|0.24|0.67|1.06;0001-01-01T00:00:05.003+01:00|W10|0.2|0.02|0.20|0.02|0.12;0001-01-01T00:00:05.003+01:00|W11|1.1|0.99|0.20|0.99|0.34;0001-01-01T00:00:05.003+01:00|W12|1.4|-1.29|0.13|-1.29|0.29"
13.00;3.67;0001-01-01T00:00:04.9630000+01:00;13.70;-0.00;-2.15;35.3;6.257;6.110;14.432;-14.032;16.547;-19.209;95.897;-20.732;98.115;"0001-01-01T00:00:05.003+01:00|W1|0.6|-0.48|0.48|-0.48|0.40;0001-01-01T00:00:05.003+01:00|W2|2.1|-1.60|0.30|-1.60|1.35;0001-01-01T00:00:05.003+01:00|W3|0.9|-0.19|0.01|-0.19|0.87;0001-01-01T00:00:05.003+01:00|W4|1.8|-1.65|0.17|-1.65|0.75;0001-01-01T00:00:05.003+01:00|W5|1.1|-0.37|0.05|-0.37|0.97;0001-01-01T00:00:05.003+01:00|W6|0.7|-0.62|0.11|-0.62|0.35;0001-01-01T00:00:05.003+01:00|W7|1.8|0.38|0.25|0.38|1.51;0001-01-01T00:00:05.003+01:00|W8|1.9|-1.44|0.15|-1.44|1.21;0001-01-01T00:00:05.003+01:00|W9|1.3|0.67|0.24|0.67|1.06;0001-01-01T00:00:05.003+01:00|W10|0.2|0.02|0.20|0.02|0.12;0001-01-01T00:00:05.003+01:00|W11|1.1|0.99|0.20|0.99|0.34;0001-01-01T00:00:05.003+01:00|W12|1.4|-1.29|0.13|-1.29|0.29"
14.00;3.73;0001-01-01T00:00:05.0000000+01:00;14.71;-0.01;-2.39;35.7;5.244;5.655;17.106;-15.681;17.406;-19.581;95.807;-21.573;98.209;"0001-01-01T00:00:05.003+01:00|W1|0.6|-0.48|0.48|-0.48|0.40;0001-01-01T00:00:05.003+01:00|W2|2.1|-1.60|0.30|-1.60|1.35;0001-01-01T00:00:05.003+01:00|W3|0.9|-0.19|0.01|-0.19|0.87;0001-01-01T00:00:05.003+01:00|W4|1.8|-1.65|0.17|-1.65|0.75;0001-01-01T00:00:05.003+01:00|W5|1.1|-0.37|0.05|-0.37|0.97;0001-01-01T00:00:05.003+01:00|W6|0.7|-0.62|0.11|-0.62|0.35;0001-01-01T00:00:05.003+01:00|W7|1.8|0.38|0.25|0.38|1.51;0001-01-01T00:00:05.003+01:00|W8|1.9|-1.44|0.15|-1.44|1.21;0001-01-01T00:00:05.003+01:00|W9|1.3|0.67|0.24|0.67|1.06;0001-01-01T00:00:05.003+01:00|W10|0.2|0.02|0.20|0.02|0.12;0001-01-01T00:00:05.003+01:00|W11|1.1|0.99|0.20|0.99|0.34;0001-01-01T00:00:05.003+01:00|W12|1.4|-1.29|0.13|-1.29|0.29"
15.00;3.82;0001-01-01T00:00:05.0380000+01:00;15.72;-0.02;-2.63;36.0;4.228;5.199;19.786;-17.333;18.267;-19.953;95.716;-22.417;98.310;"0001-01-01T00:00:05.003+01:00|W1|0.6|-0.48|0.48|-0.48|0.40;0001-01-01T00:00:05.003+01:00|W2|2.1|-1.60|0.30|-1.60|1.35;0001-01-01T00:00:05.003+01:00|W3|0.9|-0.19|0.01|-0.19|0.87;0001-01-01T00:00:05.003+01:00|W4|1.8|-1.65|0.17|-1.65|0.75;0001-01-01T00:00:05.003+01:00|W5|1.1|-0.37|0.05|-0.37|0.97;0001-01-01T00:00:05.003+01:00|W6|0.7|-0.62|0.11|-0.62|0.35;0001-01-01T00:00:05.003+01:00|W7|1.8|0.38|0.25|0.38|1.51;0001-01-01T00:00:05.003+01:00|W8|1.9|-1.44|0.15|-1.44|1.21;0001-01-01T00:00:05.003+01:00|W9|1.3|0.67|0.24|0.67|1.06;0001-01-01T00:00:05.003+01:00|W10|0.2|0.02|0.20|0.02|0.12;0001-01-01T00:00:05.003+01:00|W11|1.1|0.99|0.20|0.99|0.34;0001-01-01T00:00:05.003+01:00|W12|1.4|-1.29|0.13|-1.29|0.29"
16.00;3.91;0001-01-01T00:00:05.0760000+01:00;16.73;0.00;-2.86;37.8;3.201;4.888;22.498;-18.440;19.138;-19.887;95.924;-23.550;98.776;"0001-01-01T00:00:05.003+01:00|W1|0.6|-0.48|0.48|-0.48|0.40;0001-01-01T00:00:05.003+01:00|W2|2.1|-1.60|0.30|-1.60|1.35;0001-01-01T00:00:05.003+01:00|W3|0.9|-0.19|0.01|-0.19|0.87;0001-01-01T00:00:05.003+01:00|W4|1.8|-1.65|0.17|-1.65|0.75;0001-01-01T00:00:05.003+01:00|W5|1.1|-0.37|0.05|-0.37|0.97;0001-01-01T00:00:05.003+01:00|W6|0.7|-0.62|0.11|-0.62|0.35;0001-01-01T00:00:05.003+01:00|W7|1.8|0.38|0.25|0.38|1.51;0001-01-01T00:00:05.003+01:00|W8|1.9|-1.44|0.15|-1.44|1.21;0001-01-01T00:00:05.003+01:00|W9|1.3|0.67|0.24|0.67|1.06;0001-01-01T00:00:05.003+01:00|W10|0.2|0.02|0.20|0.02|0.12;0001-01-01T00:00:05.003+01:00|W11|1.1|0.99|0.20|0.99|0.34;0001-01-01T00:00:05.003+01:00|W12|1.4|-1.29|0.13|-1.29|0.29"
17.00;4.01;0001-01-01T00:00:05.1140000+01:00;17.74;0.03;-3.10;39.2;2.390;4.623;24.641;-19.033;19.739;-19.571;96.178;-24.650;99.289;"0001-01-01T00:00:05.003+01:00|W1|0.6|-0.48|0.48|-0.48|0.40;0001-01-01T00:00:05.003+01:00|W2|2.1|-1.60|0.30|-1.60|1.35;0001-01-01T00:00:05.003+01:00|W3|0.9|-0.19|0.01|-0.19|0.87;0001-01-01T00:00:05.003+01:00|W4|1.8|-1.65|0.17|-1.65|0.75;0001-01-01T00:00:05.003+01:00|W5|1.1|-0.37|0.05|-0.37|0.97;0001-01-01T00:00:05.003+01:00|W6|0.7|-0.62|0.11|-0.62|0.35;0001-01-01T00:00:05.003+01:00|W7|1.8|0.38|0.25|0.38|1.51;0001-01-01T00:00:05.003+01:00|W8|1.9|-1.44|0.15|-1.44|1.21;0001-01-01T00:00:05.003+01:00|W9|1.3|0.67|0.24|0.67|1.06;0001-01-01T00:00:05.003+01:00|W10|0.2|0.02|0.20|0.02|0.12;0001-01-01T00:00:05.003+01:00|W11|1.1|0.99|0.20|0.99|0.34;0001-01-01T00:00:05.003+01:00|W12|1.4|-1.29|0.13|-1.29|0.29"
18.00;4.10;0001-01-01T00:00:05.1520000+01:00;18.74;0.04;-3.36;39.0;1.989;4.304;25.752;-19.226;19.843;-19.216;96.235;-25.430;99.541;"0001-01-01T00:00:05.253+01:00|W1|0.7|-0.60|0.43|-0.60|0.26;0001-01-01T00:00:05.253+01:00|W2|2.1|-1.60|0.31|-1.60|1.41;0001-01-01T00:00:05.253+01:00|W3|0.9|-0.18|0.00|-0.18|0.88;0001-01-01T00:00:05.253+01:00|W4|1.8|-1.65|0.17|-1.65|0.75;0001-01-01T00:00:05.253+01:00|W5|1.1|-0.39|0.05|-0.39|0.95;0001-01-01T00:00:05.253+01:00|W6|0.8|-0.65|0.12|-0.65|0.25;0001-01-01T00:00:05.253+01:00|W7|1.8|0.43|0.29|0.43|1.53;0001-01-01T00:00:05.253+01:00|W8|1.8|-1.30|0.22|-1.30|1.22;0001-01-01T00:00:05.253+01:00|W9|1.2|0.67|0.19|0.67|1.03;0001-01-01T00:00:05.253+01:00|W10|0.1|0.01|0.21|0.01|0.07;0001-01-01T00:00:05.253+01:00|W11|1.1|1.00|0.22|1.00|0.28;0001-01-01T00:00:05.253+01:00|W12|1.3|-1.26|0.10|-1.26|0.29"
19.00;4.19;0001-01-01T00:00:05.1890000+01:00;19.74;0.04;-3.63;38.5;2.071;4.038;27.778;-20.121;19.657;-18.892;96.253;-26.544;99.848;"0001-01-01T00:00:05.253+01:00|W1|0.7|-0.60|0.43|-0.60|0.26;0001-01-01T00:00:05.253+01:00|W2|2.1|-1.60|0.31|-1.60|1.41;0001-01-01T00:00:05.253+01:00|W3|0.9|-0.18|0.00|-0.18|0.88;0001-01-01T00:00:05.253+01:00|W4|1.8|-1.65|0.17|-1.65|0.75;0001-01-01T00:00:05.253+01:00|W5|1.1|-0.39|0.05|-0.39|0.95;0001-01-01T00:00:05.253+01:00|W6|0.8|-0.65|0.12|-0.65|0.25;0001-01-01T00:00:05.253+01:00|W7|1.8|0.43|0.29|0.43|1.53;0001-01-01T00:00:05.253+01:00|W8|1.8|-1.30|0.22|-1.30|1.22;0001-01-01T00:00:05.253+01:00|W9|1.2|0.67|0.19|0.67|1.03;0001-01-01T00:00:05.253+01:00|W10|0.1|0.01|0.21|0.01|0.07;0001-01-01T00:00:05.253+01:00|W11|1.1|1.00|0.22|1.00|0.28;0001-01-01T00:00:05.253+01:00|W12|1.3|-1.26|0.10|-1.26|0.29"
20.00;4.27;0001-01-01T00:00:05.2260000+01:00;20.73;0.05;-3.91;38.0;2.177;3.537;27.618;-20.405;19.312;-18.700;96.161;-27.504;100.018;"0001-01-01T00:00:05.253+01:00|W1|0.7|-0.60|0.43|-0.60|0.26;0001-01-01T00:00:05.253+01:00|W2|2.1|-1.60|0.31|-1.60|1.41;0001-01-01T00:00:05.253+01:00|W3|0.9|-0.18|0.00|-0.18|0.88;0001-01-01T00:00:05.253+01:00|W4|1.8|-1.65|0.17|-1.65|0.75;0001-01-01T00:00:05.253+01:00|W5|1.1|-0.39|0.05|-0.39|0.95;0001-01-01T00:00:05.253+01:00|W6|0.8|-0.65|0.12|-0.65|0.25;0001-01-01T00:00:05.253+01:00|W7|1.8|0.43|0.29|0.43|1.53;0001-01-01T00:00:05.253+01:00|W8|1.8|-1.30|0.22|-1.30|1.22;0001-01-01T00:00:05.253+01:00|W9|1.2|0.67|0.19|0.67|1.03;0001-01-01T00:00:05.253+01:00|W10|0.1|0.01|0.21|0.01|0.07;0001-01-01T00:00:05.253+01:00|W11|1.1|1.00|0.22|1.00|0.28;0001-01-01T00:00:05.253+01:00|W12|1.3|-1.26|0.10|-1.26|0.29"
21.00;4.36;0001-01-01T00:00:05.2630000+01:00;21.72;0.05;-4.20;37.3;2.385;2.851;27.031;-20.963;18.760;-18.598;96.018;-28.352;100.117;"0001-01-01T00:00:05.253+01:00|W1|0.7|-0.60|0.43|-0.60|0.26;0001-01-01T00:00:05.253+01:00|W2|2.1|-1.60|0.31|-1.60|1.41;0001-01-01T00:00:05.253+01:00|W3|0.9|-0.18|0.00|-0.18|0.88;0001-01-01T00:00:05.253+01:00|W4|1.8|-1.65|0.17|-1.65|0.75;0001-01-01T00:00:05.253+01:00|W5|1.1|-0.39|0.05|-0.39|0.95;0001-01-01T00:00:05.253+01:00|W6|0.8|-0.65|0.12|-0.65|0.25;0001-01-01T00:00:05.253+01:00|W7|1.8|0.43|0.29|0.43|1.53;0001-01-01T00:00:05.253+01:00|W8|1.8|-1.30|0.22|-1.30|1.22;0001-01-01T00:00:05.253+01:00|W9|1.2|0.67|0.19|0.67|1.03;0001-01-01T00:00:05.253+01:00|W10|0.1|0.01|0.21|0.01|0.07;0001-01-01T00:00:05.253+01:00|W11|1.1|1.00|0.22|1.00|0.28;0001-01-01T00:00:05.253+01:00|W12|1.3|-1.26|0.10|-1.26|0.29"
22.00;4.44;0001-01-01T00:00:05.3000000+01:00;22.71;0.05;-4.49;36.5;2.775;2.012;27.609;-22.626;17.944;-18.551;95.876;-29.118;100.200;"0001-01-01T00:00:05.253+01:00|W1|0.7|-0.60|0.43|-0.60|0.26;0001-01-01T00:00:05.253+01:00|W2|2.1|-1.60|0.31|-1.60|1.41;0001-01-01T00:00:05.253+01:00|W3|0.9|-0.18|0.00|-0.18|0.88;0001-01-01T00:00:05.253+01:00|W4|1.8|-1.65|0.17|-1.65|0.75;0001-01-01T00:00:05.253+01:00|W5|1.1|-0.39|0.05|-0.39|0.95;0001-01-01T00:00:05.253+01:00|W6|0.8|-0.65|0.12|-0.65|0.25;0001-01-01T00:00:05.253+01:00|W7|1.8|0.43|0.29|0.43|1.53;0001-01-01T00:00:05.253+01:00|W8|1.8|-1.30|0.22|-1.30|1.22;0001-01-01T00:00:05.253+01:00|W9|1.2|0.67|0.19|0.67|1.03;0001-01-01T00:00:05.253+01:00|W10|0.1|0.01|0.21|0.01|0.07;0001-01-01T00:00:05.253+01:00|W11|1.1|1.00|0.22|1.00|0.28;0001-01-01T00:00:05.253+01:00|W12|1.3|-1.26|0.10|-1.26|0.29"
23.00;4.52;0001-01-01T00:00:05.3370000+01:00;23.69;0.06;-4.79;35.4;3.157;1.067;28.282;-23.146;16.882;-18.647;95.694;-30.008;100.289;"0001-01-01T00:00:05.253+01:00|W1|0.7|-0.60|0.43|-0.60|0.26;0001-01-01T00:00:05.253+01:00|W2|2.1|-1.60|0.31|-1.60|1.41;0001-01-01T00:00:05.253+01:00|W3|0.9|-0.18|0.00|-0.18|0.88;0001-01-01T00:00:05.253+01:00|W4|1.8|-1.65|0.17|-1.65|0.75;0001-01-01T00:00:05.253+01:00|W5|1.1|-0.39|0.05|-0.39|0.95;0001-01-01T00:00:05.253+01:00|W6|0.8|-0.65|0.12|-0.65|0.25;0001-01-01T00:00:05.253+01:00|W7|1.8|0.43|0.29|0.43|1.53;0001-01-01T00:00:05.253+01:00|W8|1.8|-1.30|0.22|-1.30|1.22;0001-01-01T00:00:05.253+01:00|W9|1.2|0.67|0.19|0.67|1.03;0001-01-01T00:00:05.253+01:00|W10|0.1|0.01|0.21|0.01|0.07;0001-01-01T00:00:05.253+01:00|W11|1.1|1.00|0.22|1.00|0.28;0001-01-01T00:00:05.253+01:00|W12|1.3|-1.26|0.10|-1.26|0.29"
24.00;4.60;0001-01-01T00:00:05.3740000+01:00;24.67;0.06;-5.10;34.4;3.440;0.121;28.837;-23.644;15.774;-18.746;95.687;-30.974;100.575;"0001-01-01T00:00:05.253+01:00|W1|0.7|-0.60|0.43|-0.60|0.26;0001-01-01T00:00:05.253+01:00|W2|2.1|-1.60|0.31|-1.60|1.41;0001-01-01T00:00:05.253+01:00|W3|0.9|-0.18|0.00|-0.18|0.88;0001-01-01T00:00:05.253+01:00|W4|1.8|-1.65|0.17|-1.65|0.75;0001-01-01T00:00:05.253+01:00|W5|1.1|-0.39|0.05|-0.39|0.95;0001-01-01T00:00:05.253+01:00|W6|0.8|-0.65|0.12|-0.65|0.25;0001-01-01T00:00:05.253+01:00|W7|1.8|0.43|0.29|0.43|1.53;0001-01-01T00:00:05.253+01:00|W8|1.8|-1.30|0.22|-1.30|1.22;0001-01-01T00:00:05.253+01:00|W9|1.2|0.67|0.19|0.67|1.03;0001-01-01T00:00:05.253+01:00|W10|0.1|0.01|0.21|0.01|0.07;0001-01-01T00:00:05.253+01:00|W11|1.1|1.00|0.22|1.00|0.28;0001-01-01T00:00:05.253+01:00|W12|1.3|-1.26|0.10|-1.26|0.29"
25.00;4.66;0001-01-01T00:00:05.4110000+01:00;25.64;0.06;-5.43;33.6;3.596;-0.781;29.186;-24.070;14.699;-18.899;95.752;-31.961;100.945;"0001-01-01T00:00:05.498+01:00|W1|0.7|-0.60|0.43|-0.60|0.26;0001-01-01T00:00:05.498+01:00|W2|2.1|-1.60|0.31|-1.60|1.41;0001-01-01T00:00:05.498+01:00|W3|0.9|-0.18|0.00|-0.18|0.88;0001-01-01T00:00:05.498+01:00|W4|1.8|-1.65|0.17|-1.65|0.75;0001-01-01T00:00:05.498+01:00|W5|1.1|-0.39|0.05|-0.39|0.95;0001-01-01T00:00:05.498+01:00|W6|0.8|-0.65|0.12|-0.65|0.25;0001-01-01T00:00:05.498+01:00|W7|1.8|0.43|0.29|0.43|1.53;0001-01-01T00:00:05.498+01:00|W8|1.8|-1.30|0.22|-1.30|1.22;0001-01-01T00:00:05.498+01:00|W9|1.2|0.67|0.19|0.67|1.03;0001-01-01T00:00:05.498+01:00|W10|0.1|0.01|0.21|0.01|0.07;0001-01-01T00:00:05.498+01:00|W11|1.1|1.00|0.22|1.00|0.28;0001-01-01T00:00:05.498+01:00|W12|1.3|-1.26|0.10|-1.26|0.29"
26.00;4.73;0001-01-01T00:00:05.4470000+01:00;26.61;0.07;-5.75;33.0;3.567;-1.561;29.171;-24.303;13.776;-19.199;95.729;-32.886;101.221;"0001-01-01T00:00:05.498+01:00|W1|0.7|-0.60|0.43|-0.60|0.26;0001-01-01T00:00:05.498+01:00|W2|2.1|-1.60|0.31|-1.60|1.41;0001-01-01T00:00:05.498+01:00|W3|0.9|-0.18|0.00|-0.18|0.88;0001-01-01T00:00:05.498+01:00|W4|1.8|-1.65|0.17|-1.65|0.75;0001-01-01T00:00:05.498+01:00|W5|1.1|-0.39|0.05|-0.39|0.95;0001-01-01T00:00:05.498+01:00|W6|0.8|-0.65|0.12|-0.65|0.25;0001-01-01T00:00:05.498+01:00|W7|1.8|0.43|0.29|0.43|1.53;0001-01-01T00:00:05.498+01:00|W8|1.8|-1.30|0.22|-1.30|1.22;0001-01-01T00:00:05.498+01:00|W9|1.2|0.67|0.19|0.67|1.03;0001-01-01T00:00:05.498+01:00|W10|0.1|0.01|0.21|0.01|0.07;0001-01-01T00:00:05.498+01:00|W11|1.1|1.00|0.22|1.00|0.28;0001-01-01T00:00:05.498+01:00|W12|1.3|-1.26|0.10|-1.26|0.29"
27.00;4.79;0001-01-01T00:00:05.4840000+01:00;27.58;0.07;-6.09;33.2;3.297;-2.138;29.005;-23.650;13.334;-19.548;95.684;-33.686;101.440;"0001-01-01T00:00:05.498+01:00|W1|0.7|-0.60|0.43|-0.60|0.26;0001-01-01T00:00:05.498+01:00|W2|2.1|-1.60|0.31|-1.60|1.41;0001-01-01T00:00:05.498+01:00|W3|0.9|-0.18|0.00|-0.18|0.88;0001-01-01T00:00:05.498+01:00|W4|1.8|-1.65|0.17|-1.65|0.75;0001-01-01T00:00:05.498+01:00|W5|1.1|-0.39|0.05|-0.39|0.95;0001-01-01T00:00:05.498+01:00|W6|0.8|-0.65|0.12|-0.65|0.25;0001-01-01T00:00:05.498+01:00|W7|1.8|0.43|0.29|0.43|1.53;0001-01-01T00:00:05.498+01:00|W8|1.8|-1.30|0.22|-1.30|1.22;0001-01-01T00:00:05.498+01:00|W9|1.2|0.67|0.19|0.67|1.03;0001-01-01T00:00:05.498+01:00|W10|0.1|0.01|0.21|0.01|0.07;0001-01-01T00:00:05.498+01:00|W11|1.1|1.00|0.22|1.00|0.28;0001-01-01T00:00:05.498+01:00|W12|1.3|-1.26|0.10|-1.26|0.29"
28.00;4.85;0001-01-01T00:00:05.5200000+01:00;28.54;0.07;-6.44;33.1;3.000;-2.473;28.822;-23.381;12.949;-19.814;95.534;-34.445;101.554;"0001-01-01T00:00:05.498+01:00|W1|0.7|-0.60|0.43|-0.60|0.26;0001-01-01T00:00:05.498+01:00|W2|2.1|-1.60|0.31|-1.60|1.41;0001-01-01T00:00:05.498+01:00|W3|0.9|-0.18|0.00|-0.18|0.88;0001-01-01T00:00:05.498+01:00|W4|1.8|-1.65|0.17|-1.65|0.75;0001-01-01T00:00:05.498+01:00|W5|1.1|-0.39|0.05|-0.39|0.95;0001-01-01T00:00:05.498+01:00|W6|0.8|-0.65|0.12|-0.65|0.25;0001-01-01T00:00:05.498+01:00|W7|1.8|0.43|0.29|0.43|1.53;0001-01-01T00:00:05.498+01:00|W8|1.8|-1.30|0.22|-1.30|1.22;0001-01-01T00:00:05.498+01:00|W9|1.2|0.67|0.19|0.67|1.03;0001-01-01T00:00:05.498+01:00|W10|0.1|0.01|0.21|0.01|0.07;0001-01-01T00:00:05.498+01:00|W11|1.1|1.00|0.22|1.00|0.28;0001-01-01T00:00:05.498+01:00|W12|1.3|-1.26|0.10|-1.26|0.29"
29.00;4.91;0001-01-01T00:00:05.5560000+01:00;29.50;0.08;-6.78;32.5;2.704;-2.604;28.640;-23.559;12.565;-19.999;95.291;-35.182;101.578;"0001-01-01T00:00:05.498+01:00|W1|0.7|-0.60|0.43|-0.60|0.26;0001-01-01T00:00:05.498+01:00|W2|2.1|-1.60|0.31|-1.60|1.41;0001-01-01T00:00:05.498+01:00|W3|0.9|-0.18|0.00|-0.18|0.88;0001-01-01T00:00:05.498+01:00|W4|1.8|-1.65|0.17|-1.65|0.75;0001-01-01T00:00:05.498+01:00|W5|1.1|-0.39|0.05|-0.39|0.95;0001-01-01T00:00:05.498+01:00|W6|0.8|-0.65|0.12|-0.65|0.25;0001-01-01T00:00:05.498+01:00|W7|1.8|0.43|0.29|0.43|1.53;0001-01-01T00:00:05.498+01:00|W8|1.8|-1.30|0.22|-1.30|1.22;0001-01-01T00:00:05.498+01:00|W9|1.2|0.67|0.19|0.67|1.03;0001-01-01T00:00:05.498+01:00|W10|0.1|0.01|0.21|0.01|0.07;0001-01-01T00:00:05.498+01:00|W11|1.1|1.00|0.22|1.00|0.28;0001-01-01T00:00:05.498+01:00|W12|1.3|-1.26|0.10|-1.26|0.29"
30.00;4.97;0001-01-01T00:00:05.5920000+01:00;30.46;0.09;-7.13;32.0;2.408;-2.736;28.459;-23.737;12.181;-20.184;95.048;-35.917;101.608;"0001-01-01T00:00:05.498+01:00|W1|0.7|-0.60|0.43|-0.60|0.26;0001-01-01T00:00:05.498+01:00|W2|2.1|-1.60|0.31|-1.60|1.41;0001-01-01T00:00:05.498+01:00|W3|0.9|-0.18|0.00|-0.18|0.88;0001-01-01T00:00:05.498+01:00|W4|1.8|-1.65|0.17|-1.65|0.75;0001-01-01T00:00:05.498+01:00|W5|1.1|-0.39|0.05|-0.39|0.95;0001-01-01T00:00:05.498+01:00|W6|0.8|-0.65|0.12|-0.65|0.25;0001-01-01T00:00:05.498+01:00|W7|1.8|0.43|0.29|0.43|1.53;0001-01-01T00:00:05.498+01:00|W8|1.8|-1.30|0.22|-1.30|1.22;0001-01-01T00:00:05.498+01:00|W9|1.2|0.67|0.19|0.67|1.03;0001-01-01T00:00:05.498+01:00|W10|0.1|0.01|0.21|0.01|0.07;0001-01-01T00:00:05.498+01:00|W11|1.1|1.00|0.22|1.00|0.28;0001-01-01T00:00:05.498+01:00|W12|1.3|-1.26|0.10|-1.26|0.29"
31.00;5.00;0001-01-01T00:00:05.6280000+01:00;31.40;0.08;-7.50;32.2;2.133;-2.868;28.163;-23.915;12.183;-20.368;95.358;-36.788;102.208;"0001-01-01T00:00:05.748+01:00|W1|0.8|-0.67|0.33|-0.67|0.30;0001-01-01T00:00:05.748+01:00|W2|2.1|-1.56|0.26|-1.56|1.42;0001-01-01T00:00:05.748+01:00|W3|0.9|-0.18|0.01|-0.18|0.87;0001-01-01T00:00:05.748+01:00|W4|1.6|-1.43|0.16|-1.43|0.66;0001-01-01T00:00:05.748+01:00|W5|1.1|-0.47|0.01|-0.47|0.99;0001-01-01T00:00:05.748+01:00|W6|0.9|-0.80|0.27|-0.80|0.04;0001-01-01T00:00:05.748+01:00|W7|1.9|0.44|0.40|0.44|1.62;0001-01-01T00:00:05.748+01:00|W8|1.7|-1.12|0.30|-1.12|1.24;0001-01-01T00:00:05.748+01:00|W9|1.2|0.66|0.15|0.66|1.01;0001-01-01T00:00:05.748+01:00|W10|0.1|0.02|0.23|0.02|0.02;0001-01-01T00:00:05.748+01:00|W11|1.0|0.93|0.13|0.93|0.21;0001-01-01T00:00:05.748+01:00|W12|1.3|-1.24|0.10|-1.24|0.32"
32.00;5.03;0001-01-01T00:00:05.6640000+01:00;32.34;0.08;-7.88;32.7;1.865;-2.888;27.831;-23.554;12.314;-20.518;95.569;-37.612;102.705;"0001-01-01T00:00:05.748+01:00|W1|0.8|-0.67|0.33|-0.67|0.30;0001-01-01T00:00:05.748+01:00|W2|2.1|-1.56|0.26|-1.56|1.42;0001-01-01T00:00:05.748+01:00|W3|0.9|-0.18|0.01|-0.18|0.87;0001-01-01T00:00:05.748+01:00|W4|1.6|-1.43|0.16|-1.43|0.66;0001-01-01T00:00:05.748+01:00|W5|1.1|-0.47|0.01|-0.47|0.99;0001-01-01T00:00:05.748+01:00|W6|0.9|-0.80|0.27|-0.80|0.04;0001-01-01T00:00:05.748+01:00|W7|1.9|0.44|0.40|0.44|1.62;0001-01-01T00:00:05.748+01:00|W8|1.7|-1.12|0.30|-1.12|1.24;0001-01-01T00:00:05.748+01:00|W9|1.2|0.66|0.15|0.66|1.01;0001-01-01T00:00:05.748+01:00|W10|0.1|0.02|0.23|0.02|0.02;0001-01-01T00:00:05.748+01:00|W11|1.0|0.93|0.13|0.93|0.21;0001-01-01T00:00:05.748+01:00|W12|1.3|-1.24|0.10|-1.24|0.32"
33.00;5.08;0001-01-01T00:00:05.6990000+01:00;33.29;0.08;-8.24;33.0;1.601;-2.709;27.503;-22.224;12.443;-20.608;95.267;-38.271;102.667;"0001-01-01T00:00:05.748+01:00|W1|0.8|-0.67|0.33|-0.67|0.30;0001-01-01T00:00:05.748+01:00|W2|2.1|-1.56|0.26|-1.56|1.42;0001-01-01T00:00:05.748+01:00|W3|0.9|-0.18|0.01|-0.18|0.87;0001-01-01T00:00:05.748+01:00|W4|1.6|-1.43|0.16|-1.43|0.66;0001-01-01T00:00:05.748+01:00|W5|1.1|-0.47|0.01|-0.47|0.99;0001-01-01T00:00:05.748+01:00|W6|0.9|-0.80|0.27|-0.80|0.04;0001-01-01T00:00:05.748+01:00|W7|1.9|0.44|0.40|0.44|1.62;0001-01-01T00:00:05.748+01:00|W8|1.7|-1.12|0.30|-1.12|1.24;0001-01-01T00:00:05.748+01:00|W9|1.2|0.66|0.15|0.66|1.01;0001-01-01T00:00:05.748+01:00|W10|0.1|0.02|0.23|0.02|0.02;0001-01-01T00:00:05.748+01:00|W11|1.0|0.93|0.13|0.93|0.21;0001-01-01T00:00:05.748+01:00|W12|1.3|-1.24|0.10|-1.24|0.32"
34.00;5.10;0001-01-01T00:00:05.7340000+01:00;34.22;0.08;-8.62;33.1;1.584;-2.430;27.744;-21.513;12.641;-20.621;95.109;-38.911;102.761;"0001-01-01T00:00:05.748+01:00|W1|0.8|-0.67|0.33|-0.67|0.30;0001-01-01T00:00:05.748+01:00|W2|2.1|-1.56|0.26|-1.56|1.42;0001-01-01T00:00:05.748+01:00|W3|0.9|-0.18|0.01|-0.18|0.87;0001-01-01T00:00:05.748+01:00|W4|1.6|-1.43|0.16|-1.43|0.66;0001-01-01T00:00:05.748+01:00|W5|1.1|-0.47|0.01|-0.47|0.99;0001-01-01T00:00:05.748+01:00|W6|0.9|-0.80|0.27|-0.80|0.04;0001-01-01T00:00:05.748+01:00|W7|1.9|0.44|0.40|0.44|1.62;0001-01-01T00:00:05.748+01:00|W8|1.7|-1.12|0.30|-1.12|1.24;0001-01-01T00:00:05.748+01:00|W9|1.2|0.66|0.15|0.66|1.01;0001-01-01T00:00:05.748+01:00|W10|0.1|0.02|0.23|0.02|0.02;0001-01-01T00:00:05.748+01:00|W11|1.0|0.93|0.13|0.93|0.21;0001-01-01T00:00:05.748+01:00|W12|1.3|-1.24|0.10|-1.24|0.32"
35.00;5.13;0001-01-01T00:00:05.7700000+01:00;35.16;0.09;-9.01;33.3;1.582;-2.106;28.022;-21.399;12.844;-20.514;94.877;-39.403;102.734;"0001-01-01T00:00:05.748+01:00|W1|0.8|-0.67|0.33|-0.67|0.30;0001-01-01T00:00:05.748+01:00|W2|2.1|-1.56|0.26|-1.56|1.42;0001-01-01T00:00:05.748+01:00|W3|0.9|-0.18|0.01|-0.18|0.87;0001-01-01T00:00:05.748+01:00|W4|1.6|-1.43|0.16|-1.43|0.66;0001-01-01T00:00:05.748+01:00|W5|1.1|-0.47|0.01|-0.47|0.99;0001-01-01T00:00:05.748+01:00|W6|0.9|-0.80|0.27|-0.80|0.04;0001-01-01T00:00:05.748+01:00|W7|1.9|0.44|0.40|0.44|1.62;0001-01-01T00:00:05.748+01:00|W8|1.7|-1.12|0.30|-1.12|1.24;0001-01-01T00:00:05.748+01:00|W9|1.2|0.66|0.15|0.66|1.01;0001-01-01T00:00:05.748+01:00|W10|0.1|0.02|0.23|0.02|0.02;0001-01-01T00:00:05.748+01:00|W11|1.0|0.93|0.13|0.93|0.21;0001-01-01T00:00:05.748+01:00|W12|1.3|-1.24|0.10|-1.24|0.32"
36.00;5.16;0001-01-01T00:00:05.8060000+01:00;36.09;0.09;-9.39;33.6;1.579;-1.750;28.338;-21.778;13.059;-20.307;94.629;-39.835;102.672;"0001-01-01T00:00:05.748+01:00|W1|0.8|-0.67|0.33|-0.67|0.30;0001-01-01T00:00:05.748+01:00|W2|2.1|-1.56|0.26|-1.56|1.42;0001-01-01T00:00:05.748+01:00|W3|0.9|-0.18|0.01|-0.18|0.87;0001-01-01T00:00:05.748+01:00|W4|1.6|-1.43|0.16|-1.43|0.66;0001-01-01T00:00:05.748+01:00|W5|1.1|-0.47|0.01|-0.47|0.99;0001-01-01T00:00:05.748+01:00|W6|0.9|-0.80|0.27|-0.80|0.04;0001-01-01T00:00:05.748+01:00|W7|1.9|0.44|0.40|0.44|1.62;0001-01-01T00:00:05.748+01:00|W8|1.7|-1.12|0.30|-1.12|1.24;0001-01-01T00:00:05.748+01:00|W9|1.2|0.66|0.15|0.66|1.01;0001-01-01T00:00:05.748+01:00|W10|0.1|0.02|0.23|0.02|0.02;0001-01-01T00:00:05.748+01:00|W11|1.0|0.93|0.13|0.93|0.21;0001-01-01T00:00:05.748+01:00|W12|1.3|-1.24|0.10|-1.24|0.32"
37.00;5.16;0001-01-01T00:00:05.8400000+01:00;37.01;0.09;-9.80;33.3;1.566;-1.403;28.891;-22.146;13.349;-20.106;94.758;-40.720;103.137;"0001-01-01T00:00:05.748+01:00|W1|0.8|-0.67|0.33|-0.67|0.30;0001-01-01T00:00:05.748+01:00|W2|2.1|-1.56|0.26|-1.56|1.42;0001-01-01T00:00:05.748+01:00|W3|0.9|-0.18|0.01|-0.18|0.87;0001-01-01T00:00:05.748+01:00|W4|1.6|-1.43|0.16|-1.43|0.66;0001-01-01T00:00:05.748+01:00|W5|1.1|-0.47|0.01|-0.47|0.99;0001-01-01T00:00:05.748+01:00|W6|0.9|-0.80|0.27|-0.80|0.04;0001-01-01T00:00:05.748+01:00|W7|1.9|0.44|0.40|0.44|1.62;0001-01-01T00:00:05.748+01:00|W8|1.7|-1.12|0.30|-1.12|1.24;0001-01-01T00:00:05.748+01:00|W9|1.2|0.66|0.15|0.66|1.01;0001-01-01T00:00:05.748+01:00|W10|0.1|0.02|0.23|0.02|0.02;0001-01-01T00:00:05.748+01:00|W11|1.0|0.93|0.13|0.93|0.21;0001-01-01T00:00:05.748+01:00|W12|1.3|-1.24|0.10|-1.24|0.32"
38.00;5.16;0001-01-01T00:00:05.8750000+01:00;37.93;0.08;-10.21;33.0;1.554;-1.057;29.444;-22.514;13.637;-19.905;94.886;-41.604;103.607;"0001-01-01T00:00:06.000+01:00|W1|0.8|-0.65|0.25|-0.65|0.42;0001-01-01T00:00:06.000+01:00|W2|2.1|-1.50|0.18|-1.50|1.40;0001-01-01T00:00:06.000+01:00|W3|0.9|-0.16|0.01|-0.16|0.87;0001-01-01T00:00:06.000+01:00|W4|1.4|-1.29|0.35|-1.29|0.54;0001-01-01T00:00:06.000+01:00|W5|1.1|-0.36|0.03|-0.36|1.01;0001-01-01T00:00:06.000+01:00|W6|1.1|-0.92|0.38|-0.92|0.04;0001-01-01T00:00:06.000+01:00|W7|1.9|0.42|0.35|0.42|1.62;0001-01-01T00:00:06.000+01:00|W8|1.6|-0.88|0.37|-0.88|1.29;0001-01-01T00:00:06.000+01:00|W9|1.2|0.65|0.14|0.65|1.03;0001-01-01T00:00:06.000+01:00|W10|0.1|0.01|0.16|0.01|0.04;0001-01-01T00:00:06.000+01:00|W11|0.9|0.85|0.05|0.85|0.17;0001-01-01T00:00:06.000+01:00|W12|1.3|-1.17|0.05|-1.17|0.35"
39.00;5.15;0001-01-01T00:00:05.9090000+01:00;38.85;0.08;-10.61;32.7;1.541;-0.709;29.997;-22.656;13.926;-19.671;94.930;-42.394;103.967;"0001-01-01T00:00:06.000+01:00|W1|0.8|-0.65|0.25|-0.65|0.42;0001-01-01T00:00:06.000+01:00|W2|2.1|-1.50|0.18|-1.50|1.40;0001-01-01T00:00:06.000+01:00|W3|0.9|-0.16|0.01|-0.16|0.87;0001-01-01T00:00:06.000+01:00|W4|1.4|-1.29|0.35|-1.29|0.54;0001-01-01T00:00:06.000+01:00|W5|1.1|-0.36|0.03|-0.36|1.01;0001-01-01T00:00:06.000+01:00|W6|1.1|-0.92|0.38|-0.92|0.04;0001-01-01T00:00:06.000+01:00|W7|1.9|0.42|0.35|0.42|1.62;0001-01-01T00:00:06.000+01:00|W8|1.6|-0.88|0.37|-0.88|1.29;0001-01-01T00:00:06.000+01:00|W9|1.2|0.65|0.14|0.65|1.03;0001-01-01T00:00:06.000+01:00|W10|0.1|0.01|0.16|0.01|0.04;0001-01-01T00:00:06.000+01:00|W11|0.9|0.85|0.05|0.85|0.17;0001-01-01T00:00:06.000+01:00|W12|1.3|-1.17|0.05|-1.17|0.35"
40.00;5.15;0001-01-01T00:00:05.9440000+01:00;39.76;0.08;-11.02;32.4;1.529;-0.354;30.549;-22.098;14.215;-19.333;94.710;-42.893;103.970;"0001-01-01T00:00:06.000+01:00|W1|0.8|-0.65|0.25|-0.65|0.42;0001-01-01T00:00:06.000+01:00|W2|2.1|-1.50|0.18|-1.50|1.40;0001-01-01T00:00:06.000+01:00|W3|0.9|-0.16|0.01|-0.16|0.87;0001-01-01T00:00:06.000+01:00|W4|1.4|-1.29|0.35|-1.29|0.54;0001-01-01T00:00:06.000+01:00|W5|1.1|-0.36|0.03|-0.36|1.01;0001-01-01T00:00:06.000+01:00|W6|1.1|-0.92|0.38|-0.92|0.04;0001-01-01T00:00:06.000+01:00|W7|1.9|0.42|0.35|0.42|1.62;0001-01-01T00:00:06.000+01:00|W8|1.6|-0.88|0.37|-0.88|1.29;0001-01-01T00:00:06.000+01:00|W9|1.2|0.65|0.14|0.65|1.03;0001-01-01T00:00:06.000+01:00|W10|0.1|0.01|0.16|0.01|0.04;0001-01-01T00:00:06.000+01:00|W11|0.9|0.85|0.05|0.85|0.17;0001-01-01T00:00:06.000+01:00|W12|1.3|-1.17|0.05|-1.17|0.35"
41.00;5.15;0001-01-01T00:00:05.9790000+01:00;40.68;0.09;-11.42;33.0;1.516;-0.217;31.114;-22.188;14.510;-19.051;94.515;-43.161;103.903;"0001-01-01T00:00:06.000+01:00|W1|0.8|-0.65|0.25|-0.65|0.42;0001-01-01T00:00:06.000+01:00|W2|2.1|-1.50|0.18|-1.50|1.40;0001-01-01T00:00:06.000+01:00|W3|0.9|-0.16|0.01|-0.16|0.87;0001-01-01T00:00:06.000+01:00|W4|1.4|-1.29|0.35|-1.29|0.54;0001-01-01T00:00:06.000+01:00|W5|1.1|-0.36|0.03|-0.36|1.01;0001-01-01T00:00:06.000+01:00|W6|1.1|-0.92|0.38|-0.92|0.04;0001-01-01T00:00:06.000+01:00|W7|1.9|0.42|0.35|0.42|1.62;0001-01-01T00:00:06.000+01:00|W8|1.6|-0.88|0.37|-0.88|1.29;0001-01-01T00:00:06.000+01:00|W9|1.2|0.65|0.14|0.65|1.03;0001-01-01T00:00:06.000+01:00|W10|0.1|0.01|0.16|0.01|0.04;0001-01-01T00:00:06.000+01:00|W11|0.9|0.85|0.05|0.85|0.17;0001-01-01T00:00:06.000+01:00|W12|1.3|-1.17|0.05|-1.17|0.35"
42.00;5.15;0001-01-01T00:00:06.0140000+01:00;41.59;0.10;-11.83;33.7;1.518;-0.225;31.961;-22.332;14.846;-18.838;94.406;-43.581;103.980;"0001-01-01T00:00:06.000+01:00|W1|0.8|-0.65|0.25|-0.65|0.42;0001-01-01T00:00:06.000+01:00|W2|2.1|-1.50|0.18|-1.50|1.40;0001-01-01T00:00:06.000+01:00|W3|0.9|-0.16|0.01|-0.16|0.87;0001-01-01T00:00:06.000+01:00|W4|1.4|-1.29|0.35|-1.29|0.54;0001-01-01T00:00:06.000+01:00|W5|1.1|-0.36|0.03|-0.36|1.01;0001-01-01T00:00:06.000+01:00|W6|1.1|-0.92|0.38|-0.92|0.04;0001-01-01T00:00:06.000+01:00|W7|1.9|0.42|0.35|0.42|1.62;0001-01-01T00:00:06.000+01:00|W8|1.6|-0.88|0.37|-0.88|1.29;0001-01-01T00:00:06.000+01:00|W9|1.2|0.65|0.14|0.65|1.03;0001-01-01T00:00:06.000+01:00|W10|0.1|0.01|0.16|0.01|0.04;0001-01-01T00:00:06.000+01:00|W11|0.9|0.85|0.05|0.85|0.17;0001-01-01T00:00:06.000+01:00|W12|1.3|-1.17|0.05|-1.17|0.35"
43.00;5.12;0001-01-01T00:00:06.0490000+01:00;42.49;0.10;-12.25;34.0;1.543;-0.377;33.247;-22.304;15.244;-18.712;94.422;-44.334;104.312;"0001-01-01T00:00:06.000+01:00|W1|0.8|-0.65|0.25|-0.65|0.42;0001-01-01T00:00:06.000+01:00|W2|2.1|-1.50|0.18|-1.50|1.40;0001-01-01T00:00:06.000+01:00|W3|0.9|-0.16|0.01|-0.16|0.87;0001-01-01T00:00:06.000+01:00|W4|1.4|-1.29|0.35|-1.29|0.54;0001-01-01T00:00:06.000+01:00|W5|1.1|-0.36|0.03|-0.36|1.01;0001-01-01T00:00:06.000+01:00|W6|1.1|-0.92|0.38|-0.92|0.04;0001-01-01T00:00:06.000+01:00|W7|1.9|0.42|0.35|0.42|1.62;0001-01-01T00:00:06.000+01:00|W8|1.6|-0.88|0.37|-0.88|1.29;0001-01-01T00:00:06.000+01:00|W9|1.2|0.65|0.14|0.65|1.03;0001-01-01T00:00:06.000+01:00|W10|0.1|0.01|0.16|0.01|0.04;0001-01-01T00:00:06.000+01:00|W11|0.9|0.85|0.05|0.85|0.17;0001-01-01T00:00:06.000+01:00|W12|1.3|-1.17|0.05|-1.17|0.35"
44.00;5.10;0001-01-01T00:00:06.0830000+01:00;43.40;0.11;-12.67;34.4;1.538;-0.588;34.041;-22.067;15.659;-18.674;94.496;-45.092;104.703;"0001-01-01T00:00:06.000+01:00|W1|0.8|-0.65|0.25|-0.65|0.42;0001-01-01T00:00:06.000+01:00|W2|2.1|-1.50|0.18|-1.50|1.40;0001-01-01T00:00:06.000+01:00|W3|0.9|-0.16|0.01|-0.16|0.87;0001-01-01T00:00:06.000+01:00|W4|1.4|-1.29|0.35|-1.29|0.54;0001-01-01T00:00:06.000+01:00|W5|1.1|-0.36|0.03|-0.36|1.01;0001-01-01T00:00:06.000+01:00|W6|1.1|-0.92|0.38|-0.92|0.04;0001-01-01T00:00:06.000+01:00|W7|1.9|0.42|0.35|0.42|1.62;0001-01-01T00:00:06.000+01:00|W8|1.6|-0.88|0.37|-0.88|1.29;0001-01-01T00:00:06.000+01:00|W9|1.2|0.65|0.14|0.65|1.03;0001-01-01T00:00:06.000+01:00|W10|0.1|0.01|0.16|0.01|0.04;0001-01-01T00:00:06.000+01:00|W11|0.9|0.85|0.05|0.85|0.17;0001-01-01T00:00:06.000+01:00|W12|1.3|-1.17|0.05|-1.17|0.35"
45.00;5.06;0001-01-01T00:00:06.1170000+01:00;44.29;0.10;-13.10;34.5;1.577;-0.800;34.056;-21.819;15.952;-18.641;94.455;-45.544;104.862;"0001-01-01T00:00:06.000+01:00|W1|0.8|-0.65|0.25|-0.65|0.42;0001-01-01T00:00:06.000+01:00|W2|2.1|-1.50|0.18|-1.50|1.40;0001-01-01T00:00:06.000+01:00|W3|0.9|-0.16|0.01|-0.16|0.87;0001-01-01T00:00:06.000+01:00|W4|1.4|-1.29|0.35|-1.29|0.54;0001-01-01T00:00:06.000+01:00|W5|1.1|-0.36|0.03|-0.36|1.01;0001-01-01T00:00:06.000+01:00|W6|1.1|-0.92|0.38|-0.92|0.04;0001-01-01T00:00:06.000+01:00|W7|1.9|0.42|0.35|0.42|1.62;0001-01-01T00:00:06.000+01:00|W8|1.6|-0.88|0.37|-0.88|1.29;0001-01-01T00:00:06.000+01:00|W9|1.2|0.65|0.14|0.65|1.03;0001-01-01T00:00:06.000+01:00|W10|0.1|0.01|0.16|0.01|0.04;0001-01-01T00:00:06.000+01:00|W11|0.9|0.85|0.05|0.85|0.17;0001-01-01T00:00:06.000+01:00|W12|1.3|-1.17|0.05|-1.17|0.35"
46.00;5.00;0001-01-01T00:00:06.1510000+01:00;45.18;0.09;-13.55;34.5;1.665;-1.010;33.286;-21.575;16.116;-18.609;94.290;-45.681;104.773;"0001-01-01T00:00:06.253+01:00|W1|0.9|-0.72|0.13|-0.72|0.44;0001-01-01T00:00:06.253+01:00|W2|2.0|-1.44|0.12|-1.44|1.41;0001-01-01T00:00:06.253+01:00|W3|0.9|-0.16|0.01|-0.16|0.86;0001-01-01T00:00:06.253+01:00|W4|1.3|-1.20|0.46|-1.20|0.37;0001-01-01T00:00:06.253+01:00|W5|1.1|-0.36|0.01|-0.36|1.03;0001-01-01T00:00:06.253+01:00|W6|1.2|-1.05|0.50|-1.05|0.07;0001-01-01T00:00:06.253+01:00|W7|1.9|0.36|0.30|0.36|1.64;0001-01-01T00:00:06.253+01:00|W8|1.6|-0.65|0.38|-0.65|1.37;0001-01-01T00:00:06.253+01:00|W9|1.3|0.62|0.16|0.62|1.07;0001-01-01T00:00:06.253+01:00|W10|0.1|0.01|0.13|0.01|0.06;0001-01-01T00:00:06.253+01:00|W11|0.9|0.83|0.03|0.83|0.17;0001-01-01T00:00:06.253+01:00|W12|1.3|-1.16|0.04|-1.16|0.36"
47.00;4.96;0001-01-01T00:00:06.1860000+01:00;46.08;0.09;-13.98;34.7;1.755;-1.174;32.499;-21.562;16.285;-18.444;94.293;-46.460;105.118;"0001-01-01T00:00:06.253+01:00|W1|0.9|-0.72|0.13|-0.72|0.44;0001-01-01T00:00:06.253+01:00|W2|2.0|-1.44|0.12|-1.44|1.41;0001-01-01T00:00:06.253+01:00|W3|0.9|-0.16|0.01|-0.16|0.86;0001-01-01T00:00:06.253+01:00|W4|1.3|-1.20|0.46|-1.20|0.37;0001-01-01T00:00:06.253+01:00|W5|1.1|-0.36|0.01|-0.36|1.03;0001-01-01T00:00:06.253+01:00|W6|1.2|-1.05|0.50|-1.05|0.07;0001-01-01T00:00:06.253+01:00|W7|1.9|0.36|0.30|0.36|1.64;0001-01-01T00:00:06.253+01:00|W8|1.6|-0.65|0.38|-0.65|1.37;0001-01-01T00:00:06.253+01:00|W9|1.3|0.62|0.16|0.62|1.07;0001-01-01T00:00:06.253+01:00|W10|0.1|0.01|0.13|0.01|0.06;0001-01-01T00:00:06.253+01:00|W11|0.9|0.83|0.03|0.83|0.17;0001-01-01T00:00:06.253+01:00|W12|1.3|-1.16|0.04|-1.16|0.36"
48.00;4.92;0001-01-01T00:00:06.2200000+01:00;46.99;0.10;-14.43;34.6;1.919;-1.399;32.426;-22.124;16.200;-18.203;94.186;-47.035;105.278;"0001-01-01T00:00:06.253+01:00|W1|0.9|-0.72|0.13|-0.72|0.44;0001-01-01T00:00:06.253+01:00|W2|2.0|-1.44|0.12|-1.44|1.41;0001-01-01T00:00:06.253+01:00|W3|0.9|-0.16|0.01|-0.16|0.86;0001-01-01T00:00:06.253+01:00|W4|1.3|-1.20|0.46|-1.20|0.37;0001-01-01T00:00:06.253+01:00|W5|1.1|-0.36|0.01|-0.36|1.03;0001-01-01T00:00:06.253+01:00|W6|1.2|-1.05|0.50|-1.05|0.07;0001-01-01T00:00:06.253+01:00|W7|1.9|0.36|0.30|0.36|1.64;0001-01-01T00:00:06.253+01:00|W8|1.6|-0.65|0.38|-0.65|1.37;0001-01-01T00:00:06.253+01:00|W9|1.3|0.62|0.16|0.62|1.07;0001-01-01T00:00:06.253+01:00|W10|0.1|0.01|0.13|0.01|0.06;0001-01-01T00:00:06.253+01:00|W11|0.9|0.83|0.03|0.83|0.17;0001-01-01T00:00:06.253+01:00|W12|1.3|-1.16|0.04|-1.16|0.36"
49.00;4.87;0001-01-01T00:00:06.2550000+01:00;47.89;0.10;-14.89;34.2;2.131;-1.674;32.946;-23.144;15.904;-17.902;94.017;-47.474;105.324;"0001-01-01T00:00:06.253+01:00|W1|0.9|-0.72|0.13|-0.72|0.44;0001-01-01T00:00:06.253+01:00|W2|2.0|-1.44|0.12|-1.44|1.41;0001-01-01T00:00:06.253+01:00|W3|0.9|-0.16|0.01|-0.16|0.86;0001-01-01T00:00:06.253+01:00|W4|1.3|-1.20|0.46|-1.20|0.37;0001-01-01T00:00:06.253+01:00|W5|1.1|-0.36|0.01|-0.36|1.03;0001-01-01T00:00:06.253+01:00|W6|1.2|-1.05|0.50|-1.05|0.07;0001-01-01T00:00:06.253+01:00|W7|1.9|0.36|0.30|0.36|1.64;0001-01-01T00:00:06.253+01:00|W8|1.6|-0.65|0.38|-0.65|1.37;0001-01-01T00:00:06.253+01:00|W9|1.3|0.62|0.16|0.62|1.07;0001-01-01T00:00:06.253+01:00|W10|0.1|0.01|0.13|0.01|0.06;0001-01-01T00:00:06.253+01:00|W11|0.9|0.83|0.03|0.83|0.17;0001-01-01T00:00:06.253+01:00|W12|1.3|-1.16|0.04|-1.16|0.36"
50.00;4.82;0001-01-01T00:00:06.2900000+01:00;48.80;0.09;-15.35;33.2;2.269;-1.952;33.670;-24.172;15.517;-17.599;94.058;-48.140;105.662;"0001-01-01T00:00:06.253+01:00|W1|0.9|-0.72|0.13|-0.72|0.44;0001-01-01T00:00:06.253+01:00|W2|2.0|-1.44|0.12|-1.44|1.41;0001-01-01T00:00:06.253+01:00|W3|0.9|-0.16|0.01|-0.16|0.86;0001-01-01T00:00:06.253+01:00|W4|1.3|-1.20|0.46|-1.20|0.37;0001-01-01T00:00:06.253+01:00|W5|1.1|-0.36|0.01|-0.36|1.03;0001-01-01T00:00:06.253+01:00|W6|1.2|-1.05|0.50|-1.05|0.07;0001-01-01T00:00:06.253+01:00|W7|1.9|0.36|0.30|0.36|1.64;0001-01-01T00:00:06.253+01:00|W8|1.6|-0.65|0.38|-0.65|1.37;0001-01-01T00:00:06.253+01:00|W9|1.3|0.62|0.16|0.62|1.07;0001-01-01T00:00:06.253+01:00|W10|0.1|0.01|0.13|0.01|0.06;0001-01-01T00:00:06.253+01:00|W11|0.9|0.83|0.03|0.83|0.17;0001-01-01T00:00:06.253+01:00|W12|1.3|-1.16|0.04|-1.16|0.36"
51.00;4.77;0001-01-01T00:00:06.3240000+01:00;49.70;0.09;-15.81;32.5;2.266;-2.259;33.581;-23.995;15.179;-17.272;94.091;-48.798;105.992;"0001-01-01T00:00:06.253+01:00|W1|0.9|-0.72|0.13|-0.72|0.44;0001-01-01T00:00:06.253+01:00|W2|2.0|-1.44|0.12|-1.44|1.41;0001-01-01T00:00:06.253+01:00|W3|0.9|-0.16|0.01|-0.16|0.86;0001-01-01T00:00:06.253+01:00|W4|1.3|-1.20|0.46|-1.20|0.37;0001-01-01T00:00:06.253+01:00|W5|1.1|-0.36|0.01|-0.36|1.03;0001-01-01T00:00:06.253+01:00|W6|1.2|-1.05|0.50|-1.05|0.07;0001-01-01T00:00:06.253+01:00|W7|1.9|0.36|0.30|0.36|1.64;0001-01-01T00:00:06.253+01:00|W8|1.6|-0.65|0.38|-0.65|1.37;0001-01-01T00:00:06.253+01:00|W9|1.3|0.62|0.16|0.62|1.07;0001-01-01T00:00:06.253+01:00|W10|0.1|0.01|0.13|0.01|0.06;0001-01-01T00:00:06.253+01:00|W11|0.9|0.83|0.03|0.83|0.17;0001-01-01T00:00:06.253+01:00|W12|1.3|-1.16|0.04|-1.16|0.36"
52.00;4.72;0001-01-01T00:00:06.3590000+01:00;50.61;0.09;-16.28;31.9;2.139;-2.590;33.117;-23.434;14.896;-16.939;94.114;-49.413;106.297;"0001-01-01T00:00:06.253+01:00|W1|0.9|-0.72|0.13|-0.72|0.44;0001-01-01T00:00:06.253+01:00|W2|2.0|-1.44|0.12|-1.44|1.41;0001-01-01T00:00:06.253+01:00|W3|0.9|-0.16|0.01|-0.16|0.86;0001-01-01T00:00:06.253+01:00|W4|1.3|-1.20|0.46|-1.20|0.37;0001-01-01T00:00:06.253+01:00|W5|1.1|-0.36|0.01|-0.36|1.03;0001-01-01T00:00:06.253+01:00|W6|1.2|-1.05|0.50|-1.05|0.07;0001-01-01T00:00:06.253+01:00|W7|1.9|0.36|0.30|0.36|1.64;0001-01-01T00:00:06.253+01:00|W8|1.6|-0.65|0.38|-0.65|1.37;0001-01-01T00:00:06.253+01:00|W9|1.3|0.62|0.16|0.62|1.07;0001-01-01T00:00:06.253+01:00|W10|0.1|0.01|0.13|0.01|0.06;0001-01-01T00:00:06.253+01:00|W11|0.9|0.83|0.03|0.83|0.17;0001-01-01T00:00:06.253+01:00|W12|1.3|-1.16|0.04|-1.16|0.36"
53.00;4.66;0001-01-01T00:00:06.3930000+01:00;51.50;0.09;-16.75;31.7;1.819;-2.951;32.713;-23.556;14.725;-16.629;94.117;-49.898;106.526;"0001-01-01T00:00:06.504+01:00|W1|1.0|-0.84|0.00|-0.84|0.50;0001-01-01T00:00:06.504+01:00|W2|2.0|-1.43|0.05|-1.43|1.35;0001-01-01T00:00:06.504+01:00|W3|0.9|-0.14|0.02|-0.14|0.85;0001-01-01T00:00:06.504+01:00|W4|1.2|-1.09|0.52|-1.09|0.20;0001-01-01T00:00:06.504+01:00|W5|1.1|-0.21|0.07|-0.21|0.99;0001-01-01T00:00:06.504+01:00|W6|1.3|-1.16|0.59|-1.16|0.09;0001-01-01T00:00:06.504+01:00|W7|1.8|0.31|0.24|0.31|1.64;0001-01-01T00:00:06.504+01:00|W8|1.5|-0.35|0.42|-0.35|1.36;0001-01-01T00:00:06.504+01:00|W9|1.3|0.58|0.16|0.58|1.09;0001-01-01T00:00:06.504+01:00|W10|0.1|0.02|0.12|0.02|0.05;0001-01-01T00:00:06.504+01:00|W11|1.0|0.89|0.09|0.89|0.12;0001-01-01T00:00:06.504+01:00|W12|1.3|-1.17|0.06|-1.17|0.38"
54.00;4.60;0001-01-01T00:00:06.4270000+01:00;52.40;0.08;-17.24;31.2;1.388;-3.309;32.627;-23.677;14.631;-16.320;94.064;-50.511;106.768;"0001-01-01T00:00:06.504+01:00|W1|1.0|-0.84|0.00|-0.84|0.50;0001-01-01T00:00:06.504+01:00|W2|2.0|-1.43|0.05|-1.43|1.35;0001-01-01T00:00:06.504+01:00|W3|0.9|-0.14|0.02|-0.14|0.85;0001-01-01T00:00:06.504+01:00|W4|1.2|-1.09|0.52|-1.09|0.20;0001-01-01T00:00:06.504+01:00|W5|1.1|-0.21|0.07|-0.21|0.99;0001-01-01T00:00:06.504+01:00|W6|1.3|-1.16|0.59|-1.16|0.09;0001-01-01T00:00:06.504+01:00|W7|1.8|0.31|0.24|0.31|1.64;0001-01-01T00:00:06.504+01:00|W8|1.5|-0.35|0.42|-0.35|1.36;0001-01-01T00:00:06.504+01:00|W9|1.3|0.58|0.16|0.58|1.09;0001-01-01T00:00:06.504+01:00|W10|0.1|0.02|0.12|0.02|0.05;0001-01-01T00:00:06.504+01:00|W11|1.0|0.89|0.09|0.89|0.12;0001-01-01T00:00:06.504+01:00|W12|1.3|-1.17|0.06|-1.17|0.38"
55.00;4.54;0001-01-01T00:00:06.4620000+01:00;53.29;0.07;-17.72;30.7;0.924;-3.708;32.634;-23.681;14.562;-16.061;93.975;-51.116;106.978;"0001-01-01T00:00:06.504+01:00|W1|1.0|-0.84|0.00|-0.84|0.50;0001-01-01T00:00:06.504+01:00|W2|2.0|-1.43|0.05|-1.43|1.35;0001-01-01T00:00:06.504+01:00|W3|0.9|-0.14|0.02|-0.14|0.85;0001-01-01T00:00:06.504+01:00|W4|1.2|-1.09|0.52|-1.09|0.20;0001-01-01T00:00:06.504+01:00|W5|1.1|-0.21|0.07|-0.21|0.99;0001-01-01T00:00:06.504+01:00|W6|1.3|-1.16|0.59|-1.16|0.09;0001-01-01T00:00:06.504+01:00|W7|1.8|0.31|0.24|0.31|1.64;0001-01-01T00:00:06.504+01:00|W8|1.5|-0.35|0.42|-0.35|1.36;0001-01-01T00:00:06.504+01:00|W9|1.3|0.58|0.16|0.58|1.09;0001-01-01T00:00:06.504+01:00|W10|0.1|0.02|0.12|0.02|0.05;0001-01-01T00:00:06.504+01:00|W11|1.0|0.89|0.09|0.89|0.12;0001-01-01T00:00:06.504+01:00|W12|1.3|-1.17|0.06|-1.17|0.38"
56.00;4.48;0001-01-01T00:00:06.4960000+01:00;54.18;0.08;-18.21;30.4;0.458;-4.203;32.642;-23.420;14.492;-15.914;93.843;-51.618;107.103;"0001-01-01T00:00:06.504+01:00|W1|1.0|-0.84|0.00|-0.84|0.50;0001-01-01T00:00:06.504+01:00|W2|2.0|-1.43|0.05|-1.43|1.35;0001-01-01T00:00:06.504+01:00|W3|0.9|-0.14|0.02|-0.14|0.85;0001-01-01T00:00:06.504+01:00|W4|1.2|-1.09|0.52|-1.09|0.20;0001-01-01T00:00:06.504+01:00|W5|1.1|-0.21|0.07|-0.21|0.99;0001-01-01T00:00:06.504+01:00|W6|1.3|-1.16|0.59|-1.16|0.09;0001-01-01T00:00:06.504+01:00|W7|1.8|0.31|0.24|0.31|1.64;0001-01-01T00:00:06.504+01:00|W8|1.5|-0.35|0.42|-0.35|1.36;0001-01-01T00:00:06.504+01:00|W9|1.3|0.58|0.16|0.58|1.09;0001-01-01T00:00:06.504+01:00|W10|0.1|0.02|0.12|0.02|0.05;0001-01-01T00:00:06.504+01:00|W11|1.0|0.89|0.09|0.89|0.12;0001-01-01T00:00:06.504+01:00|W12|1.3|-1.17|0.06|-1.17|0.38"
57.00;4.41;0001-01-01T00:00:06.5300000+01:00;55.07;0.07;-18.70;30.3;0.065;-4.829;32.890;-23.679;14.343;-15.875;93.805;-52.130;107.318;"0001-01-01T00:00:06.504+01:00|W1|1.0|-0.84|0.00|-0.84|0.50;0001-01-01T00:00:06.504+01:00|W2|2.0|-1.43|0.05|-1.43|1.35;0001-01-01T00:00:06.504+01:00|W3|0.9|-0.14|0.02|-0.14|0.85;0001-01-01T00:00:06.504+01:00|W4|1.2|-1.09|0.52|-1.09|0.20;0001-01-01T00:00:06.504+01:00|W5|1.1|-0.21|0.07|-0.21|0.99;0001-01-01T00:00:06.504+01:00|W6|1.3|-1.16|0.59|-1.16|0.09;0001-01-01T00:00:06.504+01:00|W7|1.8|0.31|0.24|0.31|1.64;0001-01-01T00:00:06.504+01:00|W8|1.5|-0.35|0.42|-0.35|1.36;0001-01-01T00:00:06.504+01:00|W9|1.3|0.58|0.16|0.58|1.09;0001-01-01T00:00:06.504+01:00|W10|0.1|0.02|0.12|0.02|0.05;0001-01-01T00:00:06.504+01:00|W11|1.0|0.89|0.09|0.89|0.12;0001-01-01T00:00:06.504+01:00|W12|1.3|-1.17|0.06|-1.17|0.38"
58.00;4.35;0001-01-01T00:00:06.5640000+01:00;55.96;0.07;-19.20;30.2;-0.315;-5.464;33.181;-23.879;14.181;-15.872;93.835;-52.678;107.611;"0001-01-01T00:00:06.504+01:00|W1|1.0|-0.84|0.00|-0.84|0.50;0001-01-01T00:00:06.504+01:00|W2|2.0|-1.43|0.05|-1.43|1.35;0001-01-01T00:00:06.504+01:00|W3|0.9|-0.14|0.02|-0.14|0.85;0001-01-01T00:00:06.504+01:00|W4|1.2|-1.09|0.52|-1.09|0.20;0001-01-01T00:00:06.504+01:00|W5|1.1|-0.21|0.07|-0.21|0.99;0001-01-01T00:00:06.504+01:00|W6|1.3|-1.16|0.59|-1.16|0.09;0001-01-01T00:00:06.504+01:00|W7|1.8|0.31|0.24|0.31|1.64;0001-01-01T00:00:06.504+01:00|W8|1.5|-0.35|0.42|-0.35|1.36;0001-01-01T00:00:06.504+01:00|W9|1.3|0.58|0.16|0.58|1.09;0001-01-01T00:00:06.504+01:00|W10|0.1|0.02|0.12|0.02|0.05;0001-01-01T00:00:06.504+01:00|W11|1.0|0.89|0.09|0.89|0.12;0001-01-01T00:00:06.504+01:00|W12|1.3|-1.17|0.06|-1.17|0.38"
59.00;4.28;0001-01-01T00:00:06.5980000+01:00;56.85;0.07;-19.70;29.9;-0.698;-6.073;33.474;-23.826;14.018;-15.895;93.950;-53.282;108.007;"0001-01-01T00:00:06.504+01:00|W1|1.0|-0.84|0.00|-0.84|0.50;0001-01-01T00:00:06.504+01:00|W2|2.0|-1.43|0.05|-1.43|1.35;0001-01-01T00:00:06.504+01:00|W3|0.9|-0.14|0.02|-0.14|0.85;0001-01-01T00:00:06.504+01:00|W4|1.2|-1.09|0.52|-1.09|0.20;0001-01-01T00:00:06.504+01:00|W5|1.1|-0.21|0.07|-0.21|0.99;0001-01-01T00:00:06.504+01:00|W6|1.3|-1.16|0.59|-1.16|0.09;0001-01-01T00:00:06.504+01:00|W7|1.8|0.31|0.24|0.31|1.64;0001-01-01T00:00:06.504+01:00|W8|1.5|-0.35|0.42|-0.35|1.36;0001-01-01T00:00:06.504+01:00|W9|1.3|0.58|0.16|0.58|1.09;0001-01-01T00:00:06.504+01:00|W10|0.1|0.02|0.12|0.02|0.05;0001-01-01T00:00:06.504+01:00|W11|1.0|0.89|0.09|0.89|0.12;0001-01-01T00:00:06.504+01:00|W12|1.3|-1.17|0.06|-1.17|0.38"
60.00;4.22;0001-01-01T00:00:06.6320000+01:00;57.73;0.06;-20.20;29.9;-0.941;-6.642;33.953;-23.540;14.029;-15.963;93.896;-53.804;108.220;"0001-01-01T00:00:06.752+01:00|W1|1.1|-0.98|0.10|-0.98|0.41;0001-01-01T00:00:06.752+01:00|W2|1.9|-1.48|0.04|-1.48|1.21;0001-01-01T00:00:06.752+01:00|W3|0.9|-0.13|0.03|-0.13|0.85;0001-01-01T00:00:06.752+01:00|W4|1.3|-1.11|0.40|-1.11|0.01;0001-01-01T00:00:06.752+01:00|W5|1.0|-0.22|0.10|-0.22|0.94;0001-01-01T00:00:06.752+01:00|W6|1.4|-1.23|0.63|-1.23|0.10;0001-01-01T00:00:06.752+01:00|W7|1.7|0.27|0.15|0.27|1.60;0001-01-01T00:00:06.752+01:00|W8|1.4|-0.20|0.41|-0.20|1.33;0001-01-01T00:00:06.752+01:00|W9|1.3|0.54|0.13|0.54|1.07;0001-01-01T00:00:06.752+01:00|W10|0.1|0.03|0.10|0.03|0.07;0001-01-01T00:00:06.752+01:00|W11|1.0|0.93|0.15|0.93|0.06;0001-01-01T00:00:06.752+01:00|W12|1.4|-1.20|0.10|-1.20|0.51"
61.00;4.16;0001-01-01T00:00:06.6660000+01:00;58.61;0.06;-20.71;30.0;-1.170;-7.193;34.450;-23.414;14.056;-16.048;93.848;-54.359;108.456;"0001-01-01T00:00:06.752+01:00|W1|1.1|-0.98|0.10|-0.98|0.41;0001-01-01T00:00:06.752+01:00|W2|1.9|-1.48|0.04|-1.48|1.21;0001-01-01T00:00:06.752+01:00|W3|0.9|-0.13|0.03|-0.13|0.85;0001-01-01T00:00:06.752+01:00|W4|1.3|-1.11|0.40|-1.11|0.01;0001-01-01T00:00:06.752+01:00|W5|1.0|-0.22|0.10|-0.22|0.94;0001-01-01T00:00:06.752+01:00|W6|1.4|-1.23|0.63|-1.23|0.10;0001-01-01T00:00:06.752+01:00|W7|1.7|0.27|0.15|0.27|1.60;0001-01-01T00:00:06.752+01:00|W8|1.4|-0.20|0.41|-0.20|1.33;0001-01-01T00:00:06.752+01:00|W9|1.3|0.54|0.13|0.54|1.07;0001-01-01T00:00:06.752+01:00|W10|0.1|0.03|0.10|0.03|0.07;0001-01-01T00:00:06.752+01:00|W11|1.0|0.93|0.15|0.93|0.06;0001-01-01T00:00:06.752+01:00|W12|1.4|-1.20|0.10|-1.20|0.51"
62.00;4.09;0001-01-01T00:00:06.7000000+01:00;59.49;0.05;-21.22;30.1;-1.399;-7.727;34.945;-23.521;14.084;-16.149;93.828;-54.967;108.744;"0001-01-01T00:00:06.752+01:00|W1|1.1|-0.98|0.10|-0.98|0.41;0001-01-01T00:00:06.752+01:00|W2|1.9|-1.48|0.04|-1.48|1.21;0001-01-01T00:00:06.752+01:00|W3|0.9|-0.13|0.03|-0.13|0.85;0001-01-01T00:00:06.752+01:00|W4|1.3|-1.11|0.40|-1.11|0.01;0001-01-01T00:00:06.752+01:00|W5|1.0|-0.22|0.10|-0.22|0.94;0001-01-01T00:00:06.752+01:00|W6|1.4|-1.23|0.63|-1.23|0.10;0001-01-01T00:00:06.752+01:00|W7|1.7|0.27|0.15|0.27|1.60;0001-01-01T00:00:06.752+01:00|W8|1.4|-0.20|0.41|-0.20|1.33;0001-01-01T00:00:06.752+01:00|W9|1.3|0.54|0.13|0.54|1.07;0001-01-01T00:00:06.752+01:00|W10|0.1|0.03|0.10|0.03|0.07;0001-01-01T00:00:06.752+01:00|W11|1.0|0.93|0.15|0.93|0.06;0001-01-01T00:00:06.752+01:00|W12|1.4|-1.20|0.10|-1.20|0.51"
63.00;4.03;0001-01-01T00:00:06.7330000+01:00;60.37;0.07;-21.73;30.1;-1.625;-8.257;35.435;-22.946;14.112;-16.254;93.876;-55.009;108.806;"0001-01-01T00:00:06.752+01:00|W1|1.1|-0.98|0.10|-0.98|0.41;0001-01-01T00:00:06.752+01:00|W2|1.9|-1.48|0.04|-1.48|1.21;0001-01-01T00:00:06.752+01:00|W3|0.9|-0.13|0.03|-0.13|0.85;0001-01-01T00:00:06.752+01:00|W4|1.3|-1.11|0.40|-1.11|0.01;0001-01-01T00:00:06.752+01:00|W5|1.0|-0.22|0.10|-0.22|0.94;0001-01-01T00:00:06.752+01:00|W6|1.4|-1.23|0.63|-1.23|0.10;0001-01-01T00:00:06.752+01:00|W7|1.7|0.27|0.15|0.27|1.60;0001-01-01T00:00:06.752+01:00|W8|1.4|-0.20|0.41|-0.20|1.33;0001-01-01T00:00:06.752+01:00|W9|1.3|0.54|0.13|0.54|1.07;0001-01-01T00:00:06.752+01:00|W10|0.1|0.03|0.10|0.03|0.07;0001-01-01T00:00:06.752+01:00|W11|1.0|0.93|0.15|0.93|0.06;0001-01-01T00:00:06.752+01:00|W12|1.4|-1.20|0.10|-1.20|0.51"
64.00;3.98;0001-01-01T00:00:06.7660000+01:00;61.25;0.07;-22.23;30.2;-1.706;-8.787;36.754;-22.338;14.146;-16.360;93.938;-55.191;108.951;"0001-01-01T00:00:06.752+01:00|W1|1.1|-0.98|0.10|-0.98|0.41;0001-01-01T00:00:06.752+01:00|W2|1.9|-1.48|0.04|-1.48|1.21;0001-01-01T00:00:06.752+01:00|W3|0.9|-0.13|0.03|-0.13|0.85;0001-01-01T00:00:06.752+01:00|W4|1.3|-1.11|0.40|-1.11|0.01;0001-01-01T00:00:06.752+01:00|W5|1.0|-0.22|0.10|-0.22|0.94;0001-01-01T00:00:06.752+01:00|W6|1.4|-1.23|0.63|-1.23|0.10;0001-01-01T00:00:06.752+01:00|W7|1.7|0.27|0.15|0.27|1.60;0001-01-01T00:00:06.752+01:00|W8|1.4|-0.20|0.41|-0.20|1.33;0001-01-01T00:00:06.752+01:00|W9|1.3|0.54|0.13|0.54|1.07;0001-01-01T00:00:06.752+01:00|W10|0.1|0.03|0.10|0.03|0.07;0001-01-01T00:00:06.752+01:00|W11|1.0|0.93|0.15|0.93|0.06;0001-01-01T00:00:06.752+01:00|W12|1.4|-1.20|0.10|-1.20|0.51"
65.00;3.92;0001-01-01T00:00:06.8000000+01:00;62.12;0.07;-22.75;30.2;-1.615;-9.319;39.044;-21.728;14.187;-16.466;94.014;-55.567;109.208;"0001-01-01T00:00:06.752+01:00|W1|1.1|-0.98|0.10|-0.98|0.41;0001-01-01T00:00:06.752+01:00|W2|1.9|-1.48|0.04|-1.48|1.21;0001-01-01T00:00:06.752+01:00|W3|0.9|-0.13|0.03|-0.13|0.85;0001-01-01T00:00:06.752+01:00|W4|1.3|-1.11|0.40|-1.11|0.01;0001-01-01T00:00:06.752+01:00|W5|1.0|-0.22|0.10|-0.22|0.94;0001-01-01T00:00:06.752+01:00|W6|1.4|-1.23|0.63|-1.23|0.10;0001-01-01T00:00:06.752+01:00|W7|1.7|0.27|0.15|0.27|1.60;0001-01-01T00:00:06.752+01:00|W8|1.4|-0.20|0.41|-0.20|1.33;0001-01-01T00:00:06.752+01:00|W9|1.3|0.54|0.13|0.54|1.07;0001-01-01T00:00:06.752+01:00|W10|0.1|0.03|0.10|0.03|0.07;0001-01-01T00:00:06.752+01:00|W11|1.0|0.93|0.15|0.93|0.06;0001-01-01T00:00:06.752+01:00|W12|1.4|-1.20|0.10|-1.20|0.51"
66.00;3.84;0001-01-01T00:00:06.8330000+01:00;62.99;0.06;-23.28;30.5;-1.390;-9.846;40.766;-21.124;14.187;-16.572;94.055;-56.537;109.740;"0001-01-01T00:00:06.752+01:00|W1|1.1|-0.98|0.10|-0.98|0.41;0001-01-01T00:00:06.752+01:00|W2|1.9|-1.48|0.04|-1.48|1.21;0001-01-01T00:00:06.752+01:00|W3|0.9|-0.13|0.03|-0.13|0.85;0001-01-01T00:00:06.752+01:00|W4|1.3|-1.11|0.40|-1.11|0.01;0001-01-01T00:00:06.752+01:00|W5|1.0|-0.22|0.10|-0.22|0.94;0001-01-01T00:00:06.752+01:00|W6|1.4|-1.23|0.63|-1.23|0.10;0001-01-01T00:00:06.752+01:00|W7|1.7|0.27|0.15|0.27|1.60;0001-01-01T00:00:06.752+01:00|W8|1.4|-0.20|0.41|-0.20|1.33;0001-01-01T00:00:06.752+01:00|W9|1.3|0.54|0.13|0.54|1.07;0001-01-01T00:00:06.752+01:00|W10|0.1|0.03|0.10|0.03|0.07;0001-01-01T00:00:06.752+01:00|W11|1.0|0.93|0.15|0.93|0.06;0001-01-01T00:00:06.752+01:00|W12|1.4|-1.20|0.10|-1.20|0.51"
67.00;3.77;0001-01-01T00:00:06.8670000+01:00;63.86;0.05;-23.81;30.7;-1.184;-10.069;41.608;-20.342;14.178;-16.502;94.123;-57.393;110.242;"0001-01-01T00:00:06.752+01:00|W1|1.1|-0.98|0.10|-0.98|0.41;0001-01-01T00:00:06.752+01:00|W2|1.9|-1.48|0.04|-1.48|1.21;0001-01-01T00:00:06.752+01:00|W3|0.9|-0.13|0.03|-0.13|0.85;0001-01-01T00:00:06.752+01:00|W4|1.3|-1.11|0.40|-1.11|0.01;0001-01-01T00:00:06.752+01:00|W5|1.0|-0.22|0.10|-0.22|0.94;0001-01-01T00:00:06.752+01:00|W6|1.4|-1.23|0.63|-1.23|0.10;0001-01-01T00:00:06.752+01:00|W7|1.7|0.27|0.15|0.27|1.60;0001-01-01T00:00:06.752+01:00|W8|1.4|-0.20|0.41|-0.20|1.33;0001-01-01T00:00:06.752+01:00|W9|1.3|0.54|0.13|0.54|1.07;0001-01-01T00:00:06.752+01:00|W10|0.1|0.03|0.10|0.03|0.07;0001-01-01T00:00:06.752+01:00|W11|1.0|0.93|0.15|0.93|0.06;0001-01-01T00:00:06.752+01:00|W12|1.4|-1.20|0.10|-1.20|0.51"
68.00;3.71;0001-01-01T00:00:06.9000000+01:00;64.72;0.05;-24.34;30.6;-1.003;-9.948;41.470;-19.357;14.158;-16.232;94.222;-58.100;110.696;"0001-01-01T00:00:07.002+01:00|W1|1.1|-0.95|0.08|-0.95|0.41;0001-01-01T00:00:07.002+01:00|W2|1.9|-1.47|0.07|-1.47|1.18;0001-01-01T00:00:07.002+01:00|W3|0.9|-0.14|0.02|-0.14|0.85;0001-01-01T00:00:07.002+01:00|W4|1.3|-1.17|0.39|-1.17|0.09;0001-01-01T00:00:07.002+01:00|W5|1.1|-0.13|0.07|-0.13|1.01;0001-01-01T00:00:07.002+01:00|W6|1.4|-1.17|0.57|-1.17|0.17;0001-01-01T00:00:07.002+01:00|W7|1.7|0.29|0.12|0.29|1.57;0001-01-01T00:00:07.002+01:00|W8|1.4|-0.10|0.44|-0.10|1.29;0001-01-01T00:00:07.002+01:00|W9|1.3|0.55|0.07|0.55|1.01;0001-01-01T00:00:07.002+01:00|W10|0.1|0.04|0.09|0.04|0.09;0001-01-01T00:00:07.002+01:00|W11|1.0|0.91|0.11|0.91|0.13;0001-01-01T00:00:07.002+01:00|W12|1.4|-1.20|0.10|-1.20|0.51"
69.00;3.64;0001-01-01T00:00:06.9330000+01:00;65.59;0.04;-24.88;29.9;-0.618;-9.827;41.597;-18.382;13.817;-15.966;94.257;-58.501;110.938;"0001-01-01T00:00:07.002+01:00|W1|1.1|-0.95|0.08|-0.95|0.41;0001-01-01T00:00:07.002+01:00|W2|1.9|-1.47|0.07|-1.47|1.18;0001-01-01T00:00:07.002+01:00|W3|0.9|-0.14|0.02|-0.14|0.85;0001-01-01T00:00:07.002+01:00|W4|1.3|-1.17|0.39|-1.17|0.09;0001-01-01T00:00:07.002+01:00|W5|1.1|-0.13|0.07|-0.13|1.01;0001-01-01T00:00:07.002+01:00|W6|1.4|-1.17|0.57|-1.17|0.17;0001-01-01T00:00:07.002+01:00|W7|1.7|0.29|0.12|0.29|1.57;0001-01-01T00:00:07.002+01:00|W8|1.4|-0.10|0.44|-0.10|1.29;0001-01-01T00:00:07.002+01:00|W9|1.3|0.55|0.07|0.55|1.01;0001-01-01T00:00:07.002+01:00|W10|0.1|0.04|0.09|0.04|0.09;0001-01-01T00:00:07.002+01:00|W11|1.0|0.91|0.11|0.91|0.13;0001-01-01T00:00:07.002+01:00|W12|1.4|-1.20|0.10|-1.20|0.51"
70.00;3.57;0001-01-01T00:00:06.9660000+01:00;66.45;0.03;-25.42;29.2;-0.224;-9.707;41.735;-17.407;13.462;-15.699;94.291;-58.890;111.172;"0001-01-01T00:00:07.002+01:00|W1|1.1|-0.95|0.08|-0.95|0.41;0001-01-01T00:00:07.002+01:00|W2|1.9|-1.47|0.07|-1.47|1.18;0001-01-01T00:00:07.002+01:00|W3|0.9|-0.14|0.02|-0.14|0.85;0001-01-01T00:00:07.002+01:00|W4|1.3|-1.17|0.39|-1.17|0.09;0001-01-01T00:00:07.002+01:00|W5|1.1|-0.13|0.07|-0.13|1.01;0001-01-01T00:00:07.002+01:00|W6|1.4|-1.17|0.57|-1.17|0.17;0001-01-01T00:00:07.002+01:00|W7|1.7|0.29|0.12|0.29|1.57;0001-01-01T00:00:07.002+01:00|W8|1.4|-0.10|0.44|-0.10|1.29;0001-01-01T00:00:07.002+01:00|W9|1.3|0.55|0.07|0.55|1.01;0001-01-01T00:00:07.002+01:00|W10|0.1|0.04|0.09|0.04|0.09;0001-01-01T00:00:07.002+01:00|W11|1.0|0.91|0.11|0.91|0.13;0001-01-01T00:00:07.002+01:00|W12|1.4|-1.20|0.10|-1.20|0.51"
71.00;3.51;0001-01-01T00:00:06.9980000+01:00;67.31;0.02;-25.95;28.5;0.169;-9.587;41.873;-16.432;13.108;-15.433;94.324;-59.278;111.407;"0001-01-01T00:00:07.002+01:00|W1|1.1|-0.95|0.08|-0.95|0.41;0001-01-01T00:00:07.002+01:00|W2|1.9|-1.47|0.07|-1.47|1.18;0001-01-01T00:00:07.002+01:00|W3|0.9|-0.14|0.02|-0.14|0.85;0001-01-01T00:00:07.002+01:00|W4|1.3|-1.17|0.39|-1.17|0.09;0001-01-01T00:00:07.002+01:00|W5|1.1|-0.13|0.07|-0.13|1.01;0001-01-01T00:00:07.002+01:00|W6|1.4|-1.17|0.57|-1.17|0.17;0001-01-01T00:00:07.002+01:00|W7|1.7|0.29|0.12|0.29|1.57;0001-01-01T00:00:07.002+01:00|W8|1.4|-0.10|0.44|-0.10|1.29;0001-01-01T00:00:07.002+01:00|W9|1.3|0.55|0.07|0.55|1.01;0001-01-01T00:00:07.002+01:00|W10|0.1|0.04|0.09|0.04|0.09;0001-01-01T00:00:07.002+01:00|W11|1.0|0.91|0.11|0.91|0.13;0001-01-01T00:00:07.002+01:00|W12|1.4|-1.20|0.10|-1.20|0.51"
72.00;3.44;0001-01-01T00:00:07.0310000+01:00;68.16;0.01;-26.50;28.1;0.425;-9.026;42.120;-15.714;12.735;-15.083;94.276;-59.645;111.563;"0001-01-01T00:00:07.002+01:00|W1|1.1|-0.95|0.08|-0.95|0.41;0001-01-01T00:00:07.002+01:00|W2|1.9|-1.47|0.07|-1.47|1.18;0001-01-01T00:00:07.002+01:00|W3|0.9|-0.14|0.02|-0.14|0.85;0001-01-01T00:00:07.002+01:00|W4|1.3|-1.17|0.39|-1.17|0.09;0001-01-01T00:00:07.002+01:00|W5|1.1|-0.13|0.07|-0.13|1.01;0001-01-01T00:00:07.002+01:00|W6|1.4|-1.17|0.57|-1.17|0.17;0001-01-01T00:00:07.002+01:00|W7|1.7|0.29|0.12|0.29|1.57;0001-01-01T00:00:07.002+01:00|W8|1.4|-0.10|0.44|-0.10|1.29;0001-01-01T00:00:07.002+01:00|W9|1.3|0.55|0.07|0.55|1.01;0001-01-01T00:00:07.002+01:00|W10|0.1|0.04|0.09|0.04|0.09;0001-01-01T00:00:07.002+01:00|W11|1.0|0.91|0.11|0.91|0.13;0001-01-01T00:00:07.002+01:00|W12|1.4|-1.20|0.10|-1.20|0.51"
73.00;3.38;0001-01-01T00:00:07.0640000+01:00;69.02;0.00;-27.04;27.7;0.670;-8.428;42.375;-15.017;12.362;-14.726;94.220;-60.010;111.713;"0001-01-01T00:00:07.002+01:00|W1|1.1|-0.95|0.08|-0.95|0.41;0001-01-01T00:00:07.002+01:00|W2|1.9|-1.47|0.07|-1.47|1.18;0001-01-01T00:00:07.002+01:00|W3|0.9|-0.14|0.02|-0.14|0.85;0001-01-01T00:00:07.002+01:00|W4|1.3|-1.17|0.39|-1.17|0.09;0001-01-01T00:00:07.002+01:00|W5|1.1|-0.13|0.07|-0.13|1.01;0001-01-01T00:00:07.002+01:00|W6|1.4|-1.17|0.57|-1.17|0.17;0001-01-01T00:00:07.002+01:00|W7|1.7|0.29|0.12|0.29|1.57;0001-01-01T00:00:07.002+01:00|W8|1.4|-0.10|0.44|-0.10|1.29;0001-01-01T00:00:07.002+01:00|W9|1.3|0.55|0.07|0.55|1.01;0001-01-01T00:00:07.002+01:00|W10|0.1|0.04|0.09|0.04|0.09;0001-01-01T00:00:07.002+01:00|W11|1.0|0.91|0.11|0.91|0.13;0001-01-01T00:00:07.002+01:00|W12|1.4|-1.20|0.10|-1.20|0.51"
74.00;3.32;0001-01-01T00:00:07.0960000+01:00;69.87;-0.01;-27.59;27.4;0.914;-7.831;42.631;-14.321;11.988;-14.370;94.165;-60.375;111.864;"0001-01-01T00:00:07.002+01:00|W1|1.1|-0.95|0.08|-0.95|0.41;0001-01-01T00:00:07.002+01:00|W2|1.9|-1.47|0.07|-1.47|1.18;0001-01-01T00:00:07.002+01:00|W3|0.9|-0.14|0.02|-0.14|0.85;0001-01-01T00:00:07.002+01:00|W4|1.3|-1.17|0.39|-1.17|0.09;0001-01-01T00:00:07.002+01:00|W5|1.1|-0.13|0.07|-0.13|1.01;0001-01-01T00:00:07.002+01:00|W6|1.4|-1.17|0.57|-1.17|0.17;0001-01-01T00:00:07.002+01:00|W7|1.7|0.29|0.12|0.29|1.57;0001-01-01T00:00:07.002+01:00|W8|1.4|-0.10|0.44|-0.10|1.29;0001-01-01T00:00:07.002+01:00|W9|1.3|0.55|0.07|0.55|1.01;0001-01-01T00:00:07.002+01:00|W10|0.1|0.04|0.09|0.04|0.09;0001-01-01T00:00:07.002+01:00|W11|1.0|0.91|0.11|0.91|0.13;0001-01-01T00:00:07.002+01:00|W12|1.4|-1.20|0.10|-1.20|0.51"
75.00;3.26;0001-01-01T00:00:07.1290000+01:00;70.72;-0.02;-28.14;26.7;1.159;-7.301;42.886;-14.009;11.615;-14.353;94.120;-60.780;112.047;"0001-01-01T00:00:07.248+01:00|W1|1.1|-0.95|0.08|-0.95|0.41;0001-01-01T00:00:07.248+01:00|W2|1.9|-1.47|0.07|-1.47|1.18;0001-01-01T00:00:07.248+01:00|W3|0.9|-0.14|0.02|-0.14|0.85;0001-01-01T00:00:07.248+01:00|W4|1.3|-1.17|0.39|-1.17|0.09;0001-01-01T00:00:07.248+01:00|W5|1.1|-0.13|0.07|-0.13|1.01;0001-01-01T00:00:07.248+01:00|W6|1.2|-1.00|0.41|-1.00|0.21;0001-01-01T00:00:07.248+01:00|W7|1.7|0.40|0.07|0.40|1.51;0001-01-01T00:00:07.248+01:00|W8|1.4|-0.10|0.44|-0.10|1.29;0001-01-01T00:00:07.248+01:00|W9|1.3|0.55|0.07|0.55|1.01;0001-01-01T00:00:07.248+01:00|W10|0.1|0.04|0.09|0.04|0.09;0001-01-01T00:00:07.248+01:00|W11|1.0|0.91|0.11|0.91|0.13;0001-01-01T00:00:07.248+01:00|W12|1.4|-1.20|0.12|-1.20|0.59"
76.00;3.20;0001-01-01T00:00:07.1620000+01:00;71.57;-0.03;-28.69;26.1;1.403;-6.782;43.141;-13.760;11.241;-14.392;94.076;-61.193;112.236;"0001-01-01T00:00:07.248+01:00|W1|1.1|-0.95|0.08|-0.95|0.41;0001-01-01T00:00:07.248+01:00|W2|1.9|-1.47|0.07|-1.47|1.18;0001-01-01T00:00:07.248+01:00|W3|0.9|-0.14|0.02|-0.14|0.85;0001-01-01T00:00:07.248+01:00|W4|1.3|-1.17|0.39|-1.17|0.09;0001-01-01T00:00:07.248+01:00|W5|1.1|-0.13|0.07|-0.13|1.01;0001-01-01T00:00:07.248+01:00|W6|1.2|-1.00|0.41|-1.00|0.21;0001-01-01T00:00:07.248+01:00|W7|1.7|0.40|0.07|0.40|1.51;0001-01-01T00:00:07.248+01:00|W8|1.4|-0.10|0.44|-0.10|1.29;0001-01-01T00:00:07.248+01:00|W9|1.3|0.55|0.07|0.55|1.01;0001-01-01T00:00:07.248+01:00|W10|0.1|0.04|0.09|0.04|0.09;0001-01-01T00:00:07.248+01:00|W11|1.0|0.91|0.11|0.91|0.13;0001-01-01T00:00:07.248+01:00|W12|1.4|-1.20|0.12|-1.20|0.59"
77.00;3.15;0001-01-01T00:00:07.1940000+01:00;72.42;-0.04;-29.24;25.4;1.647;-6.264;43.396;-13.512;10.868;-14.431;94.033;-61.604;112.426;"0001-01-01T00:00:07.248+01:00|W1|1.1|-0.95|0.08|-0.95|0.41;0001-01-01T00:00:07.248+01:00|W2|1.9|-1.47|0.07|-1.47|1.18;0001-01-01T00:00:07.248+01:00|W3|0.9|-0.14|0.02|-0.14|0.85;0001-01-01T00:00:07.248+01:00|W4|1.3|-1.17|0.39|-1.17|0.09;0001-01-01T00:00:07.248+01:00|W5|1.1|-0.13|0.07|-0.13|1.01;0001-01-01T00:00:07.248+01:00|W6|1.2|-1.00|0.41|-1.00|0.21;0001-01-01T00:00:07.248+01:00|W7|1.7|0.40|0.07|0.40|1.51;0001-01-01T00:00:07.248+01:00|W8|1.4|-0.10|0.44|-0.10|1.29;0001-01-01T00:00:07.248+01:00|W9|1.3|0.55|0.07|0.55|1.01;0001-01-01T00:00:07.248+01:00|W10|0.1|0.04|0.09|0.04|0.09;0001-01-01T00:00:07.248+01:00|W11|1.0|0.91|0.11|0.91|0.13;0001-01-01T00:00:07.248+01:00|W12|1.4|-1.20|0.12|-1.20|0.59"
78.00;3.09;0001-01-01T00:00:07.2270000+01:00;73.27;-0.05;-29.79;25.0;1.723;-5.913;43.572;-14.341;10.586;-14.448;94.008;-61.942;112.593;"0001-01-01T00:00:07.248+01:00|W1|1.1|-0.95|0.08|-0.95|0.41;0001-01-01T00:00:07.248+01:00|W2|1.9|-1.47|0.07|-1.47|1.18;0001-01-01T00:00:07.248+01:00|W3|0.9|-0.14|0.02|-0.14|0.85;0001-01-01T00:00:07.248+01:00|W4|1.3|-1.17|0.39|-1.17|0.09;0001-01-01T00:00:07.248+01:00|W5|1.1|-0.13|0.07|-0.13|1.01;0001-01-01T00:00:07.248+01:00|W6|1.2|-1.00|0.41|-1.00|0.21;0001-01-01T00:00:07.248+01:00|W7|1.7|0.40|0.07|0.40|1.51;0001-01-01T00:00:07.248+01:00|W8|1.4|-0.10|0.44|-0.10|1.29;0001-01-01T00:00:07.248+01:00|W9|1.3|0.55|0.07|0.55|1.01;0001-01-01T00:00:07.248+01:00|W10|0.1|0.04|0.09|0.04|0.09;0001-01-01T00:00:07.248+01:00|W11|1.0|0.91|0.11|0.91|0.13;0001-01-01T00:00:07.248+01:00|W12|1.4|-1.20|0.12|-1.20|0.59"
79.00;3.04;0001-01-01T00:00:07.2590000+01:00;74.12;-0.06;-30.35;24.7;1.750;-5.607;43.612;-15.458;10.322;-14.460;93.994;-62.281;112.772;"0001-01-01T00:00:07.248+01:00|W1|1.1|-0.95|0.08|-0.95|0.41;0001-01-01T00:00:07.248+01:00|W2|1.9|-1.47|0.07|-1.47|1.18;0001-01-01T00:00:07.248+01:00|W3|0.9|-0.14|0.02|-0.14|0.85;0001-01-01T00:00:07.248+01:00|W4|1.3|-1.17|0.39|-1.17|0.09;0001-01-01T00:00:07.248+01:00|W5|1.1|-0.13|0.07|-0.13|1.01;0001-01-01T00:00:07.248+01:00|W6|1.2|-1.00|0.41|-1.00|0.21;0001-01-01T00:00:07.248+01:00|W7|1.7|0.40|0.07|0.40|1.51;0001-01-01T00:00:07.248+01:00|W8|1.4|-0.10|0.44|-0.10|1.29;0001-01-01T00:00:07.248+01:00|W9|1.3|0.55|0.07|0.55|1.01;0001-01-01T00:00:07.248+01:00|W10|0.1|0.04|0.09|0.04|0.09;0001-01-01T00:00:07.248+01:00|W11|1.0|0.91|0.11|0.91|0.13;0001-01-01T00:00:07.248+01:00|W12|1.4|-1.20|0.12|-1.20|0.59"
80.00;2.99;0001-01-01T00:00:07.2910000+01:00;74.96;-0.08;-30.91;24.5;1.760;-5.302;43.309;-16.572;10.039;-14.471;93.997;-62.690;113.003;"0001-01-01T00:00:07.248+01:00|W1|1.1|-0.95|0.08|-0.95|0.41;0001-01-01T00:00:07.248+01:00|W2|1.9|-1.47|0.07|-1.47|1.18;0001-01-01T00:00:07.248+01:00|W3|0.9|-0.14|0.02|-0.14|0.85;0001-01-01T00:00:07.248+01:00|W4|1.3|-1.17|0.39|-1.17|0.09;0001-01-01T00:00:07.248+01:00|W5|1.1|-0.13|0.07|-0.13|1.01;0001-01-01T00:00:07.248+01:00|W6|1.2|-1.00|0.41|-1.00|0.21;0001-01-01T00:00:07.248+01:00|W7|1.7|0.40|0.07|0.40|1.51;0001-01-01T00:00:07.248+01:00|W8|1.4|-0.10|0.44|-0.10|1.29;0001-01-01T00:00:07.248+01:00|W9|1.3|0.55|0.07|0.55|1.01;0001-01-01T00:00:07.248+01:00|W10|0.1|0.04|0.09|0.04|0.09;0001-01-01T00:00:07.248+01:00|W11|1.0|0.91|0.11|0.91|0.13;0001-01-01T00:00:07.248+01:00|W12|1.4|-1.20|0.12|-1.20|0.59"
81.00;2.94;0001-01-01T00:00:07.3230000+01:00;75.80;-0.10;-31.47;24.3;1.706;-4.998;43.543;-17.682;9.833;-14.482;93.952;-63.000;113.139;"0001-01-01T00:00:07.248+01:00|W1|1.1|-0.95|0.08|-0.95|0.41;0001-01-01T00:00:07.248+01:00|W2|1.9|-1.47|0.07|-1.47|1.18;0001-01-01T00:00:07.248+01:00|W3|0.9|-0.14|0.02|-0.14|0.85;0001-01-01T00:00:07.248+01:00|W4|1.3|-1.17|0.39|-1.17|0.09;0001-01-01T00:00:07.248+01:00|W5|1.1|-0.13|0.07|-0.13|1.01;0001-01-01T00:00:07.248+01:00|W6|1.2|-1.00|0.41|-1.00|0.21;0001-01-01T00:00:07.248+01:00|W7|1.7|0.40|0.07|0.40|1.51;0001-01-01T00:00:07.248+01:00|W8|1.4|-0.10|0.44|-0.10|1.29;0001-01-01T00:00:07.248+01:00|W9|1.3|0.55|0.07|0.55|1.01;0001-01-01T00:00:07.248+01:00|W10|0.1|0.04|0.09|0.04|0.09;0001-01-01T00:00:07.248+01:00|W11|1.0|0.91|0.11|0.91|0.13;0001-01-01T00:00:07.248+01:00|W12|1.4|-1.20|0.12|-1.20|0.59"
82.00;2.89;0001-01-01T00:00:07.3560000+01:00;76.64;-0.12;-32.04;24.1;1.620;-4.695;43.770;-18.789;9.649;-14.493;93.897;-63.287;113.254;"0001-01-01T00:00:07.248+01:00|W1|1.1|-0.95|0.08|-0.95|0.41;0001-01-01T00:00:07.248+01:00|W2|1.9|-1.47|0.07|-1.47|1.18;0001-01-01T00:00:07.248+01:00|W3|0.9|-0.14|0.02|-0.14|0.85;0001-01-01T00:00:07.248+01:00|W4|1.3|-1.17|0.39|-1.17|0.09;0001-01-01T00:00:07.248+01:00|W5|1.1|-0.13|0.07|-0.13|1.01;0001-01-01T00:00:07.248+01:00|W6|1.2|-1.00|0.41|-1.00|0.21;0001-01-01T00:00:07.248+01:00|W7|1.7|0.40|0.07|0.40|1.51;0001-01-01T00:00:07.248+01:00|W8|1.4|-0.10|0.44|-0.10|1.29;0001-01-01T00:00:07.248+01:00|W9|1.3|0.55|0.07|0.55|1.01;0001-01-01T00:00:07.248+01:00|W10|0.1|0.04|0.09|0.04|0.09;0001-01-01T00:00:07.248+01:00|W11|1.0|0.91|0.11|0.91|0.13;0001-01-01T00:00:07.248+01:00|W12|1.4|-1.20|0.12|-1.20|0.59"
83.00;2.83;0001-01-01T00:00:07.3880000+01:00;77.47;-0.14;-32.61;23.8;1.518;-4.394;42.574;-19.891;9.402;-14.504;93.912;-63.685;113.494;"0001-01-01T00:00:07.498+01:00|W1|1.1|-0.96|0.08|-0.96|0.39;0001-01-01T00:00:07.498+01:00|W2|1.9|-1.51|0.07|-1.51|1.16;0001-01-01T00:00:07.498+01:00|W3|0.9|-0.13|0.02|-0.13|0.86;0001-01-01T00:00:07.498+01:00|W4|1.3|-1.25|0.33|-1.25|0.14;0001-01-01T00:00:07.498+01:00|W5|1.1|-0.11|0.01|-0.11|1.07;0001-01-01T00:00:07.498+01:00|W6|1.1|-0.89|0.29|-0.89|0.21;0001-01-01T00:00:07.498+01:00|W7|1.7|0.51|0.03|0.51|1.47;0001-01-01T00:00:07.498+01:00|W8|1.3|0.05|0.48|0.05|1.29;0001-01-01T00:00:07.498+01:00|W9|1.3|0.55|0.07|0.55|1.01;0001-01-01T00:00:07.498+01:00|W10|0.1|0.03|0.07|0.03|0.13;0001-01-01T00:00:07.498+01:00|W11|1.0|0.94|0.07|0.94|0.20;0001-01-01T00:00:07.498+01:00|W12|1.5|-1.20|0.15|-1.20|0.69"
84.00;2.78;0001-01-01T00:00:07.4190000+01:00;78.31;-0.16;-33.18;23.6;1.415;-4.092;41.379;-20.992;9.155;-14.515;93.927;-64.083;113.735;"0001-01-01T00:00:07.498+01:00|W1|1.1|-0.96|0.08|-0.96|0.39;0001-01-01T00:00:07.498+01:00|W2|1.9|-1.51|0.07|-1.51|1.16;0001-01-01T00:00:07.498+01:00|W3|0.9|-0.13|0.02|-0.13|0.86;0001-01-01T00:00:07.498+01:00|W4|1.3|-1.25|0.33|-1.25|0.14;0001-01-01T00:00:07.498+01:00|W5|1.1|-0.11|0.01|-0.11|1.07;0001-01-01T00:00:07.498+01:00|W6|1.1|-0.89|0.29|-0.89|0.21;0001-01-01T00:00:07.498+01:00|W7|1.7|0.51|0.03|0.51|1.47;0001-01-01T00:00:07.498+01:00|W8|1.3|0.05|0.48|0.05|1.29;0001-01-01T00:00:07.498+01:00|W9|1.3|0.55|0.07|0.55|1.01;0001-01-01T00:00:07.498+01:00|W10|0.1|0.03|0.07|0.03|0.13;0001-01-01T00:00:07.498+01:00|W11|1.0|0.94|0.07|0.94|0.20;0001-01-01T00:00:07.498+01:00|W12|1.5|-1.20|0.15|-1.20|0.69"
85.00;2.73;0001-01-01T00:00:07.4510000+01:00;79.14;-0.19;-33.76;23.3;1.312;-3.791;40.184;-22.093;8.908;-14.526;93.942;-64.481;113.977;"0001-01-01T00:00:07.498+01:00|W1|1.1|-0.96|0.08|-0.96|0.39;0001-01-01T00:00:07.498+01:00|W2|1.9|-1.51|0.07|-1.51|1.16;0001-01-01T00:00:07.498+01:00|W3|0.9|-0.13|0.02|-0.13|0.86;0001-01-01T00:00:07.498+01:00|W4|1.3|-1.25|0.33|-1.25|0.14;0001-01-01T00:00:07.498+01:00|W5|1.1|-0.11|0.01|-0.11|1.07;0001-01-01T00:00:07.498+01:00|W6|1.1|-0.89|0.29|-0.89|0.21;0001-01-01T00:00:07.498+01:00|W7|1.7|0.51|0.03|0.51|1.47;0001-01-01T00:00:07.498+01:00|W8|1.3|0.05|0.48|0.05|1.29;0001-01-01T00:00:07.498+01:00|W9|1.3|0.55|0.07|0.55|1.01;0001-01-01T00:00:07.498+01:00|W10|0.1|0.03|0.07|0.03|0.13;0001-01-01T00:00:07.498+01:00|W11|1.0|0.94|0.07|0.94|0.20;0001-01-01T00:00:07.498+01:00|W12|1.5|-1.20|0.15|-1.20|0.69"
86.00;2.69;0001-01-01T00:00:07.4830000+01:00;79.97;-0.21;-34.33;23.1;1.210;-3.490;38.990;-23.193;8.662;-14.537;93.956;-64.879;114.221;"0001-01-01T00:00:07.498+01:00|W1|1.1|-0.96|0.08|-0.96|0.39;0001-01-01T00:00:07.498+01:00|W2|1.9|-1.51|0.07|-1.51|1.16;0001-01-01T00:00:07.498+01:00|W3|0.9|-0.13|0.02|-0.13|0.86;0001-01-01T00:00:07.498+01:00|W4|1.3|-1.25|0.33|-1.25|0.14;0001-01-01T00:00:07.498+01:00|W5|1.1|-0.11|0.01|-0.11|1.07;0001-01-01T00:00:07.498+01:00|W6|1.1|-0.89|0.29|-0.89|0.21;0001-01-01T00:00:07.498+01:00|W7|1.7|0.51|0.03|0.51|1.47;0001-01-01T00:00:07.498+01:00|W8|1.3|0.05|0.48|0.05|1.29;0001-01-01T00:00:07.498+01:00|W9|1.3|0.55|0.07|0.55|1.01;0001-01-01T00:00:07.498+01:00|W10|0.1|0.03|0.07|0.03|0.13;0001-01-01T00:00:07.498+01:00|W11|1.0|0.94|0.07|0.94|0.20;0001-01-01T00:00:07.498+01:00|W12|1.5|-1.20|0.15|-1.20|0.69"
87.00;2.65;0001-01-01T00:00:07.5150000+01:00;80.81;-0.23;-34.90;22.8;1.107;-3.189;37.796;-24.293;8.415;-14.548;93.971;-65.277;114.465;"0001-01-01T00:00:07.498+01:00|W1|1.1|-0.96|0.08|-0.96|0.39;0001-01-01T00:00:07.498+01:00|W2|1.9|-1.51|0.07|-1.51|1.16;0001-01-01T00:00:07.498+01:00|W3|0.9|-0.13|0.02|-0.13|0.86;0001-01-01T00:00:07.498+01:00|W4|1.3|-1.25|0.33|-1.25|0.14;0001-01-01T00:00:07.498+01:00|W5|1.1|-0.11|0.01|-0.11|1.07;0001-01-01T00:00:07.498+01:00|W6|1.1|-0.89|0.29|-0.89|0.21;0001-01-01T00:00:07.498+01:00|W7|1.7|0.51|0.03|0.51|1.47;0001-01-01T00:00:07.498+01:00|W8|1.3|0.05|0.48|0.05|1.29;0001-01-01T00:00:07.498+01:00|W9|1.3|0.55|0.07|0.55|1.01;0001-01-01T00:00:07.498+01:00|W10|0.1|0.03|0.07|0.03|0.13;0001-01-01T00:00:07.498+01:00|W11|1.0|0.94|0.07|0.94|0.20;0001-01-01T00:00:07.498+01:00|W12|1.5|-1.20|0.15|-1.20|0.69"
88.00;2.61;0001-01-01T00:00:07.5470000+01:00;81.64;-0.26;-35.47;22.6;1.004;-2.888;36.603;-25.392;8.168;-14.559;93.986;-65.675;114.711;"0001-01-01T00:00:07.498+01:00|W1|1.1|-0.96|0.08|-0.96|0.39;0001-01-01T00:00:07.498+01:00|W2|1.9|-1.51|0.07|-1.51|1.16;0001-01-01T00:00:07.498+01:00|W3|0.9|-0.13|0.02|-0.13|0.86;0001-01-01T00:00:07.498+01:00|W4|1.3|-1.25|0.33|-1.25|0.14;0001-01-01T00:00:07.498+01:00|W5|1.1|-0.11|0.01|-0.11|1.07;0001-01-01T00:00:07.498+01:00|W6|1.1|-0.89|0.29|-0.89|0.21;0001-01-01T00:00:07.498+01:00|W7|1.7|0.51|0.03|0.51|1.47;0001-01-01T00:00:07.498+01:00|W8|1.3|0.05|0.48|0.05|1.29;0001-01-01T00:00:07.498+01:00|W9|1.3|0.55|0.07|0.55|1.01;0001-01-01T00:00:07.498+01:00|W10|0.1|0.03|0.07|0.03|0.13;0001-01-01T00:00:07.498+01:00|W11|1.0|0.94|0.07|0.94|0.20;0001-01-01T00:00:07.498+01:00|W12|1.5|-1.20|0.15|-1.20|0.69"
89.00;2.58;0001-01-01T00:00:07.5790000+01:00;82.47;-0.29;-36.05;22.1;1.007;-2.588;35.603;-26.488;7.631;-14.570;93.920;-65.815;114.738;"0001-01-01T00:00:07.498+01:00|W1|1.1|-0.96|0.08|-0.96|0.39;0001-01-01T00:00:07.498+01:00|W2|1.9|-1.51|0.07|-1.51|1.16;0001-01-01T00:00:07.498+01:00|W3|0.9|-0.13|0.02|-0.13|0.86;0001-01-01T00:00:07.498+01:00|W4|1.3|-1.25|0.33|-1.25|0.14;0001-01-01T00:00:07.498+01:00|W5|1.1|-0.11|0.01|-0.11|1.07;0001-01-01T00:00:07.498+01:00|W6|1.1|-0.89|0.29|-0.89|0.21;0001-01-01T00:00:07.498+01:00|W7|1.7|0.51|0.03|0.51|1.47;0001-01-01T00:00:07.498+01:00|W8|1.3|0.05|0.48|0.05|1.29;0001-01-01T00:00:07.498+01:00|W9|1.3|0.55|0.07|0.55|1.01;0001-01-01T00:00:07.498+01:00|W10|0.1|0.03|0.07|0.03|0.13;0001-01-01T00:00:07.498+01:00|W11|1.0|0.94|0.07|0.94|0.20;0001-01-01T00:00:07.498+01:00|W12|1.5|-1.20|0.15|-1.20|0.69"
90.00;2.54;0001-01-01T00:00:07.6110000+01:00;83.29;-0.32;-36.63;21.5;1.024;-2.288;34.631;-27.583;7.053;-14.580;93.844;-65.920;114.735;"0001-01-01T00:00:07.498+01:00|W1|1.1|-0.96|0.08|-0.96|0.39;0001-01-01T00:00:07.498+01:00|W2|1.9|-1.51|0.07|-1.51|1.16;0001-01-01T00:00:07.498+01:00|W3|0.9|-0.13|0.02|-0.13|0.86;0001-01-01T00:00:07.498+01:00|W4|1.3|-1.25|0.33|-1.25|0.14;0001-01-01T00:00:07.498+01:00|W5|1.1|-0.11|0.01|-0.11|1.07;0001-01-01T00:00:07.498+01:00|W6|1.1|-0.89|0.29|-0.89|0.21;0001-01-01T00:00:07.498+01:00|W7|1.7|0.51|0.03|0.51|1.47;0001-01-01T00:00:07.498+01:00|W8|1.3|0.05|0.48|0.05|1.29;0001-01-01T00:00:07.498+01:00|W9|1.3|0.55|0.07|0.55|1.01;0001-01-01T00:00:07.498+01:00|W10|0.1|0.03|0.07|0.03|0.13;0001-01-01T00:00:07.498+01:00|W11|1.0|0.94|0.07|0.94|0.20;0001-01-01T00:00:07.498+01:00|W12|1.5|-1.20|0.15|-1.20|0.69"
91.00;2.51;0001-01-01T00:00:07.6420000+01:00;84.12;-0.35;-37.21;20.9;1.042;-1.989;33.658;-28.679;6.475;-14.591;93.767;-66.025;114.731;"0001-01-01T00:00:07.751+01:00|W1|1.2|-0.92|0.16|-0.92|0.51;0001-01-01T00:00:07.751+01:00|W2|1.9|-1.56|0.08|-1.56|1.11;0001-01-01T00:00:07.751+01:00|W3|0.9|-0.07|0.02|-0.07|0.90;0001-01-01T00:00:07.751+01:00|W4|1.4|-1.36|0.20|-1.36|0.23;0001-01-01T00:00:07.751+01:00|W5|1.2|-0.15|0.05|-0.15|1.12;0001-01-01T00:00:07.751+01:00|W6|1.0|-0.73|0.14|-0.73|0.19;0001-01-01T00:00:07.751+01:00|W7|1.7|0.60|0.00|0.60|1.45;0001-01-01T00:00:07.751+01:00|W8|1.6|0.05|0.19|0.05|1.48;0001-01-01T00:00:07.751+01:00|W9|1.4|0.48|0.10|0.48|1.07;0001-01-01T00:00:07.751+01:00|W10|0.2|0.04|0.03|0.04|0.22;0001-01-01T00:00:07.751+01:00|W11|0.9|0.90|0.01|0.90|0.03;0001-01-01T00:00:07.751+01:00|W12|1.5|-1.23|0.16|-1.23|0.72"
92.00;2.49;0001-01-01T00:00:07.6740000+01:00;84.95;-0.38;-37.79;20.3;1.059;-1.689;32.686;-29.774;5.897;-14.602;93.690;-66.129;114.728;"0001-01-01T00:00:07.751+01:00|W1|1.2|-0.92|0.16|-0.92|0.51;0001-01-01T00:00:07.751+01:00|W2|1.9|-1.56|0.08|-1.56|1.11;0001-01-01T00:00:07.751+01:00|W3|0.9|-0.07|0.02|-0.07|0.90;0001-01-01T00:00:07.751+01:00|W4|1.4|-1.36|0.20|-1.36|0.23;0001-01-01T00:00:07.751+01:00|W5|1.2|-0.15|0.05|-0.15|1.12;0001-01-01T00:00:07.751+01:00|W6|1.0|-0.73|0.14|-0.73|0.19;0001-01-01T00:00:07.751+01:00|W7|1.7|0.60|0.00|0.60|1.45;0001-01-01T00:00:07.751+01:00|W8|1.6|0.05|0.19|0.05|1.48;0001-01-01T00:00:07.751+01:00|W9|1.4|0.48|0.10|0.48|1.07;0001-01-01T00:00:07.751+01:00|W10|0.2|0.04|0.03|0.04|0.22;0001-01-01T00:00:07.751+01:00|W11|0.9|0.90|0.01|0.90|0.03;0001-01-01T00:00:07.751+01:00|W12|1.5|-1.23|0.16|-1.23|0.72"
93.00;2.47;0001-01-01T00:00:07.7060000+01:00;85.77;-0.41;-38.36;19.7;1.077;-1.389;31.714;-30.869;5.319;-14.613;93.613;-66.234;114.724;"0001-01-01T00:00:07.751+01:00|W1|1.2|-0.92|0.16|-0.92|0.51;0001-01-01T00:00:07.751+01:00|W2|1.9|-1.56|0.08|-1.56|1.11;0001-01-01T00:00:07.751+01:00|W3|0.9|-0.07|0.02|-0.07|0.90;0001-01-01T00:00:07.751+01:00|W4|1.4|-1.36|0.20|-1.36|0.23;0001-01-01T00:00:07.751+01:00|W5|1.2|-0.15|0.05|-0.15|1.12;0001-01-01T00:00:07.751+01:00|W6|1.0|-0.73|0.14|-0.73|0.19;0001-01-01T00:00:07.751+01:00|W7|1.7|0.60|0.00|0.60|1.45;0001-01-01T00:00:07.751+01:00|W8|1.6|0.05|0.19|0.05|1.48;0001-01-01T00:00:07.751+01:00|W9|1.4|0.48|0.10|0.48|1.07;0001-01-01T00:00:07.751+01:00|W10|0.2|0.04|0.03|0.04|0.22;0001-01-01T00:00:07.751+01:00|W11|0.9|0.90|0.01|0.90|0.03;0001-01-01T00:00:07.751+01:00|W12|1.5|-1.23|0.16|-1.23|0.72"
94.00;2.46;0001-01-01T00:00:07.7380000+01:00;86.60;-0.44;-38.94;19.2;1.094;-1.090;30.742;-31.964;4.742;-14.624;93.537;-66.338;114.721;"0001-01-01T00:00:07.751+01:00|W1|1.2|-0.92|0.16|-0.92|0.51;0001-01-01T00:00:07.751+01:00|W2|1.9|-1.56|0.08|-1.56|1.11;0001-01-01T00:00:07.751+01:00|W3|0.9|-0.07|0.02|-0.07|0.90;0001-01-01T00:00:07.751+01:00|W4|1.4|-1.36|0.20|-1.36|0.23;0001-01-01T00:00:07.751+01:00|W5|1.2|-0.15|0.05|-0.15|1.12;0001-01-01T00:00:07.751+01:00|W6|1.0|-0.73|0.14|-0.73|0.19;0001-01-01T00:00:07.751+01:00|W7|1.7|0.60|0.00|0.60|1.45;0001-01-01T00:00:07.751+01:00|W8|1.6|0.05|0.19|0.05|1.48;0001-01-01T00:00:07.751+01:00|W9|1.4|0.48|0.10|0.48|1.07;0001-01-01T00:00:07.751+01:00|W10|0.2|0.04|0.03|0.04|0.22;0001-01-01T00:00:07.751+01:00|W11|0.9|0.90|0.01|0.90|0.03;0001-01-01T00:00:07.751+01:00|W12|1.5|-1.23|0.16|-1.23|0.72"
95.00;2.47;0001-01-01T00:00:07.7700000+01:00;87.44;-0.48;-39.50;18.8;0.855;-0.785;30.293;-33.076;4.323;-14.635;93.460;-66.339;114.658;"0001-01-01T00:00:07.751+01:00|W1|1.2|-0.92|0.16|-0.92|0.51;0001-01-01T00:00:07.751+01:00|W2|1.9|-1.56|0.08|-1.56|1.11;0001-01-01T00:00:07.751+01:00|W3|0.9|-0.07|0.02|-0.07|0.90;0001-01-01T00:00:07.751+01:00|W4|1.4|-1.36|0.20|-1.36|0.23;0001-01-01T00:00:07.751+01:00|W5|1.2|-0.15|0.05|-0.15|1.12;0001-01-01T00:00:07.751+01:00|W6|1.0|-0.73|0.14|-0.73|0.19;0001-01-01T00:00:07.751+01:00|W7|1.7|0.60|0.00|0.60|1.45;0001-01-01T00:00:07.751+01:00|W8|1.6|0.05|0.19|0.05|1.48;0001-01-01T00:00:07.751+01:00|W9|1.4|0.48|0.10|0.48|1.07;0001-01-01T00:00:07.751+01:00|W10|0.2|0.04|0.03|0.04|0.22;0001-01-01T00:00:07.751+01:00|W11|0.9|0.90|0.01|0.90|0.03;0001-01-01T00:00:07.751+01:00|W12|1.5|-1.23|0.16|-1.23|0.72"
96.00;2.50;0001-01-01T00:00:07.8030000+01:00;88.28;-0.53;-40.06;18.7;0.424;-0.537;30.222;-34.083;4.029;-14.637;93.383;-66.277;114.558;"0001-01-01T00:00:07.751+01:00|W1|1.2|-0.92|0.16|-0.92|0.51;0001-01-01T00:00:07.751+01:00|W2|1.9|-1.56|0.08|-1.56|1.11;0001-01-01T00:00:07.751+01:00|W3|0.9|-0.07|0.02|-0.07|0.90;0001-01-01T00:00:07.751+01:00|W4|1.4|-1.36|0.20|-1.36|0.23;0001-01-01T00:00:07.751+01:00|W5|1.2|-0.15|0.05|-0.15|1.12;0001-01-01T00:00:07.751+01:00|W6|1.0|-0.73|0.14|-0.73|0.19;0001-01-01T00:00:07.751+01:00|W7|1.7|0.60|0.00|0.60|1.45;0001-01-01T00:00:07.751+01:00|W8|1.6|0.05|0.19|0.05|1.48;0001-01-01T00:00:07.751+01:00|W9|1.4|0.48|0.10|0.48|1.07;0001-01-01T00:00:07.751+01:00|W10|0.2|0.04|0.03|0.04|0.22;0001-01-01T00:00:07.751+01:00|W11|0.9|0.90|0.01|0.90|0.03;0001-01-01T00:00:07.751+01:00|W12|1.5|-1.23|0.16|-1.23|0.72"
97.00;2.49;0001-01-01T00:00:07.8340000+01:00;89.10;-0.56;-40.64;18.4;-0.094;-1.495;30.164;-32.715;3.935;-14.459;93.329;-66.478;114.630;"0001-01-01T00:00:07.751+01:00|W1|1.2|-0.92|0.16|-0.92|0.51;0001-01-01T00:00:07.751+01:00|W2|1.9|-1.56|0.08|-1.56|1.11;0001-01-01T00:00:07.751+01:00|W3|0.9|-0.07|0.02|-0.07|0.90;0001-01-01T00:00:07.751+01:00|W4|1.4|-1.36|0.20|-1.36|0.23;0001-01-01T00:00:07.751+01:00|W5|1.2|-0.15|0.05|-0.15|1.12;0001-01-01T00:00:07.751+01:00|W6|1.0|-0.73|0.14|-0.73|0.19;0001-01-01T00:00:07.751+01:00|W7|1.7|0.60|0.00|0.60|1.45;0001-01-01T00:00:07.751+01:00|W8|1.6|0.05|0.19|0.05|1.48;0001-01-01T00:00:07.751+01:00|W9|1.4|0.48|0.10|0.48|1.07;0001-01-01T00:00:07.751+01:00|W10|0.2|0.04|0.03|0.04|0.22;0001-01-01T00:00:07.751+01:00|W11|0.9|0.90|0.01|0.90|0.03;0001-01-01T00:00:07.751+01:00|W12|1.5|-1.23|0.16|-1.23|0.72"
98.00;2.47;0001-01-01T00:00:07.8660000+01:00;89.92;-0.59;-41.23;18.2;-0.521;-2.366;30.341;-31.283;3.958;-14.322;93.324;-66.777;114.797;"0001-01-01T00:00:07.751+01:00|W1|1.2|-0.92|0.16|-0.92|0.51;0001-01-01T00:00:07.751+01:00|W2|1.9|-1.56|0.08|-1.56|1.11;0001-01-01T00:00:07.751+01:00|W3|0.9|-0.07|0.02|-0.07|0.90;0001-01-01T00:00:07.751+01:00|W4|1.4|-1.36|0.20|-1.36|0.23;0001-01-01T00:00:07.751+01:00|W5|1.2|-0.15|0.05|-0.15|1.12;0001-01-01T00:00:07.751+01:00|W6|1.0|-0.73|0.14|-0.73|0.19;0001-01-01T00:00:07.751+01:00|W7|1.7|0.60|0.00|0.60|1.45;0001-01-01T00:00:07.751+01:00|W8|1.6|0.05|0.19|0.05|1.48;0001-01-01T00:00:07.751+01:00|W9|1.4|0.48|0.10|0.48|1.07;0001-01-01T00:00:07.751+01:00|W10|0.2|0.04|0.03|0.04|0.22;0001-01-01T00:00:07.751+01:00|W11|0.9|0.90|0.01|0.90|0.03;0001-01-01T00:00:07.751+01:00|W12|1.5|-1.23|0.16|-1.23|0.72"
99.00;2.46;0001-01-01T00:00:07.8970000+01:00;90.73;-0.62;-41.82;18.1;-0.849;-3.142;30.782;-29.778;4.112;-14.234;93.373;-67.185;115.071;"0001-01-01T00:00:08.002+01:00|W1|1.3|-0.92|0.23|-0.92|0.69;0001-01-01T00:00:08.002+01:00|W2|1.9|-1.58|0.12|-1.58|1.00;0001-01-01T00:00:08.002+01:00|W3|0.9|-0.05|0.02|-0.05|0.91;0001-01-01T00:00:08.002+01:00|W4|1.5|-1.42|0.12|-1.42|0.24;0001-01-01T00:00:08.002+01:00|W5|1.2|-0.17|0.11|-0.17|1.16;0001-01-01T00:00:08.002+01:00|W6|0.9|-0.66|0.04|-0.66|0.16;0001-01-01T00:00:08.002+01:00|W7|1.6|0.63|0.08|0.63|1.40;0001-01-01T00:00:08.002+01:00|W8|1.7|0.12|0.06|0.12|1.53;0001-01-01T00:00:08.002+01:00|W9|1.4|0.41|0.10|0.41|1.12;0001-01-01T00:00:08.002+01:00|W10|0.2|0.04|0.04|0.04|0.23;0001-01-01T00:00:08.002+01:00|W11|0.9|0.81|0.06|0.81|0.20;0001-01-01T00:00:08.002+01:00|W12|1.5|-1.24|0.17|-1.24|0.74"
100.00;2.45;0001-01-01T00:00:07.9290000+01:00;91.54;-0.64;-42.40;18.4;-1.175;-3.650;31.221;-27.313;4.265;-14.327;93.401;-67.335;115.186;"0001-01-01T00:00:08.002+01:00|W1|1.3|-0.92|0.23|-0.92|0.69;0001-01-01T00:00:08.002+01:00|W2|1.9|-1.58|0.12|-1.58|1.00;0001-01-01T00:00:08.002+01:00|W3|0.9|-0.05|0.02|-0.05|0.91;0001-01-01T00:00:08.002+01:00|W4|1.5|-1.42|0.12|-1.42|0.24;0001-01-01T00:00:08.002+01:00|W5|1.2|-0.17|0.11|-0.17|1.16;0001-01-01T00:00:08.002+01:00|W6|0.9|-0.66|0.04|-0.66|0.16;0001-01-01T00:00:08.002+01:00|W7|1.6|0.63|0.08|0.63|1.40;0001-01-01T00:00:08.002+01:00|W8|1.7|0.12|0.06|0.12|1.53;0001-01-01T00:00:08.002+01:00|W9|1.4|0.41|0.10|0.41|1.12;0001-01-01T00:00:08.002+01:00|W10|0.2|0.04|0.04|0.04|0.23;0001-01-01T00:00:08.002+01:00|W11|0.9|0.81|0.06|0.81|0.20;0001-01-01T00:00:08.002+01:00|W12|1.5|-1.24|0.17|-1.24|0.74"
101.00;2.44;0001-01-01T00:00:07.9600000+01:00;92.36;-0.67;-42.98;18.7;-1.384;-4.121;31.529;-24.719;4.435;-14.446;93.421;-67.500;115.301;"0001-01-01T00:00:08.002+01:00|W1|1.3|-0.92|0.23|-0.92|0.69;0001-01-01T00:00:08.002+01:00|W2|1.9|-1.58|0.12|-1.58|1.00;0001-01-01T00:00:08.002+01:00|W3|0.9|-0.05|0.02|-0.05|0.91;0001-01-01T00:00:08.002+01:00|W4|1.5|-1.42|0.12|-1.42|0.24;0001-01-01T00:00:08.002+01:00|W5|1.2|-0.17|0.11|-0.17|1.16;0001-01-01T00:00:08.002+01:00|W6|0.9|-0.66|0.04|-0.66|0.16;0001-01-01T00:00:08.002+01:00|W7|1.6|0.63|0.08|0.63|1.40;0001-01-01T00:00:08.002+01:00|W8|1.7|0.12|0.06|0.12|1.53;0001-01-01T00:00:08.002+01:00|W9|1.4|0.41|0.10|0.41|1.12;0001-01-01T00:00:08.002+01:00|W10|0.2|0.04|0.04|0.04|0.23;0001-01-01T00:00:08.002+01:00|W11|0.9|0.81|0.06|0.81|0.20;0001-01-01T00:00:08.002+01:00|W12|1.5|-1.24|0.17|-1.24|0.74"
102.00;2.41;0001-01-01T00:00:07.9910000+01:00;93.16;-0.69;-43.58;18.9;-1.296;-4.593;31.504;-22.124;4.644;-14.564;93.424;-67.791;115.472;"0001-01-01T00:00:08.002+01:00|W1|1.3|-0.92|0.23|-0.92|0.69;0001-01-01T00:00:08.002+01:00|W2|1.9|-1.58|0.12|-1.58|1.00;0001-01-01T00:00:08.002+01:00|W3|0.9|-0.05|0.02|-0.05|0.91;0001-01-01T00:00:08.002+01:00|W4|1.5|-1.42|0.12|-1.42|0.24;0001-01-01T00:00:08.002+01:00|W5|1.2|-0.17|0.11|-0.17|1.16;0001-01-01T00:00:08.002+01:00|W6|0.9|-0.66|0.04|-0.66|0.16;0001-01-01T00:00:08.002+01:00|W7|1.6|0.63|0.08|0.63|1.40;0001-01-01T00:00:08.002+01:00|W8|1.7|0.12|0.06|0.12|1.53;0001-01-01T00:00:08.002+01:00|W9|1.4|0.41|0.10|0.41|1.12;0001-01-01T00:00:08.002+01:00|W10|0.2|0.04|0.04|0.04|0.23;0001-01-01T00:00:08.002+01:00|W11|0.9|0.81|0.06|0.81|0.20;0001-01-01T00:00:08.002+01:00|W12|1.5|-1.24|0.17|-1.24|0.74"
103.00;2.39;0001-01-01T00:00:08.0220000+01:00;93.97;-0.73;-44.17;19.2;-1.209;-4.744;31.479;-21.281;4.853;-14.645;93.366;-68.040;115.578;"0001-01-01T00:00:08.002+01:00|W1|1.3|-0.92|0.23|-0.92|0.69;0001-01-01T00:00:08.002+01:00|W2|1.9|-1.58|0.12|-1.58|1.00;0001-01-01T00:00:08.002+01:00|W3|0.9|-0.05|0.02|-0.05|0.91;0001-01-01T00:00:08.002+01:00|W4|1.5|-1.42|0.12|-1.42|0.24;0001-01-01T00:00:08.002+01:00|W5|1.2|-0.17|0.11|-0.17|1.16;0001-01-01T00:00:08.002+01:00|W6|0.9|-0.66|0.04|-0.66|0.16;0001-01-01T00:00:08.002+01:00|W7|1.6|0.63|0.08|0.63|1.40;0001-01-01T00:00:08.002+01:00|W8|1.7|0.12|0.06|0.12|1.53;0001-01-01T00:00:08.002+01:00|W9|1.4|0.41|0.10|0.41|1.12;0001-01-01T00:00:08.002+01:00|W10|0.2|0.04|0.04|0.04|0.23;0001-01-01T00:00:08.002+01:00|W11|0.9|0.81|0.06|0.81|0.20;0001-01-01T00:00:08.002+01:00|W12|1.5|-1.24|0.17|-1.24|0.74"
104.00;2.38;0001-01-01T00:00:08.0530000+01:00;94.79;-0.77;-44.75;19.6;-1.104;-4.747;31.440;-21.253;5.043;-14.710;93.298;-68.256;115.664;"0001-01-01T00:00:08.002+01:00|W1|1.3|-0.92|0.23|-0.92|0.69;0001-01-01T00:00:08.002+01:00|W2|1.9|-1.58|0.12|-1.58|1.00;0001-01-01T00:00:08.002+01:00|W3|0.9|-0.05|0.02|-0.05|0.91;0001-01-01T00:00:08.002+01:00|W4|1.5|-1.42|0.12|-1.42|0.24;0001-01-01T00:00:08.002+01:00|W5|1.2|-0.17|0.11|-0.17|1.16;0001-01-01T00:00:08.002+01:00|W6|0.9|-0.66|0.04|-0.66|0.16;0001-01-01T00:00:08.002+01:00|W7|1.6|0.63|0.08|0.63|1.40;0001-01-01T00:00:08.002+01:00|W8|1.7|0.12|0.06|0.12|1.53;0001-01-01T00:00:08.002+01:00|W9|1.4|0.41|0.10|0.41|1.12;0001-01-01T00:00:08.002+01:00|W10|0.2|0.04|0.04|0.04|0.23;0001-01-01T00:00:08.002+01:00|W11|0.9|0.81|0.06|0.81|0.20;0001-01-01T00:00:08.002+01:00|W12|1.5|-1.24|0.17|-1.24|0.74"
105.00;2.37;0001-01-01T00:00:08.0850000+01:00;95.60;-0.79;-45.33;19.8;-0.793;-4.749;31.225;-21.224;5.022;-14.775;93.462;-68.321;115.832;"0001-01-01T00:00:08.002+01:00|W1|1.3|-0.92|0.23|-0.92|0.69;0001-01-01T00:00:08.002+01:00|W2|1.9|-1.58|0.12|-1.58|1.00;0001-01-01T00:00:08.002+01:00|W3|0.9|-0.05|0.02|-0.05|0.91;0001-01-01T00:00:08.002+01:00|W4|1.5|-1.42|0.12|-1.42|0.24;0001-01-01T00:00:08.002+01:00|W5|1.2|-0.17|0.11|-0.17|1.16;0001-01-01T00:00:08.002+01:00|W6|0.9|-0.66|0.04|-0.66|0.16;0001-01-01T00:00:08.002+01:00|W7|1.6|0.63|0.08|0.63|1.40;0001-01-01T00:00:08.002+01:00|W8|1.7|0.12|0.06|0.12|1.53;0001-01-01T00:00:08.002+01:00|W9|1.4|0.41|0.10|0.41|1.12;0001-01-01T00:00:08.002+01:00|W10|0.2|0.04|0.04|0.04|0.23;0001-01-01T00:00:08.002+01:00|W11|0.9|0.81|0.06|0.81|0.20;0001-01-01T00:00:08.002+01:00|W12|1.5|-1.24|0.17|-1.24|0.74"
106.00;2.35;0001-01-01T00:00:08.1160000+01:00;96.41;-0.82;-45.92;19.8;-0.486;-4.429;31.013;-21.161;5.000;-14.748;93.519;-68.392;115.920;"0001-01-01T00:00:08.002+01:00|W1|1.3|-0.92|0.23|-0.92|0.69;0001-01-01T00:00:08.002+01:00|W2|1.9|-1.58|0.12|-1.58|1.00;0001-01-01T00:00:08.002+01:00|W3|0.9|-0.05|0.02|-0.05|0.91;0001-01-01T00:00:08.002+01:00|W4|1.5|-1.42|0.12|-1.42|0.24;0001-01-01T00:00:08.002+01:00|W5|1.2|-0.17|0.11|-0.17|1.16;0001-01-01T00:00:08.002+01:00|W6|0.9|-0.66|0.04|-0.66|0.16;0001-01-01T00:00:08.002+01:00|W7|1.6|0.63|0.08|0.63|1.40;0001-01-01T00:00:08.002+01:00|W8|1.7|0.12|0.06|0.12|1.53;0001-01-01T00:00:08.002+01:00|W9|1.4|0.41|0.10|0.41|1.12;0001-01-01T00:00:08.002+01:00|W10|0.2|0.04|0.04|0.04|0.23;0001-01-01T00:00:08.002+01:00|W11|0.9|0.81|0.06|0.81|0.20;0001-01-01T00:00:08.002+01:00|W12|1.5|-1.24|0.17|-1.24|0.74"
107.00;2.33;0001-01-01T00:00:08.1470000+01:00;97.21;-0.86;-46.52;19.8;-0.182;-3.779;30.803;-21.065;4.979;-14.627;93.466;-68.468;115.926;"0001-01-01T00:00:08.251+01:00|W1|1.3|-0.74|0.24|-0.74|0.90;0001-01-01T00:00:08.251+01:00|W2|1.8|-1.52|0.19|-1.52|0.93;0001-01-01T00:00:08.251+01:00|W3|0.9|-0.06|0.02|-0.06|0.90;0001-01-01T00:00:08.251+01:00|W4|1.5|-1.49|0.04|-1.49|0.27;0001-01-01T00:00:08.251+01:00|W5|1.2|-0.18|0.09|-0.18|1.12;0001-01-01T00:00:08.251+01:00|W6|0.9|-0.61|0.01|-0.61|0.17;0001-01-01T00:00:08.251+01:00|W7|1.5|0.60|0.14|0.60|1.37;0001-01-01T00:00:08.251+01:00|W8|1.7|0.12|0.01|0.12|1.59;0001-01-01T00:00:08.251+01:00|W9|1.4|0.33|0.08|0.33|1.13;0001-01-01T00:00:08.251+01:00|W10|0.2|0.03|0.04|0.03|0.22;0001-01-01T00:00:08.251+01:00|W11|0.8|0.64|0.11|0.64|0.25;0001-01-01T00:00:08.251+01:00|W12|1.6|-1.21|0.17|-1.21|0.77"
108.00;2.30;0001-01-01T00:00:08.1780000+01:00;98.02;-0.90;-47.12;19.8;0.122;-3.130;30.593;-20.968;4.958;-14.506;93.412;-68.544;115.932;"0001-01-01T00:00:08.251+01:00|W1|1.3|-0.74|0.24|-0.74|0.90;0001-01-01T00:00:08.251+01:00|W2|1.8|-1.52|0.19|-1.52|0.93;0001-01-01T00:00:08.251+01:00|W3|0.9|-0.06|0.02|-0.06|0.90;0001-01-01T00:00:08.251+01:00|W4|1.5|-1.49|0.04|-1.49|0.27;0001-01-01T00:00:08.251+01:00|W5|1.2|-0.18|0.09|-0.18|1.12;0001-01-01T00:00:08.251+01:00|W6|0.9|-0.61|0.01|-0.61|0.17;0001-01-01T00:00:08.251+01:00|W7|1.5|0.60|0.14|0.60|1.37;0001-01-01T00:00:08.251+01:00|W8|1.7|0.12|0.01|0.12|1.59;0001-01-01T00:00:08.251+01:00|W9|1.4|0.33|0.08|0.33|1.13;0001-01-01T00:00:08.251+01:00|W10|0.2|0.03|0.04|0.03|0.22;0001-01-01T00:00:08.251+01:00|W11|0.8|0.64|0.11|0.64|0.25;0001-01-01T00:00:08.251+01:00|W12|1.6|-1.21|0.17|-1.21|0.77"
109.00;2.28;0001-01-01T00:00:08.2090000+01:00;98.83;-0.94;-47.71;19.6;0.518;-2.479;30.499;-20.871;4.851;-14.385;93.362;-68.615;115.937;"0001-01-01T00:00:08.251+01:00|W1|1.3|-0.74|0.24|-0.74|0.90;0001-01-01T00:00:08.251+01:00|W2|1.8|-1.52|0.19|-1.52|0.93;0001-01-01T00:00:08.251+01:00|W3|0.9|-0.06|0.02|-0.06|0.90;0001-01-01T00:00:08.251+01:00|W4|1.5|-1.49|0.04|-1.49|0.27;0001-01-01T00:00:08.251+01:00|W5|1.2|-0.18|0.09|-0.18|1.12;0001-01-01T00:00:08.251+01:00|W6|0.9|-0.61|0.01|-0.61|0.17;0001-01-01T00:00:08.251+01:00|W7|1.5|0.60|0.14|0.60|1.37;0001-01-01T00:00:08.251+01:00|W8|1.7|0.12|0.01|0.12|1.59;0001-01-01T00:00:08.251+01:00|W9|1.4|0.33|0.08|0.33|1.13;0001-01-01T00:00:08.251+01:00|W10|0.2|0.03|0.04|0.03|0.22;0001-01-01T00:00:08.251+01:00|W11|0.8|0.64|0.11|0.64|0.25;0001-01-01T00:00:08.251+01:00|W12|1.6|-1.21|0.17|-1.21|0.77"
110.00;2.26;0001-01-01T00:00:08.2400000+01:00;99.63;-0.97;-48.30;19.3;1.180;-1.824;30.740;-20.773;4.501;-14.263;93.321;-68.673;115.937;"0001-01-01T00:00:08.251+01:00|W1|1.3|-0.74|0.24|-0.74|0.90;0001-01-01T00:00:08.251+01:00|W2|1.8|-1.52|0.19|-1.52|0.93;0001-01-01T00:00:08.251+01:00|W3|0.9|-0.06|0.02|-0.06|0.90;0001-01-01T00:00:08.251+01:00|W4|1.5|-1.49|0.04|-1.49|0.27;0001-01-01T00:00:08.251+01:00|W5|1.2|-0.18|0.09|-0.18|1.12;0001-01-01T00:00:08.251+01:00|W6|0.9|-0.61|0.01|-0.61|0.17;0001-01-01T00:00:08.251+01:00|W7|1.5|0.60|0.14|0.60|1.37;0001-01-01T00:00:08.251+01:00|W8|1.7|0.12|0.01|0.12|1.59;0001-01-01T00:00:08.251+01:00|W9|1.4|0.33|0.08|0.33|1.13;0001-01-01T00:00:08.251+01:00|W10|0.2|0.03|0.04|0.03|0.22;0001-01-01T00:00:08.251+01:00|W11|0.8|0.64|0.11|0.64|0.25;0001-01-01T00:00:08.251+01:00|W12|1.6|-1.21|0.17|-1.21|0.77"
111.00;2.24;0001-01-01T00:00:08.2710000+01:00;100.44;-1.00;-48.90;19.1;1.800;-1.169;31.552;-20.676;4.273;-14.140;93.235;-68.716;115.895;"0001-01-01T00:00:08.251+01:00|W1|1.3|-0.74|0.24|-0.74|0.90;0001-01-01T00:00:08.251+01:00|W2|1.8|-1.52|0.19|-1.52|0.93;0001-01-01T00:00:08.251+01:00|W3|0.9|-0.06|0.02|-0.06|0.90;0001-01-01T00:00:08.251+01:00|W4|1.5|-1.49|0.04|-1.49|0.27;0001-01-01T00:00:08.251+01:00|W5|1.2|-0.18|0.09|-0.18|1.12;0001-01-01T00:00:08.251+01:00|W6|0.9|-0.61|0.01|-0.61|0.17;0001-01-01T00:00:08.251+01:00|W7|1.5|0.60|0.14|0.60|1.37;0001-01-01T00:00:08.251+01:00|W8|1.7|0.12|0.01|0.12|1.59;0001-01-01T00:00:08.251+01:00|W9|1.4|0.33|0.08|0.33|1.13;0001-01-01T00:00:08.251+01:00|W10|0.2|0.03|0.04|0.03|0.22;0001-01-01T00:00:08.251+01:00|W11|0.8|0.64|0.11|0.64|0.25;0001-01-01T00:00:08.251+01:00|W12|1.6|-1.21|0.17|-1.21|0.77"
112.00;2.22;0001-01-01T00:00:08.3020000+01:00;101.24;-1.04;-49.49;18.9;2.398;-0.514;32.667;-20.578;4.109;-14.018;93.126;-68.751;115.830;"0001-01-01T00:00:08.251+01:00|W1|1.3|-0.74|0.24|-0.74|0.90;0001-01-01T00:00:08.251+01:00|W2|1.8|-1.52|0.19|-1.52|0.93;0001-01-01T00:00:08.251+01:00|W3|0.9|-0.06|0.02|-0.06|0.90;0001-01-01T00:00:08.251+01:00|W4|1.5|-1.49|0.04|-1.49|0.27;0001-01-01T00:00:08.251+01:00|W5|1.2|-0.18|0.09|-0.18|1.12;0001-01-01T00:00:08.251+01:00|W6|0.9|-0.61|0.01|-0.61|0.17;0001-01-01T00:00:08.251+01:00|W7|1.5|0.60|0.14|0.60|1.37;0001-01-01T00:00:08.251+01:00|W8|1.7|0.12|0.01|0.12|1.59;0001-01-01T00:00:08.251+01:00|W9|1.4|0.33|0.08|0.33|1.13;0001-01-01T00:00:08.251+01:00|W10|0.2|0.03|0.04|0.03|0.22;0001-01-01T00:00:08.251+01:00|W11|0.8|0.64|0.11|0.64|0.25;0001-01-01T00:00:08.251+01:00|W12|1.6|-1.21|0.17|-1.21|0.77"
113.00;2.20;0001-01-01T00:00:08.3340000+01:00;102.05;-1.08;-50.09;18.8;2.996;0.140;33.782;-20.480;3.946;-13.896;93.017;-68.786;115.765;"0001-01-01T00:00:08.251+01:00|W1|1.3|-0.74|0.24|-0.74|0.90;0001-01-01T00:00:08.251+01:00|W2|1.8|-1.52|0.19|-1.52|0.93;0001-01-01T00:00:08.251+01:00|W3|0.9|-0.06|0.02|-0.06|0.90;0001-01-01T00:00:08.251+01:00|W4|1.5|-1.49|0.04|-1.49|0.27;0001-01-01T00:00:08.251+01:00|W5|1.2|-0.18|0.09|-0.18|1.12;0001-01-01T00:00:08.251+01:00|W6|0.9|-0.61|0.01|-0.61|0.17;0001-01-01T00:00:08.251+01:00|W7|1.5|0.60|0.14|0.60|1.37;0001-01-01T00:00:08.251+01:00|W8|1.7|0.12|0.01|0.12|1.59;0001-01-01T00:00:08.251+01:00|W9|1.4|0.33|0.08|0.33|1.13;0001-01-01T00:00:08.251+01:00|W10|0.2|0.03|0.04|0.03|0.22;0001-01-01T00:00:08.251+01:00|W11|0.8|0.64|0.11|0.64|0.25;0001-01-01T00:00:08.251+01:00|W12|1.6|-1.21|0.17|-1.21|0.77"
114.00;2.19;0001-01-01T00:00:08.3650000+01:00;102.86;-1.11;-50.68;18.3;3.277;0.793;34.822;-20.383;3.995;-13.774;92.989;-69.009;115.877;"0001-01-01T00:00:08.251+01:00|W1|1.3|-0.74|0.24|-0.74|0.90;0001-01-01T00:00:08.251+01:00|W2|1.8|-1.52|0.19|-1.52|0.93;0001-01-01T00:00:08.251+01:00|W3|0.9|-0.06|0.02|-0.06|0.90;0001-01-01T00:00:08.251+01:00|W4|1.5|-1.49|0.04|-1.49|0.27;0001-01-01T00:00:08.251+01:00|W5|1.2|-0.18|0.09|-0.18|1.12;0001-01-01T00:00:08.251+01:00|W6|0.9|-0.61|0.01|-0.61|0.17;0001-01-01T00:00:08.251+01:00|W7|1.5|0.60|0.14|0.60|1.37;0001-01-01T00:00:08.251+01:00|W8|1.7|0.12|0.01|0.12|1.59;0001-01-01T00:00:08.251+01:00|W9|1.4|0.33|0.08|0.33|1.13;0001-01-01T00:00:08.251+01:00|W10|0.2|0.03|0.04|0.03|0.22;0001-01-01T00:00:08.251+01:00|W11|0.8|0.64|0.11|0.64|0.25;0001-01-01T00:00:08.251+01:00|W12|1.6|-1.21|0.17|-1.21|0.77"
115.00;2.18;0001-01-01T00:00:08.3960000+01:00;103.66;-1.13;-51.27;17.6;3.157;1.445;35.766;-20.286;4.315;-13.653;93.061;-69.469;116.214;"0001-01-01T00:00:08.501+01:00|W1|1.2|-0.56|0.20|-0.56|1.01;0001-01-01T00:00:08.501+01:00|W2|1.7|-1.42|0.25|-1.42|0.91;0001-01-01T00:00:08.501+01:00|W3|0.9|-0.08|0.01|-0.08|0.89;0001-01-01T00:00:08.501+01:00|W4|1.6|-1.51|0.01|-1.51|0.32;0001-01-01T00:00:08.501+01:00|W5|1.2|-0.15|0.04|-0.15|1.12;0001-01-01T00:00:08.501+01:00|W6|0.9|-0.57|0.06|-0.57|0.26;0001-01-01T00:00:08.501+01:00|W7|1.5|0.59|0.19|0.59|1.34;0001-01-01T00:00:08.501+01:00|W8|1.7|0.22|0.01|0.22|1.59;0001-01-01T00:00:08.501+01:00|W9|1.3|0.24|0.05|0.24|1.12;0001-01-01T00:00:08.501+01:00|W10|0.2|0.04|0.04|0.04|0.21;0001-01-01T00:00:08.501+01:00|W11|0.9|0.46|0.11|0.46|0.31;0001-01-01T00:00:08.501+01:00|W12|1.6|-1.21|0.17|-1.21|0.77"
116.00;2.15;0001-01-01T00:00:08.4270000+01:00;104.46;-1.18;-51.88;18.0;3.035;1.249;36.721;-20.166;4.639;-13.816;92.887;-69.577;116.143;"0001-01-01T00:00:08.501+01:00|W1|1.2|-0.56|0.20|-0.56|1.01;0001-01-01T00:00:08.501+01:00|W2|1.7|-1.42|0.25|-1.42|0.91;0001-01-01T00:00:08.501+01:00|W3|0.9|-0.08|0.01|-0.08|0.89;0001-01-01T00:00:08.501+01:00|W4|1.6|-1.51|0.01|-1.51|0.32;0001-01-01T00:00:08.501+01:00|W5|1.2|-0.15|0.04|-0.15|1.12;0001-01-01T00:00:08.501+01:00|W6|0.9|-0.57|0.06|-0.57|0.26;0001-01-01T00:00:08.501+01:00|W7|1.5|0.59|0.19|0.59|1.34;0001-01-01T00:00:08.501+01:00|W8|1.7|0.22|0.01|0.22|1.59;0001-01-01T00:00:08.501+01:00|W9|1.3|0.24|0.05|0.24|1.12;0001-01-01T00:00:08.501+01:00|W10|0.2|0.04|0.04|0.04|0.21;0001-01-01T00:00:08.501+01:00|W11|0.9|0.46|0.11|0.46|0.31;0001-01-01T00:00:08.501+01:00|W12|1.6|-1.21|0.17|-1.21|0.77"
117.00;2.11;0001-01-01T00:00:08.4580000+01:00;105.26;-1.22;-52.49;18.6;2.847;0.877;37.360;-20.041;4.857;-14.037;92.732;-69.679;116.083;"0001-01-01T00:00:08.501+01:00|W1|1.2|-0.56|0.20|-0.56|1.01;0001-01-01T00:00:08.501+01:00|W2|1.7|-1.42|0.25|-1.42|0.91;0001-01-01T00:00:08.501+01:00|W3|0.9|-0.08|0.01|-0.08|0.89;0001-01-01T00:00:08.501+01:00|W4|1.6|-1.51|0.01|-1.51|0.32;0001-01-01T00:00:08.501+01:00|W5|1.2|-0.15|0.04|-0.15|1.12;0001-01-01T00:00:08.501+01:00|W6|0.9|-0.57|0.06|-0.57|0.26;0001-01-01T00:00:08.501+01:00|W7|1.5|0.59|0.19|0.59|1.34;0001-01-01T00:00:08.501+01:00|W8|1.7|0.22|0.01|0.22|1.59;0001-01-01T00:00:08.501+01:00|W9|1.3|0.24|0.05|0.24|1.12;0001-01-01T00:00:08.501+01:00|W10|0.2|0.04|0.04|0.04|0.21;0001-01-01T00:00:08.501+01:00|W11|0.9|0.46|0.11|0.46|0.31;0001-01-01T00:00:08.501+01:00|W12|1.6|-1.21|0.17|-1.21|0.77"
118.00;2.11;0001-01-01T00:00:08.4890000+01:00;106.07;-1.26;-53.07;19.0;2.444;0.512;36.964;-19.919;4.726;-14.254;92.804;-70.000;116.336;"0001-01-01T00:00:08.501+01:00|W1|1.2|-0.56|0.20|-0.56|1.01;0001-01-01T00:00:08.501+01:00|W2|1.7|-1.42|0.25|-1.42|0.91;0001-01-01T00:00:08.501+01:00|W3|0.9|-0.08|0.01|-0.08|0.89;0001-01-01T00:00:08.501+01:00|W4|1.6|-1.51|0.01|-1.51|0.32;0001-01-01T00:00:08.501+01:00|W5|1.2|-0.15|0.04|-0.15|1.12;0001-01-01T00:00:08.501+01:00|W6|0.9|-0.57|0.06|-0.57|0.26;0001-01-01T00:00:08.501+01:00|W7|1.5|0.59|0.19|0.59|1.34;0001-01-01T00:00:08.501+01:00|W8|1.7|0.22|0.01|0.22|1.59;0001-01-01T00:00:08.501+01:00|W9|1.3|0.24|0.05|0.24|1.12;0001-01-01T00:00:08.501+01:00|W10|0.2|0.04|0.04|0.04|0.21;0001-01-01T00:00:08.501+01:00|W11|0.9|0.46|0.11|0.46|0.31;0001-01-01T00:00:08.501+01:00|W12|1.6|-1.21|0.17|-1.21|0.77"
119.00;2.08;0001-01-01T00:00:08.5200000+01:00;106.87;-1.30;-53.68;19.1;2.039;-0.110;36.565;-19.712;4.594;-14.419;92.827;-70.290;116.537;"0001-01-01T00:00:08.501+01:00|W1|1.2|-0.56|0.20|-0.56|1.01;0001-01-01T00:00:08.501+01:00|W2|1.7|-1.42|0.25|-1.42|0.91;0001-01-01T00:00:08.501+01:00|W3|0.9|-0.08|0.01|-0.08|0.89;0001-01-01T00:00:08.501+01:00|W4|1.6|-1.51|0.01|-1.51|0.32;0001-01-01T00:00:08.501+01:00|W5|1.2|-0.15|0.04|-0.15|1.12;0001-01-01T00:00:08.501+01:00|W6|0.9|-0.57|0.06|-0.57|0.26;0001-01-01T00:00:08.501+01:00|W7|1.5|0.59|0.19|0.59|1.34;0001-01-01T00:00:08.501+01:00|W8|1.7|0.22|0.01|0.22|1.59;0001-01-01T00:00:08.501+01:00|W9|1.3|0.24|0.05|0.24|1.12;0001-01-01T00:00:08.501+01:00|W10|0.2|0.04|0.04|0.04|0.21;0001-01-01T00:00:08.501+01:00|W11|0.9|0.46|0.11|0.46|0.31;0001-01-01T00:00:08.501+01:00|W12|1.6|-1.21|0.17|-1.21|0.77"
120.00;2.04;0001-01-01T00:00:08.5510000+01:00;107.66;-1.35;-54.29;18.9;1.633;-0.897;36.164;-19.451;4.462;-14.549;92.818;-70.561;116.705;"0001-01-01T00:00:08.501+01:00|W1|1.2|-0.56|0.20|-0.56|1.01;0001-01-01T00:00:08.501+01:00|W2|1.7|-1.42|0.25|-1.42|0.91;0001-01-01T00:00:08.501+01:00|W3|0.9|-0.08|0.01|-0.08|0.89;0001-01-01T00:00:08.501+01:00|W4|1.6|-1.51|0.01|-1.51|0.32;0001-01-01T00:00:08.501+01:00|W5|1.2|-0.15|0.04|-0.15|1.12;0001-01-01T00:00:08.501+01:00|W6|0.9|-0.57|0.06|-0.57|0.26;0001-01-01T00:00:08.501+01:00|W7|1.5|0.59|0.19|0.59|1.34;0001-01-01T00:00:08.501+01:00|W8|1.7|0.22|0.01|0.22|1.59;0001-01-01T00:00:08.501+01:00|W9|1.3|0.24|0.05|0.24|1.12;0001-01-01T00:00:08.501+01:00|W10|0.2|0.04|0.04|0.04|0.21;0001-01-01T00:00:08.501+01:00|W11|0.9|0.46|0.11|0.46|0.31;0001-01-01T00:00:08.501+01:00|W12|1.6|-1.21|0.17|-1.21|0.77"
121.00;2.00;0001-01-01T00:00:08.5820000+01:00;108.45;-1.40;-54.91;18.7;1.226;-1.684;35.764;-19.191;4.330;-14.679;92.808;-70.831;116.874;"0001-01-01T00:00:08.501+01:00|W1|1.2|-0.56|0.20|-0.56|1.01;0001-01-01T00:00:08.501+01:00|W2|1.7|-1.42|0.25|-1.42|0.91;0001-01-01T00:00:08.501+01:00|W3|0.9|-0.08|0.01|-0.08|0.89;0001-01-01T00:00:08.501+01:00|W4|1.6|-1.51|0.01|-1.51|0.32;0001-01-01T00:00:08.501+01:00|W5|1.2|-0.15|0.04|-0.15|1.12;0001-01-01T00:00:08.501+01:00|W6|0.9|-0.57|0.06|-0.57|0.26;0001-01-01T00:00:08.501+01:00|W7|1.5|0.59|0.19|0.59|1.34;0001-01-01T00:00:08.501+01:00|W8|1.7|0.22|0.01|0.22|1.59;0001-01-01T00:00:08.501+01:00|W9|1.3|0.24|0.05|0.24|1.12;0001-01-01T00:00:08.501+01:00|W10|0.2|0.04|0.04|0.04|0.21;0001-01-01T00:00:08.501+01:00|W11|0.9|0.46|0.11|0.46|0.31;0001-01-01T00:00:08.501+01:00|W12|1.6|-1.21|0.17|-1.21|0.77"
122.00;1.98;0001-01-01T00:00:08.6130000+01:00;109.25;-1.44;-55.51;18.7;0.943;-2.470;35.456;-18.930;4.185;-14.810;92.779;-70.936;116.913;"0001-01-01T00:00:08.501+01:00|W1|1.2|-0.56|0.20|-0.56|1.01;0001-01-01T00:00:08.501+01:00|W2|1.7|-1.42|0.25|-1.42|0.91;0001-01-01T00:00:08.501+01:00|W3|0.9|-0.08|0.01|-0.08|0.89;0001-01-01T00:00:08.501+01:00|W4|1.6|-1.51|0.01|-1.51|0.32;0001-01-01T00:00:08.501+01:00|W5|1.2|-0.15|0.04|-0.15|1.12;0001-01-01T00:00:08.501+01:00|W6|0.9|-0.57|0.06|-0.57|0.26;0001-01-01T00:00:08.501+01:00|W7|1.5|0.59|0.19|0.59|1.34;0001-01-01T00:00:08.501+01:00|W8|1.7|0.22|0.01|0.22|1.59;0001-01-01T00:00:08.501+01:00|W9|1.3|0.24|0.05|0.24|1.12;0001-01-01T00:00:08.501+01:00|W10|0.2|0.04|0.04|0.04|0.21;0001-01-01T00:00:08.501+01:00|W11|0.9|0.46|0.11|0.46|0.31;0001-01-01T00:00:08.501+01:00|W12|1.6|-1.21|0.17|-1.21|0.77"
123.00;1.98;0001-01-01T00:00:08.6440000+01:00;110.06;-1.47;-56.10;19.1;0.858;-3.255;35.296;-18.670;4.020;-14.940;92.719;-70.778;116.744;"0001-01-01T00:00:08.752+01:00|W1|1.2|-0.47|0.13|-0.47|1.02;0001-01-01T00:00:08.752+01:00|W2|1.7|-1.34|0.28|-1.34|0.92;0001-01-01T00:00:08.752+01:00|W3|0.9|-0.11|0.01|-0.11|0.87;0001-01-01T00:00:08.752+01:00|W4|1.5|-1.49|0.01|-1.49|0.34;0001-01-01T00:00:08.752+01:00|W5|1.2|-0.23|0.03|-0.23|1.11;0001-01-01T00:00:08.752+01:00|W6|0.9|-0.52|0.10|-0.52|0.35;0001-01-01T00:00:08.752+01:00|W7|1.5|0.58|0.20|0.58|1.33;0001-01-01T00:00:08.752+01:00|W8|1.7|0.29|0.01|0.29|1.59;0001-01-01T00:00:08.752+01:00|W9|1.4|0.20|0.05|0.20|1.17;0001-01-01T00:00:08.752+01:00|W10|0.2|0.06|0.04|0.06|0.20;0001-01-01T00:00:08.752+01:00|W11|0.9|0.29|0.07|0.29|0.27;0001-01-01T00:00:08.752+01:00|W12|1.6|-1.17|0.16|-1.17|0.83"
124.00;1.94;0001-01-01T00:00:08.6750000+01:00;110.85;-1.51;-56.71;19.0;0.773;-3.369;35.136;-17.859;3.855;-14.752;92.696;-70.886;116.792;"0001-01-01T00:00:08.752+01:00|W1|1.2|-0.47|0.13|-0.47|1.02;0001-01-01T00:00:08.752+01:00|W2|1.7|-1.34|0.28|-1.34|0.92;0001-01-01T00:00:08.752+01:00|W3|0.9|-0.11|0.01|-0.11|0.87;0001-01-01T00:00:08.752+01:00|W4|1.5|-1.49|0.01|-1.49|0.34;0001-01-01T00:00:08.752+01:00|W5|1.2|-0.23|0.03|-0.23|1.11;0001-01-01T00:00:08.752+01:00|W6|0.9|-0.52|0.10|-0.52|0.35;0001-01-01T00:00:08.752+01:00|W7|1.5|0.58|0.20|0.58|1.33;0001-01-01T00:00:08.752+01:00|W8|1.7|0.29|0.01|0.29|1.59;0001-01-01T00:00:08.752+01:00|W9|1.4|0.20|0.05|0.20|1.17;0001-01-01T00:00:08.752+01:00|W10|0.2|0.06|0.04|0.06|0.20;0001-01-01T00:00:08.752+01:00|W11|0.9|0.29|0.07|0.29|0.27;0001-01-01T00:00:08.752+01:00|W12|1.6|-1.17|0.16|-1.17|0.83"
125.00;1.90;0001-01-01T00:00:08.7050000+01:00;111.64;-1.57;-57.33;18.8;0.687;-3.280;34.977;-16.883;3.691;-14.469;92.683;-71.073;116.906;"0001-01-01T00:00:08.752+01:00|W1|1.2|-0.47|0.13|-0.47|1.02;0001-01-01T00:00:08.752+01:00|W2|1.7|-1.34|0.28|-1.34|0.92;0001-01-01T00:00:08.752+01:00|W3|0.9|-0.11|0.01|-0.11|0.87;0001-01-01T00:00:08.752+01:00|W4|1.5|-1.49|0.01|-1.49|0.34;0001-01-01T00:00:08.752+01:00|W5|1.2|-0.23|0.03|-0.23|1.11;0001-01-01T00:00:08.752+01:00|W6|0.9|-0.52|0.10|-0.52|0.35;0001-01-01T00:00:08.752+01:00|W7|1.5|0.58|0.20|0.58|1.33;0001-01-01T00:00:08.752+01:00|W8|1.7|0.29|0.01|0.29|1.59;0001-01-01T00:00:08.752+01:00|W9|1.4|0.20|0.05|0.20|1.17;0001-01-01T00:00:08.752+01:00|W10|0.2|0.06|0.04|0.06|0.20;0001-01-01T00:00:08.752+01:00|W11|0.9|0.29|0.07|0.29|0.27;0001-01-01T00:00:08.752+01:00|W12|1.6|-1.17|0.16|-1.17|0.83"
126.00;1.86;0001-01-01T00:00:08.7360000+01:00;112.43;-1.62;-57.95;18.6;0.602;-3.192;34.818;-15.907;3.526;-14.186;92.670;-71.261;117.021;"0001-01-01T00:00:08.752+01:00|W1|1.2|-0.47|0.13|-0.47|1.02;0001-01-01T00:00:08.752+01:00|W2|1.7|-1.34|0.28|-1.34|0.92;0001-01-01T00:00:08.752+01:00|W3|0.9|-0.11|0.01|-0.11|0.87;0001-01-01T00:00:08.752+01:00|W4|1.5|-1.49|0.01|-1.49|0.34;0001-01-01T00:00:08.752+01:00|W5|1.2|-0.23|0.03|-0.23|1.11;0001-01-01T00:00:08.752+01:00|W6|0.9|-0.52|0.10|-0.52|0.35;0001-01-01T00:00:08.752+01:00|W7|1.5|0.58|0.20|0.58|1.33;0001-01-01T00:00:08.752+01:00|W8|1.7|0.29|0.01|0.29|1.59;0001-01-01T00:00:08.752+01:00|W9|1.4|0.20|0.05|0.20|1.17;0001-01-01T00:00:08.752+01:00|W10|0.2|0.06|0.04|0.06|0.20;0001-01-01T00:00:08.752+01:00|W11|0.9|0.29|0.07|0.29|0.27;0001-01-01T00:00:08.752+01:00|W12|1.6|-1.17|0.16|-1.17|0.83"
127.00;1.82;0001-01-01T00:00:08.7670000+01:00;113.21;-1.67;-58.57;18.4;0.517;-3.104;34.659;-14.931;3.362;-13.903;92.657;-71.449;117.136;"0001-01-01T00:00:08.752+01:00|W1|1.2|-0.47|0.13|-0.47|1.02;0001-01-01T00:00:08.752+01:00|W2|1.7|-1.34|0.28|-1.34|0.92;0001-01-01T00:00:08.752+01:00|W3|0.9|-0.11|0.01|-0.11|0.87;0001-01-01T00:00:08.752+01:00|W4|1.5|-1.49|0.01|-1.49|0.34;0001-01-01T00:00:08.752+01:00|W5|1.2|-0.23|0.03|-0.23|1.11;0001-01-01T00:00:08.752+01:00|W6|0.9|-0.52|0.10|-0.52|0.35;0001-01-01T00:00:08.752+01:00|W7|1.5|0.58|0.20|0.58|1.33;0001-01-01T00:00:08.752+01:00|W8|1.7|0.29|0.01|0.29|1.59;0001-01-01T00:00:08.752+01:00|W9|1.4|0.20|0.05|0.20|1.17;0001-01-01T00:00:08.752+01:00|W10|0.2|0.06|0.04|0.06|0.20;0001-01-01T00:00:08.752+01:00|W11|0.9|0.29|0.07|0.29|0.27;0001-01-01T00:00:08.752+01:00|W12|1.6|-1.17|0.16|-1.17|0.83"
128.00;1.78;0001-01-01T00:00:08.7980000+01:00;114.00;-1.73;-59.19;18.2;0.432;-3.016;34.500;-13.955;3.197;-13.620;92.644;-71.636;117.252;"0001-01-01T00:00:08.752+01:00|W1|1.2|-0.47|0.13|-0.47|1.02;0001-01-01T00:00:08.752+01:00|W2|1.7|-1.34|0.28|-1.34|0.92;0001-01-01T00:00:08.752+01:00|W3|0.9|-0.11|0.01|-0.11|0.87;0001-01-01T00:00:08.752+01:00|W4|1.5|-1.49|0.01|-1.49|0.34;0001-01-01T00:00:08.752+01:00|W5|1.2|-0.23|0.03|-0.23|1.11;0001-01-01T00:00:08.752+01:00|W6|0.9|-0.52|0.10|-0.52|0.35;0001-01-01T00:00:08.752+01:00|W7|1.5|0.58|0.20|0.58|1.33;0001-01-01T00:00:08.752+01:00|W8|1.7|0.29|0.01|0.29|1.59;0001-01-01T00:00:08.752+01:00|W9|1.4|0.20|0.05|0.20|1.17;0001-01-01T00:00:08.752+01:00|W10|0.2|0.06|0.04|0.06|0.20;0001-01-01T00:00:08.752+01:00|W11|0.9|0.29|0.07|0.29|0.27;0001-01-01T00:00:08.752+01:00|W12|1.6|-1.17|0.16|-1.17|0.83"
129.00;1.79;0001-01-01T00:00:08.8290000+01:00;114.82;-1.74;-59.77;17.1;0.777;-2.927;34.204;-12.976;3.083;-13.336;92.830;-71.630;117.394;"0001-01-01T00:00:08.752+01:00|W1|1.2|-0.47|0.13|-0.47|1.02;0001-01-01T00:00:08.752+01:00|W2|1.7|-1.34|0.28|-1.34|0.92;0001-01-01T00:00:08.752+01:00|W3|0.9|-0.11|0.01|-0.11|0.87;0001-01-01T00:00:08.752+01:00|W4|1.5|-1.49|0.01|-1.49|0.34;0001-01-01T00:00:08.752+01:00|W5|1.2|-0.23|0.03|-0.23|1.11;0001-01-01T00:00:08.752+01:00|W6|0.9|-0.52|0.10|-0.52|0.35;0001-01-01T00:00:08.752+01:00|W7|1.5|0.58|0.20|0.58|1.33;0001-01-01T00:00:08.752+01:00|W8|1.7|0.29|0.01|0.29|1.59;0001-01-01T00:00:08.752+01:00|W9|1.4|0.20|0.05|0.20|1.17;0001-01-01T00:00:08.752+01:00|W10|0.2|0.06|0.04|0.06|0.20;0001-01-01T00:00:08.752+01:00|W11|0.9|0.29|0.07|0.29|0.27;0001-01-01T00:00:08.752+01:00|W12|1.6|-1.17|0.16|-1.17|0.83"
130.00;1.78;0001-01-01T00:00:08.8600000+01:00;115.62;-1.77;-60.37;16.3;1.171;-2.696;33.893;-12.236;2.975;-13.195;92.940;-71.720;117.540;"0001-01-01T00:00:08.752+01:00|W1|1.2|-0.47|0.13|-0.47|1.02;0001-01-01T00:00:08.752+01:00|W2|1.7|-1.34|0.28|-1.34|0.92;0001-01-01T00:00:08.752+01:00|W3|0.9|-0.11|0.01|-0.11|0.87;0001-01-01T00:00:08.752+01:00|W4|1.5|-1.49|0.01|-1.49|0.34;0001-01-01T00:00:08.752+01:00|W5|1.2|-0.23|0.03|-0.23|1.11;0001-01-01T00:00:08.752+01:00|W6|0.9|-0.52|0.10|-0.52|0.35;0001-01-01T00:00:08.752+01:00|W7|1.5|0.58|0.20|0.58|1.33;0001-01-01T00:00:08.752+01:00|W8|1.7|0.29|0.01|0.29|1.59;0001-01-01T00:00:08.752+01:00|W9|1.4|0.20|0.05|0.20|1.17;0001-01-01T00:00:08.752+01:00|W10|0.2|0.06|0.04|0.06|0.20;0001-01-01T00:00:08.752+01:00|W11|0.9|0.29|0.07|0.29|0.27;0001-01-01T00:00:08.752+01:00|W12|1.6|-1.17|0.16|-1.17|0.83"
131.00;1.72;0001-01-01T00:00:08.8900000+01:00;116.40;-1.85;-61.00;16.1;1.561;-2.093;33.585;-12.114;2.868;-13.423;92.798;-72.116;117.690;"0001-01-01T00:00:09.001+01:00|W1|1.2|-0.47|0.13|-0.47|1.02;0001-01-01T00:00:09.001+01:00|W2|1.7|-1.34|0.28|-1.34|0.92;0001-01-01T00:00:09.001+01:00|W3|0.9|-0.10|0.01|-0.10|0.86;0001-01-01T00:00:09.001+01:00|W4|1.5|-1.49|0.01|-1.49|0.34;0001-01-01T00:00:09.001+01:00|W5|1.2|-0.15|0.03|-0.15|1.13;0001-01-01T00:00:09.001+01:00|W6|0.8|-0.47|0.13|-0.47|0.40;0001-01-01T00:00:09.001+01:00|W7|1.5|0.57|0.18|0.57|1.35;0001-01-01T00:00:09.001+01:00|W8|1.7|0.21|0.02|0.21|1.58;0001-01-01T00:00:09.001+01:00|W9|1.4|0.16|0.05|0.16|1.15;0001-01-01T00:00:09.001+01:00|W10|0.2|0.07|0.02|0.07|0.18;0001-01-01T00:00:09.001+01:00|W11|1.0|0.24|0.00|0.24|0.20;0001-01-01T00:00:09.001+01:00|W12|1.6|-1.16|0.16|-1.16|0.86"
132.00;1.66;0001-01-01T00:00:08.9210000+01:00;117.17;-1.92;-61.64;15.9;1.952;-1.491;33.276;-11.992;2.761;-13.652;92.656;-72.512;117.842;"0001-01-01T00:00:09.001+01:00|W1|1.2|-0.47|0.13|-0.47|1.02;0001-01-01T00:00:09.001+01:00|W2|1.7|-1.34|0.28|-1.34|0.92;0001-01-01T00:00:09.001+01:00|W3|0.9|-0.10|0.01|-0.10|0.86;0001-01-01T00:00:09.001+01:00|W4|1.5|-1.49|0.01|-1.49|0.34;0001-01-01T00:00:09.001+01:00|W5|1.2|-0.15|0.03|-0.15|1.13;0001-01-01T00:00:09.001+01:00|W6|0.8|-0.47|0.13|-0.47|0.40;0001-01-01T00:00:09.001+01:00|W7|1.5|0.57|0.18|0.57|1.35;0001-01-01T00:00:09.001+01:00|W8|1.7|0.21|0.02|0.21|1.58;0001-01-01T00:00:09.001+01:00|W9|1.4|0.16|0.05|0.16|1.15;0001-01-01T00:00:09.001+01:00|W10|0.2|0.07|0.02|0.07|0.18;0001-01-01T00:00:09.001+01:00|W11|1.0|0.24|0.00|0.24|0.20;0001-01-01T00:00:09.001+01:00|W12|1.6|-1.16|0.16|-1.16|0.86"
133.00;1.61;0001-01-01T00:00:08.9510000+01:00;117.95;-2.00;-62.27;15.8;2.344;-0.888;32.963;-11.871;2.653;-13.880;92.514;-72.903;117.995;"0001-01-01T00:00:09.001+01:00|W1|1.2|-0.47|0.13|-0.47|1.02;0001-01-01T00:00:09.001+01:00|W2|1.7|-1.34|0.28|-1.34|0.92;0001-01-01T00:00:09.001+01:00|W3|0.9|-0.10|0.01|-0.10|0.86;0001-01-01T00:00:09.001+01:00|W4|1.5|-1.49|0.01|-1.49|0.34;0001-01-01T00:00:09.001+01:00|W5|1.2|-0.15|0.03|-0.15|1.13;0001-01-01T00:00:09.001+01:00|W6|0.8|-0.47|0.13|-0.47|0.40;0001-01-01T00:00:09.001+01:00|W7|1.5|0.57|0.18|0.57|1.35;0001-01-01T00:00:09.001+01:00|W8|1.7|0.21|0.02|0.21|1.58;0001-01-01T00:00:09.001+01:00|W9|1.4|0.16|0.05|0.16|1.15;0001-01-01T00:00:09.001+01:00|W10|0.2|0.07|0.02|0.07|0.18;0001-01-01T00:00:09.001+01:00|W11|1.0|0.24|0.00|0.24|0.20;0001-01-01T00:00:09.001+01:00|W12|1.6|-1.16|0.16|-1.16|0.86"
134.00;1.61;0001-01-01T00:00:08.9820000+01:00;118.75;-2.03;-62.87;16.2;3.100;-0.278;31.844;-11.747;2.392;-14.111;92.476;-72.521;117.719;"0001-01-01T00:00:09.001+01:00|W1|1.2|-0.47|0.13|-0.47|1.02;0001-01-01T00:00:09.001+01:00|W2|1.7|-1.34|0.28|-1.34|0.92;0001-01-01T00:00:09.001+01:00|W3|0.9|-0.10|0.01|-0.10|0.86;0001-01-01T00:00:09.001+01:00|W4|1.5|-1.49|0.01|-1.49|0.34;0001-01-01T00:00:09.001+01:00|W5|1.2|-0.15|0.03|-0.15|1.13;0001-01-01T00:00:09.001+01:00|W6|0.8|-0.47|0.13|-0.47|0.40;0001-01-01T00:00:09.001+01:00|W7|1.5|0.57|0.18|0.57|1.35;0001-01-01T00:00:09.001+01:00|W8|1.7|0.21|0.02|0.21|1.58;0001-01-01T00:00:09.001+01:00|W9|1.4|0.16|0.05|0.16|1.15;0001-01-01T00:00:09.001+01:00|W10|0.2|0.07|0.02|0.07|0.18;0001-01-01T00:00:09.001+01:00|W11|1.0|0.24|0.00|0.24|0.20;0001-01-01T00:00:09.001+01:00|W12|1.6|-1.16|0.16|-1.16|0.86"
135.00;1.60;0001-01-01T00:00:09.0130000+01:00;119.55;-2.07;-63.47;16.5;3.853;0.320;30.867;-11.842;2.165;-14.364;92.406;-72.290;117.519;"0001-01-01T00:00:09.001+01:00|W1|1.2|-0.47|0.13|-0.47|1.02;0001-01-01T00:00:09.001+01:00|W2|1.7|-1.34|0.28|-1.34|0.92;0001-01-01T00:00:09.001+01:00|W3|0.9|-0.10|0.01|-0.10|0.86;0001-01-01T00:00:09.001+01:00|W4|1.5|-1.49|0.01|-1.49|0.34;0001-01-01T00:00:09.001+01:00|W5|1.2|-0.15|0.03|-0.15|1.13;0001-01-01T00:00:09.001+01:00|W6|0.8|-0.47|0.13|-0.47|0.40;0001-01-01T00:00:09.001+01:00|W7|1.5|0.57|0.18|0.57|1.35;0001-01-01T00:00:09.001+01:00|W8|1.7|0.21|0.02|0.21|1.58;0001-01-01T00:00:09.001+01:00|W9|1.4|0.16|0.05|0.16|1.15;0001-01-01T00:00:09.001+01:00|W10|0.2|0.07|0.02|0.07|0.18;0001-01-01T00:00:09.001+01:00|W11|1.0|0.24|0.00|0.24|0.20;0001-01-01T00:00:09.001+01:00|W12|1.6|-1.16|0.16|-1.16|0.86"
136.00;1.57;0001-01-01T00:00:09.0440000+01:00;120.34;-2.13;-64.09;16.6;4.602;0.898;30.113;-12.277;1.992;-14.649;92.288;-72.297;117.438;"0001-01-01T00:00:09.001+01:00|W1|1.2|-0.47|0.13|-0.47|1.02;0001-01-01T00:00:09.001+01:00|W2|1.7|-1.34|0.28|-1.34|0.92;0001-01-01T00:00:09.001+01:00|W3|0.9|-0.10|0.01|-0.10|0.86;0001-01-01T00:00:09.001+01:00|W4|1.5|-1.49|0.01|-1.49|0.34;0001-01-01T00:00:09.001+01:00|W5|1.2|-0.15|0.03|-0.15|1.13;0001-01-01T00:00:09.001+01:00|W6|0.8|-0.47|0.13|-0.47|0.40;0001-01-01T00:00:09.001+01:00|W7|1.5|0.57|0.18|0.57|1.35;0001-01-01T00:00:09.001+01:00|W8|1.7|0.21|0.02|0.21|1.58;0001-01-01T00:00:09.001+01:00|W9|1.4|0.16|0.05|0.16|1.15;0001-01-01T00:00:09.001+01:00|W10|0.2|0.07|0.02|0.07|0.18;0001-01-01T00:00:09.001+01:00|W11|1.0|0.24|0.00|0.24|0.20;0001-01-01T00:00:09.001+01:00|W12|1.6|-1.16|0.16|-1.16|0.86"
137.00;1.54;0001-01-01T00:00:09.0740000+01:00;121.13;-2.19;-64.70;16.8;5.284;1.382;29.464;-12.637;1.927;-14.877;92.152;-72.261;117.313;"0001-01-01T00:00:09.001+01:00|W1|1.2|-0.47|0.13|-0.47|1.02;0001-01-01T00:00:09.001+01:00|W2|1.7|-1.34|0.28|-1.34|0.92;0001-01-01T00:00:09.001+01:00|W3|0.9|-0.10|0.01|-0.10|0.86;0001-01-01T00:00:09.001+01:00|W4|1.5|-1.49|0.01|-1.49|0.34;0001-01-01T00:00:09.001+01:00|W5|1.2|-0.15|0.03|-0.15|1.13;0001-01-01T00:00:09.001+01:00|W6|0.8|-0.47|0.13|-0.47|0.40;0001-01-01T00:00:09.001+01:00|W7|1.5|0.57|0.18|0.57|1.35;0001-01-01T00:00:09.001+01:00|W8|1.7|0.21|0.02|0.21|1.58;0001-01-01T00:00:09.001+01:00|W9|1.4|0.16|0.05|0.16|1.15;0001-01-01T00:00:09.001+01:00|W10|0.2|0.07|0.02|0.07|0.18;0001-01-01T00:00:09.001+01:00|W11|1.0|0.24|0.00|0.24|0.20;0001-01-01T00:00:09.001+01:00|W12|1.6|-1.16|0.16|-1.16|0.86"
138.00;1.51;0001-01-01T00:00:09.1050000+01:00;121.92;-2.25;-65.32;16.9;5.866;1.797;28.817;-12.932;1.942;-15.078;92.009;-72.241;117.193;"0001-01-01T00:00:09.001+01:00|W1|1.2|-0.47|0.13|-0.47|1.02;0001-01-01T00:00:09.001+01:00|W2|1.7|-1.34|0.28|-1.34|0.92;0001-01-01T00:00:09.001+01:00|W3|0.9|-0.10|0.01|-0.10|0.86;0001-01-01T00:00:09.001+01:00|W4|1.5|-1.49|0.01|-1.49|0.34;0001-01-01T00:00:09.001+01:00|W5|1.2|-0.15|0.03|-0.15|1.13;0001-01-01T00:00:09.001+01:00|W6|0.8|-0.47|0.13|-0.47|0.40;0001-01-01T00:00:09.001+01:00|W7|1.5|0.57|0.18|0.57|1.35;0001-01-01T00:00:09.001+01:00|W8|1.7|0.21|0.02|0.21|1.58;0001-01-01T00:00:09.001+01:00|W9|1.4|0.16|0.05|0.16|1.15;0001-01-01T00:00:09.001+01:00|W10|0.2|0.07|0.02|0.07|0.18;0001-01-01T00:00:09.001+01:00|W11|1.0|0.24|0.00|0.24|0.20;0001-01-01T00:00:09.001+01:00|W12|1.6|-1.16|0.16|-1.16|0.86"
139.00;1.49;0001-01-01T00:00:09.1360000+01:00;122.71;-2.31;-65.94;17.1;5.951;1.965;27.972;-12.974;2.239;-15.232;91.857;-72.397;117.181;"0001-01-01T00:00:09.250+01:00|W1|0.9|-0.38|0.05|-0.38|0.87;0001-01-01T00:00:09.250+01:00|W2|1.6|-1.30|0.27|-1.30|0.92;0001-01-01T00:00:09.250+01:00|W3|0.9|-0.09|0.01|-0.09|0.86;0001-01-01T00:00:09.250+01:00|W4|1.5|-1.46|0.03|-1.46|0.46;0001-01-01T00:00:09.250+01:00|W5|1.2|-0.15|0.07|-0.15|1.17;0001-01-01T00:00:09.250+01:00|W6|0.8|-0.45|0.16|-0.45|0.42;0001-01-01T00:00:09.250+01:00|W7|1.5|0.55|0.17|0.55|1.34;0001-01-01T00:00:09.250+01:00|W8|1.6|0.17|0.05|0.17|1.49;0001-01-01T00:00:09.250+01:00|W9|1.4|0.14|0.05|0.14|1.14;0001-01-01T00:00:09.250+01:00|W10|0.2|0.11|0.03|0.11|0.16;0001-01-01T00:00:09.250+01:00|W11|1.0|0.31|0.05|0.31|0.21;0001-01-01T00:00:09.250+01:00|W12|1.6|-1.17|0.16|-1.17|0.89"
140.00;1.45;0001-01-01T00:00:09.1670000+01:00;123.49;-2.37;-66.56;17.5;6.035;1.659;27.132;-12.949;2.535;-15.305;91.740;-72.623;117.233;"0001-01-01T00:00:09.250+01:00|W1|0.9|-0.38|0.05|-0.38|0.87;0001-01-01T00:00:09.250+01:00|W2|1.6|-1.30|0.27|-1.30|0.92;0001-01-01T00:00:09.250+01:00|W3|0.9|-0.09|0.01|-0.09|0.86;0001-01-01T00:00:09.250+01:00|W4|1.5|-1.46|0.03|-1.46|0.46;0001-01-01T00:00:09.250+01:00|W5|1.2|-0.15|0.07|-0.15|1.17;0001-01-01T00:00:09.250+01:00|W6|0.8|-0.45|0.16|-0.45|0.42;0001-01-01T00:00:09.250+01:00|W7|1.5|0.55|0.17|0.55|1.34;0001-01-01T00:00:09.250+01:00|W8|1.6|0.17|0.05|0.17|1.49;0001-01-01T00:00:09.250+01:00|W9|1.4|0.14|0.05|0.14|1.14;0001-01-01T00:00:09.250+01:00|W10|0.2|0.11|0.03|0.11|0.16;0001-01-01T00:00:09.250+01:00|W11|1.0|0.31|0.05|0.31|0.21;0001-01-01T00:00:09.250+01:00|W12|1.6|-1.17|0.16|-1.17|0.89"
141.00;1.39;0001-01-01T00:00:09.1980000+01:00;124.26;-2.44;-67.20;18.1;6.119;0.921;26.297;-12.863;2.828;-15.305;91.654;-72.912;117.345;"0001-01-01T00:00:09.250+01:00|W1|0.9|-0.38|0.05|-0.38|0.87;0001-01-01T00:00:09.250+01:00|W2|1.6|-1.30|0.27|-1.30|0.92;0001-01-01T00:00:09.250+01:00|W3|0.9|-0.09|0.01|-0.09|0.86;0001-01-01T00:00:09.250+01:00|W4|1.5|-1.46|0.03|-1.46|0.46;0001-01-01T00:00:09.250+01:00|W5|1.2|-0.15|0.07|-0.15|1.17;0001-01-01T00:00:09.250+01:00|W6|0.8|-0.45|0.16|-0.45|0.42;0001-01-01T00:00:09.250+01:00|W7|1.5|0.55|0.17|0.55|1.34;0001-01-01T00:00:09.250+01:00|W8|1.6|0.17|0.05|0.17|1.49;0001-01-01T00:00:09.250+01:00|W9|1.4|0.14|0.05|0.14|1.14;0001-01-01T00:00:09.250+01:00|W10|0.2|0.11|0.03|0.11|0.16;0001-01-01T00:00:09.250+01:00|W11|1.0|0.31|0.05|0.31|0.21;0001-01-01T00:00:09.250+01:00|W12|1.6|-1.17|0.16|-1.17|0.89"
142.00;1.36;0001-01-01T00:00:09.2280000+01:00;125.05;-2.50;-67.82;18.6;5.297;0.176;25.294;-12.776;3.343;-15.305;91.529;-72.910;117.259;"0001-01-01T00:00:09.250+01:00|W1|0.9|-0.38|0.05|-0.38|0.87;0001-01-01T00:00:09.250+01:00|W2|1.6|-1.30|0.27|-1.30|0.92;0001-01-01T00:00:09.250+01:00|W3|0.9|-0.09|0.01|-0.09|0.86;0001-01-01T00:00:09.250+01:00|W4|1.5|-1.46|0.03|-1.46|0.46;0001-01-01T00:00:09.250+01:00|W5|1.2|-0.15|0.07|-0.15|1.17;0001-01-01T00:00:09.250+01:00|W6|0.8|-0.45|0.16|-0.45|0.42;0001-01-01T00:00:09.250+01:00|W7|1.5|0.55|0.17|0.55|1.34;0001-01-01T00:00:09.250+01:00|W8|1.6|0.17|0.05|0.17|1.49;0001-01-01T00:00:09.250+01:00|W9|1.4|0.14|0.05|0.14|1.14;0001-01-01T00:00:09.250+01:00|W10|0.2|0.11|0.03|0.11|0.16;0001-01-01T00:00:09.250+01:00|W11|1.0|0.31|0.05|0.31|0.21;0001-01-01T00:00:09.250+01:00|W12|1.6|-1.17|0.16|-1.17|0.89"
143.00;1.34;0001-01-01T00:00:09.2590000+01:00;125.84;-2.57;-68.43;18.9;4.361;-0.581;24.214;-13.083;3.780;-15.127;91.417;-72.847;117.146;"0001-01-01T00:00:09.250+01:00|W1|0.9|-0.38|0.05|-0.38|0.87;0001-01-01T00:00:09.250+01:00|W2|1.6|-1.30|0.27|-1.30|0.92;0001-01-01T00:00:09.250+01:00|W3|0.9|-0.09|0.01|-0.09|0.86;0001-01-01T00:00:09.250+01:00|W4|1.5|-1.46|0.03|-1.46|0.46;0001-01-01T00:00:09.250+01:00|W5|1.2|-0.15|0.07|-0.15|1.17;0001-01-01T00:00:09.250+01:00|W6|0.8|-0.45|0.16|-0.45|0.42;0001-01-01T00:00:09.250+01:00|W7|1.5|0.55|0.17|0.55|1.34;0001-01-01T00:00:09.250+01:00|W8|1.6|0.17|0.05|0.17|1.49;0001-01-01T00:00:09.250+01:00|W9|1.4|0.14|0.05|0.14|1.14;0001-01-01T00:00:09.250+01:00|W10|0.2|0.11|0.03|0.11|0.16;0001-01-01T00:00:09.250+01:00|W11|1.0|0.31|0.05|0.31|0.21;0001-01-01T00:00:09.250+01:00|W12|1.6|-1.17|0.16|-1.17|0.89"
144.00;1.31;0001-01-01T00:00:09.2900000+01:00;126.62;-2.63;-69.06;18.4;3.425;-1.367;22.984;-14.448;3.934;-14.474;91.354;-72.720;117.026;"0001-01-01T00:00:09.250+01:00|W1|0.9|-0.38|0.05|-0.38|0.87;0001-01-01T00:00:09.250+01:00|W2|1.6|-1.30|0.27|-1.30|0.92;0001-01-01T00:00:09.250+01:00|W3|0.9|-0.09|0.01|-0.09|0.86;0001-01-01T00:00:09.250+01:00|W4|1.5|-1.46|0.03|-1.46|0.46;0001-01-01T00:00:09.250+01:00|W5|1.2|-0.15|0.07|-0.15|1.17;0001-01-01T00:00:09.250+01:00|W6|0.8|-0.45|0.16|-0.45|0.42;0001-01-01T00:00:09.250+01:00|W7|1.5|0.55|0.17|0.55|1.34;0001-01-01T00:00:09.250+01:00|W8|1.6|0.17|0.05|0.17|1.49;0001-01-01T00:00:09.250+01:00|W9|1.4|0.14|0.05|0.14|1.14;0001-01-01T00:00:09.250+01:00|W10|0.2|0.11|0.03|0.11|0.16;0001-01-01T00:00:09.250+01:00|W11|1.0|0.31|0.05|0.31|0.21;0001-01-01T00:00:09.250+01:00|W12|1.6|-1.17|0.16|-1.17|0.89"
145.00;1.28;0001-01-01T00:00:09.3210000+01:00;127.41;-2.70;-69.68;17.3;2.794;-1.642;22.210;-15.350;3.767;-13.492;91.327;-72.637;116.952;"0001-01-01T00:00:09.250+01:00|W1|0.9|-0.38|0.05|-0.38|0.87;0001-01-01T00:00:09.250+01:00|W2|1.6|-1.30|0.27|-1.30|0.92;0001-01-01T00:00:09.250+01:00|W3|0.9|-0.09|0.01|-0.09|0.86;0001-01-01T00:00:09.250+01:00|W4|1.5|-1.46|0.03|-1.46|0.46;0001-01-01T00:00:09.250+01:00|W5|1.2|-0.15|0.07|-0.15|1.17;0001-01-01T00:00:09.250+01:00|W6|0.8|-0.45|0.16|-0.45|0.42;0001-01-01T00:00:09.250+01:00|W7|1.5|0.55|0.17|0.55|1.34;0001-01-01T00:00:09.250+01:00|W8|1.6|0.17|0.05|0.17|1.49;0001-01-01T00:00:09.250+01:00|W9|1.4|0.14|0.05|0.14|1.14;0001-01-01T00:00:09.250+01:00|W10|0.2|0.11|0.03|0.11|0.16;0001-01-01T00:00:09.250+01:00|W11|1.0|0.31|0.05|0.31|0.21;0001-01-01T00:00:09.250+01:00|W12|1.6|-1.17|0.16|-1.17|0.89"
146.00;1.25;0001-01-01T00:00:09.3520000+01:00;128.19;-2.76;-70.30;15.8;2.338;-1.626;21.695;-15.984;3.423;-12.330;91.317;-72.577;116.903;"0001-01-01T00:00:09.250+01:00|W1|0.9|-0.38|0.05|-0.38|0.87;0001-01-01T00:00:09.250+01:00|W2|1.6|-1.30|0.27|-1.30|0.92;0001-01-01T00:00:09.250+01:00|W3|0.9|-0.09|0.01|-0.09|0.86;0001-01-01T00:00:09.250+01:00|W4|1.5|-1.46|0.03|-1.46|0.46;0001-01-01T00:00:09.250+01:00|W5|1.2|-0.15|0.07|-0.15|1.17;0001-01-01T00:00:09.250+01:00|W6|0.8|-0.45|0.16|-0.45|0.42;0001-01-01T00:00:09.250+01:00|W7|1.5|0.55|0.17|0.55|1.34;0001-01-01T00:00:09.250+01:00|W8|1.6|0.17|0.05|0.17|1.49;0001-01-01T00:00:09.250+01:00|W9|1.4|0.14|0.05|0.14|1.14;0001-01-01T00:00:09.250+01:00|W10|0.2|0.11|0.03|0.11|0.16;0001-01-01T00:00:09.250+01:00|W11|1.0|0.31|0.05|0.31|0.21;0001-01-01T00:00:09.250+01:00|W12|1.6|-1.17|0.16|-1.17|0.89"
147.00;1.22;0001-01-01T00:00:09.3830000+01:00;128.97;-2.83;-70.93;14.0;2.287;-1.065;21.645;-15.917;2.936;-11.035;91.242;-72.517;116.816;"0001-01-01T00:00:09.498+01:00|W1|0.9|-0.38|0.05|-0.38|0.87;0001-01-01T00:00:09.498+01:00|W2|1.6|-1.30|0.27|-1.30|0.92;0001-01-01T00:00:09.498+01:00|W3|0.9|-0.08|0.01|-0.08|0.86;0001-01-01T00:00:09.498+01:00|W4|1.5|-1.46|0.03|-1.46|0.46;0001-01-01T00:00:09.498+01:00|W5|1.2|-0.16|0.06|-0.16|1.17;0001-01-01T00:00:09.498+01:00|W6|0.7|-0.39|0.26|-0.39|0.32;0001-01-01T00:00:09.498+01:00|W7|1.5|0.52|0.21|0.52|1.28;0001-01-01T00:00:09.498+01:00|W8|1.6|0.17|0.05|0.17|1.49;0001-01-01T00:00:09.498+01:00|W9|1.4|0.14|0.05|0.14|1.14;0001-01-01T00:00:09.498+01:00|W10|0.2|0.14|0.03|0.14|0.14;0001-01-01T00:00:09.498+01:00|W11|1.1|0.52|0.09|0.52|0.24;0001-01-01T00:00:09.498+01:00|W12|1.6|-1.19|0.15|-1.19|0.90"
148.00;1.19;0001-01-01T00:00:09.4140000+01:00;129.76;-2.90;-71.55;12.4;2.258;-0.366;21.279;-16.130;2.527;-9.829;91.172;-72.600;116.816;"0001-01-01T00:00:09.498+01:00|W1|0.9|-0.38|0.05|-0.38|0.87;0001-01-01T00:00:09.498+01:00|W2|1.6|-1.30|0.27|-1.30|0.92;0001-01-01T00:00:09.498+01:00|W3|0.9|-0.08|0.01|-0.08|0.86;0001-01-01T00:00:09.498+01:00|W4|1.5|-1.46|0.03|-1.46|0.46;0001-01-01T00:00:09.498+01:00|W5|1.2|-0.16|0.06|-0.16|1.17;0001-01-01T00:00:09.498+01:00|W6|0.7|-0.39|0.26|-0.39|0.32;0001-01-01T00:00:09.498+01:00|W7|1.5|0.52|0.21|0.52|1.28;0001-01-01T00:00:09.498+01:00|W8|1.6|0.17|0.05|0.17|1.49;0001-01-01T00:00:09.498+01:00|W9|1.4|0.14|0.05|0.14|1.14;0001-01-01T00:00:09.498+01:00|W10|0.2|0.14|0.03|0.14|0.14;0001-01-01T00:00:09.498+01:00|W11|1.1|0.52|0.09|0.52|0.24;0001-01-01T00:00:09.498+01:00|W12|1.6|-1.19|0.15|-1.19|0.90"
149.00;1.16;0001-01-01T00:00:09.4450000+01:00;130.54;-2.97;-72.18;11.0;2.262;0.529;20.462;-16.741;2.229;-8.751;91.109;-72.885;116.940;"0001-01-01T00:00:09.498+01:00|W1|0.9|-0.38|0.05|-0.38|0.87;0001-01-01T00:00:09.498+01:00|W2|1.6|-1.30|0.27|-1.30|0.92;0001-01-01T00:00:09.498+01:00|W3|0.9|-0.08|0.01|-0.08|0.86;0001-01-01T00:00:09.498+01:00|W4|1.5|-1.46|0.03|-1.46|0.46;0001-01-01T00:00:09.498+01:00|W5|1.2|-0.16|0.06|-0.16|1.17;0001-01-01T00:00:09.498+01:00|W6|0.7|-0.39|0.26|-0.39|0.32;0001-01-01T00:00:09.498+01:00|W7|1.5|0.52|0.21|0.52|1.28;0001-01-01T00:00:09.498+01:00|W8|1.6|0.17|0.05|0.17|1.49;0001-01-01T00:00:09.498+01:00|W9|1.4|0.14|0.05|0.14|1.14;0001-01-01T00:00:09.498+01:00|W10|0.2|0.14|0.03|0.14|0.14;0001-01-01T00:00:09.498+01:00|W11|1.1|0.52|0.09|0.52|0.24;0001-01-01T00:00:09.498+01:00|W12|1.6|-1.19|0.15|-1.19|0.90"
150.00;1.13;0001-01-01T00:00:09.4760000+01:00;131.32;-3.04;-72.80;10.2;2.029;1.239;18.570;-14.546;2.117;-8.049;90.904;-73.054;116.883;"0001-01-01T00:00:09.498+01:00|W1|0.9|-0.38|0.05|-0.38|0.87;0001-01-01T00:00:09.498+01:00|W2|1.6|-1.30|0.27|-1.30|0.92;0001-01-01T00:00:09.498+01:00|W3|0.9|-0.08|0.01|-0.08|0.86;0001-01-01T00:00:09.498+01:00|W4|1.5|-1.46|0.03|-1.46|0.46;0001-01-01T00:00:09.498+01:00|W5|1.2|-0.16|0.06|-0.16|1.17;0001-01-01T00:00:09.498+01:00|W6|0.7|-0.39|0.26|-0.39|0.32;0001-01-01T00:00:09.498+01:00|W7|1.5|0.52|0.21|0.52|1.28;0001-01-01T00:00:09.498+01:00|W8|1.6|0.17|0.05|0.17|1.49;0001-01-01T00:00:09.498+01:00|W9|1.4|0.14|0.05|0.14|1.14;0001-01-01T00:00:09.498+01:00|W10|0.2|0.14|0.03|0.14|0.14;0001-01-01T00:00:09.498+01:00|W11|1.1|0.52|0.09|0.52|0.24;0001-01-01T00:00:09.498+01:00|W12|1.6|-1.19|0.15|-1.19|0.90"
151.00;1.10;0001-01-01T00:00:09.5060000+01:00;132.10;-3.10;-73.43;9.6;1.496;1.731;16.494;-12.062;2.144;-7.580;90.675;-73.244;116.824;"0001-01-01T00:00:09.498+01:00|W1|0.9|-0.38|0.05|-0.38|0.87;0001-01-01T00:00:09.498+01:00|W2|1.6|-1.30|0.27|-1.30|0.92;0001-01-01T00:00:09.498+01:00|W3|0.9|-0.08|0.01|-0.08|0.86;0001-01-01T00:00:09.498+01:00|W4|1.5|-1.46|0.03|-1.46|0.46;0001-01-01T00:00:09.498+01:00|W5|1.2|-0.16|0.06|-0.16|1.17;0001-01-01T00:00:09.498+01:00|W6|0.7|-0.39|0.26|-0.39|0.32;0001-01-01T00:00:09.498+01:00|W7|1.5|0.52|0.21|0.52|1.28;0001-01-01T00:00:09.498+01:00|W8|1.6|0.17|0.05|0.17|1.49;0001-01-01T00:00:09.498+01:00|W9|1.4|0.14|0.05|0.14|1.14;0001-01-01T00:00:09.498+01:00|W10|0.2|0.14|0.03|0.14|0.14;0001-01-01T00:00:09.498+01:00|W11|1.1|0.52|0.09|0.52|0.24;0001-01-01T00:00:09.498+01:00|W12|1.6|-1.19|0.15|-1.19|0.90"
152.00;1.07;0001-01-01T00:00:09.5370000+01:00;132.89;-3.15;-74.05;9.8;-0.173;1.415;14.831;-11.574;2.598;-7.759;90.499;-73.669;116.976;"0001-01-01T00:00:09.498+01:00|W1|0.9|-0.38|0.05|-0.38|0.87;0001-01-01T00:00:09.498+01:00|W2|1.6|-1.30|0.27|-1.30|0.92;0001-01-01T00:00:09.498+01:00|W3|0.9|-0.08|0.01|-0.08|0.86;0001-01-01T00:00:09.498+01:00|W4|1.5|-1.46|0.03|-1.46|0.46;0001-01-01T00:00:09.498+01:00|W5|1.2|-0.16|0.06|-0.16|1.17;0001-01-01T00:00:09.498+01:00|W6|0.7|-0.39|0.26|-0.39|0.32;0001-01-01T00:00:09.498+01:00|W7|1.5|0.52|0.21|0.52|1.28;0001-01-01T00:00:09.498+01:00|W8|1.6|0.17|0.05|0.17|1.49;0001-01-01T00:00:09.498+01:00|W9|1.4|0.14|0.05|0.14|1.14;0001-01-01T00:00:09.498+01:00|W10|0.2|0.14|0.03|0.14|0.14;0001-01-01T00:00:09.498+01:00|W11|1.1|0.52|0.09|0.52|0.24;0001-01-01T00:00:09.498+01:00|W12|1.6|-1.19|0.15|-1.19|0.90"
153.00;1.03;0001-01-01T00:00:09.5680000+01:00;133.66;-3.23;-74.68;10.8;-1.829;0.424;13.179;-11.266;3.049;-8.203;90.599;-74.129;117.362;"0001-01-01T00:00:09.498+01:00|W1|0.9|-0.38|0.05|-0.38|0.87;0001-01-01T00:00:09.498+01:00|W2|1.6|-1.30|0.27|-1.30|0.92;0001-01-01T00:00:09.498+01:00|W3|0.9|-0.08|0.01|-0.08|0.86;0001-01-01T00:00:09.498+01:00|W4|1.5|-1.46|0.03|-1.46|0.46;0001-01-01T00:00:09.498+01:00|W5|1.2|-0.16|0.06|-0.16|1.17;0001-01-01T00:00:09.498+01:00|W6|0.7|-0.39|0.26|-0.39|0.32;0001-01-01T00:00:09.498+01:00|W7|1.5|0.52|0.21|0.52|1.28;0001-01-01T00:00:09.498+01:00|W8|1.6|0.17|0.05|0.17|1.49;0001-01-01T00:00:09.498+01:00|W9|1.4|0.14|0.05|0.14|1.14;0001-01-01T00:00:09.498+01:00|W10|0.2|0.14|0.03|0.14|0.14;0001-01-01T00:00:09.498+01:00|W11|1.1|0.52|0.09|0.52|0.24;0001-01-01T00:00:09.498+01:00|W12|1.6|-1.19|0.15|-1.19|0.90"
154.00;0.97;0001-01-01T00:00:09.5990000+01:00;134.43;-3.32;-75.32;12.3;-3.477;-1.088;11.537;-11.097;3.498;-8.853;90.911;-74.616;117.929;"0001-01-01T00:00:09.498+01:00|W1|0.9|-0.38|0.05|-0.38|0.87;0001-01-01T00:00:09.498+01:00|W2|1.6|-1.30|0.27|-1.30|0.92;0001-01-01T00:00:09.498+01:00|W3|0.9|-0.08|0.01|-0.08|0.86;0001-01-01T00:00:09.498+01:00|W4|1.5|-1.46|0.03|-1.46|0.46;0001-01-01T00:00:09.498+01:00|W5|1.2|-0.16|0.06|-0.16|1.17;0001-01-01T00:00:09.498+01:00|W6|0.7|-0.39|0.26|-0.39|0.32;0001-01-01T00:00:09.498+01:00|W7|1.5|0.52|0.21|0.52|1.28;0001-01-01T00:00:09.498+01:00|W8|1.6|0.17|0.05|0.17|1.49;0001-01-01T00:00:09.498+01:00|W9|1.4|0.14|0.05|0.14|1.14;0001-01-01T00:00:09.498+01:00|W10|0.2|0.14|0.03|0.14|0.14;0001-01-01T00:00:09.498+01:00|W11|1.1|0.52|0.09|0.52|0.24;0001-01-01T00:00:09.498+01:00|W12|1.6|-1.19|0.15|-1.19|0.90"
155.00;0.95;0001-01-01T00:00:09.6300000+01:00;135.21;-3.40;-75.94;12.8;-5.712;-3.336;8.582;-10.519;3.930;-8.862;91.285;-74.929;118.414;"0001-01-01T00:00:09.751+01:00|W1|0.9|-0.43|0.16|-0.43|0.72;0001-01-01T00:00:09.751+01:00|W2|1.7|-1.43|0.15|-1.43|0.90;0001-01-01T00:00:09.751+01:00|W3|0.9|-0.08|0.01|-0.08|0.88;0001-01-01T00:00:09.751+01:00|W4|1.6|-1.61|0.18|-1.61|0.36;0001-01-01T00:00:09.751+01:00|W5|1.3|-0.17|0.12|-0.17|1.25;0001-01-01T00:00:09.751+01:00|W6|0.7|-0.40|0.30|-0.40|0.22;0001-01-01T00:00:09.751+01:00|W7|1.4|0.50|0.25|0.50|1.21;0001-01-01T00:00:09.751+01:00|W8|1.3|0.24|0.29|0.24|1.20;0001-01-01T00:00:09.751+01:00|W9|1.3|0.09|0.01|0.09|1.11;0001-01-01T00:00:09.751+01:00|W10|0.2|0.16|0.03|0.16|0.11;0001-01-01T00:00:09.751+01:00|W11|1.0|0.65|0.06|0.65|0.17;0001-01-01T00:00:09.751+01:00|W12|1.6|-0.96|0.16|-0.96|1.21"
156.00;0.93;0001-01-01T00:00:09.6600000+01:00;136.00;-3.49;-76.56;13.1;-7.900;-5.623;5.676;-9.914;4.269;-8.825;91.570;-75.096;118.733;"0001-01-01T00:00:09.751+01:00|W1|0.9|-0.43|0.16|-0.43|0.72;0001-01-01T00:00:09.751+01:00|W2|1.7|-1.43|0.15|-1.43|0.90;0001-01-01T00:00:09.751+01:00|W3|0.9|-0.08|0.01|-0.08|0.88;0001-01-01T00:00:09.751+01:00|W4|1.6|-1.61|0.18|-1.61|0.36;0001-01-01T00:00:09.751+01:00|W5|1.3|-0.17|0.12|-0.17|1.25;0001-01-01T00:00:09.751+01:00|W6|0.7|-0.40|0.30|-0.40|0.22;0001-01-01T00:00:09.751+01:00|W7|1.4|0.50|0.25|0.50|1.21;0001-01-01T00:00:09.751+01:00|W8|1.3|0.24|0.29|0.24|1.20;0001-01-01T00:00:09.751+01:00|W9|1.3|0.09|0.01|0.09|1.11;0001-01-01T00:00:09.751+01:00|W10|0.2|0.16|0.03|0.16|0.11;0001-01-01T00:00:09.751+01:00|W11|1.0|0.65|0.06|0.65|0.17;0001-01-01T00:00:09.751+01:00|W12|1.6|-0.96|0.16|-0.96|1.21"
157.00;0.87;0001-01-01T00:00:09.6900000+01:00;136.77;-3.58;-77.20;13.2;-9.879;-7.883;3.103;-9.316;4.394;-8.788;91.638;-74.956;118.684;"0001-01-01T00:00:09.751+01:00|W1|0.9|-0.43|0.16|-0.43|0.72;0001-01-01T00:00:09.751+01:00|W2|1.7|-1.43|0.15|-1.43|0.90;0001-01-01T00:00:09.751+01:00|W3|0.9|-0.08|0.01|-0.08|0.88;0001-01-01T00:00:09.751+01:00|W4|1.6|-1.61|0.18|-1.61|0.36;0001-01-01T00:00:09.751+01:00|W5|1.3|-0.17|0.12|-0.17|1.25;0001-01-01T00:00:09.751+01:00|W6|0.7|-0.40|0.30|-0.40|0.22;0001-01-01T00:00:09.751+01:00|W7|1.4|0.50|0.25|0.50|1.21;0001-01-01T00:00:09.751+01:00|W8|1.3|0.24|0.29|0.24|1.20;0001-01-01T00:00:09.751+01:00|W9|1.3|0.09|0.01|0.09|1.11;0001-01-01T00:00:09.751+01:00|W10|0.2|0.16|0.03|0.16|0.11;0001-01-01T00:00:09.751+01:00|W11|1.0|0.65|0.06|0.65|0.17;0001-01-01T00:00:09.751+01:00|W12|1.6|-0.96|0.16|-0.96|1.21"
158.00;0.81;0001-01-01T00:00:09.7210000+01:00;137.54;-3.63;-77.84;12.9;-11.264;-10.172;1.593;-8.711;4.235;-8.751;91.586;-75.088;118.714;"0001-01-01T00:00:09.751+01:00|W1|0.9|-0.43|0.16|-0.43|0.72;0001-01-01T00:00:09.751+01:00|W2|1.7|-1.43|0.15|-1.43|0.90;0001-01-01T00:00:09.751+01:00|W3|0.9|-0.08|0.01|-0.08|0.88;0001-01-01T00:00:09.751+01:00|W4|1.6|-1.61|0.18|-1.61|0.36;0001-01-01T00:00:09.751+01:00|W5|1.3|-0.17|0.12|-0.17|1.25;0001-01-01T00:00:09.751+01:00|W6|0.7|-0.40|0.30|-0.40|0.22;0001-01-01T00:00:09.751+01:00|W7|1.4|0.50|0.25|0.50|1.21;0001-01-01T00:00:09.751+01:00|W8|1.3|0.24|0.29|0.24|1.20;0001-01-01T00:00:09.751+01:00|W9|1.3|0.09|0.01|0.09|1.11;0001-01-01T00:00:09.751+01:00|W10|0.2|0.16|0.03|0.16|0.11;0001-01-01T00:00:09.751+01:00|W11|1.0|0.65|0.06|0.65|0.17;0001-01-01T00:00:09.751+01:00|W12|1.6|-0.96|0.16|-0.96|1.21"
159.00;0.75;0001-01-01T00:00:09.7510000+01:00;138.31;-3.67;-78.48;12.3;-12.304;-12.459;0.697;-8.104;3.915;-8.704;91.485;-75.362;118.798;"0001-01-01T00:00:09.751+01:00|W1|0.9|-0.43|0.16|-0.43|0.72;0001-01-01T00:00:09.751+01:00|W2|1.7|-1.43|0.15|-1.43|0.90;0001-01-01T00:00:09.751+01:00|W3|0.9|-0.08|0.01|-0.08|0.88;0001-01-01T00:00:09.751+01:00|W4|1.6|-1.61|0.18|-1.61|0.36;0001-01-01T00:00:09.751+01:00|W5|1.3|-0.17|0.12|-0.17|1.25;0001-01-01T00:00:09.751+01:00|W6|0.7|-0.40|0.30|-0.40|0.22;0001-01-01T00:00:09.751+01:00|W7|1.4|0.50|0.25|0.50|1.21;0001-01-01T00:00:09.751+01:00|W8|1.3|0.24|0.29|0.24|1.20;0001-01-01T00:00:09.751+01:00|W9|1.3|0.09|0.01|0.09|1.11;0001-01-01T00:00:09.751+01:00|W10|0.2|0.16|0.03|0.16|0.11;0001-01-01T00:00:09.751+01:00|W11|1.0|0.65|0.06|0.65|0.17;0001-01-01T00:00:09.751+01:00|W12|1.6|-0.96|0.16|-0.96|1.21"
160.00;0.70;0001-01-01T00:00:09.7820000+01:00;139.08;-3.73;-79.11;11.1;-12.369;-13.703;1.224;-7.621;3.345;-8.030;92.448;-75.140;119.406;"0001-01-01T00:00:09.751+01:00|W1|0.9|-0.43|0.16|-0.43|0.72;0001-01-01T00:00:09.751+01:00|W2|1.7|-1.43|0.15|-1.43|0.90;0001-01-01T00:00:09.751+01:00|W3|0.9|-0.08|0.01|-0.08|0.88;0001-01-01T00:00:09.751+01:00|W4|1.6|-1.61|0.18|-1.61|0.36;0001-01-01T00:00:09.751+01:00|W5|1.3|-0.17|0.12|-0.17|1.25;0001-01-01T00:00:09.751+01:00|W6|0.7|-0.40|0.30|-0.40|0.22;0001-01-01T00:00:09.751+01:00|W7|1.4|0.50|0.25|0.50|1.21;0001-01-01T00:00:09.751+01:00|W8|1.3|0.24|0.29|0.24|1.20;0001-01-01T00:00:09.751+01:00|W9|1.3|0.09|0.01|0.09|1.11;0001-01-01T00:00:09.751+01:00|W10|0.2|0.16|0.03|0.16|0.11;0001-01-01T00:00:09.751+01:00|W11|1.0|0.65|0.06|0.65|0.17;0001-01-01T00:00:09.751+01:00|W12|1.6|-0.96|0.16|-0.96|1.21"
161.00;0.65;0001-01-01T00:00:09.8120000+01:00;139.86;-3.80;-79.74;9.8;-12.177;-14.680;1.174;-7.165;2.703;-7.371;93.309;-75.080;120.042;"0001-01-01T00:00:09.751+01:00|W1|0.9|-0.43|0.16|-0.43|0.72;0001-01-01T00:00:09.751+01:00|W2|1.7|-1.43|0.15|-1.43|0.90;0001-01-01T00:00:09.751+01:00|W3|0.9|-0.08|0.01|-0.08|0.88;0001-01-01T00:00:09.751+01:00|W4|1.6|-1.61|0.18|-1.61|0.36;0001-01-01T00:00:09.751+01:00|W5|1.3|-0.17|0.12|-0.17|1.25;0001-01-01T00:00:09.751+01:00|W6|0.7|-0.40|0.30|-0.40|0.22;0001-01-01T00:00:09.751+01:00|W7|1.4|0.50|0.25|0.50|1.21;0001-01-01T00:00:09.751+01:00|W8|1.3|0.24|0.29|0.24|1.20;0001-01-01T00:00:09.751+01:00|W9|1.3|0.09|0.01|0.09|1.11;0001-01-01T00:00:09.751+01:00|W10|0.2|0.16|0.03|0.16|0.11;0001-01-01T00:00:09.751+01:00|W11|1.0|0.65|0.06|0.65|0.17;0001-01-01T00:00:09.751+01:00|W12|1.6|-0.96|0.16|-0.96|1.21"
162.00;0.61;0001-01-01T00:00:09.8420000+01:00;140.63;-3.87;-80.37;8.4;-11.537;-15.194;0.120;-6.754;1.939;-6.739;93.992;-75.302;120.719;"0001-01-01T00:00:09.751+01:00|W1|0.9|-0.43|0.16|-0.43|0.72;0001-01-01T00:00:09.751+01:00|W2|1.7|-1.43|0.15|-1.43|0.90;0001-01-01T00:00:09.751+01:00|W3|0.9|-0.08|0.01|-0.08|0.88;0001-01-01T00:00:09.751+01:00|W4|1.6|-1.61|0.18|-1.61|0.36;0001-01-01T00:00:09.751+01:00|W5|1.3|-0.17|0.12|-0.17|1.25;0001-01-01T00:00:09.751+01:00|W6|0.7|-0.40|0.30|-0.40|0.22;0001-01-01T00:00:09.751+01:00|W7|1.4|0.50|0.25|0.50|1.21;0001-01-01T00:00:09.751+01:00|W8|1.3|0.24|0.29|0.24|1.20;0001-01-01T00:00:09.751+01:00|W9|1.3|0.09|0.01|0.09|1.11;0001-01-01T00:00:09.751+01:00|W10|0.2|0.16|0.03|0.16|0.11;0001-01-01T00:00:09.751+01:00|W11|1.0|0.65|0.06|0.65|0.17;0001-01-01T00:00:09.751+01:00|W12|1.6|-0.96|0.16|-0.96|1.21"
163.00;0.57;0001-01-01T00:00:09.8720000+01:00;141.41;-3.94;-81.00;7.0;-10.182;-14.959;-1.239;-5.670;1.071;-6.134;94.044;-75.449;120.849;"0001-01-01T00:00:09.751+01:00|W1|0.9|-0.43|0.16|-0.43|0.72;0001-01-01T00:00:09.751+01:00|W2|1.7|-1.43|0.15|-1.43|0.90;0001-01-01T00:00:09.751+01:00|W3|0.9|-0.08|0.01|-0.08|0.88;0001-01-01T00:00:09.751+01:00|W4|1.6|-1.61|0.18|-1.61|0.36;0001-01-01T00:00:09.751+01:00|W5|1.3|-0.17|0.12|-0.17|1.25;0001-01-01T00:00:09.751+01:00|W6|0.7|-0.40|0.30|-0.40|0.22;0001-01-01T00:00:09.751+01:00|W7|1.4|0.50|0.25|0.50|1.21;0001-01-01T00:00:09.751+01:00|W8|1.3|0.24|0.29|0.24|1.20;0001-01-01T00:00:09.751+01:00|W9|1.3|0.09|0.01|0.09|1.11;0001-01-01T00:00:09.751+01:00|W10|0.2|0.16|0.03|0.16|0.11;0001-01-01T00:00:09.751+01:00|W11|1.0|0.65|0.06|0.65|0.17;0001-01-01T00:00:09.751+01:00|W12|1.6|-0.96|0.16|-0.96|1.21"
164.00;0.53;0001-01-01T00:00:09.9020000+01:00;142.20;-4.01;-81.62;5.6;-8.526;-14.409;-2.693;-4.303;0.160;-5.546;93.820;-75.575;120.747;"0001-01-01T00:00:10.002+01:00|W1|0.9|-0.43|0.16|-0.43|0.72;0001-01-01T00:00:10.002+01:00|W2|1.7|-1.43|0.15|-1.43|0.90;0001-01-01T00:00:10.002+01:00|W3|0.9|-0.08|0.01|-0.08|0.88;0001-01-01T00:00:10.002+01:00|W4|1.6|-1.61|0.18|-1.61|0.36;0001-01-01T00:00:10.002+01:00|W5|1.3|-0.17|0.12|-0.17|1.25;0001-01-01T00:00:10.002+01:00|W6|0.7|-0.40|0.30|-0.40|0.22;0001-01-01T00:00:10.002+01:00|W7|1.4|0.50|0.25|0.50|1.21;0001-01-01T00:00:10.002+01:00|W8|1.3|0.24|0.29|0.24|1.20;0001-01-01T00:00:10.002+01:00|W9|1.3|0.09|0.01|0.09|1.11;0001-01-01T00:00:10.002+01:00|W10|0.2|0.16|0.03|0.16|0.11;0001-01-01T00:00:10.002+01:00|W11|1.0|0.65|0.06|0.65|0.17;0001-01-01T00:00:10.002+01:00|W12|1.6|-0.96|0.16|-0.96|1.21"
165.00;0.47;0001-01-01T00:00:09.9310000+01:00;142.97;-4.08;-82.25;4.5;-7.316;-14.408;-2.397;-3.389;-0.665;-5.201;93.544;-76.258;120.949;"0001-01-01T00:00:10.002+01:00|W1|0.9|-0.43|0.16|-0.43|0.72;0001-01-01T00:00:10.002+01:00|W2|1.7|-1.43|0.15|-1.43|0.90;0001-01-01T00:00:10.002+01:00|W3|0.9|-0.08|0.01|-0.08|0.88;0001-01-01T00:00:10.002+01:00|W4|1.6|-1.61|0.18|-1.61|0.36;0001-01-01T00:00:10.002+01:00|W5|1.3|-0.17|0.12|-0.17|1.25;0001-01-01T00:00:10.002+01:00|W6|0.7|-0.40|0.30|-0.40|0.22;0001-01-01T00:00:10.002+01:00|W7|1.4|0.50|0.25|0.50|1.21;0001-01-01T00:00:10.002+01:00|W8|1.3|0.24|0.29|0.24|1.20;0001-01-01T00:00:10.002+01:00|W9|1.3|0.09|0.01|0.09|1.11;0001-01-01T00:00:10.002+01:00|W10|0.2|0.16|0.03|0.16|0.11;0001-01-01T00:00:10.002+01:00|W11|1.0|0.65|0.06|0.65|0.17;0001-01-01T00:00:10.002+01:00|W12|1.6|-0.96|0.16|-0.96|1.21"
166.00;0.41;0001-01-01T00:00:09.9610000+01:00;143.75;-4.14;-82.89;3.6;-7.994;-15.125;-2.630;-3.502;-1.522;-4.920;92.753;-77.287;121.001;"0001-01-01T00:00:10.002+01:00|W1|0.9|-0.43|0.16|-0.43|0.72;0001-01-01T00:00:10.002+01:00|W2|1.7|-1.43|0.15|-1.43|0.90;0001-01-01T00:00:10.002+01:00|W3|0.9|-0.08|0.01|-0.08|0.88;0001-01-01T00:00:10.002+01:00|W4|1.6|-1.61|0.18|-1.61|0.36;0001-01-01T00:00:10.002+01:00|W5|1.3|-0.17|0.12|-0.17|1.25;0001-01-01T00:00:10.002+01:00|W6|0.7|-0.40|0.30|-0.40|0.22;0001-01-01T00:00:10.002+01:00|W7|1.4|0.50|0.25|0.50|1.21;0001-01-01T00:00:10.002+01:00|W8|1.3|0.24|0.29|0.24|1.20;0001-01-01T00:00:10.002+01:00|W9|1.3|0.09|0.01|0.09|1.11;0001-01-01T00:00:10.002+01:00|W10|0.2|0.16|0.03|0.16|0.11;0001-01-01T00:00:10.002+01:00|W11|1.0|0.65|0.06|0.65|0.17;0001-01-01T00:00:10.002+01:00|W12|1.6|-0.96|0.16|-0.96|1.21"
167.00;0.33;0001-01-01T00:00:09.9910000+01:00;144.51;-4.18;-83.53;3.5;-12.237;-17.199;-3.861;-5.554;-2.439;-4.761;90.991;-78.967;120.800;"0001-01-01T00:00:10.002+01:00|W1|0.9|-0.43|0.16|-0.43|0.72;0001-01-01T00:00:10.002+01:00|W2|1.7|-1.43|0.15|-1.43|0.90;0001-01-01T00:00:10.002+01:00|W3|0.9|-0.08|0.01|-0.08|0.88;0001-01-01T00:00:10.002+01:00|W4|1.6|-1.61|0.18|-1.61|0.36;0001-01-01T00:00:10.002+01:00|W5|1.3|-0.17|0.12|-0.17|1.25;0001-01-01T00:00:10.002+01:00|W6|0.7|-0.40|0.30|-0.40|0.22;0001-01-01T00:00:10.002+01:00|W7|1.4|0.50|0.25|0.50|1.21;0001-01-01T00:00:10.002+01:00|W8|1.3|0.24|0.29|0.24|1.20;0001-01-01T00:00:10.002+01:00|W9|1.3|0.09|0.01|0.09|1.11;0001-01-01T00:00:10.002+01:00|W10|0.2|0.16|0.03|0.16|0.11;0001-01-01T00:00:10.002+01:00|W11|1.0|0.65|0.06|0.65|0.17;0001-01-01T00:00:10.002+01:00|W12|1.6|-0.96|0.16|-0.96|1.21"
168.00;0.23;0001-01-01T00:00:10.0210000+01:00;145.27;-4.26;-84.19;2.0;-16.493;-21.188;-5.096;-6.913;-3.359;-4.534;90.171;-79.800;120.709;"0001-01-01T00:00:10.002+01:00|W1|0.9|-0.43|0.16|-0.43|0.72;0001-01-01T00:00:10.002+01:00|W2|1.7|-1.43|0.15|-1.43|0.90;0001-01-01T00:00:10.002+01:00|W3|0.9|-0.08|0.01|-0.08|0.88;0001-01-01T00:00:10.002+01:00|W4|1.6|-1.61|0.18|-1.61|0.36;0001-01-01T00:00:10.002+01:00|W5|1.3|-0.17|0.12|-0.17|1.25;0001-01-01T00:00:10.002+01:00|W6|0.7|-0.40|0.30|-0.40|0.22;0001-01-01T00:00:10.002+01:00|W7|1.4|0.50|0.25|0.50|1.21;0001-01-01T00:00:10.002+01:00|W8|1.3|0.24|0.29|0.24|1.20;0001-01-01T00:00:10.002+01:00|W9|1.3|0.09|0.01|0.09|1.11;0001-01-01T00:00:10.002+01:00|W10|0.2|0.16|0.03|0.16|0.11;0001-01-01T00:00:10.002+01:00|W11|1.0|0.65|0.06|0.65|0.17;0001-01-01T00:00:10.002+01:00|W12|1.6|-0.96|0.16|-0.96|1.21"
169.00;0.12;0001-01-01T00:00:10.0510000+01:00;146.02;-4.35;-84.85;0.0;-20.800;-26.106;-6.357;-7.911;-4.276;-4.266;89.818;-80.142;120.615;"0001-01-01T00:00:10.002+01:00|W1|0.9|-0.43|0.16|-0.43|0.72;0001-01-01T00:00:10.002+01:00|W2|1.7|-1.43|0.15|-1.43|0.90;0001-01-01T00:00:10.002+01:00|W3|0.9|-0.08|0.01|-0.08|0.88;0001-01-01T00:00:10.002+01:00|W4|1.6|-1.61|0.18|-1.61|0.36;0001-01-01T00:00:10.002+01:00|W5|1.3|-0.17|0.12|-0.17|1.25;0001-01-01T00:00:10.002+01:00|W6|0.7|-0.40|0.30|-0.40|0.22;0001-01-01T00:00:10.002+01:00|W7|1.4|0.50|0.25|0.50|1.21;0001-01-01T00:00:10.002+01:00|W8|1.3|0.24|0.29|0.24|1.20;0001-01-01T00:00:10.002+01:00|W9|1.3|0.09|0.01|0.09|1.11;0001-01-01T00:00:10.002+01:00|W10|0.2|0.16|0.03|0.16|0.11;0001-01-01T00:00:10.002+01:00|W11|1.0|0.65|0.06|0.65|0.17;0001-01-01T00:00:10.002+01:00|W12|1.6|-0.96|0.16|-0.96|1.21"
170.00;0.05;0001-01-01T00:00:10.0820000+01:00;146.79;-4.40;-85.50;1.2;-29.285;-31.533;-9.916;-6.506;-4.759;-3.256;90.542;-72.788;116.368;"0001-01-01T00:00:10.002+01:00|W1|0.9|-0.43|0.16|-0.43|0.72;0001-01-01T00:00:10.002+01:00|W2|1.7|-1.43|0.15|-1.43|0.90;0001-01-01T00:00:10.002+01:00|W3|0.9|-0.08|0.01|-0.08|0.88;0001-01-01T00:00:10.002+01:00|W4|1.6|-1.61|0.18|-1.61|0.36;0001-01-01T00:00:10.002+01:00|W5|1.3|-0.17|0.12|-0.17|1.25;0001-01-01T00:00:10.002+01:00|W6|0.7|-0.40|0.30|-0.40|0.22;0001-01-01T00:00:10.002+01:00|W7|1.4|0.50|0.25|0.50|1.21;0001-01-01T00:00:10.002+01:00|W8|1.3|0.24|0.29|0.24|1.20;0001-01-01T00:00:10.002+01:00|W9|1.3|0.09|0.01|0.09|1.11;0001-01-01T00:00:10.002+01:00|W10|0.2|0.16|0.03|0.16|0.11;0001-01-01T00:00:10.002+01:00|W11|1.0|0.65|0.06|0.65|0.17;0001-01-01T00:00:10.002+01:00|W12|1.6|-0.96|0.16|-0.96|1.21"
171.00;0.01;0001-01-01T00:00:10.1120000+01:00;147.56;-4.45;-86.12;2.4;-34.378;-34.689;-11.958;-5.539;-5.048;-2.082;91.463;-69.190;114.855;"0001-01-01T00:00:10.002+01:00|W1|0.9|-0.43|0.16|-0.43|0.72;0001-01-01T00:00:10.002+01:00|W2|1.7|-1.43|0.15|-1.43|0.90;0001-01-01T00:00:10.002+01:00|W3|0.9|-0.08|0.01|-0.08|0.88;0001-01-01T00:00:10.002+01:00|W4|1.6|-1.61|0.18|-1.61|0.36;0001-01-01T00:00:10.002+01:00|W5|1.3|-0.17|0.12|-0.17|1.25;0001-01-01T00:00:10.002+01:00|W6|0.7|-0.40|0.30|-0.40|0.22;0001-01-01T00:00:10.002+01:00|W7|1.4|0.50|0.25|0.50|1.21;0001-01-01T00:00:10.002+01:00|W8|1.3|0.24|0.29|0.24|1.20;0001-01-01T00:00:10.002+01:00|W9|1.3|0.09|0.01|0.09|1.11;0001-01-01T00:00:10.002+01:00|W10|0.2|0.16|0.03|0.16|0.11;0001-01-01T00:00:10.002+01:00|W11|1.0|0.65|0.06|0.65|0.17;0001-01-01T00:00:10.002+01:00|W12|1.6|-0.96|0.16|-0.96|1.21"
172.00;0.00;0001-01-01T00:00:10.1420000+01:00;148.33;-4.49;-86.71;3.6;-34.142;-34.277;-11.617;-5.261;-5.034;-0.649;92.690;-71.488;117.230;"0001-01-01T00:00:10.249+01:00|W1|0.8|-0.44|0.22|-0.44|0.65;0001-01-01T00:00:10.249+01:00|W2|1.8|-1.49|0.08|-1.49|0.90;0001-01-01T00:00:10.249+01:00|W3|1.0|-0.10|0.06|-0.10|0.94;0001-01-01T00:00:10.249+01:00|W4|1.7|-1.70|0.26|-1.70|0.26;0001-01-01T00:00:10.249+01:00|W5|1.2|-0.12|0.00|-0.12|1.15;0001-01-01T00:00:10.249+01:00|W6|0.6|-0.44|0.40|-0.44|0.11;0001-01-01T00:00:10.249+01:00|W7|1.4|0.48|0.28|0.48|1.11;0001-01-01T00:00:10.249+01:00|W8|1.0|0.43|0.46|0.43|0.94;0001-01-01T00:00:10.249+01:00|W9|1.4|0.04|0.03|0.04|1.18;0001-01-01T00:00:10.249+01:00|W10|0.2|0.18|0.04|0.18|0.10;0001-01-01T00:00:10.249+01:00|W11|1.0|0.73|0.02|0.73|0.25;0001-01-01T00:00:10.249+01:00|W12|1.6|-0.67|0.13|-0.67|1.38"
