Position,Height above ground [m],Time,X [m],Y [m],Z [m],Opening Angle [°],Stalling Angle Left [°],Stalling Angle Right [°],Roll Angle Left [°],Roll Angle Right [°],Yaw Angle Left [°],Yaw Angle Right [°],Speed hor. [km/h],Speed vert. [km/h],Speed resulting [km/h],W1_Speed,W1_Tangent,W1_Turbulence,W1_CleanTan,W1_Cross,W2_Speed,W2_Tangent,W2_Turbulence,W2_CleanTan,W2_Cross,W3_Speed,W3_Tangent,W3_Turbulence,W3_CleanTan,W3_Cross,W4_Speed,W4_Tangent,W4_Turbulence,W4_CleanTan,W4_Cross,W5_Speed,W5_Tangent,W5_Turbulence,W5_CleanTan,W5_Cross,W6_Speed,W6_Tangent,W6_Turbulence,W6_CleanTan,W6_Cross,W7_Speed,W7_Tangent,W7_Turbulence,W7_CleanTan,W7_Cross,W8_Speed,W8_Tangent,W8_Turbulence,W8_CleanTan,W8_Cross,W9_Speed,W9_Tangent,W9_Turbulence,W9_CleanTan,W9_Cross,W10_Speed,W10_Tangent,W10_Turbulence,W10_CleanTan,W10_Cross,W11_Speed,W11_Tangent,W11_Turbulence,W11_CleanTan,W11_Cross,W12_Speed,W12_Tangent,W12_Turbulence,W12_CleanTan,W12_Cross,W1_Speed_quad,W2_Speed_quad,W3_Speed_quad,W4_Speed_quad,W5_Speed_quad,W6_Speed_quad,W7_Speed_quad,W8_Speed_quad,W9_Speed_quad,W10_Speed_quad,W11_Speed_quad,W12_Speed_quad,W1_Tangent_quad,W2_Tangent_quad,W3_Tangent_quad,W4_Tangent_quad,W5_Tangent_quad,W6_Tangent_quad,W7_Tangent_quad,W8_Tangent_quad,W9_Tangent_quad,W10_Tangent_quad,W11_Tangent_quad,W12_Tangent_quad,W1_Cross_quad,W2_Cross_quad,W3_Cross_quad,W4_Cross_quad,W5_Cross_quad,W6_Cross_quad,W7_Cross_quad,W8_Cross_quad,W9_Cross_quad,W10_Cross_quad,W11_Cross_quad,W12_Cross_quad,W1_Turbulence_quad,W2_Turbulence_quad,W3_Turbulence_quad,W4_Turbulence_quad,W5_Turbulence_quad,W6_Turbulence_quad,W7_Turbulence_quad,W8_Turbulence_quad,W9_Turbulence_quad,W10_Turbulence_quad,W11_Turbulence_quad,W12_Turbulence_quad
0.0,2.93,4.354,0.02,0.0,-0.0,0.0,-11.5,-11.5,0.0,0.0,0.0,0.0,94.702,-19.267,96.642,1.7,1.48,0.17,1.48,0.53,1.3,0.22,0.02,0.22,1.22,1.2,1.06,0.05,1.06,0.52,1.2,0.05,0.15,0.05,0.99,0.4,-0.4,0.06,-0.4,0.11,2.3,0.74,0.56,0.74,2.09,1.0,0.83,0.5,0.83,0.41,0.5,0.47,0.08,0.47,0.24,1.1,1.01,0.03,1.01,0.37,0.5,0.36,0.0,0.36,0.33,0.3,0.16,0.08,0.16,0.17,0.3,-0.21,0.03,-0.21,0.18,2.8899999999999997,1.6900000000000002,1.44,1.44,0.16000000000000003,5.289999999999999,1.0,0.25,1.2100000000000002,0.25,0.09,0.09,2.1904,0.0484,1.1236000000000002,0.0025000000000000005,0.16000000000000003,0.5476,0.6889,0.22089999999999999,1.0201,0.1296,0.0256,0.04409999999999999,0.28090000000000004,1.4884,0.27040000000000003,0.9801,0.0121,4.368099999999999,0.16809999999999997,0.0576,0.1369,0.10890000000000001,0.028900000000000006,0.0324,0.028900000000000006,0.0004,0.0025000000000000005,0.0225,0.0036,0.31360000000000005,0.25,0.0064,0.0009,0.0,0.0064,0.0009
1.0,2.94,4.521,1.35,-0.01,-0.15,2.2,-6.601,-7.909,0.268,1.756,0.61,-1.597,94.339,-13.195,95.258,1.8,1.56,0.07,1.56,0.64,1.3,0.22,0.02,0.22,1.22,1.2,1.06,0.05,1.06,0.52,1.2,0.06,0.1,0.06,1.02,0.4,-0.4,0.06,-0.4,0.12,2.3,0.87,0.52,0.87,2.07,1.0,0.77,0.48,0.77,0.46,0.5,0.47,0.08,0.47,0.21,1.1,1.01,0.02,1.01,0.38,0.5,0.38,0.01,0.38,0.33,0.3,0.16,0.07,0.16,0.18,0.3,-0.2,0.06,-0.2,0.22,3.24,1.6900000000000002,1.44,1.44,0.16000000000000003,5.289999999999999,1.0,0.25,1.2100000000000002,0.25,0.09,0.09,2.4336,0.0484,1.1236000000000002,0.0036,0.16000000000000003,0.7569,0.5929,0.22089999999999999,1.0201,0.1444,0.0256,0.04000000000000001,0.4096,1.4884,0.27040000000000003,1.0404,0.0144,4.2848999999999995,0.2116,0.04409999999999999,0.1444,0.10890000000000001,0.0324,0.0484,0.004900000000000001,0.0004,0.0025000000000000005,0.010000000000000002,0.0036,0.27040000000000003,0.2304,0.0064,0.0004,0.0001,0.004900000000000001,0.0036
2.0,2.97,4.562,2.39,-0.02,-0.26,3.9,-2.75,-5.086,0.479,3.137,1.09,-2.852,94.054,-8.421,94.432,1.8,1.56,0.07,1.56,0.64,1.3,0.22,0.02,0.22,1.22,1.2,1.06,0.05,1.06,0.52,1.2,0.06,0.1,0.06,1.02,0.4,-0.4,0.06,-0.4,0.12,2.3,0.87,0.52,0.87,2.07,1.0,0.77,0.48,0.77,0.46,0.5,0.47,0.08,0.47,0.21,1.1,1.01,0.02,1.01,0.38,0.5,0.38,0.01,0.38,0.33,0.3,0.16,0.07,0.16,0.18,0.3,-0.2,0.06,-0.2,0.22,3.24,1.6900000000000002,1.44,1.44,0.16000000000000003,5.289999999999999,1.0,0.25,1.2100000000000002,0.25,0.09,0.09,2.4336,0.0484,1.1236000000000002,0.0036,0.16000000000000003,0.7569,0.5929,0.22089999999999999,1.0201,0.1444,0.0256,0.04000000000000001,0.4096,1.4884,0.27040000000000003,1.0404,0.0144,4.2848999999999995,0.2116,0.04409999999999999,0.1444,0.10890000000000001,0.0324,0.0484,0.004900000000000001,0.0004,0.0025000000000000005,0.010000000000000002,0.0036,0.27040000000000003,0.2304,0.0064,0.0004,0.0001,0.004900000000000001,0.0036
3.0,3.02,4.602,3.43,-0.05,-0.37,5.9,1.357,-0.343,1.03,7.037,2.393,-4.772,93.361,-11.47,94.071,1.8,1.56,0.07,1.56,0.64,1.3,0.22,0.02,0.22,1.22,1.2,1.06,0.05,1.06,0.52,1.2,0.06,0.1,0.06,1.02,0.4,-0.4,0.06,-0.4,0.12,2.3,0.87,0.52,0.87,2.07,1.0,0.77,0.48,0.77,0.46,0.5,0.47,0.08,0.47,0.21,1.1,1.01,0.02,1.01,0.38,0.5,0.38,0.01,0.38,0.33,0.3,0.16,0.07,0.16,0.18,0.3,-0.2,0.06,-0.2,0.22,3.24,1.6900000000000002,1.44,1.44,0.16000000000000003,5.289999999999999,1.0,0.25,1.2100000000000002,0.25,0.09,0.09,2.4336,0.0484,1.1236000000000002,0.0036,0.16000000000000003,0.7569,0.5929,0.22089999999999999,1.0201,0.1444,0.0256,0.04000000000000001,0.4096,1.4884,0.27040000000000003,1.0404,0.0144,4.2848999999999995,0.2116,0.04409999999999999,0.1444,0.10890000000000001,0.0324,0.0484,0.004900000000000001,0.0004,0.0025000000000000005,0.010000000000000002,0.0036,0.27040000000000003,0.2304,0.0064,0.0004,0.0001,0.004900000000000001,0.0036
4.0,3.07,4.642,4.47,-0.01,-0.5,8.3,5.51,2.478,1.594,6.107,3.729,-7.115,93.387,-11.968,94.152,1.9,1.65,0.07,1.65,0.82,1.3,0.2,0.04,0.2,1.22,1.3,1.08,0.05,1.08,0.69,1.3,0.05,0.02,0.05,1.07,0.4,-0.41,0.03,-0.41,0.16,2.3,0.94,0.48,0.94,2.06,1.0,0.8,0.45,0.8,0.43,0.5,0.47,0.08,0.47,0.18,1.1,1.0,0.03,1.0,0.38,0.5,0.38,0.02,0.38,0.34,0.3,0.16,0.07,0.16,0.19,0.3,-0.19,0.08,-0.19,0.26,3.61,1.6900000000000002,1.6900000000000002,1.6900000000000002,0.16000000000000003,5.289999999999999,1.0,0.25,1.2100000000000002,0.25,0.09,0.09,2.7224999999999997,0.04000000000000001,1.1664,0.0025000000000000005,0.16809999999999997,0.8835999999999999,0.6400000000000001,0.22089999999999999,1.0,0.1444,0.0256,0.0361,0.6723999999999999,1.4884,0.4760999999999999,1.1449,0.0256,4.2436,0.18489999999999998,0.0324,0.1444,0.11560000000000002,0.0361,0.06760000000000001,0.004900000000000001,0.0016,0.0025000000000000005,0.0004,0.0009,0.2304,0.2025,0.0064,0.0009,0.0004,0.004900000000000001,0.0064
5.0,3.11,4.682,5.5,0.02,-0.65,12.6,8.04,4.519,3.623,3.319,5.646,-9.588,93.697,-12.461,94.522,1.9,1.65,0.07,1.65,0.82,1.3,0.2,0.04,0.2,1.22,1.3,1.08,0.05,1.08,0.69,1.3,0.05,0.02,0.05,1.07,0.4,-0.41,0.03,-0.41,0.16,2.3,0.94,0.48,0.94,2.06,1.0,0.8,0.45,0.8,0.43,0.5,0.47,0.08,0.47,0.18,1.1,1.0,0.03,1.0,0.38,0.5,0.38,0.02,0.38,0.34,0.3,0.16,0.07,0.16,0.19,0.3,-0.19,0.08,-0.19,0.26,3.61,1.6900000000000002,1.6900000000000002,1.6900000000000002,0.16000000000000003,5.289999999999999,1.0,0.25,1.2100000000000002,0.25,0.09,0.09,2.7224999999999997,0.04000000000000001,1.1664,0.0025000000000000005,0.16809999999999997,0.8835999999999999,0.6400000000000001,0.22089999999999999,1.0,0.1444,0.0256,0.0361,0.6723999999999999,1.4884,0.4760999999999999,1.1449,0.0256,4.2436,0.18489999999999998,0.0324,0.1444,0.11560000000000002,0.0361,0.06760000000000001,0.004900000000000001,0.0016,0.0025000000000000005,0.0004,0.0009,0.2304,0.2025,0.0064,0.0009,0.0004,0.004900000000000001,0.0064
6.0,3.17,4.721,6.54,-0.02,-0.8,18.7,8.807,6.534,7.223,0.566,8.183,-12.031,94.008,-14.08,95.057,1.9,1.65,0.07,1.65,0.82,1.3,0.2,0.04,0.2,1.22,1.3,1.08,0.05,1.08,0.69,1.3,0.05,0.02,0.05,1.07,0.4,-0.41,0.03,-0.41,0.16,2.3,0.94,0.48,0.94,2.06,1.0,0.8,0.45,0.8,0.43,0.5,0.47,0.08,0.47,0.18,1.1,1.0,0.03,1.0,0.38,0.5,0.38,0.02,0.38,0.34,0.3,0.16,0.07,0.16,0.19,0.3,-0.19,0.08,-0.19,0.26,3.61,1.6900000000000002,1.6900000000000002,1.6900000000000002,0.16000000000000003,5.289999999999999,1.0,0.25,1.2100000000000002,0.25,0.09,0.09,2.7224999999999997,0.04000000000000001,1.1664,0.0025000000000000005,0.16809999999999997,0.8835999999999999,0.6400000000000001,0.22089999999999999,1.0,0.1444,0.0256,0.0361,0.6723999999999999,1.4884,0.4760999999999999,1.1449,0.0256,4.2436,0.18489999999999998,0.0324,0.1444,0.11560000000000002,0.0361,0.06760000000000001,0.004900000000000001,0.0016,0.0025000000000000005,0.0004,0.0009,0.2304,0.2025,0.0064,0.0009,0.0004,0.004900000000000001,0.0064
7.0,3.24,4.761,7.57,-0.05,-0.95,24.8,9.571,8.543,10.814,-2.179,10.713,-14.467,94.319,-15.695,95.618,1.9,1.65,0.07,1.65,0.82,1.3,0.2,0.04,0.2,1.22,1.3,1.08,0.05,1.08,0.69,1.3,0.05,0.02,0.05,1.07,0.4,-0.41,0.03,-0.41,0.16,2.3,0.94,0.48,0.94,2.06,1.0,0.8,0.45,0.8,0.43,0.5,0.47,0.08,0.47,0.18,1.1,1.0,0.03,1.0,0.38,0.5,0.38,0.02,0.38,0.34,0.3,0.16,0.07,0.16,0.19,0.3,-0.19,0.08,-0.19,0.26,3.61,1.6900000000000002,1.6900000000000002,1.6900000000000002,0.16000000000000003,5.289999999999999,1.0,0.25,1.2100000000000002,0.25,0.09,0.09,2.7224999999999997,0.04000000000000001,1.1664,0.0025000000000000005,0.16809999999999997,0.8835999999999999,0.6400000000000001,0.22089999999999999,1.0,0.1444,0.0256,0.0361,0.6723999999999999,1.4884,0.4760999999999999,1.1449,0.0256,4.2436,0.18489999999999998,0.0324,0.1444,0.11560000000000002,0.0361,0.06760000000000001,0.004900000000000001,0.0016,0.0025000000000000005,0.0004,0.0009,0.2304,0.2025,0.0064,0.0009,0.0004,0.004900000000000001,0.0064
8.0,3.3,4.8,8.6,-0.06,-1.14,29.0,9.146,8.605,14.014,-4.453,13.042,-16.319,94.284,-16.969,95.801,1.9,1.65,0.07,1.65,0.82,1.3,0.2,0.04,0.2,1.22,1.3,1.08,0.05,1.08,0.69,1.3,0.05,0.02,0.05,1.07,0.4,-0.41,0.03,-0.41,0.16,2.3,0.94,0.48,0.94,2.06,1.0,0.8,0.45,0.8,0.43,0.5,0.47,0.08,0.47,0.18,1.1,1.0,0.03,1.0,0.38,0.5,0.38,0.02,0.38,0.34,0.3,0.16,0.07,0.16,0.19,0.3,-0.19,0.08,-0.19,0.26,3.61,1.6900000000000002,1.6900000000000002,1.6900000000000002,0.16000000000000003,5.289999999999999,1.0,0.25,1.2100000000000002,0.25,0.09,0.09,2.7224999999999997,0.04000000000000001,1.1664,0.0025000000000000005,0.16809999999999997,0.8835999999999999,0.6400000000000001,0.22089999999999999,1.0,0.1444,0.0256,0.0361,0.6723999999999999,1.4884,0.4760999999999999,1.1449,0.0256,4.2436,0.18489999999999998,0.0324,0.1444,0.11560000000000002,0.0361,0.06760000000000001,0.004900000000000001,0.0016,0.0025000000000000005,0.0004,0.0009,0.2304,0.2025,0.0064,0.0009,0.0004,0.004900000000000001,0.0064
9.0,3.36,4.839,9.62,-0.07,-1.32,32.0,8.889,8.385,16.081,-6.641,14.706,-17.619,94.079,-17.704,95.733,1.9,1.65,0.07,1.65,0.82,1.3,0.2,0.04,0.2,1.22,1.3,1.08,0.05,1.08,0.69,1.3,0.05,0.02,0.05,1.07,0.4,-0.41,0.03,-0.41,0.16,2.3,0.94,0.48,0.94,2.06,1.0,0.8,0.45,0.8,0.43,0.5,0.47,0.08,0.47,0.18,1.1,1.0,0.03,1.0,0.38,0.5,0.38,0.02,0.38,0.34,0.3,0.16,0.07,0.16,0.19,0.3,-0.19,0.08,-0.19,0.26,3.61,1.6900000000000002,1.6900000000000002,1.6900000000000002,0.16000000000000003,5.289999999999999,1.0,0.25,1.2100000000000002,0.25,0.09,0.09,2.7224999999999997,0.04000000000000001,1.1664,0.0025000000000000005,0.16809999999999997,0.8835999999999999,0.6400000000000001,0.22089999999999999,1.0,0.1444,0.0256,0.0361,0.6723999999999999,1.4884,0.4760999999999999,1.1449,0.0256,4.2436,0.18489999999999998,0.0324,0.1444,0.11560000000000002,0.0361,0.06760000000000001,0.004900000000000001,0.0016,0.0025000000000000005,0.0004,0.0009,0.2304,0.2025,0.0064,0.0009,0.0004,0.004900000000000001,0.0064
10.0,3.43,4.878,10.64,-0.08,-1.52,33.7,8.882,8.252,17.874,-9.648,15.633,-18.434,93.852,-18.283,95.62,2.0,1.68,0.12,1.68,0.88,1.3,0.12,0.05,0.12,1.24,1.4,1.19,0.2,1.19,0.75,1.4,0.12,0.08,0.12,1.15,0.4,-0.38,0.07,-0.38,0.11,2.3,0.94,0.41,0.94,2.05,0.9,0.77,0.46,0.77,0.41,0.5,0.46,0.08,0.46,0.15,1.1,0.99,0.04,0.99,0.39,0.5,0.37,0.02,0.37,0.35,0.3,0.16,0.07,0.16,0.19,0.4,-0.17,0.1,-0.17,0.31,4.0,1.6900000000000002,1.9599999999999997,1.9599999999999997,0.16000000000000003,5.289999999999999,0.81,0.25,1.2100000000000002,0.25,0.09,0.16000000000000003,2.8223999999999996,0.0144,1.4161,0.0144,0.1444,0.8835999999999999,0.5929,0.2116,0.9801,0.1369,0.0256,0.028900000000000006,0.7744,1.5376,0.5625,1.3224999999999998,0.0121,4.2025,0.16809999999999997,0.0225,0.1521,0.12249999999999998,0.0361,0.0961,0.0144,0.0025000000000000005,0.04000000000000001,0.0064,0.004900000000000001,0.16809999999999997,0.2116,0.0064,0.0016,0.0004,0.004900000000000001,0.010000000000000002
11.0,3.5,4.917,11.66,-0.09,-1.72,34.2,9.093,8.38,20.135,-13.822,15.797,-18.842,93.715,-19.034,95.634,2.0,1.68,0.12,1.68,0.88,1.3,0.12,0.05,0.12,1.24,1.4,1.19,0.2,1.19,0.75,1.4,0.12,0.08,0.12,1.15,0.4,-0.38,0.07,-0.38,0.11,2.3,0.94,0.41,0.94,2.05,0.9,0.77,0.46,0.77,0.41,0.5,0.46,0.08,0.46,0.15,1.1,0.99,0.04,0.99,0.39,0.5,0.37,0.02,0.37,0.35,0.3,0.16,0.07,0.16,0.19,0.4,-0.17,0.1,-0.17,0.31,4.0,1.6900000000000002,1.9599999999999997,1.9599999999999997,0.16000000000000003,5.289999999999999,0.81,0.25,1.2100000000000002,0.25,0.09,0.16000000000000003,2.8223999999999996,0.0144,1.4161,0.0144,0.1444,0.8835999999999999,0.5929,0.2116,0.9801,0.1369,0.0256,0.028900000000000006,0.7744,1.5376,0.5625,1.3224999999999998,0.0121,4.2025,0.16809999999999997,0.0225,0.1521,0.12249999999999998,0.0361,0.0961,0.0144,0.0025000000000000005,0.04000000000000001,0.0064,0.004900000000000001,0.16809999999999997,0.2116,0.0064,0.0016,0.0004,0.004900000000000001,0.010000000000000002
12.0,3.57,4.957,12.68,-0.1,-1.94,33.6,9.38,8.408,22.448,-16.356,15.101,-18.871,93.616,-19.822,95.698,2.0,1.68,0.12,1.68,0.88,1.3,0.12,0.05,0.12,1.24,1.4,1.19,0.2,1.19,0.75,1.4,0.12,0.08,0.12,1.15,0.4,-0.38,0.07,-0.38,0.11,2.3,0.94,0.41,0.94,2.05,0.9,0.77,0.46,0.77,0.41,0.5,0.46,0.08,0.46,0.15,1.1,0.99,0.04,0.99,0.39,0.5,0.37,0.02,0.37,0.35,0.3,0.16,0.07,0.16,0.19,0.4,-0.17,0.1,-0.17,0.31,4.0,1.6900000000000002,1.9599999999999997,1.9599999999999997,0.16000000000000003,5.289999999999999,0.81,0.25,1.2100000000000002,0.25,0.09,0.16000000000000003,2.8223999999999996,0.0144,1.4161,0.0144,0.1444,0.8835999999999999,0.5929,0.2116,0.9801,0.1369,0.0256,0.028900000000000006,0.7744,1.5376,0.5625,1.3224999999999998,0.0121,4.2025,0.16809999999999997,0.0225,0.1521,0.12249999999999998,0.0361,0.0961,0.0144,0.0025000000000000005,0.04000000000000001,0.0064,0.004900000000000001,0.16809999999999997,0.2116,0.0064,0.0016,0.0004,0.004900000000000001,0.010000000000000002
13.0,3.66,4.996,13.7,-0.11,-2.16,32.9,9.666,8.437,24.755,-18.884,14.407,-18.901,93.518,-20.608,95.769,2.0,1.68,0.12,1.68,0.88,1.3,0.12,0.05,0.12,1.24,1.4,1.19,0.2,1.19,0.75,1.4,0.12,0.08,0.12,1.15,0.4,-0.38,0.07,-0.38,0.11,2.3,0.94,0.41,0.94,2.05,0.9,0.77,0.46,0.77,0.41,0.5,0.46,0.08,0.46,0.15,1.1,0.99,0.04,0.99,0.39,0.5,0.37,0.02,0.37,0.35,0.3,0.16,0.07,0.16,0.19,0.4,-0.17,0.1,-0.17,0.31,4.0,1.6900000000000002,1.9599999999999997,1.9599999999999997,0.16000000000000003,5.289999999999999,0.81,0.25,1.2100000000000002,0.25,0.09,0.16000000000000003,2.8223999999999996,0.0144,1.4161,0.0144,0.1444,0.8835999999999999,0.5929,0.2116,0.9801,0.1369,0.0256,0.028900000000000006,0.7744,1.5376,0.5625,1.3224999999999998,0.0121,4.2025,0.16809999999999997,0.0225,0.1521,0.12249999999999998,0.0361,0.0961,0.0144,0.0025000000000000005,0.04000000000000001,0.0064,0.004900000000000001,0.16809999999999997,0.2116,0.0064,0.0016,0.0004,0.004900000000000001,0.010000000000000002
14.0,3.74,5.035,14.71,-0.12,-2.38,32.1,9.756,8.385,26.295,-20.638,13.696,-18.867,93.412,-21.461,95.853,2.0,1.68,0.12,1.68,0.88,1.3,0.12,0.05,0.12,1.24,1.4,1.19,0.2,1.19,0.75,1.4,0.12,0.08,0.12,1.15,0.4,-0.38,0.07,-0.38,0.11,2.3,0.94,0.41,0.94,2.05,0.9,0.77,0.46,0.77,0.41,0.5,0.46,0.08,0.46,0.15,1.1,0.99,0.04,0.99,0.39,0.5,0.37,0.02,0.37,0.35,0.3,0.16,0.07,0.16,0.19,0.4,-0.17,0.1,-0.17,0.31,4.0,1.6900000000000002,1.9599999999999997,1.9599999999999997,0.16000000000000003,5.289999999999999,0.81,0.25,1.2100000000000002,0.25,0.09,0.16000000000000003,2.8223999999999996,0.0144,1.4161,0.0144,0.1444,0.8835999999999999,0.5929,0.2116,0.9801,0.1369,0.0256,0.028900000000000006,0.7744,1.5376,0.5625,1.3224999999999998,0.0121,4.2025,0.16809999999999997,0.0225,0.1521,0.12249999999999998,0.0361,0.0961,0.0144,0.0025000000000000005,0.04000000000000001,0.0064,0.004900000000000001,0.16809999999999997,0.2116,0.0064,0.0016,0.0004,0.004900000000000001,0.010000000000000002
15.0,3.83,5.074,15.72,-0.13,-2.62,31.4,9.635,8.303,27.162,-21.652,13.015,-18.73,93.289,-22.369,95.939,2.0,1.68,0.12,1.68,0.88,1.3,0.12,0.05,0.12,1.24,1.4,1.19,0.2,1.19,0.75,1.4,0.12,0.08,0.12,1.15,0.4,-0.38,0.07,-0.38,0.11,2.3,0.94,0.41,0.94,2.05,0.9,0.77,0.46,0.77,0.41,0.5,0.46,0.08,0.46,0.15,1.1,0.99,0.04,0.99,0.39,0.5,0.37,0.02,0.37,0.35,0.3,0.16,0.07,0.16,0.19,0.4,-0.17,0.1,-0.17,0.31,4.0,1.6900000000000002,1.9599999999999997,1.9599999999999997,0.16000000000000003,5.289999999999999,0.81,0.25,1.2100000000000002,0.25,0.09,0.16000000000000003,2.8223999999999996,0.0144,1.4161,0.0144,0.1444,0.8835999999999999,0.5929,0.2116,0.9801,0.1369,0.0256,0.028900000000000006,0.7744,1.5376,0.5625,1.3224999999999998,0.0121,4.2025,0.16809999999999997,0.0225,0.1521,0.12249999999999998,0.0361,0.0961,0.0144,0.0025000000000000005,0.04000000000000001,0.0064,0.004900000000000001,0.16809999999999997,0.2116,0.0064,0.0016,0.0004,0.004900000000000001,0.010000000000000002
16.0,3.92,5.113,16.73,-0.14,-2.86,30.5,9.362,8.31,27.861,-22.33,12.452,-18.45,93.135,-23.28,96.003,2.0,1.68,0.12,1.68,0.88,1.3,0.12,0.05,0.12,1.24,1.4,1.19,0.2,1.19,0.75,1.4,0.12,0.08,0.12,1.15,0.4,-0.38,0.07,-0.38,0.11,2.3,0.94,0.41,0.94,2.05,0.9,0.77,0.46,0.77,0.41,0.5,0.46,0.08,0.46,0.15,1.1,0.99,0.04,0.99,0.39,0.5,0.37,0.02,0.37,0.35,0.3,0.16,0.07,0.16,0.19,0.4,-0.17,0.1,-0.17,0.31,4.0,1.6900000000000002,1.9599999999999997,1.9599999999999997,0.16000000000000003,5.289999999999999,0.81,0.25,1.2100000000000002,0.25,0.09,0.16000000000000003,2.8223999999999996,0.0144,1.4161,0.0144,0.1444,0.8835999999999999,0.5929,0.2116,0.9801,0.1369,0.0256,0.028900000000000006,0.7744,1.5376,0.5625,1.3224999999999998,0.0121,4.2025,0.16809999999999997,0.0225,0.1521,0.12249999999999998,0.0361,0.0961,0.0144,0.0025000000000000005,0.04000000000000001,0.0064,0.004900000000000001,0.16809999999999997,0.2116,0.0064,0.0016,0.0004,0.004900000000000001,0.010000000000000002
17.0,3.99,5.151,17.73,-0.15,-3.13,30.4,8.738,8.219,28.108,-23.438,12.26,-18.036,92.885,-24.07,95.957,2.0,1.68,0.12,1.68,0.88,1.3,0.12,0.05,0.12,1.24,1.4,1.19,0.2,1.19,0.75,1.4,0.12,0.08,0.12,1.15,0.4,-0.38,0.07,-0.38,0.11,2.3,0.94,0.41,0.94,2.05,0.9,0.77,0.46,0.77,0.41,0.5,0.46,0.08,0.46,0.15,1.1,0.99,0.04,0.99,0.39,0.5,0.37,0.02,0.37,0.35,0.3,0.16,0.07,0.16,0.19,0.4,-0.17,0.1,-0.17,0.31,4.0,1.6900000000000002,1.9599999999999997,1.9599999999999997,0.16000000000000003,5.289999999999999,0.81,0.25,1.2100000000000002,0.25,0.09,0.16000000000000003,2.8223999999999996,0.0144,1.4161,0.0144,0.1444,0.8835999999999999,0.5929,0.2116,0.9801,0.1369,0.0256,0.028900000000000006,0.7744,1.5376,0.5625,1.3224999999999998,0.0121,4.2025,0.16809999999999997,0.0225,0.1521,0.12249999999999998,0.0361,0.0961,0.0144,0.0025000000000000005,0.04000000000000001,0.0064,0.004900000000000001,0.16809999999999997,0.2116,0.0064,0.0016,0.0004,0.004900000000000001,0.010000000000000002
18.0,4.07,5.19,18.73,-0.15,-3.39,30.2,8.112,8.127,28.348,-24.548,12.073,-17.622,92.635,-24.858,95.917,2.0,1.68,0.12,1.68,0.88,1.3,0.12,0.05,0.12,1.24,1.4,1.19,0.2,1.19,0.75,1.4,0.12,0.08,0.12,1.15,0.4,-0.38,0.07,-0.38,0.11,2.3,0.94,0.41,0.94,2.05,0.9,0.77,0.46,0.77,0.41,0.5,0.46,0.08,0.46,0.15,1.1,0.99,0.04,0.99,0.39,0.5,0.37,0.02,0.37,0.35,0.3,0.16,0.07,0.16,0.19,0.4,-0.17,0.1,-0.17,0.31,4.0,1.6900000000000002,1.9599999999999997,1.9599999999999997,0.16000000000000003,5.289999999999999,0.81,0.25,1.2100000000000002,0.25,0.09,0.16000000000000003,2.8223999999999996,0.0144,1.4161,0.0144,0.1444,0.8835999999999999,0.5929,0.2116,0.9801,0.1369,0.0256,0.028900000000000006,0.7744,1.5376,0.5625,1.3224999999999998,0.0121,4.2025,0.16809999999999997,0.0225,0.1521,0.12249999999999998,0.0361,0.0961,0.0144,0.0025000000000000005,0.04000000000000001,0.0064,0.004900000000000001,0.16809999999999997,0.2116,0.0064,0.0016,0.0004,0.004900000000000001,0.010000000000000002
19.0,4.16,5.229,19.73,-0.17,-3.66,29.6,7.481,8.035,28.672,-25.658,11.916,-17.209,92.457,-25.623,95.946,2.0,1.68,0.12,1.68,0.88,1.3,0.12,0.05,0.12,1.24,1.4,1.19,0.2,1.19,0.75,1.4,0.12,0.08,0.12,1.15,0.4,-0.38,0.07,-0.38,0.11,2.3,0.94,0.41,0.94,2.05,0.9,0.77,0.46,0.77,0.41,0.5,0.46,0.08,0.46,0.15,1.1,0.99,0.04,0.99,0.39,0.5,0.37,0.02,0.37,0.35,0.3,0.16,0.07,0.16,0.19,0.4,-0.17,0.1,-0.17,0.31,4.0,1.6900000000000002,1.9599999999999997,1.9599999999999997,0.16000000000000003,5.289999999999999,0.81,0.25,1.2100000000000002,0.25,0.09,0.16000000000000003,2.8223999999999996,0.0144,1.4161,0.0144,0.1444,0.8835999999999999,0.5929,0.2116,0.9801,0.1369,0.0256,0.028900000000000006,0.7744,1.5376,0.5625,1.3224999999999998,0.0121,4.2025,0.16809999999999997,0.0225,0.1521,0.12249999999999998,0.0361,0.0961,0.0144,0.0025000000000000005,0.04000000000000001,0.0064,0.004900000000000001,0.16809999999999997,0.2116,0.0064,0.0016,0.0004,0.004900000000000001,0.010000000000000002
20.0,4.26,5.268,20.73,-0.2,-3.92,28.5,6.845,7.863,29.116,-26.636,11.803,-16.85,92.358,-26.341,96.044,2.0,1.68,0.12,1.68,0.88,1.3,0.12,0.05,0.12,1.24,1.4,1.19,0.2,1.19,0.75,1.4,0.12,0.08,0.12,1.15,0.4,-0.38,0.07,-0.38,0.11,2.3,0.94,0.41,0.94,2.05,0.9,0.77,0.46,0.77,0.41,0.5,0.46,0.08,0.46,0.15,1.1,0.99,0.04,0.99,0.39,0.5,0.37,0.02,0.37,0.35,0.3,0.16,0.07,0.16,0.19,0.4,-0.17,0.1,-0.17,0.31,4.0,1.6900000000000002,1.9599999999999997,1.9599999999999997,0.16000000000000003,5.289999999999999,0.81,0.25,1.2100000000000002,0.25,0.09,0.16000000000000003,2.8223999999999996,0.0144,1.4161,0.0144,0.1444,0.8835999999999999,0.5929,0.2116,0.9801,0.1369,0.0256,0.028900000000000006,0.7744,1.5376,0.5625,1.3224999999999998,0.0121,4.2025,0.16809999999999997,0.0225,0.1521,0.12249999999999998,0.0361,0.0961,0.0144,0.0025000000000000005,0.04000000000000001,0.0064,0.004900000000000001,0.16809999999999997,0.2116,0.0064,0.0016,0.0004,0.004900000000000001,0.010000000000000002
21.0,4.34,5.306,21.71,-0.2,-4.22,28.4,6.21,7.113,29.558,-26.651,11.691,-16.891,92.068,-26.95,95.938,2.0,1.68,0.12,1.68,0.88,1.3,0.12,0.05,0.12,1.24,1.4,1.19,0.2,1.19,0.75,1.4,0.12,0.08,0.12,1.15,0.4,-0.38,0.07,-0.38,0.11,2.3,0.94,0.41,0.94,2.05,0.9,0.77,0.46,0.77,0.41,0.5,0.46,0.08,0.46,0.15,1.1,0.99,0.04,0.99,0.39,0.5,0.37,0.02,0.37,0.35,0.3,0.16,0.07,0.16,0.19,0.4,-0.17,0.1,-0.17,0.31,4.0,1.6900000000000002,1.9599999999999997,1.9599999999999997,0.16000000000000003,5.289999999999999,0.81,0.25,1.2100000000000002,0.25,0.09,0.16000000000000003,2.8223999999999996,0.0144,1.4161,0.0144,0.1444,0.8835999999999999,0.5929,0.2116,0.9801,0.1369,0.0256,0.028900000000000006,0.7744,1.5376,0.5625,1.3224999999999998,0.0121,4.2025,0.16809999999999997,0.0225,0.1521,0.12249999999999998,0.0361,0.0961,0.0144,0.0025000000000000005,0.04000000000000001,0.0064,0.004900000000000001,0.16809999999999997,0.2116,0.0064,0.0016,0.0004,0.004900000000000001,0.010000000000000002
22.0,4.42,5.345,22.7,-0.21,-4.51,28.4,5.598,6.313,30.389,-27.924,11.574,-16.948,91.926,-27.741,96.028,2.0,1.68,0.12,1.68,0.88,1.3,0.12,0.05,0.12,1.24,1.4,1.19,0.2,1.19,0.75,1.4,0.12,0.08,0.12,1.15,0.4,-0.38,0.07,-0.38,0.11,2.3,0.94,0.41,0.94,2.05,0.9,0.77,0.46,0.77,0.41,0.5,0.46,0.08,0.46,0.15,1.1,0.99,0.04,0.99,0.39,0.5,0.37,0.02,0.37,0.35,0.3,0.16,0.07,0.16,0.19,0.4,-0.17,0.1,-0.17,0.31,4.0,1.6900000000000002,1.9599999999999997,1.9599999999999997,0.16000000000000003,5.289999999999999,0.81,0.25,1.2100000000000002,0.25,0.09,0.16000000000000003,2.8223999999999996,0.0144,1.4161,0.0144,0.1444,0.8835999999999999,0.5929,0.2116,0.9801,0.1369,0.0256,0.028900000000000006,0.7744,1.5376,0.5625,1.3224999999999998,0.0121,4.2025,0.16809999999999997,0.0225,0.1521,0.12249999999999998,0.0361,0.0961,0.0144,0.0025000000000000005,0.04000000000000001,0.0064,0.004900000000000001,0.16809999999999997,0.2116,0.0064,0.0016,0.0004,0.004900000000000001,0.010000000000000002
23.0,4.5,5.383,23.68,-0.22,-4.81,28.3,5.005,5.428,30.716,-28.572,11.423,-17.019,91.75,-28.49,96.078,1.8,1.55,0.01,1.55,0.88,1.3,0.12,0.04,0.12,1.24,1.4,1.21,0.19,1.21,0.67,1.4,0.09,0.06,0.09,1.15,0.3,-0.29,0.17,-0.29,0.04,2.1,0.82,0.18,0.82,1.97,0.9,0.72,0.42,0.72,0.43,0.5,0.44,0.09,0.44,0.14,1.1,1.0,0.01,1.0,0.45,0.5,0.35,0.01,0.35,0.36,0.3,0.17,0.04,0.17,0.21,0.4,-0.15,0.1,-0.15,0.32,3.24,1.6900000000000002,1.9599999999999997,1.9599999999999997,0.09,4.41,0.81,0.25,1.2100000000000002,0.25,0.09,0.16000000000000003,2.4025000000000003,0.0144,1.4641,0.0081,0.0841,0.6723999999999999,0.5184,0.1936,1.0,0.12249999999999998,0.028900000000000006,0.0225,0.7744,1.5376,0.4489000000000001,1.3224999999999998,0.0016,3.8809,0.18489999999999998,0.019600000000000003,0.2025,0.1296,0.04409999999999999,0.1024,0.0001,0.0016,0.0361,0.0036,0.028900000000000006,0.0324,0.17639999999999997,0.0081,0.0001,0.0001,0.0016,0.010000000000000002
24.0,4.58,5.422,24.67,-0.23,-5.11,28.3,4.378,4.659,30.884,-28.467,11.274,-17.08,91.559,-29.225,96.117,1.8,1.55,0.01,1.55,0.88,1.3,0.12,0.04,0.12,1.24,1.4,1.21,0.19,1.21,0.67,1.4,0.09,0.06,0.09,1.15,0.3,-0.29,0.17,-0.29,0.04,2.1,0.82,0.18,0.82,1.97,0.9,0.72,0.42,0.72,0.43,0.5,0.44,0.09,0.44,0.14,1.1,1.0,0.01,1.0,0.45,0.5,0.35,0.01,0.35,0.36,0.3,0.17,0.04,0.17,0.21,0.4,-0.15,0.1,-0.15,0.32,3.24,1.6900000000000002,1.9599999999999997,1.9599999999999997,0.09,4.41,0.81,0.25,1.2100000000000002,0.25,0.09,0.16000000000000003,2.4025000000000003,0.0144,1.4641,0.0081,0.0841,0.6723999999999999,0.5184,0.1936,1.0,0.12249999999999998,0.028900000000000006,0.0225,0.7744,1.5376,0.4489000000000001,1.3224999999999998,0.0016,3.8809,0.18489999999999998,0.019600000000000003,0.2025,0.1296,0.04409999999999999,0.1024,0.0001,0.0016,0.0361,0.0036,0.028900000000000006,0.0324,0.17639999999999997,0.0081,0.0001,0.0001,0.0016,0.010000000000000002
25.0,4.66,5.461,25.64,-0.24,-5.43,28.2,3.589,4.495,32.253,-28.496,11.233,-17.078,91.518,-30.15,96.365,1.8,1.55,0.01,1.55,0.88,1.3,0.12,0.04,0.12,1.24,1.4,1.21,0.19,1.21,0.67,1.4,0.09,0.06,0.09,1.15,0.3,-0.29,0.17,-0.29,0.04,2.1,0.82,0.18,0.82,1.97,0.9,0.72,0.42,0.72,0.43,0.5,0.44,0.09,0.44,0.14,1.1,1.0,0.01,1.0,0.45,0.5,0.35,0.01,0.35,0.36,0.3,0.17,0.04,0.17,0.21,0.4,-0.15,0.1,-0.15,0.32,3.24,1.6900000000000002,1.9599999999999997,1.9599999999999997,0.09,4.41,0.81,0.25,1.2100000000000002,0.25,0.09,0.16000000000000003,2.4025000000000003,0.0144,1.4641,0.0081,0.0841,0.6723999999999999,0.5184,0.1936,1.0,0.12249999999999998,0.028900000000000006,0.0225,0.7744,1.5376,0.4489000000000001,1.3224999999999998,0.0016,3.8809,0.18489999999999998,0.019600000000000003,0.2025,0.1296,0.04409999999999999,0.1024,0.0001,0.0016,0.0361,0.0036,0.028900000000000006,0.0324,0.17639999999999997,0.0081,0.0001,0.0001,0.0016,0.010000000000000002
26.0,4.74,5.499,26.61,-0.25,-5.75,28.2,2.83,4.333,32.031,-28.524,11.193,-17.075,91.478,-30.934,96.576,1.8,1.55,0.01,1.55,0.88,1.3,0.12,0.04,0.12,1.24,1.4,1.21,0.19,1.21,0.67,1.4,0.09,0.06,0.09,1.15,0.3,-0.29,0.17,-0.29,0.04,2.1,0.82,0.18,0.82,1.97,0.9,0.72,0.42,0.72,0.43,0.5,0.44,0.09,0.44,0.14,1.1,1.0,0.01,1.0,0.45,0.5,0.35,0.01,0.35,0.36,0.3,0.17,0.04,0.17,0.21,0.4,-0.15,0.1,-0.15,0.32,3.24,1.6900000000000002,1.9599999999999997,1.9599999999999997,0.09,4.41,0.81,0.25,1.2100000000000002,0.25,0.09,0.16000000000000003,2.4025000000000003,0.0144,1.4641,0.0081,0.0841,0.6723999999999999,0.5184,0.1936,1.0,0.12249999999999998,0.028900000000000006,0.0225,0.7744,1.5376,0.4489000000000001,1.3224999999999998,0.0016,3.8809,0.18489999999999998,0.019600000000000003,0.2025,0.1296,0.04409999999999999,0.1024,0.0001,0.0016,0.0361,0.0036,0.028900000000000006,0.0324,0.17639999999999997,0.0081,0.0001,0.0001,0.0016,0.010000000000000002
27.0,4.8,5.537,27.58,-0.27,-6.09,28.2,2.13,4.172,31.965,-28.552,11.149,-17.072,91.378,-31.717,96.737,1.8,1.55,0.01,1.55,0.88,1.3,0.12,0.04,0.12,1.24,1.4,1.21,0.19,1.21,0.67,1.4,0.09,0.06,0.09,1.15,0.3,-0.29,0.17,-0.29,0.04,2.1,0.82,0.18,0.82,1.97,0.9,0.72,0.42,0.72,0.43,0.5,0.44,0.09,0.44,0.14,1.1,1.0,0.01,1.0,0.45,0.5,0.35,0.01,0.35,0.36,0.3,0.17,0.04,0.17,0.21,0.4,-0.15,0.1,-0.15,0.32,3.24,1.6900000000000002,1.9599999999999997,1.9599999999999997,0.09,4.41,0.81,0.25,1.2100000000000002,0.25,0.09,0.16000000000000003,2.4025000000000003,0.0144,1.4641,0.0081,0.0841,0.6723999999999999,0.5184,0.1936,1.0,0.12249999999999998,0.028900000000000006,0.0225,0.7744,1.5376,0.4489000000000001,1.3224999999999998,0.0016,3.8809,0.18489999999999998,0.019600000000000003,0.2025,0.1296,0.04409999999999999,0.1024,0.0001,0.0016,0.0361,0.0036,0.028900000000000006,0.0324,0.17639999999999997,0.0081,0.0001,0.0001,0.0016,0.010000000000000002
28.0,4.86,5.575,28.54,-0.28,-6.43,28.1,1.466,4.011,32.054,-28.58,11.103,-17.07,91.242,-32.503,96.872,1.8,1.55,0.01,1.55,0.88,1.3,0.12,0.04,0.12,1.24,1.4,1.21,0.19,1.21,0.67,1.4,0.09,0.06,0.09,1.15,0.3,-0.29,0.17,-0.29,0.04,2.1,0.82,0.18,0.82,1.97,0.9,0.72,0.42,0.72,0.43,0.5,0.44,0.09,0.44,0.14,1.1,1.0,0.01,1.0,0.45,0.5,0.35,0.01,0.35,0.36,0.3,0.17,0.04,0.17,0.21,0.4,-0.15,0.1,-0.15,0.32,3.24,1.6900000000000002,1.9599999999999997,1.9599999999999997,0.09,4.41,0.81,0.25,1.2100000000000002,0.25,0.09,0.16000000000000003,2.4025000000000003,0.0144,1.4641,0.0081,0.0841,0.6723999999999999,0.5184,0.1936,1.0,0.12249999999999998,0.028900000000000006,0.0225,0.7744,1.5376,0.4489000000000001,1.3224999999999998,0.0016,3.8809,0.18489999999999998,0.019600000000000003,0.2025,0.1296,0.04409999999999999,0.1024,0.0001,0.0016,0.0361,0.0036,0.028900000000000006,0.0324,0.17639999999999997,0.0081,0.0001,0.0001,0.0016,0.010000000000000002
29.0,4.92,5.613,29.5,-0.29,-6.77,28.1,0.802,3.85,32.143,-28.608,11.057,-17.067,91.106,-33.289,97.014,1.8,1.55,0.01,1.55,0.88,1.3,0.12,0.04,0.12,1.24,1.4,1.21,0.19,1.21,0.67,1.4,0.09,0.06,0.09,1.15,0.3,-0.29,0.17,-0.29,0.04,2.1,0.82,0.18,0.82,1.97,0.9,0.72,0.42,0.72,0.43,0.5,0.44,0.09,0.44,0.14,1.1,1.0,0.01,1.0,0.45,0.5,0.35,0.01,0.35,0.36,0.3,0.17,0.04,0.17,0.21,0.4,-0.15,0.1,-0.15,0.32,3.24,1.6900000000000002,1.9599999999999997,1.9599999999999997,0.09,4.41,0.81,0.25,1.2100000000000002,0.25,0.09,0.16000000000000003,2.4025000000000003,0.0144,1.4641,0.0081,0.0841,0.6723999999999999,0.5184,0.1936,1.0,0.12249999999999998,0.028900000000000006,0.0225,0.7744,1.5376,0.4489000000000001,1.3224999999999998,0.0016,3.8809,0.18489999999999998,0.019600000000000003,0.2025,0.1296,0.04409999999999999,0.1024,0.0001,0.0016,0.0361,0.0036,0.028900000000000006,0.0324,0.17639999999999997,0.0081,0.0001,0.0001,0.0016,0.010000000000000002
30.0,4.97,5.65,30.45,-0.3,-7.13,28.1,0.226,3.691,32.691,-28.636,11.031,-17.064,91.12,-34.161,97.33,1.8,1.48,0.05,1.48,0.91,1.2,0.17,0.07,0.17,1.19,1.1,1.06,0.06,1.06,0.33,1.3,0.13,0.03,0.13,1.1,0.2,-0.19,0.22,-0.19,0.12,2.1,0.84,0.08,0.84,1.9,0.9,0.66,0.39,0.66,0.44,0.5,0.42,0.09,0.42,0.15,1.1,1.01,0.01,1.01,0.47,0.5,0.33,0.01,0.33,0.35,0.3,0.23,0.01,0.23,0.22,0.4,-0.15,0.1,-0.15,0.33,3.24,1.44,1.2100000000000002,1.6900000000000002,0.04000000000000001,4.41,0.81,0.25,1.2100000000000002,0.25,0.09,0.16000000000000003,2.1904,0.028900000000000006,1.1236000000000002,0.016900000000000002,0.0361,0.7055999999999999,0.43560000000000004,0.17639999999999997,1.0201,0.10890000000000001,0.0529,0.0225,0.8281000000000001,1.4161,0.10890000000000001,1.2100000000000002,0.0144,3.61,0.1936,0.0225,0.22089999999999999,0.12249999999999998,0.0484,0.10890000000000001,0.0025000000000000005,0.004900000000000001,0.0036,0.0009,0.0484,0.0064,0.1521,0.0081,0.0001,0.0001,0.0001,0.010000000000000002
31.0,5.02,5.688,31.4,-0.32,-7.49,28.0,-0.18,3.532,32.653,-28.664,10.976,-17.062,91.098,-34.978,97.6,1.8,1.48,0.05,1.48,0.91,1.2,0.17,0.07,0.17,1.19,1.1,1.06,0.06,1.06,0.33,1.3,0.13,0.03,0.13,1.1,0.2,-0.19,0.22,-0.19,0.12,2.1,0.84,0.08,0.84,1.9,0.9,0.66,0.39,0.66,0.44,0.5,0.42,0.09,0.42,0.15,1.1,1.01,0.01,1.01,0.47,0.5,0.33,0.01,0.33,0.35,0.3,0.23,0.01,0.23,0.22,0.4,-0.15,0.1,-0.15,0.33,3.24,1.44,1.2100000000000002,1.6900000000000002,0.04000000000000001,4.41,0.81,0.25,1.2100000000000002,0.25,0.09,0.16000000000000003,2.1904,0.028900000000000006,1.1236000000000002,0.016900000000000002,0.0361,0.7055999999999999,0.43560000000000004,0.17639999999999997,1.0201,0.10890000000000001,0.0529,0.0225,0.8281000000000001,1.4161,0.10890000000000001,1.2100000000000002,0.0144,3.61,0.1936,0.0225,0.22089999999999999,0.12249999999999998,0.0484,0.10890000000000001,0.0025000000000000005,0.004900000000000001,0.0036,0.0009,0.0484,0.0064,0.1521,0.0081,0.0001,0.0001,0.0001,0.010000000000000002
32.0,5.06,5.725,32.35,-0.34,-7.86,28.0,-0.386,3.373,32.39,-28.691,10.907,-17.059,91.032,-35.679,97.792,1.8,1.48,0.05,1.48,0.91,1.2,0.17,0.07,0.17,1.19,1.1,1.06,0.06,1.06,0.33,1.3,0.13,0.03,0.13,1.1,0.2,-0.19,0.22,-0.19,0.12,2.1,0.84,0.08,0.84,1.9,0.9,0.66,0.39,0.66,0.44,0.5,0.42,0.09,0.42,0.15,1.1,1.01,0.01,1.01,0.47,0.5,0.33,0.01,0.33,0.35,0.3,0.23,0.01,0.23,0.22,0.4,-0.15,0.1,-0.15,0.33,3.24,1.44,1.2100000000000002,1.6900000000000002,0.04000000000000001,4.41,0.81,0.25,1.2100000000000002,0.25,0.09,0.16000000000000003,2.1904,0.028900000000000006,1.1236000000000002,0.016900000000000002,0.0361,0.7055999999999999,0.43560000000000004,0.17639999999999997,1.0201,0.10890000000000001,0.0529,0.0225,0.8281000000000001,1.4161,0.10890000000000001,1.2100000000000002,0.0144,3.61,0.1936,0.0225,0.22089999999999999,0.12249999999999998,0.0484,0.10890000000000001,0.0025000000000000005,0.004900000000000001,0.0036,0.0009,0.0484,0.0064,0.1521,0.0081,0.0001,0.0001,0.0001,0.010000000000000002
33.0,5.08,5.763,33.29,-0.35,-8.24,27.9,-0.358,3.215,32.264,-28.719,10.839,-17.056,90.912,-36.204,97.873,1.8,1.48,0.05,1.48,0.91,1.2,0.17,0.07,0.17,1.19,1.1,1.06,0.06,1.06,0.33,1.3,0.13,0.03,0.13,1.1,0.2,-0.19,0.22,-0.19,0.12,2.1,0.84,0.08,0.84,1.9,0.9,0.66,0.39,0.66,0.44,0.5,0.42,0.09,0.42,0.15,1.1,1.01,0.01,1.01,0.47,0.5,0.33,0.01,0.33,0.35,0.3,0.23,0.01,0.23,0.22,0.4,-0.15,0.1,-0.15,0.33,3.24,1.44,1.2100000000000002,1.6900000000000002,0.04000000000000001,4.41,0.81,0.25,1.2100000000000002,0.25,0.09,0.16000000000000003,2.1904,0.028900000000000006,1.1236000000000002,0.016900000000000002,0.0361,0.7055999999999999,0.43560000000000004,0.17639999999999997,1.0201,0.10890000000000001,0.0529,0.0225,0.8281000000000001,1.4161,0.10890000000000001,1.2100000000000002,0.0144,3.61,0.1936,0.0225,0.22089999999999999,0.12249999999999998,0.0484,0.10890000000000001,0.0025000000000000005,0.004900000000000001,0.0036,0.0009,0.0484,0.0064,0.1521,0.0081,0.0001,0.0001,0.0001,0.010000000000000002
34.0,5.11,5.8,34.23,-0.37,-8.61,27.8,-0.33,3.058,32.137,-28.746,10.771,-17.054,90.792,-36.729,97.957,1.8,1.48,0.05,1.48,0.91,1.2,0.17,0.07,0.17,1.19,1.1,1.06,0.06,1.06,0.33,1.3,0.13,0.03,0.13,1.1,0.2,-0.19,0.22,-0.19,0.12,2.1,0.84,0.08,0.84,1.9,0.9,0.66,0.39,0.66,0.44,0.5,0.42,0.09,0.42,0.15,1.1,1.01,0.01,1.01,0.47,0.5,0.33,0.01,0.33,0.35,0.3,0.23,0.01,0.23,0.22,0.4,-0.15,0.1,-0.15,0.33,3.24,1.44,1.2100000000000002,1.6900000000000002,0.04000000000000001,4.41,0.81,0.25,1.2100000000000002,0.25,0.09,0.16000000000000003,2.1904,0.028900000000000006,1.1236000000000002,0.016900000000000002,0.0361,0.7055999999999999,0.43560000000000004,0.17639999999999997,1.0201,0.10890000000000001,0.0529,0.0225,0.8281000000000001,1.4161,0.10890000000000001,1.2100000000000002,0.0144,3.61,0.1936,0.0225,0.22089999999999999,0.12249999999999998,0.0484,0.10890000000000001,0.0025000000000000005,0.004900000000000001,0.0036,0.0009,0.0484,0.0064,0.1521,0.0081,0.0001,0.0001,0.0001,0.010000000000000002
35.0,5.15,5.837,35.16,-0.39,-8.99,27.8,-0.302,2.9,32.011,-28.774,10.703,-17.051,90.673,-37.253,98.044,1.8,1.48,0.05,1.48,0.91,1.2,0.17,0.07,0.17,1.19,1.1,1.06,0.06,1.06,0.33,1.3,0.13,0.03,0.13,1.1,0.2,-0.19,0.22,-0.19,0.12,2.1,0.84,0.08,0.84,1.9,0.9,0.66,0.39,0.66,0.44,0.5,0.42,0.09,0.42,0.15,1.1,1.01,0.01,1.01,0.47,0.5,0.33,0.01,0.33,0.35,0.3,0.23,0.01,0.23,0.22,0.4,-0.15,0.1,-0.15,0.33,3.24,1.44,1.2100000000000002,1.6900000000000002,0.04000000000000001,4.41,0.81,0.25,1.2100000000000002,0.25,0.09,0.16000000000000003,2.1904,0.028900000000000006,1.1236000000000002,0.016900000000000002,0.0361,0.7055999999999999,0.43560000000000004,0.17639999999999997,1.0201,0.10890000000000001,0.0529,0.0225,0.8281000000000001,1.4161,0.10890000000000001,1.2100000000000002,0.0144,3.61,0.1936,0.0225,0.22089999999999999,0.12249999999999998,0.0484,0.10890000000000001,0.0025000000000000005,0.004900000000000001,0.0036,0.0009,0.0484,0.0064,0.1521,0.0081,0.0001,0.0001,0.0001,0.010000000000000002
36.0,5.18,5.874,36.1,-0.41,-9.37,27.7,-0.248,2.743,32.135,-28.801,10.616,-17.049,90.57,-37.781,98.15,1.8,1.48,0.05,1.48,0.91,1.2,0.17,0.07,0.17,1.19,1.1,1.06,0.06,1.06,0.33,1.3,0.13,0.03,0.13,1.1,0.2,-0.19,0.22,-0.19,0.12,2.1,0.84,0.08,0.84,1.9,0.9,0.66,0.39,0.66,0.44,0.5,0.42,0.09,0.42,0.15,1.1,1.01,0.01,1.01,0.47,0.5,0.33,0.01,0.33,0.35,0.3,0.23,0.01,0.23,0.22,0.4,-0.15,0.1,-0.15,0.33,3.24,1.44,1.2100000000000002,1.6900000000000002,0.04000000000000001,4.41,0.81,0.25,1.2100000000000002,0.25,0.09,0.16000000000000003,2.1904,0.028900000000000006,1.1236000000000002,0.016900000000000002,0.0361,0.7055999999999999,0.43560000000000004,0.17639999999999997,1.0201,0.10890000000000001,0.0529,0.0225,0.8281000000000001,1.4161,0.10890000000000001,1.2100000000000002,0.0144,3.61,0.1936,0.0225,0.22089999999999999,0.12249999999999998,0.0484,0.10890000000000001,0.0025000000000000005,0.004900000000000001,0.0036,0.0009,0.0484,0.0064,0.1521,0.0081,0.0001,0.0001,0.0001,0.010000000000000002
37.0,5.2,5.911,37.03,-0.42,-9.76,27.5,-0.133,2.586,32.827,-28.829,10.488,-17.046,90.504,-38.318,98.296,1.7,1.39,0.09,1.39,0.92,1.2,0.17,0.07,0.17,1.19,1.1,1.06,0.06,1.06,0.33,1.3,0.13,0.03,0.13,1.1,0.2,-0.11,0.2,-0.11,0.19,2.0,0.9,0.01,0.9,1.83,0.9,0.66,0.39,0.66,0.44,0.5,0.42,0.09,0.42,0.15,1.1,0.99,0.0,0.99,0.46,0.5,0.33,0.02,0.33,0.34,0.3,0.23,0.01,0.23,0.22,0.4,-0.17,0.1,-0.17,0.33,2.8899999999999997,1.44,1.2100000000000002,1.6900000000000002,0.04000000000000001,4.0,0.81,0.25,1.2100000000000002,0.25,0.09,0.16000000000000003,1.9320999999999997,0.028900000000000006,1.1236000000000002,0.016900000000000002,0.0121,0.81,0.43560000000000004,0.17639999999999997,0.9801,0.10890000000000001,0.0529,0.028900000000000006,0.8464,1.4161,0.10890000000000001,1.2100000000000002,0.0361,3.3489000000000004,0.1936,0.0225,0.2116,0.11560000000000002,0.0484,0.10890000000000001,0.0081,0.004900000000000001,0.0036,0.0009,0.04000000000000001,0.0001,0.1521,0.0081,0.0,0.0004,0.0001,0.010000000000000002
38.0,5.2,5.948,37.95,-0.43,-10.16,27.4,-0.488,2.431,33.487,-28.856,10.334,-17.043,90.414,-38.996,98.482,1.7,1.39,0.09,1.39,0.92,1.2,0.17,0.07,0.17,1.19,1.1,1.06,0.06,1.06,0.33,1.3,0.13,0.03,0.13,1.1,0.2,-0.11,0.2,-0.11,0.19,2.0,0.9,0.01,0.9,1.83,0.9,0.66,0.39,0.66,0.44,0.5,0.42,0.09,0.42,0.15,1.1,0.99,0.0,0.99,0.46,0.5,0.33,0.02,0.33,0.34,0.3,0.23,0.01,0.23,0.22,0.4,-0.17,0.1,-0.17,0.33,2.8899999999999997,1.44,1.2100000000000002,1.6900000000000002,0.04000000000000001,4.0,0.81,0.25,1.2100000000000002,0.25,0.09,0.16000000000000003,1.9320999999999997,0.028900000000000006,1.1236000000000002,0.016900000000000002,0.0121,0.81,0.43560000000000004,0.17639999999999997,0.9801,0.10890000000000001,0.0529,0.028900000000000006,0.8464,1.4161,0.10890000000000001,1.2100000000000002,0.0361,3.3489000000000004,0.1936,0.0225,0.2116,0.11560000000000002,0.0484,0.10890000000000001,0.0081,0.004900000000000001,0.0036,0.0009,0.04000000000000001,0.0001,0.1521,0.0081,0.0,0.0004,0.0001,0.010000000000000002
39.0,5.21,5.985,38.86,-0.45,-10.57,27.2,-0.867,2.275,34.144,-28.883,10.18,-17.041,90.322,-39.681,98.673,1.7,1.39,0.09,1.39,0.92,1.2,0.17,0.07,0.17,1.19,1.1,1.06,0.06,1.06,0.33,1.3,0.13,0.03,0.13,1.1,0.2,-0.11,0.2,-0.11,0.19,2.0,0.9,0.01,0.9,1.83,0.9,0.66,0.39,0.66,0.44,0.5,0.42,0.09,0.42,0.15,1.1,0.99,0.0,0.99,0.46,0.5,0.33,0.02,0.33,0.34,0.3,0.23,0.01,0.23,0.22,0.4,-0.17,0.1,-0.17,0.33,2.8899999999999997,1.44,1.2100000000000002,1.6900000000000002,0.04000000000000001,4.0,0.81,0.25,1.2100000000000002,0.25,0.09,0.16000000000000003,1.9320999999999997,0.028900000000000006,1.1236000000000002,0.016900000000000002,0.0121,0.81,0.43560000000000004,0.17639999999999997,0.9801,0.10890000000000001,0.0529,0.028900000000000006,0.8464,1.4161,0.10890000000000001,1.2100000000000002,0.0361,3.3489000000000004,0.1936,0.0225,0.2116,0.11560000000000002,0.0484,0.10890000000000001,0.0081,0.004900000000000001,0.0036,0.0009,0.04000000000000001,0.0001,0.1521,0.0081,0.0,0.0004,0.0001,0.010000000000000002
40.0,5.21,6.021,39.78,-0.47,-10.97,27.1,-1.247,2.12,34.8,-28.91,10.026,-17.038,90.231,-40.364,98.869,1.7,1.39,0.09,1.39,0.92,1.2,0.17,0.07,0.17,1.19,1.1,1.06,0.06,1.06,0.33,1.3,0.13,0.03,0.13,1.1,0.2,-0.11,0.2,-0.11,0.19,2.0,0.9,0.01,0.9,1.83,0.9,0.66,0.39,0.66,0.44,0.5,0.42,0.09,0.42,0.15,1.1,0.99,0.0,0.99,0.46,0.5,0.33,0.02,0.33,0.34,0.3,0.23,0.01,0.23,0.22,0.4,-0.17,0.1,-0.17,0.33,2.8899999999999997,1.44,1.2100000000000002,1.6900000000000002,0.04000000000000001,4.0,0.81,0.25,1.2100000000000002,0.25,0.09,0.16000000000000003,1.9320999999999997,0.028900000000000006,1.1236000000000002,0.016900000000000002,0.0121,0.81,0.43560000000000004,0.17639999999999997,0.9801,0.10890000000000001,0.0529,0.028900000000000006,0.8464,1.4161,0.10890000000000001,1.2100000000000002,0.0361,3.3489000000000004,0.1936,0.0225,0.2116,0.11560000000000002,0.0484,0.10890000000000001,0.0081,0.004900000000000001,0.0036,0.0009,0.04000000000000001,0.0001,0.1521,0.0081,0.0,0.0004,0.0001,0.010000000000000002
41.0,5.21,6.058,40.7,-0.49,-11.37,26.9,-1.625,1.965,35.455,-28.937,9.872,-17.036,90.139,-41.047,99.069,1.7,1.39,0.09,1.39,0.92,1.2,0.17,0.07,0.17,1.19,1.1,1.06,0.06,1.06,0.33,1.3,0.13,0.03,0.13,1.1,0.2,-0.11,0.2,-0.11,0.19,2.0,0.9,0.01,0.9,1.83,0.9,0.66,0.39,0.66,0.44,0.5,0.42,0.09,0.42,0.15,1.1,0.99,0.0,0.99,0.46,0.5,0.33,0.02,0.33,0.34,0.3,0.23,0.01,0.23,0.22,0.4,-0.17,0.1,-0.17,0.33,2.8899999999999997,1.44,1.2100000000000002,1.6900000000000002,0.04000000000000001,4.0,0.81,0.25,1.2100000000000002,0.25,0.09,0.16000000000000003,1.9320999999999997,0.028900000000000006,1.1236000000000002,0.016900000000000002,0.0121,0.81,0.43560000000000004,0.17639999999999997,0.9801,0.10890000000000001,0.0529,0.028900000000000006,0.8464,1.4161,0.10890000000000001,1.2100000000000002,0.0361,3.3489000000000004,0.1936,0.0225,0.2116,0.11560000000000002,0.0484,0.10890000000000001,0.0081,0.004900000000000001,0.0036,0.0009,0.04000000000000001,0.0001,0.1521,0.0081,0.0,0.0004,0.0001,0.010000000000000002
42.0,5.19,6.094,41.6,-0.51,-11.79,26.7,-2.181,1.811,35.344,-28.964,9.629,-17.033,90.049,-41.742,99.28,1.7,1.39,0.09,1.39,0.92,1.2,0.17,0.07,0.17,1.19,1.1,1.06,0.06,1.06,0.33,1.3,0.13,0.03,0.13,1.1,0.2,-0.11,0.2,-0.11,0.19,2.0,0.9,0.01,0.9,1.83,0.9,0.66,0.39,0.66,0.44,0.5,0.42,0.09,0.42,0.15,1.1,0.99,0.0,0.99,0.46,0.5,0.33,0.02,0.33,0.34,0.3,0.23,0.01,0.23,0.22,0.4,-0.17,0.1,-0.17,0.33,2.8899999999999997,1.44,1.2100000000000002,1.6900000000000002,0.04000000000000001,4.0,0.81,0.25,1.2100000000000002,0.25,0.09,0.16000000000000003,1.9320999999999997,0.028900000000000006,1.1236000000000002,0.016900000000000002,0.0121,0.81,0.43560000000000004,0.17639999999999997,0.9801,0.10890000000000001,0.0529,0.028900000000000006,0.8464,1.4161,0.10890000000000001,1.2100000000000002,0.0361,3.3489000000000004,0.1936,0.0225,0.2116,0.11560000000000002,0.0484,0.10890000000000001,0.0081,0.004900000000000001,0.0036,0.0009,0.04000000000000001,0.0001,0.1521,0.0081,0.0,0.0004,0.0001,0.010000000000000002
43.0,5.16,6.13,42.51,-0.53,-12.22,26.5,-2.764,1.658,35.109,-28.991,9.373,-17.031,89.959,-42.438,99.497,1.7,1.39,0.08,1.39,0.93,1.1,0.19,0.14,0.19,1.09,1.0,0.94,0.19,0.94,0.06,1.4,0.07,0.08,0.07,1.13,0.2,-0.03,0.18,-0.03,0.23,2.0,0.97,0.12,0.97,1.68,1.0,0.8,0.21,0.8,0.47,0.4,0.38,0.1,0.38,0.16,1.0,0.9,0.09,0.9,0.39,0.5,0.32,0.04,0.32,0.32,0.4,0.26,0.05,0.26,0.24,0.4,-0.19,0.11,-0.19,0.34,2.8899999999999997,1.2100000000000002,1.0,1.9599999999999997,0.04000000000000001,4.0,1.0,0.16000000000000003,1.0,0.25,0.16000000000000003,0.16000000000000003,1.9320999999999997,0.0361,0.8835999999999999,0.004900000000000001,0.0009,0.9409,0.6400000000000001,0.1444,0.81,0.1024,0.06760000000000001,0.0361,0.8649000000000001,1.1881000000000002,0.0036,1.2768999999999997,0.0529,2.8223999999999996,0.22089999999999999,0.0256,0.1521,0.1024,0.0576,0.11560000000000002,0.0064,0.019600000000000003,0.0361,0.0064,0.0324,0.0144,0.04409999999999999,0.010000000000000002,0.0081,0.0016,0.0025000000000000005,0.0121
44.0,5.13,6.166,43.41,-0.55,-12.64,26.2,-3.344,1.505,34.938,-29.017,9.104,-17.028,89.873,-43.139,99.725,1.7,1.39,0.08,1.39,0.93,1.1,0.19,0.14,0.19,1.09,1.0,0.94,0.19,0.94,0.06,1.4,0.07,0.08,0.07,1.13,0.2,-0.03,0.18,-0.03,0.23,2.0,0.97,0.12,0.97,1.68,1.0,0.8,0.21,0.8,0.47,0.4,0.38,0.1,0.38,0.16,1.0,0.9,0.09,0.9,0.39,0.5,0.32,0.04,0.32,0.32,0.4,0.26,0.05,0.26,0.24,0.4,-0.19,0.11,-0.19,0.34,2.8899999999999997,1.2100000000000002,1.0,1.9599999999999997,0.04000000000000001,4.0,1.0,0.16000000000000003,1.0,0.25,0.16000000000000003,0.16000000000000003,1.9320999999999997,0.0361,0.8835999999999999,0.004900000000000001,0.0009,0.9409,0.6400000000000001,0.1444,0.81,0.1024,0.06760000000000001,0.0361,0.8649000000000001,1.1881000000000002,0.0036,1.2768999999999997,0.0529,2.8223999999999996,0.22089999999999999,0.0256,0.1521,0.1024,0.0576,0.11560000000000002,0.0064,0.019600000000000003,0.0361,0.0064,0.0324,0.0144,0.04409999999999999,0.010000000000000002,0.0081,0.0016,0.0025000000000000005,0.0121
45.0,5.09,6.202,44.3,-0.57,-13.08,25.8,-3.894,1.353,35.371,-29.044,8.724,-17.026,89.835,-43.895,100.023,1.7,1.39,0.08,1.39,0.93,1.1,0.19,0.14,0.19,1.09,1.0,0.94,0.19,0.94,0.06,1.4,0.07,0.08,0.07,1.13,0.2,-0.03,0.18,-0.03,0.23,2.0,0.97,0.12,0.97,1.68,1.0,0.8,0.21,0.8,0.47,0.4,0.38,0.1,0.38,0.16,1.0,0.9,0.09,0.9,0.39,0.5,0.32,0.04,0.32,0.32,0.4,0.26,0.05,0.26,0.24,0.4,-0.19,0.11,-0.19,0.34,2.8899999999999997,1.2100000000000002,1.0,1.9599999999999997,0.04000000000000001,4.0,1.0,0.16000000000000003,1.0,0.25,0.16000000000000003,0.16000000000000003,1.9320999999999997,0.0361,0.8835999999999999,0.004900000000000001,0.0009,0.9409,0.6400000000000001,0.1444,0.81,0.1024,0.06760000000000001,0.0361,0.8649000000000001,1.1881000000000002,0.0036,1.2768999999999997,0.0529,2.8223999999999996,0.22089999999999999,0.0256,0.1521,0.1024,0.0576,0.11560000000000002,0.0064,0.019600000000000003,0.0361,0.0064,0.0324,0.0144,0.04409999999999999,0.010000000000000002,0.0081,0.0016,0.0025000000000000005,0.0121
46.0,5.03,6.238,45.19,-0.6,-13.52,25.5,-4.41,1.201,35.087,-29.07,8.44,-17.023,89.753,-44.682,100.298,1.7,1.39,0.08,1.39,0.93,1.1,0.19,0.14,0.19,1.09,1.0,0.94,0.19,0.94,0.06,1.4,0.07,0.08,0.07,1.13,0.2,-0.03,0.18,-0.03,0.23,2.0,0.97,0.12,0.97,1.68,1.0,0.8,0.21,0.8,0.47,0.4,0.38,0.1,0.38,0.16,1.0,0.9,0.09,0.9,0.39,0.5,0.32,0.04,0.32,0.32,0.4,0.26,0.05,0.26,0.24,0.4,-0.19,0.11,-0.19,0.34,2.8899999999999997,1.2100000000000002,1.0,1.9599999999999997,0.04000000000000001,4.0,1.0,0.16000000000000003,1.0,0.25,0.16000000000000003,0.16000000000000003,1.9320999999999997,0.0361,0.8835999999999999,0.004900000000000001,0.0009,0.9409,0.6400000000000001,0.1444,0.81,0.1024,0.06760000000000001,0.0361,0.8649000000000001,1.1881000000000002,0.0036,1.2768999999999997,0.0529,2.8223999999999996,0.22089999999999999,0.0256,0.1521,0.1024,0.0576,0.11560000000000002,0.0064,0.019600000000000003,0.0361,0.0064,0.0324,0.0144,0.04409999999999999,0.010000000000000002,0.0081,0.0016,0.0025000000000000005,0.0121
47.0,4.97,6.274,46.08,-0.62,-13.98,25.3,-4.913,1.05,34.499,-29.097,8.195,-17.021,89.651,-45.487,100.569,1.7,1.39,0.08,1.39,0.93,1.1,0.19,0.14,0.19,1.09,1.0,0.94,0.19,0.94,0.06,1.4,0.07,0.08,0.07,1.13,0.2,-0.03,0.18,-0.03,0.23,2.0,0.97,0.12,0.97,1.68,1.0,0.8,0.21,0.8,0.47,0.4,0.38,0.1,0.38,0.16,1.0,0.9,0.09,0.9,0.39,0.5,0.32,0.04,0.32,0.32,0.4,0.26,0.05,0.26,0.24,0.4,-0.19,0.11,-0.19,0.34,2.8899999999999997,1.2100000000000002,1.0,1.9599999999999997,0.04000000000000001,4.0,1.0,0.16000000000000003,1.0,0.25,0.16000000000000003,0.16000000000000003,1.9320999999999997,0.0361,0.8835999999999999,0.004900000000000001,0.0009,0.9409,0.6400000000000001,0.1444,0.81,0.1024,0.06760000000000001,0.0361,0.8649000000000001,1.1881000000000002,0.0036,1.2768999999999997,0.0529,2.8223999999999996,0.22089999999999999,0.0256,0.1521,0.1024,0.0576,0.11560000000000002,0.0064,0.019600000000000003,0.0361,0.0064,0.0324,0.0144,0.04409999999999999,0.010000000000000002,0.0081,0.0016,0.0025000000000000005,0.0121
48.0,4.92,6.31,46.99,-0.65,-14.43,25.0,-5.423,0.896,33.904,-29.123,7.946,-17.018,89.547,-46.302,100.848,1.7,1.39,0.08,1.39,0.93,1.1,0.19,0.14,0.19,1.09,1.0,0.94,0.19,0.94,0.06,1.4,0.07,0.08,0.07,1.13,0.2,-0.03,0.18,-0.03,0.23,2.0,0.97,0.12,0.97,1.68,1.0,0.8,0.21,0.8,0.47,0.4,0.38,0.1,0.38,0.16,1.0,0.9,0.09,0.9,0.39,0.5,0.32,0.04,0.32,0.32,0.4,0.26,0.05,0.26,0.24,0.4,-0.19,0.11,-0.19,0.34,2.8899999999999997,1.2100000000000002,1.0,1.9599999999999997,0.04000000000000001,4.0,1.0,0.16000000000000003,1.0,0.25,0.16000000000000003,0.16000000000000003,1.9320999999999997,0.0361,0.8835999999999999,0.004900000000000001,0.0009,0.9409,0.6400000000000001,0.1444,0.81,0.1024,0.06760000000000001,0.0361,0.8649000000000001,1.1881000000000002,0.0036,1.2768999999999997,0.0529,2.8223999999999996,0.22089999999999999,0.0256,0.1521,0.1024,0.0576,0.11560000000000002,0.0064,0.019600000000000003,0.0361,0.0064,0.0324,0.0144,0.04409999999999999,0.010000000000000002,0.0081,0.0016,0.0025000000000000005,0.0121
49.0,4.84,6.346,47.88,-0.68,-14.91,25.0,-5.772,0.743,32.944,-29.15,7.924,-17.015,89.559,-47.027,101.196,1.7,1.39,0.08,1.39,0.93,1.1,0.19,0.14,0.19,1.09,1.0,0.94,0.19,0.94,0.06,1.4,0.07,0.08,0.07,1.13,0.2,-0.03,0.18,-0.03,0.23,2.0,0.97,0.12,0.97,1.68,1.0,0.8,0.21,0.8,0.47,0.4,0.38,0.1,0.38,0.16,1.0,0.9,0.09,0.9,0.39,0.5,0.32,0.04,0.32,0.32,0.4,0.26,0.05,0.26,0.24,0.4,-0.19,0.11,-0.19,0.34,2.8899999999999997,1.2100000000000002,1.0,1.9599999999999997,0.04000000000000001,4.0,1.0,0.16000000000000003,1.0,0.25,0.16000000000000003,0.16000000000000003,1.9320999999999997,0.0361,0.8835999999999999,0.004900000000000001,0.0009,0.9409,0.6400000000000001,0.1444,0.81,0.1024,0.06760000000000001,0.0361,0.8649000000000001,1.1881000000000002,0.0036,1.2768999999999997,0.0529,2.8223999999999996,0.22089999999999999,0.0256,0.1521,0.1024,0.0576,0.11560000000000002,0.0064,0.019600000000000003,0.0361,0.0064,0.0324,0.0144,0.04409999999999999,0.010000000000000002,0.0081,0.0016,0.0025000000000000005,0.0121
50.0,4.77,6.382,48.78,-0.7,-15.39,25.0,-6.106,0.59,31.953,-29.177,7.922,-17.013,89.582,-47.744,101.554,1.7,1.39,0.08,1.39,0.93,1.1,0.19,0.14,0.19,1.09,1.0,0.94,0.19,0.94,0.06,1.4,0.07,0.08,0.07,1.13,0.3,0.0,0.13,0.0,0.27,2.0,0.97,0.12,0.97,1.68,1.0,0.8,0.21,0.8,0.47,0.4,0.38,0.1,0.38,0.16,0.9,0.82,0.18,0.82,0.35,0.4,0.3,0.05,0.3,0.32,0.4,0.26,0.05,0.26,0.24,0.4,-0.19,0.11,-0.19,0.34,2.8899999999999997,1.2100000000000002,1.0,1.9599999999999997,0.09,4.0,1.0,0.16000000000000003,0.81,0.16000000000000003,0.16000000000000003,0.16000000000000003,1.9320999999999997,0.0361,0.8835999999999999,0.004900000000000001,0.0,0.9409,0.6400000000000001,0.1444,0.6723999999999999,0.09,0.06760000000000001,0.0361,0.8649000000000001,1.1881000000000002,0.0036,1.2768999999999997,0.0729,2.8223999999999996,0.22089999999999999,0.0256,0.12249999999999998,0.1024,0.0576,0.11560000000000002,0.0064,0.019600000000000003,0.0361,0.0064,0.016900000000000002,0.0144,0.04409999999999999,0.010000000000000002,0.0324,0.0025000000000000005,0.0025000000000000005,0.0121
51.0,4.7,6.419,49.68,-0.73,-15.87,25.0,-6.44,0.437,30.963,-29.204,7.919,-17.01,89.605,-48.461,101.915,1.7,1.39,0.08,1.39,0.93,1.1,0.19,0.14,0.19,1.09,1.0,0.94,0.19,0.94,0.06,1.4,0.07,0.08,0.07,1.13,0.3,0.0,0.13,0.0,0.27,2.0,0.97,0.12,0.97,1.68,1.0,0.8,0.21,0.8,0.47,0.4,0.38,0.1,0.38,0.16,0.9,0.82,0.18,0.82,0.35,0.4,0.3,0.05,0.3,0.32,0.4,0.26,0.05,0.26,0.24,0.4,-0.19,0.11,-0.19,0.34,2.8899999999999997,1.2100000000000002,1.0,1.9599999999999997,0.09,4.0,1.0,0.16000000000000003,0.81,0.16000000000000003,0.16000000000000003,0.16000000000000003,1.9320999999999997,0.0361,0.8835999999999999,0.004900000000000001,0.0,0.9409,0.6400000000000001,0.1444,0.6723999999999999,0.09,0.06760000000000001,0.0361,0.8649000000000001,1.1881000000000002,0.0036,1.2768999999999997,0.0729,2.8223999999999996,0.22089999999999999,0.0256,0.12249999999999998,0.1024,0.0576,0.11560000000000002,0.0064,0.019600000000000003,0.0361,0.0064,0.016900000000000002,0.0144,0.04409999999999999,0.010000000000000002,0.0324,0.0025000000000000005,0.0025000000000000005,0.0121
52.0,4.63,6.455,50.57,-0.76,-16.35,25.0,-6.774,0.284,29.972,-29.23,7.917,-17.008,89.627,-49.179,102.28,1.7,1.39,0.08,1.39,0.93,1.1,0.19,0.14,0.19,1.09,1.0,0.94,0.19,0.94,0.06,1.4,0.07,0.08,0.07,1.13,0.3,0.0,0.13,0.0,0.27,2.0,0.97,0.12,0.97,1.68,1.0,0.8,0.21,0.8,0.47,0.4,0.38,0.1,0.38,0.16,0.9,0.82,0.18,0.82,0.35,0.4,0.3,0.05,0.3,0.32,0.4,0.26,0.05,0.26,0.24,0.4,-0.19,0.11,-0.19,0.34,2.8899999999999997,1.2100000000000002,1.0,1.9599999999999997,0.09,4.0,1.0,0.16000000000000003,0.81,0.16000000000000003,0.16000000000000003,0.16000000000000003,1.9320999999999997,0.0361,0.8835999999999999,0.004900000000000001,0.0,0.9409,0.6400000000000001,0.1444,0.6723999999999999,0.09,0.06760000000000001,0.0361,0.8649000000000001,1.1881000000000002,0.0036,1.2768999999999997,0.0729,2.8223999999999996,0.22089999999999999,0.0256,0.12249999999999998,0.1024,0.0576,0.11560000000000002,0.0064,0.019600000000000003,0.0361,0.0064,0.016900000000000002,0.0144,0.04409999999999999,0.010000000000000002,0.0324,0.0025000000000000005,0.0025000000000000005,0.0121
53.0,4.56,6.491,51.46,-0.79,-16.84,24.9,-6.689,0.131,28.764,-29.257,7.826,-17.005,89.663,-49.747,102.583,1.7,1.39,0.08,1.39,0.93,1.1,0.19,0.14,0.19,1.09,1.0,0.94,0.19,0.94,0.06,1.4,0.07,0.08,0.07,1.13,0.3,0.0,0.13,0.0,0.27,2.0,0.97,0.12,0.97,1.68,1.0,0.8,0.21,0.8,0.47,0.4,0.38,0.1,0.38,0.16,0.9,0.82,0.18,0.82,0.35,0.4,0.3,0.05,0.3,0.32,0.4,0.26,0.05,0.26,0.24,0.4,-0.19,0.11,-0.19,0.34,2.8899999999999997,1.2100000000000002,1.0,1.9599999999999997,0.09,4.0,1.0,0.16000000000000003,0.81,0.16000000000000003,0.16000000000000003,0.16000000000000003,1.9320999999999997,0.0361,0.8835999999999999,0.004900000000000001,0.0,0.9409,0.6400000000000001,0.1444,0.6723999999999999,0.09,0.06760000000000001,0.0361,0.8649000000000001,1.1881000000000002,0.0036,1.2768999999999997,0.0729,2.8223999999999996,0.22089999999999999,0.0256,0.12249999999999998,0.1024,0.0576,0.11560000000000002,0.0064,0.019600000000000003,0.0361,0.0064,0.016900000000000002,0.0144,0.04409999999999999,0.010000000000000002,0.0324,0.0025000000000000005,0.0025000000000000005,0.0121
54.0,4.49,6.526,52.36,-0.82,-17.32,24.8,-6.343,-0.021,27.729,-29.283,7.669,-17.003,89.712,-50.24,102.865,1.7,1.39,0.08,1.39,0.93,1.1,0.19,0.14,0.19,1.09,1.0,0.94,0.19,0.94,0.06,1.4,0.07,0.08,0.07,1.13,0.3,0.0,0.13,0.0,0.27,2.0,0.97,0.12,0.97,1.68,1.0,0.8,0.21,0.8,0.47,0.4,0.38,0.1,0.38,0.16,0.9,0.82,0.18,0.82,0.35,0.4,0.3,0.05,0.3,0.32,0.4,0.26,0.05,0.26,0.24,0.4,-0.19,0.11,-0.19,0.34,2.8899999999999997,1.2100000000000002,1.0,1.9599999999999997,0.09,4.0,1.0,0.16000000000000003,0.81,0.16000000000000003,0.16000000000000003,0.16000000000000003,1.9320999999999997,0.0361,0.8835999999999999,0.004900000000000001,0.0,0.9409,0.6400000000000001,0.1444,0.6723999999999999,0.09,0.06760000000000001,0.0361,0.8649000000000001,1.1881000000000002,0.0036,1.2768999999999997,0.0729,2.8223999999999996,0.22089999999999999,0.0256,0.12249999999999998,0.1024,0.0576,0.11560000000000002,0.0064,0.019600000000000003,0.0361,0.0064,0.016900000000000002,0.0144,0.04409999999999999,0.010000000000000002,0.0324,0.0025000000000000005,0.0025000000000000005,0.0121
55.0,4.45,6.562,53.26,-0.84,-17.79,24.5,-5.77,-0.172,27.084,-29.31,7.448,-17.0,89.777,-50.683,103.14,1.7,1.39,0.08,1.39,0.93,1.1,0.19,0.14,0.19,1.09,1.0,0.94,0.19,0.94,0.06,1.4,0.07,0.08,0.07,1.13,0.3,0.0,0.13,0.0,0.27,2.0,0.97,0.12,0.97,1.68,1.0,0.8,0.21,0.8,0.47,0.4,0.38,0.1,0.38,0.16,0.9,0.82,0.18,0.82,0.35,0.4,0.3,0.05,0.3,0.32,0.4,0.26,0.05,0.26,0.24,0.4,-0.19,0.11,-0.19,0.34,2.8899999999999997,1.2100000000000002,1.0,1.9599999999999997,0.09,4.0,1.0,0.16000000000000003,0.81,0.16000000000000003,0.16000000000000003,0.16000000000000003,1.9320999999999997,0.0361,0.8835999999999999,0.004900000000000001,0.0,0.9409,0.6400000000000001,0.1444,0.6723999999999999,0.09,0.06760000000000001,0.0361,0.8649000000000001,1.1881000000000002,0.0036,1.2768999999999997,0.0729,2.8223999999999996,0.22089999999999999,0.0256,0.12249999999999998,0.1024,0.0576,0.11560000000000002,0.0064,0.019600000000000003,0.0361,0.0064,0.016900000000000002,0.0144,0.04409999999999999,0.010000000000000002,0.0324,0.0025000000000000005,0.0025000000000000005,0.0121
56.0,4.37,6.598,54.14,-0.87,-18.29,24.2,-4.87,-0.322,25.379,-29.336,7.105,-16.998,89.693,-50.948,103.194,1.7,1.39,0.08,1.39,0.93,1.1,0.19,0.14,0.19,1.09,1.0,0.94,0.19,0.94,0.06,1.4,0.07,0.08,0.07,1.13,0.3,0.0,0.13,0.0,0.27,2.0,0.97,0.12,0.97,1.68,1.0,0.8,0.21,0.8,0.47,0.4,0.38,0.1,0.38,0.16,0.9,0.82,0.18,0.82,0.35,0.4,0.3,0.05,0.3,0.32,0.4,0.26,0.05,0.26,0.24,0.4,-0.19,0.11,-0.19,0.34,2.8899999999999997,1.2100000000000002,1.0,1.9599999999999997,0.09,4.0,1.0,0.16000000000000003,0.81,0.16000000000000003,0.16000000000000003,0.16000000000000003,1.9320999999999997,0.0361,0.8835999999999999,0.004900000000000001,0.0,0.9409,0.6400000000000001,0.1444,0.6723999999999999,0.09,0.06760000000000001,0.0361,0.8649000000000001,1.1881000000000002,0.0036,1.2768999999999997,0.0729,2.8223999999999996,0.22089999999999999,0.0256,0.12249999999999998,0.1024,0.0576,0.11560000000000002,0.0064,0.019600000000000003,0.0361,0.0064,0.016900000000000002,0.0144,0.04409999999999999,0.010000000000000002,0.0324,0.0025000000000000005,0.0025000000000000005,0.0121
57.0,4.3,6.633,55.03,-0.89,-18.8,23.8,-3.976,-0.473,24.793,-29.362,6.747,-16.995,89.56,-51.166,103.183,1.7,1.35,0.08,1.35,0.94,1.1,0.19,0.17,0.19,1.03,1.0,1.0,0.09,1.0,0.17,1.4,0.05,0.04,0.05,1.17,0.4,0.05,0.03,0.05,0.34,1.7,0.94,0.42,0.94,1.4,1.0,0.87,0.17,0.87,0.35,0.4,0.35,0.12,0.35,0.15,0.9,0.79,0.22,0.79,0.32,0.4,0.28,0.07,0.28,0.31,0.4,0.26,0.06,0.26,0.27,0.4,-0.2,0.11,-0.2,0.36,2.8899999999999997,1.2100000000000002,1.0,1.9599999999999997,0.16000000000000003,2.8899999999999997,1.0,0.16000000000000003,0.81,0.16000000000000003,0.16000000000000003,0.16000000000000003,1.8225000000000002,0.0361,1.0,0.0025000000000000005,0.0025000000000000005,0.8835999999999999,0.7569,0.12249999999999998,0.6241000000000001,0.07840000000000001,0.06760000000000001,0.04000000000000001,0.8835999999999999,1.0609,0.028900000000000006,1.3688999999999998,0.11560000000000002,1.9599999999999997,0.12249999999999998,0.0225,0.1024,0.0961,0.0729,0.1296,0.0064,0.028900000000000006,0.0081,0.0016,0.0009,0.17639999999999997,0.028900000000000006,0.0144,0.0484,0.004900000000000001,0.0036,0.0121
58.0,4.23,6.669,55.91,-0.91,-19.3,23.5,-3.25,-0.624,25.081,-29.389,6.405,-16.993,89.368,-51.373,103.115,1.7,1.35,0.08,1.35,0.94,1.1,0.19,0.17,0.19,1.03,1.0,1.0,0.09,1.0,0.17,1.4,0.05,0.04,0.05,1.17,0.4,0.05,0.03,0.05,0.34,1.7,0.94,0.42,0.94,1.4,1.0,0.87,0.17,0.87,0.35,0.4,0.35,0.12,0.35,0.15,0.9,0.79,0.22,0.79,0.32,0.4,0.28,0.07,0.28,0.31,0.4,0.26,0.06,0.26,0.27,0.4,-0.2,0.11,-0.2,0.36,2.8899999999999997,1.2100000000000002,1.0,1.9599999999999997,0.16000000000000003,2.8899999999999997,1.0,0.16000000000000003,0.81,0.16000000000000003,0.16000000000000003,0.16000000000000003,1.8225000000000002,0.0361,1.0,0.0025000000000000005,0.0025000000000000005,0.8835999999999999,0.7569,0.12249999999999998,0.6241000000000001,0.07840000000000001,0.06760000000000001,0.04000000000000001,0.8835999999999999,1.0609,0.028900000000000006,1.3688999999999998,0.11560000000000002,1.9599999999999997,0.12249999999999998,0.0225,0.1024,0.0961,0.0729,0.1296,0.0064,0.028900000000000006,0.0081,0.0016,0.0009,0.17639999999999997,0.028900000000000006,0.0144,0.0484,0.004900000000000001,0.0036,0.0121
59.0,4.17,6.705,56.8,-0.9,-19.79,23.5,-3.331,-0.777,25.339,-29.415,6.188,-16.99,89.037,-51.697,102.986,1.7,1.35,0.08,1.35,0.94,1.1,0.19,0.17,0.19,1.03,1.0,1.0,0.09,1.0,0.17,1.4,0.05,0.04,0.05,1.17,0.4,0.05,0.03,0.05,0.34,1.7,0.94,0.42,0.94,1.4,1.0,0.87,0.17,0.87,0.35,0.4,0.35,0.12,0.35,0.15,0.9,0.79,0.22,0.79,0.32,0.4,0.28,0.07,0.28,0.31,0.4,0.26,0.06,0.26,0.27,0.4,-0.2,0.11,-0.2,0.36,2.8899999999999997,1.2100000000000002,1.0,1.9599999999999997,0.16000000000000003,2.8899999999999997,1.0,0.16000000000000003,0.81,0.16000000000000003,0.16000000000000003,0.16000000000000003,1.8225000000000002,0.0361,1.0,0.0025000000000000005,0.0025000000000000005,0.8835999999999999,0.7569,0.12249999999999998,0.6241000000000001,0.07840000000000001,0.06760000000000001,0.04000000000000001,0.8835999999999999,1.0609,0.028900000000000006,1.3688999999999998,0.11560000000000002,1.9599999999999997,0.12249999999999998,0.0225,0.1024,0.0961,0.0729,0.1296,0.0064,0.028900000000000006,0.0081,0.0016,0.0009,0.17639999999999997,0.028900000000000006,0.0144,0.0484,0.004900000000000001,0.0036,0.0121
60.0,4.12,6.741,57.69,-0.88,-20.28,23.4,-3.413,-0.931,25.598,-29.442,5.97,-16.988,88.706,-52.02,102.859,1.7,1.35,0.08,1.35,0.94,1.1,0.19,0.17,0.19,1.03,1.0,1.0,0.09,1.0,0.17,1.4,0.05,0.04,0.05,1.17,0.4,0.05,0.03,0.05,0.34,1.7,0.94,0.42,0.94,1.4,1.0,0.87,0.17,0.87,0.35,0.4,0.35,0.12,0.35,0.15,0.9,0.79,0.22,0.79,0.32,0.4,0.28,0.07,0.28,0.31,0.4,0.26,0.06,0.26,0.27,0.4,-0.2,0.11,-0.2,0.36,2.8899999999999997,1.2100000000000002,1.0,1.9599999999999997,0.16000000000000003,2.8899999999999997,1.0,0.16000000000000003,0.81,0.16000000000000003,0.16000000000000003,0.16000000000000003,1.8225000000000002,0.0361,1.0,0.0025000000000000005,0.0025000000000000005,0.8835999999999999,0.7569,0.12249999999999998,0.6241000000000001,0.07840000000000001,0.06760000000000001,0.04000000000000001,0.8835999999999999,1.0609,0.028900000000000006,1.3688999999999998,0.11560000000000002,1.9599999999999997,0.12249999999999998,0.0225,0.1024,0.0961,0.0729,0.1296,0.0064,0.028900000000000006,0.0081,0.0016,0.0009,0.17639999999999997,0.028900000000000006,0.0144,0.0484,0.004900000000000001,0.0036,0.0121
61.0,4.06,6.777,58.57,-0.89,-20.78,23.7,-3.494,-0.983,25.855,-28.917,5.754,-17.224,88.451,-52.405,102.834,1.7,1.35,0.08,1.35,0.94,1.1,0.19,0.17,0.19,1.03,1.0,1.0,0.09,1.0,0.17,1.4,0.05,0.04,0.05,1.17,0.4,0.05,0.03,0.05,0.34,1.7,0.94,0.42,0.94,1.4,1.0,0.87,0.17,0.87,0.35,0.4,0.35,0.12,0.35,0.15,0.9,0.79,0.22,0.79,0.32,0.4,0.28,0.07,0.28,0.31,0.4,0.26,0.06,0.26,0.27,0.4,-0.2,0.11,-0.2,0.36,2.8899999999999997,1.2100000000000002,1.0,1.9599999999999997,0.16000000000000003,2.8899999999999997,1.0,0.16000000000000003,0.81,0.16000000000000003,0.16000000000000003,0.16000000000000003,1.8225000000000002,0.0361,1.0,0.0025000000000000005,0.0025000000000000005,0.8835999999999999,0.7569,0.12249999999999998,0.6241000000000001,0.07840000000000001,0.06760000000000001,0.04000000000000001,0.8835999999999999,1.0609,0.028900000000000006,1.3688999999999998,0.11560000000000002,1.9599999999999997,0.12249999999999998,0.0225,0.1024,0.0961,0.0729,0.1296,0.0064,0.028900000000000006,0.0081,0.0016,0.0009,0.17639999999999997,0.028900000000000006,0.0144,0.0484,0.004900000000000001,0.0036,0.0121
62.0,3.99,6.813,59.45,-0.91,-21.3,24.2,-3.574,-0.884,26.11,-27.569,5.541,-17.817,88.31,-52.881,102.957,1.7,1.35,0.08,1.35,0.94,1.1,0.19,0.17,0.19,1.03,1.0,1.0,0.09,1.0,0.17,1.4,0.05,0.04,0.05,1.17,0.4,0.05,0.03,0.05,0.34,1.7,0.94,0.42,0.94,1.4,1.0,0.87,0.17,0.87,0.35,0.4,0.35,0.12,0.35,0.15,0.9,0.79,0.22,0.79,0.32,0.4,0.28,0.07,0.28,0.31,0.4,0.26,0.06,0.26,0.27,0.4,-0.2,0.11,-0.2,0.36,2.8899999999999997,1.2100000000000002,1.0,1.9599999999999997,0.16000000000000003,2.8899999999999997,1.0,0.16000000000000003,0.81,0.16000000000000003,0.16000000000000003,0.16000000000000003,1.8225000000000002,0.0361,1.0,0.0025000000000000005,0.0025000000000000005,0.8835999999999999,0.7569,0.12249999999999998,0.6241000000000001,0.07840000000000001,0.06760000000000001,0.04000000000000001,0.8835999999999999,1.0609,0.028900000000000006,1.3688999999999998,0.11560000000000002,1.9599999999999997,0.12249999999999998,0.0225,0.1024,0.0961,0.0729,0.1296,0.0064,0.028900000000000006,0.0081,0.0016,0.0009,0.17639999999999997,0.028900000000000006,0.0144,0.0484,0.004900000000000001,0.0036,0.0121
63.0,3.91,6.848,60.32,-0.94,-21.83,24.6,-3.654,-0.756,26.363,-27.496,5.328,-18.204,88.228,-53.227,103.067,1.7,1.35,0.08,1.35,0.94,1.1,0.19,0.17,0.19,1.03,1.0,1.0,0.09,1.0,0.17,1.4,0.05,0.04,0.05,1.17,0.4,0.05,0.03,0.05,0.34,1.7,0.94,0.42,0.94,1.4,1.0,0.87,0.17,0.87,0.35,0.4,0.35,0.12,0.35,0.15,0.9,0.79,0.22,0.79,0.32,0.4,0.28,0.07,0.28,0.31,0.4,0.26,0.06,0.26,0.27,0.4,-0.2,0.11,-0.2,0.36,2.8899999999999997,1.2100000000000002,1.0,1.9599999999999997,0.16000000000000003,2.8899999999999997,1.0,0.16000000000000003,0.81,0.16000000000000003,0.16000000000000003,0.16000000000000003,1.8225000000000002,0.0361,1.0,0.0025000000000000005,0.0025000000000000005,0.8835999999999999,0.7569,0.12249999999999998,0.6241000000000001,0.07840000000000001,0.06760000000000001,0.04000000000000001,0.8835999999999999,1.0609,0.028900000000000006,1.3688999999999998,0.11560000000000002,1.9599999999999997,0.12249999999999998,0.0225,0.1024,0.0961,0.0729,0.1296,0.0064,0.028900000000000006,0.0081,0.0016,0.0009,0.17639999999999997,0.028900000000000006,0.0144,0.0484,0.004900000000000001,0.0036,0.0121
64.0,3.83,6.884,61.19,-0.96,-22.35,25.0,-3.733,-0.629,26.615,-27.428,5.116,-18.59,88.147,-53.573,103.177,1.6,1.25,0.15,1.25,0.92,1.1,0.19,0.17,0.19,1.03,1.0,1.0,0.09,1.0,0.17,1.4,0.05,0.04,0.05,1.17,0.4,0.12,0.04,0.12,0.39,1.6,0.89,0.53,0.89,1.29,1.0,0.87,0.17,0.87,0.35,0.4,0.35,0.12,0.35,0.15,0.8,0.78,0.23,0.78,0.3,0.4,0.26,0.08,0.26,0.31,0.4,0.26,0.06,0.26,0.27,0.4,-0.2,0.11,-0.2,0.36,2.5600000000000005,1.2100000000000002,1.0,1.9599999999999997,0.16000000000000003,2.5600000000000005,1.0,0.16000000000000003,0.6400000000000001,0.16000000000000003,0.16000000000000003,0.16000000000000003,1.5625,0.0361,1.0,0.0025000000000000005,0.0144,0.7921,0.7569,0.12249999999999998,0.6084,0.06760000000000001,0.06760000000000001,0.04000000000000001,0.8464,1.0609,0.028900000000000006,1.3688999999999998,0.1521,1.6641000000000001,0.12249999999999998,0.0225,0.09,0.0961,0.0729,0.1296,0.0225,0.028900000000000006,0.0081,0.0016,0.0016,0.28090000000000004,0.028900000000000006,0.0144,0.0529,0.0064,0.0036,0.0121
65.0,3.75,6.919,62.06,-0.99,-22.88,25.4,-3.813,-0.501,26.868,-27.359,4.904,-18.975,88.066,-53.919,103.288,1.6,1.25,0.15,1.25,0.92,1.1,0.19,0.17,0.19,1.03,1.0,1.0,0.09,1.0,0.17,1.4,0.05,0.04,0.05,1.17,0.4,0.12,0.04,0.12,0.39,1.6,0.89,0.53,0.89,1.29,1.0,0.87,0.17,0.87,0.35,0.4,0.35,0.12,0.35,0.15,0.8,0.78,0.23,0.78,0.3,0.4,0.26,0.08,0.26,0.31,0.4,0.26,0.06,0.26,0.27,0.4,-0.2,0.11,-0.2,0.36,2.5600000000000005,1.2100000000000002,1.0,1.9599999999999997,0.16000000000000003,2.5600000000000005,1.0,0.16000000000000003,0.6400000000000001,0.16000000000000003,0.16000000000000003,0.16000000000000003,1.5625,0.0361,1.0,0.0025000000000000005,0.0144,0.7921,0.7569,0.12249999999999998,0.6084,0.06760000000000001,0.06760000000000001,0.04000000000000001,0.8464,1.0609,0.028900000000000006,1.3688999999999998,0.1521,1.6641000000000001,0.12249999999999998,0.0225,0.09,0.0961,0.0729,0.1296,0.0225,0.028900000000000006,0.0081,0.0016,0.0016,0.28090000000000004,0.028900000000000006,0.0144,0.0529,0.0064,0.0036,0.0121
66.0,3.68,6.954,62.92,-1.01,-23.41,25.8,-3.892,-0.373,27.121,-27.291,4.692,-19.361,87.985,-54.265,103.401,1.6,1.25,0.15,1.25,0.92,1.1,0.19,0.17,0.19,1.03,1.0,1.0,0.09,1.0,0.17,1.4,0.05,0.04,0.05,1.17,0.4,0.12,0.04,0.12,0.39,1.6,0.89,0.53,0.89,1.29,1.0,0.87,0.17,0.87,0.35,0.4,0.35,0.12,0.35,0.15,0.8,0.78,0.23,0.78,0.3,0.4,0.26,0.08,0.26,0.31,0.4,0.26,0.06,0.26,0.27,0.4,-0.2,0.11,-0.2,0.36,2.5600000000000005,1.2100000000000002,1.0,1.9599999999999997,0.16000000000000003,2.5600000000000005,1.0,0.16000000000000003,0.6400000000000001,0.16000000000000003,0.16000000000000003,0.16000000000000003,1.5625,0.0361,1.0,0.0025000000000000005,0.0144,0.7921,0.7569,0.12249999999999998,0.6084,0.06760000000000001,0.06760000000000001,0.04000000000000001,0.8464,1.0609,0.028900000000000006,1.3688999999999998,0.1521,1.6641000000000001,0.12249999999999998,0.0225,0.09,0.0961,0.0729,0.1296,0.0225,0.028900000000000006,0.0081,0.0016,0.0016,0.28090000000000004,0.028900000000000006,0.0144,0.0529,0.0064,0.0036,0.0121
67.0,3.61,6.99,63.79,-1.04,-23.94,26.1,-3.972,-0.47,27.373,-26.967,4.48,-19.675,87.898,-54.649,103.532,1.6,1.25,0.15,1.25,0.92,1.1,0.19,0.17,0.19,1.03,1.0,1.0,0.09,1.0,0.17,1.4,0.05,0.04,0.05,1.17,0.4,0.12,0.04,0.12,0.39,1.6,0.89,0.53,0.89,1.29,1.0,0.87,0.17,0.87,0.35,0.4,0.35,0.12,0.35,0.15,0.8,0.78,0.23,0.78,0.3,0.4,0.26,0.08,0.26,0.31,0.4,0.26,0.06,0.26,0.27,0.4,-0.2,0.11,-0.2,0.36,2.5600000000000005,1.2100000000000002,1.0,1.9599999999999997,0.16000000000000003,2.5600000000000005,1.0,0.16000000000000003,0.6400000000000001,0.16000000000000003,0.16000000000000003,0.16000000000000003,1.5625,0.0361,1.0,0.0025000000000000005,0.0144,0.7921,0.7569,0.12249999999999998,0.6084,0.06760000000000001,0.06760000000000001,0.04000000000000001,0.8464,1.0609,0.028900000000000006,1.3688999999999998,0.1521,1.6641000000000001,0.12249999999999998,0.0225,0.09,0.0961,0.0729,0.1296,0.0225,0.028900000000000006,0.0081,0.0016,0.0016,0.28090000000000004,0.028900000000000006,0.0144,0.0529,0.0064,0.0036,0.0121
68.0,3.53,7.025,64.65,-1.07,-24.48,26.4,-4.051,-0.702,27.625,-26.679,4.268,-19.93,87.791,-55.001,103.63,1.6,1.25,0.15,1.25,0.92,1.1,0.19,0.17,0.19,1.03,1.0,1.0,0.09,1.0,0.17,1.4,0.05,0.04,0.05,1.17,0.4,0.12,0.04,0.12,0.39,1.6,0.89,0.53,0.89,1.29,1.0,0.87,0.17,0.87,0.35,0.4,0.35,0.12,0.35,0.15,0.8,0.78,0.23,0.78,0.3,0.4,0.26,0.08,0.26,0.31,0.4,0.26,0.06,0.26,0.27,0.4,-0.2,0.11,-0.2,0.36,2.5600000000000005,1.2100000000000002,1.0,1.9599999999999997,0.16000000000000003,2.5600000000000005,1.0,0.16000000000000003,0.6400000000000001,0.16000000000000003,0.16000000000000003,0.16000000000000003,1.5625,0.0361,1.0,0.0025000000000000005,0.0144,0.7921,0.7569,0.12249999999999998,0.6084,0.06760000000000001,0.06760000000000001,0.04000000000000001,0.8464,1.0609,0.028900000000000006,1.3688999999999998,0.1521,1.6641000000000001,0.12249999999999998,0.0225,0.09,0.0961,0.0729,0.1296,0.0225,0.028900000000000006,0.0081,0.0016,0.0016,0.28090000000000004,0.028900000000000006,0.0144,0.0529,0.0064,0.0036,0.0121
69.0,3.45,7.06,65.51,-1.1,-25.02,26.5,-4.13,-1.053,27.877,-26.617,4.057,-20.111,87.651,-55.269,103.652,1.6,1.25,0.15,1.25,0.92,1.1,0.19,0.17,0.19,1.03,1.0,1.0,0.09,1.0,0.17,1.4,0.05,0.04,0.05,1.17,0.4,0.12,0.04,0.12,0.39,1.6,0.89,0.53,0.89,1.29,1.0,0.87,0.17,0.87,0.35,0.4,0.35,0.12,0.35,0.15,0.8,0.78,0.23,0.78,0.3,0.4,0.26,0.08,0.26,0.31,0.4,0.26,0.06,0.26,0.27,0.4,-0.2,0.11,-0.2,0.36,2.5600000000000005,1.2100000000000002,1.0,1.9599999999999997,0.16000000000000003,2.5600000000000005,1.0,0.16000000000000003,0.6400000000000001,0.16000000000000003,0.16000000000000003,0.16000000000000003,1.5625,0.0361,1.0,0.0025000000000000005,0.0144,0.7921,0.7569,0.12249999999999998,0.6084,0.06760000000000001,0.06760000000000001,0.04000000000000001,0.8464,1.0609,0.028900000000000006,1.3688999999999998,0.1521,1.6641000000000001,0.12249999999999998,0.0225,0.09,0.0961,0.0729,0.1296,0.0225,0.028900000000000006,0.0081,0.0016,0.0016,0.28090000000000004,0.028900000000000006,0.0144,0.0529,0.0064,0.0036,0.0121
70.0,3.38,7.095,66.36,-1.12,-25.56,26.7,-4.209,-1.405,28.128,-26.555,3.846,-20.293,87.511,-55.537,103.674,1.6,1.25,0.15,1.25,0.92,1.1,0.19,0.17,0.19,1.03,1.0,1.0,0.09,1.0,0.17,1.4,0.05,0.04,0.05,1.17,0.4,0.12,0.04,0.12,0.39,1.6,0.89,0.53,0.89,1.29,1.0,0.87,0.17,0.87,0.35,0.4,0.35,0.12,0.35,0.15,0.8,0.78,0.23,0.78,0.3,0.4,0.26,0.08,0.26,0.31,0.4,0.26,0.06,0.26,0.27,0.4,-0.2,0.11,-0.2,0.36,2.5600000000000005,1.2100000000000002,1.0,1.9599999999999997,0.16000000000000003,2.5600000000000005,1.0,0.16000000000000003,0.6400000000000001,0.16000000000000003,0.16000000000000003,0.16000000000000003,1.5625,0.0361,1.0,0.0025000000000000005,0.0144,0.7921,0.7569,0.12249999999999998,0.6084,0.06760000000000001,0.06760000000000001,0.04000000000000001,0.8464,1.0609,0.028900000000000006,1.3688999999999998,0.1521,1.6641000000000001,0.12249999999999998,0.0225,0.09,0.0961,0.0729,0.1296,0.0225,0.028900000000000006,0.0081,0.0016,0.0016,0.28090000000000004,0.028900000000000006,0.0144,0.0529,0.0064,0.0036,0.0121
71.0,3.31,7.131,67.22,-1.15,-26.11,26.8,-4.288,-1.863,28.379,-26.806,3.635,-20.406,87.346,-55.818,103.686,1.5,1.17,0.2,1.17,0.91,1.1,0.2,0.17,0.2,1.01,1.2,1.12,0.03,1.12,0.21,1.3,0.11,0.04,0.11,1.08,0.4,0.22,0.04,0.22,0.38,1.5,0.75,0.59,0.75,1.28,1.0,0.97,0.09,0.97,0.14,0.4,0.32,0.12,0.32,0.15,0.9,0.81,0.19,0.81,0.31,0.4,0.24,0.08,0.24,0.31,0.4,0.25,0.09,0.25,0.31,0.4,-0.19,0.1,-0.19,0.38,2.25,1.2100000000000002,1.44,1.6900000000000002,0.16000000000000003,2.25,1.0,0.16000000000000003,0.81,0.16000000000000003,0.16000000000000003,0.16000000000000003,1.3688999999999998,0.04000000000000001,1.2544000000000002,0.0121,0.0484,0.5625,0.9409,0.1024,0.6561000000000001,0.0576,0.0625,0.0361,0.8281000000000001,1.0201,0.04409999999999999,1.1664,0.1444,1.6384,0.019600000000000003,0.0225,0.0961,0.0961,0.0961,0.1444,0.04000000000000001,0.028900000000000006,0.0009,0.0016,0.0016,0.34809999999999997,0.0081,0.0144,0.0361,0.0064,0.0081,0.010000000000000002
72.0,3.23,7.166,68.07,-1.17,-26.66,26.9,-4.368,-2.446,28.631,-27.335,3.424,-20.455,87.17,-56.119,103.704,1.5,1.17,0.2,1.17,0.91,1.1,0.2,0.17,0.2,1.01,1.2,1.12,0.03,1.12,0.21,1.3,0.11,0.04,0.11,1.08,0.4,0.22,0.04,0.22,0.38,1.5,0.75,0.59,0.75,1.28,1.0,0.97,0.09,0.97,0.14,0.4,0.32,0.12,0.32,0.15,0.9,0.81,0.19,0.81,0.31,0.4,0.24,0.08,0.24,0.31,0.4,0.25,0.09,0.25,0.31,0.4,-0.19,0.1,-0.19,0.38,2.25,1.2100000000000002,1.44,1.6900000000000002,0.16000000000000003,2.25,1.0,0.16000000000000003,0.81,0.16000000000000003,0.16000000000000003,0.16000000000000003,1.3688999999999998,0.04000000000000001,1.2544000000000002,0.0121,0.0484,0.5625,0.9409,0.1024,0.6561000000000001,0.0576,0.0625,0.0361,0.8281000000000001,1.0201,0.04409999999999999,1.1664,0.1444,1.6384,0.019600000000000003,0.0225,0.0961,0.0961,0.0961,0.1444,0.04000000000000001,0.028900000000000006,0.0009,0.0016,0.0016,0.34809999999999997,0.0081,0.0144,0.0361,0.0064,0.0081,0.010000000000000002
73.0,3.17,7.201,68.93,-1.2,-27.2,27.0,-4.447,-3.221,28.882,-27.486,3.213,-20.557,87.157,-56.513,103.907,1.5,1.17,0.2,1.17,0.91,1.1,0.2,0.17,0.2,1.01,1.2,1.12,0.03,1.12,0.21,1.3,0.11,0.04,0.11,1.08,0.4,0.22,0.04,0.22,0.38,1.5,0.75,0.59,0.75,1.28,1.0,0.97,0.09,0.97,0.14,0.4,0.32,0.12,0.32,0.15,0.9,0.81,0.19,0.81,0.31,0.4,0.24,0.08,0.24,0.31,0.4,0.25,0.09,0.25,0.31,0.4,-0.19,0.1,-0.19,0.38,2.25,1.2100000000000002,1.44,1.6900000000000002,0.16000000000000003,2.25,1.0,0.16000000000000003,0.81,0.16000000000000003,0.16000000000000003,0.16000000000000003,1.3688999999999998,0.04000000000000001,1.2544000000000002,0.0121,0.0484,0.5625,0.9409,0.1024,0.6561000000000001,0.0576,0.0625,0.0361,0.8281000000000001,1.0201,0.04409999999999999,1.1664,0.1444,1.6384,0.019600000000000003,0.0225,0.0961,0.0961,0.0961,0.1444,0.04000000000000001,0.028900000000000006,0.0009,0.0016,0.0016,0.34809999999999997,0.0081,0.0144,0.0361,0.0064,0.0081,0.010000000000000002
74.0,3.1,7.236,69.78,-1.23,-27.76,27.1,-4.525,-3.901,29.132,-27.043,3.003,-20.666,87.177,-56.914,104.141,1.5,1.17,0.2,1.17,0.91,1.1,0.2,0.17,0.2,1.01,1.2,1.12,0.03,1.12,0.21,1.3,0.11,0.04,0.11,1.08,0.4,0.22,0.04,0.22,0.38,1.5,0.75,0.59,0.75,1.28,1.0,0.97,0.09,0.97,0.14,0.4,0.32,0.12,0.32,0.15,0.9,0.81,0.19,0.81,0.31,0.4,0.24,0.08,0.24,0.31,0.4,0.25,0.09,0.25,0.31,0.4,-0.19,0.1,-0.19,0.38,2.25,1.2100000000000002,1.44,1.6900000000000002,0.16000000000000003,2.25,1.0,0.16000000000000003,0.81,0.16000000000000003,0.16000000000000003,0.16000000000000003,1.3688999999999998,0.04000000000000001,1.2544000000000002,0.0121,0.0484,0.5625,0.9409,0.1024,0.6561000000000001,0.0576,0.0625,0.0361,0.8281000000000001,1.0201,0.04409999999999999,1.1664,0.1444,1.6384,0.019600000000000003,0.0225,0.0961,0.0961,0.0961,0.1444,0.04000000000000001,0.028900000000000006,0.0009,0.0016,0.0016,0.34809999999999997,0.0081,0.0144,0.0361,0.0064,0.0081,0.010000000000000002
75.0,3.03,7.271,70.62,-1.25,-28.31,27.2,-4.604,-4.53,29.381,-26.291,2.794,-20.778,87.214,-57.319,104.392,1.5,1.17,0.2,1.17,0.91,1.1,0.2,0.17,0.2,1.01,1.2,1.12,0.03,1.12,0.21,1.3,0.11,0.04,0.11,1.08,0.4,0.22,0.04,0.22,0.38,1.5,0.75,0.59,0.75,1.28,1.0,0.97,0.09,0.97,0.14,0.4,0.32,0.12,0.32,0.15,0.9,0.81,0.19,0.81,0.31,0.4,0.24,0.08,0.24,0.31,0.4,0.25,0.09,0.25,0.31,0.4,-0.19,0.1,-0.19,0.38,2.25,1.2100000000000002,1.44,1.6900000000000002,0.16000000000000003,2.25,1.0,0.16000000000000003,0.81,0.16000000000000003,0.16000000000000003,0.16000000000000003,1.3688999999999998,0.04000000000000001,1.2544000000000002,0.0121,0.0484,0.5625,0.9409,0.1024,0.6561000000000001,0.0576,0.0625,0.0361,0.8281000000000001,1.0201,0.04409999999999999,1.1664,0.1444,1.6384,0.019600000000000003,0.0225,0.0961,0.0961,0.0961,0.1444,0.04000000000000001,0.028900000000000006,0.0009,0.0016,0.0016,0.34809999999999997,0.0081,0.0144,0.0361,0.0064,0.0081,0.010000000000000002
76.0,2.96,7.306,71.47,-1.28,-28.87,27.3,-4.683,-5.159,29.631,-25.54,2.584,-20.889,87.251,-57.723,104.643,1.5,1.17,0.2,1.17,0.91,1.1,0.2,0.17,0.2,1.01,1.2,1.12,0.03,1.12,0.21,1.3,0.11,0.04,0.11,1.08,0.4,0.22,0.04,0.22,0.38,1.5,0.75,0.59,0.75,1.28,1.0,0.97,0.09,0.97,0.14,0.4,0.32,0.12,0.32,0.15,0.9,0.81,0.19,0.81,0.31,0.4,0.24,0.08,0.24,0.31,0.4,0.25,0.09,0.25,0.31,0.4,-0.19,0.1,-0.19,0.38,2.25,1.2100000000000002,1.44,1.6900000000000002,0.16000000000000003,2.25,1.0,0.16000000000000003,0.81,0.16000000000000003,0.16000000000000003,0.16000000000000003,1.3688999999999998,0.04000000000000001,1.2544000000000002,0.0121,0.0484,0.5625,0.9409,0.1024,0.6561000000000001,0.0576,0.0625,0.0361,0.8281000000000001,1.0201,0.04409999999999999,1.1664,0.1444,1.6384,0.019600000000000003,0.0225,0.0961,0.0961,0.0961,0.1444,0.04000000000000001,0.028900000000000006,0.0009,0.0016,0.0016,0.34809999999999997,0.0081,0.0144,0.0361,0.0064,0.0081,0.010000000000000002
77.0,2.9,7.34,72.32,-1.39,-29.43,25.0,-4.759,-5.175,29.875,-25.358,2.379,-20.847,87.308,-57.808,104.758,1.5,1.17,0.2,1.17,0.91,1.1,0.2,0.17,0.2,1.01,1.2,1.12,0.03,1.12,0.21,1.3,0.11,0.04,0.11,1.08,0.4,0.22,0.04,0.22,0.38,1.5,0.75,0.59,0.75,1.28,1.0,0.97,0.09,0.97,0.14,0.4,0.32,0.12,0.32,0.15,0.9,0.81,0.19,0.81,0.31,0.4,0.24,0.08,0.24,0.31,0.4,0.25,0.09,0.25,0.31,0.4,-0.19,0.1,-0.19,0.38,2.25,1.2100000000000002,1.44,1.6900000000000002,0.16000000000000003,2.25,1.0,0.16000000000000003,0.81,0.16000000000000003,0.16000000000000003,0.16000000000000003,1.3688999999999998,0.04000000000000001,1.2544000000000002,0.0121,0.0484,0.5625,0.9409,0.1024,0.6561000000000001,0.0576,0.0625,0.0361,0.8281000000000001,1.0201,0.04409999999999999,1.1664,0.1444,1.6384,0.019600000000000003,0.0225,0.0961,0.0961,0.0961,0.1444,0.04000000000000001,0.028900000000000006,0.0009,0.0016,0.0016,0.34809999999999997,0.0081,0.0144,0.0361,0.0064,0.0081,0.010000000000000002
78.0,2.84,7.374,73.16,-1.48,-29.98,23.0,-4.894,-5.033,29.995,-25.32,2.205,-20.765,87.379,-57.941,104.912,1.5,1.17,0.2,1.17,0.91,1.1,0.2,0.17,0.2,1.01,1.2,1.12,0.03,1.12,0.21,1.3,0.11,0.04,0.11,1.08,0.4,0.22,0.04,0.22,0.38,1.5,0.75,0.59,0.75,1.28,1.0,0.97,0.09,0.97,0.14,0.4,0.32,0.12,0.32,0.15,0.9,0.81,0.19,0.81,0.31,0.4,0.24,0.08,0.24,0.31,0.4,0.25,0.09,0.25,0.31,0.4,-0.19,0.1,-0.19,0.38,2.25,1.2100000000000002,1.44,1.6900000000000002,0.16000000000000003,2.25,1.0,0.16000000000000003,0.81,0.16000000000000003,0.16000000000000003,0.16000000000000003,1.3688999999999998,0.04000000000000001,1.2544000000000002,0.0121,0.0484,0.5625,0.9409,0.1024,0.6561000000000001,0.0576,0.0625,0.0361,0.8281000000000001,1.0201,0.04409999999999999,1.1664,0.1444,1.6384,0.019600000000000003,0.0225,0.0961,0.0961,0.0961,0.1444,0.04000000000000001,0.028900000000000006,0.0009,0.0016,0.0016,0.34809999999999997,0.0081,0.0144,0.0361,0.0064,0.0081,0.010000000000000002
79.0,2.79,7.409,74.01,-1.51,-30.54,22.9,-5.148,-4.888,29.857,-25.282,2.093,-20.681,87.468,-58.348,105.206,1.5,1.17,0.2,1.17,0.91,1.1,0.2,0.17,0.2,1.01,1.2,1.12,0.03,1.12,0.21,1.3,0.11,0.04,0.11,1.08,0.6,0.31,0.17,0.31,0.49,1.5,0.75,0.59,0.75,1.28,1.0,0.97,0.09,0.97,0.14,0.4,0.32,0.12,0.32,0.15,0.9,0.81,0.19,0.81,0.31,0.4,0.24,0.08,0.24,0.31,0.4,0.25,0.09,0.25,0.31,0.4,-0.19,0.1,-0.19,0.38,2.25,1.2100000000000002,1.44,1.6900000000000002,0.36,2.25,1.0,0.16000000000000003,0.81,0.16000000000000003,0.16000000000000003,0.16000000000000003,1.3688999999999998,0.04000000000000001,1.2544000000000002,0.0121,0.0961,0.5625,0.9409,0.1024,0.6561000000000001,0.0576,0.0625,0.0361,0.8281000000000001,1.0201,0.04409999999999999,1.1664,0.24009999999999998,1.6384,0.019600000000000003,0.0225,0.0961,0.0961,0.0961,0.1444,0.04000000000000001,0.028900000000000006,0.0009,0.0016,0.028900000000000006,0.34809999999999997,0.0081,0.0144,0.0361,0.0064,0.0081,0.010000000000000002
80.0,2.72,7.444,74.84,-1.5,-31.11,22.7,-5.223,-4.742,29.534,-25.244,2.078,-20.596,87.398,-58.613,105.287,1.5,1.17,0.2,1.17,0.91,1.1,0.2,0.17,0.2,1.01,1.2,1.12,0.03,1.12,0.21,1.3,0.11,0.04,0.11,1.08,0.6,0.31,0.17,0.31,0.49,1.5,0.75,0.59,0.75,1.28,1.0,0.97,0.09,0.97,0.14,0.4,0.32,0.12,0.32,0.15,0.9,0.81,0.19,0.81,0.31,0.4,0.24,0.08,0.24,0.31,0.4,0.25,0.09,0.25,0.31,0.4,-0.19,0.1,-0.19,0.38,2.25,1.2100000000000002,1.44,1.6900000000000002,0.36,2.25,1.0,0.16000000000000003,0.81,0.16000000000000003,0.16000000000000003,0.16000000000000003,1.3688999999999998,0.04000000000000001,1.2544000000000002,0.0121,0.0961,0.5625,0.9409,0.1024,0.6561000000000001,0.0576,0.0625,0.0361,0.8281000000000001,1.0201,0.04409999999999999,1.1664,0.24009999999999998,1.6384,0.019600000000000003,0.0225,0.0961,0.0961,0.0961,0.1444,0.04000000000000001,0.028900000000000006,0.0009,0.0016,0.028900000000000006,0.34809999999999997,0.0081,0.0144,0.0361,0.0064,0.0081,0.010000000000000002
81.0,2.66,7.479,75.68,-1.5,-31.67,22.5,-5.077,-4.503,29.562,-24.977,2.047,-20.541,87.333,-58.826,105.346,1.5,1.17,0.2,1.17,0.91,1.1,0.2,0.17,0.2,1.01,1.2,1.12,0.03,1.12,0.21,1.3,0.11,0.04,0.11,1.08,0.6,0.31,0.17,0.31,0.49,1.5,0.75,0.59,0.75,1.28,1.0,0.97,0.09,0.97,0.14,0.4,0.32,0.12,0.32,0.15,0.9,0.81,0.19,0.81,0.31,0.4,0.24,0.08,0.24,0.31,0.4,0.25,0.09,0.25,0.31,0.4,-0.19,0.1,-0.19,0.38,2.25,1.2100000000000002,1.44,1.6900000000000002,0.36,2.25,1.0,0.16000000000000003,0.81,0.16000000000000003,0.16000000000000003,0.16000000000000003,1.3688999999999998,0.04000000000000001,1.2544000000000002,0.0121,0.0961,0.5625,0.9409,0.1024,0.6561000000000001,0.0576,0.0625,0.0361,0.8281000000000001,1.0201,0.04409999999999999,1.1664,0.24009999999999998,1.6384,0.019600000000000003,0.0225,0.0961,0.0961,0.0961,0.1444,0.04000000000000001,0.028900000000000006,0.0009,0.0016,0.028900000000000006,0.34809999999999997,0.0081,0.0144,0.0361,0.0064,0.0081,0.010000000000000002
82.0,2.61,7.514,76.52,-1.53,-32.24,22.4,-4.703,-4.156,30.034,-24.447,1.988,-20.523,87.296,-58.999,105.411,1.5,1.17,0.2,1.17,0.91,1.1,0.2,0.17,0.2,1.01,1.2,1.12,0.03,1.12,0.21,1.3,0.11,0.04,0.11,1.08,0.6,0.31,0.17,0.31,0.49,1.5,0.75,0.59,0.75,1.28,1.0,0.97,0.09,0.97,0.14,0.4,0.32,0.12,0.32,0.15,0.9,0.81,0.19,0.81,0.31,0.4,0.24,0.08,0.24,0.31,0.4,0.25,0.09,0.25,0.31,0.4,-0.19,0.1,-0.19,0.38,2.25,1.2100000000000002,1.44,1.6900000000000002,0.36,2.25,1.0,0.16000000000000003,0.81,0.16000000000000003,0.16000000000000003,0.16000000000000003,1.3688999999999998,0.04000000000000001,1.2544000000000002,0.0121,0.0961,0.5625,0.9409,0.1024,0.6561000000000001,0.0576,0.0625,0.0361,0.8281000000000001,1.0201,0.04409999999999999,1.1664,0.24009999999999998,1.6384,0.019600000000000003,0.0225,0.0961,0.0961,0.0961,0.1444,0.04000000000000001,0.028900000000000006,0.0009,0.0016,0.028900000000000006,0.34809999999999997,0.0081,0.0144,0.0361,0.0064,0.0081,0.010000000000000002
83.0,2.56,7.548,77.35,-1.56,-32.81,22.7,-4.774,-3.887,30.639,-24.341,2.101,-20.738,87.258,-59.274,105.54,1.5,1.17,0.2,1.17,0.91,1.1,0.2,0.17,0.2,1.01,1.2,1.12,0.03,1.12,0.21,1.3,0.11,0.04,0.11,1.08,0.6,0.31,0.17,0.31,0.49,1.5,0.75,0.59,0.75,1.28,1.0,0.97,0.09,0.97,0.14,0.4,0.32,0.12,0.32,0.15,0.9,0.81,0.19,0.81,0.31,0.4,0.24,0.08,0.24,0.31,0.4,0.25,0.09,0.25,0.31,0.4,-0.19,0.1,-0.19,0.38,2.25,1.2100000000000002,1.44,1.6900000000000002,0.36,2.25,1.0,0.16000000000000003,0.81,0.16000000000000003,0.16000000000000003,0.16000000000000003,1.3688999999999998,0.04000000000000001,1.2544000000000002,0.0121,0.0961,0.5625,0.9409,0.1024,0.6561000000000001,0.0576,0.0625,0.0361,0.8281000000000001,1.0201,0.04409999999999999,1.1664,0.24009999999999998,1.6384,0.019600000000000003,0.0225,0.0961,0.0961,0.0961,0.1444,0.04000000000000001,0.028900000000000006,0.0009,0.0016,0.028900000000000006,0.34809999999999997,0.0081,0.0144,0.0361,0.0064,0.0081,0.010000000000000002
84.0,2.5,7.582,78.19,-1.59,-33.38,22.9,-4.846,-3.618,31.244,-24.235,2.215,-20.954,87.22,-59.548,105.67,1.5,1.17,0.2,1.17,0.91,1.1,0.2,0.17,0.2,1.01,1.2,1.12,0.03,1.12,0.21,1.3,0.11,0.04,0.11,1.08,0.6,0.31,0.17,0.31,0.49,1.5,0.75,0.59,0.75,1.28,1.0,0.97,0.09,0.97,0.14,0.4,0.32,0.12,0.32,0.15,0.9,0.81,0.19,0.81,0.31,0.4,0.24,0.08,0.24,0.31,0.4,0.25,0.09,0.25,0.31,0.4,-0.19,0.1,-0.19,0.38,2.25,1.2100000000000002,1.44,1.6900000000000002,0.36,2.25,1.0,0.16000000000000003,0.81,0.16000000000000003,0.16000000000000003,0.16000000000000003,1.3688999999999998,0.04000000000000001,1.2544000000000002,0.0121,0.0961,0.5625,0.9409,0.1024,0.6561000000000001,0.0576,0.0625,0.0361,0.8281000000000001,1.0201,0.04409999999999999,1.1664,0.24009999999999998,1.6384,0.019600000000000003,0.0225,0.0961,0.0961,0.0961,0.1444,0.04000000000000001,0.028900000000000006,0.0009,0.0016,0.028900000000000006,0.34809999999999997,0.0081,0.0144,0.0361,0.0064,0.0081,0.010000000000000002
85.0,2.46,7.617,79.02,-1.63,-33.95,23.1,-4.918,-3.412,31.85,-24.231,2.328,-21.203,87.13,-59.794,105.741,1.5,1.17,0.2,1.17,0.91,1.1,0.2,0.17,0.2,1.01,1.2,1.12,0.03,1.12,0.21,1.3,0.11,0.04,0.11,1.08,0.6,0.31,0.17,0.31,0.49,1.5,0.75,0.59,0.75,1.28,1.0,0.97,0.09,0.97,0.14,0.4,0.32,0.12,0.32,0.15,0.9,0.81,0.19,0.81,0.31,0.4,0.24,0.08,0.24,0.31,0.4,0.25,0.09,0.25,0.31,0.4,-0.19,0.1,-0.19,0.38,2.25,1.2100000000000002,1.44,1.6900000000000002,0.36,2.25,1.0,0.16000000000000003,0.81,0.16000000000000003,0.16000000000000003,0.16000000000000003,1.3688999999999998,0.04000000000000001,1.2544000000000002,0.0121,0.0961,0.5625,0.9409,0.1024,0.6561000000000001,0.0576,0.0625,0.0361,0.8281000000000001,1.0201,0.04409999999999999,1.1664,0.24009999999999998,1.6384,0.019600000000000003,0.0225,0.0961,0.0961,0.0961,0.1444,0.04000000000000001,0.028900000000000006,0.0009,0.0016,0.028900000000000006,0.34809999999999997,0.0081,0.0144,0.0361,0.0064,0.0081,0.010000000000000002
86.0,2.4,7.651,79.85,-1.67,-34.53,23.6,-4.99,-3.712,32.455,-25.043,2.442,-21.724,86.622,-59.808,105.339,1.4,0.91,0.3,0.91,0.96,1.1,0.21,0.13,0.21,1.01,1.5,1.39,0.3,1.39,0.15,1.3,0.1,0.03,0.1,1.07,0.6,0.38,0.21,0.38,0.49,1.6,0.36,0.42,0.36,1.5,1.1,1.13,0.11,1.13,0.14,0.4,0.33,0.08,0.33,0.16,0.9,0.86,0.12,0.86,0.29,0.4,0.25,0.07,0.25,0.3,0.4,0.25,0.09,0.25,0.33,0.5,-0.17,0.1,-0.17,0.41,1.9599999999999997,1.2100000000000002,2.25,1.6900000000000002,0.36,2.5600000000000005,1.2100000000000002,0.16000000000000003,0.81,0.16000000000000003,0.16000000000000003,0.25,0.8281000000000001,0.04409999999999999,1.9320999999999997,0.010000000000000002,0.1444,0.1296,1.2768999999999997,0.10890000000000001,0.7395999999999999,0.0625,0.0625,0.028900000000000006,0.9216,1.0201,0.0225,1.1449,0.24009999999999998,2.25,0.019600000000000003,0.0256,0.0841,0.09,0.10890000000000001,0.16809999999999997,0.09,0.016900000000000002,0.09,0.0009,0.04409999999999999,0.17639999999999997,0.0121,0.0064,0.0144,0.004900000000000001,0.0081,0.010000000000000002
87.0,2.36,7.686,80.68,-1.7,-35.1,24.5,-5.062,-4.3,33.061,-25.814,2.556,-22.314,86.515,-60.22,105.482,1.4,0.91,0.3,0.91,0.96,1.1,0.21,0.13,0.21,1.01,1.5,1.39,0.3,1.39,0.15,1.3,0.1,0.03,0.1,1.07,0.6,0.38,0.21,0.38,0.49,1.6,0.36,0.42,0.36,1.5,1.1,1.13,0.11,1.13,0.14,0.4,0.33,0.08,0.33,0.16,0.9,0.86,0.12,0.86,0.29,0.4,0.25,0.07,0.25,0.3,0.4,0.25,0.09,0.25,0.33,0.5,-0.17,0.1,-0.17,0.41,1.9599999999999997,1.2100000000000002,2.25,1.6900000000000002,0.36,2.5600000000000005,1.2100000000000002,0.16000000000000003,0.81,0.16000000000000003,0.16000000000000003,0.25,0.8281000000000001,0.04409999999999999,1.9320999999999997,0.010000000000000002,0.1444,0.1296,1.2768999999999997,0.10890000000000001,0.7395999999999999,0.0625,0.0625,0.028900000000000006,0.9216,1.0201,0.0225,1.1449,0.24009999999999998,2.25,0.019600000000000003,0.0256,0.0841,0.09,0.10890000000000001,0.16809999999999997,0.09,0.016900000000000002,0.09,0.0009,0.04409999999999999,0.17639999999999997,0.0121,0.0064,0.0144,0.004900000000000001,0.0081,0.010000000000000002
88.0,2.33,7.72,81.51,-1.74,-35.67,25.4,-5.144,-5.021,33.489,-26.454,2.639,-22.857,86.593,-60.757,105.846,1.4,0.91,0.3,0.91,0.96,1.1,0.21,0.13,0.21,1.01,1.5,1.39,0.3,1.39,0.15,1.3,0.1,0.03,0.1,1.07,0.6,0.38,0.21,0.38,0.49,1.6,0.36,0.42,0.36,1.5,1.1,1.13,0.11,1.13,0.14,0.4,0.33,0.08,0.33,0.16,0.9,0.86,0.12,0.86,0.29,0.4,0.25,0.07,0.25,0.3,0.4,0.25,0.09,0.25,0.33,0.5,-0.17,0.1,-0.17,0.41,1.9599999999999997,1.2100000000000002,2.25,1.6900000000000002,0.36,2.5600000000000005,1.2100000000000002,0.16000000000000003,0.81,0.16000000000000003,0.16000000000000003,0.25,0.8281000000000001,0.04409999999999999,1.9320999999999997,0.010000000000000002,0.1444,0.1296,1.2768999999999997,0.10890000000000001,0.7395999999999999,0.0625,0.0625,0.028900000000000006,0.9216,1.0201,0.0225,1.1449,0.24009999999999998,2.25,0.019600000000000003,0.0256,0.0841,0.09,0.10890000000000001,0.16809999999999997,0.09,0.016900000000000002,0.09,0.0009,0.04409999999999999,0.17639999999999997,0.0121,0.0064,0.0144,0.004900000000000001,0.0081,0.010000000000000002
89.0,2.29,7.754,82.34,-1.78,-36.25,25.3,-5.266,-5.675,33.242,-26.681,2.609,-23.091,86.581,-60.985,105.97,1.4,0.91,0.3,0.91,0.96,1.1,0.21,0.13,0.21,1.01,1.5,1.39,0.3,1.39,0.15,1.3,0.1,0.03,0.1,1.07,0.6,0.38,0.21,0.38,0.49,1.6,0.36,0.42,0.36,1.5,1.1,1.13,0.11,1.13,0.14,0.4,0.33,0.08,0.33,0.16,0.9,0.86,0.12,0.86,0.29,0.4,0.25,0.07,0.25,0.3,0.4,0.25,0.09,0.25,0.33,0.5,-0.17,0.1,-0.17,0.41,1.9599999999999997,1.2100000000000002,2.25,1.6900000000000002,0.36,2.5600000000000005,1.2100000000000002,0.16000000000000003,0.81,0.16000000000000003,0.16000000000000003,0.25,0.8281000000000001,0.04409999999999999,1.9320999999999997,0.010000000000000002,0.1444,0.1296,1.2768999999999997,0.10890000000000001,0.7395999999999999,0.0625,0.0625,0.028900000000000006,0.9216,1.0201,0.0225,1.1449,0.24009999999999998,2.25,0.019600000000000003,0.0256,0.0841,0.09,0.10890000000000001,0.16809999999999997,0.09,0.016900000000000002,0.09,0.0009,0.04409999999999999,0.17639999999999997,0.0121,0.0064,0.0144,0.004900000000000001,0.0081,0.010000000000000002
90.0,2.25,7.789,83.16,-1.81,-36.83,25.3,-5.388,-6.329,32.995,-26.909,2.579,-23.325,86.57,-61.213,106.096,1.4,0.91,0.3,0.91,0.96,1.1,0.21,0.13,0.21,1.01,1.5,1.39,0.3,1.39,0.15,1.3,0.1,0.03,0.1,1.07,0.6,0.38,0.21,0.38,0.49,1.6,0.36,0.42,0.36,1.5,1.1,1.13,0.11,1.13,0.14,0.4,0.33,0.08,0.33,0.16,0.9,0.86,0.12,0.86,0.29,0.4,0.25,0.07,0.25,0.3,0.4,0.25,0.09,0.25,0.33,0.5,-0.17,0.1,-0.17,0.41,1.9599999999999997,1.2100000000000002,2.25,1.6900000000000002,0.36,2.5600000000000005,1.2100000000000002,0.16000000000000003,0.81,0.16000000000000003,0.16000000000000003,0.25,0.8281000000000001,0.04409999999999999,1.9320999999999997,0.010000000000000002,0.1444,0.1296,1.2768999999999997,0.10890000000000001,0.7395999999999999,0.0625,0.0625,0.028900000000000006,0.9216,1.0201,0.0225,1.1449,0.24009999999999998,2.25,0.019600000000000003,0.0256,0.0841,0.09,0.10890000000000001,0.16809999999999997,0.09,0.016900000000000002,0.09,0.0009,0.04409999999999999,0.17639999999999997,0.0121,0.0064,0.0144,0.004900000000000001,0.0081,0.010000000000000002
91.0,2.22,7.823,83.98,-1.85,-37.41,25.4,-5.45,-6.981,33.073,-27.137,2.475,-23.558,86.641,-61.455,106.296,1.4,0.91,0.3,0.91,0.96,1.1,0.21,0.13,0.21,1.01,1.5,1.39,0.3,1.39,0.15,1.3,0.1,0.03,0.1,1.07,0.6,0.38,0.21,0.38,0.49,1.6,0.36,0.42,0.36,1.5,1.1,1.13,0.11,1.13,0.14,0.4,0.33,0.08,0.33,0.16,0.9,0.86,0.12,0.86,0.29,0.4,0.25,0.07,0.25,0.3,0.4,0.25,0.09,0.25,0.33,0.5,-0.17,0.1,-0.17,0.41,1.9599999999999997,1.2100000000000002,2.25,1.6900000000000002,0.36,2.5600000000000005,1.2100000000000002,0.16000000000000003,0.81,0.16000000000000003,0.16000000000000003,0.25,0.8281000000000001,0.04409999999999999,1.9320999999999997,0.010000000000000002,0.1444,0.1296,1.2768999999999997,0.10890000000000001,0.7395999999999999,0.0625,0.0625,0.028900000000000006,0.9216,1.0201,0.0225,1.1449,0.24009999999999998,2.25,0.019600000000000003,0.0256,0.0841,0.09,0.10890000000000001,0.16809999999999997,0.09,0.016900000000000002,0.09,0.0009,0.04409999999999999,0.17639999999999997,0.0121,0.0064,0.0144,0.004900000000000001,0.0081,0.010000000000000002
92.0,2.18,7.857,84.8,-1.89,-38.0,25.7,-5.365,-7.631,33.935,-27.363,2.194,-23.79,86.909,-61.731,106.677,1.4,0.91,0.3,0.91,0.96,1.1,0.21,0.13,0.21,1.01,1.5,1.39,0.3,1.39,0.15,1.3,0.1,0.03,0.1,1.07,0.6,0.38,0.21,0.38,0.49,1.6,0.36,0.42,0.36,1.5,1.1,1.13,0.11,1.13,0.14,0.4,0.33,0.08,0.33,0.16,0.9,0.86,0.12,0.86,0.29,0.4,0.25,0.07,0.25,0.3,0.4,0.25,0.09,0.25,0.33,0.5,-0.17,0.1,-0.17,0.41,1.9599999999999997,1.2100000000000002,2.25,1.6900000000000002,0.36,2.5600000000000005,1.2100000000000002,0.16000000000000003,0.81,0.16000000000000003,0.16000000000000003,0.25,0.8281000000000001,0.04409999999999999,1.9320999999999997,0.010000000000000002,0.1444,0.1296,1.2768999999999997,0.10890000000000001,0.7395999999999999,0.0625,0.0625,0.028900000000000006,0.9216,1.0201,0.0225,1.1449,0.24009999999999998,2.25,0.019600000000000003,0.0256,0.0841,0.09,0.10890000000000001,0.16809999999999997,0.09,0.016900000000000002,0.09,0.0009,0.04409999999999999,0.17639999999999997,0.0121,0.0064,0.0144,0.004900000000000001,0.0081,0.010000000000000002
93.0,2.15,7.891,85.62,-1.93,-38.59,25.3,-5.154,-7.91,33.089,-26.329,1.842,-23.618,86.997,-61.969,106.888,1.3,0.91,0.34,0.91,0.93,1.1,0.22,0.09,0.22,1.04,1.6,1.49,0.43,1.49,0.17,1.3,0.1,0.03,0.1,1.07,0.6,0.3,0.19,0.3,0.51,1.7,0.21,0.32,0.21,1.55,1.2,1.14,0.15,1.14,0.16,0.4,0.36,0.04,0.36,0.17,0.9,0.84,0.13,0.84,0.29,0.4,0.27,0.06,0.27,0.29,0.4,0.26,0.09,0.26,0.33,0.5,-0.17,0.1,-0.17,0.41,1.6900000000000002,1.2100000000000002,2.5600000000000005,1.6900000000000002,0.36,2.8899999999999997,1.44,0.16000000000000003,0.81,0.16000000000000003,0.16000000000000003,0.25,0.8281000000000001,0.0484,2.2201,0.010000000000000002,0.09,0.04409999999999999,1.2995999999999999,0.1296,0.7055999999999999,0.0729,0.06760000000000001,0.028900000000000006,0.8649000000000001,1.0816000000000001,0.028900000000000006,1.1449,0.2601,2.4025000000000003,0.0256,0.028900000000000006,0.0841,0.0841,0.10890000000000001,0.16809999999999997,0.11560000000000002,0.0081,0.18489999999999998,0.0009,0.0361,0.1024,0.0225,0.0016,0.016900000000000002,0.0036,0.0081,0.010000000000000002
94.0,2.12,7.925,86.44,-1.96,-39.17,24.6,-4.976,-8.047,32.506,-25.464,1.495,-23.283,86.994,-62.138,106.986,1.3,0.91,0.34,0.91,0.93,1.1,0.22,0.09,0.22,1.04,1.6,1.49,0.43,1.49,0.17,1.3,0.1,0.03,0.1,1.07,0.6,0.3,0.19,0.3,0.51,1.7,0.21,0.32,0.21,1.55,1.2,1.14,0.15,1.14,0.16,0.4,0.36,0.04,0.36,0.17,0.9,0.84,0.13,0.84,0.29,0.4,0.27,0.06,0.27,0.29,0.4,0.26,0.09,0.26,0.33,0.5,-0.17,0.1,-0.17,0.41,1.6900000000000002,1.2100000000000002,2.5600000000000005,1.6900000000000002,0.36,2.8899999999999997,1.44,0.16000000000000003,0.81,0.16000000000000003,0.16000000000000003,0.25,0.8281000000000001,0.0484,2.2201,0.010000000000000002,0.09,0.04409999999999999,1.2995999999999999,0.1296,0.7055999999999999,0.0729,0.06760000000000001,0.028900000000000006,0.8649000000000001,1.0816000000000001,0.028900000000000006,1.1449,0.2601,2.4025000000000003,0.0256,0.028900000000000006,0.0841,0.0841,0.10890000000000001,0.16809999999999997,0.11560000000000002,0.0081,0.18489999999999998,0.0009,0.0361,0.1024,0.0225,0.0016,0.016900000000000002,0.0036,0.0081,0.010000000000000002
95.0,2.1,7.959,87.26,-2.0,-39.76,23.8,-4.906,-8.064,33.049,-25.388,1.184,-22.808,86.896,-62.197,106.945,1.3,0.91,0.34,0.91,0.93,1.1,0.22,0.09,0.22,1.04,1.6,1.49,0.43,1.49,0.17,1.3,0.1,0.03,0.1,1.07,0.6,0.3,0.19,0.3,0.51,1.7,0.21,0.32,0.21,1.55,1.2,1.14,0.15,1.14,0.16,0.4,0.36,0.04,0.36,0.17,0.9,0.84,0.13,0.84,0.29,0.4,0.27,0.06,0.27,0.29,0.4,0.26,0.09,0.26,0.33,0.5,-0.17,0.1,-0.17,0.41,1.6900000000000002,1.2100000000000002,2.5600000000000005,1.6900000000000002,0.36,2.8899999999999997,1.44,0.16000000000000003,0.81,0.16000000000000003,0.16000000000000003,0.25,0.8281000000000001,0.0484,2.2201,0.010000000000000002,0.09,0.04409999999999999,1.2995999999999999,0.1296,0.7055999999999999,0.0729,0.06760000000000001,0.028900000000000006,0.8649000000000001,1.0816000000000001,0.028900000000000006,1.1449,0.2601,2.4025000000000003,0.0256,0.028900000000000006,0.0841,0.0841,0.10890000000000001,0.16809999999999997,0.11560000000000002,0.0081,0.18489999999999998,0.0009,0.0361,0.1024,0.0225,0.0016,0.016900000000000002,0.0036,0.0081,0.010000000000000002
96.0,2.08,7.993,88.08,-2.04,-40.34,23.0,-5.005,-8.031,32.976,-25.072,0.851,-22.301,86.895,-62.459,107.101,1.3,0.91,0.34,0.91,0.93,1.1,0.22,0.09,0.22,1.04,1.6,1.49,0.43,1.49,0.17,1.3,0.1,0.03,0.1,1.07,0.6,0.3,0.19,0.3,0.51,1.7,0.21,0.32,0.21,1.55,1.2,1.14,0.15,1.14,0.16,0.4,0.36,0.04,0.36,0.17,0.9,0.84,0.13,0.84,0.29,0.4,0.27,0.06,0.27,0.29,0.4,0.26,0.09,0.26,0.33,0.5,-0.17,0.1,-0.17,0.41,1.6900000000000002,1.2100000000000002,2.5600000000000005,1.6900000000000002,0.36,2.8899999999999997,1.44,0.16000000000000003,0.81,0.16000000000000003,0.16000000000000003,0.25,0.8281000000000001,0.0484,2.2201,0.010000000000000002,0.09,0.04409999999999999,1.2995999999999999,0.1296,0.7055999999999999,0.0729,0.06760000000000001,0.028900000000000006,0.8649000000000001,1.0816000000000001,0.028900000000000006,1.1449,0.2601,2.4025000000000003,0.0256,0.028900000000000006,0.0841,0.0841,0.10890000000000001,0.16809999999999997,0.11560000000000002,0.0081,0.18489999999999998,0.0009,0.0361,0.1024,0.0225,0.0016,0.016900000000000002,0.0036,0.0081,0.010000000000000002
97.0,2.06,8.027,88.9,-2.09,-40.93,22.3,-5.293,-8.031,33.096,-24.846,0.582,-21.86,86.878,-62.754,107.262,1.3,0.91,0.34,0.91,0.93,1.1,0.22,0.09,0.22,1.04,1.6,1.49,0.43,1.49,0.17,1.3,0.1,0.03,0.1,1.07,0.6,0.3,0.19,0.3,0.51,1.7,0.21,0.32,0.21,1.55,1.2,1.14,0.15,1.14,0.16,0.4,0.36,0.04,0.36,0.17,0.9,0.84,0.13,0.84,0.29,0.4,0.27,0.06,0.27,0.29,0.4,0.26,0.09,0.26,0.33,0.5,-0.17,0.1,-0.17,0.41,1.6900000000000002,1.2100000000000002,2.5600000000000005,1.6900000000000002,0.36,2.8899999999999997,1.44,0.16000000000000003,0.81,0.16000000000000003,0.16000000000000003,0.25,0.8281000000000001,0.0484,2.2201,0.010000000000000002,0.09,0.04409999999999999,1.2995999999999999,0.1296,0.7055999999999999,0.0729,0.06760000000000001,0.028900000000000006,0.8649000000000001,1.0816000000000001,0.028900000000000006,1.1449,0.2601,2.4025000000000003,0.0256,0.028900000000000006,0.0841,0.0841,0.10890000000000001,0.16809999999999997,0.11560000000000002,0.0081,0.18489999999999998,0.0009,0.0361,0.1024,0.0225,0.0016,0.016900000000000002,0.0036,0.0081,0.010000000000000002
98.0,2.04,8.06,89.71,-2.12,-41.52,21.8,-5.827,-8.092,33.632,-24.804,0.412,-21.523,86.818,-63.055,107.39,1.3,0.91,0.34,0.91,0.93,1.1,0.22,0.09,0.22,1.04,1.6,1.49,0.43,1.49,0.17,1.3,0.1,0.03,0.1,1.07,0.6,0.3,0.19,0.3,0.51,1.7,0.21,0.32,0.21,1.55,1.2,1.14,0.15,1.14,0.16,0.4,0.36,0.04,0.36,0.17,0.9,0.84,0.13,0.84,0.29,0.4,0.27,0.06,0.27,0.29,0.4,0.26,0.09,0.26,0.33,0.5,-0.17,0.1,-0.17,0.41,1.6900000000000002,1.2100000000000002,2.5600000000000005,1.6900000000000002,0.36,2.8899999999999997,1.44,0.16000000000000003,0.81,0.16000000000000003,0.16000000000000003,0.25,0.8281000000000001,0.0484,2.2201,0.010000000000000002,0.09,0.04409999999999999,1.2995999999999999,0.1296,0.7055999999999999,0.0729,0.06760000000000001,0.028900000000000006,0.8649000000000001,1.0816000000000001,0.028900000000000006,1.1449,0.2601,2.4025000000000003,0.0256,0.028900000000000006,0.0841,0.0841,0.10890000000000001,0.16809999999999997,0.11560000000000002,0.0081,0.18489999999999998,0.0009,0.0361,0.1024,0.0225,0.0016,0.016900000000000002,0.0036,0.0081,0.010000000000000002
99.0,2.02,8.094,90.52,-2.17,-42.11,21.5,-6.352,-8.359,33.296,-24.315,0.278,-21.428,86.813,-63.445,107.627,1.3,0.91,0.34,0.91,0.93,1.1,0.22,0.09,0.22,1.04,1.6,1.49,0.43,1.49,0.17,1.3,0.1,0.03,0.1,1.07,0.6,0.3,0.19,0.3,0.51,1.7,0.21,0.32,0.21,1.55,1.2,1.14,0.15,1.14,0.16,0.4,0.36,0.04,0.36,0.17,0.9,0.84,0.13,0.84,0.29,0.4,0.27,0.06,0.27,0.29,0.4,0.26,0.09,0.26,0.33,0.5,-0.17,0.1,-0.17,0.41,1.6900000000000002,1.2100000000000002,2.5600000000000005,1.6900000000000002,0.36,2.8899999999999997,1.44,0.16000000000000003,0.81,0.16000000000000003,0.16000000000000003,0.25,0.8281000000000001,0.0484,2.2201,0.010000000000000002,0.09,0.04409999999999999,1.2995999999999999,0.1296,0.7055999999999999,0.0729,0.06760000000000001,0.028900000000000006,0.8649000000000001,1.0816000000000001,0.028900000000000006,1.1449,0.2601,2.4025000000000003,0.0256,0.028900000000000006,0.0841,0.0841,0.10890000000000001,0.16809999999999997,0.11560000000000002,0.0081,0.18489999999999998,0.0009,0.0361,0.1024,0.0225,0.0016,0.016900000000000002,0.0036,0.0081,0.010000000000000002
100.0,1.99,8.128,91.33,-2.21,-42.7,21.3,-6.765,-8.674,32.416,-23.991,0.112,-21.403,86.777,-63.705,107.761,1.3,0.91,0.34,0.91,0.93,1.1,0.22,0.09,0.22,1.04,1.6,1.49,0.43,1.49,0.17,1.3,0.1,0.03,0.1,1.07,0.6,0.3,0.19,0.3,0.51,1.7,0.21,0.32,0.21,1.55,1.2,1.14,0.15,1.14,0.16,0.4,0.36,0.04,0.36,0.17,0.9,0.84,0.13,0.84,0.29,0.4,0.27,0.06,0.27,0.29,0.4,0.26,0.09,0.26,0.33,0.5,-0.17,0.1,-0.17,0.41,1.6900000000000002,1.2100000000000002,2.5600000000000005,1.6900000000000002,0.36,2.8899999999999997,1.44,0.16000000000000003,0.81,0.16000000000000003,0.16000000000000003,0.25,0.8281000000000001,0.0484,2.2201,0.010000000000000002,0.09,0.04409999999999999,1.2995999999999999,0.1296,0.7055999999999999,0.0729,0.06760000000000001,0.028900000000000006,0.8649000000000001,1.0816000000000001,0.028900000000000006,1.1449,0.2601,2.4025000000000003,0.0256,0.028900000000000006,0.0841,0.0841,0.10890000000000001,0.16809999999999997,0.11560000000000002,0.0081,0.18489999999999998,0.0009,0.0361,0.1024,0.0225,0.0016,0.016900000000000002,0.0036,0.0081,0.010000000000000002
101.0,1.96,8.161,92.14,-2.26,-43.3,21.1,-7.032,-9.028,30.923,-23.932,-0.101,-21.444,86.693,-63.787,107.747,1.3,0.97,0.35,0.97,0.85,1.1,0.22,0.09,0.22,1.04,1.6,1.49,0.43,1.49,0.17,1.3,0.08,0.01,0.08,1.09,0.6,0.35,0.17,0.35,0.47,1.8,0.17,0.2,0.17,1.62,1.2,1.13,0.18,1.13,0.19,0.4,0.36,0.04,0.36,0.17,0.9,0.84,0.12,0.84,0.3,0.4,0.29,0.05,0.29,0.29,0.4,0.26,0.09,0.26,0.33,0.5,-0.17,0.1,-0.17,0.42,1.6900000000000002,1.2100000000000002,2.5600000000000005,1.6900000000000002,0.36,3.24,1.44,0.16000000000000003,0.81,0.16000000000000003,0.16000000000000003,0.25,0.9409,0.0484,2.2201,0.0064,0.12249999999999998,0.028900000000000006,1.2768999999999997,0.1296,0.7055999999999999,0.0841,0.06760000000000001,0.028900000000000006,0.7224999999999999,1.0816000000000001,0.028900000000000006,1.1881000000000002,0.22089999999999999,2.6244000000000005,0.0361,0.028900000000000006,0.09,0.0841,0.10890000000000001,0.17639999999999997,0.12249999999999998,0.0081,0.18489999999999998,0.0001,0.028900000000000006,0.04000000000000001,0.0324,0.0016,0.0144,0.0025000000000000005,0.0081,0.010000000000000002
102.0,1.93,8.194,92.94,-2.31,-43.9,21.1,-7.062,-9.165,30.284,-23.827,-0.218,-21.408,86.676,-63.895,107.788,1.3,0.97,0.35,0.97,0.85,1.1,0.22,0.09,0.22,1.04,1.6,1.49,0.43,1.49,0.17,1.3,0.08,0.01,0.08,1.09,0.6,0.35,0.17,0.35,0.47,1.8,0.17,0.2,0.17,1.62,1.2,1.13,0.18,1.13,0.19,0.4,0.36,0.04,0.36,0.17,0.9,0.84,0.12,0.84,0.3,0.4,0.29,0.05,0.29,0.29,0.4,0.26,0.09,0.26,0.33,0.5,-0.17,0.1,-0.17,0.42,1.6900000000000002,1.2100000000000002,2.5600000000000005,1.6900000000000002,0.36,3.24,1.44,0.16000000000000003,0.81,0.16000000000000003,0.16000000000000003,0.25,0.9409,0.0484,2.2201,0.0064,0.12249999999999998,0.028900000000000006,1.2768999999999997,0.1296,0.7055999999999999,0.0841,0.06760000000000001,0.028900000000000006,0.7224999999999999,1.0816000000000001,0.028900000000000006,1.1881000000000002,0.22089999999999999,2.6244000000000005,0.0361,0.028900000000000006,0.09,0.0841,0.10890000000000001,0.17639999999999997,0.12249999999999998,0.0081,0.18489999999999998,0.0001,0.028900000000000006,0.04000000000000001,0.0324,0.0016,0.0144,0.0025000000000000005,0.0081,0.010000000000000002
103.0,1.9,8.228,93.74,-2.35,-44.49,21.0,-7.077,-9.144,29.701,-23.492,-0.329,-21.276,86.675,-64.212,107.978,1.3,0.97,0.35,0.97,0.85,1.1,0.22,0.09,0.22,1.04,1.6,1.49,0.43,1.49,0.17,1.3,0.08,0.01,0.08,1.09,0.6,0.35,0.17,0.35,0.47,1.8,0.17,0.2,0.17,1.62,1.2,1.13,0.18,1.13,0.19,0.4,0.36,0.04,0.36,0.17,0.9,0.84,0.12,0.84,0.3,0.4,0.29,0.05,0.29,0.29,0.4,0.26,0.09,0.26,0.33,0.5,-0.17,0.1,-0.17,0.42,1.6900000000000002,1.2100000000000002,2.5600000000000005,1.6900000000000002,0.36,3.24,1.44,0.16000000000000003,0.81,0.16000000000000003,0.16000000000000003,0.25,0.9409,0.0484,2.2201,0.0064,0.12249999999999998,0.028900000000000006,1.2768999999999997,0.1296,0.7055999999999999,0.0841,0.06760000000000001,0.028900000000000006,0.7224999999999999,1.0816000000000001,0.028900000000000006,1.1881000000000002,0.22089999999999999,2.6244000000000005,0.0361,0.028900000000000006,0.09,0.0841,0.10890000000000001,0.17639999999999997,0.12249999999999998,0.0081,0.18489999999999998,0.0001,0.028900000000000006,0.04000000000000001,0.0324,0.0016,0.0144,0.0025000000000000005,0.0081,0.010000000000000002
104.0,1.88,8.261,94.55,-2.41,-45.08,20.7,-7.091,-8.945,29.119,-22.873,-0.44,-21.031,86.689,-64.785,108.35,1.3,0.97,0.35,0.97,0.85,1.1,0.22,0.09,0.22,1.04,1.6,1.49,0.43,1.49,0.17,1.3,0.08,0.01,0.08,1.09,0.6,0.35,0.17,0.35,0.47,1.8,0.17,0.2,0.17,1.62,1.2,1.13,0.18,1.13,0.19,0.4,0.36,0.04,0.36,0.17,0.9,0.84,0.12,0.84,0.3,0.4,0.29,0.05,0.29,0.29,0.4,0.26,0.09,0.26,0.33,0.5,-0.17,0.1,-0.17,0.42,1.6900000000000002,1.2100000000000002,2.5600000000000005,1.6900000000000002,0.36,3.24,1.44,0.16000000000000003,0.81,0.16000000000000003,0.16000000000000003,0.25,0.9409,0.0484,2.2201,0.0064,0.12249999999999998,0.028900000000000006,1.2768999999999997,0.1296,0.7055999999999999,0.0841,0.06760000000000001,0.028900000000000006,0.7224999999999999,1.0816000000000001,0.028900000000000006,1.1881000000000002,0.22089999999999999,2.6244000000000005,0.0361,0.028900000000000006,0.09,0.0841,0.10890000000000001,0.17639999999999997,0.12249999999999998,0.0081,0.18489999999999998,0.0001,0.028900000000000006,0.04000000000000001,0.0324,0.0016,0.0144,0.0025000000000000005,0.0081,0.010000000000000002
105.0,1.85,8.295,95.35,-2.45,-45.68,20.5,-7.138,-8.745,27.991,-22.251,-0.262,-20.785,86.689,-64.719,108.309,1.3,0.97,0.35,0.97,0.85,1.1,0.22,0.09,0.22,1.04,1.6,1.49,0.43,1.49,0.17,1.3,0.08,0.01,0.08,1.09,0.6,0.35,0.17,0.35,0.47,1.8,0.17,0.2,0.17,1.62,1.2,1.13,0.18,1.13,0.19,0.4,0.36,0.04,0.36,0.17,0.9,0.84,0.12,0.84,0.3,0.4,0.29,0.05,0.29,0.29,0.4,0.26,0.09,0.26,0.33,0.5,-0.17,0.1,-0.17,0.42,1.6900000000000002,1.2100000000000002,2.5600000000000005,1.6900000000000002,0.36,3.24,1.44,0.16000000000000003,0.81,0.16000000000000003,0.16000000000000003,0.25,0.9409,0.0484,2.2201,0.0064,0.12249999999999998,0.028900000000000006,1.2768999999999997,0.1296,0.7055999999999999,0.0841,0.06760000000000001,0.028900000000000006,0.7224999999999999,1.0816000000000001,0.028900000000000006,1.1881000000000002,0.22089999999999999,2.6244000000000005,0.0361,0.028900000000000006,0.09,0.0841,0.10890000000000001,0.17639999999999997,0.12249999999999998,0.0081,0.18489999999999998,0.0001,0.028900000000000006,0.04000000000000001,0.0324,0.0016,0.0144,0.0025000000000000005,0.0081,0.010000000000000002
106.0,1.82,8.328,96.16,-2.49,-46.28,20.3,-7.28,-8.509,27.133,-21.771,0.003,-20.506,86.672,-64.716,108.292,1.3,0.97,0.35,0.97,0.85,1.1,0.22,0.09,0.22,1.04,1.6,1.49,0.43,1.49,0.17,1.3,0.08,0.01,0.08,1.09,0.6,0.35,0.17,0.35,0.47,1.8,0.17,0.2,0.17,1.62,1.2,1.13,0.18,1.13,0.19,0.4,0.36,0.04,0.36,0.17,0.9,0.84,0.12,0.84,0.3,0.4,0.29,0.05,0.29,0.29,0.4,0.26,0.09,0.26,0.33,0.5,-0.17,0.1,-0.17,0.42,1.6900000000000002,1.2100000000000002,2.5600000000000005,1.6900000000000002,0.36,3.24,1.44,0.16000000000000003,0.81,0.16000000000000003,0.16000000000000003,0.25,0.9409,0.0484,2.2201,0.0064,0.12249999999999998,0.028900000000000006,1.2768999999999997,0.1296,0.7055999999999999,0.0841,0.06760000000000001,0.028900000000000006,0.7224999999999999,1.0816000000000001,0.028900000000000006,1.1881000000000002,0.22089999999999999,2.6244000000000005,0.0361,0.028900000000000006,0.09,0.0841,0.10890000000000001,0.17639999999999997,0.12249999999999998,0.0081,0.18489999999999998,0.0001,0.028900000000000006,0.04000000000000001,0.0324,0.0016,0.0144,0.0025000000000000005,0.0081,0.010000000000000002
107.0,1.79,8.361,96.96,-2.54,-46.88,20.3,-7.534,-8.23,26.644,-21.462,0.353,-20.188,86.637,-64.833,108.334,1.3,0.97,0.35,0.97,0.85,1.1,0.22,0.09,0.22,1.04,1.6,1.49,0.43,1.49,0.17,1.3,0.08,0.01,0.08,1.09,0.6,0.35,0.17,0.35,0.47,1.8,0.17,0.2,0.17,1.62,1.2,1.13,0.18,1.13,0.19,0.4,0.36,0.04,0.36,0.17,0.9,0.84,0.12,0.84,0.3,0.4,0.29,0.05,0.29,0.29,0.4,0.26,0.09,0.26,0.33,0.5,-0.17,0.1,-0.17,0.42,1.6900000000000002,1.2100000000000002,2.5600000000000005,1.6900000000000002,0.36,3.24,1.44,0.16000000000000003,0.81,0.16000000000000003,0.16000000000000003,0.25,0.9409,0.0484,2.2201,0.0064,0.12249999999999998,0.028900000000000006,1.2768999999999997,0.1296,0.7055999999999999,0.0841,0.06760000000000001,0.028900000000000006,0.7224999999999999,1.0816000000000001,0.028900000000000006,1.1881000000000002,0.22089999999999999,2.6244000000000005,0.0361,0.028900000000000006,0.09,0.0841,0.10890000000000001,0.17639999999999997,0.12249999999999998,0.0081,0.18489999999999998,0.0001,0.028900000000000006,0.04000000000000001,0.0324,0.0016,0.0144,0.0025000000000000005,0.0081,0.010000000000000002
108.0,1.75,8.394,97.76,-2.59,-47.48,20.2,-7.972,-8.104,26.217,-21.571,0.737,-20.004,86.714,-65.034,108.53,1.3,1.13,0.34,1.13,0.65,1.1,0.21,0.06,0.21,1.04,1.8,1.59,0.49,1.59,0.05,1.3,0.03,0.05,0.03,1.12,0.5,0.37,0.11,0.37,0.37,1.8,0.32,0.17,0.32,1.62,1.2,1.15,0.21,1.15,0.2,0.4,0.38,0.01,0.38,0.15,0.9,0.82,0.13,0.82,0.26,0.4,0.29,0.04,0.29,0.29,0.4,0.25,0.06,0.25,0.3,0.5,-0.19,0.09,-0.19,0.42,1.6900000000000002,1.2100000000000002,3.24,1.6900000000000002,0.25,3.24,1.44,0.16000000000000003,0.81,0.16000000000000003,0.16000000000000003,0.25,1.2768999999999997,0.04409999999999999,2.5281000000000002,0.0009,0.1369,0.1024,1.3224999999999998,0.1444,0.6723999999999999,0.0841,0.0625,0.0361,0.42250000000000004,1.0816000000000001,0.0025000000000000005,1.2544000000000002,0.1369,2.6244000000000005,0.04000000000000001,0.0225,0.06760000000000001,0.0841,0.09,0.17639999999999997,0.11560000000000002,0.0036,0.24009999999999998,0.0025000000000000005,0.0121,0.028900000000000006,0.04409999999999999,0.0001,0.016900000000000002,0.0016,0.0036,0.0081
109.0,1.72,8.428,98.56,-2.64,-48.08,20.4,-8.421,-8.008,25.794,-21.545,1.124,-19.872,86.76,-65.283,108.722,1.3,1.13,0.34,1.13,0.65,1.1,0.21,0.06,0.21,1.04,1.8,1.59,0.49,1.59,0.05,1.3,0.03,0.05,0.03,1.12,0.5,0.37,0.11,0.37,0.37,1.8,0.32,0.17,0.32,1.62,1.2,1.15,0.21,1.15,0.2,0.4,0.38,0.01,0.38,0.15,0.9,0.82,0.13,0.82,0.26,0.4,0.29,0.04,0.29,0.29,0.4,0.25,0.06,0.25,0.3,0.5,-0.19,0.09,-0.19,0.42,1.6900000000000002,1.2100000000000002,3.24,1.6900000000000002,0.25,3.24,1.44,0.16000000000000003,0.81,0.16000000000000003,0.16000000000000003,0.25,1.2768999999999997,0.04409999999999999,2.5281000000000002,0.0009,0.1369,0.1024,1.3224999999999998,0.1444,0.6723999999999999,0.0841,0.0625,0.0361,0.42250000000000004,1.0816000000000001,0.0025000000000000005,1.2544000000000002,0.1369,2.6244000000000005,0.04000000000000001,0.0225,0.06760000000000001,0.0841,0.09,0.17639999999999997,0.11560000000000002,0.0036,0.24009999999999998,0.0025000000000000005,0.0121,0.028900000000000006,0.04409999999999999,0.0001,0.016900000000000002,0.0016,0.0036,0.0081
110.0,1.69,8.461,99.36,-2.69,-48.69,21.1,-8.87,-7.94,25.372,-21.32,1.51,-19.796,86.761,-65.588,108.9,1.3,1.13,0.34,1.13,0.65,1.1,0.21,0.06,0.21,1.04,1.8,1.59,0.49,1.59,0.05,1.3,0.03,0.05,0.03,1.12,0.5,0.37,0.11,0.37,0.37,1.8,0.32,0.17,0.32,1.62,1.2,1.15,0.21,1.15,0.2,0.4,0.38,0.01,0.38,0.15,0.9,0.82,0.13,0.82,0.26,0.4,0.29,0.04,0.29,0.29,0.4,0.25,0.06,0.25,0.3,0.5,-0.19,0.09,-0.19,0.42,1.6900000000000002,1.2100000000000002,3.24,1.6900000000000002,0.25,3.24,1.44,0.16000000000000003,0.81,0.16000000000000003,0.16000000000000003,0.25,1.2768999999999997,0.04409999999999999,2.5281000000000002,0.0009,0.1369,0.1024,1.3224999999999998,0.1444,0.6723999999999999,0.0841,0.0625,0.0361,0.42250000000000004,1.0816000000000001,0.0025000000000000005,1.2544000000000002,0.1369,2.6244000000000005,0.04000000000000001,0.0225,0.06760000000000001,0.0841,0.09,0.17639999999999997,0.11560000000000002,0.0036,0.24009999999999998,0.0025000000000000005,0.0121,0.028900000000000006,0.04409999999999999,0.0001,0.016900000000000002,0.0016,0.0036,0.0081
111.0,1.65,8.494,100.16,-2.74,-49.29,21.1,-9.295,-7.884,24.858,-21.419,1.684,-19.69,86.649,-65.582,108.815,1.3,1.13,0.34,1.13,0.65,1.1,0.21,0.06,0.21,1.04,1.8,1.59,0.49,1.59,0.05,1.3,0.03,0.05,0.03,1.12,0.5,0.37,0.11,0.37,0.37,1.8,0.32,0.17,0.32,1.62,1.2,1.15,0.21,1.15,0.2,0.4,0.38,0.01,0.38,0.15,0.9,0.82,0.13,0.82,0.26,0.4,0.29,0.04,0.29,0.29,0.4,0.25,0.06,0.25,0.3,0.5,-0.19,0.09,-0.19,0.42,1.6900000000000002,1.2100000000000002,3.24,1.6900000000000002,0.25,3.24,1.44,0.16000000000000003,0.81,0.16000000000000003,0.16000000000000003,0.25,1.2768999999999997,0.04409999999999999,2.5281000000000002,0.0009,0.1369,0.1024,1.3224999999999998,0.1444,0.6723999999999999,0.0841,0.0625,0.0361,0.42250000000000004,1.0816000000000001,0.0025000000000000005,1.2544000000000002,0.1369,2.6244000000000005,0.04000000000000001,0.0225,0.06760000000000001,0.0841,0.09,0.17639999999999997,0.11560000000000002,0.0036,0.24009999999999998,0.0025000000000000005,0.0121,0.028900000000000006,0.04409999999999999,0.0001,0.016900000000000002,0.0016,0.0036,0.0081
112.0,1.61,8.527,100.96,-2.79,-49.9,21.1,-9.625,-7.827,24.345,-21.629,1.748,-19.57,86.633,-65.674,108.864,1.3,1.13,0.34,1.13,0.65,1.1,0.21,0.06,0.21,1.04,1.8,1.59,0.49,1.59,0.05,1.3,0.03,0.05,0.03,1.12,0.5,0.37,0.11,0.37,0.37,1.8,0.32,0.17,0.32,1.62,1.2,1.15,0.21,1.15,0.2,0.4,0.38,0.01,0.38,0.15,0.9,0.82,0.13,0.82,0.26,0.4,0.29,0.04,0.29,0.29,0.4,0.25,0.06,0.25,0.3,0.5,-0.19,0.09,-0.19,0.42,1.6900000000000002,1.2100000000000002,3.24,1.6900000000000002,0.25,3.24,1.44,0.16000000000000003,0.81,0.16000000000000003,0.16000000000000003,0.25,1.2768999999999997,0.04409999999999999,2.5281000000000002,0.0009,0.1369,0.1024,1.3224999999999998,0.1444,0.6723999999999999,0.0841,0.0625,0.0361,0.42250000000000004,1.0816000000000001,0.0025000000000000005,1.2544000000000002,0.1369,2.6244000000000005,0.04000000000000001,0.0225,0.06760000000000001,0.0841,0.09,0.17639999999999997,0.11560000000000002,0.0036,0.24009999999999998,0.0025000000000000005,0.0121,0.028900000000000006,0.04409999999999999,0.0001,0.016900000000000002,0.0016,0.0036,0.0081
113.0,1.58,8.56,101.75,-2.84,-50.5,20.9,-9.831,-7.768,23.841,-21.957,1.686,-19.435,86.752,-65.921,109.112,1.3,1.13,0.34,1.13,0.65,1.1,0.21,0.06,0.21,1.04,1.8,1.59,0.49,1.59,0.05,1.3,0.03,0.05,0.03,1.12,0.5,0.37,0.11,0.37,0.37,1.8,0.32,0.17,0.32,1.62,1.2,1.15,0.21,1.15,0.2,0.4,0.38,0.01,0.38,0.15,0.9,0.82,0.13,0.82,0.26,0.4,0.29,0.04,0.29,0.29,0.4,0.25,0.06,0.25,0.3,0.5,-0.19,0.09,-0.19,0.42,1.6900000000000002,1.2100000000000002,3.24,1.6900000000000002,0.25,3.24,1.44,0.16000000000000003,0.81,0.16000000000000003,0.16000000000000003,0.25,1.2768999999999997,0.04409999999999999,2.5281000000000002,0.0009,0.1369,0.1024,1.3224999999999998,0.1444,0.6723999999999999,0.0841,0.0625,0.0361,0.42250000000000004,1.0816000000000001,0.0025000000000000005,1.2544000000000002,0.1369,2.6244000000000005,0.04000000000000001,0.0225,0.06760000000000001,0.0841,0.09,0.17639999999999997,0.11560000000000002,0.0036,0.24009999999999998,0.0025000000000000005,0.0121,0.028900000000000006,0.04409999999999999,0.0001,0.016900000000000002,0.0016,0.0036,0.0081
114.0,1.54,8.593,102.55,-2.9,-51.11,20.7,-9.953,-7.818,23.221,-22.388,1.579,-19.332,86.608,-66.005,109.056,1.3,1.13,0.34,1.13,0.65,1.1,0.21,0.06,0.21,1.04,1.8,1.59,0.49,1.59,0.05,1.3,0.03,0.05,0.03,1.12,0.5,0.37,0.11,0.37,0.37,1.8,0.32,0.17,0.32,1.62,1.2,1.15,0.21,1.15,0.2,0.4,0.38,0.01,0.38,0.15,0.9,0.82,0.13,0.82,0.26,0.4,0.29,0.04,0.29,0.29,0.4,0.25,0.06,0.25,0.3,0.5,-0.19,0.09,-0.19,0.42,1.6900000000000002,1.2100000000000002,3.24,1.6900000000000002,0.25,3.24,1.44,0.16000000000000003,0.81,0.16000000000000003,0.16000000000000003,0.25,1.2768999999999997,0.04409999999999999,2.5281000000000002,0.0009,0.1369,0.1024,1.3224999999999998,0.1444,0.6723999999999999,0.0841,0.0625,0.0361,0.42250000000000004,1.0816000000000001,0.0025000000000000005,1.2544000000000002,0.1369,2.6244000000000005,0.04000000000000001,0.0225,0.06760000000000001,0.0841,0.09,0.17639999999999997,0.11560000000000002,0.0036,0.24009999999999998,0.0025000000000000005,0.0121,0.028900000000000006,0.04409999999999999,0.0001,0.016900000000000002,0.0016,0.0036,0.0081
115.0,1.51,8.627,103.35,-2.96,-51.72,20.6,-10.071,-7.952,22.327,-22.83,1.515,-19.3,86.496,-66.158,109.064,1.3,1.13,0.34,1.13,0.65,1.1,0.21,0.06,0.21,1.04,1.8,1.59,0.49,1.59,0.05,1.3,0.03,0.05,0.03,1.12,0.5,0.37,0.11,0.37,0.37,1.8,0.32,0.17,0.32,1.62,1.2,1.15,0.21,1.15,0.2,0.4,0.38,0.01,0.38,0.15,0.9,0.82,0.13,0.82,0.26,0.4,0.29,0.04,0.29,0.29,0.4,0.25,0.06,0.25,0.3,0.5,-0.19,0.09,-0.19,0.42,1.6900000000000002,1.2100000000000002,3.24,1.6900000000000002,0.25,3.24,1.44,0.16000000000000003,0.81,0.16000000000000003,0.16000000000000003,0.25,1.2768999999999997,0.04409999999999999,2.5281000000000002,0.0009,0.1369,0.1024,1.3224999999999998,0.1444,0.6723999999999999,0.0841,0.0625,0.0361,0.42250000000000004,1.0816000000000001,0.0025000000000000005,1.2544000000000002,0.1369,2.6244000000000005,0.04000000000000001,0.0225,0.06760000000000001,0.0841,0.09,0.17639999999999997,0.11560000000000002,0.0036,0.24009999999999998,0.0025000000000000005,0.0121,0.028900000000000006,0.04409999999999999,0.0001,0.016900000000000002,0.0016,0.0036,0.0081
116.0,1.47,8.66,104.14,-3.02,-52.32,20.6,-10.198,-8.193,21.052,-23.274,1.516,-19.367,86.46,-66.429,109.204,1.3,1.13,0.34,1.13,0.65,1.1,0.21,0.06,0.21,1.04,1.8,1.59,0.49,1.59,0.05,1.3,0.03,0.05,0.03,1.12,0.5,0.42,0.13,0.42,0.33,1.8,0.32,0.17,0.32,1.62,1.2,1.15,0.21,1.15,0.2,0.4,0.38,0.01,0.38,0.15,0.9,0.82,0.13,0.82,0.26,0.4,0.29,0.04,0.29,0.29,0.4,0.25,0.06,0.25,0.3,0.5,-0.19,0.09,-0.19,0.42,1.6900000000000002,1.2100000000000002,3.24,1.6900000000000002,0.25,3.24,1.44,0.16000000000000003,0.81,0.16000000000000003,0.16000000000000003,0.25,1.2768999999999997,0.04409999999999999,2.5281000000000002,0.0009,0.17639999999999997,0.1024,1.3224999999999998,0.1444,0.6723999999999999,0.0841,0.0625,0.0361,0.42250000000000004,1.0816000000000001,0.0025000000000000005,1.2544000000000002,0.10890000000000001,2.6244000000000005,0.04000000000000001,0.0225,0.06760000000000001,0.0841,0.09,0.17639999999999997,0.11560000000000002,0.0036,0.24009999999999998,0.0025000000000000005,0.016900000000000002,0.028900000000000006,0.04409999999999999,0.0001,0.016900000000000002,0.0016,0.0036,0.0081
117.0,1.43,8.693,104.93,-3.07,-52.94,21.0,-10.486,-8.677,20.248,-23.587,1.725,-19.611,86.392,-66.583,109.248,1.3,1.13,0.34,1.13,0.65,1.1,0.21,0.06,0.21,1.04,1.8,1.59,0.49,1.59,0.05,1.3,0.03,0.05,0.03,1.12,0.5,0.42,0.13,0.42,0.33,1.8,0.32,0.17,0.32,1.62,1.2,1.15,0.21,1.15,0.2,0.4,0.38,0.01,0.38,0.15,0.9,0.82,0.13,0.82,0.26,0.4,0.29,0.04,0.29,0.29,0.4,0.25,0.06,0.25,0.3,0.5,-0.19,0.09,-0.19,0.42,1.6900000000000002,1.2100000000000002,3.24,1.6900000000000002,0.25,3.24,1.44,0.16000000000000003,0.81,0.16000000000000003,0.16000000000000003,0.25,1.2768999999999997,0.04409999999999999,2.5281000000000002,0.0009,0.17639999999999997,0.1024,1.3224999999999998,0.1444,0.6723999999999999,0.0841,0.0625,0.0361,0.42250000000000004,1.0816000000000001,0.0025000000000000005,1.2544000000000002,0.10890000000000001,2.6244000000000005,0.04000000000000001,0.0225,0.06760000000000001,0.0841,0.09,0.17639999999999997,0.11560000000000002,0.0036,0.24009999999999998,0.0025000000000000005,0.016900000000000002,0.028900000000000006,0.04409999999999999,0.0001,0.016900000000000002,0.0016,0.0036,0.0081
118.0,1.39,8.726,105.73,-3.13,-53.55,21.6,-10.841,-9.259,19.167,-23.688,2.008,-19.909,86.381,-66.779,109.361,1.3,1.13,0.34,1.13,0.65,1.1,0.21,0.06,0.21,1.04,1.8,1.59,0.49,1.59,0.05,1.3,0.03,0.05,0.03,1.12,0.5,0.42,0.13,0.42,0.33,1.8,0.32,0.17,0.32,1.62,1.2,1.15,0.21,1.15,0.2,0.4,0.38,0.01,0.38,0.15,0.9,0.82,0.13,0.82,0.26,0.4,0.29,0.04,0.29,0.29,0.4,0.25,0.06,0.25,0.3,0.5,-0.19,0.09,-0.19,0.42,1.6900000000000002,1.2100000000000002,3.24,1.6900000000000002,0.25,3.24,1.44,0.16000000000000003,0.81,0.16000000000000003,0.16000000000000003,0.25,1.2768999999999997,0.04409999999999999,2.5281000000000002,0.0009,0.17639999999999997,0.1024,1.3224999999999998,0.1444,0.6723999999999999,0.0841,0.0625,0.0361,0.42250000000000004,1.0816000000000001,0.0025000000000000005,1.2544000000000002,0.10890000000000001,2.6244000000000005,0.04000000000000001,0.0225,0.06760000000000001,0.0841,0.09,0.17639999999999997,0.11560000000000002,0.0036,0.24009999999999998,0.0025000000000000005,0.016900000000000002,0.028900000000000006,0.04409999999999999,0.0001,0.016900000000000002,0.0016,0.0036,0.0081
119.0,1.35,8.759,106.52,-3.19,-54.16,22.2,-11.272,-9.951,17.571,-23.479,2.367,-20.258,86.465,-67.062,109.599,1.3,1.13,0.34,1.13,0.65,1.1,0.21,0.06,0.21,1.04,1.8,1.59,0.49,1.59,0.05,1.3,0.03,0.05,0.03,1.12,0.5,0.42,0.13,0.42,0.33,1.8,0.32,0.17,0.32,1.62,1.2,1.15,0.21,1.15,0.2,0.4,0.38,0.01,0.38,0.15,0.9,0.82,0.13,0.82,0.26,0.4,0.29,0.04,0.29,0.29,0.4,0.25,0.06,0.25,0.3,0.5,-0.19,0.09,-0.19,0.42,1.6900000000000002,1.2100000000000002,3.24,1.6900000000000002,0.25,3.24,1.44,0.16000000000000003,0.81,0.16000000000000003,0.16000000000000003,0.25,1.2768999999999997,0.04409999999999999,2.5281000000000002,0.0009,0.17639999999999997,0.1024,1.3224999999999998,0.1444,0.6723999999999999,0.0841,0.0625,0.0361,0.42250000000000004,1.0816000000000001,0.0025000000000000005,1.2544000000000002,0.10890000000000001,2.6244000000000005,0.04000000000000001,0.0225,0.06760000000000001,0.0841,0.09,0.17639999999999997,0.11560000000000002,0.0036,0.24009999999999998,0.0025000000000000005,0.016900000000000002,0.028900000000000006,0.04409999999999999,0.0001,0.016900000000000002,0.0016,0.0036,0.0081
120.0,1.3,8.792,107.31,-3.24,-54.78,22.7,-11.74,-10.422,16.963,-23.923,2.781,-20.38,86.434,-67.095,109.596,1.3,1.13,0.34,1.13,0.65,1.1,0.21,0.06,0.21,1.04,1.8,1.59,0.49,1.59,0.05,1.3,0.03,0.05,0.03,1.12,0.5,0.42,0.13,0.42,0.33,1.8,0.32,0.17,0.32,1.62,1.2,1.15,0.21,1.15,0.2,0.4,0.38,0.01,0.38,0.15,0.9,0.82,0.13,0.82,0.26,0.4,0.29,0.04,0.29,0.29,0.4,0.25,0.06,0.25,0.3,0.5,-0.19,0.09,-0.19,0.42,1.6900000000000002,1.2100000000000002,3.24,1.6900000000000002,0.25,3.24,1.44,0.16000000000000003,0.81,0.16000000000000003,0.16000000000000003,0.25,1.2768999999999997,0.04409999999999999,2.5281000000000002,0.0009,0.17639999999999997,0.1024,1.3224999999999998,0.1444,0.6723999999999999,0.0841,0.0625,0.0361,0.42250000000000004,1.0816000000000001,0.0025000000000000005,1.2544000000000002,0.10890000000000001,2.6244000000000005,0.04000000000000001,0.0225,0.06760000000000001,0.0841,0.09,0.17639999999999997,0.11560000000000002,0.0036,0.24009999999999998,0.0025000000000000005,0.016900000000000002,0.028900000000000006,0.04409999999999999,0.0001,0.016900000000000002,0.0016,0.0036,0.0081
121.0,1.26,8.825,108.1,-3.3,-55.39,23.0,-12.083,-10.789,16.282,-24.075,3.146,-20.383,86.365,-67.167,109.583,1.3,1.13,0.34,1.13,0.65,1.1,0.21,0.06,0.21,1.04,1.8,1.59,0.49,1.59,0.05,1.3,0.03,0.05,0.03,1.12,0.5,0.42,0.13,0.42,0.33,1.8,0.32,0.17,0.32,1.62,1.2,1.15,0.21,1.15,0.2,0.4,0.38,0.01,0.38,0.15,0.9,0.82,0.13,0.82,0.26,0.4,0.29,0.04,0.29,0.29,0.4,0.25,0.06,0.25,0.3,0.5,-0.19,0.09,-0.19,0.42,1.6900000000000002,1.2100000000000002,3.24,1.6900000000000002,0.25,3.24,1.44,0.16000000000000003,0.81,0.16000000000000003,0.16000000000000003,0.25,1.2768999999999997,0.04409999999999999,2.5281000000000002,0.0009,0.17639999999999997,0.1024,1.3224999999999998,0.1444,0.6723999999999999,0.0841,0.0625,0.0361,0.42250000000000004,1.0816000000000001,0.0025000000000000005,1.2544000000000002,0.10890000000000001,2.6244000000000005,0.04000000000000001,0.0225,0.06760000000000001,0.0841,0.09,0.17639999999999997,0.11560000000000002,0.0036,0.24009999999999998,0.0025000000000000005,0.016900000000000002,0.028900000000000006,0.04409999999999999,0.0001,0.016900000000000002,0.0016,0.0036,0.0081
122.0,1.23,8.858,108.89,-3.36,-56.0,22.8,-12.196,-11.023,15.22,-23.539,3.411,-20.232,86.258,-67.37,109.613,1.3,1.13,0.34,1.13,0.65,1.1,0.21,0.06,0.21,1.04,1.8,1.59,0.49,1.59,0.05,1.3,0.03,0.05,0.03,1.12,0.5,0.42,0.13,0.42,0.33,1.8,0.32,0.17,0.32,1.62,1.2,1.15,0.21,1.15,0.2,0.4,0.38,0.01,0.38,0.15,0.9,0.82,0.13,0.82,0.26,0.4,0.29,0.04,0.29,0.29,0.4,0.25,0.06,0.25,0.3,0.5,-0.19,0.09,-0.19,0.42,1.6900000000000002,1.2100000000000002,3.24,1.6900000000000002,0.25,3.24,1.44,0.16000000000000003,0.81,0.16000000000000003,0.16000000000000003,0.25,1.2768999999999997,0.04409999999999999,2.5281000000000002,0.0009,0.17639999999999997,0.1024,1.3224999999999998,0.1444,0.6723999999999999,0.0841,0.0625,0.0361,0.42250000000000004,1.0816000000000001,0.0025000000000000005,1.2544000000000002,0.10890000000000001,2.6244000000000005,0.04000000000000001,0.0225,0.06760000000000001,0.0841,0.09,0.17639999999999997,0.11560000000000002,0.0036,0.24009999999999998,0.0025000000000000005,0.016900000000000002,0.028900000000000006,0.04409999999999999,0.0001,0.016900000000000002,0.0016,0.0036,0.0081
123.0,1.19,8.89,109.68,-3.41,-56.62,23.1,-12.308,-11.269,14.16,-23.543,3.675,-19.967,86.38,-67.394,109.721,1.2,1.19,0.39,1.19,0.36,1.1,0.21,0.05,0.21,1.03,1.8,1.56,0.46,1.56,0.02,1.3,0.02,0.05,0.02,1.12,0.6,0.47,0.14,0.47,0.31,1.7,0.39,0.19,0.39,1.55,1.2,1.14,0.2,1.14,0.2,0.5,0.38,0.01,0.38,0.16,0.9,0.84,0.08,0.84,0.26,0.4,0.3,0.02,0.3,0.31,0.4,0.23,0.04,0.23,0.3,0.5,-0.21,0.09,-0.21,0.42,1.44,1.2100000000000002,3.24,1.6900000000000002,0.36,2.8899999999999997,1.44,0.25,0.81,0.16000000000000003,0.16000000000000003,0.25,1.4161,0.04409999999999999,2.4336,0.0004,0.22089999999999999,0.1521,1.2995999999999999,0.1444,0.7055999999999999,0.09,0.0529,0.04409999999999999,0.1296,1.0609,0.0004,1.2544000000000002,0.0961,2.4025000000000003,0.04000000000000001,0.0256,0.06760000000000001,0.0961,0.09,0.17639999999999997,0.1521,0.0025000000000000005,0.2116,0.0025000000000000005,0.019600000000000003,0.0361,0.04000000000000001,0.0001,0.0064,0.0004,0.0016,0.0081
124.0,1.14,8.923,110.47,-3.47,-57.24,23.5,-12.42,-11.517,13.1,-23.653,3.94,-19.679,86.547,-67.383,109.843,1.2,1.19,0.39,1.19,0.36,1.1,0.21,0.05,0.21,1.03,1.8,1.56,0.46,1.56,0.02,1.3,0.02,0.05,0.02,1.12,0.6,0.47,0.14,0.47,0.31,1.7,0.39,0.19,0.39,1.55,1.2,1.14,0.2,1.14,0.2,0.5,0.38,0.01,0.38,0.16,0.9,0.84,0.08,0.84,0.26,0.4,0.3,0.02,0.3,0.31,0.4,0.23,0.04,0.23,0.3,0.5,-0.21,0.09,-0.21,0.42,1.44,1.2100000000000002,3.24,1.6900000000000002,0.36,2.8899999999999997,1.44,0.25,0.81,0.16000000000000003,0.16000000000000003,0.25,1.4161,0.04409999999999999,2.4336,0.0004,0.22089999999999999,0.1521,1.2995999999999999,0.1444,0.7055999999999999,0.09,0.0529,0.04409999999999999,0.1296,1.0609,0.0004,1.2544000000000002,0.0961,2.4025000000000003,0.04000000000000001,0.0256,0.06760000000000001,0.0961,0.09,0.17639999999999997,0.1521,0.0025000000000000005,0.2116,0.0025000000000000005,0.019600000000000003,0.0361,0.04000000000000001,0.0001,0.0064,0.0004,0.0016,0.0081
125.0,1.09,8.956,111.26,-3.53,-57.86,23.9,-12.532,-11.766,12.039,-23.763,4.204,-19.391,86.714,-67.373,109.966,1.2,1.19,0.39,1.19,0.36,1.1,0.21,0.05,0.21,1.03,1.8,1.56,0.46,1.56,0.02,1.3,0.02,0.05,0.02,1.12,0.6,0.47,0.14,0.47,0.31,1.7,0.39,0.19,0.39,1.55,1.2,1.14,0.2,1.14,0.2,0.5,0.38,0.01,0.38,0.16,0.9,0.84,0.08,0.84,0.26,0.4,0.3,0.02,0.3,0.31,0.4,0.23,0.04,0.23,0.3,0.5,-0.21,0.09,-0.21,0.42,1.44,1.2100000000000002,3.24,1.6900000000000002,0.36,2.8899999999999997,1.44,0.25,0.81,0.16000000000000003,0.16000000000000003,0.25,1.4161,0.04409999999999999,2.4336,0.0004,0.22089999999999999,0.1521,1.2995999999999999,0.1444,0.7055999999999999,0.09,0.0529,0.04409999999999999,0.1296,1.0609,0.0004,1.2544000000000002,0.0961,2.4025000000000003,0.04000000000000001,0.0256,0.06760000000000001,0.0961,0.09,0.17639999999999997,0.1521,0.0025000000000000005,0.2116,0.0025000000000000005,0.019600000000000003,0.0361,0.04000000000000001,0.0001,0.0064,0.0004,0.0016,0.0081
126.0,1.06,8.989,112.05,-3.58,-58.47,23.5,-12.466,-12.014,11.521,-23.873,4.457,-19.103,86.729,-67.612,110.123,1.2,1.19,0.39,1.19,0.36,1.1,0.21,0.05,0.21,1.03,1.8,1.56,0.46,1.56,0.02,1.3,0.02,0.05,0.02,1.12,0.6,0.47,0.14,0.47,0.31,1.7,0.39,0.19,0.39,1.55,1.2,1.14,0.2,1.14,0.2,0.5,0.38,0.01,0.38,0.16,0.9,0.84,0.08,0.84,0.26,0.4,0.3,0.02,0.3,0.31,0.4,0.23,0.04,0.23,0.3,0.5,-0.21,0.09,-0.21,0.42,1.44,1.2100000000000002,3.24,1.6900000000000002,0.36,2.8899999999999997,1.44,0.25,0.81,0.16000000000000003,0.16000000000000003,0.25,1.4161,0.04409999999999999,2.4336,0.0004,0.22089999999999999,0.1521,1.2995999999999999,0.1444,0.7055999999999999,0.09,0.0529,0.04409999999999999,0.1296,1.0609,0.0004,1.2544000000000002,0.0961,2.4025000000000003,0.04000000000000001,0.0256,0.06760000000000001,0.0961,0.09,0.17639999999999997,0.1521,0.0025000000000000005,0.2116,0.0025000000000000005,0.019600000000000003,0.0361,0.04000000000000001,0.0001,0.0064,0.0004,0.0016,0.0081
127.0,1.02,9.022,112.84,-3.64,-59.09,23.0,-12.349,-12.237,11.077,-23.621,4.714,-18.796,86.71,-67.867,110.263,1.2,1.19,0.39,1.19,0.36,1.1,0.21,0.05,0.21,1.03,1.8,1.56,0.46,1.56,0.02,1.3,0.02,0.05,0.02,1.12,0.6,0.47,0.14,0.47,0.31,1.7,0.39,0.19,0.39,1.55,1.2,1.14,0.2,1.14,0.2,0.5,0.38,0.01,0.38,0.16,0.9,0.84,0.08,0.84,0.26,0.4,0.3,0.02,0.3,0.31,0.4,0.23,0.04,0.23,0.3,0.5,-0.21,0.09,-0.21,0.42,1.44,1.2100000000000002,3.24,1.6900000000000002,0.36,2.8899999999999997,1.44,0.25,0.81,0.16000000000000003,0.16000000000000003,0.25,1.4161,0.04409999999999999,2.4336,0.0004,0.22089999999999999,0.1521,1.2995999999999999,0.1444,0.7055999999999999,0.09,0.0529,0.04409999999999999,0.1296,1.0609,0.0004,1.2544000000000002,0.0961,2.4025000000000003,0.04000000000000001,0.0256,0.06760000000000001,0.0961,0.09,0.17639999999999997,0.1521,0.0025000000000000005,0.2116,0.0025000000000000005,0.019600000000000003,0.0361,0.04000000000000001,0.0001,0.0064,0.0004,0.0016,0.0081
128.0,0.98,9.055,113.63,-3.69,-59.7,22.9,-12.224,-12.388,10.439,-22.375,4.988,-18.436,86.711,-67.983,110.331,1.2,1.19,0.39,1.19,0.36,1.1,0.21,0.05,0.21,1.03,1.8,1.56,0.46,1.56,0.02,1.3,0.02,0.05,0.02,1.12,0.6,0.47,0.14,0.47,0.31,1.7,0.39,0.19,0.39,1.55,1.2,1.14,0.2,1.14,0.2,0.5,0.38,0.01,0.38,0.16,0.9,0.84,0.08,0.84,0.26,0.4,0.3,0.02,0.3,0.31,0.4,0.23,0.04,0.23,0.3,0.5,-0.21,0.09,-0.21,0.42,1.44,1.2100000000000002,3.24,1.6900000000000002,0.36,2.8899999999999997,1.44,0.25,0.81,0.16000000000000003,0.16000000000000003,0.25,1.4161,0.04409999999999999,2.4336,0.0004,0.22089999999999999,0.1521,1.2995999999999999,0.1444,0.7055999999999999,0.09,0.0529,0.04409999999999999,0.1296,1.0609,0.0004,1.2544000000000002,0.0961,2.4025000000000003,0.04000000000000001,0.0256,0.06760000000000001,0.0961,0.09,0.17639999999999997,0.1521,0.0025000000000000005,0.2116,0.0025000000000000005,0.019600000000000003,0.0361,0.04000000000000001,0.0001,0.0064,0.0004,0.0016,0.0081
129.0,0.94,9.087,114.41,-3.74,-60.32,22.8,-12.181,-12.559,10.42,-22.167,5.253,-18.071,86.623,-68.133,110.347,1.2,1.19,0.39,1.19,0.36,1.1,0.21,0.05,0.21,1.03,1.8,1.56,0.46,1.56,0.02,1.3,0.02,0.05,0.02,1.12,0.6,0.47,0.14,0.47,0.31,1.7,0.39,0.19,0.39,1.55,1.2,1.14,0.2,1.14,0.2,0.5,0.38,0.01,0.38,0.16,0.9,0.84,0.08,0.84,0.26,0.4,0.3,0.02,0.3,0.31,0.4,0.23,0.04,0.23,0.3,0.5,-0.21,0.09,-0.21,0.42,1.44,1.2100000000000002,3.24,1.6900000000000002,0.36,2.8899999999999997,1.44,0.25,0.81,0.16000000000000003,0.16000000000000003,0.25,1.4161,0.04409999999999999,2.4336,0.0004,0.22089999999999999,0.1521,1.2995999999999999,0.1444,0.7055999999999999,0.09,0.0529,0.04409999999999999,0.1296,1.0609,0.0004,1.2544000000000002,0.0961,2.4025000000000003,0.04000000000000001,0.0256,0.06760000000000001,0.0961,0.09,0.17639999999999997,0.1521,0.0025000000000000005,0.2116,0.0025000000000000005,0.019600000000000003,0.0361,0.04000000000000001,0.0001,0.0064,0.0004,0.0016,0.0081
130.0,0.91,9.12,115.2,-3.79,-60.94,22.7,-12.208,-12.834,10.481,-21.903,5.499,-17.73,86.551,-68.288,110.377,1.2,1.19,0.39,1.19,0.36,1.1,0.21,0.05,0.21,1.03,1.8,1.56,0.46,1.56,0.02,1.3,0.02,0.05,0.02,1.12,0.6,0.47,0.14,0.47,0.31,1.7,0.39,0.19,0.39,1.55,1.2,1.14,0.2,1.14,0.2,0.5,0.38,0.01,0.38,0.16,0.9,0.84,0.08,0.84,0.26,0.4,0.3,0.02,0.3,0.31,0.4,0.23,0.04,0.23,0.3,0.5,-0.21,0.09,-0.21,0.42,1.44,1.2100000000000002,3.24,1.6900000000000002,0.36,2.8899999999999997,1.44,0.25,0.81,0.16000000000000003,0.16000000000000003,0.25,1.4161,0.04409999999999999,2.4336,0.0004,0.22089999999999999,0.1521,1.2995999999999999,0.1444,0.7055999999999999,0.09,0.0529,0.04409999999999999,0.1296,1.0609,0.0004,1.2544000000000002,0.0961,2.4025000000000003,0.04000000000000001,0.0256,0.06760000000000001,0.0961,0.09,0.17639999999999997,0.1521,0.0025000000000000005,0.2116,0.0025000000000000005,0.019600000000000003,0.0361,0.04000000000000001,0.0001,0.0064,0.0004,0.0016,0.0081
131.0,0.86,9.153,115.99,-3.84,-61.56,22.6,-12.391,-13.466,10.043,-20.099,5.687,-17.482,86.645,-68.415,110.526,1.2,1.2,0.38,1.2,0.05,1.1,0.21,0.05,0.21,1.02,1.7,1.54,0.4,1.54,0.08,1.3,0.02,0.05,0.02,1.13,0.6,0.53,0.2,0.53,0.34,1.7,0.42,0.18,0.42,1.53,1.2,1.15,0.22,1.15,0.29,0.4,0.38,0.0,0.38,0.16,0.9,0.87,0.05,0.87,0.23,0.4,0.29,0.01,0.29,0.32,0.4,0.23,0.03,0.23,0.31,0.5,-0.22,0.08,-0.22,0.42,1.44,1.2100000000000002,2.8899999999999997,1.6900000000000002,0.36,2.8899999999999997,1.44,0.16000000000000003,0.81,0.16000000000000003,0.16000000000000003,0.25,1.44,0.04409999999999999,2.3716,0.0004,0.28090000000000004,0.17639999999999997,1.3224999999999998,0.1444,0.7569,0.0841,0.0529,0.0484,0.0025000000000000005,1.0404,0.0064,1.2768999999999997,0.11560000000000002,2.3409,0.0841,0.0256,0.0529,0.1024,0.0961,0.17639999999999997,0.1444,0.0025000000000000005,0.16000000000000003,0.0025000000000000005,0.04000000000000001,0.0324,0.0484,0.0,0.0025000000000000005,0.0001,0.0009,0.0064
132.0,0.82,9.185,116.77,-3.88,-62.19,22.3,-12.729,-14.189,10.223,-18.996,5.821,-17.153,86.587,-68.646,110.618,1.2,1.2,0.38,1.2,0.05,1.1,0.21,0.05,0.21,1.02,1.7,1.54,0.4,1.54,0.08,1.3,0.02,0.05,0.02,1.13,0.6,0.53,0.2,0.53,0.34,1.7,0.42,0.18,0.42,1.53,1.2,1.15,0.22,1.15,0.29,0.4,0.38,0.0,0.38,0.16,0.9,0.87,0.05,0.87,0.23,0.4,0.29,0.01,0.29,0.32,0.4,0.23,0.03,0.23,0.31,0.5,-0.22,0.08,-0.22,0.42,1.44,1.2100000000000002,2.8899999999999997,1.6900000000000002,0.36,2.8899999999999997,1.44,0.16000000000000003,0.81,0.16000000000000003,0.16000000000000003,0.25,1.44,0.04409999999999999,2.3716,0.0004,0.28090000000000004,0.17639999999999997,1.3224999999999998,0.1444,0.7569,0.0841,0.0529,0.0484,0.0025000000000000005,1.0404,0.0064,1.2768999999999997,0.11560000000000002,2.3409,0.0841,0.0256,0.0529,0.1024,0.0961,0.17639999999999997,0.1444,0.0025000000000000005,0.16000000000000003,0.0025000000000000005,0.04000000000000001,0.0324,0.0484,0.0,0.0025000000000000005,0.0001,0.0009,0.0064
133.0,0.77,9.218,117.55,-3.93,-62.81,22.0,-13.175,-14.963,10.584,-18.041,5.908,-16.745,86.477,-68.906,110.687,1.2,1.2,0.38,1.2,0.05,1.1,0.21,0.05,0.21,1.02,1.7,1.54,0.4,1.54,0.08,1.3,0.02,0.05,0.02,1.13,0.6,0.53,0.2,0.53,0.34,1.7,0.42,0.18,0.42,1.53,1.2,1.15,0.22,1.15,0.29,0.4,0.38,0.0,0.38,0.16,0.9,0.87,0.05,0.87,0.23,0.4,0.29,0.01,0.29,0.32,0.4,0.23,0.03,0.23,0.31,0.5,-0.22,0.08,-0.22,0.42,1.44,1.2100000000000002,2.8899999999999997,1.6900000000000002,0.36,2.8899999999999997,1.44,0.16000000000000003,0.81,0.16000000000000003,0.16000000000000003,0.25,1.44,0.04409999999999999,2.3716,0.0004,0.28090000000000004,0.17639999999999997,1.3224999999999998,0.1444,0.7569,0.0841,0.0529,0.0484,0.0025000000000000005,1.0404,0.0064,1.2768999999999997,0.11560000000000002,2.3409,0.0841,0.0256,0.0529,0.1024,0.0961,0.17639999999999997,0.1444,0.0025000000000000005,0.16000000000000003,0.0025000000000000005,0.04000000000000001,0.0324,0.0484,0.0,0.0025000000000000005,0.0001,0.0009,0.0064
134.0,0.73,9.25,118.34,-3.97,-63.43,21.2,-13.834,-15.785,10.317,-16.031,5.871,-16.09,86.478,-69.057,110.774,1.2,1.2,0.38,1.2,0.05,1.1,0.21,0.05,0.21,1.02,1.7,1.54,0.4,1.54,0.08,1.3,0.02,0.05,0.02,1.13,0.6,0.53,0.2,0.53,0.34,1.7,0.42,0.18,0.42,1.53,1.2,1.15,0.22,1.15,0.29,0.4,0.38,0.0,0.38,0.16,0.9,0.87,0.05,0.87,0.23,0.4,0.29,0.01,0.29,0.32,0.4,0.23,0.03,0.23,0.31,0.5,-0.22,0.08,-0.22,0.42,1.44,1.2100000000000002,2.8899999999999997,1.6900000000000002,0.36,2.8899999999999997,1.44,0.16000000000000003,0.81,0.16000000000000003,0.16000000000000003,0.25,1.44,0.04409999999999999,2.3716,0.0004,0.28090000000000004,0.17639999999999997,1.3224999999999998,0.1444,0.7569,0.0841,0.0529,0.0484,0.0025000000000000005,1.0404,0.0064,1.2768999999999997,0.11560000000000002,2.3409,0.0841,0.0256,0.0529,0.1024,0.0961,0.17639999999999997,0.1444,0.0025000000000000005,0.16000000000000003,0.0025000000000000005,0.04000000000000001,0.0324,0.0484,0.0,0.0025000000000000005,0.0001,0.0009,0.0064
135.0,0.68,9.283,119.12,-4.02,-64.06,20.4,-14.842,-16.718,10.57,-14.814,5.772,-15.406,86.542,-69.372,111.011,1.2,1.2,0.38,1.2,0.05,1.1,0.21,0.05,0.21,1.02,1.7,1.54,0.4,1.54,0.08,1.3,0.02,0.05,0.02,1.13,0.6,0.53,0.2,0.53,0.34,1.7,0.42,0.18,0.42,1.53,1.2,1.15,0.22,1.15,0.29,0.4,0.38,0.0,0.38,0.16,0.9,0.87,0.05,0.87,0.23,0.4,0.29,0.01,0.29,0.32,0.4,0.23,0.03,0.23,0.31,0.5,-0.22,0.08,-0.22,0.42,1.44,1.2100000000000002,2.8899999999999997,1.6900000000000002,0.36,2.8899999999999997,1.44,0.16000000000000003,0.81,0.16000000000000003,0.16000000000000003,0.25,1.44,0.04409999999999999,2.3716,0.0004,0.28090000000000004,0.17639999999999997,1.3224999999999998,0.1444,0.7569,0.0841,0.0529,0.0484,0.0025000000000000005,1.0404,0.0064,1.2768999999999997,0.11560000000000002,2.3409,0.0841,0.0256,0.0529,0.1024,0.0961,0.17639999999999997,0.1444,0.0025000000000000005,0.16000000000000003,0.0025000000000000005,0.04000000000000001,0.0324,0.0484,0.0,0.0025000000000000005,0.0001,0.0009,0.0064
136.0,0.64,9.315,119.9,-4.06,-64.69,19.4,-16.093,-17.737,11.08,-13.972,5.605,-14.71,86.658,-69.77,111.339,1.2,1.2,0.38,1.2,0.05,1.1,0.21,0.05,0.21,1.02,1.7,1.54,0.4,1.54,0.08,1.3,0.02,0.05,0.02,1.13,0.6,0.53,0.2,0.53,0.34,1.7,0.42,0.18,0.42,1.53,1.2,1.15,0.22,1.15,0.29,0.4,0.38,0.0,0.38,0.16,0.9,0.87,0.05,0.87,0.23,0.4,0.29,0.01,0.29,0.32,0.4,0.23,0.03,0.23,0.31,0.5,-0.22,0.08,-0.22,0.42,1.44,1.2100000000000002,2.8899999999999997,1.6900000000000002,0.36,2.8899999999999997,1.44,0.16000000000000003,0.81,0.16000000000000003,0.16000000000000003,0.25,1.44,0.04409999999999999,2.3716,0.0004,0.28090000000000004,0.17639999999999997,1.3224999999999998,0.1444,0.7569,0.0841,0.0529,0.0484,0.0025000000000000005,1.0404,0.0064,1.2768999999999997,0.11560000000000002,2.3409,0.0841,0.0256,0.0529,0.1024,0.0961,0.17639999999999997,0.1444,0.0025000000000000005,0.16000000000000003,0.0025000000000000005,0.04000000000000001,0.0324,0.0484,0.0,0.0025000000000000005,0.0001,0.0009,0.0064
137.0,0.59,9.348,120.67,-4.1,-65.32,18.2,-17.692,-18.981,10.738,-11.582,5.059,-14.074,86.902,-69.931,111.629,1.2,1.2,0.38,1.2,0.05,1.1,0.21,0.05,0.21,1.02,1.7,1.54,0.4,1.54,0.08,1.3,0.02,0.05,0.02,1.13,0.6,0.53,0.2,0.53,0.34,1.7,0.42,0.18,0.42,1.53,1.2,1.15,0.22,1.15,0.29,0.4,0.38,0.0,0.38,0.16,0.9,0.87,0.05,0.87,0.23,0.4,0.29,0.01,0.29,0.32,0.4,0.23,0.03,0.23,0.31,0.5,-0.22,0.08,-0.22,0.42,1.44,1.2100000000000002,2.8899999999999997,1.6900000000000002,0.36,2.8899999999999997,1.44,0.16000000000000003,0.81,0.16000000000000003,0.16000000000000003,0.25,1.44,0.04409999999999999,2.3716,0.0004,0.28090000000000004,0.17639999999999997,1.3224999999999998,0.1444,0.7569,0.0841,0.0529,0.0484,0.0025000000000000005,1.0404,0.0064,1.2768999999999997,0.11560000000000002,2.3409,0.0841,0.0256,0.0529,0.1024,0.0961,0.17639999999999997,0.1444,0.0025000000000000005,0.16000000000000003,0.0025000000000000005,0.04000000000000001,0.0324,0.0484,0.0,0.0025000000000000005,0.0001,0.0009,0.0064
138.0,0.54,9.38,121.46,-4.14,-65.94,16.8,-19.791,-20.477,11.428,-9.723,4.299,-13.574,87.421,-69.841,111.973,1.2,1.22,0.32,1.22,0.17,1.1,0.22,0.05,0.22,0.99,1.7,1.39,0.28,1.39,0.1,1.3,0.02,0.05,0.02,1.12,0.6,0.45,0.14,0.45,0.36,1.8,0.49,0.07,0.49,1.49,1.3,1.15,0.2,1.15,0.34,0.4,0.38,0.0,0.38,0.18,0.9,0.89,0.02,0.89,0.22,0.4,0.29,0.0,0.29,0.33,0.4,0.23,0.04,0.23,0.33,0.5,-0.22,0.07,-0.22,0.42,1.44,1.2100000000000002,2.8899999999999997,1.6900000000000002,0.36,3.24,1.6900000000000002,0.16000000000000003,0.81,0.16000000000000003,0.16000000000000003,0.25,1.4884,0.0484,1.9320999999999997,0.0004,0.2025,0.24009999999999998,1.3224999999999998,0.1444,0.7921,0.0841,0.0529,0.0484,0.028900000000000006,0.9801,0.010000000000000002,1.2544000000000002,0.1296,2.2201,0.11560000000000002,0.0324,0.0484,0.10890000000000001,0.10890000000000001,0.17639999999999997,0.1024,0.0025000000000000005,0.07840000000000001,0.0025000000000000005,0.019600000000000003,0.004900000000000001,0.04000000000000001,0.0,0.0004,0.0,0.0016,0.004900000000000001
139.0,0.51,9.412,122.24,-4.17,-66.56,15.3,-22.341,-22.2,13.051,-8.342,3.346,-13.197,88.187,-69.526,112.368,1.2,1.22,0.32,1.22,0.17,1.1,0.22,0.05,0.22,0.99,1.7,1.39,0.28,1.39,0.1,1.3,0.02,0.05,0.02,1.12,0.6,0.45,0.14,0.45,0.36,1.8,0.49,0.07,0.49,1.49,1.3,1.15,0.2,1.15,0.34,0.4,0.38,0.0,0.38,0.18,0.9,0.89,0.02,0.89,0.22,0.4,0.29,0.0,0.29,0.33,0.4,0.23,0.04,0.23,0.33,0.5,-0.22,0.07,-0.22,0.42,1.44,1.2100000000000002,2.8899999999999997,1.6900000000000002,0.36,3.24,1.6900000000000002,0.16000000000000003,0.81,0.16000000000000003,0.16000000000000003,0.25,1.4884,0.0484,1.9320999999999997,0.0004,0.2025,0.24009999999999998,1.3224999999999998,0.1444,0.7921,0.0841,0.0529,0.0484,0.028900000000000006,0.9801,0.010000000000000002,1.2544000000000002,0.1296,2.2201,0.11560000000000002,0.0324,0.0484,0.10890000000000001,0.10890000000000001,0.17639999999999997,0.1024,0.0025000000000000005,0.07840000000000001,0.0025000000000000005,0.019600000000000003,0.004900000000000001,0.04000000000000001,0.0,0.0004,0.0,0.0016,0.004900000000000001
140.0,0.48,9.444,123.03,-4.21,-67.18,13.5,-25.496,-24.138,15.601,-5.223,1.986,-12.882,89.11,-70.174,113.497,1.2,1.22,0.32,1.22,0.17,1.1,0.22,0.05,0.22,0.99,1.7,1.39,0.28,1.39,0.1,1.3,0.02,0.05,0.02,1.12,0.6,0.45,0.14,0.45,0.36,1.8,0.49,0.07,0.49,1.49,1.3,1.15,0.2,1.15,0.34,0.4,0.38,0.0,0.38,0.18,0.9,0.89,0.02,0.89,0.22,0.4,0.29,0.0,0.29,0.33,0.4,0.23,0.04,0.23,0.33,0.5,-0.22,0.07,-0.22,0.42,1.44,1.2100000000000002,2.8899999999999997,1.6900000000000002,0.36,3.24,1.6900000000000002,0.16000000000000003,0.81,0.16000000000000003,0.16000000000000003,0.25,1.4884,0.0484,1.9320999999999997,0.0004,0.2025,0.24009999999999998,1.3224999999999998,0.1444,0.7921,0.0841,0.0529,0.0484,0.028900000000000006,0.9801,0.010000000000000002,1.2544000000000002,0.1296,2.2201,0.11560000000000002,0.0324,0.0484,0.10890000000000001,0.10890000000000001,0.17639999999999997,0.1024,0.0025000000000000005,0.07840000000000001,0.0025000000000000005,0.019600000000000003,0.004900000000000001,0.04000000000000001,0.0,0.0004,0.0,0.0016,0.004900000000000001
141.0,0.45,9.476,123.81,-4.24,-67.8,11.4,-28.596,-25.944,16.482,-1.952,0.435,-12.432,89.86,-70.821,114.492,1.2,1.22,0.32,1.22,0.17,1.1,0.22,0.05,0.22,0.99,1.7,1.39,0.28,1.39,0.1,1.3,0.02,0.05,0.02,1.12,0.6,0.45,0.14,0.45,0.36,1.8,0.49,0.07,0.49,1.49,1.3,1.15,0.2,1.15,0.34,0.4,0.38,0.0,0.38,0.18,0.9,0.89,0.02,0.89,0.22,0.4,0.29,0.0,0.29,0.33,0.4,0.23,0.04,0.23,0.33,0.5,-0.22,0.07,-0.22,0.42,1.44,1.2100000000000002,2.8899999999999997,1.6900000000000002,0.36,3.24,1.6900000000000002,0.16000000000000003,0.81,0.16000000000000003,0.16000000000000003,0.25,1.4884,0.0484,1.9320999999999997,0.0004,0.2025,0.24009999999999998,1.3224999999999998,0.1444,0.7921,0.0841,0.0529,0.0484,0.028900000000000006,0.9801,0.010000000000000002,1.2544000000000002,0.1296,2.2201,0.11560000000000002,0.0324,0.0484,0.10890000000000001,0.10890000000000001,0.17639999999999997,0.1024,0.0025000000000000005,0.07840000000000001,0.0025000000000000005,0.019600000000000003,0.004900000000000001,0.04000000000000001,0.0,0.0004,0.0,0.0016,0.004900000000000001
142.0,0.41,9.507,124.6,-4.28,-68.42,9.0,-31.591,-27.547,14.85,1.479,-1.384,-11.779,90.345,-71.427,115.261,1.2,1.22,0.32,1.22,0.17,1.1,0.22,0.05,0.22,0.99,1.7,1.39,0.28,1.39,0.1,1.3,0.02,0.05,0.02,1.12,0.6,0.45,0.14,0.45,0.36,1.8,0.49,0.07,0.49,1.49,1.3,1.15,0.2,1.15,0.34,0.4,0.38,0.0,0.38,0.18,0.9,0.89,0.02,0.89,0.22,0.4,0.29,0.0,0.29,0.33,0.4,0.23,0.04,0.23,0.33,0.5,-0.22,0.07,-0.22,0.42,1.44,1.2100000000000002,2.8899999999999997,1.6900000000000002,0.36,3.24,1.6900000000000002,0.16000000000000003,0.81,0.16000000000000003,0.16000000000000003,0.25,1.4884,0.0484,1.9320999999999997,0.0004,0.2025,0.24009999999999998,1.3224999999999998,0.1444,0.7921,0.0841,0.0529,0.0484,0.028900000000000006,0.9801,0.010000000000000002,1.2544000000000002,0.1296,2.2201,0.11560000000000002,0.0324,0.0484,0.10890000000000001,0.10890000000000001,0.17639999999999997,0.1024,0.0025000000000000005,0.07840000000000001,0.0025000000000000005,0.019600000000000003,0.004900000000000001,0.04000000000000001,0.0,0.0004,0.0,0.0016,0.004900000000000001
143.0,0.38,9.538,125.38,-4.32,-69.04,6.4,-34.043,-28.353,11.584,3.51,-3.455,-10.919,90.648,-71.869,115.789,1.2,1.22,0.32,1.22,0.17,1.1,0.22,0.05,0.22,0.99,1.7,1.39,0.28,1.39,0.1,1.3,0.02,0.05,0.02,1.12,0.6,0.45,0.14,0.45,0.36,1.8,0.49,0.07,0.49,1.49,1.3,1.15,0.2,1.15,0.34,0.4,0.38,0.0,0.38,0.18,0.9,0.89,0.02,0.89,0.22,0.4,0.29,0.0,0.29,0.33,0.4,0.23,0.04,0.23,0.33,0.5,-0.22,0.07,-0.22,0.42,1.44,1.2100000000000002,2.8899999999999997,1.6900000000000002,0.36,3.24,1.6900000000000002,0.16000000000000003,0.81,0.16000000000000003,0.16000000000000003,0.25,1.4884,0.0484,1.9320999999999997,0.0004,0.2025,0.24009999999999998,1.3224999999999998,0.1444,0.7921,0.0841,0.0529,0.0484,0.028900000000000006,0.9801,0.010000000000000002,1.2544000000000002,0.1296,2.2201,0.11560000000000002,0.0324,0.0484,0.10890000000000001,0.10890000000000001,0.17639999999999997,0.1024,0.0025000000000000005,0.07840000000000001,0.0025000000000000005,0.019600000000000003,0.004900000000000001,0.04000000000000001,0.0,0.0004,0.0,0.0016,0.004900000000000001
144.0,0.35,9.569,126.17,-4.36,-69.66,3.7,-36.236,-28.758,8.111,4.641,-5.592,-10.018,90.808,-72.376,116.249,1.2,1.22,0.32,1.22,0.17,1.1,0.22,0.05,0.22,0.99,1.7,1.39,0.28,1.39,0.1,1.3,0.02,0.05,0.02,1.12,0.6,0.45,0.14,0.45,0.36,1.8,0.49,0.07,0.49,1.49,1.3,1.15,0.2,1.15,0.34,0.4,0.38,0.0,0.38,0.18,0.9,0.89,0.02,0.89,0.22,0.4,0.29,0.0,0.29,0.33,0.4,0.23,0.04,0.23,0.33,0.5,-0.22,0.07,-0.22,0.42,1.44,1.2100000000000002,2.8899999999999997,1.6900000000000002,0.36,3.24,1.6900000000000002,0.16000000000000003,0.81,0.16000000000000003,0.16000000000000003,0.25,1.4884,0.0484,1.9320999999999997,0.0004,0.2025,0.24009999999999998,1.3224999999999998,0.1444,0.7921,0.0841,0.0529,0.0484,0.028900000000000006,0.9801,0.010000000000000002,1.2544000000000002,0.1296,2.2201,0.11560000000000002,0.0324,0.0484,0.10890000000000001,0.10890000000000001,0.17639999999999997,0.1024,0.0025000000000000005,0.07840000000000001,0.0025000000000000005,0.019600000000000003,0.004900000000000001,0.04000000000000001,0.0,0.0004,0.0,0.0016,0.004900000000000001
145.0,0.32,9.6,126.95,-4.42,-70.29,1.2,-37.937,-28.347,5.357,3.582,-7.758,-9.152,90.585,-73.286,116.674,1.2,1.22,0.32,1.22,0.17,1.1,0.22,0.05,0.22,0.99,1.7,1.39,0.28,1.39,0.1,1.3,0.02,0.05,0.02,1.12,0.6,0.45,0.14,0.45,0.36,1.8,0.49,0.07,0.49,1.49,1.3,1.15,0.2,1.15,0.34,0.4,0.38,0.0,0.38,0.18,0.9,0.89,0.02,0.89,0.22,0.4,0.29,0.0,0.29,0.33,0.4,0.23,0.04,0.23,0.33,0.5,-0.22,0.07,-0.22,0.42,1.44,1.2100000000000002,2.8899999999999997,1.6900000000000002,0.36,3.24,1.6900000000000002,0.16000000000000003,0.81,0.16000000000000003,0.16000000000000003,0.25,1.4884,0.0484,1.9320999999999997,0.0004,0.2025,0.24009999999999998,1.3224999999999998,0.1444,0.7921,0.0841,0.0529,0.0484,0.028900000000000006,0.9801,0.010000000000000002,1.2544000000000002,0.1296,2.2201,0.11560000000000002,0.0324,0.0484,0.10890000000000001,0.10890000000000001,0.17639999999999997,0.1024,0.0025000000000000005,0.07840000000000001,0.0025000000000000005,0.019600000000000003,0.004900000000000001,0.04000000000000001,0.0,0.0004,0.0,0.0016,0.004900000000000001
146.0,0.27,9.631,127.72,-4.47,-70.93,1.5,-39.047,-27.768,0.787,2.864,-9.95,-8.3,89.809,-74.56,116.898,1.2,1.15,0.31,1.15,0.36,1.1,0.22,0.05,0.22,0.99,1.7,1.39,0.28,1.39,0.1,1.3,0.03,0.06,0.03,1.09,0.6,0.32,0.1,0.32,0.45,1.7,0.43,0.12,0.43,1.41,1.3,1.15,0.2,1.15,0.34,0.4,0.38,0.0,0.38,0.18,1.0,0.91,0.01,0.91,0.24,0.4,0.29,0.01,0.29,0.32,0.4,0.23,0.04,0.23,0.33,0.5,-0.22,0.07,-0.22,0.43,1.44,1.2100000000000002,2.8899999999999997,1.6900000000000002,0.36,2.8899999999999997,1.6900000000000002,0.16000000000000003,1.0,0.16000000000000003,0.16000000000000003,0.25,1.3224999999999998,0.0484,1.9320999999999997,0.0009,0.1024,0.18489999999999998,1.3224999999999998,0.1444,0.8281000000000001,0.0841,0.0529,0.0484,0.1296,0.9801,0.010000000000000002,1.1881000000000002,0.2025,1.9880999999999998,0.11560000000000002,0.0324,0.0576,0.1024,0.10890000000000001,0.18489999999999998,0.0961,0.0025000000000000005,0.07840000000000001,0.0036,0.010000000000000002,0.0144,0.04000000000000001,0.0,0.0001,0.0001,0.0016,0.004900000000000001
147.0,0.2,9.662,128.49,-4.53,-71.57,3.9,-39.741,-27.07,-5.061,2.385,-12.16,-7.458,88.644,-76.09,117.003,1.2,1.15,0.31,1.15,0.36,1.1,0.22,0.05,0.22,0.99,1.7,1.39,0.28,1.39,0.1,1.3,0.03,0.06,0.03,1.09,0.6,0.32,0.1,0.32,0.45,1.7,0.43,0.12,0.43,1.41,1.3,1.15,0.2,1.15,0.34,0.4,0.38,0.0,0.38,0.18,1.0,0.91,0.01,0.91,0.24,0.4,0.29,0.01,0.29,0.32,0.4,0.23,0.04,0.23,0.33,0.5,-0.22,0.07,-0.22,0.43,1.44,1.2100000000000002,2.8899999999999997,1.6900000000000002,0.36,2.8899999999999997,1.6900000000000002,0.16000000000000003,1.0,0.16000000000000003,0.16000000000000003,0.25,1.3224999999999998,0.0484,1.9320999999999997,0.0009,0.1024,0.18489999999999998,1.3224999999999998,0.1444,0.8281000000000001,0.0841,0.0529,0.0484,0.1296,0.9801,0.010000000000000002,1.1881000000000002,0.2025,1.9880999999999998,0.11560000000000002,0.0324,0.0576,0.1024,0.10890000000000001,0.18489999999999998,0.0961,0.0025000000000000005,0.07840000000000001,0.0036,0.010000000000000002,0.0144,0.04000000000000001,0.0,0.0001,0.0001,0.0016,0.004900000000000001
148.0,0.12,9.693,129.25,-4.58,-72.23,6.4,-38.933,-30.521,-8.67,3.237,-13.923,-6.117,87.65,-75.685,116.002,1.2,1.15,0.31,1.15,0.36,1.1,0.22,0.05,0.22,0.99,1.7,1.39,0.28,1.39,0.1,1.3,0.03,0.06,0.03,1.09,0.6,0.32,0.1,0.32,0.45,1.7,0.43,0.12,0.43,1.41,1.3,1.15,0.2,1.15,0.34,0.4,0.38,0.0,0.38,0.18,1.0,0.91,0.01,0.91,0.24,0.4,0.29,0.01,0.29,0.32,0.4,0.23,0.04,0.23,0.33,0.5,-0.22,0.07,-0.22,0.43,1.44,1.2100000000000002,2.8899999999999997,1.6900000000000002,0.36,2.8899999999999997,1.6900000000000002,0.16000000000000003,1.0,0.16000000000000003,0.16000000000000003,0.25,1.3224999999999998,0.0484,1.9320999999999997,0.0009,0.1024,0.18489999999999998,1.3224999999999998,0.1444,0.8281000000000001,0.0841,0.0529,0.0484,0.1296,0.9801,0.010000000000000002,1.1881000000000002,0.2025,1.9880999999999998,0.11560000000000002,0.0324,0.0576,0.1024,0.10890000000000001,0.18489999999999998,0.0961,0.0025000000000000005,0.07840000000000001,0.0036,0.010000000000000002,0.0144,0.04000000000000001,0.0,0.0001,0.0001,0.0016,0.004900000000000001
149.0,0.04,9.725,130.0,-4.64,-72.89,8.2,-37.822,-33.7,-11.33,3.393,-14.781,-4.871,86.819,-75.482,115.259,1.2,1.15,0.31,1.15,0.36,1.1,0.22,0.05,0.22,0.99,1.7,1.39,0.28,1.39,0.1,1.3,0.03,0.06,0.03,1.09,0.6,0.32,0.1,0.32,0.45,1.7,0.43,0.12,0.43,1.41,1.3,1.15,0.2,1.15,0.34,0.4,0.38,0.0,0.38,0.18,1.0,0.91,0.01,0.91,0.24,0.4,0.29,0.01,0.29,0.32,0.4,0.23,0.04,0.23,0.33,0.5,-0.22,0.07,-0.22,0.43,1.44,1.2100000000000002,2.8899999999999997,1.6900000000000002,0.36,2.8899999999999997,1.6900000000000002,0.16000000000000003,1.0,0.16000000000000003,0.16000000000000003,0.25,1.3224999999999998,0.0484,1.9320999999999997,0.0009,0.1024,0.18489999999999998,1.3224999999999998,0.1444,0.8281000000000001,0.0841,0.0529,0.0484,0.1296,0.9801,0.010000000000000002,1.1881000000000002,0.2025,1.9880999999999998,0.11560000000000002,0.0324,0.0576,0.1024,0.10890000000000001,0.18489999999999998,0.0961,0.0025000000000000005,0.07840000000000001,0.0036,0.010000000000000002,0.0144,0.04000000000000001,0.0,0.0001,0.0001,0.0016,0.004900000000000001
149.5,0.0,9.741,130.39,-4.67,-73.23,8.6,-37.047,-34.92,-11.892,2.815,-14.426,-4.347,86.541,-75.619,115.15,1.2,1.15,0.31,1.15,0.36,1.1,0.22,0.05,0.22,0.99,1.7,1.39,0.28,1.39,0.1,1.3,0.03,0.06,0.03,1.09,0.6,0.32,0.1,0.32,0.45,1.7,0.43,0.12,0.43,1.41,1.3,1.15,0.2,1.15,0.34,0.4,0.38,0.0,0.38,0.18,1.0,0.91,0.01,0.91,0.24,0.4,0.29,0.01,0.29,0.32,0.4,0.23,0.04,0.23,0.33,0.5,-0.22,0.07,-0.22,0.43,1.44,1.2100000000000002,2.8899999999999997,1.6900000000000002,0.36,2.8899999999999997,1.6900000000000002,0.16000000000000003,1.0,0.16000000000000003,0.16000000000000003,0.25,1.3224999999999998,0.0484,1.9320999999999997,0.0009,0.1024,0.18489999999999998,1.3224999999999998,0.1444,0.8281000000000001,0.0841,0.0529,0.0484,0.1296,0.9801,0.010000000000000002,1.1881000000000002,0.2025,1.9880999999999998,0.11560000000000002,0.0324,0.0576,0.1024,0.10890000000000001,0.18489999999999998,0.0961,0.0025000000000000005,0.07840000000000001,0.0036,0.010000000000000002,0.0144,0.04000000000000001,0.0,0.0001,0.0001,0.0016,0.004900000000000001
