Time,Position,Height above ground [m],X [m],Y [m],Z [m],Opening Angle [°],Stalling Angle Left [°],Stalling Angle Right [°],Roll Angle Left [°],Roll Angle Right [°],Yaw Angle Left [°],Yaw Angle Right [°],Speed hor. [km/h],Speed vert. [km/h],Speed resulting [km/h],W1_Speed,W1_Tangent,W1_Turbulence,W1_CleanTan,W1_Cross,W2_Speed,W2_Tangent,W2_Turbulence,W2_CleanTan,W2_Cross,W3_Speed,W3_Tangent,W3_Turbulence,W3_CleanTan,W3_Cross,W4_Speed,W4_Tangent,W4_Turbulence,W4_CleanTan,W4_Cross,W5_Speed,W5_Tangent,W5_Turbulence,W5_CleanTan,W5_Cross,W6_Speed,W6_Tangent,W6_Turbulence,W6_CleanTan,W6_Cross,W7_Speed,W7_Tangent,W7_Turbulence,W7_CleanTan,W7_Cross,W8_Speed,W8_Tangent,W8_Turbulence,W8_CleanTan,W8_Cross,W9_Speed,W9_Tangent,W9_Turbulence,W9_CleanTan,W9_Cross,W10_Speed,W10_Tangent,W10_Turbulence,W10_CleanTan,W10_Cross,W11_Speed,W11_Tangent,W11_Turbulence,W11_CleanTan,W11_Cross,W12_Speed,W12_Tangent,W12_Turbulence,W12_CleanTan,W12_Cross,W1_Speed_quad,W2_Speed_quad,W3_Speed_quad,W4_Speed_quad,W5_Speed_quad,W6_Speed_quad,W7_Speed_quad,W8_Speed_quad,W9_Speed_quad,W10_Speed_quad,W11_Speed_quad,W12_Speed_quad,W1_Tangent_quad,W2_Tangent_quad,W3_Tangent_quad,W4_Tangent_quad,W5_Tangent_quad,W6_Tangent_quad,W7_Tangent_quad,W8_Tangent_quad,W9_Tangent_quad,W10_Tangent_quad,W11_Tangent_quad,W12_Tangent_quad,W1_Cross_quad,W2_Cross_quad,W3_Cross_quad,W4_Cross_quad,W5_Cross_quad,W6_Cross_quad,W7_Cross_quad,W8_Cross_quad,W9_Cross_quad,W10_Cross_quad,W11_Cross_quad,W12_Cross_quad,W1_Turbulence_quad,W2_Turbulence_quad,W3_Turbulence_quad,W4_Turbulence_quad,W5_Turbulence_quad,W6_Turbulence_quad,W7_Turbulence_quad,W8_Turbulence_quad,W9_Turbulence_quad,W10_Turbulence_quad,W11_Turbulence_quad,W12_Turbulence_quad
4.419,1.0,2.89,1.29,0.01,-0.2,2.1,-12.102,-11.188,-3.721,-4.945,0.259,-1.938,95.286,-15.238,96.5,1.0,0.12,0.01,0.12,0.97,0.5,-0.22,0.04,-0.22,0.44,0.6,0.38,0.06,0.38,0.3,0.8,0.45,0.2,0.45,0.54,1.1,0.04,0.13,0.04,1.08,1.1,-0.82,0.06,-0.82,0.52,1.3,-0.73,0.03,-0.73,0.9,1.4,-1.15,0.45,-1.15,0.76,0.8,-0.77,0.06,-0.77,0.27,1.0,-1.05,0.1,-1.05,0.06,0.6,-0.35,0.04,-0.35,0.49,0.4,-0.3,0.08,-0.3,0.12,1.0,0.25,0.36,0.6400000000000001,1.2100000000000002,1.2100000000000002,1.6900000000000002,1.96,0.6400000000000001,1.0,0.36,0.16,0.0144,0.0484,0.1444,0.2025,0.0016,0.6723999999999999,0.5328999999999999,1.3224999999999998,0.5929,1.1025,0.1224999999999999,0.09,0.9409,0.1936,0.09,0.2916,1.1664,0.2704,0.81,0.5776,0.0729,0.0036,0.2400999999999999,0.0144,0.0001,0.0016,0.0036,0.04,0.0169,0.0036,0.0009,0.2025,0.0036,0.01,0.0016,0.0064
4.468999999999999,1.7462686567164134,2.8526865671641795,2.0959701492537266,0.017462686567164133,-0.34179104477611855,2.622388059701489,-12.463194029850744,-10.91934328358209,-5.947865671641777,-5.3427611940298485,0.414223880597014,-3.817850746268645,96.15838805970148,-13.776805970149262,97.14626865671642,1.0,0.12,0.01,0.12,0.97,0.5,-0.22,0.04,-0.22,0.44,0.6,0.38,0.06,0.38,0.3,0.8,0.45,0.2,0.45,0.54,1.1,0.04,0.13,0.04,1.08,1.1,-0.82,0.06,-0.82,0.52,1.3,-0.73,0.03,-0.73,0.9,1.4,-1.15,0.45,-1.15,0.76,0.8,-0.77,0.06,-0.77,0.27,1.0,-1.05,0.1,-1.05,0.06,0.6,-0.35,0.04,-0.35,0.49,0.4,-0.3,0.08,-0.3,0.12,1.0,0.25,0.36,0.6400000000000001,1.2100000000000002,1.2100000000000002,1.6900000000000002,1.96,0.6400000000000001,1.0,0.36,0.16,0.0144,0.0484,0.1444,0.2025,0.0016,0.6723999999999999,0.5328999999999999,1.3224999999999998,0.5929,1.1025,0.1224999999999999,0.09,0.9409,0.1936,0.09,0.2916,1.1664,0.2704,0.81,0.5776,0.0729,0.0036,0.2400999999999999,0.0144,0.0001,0.0016,0.0036,0.04,0.0169,0.0036,0.0009,0.2025,0.0036,0.01,0.0016,0.0064
4.518999999999999,2.868421052631559,2.8226315789473686,3.2644736842105058,0.03736842105263118,-0.5463157894736806,2.973684210526312,-11.543026315789497,-10.498000000000008,-7.942499999999972,-4.752868421052648,0.5998684210526286,-6.831263157894683,97.39289473684208,-12.910921052631588,98.24657894736839,1.0,0.12,0.01,0.12,0.97,0.5,-0.22,0.04,-0.22,0.44,0.6,0.38,0.06,0.38,0.3,0.8,0.45,0.2,0.45,0.54,1.1,0.04,0.13,0.04,1.08,1.1,-0.82,0.06,-0.82,0.52,1.3,-0.73,0.03,-0.73,0.9,1.4,-1.15,0.45,-1.15,0.76,0.8,-0.77,0.06,-0.77,0.27,1.0,-1.05,0.1,-1.05,0.06,0.6,-0.35,0.04,-0.35,0.49,0.4,-0.3,0.08,-0.3,0.12,1.0,0.25,0.36,0.6400000000000001,1.2100000000000002,1.2100000000000002,1.6900000000000002,1.96,0.6400000000000001,1.0,0.36,0.16,0.0144,0.0484,0.1444,0.2025,0.0016,0.6723999999999999,0.5328999999999999,1.3224999999999998,0.5929,1.1025,0.1224999999999999,0.09,0.9409,0.1936,0.09,0.2916,1.1664,0.2704,0.81,0.5776,0.0729,0.0036,0.2400999999999999,0.0144,0.0001,0.0016,0.0036,0.04,0.0169,0.0036,0.0009,0.2025,0.0036,0.01,0.0016,0.0064
4.568999999999999,4.157894736842087,2.8447368421052626,4.5926315789473495,0.06315789473684173,-0.753684210526313,3.1157894736842087,-7.374526315789538,-9.999894736842112,-7.655263157894744,-3.6589473684210683,0.7357894736842087,-10.414263157894686,97.15073684210527,-13.542789473684198,98.09921052631579,1.0,0.12,0.01,0.12,0.97,0.5,-0.22,0.04,-0.22,0.44,0.6,0.38,0.06,0.38,0.3,0.8,0.45,0.2,0.45,0.54,1.1,0.04,0.13,0.04,1.08,1.1,-0.82,0.06,-0.82,0.52,1.3,-0.73,0.03,-0.73,0.9,1.4,-1.15,0.45,-1.15,0.76,0.8,-0.77,0.06,-0.77,0.27,1.0,-1.05,0.1,-1.05,0.06,0.6,-0.35,0.04,-0.35,0.49,0.4,-0.3,0.08,-0.3,0.12,1.0,0.25,0.36,0.6400000000000001,1.2100000000000002,1.2100000000000002,1.6900000000000002,1.96,0.6400000000000001,1.0,0.36,0.16,0.0144,0.0484,0.1444,0.2025,0.0016,0.6723999999999999,0.5328999999999999,1.3224999999999998,0.5929,1.1025,0.1224999999999999,0.09,0.9409,0.1936,0.09,0.2916,1.1664,0.2704,0.81,0.5776,0.0729,0.0036,0.2400999999999999,0.0144,0.0001,0.0016,0.0036,0.04,0.0169,0.0036,0.0009,0.2025,0.0036,0.01,0.0016,0.0064
4.618999999999999,5.461538461538437,2.8976923076923065,5.93538461538459,0.07538461538461563,-0.9492307692307655,7.538461538461307,-3.1478461538462237,-9.49400000000001,-5.367384615384719,-2.548923076923098,0.9409230769230705,-14.0502307692307,96.55123076923078,-15.248076923076859,97.77284615384616,1.0,0.12,0.01,0.12,0.9653846153846156,0.5,-0.22923076923076874,0.053846153846153114,-0.22923076923076874,0.44923076923076877,0.5538461538461563,0.38,0.0738461538461531,0.38,0.27230769230769375,0.8461538461538437,0.4684615384615375,0.14923076923077194,0.4684615384615375,0.5815384615384593,1.0538461538461563,0.003076923076925038,0.09307692307692504,0.003076923076925038,1.0476923076923095,1.0538461538461563,-0.74615384615385,0.10153846153845933,-0.74615384615385,0.5523076923076906,1.3461538461538436,-0.7899999999999968,0.03923076923076874,-0.7899999999999968,0.8815384615384625,1.4923076923076875,-1.2330769230769187,0.4961538461538437,-1.2330769230769187,0.7784615384615375,0.8,-0.7792307692307687,0.06,-0.7792307692307687,0.2561538461538469,1.0461538461538438,-1.0776923076923064,0.0538461538461563,-1.0776923076923064,0.05076923076923126,0.6,-0.35923076923076874,0.02153846153846252,-0.35923076923076874,0.46692307692307816,0.4,-0.3230769230769218,0.08923076923076874,-0.3230769230769218,0.13846153846153747,1.0,0.25,0.3092307692307719,0.7184615384615344,1.1130769230769284,1.1130769230769284,1.814615384615378,2.2369230769230626,0.6400000000000001,1.0969230769230718,0.36,0.16,0.0144,0.05264615384615362,0.1444,0.21985384615384518,0.0016,0.5631076923076981,0.6282999999999949,1.5285307692307581,0.6072999999999993,1.1623153846153815,0.12914615384615344,0.10499999999999915,0.9319923076923081,0.20190769230769187,0.07504615384615464,0.3401999999999974,1.0988769230769266,0.3062615384615365,0.777507692307694,0.6063999999999985,0.06583846153846191,0.0026769230769231257,0.21863846153846261,0.019569230769230495,0.0001,0.003123076923076842,0.005676923076922967,0.025276923076923863,0.010253846153846505,0.012323076923076461,0.0016384615384614993,0.2486538461538437,0.0036,0.00538461538461563,0.0008615384615385008,0.008061538461538374
4.668999999999999,6.763157894736811,2.9681578947368408,7.276052631578915,0.07,-1.1597368421052578,17.789473684210314,0.21228947368413698,-8.211000000000043,-1.0908421052632389,-3.1732105263157457,1.216315789473679,-17.566105263157812,96.26323684210527,-17.831552631578898,97.91023684210525,1.0,0.12,0.01,0.12,0.96,0.5,-0.24,0.07,-0.24,0.46,0.5,0.38,0.09,0.38,0.24,0.9,0.49,0.09,0.49,0.63,1.0,-0.04,0.05,-0.04,1.01,1.0,-0.66,0.15,-0.66,0.59,1.4,-0.86,0.05,-0.86,0.86,1.6,-1.33,0.55,-1.33,0.8,0.8,-0.79,0.06,-0.79,0.24,1.1,-1.11,0.0,-1.11,0.04,0.6,-0.37,0.0,-0.37,0.44,0.4,-0.35,0.1,-0.35,0.16,1.0,0.25,0.25,0.81,1.0,1.0,1.96,2.5600000000000005,0.6400000000000001,1.2100000000000002,0.36,0.16,0.0144,0.0576,0.1444,0.2400999999999999,0.0016,0.4356,0.7395999999999999,1.7689,0.6241000000000001,1.2321000000000002,0.1369,0.1224999999999999,0.9216,0.2116,0.0576,0.3969,1.0201,0.3480999999999999,0.7395999999999999,0.6400000000000001,0.0576,0.0016,0.1936,0.0256,0.0001,0.0049,0.0081,0.0081,0.0025,0.0225,0.0025,0.3025,0.0036,0.0,0.0,0.01
4.7189999999999985,8.07894736842101,3.0231578947368405,8.619736842105219,0.08157894736842021,-1.415789473684202,22.08157894736832,2.5414736842105112,-5.680236842105316,0.41134210526307813,-6.73571052631572,1.3772368421052534,-20.725657894736756,96.94778947368422,-18.577789473684174,98.71776315789474,1.0,0.12,0.01,0.12,0.96,0.5,-0.24,0.07,-0.24,0.46,0.5,0.38,0.09,0.38,0.24,0.9,0.49,0.09,0.49,0.63,1.0,-0.04,0.05,-0.04,1.01,1.0,-0.66,0.15,-0.66,0.59,1.4,-0.86,0.05,-0.86,0.86,1.6,-1.33,0.55,-1.33,0.8,0.8,-0.79,0.06,-0.79,0.24,1.1,-1.11,0.0,-1.11,0.04,0.6,-0.37,0.0,-0.37,0.44,0.4,-0.35,0.1,-0.35,0.16,1.0,0.25,0.25,0.81,1.0,1.0,1.96,2.5600000000000005,0.6400000000000001,1.2100000000000002,0.36,0.16,0.0144,0.0576,0.1444,0.2400999999999999,0.0016,0.4356,0.7395999999999999,1.7689,0.6241000000000001,1.2321000000000002,0.1369,0.1224999999999999,0.9216,0.2116,0.0576,0.3969,1.0201,0.3480999999999999,0.7395999999999999,0.6400000000000001,0.0576,0.0016,0.1936,0.0256,0.0001,0.0049,0.0081,0.0081,0.0025,0.0225,0.0025,0.3025,0.0036,0.0,0.0,0.01
4.768999999999998,9.394736842105228,3.0797368421052616,9.952631578947333,0.10394736842105229,-1.6868421052631504,25.02894736842098,2.7420000000000107,-3.90668421052637,4.095947368420882,-9.531499999999888,1.6626315789473622,-23.35197368421046,96.84331578947368,-20.130947368420987,98.92631578947366,1.0,0.12,0.01,0.12,0.96,0.5,-0.24,0.07,-0.24,0.46,0.5,0.38,0.09,0.38,0.24,0.9,0.49,0.09,0.49,0.63,1.0,-0.04,0.05,-0.04,1.01,1.0,-0.66,0.15,-0.66,0.59,1.4,-0.86,0.05,-0.86,0.86,1.6,-1.33,0.55,-1.33,0.8,0.8,-0.79,0.06,-0.79,0.24,1.1,-1.11,0.0,-1.11,0.04,0.6,-0.37,0.0,-0.37,0.44,0.4,-0.35,0.1,-0.35,0.16,1.0,0.25,0.25,0.81,1.0,1.0,1.96,2.5600000000000005,0.6400000000000001,1.2100000000000002,0.36,0.16,0.0144,0.0576,0.1444,0.2400999999999999,0.0016,0.4356,0.7395999999999999,1.7689,0.6241000000000001,1.2321000000000002,0.1369,0.1224999999999999,0.9216,0.2116,0.0576,0.3969,1.0201,0.3480999999999999,0.7395999999999999,0.6400000000000001,0.0576,0.0016,0.1936,0.0256,0.0001,0.0049,0.0081,0.0081,0.0025,0.0225,0.0025,0.3025,0.0036,0.0,0.0,0.01
4.818999999999998,10.729729729729687,3.1391891891891874,11.307027027026983,0.12459459459459374,-1.9878378378378279,27.32162162162156,1.9464864864865223,-2.1702702702703163,10.503486486486285,-13.59743243243231,1.927972972972964,-25.406216216216162,97.14351351351351,-22.296567567567507,99.68054054054052,1.0,0.12,0.01,0.12,0.96,0.5,-0.24,0.07,-0.24,0.46,0.5,0.38,0.09,0.38,0.24,0.9,0.49,0.09,0.49,0.63,1.0,-0.04,0.05,-0.04,1.01,1.0,-0.66,0.15,-0.66,0.59,1.4,-0.86,0.05,-0.86,0.86,1.6,-1.33,0.55,-1.33,0.8,0.8,-0.79,0.06,-0.79,0.24,1.1,-1.11,0.0,-1.11,0.04,0.6,-0.37,0.0,-0.37,0.44,0.4,-0.35,0.1,-0.35,0.16,1.0,0.25,0.25,0.81,1.0,1.0,1.96,2.5600000000000005,0.6400000000000001,1.2100000000000002,0.36,0.16,0.0144,0.0576,0.1444,0.2400999999999999,0.0016,0.4356,0.7395999999999999,1.7689,0.6241000000000001,1.2321000000000002,0.1369,0.1224999999999999,0.9216,0.2116,0.0576,0.3969,1.0201,0.3480999999999999,0.7395999999999999,0.6400000000000001,0.0576,0.0016,0.1936,0.0256,0.0001,0.0049,0.0081,0.0081,0.0025,0.0225,0.0025,0.3025,0.0036,0.0,0.0,0.01
4.868999999999998,12.078947368421009,3.2047368421052607,12.668947368421009,0.1407894736842101,-2.3081578947368318,28.778947368421008,0.44684210526321017,-1.1570263157895033,16.289789473684024,-17.022657894736735,2.238552631578937,-26.545894736842072,97.35105263157894,-23.739605263157852,100.2133684210526,1.0,0.11921052631578992,0.01,0.11921052631578992,0.96,0.5,-0.24157894736842017,0.07157894736842017,-0.24157894736842017,0.4615789473684202,0.5078947368421008,0.38078947368421007,0.08763157894736974,0.38078947368421007,0.24236842105263023,0.9,0.49,0.09,0.49,0.63,1.0,-0.045526315789470584,0.04684210526315967,-0.045526315789470584,1.0036842105263193,1.0,-0.6615789473684202,0.14605263157894957,-0.6615789473684202,0.5963157894736807,1.4,-0.868684210526311,0.05236842105263025,-0.868684210526311,0.8536842105263194,1.6,-1.33078947368421,0.5484210526315799,-1.33078947368421,0.8,0.8,-0.79,0.059210526315789914,-0.79,0.23605263157894957,1.1,-1.11,0.0,-1.11,0.04,0.6,-0.36921052631578993,0.0,-0.36921052631578993,0.44,0.4,-0.3484210526315798,0.1,-0.3484210526315798,0.16315789473684034,1.0,0.25,0.2586842105263109,0.81,1.0,1.0,1.96,2.5600000000000005,0.6400000000000001,1.2100000000000002,0.36,0.16,0.01421842105263168,0.05838947368421008,0.14500789473684175,0.2400999999999999,0.0024289473684205878,0.437715789473683,0.7554921052631489,1.7710078947368408,0.6241000000000001,1.2321000000000002,0.13632368421052662,0.1214263157894742,0.9216,0.21308421052631496,0.05880789473684143,0.3969,1.0078473684210596,0.3560578947368376,0.7292421052631637,0.6400000000000001,0.05590263157894832,0.0016,0.1936,0.02673684210526252,0.0001,0.0051526315789472265,0.007744736842105462,0.0081,0.00231052631578958,0.021513157894737393,0.0028078947368419325,0.3007947368421062,0.0035131578947368907,0.0,0.0,0.01
4.918999999999998,13.416666666666602,3.28083333333333,14.006666666666602,0.15833333333333205,-2.6283333333333165,30.158333333333264,-1.0199999999999418,-0.42025000000001816,21.86733333333307,-19.703249999999937,2.721249999999959,-27.431333333333303,97.51583333333333,-25.020833333333275,100.68474999999998,1.0,0.11,0.01,0.11,0.96,0.5,-0.26,0.09,-0.26,0.48,0.6,0.39,0.06,0.39,0.27,0.9,0.49,0.09,0.49,0.63,1.0,-0.11,0.01,-0.11,0.93,1.0,-0.68,0.1,-0.68,0.67,1.4,-0.97,0.08,-0.97,0.78,1.6,-1.34,0.53,-1.34,0.8,0.8,-0.79,0.05,-0.79,0.19,1.1,-1.11,0.0,-1.11,0.04,0.6,-0.36,0.0,-0.36,0.44,0.4,-0.33,0.1,-0.33,0.2,1.0,0.25,0.36,0.81,1.0,1.0,1.96,2.5600000000000005,0.6400000000000001,1.2100000000000002,0.36,0.16,0.0121,0.0676,0.1521,0.2400999999999999,0.0121,0.4624000000000001,0.9409,1.7956000000000003,0.6241000000000001,1.2321000000000002,0.1296,0.1089,0.9216,0.2304,0.0729,0.3969,0.8649000000000001,0.4489000000000001,0.6084,0.6400000000000001,0.0361,0.0016,0.1936,0.04,0.0001,0.0081,0.0036,0.0081,0.0001,0.01,0.0064,0.2809,0.0025,0.0,0.0,0.01
4.968999999999998,14.783783783783711,3.3413513513513484,15.373783783783711,0.1778378378378371,-2.9916216216216016,31.583783783783712,-2.040297297297252,-0.15289189189190128,26.225405405405223,-20.920810810810753,3.6708648648648117,-27.885351351351336,97.61459459459459,-26.323729729729656,101.1103243243243,1.0,0.11,0.01,0.11,0.96,0.5,-0.26,0.09,-0.26,0.48,0.6,0.39,0.06,0.39,0.27,0.9,0.49,0.09,0.49,0.63,1.0,-0.11,0.01,-0.11,0.93,1.0,-0.68,0.1,-0.68,0.67,1.4,-0.97,0.08,-0.97,0.78,1.6,-1.34,0.53,-1.34,0.8,0.8,-0.79,0.05,-0.79,0.19,1.1,-1.11,0.0,-1.11,0.04,0.6,-0.36,0.0,-0.36,0.44,0.4,-0.33,0.1,-0.33,0.2,1.0,0.25,0.36,0.81,1.0,1.0,1.96,2.5600000000000005,0.6400000000000001,1.2100000000000002,0.36,0.16,0.0121,0.0676,0.1521,0.2400999999999999,0.0121,0.4624000000000001,0.9409,1.7956000000000003,0.6241000000000001,1.2321000000000002,0.1296,0.1089,0.9216,0.2304,0.0729,0.3969,0.8649000000000001,0.4489000000000001,0.6084,0.6400000000000001,0.0361,0.0016,0.1936,0.04,0.0001,0.0081,0.0036,0.0081,0.0001,0.01,0.0064,0.2809,0.0025,0.0,0.0,0.01
5.0189999999999975,16.138888888888815,3.4069444444444406,16.717499999999923,0.19138888888888814,-3.368888888888868,32.71111111111105,-2.6247222222221924,-0.08500000000000271,27.918833333333257,-21.992444444444384,4.710361111111053,-27.96944444444444,97.68025,-27.769138888888808,101.55649999999997,1.0,0.11,0.01,0.11,0.96,0.5,-0.26,0.09,-0.26,0.48,0.6,0.39,0.06,0.39,0.27,0.9,0.49,0.09,0.49,0.63,1.0,-0.11,0.01,-0.11,0.93,1.0,-0.68,0.1,-0.68,0.67,1.4,-0.97,0.08,-0.97,0.78,1.6,-1.34,0.53,-1.34,0.8,0.8,-0.79,0.05,-0.79,0.19,1.1,-1.11,0.0,-1.11,0.04,0.6,-0.36,0.0,-0.36,0.44,0.4,-0.33,0.1,-0.33,0.2,1.0,0.25,0.36,0.81,1.0,1.0,1.96,2.5600000000000005,0.6400000000000001,1.2100000000000002,0.36,0.16,0.0121,0.0676,0.1521,0.2400999999999999,0.0121,0.4624000000000001,0.9409,1.7956000000000003,0.6241000000000001,1.2321000000000002,0.1296,0.1089,0.9216,0.2304,0.0729,0.3969,0.8649000000000001,0.4489000000000001,0.6084,0.6400000000000001,0.0361,0.0016,0.1936,0.04,0.0001,0.0081,0.0036,0.0081,0.0001,0.01,0.0064,0.2809,0.0025,0.0,0.0,0.01
5.068999999999997,17.513513513513445,3.4756756756756726,18.07837837837831,0.20513513513513446,-3.758918918918899,33.65675675675672,-3.0014864864864816,-0.01702702702703189,28.83924324324324,-23.421243243243143,5.67845945945942,-27.96413513513514,97.77702702702702,-29.213513513513444,102.05229729729727,1.0,0.11,0.01,0.11,0.96,0.5,-0.26,0.09,-0.26,0.48,0.6,0.39,0.06,0.39,0.27,0.9,0.49,0.09,0.49,0.63,1.0,-0.11,0.01,-0.11,0.93,1.0,-0.68,0.1,-0.68,0.67,1.4,-0.97,0.08,-0.97,0.78,1.6,-1.34,0.53,-1.34,0.8,0.8,-0.79,0.05,-0.79,0.19,1.1,-1.11,0.0,-1.11,0.04,0.6,-0.36,0.0,-0.36,0.44,0.4,-0.33,0.1,-0.33,0.2,1.0,0.25,0.36,0.81,1.0,1.0,1.96,2.5600000000000005,0.6400000000000001,1.2100000000000002,0.36,0.16,0.0121,0.0676,0.1521,0.2400999999999999,0.0121,0.4624000000000001,0.9409,1.7956000000000003,0.6241000000000001,1.2321000000000002,0.1296,0.1089,0.9216,0.2304,0.0729,0.3969,0.8649000000000001,0.4489000000000001,0.6084,0.6400000000000001,0.0361,0.0016,0.1936,0.04,0.0001,0.0081,0.0036,0.0081,0.0001,0.01,0.0064,0.2809,0.0025,0.0,0.0,0.01
5.118999999999997,18.888888888888804,3.54444444444444,19.431111111111026,0.21888888888888805,-4.166666666666641,34.25555555555552,-2.9276666666666773,0.07044444444443942,29.50177777777772,-24.464444444444414,6.385444444444404,-27.898333333333333,97.90488888888888,-30.563111111111027,102.56566666666663,1.0,0.11,0.01,0.11,0.96,0.5,-0.26,0.09,-0.26,0.48,0.6,0.39,0.06,0.39,0.27,0.9,0.49,0.09,0.49,0.63,1.0,-0.11,0.01,-0.11,0.93,1.0,-0.68,0.1,-0.68,0.67,1.4,-0.97,0.08,-0.97,0.78,1.6,-1.34,0.53,-1.34,0.8,0.8,-0.79,0.05,-0.79,0.19,1.1,-1.11,0.0,-1.11,0.04,0.6,-0.36,0.0,-0.36,0.44,0.4,-0.33,0.1,-0.33,0.2,1.0,0.25,0.36,0.81,1.0,1.0,1.96,2.5600000000000005,0.6400000000000001,1.2100000000000002,0.36,0.16,0.0121,0.0676,0.1521,0.2400999999999999,0.0121,0.4624000000000001,0.9409,1.7956000000000003,0.6241000000000001,1.2321000000000002,0.1296,0.1089,0.9216,0.2304,0.0729,0.3969,0.8649000000000001,0.4489000000000001,0.6084,0.6400000000000001,0.0361,0.0016,0.1936,0.04,0.0001,0.0081,0.0036,0.0081,0.0001,0.01,0.0064,0.2809,0.0025,0.0,0.0,0.01
5.168999999999997,20.285714285714203,3.611428571428568,20.797142857142777,0.22285714285714203,-4.601428571428545,34.78571428571426,-2.4618571428571903,0.15699999999998482,31.572285714285677,-23.133857142857135,6.854428571428558,-27.962285714285706,97.94157142857142,-31.861428571428505,102.99485714285711,1.0,0.11,0.0,0.11,0.96,0.5,-0.28,0.07,-0.28,0.46,0.6,0.4,0.03,0.4,0.3,1.0,0.38,0.04,0.38,0.73,0.9,-0.2,0.05,-0.2,0.84,1.1,-0.75,0.06,-0.75,0.71,1.4,-1.04,0.07,-1.04,0.73,1.5,-1.35,0.46,-1.35,0.7,0.8,-0.83,0.06,-0.83,0.12,1.1,-1.14,0.05,-1.14,0.03,0.6,-0.33,0.0,-0.33,0.46,0.4,-0.32,0.07,-0.32,0.2,1.0,0.25,0.36,1.0,0.81,1.2100000000000002,1.96,2.25,0.6400000000000001,1.2100000000000002,0.36,0.16,0.0121,0.0784,0.16,0.1444,0.04,0.5625,1.0816,1.8225,0.6889,1.2996,0.1089,0.1024,0.9216,0.2116,0.09,0.5328999999999999,0.7055999999999999,0.5041,0.5328999999999999,0.4899999999999999,0.0144,0.0009,0.2116,0.04,0.0,0.0049,0.0009,0.0016,0.0025,0.0036,0.0049,0.2116,0.0036,0.0025,0.0,0.0049
5.218999999999997,21.694444444444347,3.667777777777774,22.163611111111017,0.23,-5.052222222222191,35.2083333333333,-1.5553888888889593,0.4231111111110919,32.3807777777777,-22.964611111111143,7.055499999999988,-28.142999999999986,98.00230555555555,-33.04791666666658,103.42519444444441,1.0,0.11,0.0,0.11,0.96,0.5,-0.28,0.07,-0.28,0.46,0.6,0.4,0.03,0.4,0.3,1.0,0.38,0.04,0.38,0.73,0.9,-0.2,0.05,-0.2,0.84,1.1,-0.75,0.06,-0.75,0.71,1.4,-1.04,0.07,-1.04,0.73,1.5,-1.35,0.46,-1.35,0.7,0.8,-0.83,0.06,-0.83,0.12,1.1,-1.14,0.05,-1.14,0.03,0.6,-0.33,0.0,-0.33,0.46,0.4,-0.32,0.07,-0.32,0.2,1.0,0.25,0.36,1.0,0.81,1.2100000000000002,1.96,2.25,0.6400000000000001,1.2100000000000002,0.36,0.16,0.0121,0.0784,0.16,0.1444,0.04,0.5625,1.0816,1.8225,0.6889,1.2996,0.1089,0.1024,0.9216,0.2116,0.09,0.5328999999999999,0.7055999999999999,0.5041,0.5328999999999999,0.4899999999999999,0.0144,0.0009,0.2116,0.04,0.0,0.0049,0.0009,0.0016,0.0025,0.0036,0.0049,0.2116,0.0036,0.0025,0.0,0.0049
5.268999999999997,23.085714285714186,3.7234285714285678,23.512285714285618,0.22914285714285815,-5.519142857142824,35.50857142857142,-0.4558000000000808,0.7182571428571184,32.94620000000012,-22.151428571428657,7.180542857142855,-28.342371428571422,98.02074285714286,-34.23565714285707,103.82777142857141,1.0,0.11,0.0,0.11,0.96,0.5,-0.28,0.07,-0.28,0.46,0.6,0.4,0.03,0.4,0.3,1.0,0.38,0.04,0.38,0.73,0.9,-0.2,0.05,-0.2,0.84,1.1,-0.75,0.06,-0.75,0.71,1.4,-1.04,0.07,-1.04,0.73,1.5,-1.35,0.46,-1.35,0.7,0.8,-0.83,0.06,-0.83,0.12,1.1,-1.14,0.05,-1.14,0.03,0.6,-0.33,0.0,-0.33,0.46,0.4,-0.32,0.07,-0.32,0.2,1.0,0.25,0.36,1.0,0.81,1.2100000000000002,1.96,2.25,0.6400000000000001,1.2100000000000002,0.36,0.16,0.0121,0.0784,0.16,0.1444,0.04,0.5625,1.0816,1.8225,0.6889,1.2996,0.1089,0.1024,0.9216,0.2116,0.09,0.5328999999999999,0.7055999999999999,0.5041,0.5328999999999999,0.4899999999999999,0.0144,0.0009,0.2116,0.04,0.0,0.0049,0.0009,0.0016,0.0025,0.0036,0.0049,0.2116,0.0036,0.0025,0.0,0.0049
5.318999999999996,24.514285714285606,3.780571428571424,24.88371428571418,0.22514285714285606,-6.004857142857106,35.6,0.7219142857141945,1.218085714285656,31.792714285714293,-21.927885714285594,7.163571428571435,-28.455457142857135,97.97160000000001,-35.259999999999934,104.12417142857142,1.0,0.11,0.0,0.11,0.96,0.5,-0.28,0.07,-0.28,0.46,0.6,0.4,0.03,0.4,0.3,1.0,0.38,0.04,0.38,0.73,0.9,-0.2,0.05,-0.2,0.84,1.1,-0.75,0.06,-0.75,0.71,1.4,-1.04,0.07,-1.04,0.73,1.5,-1.35,0.46,-1.35,0.7,0.8,-0.83,0.06,-0.83,0.12,1.1,-1.14,0.05,-1.14,0.03,0.6,-0.33,0.0,-0.33,0.46,0.4,-0.32,0.07,-0.32,0.2,1.0,0.25,0.36,1.0,0.81,1.2100000000000002,1.96,2.25,0.6400000000000001,1.2100000000000002,0.36,0.16,0.0121,0.0784,0.16,0.1444,0.04,0.5625,1.0816,1.8225,0.6889,1.2996,0.1089,0.1024,0.9216,0.2116,0.09,0.5328999999999999,0.7055999999999999,0.5041,0.5328999999999999,0.4899999999999999,0.0144,0.0009,0.2116,0.04,0.0,0.0049,0.0009,0.0016,0.0025,0.0036,0.0049,0.2116,0.0036,0.0025,0.0,0.0049
5.368999999999996,25.916666666666565,3.8366666666666625,26.220833333333236,0.22083333333333435,-6.490833333333297,35.6,1.90066666666658,2.10299999999993,32.3521666666666,-23.705499999999862,7.060500000000008,-28.582416666666656,97.93875,-36.12516666666661,104.38916666666665,1.0,0.11,0.0,0.11,0.96,0.5,-0.28,0.07,-0.28,0.46,0.6,0.4,0.03,0.4,0.3,1.0,0.38,0.04,0.38,0.73,0.9,-0.2,0.05,-0.2,0.84,1.1,-0.75,0.06,-0.75,0.71,1.4,-1.04,0.07,-1.04,0.73,1.5,-1.35,0.46,-1.35,0.7,0.8,-0.83,0.06,-0.83,0.12,1.1,-1.14,0.05,-1.14,0.03,0.6,-0.33,0.0,-0.33,0.46,0.4,-0.32,0.07,-0.32,0.2,1.0,0.25,0.36,1.0,0.81,1.2100000000000002,1.96,2.25,0.6400000000000001,1.2100000000000002,0.36,0.16,0.0121,0.0784,0.16,0.1444,0.04,0.5625,1.0816,1.8225,0.6889,1.2996,0.1089,0.1024,0.9216,0.2116,0.09,0.5328999999999999,0.7055999999999999,0.5041,0.5328999999999999,0.4899999999999999,0.0144,0.0009,0.2116,0.04,0.0,0.0049,0.0009,0.0016,0.0025,0.0036,0.0049,0.2116,0.0036,0.0025,0.0,0.0049
5.418999999999996,27.352941176470473,3.890588235294114,27.59529411764695,0.22,-7.000588235294075,35.7705882352941,3.0904117647057956,3.312529411764597,33.73923529411768,-24.879529411764675,6.980058823529413,-28.840588235294092,97.9109411764706,-37.016647058823466,104.6751176470588,1.0,0.09,0.01,0.09,0.95,0.5,-0.3,0.02,-0.3,0.4,0.6,0.4,0.0,0.4,0.32,1.0,0.38,0.04,0.38,0.73,0.8,-0.18,0.14,-0.18,0.72,1.1,-0.79,0.04,-0.79,0.72,1.4,-1.14,0.09,-1.14,0.74,1.4,-1.24,0.26,-1.24,0.5,0.8,-0.83,0.06,-0.83,0.12,1.1,-1.14,0.05,-1.14,0.03,0.6,-0.33,0.0,-0.33,0.46,0.4,-0.29,0.04,-0.29,0.2,1.0,0.25,0.36,1.0,0.6400000000000001,1.2100000000000002,1.96,1.96,0.6400000000000001,1.2100000000000002,0.36,0.16,0.0081,0.09,0.16,0.1444,0.0324,0.6241000000000001,1.2996,1.5376,0.6889,1.2996,0.1089,0.0841,0.9025,0.16,0.1024,0.5328999999999999,0.5184,0.5184,0.5476,0.25,0.0144,0.0009,0.2116,0.04,0.0001,0.0004,0.0,0.0016,0.0196,0.0016,0.0081,0.0676,0.0036,0.0025,0.0,0.0016
5.468999999999996,28.799999999999883,3.9339999999999966,28.96999999999989,0.21200000000000116,-7.527999999999958,35.97999999999999,4.1873999999999105,4.771199999999876,33.68179999999999,-25.438799999999947,6.9694,-29.140799999999977,97.8302,-37.84099999999994,104.8946,1.0,0.09,0.01,0.09,0.95,0.5,-0.3,0.02,-0.3,0.4,0.6,0.4,0.0,0.4,0.32,1.0,0.38,0.04,0.38,0.73,0.8,-0.18,0.14,-0.18,0.72,1.1,-0.79,0.04,-0.79,0.72,1.4,-1.14,0.09,-1.14,0.74,1.4,-1.24,0.26,-1.24,0.5,0.8,-0.83,0.06,-0.83,0.12,1.1,-1.14,0.05,-1.14,0.03,0.6,-0.33,0.0,-0.33,0.46,0.4,-0.29,0.04,-0.29,0.2,1.0,0.25,0.36,1.0,0.6400000000000001,1.2100000000000002,1.96,1.96,0.6400000000000001,1.2100000000000002,0.36,0.16,0.0081,0.09,0.16,0.1444,0.0324,0.6241000000000001,1.2996,1.5376,0.6889,1.2996,0.1089,0.0841,0.9025,0.16,0.1024,0.5328999999999999,0.5184,0.5184,0.5476,0.25,0.0144,0.0009,0.2116,0.04,0.0001,0.0004,0.0,0.0016,0.0196,0.0016,0.0081,0.0676,0.0036,0.0025,0.0,0.0016
5.518999999999996,30.2285714285713,3.9768571428571393,30.314857142857022,0.207714285714287,-8.056857142857094,36.077142857142874,5.285742857142762,6.448142857142691,34.06774285714289,-26.605999999999813,6.952457142857152,-29.312714285714282,97.68045714285716,-38.5583428571428,105.01677142857143,1.0,0.09,0.01,0.09,0.95,0.5,-0.3,0.02,-0.3,0.4,0.6,0.4,0.0,0.4,0.32,1.0,0.38,0.04,0.38,0.73,0.8,-0.18,0.14,-0.18,0.72,1.1,-0.79,0.04,-0.79,0.72,1.4,-1.14,0.09,-1.14,0.74,1.4,-1.24,0.26,-1.24,0.5,0.8,-0.83,0.06,-0.83,0.12,1.1,-1.14,0.05,-1.14,0.03,0.6,-0.33,0.0,-0.33,0.46,0.4,-0.29,0.04,-0.29,0.2,1.0,0.25,0.36,1.0,0.6400000000000001,1.2100000000000002,1.96,1.96,0.6400000000000001,1.2100000000000002,0.36,0.16,0.0081,0.09,0.16,0.1444,0.0324,0.6241000000000001,1.2996,1.5376,0.6889,1.2996,0.1089,0.0841,0.9025,0.16,0.1024,0.5328999999999999,0.5184,0.5184,0.5476,0.25,0.0144,0.0009,0.2116,0.04,0.0001,0.0004,0.0,0.0016,0.0196,0.0016,0.0081,0.0676,0.0036,0.0025,0.0,0.0016
5.5689999999999955,31.67647058823516,4.020294117647055,31.67588235294105,0.2,-8.600294117647008,35.797058823529454,6.3930294117646,8.299294117646888,34.034794117647024,-28.433382352941038,6.786352941176494,-29.306970588235302,97.46441176470591,-39.187205882352885,105.04908823529412,1.0,0.09,0.01,0.09,0.95,0.5,-0.3,0.02,-0.3,0.4,0.6,0.4,0.0,0.4,0.32,1.0,0.38,0.04,0.38,0.73,0.8,-0.18,0.14,-0.18,0.72,1.1,-0.79,0.04,-0.79,0.72,1.4,-1.14,0.09,-1.14,0.74,1.4,-1.24,0.26,-1.24,0.5,0.8,-0.83,0.06,-0.83,0.12,1.1,-1.14,0.05,-1.14,0.03,0.6,-0.33,0.0,-0.33,0.46,0.4,-0.29,0.04,-0.29,0.2,1.0,0.25,0.36,1.0,0.6400000000000001,1.2100000000000002,1.96,1.96,0.6400000000000001,1.2100000000000002,0.36,0.16,0.0081,0.09,0.16,0.1444,0.0324,0.6241000000000001,1.2996,1.5376,0.6889,1.2996,0.1089,0.0841,0.9025,0.16,0.1024,0.5328999999999999,0.5184,0.5184,0.5476,0.25,0.0144,0.0009,0.2116,0.04,0.0001,0.0004,0.0,0.0016,0.0196,0.0016,0.0081,0.0676,0.0036,0.0025,0.0,0.0016
5.618999999999995,33.11428571428557,4.052285714285711,33.01742857142844,0.19,-9.144571428571373,35.265714285714324,7.5033714285713335,9.891742857142766,34.708257142857036,-29.741628571428414,6.448942857142904,-29.23091428571429,97.20140000000004,-39.78611428571423,105.03114285714287,0.9885714285714425,0.09,0.01342857142856723,0.09,0.9465714285714327,0.4885714285714426,-0.3034285714285672,0.022285714285711487,-0.3034285714285672,0.38857142857144256,0.6,0.40114285714285575,0.002285714285711487,0.40114285714285575,0.32342857142856724,0.9885714285714425,0.3662857142857311,0.044571428571422975,0.3662857142857311,0.7288571428571442,0.8,-0.17657142857143276,0.1422857142857115,-0.17657142857143276,0.7131428571428655,1.1,-0.794571428571423,0.038857142857144256,-0.794571428571423,0.715428571428577,1.4,-1.1388571428571441,0.08885714285714426,-1.1388571428571441,0.7468571428571344,1.3885714285714426,-1.2342857142857213,0.24742857142858682,-1.2342857142857213,0.4920000000000098,0.8,-0.8277142857142885,0.05657142857143277,-0.8277142857142885,0.11885714285714426,1.1114285714285574,-1.1468571428571344,0.05457142857142298,-1.1468571428571344,0.028857142857144254,0.6,-0.32542857142857706,0.0034285714285672304,-0.32542857142857706,0.46571428571427875,0.4,-0.2877142857142885,0.03657142857143277,-0.2877142857142885,0.2,0.9782857142857408,0.23971428571429831,0.36,0.9782857142857408,0.6400000000000001,1.2100000000000002,1.96,1.929142857142895,0.6400000000000001,1.2362857142856822,0.36,0.16,0.0081,0.09215999999999736,0.16092571428571315,0.1356228571428679,0.03126857142857281,0.6315057142857053,1.2970057142857174,1.5237142857143027,0.6851514285714332,1.3156457142856948,0.10606571428571775,0.08282000000000156,0.8960885714285792,0.1520000000000098,0.10469714285714003,0.5312428571428591,0.5089371428571544,0.5120000000000078,0.5581599999999871,0.2425600000000091,0.014137142857143178,0.0008428571428572128,0.21714285714285037,0.04,0.00027142857142836154,0.0005371428571426893,4.5714285714229744e-05,0.002148571428570757,0.020285714285713446,0.001520000000000098,0.007905714285714523,0.06244571428572059,0.003291428571428949,0.0031399999999992163,0.00010285714285701691,0.0014285714285716385
5.668999999999995,34.55882352941161,4.0811764705882325,34.369705882352804,0.19,-9.70794117647053,34.720588235294194,8.38352941176463,10.837029411764608,35.824441176470465,-31.34217647058807,5.923764705882415,-29.191911764705885,96.8878823529412,-40.376117647058756,104.96794117647059,0.9,0.09,0.04,0.09,0.92,0.4,-0.33,0.04,-0.33,0.3,0.6,0.41,0.02,0.41,0.35,0.9,0.26,0.08,0.26,0.72,0.8,-0.15,0.16,-0.15,0.66,1.1,-0.83,0.03,-0.83,0.68,1.4,-1.13,0.08,-1.13,0.8,1.3,-1.19,0.15,-1.19,0.43,0.8,-0.81,0.03,-0.81,0.11,1.2,-1.2,0.09,-1.2,0.02,0.6,-0.29,0.03,-0.29,0.51,0.4,-0.27,0.01,-0.27,0.2,0.81,0.16,0.36,0.81,0.6400000000000001,1.2100000000000002,1.96,1.6900000000000002,0.6400000000000001,1.44,0.36,0.16,0.0081,0.1089,0.1680999999999999,0.0676,0.0225,0.6889,1.2768999999999997,1.4161,0.6561000000000001,1.44,0.0841,0.0729,0.8464,0.09,0.1224999999999999,0.5184,0.4356,0.4624000000000001,0.6400000000000001,0.1848999999999999,0.0121,0.0004,0.2601,0.04,0.0016,0.0016,0.0004,0.0064,0.0256,0.0009,0.0064,0.0225,0.0009,0.0081,0.0009,0.0001
5.718999999999995,35.99999999999985,4.109999999999998,35.69999999999986,0.19,-10.269999999999941,34.00000000000008,8.93199999999995,11.7789999999999,37.28899999999983,-32.93599999999983,5.323000000000064,-29.153000000000002,96.66800000000002,-41.10399999999992,105.04899999999999,0.9,0.09,0.04,0.09,0.92,0.4,-0.33,0.04,-0.33,0.3,0.6,0.41,0.02,0.41,0.35,0.9,0.26,0.08,0.26,0.72,0.8,-0.15,0.16,-0.15,0.66,1.1,-0.83,0.03,-0.83,0.68,1.4,-1.13,0.08,-1.13,0.8,1.3,-1.19,0.15,-1.19,0.43,0.8,-0.81,0.03,-0.81,0.11,1.2,-1.2,0.09,-1.2,0.02,0.6,-0.29,0.03,-0.29,0.51,0.4,-0.27,0.01,-0.27,0.2,0.81,0.16,0.36,0.81,0.6400000000000001,1.2100000000000002,1.96,1.6900000000000002,0.6400000000000001,1.44,0.36,0.16,0.0081,0.1089,0.1680999999999999,0.0676,0.0225,0.6889,1.2768999999999997,1.4161,0.6561000000000001,1.44,0.0841,0.0729,0.8464,0.09,0.1224999999999999,0.5184,0.4356,0.4624000000000001,0.6400000000000001,0.1848999999999999,0.0121,0.0004,0.2601,0.04,0.0016,0.0016,0.0004,0.0064,0.0256,0.0009,0.0064,0.0225,0.0009,0.0081,0.0009,0.0001
5.768999999999995,37.47058823529397,4.12470588235294,37.062941176470446,0.15529411764706036,-10.848235294117586,33.4529411764706,8.91505882352944,12.38082352941178,39.497647058823354,-34.53876470588219,4.803235294117693,-29.242705882352904,96.70847058823529,-42.12329411764695,105.49152941176466,0.9,0.09,0.04,0.09,0.92,0.4,-0.33,0.04,-0.33,0.3,0.6,0.41,0.02,0.41,0.35,0.9,0.26,0.08,0.26,0.72,0.8,-0.15,0.16,-0.15,0.66,1.1,-0.83,0.03,-0.83,0.68,1.4,-1.13,0.08,-1.13,0.8,1.3,-1.19,0.15,-1.19,0.43,0.8,-0.81,0.03,-0.81,0.11,1.2,-1.2,0.09,-1.2,0.02,0.6,-0.29,0.03,-0.29,0.51,0.4,-0.27,0.01,-0.27,0.2,0.81,0.16,0.36,0.81,0.6400000000000001,1.2100000000000002,1.96,1.6900000000000002,0.6400000000000001,1.44,0.36,0.16,0.0081,0.1089,0.1680999999999999,0.0676,0.0225,0.6889,1.2768999999999997,1.4161,0.6561000000000001,1.44,0.0841,0.0729,0.8464,0.09,0.1224999999999999,0.5184,0.4356,0.4624000000000001,0.6400000000000001,0.1848999999999999,0.0121,0.0004,0.2601,0.04,0.0016,0.0016,0.0004,0.0064,0.0256,0.0009,0.0064,0.0225,0.0009,0.0081,0.0009,0.0001
5.818999999999995,38.94117647058808,4.13,38.41588235294104,0.14058823529411918,-11.445882352941116,33.58823529411762,8.498764705882403,11.928117647058889,40.70694117647049,-35.461058823529356,4.4398823529412095,-29.719411764705825,96.7335882352941,-43.128058823529315,105.92176470588231,0.9,0.09,0.04,0.09,0.92,0.4,-0.33,0.04,-0.33,0.3,0.6,0.41,0.02,0.41,0.35,0.9,0.26,0.08,0.26,0.72,0.8,-0.15,0.16,-0.15,0.66,1.1,-0.83,0.03,-0.83,0.68,1.4,-1.13,0.08,-1.13,0.8,1.3,-1.19,0.15,-1.19,0.43,0.8,-0.81,0.03,-0.81,0.11,1.2,-1.2,0.09,-1.2,0.02,0.6,-0.29,0.03,-0.29,0.51,0.4,-0.27,0.01,-0.27,0.2,0.81,0.16,0.36,0.81,0.6400000000000001,1.2100000000000002,1.96,1.6900000000000002,0.6400000000000001,1.44,0.36,0.16,0.0081,0.1089,0.1680999999999999,0.0676,0.0225,0.6889,1.2768999999999997,1.4161,0.6561000000000001,1.44,0.0841,0.0729,0.8464,0.09,0.1224999999999999,0.5184,0.4356,0.4624000000000001,0.6400000000000001,0.1848999999999999,0.0121,0.0004,0.2601,0.04,0.0016,0.0016,0.0004,0.0064,0.0256,0.0009,0.0064,0.0225,0.0009,0.0081,0.0009,0.0001
5.868999999999994,40.41176470588218,4.1158823529411785,39.75470588235279,0.1158823529411782,-12.052941176470515,34.16470588235287,7.757823529411862,10.808529411764853,40.82352941176469,-34.63941176470595,4.313823529411762,-30.326058823529365,96.67270588235296,-43.941882352941086,106.20188235294115,0.9,0.09,0.04,0.09,0.92,0.4,-0.33,0.04,-0.33,0.3,0.6,0.41,0.02,0.41,0.35,0.9,0.26,0.08,0.26,0.72,0.8,-0.15,0.16,-0.15,0.66,1.1,-0.83,0.03,-0.83,0.68,1.4,-1.13,0.08,-1.13,0.8,1.3,-1.19,0.15,-1.19,0.43,0.8,-0.81,0.03,-0.81,0.11,1.2,-1.2,0.09,-1.2,0.02,0.6,-0.29,0.03,-0.29,0.51,0.4,-0.27,0.01,-0.27,0.2,0.81,0.16,0.36,0.81,0.6400000000000001,1.2100000000000002,1.96,1.6900000000000002,0.6400000000000001,1.44,0.36,0.16,0.0081,0.1089,0.1680999999999999,0.0676,0.0225,0.6889,1.2768999999999997,1.4161,0.6561000000000001,1.44,0.0841,0.0729,0.8464,0.09,0.1224999999999999,0.5184,0.4356,0.4624000000000001,0.6400000000000001,0.1848999999999999,0.0121,0.0004,0.2601,0.04,0.0016,0.0016,0.0004,0.0064,0.0256,0.0009,0.0064,0.0225,0.0009,0.0081,0.0009,0.0001
5.918999999999994,41.8823529411763,4.092352941176474,41.09294117647043,0.101176470588237,-12.670588235294046,34.66470588235289,6.860764705882463,9.734117647058934,40.79411764705884,-34.29323529411767,4.442352941176448,-30.335176470588262,96.58858823529413,-44.733941176470495,106.45570588235292,0.9,0.09,0.04,0.09,0.92,0.4,-0.33,0.04,-0.33,0.3,0.6,0.41,0.02,0.41,0.35,0.9,0.26,0.08,0.26,0.72,0.8,-0.15,0.16,-0.15,0.66,1.1,-0.83,0.03,-0.83,0.68,1.4,-1.13,0.08,-1.13,0.8,1.3,-1.19,0.15,-1.19,0.43,0.8,-0.81,0.03,-0.81,0.11,1.2,-1.2,0.09,-1.2,0.02,0.6,-0.29,0.03,-0.29,0.51,0.4,-0.27,0.01,-0.27,0.2,0.81,0.16,0.36,0.81,0.6400000000000001,1.2100000000000002,1.96,1.6900000000000002,0.6400000000000001,1.44,0.36,0.16,0.0081,0.1089,0.1680999999999999,0.0676,0.0225,0.6889,1.2768999999999997,1.4161,0.6561000000000001,1.44,0.0841,0.0729,0.8464,0.09,0.1224999999999999,0.5184,0.4356,0.4624000000000001,0.6400000000000001,0.1848999999999999,0.0121,0.0004,0.2601,0.04,0.0016,0.0016,0.0004,0.0064,0.0256,0.0009,0.0064,0.0225,0.0009,0.0081,0.0009,0.0001
5.968999999999994,43.352941176470424,4.055882352941183,42.41764705882338,0.09647058823529579,-13.291764705882281,35.17647058823521,5.70935294117663,9.144941176470653,40.31476470588244,-34.351764705882346,4.871529411764633,-29.423470588235404,96.49776470588236,-45.57035294117639,106.72929411764704,0.9,0.09,0.04,0.09,0.92,0.4,-0.33,0.04,-0.33,0.3,0.6,0.41,0.02,0.41,0.35,0.9,0.26,0.08,0.26,0.72,0.8,-0.15,0.16,-0.15,0.66,1.1,-0.83,0.03,-0.83,0.68,1.4,-1.13,0.08,-1.13,0.8,1.3,-1.19,0.15,-1.19,0.43,0.8,-0.81,0.03,-0.81,0.11,1.2,-1.2,0.09,-1.2,0.02,0.6,-0.29,0.03,-0.29,0.51,0.4,-0.27,0.01,-0.27,0.2,0.81,0.16,0.36,0.81,0.6400000000000001,1.2100000000000002,1.96,1.6900000000000002,0.6400000000000001,1.44,0.36,0.16,0.0081,0.1089,0.1680999999999999,0.0676,0.0225,0.6889,1.2768999999999997,1.4161,0.6561000000000001,1.44,0.0841,0.0729,0.8464,0.09,0.1224999999999999,0.5184,0.4356,0.4624000000000001,0.6400000000000001,0.1848999999999999,0.0121,0.0004,0.2601,0.04,0.0016,0.0016,0.0004,0.0064,0.0256,0.0009,0.0064,0.0225,0.0009,0.0081,0.0009,0.0001
6.018999999999994,44.82352941176452,3.9970588235294193,43.741176470588066,0.0817647058823548,-13.924117647058743,35.91176470588226,4.293529411764887,8.591352941176542,39.93447058823531,-34.43411764705881,5.549941176470498,-28.45958823529424,96.3954705882353,-46.28005882352932,106.94252941176467,0.9,0.09,0.04,0.09,0.92,0.4,-0.33,0.04,-0.33,0.3,0.6,0.41,0.02,0.41,0.35,0.9,0.26,0.08,0.26,0.72,0.8,-0.15,0.16,-0.15,0.66,1.1,-0.83,0.03,-0.83,0.68,1.4,-1.13,0.08,-1.13,0.8,1.3,-1.19,0.15,-1.19,0.43,0.8,-0.81,0.03,-0.81,0.11,1.2,-1.2,0.09,-1.2,0.02,0.6,-0.29,0.03,-0.29,0.51,0.4,-0.27,0.01,-0.27,0.2,0.81,0.16,0.36,0.81,0.6400000000000001,1.2100000000000002,1.96,1.6900000000000002,0.6400000000000001,1.44,0.36,0.16,0.0081,0.1089,0.1680999999999999,0.0676,0.0225,0.6889,1.2768999999999997,1.4161,0.6561000000000001,1.44,0.0841,0.0729,0.8464,0.09,0.1224999999999999,0.5184,0.4356,0.4624000000000001,0.6400000000000001,0.1848999999999999,0.0121,0.0004,0.2601,0.04,0.0016,0.0016,0.0004,0.0064,0.0256,0.0009,0.0064,0.0225,0.0009,0.0081,0.0009,0.0001
6.068999999999994,46.30303030303011,3.9409090909090967,45.0657575757574,0.05787878787879548,-14.560303030302949,35.893939393939775,2.878818181818344,8.039696969697038,40.134272727272815,-34.517363636363626,6.31939393939384,-27.49887878787891,96.35521212121213,-46.863515151515145,107.16039393939396,0.9,0.09,0.04,0.09,0.92,0.4,-0.33,0.04,-0.33,0.3,0.6,0.41,0.02,0.41,0.35,0.9,0.26,0.08,0.26,0.72,0.8,-0.15,0.16,-0.15,0.66,1.1,-0.83,0.03,-0.83,0.68,1.4,-1.13,0.08,-1.13,0.8,1.3,-1.19,0.15,-1.19,0.43,0.8,-0.81,0.03,-0.81,0.11,1.2,-1.2,0.09,-1.2,0.02,0.6,-0.29,0.03,-0.29,0.51,0.4,-0.27,0.01,-0.27,0.2,0.81,0.16,0.36,0.81,0.6400000000000001,1.2100000000000002,1.96,1.6900000000000002,0.6400000000000001,1.44,0.36,0.16,0.0081,0.1089,0.1680999999999999,0.0676,0.0225,0.6889,1.2768999999999997,1.4161,0.6561000000000001,1.44,0.0841,0.0729,0.8464,0.09,0.1224999999999999,0.5184,0.4356,0.4624000000000001,0.6400000000000001,0.1848999999999999,0.0121,0.0004,0.2601,0.04,0.0016,0.0016,0.0004,0.0064,0.0256,0.0009,0.0064,0.0225,0.0009,0.0081,0.0009,0.0001
6.1189999999999936,47.81818181818163,3.8872727272727348,46.44454545454528,0.013636363636367502,-15.219999999999915,33.43636363636389,1.672181818181963,7.744272727272738,39.46736363636372,-35.317545454545275,7.074636363636271,-26.27154545454564,96.24563636363638,-47.06181818181814,107.14981818181818,0.9,0.09,0.04,0.09,0.92,0.4,-0.33,0.04,-0.33,0.3,0.6,0.41,0.02,0.41,0.35,0.9,0.26,0.08,0.26,0.72,0.8,-0.15,0.16,-0.15,0.66,1.1,-0.83,0.03,-0.83,0.68,1.4,-1.13,0.08,-1.13,0.8,1.3,-1.19,0.15,-1.19,0.43,0.8,-0.81,0.03,-0.81,0.11,1.2,-1.2,0.09,-1.2,0.02,0.6,-0.29,0.03,-0.29,0.51,0.4,-0.27,0.01,-0.27,0.2,0.81,0.16,0.36,0.81,0.6400000000000001,1.2100000000000002,1.96,1.6900000000000002,0.6400000000000001,1.44,0.36,0.16,0.0081,0.1089,0.1680999999999999,0.0676,0.0225,0.6889,1.2768999999999997,1.4161,0.6561000000000001,1.44,0.0841,0.0729,0.8464,0.09,0.1224999999999999,0.5184,0.4356,0.4624000000000001,0.6400000000000001,0.1848999999999999,0.0121,0.0004,0.2601,0.04,0.0016,0.0016,0.0004,0.0064,0.0256,0.0009,0.0064,0.0225,0.0009,0.0081,0.0009,0.0001
6.168999999999993,49.294117647058634,3.825294117647068,47.777647058823355,-0.01294117647058636,-15.875294117646973,32.38823529411759,0.7881764705883079,7.981294117647062,39.07241176470582,-37.55164705882335,7.66817647058818,-24.494176470588442,96.23135294117647,-47.61782352941168,107.38447058823525,0.9,0.05,0.05,0.05,0.9,0.4,-0.41,0.07,-0.41,0.1,0.6,0.38,0.01,0.38,0.31,0.8,0.24,0.12,0.24,0.67,0.7,-0.08,0.2,-0.08,0.68,1.0,-0.77,0.14,-0.77,0.53,1.4,-1.12,0.08,-1.12,0.87,1.1,-1.03,0.03,-1.03,0.41,0.8,-0.8,0.02,-0.8,0.12,1.2,-1.2,0.09,-1.2,0.09,0.6,-0.29,0.02,-0.29,0.51,0.3,-0.23,0.06,-0.23,0.15,0.81,0.16,0.36,0.6400000000000001,0.4899999999999999,1.0,1.96,1.2100000000000002,0.6400000000000001,1.44,0.36,0.09,0.0025,0.1680999999999999,0.1444,0.0576,0.0064,0.5929,1.2544000000000002,1.0609,0.6400000000000001,1.44,0.0841,0.0529,0.81,0.01,0.0961,0.4489000000000001,0.4624000000000001,0.2809,0.7569,0.1680999999999999,0.0144,0.0081,0.2601,0.0225,0.0025,0.0049,0.0001,0.0144,0.04,0.0196,0.0064,0.0009,0.0004,0.0081,0.0004,0.0036
6.218999999999993,50.764705882352736,3.7670588235294176,49.11588235294099,-0.042941176470582106,-16.54411764705873,31.835294117647265,0.24047058823536754,7.957764705882356,39.31994117647059,-38.975352941176276,8.05929411764701,-22.891882352941398,96.21458823529412,-48.32288235294108,107.68699999999995,0.9,0.05,0.05,0.05,0.9,0.4,-0.41,0.07,-0.41,0.1,0.6,0.38,0.01,0.38,0.31,0.8,0.24,0.12,0.24,0.67,0.7,-0.08,0.2,-0.08,0.68,1.0,-0.77,0.14,-0.77,0.53,1.4,-1.12,0.08,-1.12,0.87,1.1,-1.03,0.03,-1.03,0.41,0.8,-0.8,0.02,-0.8,0.12,1.2,-1.2,0.09,-1.2,0.09,0.6,-0.29,0.02,-0.29,0.51,0.3,-0.23,0.06,-0.23,0.15,0.81,0.16,0.36,0.6400000000000001,0.4899999999999999,1.0,1.96,1.2100000000000002,0.6400000000000001,1.44,0.36,0.09,0.0025,0.1680999999999999,0.1444,0.0576,0.0064,0.5929,1.2544000000000002,1.0609,0.6400000000000001,1.44,0.0841,0.0529,0.81,0.01,0.0961,0.4489000000000001,0.4624000000000001,0.2809,0.7569,0.1680999999999999,0.0144,0.0081,0.2601,0.0225,0.0025,0.0049,0.0001,0.0144,0.04,0.0196,0.0064,0.0009,0.0004,0.0081,0.0004,0.0036
6.268999999999993,52.25714285714266,3.7168571428571604,50.46628571428555,-0.07742857142857337,-17.21857142857133,29.702857142857066,-0.2750571428570733,7.878600000000038,38.97220000000006,-40.45525714285692,8.372771428571387,-21.412971428571566,96.19279999999995,-49.21917142857126,108.07537142857132,0.9,0.05,0.05,0.05,0.9,0.4,-0.41,0.07,-0.41,0.1,0.6,0.38,0.01,0.38,0.31,0.8,0.24,0.12,0.24,0.67,0.7,-0.08,0.2,-0.08,0.68,1.0,-0.77,0.14,-0.77,0.53,1.4,-1.12,0.08,-1.12,0.87,1.1,-1.03,0.03,-1.03,0.41,0.8,-0.8,0.02,-0.8,0.12,1.2,-1.2,0.09,-1.2,0.09,0.6,-0.29,0.02,-0.29,0.51,0.3,-0.23,0.06,-0.23,0.15,0.81,0.16,0.36,0.6400000000000001,0.4899999999999999,1.0,1.96,1.2100000000000002,0.6400000000000001,1.44,0.36,0.09,0.0025,0.1680999999999999,0.1444,0.0576,0.0064,0.5929,1.2544000000000002,1.0609,0.6400000000000001,1.44,0.0841,0.0529,0.81,0.01,0.0961,0.4489000000000001,0.4624000000000001,0.2809,0.7569,0.1680999999999999,0.0144,0.0081,0.2601,0.0225,0.0025,0.0049,0.0001,0.0144,0.04,0.0196,0.0064,0.0009,0.0004,0.0081,0.0004,0.0036
6.318999999999993,53.705882352940975,3.593529411764722,51.748235294117464,-0.07,-17.935882352941075,30.211764705882292,-0.868529411764611,7.598176470588274,38.62558823529416,-42.11235294117624,8.688411764705837,-20.403647058823672,96.44635294117646,-50.26617647058812,108.77423529411757,0.9,0.05,0.05,0.05,0.9,0.4,-0.41,0.07,-0.41,0.1,0.6,0.38,0.01,0.38,0.31,0.8,0.24,0.12,0.24,0.67,0.7,-0.08,0.2,-0.08,0.68,1.0,-0.77,0.14,-0.77,0.53,1.4,-1.12,0.08,-1.12,0.87,1.1,-1.03,0.03,-1.03,0.41,0.8,-0.8,0.02,-0.8,0.12,1.2,-1.2,0.09,-1.2,0.09,0.6,-0.29,0.02,-0.29,0.51,0.3,-0.23,0.06,-0.23,0.15,0.81,0.16,0.36,0.6400000000000001,0.4899999999999999,1.0,1.96,1.2100000000000002,0.6400000000000001,1.44,0.36,0.09,0.0025,0.1680999999999999,0.1444,0.0576,0.0064,0.5929,1.2544000000000002,1.0609,0.6400000000000001,1.44,0.0841,0.0529,0.81,0.01,0.0961,0.4489000000000001,0.4624000000000001,0.2809,0.7569,0.1680999999999999,0.0144,0.0081,0.2601,0.0225,0.0025,0.0049,0.0001,0.0144,0.04,0.0196,0.0064,0.0009,0.0004,0.0081,0.0004,0.0036
6.368999999999993,55.187499999999766,3.52,53.080624999999785,-0.09937499999998811,-18.632499999999897,30.15625000000031,-1.6193124999998842,7.319875000000043,38.55299999999993,-43.75574999999974,9.010374999999957,-19.402000000000154,96.44662500000003,-50.879937499999926,109.06024999999998,0.9,0.04812500000000238,0.05374999999999525,0.04812500000000238,0.8962500000000048,0.4,-0.41374999999999523,0.06812500000000238,-0.41374999999999523,0.08875000000001426,0.6,0.37625000000000475,0.01562499999999287,0.37625000000000475,0.30625000000000474,0.7812500000000238,0.23812500000000236,0.13124999999998574,0.23812500000000236,0.6587500000000143,0.6812500000000237,-0.07062500000001189,0.21874999999997624,-0.07062500000001189,0.655625000000031,1.0,-0.7681250000000024,0.14,-0.7681250000000024,0.5281250000000024,1.4,-1.1012500000000238,0.06875000000001426,-1.1012500000000238,0.8662500000000047,1.1187499999999764,-1.0262500000000048,0.03,-1.0262500000000048,0.44937499999995006,0.8,-0.7943750000000072,0.018125000000002375,-0.7943750000000072,0.12187499999999762,1.2,-1.1887500000000142,0.08250000000000951,-1.1887500000000142,0.09,0.6,-0.29,0.02,-0.29,0.51,0.3,-0.22625000000000475,0.06374999999999524,-0.22625000000000475,0.14437500000000714,0.81,0.16,0.36,0.6118750000000357,0.4656250000000308,1.0,1.96,1.2531249999999454,0.6400000000000001,1.44,0.36,0.09,0.002331250000000214,0.1712499999999959,0.14162500000000353,0.056718750000001115,0.005368750000001307,0.5900312500000037,1.214275000000051,1.0532500000000096,0.6311687500000113,1.4136750000000333,0.0841,0.05125000000000207,0.8033250000000085,0.008425000000001997,0.09385000000000285,0.4345000000000183,0.4324187500000381,0.27893125000000246,0.7504500000000082,0.2086562499999485,0.014868749999999405,0.0081,0.2601,0.020981250000001925,0.0029499999999994296,0.004656250000000309,0.00038124999999964354,0.01777499999999572,0.049374999999988116,0.0196,0.005275000000001426,0.0009,0.0003437500000000713,0.00705000000000133,0.0004,0.004124999999999335
6.4189999999999925,56.74999999999978,3.52,54.5024999999998,-0.18499999999998668,-19.312499999999904,28.05000000000031,-2.380249999999892,7.035500000000041,39.00224999999993,-45.43699999999976,9.28849999999996,-18.377750000000145,96.31775000000002,-51.36199999999993,109.18049999999998,0.9,0.04,0.07,0.04,0.88,0.4,-0.43,0.06,-0.43,0.04,0.6,0.36,0.04,0.36,0.29,0.7,0.23,0.18,0.23,0.61,0.6,-0.03,0.3,-0.03,0.55,1.0,-0.76,0.14,-0.76,0.52,1.4,-1.02,0.02,-1.02,0.85,1.2,-1.01,0.03,-1.01,0.62,0.8,-0.77,0.01,-0.77,0.13,1.2,-1.14,0.05,-1.14,0.09,0.6,-0.29,0.02,-0.29,0.51,0.3,-0.21,0.08,-0.21,0.12,0.81,0.16,0.36,0.4899999999999999,0.36,1.0,1.96,1.44,0.6400000000000001,1.44,0.36,0.09,0.0016,0.1848999999999999,0.1296,0.0529,0.0009,0.5776,1.0404,1.0201,0.5929,1.2996,0.0841,0.0440999999999999,0.7744,0.0016,0.0841,0.3721,0.3025,0.2704,0.7224999999999999,0.3844,0.0169,0.0081,0.2601,0.0144,0.0049,0.0036,0.0016,0.0324,0.09,0.0196,0.0004,0.0009,0.0001,0.0025,0.0004,0.0064
6.468999999999992,58.24999999999979,3.465000000000039,55.84749999999982,-0.23000000000001727,-20.01999999999987,26.749999999999872,-3.1247499999998847,6.802750000000011,39.44274999999993,-46.922249999999856,9.560749999999958,-17.594250000000002,96.29174999999995,-52.13624999999972,109.53124999999983,0.9,0.04,0.07,0.04,0.88,0.4,-0.43,0.06,-0.43,0.04,0.6,0.36,0.04,0.36,0.29,0.7,0.23,0.18,0.23,0.61,0.6,-0.03,0.3,-0.03,0.55,1.0,-0.76,0.14,-0.76,0.52,1.4,-1.02,0.02,-1.02,0.85,1.2,-1.01,0.03,-1.01,0.62,0.8,-0.77,0.01,-0.77,0.13,1.2,-1.14,0.05,-1.14,0.09,0.6,-0.29,0.02,-0.29,0.51,0.3,-0.21,0.08,-0.21,0.12,0.81,0.16,0.36,0.4899999999999999,0.36,1.0,1.96,1.44,0.6400000000000001,1.44,0.36,0.09,0.0016,0.1848999999999999,0.1296,0.0529,0.0009,0.5776,1.0404,1.0201,0.5929,1.2996,0.0841,0.0440999999999999,0.7744,0.0016,0.0841,0.3721,0.3025,0.2704,0.7224999999999999,0.3844,0.0169,0.0081,0.2601,0.0144,0.0049,0.0036,0.0016,0.0324,0.09,0.0196,0.0004,0.0009,0.0001,0.0025,0.0004,0.0064
6.518999999999992,59.71874999999976,3.322812500000002,57.12406249999978,-0.205937499999988,-20.793437499999893,27.34374999999995,-3.6798124999999486,6.727781250000012,39.436062500000084,-47.85212499999985,9.810499999999966,-17.57809375,96.46859375,-53.48468749999988,110.32968749999995,0.9,0.04,0.07,0.04,0.88,0.4,-0.43,0.06,-0.43,0.04,0.6,0.36,0.04,0.36,0.29,0.7,0.23,0.18,0.23,0.61,0.6,-0.03,0.3,-0.03,0.55,1.0,-0.76,0.14,-0.76,0.52,1.4,-1.02,0.02,-1.02,0.85,1.2,-1.01,0.03,-1.01,0.62,0.8,-0.77,0.01,-0.77,0.13,1.2,-1.14,0.05,-1.14,0.09,0.6,-0.29,0.02,-0.29,0.51,0.3,-0.21,0.08,-0.21,0.12,0.81,0.16,0.36,0.4899999999999999,0.36,1.0,1.96,1.44,0.6400000000000001,1.44,0.36,0.09,0.0016,0.1848999999999999,0.1296,0.0529,0.0009,0.5776,1.0404,1.0201,0.5929,1.2996,0.0841,0.0440999999999999,0.7744,0.0016,0.0841,0.3721,0.3025,0.2704,0.7224999999999999,0.3844,0.0169,0.0081,0.2601,0.0144,0.0049,0.0036,0.0016,0.0324,0.09,0.0196,0.0004,0.0009,0.0001,0.0025,0.0004,0.0064
6.568999999999992,61.294117647058584,3.361764705882384,58.559999999999796,-0.3311764705882425,-21.474705882352808,27.60588235294101,-3.804588235294105,6.637176470588259,38.44317647058841,-48.51635294117651,10.006941176470557,-17.73129411764694,96.41605882352937,-53.99858823529391,110.53952941176458,0.9,0.04,0.07,0.04,0.88,0.4,-0.43,0.06,-0.43,0.04,0.6,0.36,0.04,0.36,0.29,0.7,0.23,0.18,0.23,0.61,0.6,-0.03,0.3,-0.03,0.55,1.0,-0.76,0.14,-0.76,0.52,1.4,-1.02,0.02,-1.02,0.85,1.2,-1.01,0.03,-1.01,0.62,0.8,-0.77,0.01,-0.77,0.13,1.2,-1.14,0.05,-1.14,0.09,0.6,-0.29,0.02,-0.29,0.51,0.3,-0.21,0.08,-0.21,0.12,0.81,0.16,0.36,0.4899999999999999,0.36,1.0,1.96,1.44,0.6400000000000001,1.44,0.36,0.09,0.0016,0.1848999999999999,0.1296,0.0529,0.0009,0.5776,1.0404,1.0201,0.5929,1.2996,0.0841,0.0440999999999999,0.7744,0.0016,0.0841,0.3721,0.3025,0.2704,0.7224999999999999,0.3844,0.0169,0.0081,0.2601,0.0144,0.0049,0.0036,0.0016,0.0324,0.09,0.0196,0.0004,0.0009,0.0001,0.0025,0.0004,0.0064
6.618999999999992,62.76470588235271,3.2011764705882566,59.825294117646855,-0.31,-22.275294117646933,28.635294117646893,-3.783117647058842,6.592470588235286,36.74647058823566,-48.56947058823524,10.193588235294088,-18.478411764705758,96.60623529411762,-55.02899999999987,111.21188235294109,0.9,0.07823529411763522,0.07,0.07823529411763522,0.872352941176473,0.47647058823527044,-0.46058823529410814,0.02941176470589182,-0.46058823529410814,0.024705882352945907,0.6,0.3523529411764729,0.04,0.3523529411764729,0.28235294117647297,0.7,0.24529411764705408,0.17235294117647296,0.24529411764705408,0.602352941176473,0.6,-0.06823529411763522,0.27705882352941885,-0.06823529411763522,0.4582352941176755,1.0,-0.752352941176473,0.12470588235294591,-0.752352941176473,0.5429411764705812,1.4,-1.0276470588235271,0.05058823529410818,-1.0276470588235271,0.8347058823529458,1.2,-0.9947058823529459,0.052941176470581136,-0.9947058823529459,0.7270588235293787,0.8,-0.77,0.01,-0.77,0.13,1.2,-1.1323529411764728,0.04235294117647295,-1.1323529411764728,0.09,0.6,-0.29,0.012352941176472954,-0.29,0.51,0.22352941176472957,-0.20235294117647296,0.08764705882352704,-0.20235294117647296,0.08941176470589182,0.81,0.22882352941174341,0.36,0.4899999999999999,0.36,1.0,1.96,1.44,0.6400000000000001,1.44,0.36,0.05176470588236477,0.006570588235292579,0.21242941176469726,0.12417058823529573,0.060241176470585966,0.005105882352939875,0.5660529411764742,1.0560764705882304,0.9895117647058917,0.5929,1.2822411764705934,0.0841,0.04096470588235389,0.7610176470588277,0.0006823529411767546,0.07974117647058958,0.36284705882353224,0.21257058823532188,0.2949470588235218,0.696805882352949,0.5321411764705425,0.0169,0.0081,0.2601,0.008282352941178364,0.0049,0.0011529411764713456,0.0016,0.029723529411765533,0.07692352941176876,0.015623529411765936,0.0028470588235286545,0.002964705882352302,0.0001,0.001811764705882566,0.00017058823529418865,0.007699999999999598
6.668999999999992,64.28124999999973,3.115937500000013,61.147499999999766,-0.338437499999992,-23.050624999999865,29.66874999999984,-3.5076875000000753,6.808812499999929,34.18434375000015,-49.117218749999985,10.362687499999982,-19.31431249999984,96.69009374999999,-55.59653124999991,111.56409374999996,0.9,0.09,0.07,0.09,0.87,0.5,-0.47,0.02,-0.47,0.02,0.6,0.35,0.04,0.35,0.28,0.7,0.25,0.17,0.25,0.6,0.6,-0.08,0.27,-0.08,0.43,1.0,-0.75,0.12,-0.75,0.55,1.4,-1.03,0.06,-1.03,0.83,1.2,-0.99,0.06,-0.99,0.76,0.8,-0.77,0.01,-0.77,0.13,1.2,-1.13,0.04,-1.13,0.09,0.6,-0.29,0.01,-0.29,0.51,0.2,-0.2,0.09,-0.2,0.08,0.81,0.25,0.36,0.4899999999999999,0.36,1.0,1.96,1.44,0.6400000000000001,1.44,0.36,0.04,0.0081,0.2208999999999999,0.1224999999999999,0.0625,0.0064,0.5625,1.0609,0.9801,0.5929,1.2768999999999997,0.0841,0.04,0.7569,0.0004,0.0784,0.36,0.1848999999999999,0.3025,0.6889,0.5776,0.0169,0.0081,0.2601,0.0064,0.0049,0.0004,0.0016,0.0289,0.0729,0.0144,0.0036,0.0036,0.0001,0.0016,0.0001,0.0081
6.718999999999991,65.81818181818157,3.0390909090909215,62.49999999999977,-0.37636363636363135,-23.8272727272726,30.509090909090784,-3.114363636363695,7.289636363636275,33.01490909090933,-49.42590909090901,10.427727272727267,-20.145454545454424,96.69718181818182,-56.082545454545375,111.80972727272724,0.9,0.09,0.07,0.09,0.87,0.5,-0.47,0.02,-0.47,0.02,0.6,0.35,0.04,0.35,0.28,0.7,0.25,0.17,0.25,0.6,0.6,-0.08,0.27,-0.08,0.43,1.0,-0.75,0.12,-0.75,0.55,1.4,-1.03,0.06,-1.03,0.83,1.2,-0.99,0.06,-0.99,0.76,0.8,-0.77,0.01,-0.77,0.13,1.2,-1.13,0.04,-1.13,0.09,0.6,-0.29,0.01,-0.29,0.51,0.2,-0.2,0.09,-0.2,0.08,0.81,0.25,0.36,0.4899999999999999,0.36,1.0,1.96,1.44,0.6400000000000001,1.44,0.36,0.04,0.0081,0.2208999999999999,0.1224999999999999,0.0625,0.0064,0.5625,1.0609,0.9801,0.5929,1.2768999999999997,0.0841,0.04,0.7569,0.0004,0.0784,0.36,0.1848999999999999,0.3025,0.6889,0.5776,0.0169,0.0081,0.2601,0.0064,0.0049,0.0004,0.0016,0.0289,0.0729,0.0144,0.0036,0.0036,0.0001,0.0016,0.0001,0.0081
6.768999999999991,67.3636363636361,2.965454545454556,63.846363636363414,-0.40727272727272207,-24.615454545454412,31.03636363636361,-2.874545454545461,7.961545454545333,31.44854545454552,-50.482727272727,10.38509090909092,-20.665818181818143,96.70172727272725,-56.53854545454537,112.0414545454545,0.9,0.09,0.07,0.09,0.87,0.5,-0.47,0.02,-0.47,0.02,0.6,0.35,0.04,0.35,0.28,0.7,0.25,0.17,0.25,0.6,0.6,-0.08,0.27,-0.08,0.43,1.0,-0.75,0.12,-0.75,0.55,1.4,-1.03,0.06,-1.03,0.83,1.2,-0.99,0.06,-0.99,0.76,0.8,-0.77,0.01,-0.77,0.13,1.2,-1.13,0.04,-1.13,0.09,0.6,-0.29,0.01,-0.29,0.51,0.2,-0.2,0.09,-0.2,0.08,0.81,0.25,0.36,0.4899999999999999,0.36,1.0,1.96,1.44,0.6400000000000001,1.44,0.36,0.04,0.0081,0.2208999999999999,0.1224999999999999,0.0625,0.0064,0.5625,1.0609,0.9801,0.5929,1.2768999999999997,0.0841,0.04,0.7569,0.0004,0.0784,0.36,0.1848999999999999,0.3025,0.6889,0.5776,0.0169,0.0081,0.2601,0.0064,0.0049,0.0004,0.0016,0.0289,0.0729,0.0144,0.0036,0.0036,0.0001,0.0016,0.0001,0.0081
6.818999999999991,68.90624999999972,2.903750000000011,65.19749999999975,-0.4381249999999944,-25.402187499999854,31.1,-2.929593749999978,8.630656249999886,30.987750000000094,-52.06109374999973,10.311875000000015,-20.849718749999973,96.77721874999999,-57.102156249999894,112.38931249999993,0.9,0.09,0.07,0.09,0.87,0.5,-0.47,0.02,-0.47,0.02,0.6,0.35,0.04,0.35,0.28,0.7,0.25,0.17,0.25,0.6,0.6,-0.08,0.27,-0.08,0.43,1.0,-0.75,0.12,-0.75,0.55,1.4,-1.03,0.06,-1.03,0.83,1.2,-0.99,0.06,-0.99,0.76,0.8,-0.77,0.01,-0.77,0.13,1.2,-1.13,0.04,-1.13,0.09,0.6,-0.29,0.01,-0.29,0.51,0.2,-0.2,0.09,-0.2,0.08,0.81,0.25,0.36,0.4899999999999999,0.36,1.0,1.96,1.44,0.6400000000000001,1.44,0.36,0.04,0.0081,0.2208999999999999,0.1224999999999999,0.0625,0.0064,0.5625,1.0609,0.9801,0.5929,1.2768999999999997,0.0841,0.04,0.7569,0.0004,0.0784,0.36,0.1848999999999999,0.3025,0.6889,0.5776,0.0169,0.0081,0.2601,0.0064,0.0049,0.0004,0.0016,0.0289,0.0729,0.0144,0.0036,0.0036,0.0001,0.0016,0.0001,0.0081
6.868999999999991,70.43749999999972,2.8368750000000085,66.53062499999976,-0.4731249999999914,-26.193124999999853,31.1,-3.373499999999851,9.065624999999958,30.443375000000042,-53.027,10.213875000000018,-20.8985625,96.89687499999997,-57.872312499999836,112.88449999999989,0.9,0.1249999999999771,0.06562500000000286,0.1249999999999771,0.8656250000000029,0.5,-0.48749999999998855,0.02,-0.48749999999998855,0.028749999999994273,0.6,0.35,0.03562500000000286,0.35,0.28437499999999716,0.7,0.25874999999999426,0.1568750000000086,0.25874999999999426,0.6,0.6437499999999714,-0.12374999999997137,0.21312500000003723,-0.12374999999997137,0.45624999999998284,1.0,-0.75,0.10687500000000859,-0.75,0.58062499999998,1.4437499999999712,-1.0343749999999972,0.06874999999999427,-1.0343749999999972,0.8256250000000028,1.2874999999999428,-1.0162499999999828,0.10812499999996852,-1.0162499999999828,0.82124999999996,0.8,-0.77,0.01,-0.77,0.13,1.2,-1.134374999999997,0.04437499999999714,-1.134374999999997,0.06812500000001431,0.6,-0.28562500000000285,0.005625000000002863,-0.28562500000000285,0.5143749999999971,0.2,-0.2,0.09,-0.2,0.05812500000001432,0.81,0.25,0.36,0.4899999999999999,0.41687499999996275,1.0,2.086874999999917,1.6674999999998512,0.6400000000000001,1.44,0.36,0.04,0.017199999999994046,0.23804999999998872,0.1224999999999999,0.06704999999999703,0.017774999999992557,0.5625,1.069956249999994,1.0336499999999649,0.5929,1.2868312499999934,0.08160625000000163,0.04,0.7493312500000049,0.0009249999999996566,0.08089374999999836,0.36,0.20904999999998408,0.33833124999997655,0.6816812500000047,0.6792749999999335,0.0169,0.00525625000000186,0.26460624999999705,0.003993750000001574,0.004331250000000372,0.0004,0.0012937500000002003,0.02483125000000266,0.04958125000001526,0.011643750000001802,0.004824999999999199,0.014668749999992757,0.0001,0.0019937499999997423,5.625000000002862e-05,0.0081
6.918999999999991,71.99999999999972,2.7900000000000085,67.88999999999976,-0.5099999999999945,-26.989999999999856,31.1,-4.2209999999998455,9.232999999999977,30.245000000000033,-52.893000000000036,10.118000000000018,-20.85800000000001,97.08499999999997,-58.72499999999985,113.4839999999999,0.9,0.17,0.06,0.17,0.86,0.5,-0.51,0.02,-0.51,0.04,0.6,0.35,0.03,0.35,0.29,0.7,0.27,0.14,0.27,0.6,0.7,-0.18,0.14,-0.18,0.49,1.0,-0.75,0.09,-0.75,0.62,1.5,-1.04,0.08,-1.04,0.82,1.4,-1.05,0.17,-1.05,0.9,0.8,-0.77,0.01,-0.77,0.13,1.2,-1.14,0.05,-1.14,0.04,0.6,-0.28,0.0,-0.28,0.52,0.2,-0.2,0.09,-0.2,0.03,0.81,0.25,0.36,0.4899999999999999,0.4899999999999999,1.0,2.25,1.96,0.6400000000000001,1.44,0.36,0.04,0.0289,0.2601,0.1224999999999999,0.0729,0.0324,0.5625,1.0816,1.1025,0.5929,1.2996,0.0784,0.04,0.7395999999999999,0.0016,0.0841,0.36,0.2400999999999999,0.3844,0.6723999999999999,0.81,0.0169,0.0016,0.2704,0.0009,0.0036,0.0004,0.0009,0.0196,0.0196,0.0081,0.0064,0.0289,0.0001,0.0025,0.0,0.0081
6.9689999999999905,73.56249999999972,2.726250000000017,69.23812499999976,-0.5287500000000057,-27.819374999999845,30.84375000000003,-5.094187499999838,9.133562500000046,30.065187500000032,-52.66325000000005,10.021562500000018,-20.790124999999982,97.07931250000004,-59.132625,113.68968750000003,0.9,0.17,0.06,0.17,0.86,0.5,-0.51,0.02,-0.51,0.04,0.6,0.35,0.03,0.35,0.29,0.7,0.27,0.14,0.27,0.6,0.7,-0.18,0.14,-0.18,0.49,1.0,-0.75,0.09,-0.75,0.62,1.5,-1.04,0.08,-1.04,0.82,1.4,-1.05,0.17,-1.05,0.9,0.8,-0.77,0.01,-0.77,0.13,1.2,-1.14,0.05,-1.14,0.04,0.6,-0.28,0.0,-0.28,0.52,0.2,-0.2,0.09,-0.2,0.03,0.81,0.25,0.36,0.4899999999999999,0.4899999999999999,1.0,2.25,1.96,0.6400000000000001,1.44,0.36,0.04,0.0289,0.2601,0.1224999999999999,0.0729,0.0324,0.5625,1.0816,1.1025,0.5929,1.2996,0.0784,0.04,0.7395999999999999,0.0016,0.0841,0.36,0.2400999999999999,0.3844,0.6723999999999999,0.81,0.0169,0.0016,0.2704,0.0009,0.0036,0.0004,0.0009,0.0196,0.0196,0.0081,0.0064,0.0289,0.0001,0.0025,0.0,0.0081
7.01899999999999,75.0937499999997,2.625312500000015,70.53062499999974,-0.5109374999999969,-28.660624999999836,30.58125000000006,-5.861281249999921,8.84353125000006,29.935249999999993,-52.388312500000055,9.880750000000056,-20.947687499999965,96.88915625,-59.1733124999999,113.54609374999994,0.9,0.17,0.06,0.17,0.86,0.5,-0.51,0.02,-0.51,0.04,0.6,0.35,0.03,0.35,0.29,0.7,0.27,0.14,0.27,0.6,0.7,-0.18,0.14,-0.18,0.49,1.0,-0.75,0.09,-0.75,0.62,1.5,-1.04,0.08,-1.04,0.82,1.4,-1.05,0.17,-1.05,0.9,0.8,-0.77,0.01,-0.77,0.13,1.2,-1.14,0.05,-1.14,0.04,0.6,-0.28,0.0,-0.28,0.52,0.2,-0.2,0.09,-0.2,0.03,0.81,0.25,0.36,0.4899999999999999,0.4899999999999999,1.0,2.25,1.96,0.6400000000000001,1.44,0.36,0.04,0.0289,0.2601,0.1224999999999999,0.0729,0.0324,0.5625,1.0816,1.1025,0.5929,1.2996,0.0784,0.04,0.7395999999999999,0.0016,0.0841,0.36,0.2400999999999999,0.3844,0.6723999999999999,0.81,0.0169,0.0016,0.2704,0.0009,0.0036,0.0004,0.0009,0.0196,0.0196,0.0081,0.0064,0.0289,0.0001,0.0025,0.0,0.0081
7.06899999999999,76.65624999999969,2.560312500000009,71.86781249999973,-0.5265624999999969,-29.504374999999833,30.33437500000003,-6.26531249999992,8.53506250000006,29.972093749999992,-52.11018750000005,9.592593750000058,-21.125812499999963,96.9244375,-59.695843749999895,113.84765624999994,0.9,0.17,0.06,0.17,0.86,0.5,-0.51,0.02,-0.51,0.04,0.6,0.35,0.03,0.35,0.29,0.7,0.27,0.14,0.27,0.6,0.7,-0.18,0.14,-0.18,0.49,1.0,-0.75,0.09,-0.75,0.62,1.5,-1.04,0.08,-1.04,0.82,1.4,-1.05,0.17,-1.05,0.9,0.8,-0.77,0.01,-0.77,0.13,1.2,-1.14,0.05,-1.14,0.04,0.6,-0.28,0.0,-0.28,0.52,0.2,-0.2,0.09,-0.2,0.03,0.81,0.25,0.36,0.4899999999999999,0.4899999999999999,1.0,2.25,1.96,0.6400000000000001,1.44,0.36,0.04,0.0289,0.2601,0.1224999999999999,0.0729,0.0324,0.5625,1.0816,1.1025,0.5929,1.2996,0.0784,0.04,0.7395999999999999,0.0016,0.0841,0.36,0.2400999999999999,0.3844,0.6723999999999999,0.81,0.0169,0.0016,0.2704,0.0009,0.0036,0.0004,0.0009,0.0196,0.0196,0.0081,0.0064,0.0289,0.0001,0.0025,0.0,0.0081
7.11899999999999,78.21874999999969,2.505625000000006,73.20812499999973,-0.5421874999999969,-30.338124999999827,30.056250000000063,-6.669437499999919,8.226906250000061,30.009031249999992,-51.83106250000005,9.303750000000058,-21.303937499999964,96.96003124999999,-60.218062499999895,114.15143749999993,0.9,0.1853124999999779,0.06,0.1853124999999779,0.8534375000000094,0.5218749999999684,-0.5231249999999811,0.03312499999998106,-0.5231249999999811,0.04437499999999368,0.6,0.35437499999999367,0.027812500000003158,0.35437499999999367,0.28781250000000314,0.7,0.2678125000000032,0.13781250000000317,0.2678125000000032,0.5956250000000063,0.7,-0.16687500000001892,0.1487499999999874,-0.16687500000001892,0.47906250000001577,1.0,-0.7456250000000063,0.08562500000000631,-0.7456250000000063,0.6353124999999779,1.5,-1.042187499999997,0.09749999999997475,-1.042187499999997,0.8265624999999905,1.4218749999999685,-1.0587499999999874,0.19187499999996843,-1.0587499999999874,0.9306249999999558,0.8,-0.7721874999999969,0.007812500000003157,-0.7721874999999969,0.1343749999999937,1.2,-1.1487499999999873,0.05437499999999369,-1.1487499999999873,0.03125000000001263,0.6,-0.2778125000000032,0.002187499999996843,-0.2778125000000032,0.52,0.22187499999996843,-0.2043749999999937,0.08343750000000946,-0.2043749999999937,0.027812500000003158,0.81,0.2740624999999653,0.36,0.4899999999999999,0.4899999999999999,1.0,2.25,2.0234374999999085,0.6400000000000001,1.44,0.36,0.05093749999998422,0.035178124999990935,0.2742749999999795,0.12564999999999538,0.07174062500000168,0.02846250000000568,0.5560250000000093,1.0861718749999933,1.121224999999973,0.5962906249999951,1.3198999999999708,0.07719687500000173,0.04183749999999735,0.7285093750000159,0.002037499999999369,0.08285312500000179,0.3548375000000074,0.2299281250000146,0.40445937499997103,0.6833593749999841,0.8694124999999143,0.01812499999999823,0.0012500000000005053,0.2704,0.0007906250000001578,0.0036,0.0017124999999981057,0.0007906250000001578,0.019009375000000852,0.022399999999995958,0.00740000000000101,0.010599999999993939,0.03852499999998611,7.812500000003158e-05,0.0030249999999992423,2.187499999996843e-05,0.00711562500000142
7.16899999999999,79.78124999999967,2.4665625000000095,74.54406249999973,-0.5578124999999968,-31.181874999999827,29.821875000000034,-6.9850624999999535,7.919875000000063,30.088718749999977,-51.55371875000006,9.094375000000028,-21.481281249999963,97.06784374999997,-60.77978124999987,114.5373749999999,0.9,0.24,0.06,0.24,0.83,0.6,-0.57,0.08,-0.57,0.06,0.6,0.37,0.02,0.37,0.28,0.7,0.26,0.13,0.26,0.58,0.7,-0.12,0.18,-0.12,0.44,1.0,-0.73,0.07,-0.73,0.69,1.5,-1.05,0.16,-1.05,0.85,1.5,-1.09,0.27,-1.09,1.04,0.8,-0.78,0.0,-0.78,0.15,1.2,-1.18,0.07,-1.18,0.0,0.6,-0.27,0.01,-0.27,0.52,0.3,-0.22,0.06,-0.22,0.02,0.81,0.36,0.36,0.4899999999999999,0.4899999999999999,1.0,2.25,2.25,0.6400000000000001,1.44,0.36,0.09,0.0576,0.3248999999999999,0.1369,0.0676,0.0144,0.5328999999999999,1.1025,1.1881000000000002,0.6084,1.3924,0.0729,0.0484,0.6889,0.0036,0.0784,0.3364,0.1936,0.4760999999999999,0.7224999999999999,1.0816,0.0225,0.0,0.2704,0.0004,0.0036,0.0064,0.0004,0.0169,0.0324,0.0049,0.0256,0.0729,0.0,0.0049,0.0001,0.0036
7.21899999999999,81.34374999999967,2.423125000000007,75.87218749999973,-0.5634374999999967,-32.02906249999982,29.834374999999966,-7.077906250000003,7.613625000000065,30.170687500000053,-51.27815625000006,9.109999999999959,-21.65818749999996,97.29081249999999,-61.416937499999875,115.06281249999992,0.9,0.24,0.06,0.24,0.83,0.6,-0.57,0.08,-0.57,0.06,0.6,0.37,0.02,0.37,0.28,0.7,0.26,0.13,0.26,0.58,0.7,-0.12,0.18,-0.12,0.44,1.0,-0.73,0.07,-0.73,0.69,1.5,-1.05,0.16,-1.05,0.85,1.5,-1.09,0.27,-1.09,1.04,0.8,-0.78,0.0,-0.78,0.15,1.2,-1.18,0.07,-1.18,0.0,0.6,-0.27,0.01,-0.27,0.52,0.3,-0.22,0.06,-0.22,0.02,0.81,0.36,0.36,0.4899999999999999,0.4899999999999999,1.0,2.25,2.25,0.6400000000000001,1.44,0.36,0.09,0.0576,0.3248999999999999,0.1369,0.0676,0.0144,0.5328999999999999,1.1025,1.1881000000000002,0.6084,1.3924,0.0729,0.0484,0.6889,0.0036,0.0784,0.3364,0.1936,0.4760999999999999,0.7224999999999999,1.0816,0.0225,0.0,0.2704,0.0004,0.0036,0.0064,0.0004,0.0169,0.0324,0.0049,0.0256,0.0729,0.0,0.0049,0.0001,0.0036
7.2689999999999895,82.90624999999966,2.38281250000001,77.20031249999971,-0.57,-32.87937499999982,30.081249999999933,-7.100093749999989,7.308281250000066,30.22106249999994,-51.002500000000055,9.365281249999935,-21.835406249999963,97.37990624999998,-61.95318749999989,115.42199999999993,0.9,0.24,0.06,0.24,0.83,0.6,-0.57,0.08,-0.57,0.06,0.6,0.37,0.02,0.37,0.28,0.7,0.26,0.13,0.26,0.58,0.7,-0.12,0.18,-0.12,0.44,1.0,-0.73,0.07,-0.73,0.69,1.5,-1.05,0.16,-1.05,0.85,1.5,-1.09,0.27,-1.09,1.04,0.8,-0.78,0.0,-0.78,0.15,1.2,-1.18,0.07,-1.18,0.0,0.6,-0.27,0.01,-0.27,0.52,0.3,-0.22,0.06,-0.22,0.02,0.81,0.36,0.36,0.4899999999999999,0.4899999999999999,1.0,2.25,2.25,0.6400000000000001,1.44,0.36,0.09,0.0576,0.3248999999999999,0.1369,0.0676,0.0144,0.5328999999999999,1.1025,1.1881000000000002,0.6084,1.3924,0.0729,0.0484,0.6889,0.0036,0.0784,0.3364,0.1936,0.4760999999999999,0.7224999999999999,1.0816,0.0225,0.0,0.2704,0.0004,0.0036,0.0064,0.0004,0.0169,0.0324,0.0049,0.0256,0.0729,0.0,0.0049,0.0001,0.0036
7.318999999999989,84.49999999999967,2.3500000000000068,78.54499999999972,-0.5750000000000033,-33.75499999999982,30.499999999999932,-7.253499999999956,6.9990000000000645,31.043499999999863,-50.723000000000056,9.77399999999992,-22.01399999999996,97.52099999999997,-62.40599999999988,115.7839999999999,0.9,0.24,0.06,0.24,0.83,0.6,-0.57,0.08,-0.57,0.06,0.6,0.37,0.02,0.37,0.28,0.7,0.26,0.13,0.26,0.58,0.7,-0.12,0.18,-0.12,0.44,1.0,-0.73,0.07,-0.73,0.69,1.5,-1.05,0.16,-1.05,0.85,1.5,-1.09,0.27,-1.09,1.04,0.8,-0.78,0.0,-0.78,0.15,1.2,-1.18,0.07,-1.18,0.0,0.6,-0.27,0.01,-0.27,0.52,0.3,-0.22,0.06,-0.22,0.02,0.81,0.36,0.36,0.4899999999999999,0.4899999999999999,1.0,2.25,2.25,0.6400000000000001,1.44,0.36,0.09,0.0576,0.3248999999999999,0.1369,0.0676,0.0144,0.5328999999999999,1.1025,1.1881000000000002,0.6084,1.3924,0.0729,0.0484,0.6889,0.0036,0.0784,0.3364,0.1936,0.4760999999999999,0.7224999999999999,1.0816,0.0225,0.0,0.2704,0.0004,0.0036,0.0064,0.0004,0.0169,0.0324,0.0049,0.0256,0.0729,0.0,0.0049,0.0001,0.0036
7.368999999999989,86.13333333333297,2.3453333333333184,79.93466666666635,-0.5993333333333076,-34.64799999999981,31.23333333333297,-7.468133333333294,6.687133333333399,31.741066666666466,-50.44140000000006,10.097999999999978,-22.19386666666663,97.63733333333333,-63.123799999999775,116.26906666666655,0.9,0.24,0.06,0.24,0.83,0.6,-0.57,0.08,-0.57,0.06,0.6,0.37,0.02,0.37,0.28,0.7,0.26,0.13,0.26,0.58,0.7,-0.12,0.18,-0.12,0.44,1.0,-0.73,0.07,-0.73,0.69,1.5,-1.05,0.16,-1.05,0.85,1.5,-1.09,0.27,-1.09,1.04,0.8,-0.78,0.0,-0.78,0.15,1.2,-1.18,0.07,-1.18,0.0,0.6,-0.27,0.01,-0.27,0.52,0.3,-0.22,0.06,-0.22,0.02,0.81,0.36,0.36,0.4899999999999999,0.4899999999999999,1.0,2.25,2.25,0.6400000000000001,1.44,0.36,0.09,0.0576,0.3248999999999999,0.1369,0.0676,0.0144,0.5328999999999999,1.1025,1.1881000000000002,0.6084,1.3924,0.0729,0.0484,0.6889,0.0036,0.0784,0.3364,0.1936,0.4760999999999999,0.7224999999999999,1.0816,0.0225,0.0,0.2704,0.0004,0.0036,0.0064,0.0004,0.0169,0.0324,0.0049,0.0256,0.0729,0.0,0.0049,0.0001,0.0036
7.418999999999989,87.79999999999964,2.395999999999993,81.3679999999997,-0.6919999999999855,-35.52199999999981,32.49999999999982,-7.519200000000018,6.44480000000004,32.99519999999965,-50.09540000000009,10.067600000000038,-22.52879999999989,97.67879999999998,-63.97299999999986,116.7675999999999,0.9,0.24,0.06,0.24,0.83,0.6,-0.57,0.08,-0.57,0.06,0.6,0.37,0.02,0.37,0.28,0.7,0.26,0.13,0.26,0.58,0.7,-0.12,0.18,-0.12,0.44,1.0,-0.73,0.07,-0.73,0.69,1.5,-1.05,0.16,-1.05,0.85,1.5,-1.09,0.27,-1.09,1.04,0.8,-0.78,0.0,-0.78,0.15,1.2,-1.18,0.07,-1.18,0.0,0.6,-0.27,0.01,-0.27,0.52,0.3,-0.22,0.06,-0.22,0.02,0.81,0.36,0.36,0.4899999999999999,0.4899999999999999,1.0,2.25,2.25,0.6400000000000001,1.44,0.36,0.09,0.0576,0.3248999999999999,0.1369,0.0676,0.0144,0.5328999999999999,1.1025,1.1881000000000002,0.6084,1.3924,0.0729,0.0484,0.6889,0.0036,0.0784,0.3364,0.1936,0.4760999999999999,0.7224999999999999,1.0816,0.0225,0.0,0.2704,0.0004,0.0036,0.0064,0.0004,0.0169,0.0324,0.0049,0.0256,0.0729,0.0,0.0049,0.0001,0.0036
7.468999999999989,89.41935483870931,2.4,82.74225806451582,-0.714193548387093,-36.41064516129012,32.81612903225814,-7.208838709677522,6.379032258064512,34.8878387096771,-50.013548387096506,9.619387096774359,-23.18274193548377,97.76348387096773,-64.39635483870958,117.0719354838709,0.9,0.24,0.06,0.24,0.83,0.6,-0.57,0.08,-0.57,0.06,0.6,0.37,0.02,0.37,0.28,0.7,0.26,0.13,0.26,0.58,0.7,-0.12,0.18,-0.12,0.44,1.0,-0.73,0.07,-0.73,0.69,1.5,-1.05,0.16,-1.05,0.85,1.5,-1.09,0.27,-1.09,1.04,0.8,-0.78,0.0,-0.78,0.15,1.2,-1.18,0.07,-1.18,0.0,0.6,-0.27,0.01,-0.27,0.52,0.3,-0.22,0.06,-0.22,0.02,0.81,0.36,0.36,0.4899999999999999,0.4899999999999999,1.0,2.25,2.25,0.6400000000000001,1.44,0.36,0.09,0.0576,0.3248999999999999,0.1369,0.0676,0.0144,0.5328999999999999,1.1025,1.1881000000000002,0.6084,1.3924,0.0729,0.0484,0.6889,0.0036,0.0784,0.3364,0.1936,0.4760999999999999,0.7224999999999999,1.0816,0.0225,0.0,0.2704,0.0004,0.0036,0.0064,0.0004,0.0169,0.0324,0.0049,0.0256,0.0729,0.0,0.0049,0.0001,0.0036
7.518999999999989,91.03225806451577,2.4,84.09709677419323,-0.7303225806451576,-37.30806451612883,32.487096774193695,-6.759354838709775,6.410258064516115,36.56596774193487,-51.04870967741929,8.88845161290339,-23.5640967741935,97.8094193548387,-64.81461290322571,117.3399354838709,0.9,0.24,0.06,0.24,0.83,0.6,-0.57,0.08,-0.57,0.06,0.6,0.37,0.02,0.37,0.28,0.7,0.26,0.13,0.26,0.58,0.7,-0.12,0.18,-0.12,0.44,1.0,-0.73,0.07,-0.73,0.69,1.5,-1.05,0.16,-1.05,0.85,1.5,-1.09,0.27,-1.09,1.04,0.8,-0.78,0.0,-0.78,0.15,1.2,-1.18,0.07,-1.18,0.0,0.6,-0.27,0.01,-0.27,0.52,0.3,-0.22,0.06,-0.22,0.02,0.81,0.36,0.36,0.4899999999999999,0.4899999999999999,1.0,2.25,2.25,0.6400000000000001,1.44,0.36,0.09,0.0576,0.3248999999999999,0.1369,0.0676,0.0144,0.5328999999999999,1.1025,1.1881000000000002,0.6084,1.3924,0.0729,0.0484,0.6889,0.0036,0.0784,0.3364,0.1936,0.4760999999999999,0.7224999999999999,1.0816,0.0225,0.0,0.2704,0.0004,0.0036,0.0064,0.0004,0.0169,0.0324,0.0049,0.0256,0.0729,0.0,0.0049,0.0001,0.0036
7.568999999999988,92.6451612903222,2.406451612903222,85.44548387096742,-0.746451612903222,-38.21129032258043,31.97096774193556,-6.396129032258126,6.492516129032232,39.327258064515476,-51.31354838709672,8.248774193548506,-23.72248387096772,97.90038709677417,-65.35106451612887,117.71219354838698,0.9,0.24,0.06,0.24,0.83,0.6,-0.57,0.08,-0.57,0.06,0.6,0.37,0.02,0.37,0.28,0.7,0.26,0.13,0.26,0.58,0.7,-0.12,0.18,-0.12,0.44,1.0,-0.73,0.07,-0.73,0.69,1.5,-1.05,0.16,-1.05,0.85,1.5,-1.09,0.27,-1.09,1.04,0.8,-0.78,0.0,-0.78,0.15,1.2,-1.18,0.07,-1.18,0.0,0.6,-0.27,0.01,-0.27,0.52,0.3,-0.22,0.06,-0.22,0.02,0.81,0.36,0.36,0.4899999999999999,0.4899999999999999,1.0,2.25,2.25,0.6400000000000001,1.44,0.36,0.09,0.0576,0.3248999999999999,0.1369,0.0676,0.0144,0.5328999999999999,1.1025,1.1881000000000002,0.6084,1.3924,0.0729,0.0484,0.6889,0.0036,0.0784,0.3364,0.1936,0.4760999999999999,0.7224999999999999,1.0816,0.0225,0.0,0.2704,0.0004,0.0036,0.0064,0.0004,0.0169,0.0324,0.0049,0.0256,0.0729,0.0,0.0049,0.0001,0.0036
7.618999999999988,94.29032258064477,2.4229032258064476,86.82387096774161,-0.7529032258064478,-39.13258064516107,31.72903225806448,-6.23851612903225,6.587935483870973,41.726419354838505,-51.332225806451774,7.880741935483893,-23.827645161290256,98.0615161290322,-66.18822580645138,118.3119677419353,0.9,0.25741935483868644,0.05709677419355226,0.25741935483868644,0.8270967741935522,0.6,-0.5787096774193432,0.08580645161289549,-0.5787096774193432,0.06290322580644774,0.6,0.37870967741934325,0.02,0.37870967741934325,0.28,0.7,0.26290322580644776,0.13290322580644776,0.26290322580644776,0.5654838709677613,0.7,-0.09677419354841807,0.15387096774197034,-0.09677419354841807,0.46322580645158196,1.0,-0.7154838709677613,0.07580645161289548,-0.7154838709677613,0.69,1.5290322580644775,-1.05,0.16,-1.05,0.8383870967742091,1.5290322580644775,-1.101612903225791,0.28161290322579097,-1.101612903225791,1.0748387096773728,0.8,-0.7770967741935523,0.0058064516128954816,-0.7770967741935523,0.15580645161289547,1.1709677419355227,-1.1596774193548658,0.05258064516131356,-1.1596774193548658,0.0,0.6,-0.27,0.01,-0.27,0.5229032258064478,0.3,-0.23741935483868645,0.04258064516131356,-0.23741935483868645,0.03741935483868644,0.81,0.36,0.36,0.4899999999999999,0.4899999999999999,1.0,2.33999999999988,2.33999999999988,0.6400000000000001,1.373225806451702,0.36,0.09,0.06700645161289068,0.3350903225806315,0.1436064516128943,0.0691387096774173,0.010683870967746891,0.5124322580645434,1.1025,1.213880645161256,0.603900000000006,1.3458612903226428,0.0729,0.05710967741934322,0.6841096774193611,0.003977419354838206,0.0784,0.320287096774215,0.21589677419351863,0.4760999999999999,0.703222580645187,1.1582451612902203,0.024358064516126553,0.0,0.2734483870967701,0.002141935483868644,0.0032806451612907486,0.007445161290321187,0.0004,0.017683870967740888,0.02534516129033199,0.005829032258063277,0.0256,0.07963548387095877,0.00011612903225790963,0.0035064516129050846,0.0001,0.0025548387096788134
7.668999999999988,95.90322580645123,2.4390322580645125,88.16967741935453,-0.7780645161290247,-40.04483870967721,32.07096774193537,-6.277290322580635,6.475935483871011,42.519903225806274,-50.20241935483906,7.838290322580646,-24.23532258064504,98.27770967741931,-67.14738709677397,119.03080645161273,0.9,0.3,0.05,0.3,0.82,0.6,-0.6,0.1,-0.6,0.07,0.6,0.4,0.02,0.4,0.28,0.7,0.27,0.14,0.27,0.53,0.7,-0.04,0.09,-0.04,0.52,1.0,-0.68,0.09,-0.68,0.69,1.6,-1.05,0.16,-1.05,0.81,1.6,-1.13,0.31,-1.13,1.16,0.8,-0.77,0.02,-0.77,0.17,1.1,-1.11,0.01,-1.11,0.0,0.6,-0.27,0.01,-0.27,0.53,0.3,-0.28,0.0,-0.28,0.08,0.81,0.36,0.36,0.4899999999999999,0.4899999999999999,1.0,2.5600000000000005,2.5600000000000005,0.6400000000000001,1.2100000000000002,0.36,0.09,0.09,0.36,0.16,0.0729,0.0016,0.4624000000000001,1.1025,1.2768999999999997,0.5929,1.2321000000000002,0.0729,0.0784,0.6723999999999999,0.0049,0.0784,0.2809,0.2704,0.4760999999999999,0.6561000000000001,1.3456,0.0289,0.0,0.2809,0.0064,0.0025,0.01,0.0004,0.0196,0.0081,0.0081,0.0256,0.0961,0.0004,0.0001,0.0001,0.0
7.718999999999988,97.56666666666626,2.4556666666666627,89.55033333333299,-0.7956666666666626,-40.99299999999977,32.99666666666638,-6.34166666666665,6.039866666666802,43.183266666666505,-47.573966666667374,7.937699999999975,-25.131033333333068,98.43129999999998,-67.97903333333318,119.6295999999999,0.9,0.3,0.05,0.3,0.82,0.6,-0.6,0.1,-0.6,0.07,0.6,0.4,0.02,0.4,0.28,0.7,0.27,0.14,0.27,0.53,0.7,-0.04,0.09,-0.04,0.52,1.0,-0.68,0.09,-0.68,0.69,1.6,-1.05,0.16,-1.05,0.81,1.6,-1.13,0.31,-1.13,1.16,0.8,-0.77,0.02,-0.77,0.17,1.1,-1.11,0.01,-1.11,0.0,0.6,-0.27,0.01,-0.27,0.53,0.3,-0.28,0.0,-0.28,0.08,0.81,0.36,0.36,0.4899999999999999,0.4899999999999999,1.0,2.5600000000000005,2.5600000000000005,0.6400000000000001,1.2100000000000002,0.36,0.09,0.09,0.36,0.16,0.0729,0.0016,0.4624000000000001,1.1025,1.2768999999999997,0.5929,1.2321000000000002,0.0729,0.0784,0.6723999999999999,0.0049,0.0784,0.2809,0.2704,0.4760999999999999,0.6561000000000001,1.3456,0.0289,0.0,0.2809,0.0064,0.0025,0.01,0.0004,0.0196,0.0081,0.0081,0.0256,0.0961,0.0004,0.0001,0.0001,0.0
7.768999999999988,99.23333333333294,2.4623333333333295,90.92133333333301,-0.8023333333333295,-41.94299999999978,34.38666666666635,-6.449233333333273,5.457400000000141,43.35513333333368,-44.90466666666709,8.071899999999944,-26.279933333333044,98.51336666666666,-68.54413333333322,120.01823333333324,0.9,0.3,0.05,0.3,0.82,0.6,-0.6,0.1,-0.6,0.07,0.6,0.4,0.02,0.4,0.28,0.7,0.27,0.14,0.27,0.53,0.7,-0.04,0.09,-0.04,0.52,1.0,-0.68,0.09,-0.68,0.69,1.6,-1.05,0.16,-1.05,0.81,1.6,-1.13,0.31,-1.13,1.16,0.8,-0.77,0.02,-0.77,0.17,1.1,-1.11,0.01,-1.11,0.0,0.6,-0.27,0.01,-0.27,0.53,0.3,-0.28,0.0,-0.28,0.08,0.81,0.36,0.36,0.4899999999999999,0.4899999999999999,1.0,2.5600000000000005,2.5600000000000005,0.6400000000000001,1.2100000000000002,0.36,0.09,0.09,0.36,0.16,0.0729,0.0016,0.4624000000000001,1.1025,1.2768999999999997,0.5929,1.2321000000000002,0.0729,0.0784,0.6723999999999999,0.0049,0.0784,0.2809,0.2704,0.4760999999999999,0.6561000000000001,1.3456,0.0289,0.0,0.2809,0.0064,0.0025,0.01,0.0004,0.0196,0.0081,0.0081,0.0256,0.0961,0.0004,0.0001,0.0001,0.0
7.8189999999999875,100.89999999999958,2.47,92.28799999999966,-0.8189999999999957,-42.90199999999976,35.719999999999665,-6.682899999999945,4.895300000000136,42.34900000000015,-43.214500000000406,8.312299999999938,-27.437099999999724,98.61159999999997,-69.02089999999988,120.37259999999992,0.9,0.3,0.05,0.3,0.82,0.6,-0.6,0.1,-0.6,0.07,0.6,0.4,0.02,0.4,0.28,0.7,0.27,0.14,0.27,0.53,0.7,-0.04,0.09,-0.04,0.52,1.0,-0.68,0.09,-0.68,0.69,1.6,-1.05,0.16,-1.05,0.81,1.6,-1.13,0.31,-1.13,1.16,0.8,-0.77,0.02,-0.77,0.17,1.1,-1.11,0.01,-1.11,0.0,0.6,-0.27,0.01,-0.27,0.53,0.3,-0.28,0.0,-0.28,0.08,0.81,0.36,0.36,0.4899999999999999,0.4899999999999999,1.0,2.5600000000000005,2.5600000000000005,0.6400000000000001,1.2100000000000002,0.36,0.09,0.09,0.36,0.16,0.0729,0.0016,0.4624000000000001,1.1025,1.2768999999999997,0.5929,1.2321000000000002,0.0729,0.0784,0.6723999999999999,0.0049,0.0784,0.2809,0.2704,0.4760999999999999,0.6561000000000001,1.3456,0.0289,0.0,0.2809,0.0064,0.0025,0.01,0.0004,0.0196,0.0081,0.0081,0.0256,0.0961,0.0004,0.0001,0.0001,0.0
7.868999999999987,102.56666666666625,2.47,93.65466666666633,-0.8356666666666624,-43.85866666666642,36.93999999999975,-6.854299999999964,4.446066666666761,42.01513333333369,-41.57170000000049,8.54999999999995,-28.38276666666647,98.71156666666666,-69.46223333333323,120.70689999999993,0.9,0.2716666666666877,0.04433333333333754,0.2716666666666877,0.8313333333333249,0.6,-0.5943333333333375,0.09433333333333754,-0.5943333333333375,0.06433333333333754,0.6,0.39433333333333753,0.008666666666675076,0.39433333333333753,0.2686666666666751,0.6433333333333754,0.27,0.17966666666663725,0.27,0.4733333333333754,0.7566666666666246,-0.017333333333350152,0.056000000000025224,-0.017333333333350152,0.5539999999999747,0.9433333333333754,-0.6743333333333376,0.10133333333332492,-0.6743333333333376,0.6786666666666751,1.5433333333333754,-1.0046666666667003,0.1316666666666877,-1.0046666666667003,0.7930000000000127,1.6,-1.0960000000000252,0.2816666666666877,-1.0960000000000252,1.1826666666666499,0.8,-0.7643333333333375,0.025666666666662463,-0.7643333333333375,0.17,1.1,-1.070333333333363,0.043999999999974775,-1.070333333333363,0.005666666666662462,0.6,-0.2756666666666625,0.01,-0.2756666666666625,0.5243333333333375,0.3,-0.28,0.011333333333324924,-0.28,0.07433333333333754,0.81,0.36,0.36,0.41633333333338796,0.5749999999999369,0.8923333333334132,2.3843333333334638,2.5600000000000005,0.6400000000000001,1.2100000000000002,0.36,0.09,0.07441666666667823,0.3532566666666716,0.15552333333333668,0.0729,0.000693333333334006,0.45475000000000576,1.0109266666667347,1.2021000000000555,0.5842300000000065,1.1468166666667299,0.07601666666666436,0.0784,0.6912133333333192,0.0041633333333338796,0.07228000000000454,0.22650000000004028,0.3077999999999722,0.4606866666666781,0.6290700000000201,1.3990933333332936,0.0289,5.666666666662463e-05,0.2749500000000044,0.005550000000000631,0.0019900000000003786,0.008923333333334131,0.0001733333333335015,0.03348333333332298,0.004020000000003026,0.010366666666664985,0.017950000000005677,0.07995000000001198,0.0006833333333331232,0.0028199999999979817,0.0001,0.00022666666666649852
7.918999999999987,104.23333333333291,2.47,95.02133333333299,-0.8523333333333291,-44.825333333333084,37.769999999999875,-6.917700000000051,4.180933333333319,40.51083333333358,-40.09443333333322,8.692966666666672,-29.06803333333321,98.743,-69.78166666666668,120.9176,0.9,0.25,0.04,0.25,0.84,0.6,-0.59,0.09,-0.59,0.06,0.6,0.39,0.0,0.39,0.26,0.6,0.27,0.21,0.27,0.43,0.8,0.0,0.03,0.0,0.58,0.9,-0.67,0.11,-0.67,0.67,1.5,-0.97,0.11,-0.97,0.78,1.6,-1.07,0.26,-1.07,1.2,0.8,-0.76,0.03,-0.76,0.17,1.1,-1.04,0.07,-1.04,0.01,0.6,-0.28,0.01,-0.28,0.52,0.3,-0.28,0.02,-0.28,0.07,0.81,0.36,0.36,0.36,0.6400000000000001,0.81,2.25,2.5600000000000005,0.6400000000000001,1.2100000000000002,0.36,0.09,0.0625,0.3480999999999999,0.1521,0.0729,0.0,0.4489000000000001,0.9409,1.1449,0.5776,1.0816,0.0784,0.0784,0.7055999999999999,0.0036,0.0676,0.1848999999999999,0.3364,0.4489000000000001,0.6084,1.44,0.0289,0.0001,0.2704,0.0049,0.0016,0.0081,0.0,0.0440999999999999,0.0009,0.0121,0.0121,0.0676,0.0009,0.0049,0.0001,0.0004
7.968999999999987,105.89999999999955,2.47,96.38799999999964,-0.8689999999999956,-45.782999999999745,38.179999999999914,-6.682200000000073,4.30689999999995,39.63350000000022,-40.22730000000003,8.660500000000011,-29.52529999999988,98.73400000000001,-69.83969999999997,120.94449999999998,0.9,0.25,0.04,0.25,0.84,0.6,-0.59,0.09,-0.59,0.06,0.6,0.39,0.0,0.39,0.26,0.6,0.27,0.21,0.27,0.43,0.8,0.0,0.03,0.0,0.58,0.9,-0.67,0.11,-0.67,0.67,1.5,-0.97,0.11,-0.97,0.78,1.6,-1.07,0.26,-1.07,1.2,0.8,-0.76,0.03,-0.76,0.17,1.1,-1.04,0.07,-1.04,0.01,0.6,-0.28,0.01,-0.28,0.52,0.3,-0.28,0.02,-0.28,0.07,0.81,0.36,0.36,0.36,0.6400000000000001,0.81,2.25,2.5600000000000005,0.6400000000000001,1.2100000000000002,0.36,0.09,0.0625,0.3480999999999999,0.1521,0.0729,0.0,0.4489000000000001,0.9409,1.1449,0.5776,1.0816,0.0784,0.0784,0.7055999999999999,0.0036,0.0676,0.1848999999999999,0.3364,0.4489000000000001,0.6084,1.44,0.0289,0.0001,0.2704,0.0049,0.0016,0.0081,0.0,0.0440999999999999,0.0009,0.0121,0.0121,0.0676,0.0009,0.0049,0.0001,0.0004
8.018999999999988,107.59999999999958,2.47,97.77199999999965,-0.8859999999999959,-46.76799999999976,38.63999999999983,-6.310400000000098,4.696399999999878,38.82440000000027,-39.834199999999946,8.634599999999992,-30.009999999999856,98.7182,-70.07239999999997,121.06559999999998,0.9,0.25,0.04,0.25,0.84,0.6,-0.59,0.09,-0.59,0.06,0.6,0.39,0.0,0.39,0.26,0.6,0.27,0.21,0.27,0.43,0.8,0.0,0.03,0.0,0.58,0.9,-0.67,0.11,-0.67,0.67,1.5,-0.97,0.11,-0.97,0.78,1.6,-1.07,0.26,-1.07,1.2,0.8,-0.76,0.03,-0.76,0.17,1.1,-1.04,0.07,-1.04,0.01,0.6,-0.28,0.01,-0.28,0.52,0.3,-0.28,0.02,-0.28,0.07,0.81,0.36,0.36,0.36,0.6400000000000001,0.81,2.25,2.5600000000000005,0.6400000000000001,1.2100000000000002,0.36,0.09,0.0625,0.3480999999999999,0.1521,0.0729,0.0,0.4489000000000001,0.9409,1.1449,0.5776,1.0816,0.0784,0.0784,0.7055999999999999,0.0036,0.0676,0.1848999999999999,0.3364,0.4489000000000001,0.6084,1.44,0.0289,0.0001,0.2704,0.0049,0.0016,0.0081,0.0,0.0440999999999999,0.0009,0.0121,0.0121,0.0676,0.0009,0.0049,0.0001,0.0004
8.068999999999987,109.26666666666623,2.47,99.1286666666663,-0.9026666666666623,-47.737333333333076,39.413333333332986,-5.943800000000064,5.225866666666519,37.68713333333363,-40.29266666666652,8.756333333333238,-30.671399999999785,98.74959999999999,-70.2489999999999,121.1934666666666,0.9,0.25,0.04,0.25,0.84,0.6,-0.59,0.09,-0.59,0.06,0.6,0.39,0.0,0.39,0.26,0.6,0.27,0.21,0.27,0.43,0.8,0.0,0.03,0.0,0.58,0.9,-0.67,0.11,-0.67,0.67,1.5,-0.97,0.11,-0.97,0.78,1.6,-1.07,0.26,-1.07,1.2,0.8,-0.76,0.03,-0.76,0.17,1.1,-1.04,0.07,-1.04,0.01,0.6,-0.28,0.01,-0.28,0.52,0.3,-0.28,0.02,-0.28,0.07,0.81,0.36,0.36,0.36,0.6400000000000001,0.81,2.25,2.5600000000000005,0.6400000000000001,1.2100000000000002,0.36,0.09,0.0625,0.3480999999999999,0.1521,0.0729,0.0,0.4489000000000001,0.9409,1.1449,0.5776,1.0816,0.0784,0.0784,0.7055999999999999,0.0036,0.0676,0.1848999999999999,0.3364,0.4489000000000001,0.6084,1.44,0.0289,0.0001,0.2704,0.0049,0.0016,0.0081,0.0,0.0440999999999999,0.0009,0.0121,0.0121,0.0676,0.0009,0.0049,0.0001,0.0004
8.118999999999986,110.96551724137883,2.47,100.52172413793065,-0.9196551724137885,-48.72999999999973,40.77241379310307,-5.76165517241383,5.7491379310343484,36.53372413793136,-40.7109655172413,9.193034482758485,-31.530137931034236,98.79396551724136,-70.56268965517233,121.41206896551718,0.9,0.25,0.04,0.25,0.84,0.6,-0.59,0.09,-0.59,0.06,0.6,0.39,0.0,0.39,0.26,0.6,0.27,0.21,0.27,0.43,0.8,0.0,0.03,0.0,0.58,0.9,-0.67,0.11,-0.67,0.67,1.5,-0.97,0.11,-0.97,0.78,1.6,-1.07,0.26,-1.07,1.2,0.8,-0.76,0.03,-0.76,0.17,1.1,-1.04,0.07,-1.04,0.01,0.6,-0.28,0.01,-0.28,0.52,0.3,-0.28,0.02,-0.28,0.07,0.81,0.36,0.36,0.36,0.6400000000000001,0.81,2.25,2.5600000000000005,0.6400000000000001,1.2100000000000002,0.36,0.09,0.0625,0.3480999999999999,0.1521,0.0729,0.0,0.4489000000000001,0.9409,1.1449,0.5776,1.0816,0.0784,0.0784,0.7055999999999999,0.0036,0.0676,0.1848999999999999,0.3364,0.4489000000000001,0.6084,1.44,0.0289,0.0001,0.2704,0.0049,0.0016,0.0081,0.0,0.0440999999999999,0.0009,0.0121,0.0121,0.0676,0.0009,0.0049,0.0001,0.0004
8.168999999999986,112.63333333333287,2.476333333333329,101.87933333333297,-0.9363333333333288,-49.69733333333306,42.07999999999973,-5.7616333333333465,6.099033333333242,35.628500000000116,-41.11509999999967,9.798299999999854,-32.39979999999979,98.84396666666666,-70.73599999999992,121.55319999999995,0.9,0.2,0.03,0.2,0.86,0.6,-0.59,0.09,-0.59,0.06,0.6,0.39,0.0,0.39,0.26,0.6,0.27,0.21,0.27,0.43,0.8,0.0,0.03,0.0,0.58,0.9,-0.67,0.11,-0.67,0.67,1.5,-0.97,0.11,-0.97,0.78,1.6,-1.07,0.26,-1.07,1.2,0.8,-0.76,0.03,-0.76,0.17,1.1,-1.04,0.07,-1.04,0.01,0.6,-0.28,0.01,-0.28,0.52,0.3,-0.28,0.02,-0.28,0.07,0.81,0.36,0.36,0.36,0.6400000000000001,0.81,2.25,2.5600000000000005,0.6400000000000001,1.2100000000000002,0.36,0.09,0.04,0.3480999999999999,0.1521,0.0729,0.0,0.4489000000000001,0.9409,1.1449,0.5776,1.0816,0.0784,0.0784,0.7395999999999999,0.0036,0.0676,0.1848999999999999,0.3364,0.4489000000000001,0.6084,1.44,0.0289,0.0001,0.2704,0.0049,0.0009,0.0081,0.0,0.0440999999999999,0.0009,0.0121,0.0121,0.0676,0.0009,0.0049,0.0001,0.0004
8.218999999999987,114.3333333333329,2.473333333333342,103.25999999999965,-0.953333333333342,-50.68999999999974,42.89999999999974,-5.688666666666687,6.293000000000073,35.41233333333337,-42.43433333333321,10.309333333333205,-33.07033333333322,98.9289999999999,-70.9553333333334,121.74966666666664,0.9,0.2,0.03,0.2,0.86,0.6,-0.59,0.09,-0.59,0.06,0.6,0.39,0.0,0.39,0.26,0.6,0.27,0.21,0.27,0.43,0.8,0.0,0.03,0.0,0.58,0.9,-0.67,0.11,-0.67,0.67,1.5,-0.97,0.11,-0.97,0.78,1.6,-1.07,0.26,-1.07,1.2,0.8,-0.76,0.03,-0.76,0.17,1.1,-1.04,0.07,-1.04,0.01,0.6,-0.28,0.01,-0.28,0.52,0.3,-0.28,0.02,-0.28,0.07,0.81,0.36,0.36,0.36,0.6400000000000001,0.81,2.25,2.5600000000000005,0.6400000000000001,1.2100000000000002,0.36,0.09,0.04,0.3480999999999999,0.1521,0.0729,0.0,0.4489000000000001,0.9409,1.1449,0.5776,1.0816,0.0784,0.0784,0.7395999999999999,0.0036,0.0676,0.1848999999999999,0.3364,0.4489000000000001,0.6084,1.44,0.0289,0.0001,0.2704,0.0049,0.0009,0.0081,0.0,0.0440999999999999,0.0009,0.0121,0.0121,0.0676,0.0009,0.0049,0.0001,0.0004
8.268999999999986,116.03333333333285,2.4603333333333284,104.63733333333293,-0.9409999999999852,-51.68933333333305,43.9199999999997,-5.608433333333357,6.008400000000083,35.43969999999981,-42.940933333333184,10.735333333333283,-33.5361333333332,99.23213333333331,-70.93099999999977,121.98009999999984,0.9,0.2,0.03,0.2,0.86,0.6,-0.59,0.09,-0.59,0.06,0.6,0.39,0.0,0.39,0.26,0.6,0.27,0.21,0.27,0.43,0.8,0.0,0.03,0.0,0.58,0.9,-0.67,0.11,-0.67,0.67,1.5,-0.97,0.11,-0.97,0.78,1.6,-1.07,0.26,-1.07,1.2,0.8,-0.76,0.03,-0.76,0.17,1.1,-1.04,0.07,-1.04,0.01,0.6,-0.28,0.01,-0.28,0.52,0.3,-0.28,0.02,-0.28,0.07,0.81,0.36,0.36,0.36,0.6400000000000001,0.81,2.25,2.5600000000000005,0.6400000000000001,1.2100000000000002,0.36,0.09,0.04,0.3480999999999999,0.1521,0.0729,0.0,0.4489000000000001,0.9409,1.1449,0.5776,1.0816,0.0784,0.0784,0.7395999999999999,0.0036,0.0676,0.1848999999999999,0.3364,0.4489000000000001,0.6084,1.44,0.0289,0.0001,0.2704,0.0049,0.0009,0.0081,0.0,0.0440999999999999,0.0009,0.0121,0.0121,0.0676,0.0009,0.0049,0.0001,0.0004
8.318999999999985,117.6999999999995,2.476999999999995,105.9969999999996,-0.9769999999999951,-52.655999999999715,44.70999999999985,-5.600799999999974,5.673800000000121,36.11039999999979,-43.021100000000146,10.869099999999975,-33.922099999999915,99.32829999999998,-71.61199999999984,122.4573999999999,0.9,0.2,0.03,0.2,0.86,0.6,-0.59,0.09,-0.59,0.06,0.6,0.39,0.0,0.39,0.26,0.6,0.27,0.21,0.27,0.43,0.8,0.0,0.03,0.0,0.58,0.9,-0.67,0.11,-0.67,0.67,1.5,-0.97,0.11,-0.97,0.78,1.6,-1.07,0.26,-1.07,1.2,0.8,-0.76,0.03,-0.76,0.17,1.1,-1.04,0.07,-1.04,0.01,0.6,-0.28,0.01,-0.28,0.52,0.3,-0.28,0.02,-0.28,0.07,0.81,0.36,0.36,0.36,0.6400000000000001,0.81,2.25,2.5600000000000005,0.6400000000000001,1.2100000000000002,0.36,0.09,0.04,0.3480999999999999,0.1521,0.0729,0.0,0.4489000000000001,0.9409,1.1449,0.5776,1.0816,0.0784,0.0784,0.7395999999999999,0.0036,0.0676,0.1848999999999999,0.3364,0.4489000000000001,0.6084,1.44,0.0289,0.0001,0.2704,0.0049,0.0009,0.0081,0.0,0.0440999999999999,0.0009,0.0121,0.0121,0.0676,0.0009,0.0049,0.0001,0.0004
8.368999999999986,119.4137931034478,2.48,107.39517241379272,-0.988275862068956,-53.664137931034205,44.92413793103434,-5.862275862068805,5.197896551724272,36.76917241379302,-42.087206896552004,10.935517241379285,-34.144655172413735,99.44458620689649,-72.03268965517229,122.79865517241366,0.9,0.17517241379313186,0.03,0.17517241379313186,0.864137931034478,0.5586206896552197,-0.5693103448276099,0.06517241379313184,-0.5693103448276099,0.03517241379313184,0.6,0.385862068965522,0.004137931034478027,0.385862068965522,0.255862068965522,0.6,0.28655172413791213,0.21,0.28655172413791213,0.4217241379310439,0.8,0.01241379310343408,0.03413793103447803,0.01241379310343408,0.5965517241379121,0.9,-0.67,0.13068965517239015,-0.67,0.6162068965517857,1.5413793103447804,-0.97,0.11827586206895606,-0.97,0.8462068965516485,1.5586206896552197,-1.0037931034483516,0.1979310344828296,-1.0037931034483516,1.191724137931044,0.8,-0.755862068965522,0.03,-0.755862068965522,0.17,1.0586206896552197,-1.01931034482761,0.09068965517239014,-1.01931034482761,0.018275862068956053,0.6,-0.28413793103447804,0.01,-0.28413793103447804,0.515862068965522,0.3,-0.275862068965522,0.032413793103434084,-0.275862068965522,0.04517241379313184,0.81,0.3144827586207417,0.36,0.36,0.6400000000000001,0.81,2.378275862068819,2.4317241379311816,0.6400000000000001,1.1231034482759616,0.36,0.09,0.03155862068966482,0.3247206896551991,0.14891379310345193,0.08249999999998903,0.0003724137931030224,0.4489000000000001,0.9409,1.013810344827736,0.5713517241379382,1.039600000000048,0.08075862068965248,0.07612413793103709,0.7467586206896469,0.00211034482758791,0.0654896551724162,0.17794827586207682,0.3562620689654945,0.3838103448276607,0.7222758620688353,1.4203034482758845,0.0289,0.00043103448275824213,0.26613793103448763,0.0029137931034505468,0.0009,0.00512068965517582,4.1379310344780275e-05,0.0440999999999999,0.001189655172413462,0.017686206896545337,0.014086206896549453,0.04463448275864694,0.0009,0.008831034482754126,0.0001,0.0012689655172403857
8.418999999999986,121.10344827586158,2.48,108.76379310344788,-1.0110344827586157,-54.65999999999972,45.42068965517232,-6.518103448275594,4.785448275862119,37.04399999999993,-40.97058620689699,11.044275862068911,-34.34186206896547,99.64517241379309,-72.40382758620686,123.1785517241379,0.9,0.14,0.03,0.14,0.87,0.5,-0.54,0.03,-0.54,0.0,0.6,0.38,0.01,0.38,0.25,0.6,0.31,0.21,0.31,0.41,0.8,0.03,0.04,0.03,0.62,0.9,-0.67,0.16,-0.67,0.54,1.6,-0.97,0.13,-0.97,0.94,1.5,-0.91,0.11,-0.91,1.18,0.8,-0.75,0.03,-0.75,0.17,1.0,-0.99,0.12,-0.99,0.03,0.6,-0.29,0.01,-0.29,0.51,0.3,-0.27,0.05,-0.27,0.01,0.81,0.25,0.36,0.36,0.6400000000000001,0.81,2.5600000000000005,2.25,0.6400000000000001,1.0,0.36,0.09,0.0196,0.2916,0.1444,0.0961,0.0009,0.4489000000000001,0.9409,0.8281000000000001,0.5625,0.9801,0.0841,0.0729,0.7569,0.0,0.0625,0.1680999999999999,0.3844,0.2916,0.8835999999999999,1.3924,0.0289,0.0009,0.2601,0.0001,0.0009,0.0009,0.0001,0.0440999999999999,0.0016,0.0256,0.0169,0.0121,0.0009,0.0144,0.0001,0.0025
8.468999999999985,122.82758620689603,2.48,110.16034482758579,-1.0282758620689603,-55.66827586206866,45.682758620689604,-7.478931034482467,4.679931034482767,37.23855172413789,-39.94086206896566,11.228068965517188,-34.445931034482754,99.71034482758618,-72.58748275862064,123.33834482758616,0.9,0.14,0.03,0.14,0.87,0.5,-0.54,0.03,-0.54,0.0,0.6,0.38,0.01,0.38,0.25,0.6,0.31,0.21,0.31,0.41,0.8,0.03,0.04,0.03,0.62,0.9,-0.67,0.16,-0.67,0.54,1.6,-0.97,0.13,-0.97,0.94,1.5,-0.91,0.11,-0.91,1.18,0.8,-0.75,0.03,-0.75,0.17,1.0,-0.99,0.12,-0.99,0.03,0.6,-0.29,0.01,-0.29,0.51,0.3,-0.27,0.05,-0.27,0.01,0.81,0.25,0.36,0.36,0.6400000000000001,0.81,2.5600000000000005,2.25,0.6400000000000001,1.0,0.36,0.09,0.0196,0.2916,0.1444,0.0961,0.0009,0.4489000000000001,0.9409,0.8281000000000001,0.5625,0.9801,0.0841,0.0729,0.7569,0.0,0.0625,0.1680999999999999,0.3844,0.2916,0.8835999999999999,1.3924,0.0289,0.0009,0.2601,0.0001,0.0009,0.0009,0.0001,0.0440999999999999,0.0016,0.0256,0.0169,0.0121,0.0009,0.0144,0.0001,0.0025
8.518999999999984,124.5333333333328,2.48,111.53666666666625,-1.035333333333328,-56.68466666666636,45.8,-8.379399999999775,4.757733333333307,37.22600000000005,-40.279866666666535,11.327400000000017,-34.35240000000003,99.81093333333332,-72.77919999999996,123.53366666666665,0.9,0.14,0.03,0.14,0.87,0.5,-0.54,0.03,-0.54,0.0,0.6,0.38,0.01,0.38,0.25,0.6,0.31,0.21,0.31,0.41,0.8,0.03,0.04,0.03,0.62,0.9,-0.67,0.16,-0.67,0.54,1.6,-0.97,0.13,-0.97,0.94,1.5,-0.91,0.11,-0.91,1.18,0.8,-0.75,0.03,-0.75,0.17,1.0,-0.99,0.12,-0.99,0.03,0.6,-0.29,0.01,-0.29,0.51,0.3,-0.27,0.05,-0.27,0.01,0.81,0.25,0.36,0.36,0.6400000000000001,0.81,2.5600000000000005,2.25,0.6400000000000001,1.0,0.36,0.09,0.0196,0.2916,0.1444,0.0961,0.0009,0.4489000000000001,0.9409,0.8281000000000001,0.5625,0.9801,0.0841,0.0729,0.7569,0.0,0.0625,0.1680999999999999,0.3844,0.2916,0.8835999999999999,1.3924,0.0289,0.0009,0.2601,0.0001,0.0009,0.0009,0.0001,0.0440999999999999,0.0016,0.0256,0.0169,0.0121,0.0009,0.0144,0.0001,0.0025
8.568999999999985,126.24137931034433,2.48,112.91551724137891,-1.05,-57.69241379310315,45.67586206896557,-9.025379310344704,4.8475517241379045,37.32258620689624,-40.70758620689642,11.216793103448337,-34.24503448275865,99.85634482758616,-72.9625517241378,123.68006896551711,0.9,0.14,0.03,0.14,0.87,0.5,-0.54,0.03,-0.54,0.0,0.6,0.38,0.01,0.38,0.25,0.6,0.31,0.21,0.31,0.41,0.8,0.03,0.04,0.03,0.62,0.9,-0.67,0.16,-0.67,0.54,1.6,-0.97,0.13,-0.97,0.94,1.5,-0.91,0.11,-0.91,1.18,0.8,-0.75,0.03,-0.75,0.17,1.0,-0.99,0.12,-0.99,0.03,0.6,-0.29,0.01,-0.29,0.51,0.3,-0.27,0.05,-0.27,0.01,0.81,0.25,0.36,0.36,0.6400000000000001,0.81,2.5600000000000005,2.25,0.6400000000000001,1.0,0.36,0.09,0.0196,0.2916,0.1444,0.0961,0.0009,0.4489000000000001,0.9409,0.8281000000000001,0.5625,0.9801,0.0841,0.0729,0.7569,0.0,0.0625,0.1680999999999999,0.3844,0.2916,0.8835999999999999,1.3924,0.0289,0.0009,0.2601,0.0001,0.0009,0.0009,0.0001,0.0440999999999999,0.0016,0.0256,0.0169,0.0121,0.0009,0.0144,0.0001,0.0025
8.618999999999986,127.96551724137883,2.48,114.31206896551686,-1.05,-58.70965517241351,45.40689655172423,-9.412827586206799,4.938172413793079,38.03748275862057,-41.139379310344715,10.994655172413857,-34.13717241379313,100.01999999999995,-73.47731034482744,124.1182068965516,0.9,0.14,0.03,0.14,0.87,0.5,-0.54,0.03,-0.54,0.0,0.6,0.38,0.01,0.38,0.25,0.6,0.31,0.21,0.31,0.41,0.8,0.03,0.04,0.03,0.62,0.9,-0.67,0.16,-0.67,0.54,1.6,-0.97,0.13,-0.97,0.94,1.5,-0.91,0.11,-0.91,1.18,0.8,-0.75,0.03,-0.75,0.17,1.0,-0.99,0.12,-0.99,0.03,0.6,-0.29,0.01,-0.29,0.51,0.3,-0.27,0.05,-0.27,0.01,0.81,0.25,0.36,0.36,0.6400000000000001,0.81,2.5600000000000005,2.25,0.6400000000000001,1.0,0.36,0.09,0.0196,0.2916,0.1444,0.0961,0.0009,0.4489000000000001,0.9409,0.8281000000000001,0.5625,0.9801,0.0841,0.0729,0.7569,0.0,0.0625,0.1680999999999999,0.3844,0.2916,0.8835999999999999,1.3924,0.0289,0.0009,0.2601,0.0001,0.0009,0.0009,0.0001,0.0440999999999999,0.0016,0.0256,0.0169,0.0121,0.0009,0.0144,0.0001,0.0025
8.668999999999984,129.68965517241324,2.48,115.69862068965473,-1.073793103448265,-59.73689655172382,45.093103448276025,-9.666344827586137,5.027862068965488,37.70310344827592,-41.57041379310331,10.764965517241436,-34.03024137931038,100.01120689655178,-73.86955172413789,124.34368965517244,0.9,0.12,0.02,0.12,0.88,0.5,-0.52,0.01,-0.52,0.01,0.6,0.38,0.0,0.38,0.26,0.6,0.35,0.17,0.35,0.44,0.7,0.0,0.06,0.0,0.64,0.8,-0.67,0.17,-0.67,0.5,1.6,-0.95,0.19,-0.95,1.07,1.4,-0.83,0.01,-0.83,1.12,0.8,-0.77,0.0,-0.77,0.15,0.9,-0.88,0.22,-0.88,0.04,0.6,-0.3,0.0,-0.3,0.51,0.3,-0.27,0.04,-0.27,0.06,0.81,0.25,0.36,0.36,0.4899999999999999,0.6400000000000001,2.5600000000000005,1.96,0.6400000000000001,0.81,0.36,0.09,0.0144,0.2704,0.1444,0.1224999999999999,0.0,0.4489000000000001,0.9025,0.6889,0.5929,0.7744,0.09,0.0729,0.7744,0.0001,0.0676,0.1936,0.4096,0.25,1.1449,1.2544000000000002,0.0225,0.0016,0.2601,0.0036,0.0004,0.0001,0.0,0.0289,0.0036,0.0289,0.0361,0.0001,0.0,0.0484,0.0,0.0016
8.718999999999983,131.37931034482702,2.48,117.06344827586162,-1.1137931034482702,-60.737586206896204,44.637931034482705,-9.844689655172388,4.995103448276016,37.634068965517265,-41.986517241379175,10.655413793103442,-33.97934482758616,99.81441379310343,-73.94079310344809,124.22410344827573,0.9,0.12,0.02,0.12,0.88,0.5,-0.52,0.01,-0.52,0.01,0.6,0.38,0.0,0.38,0.26,0.6,0.35,0.17,0.35,0.44,0.7,0.0,0.06,0.0,0.64,0.8,-0.67,0.17,-0.67,0.5,1.6,-0.95,0.19,-0.95,1.07,1.4,-0.83,0.01,-0.83,1.12,0.8,-0.77,0.0,-0.77,0.15,0.9,-0.88,0.22,-0.88,0.04,0.6,-0.3,0.0,-0.3,0.51,0.3,-0.27,0.04,-0.27,0.06,0.81,0.25,0.36,0.36,0.4899999999999999,0.6400000000000001,2.5600000000000005,1.96,0.6400000000000001,0.81,0.36,0.09,0.0144,0.2704,0.1444,0.1224999999999999,0.0,0.4489000000000001,0.9025,0.6889,0.5929,0.7744,0.09,0.0729,0.7744,0.0001,0.0676,0.1936,0.4096,0.25,1.1449,1.2544000000000002,0.0225,0.0016,0.2601,0.0036,0.0004,0.0001,0.0,0.0289,0.0036,0.0289,0.0361,0.0001,0.0,0.0484,0.0,0.0016
8.768999999999984,133.10344827586152,2.48,118.45275862068922,-1.1310344827586152,-61.771034482758296,44.81034482758615,-9.861310344827647,4.5253103448277425,37.347034482758964,-42.31993103448274,10.711103448275798,-34.14896551724129,99.93734482758612,-74.50244827586191,124.65834482758602,0.9,0.12,0.02,0.12,0.88,0.5,-0.52,0.01,-0.52,0.01,0.6,0.38,0.0,0.38,0.26,0.6,0.35,0.17,0.35,0.44,0.7,0.0,0.06,0.0,0.64,0.8,-0.67,0.17,-0.67,0.5,1.6,-0.95,0.19,-0.95,1.07,1.4,-0.83,0.01,-0.83,1.12,0.8,-0.77,0.0,-0.77,0.15,0.9,-0.88,0.22,-0.88,0.04,0.6,-0.3,0.0,-0.3,0.51,0.3,-0.27,0.04,-0.27,0.06,0.81,0.25,0.36,0.36,0.4899999999999999,0.6400000000000001,2.5600000000000005,1.96,0.6400000000000001,0.81,0.36,0.09,0.0144,0.2704,0.1444,0.1224999999999999,0.0,0.4489000000000001,0.9025,0.6889,0.5929,0.7744,0.09,0.0729,0.7744,0.0001,0.0676,0.1936,0.4096,0.25,1.1449,1.2544000000000002,0.0225,0.0016,0.2601,0.0036,0.0004,0.0001,0.0,0.0289,0.0036,0.0289,0.0361,0.0001,0.0,0.0484,0.0,0.0016
8.818999999999985,134.8571428571423,2.4714285714285773,119.85571428571384,-1.148571428571423,-62.822857142856805,45.07142857142846,-9.662285714285778,4.0880000000001155,36.24742857142892,-42.23400000000007,10.91628571428565,-34.43228571428563,100.20785714285707,-75.02528571428554,125.18742857142843,0.9,0.12,0.02,0.12,0.88,0.5,-0.52,0.01,-0.52,0.01,0.6,0.38,0.0,0.38,0.26,0.6,0.35,0.17,0.35,0.44,0.7,0.0,0.06,0.0,0.64,0.8,-0.67,0.17,-0.67,0.5,1.6,-0.95,0.19,-0.95,1.07,1.4,-0.83,0.01,-0.83,1.12,0.8,-0.77,0.0,-0.77,0.15,0.9,-0.88,0.22,-0.88,0.04,0.6,-0.3,0.0,-0.3,0.51,0.3,-0.27,0.04,-0.27,0.06,0.81,0.25,0.36,0.36,0.4899999999999999,0.6400000000000001,2.5600000000000005,1.96,0.6400000000000001,0.81,0.36,0.09,0.0144,0.2704,0.1444,0.1224999999999999,0.0,0.4489000000000001,0.9025,0.6889,0.5929,0.7744,0.09,0.0729,0.7744,0.0001,0.0676,0.1936,0.4096,0.25,1.1449,1.2544000000000002,0.0225,0.0016,0.2601,0.0036,0.0004,0.0001,0.0,0.0289,0.0036,0.0289,0.0361,0.0001,0.0,0.0484,0.0,0.0016
8.868999999999984,136.58620689655115,2.4641379310344886,121.23896551724091,-1.1658620689655115,-63.86172413793069,45.43448275862046,-9.466758620689719,3.9333448275861884,35.16996551724173,-41.62103448275891,11.116999999999933,-34.65965517241375,100.3133793103448,-75.36558620689654,125.47565517241377,0.9,0.10827586206897688,0.03758620689653468,0.10827586206897688,0.8624137931034653,0.5,-0.5024137931034653,0.021724137931023117,-0.5024137931034653,0.021724137931023117,0.6,0.38,0.005862068965511559,0.38,0.26586206896551157,0.6,0.35,0.16413793103448845,0.35,0.44586206896551156,0.7,-0.017586206896534676,0.06,-0.017586206896534676,0.6165517241379538,0.8,-0.6758620689655116,0.17,-0.6758620689655116,0.4706896551724422,1.6,-0.9148275862069306,0.1782758620689769,-0.9148275862069306,1.1168965517240925,1.4,-0.8417241379310231,0.01586206896551156,-0.8417241379310231,1.108275862068977,0.8,-0.7758620689655116,0.005862068965511559,-0.7758620689655116,0.15586206896551155,0.9,-0.8682758620689769,0.22586206896551156,-0.8682758620689769,0.051724137931023116,0.6,-0.2882758620689769,0.0,-0.2882758620689769,0.5158620689655116,0.3,-0.28172413793102313,0.016551724137953763,-0.28172413793102313,0.09517241379306934,0.81,0.25,0.36,0.36,0.4899999999999999,0.6400000000000001,2.5600000000000005,1.96,0.6400000000000001,0.81,0.36,0.09,0.011820689655174913,0.2526379310344999,0.1444,0.1224999999999999,0.0005275862068960404,0.45681379310344067,0.8377827586207524,0.7085965517241187,0.6019862068965429,0.7540000000000198,0.08320000000000659,0.07946551724137295,0.7439758620689949,0.0005689655172409247,0.07070689655172113,0.1988172413793053,0.38052413793106266,0.2221551724138201,1.2490103448274852,1.228372413793129,0.024317241379308584,0.002772413793102312,0.2661379310344769,0.009931034482752486,0.0016310344827574275,0.0005689655172409247,5.86206896551156e-05,0.026965517241381187,0.0036,0.0289,0.03187931034483168,0.0002758620689653468,5.86206896551156e-05,0.051037931034480205,0.0,0.0006620689655181505
8.918999999999983,138.32142857142793,2.46,122.63035714285664,-1.1832142857142793,-64.90285714285676,46.032142857142794,-9.211571428571599,4.146321428571217,34.15675000000029,-40.519000000000595,11.327642857142768,-34.74367857142859,100.37842857142856,-75.35674999999998,125.52264285714284,0.9,0.1,0.05,0.1,0.85,0.5,-0.49,0.03,-0.49,0.03,0.6,0.38,0.01,0.38,0.27,0.6,0.35,0.16,0.35,0.45,0.7,-0.03,0.06,-0.03,0.6,0.8,-0.68,0.17,-0.68,0.45,1.6,-0.89,0.17,-0.89,1.15,1.4,-0.85,0.02,-0.85,1.1,0.8,-0.78,0.01,-0.78,0.16,0.9,-0.86,0.23,-0.86,0.06,0.6,-0.28,0.0,-0.28,0.52,0.3,-0.29,0.0,-0.29,0.12,0.81,0.25,0.36,0.36,0.4899999999999999,0.6400000000000001,2.5600000000000005,1.96,0.6400000000000001,0.81,0.36,0.09,0.01,0.2400999999999999,0.1444,0.1224999999999999,0.0009,0.4624000000000001,0.7921,0.7224999999999999,0.6084,0.7395999999999999,0.0784,0.0841,0.7224999999999999,0.0009,0.0729,0.2025,0.36,0.2025,1.3224999999999998,1.2100000000000002,0.0256,0.0036,0.2704,0.0144,0.0025,0.0009,0.0001,0.0256,0.0036,0.0289,0.0289,0.0004,0.0001,0.0529,0.0,0.0
8.968999999999983,140.0689655172408,2.46,124.03517241379264,-1.2006896551724078,-65.95137931034446,46.20689655172408,-8.736379310344988,4.7814482758618,33.57817241379304,-39.094172413793295,11.570896551724061,-34.729482758620655,100.3901034482759,-75.42993103448269,125.57641379310343,0.9,0.1,0.05,0.1,0.85,0.5,-0.49,0.03,-0.49,0.03,0.6,0.38,0.01,0.38,0.27,0.6,0.35,0.16,0.35,0.45,0.7,-0.03,0.06,-0.03,0.6,0.8,-0.68,0.17,-0.68,0.45,1.6,-0.89,0.17,-0.89,1.15,1.4,-0.85,0.02,-0.85,1.1,0.8,-0.78,0.01,-0.78,0.16,0.9,-0.86,0.23,-0.86,0.06,0.6,-0.28,0.0,-0.28,0.52,0.3,-0.29,0.0,-0.29,0.12,0.81,0.25,0.36,0.36,0.4899999999999999,0.6400000000000001,2.5600000000000005,1.96,0.6400000000000001,0.81,0.36,0.09,0.01,0.2400999999999999,0.1444,0.1224999999999999,0.0009,0.4624000000000001,0.7921,0.7224999999999999,0.6084,0.7395999999999999,0.0784,0.0841,0.7224999999999999,0.0009,0.0729,0.2025,0.36,0.2025,1.3224999999999998,1.2100000000000002,0.0256,0.0036,0.2704,0.0144,0.0025,0.0009,0.0001,0.0256,0.0036,0.0289,0.0289,0.0004,0.0001,0.0529,0.0,0.0
9.018999999999984,141.7931034482753,2.46,125.41448275862024,-1.217931034482753,-66.99379310344794,46.458620689655056,-8.270862068965668,5.540689655172177,33.758275862068906,-38.41324137931061,11.79251724137924,-34.947827586206785,100.3089655172414,-75.63772413793096,125.63517241379309,0.9,0.1,0.05,0.1,0.85,0.5,-0.49,0.03,-0.49,0.03,0.6,0.38,0.01,0.38,0.27,0.6,0.35,0.16,0.35,0.45,0.7,-0.03,0.06,-0.03,0.6,0.8,-0.68,0.17,-0.68,0.45,1.6,-0.89,0.17,-0.89,1.15,1.4,-0.85,0.02,-0.85,1.1,0.8,-0.78,0.01,-0.78,0.16,0.9,-0.86,0.23,-0.86,0.06,0.6,-0.28,0.0,-0.28,0.52,0.3,-0.29,0.0,-0.29,0.12,0.81,0.25,0.36,0.36,0.4899999999999999,0.6400000000000001,2.5600000000000005,1.96,0.6400000000000001,0.81,0.36,0.09,0.01,0.2400999999999999,0.1444,0.1224999999999999,0.0009,0.4624000000000001,0.7921,0.7224999999999999,0.6084,0.7395999999999999,0.0784,0.0841,0.7224999999999999,0.0009,0.0729,0.2025,0.36,0.2025,1.3224999999999998,1.2100000000000002,0.0256,0.0036,0.2704,0.0144,0.0025,0.0009,0.0001,0.0256,0.0036,0.0289,0.0289,0.0004,0.0001,0.0529,0.0,0.0
9.068999999999983,143.55172413793042,2.45,126.81586206896503,-1.2355172413793043,-68.05655172413756,47.13103448275825,-7.7960344827587855,6.112068965517146,33.94237931034476,-37.34962068965561,12.018620689655094,-35.63403448275823,100.19582758620695,-75.81268965517239,125.650275862069,0.9,0.1,0.05,0.1,0.85,0.5,-0.49,0.03,-0.49,0.03,0.6,0.38,0.01,0.38,0.27,0.6,0.35,0.16,0.35,0.45,0.7,-0.03,0.06,-0.03,0.6,0.8,-0.68,0.17,-0.68,0.45,1.6,-0.89,0.17,-0.89,1.15,1.4,-0.85,0.02,-0.85,1.1,0.8,-0.78,0.01,-0.78,0.16,0.9,-0.86,0.23,-0.86,0.06,0.6,-0.28,0.0,-0.28,0.52,0.3,-0.29,0.0,-0.29,0.12,0.81,0.25,0.36,0.36,0.4899999999999999,0.6400000000000001,2.5600000000000005,1.96,0.6400000000000001,0.81,0.36,0.09,0.01,0.2400999999999999,0.1444,0.1224999999999999,0.0009,0.4624000000000001,0.7921,0.7224999999999999,0.6084,0.7395999999999999,0.0784,0.0841,0.7224999999999999,0.0009,0.0729,0.2025,0.36,0.2025,1.3224999999999998,1.2100000000000002,0.0256,0.0036,0.2704,0.0144,0.0025,0.0009,0.0001,0.0256,0.0036,0.0289,0.0289,0.0004,0.0001,0.0529,0.0,0.0
9.118999999999982,145.28571428571362,2.45,128.19857142857092,-1.25,-69.11142857142818,48.29999999999954,-7.32785714285732,6.324428571428499,34.12399999999993,-36.07957142857191,12.240571428571347,-36.807999999999545,100.07042857142862,-75.82428571428571,125.55871428571433,0.9,0.1,0.05,0.1,0.85,0.5,-0.49,0.03,-0.49,0.03,0.6,0.38,0.01,0.38,0.27,0.6,0.35,0.16,0.35,0.45,0.7,-0.03,0.06,-0.03,0.6,0.8,-0.68,0.17,-0.68,0.45,1.6,-0.89,0.17,-0.89,1.15,1.4,-0.85,0.02,-0.85,1.1,0.8,-0.78,0.01,-0.78,0.16,0.9,-0.86,0.23,-0.86,0.06,0.6,-0.28,0.0,-0.28,0.52,0.3,-0.29,0.0,-0.29,0.12,0.81,0.25,0.36,0.36,0.4899999999999999,0.6400000000000001,2.5600000000000005,1.96,0.6400000000000001,0.81,0.36,0.09,0.01,0.2400999999999999,0.1444,0.1224999999999999,0.0009,0.4624000000000001,0.7921,0.7224999999999999,0.6084,0.7395999999999999,0.0784,0.0841,0.7224999999999999,0.0009,0.0729,0.2025,0.36,0.2025,1.3224999999999998,1.2100000000000002,0.0256,0.0036,0.2704,0.0144,0.0025,0.0009,0.0001,0.0256,0.0036,0.0289,0.0289,0.0004,0.0001,0.0529,0.0,0.0
9.168999999999983,147.03448275862013,2.461379310344805,129.5982758620685,-1.2703448275862013,-70.15999999999967,49.52068965517207,-6.856793103448428,6.479551724137922,34.30655172413787,-34.90720689655197,12.464379310344755,-38.01872413793064,100.12341379310323,-75.70758620689672,125.53048275862061,0.9,0.1,0.05,0.1,0.85,0.5,-0.49,0.03,-0.49,0.03,0.6,0.38,0.01,0.38,0.27,0.6,0.35,0.16,0.35,0.45,0.7,-0.03,0.06,-0.03,0.6,0.8,-0.68,0.17,-0.68,0.45,1.6,-0.89,0.17,-0.89,1.15,1.4,-0.85,0.02,-0.85,1.1,0.8,-0.78,0.01,-0.78,0.16,0.9,-0.86,0.23,-0.86,0.06,0.6,-0.28,0.0,-0.28,0.52,0.3,-0.29,0.0,-0.29,0.12,0.81,0.25,0.36,0.36,0.4899999999999999,0.6400000000000001,2.5600000000000005,1.96,0.6400000000000001,0.81,0.36,0.09,0.01,0.2400999999999999,0.1444,0.1224999999999999,0.0009,0.4624000000000001,0.7921,0.7224999999999999,0.6084,0.7395999999999999,0.0784,0.0841,0.7224999999999999,0.0009,0.0729,0.2025,0.36,0.2025,1.3224999999999998,1.2100000000000002,0.0256,0.0036,0.2704,0.0144,0.0025,0.0009,0.0001,0.0256,0.0036,0.0289,0.0289,0.0004,0.0001,0.0529,0.0,0.0
9.218999999999983,148.7857142857137,2.492142857142863,131.01071428571385,-1.287857142857137,-71.19928571428537,50.96428571428508,-6.540071428571472,6.5083571428571325,34.363571428571454,-34.15121428571454,12.762214285714158,-39.23221428571388,100.32535714285727,-75.38850000000002,125.49964285714297,0.9,0.1,0.05,0.1,0.85,0.5,-0.49,0.03,-0.49,0.03,0.6,0.38,0.01,0.38,0.27,0.6,0.35,0.16,0.35,0.45,0.7,-0.03,0.06,-0.03,0.6,0.8,-0.68,0.17,-0.68,0.45,1.6,-0.89,0.17,-0.89,1.15,1.4,-0.85,0.02,-0.85,1.1,0.8,-0.78,0.01,-0.78,0.16,0.9,-0.86,0.23,-0.86,0.06,0.6,-0.28,0.0,-0.28,0.52,0.3,-0.29,0.0,-0.29,0.12,0.81,0.25,0.36,0.36,0.4899999999999999,0.6400000000000001,2.5600000000000005,1.96,0.6400000000000001,0.81,0.36,0.09,0.01,0.2400999999999999,0.1444,0.1224999999999999,0.0009,0.4624000000000001,0.7921,0.7224999999999999,0.6084,0.7395999999999999,0.0784,0.0841,0.7224999999999999,0.0009,0.0729,0.2025,0.36,0.2025,1.3224999999999998,1.2100000000000002,0.0256,0.0036,0.2704,0.0144,0.0025,0.0009,0.0001,0.0256,0.0036,0.0289,0.0289,0.0004,0.0001,0.0529,0.0,0.0
9.268999999999982,150.48275862068903,2.45,132.34620689655122,-1.2948275862068903,-72.2544827586203,52.941379310344516,-6.605068965517207,6.525103448275866,34.11424137931044,-33.63103448275861,13.235103448275682,-40.323586206896245,99.5581379310346,-75.50231034482762,124.95451724137942,0.9,0.1,0.05,0.1,0.85,0.5,-0.49,0.03,-0.49,0.03,0.6,0.38,0.01,0.38,0.27,0.6,0.35,0.16,0.35,0.45,0.7,-0.03,0.06,-0.03,0.6,0.8,-0.68,0.17,-0.68,0.45,1.6,-0.89,0.17,-0.89,1.15,1.4,-0.85,0.02,-0.85,1.1,0.8,-0.78,0.01,-0.78,0.16,0.9,-0.86,0.23,-0.86,0.06,0.6,-0.28,0.0,-0.28,0.52,0.3,-0.29,0.0,-0.29,0.12,0.81,0.25,0.36,0.36,0.4899999999999999,0.6400000000000001,2.5600000000000005,1.96,0.6400000000000001,0.81,0.36,0.09,0.01,0.2400999999999999,0.1444,0.1224999999999999,0.0009,0.4624000000000001,0.7921,0.7224999999999999,0.6084,0.7395999999999999,0.0784,0.0841,0.7224999999999999,0.0009,0.0729,0.2025,0.36,0.2025,1.3224999999999998,1.2100000000000002,0.0256,0.0036,0.2704,0.0144,0.0025,0.0009,0.0001,0.0256,0.0036,0.0289,0.0289,0.0004,0.0001,0.0529,0.0,0.0
9.318999999999981,152.2413793103442,2.46,133.75068965517193,-1.302413793103442,-73.31724137930996,53.77241379310326,-6.699034482758587,6.489793103448315,33.83562068965527,-33.82689655172397,13.734551724137754,-41.090758620689456,99.358,-75.40575862068967,124.73441379310346,0.9,0.1,0.05,0.1,0.85,0.5,-0.49,0.03,-0.49,0.03,0.6,0.38,0.01,0.38,0.27,0.6,0.35,0.16,0.35,0.45,0.7,-0.03,0.06,-0.03,0.6,0.8,-0.68,0.17,-0.68,0.45,1.6,-0.89,0.17,-0.89,1.15,1.4,-0.85,0.02,-0.85,1.1,0.8,-0.78,0.01,-0.78,0.16,0.9,-0.86,0.23,-0.86,0.06,0.6,-0.28,0.0,-0.28,0.52,0.3,-0.29,0.0,-0.29,0.12,0.81,0.25,0.36,0.36,0.4899999999999999,0.6400000000000001,2.5600000000000005,1.96,0.6400000000000001,0.81,0.36,0.09,0.01,0.2400999999999999,0.1444,0.1224999999999999,0.0009,0.4624000000000001,0.7921,0.7224999999999999,0.6084,0.7395999999999999,0.0784,0.0841,0.7224999999999999,0.0009,0.0729,0.2025,0.36,0.2025,1.3224999999999998,1.2100000000000002,0.0256,0.0036,0.2704,0.0144,0.0025,0.0009,0.0001,0.0256,0.0036,0.0289,0.0289,0.0004,0.0001,0.0529,0.0,0.0
9.368999999999982,153.9655172413787,2.4793103448275744,135.12241379310296,-1.3293103448275745,-74.34965517241345,54.386206896551485,-6.791172413793072,6.3966206896552,33.56341379310354,-34.15855172413785,14.220344827586041,-41.57048275862054,99.55689655172401,-75.4418965517241,124.9150344827585,0.9,0.1,0.05,0.1,0.85,0.5,-0.49,0.03,-0.49,0.03,0.6,0.38,0.01,0.38,0.27,0.6,0.35,0.16,0.35,0.45,0.7,-0.03,0.06,-0.03,0.6,0.8,-0.68,0.17,-0.68,0.45,1.6,-0.89,0.17,-0.89,1.15,1.4,-0.85,0.02,-0.85,1.1,0.8,-0.78,0.01,-0.78,0.16,0.9,-0.86,0.23,-0.86,0.06,0.6,-0.28,0.0,-0.28,0.52,0.3,-0.29,0.0,-0.29,0.12,0.81,0.25,0.36,0.36,0.4899999999999999,0.6400000000000001,2.5600000000000005,1.96,0.6400000000000001,0.81,0.36,0.09,0.01,0.2400999999999999,0.1444,0.1224999999999999,0.0009,0.4624000000000001,0.7921,0.7224999999999999,0.6084,0.7395999999999999,0.0784,0.0841,0.7224999999999999,0.0009,0.0729,0.2025,0.36,0.2025,1.3224999999999998,1.2100000000000002,0.0256,0.0036,0.2704,0.0144,0.0025,0.0009,0.0001,0.0256,0.0036,0.0289,0.0289,0.0004,0.0001,0.0529,0.0,0.0
9.418999999999983,155.77777777777712,2.5433333333333135,136.59999999999945,-1.3555555555555425,-75.40111111111074,55.644444444443984,-6.885444444444411,6.347777777777795,33.28522222222232,-34.038555555555604,14.71811111111093,-41.84488888888879,100.43866666666635,-75.77388888888876,125.82488888888855,0.8,0.15,0.08,0.15,0.79,0.5,-0.49,0.02,-0.49,0.02,0.6,0.37,0.0,0.37,0.27,0.6,0.35,0.16,0.35,0.45,0.8,-0.03,0.01,-0.03,0.66,0.8,-0.62,0.19,-0.62,0.44,1.6,-0.75,0.11,-0.75,1.2,1.5,-0.93,0.05,-0.93,1.07,0.8,-0.79,0.02,-0.79,0.17,0.9,-0.86,0.23,-0.86,0.04,0.6,-0.28,0.0,-0.28,0.53,0.4,-0.31,0.04,-0.31,0.17,0.6400000000000001,0.25,0.36,0.36,0.6400000000000001,0.6400000000000001,2.5600000000000005,2.25,0.6400000000000001,0.81,0.36,0.16,0.0225,0.2400999999999999,0.1369,0.1224999999999999,0.0009,0.3844,0.5625,0.8649000000000001,0.6241000000000001,0.7395999999999999,0.0784,0.0961,0.6241000000000001,0.0004,0.0729,0.2025,0.4356,0.1936,1.44,1.1449,0.0289,0.0016,0.2809,0.0289,0.0064,0.0004,0.0,0.0256,0.0001,0.0361,0.0121,0.0025,0.0004,0.0529,0.0,0.0016
9.468999999999982,157.51612903225748,2.553870967741976,137.98741935483827,-1.3645161290322756,-76.44032258064479,56.75806451612874,-6.749774193548611,6.30054838709679,32.89258064516152,-33.91325806451617,14.994161290322648,-42.11212903225797,100.63122580645208,-75.82706451612923,126.01087096774243,0.8,0.15,0.08,0.15,0.79,0.5,-0.49,0.02,-0.49,0.02,0.6,0.37,0.0,0.37,0.27,0.6,0.35,0.16,0.35,0.45,0.8,-0.03,0.01,-0.03,0.66,0.8,-0.62,0.19,-0.62,0.44,1.6,-0.75,0.11,-0.75,1.2,1.5,-0.93,0.05,-0.93,1.07,0.8,-0.79,0.02,-0.79,0.17,0.9,-0.86,0.23,-0.86,0.04,0.6,-0.28,0.0,-0.28,0.53,0.4,-0.31,0.04,-0.31,0.17,0.6400000000000001,0.25,0.36,0.36,0.6400000000000001,0.6400000000000001,2.5600000000000005,2.25,0.6400000000000001,0.81,0.36,0.16,0.0225,0.2400999999999999,0.1369,0.1224999999999999,0.0009,0.3844,0.5625,0.8649000000000001,0.6241000000000001,0.7395999999999999,0.0784,0.0961,0.6241000000000001,0.0004,0.0729,0.2025,0.4356,0.1936,1.44,1.1449,0.0289,0.0016,0.2809,0.0289,0.0064,0.0004,0.0,0.0256,0.0001,0.0361,0.0121,0.0025,0.0004,0.0529,0.0,0.0016
9.51899999999998,159.18518518518448,2.4655555555555346,139.27999999999943,-1.3455555555555345,-77.497407407407,57.24444444444465,-6.024222222222518,6.368148148147966,32.189666666666945,-33.77025925925933,14.719333333333452,-42.309444444444466,99.563222222222,-75.31588888888889,124.84144444444426,0.8,0.15,0.08,0.15,0.79,0.5,-0.49,0.02,-0.49,0.02,0.6,0.37,0.0,0.37,0.27,0.6,0.35,0.16,0.35,0.45,0.8,-0.03,0.01,-0.03,0.66,0.8,-0.62,0.19,-0.62,0.44,1.6,-0.75,0.11,-0.75,1.2,1.5,-0.93,0.05,-0.93,1.07,0.8,-0.79,0.02,-0.79,0.17,0.9,-0.86,0.23,-0.86,0.04,0.6,-0.28,0.0,-0.28,0.53,0.4,-0.31,0.04,-0.31,0.17,0.6400000000000001,0.25,0.36,0.36,0.6400000000000001,0.6400000000000001,2.5600000000000005,2.25,0.6400000000000001,0.81,0.36,0.16,0.0225,0.2400999999999999,0.1369,0.1224999999999999,0.0009,0.3844,0.5625,0.8649000000000001,0.6241000000000001,0.7395999999999999,0.0784,0.0961,0.6241000000000001,0.0004,0.0729,0.2025,0.4356,0.1936,1.44,1.1449,0.0289,0.0016,0.2809,0.0289,0.0064,0.0004,0.0,0.0256,0.0001,0.0361,0.0121,0.0025,0.0004,0.0529,0.0,0.0016
9.568999999999981,160.9999999999993,2.509999999999986,140.74999999999943,-1.389999999999986,-78.5499999999996,56.70000000000021,-5.349000000000233,6.653999999999948,31.62100000000017,-33.74299999999996,14.411000000000117,-42.278000000000006,100.01599999999988,-75.25400000000005,125.16899999999993,0.8,0.15,0.08,0.15,0.79,0.5,-0.49,0.02,-0.49,0.02,0.6,0.37,0.0,0.37,0.27,0.6,0.35,0.16,0.35,0.45,0.8,-0.03,0.01,-0.03,0.66,0.8,-0.62,0.19,-0.62,0.44,1.6,-0.75,0.11,-0.75,1.2,1.5,-0.93,0.05,-0.93,1.07,0.8,-0.79,0.02,-0.79,0.17,0.9,-0.86,0.23,-0.86,0.04,0.6,-0.28,0.0,-0.28,0.53,0.4,-0.31,0.04,-0.31,0.17,0.6400000000000001,0.25,0.36,0.36,0.6400000000000001,0.6400000000000001,2.5600000000000005,2.25,0.6400000000000001,0.81,0.36,0.16,0.0225,0.2400999999999999,0.1369,0.1224999999999999,0.0009,0.3844,0.5625,0.8649000000000001,0.6241000000000001,0.7395999999999999,0.0784,0.0961,0.6241000000000001,0.0004,0.0729,0.2025,0.4356,0.1936,1.44,1.1449,0.0289,0.0016,0.2809,0.0289,0.0064,0.0004,0.0,0.0256,0.0001,0.0361,0.0121,0.0025,0.0004,0.0529,0.0,0.0016
9.618999999999982,162.72413793103385,2.5055172413793234,142.12206896551675,-1.4072413793103382,-79.58448275862031,56.5,-5.110172413793139,6.291482758620826,31.493310344827687,-34.32148275862047,14.235758620689662,-42.32527586206895,99.90186206896557,-75.16662068965513,125.02351724137932,0.8,0.15,0.08,0.15,0.79,0.5,-0.49,0.02,-0.49,0.02,0.6,0.37,0.0,0.37,0.27,0.6,0.35,0.16,0.35,0.45,0.8,-0.03,0.01,-0.03,0.66,0.8,-0.62,0.19,-0.62,0.44,1.6,-0.75,0.11,-0.75,1.2,1.5,-0.93,0.05,-0.93,1.07,0.8,-0.79,0.02,-0.79,0.17,0.9,-0.86,0.23,-0.86,0.04,0.6,-0.28,0.0,-0.28,0.53,0.4,-0.31,0.04,-0.31,0.17,0.6400000000000001,0.25,0.36,0.36,0.6400000000000001,0.6400000000000001,2.5600000000000005,2.25,0.6400000000000001,0.81,0.36,0.16,0.0225,0.2400999999999999,0.1369,0.1224999999999999,0.0009,0.3844,0.5625,0.8649000000000001,0.6241000000000001,0.7395999999999999,0.0784,0.0961,0.6241000000000001,0.0004,0.0729,0.2025,0.4356,0.1936,1.44,1.1449,0.0289,0.0016,0.2809,0.0289,0.0064,0.0004,0.0,0.0256,0.0001,0.0361,0.0121,0.0025,0.0004,0.0529,0.0,0.0016
9.668999999999981,164.4482758620683,2.4665517241379513,143.48413793103393,-1.4,-80.63344827586165,56.54482758620683,-5.1326551724137754,5.922068965517386,31.106758620689817,-34.908862068965284,14.348862068965463,-42.37355172413791,99.77003448275867,-75.43455172413782,125.07982758620687,0.8,0.18,0.13,0.18,0.73,0.5,-0.52,0.01,-0.52,0.01,0.6,0.37,0.0,0.37,0.28,0.5,0.31,0.2,0.31,0.4,0.8,0.04,0.05,0.04,0.68,0.7,-0.51,0.2,-0.51,0.51,1.4,-0.47,0.14,-0.47,1.16,1.7,-1.16,0.28,-1.16,1.23,0.9,-0.82,0.06,-0.82,0.22,0.9,-0.86,0.21,-0.86,0.03,0.6,-0.25,0.0,-0.25,0.54,0.4,-0.39,0.09,-0.39,0.13,0.6400000000000001,0.25,0.36,0.25,0.6400000000000001,0.4899999999999999,1.96,2.89,0.81,0.81,0.36,0.16,0.0324,0.2704,0.1369,0.0961,0.0016,0.2601,0.2208999999999999,1.3456,0.6723999999999999,0.7395999999999999,0.0625,0.1521,0.5328999999999999,0.0001,0.0784,0.16,0.4624000000000001,0.2601,1.3456,1.5129,0.0484,0.0009,0.2916,0.0169,0.0169,0.0001,0.0,0.04,0.0025,0.04,0.0196,0.0784,0.0036,0.0440999999999999,0.0,0.0081
9.71899999999998,166.17241379310275,2.4248275862069177,144.84620689655117,-1.3982758620689726,-81.68517241379267,56.6,-5.176482758620671,5.552931034482911,30.69913793103465,-35.49779310344803,14.48679310344822,-42.42182758620688,99.63655172413799,-75.73282758620678,125.15358620689652,0.8,0.18,0.13,0.18,0.73,0.5,-0.52,0.01,-0.52,0.01,0.6,0.37,0.0,0.37,0.28,0.5,0.31,0.2,0.31,0.4,0.8,0.04,0.05,0.04,0.68,0.7,-0.51,0.2,-0.51,0.51,1.4,-0.47,0.14,-0.47,1.16,1.7,-1.16,0.28,-1.16,1.23,0.9,-0.82,0.06,-0.82,0.22,0.9,-0.86,0.21,-0.86,0.03,0.6,-0.25,0.0,-0.25,0.54,0.4,-0.39,0.09,-0.39,0.13,0.6400000000000001,0.25,0.36,0.25,0.6400000000000001,0.4899999999999999,1.96,2.89,0.81,0.81,0.36,0.16,0.0324,0.2704,0.1369,0.0961,0.0016,0.2601,0.2208999999999999,1.3456,0.6723999999999999,0.7395999999999999,0.0625,0.1521,0.5328999999999999,0.0001,0.0784,0.16,0.4624000000000001,0.2601,1.3456,1.5129,0.0484,0.0009,0.2916,0.0169,0.0169,0.0001,0.0,0.04,0.0025,0.04,0.0196,0.0784,0.0036,0.0440999999999999,0.0,0.0081
9.76899999999998,167.89655172413725,2.3731034482758826,146.20827586206843,-1.39,-82.73689655172372,56.68965517241373,-5.220413793103432,4.95720689655204,30.292310344827747,-35.57737931034498,14.623827586206843,-42.498793103448236,99.58365517241378,-76.0059999999999,125.27696551724132,0.8,0.18,0.13,0.18,0.73,0.5,-0.52,0.01,-0.52,0.01,0.6,0.37,0.0,0.37,0.28,0.5,0.31,0.2,0.31,0.4,0.8,0.04,0.05,0.04,0.68,0.7,-0.51,0.2,-0.51,0.51,1.4,-0.47,0.14,-0.47,1.16,1.7,-1.16,0.28,-1.16,1.23,0.9,-0.82,0.06,-0.82,0.22,0.9,-0.86,0.21,-0.86,0.03,0.6,-0.25,0.0,-0.25,0.54,0.4,-0.39,0.09,-0.39,0.13,0.6400000000000001,0.25,0.36,0.25,0.6400000000000001,0.4899999999999999,1.96,2.89,0.81,0.81,0.36,0.16,0.0324,0.2704,0.1369,0.0961,0.0016,0.2601,0.2208999999999999,1.3456,0.6723999999999999,0.7395999999999999,0.0625,0.1521,0.5328999999999999,0.0001,0.0784,0.16,0.4624000000000001,0.2601,1.3456,1.5129,0.0484,0.0009,0.2916,0.0169,0.0169,0.0001,0.0,0.04,0.0025,0.04,0.0196,0.0784,0.0036,0.0440999999999999,0.0,0.0081
9.818999999999981,169.62068965517176,2.321379310344847,147.5703448275857,-1.3837931034482822,-83.78862068965478,56.8,-5.264517241379294,3.84551724137967,29.88775862068981,-34.57489655172433,14.76103448275857,-42.58234482758622,99.69396551724137,-76.238172413793,125.50417241379303,0.8,0.18,0.13,0.18,0.73,0.5,-0.52,0.01,-0.52,0.01,0.6,0.37,0.0,0.37,0.28,0.5,0.31,0.2,0.31,0.4,0.8,0.04,0.05,0.04,0.68,0.7,-0.51,0.2,-0.51,0.51,1.4,-0.47,0.14,-0.47,1.16,1.7,-1.16,0.28,-1.16,1.23,0.9,-0.82,0.06,-0.82,0.22,0.9,-0.86,0.21,-0.86,0.03,0.6,-0.25,0.0,-0.25,0.54,0.4,-0.39,0.09,-0.39,0.13,0.6400000000000001,0.25,0.36,0.25,0.6400000000000001,0.4899999999999999,1.96,2.89,0.81,0.81,0.36,0.16,0.0324,0.2704,0.1369,0.0961,0.0016,0.2601,0.2208999999999999,1.3456,0.6723999999999999,0.7395999999999999,0.0625,0.1521,0.5328999999999999,0.0001,0.0784,0.16,0.4624000000000001,0.2601,1.3456,1.5129,0.0484,0.0009,0.2916,0.0169,0.0169,0.0001,0.0,0.04,0.0025,0.04,0.0196,0.0784,0.0036,0.0440999999999999,0.0,0.0081
9.86899999999998,171.3448275862062,2.2596551724138134,148.9324137931029,-1.366551724137938,-84.84034482758578,56.66551724137938,-5.307965517241362,3.039379310345022,29.484310344827747,-34.06186206896598,14.897241379310291,-42.489034482758676,99.72375862068957,-76.51565517241372,125.69593103448264,0.7655172413793784,0.18689655172412434,0.13344827586206218,0.18689655172412434,0.7196551724138135,0.5344827586206217,-0.5268965517241243,0.02034482758618649,-0.5268965517241243,0.016896551724124326,0.6,0.36655172413793785,0.0034482758620621645,0.36655172413793785,0.28,0.5,0.30310344827587565,0.2,0.30310344827587565,0.3931034482758757,0.8,0.043448275862062166,0.04655172413793784,0.043448275862062166,0.68,0.7,-0.47551724137937834,0.21379310344824867,-0.47551724137937834,0.5203448275861865,1.3655172413793784,-0.45275862068968914,0.14344827586206216,-0.45275862068968914,1.1703448275861865,1.7344827586206217,-1.1772413793103107,0.29724137931031086,-1.1772413793103107,1.2472413793103108,0.9,-0.8234482758620622,0.06689655172412433,-0.8234482758620622,0.2303448275861865,0.9,-0.86,0.20655172413793785,-0.86,0.033448275862062164,0.6,-0.24655172413793783,0.0,-0.24655172413793783,0.54,0.4,-0.4003448275861865,0.09689655172412433,-0.4003448275861865,0.09896551724144054,0.5882758620690676,0.2879310344826838,0.36,0.25,0.6400000000000001,0.4899999999999999,1.8668965517243217,3.010689655172176,0.81,0.81,0.36,0.16,0.03502068965516725,0.2777103448275718,0.13438275862069463,0.0919620689655254,0.001910344827585595,0.22837586206902805,0.20555517241382326,1.3864620689654366,0.6780896551724025,0.7395999999999999,0.06081034482758954,0.16047931034481103,0.5181068965517532,0.00037586206896497314,0.0784,0.15462068965518302,0.4624000000000001,0.27096206896549585,1.3699103448275383,1.5561758620688801,0.05326206896550765,0.0011413793103443514,0.2916,0.011624137931044887,0.01783103448275678,0.0006172413793093247,3.448275862062164e-05,0.04,0.0021896551724144052,0.04606896551722941,0.020599999999998026,0.0889172413792896,0.004565517241377406,0.042686206896554446,0.0,0.009479310344824866
9.91899999999998,173.07142857142784,2.1871428571428866,150.29571428571373,-1.3592857142857218,-85.89428571428525,56.59285714285722,-5.351785714285695,2.6567857142857063,29.081357142857314,-32.74842857142935,15.032642857142799,-42.36985714285716,99.89942857142856,-76.70671428571421,125.95128571428566,0.7,0.2,0.14,0.2,0.7,0.6,-0.54,0.04,-0.54,0.03,0.6,0.36,0.01,0.36,0.28,0.5,0.29,0.2,0.29,0.38,0.8,0.05,0.04,0.05,0.68,0.7,-0.41,0.24,-0.41,0.54,1.3,-0.42,0.15,-0.42,1.19,1.8,-1.21,0.33,-1.21,1.28,0.9,-0.83,0.08,-0.83,0.25,0.9,-0.86,0.2,-0.86,0.04,0.6,-0.24,0.0,-0.24,0.54,0.4,-0.42,0.11,-0.42,0.04,0.4899999999999999,0.36,0.36,0.25,0.6400000000000001,0.4899999999999999,1.6900000000000002,3.24,0.81,0.81,0.36,0.16,0.04,0.2916,0.1296,0.0841,0.0025,0.1680999999999999,0.1763999999999999,1.4641,0.6889,0.7395999999999999,0.0576,0.1763999999999999,0.4899999999999999,0.0009,0.0784,0.1444,0.4624000000000001,0.2916,1.4161,1.6384,0.0625,0.0016,0.2916,0.0016,0.0196,0.0016,0.0001,0.04,0.0016,0.0576,0.0225,0.1089,0.0064,0.04,0.0,0.0121
9.96899999999998,174.82758620689586,2.1086206896552073,151.67379310344774,-1.3417241379310416,-86.97482758620647,56.58275862068959,-5.395689655172396,2.8076896551722945,28.67300000000016,-30.964896551724816,15.170551724137876,-42.40879310344823,99.90641379310345,-76.78572413793104,126.00510344827588,0.7,0.2,0.14,0.2,0.7,0.6,-0.54,0.04,-0.54,0.03,0.6,0.36,0.01,0.36,0.28,0.5,0.29,0.2,0.29,0.38,0.8,0.05,0.04,0.05,0.68,0.7,-0.41,0.24,-0.41,0.54,1.3,-0.42,0.15,-0.42,1.19,1.8,-1.21,0.33,-1.21,1.28,0.9,-0.83,0.08,-0.83,0.25,0.9,-0.86,0.2,-0.86,0.04,0.6,-0.24,0.0,-0.24,0.54,0.4,-0.42,0.11,-0.42,0.04,0.4899999999999999,0.36,0.36,0.25,0.6400000000000001,0.4899999999999999,1.6900000000000002,3.24,0.81,0.81,0.36,0.16,0.04,0.2916,0.1296,0.0841,0.0025,0.1680999999999999,0.1763999999999999,1.4641,0.6889,0.7395999999999999,0.0576,0.1763999999999999,0.4899999999999999,0.0009,0.0784,0.1444,0.4624000000000001,0.2916,1.4161,1.6384,0.0625,0.0016,0.2916,0.0016,0.0196,0.0016,0.0001,0.04,0.0016,0.0576,0.0225,0.1089,0.0064,0.04,0.0,0.0121
10.01899999999998,176.55172413793036,2.0324137931034816,153.03586206896497,-1.3244827586206964,-88.02655172413752,56.86551724137911,-5.439793103448259,3.420344827585858,28.270448275862226,-29.422655172414373,15.3065862068965,-42.67268965517226,99.80186206896559,-76.6412413793104,125.83410344827595,0.7,0.2,0.14,0.2,0.7,0.6,-0.54,0.04,-0.54,0.03,0.6,0.36,0.01,0.36,0.28,0.5,0.29,0.2,0.29,0.38,0.8,0.05,0.04,0.05,0.68,0.7,-0.41,0.24,-0.41,0.54,1.3,-0.42,0.15,-0.42,1.19,1.8,-1.21,0.33,-1.21,1.28,0.9,-0.83,0.08,-0.83,0.25,0.9,-0.86,0.2,-0.86,0.04,0.6,-0.24,0.0,-0.24,0.54,0.4,-0.42,0.11,-0.42,0.04,0.4899999999999999,0.36,0.36,0.25,0.6400000000000001,0.4899999999999999,1.6900000000000002,3.24,0.81,0.81,0.36,0.16,0.04,0.2916,0.1296,0.0841,0.0025,0.1680999999999999,0.1763999999999999,1.4641,0.6889,0.7395999999999999,0.0576,0.1763999999999999,0.4899999999999999,0.0009,0.0784,0.1444,0.4624000000000001,0.2916,1.4161,1.6384,0.0625,0.0016,0.2916,0.0016,0.0196,0.0016,0.0001,0.04,0.0016,0.0576,0.0225,0.1089,0.0064,0.04,0.0,0.0121
10.06899999999998,178.33333333333258,1.9833333333333025,154.46666666666604,-1.3566666666665823,-89.08333333333292,57.66666666666582,-5.4836666666666485,4.437333333332846,27.86366666666683,-28.0780000000003,15.443999999999946,-43.15366666666638,99.70066666666655,-76.32900000000035,125.56433333333345,0.7,0.2,0.14,0.2,0.7,0.6,-0.54,0.04,-0.54,0.03,0.6,0.36,0.01,0.36,0.28,0.5,0.29,0.2,0.29,0.38,0.8,0.05,0.04,0.05,0.68,0.7,-0.41,0.24,-0.41,0.54,1.3,-0.42,0.15,-0.42,1.19,1.8,-1.21,0.33,-1.21,1.28,0.9,-0.83,0.08,-0.83,0.25,0.9,-0.86,0.2,-0.86,0.04,0.6,-0.24,0.0,-0.24,0.54,0.4,-0.42,0.11,-0.42,0.04,0.4899999999999999,0.36,0.36,0.25,0.6400000000000001,0.4899999999999999,1.6900000000000002,3.24,0.81,0.81,0.36,0.16,0.04,0.2916,0.1296,0.0841,0.0025,0.1680999999999999,0.1763999999999999,1.4641,0.6889,0.7395999999999999,0.0576,0.1763999999999999,0.4899999999999999,0.0009,0.0784,0.1444,0.4624000000000001,0.2916,1.4161,1.6384,0.0625,0.0016,0.2916,0.0016,0.0196,0.0016,0.0001,0.04,0.0016,0.0576,0.0225,0.1089,0.0064,0.04,0.0,0.0121
10.118999999999978,180.20689655172342,2.019655172413829,156.00551724137873,-1.52,-90.14413793103404,59.403448275861706,-5.292241379310761,5.64106896551675,27.55758620689653,-27.12306896551793,15.53551724137934,-43.88968965517206,99.90217241379315,-75.64351724137934,125.31168965517247,0.7,0.1958620689655318,0.14206896551723414,0.1958620689655318,0.6958620689655317,0.6,-0.54,0.04,-0.54,0.03413793103446823,0.6,0.36,0.01,0.36,0.28,0.5,0.29,0.2,0.29,0.38,0.8,0.03758620689659532,0.044137931034468225,0.03758620689659532,0.6862068965517024,0.7,-0.391379310344893,0.24,-0.391379310344893,0.5503448275861705,1.320689655172341,-0.4344827586206388,0.14379310344829765,-0.4344827586206388,1.1941379310344682,1.8,-1.2141379310344682,0.33827586206893645,-1.2141379310344682,1.2882758620689365,0.9,-0.83,0.08,-0.83,0.25,0.9,-0.86,0.2,-0.86,0.04,0.6,-0.24,0.0,-0.24,0.54,0.4,-0.4220689655172341,0.11206896551723411,-0.4220689655172341,0.044137931034468225,0.4899999999999999,0.36,0.36,0.25,0.6400000000000001,0.4899999999999999,1.7458620689653213,3.24,0.81,0.81,0.36,0.16,0.03842758620690207,0.2916,0.1296,0.0841,0.002003448275863813,0.1545068965517718,0.1895793103447812,1.4741965517241025,0.6889,0.7395999999999999,0.0576,0.17815862068964888,0.4842896551724338,0.0012310344827574581,0.0784,0.1444,0.4710275862068663,0.3032896551723727,1.4260310344827236,1.659917241379235,0.0625,0.0016,0.2916,0.002013793103446823,0.020199999999997893,0.0016,0.0001,0.04,0.002013793103446823,0.0576,0.02082413793104037,0.1146931034482555,0.0064,0.04,0.0,0.012575862068963845
10.16899999999998,181.93103448275792,1.9520689655172623,157.38482758620634,-1.5293103448275793,-91.16931034482717,60.07931034482738,-4.490655172414052,6.717999999999596,27.576206896551728,-25.79289655172457,15.561655172413749,-44.684172413792794,99.76082758620697,-75.52720689655179,125.12824137931044,0.7,0.18,0.15,0.18,0.68,0.6,-0.54,0.04,-0.54,0.05,0.6,0.36,0.01,0.36,0.28,0.5,0.29,0.2,0.29,0.38,0.8,-0.01,0.06,-0.01,0.71,0.7,-0.32,0.24,-0.32,0.59,1.4,-0.49,0.12,-0.49,1.21,1.8,-1.23,0.37,-1.23,1.32,0.9,-0.83,0.08,-0.83,0.25,0.9,-0.86,0.2,-0.86,0.04,0.6,-0.24,0.0,-0.24,0.54,0.4,-0.43,0.12,-0.43,0.06,0.4899999999999999,0.36,0.36,0.25,0.6400000000000001,0.4899999999999999,1.96,3.24,0.81,0.81,0.36,0.16,0.0324,0.2916,0.1296,0.0841,0.0001,0.1024,0.2400999999999999,1.5129,0.6889,0.7395999999999999,0.0576,0.1848999999999999,0.4624000000000001,0.0025,0.0784,0.1444,0.5041,0.3480999999999999,1.4641,1.7424000000000002,0.0625,0.0016,0.2916,0.0036,0.0225,0.0016,0.0001,0.04,0.0036,0.0576,0.0144,0.1369,0.0064,0.04,0.0,0.0144
10.21899999999998,183.6896551724131,1.8779310344828204,158.78793103448223,-1.536206896551738,-92.22448275862025,60.71379310344786,-4.56810344827565,7.5346896551720945,27.234379310345126,-25.405931034482897,15.978241379310129,-45.407517241379026,99.53796551724145,-75.3387931034483,124.8358965517242,0.7,0.18,0.15,0.18,0.68,0.6,-0.54,0.04,-0.54,0.05,0.6,0.36,0.01,0.36,0.28,0.5,0.29,0.2,0.29,0.38,0.8,-0.01,0.06,-0.01,0.71,0.7,-0.32,0.24,-0.32,0.59,1.4,-0.49,0.12,-0.49,1.21,1.8,-1.23,0.37,-1.23,1.32,0.9,-0.83,0.08,-0.83,0.25,0.9,-0.86,0.2,-0.86,0.04,0.6,-0.24,0.0,-0.24,0.54,0.4,-0.43,0.12,-0.43,0.06,0.4899999999999999,0.36,0.36,0.25,0.6400000000000001,0.4899999999999999,1.96,3.24,0.81,0.81,0.36,0.16,0.0324,0.2916,0.1296,0.0841,0.0001,0.1024,0.2400999999999999,1.5129,0.6889,0.7395999999999999,0.0576,0.1848999999999999,0.4624000000000001,0.0025,0.0784,0.1444,0.5041,0.3480999999999999,1.4641,1.7424000000000002,0.0625,0.0016,0.2916,0.0036,0.0225,0.0016,0.0001,0.04,0.0036,0.0576,0.0144,0.1369,0.0064,0.04,0.0,0.0144
10.268999999999979,185.37931034482688,1.7134482758621195,160.09586206896498,-1.4962068965517314,-93.29137931034438,61.775862068965374,-5.338965517241029,8.196448275861973,26.27093103448319,-24.84710344827641,16.581689655172152,-46.023551724137796,99.35727586206909,-75.30510344827593,124.67093103448289,0.7,0.18,0.15,0.18,0.68,0.6,-0.54,0.04,-0.54,0.05,0.6,0.36,0.01,0.36,0.28,0.5,0.29,0.2,0.29,0.38,0.8,-0.01,0.06,-0.01,0.71,0.7,-0.32,0.24,-0.32,0.59,1.4,-0.49,0.12,-0.49,1.21,1.8,-1.23,0.37,-1.23,1.32,0.9,-0.83,0.08,-0.83,0.25,0.9,-0.86,0.2,-0.86,0.04,0.6,-0.24,0.0,-0.24,0.54,0.4,-0.43,0.12,-0.43,0.06,0.4899999999999999,0.36,0.36,0.25,0.6400000000000001,0.4899999999999999,1.96,3.24,0.81,0.81,0.36,0.16,0.0324,0.2916,0.1296,0.0841,0.0001,0.1024,0.2400999999999999,1.5129,0.6889,0.7395999999999999,0.0576,0.1848999999999999,0.4624000000000001,0.0025,0.0784,0.1444,0.5041,0.3480999999999999,1.4641,1.7424000000000002,0.0625,0.0016,0.2916,0.0036,0.0225,0.0016,0.0001,0.04,0.0036,0.0576,0.0144,0.1369,0.0064,0.04,0.0,0.0144
10.318999999999978,187.10714285714204,1.6178571428571593,161.46785714285647,-1.4942857142856816,-94.33214285714239,62.51785714285624,-6.171249999999618,8.390499999999966,25.248392857143326,-23.78400000000009,17.204607142856858,-46.29103571428568,99.10032142857149,-75.19210714285711,124.39796428571432,0.7,0.18,0.15,0.18,0.68,0.6,-0.54,0.04,-0.54,0.05,0.6,0.36,0.01,0.36,0.28,0.5,0.29,0.2,0.29,0.38,0.8,-0.01,0.06,-0.01,0.71,0.7,-0.32,0.24,-0.32,0.59,1.4,-0.49,0.12,-0.49,1.21,1.8,-1.23,0.37,-1.23,1.32,0.9,-0.83,0.08,-0.83,0.25,0.9,-0.86,0.2,-0.86,0.04,0.6,-0.24,0.0,-0.24,0.54,0.4,-0.43,0.12,-0.43,0.06,0.4899999999999999,0.36,0.36,0.25,0.6400000000000001,0.4899999999999999,1.96,3.24,0.81,0.81,0.36,0.16,0.0324,0.2916,0.1296,0.0841,0.0001,0.1024,0.2400999999999999,1.5129,0.6889,0.7395999999999999,0.0576,0.1848999999999999,0.4624000000000001,0.0025,0.0784,0.1444,0.5041,0.3480999999999999,1.4641,1.7424000000000002,0.0625,0.0016,0.2916,0.0036,0.0225,0.0016,0.0001,0.04,0.0036,0.0576,0.0144,0.1369,0.0064,0.04,0.0,0.0144
10.368999999999978,188.86206896551653,1.556896551724174,162.88965517241323,-1.5386206896551653,-95.35862068965474,63.931034482758264,-7.283965517240799,8.426275862068968,24.166034482759095,-23.555551724138038,17.330931034482912,-46.297655172413826,98.91075862068975,-75.18955172413796,124.24565517241388,0.7,0.18,0.15,0.18,0.68,0.6,-0.54,0.04,-0.54,0.05,0.6,0.36,0.01,0.36,0.28,0.5,0.29,0.2,0.29,0.38,0.8,-0.01,0.06,-0.01,0.71,0.7,-0.32,0.24,-0.32,0.59,1.4,-0.49,0.12,-0.49,1.21,1.8,-1.23,0.37,-1.23,1.32,0.9,-0.83,0.08,-0.83,0.25,0.9,-0.86,0.2,-0.86,0.04,0.6,-0.24,0.0,-0.24,0.54,0.4,-0.43,0.12,-0.43,0.06,0.4899999999999999,0.36,0.36,0.25,0.6400000000000001,0.4899999999999999,1.96,3.24,0.81,0.81,0.36,0.16,0.0324,0.2916,0.1296,0.0841,0.0001,0.1024,0.2400999999999999,1.5129,0.6889,0.7395999999999999,0.0576,0.1848999999999999,0.4624000000000001,0.0025,0.0784,0.1444,0.5041,0.3480999999999999,1.4641,1.7424000000000002,0.0625,0.0016,0.2916,0.0036,0.0225,0.0016,0.0001,0.04,0.0036,0.0576,0.0144,0.1369,0.0064,0.04,0.0,0.0144
10.41899999999998,190.56666666666598,1.4246666666667218,164.23766666666612,-1.5086666666666806,-96.40566666666625,63.73000000000021,-9.188966666665873,8.152766666666944,22.90826666666718,-23.264000000000106,16.065900000000546,-46.01536666666685,98.59730000000012,-75.06663333333336,123.92153333333346,0.7,0.15,0.16,0.15,0.66,0.6,-0.55,0.05,-0.55,0.09,0.6,0.36,0.03,0.36,0.27,0.5,0.25,0.19,0.25,0.37,0.9,0.01,0.11,0.01,0.8,0.6,-0.2,0.25,-0.2,0.61,1.4,-0.53,0.07,-0.53,1.24,1.8,-1.21,0.33,-1.21,1.32,0.9,-0.86,0.11,-0.86,0.26,0.9,-0.89,0.11,-0.89,0.09,0.6,-0.24,0.02,-0.24,0.52,0.4,-0.42,0.11,-0.42,0.03,0.4899999999999999,0.36,0.36,0.25,0.81,0.36,1.96,3.24,0.81,0.81,0.36,0.16,0.0225,0.3025,0.1296,0.0625,0.0001,0.04,0.2809,1.4641,0.7395999999999999,0.7921,0.0576,0.1763999999999999,0.4356,0.0081,0.0729,0.1369,0.6400000000000001,0.3721,1.5376,1.7424000000000002,0.0676,0.0081,0.2704,0.0009,0.0256,0.0025,0.0009,0.0361,0.0121,0.0625,0.0049,0.1089,0.0121,0.0121,0.0004,0.0121
10.468999999999978,192.26666666666594,1.2786666666667255,165.58066666666608,-1.4646666666666812,-97.44266666666621,63.22000000000022,-11.14013333333249,7.358333333333693,21.639800000000548,-23.019400000000104,14.722333333333914,-45.536666666666875,98.28873333333347,-75.00873333333335,123.64180000000012,0.7,0.15,0.16,0.15,0.66,0.6,-0.55,0.05,-0.55,0.09,0.6,0.36,0.03,0.36,0.27,0.5,0.25,0.19,0.25,0.37,0.9,0.01,0.11,0.01,0.8,0.6,-0.2,0.25,-0.2,0.61,1.4,-0.53,0.07,-0.53,1.24,1.8,-1.21,0.33,-1.21,1.32,0.9,-0.86,0.11,-0.86,0.26,0.9,-0.89,0.11,-0.89,0.09,0.6,-0.24,0.02,-0.24,0.52,0.4,-0.42,0.11,-0.42,0.03,0.4899999999999999,0.36,0.36,0.25,0.81,0.36,1.96,3.24,0.81,0.81,0.36,0.16,0.0225,0.3025,0.1296,0.0625,0.0001,0.04,0.2809,1.4641,0.7395999999999999,0.7921,0.0576,0.1763999999999999,0.4356,0.0081,0.0729,0.1369,0.6400000000000001,0.3721,1.5376,1.7424000000000002,0.0676,0.0081,0.2704,0.0009,0.0256,0.0025,0.0009,0.0361,0.0121,0.0625,0.0049,0.1089,0.0121,0.0121,0.0004,0.0121
10.518999999999977,193.96551724137854,1.133103448275932,166.92275862068902,-1.4210344827586439,-98.4886206896547,62.71034482758644,-13.090413793102556,6.378172413793603,20.371724137931615,-22.712275862069127,13.37927586206958,-45.001517241379574,98.04496551724147,-75.02462068965514,123.459275862069,0.7,0.15,0.16,0.15,0.66,0.6,-0.55,0.05,-0.55,0.09,0.6,0.36,0.03,0.36,0.27,0.5,0.25,0.19,0.25,0.37,0.9,0.01,0.11,0.01,0.8,0.6,-0.2,0.25,-0.2,0.61,1.4,-0.53,0.07,-0.53,1.24,1.8,-1.21,0.33,-1.21,1.32,0.9,-0.86,0.11,-0.86,0.26,0.9,-0.89,0.11,-0.89,0.09,0.6,-0.24,0.02,-0.24,0.52,0.4,-0.42,0.11,-0.42,0.03,0.4899999999999999,0.36,0.36,0.25,0.81,0.36,1.96,3.24,0.81,0.81,0.36,0.16,0.0225,0.3025,0.1296,0.0625,0.0001,0.04,0.2809,1.4641,0.7395999999999999,0.7921,0.0576,0.1763999999999999,0.4356,0.0081,0.0729,0.1369,0.6400000000000001,0.3721,1.5376,1.7424000000000002,0.0676,0.0081,0.2704,0.0009,0.0256,0.0025,0.0009,0.0361,0.0121,0.0625,0.0049,0.1089,0.0121,0.0121,0.0004,0.0121
10.568999999999978,195.65517241379231,0.9644827586207687,168.251034482758,-1.3703448275862307,-99.52620689655123,62.03793103448307,-15.031758620688745,4.850689655173194,19.108931034483348,-21.98320689655222,12.042448275862695,-44.317172413793436,98.0956551724137,-75.21675862068959,123.6213448275861,0.7,0.15,0.16,0.15,0.66,0.6,-0.55,0.05,-0.55,0.09,0.6,0.36,0.03,0.36,0.27,0.5,0.25,0.19,0.25,0.37,0.9,0.01,0.11,0.01,0.8,0.6,-0.2,0.25,-0.2,0.61,1.4,-0.53,0.07,-0.53,1.24,1.8,-1.21,0.33,-1.21,1.32,0.9,-0.86,0.11,-0.86,0.26,0.9,-0.89,0.11,-0.89,0.09,0.6,-0.24,0.02,-0.24,0.52,0.4,-0.42,0.11,-0.42,0.03,0.4899999999999999,0.36,0.36,0.25,0.81,0.36,1.96,3.24,0.81,0.81,0.36,0.16,0.0225,0.3025,0.1296,0.0625,0.0001,0.04,0.2809,1.4641,0.7395999999999999,0.7921,0.0576,0.1763999999999999,0.4356,0.0081,0.0729,0.1369,0.6400000000000001,0.3721,1.5376,1.7424000000000002,0.0676,0.0081,0.2704,0.0009,0.0256,0.0025,0.0009,0.0361,0.0121,0.0625,0.0049,0.1089,0.0121,0.0121,0.0004,0.0121
10.618999999999978,197.33333333333263,0.7966666666667377,169.57333333333278,-1.313333333333369,-100.56666666666622,61.26666666666695,-16.963333333332518,3.036333333334245,17.852333333333863,-20.68700000000069,10.712666666667229,-43.61200000000028,98.45666666666637,-75.34733333333324,123.9959999999997,0.7,0.13666666666669508,0.15666666666667378,0.13666666666669508,0.66,0.5666666666667377,-0.5433333333333475,0.04000000000002132,-0.5433333333333475,0.09333333333332623,0.6,0.35333333333334754,0.02666666666667377,0.35333333333334754,0.27333333333332627,0.5,0.25,0.19,0.25,0.37,0.9,0.01,0.11,0.01,0.8,0.6333333333332622,-0.18000000000004265,0.23000000000004264,-0.18000000000004265,0.6266666666666312,1.4333333333332623,-0.5333333333333262,0.046666666666716414,-0.5333333333333262,1.269999999999936,1.7666666666667377,-1.1866666666667163,0.2900000000000853,-1.1866666666667163,1.2933333333333903,0.9333333333332623,-0.8633333333333262,0.11666666666665246,-0.8633333333333262,0.26666666666665245,0.9,-0.89,0.11,-0.89,0.09,0.6,-0.24,0.02,-0.24,0.52,0.4333333333332623,-0.4299999999999787,0.11666666666665246,-0.4299999999999787,0.02666666666667377,0.4899999999999999,0.32333333333341147,0.36,0.25,0.81,0.4033333333332409,2.0566666666664606,3.123333333333582,0.8733333333331984,0.81,0.36,0.18999999999993605,0.019033333333340723,0.29530000000001533,0.12493333333334328,0.0625,0.0001,0.033200000000014496,0.28446666666665904,1.4092666666667835,0.7453666666666543,0.7921,0.0576,0.1850999999999814,0.4356,0.008733333333331983,0.07473333333332943,0.1369,0.6400000000000001,0.3932666666666215,1.6146999999998357,1.674133333333479,0.07119999999999232,0.0081,0.2704,0.0007333333333336885,0.02456666666666887,0.0018000000000014922,0.0007333333333336885,0.0361,0.0121,0.05370000000001876,0.0032666666666701484,0.08730000000004601,0.013699999999996588,0.0121,0.0004,0.013699999999996588
10.668999999999977,199.03448275861993,0.6268965517242058,170.91758620689595,-1.2382758620690033,-101.61103448275816,60.582758620690036,-18.911275862068106,0.7314827586219037,16.585482758621247,-18.744896551725454,9.37096551724197,-42.95117241379338,99.3669999999993,-75.33924137931074,124.73027586206864,0.7,0.11,0.15,0.11,0.66,0.5,-0.53,0.02,-0.53,0.1,0.6,0.34,0.02,0.34,0.28,0.5,0.25,0.19,0.25,0.37,0.9,0.01,0.11,0.01,0.8,0.7,-0.14,0.19,-0.14,0.66,1.5,-0.54,0.0,-0.54,1.33,1.7,-1.14,0.21,-1.14,1.24,1.0,-0.87,0.13,-0.87,0.28,0.9,-0.89,0.11,-0.89,0.09,0.6,-0.24,0.02,-0.24,0.52,0.5,-0.45,0.13,-0.45,0.02,0.4899999999999999,0.25,0.36,0.25,0.81,0.4899999999999999,2.25,2.89,1.0,0.81,0.36,0.25,0.0121,0.2809,0.1156,0.0625,0.0001,0.0196,0.2916,1.2996,0.7569,0.7921,0.0576,0.2025,0.4356,0.01,0.0784,0.1369,0.6400000000000001,0.4356,1.7689,1.5376,0.0784,0.0081,0.2704,0.0004,0.0225,0.0004,0.0004,0.0361,0.0121,0.0361,0.0,0.0440999999999999,0.0169,0.0121,0.0004,0.0169
10.718999999999976,200.75862068965435,0.44896551724147915,172.28931034482693,-1.1520689655172829,-102.67034482758568,59.72068965517283,-20.864448275861132,-2.094448275860674,15.315689655173022,-15.135862068967631,8.02682758620754,-42.20206896551767,100.9874827586199,-74.554482758621,125.57524137930989,0.7,0.11,0.15,0.11,0.66,0.5,-0.53,0.02,-0.53,0.1,0.6,0.34,0.02,0.34,0.28,0.5,0.25,0.19,0.25,0.37,0.9,0.01,0.11,0.01,0.8,0.7,-0.14,0.19,-0.14,0.66,1.5,-0.54,0.0,-0.54,1.33,1.7,-1.14,0.21,-1.14,1.24,1.0,-0.87,0.13,-0.87,0.28,0.9,-0.89,0.11,-0.89,0.09,0.6,-0.24,0.02,-0.24,0.52,0.5,-0.45,0.13,-0.45,0.02,0.4899999999999999,0.25,0.36,0.25,0.81,0.4899999999999999,2.25,2.89,1.0,0.81,0.36,0.25,0.0121,0.2809,0.1156,0.0625,0.0001,0.0196,0.2916,1.2996,0.7569,0.7921,0.0576,0.2025,0.4356,0.01,0.0784,0.1369,0.6400000000000001,0.4356,1.7689,1.5376,0.0784,0.0081,0.2704,0.0004,0.0225,0.0004,0.0004,0.0361,0.0121,0.0361,0.0,0.0440999999999999,0.0169,0.0121,0.0004,0.0169
10.768999999999977,202.48275862068883,0.25137931034489297,173.65103448275795,-1.0558620689655582,-103.7296551724133,58.46551724138005,-22.79706896551632,-4.729068965516367,14.059137931035082,-10.572862068967122,6.696379310345462,-41.07555172413862,102.53810344827528,-73.79424137931098,126.38762068965507,0.7,0.11,0.15,0.11,0.66,0.5,-0.53,0.02,-0.53,0.1,0.6,0.34,0.02,0.34,0.28,0.5,0.25,0.19,0.25,0.37,0.9,0.01,0.11,0.01,0.8,0.7,-0.14,0.19,-0.14,0.66,1.5,-0.54,0.0,-0.54,1.33,1.7,-1.14,0.21,-1.14,1.24,1.0,-0.87,0.13,-0.87,0.28,0.9,-0.89,0.11,-0.89,0.09,0.6,-0.24,0.02,-0.24,0.52,0.5,-0.45,0.13,-0.45,0.02,0.4899999999999999,0.25,0.36,0.25,0.81,0.4899999999999999,2.25,2.89,1.0,0.81,0.36,0.25,0.0121,0.2809,0.1156,0.0625,0.0001,0.0196,0.2916,1.2996,0.7569,0.7921,0.0576,0.2025,0.4356,0.01,0.0784,0.1369,0.6400000000000001,0.4356,1.7689,1.5376,0.0784,0.0081,0.2704,0.0004,0.0225,0.0004,0.0004,0.0361,0.0121,0.0361,0.0,0.0440999999999999,0.0169,0.0121,0.0004,0.0169
10.818999999999978,204.22222222222138,0.1266666666667171,175.06444444444375,-1.0122222222221382,-104.74666666666619,55.144444444448816,-24.738555555554647,-7.081111111109018,12.796222222222811,-8.114333333333155,5.359111111111735,-39.236666666668114,102.90111111111236,-72.69522222222226,126.04466666666771,0.7,0.11,0.15,0.11,0.66,0.5,-0.53,0.02,-0.53,0.1,0.6,0.34,0.02,0.34,0.28,0.5,0.25,0.19,0.25,0.37,0.9,0.01,0.11,0.01,0.8,0.7,-0.14,0.19,-0.14,0.66,1.5,-0.54,0.0,-0.54,1.33,1.7,-1.14,0.21,-1.14,1.24,1.0,-0.87,0.13,-0.87,0.28,0.9,-0.89,0.11,-0.89,0.09,0.6,-0.24,0.02,-0.24,0.52,0.5,-0.45,0.13,-0.45,0.02,0.4899999999999999,0.25,0.36,0.25,0.81,0.4899999999999999,2.25,2.89,1.0,0.81,0.36,0.25,0.0121,0.2809,0.1156,0.0625,0.0001,0.0196,0.2916,1.2996,0.7569,0.7921,0.0576,0.2025,0.4356,0.01,0.0784,0.1369,0.6400000000000001,0.4356,1.7689,1.5376,0.0784,0.0081,0.2704,0.0004,0.0225,0.0004,0.0004,0.0361,0.0121,0.0361,0.0,0.0440999999999999,0.0169,0.0121,0.0004,0.0169
10.868999999999977,206.03571428571345,0.05,176.559285714285,-1.1832142857142096,-105.78035714285667,45.717857142861455,-26.69249999999909,-11.595928571426466,11.525964285714878,-8.500607142856962,4.013500000000628,-36.10839285714432,100.21714285714411,-72.61439285714289,123.80414285714389,0.7,0.11,0.15,0.11,0.66,0.5,-0.53,0.02,-0.53,0.1,0.6,0.34,0.02,0.34,0.28,0.49642857142865593,0.24892857142859678,0.1903571428571344,0.24892857142859678,0.3692857142857312,0.9,0.009642857142865594,0.11,0.009642857142865594,0.8007142857142688,0.7,-0.14,0.19,-0.14,0.66,1.5,-0.54,0.0,-0.54,1.33,1.7,-1.14,0.21,-1.14,1.24,1.0,-0.8710714285714032,0.13071428571426882,-0.8710714285714032,0.2807142857142688,0.9035714285713441,-0.8914285714285376,0.10714285714292475,-0.8914285714285376,0.09321428571420964,0.6,-0.24,0.020357142857134407,-0.24,0.5192857142857312,0.5,-0.45,0.13,-0.45,0.02,0.4899999999999999,0.25,0.36,0.24678571428579035,0.81,0.4899999999999999,2.25,2.89,1.0,0.8167857142855538,0.36,0.25,0.0121,0.2809,0.1156,0.061996428571440484,9.642857142865595e-05,0.0196,0.2916,1.2996,0.7587964285713837,0.7946999999999385,0.0576,0.2025,0.4356,0.01,0.0784,0.13638571428572643,0.6411571428571156,0.4356,1.7689,1.5376,0.07881428571427591,0.008967857142836606,0.26967142857144577,0.0004,0.0225,0.0004,0.0004,0.03623928571428242,0.0121,0.0361,0.0,0.0440999999999999,0.017099999999995265,0.011700000000009465,0.0004178571428567203,0.0169
10.918999999999976,207.91999999999905,0.04080000000000955,178.0307999999993,-1.3343999999999332,-106.8083999999995,36.84400000000411,-28.294119999999417,-15.577559999998359,9.792920000001098,-8.751079999999954,2.0790000000012654,-33.24440000000125,98.08712000000072,-72.74763999999982,122.1452800000005,0.7,0.11,0.15,0.11,0.66,0.5,-0.53,0.02,-0.53,0.1,0.6,0.34,0.02,0.34,0.28,0.4,0.22,0.2,0.22,0.35,0.9,0.0,0.11,0.0,0.82,0.7,-0.14,0.19,-0.14,0.66,1.5,-0.54,0.0,-0.54,1.33,1.7,-1.14,0.21,-1.14,1.24,1.0,-0.9,0.15,-0.9,0.3,1.0,-0.93,0.03,-0.93,0.18,0.6,-0.24,0.03,-0.24,0.5,0.5,-0.45,0.13,-0.45,0.02,0.4899999999999999,0.25,0.36,0.16,0.81,0.4899999999999999,2.25,2.89,1.0,1.0,0.36,0.25,0.0121,0.2809,0.1156,0.0484,0.0,0.0196,0.2916,1.2996,0.81,0.8649000000000001,0.0576,0.2025,0.4356,0.01,0.0784,0.1224999999999999,0.6723999999999999,0.4356,1.7689,1.5376,0.09,0.0324,0.25,0.0004,0.0225,0.0004,0.0004,0.04,0.0121,0.0361,0.0,0.0440999999999999,0.0225,0.0009,0.0009,0.0169
