Time,Position,Height above ground [m],X [m],Y [m],Z [m],Opening Angle [°],Stalling Angle Left [°],Stalling Angle Right [°],Roll Angle Left [°],Roll Angle Right [°],Yaw Angle Left [°],Yaw Angle Right [°],Speed hor. [km/h],Speed vert. [km/h],Speed resulting [km/h],W1_Speed,W1_Tangent,W1_Turbulence,W1_CleanTan,W1_Cross,W2_Speed,W2_Tangent,W2_Turbulence,W2_CleanTan,W2_Cross,W3_Speed,W3_Tangent,W3_Turbulence,W3_CleanTan,W3_Cross,W4_Speed,W4_Tangent,W4_Turbulence,W4_CleanTan,W4_Cross,W5_Speed,W5_Tangent,W5_Turbulence,W5_CleanTan,W5_Cross,W6_Speed,W6_Tangent,W6_Turbulence,W6_CleanTan,W6_Cross,W7_Speed,W7_Tangent,W7_Turbulence,W7_CleanTan,W7_Cross,W8_Speed,W8_Tangent,W8_Turbulence,W8_CleanTan,W8_Cross,W9_Speed,W9_Tangent,W9_Turbulence,W9_CleanTan,W9_Cross,W10_Speed,W10_Tangent,W10_Turbulence,W10_CleanTan,W10_Cross,W11_Speed,W11_Tangent,W11_Turbulence,W11_CleanTan,W11_Cross,W12_Speed,W12_Tangent,W12_Turbulence,W12_CleanTan,W12_Cross,W1_Speed_quad,W2_Speed_quad,W3_Speed_quad,W4_Speed_quad,W5_Speed_quad,W6_Speed_quad,W7_Speed_quad,W8_Speed_quad,W9_Speed_quad,W10_Speed_quad,W11_Speed_quad,W12_Speed_quad,W1_Tangent_quad,W2_Tangent_quad,W3_Tangent_quad,W4_Tangent_quad,W5_Tangent_quad,W6_Tangent_quad,W7_Tangent_quad,W8_Tangent_quad,W9_Tangent_quad,W10_Tangent_quad,W11_Tangent_quad,W12_Tangent_quad,W1_Cross_quad,W2_Cross_quad,W3_Cross_quad,W4_Cross_quad,W5_Cross_quad,W6_Cross_quad,W7_Cross_quad,W8_Cross_quad,W9_Cross_quad,W10_Cross_quad,W11_Cross_quad,W12_Cross_quad,W1_Turbulence_quad,W2_Turbulence_quad,W3_Turbulence_quad,W4_Turbulence_quad,W5_Turbulence_quad,W6_Turbulence_quad,W7_Turbulence_quad,W8_Turbulence_quad,W9_Turbulence_quad,W10_Turbulence_quad,W11_Turbulence_quad,W12_Turbulence_quad
4.318,1.0,2.92,1.35,0.02,-0.17,2.7,-8.746,-8.973,-0.273,3.251,1.436,-1.88,93.921,-8.35,94.293,1.3,0.96,0.09,0.96,0.4,1.3,0.95,0.34,0.95,0.05,2.0,1.87,0.17,1.87,0.23,1.9,1.71,0.02,1.71,0.75,1.5,1.42,0.0,1.42,0.45,0.4,0.2,0.04,0.2,0.37,1.1,0.82,0.25,0.82,0.74,1.3,1.18,0.36,1.18,0.46,2.0,2.02,0.39,2.02,0.23,0.2,0.08,0.24,0.08,0.06,1.2,0.75,0.19,0.75,0.89,1.6,1.45,0.33,1.45,0.02,1.6900000000000002,1.6900000000000002,4.0,3.61,2.25,0.16,1.2100000000000002,1.6900000000000002,4.0,0.04,1.44,2.5600000000000005,0.9216,0.9025,3.496900000000001,2.9241,2.0164,0.04,0.6723999999999999,1.3924,4.0804,0.0064,0.5625,2.1025,0.16,0.0025,0.0529,0.5625,0.2025,0.1369,0.5476,0.2116,0.0529,0.0036,0.7921,0.0004,0.0081,0.1156,0.0289,0.0004,0.0,0.0016,0.0625,0.1296,0.1521,0.0576,0.0361,0.1089
4.367999999999999,2.256410256410247,2.98025641025641,2.656666666666657,0.02,-0.2982051282051272,4.764102564102544,-5.122230769230796,-5.476974358974392,-0.10920512820512936,1.6646666666666583,2.8594871794871692,-3.7093846153845993,94.24912820512819,-10.031076923076903,94.78553846153842,1.3,0.96,0.09,0.96,0.4,1.3,0.95,0.34,0.95,0.05,2.0,1.87,0.17,1.87,0.23,1.9,1.71,0.02,1.71,0.75,1.5,1.42,0.0,1.42,0.45,0.4,0.2,0.04,0.2,0.37,1.1,0.82,0.25,0.82,0.74,1.3,1.18,0.36,1.18,0.46,2.0,2.02,0.39,2.02,0.23,0.2,0.08,0.24,0.08,0.06,1.2,0.75,0.19,0.75,0.89,1.6,1.45,0.33,1.45,0.02,1.6900000000000002,1.6900000000000002,4.0,3.61,2.25,0.16,1.2100000000000002,1.6900000000000002,4.0,0.04,1.44,2.5600000000000005,0.9216,0.9025,3.496900000000001,2.9241,2.0164,0.04,0.6723999999999999,1.3924,4.0804,0.0064,0.5625,2.1025,0.16,0.0025,0.0529,0.5625,0.2025,0.1369,0.5476,0.2116,0.0529,0.0036,0.7921,0.0004,0.0081,0.1156,0.0289,0.0004,0.0,0.0016,0.0625,0.1296,0.1521,0.0576,0.0361,0.1089
4.417999999999999,3.5384615384615175,3.042307692307691,3.989999999999978,0.02,-0.4446153846153821,8.499999999999918,-0.972307692307774,-0.8723076923077688,0.18815384615383818,2.810923076923058,4.392076923076895,-5.961076923076885,96.11246153846155,-11.80792307692307,96.83830769230771,1.3,0.96,0.09,0.96,0.4,1.3,0.95,0.34,0.95,0.05,2.0,1.87,0.17,1.87,0.23,1.9,1.71,0.02,1.71,0.75,1.5,1.42,0.0,1.42,0.45,0.4,0.2,0.04,0.2,0.37,1.1,0.82,0.25,0.82,0.74,1.3,1.18,0.36,1.18,0.46,2.0,2.02,0.39,2.02,0.23,0.2,0.08,0.24,0.08,0.06,1.2,0.75,0.19,0.75,0.89,1.6,1.45,0.33,1.45,0.02,1.6900000000000002,1.6900000000000002,4.0,3.61,2.25,0.16,1.2100000000000002,1.6900000000000002,4.0,0.04,1.44,2.5600000000000005,0.9216,0.9025,3.496900000000001,2.9241,2.0164,0.04,0.6723999999999999,1.3924,4.0804,0.0064,0.5625,2.1025,0.16,0.0025,0.0529,0.5625,0.2025,0.1369,0.5476,0.2116,0.0529,0.0036,0.7921,0.0004,0.0081,0.1156,0.0289,0.0004,0.0,0.0016,0.0625,0.1296,0.1521,0.0576,0.0361,0.1089
4.467999999999999,4.820512820512805,3.1274358974358965,5.323333333333316,0.02,-0.6066666666666646,13.58205128205122,4.068871794871733,3.8147179487178913,0.6905641025640963,3.978307692307678,6.127717948717927,-8.25271794871792,95.4388717948718,-12.195153846153843,96.21641025641026,1.3,0.8779487179487195,0.09820512820512806,0.8779487179487195,0.4164102564102561,1.3,1.0074358974358963,0.22512820512820736,1.0074358974358963,0.10743589743589632,2.0,1.8946153846153841,0.16179487179487195,1.8946153846153841,0.20538461538461586,1.9,1.8166666666666647,0.011794871794871953,1.8166666666666647,0.5612820512820549,1.2538461538461585,1.239487179487183,0.20512820512820118,1.239487179487183,0.3105128205128232,0.4,0.1835897435897439,0.04820512820512805,0.1835897435897439,0.37,1.1,0.8446153846153841,0.20076923076923173,0.8446153846153841,0.6743589743589756,1.3820512820512805,1.2538461538461525,0.4092307692307683,1.2538461538461525,0.4764102564102561,2.0820512820512804,2.036410256410256,0.3735897435897439,2.036410256410256,0.23820512820512804,0.2,0.08820512820512805,0.2071794871794878,0.08820512820512805,0.06,1.1179487179487195,0.75,0.21461538461538415,0.75,0.8489743589743597,1.5179487179487194,1.3761538461538476,0.1741025641025671,1.3761538461538476,0.1594871794871768,1.6900000000000002,1.6900000000000002,4.0,3.61,1.585384615384628,0.16,1.2100000000000002,1.9115384615384572,4.33641025641025,0.04,1.251282051282055,2.3056410256410307,0.7722666666666695,1.0156487179487157,3.5896999999999983,3.3027666666666597,1.5434564102564192,0.033764102564102685,0.7135076923076914,1.5733230769230735,4.14702564102564,0.0077948717948717675,0.5625,1.8949923076923119,0.1734564102564099,0.012264102564102377,0.04231538461538482,0.32282820512820976,0.10067435897436093,0.1369,0.4557025641025658,0.2270256410256407,0.05675641025641018,0.0036,0.7211256410256424,0.029692307692307133,0.009658974358974328,0.05356923076923195,0.026192307692307744,0.0001538461538461586,0.051282051282050295,0.0023384615384615245,0.040838461538461955,0.16799999999999918,0.13962820512820537,0.04315897435897464,0.0461923076923075,0.03562820512820654
4.517999999999999,6.076923076923056,3.2161538461538446,6.629230769230747,0.03076923076923056,-0.7707692307692279,17.16923076923075,8.541769230769175,8.010153846153793,1.33869230769229,4.419153846153863,7.447846153846142,-9.898923076923065,95.38507692307691,-13.375153846153808,96.31915384615382,1.3,0.86,0.1,0.86,0.42,1.3,1.02,0.2,1.02,0.12,2.0,1.9,0.16,1.9,0.2,1.9,1.84,0.01,1.84,0.52,1.2,1.2,0.25,1.2,0.28,0.4,0.18,0.05,0.18,0.37,1.1,0.85,0.19,0.85,0.66,1.4,1.27,0.42,1.27,0.48,2.1,2.04,0.37,2.04,0.24,0.2,0.09,0.2,0.09,0.06,1.1,0.75,0.22,0.75,0.84,1.5,1.36,0.14,1.36,0.19,1.6900000000000002,1.6900000000000002,4.0,3.61,1.44,0.16,1.2100000000000002,1.96,4.41,0.04,1.2100000000000002,2.25,0.7395999999999999,1.0404,3.61,3.3856,1.44,0.0324,0.7224999999999999,1.6129,4.1616,0.0081,0.5625,1.8496000000000004,0.1763999999999999,0.0144,0.04,0.2704,0.0784,0.1369,0.4356,0.2304,0.0576,0.0036,0.7055999999999999,0.0361,0.01,0.04,0.0256,0.0001,0.0625,0.0025,0.0361,0.1763999999999999,0.1369,0.04,0.0484,0.0196
4.567999999999999,7.368421052631544,3.315789473684208,7.959473684210491,0.043684210526315444,-0.9626315789473626,18.184210526315773,11.258210526315766,10.273842105263162,2.8617894736841407,2.4688947368422163,8.148578947368403,-10.543421052631563,95.7147368421053,-15.073052631578948,96.89415789473688,1.3,0.86,0.1,0.86,0.42,1.3,1.02,0.2,1.02,0.12,2.0,1.9,0.16,1.9,0.2,1.9,1.84,0.01,1.84,0.52,1.2,1.2,0.25,1.2,0.28,0.4,0.18,0.05,0.18,0.37,1.1,0.85,0.19,0.85,0.66,1.4,1.27,0.42,1.27,0.48,2.1,2.04,0.37,2.04,0.24,0.2,0.09,0.2,0.09,0.06,1.1,0.75,0.22,0.75,0.84,1.5,1.36,0.14,1.36,0.19,1.6900000000000002,1.6900000000000002,4.0,3.61,1.44,0.16,1.2100000000000002,1.96,4.41,0.04,1.2100000000000002,2.25,0.7395999999999999,1.0404,3.61,3.3856,1.44,0.0324,0.7224999999999999,1.6129,4.1616,0.0081,0.5625,1.8496000000000004,0.1763999999999999,0.0144,0.04,0.2704,0.0784,0.1369,0.4356,0.2304,0.0576,0.0036,0.7055999999999999,0.0361,0.01,0.04,0.0256,0.0001,0.0625,0.0025,0.0361,0.1763999999999999,0.1369,0.04,0.0484,0.0196
4.6179999999999986,8.666666666666629,3.406666666666664,9.296666666666628,0.05,-1.1966666666666594,19.299999999999955,11.592000000000006,10.082333333333338,6.01866666666656,-1.713666666666544,8.91433333333331,-11.128333333333316,95.14266666666667,-15.74066666666663,96.437,1.3,0.86,0.1,0.86,0.42,1.3,1.02,0.2,1.02,0.12,2.0,1.9,0.16,1.9,0.2,1.9,1.84,0.01,1.84,0.52,1.2,1.2,0.25,1.2,0.28,0.4,0.18,0.05,0.18,0.37,1.1,0.85,0.19,0.85,0.66,1.4,1.27,0.42,1.27,0.48,2.1,2.04,0.37,2.04,0.24,0.2,0.09,0.2,0.09,0.06,1.1,0.75,0.22,0.75,0.84,1.5,1.36,0.14,1.36,0.19,1.6900000000000002,1.6900000000000002,4.0,3.61,1.44,0.16,1.2100000000000002,1.96,4.41,0.04,1.2100000000000002,2.25,0.7395999999999999,1.0404,3.61,3.3856,1.44,0.0324,0.7224999999999999,1.6129,4.1616,0.0081,0.5625,1.8496000000000004,0.1763999999999999,0.0144,0.04,0.2704,0.0784,0.1369,0.4356,0.2304,0.0576,0.0036,0.7055999999999999,0.0361,0.01,0.04,0.0256,0.0001,0.0625,0.0025,0.0361,0.1763999999999999,0.1369,0.04,0.0484,0.0196
4.667999999999998,9.948717948717908,3.5058974358974324,10.617179487179445,0.040512820512820916,-1.4307692307692235,20.93333333333328,11.257641025641039,9.892589743589749,9.781333333333212,-5.850564102563973,9.751256410256383,-11.706871794871777,95.2101282051282,-17.20566666666662,96.75261538461537,1.3,0.86,0.1,0.86,0.42,1.3,1.02,0.2,1.02,0.12,2.0,1.9,0.16,1.9,0.2,1.9,1.84,0.01,1.84,0.52,1.2,1.2,0.25,1.2,0.28,0.4,0.18,0.05,0.18,0.37,1.1,0.85,0.19,0.85,0.66,1.4,1.27,0.42,1.27,0.48,2.1,2.04,0.37,2.04,0.24,0.2,0.09,0.2,0.09,0.06,1.1,0.75,0.22,0.75,0.84,1.5,1.36,0.14,1.36,0.19,1.6900000000000002,1.6900000000000002,4.0,3.61,1.44,0.16,1.2100000000000002,1.96,4.41,0.04,1.2100000000000002,2.25,0.7395999999999999,1.0404,3.61,3.3856,1.44,0.0324,0.7224999999999999,1.6129,4.1616,0.0081,0.5625,1.8496000000000004,0.1763999999999999,0.0144,0.04,0.2704,0.0784,0.1369,0.4356,0.2304,0.0576,0.0036,0.7055999999999999,0.0361,0.01,0.04,0.0256,0.0001,0.0625,0.0025,0.0361,0.1763999999999999,0.1369,0.04,0.0484,0.0196
4.717999999999998,11.236842105263118,3.6213157894736807,11.931578947368381,0.03,-1.6773684210526236,22.607894736842056,10.751815789473705,9.290342105263196,13.418578947368319,-9.501868421052544,10.669184210526284,-12.275657894736826,95.26481578947369,-18.81389473684205,97.10634210526315,1.4,0.9,0.06,0.9,0.41,1.4,1.1,0.15,1.1,0.18,1.9,1.86,0.13,1.86,0.36,1.9,1.84,0.02,1.84,0.42,1.3,1.18,0.14,1.18,0.39,0.5,0.19,0.12,0.19,0.42,1.0,0.84,0.16,0.84,0.6,1.4,1.29,0.39,1.29,0.42,2.0,1.99,0.26,1.99,0.18,0.3,0.12,0.15,0.12,0.08,1.1,0.75,0.22,0.75,0.81,1.5,1.41,0.14,1.41,0.32,1.96,1.96,3.61,3.61,1.6900000000000002,0.25,1.0,1.96,4.0,0.09,1.2100000000000002,2.25,0.81,1.2100000000000002,3.4596000000000005,3.3856,1.3924,0.0361,0.7055999999999999,1.6641,3.9601,0.0144,0.5625,1.9881,0.1680999999999999,0.0324,0.1296,0.1763999999999999,0.1521,0.1763999999999999,0.36,0.1763999999999999,0.0324,0.0064,0.6561000000000001,0.1024,0.0036,0.0225,0.0169,0.0004,0.0196,0.0144,0.0256,0.1521,0.0676,0.0225,0.0484,0.0196
4.767999999999998,12.538461538461494,3.7330769230769194,13.259230769230726,0.03,-1.9484615384615287,24.084615384615347,9.98930769230772,7.7986923076923675,16.613692307692208,-10.806538461538493,11.614769230769204,-12.745923076923065,95.21584615384616,-20.070307692307672,97.30784615384616,1.4,0.9,0.06,0.9,0.41,1.4,1.1,0.15,1.1,0.18,1.9,1.86,0.13,1.86,0.36,1.9,1.84,0.02,1.84,0.42,1.3,1.18,0.14,1.18,0.39,0.5,0.19,0.12,0.19,0.42,1.0,0.84,0.16,0.84,0.6,1.4,1.29,0.39,1.29,0.42,2.0,1.99,0.26,1.99,0.18,0.3,0.12,0.15,0.12,0.08,1.1,0.75,0.22,0.75,0.81,1.5,1.41,0.14,1.41,0.32,1.96,1.96,3.61,3.61,1.6900000000000002,0.25,1.0,1.96,4.0,0.09,1.2100000000000002,2.25,0.81,1.2100000000000002,3.4596000000000005,3.3856,1.3924,0.0361,0.7055999999999999,1.6641,3.9601,0.0144,0.5625,1.9881,0.1680999999999999,0.0324,0.1296,0.1763999999999999,0.1521,0.1763999999999999,0.36,0.1763999999999999,0.0324,0.0064,0.6561000000000001,0.1024,0.0036,0.0225,0.0169,0.0004,0.0196,0.0144,0.0256,0.1521,0.0676,0.0225,0.0484,0.0196
4.817999999999998,13.842105263157842,3.845789473684206,14.588947368421,0.03,-2.2352631578947255,24.836842105263138,9.260052631578974,6.373526315789523,20.346421052631413,-10.915947368421026,12.182105263157878,-12.898789473684209,95.1918947368421,-20.84631578947365,97.448,1.4,0.9,0.06,0.9,0.41,1.4,1.1,0.15,1.1,0.18,1.9,1.86,0.13,1.86,0.36,1.9,1.84,0.02,1.84,0.42,1.3,1.18,0.14,1.18,0.39,0.5,0.19,0.12,0.19,0.42,1.0,0.84,0.16,0.84,0.6,1.4,1.29,0.39,1.29,0.42,2.0,1.99,0.26,1.99,0.18,0.3,0.12,0.15,0.12,0.08,1.1,0.75,0.22,0.75,0.81,1.5,1.41,0.14,1.41,0.32,1.96,1.96,3.61,3.61,1.6900000000000002,0.25,1.0,1.96,4.0,0.09,1.2100000000000002,2.25,0.81,1.2100000000000002,3.4596000000000005,3.3856,1.3924,0.0361,0.7055999999999999,1.6641,3.9601,0.0144,0.5625,1.9881,0.1680999999999999,0.0324,0.1296,0.1763999999999999,0.1521,0.1763999999999999,0.36,0.1763999999999999,0.0324,0.0064,0.6561000000000001,0.1024,0.0036,0.0225,0.0169,0.0004,0.0196,0.0144,0.0256,0.1521,0.0676,0.0225,0.0484,0.0196
4.867999999999998,15.153846153846093,3.9653846153846093,15.915384615384554,0.03,-2.535384615384601,25.03076923076922,8.689769230769258,5.394846153846197,25.051538461538243,-12.36269230769224,12.454384615384605,-12.803384615384621,95.18723076923077,-21.91630769230764,97.67876923076922,1.4,0.9,0.06,0.9,0.41,1.4,1.1,0.15,1.1,0.18,1.9,1.86,0.13,1.86,0.36,1.9,1.84,0.02,1.84,0.42,1.3,1.18,0.14,1.18,0.39,0.5,0.19,0.12,0.19,0.42,1.0,0.84,0.16,0.84,0.6,1.4,1.29,0.39,1.29,0.42,2.0,1.99,0.26,1.99,0.18,0.3,0.12,0.15,0.12,0.08,1.1,0.75,0.22,0.75,0.81,1.5,1.41,0.14,1.41,0.32,1.96,1.96,3.61,3.61,1.6900000000000002,0.25,1.0,1.96,4.0,0.09,1.2100000000000002,2.25,0.81,1.2100000000000002,3.4596000000000005,3.3856,1.3924,0.0361,0.7055999999999999,1.6641,3.9601,0.0144,0.5625,1.9881,0.1680999999999999,0.0324,0.1296,0.1763999999999999,0.1521,0.1763999999999999,0.36,0.1763999999999999,0.0324,0.0064,0.6561000000000001,0.1024,0.0036,0.0225,0.0169,0.0004,0.0196,0.0144,0.0256,0.1521,0.0676,0.0225,0.0484,0.0196
4.9179999999999975,16.447368421052566,4.094736842105257,17.221842105263093,0.03,-2.841842105263142,25.155263157894744,8.15831578947371,4.638947368421076,28.458394736842045,-12.586394736842204,12.548184210526324,-12.750105263157891,95.14542105263159,-23.17476315789466,97.92915789473683,1.4,0.9,0.06,0.9,0.41,1.4,1.1,0.15,1.1,0.18,1.9,1.86,0.13,1.86,0.36,1.9,1.84,0.02,1.84,0.42,1.3,1.18,0.14,1.18,0.39,0.5,0.19,0.12,0.19,0.42,1.0,0.84,0.16,0.84,0.6,1.4,1.29,0.39,1.29,0.42,2.0,1.99,0.26,1.99,0.18,0.3,0.12,0.15,0.12,0.08,1.1,0.75,0.22,0.75,0.81,1.5,1.41,0.14,1.41,0.32,1.96,1.96,3.61,3.61,1.6900000000000002,0.25,1.0,1.96,4.0,0.09,1.2100000000000002,2.25,0.81,1.2100000000000002,3.4596000000000005,3.3856,1.3924,0.0361,0.7055999999999999,1.6641,3.9601,0.0144,0.5625,1.9881,0.1680999999999999,0.0324,0.1296,0.1763999999999999,0.1521,0.1763999999999999,0.36,0.1763999999999999,0.0324,0.0064,0.6561000000000001,0.1024,0.0036,0.0225,0.0169,0.0004,0.0196,0.0144,0.0256,0.1521,0.0676,0.0225,0.0484,0.0196
4.967999999999997,17.763157894736764,4.218684210526309,18.543157894736765,0.022368421052632353,-3.178421052631559,25.1,7.720631578947391,4.114894736842139,30.38202631578933,-11.823999999999991,12.394815789473693,-12.802815789473682,95.10357894736842,-24.407210526315733,98.18647368421051,1.3236842105263236,0.9763157894736765,0.10578947368420588,0.9763157894736765,0.3642105263157941,1.4,1.1305263157894705,0.1347368421052647,1.1305263157894705,0.1952631578947353,1.8236842105263236,1.753157894736853,0.03078947368422061,1.753157894736853,0.4439473684210441,1.8236842105263236,1.8094736842105295,0.05815789473683823,1.8094736842105295,0.36657894736842644,1.2236842105263235,1.118947368421059,0.23157894736841178,1.118947368421059,0.2907894736842206,0.42368421052632355,0.1594736842105294,0.07421052631579411,0.1594736842105294,0.38184210526316176,1.0,0.7865789473684265,0.16,0.7865789473684265,0.6,1.3236842105263236,1.2518421052631619,0.3365789473684265,1.2518421052631619,0.42,2.0,1.9594736842105294,0.20657894736842647,1.9594736842105294,0.14184210526316177,0.3,0.11236842105263235,0.11184210526316177,0.11236842105263235,0.1486842105263088,1.1763157894736764,0.7881578947368383,0.1360526315789559,0.7881578947368383,0.8252631578947353,1.5763157894736766,1.4786842105263087,0.1857894736842059,1.4786842105263087,0.4115789473684118,1.7539473684210738,1.96,3.3276315789473974,3.3276315789473974,1.4992105263158089,0.1813157894736912,1.0,1.7539473684210738,4.0,0.09,1.385526315789456,2.4865789473683972,0.9549999999999853,1.2783789473684142,3.0771052631579336,3.274484210526327,1.2532000000000143,0.02572105263158,0.6195921052631665,1.5675605263157992,3.839826315789486,0.012644736842105441,0.6216447368420993,2.1879710526315588,0.13330000000000344,0.038199999999999415,0.19927631578946653,0.13526578947368828,0.08761315789474339,0.14625526315789777,0.36,0.1763999999999999,0.02057105263158015,0.023571052631577202,0.6811315789473659,0.17199999999999294,0.011842105263157057,0.018226315789474118,0.0040026315789486785,0.0038342105263154407,0.05623157894736469,0.006157894736842941,0.0256,0.11417105263158281,0.04356052631579191,0.012960526315790442,0.020697368421055445,0.03516842105263
5.017999999999997,19.078947368420984,4.337894736842099,19.858947368420985,0.01921052631579015,-3.521315789473666,24.8842105263158,7.44981578947369,3.5259210526316096,32.410973684210475,-11.599000000000075,12.196789473684225,-12.813421052631583,94.99457894736844,-25.41778947368414,98.33797368421052,1.3,1.0,0.12,1.0,0.35,1.4,1.14,0.13,1.14,0.2,1.8,1.72,0.0,1.72,0.47,1.8,1.8,0.07,1.8,0.35,1.2,1.1,0.26,1.1,0.26,0.4,0.15,0.06,0.15,0.37,1.0,0.77,0.16,0.77,0.6,1.3,1.24,0.32,1.24,0.42,2.0,1.95,0.19,1.95,0.13,0.3,0.11,0.1,0.11,0.17,1.2,0.8,0.11,0.8,0.83,1.6,1.5,0.2,1.5,0.44,1.6900000000000002,1.96,3.24,3.24,1.44,0.16,1.0,1.6900000000000002,4.0,0.09,1.44,2.5600000000000005,1.0,1.2996,2.9584,3.24,1.2100000000000002,0.0225,0.5929,1.5376,3.8025,0.0121,0.6400000000000001,2.25,0.1224999999999999,0.04,0.2208999999999999,0.1224999999999999,0.0676,0.1369,0.36,0.1763999999999999,0.0169,0.0289,0.6889,0.1936,0.0144,0.0169,0.0,0.0049,0.0676,0.0036,0.0256,0.1024,0.0361,0.01,0.0121,0.04
5.067999999999997,20.405405405405325,4.466486486486479,21.181351351351275,0.005945945945946744,-3.8875675675675443,24.5783783783784,7.36072972972973,2.9193243243243607,33.65670270270259,-11.302783783783642,11.955864864864873,-12.711756756756767,94.77813513513513,-26.62483783783778,98.44937837837836,1.3,1.0,0.12,1.0,0.35,1.4,1.14,0.13,1.14,0.2,1.8,1.72,0.0,1.72,0.47,1.8,1.8,0.07,1.8,0.35,1.2,1.1,0.26,1.1,0.26,0.4,0.15,0.06,0.15,0.37,1.0,0.77,0.16,0.77,0.6,1.3,1.24,0.32,1.24,0.42,2.0,1.95,0.19,1.95,0.13,0.3,0.11,0.1,0.11,0.17,1.2,0.8,0.11,0.8,0.83,1.6,1.5,0.2,1.5,0.44,1.6900000000000002,1.96,3.24,3.24,1.44,0.16,1.0,1.6900000000000002,4.0,0.09,1.44,2.5600000000000005,1.0,1.2996,2.9584,3.24,1.2100000000000002,0.0225,0.5929,1.5376,3.8025,0.0121,0.6400000000000001,2.25,0.1224999999999999,0.04,0.2208999999999999,0.1224999999999999,0.0676,0.1369,0.36,0.1763999999999999,0.0169,0.0289,0.6889,0.1936,0.0144,0.0169,0.0,0.0049,0.0676,0.0036,0.0256,0.1024,0.0361,0.01,0.0121,0.04
5.117999999999997,21.736842105263072,4.586315789473677,22.499473684210443,0.0,-4.273684210526291,24.473684210526308,7.358157894736841,2.361842105263191,34.95263157894732,-12.404157894736835,11.961105263157886,-12.651315789473683,94.78268421052631,-27.84794736842096,98.79194736842102,1.3,1.0,0.12,1.0,0.35,1.4,1.14,0.13,1.14,0.2,1.8,1.72,0.0,1.72,0.47,1.8,1.8,0.07,1.8,0.35,1.2,1.1,0.26,1.1,0.26,0.4,0.15,0.06,0.15,0.37,1.0,0.77,0.16,0.77,0.6,1.3,1.24,0.32,1.24,0.42,2.0,1.95,0.19,1.95,0.13,0.3,0.11,0.1,0.11,0.17,1.2,0.8,0.11,0.8,0.83,1.6,1.5,0.2,1.5,0.44,1.6900000000000002,1.96,3.24,3.24,1.44,0.16,1.0,1.6900000000000002,4.0,0.09,1.44,2.5600000000000005,1.0,1.2996,2.9584,3.24,1.2100000000000002,0.0225,0.5929,1.5376,3.8025,0.0121,0.6400000000000001,2.25,0.1224999999999999,0.04,0.2208999999999999,0.1224999999999999,0.0676,0.1369,0.36,0.1763999999999999,0.0169,0.0289,0.6889,0.1936,0.0144,0.0169,0.0,0.0049,0.0676,0.0036,0.0256,0.1024,0.0361,0.01,0.0121,0.04
5.167999999999997,23.078947368420963,4.697105263157887,23.827368421052544,-0.010789473684209617,-4.663684210526288,24.731578947368384,7.3864736842105225,1.8657631578947682,34.97513157894742,-11.937394736842148,12.189184210526294,-12.71405263157894,94.7269210526316,-29.115921052631524,99.10260526315788,1.3,1.0047368421052576,0.12394736842104807,1.0047368421052576,0.34131578947369423,1.4,1.1407894736842095,0.12921052631579039,1.1407894736842095,0.19605263157895192,1.8,1.717631578947371,0.0007894736842096159,1.717631578947371,0.47394736842104807,1.8,1.7952631578947424,0.07315789473683847,1.7952631578947424,0.35,1.2,1.1,0.2607894736842096,1.1,0.25763157894737115,0.4,0.15,0.06,0.15,0.37,1.0,0.77,0.16,0.77,0.6,1.292105263157904,1.233684210526323,0.3113157894736942,1.233684210526323,0.4160526315789519,1.992105263157904,1.947631578947371,0.18526315789474232,1.947631578947371,0.13157894736841924,0.3,0.11315789473683846,0.09921052631579039,0.11315789473683846,0.17,1.2,0.7984210526315808,0.10763157894737116,0.7984210526315808,0.8315789473684192,1.6157894736841925,1.512631578947354,0.20868421052630579,1.512631578947354,0.4439473684210481,1.6900000000000002,1.96,3.24,3.24,1.44,0.16,1.0,1.6702631578947598,3.969210526315825,0.09,1.44,2.6136842105262543,1.0097578947368309,1.3014078947368402,2.950323684210536,3.223231578947388,1.2100000000000002,0.0225,0.5929,1.5224421052631754,3.7933342105263264,0.012921052631578,0.6375052631578977,2.289915789473638,0.1173763157894795,0.038618421052633176,0.22480789473683752,0.1224999999999999,0.06643947368421185,0.1369,0.36,0.17328157894737192,0.017342105263157385,0.0289,0.6915526315789443,0.1972710526315747,0.015544736842103942,0.016702631578947594,7.89473684209616e-06,0.005468421052630923,0.06801842105263109,0.0036,0.0256,0.09779736842105793,0.034584210526317535,0.009850000000000173,0.01165000000000052,0.04442894736841595
5.217999999999996,24.4054054054053,4.812432432432424,25.127297297297197,-0.024054054054053017,-5.069729729729697,25.26216216216212,7.464702702702692,1.484756756756773,34.45756756756757,-11.327405405405456,12.505432432432409,-12.832999999999984,94.60654054054056,-29.97418918918911,99.24678378378378,1.3,1.06,0.17,1.06,0.24,1.4,1.15,0.12,1.15,0.15,1.8,1.69,0.01,1.69,0.52,1.8,1.74,0.11,1.74,0.35,1.2,1.1,0.27,1.1,0.23,0.4,0.15,0.06,0.15,0.37,1.0,0.77,0.16,0.77,0.6,1.2,1.16,0.21,1.16,0.37,1.9,1.92,0.13,1.92,0.15,0.3,0.15,0.09,0.15,0.17,1.2,0.78,0.08,0.78,0.85,1.8,1.66,0.31,1.66,0.49,1.6900000000000002,1.96,3.24,3.24,1.44,0.16,1.0,1.44,3.61,0.09,1.44,3.24,1.1236000000000002,1.3224999999999998,2.8561,3.0276,1.2100000000000002,0.0225,0.5929,1.3456,3.6864,0.0225,0.6084,2.7556,0.0576,0.0225,0.2704,0.1224999999999999,0.0529,0.1369,0.36,0.1369,0.0225,0.0289,0.7224999999999999,0.2400999999999999,0.0289,0.0144,0.0001,0.0121,0.0729,0.0036,0.0256,0.0440999999999999,0.0169,0.0081,0.0064,0.0961
5.267999999999996,25.75675675675665,4.920540540540532,26.44405405405395,-0.03756756756756651,-5.502162162162128,25.80270270270266,7.591135135135125,1.2731891891892058,34.399459459459464,-10.67800000000005,12.814297297297273,-13.033756756756741,94.4416756756757,-30.97148648648641,99.39727027027025,1.3,1.06,0.17,1.06,0.24,1.4,1.15,0.12,1.15,0.15,1.8,1.69,0.01,1.69,0.52,1.8,1.74,0.11,1.74,0.35,1.2,1.1,0.27,1.1,0.23,0.4,0.15,0.06,0.15,0.37,1.0,0.77,0.16,0.77,0.6,1.2,1.16,0.21,1.16,0.37,1.9,1.92,0.13,1.92,0.15,0.3,0.15,0.09,0.15,0.17,1.2,0.78,0.08,0.78,0.85,1.8,1.66,0.31,1.66,0.49,1.6900000000000002,1.96,3.24,3.24,1.44,0.16,1.0,1.44,3.61,0.09,1.44,3.24,1.1236000000000002,1.3224999999999998,2.8561,3.0276,1.2100000000000002,0.0225,0.5929,1.3456,3.6864,0.0225,0.6084,2.7556,0.0576,0.0225,0.2704,0.1224999999999999,0.0529,0.1369,0.36,0.1369,0.0225,0.0289,0.7224999999999999,0.2400999999999999,0.0289,0.0144,0.0001,0.0121,0.0729,0.0036,0.0256,0.0440999999999999,0.0169,0.0081,0.0064,0.0961
5.317999999999996,27.108108108108,5.0275675675675595,27.76378378378368,-0.051081081081080004,-5.935675675675641,26.221621621621598,7.618432432432444,1.0357297297297519,34.372,-10.706702702702612,13.103432432432411,-13.18086486486486,94.30010810810812,-31.99121621621613,99.58699999999997,1.3,1.06,0.17,1.06,0.24,1.4,1.15,0.12,1.15,0.15,1.8,1.69,0.01,1.69,0.52,1.8,1.74,0.11,1.74,0.35,1.2,1.1,0.27,1.1,0.23,0.4,0.15,0.06,0.15,0.37,1.0,0.77,0.16,0.77,0.6,1.2,1.16,0.21,1.16,0.37,1.9,1.92,0.13,1.92,0.15,0.3,0.15,0.09,0.15,0.17,1.2,0.78,0.08,0.78,0.85,1.8,1.66,0.31,1.66,0.49,1.6900000000000002,1.96,3.24,3.24,1.44,0.16,1.0,1.44,3.61,0.09,1.44,3.24,1.1236000000000002,1.3224999999999998,2.8561,3.0276,1.2100000000000002,0.0225,0.5929,1.3456,3.6864,0.0225,0.6084,2.7556,0.0576,0.0225,0.2704,0.1224999999999999,0.0529,0.1369,0.36,0.1369,0.0225,0.0289,0.7224999999999999,0.2400999999999999,0.0289,0.0144,0.0001,0.0121,0.0729,0.0036,0.0256,0.0440999999999999,0.0169,0.0081,0.0064,0.0961
5.367999999999996,28.45945945945935,5.126756756756748,29.06567567567557,-0.069189189189187,-6.381621621621585,26.49189189189187,7.40262162162165,0.7573513513513739,34.20889189189193,-11.839567567567476,13.35010810810809,-13.242135135135129,94.25108108108107,-33.00899999999992,99.87421621621618,1.3,1.06,0.17,1.06,0.24,1.4,1.15,0.12,1.15,0.15,1.8,1.69,0.01,1.69,0.52,1.8,1.74,0.11,1.74,0.35,1.2,1.1,0.27,1.1,0.23,0.4,0.15,0.06,0.15,0.37,1.0,0.77,0.16,0.77,0.6,1.2,1.16,0.21,1.16,0.37,1.9,1.92,0.13,1.92,0.15,0.3,0.15,0.09,0.15,0.17,1.2,0.78,0.08,0.78,0.85,1.8,1.66,0.31,1.66,0.49,1.6900000000000002,1.96,3.24,3.24,1.44,0.16,1.0,1.44,3.61,0.09,1.44,3.24,1.1236000000000002,1.3224999999999998,2.8561,3.0276,1.2100000000000002,0.0225,0.5929,1.3456,3.6864,0.0225,0.6084,2.7556,0.0576,0.0225,0.2704,0.1224999999999999,0.0529,0.1369,0.36,0.1369,0.0225,0.0289,0.7224999999999999,0.2400999999999999,0.0289,0.0144,0.0001,0.0121,0.0729,0.0036,0.0256,0.0440999999999999,0.0169,0.0081,0.0064,0.0961
5.417999999999996,29.8108108108107,5.218648648648642,30.36837837837827,-0.08810810810810699,-6.835675675675638,26.76216216216214,7.059918918918947,0.5089729729729918,33.548351351351414,-12.609027027026983,13.549027027027012,-13.284837837837834,94.29432432432432,-33.96791891891884,100.23691891891889,1.3,1.06,0.17,1.06,0.24,1.4,1.15,0.12,1.15,0.15,1.8,1.69,0.01,1.69,0.52,1.8,1.74,0.11,1.74,0.35,1.2,1.1,0.27,1.1,0.23,0.4,0.15,0.06,0.15,0.37,1.0,0.77,0.16,0.77,0.6,1.2,1.16,0.21,1.16,0.37,1.9,1.92,0.13,1.92,0.15,0.3,0.15,0.09,0.15,0.17,1.2,0.78,0.08,0.78,0.85,1.8,1.66,0.31,1.66,0.49,1.6900000000000002,1.96,3.24,3.24,1.44,0.16,1.0,1.44,3.61,0.09,1.44,3.24,1.1236000000000002,1.3224999999999998,2.8561,3.0276,1.2100000000000002,0.0225,0.5929,1.3456,3.6864,0.0225,0.6084,2.7556,0.0576,0.0225,0.2704,0.1224999999999999,0.0529,0.1369,0.36,0.1369,0.0225,0.0289,0.7224999999999999,0.2400999999999999,0.0289,0.0144,0.0001,0.0121,0.0729,0.0036,0.0256,0.0440999999999999,0.0169,0.0081,0.0064,0.0961
5.4679999999999955,31.194444444444315,5.299722222222216,31.6847222222221,-0.10194444444444314,-7.329999999999953,26.880555555555567,6.808638888888899,0.29544444444446427,33.236138888888824,-12.921499999999973,13.620722222222229,-13.302333333333332,94.23647222222223,-34.81694444444439,100.47475,1.3,1.06,0.17,1.06,0.24,1.4,1.18,0.07,1.18,0.09,1.8,1.69,0.01,1.69,0.52,1.7,1.69,0.13,1.69,0.37,1.2,1.1,0.27,1.1,0.23,0.5,0.16,0.11,0.16,0.42,1.1,0.78,0.19,0.78,0.64,1.2,1.16,0.21,1.16,0.37,1.9,1.92,0.13,1.92,0.15,0.3,0.15,0.09,0.15,0.17,1.2,0.78,0.08,0.78,0.85,1.8,1.66,0.31,1.66,0.49,1.6900000000000002,1.96,3.24,2.89,1.44,0.25,1.2100000000000002,1.44,3.61,0.09,1.44,3.24,1.1236000000000002,1.3924,2.8561,2.8561,1.2100000000000002,0.0256,0.6084,1.3456,3.6864,0.0225,0.6084,2.7556,0.0576,0.0081,0.2704,0.1369,0.0529,0.1763999999999999,0.4096,0.1369,0.0225,0.0289,0.7224999999999999,0.2400999999999999,0.0289,0.0049,0.0001,0.0169,0.0729,0.0121,0.0361,0.0440999999999999,0.0169,0.0081,0.0064,0.0961
5.517999999999995,32.567567567567444,5.368378378378372,32.98918918918908,-0.11567567567567447,-7.818648648648606,26.743243243243256,6.700162162162172,0.08672972972974816,33.8938648648648,-13.193945945945922,13.541081081081089,-13.31881081081081,94.02145945945948,-35.423297297297246,100.48767567567567,1.3,1.06,0.17,1.06,0.24,1.4,1.18,0.07,1.18,0.09,1.8,1.69,0.01,1.69,0.52,1.7,1.69,0.13,1.69,0.37,1.2,1.1,0.27,1.1,0.23,0.5,0.16,0.11,0.16,0.42,1.1,0.78,0.19,0.78,0.64,1.2,1.16,0.21,1.16,0.37,1.9,1.92,0.13,1.92,0.15,0.3,0.15,0.09,0.15,0.17,1.2,0.78,0.08,0.78,0.85,1.8,1.66,0.31,1.66,0.49,1.6900000000000002,1.96,3.24,2.89,1.44,0.25,1.2100000000000002,1.44,3.61,0.09,1.44,3.24,1.1236000000000002,1.3924,2.8561,2.8561,1.2100000000000002,0.0256,0.6084,1.3456,3.6864,0.0225,0.6084,2.7556,0.0576,0.0081,0.2704,0.1369,0.0529,0.1763999999999999,0.4096,0.1369,0.0225,0.0289,0.7224999999999999,0.2400999999999999,0.0289,0.0049,0.0001,0.0169,0.0729,0.0121,0.0361,0.0440999999999999,0.0169,0.0081,0.0064,0.0961
5.567999999999995,33.9444444444443,5.446666666666658,34.29722222222209,-0.13888888888888606,-8.319444444444391,26.605555555555572,6.67261111111111,-0.12255555555553409,34.373944444444405,-13.467944444444415,13.34033333333336,-13.335333333333331,93.86333333333334,-36.1362777777777,100.59588888888888,1.3,1.06,0.17,1.06,0.24,1.4,1.18,0.07,1.18,0.09,1.8,1.69,0.01,1.69,0.52,1.7,1.69,0.13,1.69,0.37,1.2,1.1,0.27,1.1,0.23,0.5,0.16,0.11,0.16,0.42,1.1,0.78,0.19,0.78,0.64,1.2,1.16,0.21,1.16,0.37,1.9,1.92,0.13,1.92,0.15,0.3,0.15,0.09,0.15,0.17,1.2,0.78,0.08,0.78,0.85,1.8,1.66,0.31,1.66,0.49,1.6900000000000002,1.96,3.24,2.89,1.44,0.25,1.2100000000000002,1.44,3.61,0.09,1.44,3.24,1.1236000000000002,1.3924,2.8561,2.8561,1.2100000000000002,0.0256,0.6084,1.3456,3.6864,0.0225,0.6084,2.7556,0.0576,0.0081,0.2704,0.1369,0.0529,0.1763999999999999,0.4096,0.1369,0.0225,0.0289,0.7224999999999999,0.2400999999999999,0.0289,0.0049,0.0001,0.0169,0.0729,0.0121,0.0361,0.0440999999999999,0.0169,0.0081,0.0064,0.0961
5.617999999999995,35.333333333333194,5.503333333333328,35.599999999999866,-0.15666666666666387,-8.826666666666613,26.233333333333363,6.7316666666666665,-0.331999999999979,34.77799999999993,-13.742333333333306,12.983666666666698,-13.350999999999997,93.76266666666668,-37.024666666666576,100.82766666666664,1.3,1.06,0.17,1.06,0.24,1.4,1.18,0.07,1.18,0.09,1.8,1.69,0.01,1.69,0.52,1.7,1.69,0.13,1.69,0.37,1.2,1.1,0.27,1.1,0.23,0.5,0.16,0.11,0.16,0.42,1.1,0.78,0.19,0.78,0.64,1.2,1.16,0.21,1.16,0.37,1.9,1.92,0.13,1.92,0.15,0.3,0.15,0.09,0.15,0.17,1.2,0.78,0.08,0.78,0.85,1.8,1.66,0.31,1.66,0.49,1.6900000000000002,1.96,3.24,2.89,1.44,0.25,1.2100000000000002,1.44,3.61,0.09,1.44,3.24,1.1236000000000002,1.3924,2.8561,2.8561,1.2100000000000002,0.0256,0.6084,1.3456,3.6864,0.0225,0.6084,2.7556,0.0576,0.0081,0.2704,0.1369,0.0529,0.1763999999999999,0.4096,0.1369,0.0225,0.0289,0.7224999999999999,0.2400999999999999,0.0289,0.0049,0.0001,0.0169,0.0729,0.0121,0.0361,0.0440999999999999,0.0169,0.0081,0.0064,0.0961
5.667999999999995,36.742857142857,5.5374285714285705,36.91085714285701,-0.18485714285714003,-9.3771428571428,26.0257142857143,6.698085714285721,-0.5419428571428361,35.16257142857142,-14.017857142857114,12.7515142857143,-13.367171428571426,93.6316,-37.85868571428564,101.01711428571427,1.3,1.06,0.17,1.06,0.24,1.4,1.18,0.07,1.18,0.09,1.8,1.69,0.01,1.69,0.52,1.7,1.69,0.13,1.69,0.37,1.2,1.1,0.27,1.1,0.23,0.5,0.16,0.11,0.16,0.42,1.1,0.78,0.19,0.78,0.64,1.2,1.16,0.21,1.16,0.37,1.9,1.92,0.13,1.92,0.15,0.3,0.15,0.09,0.15,0.17,1.2,0.78,0.08,0.78,0.85,1.8,1.66,0.31,1.66,0.49,1.6900000000000002,1.96,3.24,2.89,1.44,0.25,1.2100000000000002,1.44,3.61,0.09,1.44,3.24,1.1236000000000002,1.3924,2.8561,2.8561,1.2100000000000002,0.0256,0.6084,1.3456,3.6864,0.0225,0.6084,2.7556,0.0576,0.0081,0.2704,0.1369,0.0529,0.1763999999999999,0.4096,0.1369,0.0225,0.0289,0.7224999999999999,0.2400999999999999,0.0289,0.0049,0.0001,0.0169,0.0729,0.0121,0.0361,0.0440999999999999,0.0169,0.0081,0.0064,0.0961
5.717999999999995,38.14285714285699,5.54,38.20142857142843,-0.21285714285713975,-9.947142857142795,25.8857142857143,6.617428571428581,-0.749142857142834,35.11628571428572,-14.288714285714255,12.63714285714287,-13.383571428571427,93.5197142857143,-38.57185714285706,101.18542857142856,1.4,1.17,0.08,1.17,0.21,1.4,1.21,0.04,1.21,0.06,1.8,1.68,0.01,1.68,0.53,1.8,1.71,0.08,1.71,0.42,1.0,0.93,0.36,0.93,0.26,0.4,0.13,0.04,0.13,0.37,1.1,0.77,0.18,0.77,0.66,1.1,0.97,0.03,0.97,0.39,2.0,1.94,0.12,1.94,0.15,0.3,0.17,0.07,0.17,0.18,1.1,0.75,0.08,0.75,0.85,1.9,1.81,0.35,1.81,0.34,1.96,1.96,3.24,3.24,1.0,0.16,1.2100000000000002,1.2100000000000002,4.0,0.09,1.2100000000000002,3.61,1.3688999999999998,1.4641,2.8224,2.9241,0.8649000000000001,0.0169,0.5929,0.9409,3.7636,0.0289,0.5625,3.2761,0.0440999999999999,0.0036,0.2809,0.1763999999999999,0.0676,0.1369,0.4356,0.1521,0.0225,0.0324,0.7224999999999999,0.1156,0.0064,0.0016,0.0001,0.0064,0.1296,0.0016,0.0324,0.0009,0.0144,0.0049,0.0064,0.1224999999999999
5.7679999999999945,39.571428571428406,5.54,39.50999999999985,-0.2414285714285681,-10.524285714285645,25.742857142857158,6.532285714285724,-0.9605714285714039,35.03914285714286,-14.565285714285682,12.529142857142869,-13.39985714285714,93.40685714285716,-39.28928571428563,101.3602857142857,1.4,1.17,0.08,1.17,0.21,1.4,1.21,0.04,1.21,0.06,1.8,1.68,0.01,1.68,0.53,1.8,1.71,0.08,1.71,0.42,1.0,0.93,0.36,0.93,0.26,0.4,0.13,0.04,0.13,0.37,1.1,0.77,0.18,0.77,0.66,1.1,0.97,0.03,0.97,0.39,2.0,1.94,0.12,1.94,0.15,0.3,0.17,0.07,0.17,0.18,1.1,0.75,0.08,0.75,0.85,1.9,1.81,0.35,1.81,0.34,1.96,1.96,3.24,3.24,1.0,0.16,1.2100000000000002,1.2100000000000002,4.0,0.09,1.2100000000000002,3.61,1.3688999999999998,1.4641,2.8224,2.9241,0.8649000000000001,0.0169,0.5929,0.9409,3.7636,0.0289,0.5625,3.2761,0.0440999999999999,0.0036,0.2809,0.1763999999999999,0.0676,0.1369,0.4356,0.1521,0.0225,0.0324,0.7224999999999999,0.1156,0.0064,0.0016,0.0001,0.0064,0.1296,0.0016,0.0324,0.0009,0.0144,0.0049,0.0064,0.1224999999999999
5.817999999999994,40.99999999999985,5.54,40.81999999999986,-0.26999999999999696,-11.09999999999994,25.7,6.447000000000009,-1.1709999999999776,34.96200000000001,-14.840999999999969,12.421000000000012,-13.415999999999999,93.29500000000002,-40.004999999999924,101.53899999999999,1.4,1.17,0.08,1.17,0.21,1.4,1.21,0.04,1.21,0.06,1.8,1.68,0.01,1.68,0.53,1.8,1.71,0.08,1.71,0.42,1.0,0.93,0.36,0.93,0.26,0.4,0.13,0.04,0.13,0.37,1.1,0.77,0.18,0.77,0.66,1.1,0.97,0.03,0.97,0.39,2.0,1.94,0.12,1.94,0.15,0.3,0.17,0.07,0.17,0.18,1.1,0.75,0.08,0.75,0.85,1.9,1.81,0.35,1.81,0.34,1.96,1.96,3.24,3.24,1.0,0.16,1.2100000000000002,1.2100000000000002,4.0,0.09,1.2100000000000002,3.61,1.3688999999999998,1.4641,2.8224,2.9241,0.8649000000000001,0.0169,0.5929,0.9409,3.7636,0.0289,0.5625,3.2761,0.0440999999999999,0.0036,0.2809,0.1763999999999999,0.0676,0.1369,0.4356,0.1521,0.0225,0.0324,0.7224999999999999,0.1156,0.0064,0.0016,0.0001,0.0064,0.1296,0.0016,0.0324,0.0009,0.0144,0.0049,0.0064,0.1224999999999999
5.867999999999994,42.39999999999983,5.53,42.09399999999984,-0.29799999999999655,-11.66999999999993,25.560000000000016,6.3640000000000105,-1.3767999999999747,34.88740000000001,-15.110799999999967,12.316000000000013,-13.431799999999997,93.18480000000001,-40.70499999999991,101.71999999999998,1.4,1.17,0.08,1.17,0.21,1.4,1.21,0.04,1.21,0.06,1.8,1.68,0.01,1.68,0.53,1.8,1.71,0.08,1.71,0.42,1.0,0.93,0.36,0.93,0.26,0.4,0.13,0.04,0.13,0.37,1.1,0.77,0.18,0.77,0.66,1.1,0.97,0.03,0.97,0.39,2.0,1.94,0.12,1.94,0.15,0.3,0.17,0.07,0.17,0.18,1.1,0.75,0.08,0.75,0.85,1.9,1.81,0.35,1.81,0.34,1.96,1.96,3.24,3.24,1.0,0.16,1.2100000000000002,1.2100000000000002,4.0,0.09,1.2100000000000002,3.61,1.3688999999999998,1.4641,2.8224,2.9241,0.8649000000000001,0.0169,0.5929,0.9409,3.7636,0.0289,0.5625,3.2761,0.0440999999999999,0.0036,0.2809,0.1763999999999999,0.0676,0.1369,0.4356,0.1521,0.0225,0.0324,0.7224999999999999,0.1156,0.0064,0.0016,0.0001,0.0064,0.1296,0.0016,0.0324,0.0009,0.0144,0.0049,0.0064,0.1224999999999999
5.917999999999994,43.828571428571244,5.53,43.39399999999983,-0.3265714285714249,-12.241428571428498,25.417142857142874,6.2791142857142965,-1.5867999999999731,34.811085714285724,-15.385085714285678,12.208857142857157,-13.448114285714283,93.07254285714286,-41.41762857142848,101.90819999999998,1.4,1.17,0.08,1.17,0.21,1.4,1.21,0.04,1.21,0.06,1.8,1.68,0.01,1.68,0.53,1.8,1.71,0.08,1.71,0.42,1.0,0.93,0.36,0.93,0.26,0.4,0.13,0.04,0.13,0.37,1.1,0.77,0.18,0.77,0.66,1.1,0.97,0.03,0.97,0.39,2.0,1.94,0.12,1.94,0.15,0.3,0.17,0.07,0.17,0.18,1.1,0.75,0.08,0.75,0.85,1.9,1.81,0.35,1.81,0.34,1.96,1.96,3.24,3.24,1.0,0.16,1.2100000000000002,1.2100000000000002,4.0,0.09,1.2100000000000002,3.61,1.3688999999999998,1.4641,2.8224,2.9241,0.8649000000000001,0.0169,0.5929,0.9409,3.7636,0.0289,0.5625,3.2761,0.0440999999999999,0.0036,0.2809,0.1763999999999999,0.0676,0.1369,0.4356,0.1521,0.0225,0.0324,0.7224999999999999,0.1156,0.0064,0.0016,0.0001,0.0064,0.1296,0.0016,0.0324,0.0009,0.0144,0.0049,0.0064,0.1224999999999999
5.967999999999994,45.25714285714269,5.52,44.693999999999846,-0.35514285714285376,-12.815428571428503,25.37428571428573,6.194828571428581,-1.7955428571428325,34.734371428571436,-15.658371428571396,12.101714285714298,-13.464085714285712,92.96094285714287,-42.12879999999991,102.10122857142855,1.5,1.33,0.07,1.33,0.18,1.4,1.24,0.01,1.24,0.05,1.7,1.61,0.04,1.61,0.6,1.8,1.69,0.08,1.69,0.44,1.0,1.0,0.29,1.0,0.25,0.4,0.11,0.05,0.11,0.39,1.0,0.75,0.12,0.75,0.65,1.0,0.88,0.05,0.88,0.35,2.0,2.02,0.16,2.02,0.16,0.4,0.26,0.05,0.26,0.18,1.1,0.73,0.06,0.73,0.87,1.8,1.78,0.27,1.78,0.26,2.25,1.96,2.89,3.24,1.0,0.16,1.0,1.0,4.0,0.16,1.2100000000000002,3.24,1.7689,1.5376,2.5921000000000003,2.8561,1.0,0.0121,0.5625,0.7744,4.0804,0.0676,0.5328999999999999,3.1684,0.0324,0.0025,0.36,0.1936,0.0625,0.1521,0.4225,0.1224999999999999,0.0256,0.0324,0.7569,0.0676,0.0049,0.0001,0.0016,0.0064,0.0841,0.0025,0.0144,0.0025,0.0256,0.0025,0.0036,0.0729
6.017999999999994,46.685714285714106,5.52,45.993999999999836,-0.3837142857142821,-13.394285714285642,25.23142857142859,6.1098571428571535,-2.0054857142856877,34.657971428571436,-15.932657142857108,11.994571428571442,-13.480542857142856,92.8495142857143,-42.84154285714277,102.29899999999998,1.5,1.33,0.07,1.33,0.18,1.4,1.24,0.01,1.24,0.05,1.7,1.61,0.04,1.61,0.6,1.8,1.69,0.08,1.69,0.44,1.0,1.0,0.29,1.0,0.25,0.4,0.11,0.05,0.11,0.39,1.0,0.75,0.12,0.75,0.65,1.0,0.88,0.05,0.88,0.35,2.0,2.02,0.16,2.02,0.16,0.4,0.26,0.05,0.26,0.18,1.1,0.73,0.06,0.73,0.87,1.8,1.78,0.27,1.78,0.26,2.25,1.96,2.89,3.24,1.0,0.16,1.0,1.0,4.0,0.16,1.2100000000000002,3.24,1.7689,1.5376,2.5921000000000003,2.8561,1.0,0.0121,0.5625,0.7744,4.0804,0.0676,0.5328999999999999,3.1684,0.0324,0.0025,0.36,0.1936,0.0625,0.1521,0.4225,0.1224999999999999,0.0256,0.0324,0.7569,0.0676,0.0049,0.0001,0.0016,0.0064,0.0841,0.0025,0.0144,0.0025,0.0256,0.0025,0.0036,0.0729
6.067999999999993,48.11111111111093,5.506666666666672,47.302222222222056,-0.4233333333333278,-13.988888888888807,25.188888888888908,5.9620000000000335,-2.2166666666666393,35.07666666666651,-16.209666666666628,11.906888888888895,-13.49722222222222,92.79355555555554,-43.63655555555543,102.58722222222217,1.5,1.33,0.07,1.33,0.18,1.4,1.24,0.01,1.24,0.05,1.7,1.61,0.04,1.61,0.6,1.8,1.69,0.08,1.69,0.44,1.0,1.0,0.29,1.0,0.25,0.4,0.11,0.05,0.11,0.39,1.0,0.75,0.12,0.75,0.65,1.0,0.88,0.05,0.88,0.35,2.0,2.02,0.16,2.02,0.16,0.4,0.26,0.05,0.26,0.18,1.1,0.73,0.06,0.73,0.87,1.8,1.78,0.27,1.78,0.26,2.25,1.96,2.89,3.24,1.0,0.16,1.0,1.0,4.0,0.16,1.2100000000000002,3.24,1.7689,1.5376,2.5921000000000003,2.8561,1.0,0.0121,0.5625,0.7744,4.0804,0.0676,0.5328999999999999,3.1684,0.0324,0.0025,0.36,0.1936,0.0625,0.1521,0.4225,0.1224999999999999,0.0256,0.0324,0.7569,0.0676,0.0049,0.0001,0.0016,0.0064,0.0841,0.0025,0.0144,0.0025,0.0256,0.0025,0.0036,0.0729
6.117999999999993,49.51428571428553,5.469714285714289,48.59314285714269,-0.46542857142856586,-14.606285714285633,25.151428571428553,5.616342857142924,-2.4261142857142586,35.83657142857143,-16.482771428571393,11.911028571428558,-13.513171428571427,92.7749142857143,-44.35814285714281,102.88385714285712,1.5,1.33,0.07,1.33,0.18,1.4,1.24,0.01,1.24,0.05,1.7,1.61,0.04,1.61,0.6,1.8,1.69,0.08,1.69,0.44,1.0,1.0,0.29,1.0,0.25,0.4,0.11,0.05,0.11,0.39,1.0,0.75,0.12,0.75,0.65,1.0,0.88,0.05,0.88,0.35,2.0,2.02,0.16,2.02,0.16,0.4,0.26,0.05,0.26,0.18,1.1,0.73,0.06,0.73,0.87,1.8,1.78,0.27,1.78,0.26,2.25,1.96,2.89,3.24,1.0,0.16,1.0,1.0,4.0,0.16,1.2100000000000002,3.24,1.7689,1.5376,2.5921000000000003,2.8561,1.0,0.0121,0.5625,0.7744,4.0804,0.0676,0.5328999999999999,3.1684,0.0324,0.0025,0.36,0.1936,0.0625,0.1521,0.4225,0.1224999999999999,0.0256,0.0324,0.7569,0.0676,0.0049,0.0001,0.0016,0.0064,0.0841,0.0025,0.0144,0.0025,0.0256,0.0025,0.0036,0.0729
6.167999999999993,50.916666666666465,5.432500000000005,49.87416666666649,-0.5074999999999941,-15.223333333333246,25.2,5.1531666666667295,-2.6336666666666373,36.37524999999988,-16.75574999999996,11.969833333333328,-13.52908333333333,92.65458333333336,-44.93808333333324,103.02941666666665,1.5,1.33,0.07,1.33,0.18,1.4,1.24,0.01,1.24,0.05,1.7,1.61,0.04,1.61,0.6,1.8,1.69,0.08,1.69,0.44,1.0,1.0,0.29,1.0,0.25,0.4,0.11,0.05,0.11,0.39,1.0,0.75,0.12,0.75,0.65,1.0,0.88,0.05,0.88,0.35,2.0,2.02,0.16,2.02,0.16,0.4,0.26,0.05,0.26,0.18,1.1,0.73,0.06,0.73,0.87,1.8,1.78,0.27,1.78,0.26,2.25,1.96,2.89,3.24,1.0,0.16,1.0,1.0,4.0,0.16,1.2100000000000002,3.24,1.7689,1.5376,2.5921000000000003,2.8561,1.0,0.0121,0.5625,0.7744,4.0804,0.0676,0.5328999999999999,3.1684,0.0324,0.0025,0.36,0.1936,0.0625,0.1521,0.4225,0.1224999999999999,0.0256,0.0324,0.7569,0.0676,0.0049,0.0001,0.0016,0.0064,0.0841,0.0025,0.0144,0.0025,0.0256,0.0025,0.0036,0.0729
6.217999999999993,52.33333333333313,5.390000000000007,51.16333333333315,-0.5499999999999938,-15.86333333333324,25.233333333333313,4.685000000000082,-2.844333333333303,37.63533333333316,-17.030666666666626,12.017666666666647,-13.545666666666664,92.52466666666668,-45.59533333333328,103.207,1.5,1.33,0.07,1.33,0.18,1.4,1.24,0.01,1.24,0.05,1.7,1.61,0.04,1.61,0.6,1.8,1.69,0.08,1.69,0.44,1.0,1.0,0.29,1.0,0.25,0.4,0.11,0.05,0.11,0.39,1.0,0.75,0.12,0.75,0.65,1.0,0.88,0.05,0.88,0.35,2.0,2.02,0.16,2.02,0.16,0.4,0.26,0.05,0.26,0.18,1.1,0.73,0.06,0.73,0.87,1.8,1.78,0.27,1.78,0.26,2.25,1.96,2.89,3.24,1.0,0.16,1.0,1.0,4.0,0.16,1.2100000000000002,3.24,1.7689,1.5376,2.5921000000000003,2.8561,1.0,0.0121,0.5625,0.7744,4.0804,0.0676,0.5328999999999999,3.1684,0.0324,0.0025,0.36,0.1936,0.0625,0.1521,0.4225,0.1224999999999999,0.0256,0.0324,0.7569,0.0676,0.0049,0.0001,0.0016,0.0064,0.0841,0.0025,0.0144,0.0025,0.0256,0.0025,0.0036,0.0729
6.267999999999993,53.742857142856934,5.355142857142861,52.445999999999806,-0.5922857142857079,-16.50428571428562,25.448571428571388,4.1822571428572095,-3.052199999999969,39.22959999999971,-17.30337142857139,12.15945714285712,-13.561914285714282,92.43314285714287,-46.177599999999885,103.39059999999996,1.5,1.33,0.07,1.33,0.18,1.4,1.24,0.01,1.24,0.05,1.7,1.61,0.04,1.61,0.6,1.8,1.69,0.08,1.69,0.44,1.0,1.0,0.29,1.0,0.25,0.4,0.11,0.05,0.11,0.39,1.0,0.75,0.12,0.75,0.65,1.0,0.88,0.05,0.88,0.35,2.0,2.02,0.16,2.02,0.16,0.4,0.26,0.05,0.26,0.18,1.1,0.73,0.06,0.73,0.87,1.8,1.78,0.27,1.78,0.26,2.25,1.96,2.89,3.24,1.0,0.16,1.0,1.0,4.0,0.16,1.2100000000000002,3.24,1.7689,1.5376,2.5921000000000003,2.8561,1.0,0.0121,0.5625,0.7744,4.0804,0.0676,0.5328999999999999,3.1684,0.0324,0.0025,0.36,0.1936,0.0625,0.1521,0.4225,0.1224999999999999,0.0256,0.0324,0.7569,0.0676,0.0049,0.0001,0.0016,0.0064,0.0841,0.0025,0.0144,0.0025,0.0256,0.0025,0.0036,0.0729
6.3179999999999925,55.17142857142835,5.313142857142866,53.74428571428552,-0.6451428571428505,-17.160571428571323,25.651428571428507,3.785685714285768,-3.263199999999967,40.92199999999984,-17.579914285714242,12.406942857142798,-13.577885714285712,92.38094285714286,-47.05722857142843,103.74268571428566,1.5,1.33,0.07,1.33,0.18,1.4,1.24,0.01,1.24,0.05,1.7,1.61,0.04,1.61,0.6,1.8,1.69,0.08,1.69,0.44,1.0,1.0,0.29,1.0,0.25,0.4,0.11,0.05,0.11,0.39,1.0,0.75,0.12,0.75,0.65,1.0,0.88,0.05,0.88,0.35,2.0,2.02,0.16,2.02,0.16,0.4,0.26,0.05,0.26,0.18,1.1,0.73,0.06,0.73,0.87,1.8,1.78,0.27,1.78,0.26,2.25,1.96,2.89,3.24,1.0,0.16,1.0,1.0,4.0,0.16,1.2100000000000002,3.24,1.7689,1.5376,2.5921000000000003,2.8561,1.0,0.0121,0.5625,0.7744,4.0804,0.0676,0.5328999999999999,3.1684,0.0324,0.0025,0.36,0.1936,0.0625,0.1521,0.4225,0.1224999999999999,0.0256,0.0324,0.7569,0.0676,0.0049,0.0001,0.0016,0.0064,0.0841,0.0025,0.0144,0.0025,0.0256,0.0025,0.0036,0.0729
6.367999999999992,56.59999999999978,5.262000000000007,55.0359999999998,-0.6939999999999913,-17.831999999999898,26.079999999999934,3.4420000000000526,-3.473199999999968,41.92139999999985,-17.85419999999996,12.789199999999942,-13.594199999999997,92.3638,-47.97459999999986,104.14959999999994,1.5,1.33,0.07,1.33,0.18,1.4,1.24,0.01,1.24,0.05,1.7,1.61,0.04,1.61,0.6,1.8,1.69,0.08,1.69,0.44,1.0,1.0,0.29,1.0,0.25,0.4,0.11,0.05,0.11,0.39,1.0,0.75,0.12,0.75,0.65,1.0,0.88,0.05,0.88,0.35,2.0,2.02,0.16,2.02,0.16,0.4,0.26,0.05,0.26,0.18,1.1,0.73,0.06,0.73,0.87,1.8,1.78,0.27,1.78,0.26,2.25,1.96,2.89,3.24,1.0,0.16,1.0,1.0,4.0,0.16,1.2100000000000002,3.24,1.7689,1.5376,2.5921000000000003,2.8561,1.0,0.0121,0.5625,0.7744,4.0804,0.0676,0.5328999999999999,3.1684,0.0324,0.0025,0.36,0.1936,0.0625,0.1521,0.4225,0.1224999999999999,0.0256,0.0324,0.7569,0.0676,0.0049,0.0001,0.0016,0.0064,0.0841,0.0025,0.0144,0.0025,0.0256,0.0025,0.0036,0.0729
6.417999999999992,58.02857142857121,5.19857142857144,56.31542857142838,-0.7411428571428483,-18.523999999999894,26.40857142857136,3.045428571428645,-3.6821428571428254,42.224285714285834,-18.12742857142853,13.166457142857086,-13.610314285714283,92.38462857142855,-48.92822857142842,104.61402857142848,1.502857142857121,1.3305714285714243,0.07171428571427259,1.3305714285714243,0.18171428571427256,1.4,1.2411428571428484,0.010285714285712096,1.2411428571428484,0.05399999999996935,1.7,1.6085714285714396,0.04085714285713629,1.6085714285714396,0.6011428571428483,1.8,1.69,0.07914285714286372,1.69,0.44142857142856046,1.002857142857121,1.0031428571428331,0.2860000000000306,1.0031428571428331,0.24971428571428791,0.4,0.1097142857142879,0.04857142857143952,0.1097142857142879,0.38914285714286373,1.0,0.7488571428571517,0.11885714285715161,0.7488571428571517,0.6502857142857121,0.9971428571428791,0.8765714285714549,0.05285714285712096,0.8765714285714549,0.34971428571428786,2.002857142857121,2.0208571428571362,0.16,2.0208571428571362,0.15914285714286372,0.4,0.2611428571428484,0.05171428571427258,0.2611428571428484,0.18085714285713628,1.102857142857121,0.73,0.059428571428575806,0.73,0.8711428571428483,1.7971428571428791,1.7780000000000153,0.26685714285716694,1.7780000000000153,0.25800000000001533,2.258857142857075,1.96,2.89,3.24,1.005999999999954,0.16,1.0,0.9945714285714702,4.011714285714196,0.16,1.2165714285713785,3.230000000000077,1.7704314285714167,1.540479999999978,2.5875714285714637,2.8561,1.0066314285713778,0.01204000000000046,0.5608314285714413,0.7687771428571859,4.0838885714285444,0.06823999999999508,0.5328999999999999,3.1614200000000534,0.03311999999999448,0.003459999999992643,0.361417142857132,0.19492857142856124,0.062360000000001074,0.1514571428571478,0.4228742857142828,0.12230285714285856,0.025351428571430478,0.03273428571428315,0.7589342857142701,0.06670000000000689,0.005242857142854515,0.00010857142857136289,0.0016942857142849918,0.0062885714285722824,0.08234000000001349,0.002428571428571976,0.014171428571430323,0.003071428571424192,0.0256,0.0027742857142836123,0.0035428571428575808,0.07154857142858179
6.467999999999992,59.45714285714263,5.127142857142869,57.59142857142837,-0.798285714285705,-19.223999999999887,26.837142857142787,2.56685714285722,-3.889285714285681,41.43902857142869,-18.3988571428571,13.538857142857083,-13.626028571428568,92.46559999999998,-49.93965714285698,105.16682857142848,1.6,1.35,0.13,1.35,0.24,1.4,1.28,0.02,1.28,0.19,1.7,1.56,0.07,1.56,0.64,1.8,1.69,0.05,1.69,0.49,1.1,1.11,0.15,1.11,0.24,0.4,0.1,0.0,0.1,0.36,1.0,0.71,0.08,0.71,0.66,0.9,0.76,0.15,0.76,0.34,2.1,2.05,0.16,2.05,0.13,0.4,0.3,0.11,0.3,0.21,1.2,0.73,0.04,0.73,0.91,1.7,1.71,0.16,1.71,0.19,2.5600000000000005,1.96,2.89,3.24,1.2100000000000002,0.16,1.0,0.81,4.41,0.16,1.44,2.89,1.8225,1.6384,2.4336,2.8561,1.2321000000000002,0.01,0.5041,0.5776,4.2025,0.09,0.5328999999999999,2.9241,0.0576,0.0361,0.4096,0.2400999999999999,0.0576,0.1296,0.4356,0.1156,0.0169,0.0440999999999999,0.8281000000000001,0.0361,0.0169,0.0004,0.0049,0.0025,0.0225,0.0,0.0064,0.0225,0.0256,0.0121,0.0016,0.0256
6.517999999999992,60.91176470588211,5.063529411764715,58.89147058823508,-0.8473529411764634,-19.936764705882236,27.182352941176422,2.0786470588236097,-4.100205882352907,40.640441176470716,-18.675235294117602,13.917058823529349,-13.642941176470586,92.54797058823527,-50.96952941176453,105.73632352941168,1.6,1.35,0.13,1.35,0.24,1.4,1.28,0.02,1.28,0.19,1.7,1.56,0.07,1.56,0.64,1.8,1.69,0.05,1.69,0.49,1.1,1.11,0.15,1.11,0.24,0.4,0.1,0.0,0.1,0.36,1.0,0.71,0.08,0.71,0.66,0.9,0.76,0.15,0.76,0.34,2.1,2.05,0.16,2.05,0.13,0.4,0.3,0.11,0.3,0.21,1.2,0.73,0.04,0.73,0.91,1.7,1.71,0.16,1.71,0.19,2.5600000000000005,1.96,2.89,3.24,1.2100000000000002,0.16,1.0,0.81,4.41,0.16,1.44,2.89,1.8225,1.6384,2.4336,2.8561,1.2321000000000002,0.01,0.5041,0.5776,4.2025,0.09,0.5328999999999999,2.9241,0.0576,0.0361,0.4096,0.2400999999999999,0.0576,0.1296,0.4356,0.1156,0.0169,0.0440999999999999,0.8281000000000001,0.0361,0.0169,0.0004,0.0049,0.0025,0.0225,0.0,0.0064,0.0225,0.0256,0.0121,0.0016,0.0256
6.567999999999992,62.3428571428569,5.009714285714293,60.16514285714264,-0.900285714285707,-20.63799999999988,27.56857142857138,1.5991428571429382,-4.30771428571425,39.85377142857156,-18.946799999999957,14.289142857142794,-13.658771428571425,92.62919999999998,-51.98274285714269,106.30379999999991,1.6,1.35,0.13,1.35,0.24,1.4,1.28,0.02,1.28,0.19,1.7,1.56,0.07,1.56,0.64,1.8,1.69,0.05,1.69,0.49,1.1,1.11,0.15,1.11,0.24,0.4,0.1,0.0,0.1,0.36,1.0,0.71,0.08,0.71,0.66,0.9,0.76,0.15,0.76,0.34,2.1,2.05,0.16,2.05,0.13,0.4,0.3,0.11,0.3,0.21,1.2,0.73,0.04,0.73,0.91,1.7,1.71,0.16,1.71,0.19,2.5600000000000005,1.96,2.89,3.24,1.2100000000000002,0.16,1.0,0.81,4.41,0.16,1.44,2.89,1.8225,1.6384,2.4336,2.8561,1.2321000000000002,0.01,0.5041,0.5776,4.2025,0.09,0.5328999999999999,2.9241,0.0576,0.0361,0.4096,0.2400999999999999,0.0576,0.1296,0.4356,0.1156,0.0169,0.0440999999999999,0.8281000000000001,0.0361,0.0169,0.0004,0.0049,0.0025,0.0225,0.0,0.0064,0.0225,0.0256,0.0121,0.0016,0.0256
6.6179999999999914,63.79411764705857,4.9582352941176575,61.45676470588213,-0.9517647058823429,-21.36499999999987,27.7,1.1796764705882987,-4.5173529411764335,38.91011764705901,-19.221088235294072,14.419500000000014,-13.674735294117644,92.67791176470588,-52.82917647058811,106.76452941176464,1.6,1.35,0.13,1.35,0.24,1.4,1.28,0.02,1.28,0.19,1.7,1.56,0.07,1.56,0.64,1.8,1.69,0.05,1.69,0.49,1.1,1.11,0.15,1.11,0.24,0.4,0.1,0.0,0.1,0.36,1.0,0.71,0.08,0.71,0.66,0.9,0.76,0.15,0.76,0.34,2.1,2.05,0.16,2.05,0.13,0.4,0.3,0.11,0.3,0.21,1.2,0.73,0.04,0.73,0.91,1.7,1.71,0.16,1.71,0.19,2.5600000000000005,1.96,2.89,3.24,1.2100000000000002,0.16,1.0,0.81,4.41,0.16,1.44,2.89,1.8225,1.6384,2.4336,2.8561,1.2321000000000002,0.01,0.5041,0.5776,4.2025,0.09,0.5328999999999999,2.9241,0.0576,0.0361,0.4096,0.2400999999999999,0.0576,0.1296,0.4356,0.1156,0.0169,0.0440999999999999,0.8281000000000001,0.0361,0.0169,0.0004,0.0049,0.0025,0.0225,0.0,0.0064,0.0225,0.0256,0.0121,0.0016,0.0256
6.667999999999991,65.26470588235269,4.886764705882365,62.75294117647037,-1.0105882352941076,-22.114999999999874,27.420588235294193,0.9969117647058711,-4.727852941176435,38.03644117647066,-19.4972352941176,14.136911764705955,-13.69091176470588,92.69488235294118,-53.46664705882342,107.09844117647053,1.6,1.35,0.13,1.35,0.24,1.4,1.28,0.02,1.28,0.19,1.7,1.56,0.07,1.56,0.64,1.8,1.69,0.05,1.69,0.49,1.1,1.11,0.15,1.11,0.24,0.4,0.1,0.0,0.1,0.36,1.0,0.71,0.08,0.71,0.66,0.9,0.76,0.15,0.76,0.34,2.1,2.05,0.16,2.05,0.13,0.4,0.3,0.11,0.3,0.21,1.2,0.73,0.04,0.73,0.91,1.7,1.71,0.16,1.71,0.19,2.5600000000000005,1.96,2.89,3.24,1.2100000000000002,0.16,1.0,0.81,4.41,0.16,1.44,2.89,1.8225,1.6384,2.4336,2.8561,1.2321000000000002,0.01,0.5041,0.5776,4.2025,0.09,0.5328999999999999,2.9241,0.0576,0.0361,0.4096,0.2400999999999999,0.0576,0.1296,0.4356,0.1156,0.0169,0.0440999999999999,0.8281000000000001,0.0361,0.0169,0.0004,0.0049,0.0025,0.0225,0.0,0.0064,0.0225,0.0256,0.0121,0.0016,0.0256
6.717999999999991,66.73529411764679,4.820588235294128,64.04705882352918,-1.0694117647058718,-22.864999999999863,26.97941176470596,1.0630882352941056,-4.938147058823492,37.605558823529485,-19.77149999999995,13.703088235294196,-13.707088235294115,92.73238235294117,-54.130617647058706,107.46902941176464,1.5264705882353207,1.2838235294117886,0.034411764705916906,1.2838235294117886,0.15176470588238483,1.4,1.2652941176470642,0.012647058823532072,1.2652941176470642,0.2120588235294038,1.6264705882353208,1.464411764705917,0.13617647058821136,1.464411764705917,0.6620588235294038,1.7264705882353206,1.6605882352941281,0.07205882352940379,1.6605882352941281,0.48264705882353204,1.1735294117646793,1.1320588235294038,0.12058823529412828,1.1320588235294038,0.0929411764706414,0.4,0.12941176470587173,0.03676470588233965,0.12941176470587173,0.4041176470588076,1.0,0.7026470588235321,0.050588235294128286,0.7026470588235321,0.6894117647058717,0.8264705882353207,0.7526470588235321,0.18676470588233965,0.7526470588235321,0.3179411764705962,2.1,2.1014705882352755,0.17470588235293585,2.1014705882352755,0.04911764705885277,0.47352941176467933,0.36617647058821134,0.16882352941174344,0.36617647058821134,0.22470588235293587,1.2735294117646794,0.7888235294117435,0.06941176470587172,0.7888235294117435,0.9908823529411472,1.7,1.6511764705882566,0.07911764705885277,1.6511764705882566,0.20470588235293585,2.3320588235294943,1.96,2.6473529411765586,2.9826470588236225,1.3791176470587625,0.16,1.0,0.6850000000000454,4.41,0.2261764705882114,1.6238235294116983,2.89,1.6497794117647682,1.6010470588235428,2.1477911764706916,2.7578647058823886,1.2817323529411586,0.01705882352940921,0.4937323529411801,0.5664970588235334,4.417132352941099,0.13566176470586586,0.6234882352940849,2.727629411764777,0.025835294117658544,0.04514411764705555,0.438497058823519,0.23296764705882608,0.01642352941177959,0.1640117647058698,0.4755999999999855,0.10126176470588753,0.004767647058827916,0.05057058823529176,0.9842029411764142,0.04198235294117427,0.004473529411769197,0.0001794117647059621,0.020120588235288617,0.0053676470588224934,0.014852941176473353,0.0018382352941169824,0.0028705882352953937,0.035367647058818875,0.03059999999999819,0.029747058823523034,0.0051294117647046064,0.008614705882359082
6.767999999999991,68.2058823529409,4.7597058823529546,65.33911764705859,-1.1282352941176363,-23.62705882352927,26.558823529411818,1.2654705882352175,-5.147235294117609,36.86226470588257,-20.046088235294068,13.30502941176477,-13.72326470588235,92.76914705882352,-54.611176470588205,107.75055882352937,1.5,1.26,0.0,1.26,0.12,1.4,1.26,0.01,1.26,0.22,1.6,1.43,0.16,1.43,0.67,1.7,1.65,0.08,1.65,0.48,1.2,1.14,0.11,1.14,0.04,0.4,0.14,0.05,0.14,0.42,1.0,0.7,0.04,0.7,0.7,0.8,0.75,0.2,0.75,0.31,2.1,2.12,0.18,2.12,0.02,0.5,0.39,0.19,0.39,0.23,1.3,0.81,0.08,0.81,1.02,1.7,1.63,0.05,1.63,0.21,2.25,1.96,2.5600000000000005,2.89,1.44,0.16,1.0,0.6400000000000001,4.41,0.25,1.6900000000000002,2.89,1.5876,1.5876,2.0449,2.7225,1.2996,0.0196,0.4899999999999999,0.5625,4.494400000000001,0.1521,0.6561000000000001,2.6569,0.0144,0.0484,0.4489000000000001,0.2304,0.0016,0.1763999999999999,0.4899999999999999,0.0961,0.0004,0.0529,1.0404,0.0440999999999999,0.0,0.0001,0.0256,0.0064,0.0121,0.0025,0.0016,0.04,0.0324,0.0361,0.0064,0.0025
6.817999999999991,69.67647058823503,4.69970588235295,66.62529411764682,-1.187058823529401,-24.391764705882213,26.3323529411765,1.7250588235293196,-5.356058823529374,36.343470588235235,-20.318823529411716,13.028000000000036,-13.739441176470585,92.68752941176474,-54.92299999999992,107.84426470588234,1.5,1.26,0.0,1.26,0.12,1.4,1.26,0.01,1.26,0.22,1.6,1.43,0.16,1.43,0.67,1.7,1.65,0.08,1.65,0.48,1.2,1.14,0.11,1.14,0.04,0.4,0.14,0.05,0.14,0.42,1.0,0.7,0.04,0.7,0.7,0.8,0.75,0.2,0.75,0.31,2.1,2.12,0.18,2.12,0.02,0.5,0.39,0.19,0.39,0.23,1.3,0.81,0.08,0.81,1.02,1.7,1.63,0.05,1.63,0.21,2.25,1.96,2.5600000000000005,2.89,1.44,0.16,1.0,0.6400000000000001,4.41,0.25,1.6900000000000002,2.89,1.5876,1.5876,2.0449,2.7225,1.2996,0.0196,0.4899999999999999,0.5625,4.494400000000001,0.1521,0.6561000000000001,2.6569,0.0144,0.0484,0.4489000000000001,0.2304,0.0016,0.1763999999999999,0.4899999999999999,0.0961,0.0004,0.0529,1.0404,0.0440999999999999,0.0,0.0001,0.0256,0.0064,0.0121,0.0025,0.0016,0.04,0.0324,0.0361,0.0064,0.0025
6.867999999999991,71.14705882352912,4.6426470588235444,67.90794117647035,-1.255882352941165,-25.157941176470434,26.329411764705824,2.172676470588169,-5.564882352941135,36.547500000000035,-20.59235294117642,13.017499999999947,-13.75561764705882,92.49926470588238,-55.38355882352932,107.92070588235292,1.5,1.26,0.0,1.26,0.12,1.4,1.26,0.01,1.26,0.22,1.6,1.43,0.16,1.43,0.67,1.7,1.65,0.08,1.65,0.48,1.2,1.14,0.11,1.14,0.04,0.4,0.14,0.05,0.14,0.42,1.0,0.7,0.04,0.7,0.7,0.8,0.75,0.2,0.75,0.31,2.1,2.12,0.18,2.12,0.02,0.5,0.39,0.19,0.39,0.23,1.3,0.81,0.08,0.81,1.02,1.7,1.63,0.05,1.63,0.21,2.25,1.96,2.5600000000000005,2.89,1.44,0.16,1.0,0.6400000000000001,4.41,0.25,1.6900000000000002,2.89,1.5876,1.5876,2.0449,2.7225,1.2996,0.0196,0.4899999999999999,0.5625,4.494400000000001,0.1521,0.6561000000000001,2.6569,0.0144,0.0484,0.4489000000000001,0.2304,0.0016,0.1763999999999999,0.4899999999999999,0.0961,0.0004,0.0529,1.0404,0.0440999999999999,0.0,0.0001,0.0256,0.0064,0.0121,0.0025,0.0016,0.04,0.0324,0.0361,0.0064,0.0025
6.91799999999999,72.61764705882324,4.581470588235303,69.18735294117621,-1.3208823529411622,-25.937352941176318,26.747058823529297,2.398882352941162,-5.773088235294077,36.43488235294118,-20.8652647058823,13.458029411764574,-13.771794117647056,92.36411764705886,-55.82729411764697,108.03564705882351,1.5,1.26,0.0,1.26,0.12,1.4,1.26,0.01,1.26,0.22,1.6,1.43,0.16,1.43,0.67,1.7,1.65,0.08,1.65,0.48,1.2,1.14,0.11,1.14,0.04,0.4,0.14,0.05,0.14,0.42,1.0,0.7,0.04,0.7,0.7,0.8,0.75,0.2,0.75,0.31,2.1,2.12,0.18,2.12,0.02,0.5,0.39,0.19,0.39,0.23,1.3,0.81,0.08,0.81,1.02,1.7,1.63,0.05,1.63,0.21,2.25,1.96,2.5600000000000005,2.89,1.44,0.16,1.0,0.6400000000000001,4.41,0.25,1.6900000000000002,2.89,1.5876,1.5876,2.0449,2.7225,1.2996,0.0196,0.4899999999999999,0.5625,4.494400000000001,0.1521,0.6561000000000001,2.6569,0.0144,0.0484,0.4489000000000001,0.2304,0.0016,0.1763999999999999,0.4899999999999999,0.0961,0.0004,0.0529,1.0404,0.0440999999999999,0.0,0.0001,0.0256,0.0064,0.0121,0.0025,0.0016,0.04,0.0324,0.0361,0.0064,0.0025
6.96799999999999,74.08333333333306,4.573333333333323,70.47499999999977,-1.372499999999992,-26.679999999999872,27.683333333333067,2.3685833333333703,-5.984333333333294,36.80274999999982,-21.141749999999945,14.249749999999821,-13.787583333333332,92.40883333333325,-56.47241666666649,108.39666666666652,1.5,1.26,0.0,1.26,0.12,1.3,1.2,0.08,1.2,0.21,1.6,1.43,0.16,1.43,0.67,1.7,1.66,0.08,1.66,0.46,1.2,1.14,0.11,1.14,0.04,0.4,0.14,0.05,0.14,0.42,1.0,0.7,0.04,0.7,0.7,0.8,0.75,0.2,0.75,0.31,2.1,2.12,0.18,2.12,0.02,0.5,0.39,0.19,0.39,0.23,1.3,0.81,0.08,0.81,1.02,1.7,1.63,0.05,1.63,0.21,2.25,1.6900000000000002,2.5600000000000005,2.89,1.44,0.16,1.0,0.6400000000000001,4.41,0.25,1.6900000000000002,2.89,1.5876,1.44,2.0449,2.7556,1.2996,0.0196,0.4899999999999999,0.5625,4.494400000000001,0.1521,0.6561000000000001,2.6569,0.0144,0.0440999999999999,0.4489000000000001,0.2116,0.0016,0.1763999999999999,0.4899999999999999,0.0961,0.0004,0.0529,1.0404,0.0440999999999999,0.0,0.0064,0.0256,0.0064,0.0121,0.0025,0.0016,0.04,0.0324,0.0361,0.0064,0.0025
7.01799999999999,75.51515151515122,4.589393939393952,71.74303030303004,-1.4206060606060484,-27.398181818181655,28.960606060605848,2.081757575757671,-6.2034545454544965,37.19893939393952,-21.505787878787775,15.20712121212101,-13.74248484848488,92.6852424242424,-57.29887878787866,109.05751515151508,1.5,1.26,0.0,1.26,0.12,1.3,1.2,0.08,1.2,0.21,1.6,1.43,0.16,1.43,0.67,1.7,1.66,0.08,1.66,0.46,1.2,1.14,0.11,1.14,0.04,0.4,0.14,0.05,0.14,0.42,1.0,0.7,0.04,0.7,0.7,0.8,0.75,0.2,0.75,0.31,2.1,2.12,0.18,2.12,0.02,0.5,0.39,0.19,0.39,0.23,1.3,0.81,0.08,0.81,1.02,1.7,1.63,0.05,1.63,0.21,2.25,1.6900000000000002,2.5600000000000005,2.89,1.44,0.16,1.0,0.6400000000000001,4.41,0.25,1.6900000000000002,2.89,1.5876,1.44,2.0449,2.7556,1.2996,0.0196,0.4899999999999999,0.5625,4.494400000000001,0.1521,0.6561000000000001,2.6569,0.0144,0.0440999999999999,0.4489000000000001,0.2116,0.0016,0.1763999999999999,0.4899999999999999,0.0961,0.0004,0.0529,1.0404,0.0440999999999999,0.0,0.0064,0.0256,0.0064,0.0121,0.0025,0.0016,0.04,0.0324,0.0361,0.0064,0.0025
7.06799999999999,76.99999999999972,4.540000000000009,73.01999999999975,-1.4799999999999884,-28.199999999999843,29.899999999999824,1.6350000000000848,-6.442999999999953,36.685000000000095,-22.0239999999999,16.077999999999843,-13.594000000000028,92.78499999999997,-57.92299999999988,109.47599999999991,1.5,1.26,0.0,1.26,0.12,1.3,1.2,0.08,1.2,0.21,1.6,1.43,0.16,1.43,0.67,1.7,1.66,0.08,1.66,0.46,1.2,1.14,0.11,1.14,0.04,0.4,0.14,0.05,0.14,0.42,1.0,0.7,0.04,0.7,0.7,0.8,0.75,0.2,0.75,0.31,2.1,2.12,0.18,2.12,0.02,0.5,0.39,0.19,0.39,0.23,1.3,0.81,0.08,0.81,1.02,1.7,1.63,0.05,1.63,0.21,2.25,1.6900000000000002,2.5600000000000005,2.89,1.44,0.16,1.0,0.6400000000000001,4.41,0.25,1.6900000000000002,2.89,1.5876,1.44,2.0449,2.7556,1.2996,0.0196,0.4899999999999999,0.5625,4.494400000000001,0.1521,0.6561000000000001,2.6569,0.0144,0.0440999999999999,0.4489000000000001,0.2116,0.0016,0.1763999999999999,0.4899999999999999,0.0961,0.0004,0.0529,1.0404,0.0440999999999999,0.0,0.0064,0.0256,0.0064,0.0121,0.0025,0.0016,0.04,0.0324,0.0361,0.0064,0.0025
7.11799999999999,78.4999999999997,4.495000000000009,74.31499999999974,-1.549999999999982,-29.014999999999834,30.3,1.3430000000000168,-6.684499999999952,36.33400000000006,-22.546999999999898,16.523999999999987,-13.44550000000003,92.90349999999998,-58.42899999999994,109.85399999999996,1.5,1.26,0.0,1.26,0.12,1.3,1.2,0.08,1.2,0.21,1.6,1.43,0.16,1.43,0.67,1.7,1.66,0.08,1.66,0.46,1.2,1.14,0.11,1.14,0.04,0.4,0.14,0.05,0.14,0.42,1.0,0.7,0.04,0.7,0.7,0.8,0.75,0.2,0.75,0.31,2.1,2.12,0.18,2.12,0.02,0.5,0.39,0.19,0.39,0.23,1.3,0.81,0.08,0.81,1.02,1.7,1.63,0.05,1.63,0.21,2.25,1.6900000000000002,2.5600000000000005,2.89,1.44,0.16,1.0,0.6400000000000001,4.41,0.25,1.6900000000000002,2.89,1.5876,1.44,2.0449,2.7556,1.2996,0.0196,0.4899999999999999,0.5625,4.494400000000001,0.1521,0.6561000000000001,2.6569,0.0144,0.0440999999999999,0.4489000000000001,0.2116,0.0016,0.1763999999999999,0.4899999999999999,0.0961,0.0004,0.0529,1.0404,0.0440999999999999,0.0,0.0064,0.0256,0.0064,0.0121,0.0025,0.0016,0.04,0.0324,0.0361,0.0064,0.0025
7.1679999999999895,79.99999999999967,4.45000000000001,75.59999999999971,-1.6199999999999872,-29.829999999999824,30.3,1.3479999999999894,-6.924999999999948,36.00500000000008,-23.06599999999989,16.481000000000023,-13.298000000000032,92.97599999999998,-58.73099999999994,110.08299999999996,1.5,1.26,0.0,1.26,0.12,1.3,1.2,0.08,1.2,0.21,1.6,1.43,0.16,1.43,0.67,1.7,1.66,0.08,1.66,0.46,1.2,1.14,0.11,1.14,0.04,0.4,0.14,0.05,0.14,0.42,1.0,0.7,0.04,0.7,0.7,0.8,0.75,0.2,0.75,0.31,2.1,2.12,0.18,2.12,0.02,0.5,0.39,0.19,0.39,0.23,1.3,0.81,0.08,0.81,1.02,1.7,1.63,0.05,1.63,0.21,2.25,1.6900000000000002,2.5600000000000005,2.89,1.44,0.16,1.0,0.6400000000000001,4.41,0.25,1.6900000000000002,2.89,1.5876,1.44,2.0449,2.7556,1.2996,0.0196,0.4899999999999999,0.5625,4.494400000000001,0.1521,0.6561000000000001,2.6569,0.0144,0.0440999999999999,0.4489000000000001,0.2116,0.0016,0.1763999999999999,0.4899999999999999,0.0961,0.0004,0.0529,1.0404,0.0440999999999999,0.0,0.0064,0.0256,0.0064,0.0121,0.0025,0.0016,0.04,0.0324,0.0361,0.0064,0.0025
7.217999999999989,81.5151515151512,4.4248484848484875,76.90303030303002,-1.6906060606060478,-30.658181818181646,30.1,1.4260909090909177,-7.166424242424191,35.79854545454543,-23.588757575757466,16.336303030303032,-13.149000000000031,92.98709090909092,-59.047909090909016,110.25951515151513,1.4,1.17,0.08,1.17,0.06,1.2,1.15,0.14,1.15,0.22,1.6,1.44,0.15,1.44,0.63,1.7,1.67,0.08,1.67,0.39,1.2,1.07,0.08,1.07,0.31,0.5,0.22,0.12,0.22,0.47,1.0,0.7,0.04,0.7,0.74,1.0,0.96,0.08,0.96,0.19,2.2,2.15,0.17,2.15,0.08,0.5,0.41,0.18,0.41,0.2,1.2,0.74,0.01,0.74,0.95,1.7,1.68,0.07,1.68,0.15,1.96,1.44,2.5600000000000005,2.89,1.44,0.25,1.0,1.0,4.840000000000001,0.25,1.44,2.89,1.3688999999999998,1.3224999999999998,2.0736,2.7889,1.1449,0.0484,0.4899999999999999,0.9216,4.6225,0.1680999999999999,0.5476,2.8224,0.0036,0.0484,0.3969,0.1521,0.0961,0.2208999999999999,0.5476,0.0361,0.0064,0.04,0.9025,0.0225,0.0064,0.0196,0.0225,0.0064,0.0064,0.0144,0.0016,0.0064,0.0289,0.0324,0.0001,0.0049
7.267999999999989,82.99999999999969,4.410000000000004,78.17999999999974,-1.7499999999999876,-31.45999999999983,30.1,1.3860000000000083,-7.40499999999995,35.90099999999998,-24.10399999999989,16.317000000000004,-13.00200000000003,92.89900000000002,-59.38299999999993,110.35899999999998,1.4,1.17,0.08,1.17,0.06,1.2,1.15,0.14,1.15,0.22,1.6,1.44,0.15,1.44,0.63,1.7,1.67,0.08,1.67,0.39,1.2,1.07,0.08,1.07,0.31,0.5,0.22,0.12,0.22,0.47,1.0,0.7,0.04,0.7,0.74,1.0,0.96,0.08,0.96,0.19,2.2,2.15,0.17,2.15,0.08,0.5,0.41,0.18,0.41,0.2,1.2,0.74,0.01,0.74,0.95,1.7,1.68,0.07,1.68,0.15,1.96,1.44,2.5600000000000005,2.89,1.44,0.25,1.0,1.0,4.840000000000001,0.25,1.44,2.89,1.3688999999999998,1.3224999999999998,2.0736,2.7889,1.1449,0.0484,0.4899999999999999,0.9216,4.6225,0.1680999999999999,0.5476,2.8224,0.0036,0.0484,0.3969,0.1521,0.0961,0.2208999999999999,0.5476,0.0361,0.0064,0.04,0.9025,0.0225,0.0064,0.0196,0.0225,0.0064,0.0064,0.0144,0.0016,0.0064,0.0289,0.0324,0.0001,0.0049
7.317999999999989,84.51515151515119,4.404848484848489,79.47787878787851,-1.8206060606060475,-32.29333333333315,30.254545454545354,1.095515151515304,-7.6469090909090385,36.34857575757554,-24.62821212121201,16.480636363636265,-12.852515151515185,92.85687878787877,-59.95651515151495,110.63151515151503,1.4,1.17,0.08,1.17,0.06,1.2,1.15,0.14,1.15,0.22,1.6,1.44,0.15,1.44,0.63,1.7,1.67,0.08,1.67,0.39,1.2,1.07,0.08,1.07,0.31,0.5,0.22,0.12,0.22,0.47,1.0,0.7,0.04,0.7,0.74,1.0,0.96,0.08,0.96,0.19,2.2,2.15,0.17,2.15,0.08,0.5,0.41,0.18,0.41,0.2,1.2,0.74,0.01,0.74,0.95,1.7,1.68,0.07,1.68,0.15,1.96,1.44,2.5600000000000005,2.89,1.44,0.25,1.0,1.0,4.840000000000001,0.25,1.44,2.89,1.3688999999999998,1.3224999999999998,2.0736,2.7889,1.1449,0.0484,0.4899999999999999,0.9216,4.6225,0.1680999999999999,0.5476,2.8224,0.0036,0.0484,0.3969,0.1521,0.0961,0.2208999999999999,0.5476,0.0361,0.0064,0.04,0.9025,0.0225,0.0064,0.0196,0.0225,0.0064,0.0064,0.0144,0.0016,0.0064,0.0289,0.0324,0.0001,0.0049
7.367999999999989,86.03030303030269,4.379696969696973,80.76545454545426,-1.8912121212121076,-33.1369696969695,30.80909090909081,0.26303030303053837,-7.8868181818181275,36.17524242424288,-25.148424242424127,17.00330303030289,-12.704030303030336,92.85266666666668,-60.70115151515142,111.0394848484848,1.4,1.17,0.08,1.17,0.06,1.2,1.15,0.14,1.15,0.22,1.6,1.44,0.15,1.44,0.63,1.7,1.67,0.08,1.67,0.39,1.2,1.07,0.08,1.07,0.31,0.5,0.22,0.12,0.22,0.47,1.0,0.7,0.04,0.7,0.74,1.0,0.96,0.08,0.96,0.19,2.2,2.15,0.17,2.15,0.08,0.5,0.41,0.18,0.41,0.2,1.2,0.74,0.01,0.74,0.95,1.7,1.68,0.07,1.68,0.15,1.96,1.44,2.5600000000000005,2.89,1.44,0.25,1.0,1.0,4.840000000000001,0.25,1.44,2.89,1.3688999999999998,1.3224999999999998,2.0736,2.7889,1.1449,0.0484,0.4899999999999999,0.9216,4.6225,0.1680999999999999,0.5476,2.8224,0.0036,0.0484,0.3969,0.1521,0.0961,0.2208999999999999,0.5476,0.0361,0.0064,0.04,0.9025,0.0225,0.0064,0.0196,0.0225,0.0064,0.0064,0.0144,0.0016,0.0064,0.0289,0.0324,0.0001,0.0049
7.417999999999989,87.54545454545419,4.37,82.04363636363607,-1.95727272727271,-33.98545454545435,31.31818181818168,-0.7543636363634156,-8.127181818181763,34.722636363636454,-25.667999999999882,17.575363636363523,-12.556090909090942,92.8361818181818,-61.083090909090835,111.23990909090902,1.4,1.17,0.08,1.17,0.06,1.2,1.15,0.14,1.15,0.22,1.6,1.44,0.15,1.44,0.63,1.7,1.67,0.08,1.67,0.39,1.2,1.07,0.08,1.07,0.31,0.5,0.22,0.12,0.22,0.47,1.0,0.7,0.04,0.7,0.74,1.0,0.96,0.08,0.96,0.19,2.2,2.15,0.17,2.15,0.08,0.5,0.41,0.18,0.41,0.2,1.2,0.74,0.01,0.74,0.95,1.7,1.68,0.07,1.68,0.15,1.96,1.44,2.5600000000000005,2.89,1.44,0.25,1.0,1.0,4.840000000000001,0.25,1.44,2.89,1.3688999999999998,1.3224999999999998,2.0736,2.7889,1.1449,0.0484,0.4899999999999999,0.9216,4.6225,0.1680999999999999,0.5476,2.8224,0.0036,0.0484,0.3969,0.1521,0.0961,0.2208999999999999,0.5476,0.0361,0.0064,0.04,0.9025,0.0225,0.0064,0.0196,0.0225,0.0064,0.0064,0.0144,0.0016,0.0064,0.0289,0.0324,0.0001,0.0049
7.467999999999988,89.0606060606057,4.381818181818171,83.33212121212091,-2.0218181818181713,-34.82272727272708,31.151515151515436,-1.6807878787876747,-8.366575757575701,34.34184848484856,-26.185666666666545,18.023787878787793,-12.408121212121246,92.9302727272727,-61.47651515151504,111.53278787878779,1.3,1.18,0.09,1.18,0.02,1.2,1.1,0.19,1.1,0.28,1.6,1.43,0.15,1.43,0.63,1.7,1.66,0.1,1.66,0.34,1.2,1.07,0.05,1.07,0.39,0.6,0.27,0.15,0.27,0.49,1.1,0.68,0.03,0.68,0.8,1.1,1.04,0.02,1.04,0.13,2.1,2.14,0.13,2.14,0.03,0.6,0.43,0.2,0.43,0.26,1.2,0.7,0.04,0.7,0.92,1.8,1.74,0.12,1.74,0.08,1.6900000000000002,1.44,2.5600000000000005,2.89,1.44,0.36,1.2100000000000002,1.2100000000000002,4.41,0.36,1.44,3.24,1.3924,1.2100000000000002,2.0449,2.7556,1.1449,0.0729,0.4624000000000001,1.0816,4.5796,0.1848999999999999,0.4899999999999999,3.0276,0.0004,0.0784,0.3969,0.1156,0.1521,0.2400999999999999,0.6400000000000001,0.0169,0.0009,0.0676,0.8464,0.0064,0.0081,0.0361,0.0225,0.01,0.0025,0.0225,0.0009,0.0004,0.0169,0.04,0.0016,0.0144
7.517999999999988,90.59374999999964,4.41,84.64468749999969,-2.0737499999999853,-35.6624999999998,30.28125000000007,-2.545968749999804,-8.750718749999859,33.767500000000226,-26.925187499999748,18.382437499999924,-12.057531250000157,93.08028124999996,-62.04618749999984,111.96506249999987,1.3,1.18,0.09,1.18,0.02,1.2,1.1,0.19,1.1,0.28,1.6,1.43,0.15,1.43,0.63,1.7,1.66,0.1,1.66,0.34,1.2,1.07,0.05,1.07,0.39,0.6,0.27,0.15,0.27,0.49,1.1,0.68,0.03,0.68,0.8,1.1,1.04,0.02,1.04,0.13,2.1,2.14,0.13,2.14,0.03,0.6,0.43,0.2,0.43,0.26,1.2,0.7,0.04,0.7,0.92,1.8,1.74,0.12,1.74,0.08,1.6900000000000002,1.44,2.5600000000000005,2.89,1.44,0.36,1.2100000000000002,1.2100000000000002,4.41,0.36,1.44,3.24,1.3924,1.2100000000000002,2.0449,2.7556,1.1449,0.0729,0.4624000000000001,1.0816,4.5796,0.1848999999999999,0.4899999999999999,3.0276,0.0004,0.0784,0.3969,0.1156,0.1521,0.2400999999999999,0.6400000000000001,0.0169,0.0009,0.0676,0.8464,0.0064,0.0081,0.0361,0.0225,0.01,0.0025,0.0225,0.0009,0.0004,0.0169,0.04,0.0016,0.0144
7.567999999999988,92.12499999999963,4.42,85.93499999999969,-2.1349999999999847,-36.52999999999979,29.86250000000011,-3.2861249999998585,-9.23762499999993,33.16150000000001,-27.08087500000033,18.61962499999998,-11.443750000000128,93.24312499999996,-62.662749999999875,112.4349999999999,1.3,1.18,0.09,1.18,0.02,1.2,1.1,0.19,1.1,0.28,1.6,1.43,0.15,1.43,0.63,1.7,1.66,0.1,1.66,0.34,1.2,1.07,0.05,1.07,0.39,0.6,0.27,0.15,0.27,0.49,1.1,0.68,0.03,0.68,0.8,1.1,1.04,0.02,1.04,0.13,2.1,2.14,0.13,2.14,0.03,0.6,0.43,0.2,0.43,0.26,1.2,0.7,0.04,0.7,0.92,1.8,1.74,0.12,1.74,0.08,1.6900000000000002,1.44,2.5600000000000005,2.89,1.44,0.36,1.2100000000000002,1.2100000000000002,4.41,0.36,1.44,3.24,1.3924,1.2100000000000002,2.0449,2.7556,1.1449,0.0729,0.4624000000000001,1.0816,4.5796,0.1848999999999999,0.4899999999999999,3.0276,0.0004,0.0784,0.3969,0.1156,0.1521,0.2400999999999999,0.6400000000000001,0.0169,0.0009,0.0676,0.8464,0.0064,0.0081,0.0361,0.0225,0.01,0.0025,0.0225,0.0009,0.0004,0.0169,0.04,0.0016,0.0144
7.617999999999988,93.6666666666663,4.426666666666663,87.2299999999997,-2.196666666666652,-37.40666666666646,29.6,-3.867333333333198,-9.297000000000057,33.13,-26.334666666666653,18.70199999999998,-11.152666666666663,93.37166666666664,-63.16333333333322,112.81733333333325,1.3,1.18,0.09,1.18,0.02,1.2,1.1,0.19,1.1,0.28,1.6,1.43,0.15,1.43,0.63,1.7,1.66,0.1,1.66,0.34,1.2,1.07,0.05,1.07,0.39,0.6,0.27,0.15,0.27,0.49,1.1,0.68,0.03,0.68,0.8,1.1,1.04,0.02,1.04,0.13,2.1,2.14,0.13,2.14,0.03,0.6,0.43,0.2,0.43,0.26,1.2,0.7,0.04,0.7,0.92,1.8,1.74,0.12,1.74,0.08,1.6900000000000002,1.44,2.5600000000000005,2.89,1.44,0.36,1.2100000000000002,1.2100000000000002,4.41,0.36,1.44,3.24,1.3924,1.2100000000000002,2.0449,2.7556,1.1449,0.0729,0.4624000000000001,1.0816,4.5796,0.1848999999999999,0.4899999999999999,3.0276,0.0004,0.0784,0.3969,0.1156,0.1521,0.2400999999999999,0.6400000000000001,0.0169,0.0009,0.0676,0.8464,0.0064,0.0081,0.0361,0.0225,0.01,0.0025,0.0225,0.0009,0.0004,0.0169,0.04,0.0016,0.0144
7.667999999999988,95.21212121212085,4.444242424242417,88.52818181818151,-2.268484848484834,-38.29090909090888,29.6,-4.302939393939348,-9.014696969697038,33.13448484848483,-26.49224242424238,18.709090909090936,-11.200848484848471,93.47196969696968,-63.71090909090894,113.21184848484839,1.3,1.18,0.09,1.18,0.02,1.2,1.1,0.19,1.1,0.28,1.6,1.43,0.15,1.43,0.63,1.7,1.66,0.1,1.66,0.34,1.2,1.07,0.05,1.07,0.39,0.6,0.27,0.15,0.27,0.49,1.1,0.68,0.03,0.68,0.8,1.1,1.04,0.02,1.04,0.13,2.1,2.14,0.13,2.14,0.03,0.6,0.43,0.2,0.43,0.26,1.2,0.7,0.04,0.7,0.92,1.8,1.74,0.12,1.74,0.08,1.6900000000000002,1.44,2.5600000000000005,2.89,1.44,0.36,1.2100000000000002,1.2100000000000002,4.41,0.36,1.44,3.24,1.3924,1.2100000000000002,2.0449,2.7556,1.1449,0.0729,0.4624000000000001,1.0816,4.5796,0.1848999999999999,0.4899999999999999,3.0276,0.0004,0.0784,0.3969,0.1156,0.1521,0.2400999999999999,0.6400000000000001,0.0169,0.0009,0.0676,0.8464,0.0064,0.0081,0.0361,0.0225,0.01,0.0025,0.0225,0.0009,0.0004,0.0169,0.04,0.0016,0.0144
7.7179999999999875,96.74999999999962,4.46,89.81249999999967,-2.329999999999984,-39.17499999999978,29.525000000000038,-4.358750000000023,-8.723250000000073,32.83975000000017,-26.675999999999952,18.584000000000035,-11.258499999999986,93.58774999999996,-64.15974999999993,113.55949999999993,1.3,1.18,0.09,1.18,0.02,1.2,1.1,0.19,1.1,0.28,1.6,1.43,0.15,1.43,0.63,1.7,1.66,0.1,1.66,0.34,1.2,1.07,0.05,1.07,0.39,0.6,0.27,0.15,0.27,0.49,1.1,0.68,0.03,0.68,0.8,1.1,1.04,0.02,1.04,0.13,2.1,2.14,0.13,2.14,0.03,0.6,0.43,0.2,0.43,0.26,1.2,0.7,0.04,0.7,0.92,1.8,1.74,0.12,1.74,0.08,1.6900000000000002,1.44,2.5600000000000005,2.89,1.44,0.36,1.2100000000000002,1.2100000000000002,4.41,0.36,1.44,3.24,1.3924,1.2100000000000002,2.0449,2.7556,1.1449,0.0729,0.4624000000000001,1.0816,4.5796,0.1848999999999999,0.4899999999999999,3.0276,0.0004,0.0784,0.3969,0.1156,0.1521,0.2400999999999999,0.6400000000000001,0.0169,0.0009,0.0676,0.8464,0.0064,0.0081,0.0361,0.0225,0.01,0.0025,0.0225,0.0009,0.0004,0.0169,0.04,0.0016,0.0144
7.767999999999987,98.32258064516088,4.473225806451609,91.11774193548354,-2.3961290322580444,-40.073870967741705,29.432258064516088,-4.072580645161425,-8.429322580645238,32.268741935483924,-26.861741935483824,18.518290322580633,-11.316935483870953,93.73893548387093,-64.57335483870949,113.91293548387084,1.3,1.18,0.09,1.18,0.02,1.2,1.1,0.19,1.1,0.28,1.6,1.43,0.15,1.43,0.63,1.7,1.66,0.1,1.66,0.34,1.2,1.07,0.05,1.07,0.39,0.6,0.27,0.15,0.27,0.49,1.1,0.68,0.03,0.68,0.8,1.1,1.04,0.02,1.04,0.13,2.1,2.14,0.13,2.14,0.03,0.6,0.43,0.2,0.43,0.26,1.2,0.7,0.04,0.7,0.92,1.8,1.74,0.12,1.74,0.08,1.6900000000000002,1.44,2.5600000000000005,2.89,1.44,0.36,1.2100000000000002,1.2100000000000002,4.41,0.36,1.44,3.24,1.3924,1.2100000000000002,2.0449,2.7556,1.1449,0.0729,0.4624000000000001,1.0816,4.5796,0.1848999999999999,0.4899999999999999,3.0276,0.0004,0.0784,0.3969,0.1156,0.1521,0.2400999999999999,0.6400000000000001,0.0169,0.0009,0.0676,0.8464,0.0064,0.0081,0.0361,0.0225,0.01,0.0025,0.0225,0.0009,0.0004,0.0169,0.04,0.0016,0.0144
7.817999999999987,99.9062499999996,4.489062499999997,92.42312499999969,-2.4571874999999883,-40.97656249999978,29.771874999999884,-3.610468750000102,-8.136343750000073,31.540187500000275,-27.047031249999954,18.696062499999933,-11.375531249999986,93.73968750000002,-64.96403124999996,114.130625,1.3,1.18,0.09,1.18,0.02,1.2,1.1,0.19,1.1,0.28,1.6,1.43,0.15,1.43,0.63,1.7,1.66,0.1,1.66,0.34,1.2,1.07,0.05,1.07,0.39,0.6,0.27,0.15,0.27,0.49,1.1,0.68,0.03,0.68,0.8,1.1,1.04,0.02,1.04,0.13,2.1,2.14,0.13,2.14,0.03,0.6,0.43,0.2,0.43,0.26,1.2,0.7,0.04,0.7,0.92,1.8,1.74,0.12,1.74,0.08,1.6900000000000002,1.44,2.5600000000000005,2.89,1.44,0.36,1.2100000000000002,1.2100000000000002,4.41,0.36,1.44,3.24,1.3924,1.2100000000000002,2.0449,2.7556,1.1449,0.0729,0.4624000000000001,1.0816,4.5796,0.1848999999999999,0.4899999999999999,3.0276,0.0004,0.0784,0.3969,0.1156,0.1521,0.2400999999999999,0.6400000000000001,0.0169,0.0009,0.0676,0.8464,0.0064,0.0081,0.0361,0.0225,0.01,0.0025,0.0225,0.0009,0.0004,0.0169,0.04,0.0016,0.0144
7.867999999999987,101.4687499999996,4.5146874999999955,93.71906249999967,-2.5040624999999883,-41.857187499999775,30.4343749999998,-3.2548750000000877,-7.991124999999976,30.67434374999997,-27.433093749999816,19.036437499999916,-11.561531249999899,93.66346874999998,-65.07962499999988,114.12893749999992,1.3,1.18,0.09,1.18,0.02,1.2,1.1,0.19,1.1,0.28,1.6,1.43,0.15,1.43,0.63,1.7,1.66,0.1,1.66,0.34,1.2,1.07,0.05,1.07,0.39,0.6,0.27,0.15,0.27,0.49,1.1,0.68,0.03,0.68,0.8,1.1,1.04,0.02,1.04,0.13,2.1,2.14,0.13,2.14,0.03,0.6,0.43,0.2,0.43,0.26,1.2,0.7,0.04,0.7,0.92,1.8,1.74,0.12,1.74,0.08,1.6900000000000002,1.44,2.5600000000000005,2.89,1.44,0.36,1.2100000000000002,1.2100000000000002,4.41,0.36,1.44,3.24,1.3924,1.2100000000000002,2.0449,2.7556,1.1449,0.0729,0.4624000000000001,1.0816,4.5796,0.1848999999999999,0.4899999999999999,3.0276,0.0004,0.0784,0.3969,0.1156,0.1521,0.2400999999999999,0.6400000000000001,0.0169,0.0009,0.0676,0.8464,0.0064,0.0081,0.0361,0.0225,0.01,0.0025,0.0225,0.0009,0.0004,0.0169,0.04,0.0016,0.0144
7.917999999999987,103.06249999999957,4.53,95.03124999999966,-2.562499999999983,-42.76624999999975,31.018749999999873,-3.0714999999999764,-8.200562499999895,30.553437500000133,-28.147812499999816,19.336562499999935,-11.867687499999962,93.72274999999998,-65.42624999999997,114.37112499999996,1.3,1.1818749999999874,0.08875000000000846,1.1818749999999874,0.020624999999995768,1.1937500000000423,1.0956250000000298,0.19062499999999577,1.0956250000000298,0.2899999999999323,1.6,1.4281250000000125,0.15062499999999576,1.4281250000000125,0.6306249999999958,1.7,1.6543750000000381,0.10249999999998308,1.6543750000000381,0.3424999999999831,1.2,1.0662500000000255,0.05124999999999154,1.0662500000000255,0.39312499999997885,0.6,0.2724999999999831,0.15,0.2724999999999831,0.49,1.0937500000000424,0.6793750000000043,0.028125000000012695,0.6793750000000043,0.8,1.0937500000000424,1.0393750000000042,0.021249999999991536,1.0393750000000042,0.1281250000000127,2.1,2.137500000000017,0.12687500000002117,2.137500000000017,0.02937500000000423,0.6,0.4293750000000042,0.20124999999999155,0.4293750000000042,0.26499999999996615,1.2,0.6993750000000042,0.0381250000000127,0.6993750000000042,0.9218749999999873,1.8062499999999577,1.7462499999999577,0.12499999999996614,1.7462499999999577,0.08312499999997884,1.6900000000000002,1.4256250000000974,2.5600000000000005,2.89,1.44,0.36,1.1968750000000892,1.1968750000000892,4.41,0.36,1.44,3.2631249999998437,1.3968812499999697,1.2006812500000632,2.0395937500000363,2.7374312500001228,1.1371000000000528,0.07434999999999019,0.4615562500000058,1.0803062500000087,4.569000000000072,0.1843687500000035,0.4891312500000058,3.0499749999998484,0.00043124999999978836,0.08559999999995124,0.39769374999999463,0.1173999999999878,0.15469374999998245,0.2400999999999999,0.6400000000000001,0.01646875000000292,0.0008687500000002116,0.07059999999997968,0.8499062499999763,0.007056249999995556,0.007900000000001354,0.03634374999999835,0.022693749999998687,0.010599999999995937,0.0026499999999989843,0.0225,0.0008437500000003809,0.0004749999999994921,0.016243750000004442,0.040524999999996446,0.001506250000000635,0.015999999999989165
7.967999999999987,104.64516129032215,4.536451612903222,96.32903225806416,-2.6193548387096643,-43.684193548386844,31.106451612903356,-3.1762580645160936,-8.483677419354803,30.618709677419112,-29.071935483870615,19.421290322580685,-11.822677419354926,93.82077419354835,-65.65016129032249,114.57767741935474,1.3,1.21,0.07,1.21,0.03,1.1,1.03,0.2,1.03,0.44,1.6,1.4,0.16,1.4,0.64,1.7,1.57,0.14,1.57,0.38,1.2,1.01,0.07,1.01,0.44,0.6,0.31,0.15,0.31,0.49,1.0,0.67,0.0,0.67,0.8,1.0,1.03,0.04,1.03,0.1,2.1,2.1,0.08,2.1,0.02,0.6,0.42,0.22,0.42,0.34,1.2,0.69,0.01,0.69,0.95,1.9,1.84,0.2,1.84,0.13,1.6900000000000002,1.2100000000000002,2.5600000000000005,2.89,1.44,0.36,1.0,1.0,4.41,0.36,1.44,3.61,1.4641,1.0609,1.96,2.4649,1.0201,0.0961,0.4489000000000001,1.0609,4.41,0.1763999999999999,0.4760999999999999,3.3856,0.0009,0.1936,0.4096,0.1444,0.1936,0.2400999999999999,0.6400000000000001,0.01,0.0004,0.1156,0.9025,0.0169,0.0049,0.04,0.0256,0.0196,0.0049,0.0225,0.0,0.0016,0.0064,0.0484,0.0001,0.04
8.017999999999986,106.22580645161248,4.55,97.62516129032224,-2.6767741935483746,-44.590967741935245,30.632258064516254,-3.397161290322485,-8.603741935483837,31.33332258064506,-30.078677419354698,19.2645161290323,-11.517516129032327,93.94690322580642,-66.08122580645147,114.92677419354828,1.3,1.21,0.07,1.21,0.03,1.1,1.03,0.2,1.03,0.44,1.6,1.4,0.16,1.4,0.64,1.7,1.57,0.14,1.57,0.38,1.2,1.01,0.07,1.01,0.44,0.6,0.31,0.15,0.31,0.49,1.0,0.67,0.0,0.67,0.8,1.0,1.03,0.04,1.03,0.1,2.1,2.1,0.08,2.1,0.02,0.6,0.42,0.22,0.42,0.34,1.2,0.69,0.01,0.69,0.95,1.9,1.84,0.2,1.84,0.13,1.6900000000000002,1.2100000000000002,2.5600000000000005,2.89,1.44,0.36,1.0,1.0,4.41,0.36,1.44,3.61,1.4641,1.0609,1.96,2.4649,1.0201,0.0961,0.4489000000000001,1.0609,4.41,0.1763999999999999,0.4760999999999999,3.3856,0.0009,0.1936,0.4096,0.1444,0.1936,0.2400999999999999,0.6400000000000001,0.01,0.0004,0.1156,0.9025,0.0169,0.0049,0.04,0.0256,0.0196,0.0049,0.0225,0.0,0.0016,0.0064,0.0484,0.0001,0.04
8.067999999999987,107.8124999999996,4.558124999999996,98.92624999999967,-2.7324999999999844,-45.51124999999977,30.4,-3.853062499999865,-8.800437499999935,31.658687499999935,-30.104500000000115,19.198624999999993,-11.384125000000001,94.05243749999997,-66.57999999999988,115.29512499999991,1.3,1.21,0.07,1.21,0.03,1.1,1.03,0.2,1.03,0.44,1.6,1.4,0.16,1.4,0.64,1.7,1.57,0.14,1.57,0.38,1.2,1.01,0.07,1.01,0.44,0.6,0.31,0.15,0.31,0.49,1.0,0.67,0.0,0.67,0.8,1.0,1.03,0.04,1.03,0.1,2.1,2.1,0.08,2.1,0.02,0.6,0.42,0.22,0.42,0.34,1.2,0.69,0.01,0.69,0.95,1.9,1.84,0.2,1.84,0.13,1.6900000000000002,1.2100000000000002,2.5600000000000005,2.89,1.44,0.36,1.0,1.0,4.41,0.36,1.44,3.61,1.4641,1.0609,1.96,2.4649,1.0201,0.0961,0.4489000000000001,1.0609,4.41,0.1763999999999999,0.4760999999999999,3.3856,0.0009,0.1936,0.4096,0.1444,0.1936,0.2400999999999999,0.6400000000000001,0.01,0.0004,0.1156,0.9025,0.0169,0.0049,0.04,0.0256,0.0196,0.0049,0.0225,0.0,0.0016,0.0064,0.0484,0.0001,0.04
8.117999999999986,109.41935483870922,4.56,100.24387096774157,-2.7783870967741846,-46.44322580645136,30.5,-4.474548387096587,-9.242741935483679,31.640419354838833,-29.52003225806462,19.29774193548383,-11.450741935483844,94.18680645161285,-66.98590322580635,115.63774193548377,1.3,1.21,0.07,1.21,0.03,1.1,1.03,0.2,1.03,0.44,1.6,1.4,0.16,1.4,0.64,1.7,1.57,0.14,1.57,0.38,1.2,1.01,0.07,1.01,0.44,0.6,0.31,0.15,0.31,0.49,1.0,0.67,0.0,0.67,0.8,1.0,1.03,0.04,1.03,0.1,2.1,2.1,0.08,2.1,0.02,0.6,0.42,0.22,0.42,0.34,1.2,0.69,0.01,0.69,0.95,1.9,1.84,0.2,1.84,0.13,1.6900000000000002,1.2100000000000002,2.5600000000000005,2.89,1.44,0.36,1.0,1.0,4.41,0.36,1.44,3.61,1.4641,1.0609,1.96,2.4649,1.0201,0.0961,0.4489000000000001,1.0609,4.41,0.1763999999999999,0.4760999999999999,3.3856,0.0009,0.1936,0.4096,0.1444,0.1936,0.2400999999999999,0.6400000000000001,0.01,0.0004,0.1156,0.9025,0.0169,0.0049,0.04,0.0256,0.0196,0.0049,0.0225,0.0,0.0016,0.0064,0.0484,0.0001,0.04
8.167999999999985,111.03124999999955,4.560312499999995,101.55562499999962,-2.8212499999999814,-47.378124999999734,30.496875000000045,-5.029906249999898,-9.9364687499998,31.571468749999845,-29.13962500000011,19.33431250000004,-11.544843749999972,94.32740624999997,-67.3403124999999,115.95846874999992,1.303124999999954,1.2128124999999583,0.06875000000001846,1.2128124999999583,0.031249999999981543,1.1,1.0303124999999955,0.19906250000001385,1.0303124999999955,0.44124999999998155,1.6,1.3971875000000415,0.16062499999999078,1.3971875000000415,0.6412499999999816,1.7,1.5693750000000093,0.13968750000000463,1.5693750000000093,0.3824999999999631,1.1937500000000922,1.007500000000037,0.07312499999995387,1.007500000000037,0.4328125000001061,0.6,0.3118749999999723,0.14937500000000922,0.3118749999999723,0.4893750000000092,1.0031249999999539,0.671562499999977,0.0,0.671562499999977,0.7990625000000139,0.9968750000000461,1.0259375000000601,0.04406249999994001,1.0259375000000601,0.10062499999999078,2.096875000000046,2.097500000000037,0.07750000000003691,2.097500000000037,0.023749999999944628,0.6,0.42062499999999076,0.22093749999998616,0.42062499999999076,0.3431249999999539,1.2062499999999077,0.6937499999999446,0.015624999999916941,0.6937499999999446,0.9553124999999215,1.9,1.8406249999999909,0.20062499999999078,1.8406249999999909,0.13187499999997232,1.6984374999998755,1.2100000000000002,2.5600000000000005,2.89,1.426250000000203,0.36,1.006562499999903,0.9940625000000877,4.397187500000189,0.36,1.45624999999976,3.61,1.4711593749998957,1.0615468749999903,1.9523781250001124,2.462950000000029,1.0152500000000717,0.09737499999998117,0.451071874999968,1.0530593750001158,4.399700000000152,0.17693749999999195,0.48172499999991686,3.387912499999966,0.0010249999999981541,0.19474999999998302,0.41124999999997564,0.146499999999969,0.18892812500006897,0.23950000000000876,0.6385281250000219,0.01013749999999797,0.0009999999999911404,0.118037499999964,0.9134968749998376,0.017499999999991137,0.0047750000000018455,0.039653125000005125,0.025812499999996862,0.019515625000001244,0.005649999999988925,0.022325000000002582,0.0,0.002453124999987403,0.006200000000002953,0.04884062499999349,0.0012249999999833882,0.04026249999999613
8.217999999999986,112.63333333333287,4.563666666666671,102.86299999999963,-2.8789999999999862,-48.3136666666664,30.4,-5.396633333333224,-10.62253333333314,31.790233333333408,-28.76343333333344,19.153466666666738,-11.638733333333308,94.39633333333332,-67.85643333333313,116.3129333333332,1.4,1.3,0.03,1.3,0.07,1.1,1.04,0.17,1.04,0.48,1.6,1.31,0.18,1.31,0.68,1.7,1.55,0.13,1.55,0.46,1.0,0.93,0.17,0.93,0.21,0.6,0.37,0.13,0.37,0.47,1.1,0.72,0.0,0.72,0.77,0.9,0.9,0.17,0.9,0.12,2.0,2.02,0.0,2.02,0.14,0.6,0.44,0.25,0.44,0.44,1.4,0.81,0.19,0.81,1.12,1.9,1.86,0.22,1.86,0.19,1.96,1.2100000000000002,2.5600000000000005,2.89,1.0,0.36,1.2100000000000002,0.81,4.0,0.36,1.96,3.61,1.6900000000000002,1.0816,1.7161000000000002,2.4025000000000003,0.8649000000000001,0.1369,0.5184,0.81,4.0804,0.1936,0.6561000000000001,3.4596000000000005,0.0049,0.2304,0.4624000000000001,0.2116,0.0440999999999999,0.2208999999999999,0.5929,0.0144,0.0196,0.1936,1.2544000000000002,0.0361,0.0009,0.0289,0.0324,0.0169,0.0289,0.0169,0.0,0.0289,0.0,0.0625,0.0361,0.0484
8.267999999999986,114.2580645161286,4.55,104.18161290322546,-2.927741935483858,-49.272258064515874,30.096774193548562,-5.658258064516115,-11.259741935483724,31.56680645161294,-28.14780645161317,18.836903225806566,-11.588612903225881,94.49045161290319,-68.48493548387086,116.75135483870957,1.4,1.3,0.03,1.3,0.07,1.1,1.04,0.17,1.04,0.48,1.6,1.31,0.18,1.31,0.68,1.7,1.55,0.13,1.55,0.46,1.0,0.93,0.17,0.93,0.21,0.6,0.37,0.13,0.37,0.47,1.1,0.72,0.0,0.72,0.77,0.9,0.9,0.17,0.9,0.12,2.0,2.02,0.0,2.02,0.14,0.6,0.44,0.25,0.44,0.44,1.4,0.81,0.19,0.81,1.12,1.9,1.86,0.22,1.86,0.19,1.96,1.2100000000000002,2.5600000000000005,2.89,1.0,0.36,1.2100000000000002,0.81,4.0,0.36,1.96,3.61,1.6900000000000002,1.0816,1.7161000000000002,2.4025000000000003,0.8649000000000001,0.1369,0.5184,0.81,4.0804,0.1936,0.6561000000000001,3.4596000000000005,0.0049,0.2304,0.4624000000000001,0.2116,0.0440999999999999,0.2208999999999999,0.5929,0.0144,0.0196,0.1936,1.2544000000000002,0.0361,0.0009,0.0289,0.0324,0.0169,0.0289,0.0169,0.0,0.0289,0.0,0.0625,0.0361,0.0484
8.317999999999985,115.87096774193503,4.541290322580649,105.49548387096738,-2.976129032258051,-50.22387096774167,29.451612903225985,-5.518258064516213,-11.544225806451596,31.503870967741936,-26.93003225806491,18.433225806451723,-11.34516129032264,94.6098709677419,-68.79835483870961,117.02912903225801,1.4,1.3,0.03,1.3,0.07,1.1,1.04,0.17,1.04,0.48,1.6,1.31,0.18,1.31,0.68,1.7,1.55,0.13,1.55,0.46,1.0,0.93,0.17,0.93,0.21,0.6,0.37,0.13,0.37,0.47,1.1,0.72,0.0,0.72,0.77,0.9,0.9,0.17,0.9,0.12,2.0,2.02,0.0,2.02,0.14,0.6,0.44,0.25,0.44,0.44,1.4,0.81,0.19,0.81,1.12,1.9,1.86,0.22,1.86,0.19,1.96,1.2100000000000002,2.5600000000000005,2.89,1.0,0.36,1.2100000000000002,0.81,4.0,0.36,1.96,3.61,1.6900000000000002,1.0816,1.7161000000000002,2.4025000000000003,0.8649000000000001,0.1369,0.5184,0.81,4.0804,0.1936,0.6561000000000001,3.4596000000000005,0.0049,0.2304,0.4624000000000001,0.2116,0.0440999999999999,0.2208999999999999,0.5929,0.0144,0.0196,0.1936,1.2544000000000002,0.0361,0.0009,0.0289,0.0324,0.0169,0.0289,0.0169,0.0,0.0289,0.0,0.0625,0.0361,0.0484
8.367999999999984,117.48387096774142,4.535161290322586,106.80193548387055,-3.024516129032243,-51.17548387096744,29.1,-4.987806451613133,-11.134419354839006,31.667419354838596,-25.425129032258525,18.164838709677447,-11.239096774193536,94.69277419354836,-68.93177419354835,117.16677419354835,1.4,1.3,0.03,1.3,0.07,1.1,1.04,0.17,1.04,0.48,1.6,1.31,0.18,1.31,0.68,1.7,1.55,0.13,1.55,0.46,1.0,0.93,0.17,0.93,0.21,0.6,0.37,0.13,0.37,0.47,1.1,0.72,0.0,0.72,0.77,0.9,0.9,0.17,0.9,0.12,2.0,2.02,0.0,2.02,0.14,0.6,0.44,0.25,0.44,0.44,1.4,0.81,0.19,0.81,1.12,1.9,1.86,0.22,1.86,0.19,1.96,1.2100000000000002,2.5600000000000005,2.89,1.0,0.36,1.2100000000000002,0.81,4.0,0.36,1.96,3.61,1.6900000000000002,1.0816,1.7161000000000002,2.4025000000000003,0.8649000000000001,0.1369,0.5184,0.81,4.0804,0.1936,0.6561000000000001,3.4596000000000005,0.0049,0.2304,0.4624000000000001,0.2116,0.0440999999999999,0.2208999999999999,0.5929,0.0144,0.0196,0.1936,1.2544000000000002,0.0361,0.0009,0.0289,0.0324,0.0169,0.0289,0.0169,0.0,0.0289,0.0,0.0625,0.0361,0.0484
8.417999999999985,119.09999999999953,4.529000000000005,108.11099999999962,-3.0719999999999903,-52.12999999999972,29.109999999999953,-4.34020000000015,-10.196600000000272,32.093999999999845,-23.967600000000424,18.32189999999984,-11.278399999999989,94.71910000000001,-69.02729999999998,117.2455,1.4,1.3,0.03,1.3,0.07,1.1,1.04,0.17,1.04,0.48,1.6,1.31,0.18,1.31,0.68,1.7,1.55,0.13,1.55,0.46,1.0,0.93,0.17,0.93,0.21,0.6,0.37,0.13,0.37,0.47,1.1,0.72,0.0,0.72,0.77,0.9,0.9,0.17,0.9,0.12,2.0,2.02,0.0,2.02,0.14,0.6,0.44,0.25,0.44,0.44,1.4,0.81,0.19,0.81,1.12,1.9,1.86,0.22,1.86,0.19,1.96,1.2100000000000002,2.5600000000000005,2.89,1.0,0.36,1.2100000000000002,0.81,4.0,0.36,1.96,3.61,1.6900000000000002,1.0816,1.7161000000000002,2.4025000000000003,0.8649000000000001,0.1369,0.5184,0.81,4.0804,0.1936,0.6561000000000001,3.4596000000000005,0.0049,0.2304,0.4624000000000001,0.2116,0.0440999999999999,0.2208999999999999,0.5929,0.0144,0.0196,0.1936,1.2544000000000002,0.0361,0.0009,0.0289,0.0324,0.0169,0.0289,0.0169,0.0,0.0289,0.0,0.0625,0.0361,0.0484
8.467999999999986,120.71874999999955,4.527187499999996,109.42218749999964,-3.1115624999999865,-53.086874999999736,29.631249999999728,-3.820406250000148,-9.291875000000246,32.63465624999984,-23.18240624999999,18.876406249999842,-11.407812499999931,94.75265624999996,-69.2064999999999,117.37793749999992,1.4,1.3,0.03,1.3,0.07,1.1718749999999545,1.0471874999999955,0.1556250000000091,1.0471874999999955,0.48,1.6,1.31,0.18,1.31,0.68,1.6281250000000456,1.5212500000000182,0.15156249999998636,1.5212500000000182,0.46,1.0,0.93,0.17,0.93,0.21,0.6,0.37,0.13,0.37,0.47,1.1,0.72,0.0,0.72,0.77,0.9,0.9,0.17,0.9,0.12,2.0,2.02,0.0,2.02,0.14,0.6,0.44,0.25,0.44,0.44,1.4,0.81,0.19,0.81,1.12,1.9,1.8528125000000046,0.19843750000001364,1.8528125000000046,0.18281250000000454,1.96,1.3753124999998954,2.5600000000000005,2.6528125000001506,1.0,0.36,1.2100000000000002,0.81,4.0,0.36,1.96,3.61,1.6900000000000002,1.0966218749999905,1.7161000000000002,2.3145250000000557,0.8649000000000001,0.1369,0.5184,0.81,4.0804,0.1936,0.6561000000000001,3.432934375000017,0.0049,0.2304,0.4624000000000001,0.2116,0.0440999999999999,0.2208999999999999,0.5929,0.0144,0.0196,0.1936,1.2544000000000002,0.03344062500000168,0.0009,0.02430000000000291,0.0324,0.02315312499999605,0.0289,0.0169,0.0,0.0289,0.0,0.0625,0.0361,0.03955937500000559
8.517999999999985,122.33333333333285,4.526666666666672,110.72999999999959,-3.1666666666666567,-54.03999999999971,30.699999999999704,-3.2646666666668507,-8.437000000000255,33.75999999999937,-23.390666666666593,19.378999999999877,-11.668666666666587,94.87666666666665,-69.42433333333334,117.59799999999997,1.4,1.3,0.03,1.3,0.07,1.2,1.05,0.15,1.05,0.48,1.6,1.31,0.18,1.31,0.68,1.6,1.51,0.16,1.51,0.46,1.0,0.93,0.17,0.93,0.21,0.6,0.37,0.13,0.37,0.47,1.1,0.72,0.0,0.72,0.77,0.9,0.9,0.17,0.9,0.12,2.0,2.02,0.0,2.02,0.14,0.6,0.44,0.25,0.44,0.44,1.4,0.81,0.19,0.81,1.12,1.9,1.85,0.19,1.85,0.18,1.96,1.44,2.5600000000000005,2.5600000000000005,1.0,0.36,1.2100000000000002,0.81,4.0,0.36,1.96,3.61,1.6900000000000002,1.1025,1.7161000000000002,2.2801,0.8649000000000001,0.1369,0.5184,0.81,4.0804,0.1936,0.6561000000000001,3.4225000000000003,0.0049,0.2304,0.4624000000000001,0.2116,0.0440999999999999,0.2208999999999999,0.5929,0.0144,0.0196,0.1936,1.2544000000000002,0.0324,0.0009,0.0225,0.0324,0.0256,0.0289,0.0169,0.0,0.0289,0.0,0.0625,0.0361,0.0361
8.567999999999984,123.96774193548332,4.52,112.05387096774149,-3.1993548387096666,-55.01096774193516,31.390322580644995,-2.62793548387119,-7.626483870968007,35.29129032258025,-24.145161290322207,19.695064516128948,-11.83696774193545,95.00767741935478,-69.55538709677411,117.78948387096764,1.4,1.3,0.03,1.3,0.07,1.2,1.05,0.15,1.05,0.48,1.6,1.31,0.18,1.31,0.68,1.6,1.51,0.16,1.51,0.46,1.0,0.93,0.17,0.93,0.21,0.6,0.37,0.13,0.37,0.47,1.1,0.72,0.0,0.72,0.77,0.9,0.9,0.17,0.9,0.12,2.0,2.02,0.0,2.02,0.14,0.6,0.44,0.25,0.44,0.44,1.4,0.81,0.19,0.81,1.12,1.9,1.85,0.19,1.85,0.18,1.96,1.44,2.5600000000000005,2.5600000000000005,1.0,0.36,1.2100000000000002,0.81,4.0,0.36,1.96,3.61,1.6900000000000002,1.1025,1.7161000000000002,2.2801,0.8649000000000001,0.1369,0.5184,0.81,4.0804,0.1936,0.6561000000000001,3.4225000000000003,0.0049,0.2304,0.4624000000000001,0.2116,0.0440999999999999,0.2208999999999999,0.5929,0.0144,0.0196,0.1936,1.2544000000000002,0.0324,0.0009,0.0225,0.0324,0.0256,0.0289,0.0169,0.0,0.0289,0.0,0.0625,0.0361,0.0361
8.617999999999984,125.61290322580592,4.52,113.3764516129028,-3.2483870967741777,-55.9916129032255,31.561290322580593,-1.9113870967744373,-6.876354838709914,36.15699999999961,-25.733677419354333,19.79906451612903,-11.851903225806447,95.11932258064517,-69.75167741935488,117.99700000000003,1.4,1.3,0.03,1.3,0.07,1.2,1.05,0.15,1.05,0.48,1.6,1.31,0.18,1.31,0.68,1.6,1.51,0.16,1.51,0.46,1.0,0.93,0.17,0.93,0.21,0.6,0.37,0.13,0.37,0.47,1.1,0.72,0.0,0.72,0.77,0.9,0.9,0.17,0.9,0.12,2.0,2.02,0.0,2.02,0.14,0.6,0.44,0.25,0.44,0.44,1.4,0.81,0.19,0.81,1.12,1.9,1.85,0.19,1.85,0.18,1.96,1.44,2.5600000000000005,2.5600000000000005,1.0,0.36,1.2100000000000002,0.81,4.0,0.36,1.96,3.61,1.6900000000000002,1.1025,1.7161000000000002,2.2801,0.8649000000000001,0.1369,0.5184,0.81,4.0804,0.1936,0.6561000000000001,3.4225000000000003,0.0049,0.2304,0.4624000000000001,0.2116,0.0440999999999999,0.2208999999999999,0.5929,0.0144,0.0196,0.1936,1.2544000000000002,0.0324,0.0009,0.0225,0.0324,0.0256,0.0289,0.0169,0.0,0.0289,0.0,0.0625,0.0361,0.0361
8.667999999999985,127.23333333333284,4.53,114.6989999999996,-3.294666666666657,-56.94766666666638,31.64666666666657,-1.4993999999999528,-6.376133333333367,36.715100000000156,-27.11083333333301,19.85923333333329,-11.941266666666602,95.10756666666664,-69.68696666666668,117.95006666666666,1.4,1.3,0.03,1.3,0.07,1.2,1.05,0.15,1.05,0.48,1.6,1.31,0.18,1.31,0.68,1.6,1.51,0.16,1.51,0.46,1.0,0.93,0.17,0.93,0.21,0.6,0.37,0.13,0.37,0.47,1.1,0.72,0.0,0.72,0.77,0.9,0.9,0.17,0.9,0.12,2.0,2.02,0.0,2.02,0.14,0.6,0.44,0.25,0.44,0.44,1.4,0.81,0.19,0.81,1.12,1.9,1.85,0.19,1.85,0.18,1.96,1.44,2.5600000000000005,2.5600000000000005,1.0,0.36,1.2100000000000002,0.81,4.0,0.36,1.96,3.61,1.6900000000000002,1.1025,1.7161000000000002,2.2801,0.8649000000000001,0.1369,0.5184,0.81,4.0804,0.1936,0.6561000000000001,3.4225000000000003,0.0049,0.2304,0.4624000000000001,0.2116,0.0440999999999999,0.2208999999999999,0.5929,0.0144,0.0196,0.1936,1.2544000000000002,0.0324,0.0009,0.0225,0.0324,0.0256,0.0289,0.0169,0.0,0.0289,0.0,0.0625,0.0361,0.0361
8.717999999999984,128.87096774193498,4.53870967741935,116.02548387096732,-3.3361290322580492,-57.91387096774164,31.8870967741935,-1.656612903225758,-6.264774193548422,36.189419354838876,-28.18348387096741,20.00912903225802,-12.160709677419288,95.17470967741934,-69.66654838709678,117.99351612903224,1.4870967741934977,1.3174193548386997,0.05612903225804932,1.3174193548386997,0.11354838709674886,1.2,1.05,0.14129032258065025,1.05,0.48,1.5129032258065023,1.2664516129032513,0.23225806451609865,1.2664516129032513,0.601612903225852,1.6,1.5012903225806502,0.16,1.5012903225806502,0.46,1.0,0.9212903225806502,0.15258064516130046,0.9212903225806502,0.2970967741934977,0.6,0.39612903225804935,0.13870967741934978,0.39612903225804935,0.4612903225806502,1.1,0.72,0.008709677419349774,0.72,0.7787096774193498,0.9,0.9174193548386996,0.14387096774195068,0.9174193548386996,0.06774193548390135,2.0,1.941612903225852,0.08709677419349775,1.941612903225852,0.16612903225804934,0.6,0.39645161290325115,0.19774193548390134,0.39645161290325115,0.42258064516130045,1.4870967741934977,0.7925806451613004,0.24225806451609866,0.7925806451613004,1.2245161290321973,1.9,1.8412903225806503,0.17258064516130045,1.8412903225806503,0.16258064516130044,2.2125806451611436,1.44,2.2900000000001572,2.5600000000000005,1.0,0.36,1.2100000000000002,0.81,4.0,0.36,2.2125806451611436,3.61,1.735638709677393,1.1025,1.6041806451613554,2.253883870967757,0.8487870967742029,0.15701935483869797,0.5184,0.8417032258064332,3.7707709677421155,0.15745483870969845,0.6282290322580808,3.3903612903225997,0.013174193548382285,0.2304,0.362848387096832,0.2116,0.08939032258061881,0.2128000000000047,0.6063999999999922,0.004993548387102243,0.02769999999999529,0.1786193548387183,1.5010580645159857,0.026477419354842154,0.003251612903224439,0.019974193548388565,0.05434838709676143,0.0256,0.023325806451616145,0.019251612903224437,8.709677419349774e-05,0.02080000000000471,0.008709677419349774,0.0395064516129166,0.0590935483870834,0.029829032258068162
8.767999999999983,130.49999999999943,4.530000000000011,117.32999999999956,-3.379999999999989,-58.89499999999966,32.19999999999989,-1.811999999999947,-6.57049999999966,35.67100000000018,-29.731999999999193,20.156499999999948,-12.466999999999846,95.26049999999996,-70.08499999999961,118.31249999999973,1.5,1.32,0.06,1.32,0.12,1.2,1.05,0.14,1.05,0.48,1.5,1.26,0.24,1.26,0.59,1.6,1.5,0.16,1.5,0.46,1.0,0.92,0.15,0.92,0.31,0.6,0.4,0.14,0.4,0.46,1.1,0.72,0.01,0.72,0.78,0.9,0.92,0.14,0.92,0.06,2.0,1.93,0.1,1.93,0.17,0.6,0.39,0.19,0.39,0.42,1.5,0.79,0.25,0.79,1.24,1.9,1.84,0.17,1.84,0.16,2.25,1.44,2.25,2.5600000000000005,1.0,0.36,1.2100000000000002,0.81,4.0,0.36,2.25,3.61,1.7424000000000002,1.1025,1.5876,2.25,0.8464,0.16,0.5184,0.8464,3.7249,0.1521,0.6241000000000001,3.3856,0.0144,0.2304,0.3480999999999999,0.2116,0.0961,0.2116,0.6084,0.0036,0.0289,0.1763999999999999,1.5376,0.0256,0.0036,0.0196,0.0576,0.0256,0.0225,0.0196,0.0001,0.0196,0.01,0.0361,0.0625,0.0289
8.817999999999984,132.1612903225801,4.513225806451602,118.66225806451568,-3.424838709677403,-59.89354838709646,32.664516129032044,-2.198806451612649,-7.584838709677085,35.23890322580654,-32.13493548387017,20.136161290322683,-12.929483870967589,95.33270967741936,-70.73538709677428,118.75629032258068,1.5,1.32,0.06,1.32,0.12,1.2,1.05,0.14,1.05,0.48,1.5,1.26,0.24,1.26,0.59,1.6,1.5,0.16,1.5,0.46,1.0,0.92,0.15,0.92,0.31,0.6,0.4,0.14,0.4,0.46,1.1,0.72,0.01,0.72,0.78,0.9,0.92,0.14,0.92,0.06,2.0,1.93,0.1,1.93,0.17,0.6,0.39,0.19,0.39,0.42,1.5,0.79,0.25,0.79,1.24,1.9,1.84,0.17,1.84,0.16,2.25,1.44,2.25,2.5600000000000005,1.0,0.36,1.2100000000000002,0.81,4.0,0.36,2.25,3.61,1.7424000000000002,1.1025,1.5876,2.25,0.8464,0.16,0.5184,0.8464,3.7249,0.1521,0.6241000000000001,3.3856,0.0144,0.2304,0.3480999999999999,0.2116,0.0961,0.2116,0.6084,0.0036,0.0289,0.1763999999999999,1.5376,0.0256,0.0036,0.0196,0.0576,0.0256,0.0225,0.0196,0.0001,0.0196,0.01,0.0361,0.0625,0.0289
8.867999999999984,133.79999999999947,4.53,119.98999999999958,-3.473999999999984,-60.85999999999968,32.92000000000005,-3.0633999999996866,-8.877599999999484,35.058800000000026,-33.355000000000004,19.849800000000087,-13.229199999999958,95.33319999999999,-70.66059999999997,118.71459999999998,1.5,1.32,0.06,1.32,0.12,1.2,1.05,0.14,1.05,0.48,1.5,1.26,0.24,1.26,0.59,1.6,1.5,0.16,1.5,0.46,1.0,0.92,0.15,0.92,0.31,0.6,0.4,0.14,0.4,0.46,1.1,0.72,0.01,0.72,0.78,0.9,0.92,0.14,0.92,0.06,2.0,1.93,0.1,1.93,0.17,0.6,0.39,0.19,0.39,0.42,1.5,0.79,0.25,0.79,1.24,1.9,1.84,0.17,1.84,0.16,2.25,1.44,2.25,2.5600000000000005,1.0,0.36,1.2100000000000002,0.81,4.0,0.36,2.25,3.61,1.7424000000000002,1.1025,1.5876,2.25,0.8464,0.16,0.5184,0.8464,3.7249,0.1521,0.6241000000000001,3.3856,0.0144,0.2304,0.3480999999999999,0.2116,0.0961,0.2116,0.6084,0.0036,0.0289,0.1763999999999999,1.5376,0.0256,0.0036,0.0196,0.0576,0.0256,0.0225,0.0196,0.0001,0.0196,0.01,0.0361,0.0625,0.0289
8.917999999999983,135.45161290322525,4.53,121.32129032258021,-3.5235483870967577,-61.85096774193516,32.60967741935495,-4.070387096773859,-10.580677419354272,35.01561290322582,-32.87832258064534,19.585193548387185,-13.298258064516109,95.35096774193548,-70.79338709677414,118.81199999999997,1.5,1.32,0.06,1.32,0.12,1.2,1.05,0.14,1.05,0.48,1.5,1.26,0.24,1.26,0.59,1.6,1.5,0.16,1.5,0.46,1.0,0.92,0.15,0.92,0.31,0.6,0.4,0.14,0.4,0.46,1.1,0.72,0.01,0.72,0.78,0.9,0.92,0.14,0.92,0.06,2.0,1.93,0.1,1.93,0.17,0.6,0.39,0.19,0.39,0.42,1.5,0.79,0.25,0.79,1.24,1.9,1.84,0.17,1.84,0.16,2.25,1.44,2.25,2.5600000000000005,1.0,0.36,1.2100000000000002,0.81,4.0,0.36,2.25,3.61,1.7424000000000002,1.1025,1.5876,2.25,0.8464,0.16,0.5184,0.8464,3.7249,0.1521,0.6241000000000001,3.3856,0.0144,0.2304,0.3480999999999999,0.2116,0.0961,0.2116,0.6084,0.0036,0.0289,0.1763999999999999,1.5376,0.0256,0.0036,0.0196,0.0576,0.0256,0.0225,0.0196,0.0001,0.0196,0.01,0.0361,0.0625,0.0289
8.967999999999982,137.09999999999943,4.53,122.63999999999953,-3.572999999999982,-62.840999999999646,32.5,-5.125499999999599,-12.29389999999939,34.412200000000546,-32.33940000000019,19.499399999999927,-13.357699999999978,95.50239999999987,-71.37999999999953,119.28329999999961,1.5,1.31,0.07,1.31,0.07,1.2,1.12,0.08,1.12,0.45,1.4,1.19,0.3,1.19,0.49,1.6,1.49,0.16,1.49,0.43,0.8,0.63,0.34,0.63,0.41,0.7,0.42,0.17,0.42,0.48,1.1,0.72,0.04,0.72,0.82,1.0,1.01,0.04,1.01,0.04,2.0,1.99,0.05,1.99,0.18,0.5,0.33,0.02,0.33,0.27,1.5,0.74,0.3,0.74,1.35,1.9,1.81,0.13,1.81,0.11,2.25,1.44,1.96,2.5600000000000005,0.6400000000000001,0.4899999999999999,1.2100000000000002,1.0,4.0,0.25,2.25,3.61,1.7161000000000002,1.2544000000000002,1.4161,2.2201,0.3969,0.1763999999999999,0.5184,1.0201,3.9601,0.1089,0.5476,3.2761,0.0049,0.2025,0.2400999999999999,0.1848999999999999,0.1680999999999999,0.2304,0.6723999999999999,0.0016,0.0324,0.0729,1.8225,0.0121,0.0049,0.0064,0.09,0.0256,0.1156,0.0289,0.0016,0.0016,0.0025,0.0004,0.09,0.0169
9.017999999999983,138.76666666666608,4.53,123.98099999999954,-3.622999999999983,-63.84999999999966,32.65333333333322,-6.080866666666414,-13.082566666666777,33.296400000000204,-30.996433333334117,19.74593333333323,-13.04140000000026,95.78449999999994,-72.12529999999998,119.9476666666666,1.5,1.31,0.07,1.31,0.07,1.2,1.12,0.08,1.12,0.45,1.4,1.19,0.3,1.19,0.49,1.6,1.49,0.16,1.49,0.43,0.8,0.63,0.34,0.63,0.41,0.7,0.42,0.17,0.42,0.48,1.1,0.72,0.04,0.72,0.82,1.0,1.01,0.04,1.01,0.04,2.0,1.99,0.05,1.99,0.18,0.5,0.33,0.02,0.33,0.27,1.5,0.74,0.3,0.74,1.35,1.9,1.81,0.13,1.81,0.11,2.25,1.44,1.96,2.5600000000000005,0.6400000000000001,0.4899999999999999,1.2100000000000002,1.0,4.0,0.25,2.25,3.61,1.7161000000000002,1.2544000000000002,1.4161,2.2201,0.3969,0.1763999999999999,0.5184,1.0201,3.9601,0.1089,0.5476,3.2761,0.0049,0.2025,0.2400999999999999,0.1848999999999999,0.1680999999999999,0.2304,0.6723999999999999,0.0016,0.0324,0.0729,1.8225,0.0121,0.0049,0.0064,0.09,0.0256,0.1156,0.0289,0.0016,0.0016,0.0025,0.0004,0.09,0.0169
9.067999999999984,140.41379310344772,4.525862068965523,125.29689655172369,-3.6682758620689544,-64.8424137931031,32.3103448275866,-6.417620689655244,-12.522448275862269,33.18910344827569,-28.554413793104274,20.09110344827572,-12.20013793103477,96.02234482758608,-72.33837931034459,120.26317241379286,1.5,1.31,0.07,1.31,0.07,1.2,1.12,0.08,1.12,0.45,1.4,1.19,0.3,1.19,0.49,1.6,1.49,0.16,1.49,0.43,0.8,0.63,0.34,0.63,0.41,0.7,0.42,0.17,0.42,0.48,1.1,0.72,0.04,0.72,0.82,1.0,1.01,0.04,1.01,0.04,2.0,1.99,0.05,1.99,0.18,0.5,0.33,0.02,0.33,0.27,1.5,0.74,0.3,0.74,1.35,1.9,1.81,0.13,1.81,0.11,2.25,1.44,1.96,2.5600000000000005,0.6400000000000001,0.4899999999999999,1.2100000000000002,1.0,4.0,0.25,2.25,3.61,1.7161000000000002,1.2544000000000002,1.4161,2.2201,0.3969,0.1763999999999999,0.5184,1.0201,3.9601,0.1089,0.5476,3.2761,0.0049,0.2025,0.2400999999999999,0.1848999999999999,0.1680999999999999,0.2304,0.6723999999999999,0.0016,0.0324,0.0729,1.8225,0.0121,0.0049,0.0064,0.09,0.0256,0.1156,0.0289,0.0016,0.0016,0.0025,0.0004,0.09,0.0169
9.117999999999983,142.10344827586147,4.508965517241386,126.64275862068916,-3.7020689655172294,-65.87310344827549,31.12758620689698,-6.1996551724138715,-11.915862068965735,33.71737931034464,-26.057103448276763,20.52027586206881,-11.334034482758932,96.40858620689642,-73.04524137931008,120.99599999999973,1.5,1.31,0.07,1.31,0.07,1.2,1.12,0.08,1.12,0.45,1.4,1.19,0.3,1.19,0.49,1.6,1.49,0.16,1.49,0.43,0.8,0.63,0.34,0.63,0.41,0.7,0.42,0.17,0.42,0.48,1.1,0.72,0.04,0.72,0.82,1.0,1.01,0.04,1.01,0.04,2.0,1.99,0.05,1.99,0.18,0.5,0.33,0.02,0.33,0.27,1.5,0.74,0.3,0.74,1.35,1.9,1.81,0.13,1.81,0.11,2.25,1.44,1.96,2.5600000000000005,0.6400000000000001,0.4899999999999999,1.2100000000000002,1.0,4.0,0.25,2.25,3.61,1.7161000000000002,1.2544000000000002,1.4161,2.2201,0.3969,0.1763999999999999,0.5184,1.0201,3.9601,0.1089,0.5476,3.2761,0.0049,0.2025,0.2400999999999999,0.1848999999999999,0.1680999999999999,0.2304,0.6723999999999999,0.0016,0.0324,0.0729,1.8225,0.0121,0.0049,0.0064,0.09,0.0256,0.1156,0.0289,0.0016,0.0016,0.0025,0.0004,0.09,0.0169
9.167999999999981,143.7999999999994,4.507999999999994,127.99999999999952,-3.743999999999982,-66.89999999999964,30.65999999999988,-5.97760000000008,-10.792400000000605,34.2555999999998,-23.78800000000071,20.957599999999843,-10.574200000000227,96.55140000000004,-73.27680000000011,121.2492000000001,1.5,1.31,0.07,1.31,0.07,1.2,1.12,0.08,1.12,0.45,1.4,1.19,0.3,1.19,0.49,1.6,1.49,0.16,1.49,0.43,0.8,0.63,0.34,0.63,0.41,0.7,0.42,0.17,0.42,0.48,1.1,0.72,0.04,0.72,0.82,1.0,1.01,0.04,1.01,0.04,2.0,1.99,0.05,1.99,0.18,0.5,0.33,0.02,0.33,0.27,1.5,0.74,0.3,0.74,1.35,1.9,1.81,0.13,1.81,0.11,2.25,1.44,1.96,2.5600000000000005,0.6400000000000001,0.4899999999999999,1.2100000000000002,1.0,4.0,0.25,2.25,3.61,1.7161000000000002,1.2544000000000002,1.4161,2.2201,0.3969,0.1763999999999999,0.5184,1.0201,3.9601,0.1089,0.5476,3.2761,0.0049,0.2025,0.2400999999999999,0.1848999999999999,0.1680999999999999,0.2304,0.6723999999999999,0.0016,0.0324,0.0729,1.8225,0.0121,0.0049,0.0064,0.09,0.0256,0.1156,0.0289,0.0016,0.0016,0.0025,0.0004,0.09,0.0169
9.217999999999982,145.43333333333274,4.51,129.3066666666662,-3.798666666666655,-67.88433333333298,31.2,-5.404266666667073,-9.017400000000618,34.520833333333385,-22.260300000000367,21.478933333333096,-10.249366666666639,96.40916666666668,-72.91766666666675,120.92126666666672,1.5,1.33,0.1,1.33,0.04,1.3,1.21,0.0,1.21,0.43,1.4,1.24,0.27,1.24,0.26,1.5,1.43,0.21,1.43,0.39,0.6,0.48,0.46,0.48,0.28,0.7,0.41,0.17,0.41,0.53,1.2,0.68,0.1,0.68,0.94,1.1,1.06,0.02,1.06,0.05,2.0,2.01,0.03,2.01,0.16,0.4,0.31,0.04,0.31,0.25,1.6,0.69,0.34,0.69,1.45,1.8,1.79,0.08,1.79,0.06,2.25,1.6900000000000002,1.96,2.25,0.36,0.4899999999999999,1.44,1.2100000000000002,4.0,0.16,2.5600000000000005,3.24,1.7689,1.4641,1.5376,2.0449,0.2304,0.1680999999999999,0.4624000000000001,1.1236000000000002,4.040099999999999,0.0961,0.4760999999999999,3.2041,0.0016,0.1848999999999999,0.0676,0.1521,0.0784,0.2809,0.8835999999999999,0.0025,0.0256,0.0625,2.1025,0.0036,0.01,0.0,0.0729,0.0440999999999999,0.2116,0.0289,0.01,0.0004,0.0009,0.0016,0.1156,0.0064
9.267999999999983,147.09999999999943,4.520999999999994,130.63999999999953,-3.8319999999999883,-68.88999999999965,31.789999999999473,-4.235700000000418,-7.466600000000419,34.36130000000006,-21.675699999999924,22.162799999999756,-10.550199999999759,96.47979999999991,-72.91259999999988,120.97279999999985,1.5,1.33,0.1,1.33,0.04,1.3,1.21,0.0,1.21,0.43,1.4,1.24,0.27,1.24,0.26,1.5,1.43,0.21,1.43,0.39,0.6,0.48,0.46,0.48,0.28,0.7,0.41,0.17,0.41,0.53,1.2,0.68,0.1,0.68,0.94,1.1,1.06,0.02,1.06,0.05,2.0,2.01,0.03,2.01,0.16,0.4,0.31,0.04,0.31,0.25,1.6,0.69,0.34,0.69,1.45,1.8,1.79,0.08,1.79,0.06,2.25,1.6900000000000002,1.96,2.25,0.36,0.4899999999999999,1.44,1.2100000000000002,4.0,0.16,2.5600000000000005,3.24,1.7689,1.4641,1.5376,2.0449,0.2304,0.1680999999999999,0.4624000000000001,1.1236000000000002,4.040099999999999,0.0961,0.4760999999999999,3.2041,0.0016,0.1848999999999999,0.0676,0.1521,0.0784,0.2809,0.8835999999999999,0.0025,0.0256,0.0625,2.1025,0.0036,0.01,0.0,0.0729,0.0440999999999999,0.2116,0.0289,0.01,0.0004,0.0009,0.0016,0.1156,0.0064
9.317999999999982,148.76666666666608,4.537666666666661,131.9809999999995,-3.8806666666666434,-69.89766666666631,33.51999999999929,-3.011333333333779,-6.290400000000408,34.427333333333216,-21.88429999999993,22.86789999999975,-11.227666666666432,96.55606666666672,-72.89770000000016,121.02120000000014,1.5,1.33,0.1,1.33,0.04,1.3,1.21,0.0,1.21,0.43,1.4,1.24,0.27,1.24,0.26,1.5,1.43,0.21,1.43,0.39,0.6,0.48,0.46,0.48,0.28,0.7,0.41,0.17,0.41,0.53,1.2,0.68,0.1,0.68,0.94,1.1,1.06,0.02,1.06,0.05,2.0,2.01,0.03,2.01,0.16,0.4,0.31,0.04,0.31,0.25,1.6,0.69,0.34,0.69,1.45,1.8,1.79,0.08,1.79,0.06,2.25,1.6900000000000002,1.96,2.25,0.36,0.4899999999999999,1.44,1.2100000000000002,4.0,0.16,2.5600000000000005,3.24,1.7689,1.4641,1.5376,2.0449,0.2304,0.1680999999999999,0.4624000000000001,1.1236000000000002,4.040099999999999,0.0961,0.4760999999999999,3.2041,0.0016,0.1848999999999999,0.0676,0.1521,0.0784,0.2809,0.8835999999999999,0.0025,0.0256,0.0625,2.1025,0.0036,0.01,0.0,0.0729,0.0440999999999999,0.2116,0.0289,0.01,0.0004,0.0009,0.0016,0.1156,0.0064
9.36799999999998,150.46666666666604,4.54,133.33866666666617,-3.9293333333333207,-70.92466666666628,35.18666666666641,-1.7832666666670791,-5.567466666666657,34.4792000000002,-22.18373333333317,23.59013333333307,-11.790733333333195,96.47733333333329,-72.73439999999982,120.8665333333332,1.5,1.33,0.1,1.33,0.04,1.3,1.21,0.0,1.21,0.43,1.4,1.24,0.27,1.24,0.26,1.5,1.43,0.21,1.43,0.39,0.6,0.48,0.46,0.48,0.28,0.7,0.41,0.17,0.41,0.53,1.2,0.68,0.1,0.68,0.94,1.1,1.06,0.02,1.06,0.05,2.0,2.01,0.03,2.01,0.16,0.4,0.31,0.04,0.31,0.25,1.6,0.69,0.34,0.69,1.45,1.8,1.79,0.08,1.79,0.06,2.25,1.6900000000000002,1.96,2.25,0.36,0.4899999999999999,1.44,1.2100000000000002,4.0,0.16,2.5600000000000005,3.24,1.7689,1.4641,1.5376,2.0449,0.2304,0.1680999999999999,0.4624000000000001,1.1236000000000002,4.040099999999999,0.0961,0.4760999999999999,3.2041,0.0016,0.1848999999999999,0.0676,0.1521,0.0784,0.2809,0.8835999999999999,0.0025,0.0256,0.0625,2.1025,0.0036,0.01,0.0,0.0729,0.0440999999999999,0.2116,0.0289,0.01,0.0004,0.0009,0.0016,0.1156,0.0064
9.417999999999981,152.13333333333273,4.541333333333327,134.66666666666617,-3.973999999999982,-71.92999999999962,35.866666666666355,-0.7748666666669884,-5.594999999999991,34.1258666666667,-22.62179999999984,24.09373333333326,-12.154066666666534,96.5326,-72.9703333333334,121.05140000000006,1.5,1.33,0.1,1.33,0.04,1.3,1.21,0.0,1.21,0.43,1.4,1.24,0.27,1.24,0.26,1.5,1.43,0.21,1.43,0.39,0.6,0.48,0.46,0.48,0.28,0.7,0.41,0.17,0.41,0.53,1.2,0.68,0.1,0.68,0.94,1.1,1.06,0.02,1.06,0.05,2.0,2.01,0.03,2.01,0.16,0.4,0.31,0.04,0.31,0.25,1.6,0.69,0.34,0.69,1.45,1.8,1.79,0.08,1.79,0.06,2.25,1.6900000000000002,1.96,2.25,0.36,0.4899999999999999,1.44,1.2100000000000002,4.0,0.16,2.5600000000000005,3.24,1.7689,1.4641,1.5376,2.0449,0.2304,0.1680999999999999,0.4624000000000001,1.1236000000000002,4.040099999999999,0.0961,0.4760999999999999,3.2041,0.0016,0.1848999999999999,0.0676,0.1521,0.0784,0.2809,0.8835999999999999,0.0025,0.0256,0.0625,2.1025,0.0036,0.01,0.0,0.0729,0.0440999999999999,0.2116,0.0289,0.01,0.0004,0.0009,0.0016,0.1156,0.0064
9.467999999999982,153.82758620689592,4.5582758620689585,136.02206896551672,-4.016551724137918,-72.94655172413755,36.631034482758366,0.11631034482724956,-5.621241379310335,34.02168965517246,-23.063999999999833,24.294482758620614,-12.522586206896413,96.50127586206898,-72.808551724138,120.9302413793104,1.5,1.33,0.1,1.33,0.04,1.3,1.21,0.0,1.21,0.43,1.4,1.24,0.27,1.24,0.26,1.5,1.43,0.21,1.43,0.39,0.6,0.48,0.46,0.48,0.28,0.7,0.41,0.17,0.41,0.53,1.2,0.68,0.1,0.68,0.94,1.1,1.06,0.02,1.06,0.05,2.0,2.01,0.03,2.01,0.16,0.4,0.31,0.04,0.31,0.25,1.6,0.69,0.34,0.69,1.45,1.8,1.79,0.08,1.79,0.06,2.25,1.6900000000000002,1.96,2.25,0.36,0.4899999999999999,1.44,1.2100000000000002,4.0,0.16,2.5600000000000005,3.24,1.7689,1.4641,1.5376,2.0449,0.2304,0.1680999999999999,0.4624000000000001,1.1236000000000002,4.040099999999999,0.0961,0.4760999999999999,3.2041,0.0016,0.1848999999999999,0.0676,0.1521,0.0784,0.2809,0.8835999999999999,0.0025,0.0256,0.0625,2.1025,0.0036,0.01,0.0,0.0729,0.0440999999999999,0.2116,0.0289,0.01,0.0004,0.0009,0.0016,0.1156,0.0064
9.517999999999981,155.49999999999937,4.564999999999994,137.3499999999995,-4.064999999999981,-73.94999999999963,37.05000000000006,0.7139999999999453,-5.683999999999955,33.746500000000204,-23.27100000000006,24.30000000000011,-12.662000000000083,96.4805,-72.77799999999993,120.89549999999996,1.5,1.33,0.1,1.33,0.04,1.3,1.21,0.0,1.21,0.43,1.4,1.24,0.27,1.24,0.26,1.5,1.43,0.21,1.43,0.39,0.6,0.48,0.46,0.48,0.28,0.7,0.41,0.17,0.41,0.53,1.2,0.68,0.1,0.68,0.94,1.1,1.06,0.02,1.06,0.05,2.0,2.01,0.03,2.01,0.16,0.4,0.31,0.04,0.31,0.25,1.6,0.69,0.34,0.69,1.45,1.8,1.79,0.08,1.79,0.06,2.25,1.6900000000000002,1.96,2.25,0.36,0.4899999999999999,1.44,1.2100000000000002,4.0,0.16,2.5600000000000005,3.24,1.7689,1.4641,1.5376,2.0449,0.2304,0.1680999999999999,0.4624000000000001,1.1236000000000002,4.040099999999999,0.0961,0.4760999999999999,3.2041,0.0016,0.1848999999999999,0.0676,0.1521,0.0784,0.2809,0.8835999999999999,0.0025,0.0256,0.0625,2.1025,0.0036,0.01,0.0,0.0729,0.0440999999999999,0.2116,0.0289,0.01,0.0004,0.0009,0.0016,0.1156,0.0064
9.56799999999998,157.17241379310275,4.571724137931028,138.6879310344822,-4.105172413793082,-74.94344827586164,36.7310344827589,0.8601724137930412,-5.761689655172411,33.192931034482996,-22.84000000000037,23.9956206896553,-12.483965517241424,96.50727586206892,-72.86175862068968,120.96741379310345,1.5,1.33,0.1,1.33,0.04,1.3,1.21,0.0,1.21,0.43,1.4,1.24,0.27,1.24,0.26,1.5,1.43,0.21,1.43,0.39,0.6,0.48,0.46,0.48,0.28,0.7,0.41,0.17,0.41,0.53,1.2,0.68,0.1,0.68,0.94,1.1,1.06,0.02,1.06,0.05,2.0,2.01,0.03,2.01,0.16,0.4,0.31,0.04,0.31,0.25,1.6,0.69,0.34,0.69,1.45,1.8,1.79,0.08,1.79,0.06,2.25,1.6900000000000002,1.96,2.25,0.36,0.4899999999999999,1.44,1.2100000000000002,4.0,0.16,2.5600000000000005,3.24,1.7689,1.4641,1.5376,2.0449,0.2304,0.1680999999999999,0.4624000000000001,1.1236000000000002,4.040099999999999,0.0961,0.4760999999999999,3.2041,0.0016,0.1848999999999999,0.0676,0.1521,0.0784,0.2809,0.8835999999999999,0.0025,0.0256,0.0625,2.1025,0.0036,0.01,0.0,0.0729,0.0440999999999999,0.2116,0.0289,0.01,0.0004,0.0009,0.0016,0.1156,0.0064
9.61799999999998,158.86666666666602,4.58,140.04333333333284,-4.155999999999981,-75.95999999999962,36.14000000000019,1.0083999999999445,-5.769333333333329,32.63126666666688,-21.956466666667,23.686400000000116,-12.374666666666707,96.58859999999997,-72.79060000000003,120.99199999999999,1.5,1.33,0.1,1.33,0.04,1.3,1.21,0.0,1.21,0.43,1.4,1.24,0.27,1.24,0.26,1.5,1.43,0.21,1.43,0.39,0.6,0.48,0.46,0.48,0.28,0.7,0.41,0.17,0.41,0.53,1.2,0.68,0.1,0.68,0.94,1.1,1.06,0.02,1.06,0.05,2.0,2.01,0.03,2.01,0.16,0.4,0.31,0.04,0.31,0.25,1.6,0.69,0.34,0.69,1.45,1.8,1.79,0.08,1.79,0.06,2.25,1.6900000000000002,1.96,2.25,0.36,0.4899999999999999,1.44,1.2100000000000002,4.0,0.16,2.5600000000000005,3.24,1.7689,1.4641,1.5376,2.0449,0.2304,0.1680999999999999,0.4624000000000001,1.1236000000000002,4.040099999999999,0.0961,0.4760999999999999,3.2041,0.0016,0.1848999999999999,0.0676,0.1521,0.0784,0.2809,0.8835999999999999,0.0025,0.0256,0.0625,2.1025,0.0036,0.01,0.0,0.0729,0.0440999999999999,0.2116,0.0289,0.01,0.0004,0.0009,0.0016,0.1156,0.0064
9.667999999999981,160.55172413793042,4.574482758620696,141.38137931034436,-4.196551724137913,-76.97103448275826,35.689655172413914,1.1103793103448172,-5.733793103448314,32.218413793103515,-21.18889655172435,23.54372413793099,-12.18527586206908,96.64893103448274,-72.67641379310352,120.97551724137934,1.5,1.33,0.1,1.33,0.04,1.3,1.21,0.0,1.21,0.43,1.4,1.24,0.27,1.24,0.26,1.5,1.43,0.21,1.43,0.39,0.6,0.48,0.46,0.48,0.28,0.7,0.41,0.17,0.41,0.53,1.2,0.68,0.1,0.68,0.94,1.1,1.06,0.02,1.06,0.05,2.0,2.01,0.03,2.01,0.16,0.4,0.31,0.04,0.31,0.25,1.6,0.69,0.34,0.69,1.45,1.8,1.79,0.08,1.79,0.06,2.25,1.6900000000000002,1.96,2.25,0.36,0.4899999999999999,1.44,1.2100000000000002,4.0,0.16,2.5600000000000005,3.24,1.7689,1.4641,1.5376,2.0449,0.2304,0.1680999999999999,0.4624000000000001,1.1236000000000002,4.040099999999999,0.0961,0.4760999999999999,3.2041,0.0016,0.1848999999999999,0.0676,0.1521,0.0784,0.2809,0.8835999999999999,0.0025,0.0256,0.0625,2.1025,0.0036,0.01,0.0,0.0729,0.0440999999999999,0.2116,0.0289,0.01,0.0004,0.0009,0.0016,0.1156,0.0064
9.71799999999998,162.23333333333267,4.557666666666673,142.71666666666616,-4.24699999999998,-77.9699999999996,35.35333333333347,1.1379666666666555,-5.630766666666706,32.0380333333334,-20.601333333333564,23.663799999999952,-11.869133333333457,96.68019999999999,-72.49480000000007,120.89480000000003,1.5,1.39,0.1,1.39,0.02,1.3,1.24,0.05,1.24,0.35,1.4,1.3,0.22,1.3,0.24,1.6,1.45,0.13,1.45,0.43,0.7,0.57,0.28,0.57,0.14,0.7,0.37,0.14,0.37,0.54,1.2,0.65,0.1,0.65,0.95,1.1,1.11,0.11,1.11,0.19,2.0,1.98,0.06,1.98,0.09,0.5,0.35,0.01,0.35,0.22,1.6,0.65,0.3,0.65,1.47,1.9,1.79,0.05,1.79,0.02,2.25,1.6900000000000002,1.96,2.5600000000000005,0.4899999999999999,0.4899999999999999,1.44,1.2100000000000002,4.0,0.25,2.5600000000000005,3.61,1.9321,1.5376,1.6900000000000002,2.1025,0.3248999999999999,0.1369,0.4225,1.2321000000000002,3.9204,0.1224999999999999,0.4225,3.2041,0.0004,0.1224999999999999,0.0576,0.1848999999999999,0.0196,0.2916,0.9025,0.0361,0.0081,0.0484,2.1609,0.0004,0.01,0.0025,0.0484,0.0169,0.0784,0.0196,0.01,0.0121,0.0036,0.0001,0.09,0.0025
9.76799999999998,163.93103448275792,4.55,144.06551724137876,-4.297931034482738,-78.98862068965475,35.013793103448414,1.1668275862068846,-5.457379310344923,31.855448275862145,-20.24641379310351,23.78603448275857,-11.501551724138098,96.66793103448278,-72.34031034482763,120.80027586206901,1.5,1.39,0.1,1.39,0.02,1.3,1.24,0.05,1.24,0.35,1.4,1.3,0.22,1.3,0.24,1.6,1.45,0.13,1.45,0.43,0.7,0.57,0.28,0.57,0.14,0.7,0.37,0.14,0.37,0.54,1.2,0.65,0.1,0.65,0.95,1.1,1.11,0.11,1.11,0.19,2.0,1.98,0.06,1.98,0.09,0.5,0.35,0.01,0.35,0.22,1.6,0.65,0.3,0.65,1.47,1.9,1.79,0.05,1.79,0.02,2.25,1.6900000000000002,1.96,2.5600000000000005,0.4899999999999999,0.4899999999999999,1.44,1.2100000000000002,4.0,0.25,2.5600000000000005,3.61,1.9321,1.5376,1.6900000000000002,2.1025,0.3248999999999999,0.1369,0.4225,1.2321000000000002,3.9204,0.1224999999999999,0.4225,3.2041,0.0004,0.1224999999999999,0.0576,0.1848999999999999,0.0196,0.2916,0.9025,0.0361,0.0081,0.0484,2.1609,0.0004,0.01,0.0025,0.0484,0.0169,0.0784,0.0196,0.01,0.0121,0.0036,0.0001,0.09,0.0025
9.81799999999998,165.5999999999993,4.534000000000007,145.39999999999947,-4.3539999999999734,-79.9839999999996,34.7,1.1941999999999886,-5.069000000000233,31.67580000000007,-20.254799999999992,23.905599999999954,-11.247199999999989,96.57120000000006,-72.16180000000011,120.62540000000011,1.5,1.39,0.1,1.39,0.02,1.3,1.24,0.05,1.24,0.35,1.4,1.3,0.22,1.3,0.24,1.6,1.45,0.13,1.45,0.43,0.7,0.57,0.28,0.57,0.14,0.7,0.37,0.14,0.37,0.54,1.2,0.65,0.1,0.65,0.95,1.1,1.11,0.11,1.11,0.19,2.0,1.98,0.06,1.98,0.09,0.5,0.35,0.01,0.35,0.22,1.6,0.65,0.3,0.65,1.47,1.9,1.79,0.05,1.79,0.02,2.25,1.6900000000000002,1.96,2.5600000000000005,0.4899999999999999,0.4899999999999999,1.44,1.2100000000000002,4.0,0.25,2.5600000000000005,3.61,1.9321,1.5376,1.6900000000000002,2.1025,0.3248999999999999,0.1369,0.4225,1.2321000000000002,3.9204,0.1224999999999999,0.4225,3.2041,0.0004,0.1224999999999999,0.0576,0.1848999999999999,0.0196,0.2916,0.9025,0.0361,0.0081,0.0484,2.1609,0.0004,0.01,0.0025,0.0484,0.0169,0.0784,0.0196,0.01,0.0121,0.0036,0.0001,0.09,0.0025
9.86799999999998,167.29999999999936,4.517000000000006,146.7599999999995,-4.418999999999981,-80.99699999999962,34.8,1.22279999999999,-4.483500000000219,31.493600000000068,-20.27689999999999,24.027299999999954,-11.27709999999999,96.43860000000005,-71.86840000000011,120.34420000000011,1.5,1.39,0.1,1.39,0.02,1.3,1.24,0.05,1.24,0.35,1.4,1.3,0.22,1.3,0.24,1.6,1.45,0.13,1.45,0.43,0.7,0.57,0.28,0.57,0.14,0.7,0.37,0.14,0.37,0.54,1.2,0.65,0.1,0.65,0.95,1.1,1.11,0.11,1.11,0.19,2.0,1.98,0.06,1.98,0.09,0.5,0.35,0.01,0.35,0.22,1.6,0.65,0.3,0.65,1.47,1.9,1.79,0.05,1.79,0.02,2.25,1.6900000000000002,1.96,2.5600000000000005,0.4899999999999999,0.4899999999999999,1.44,1.2100000000000002,4.0,0.25,2.5600000000000005,3.61,1.9321,1.5376,1.6900000000000002,2.1025,0.3248999999999999,0.1369,0.4225,1.2321000000000002,3.9204,0.1224999999999999,0.4225,3.2041,0.0004,0.1224999999999999,0.0576,0.1848999999999999,0.0196,0.2916,0.9025,0.0361,0.0081,0.0484,2.1609,0.0004,0.01,0.0025,0.0484,0.0169,0.0784,0.0196,0.01,0.0121,0.0036,0.0001,0.09,0.0025
9.91799999999998,168.966666666666,4.50033333333334,148.08366666666615,-4.47866666666664,-81.9899999999996,34.8,1.2504333333333215,-4.127933333333415,31.313600000000072,-20.516066666666504,24.14659999999995,-11.340233333333297,96.35983333333334,-71.63876666666675,120.14390000000006,1.5,1.39,0.1,1.39,0.02,1.3,1.24,0.05,1.24,0.35,1.4,1.3,0.22,1.3,0.24,1.6,1.45,0.13,1.45,0.43,0.7,0.57,0.28,0.57,0.14,0.7,0.37,0.14,0.37,0.54,1.2,0.65,0.1,0.65,0.95,1.1,1.11,0.11,1.11,0.19,2.0,1.98,0.06,1.98,0.09,0.5,0.35,0.01,0.35,0.22,1.6,0.65,0.3,0.65,1.47,1.9,1.79,0.05,1.79,0.02,2.25,1.6900000000000002,1.96,2.5600000000000005,0.4899999999999999,0.4899999999999999,1.44,1.2100000000000002,4.0,0.25,2.5600000000000005,3.61,1.9321,1.5376,1.6900000000000002,2.1025,0.3248999999999999,0.1369,0.4225,1.2321000000000002,3.9204,0.1224999999999999,0.4225,3.2041,0.0004,0.1224999999999999,0.0576,0.1848999999999999,0.0196,0.2916,0.9025,0.0361,0.0081,0.0484,2.1609,0.0004,0.01,0.0025,0.0484,0.0169,0.0784,0.0196,0.01,0.0121,0.0036,0.0001,0.09,0.0025
9.967999999999979,170.63333333333264,4.477333333333347,149.41666666666612,-4.538999999999979,-82.97366666666626,34.96333333333326,1.2787666666666548,-4.116833333333337,31.133600000000076,-21.097299999999755,24.267233333333284,-11.456966666666618,96.36063333333334,-71.49943333333339,120.06160000000003,1.5,1.4,0.07,1.4,0.04,1.3,1.2,0.03,1.2,0.35,1.5,1.37,0.11,1.37,0.37,1.5,1.45,0.13,1.45,0.41,0.6,0.45,0.35,0.45,0.07,0.6,0.32,0.05,0.32,0.5,1.2,0.75,0.12,0.75,0.91,1.1,1.08,0.1,1.08,0.24,1.9,1.91,0.12,1.91,0.16,0.5,0.36,0.04,0.36,0.24,1.5,0.67,0.16,0.67,1.31,1.9,1.83,0.06,1.83,0.0,2.25,1.6900000000000002,2.25,2.25,0.36,0.36,1.44,1.2100000000000002,3.61,0.25,2.25,3.61,1.96,1.44,1.8769,2.1025,0.2025,0.1024,0.5625,1.1664,3.6481,0.1296,0.4489000000000001,3.3489000000000004,0.0016,0.1224999999999999,0.1369,0.1680999999999999,0.0049,0.25,0.8281000000000001,0.0576,0.0256,0.0576,1.7161000000000002,0.0,0.0049,0.0009,0.0121,0.0169,0.1224999999999999,0.0025,0.0144,0.01,0.0144,0.0016,0.0256,0.0036
10.01799999999998,172.33333333333266,4.4533333333333465,150.77666666666613,-4.59999999999998,-83.98666666666627,35.03333333333327,1.3066666666666553,-4.109333333333336,30.950000000000074,-21.692999999999763,24.38999999999995,-11.576333333333286,96.36233333333332,-71.35833333333339,119.97900000000004,1.5,1.4,0.07,1.4,0.04,1.3,1.2,0.03,1.2,0.35,1.5,1.37,0.11,1.37,0.37,1.5,1.45,0.13,1.45,0.41,0.6,0.45,0.35,0.45,0.07,0.6,0.32,0.05,0.32,0.5,1.2,0.75,0.12,0.75,0.91,1.1,1.08,0.1,1.08,0.24,1.9,1.91,0.12,1.91,0.16,0.5,0.36,0.04,0.36,0.24,1.5,0.67,0.16,0.67,1.31,1.9,1.83,0.06,1.83,0.0,2.25,1.6900000000000002,2.25,2.25,0.36,0.36,1.44,1.2100000000000002,3.61,0.25,2.25,3.61,1.96,1.44,1.8769,2.1025,0.2025,0.1024,0.5625,1.1664,3.6481,0.1296,0.4489000000000001,3.3489000000000004,0.0016,0.1224999999999999,0.1369,0.1680999999999999,0.0049,0.25,0.8281000000000001,0.0576,0.0256,0.0576,1.7161000000000002,0.0,0.0049,0.0009,0.0121,0.0169,0.1224999999999999,0.0025,0.0144,0.01,0.0144,0.0016,0.0256,0.0036
10.06799999999998,173.99999999999935,4.420000000000013,152.09999999999948,-4.659999999999974,-84.96999999999962,35.19999999999994,1.3349999999999889,-4.102000000000003,30.77000000000007,-22.276999999999774,24.509999999999955,-11.692999999999953,96.364,-71.22000000000006,119.89900000000003,1.5,1.4,0.07,1.4,0.04,1.3,1.2,0.03,1.2,0.35,1.5,1.37,0.11,1.37,0.37,1.5,1.45,0.13,1.45,0.41,0.6,0.45,0.35,0.45,0.07,0.6,0.32,0.05,0.32,0.5,1.2,0.75,0.12,0.75,0.91,1.1,1.08,0.1,1.08,0.24,1.9,1.91,0.12,1.91,0.16,0.5,0.36,0.04,0.36,0.24,1.5,0.67,0.16,0.67,1.31,1.9,1.83,0.06,1.83,0.0,2.25,1.6900000000000002,2.25,2.25,0.36,0.36,1.44,1.2100000000000002,3.61,0.25,2.25,3.61,1.96,1.44,1.8769,2.1025,0.2025,0.1024,0.5625,1.1664,3.6481,0.1296,0.4489000000000001,3.3489000000000004,0.0016,0.1224999999999999,0.1369,0.1680999999999999,0.0049,0.25,0.8281000000000001,0.0576,0.0256,0.0576,1.7161000000000002,0.0,0.0049,0.0009,0.0121,0.0169,0.1224999999999999,0.0025,0.0144,0.01,0.0144,0.0016,0.0256,0.0036
10.117999999999979,175.66666666666595,4.376666666666681,153.43333333333277,-4.719999999999979,-85.96333333333291,35.3,1.3633333333333213,-4.094333333333337,30.590000000000074,-22.860999999999752,24.62999999999995,-11.810666666666616,96.36566666666667,-71.08166666666672,119.81800000000004,1.5,1.4,0.07,1.4,0.04,1.3,1.2,0.03,1.2,0.35,1.5,1.37,0.11,1.37,0.37,1.5,1.45,0.13,1.45,0.41,0.6,0.45,0.35,0.45,0.07,0.6,0.32,0.05,0.32,0.5,1.2,0.75,0.12,0.75,0.91,1.1,1.08,0.1,1.08,0.24,1.9,1.91,0.12,1.91,0.16,0.5,0.36,0.04,0.36,0.24,1.5,0.67,0.16,0.67,1.31,1.9,1.83,0.06,1.83,0.0,2.25,1.6900000000000002,2.25,2.25,0.36,0.36,1.44,1.2100000000000002,3.61,0.25,2.25,3.61,1.96,1.44,1.8769,2.1025,0.2025,0.1024,0.5625,1.1664,3.6481,0.1296,0.4489000000000001,3.3489000000000004,0.0016,0.1224999999999999,0.1369,0.1680999999999999,0.0049,0.25,0.8281000000000001,0.0576,0.0256,0.0576,1.7161000000000002,0.0,0.0049,0.0009,0.0121,0.0169,0.1224999999999999,0.0025,0.0144,0.01,0.0144,0.0016,0.0256,0.0036
10.167999999999978,177.34482758620615,4.333103448275877,154.77586206896493,-4.780344827586184,-86.95344827586163,35.265517241379385,1.3908620689655047,-3.785793103448633,30.40841379310353,-23.30406896551715,24.750827586206842,-11.8021724137932,96.37141379310344,-70.94644827586212,119.74493103448279,1.5,1.4,0.07,1.4,0.04,1.3,1.2,0.03,1.2,0.35,1.5,1.37,0.11,1.37,0.37,1.5,1.45,0.13,1.45,0.41,0.6,0.45,0.35,0.45,0.07,0.6,0.32,0.05,0.32,0.5,1.2,0.75,0.12,0.75,0.91,1.1,1.08,0.1,1.08,0.24,1.9,1.91,0.12,1.91,0.16,0.5,0.36,0.04,0.36,0.24,1.5,0.67,0.16,0.67,1.31,1.9,1.83,0.06,1.83,0.0,2.25,1.6900000000000002,2.25,2.25,0.36,0.36,1.44,1.2100000000000002,3.61,0.25,2.25,3.61,1.96,1.44,1.8769,2.1025,0.2025,0.1024,0.5625,1.1664,3.6481,0.1296,0.4489000000000001,3.3489000000000004,0.0016,0.1224999999999999,0.1369,0.1680999999999999,0.0049,0.25,0.8281000000000001,0.0576,0.0256,0.0576,1.7161000000000002,0.0,0.0049,0.0009,0.0121,0.0169,0.1224999999999999,0.0025,0.0144,0.01,0.0144,0.0016,0.0256,0.0036
10.217999999999979,179.0333333333326,4.289000000000022,156.12666666666607,-4.840999999999978,-87.94966666666625,35.09666666666674,1.4195666666666544,-2.9729666666670167,30.22540000000008,-23.509033333333246,24.87243333333328,-11.581666666666761,96.38423333333333,-70.81743333333338,119.68480000000004,1.5,1.4,0.07,1.4,0.04,1.3,1.2,0.03,1.2,0.35,1.5,1.37,0.11,1.37,0.37,1.5,1.45,0.13,1.45,0.41,0.6,0.45,0.35,0.45,0.07,0.6,0.32,0.05,0.32,0.5,1.2,0.75,0.12,0.75,0.91,1.1,1.08,0.1,1.08,0.24,1.9,1.91,0.12,1.91,0.16,0.5,0.36,0.04,0.36,0.24,1.5,0.67,0.16,0.67,1.31,1.9,1.83,0.06,1.83,0.0,2.25,1.6900000000000002,2.25,2.25,0.36,0.36,1.44,1.2100000000000002,3.61,0.25,2.25,3.61,1.96,1.44,1.8769,2.1025,0.2025,0.1024,0.5625,1.1664,3.6481,0.1296,0.4489000000000001,3.3489000000000004,0.0016,0.1224999999999999,0.1369,0.1680999999999999,0.0049,0.25,0.8281000000000001,0.0576,0.0256,0.0576,1.7161000000000002,0.0,0.0049,0.0009,0.0121,0.0169,0.1224999999999999,0.0025,0.0144,0.01,0.0144,0.0016,0.0256,0.0036
10.26799999999998,180.67741935483804,4.24645161290324,157.44193548387042,-4.88354838709676,-88.91967741935444,35.40645161290282,1.4475161290322467,-2.2742903225808777,30.04580645161298,-23.80551612903208,24.993129032258015,-11.556935483870868,96.27448387096786,-70.71590322580649,119.53822580645172,1.5,1.4,0.07,1.4,0.04,1.3,1.2,0.03,1.2,0.35,1.5,1.37,0.11,1.37,0.37,1.5,1.45,0.13,1.45,0.41,0.6,0.45,0.35,0.45,0.07,0.6,0.32,0.05,0.32,0.5,1.2,0.75,0.12,0.75,0.91,1.1,1.08,0.1,1.08,0.24,1.9,1.91,0.12,1.91,0.16,0.5,0.36,0.04,0.36,0.24,1.5,0.67,0.16,0.67,1.31,1.9,1.83,0.06,1.83,0.0,2.25,1.6900000000000002,2.25,2.25,0.36,0.36,1.44,1.2100000000000002,3.61,0.25,2.25,3.61,1.96,1.44,1.8769,2.1025,0.2025,0.1024,0.5625,1.1664,3.6481,0.1296,0.4489000000000001,3.3489000000000004,0.0016,0.1224999999999999,0.1369,0.1680999999999999,0.0049,0.25,0.8281000000000001,0.0576,0.0256,0.0576,1.7161000000000002,0.0,0.0049,0.0009,0.0121,0.0169,0.1224999999999999,0.0025,0.0144,0.01,0.0144,0.0016,0.0256,0.0036
10.317999999999978,182.2999999999993,4.201000000000021,158.73999999999944,-4.912999999999993,-89.86699999999958,36.5099999999995,1.4753999999999872,-1.7249000000002395,29.86570000000008,-24.246899999999805,25.11319999999995,-11.820499999999884,95.98110000000013,-70.65360000000003,119.25910000000013,1.5,1.4,0.07,1.4,0.04,1.3,1.2,0.03,1.2,0.35,1.5,1.37,0.11,1.37,0.37,1.5,1.45,0.13,1.45,0.41,0.6,0.45,0.35,0.45,0.07,0.6,0.32,0.05,0.32,0.5,1.2,0.75,0.12,0.75,0.91,1.1,1.08,0.1,1.08,0.24,1.9,1.91,0.12,1.91,0.16,0.5,0.36,0.04,0.36,0.24,1.5,0.67,0.16,0.67,1.31,1.9,1.83,0.06,1.83,0.0,2.25,1.6900000000000002,2.25,2.25,0.36,0.36,1.44,1.2100000000000002,3.61,0.25,2.25,3.61,1.96,1.44,1.8769,2.1025,0.2025,0.1024,0.5625,1.1664,3.6481,0.1296,0.4489000000000001,3.3489000000000004,0.0016,0.1224999999999999,0.1369,0.1680999999999999,0.0049,0.25,0.8281000000000001,0.0576,0.0256,0.0576,1.7161000000000002,0.0,0.0049,0.0009,0.0121,0.0169,0.1224999999999999,0.0025,0.0144,0.01,0.0144,0.0016,0.0256,0.0036
10.367999999999977,183.9666666666659,4.141333333333363,160.07333333333273,-4.948999999999978,-90.8503333333329,37.193333333333186,1.4503000000000295,-1.783833333333104,29.772533333333342,-24.628433333333188,25.208499999999965,-12.050066666666579,95.76600000000008,-70.63569999999999,119.06743333333338,1.5,1.4,0.07,1.4,0.04,1.3,1.2,0.03,1.2,0.35,1.5,1.37,0.11,1.37,0.37,1.5,1.45,0.13,1.45,0.41,0.6,0.45,0.35,0.45,0.07,0.6,0.32,0.05,0.32,0.5,1.2,0.75,0.12,0.75,0.91,1.1,1.08,0.1,1.08,0.24,1.9,1.91,0.12,1.91,0.16,0.5,0.36,0.04,0.36,0.24,1.5,0.67,0.16,0.67,1.31,1.9,1.83,0.06,1.83,0.0,2.25,1.6900000000000002,2.25,2.25,0.36,0.36,1.44,1.2100000000000002,3.61,0.25,2.25,3.61,1.96,1.44,1.8769,2.1025,0.2025,0.1024,0.5625,1.1664,3.6481,0.1296,0.4489000000000001,3.3489000000000004,0.0016,0.1224999999999999,0.1369,0.1680999999999999,0.0049,0.25,0.8281000000000001,0.0576,0.0256,0.0576,1.7161000000000002,0.0,0.0049,0.0009,0.0121,0.0169,0.1224999999999999,0.0025,0.0144,0.01,0.0144,0.0016,0.0256,0.0036
10.417999999999978,185.59999999999926,4.076000000000029,161.3799999999994,-5.013999999999971,-91.81399999999957,37.35999999999992,1.3450000000000477,-2.7641999999995543,29.818399999999976,-24.890399999999886,25.259599999999978,-12.20599999999993,95.68840000000003,-70.68559999999998,119.02240000000002,1.5,1.4,0.07,1.4,0.04,1.3,1.2,0.03,1.2,0.35,1.5,1.37,0.11,1.37,0.37,1.5,1.45,0.13,1.45,0.41,0.6,0.45,0.35,0.45,0.07,0.6,0.32,0.05,0.32,0.5,1.2,0.75,0.12,0.75,0.91,1.1,1.08,0.1,1.08,0.24,1.9,1.91,0.12,1.91,0.16,0.5,0.36,0.04,0.36,0.24,1.5,0.67,0.16,0.67,1.31,1.9,1.83,0.06,1.83,0.0,2.25,1.6900000000000002,2.25,2.25,0.36,0.36,1.44,1.2100000000000002,3.61,0.25,2.25,3.61,1.96,1.44,1.8769,2.1025,0.2025,0.1024,0.5625,1.1664,3.6481,0.1296,0.4489000000000001,3.3489000000000004,0.0016,0.1224999999999999,0.1369,0.1680999999999999,0.0049,0.25,0.8281000000000001,0.0576,0.0256,0.0576,1.7161000000000002,0.0,0.0049,0.0009,0.0121,0.0169,0.1224999999999999,0.0025,0.0144,0.01,0.0144,0.0016,0.0256,0.0036
10.467999999999979,187.26666666666594,3.996666666666703,162.71333333333274,-5.077999999999978,-92.7973333333329,37.47333333333341,1.2366666666667143,-3.6402666666663794,29.867733333333312,-24.68100000000044,25.311266666666643,-12.24206666666674,95.64486666666666,-70.70720000000001,118.99393333333335,1.5,1.4,0.05,1.4,0.05,1.4,1.23,0.08,1.23,0.41,1.5,1.35,0.1,1.35,0.41,1.5,1.46,0.11,1.46,0.38,0.8,0.21,0.16,0.21,0.32,0.6,0.3,0.02,0.3,0.48,1.2,0.79,0.11,0.79,0.87,1.1,1.09,0.13,1.09,0.28,1.8,1.77,0.22,1.77,0.34,0.5,0.36,0.02,0.36,0.25,1.2,0.77,0.11,0.77,0.96,1.9,1.85,0.05,1.85,0.1,2.25,1.96,2.25,2.25,0.6400000000000001,0.36,1.44,1.2100000000000002,3.24,0.25,1.44,3.61,1.96,1.5129,1.8225,2.1316,0.0440999999999999,0.09,0.6241000000000001,1.1881000000000002,3.1329,0.1296,0.5929,3.4225000000000003,0.0025,0.1680999999999999,0.1680999999999999,0.1444,0.1024,0.2304,0.7569,0.0784,0.1156,0.0625,0.9216,0.01,0.0025,0.0064,0.01,0.0121,0.0256,0.0004,0.0121,0.0169,0.0484,0.0004,0.0121,0.0025
10.517999999999978,188.9333333333326,3.91333333333337,164.04666666666608,-5.137333333333304,-93.78066666666622,37.21333333333348,1.1292666666667137,-4.291933333333046,29.916066666666644,-23.681933333333774,25.36293333333331,-12.073733333333408,95.65746666666666,-70.67813333333335,118.9882,1.5,1.4,0.05,1.4,0.05,1.4,1.23,0.08,1.23,0.41,1.5,1.35,0.1,1.35,0.41,1.5,1.46,0.11,1.46,0.38,0.8,0.21,0.16,0.21,0.32,0.6,0.3,0.02,0.3,0.48,1.2,0.79,0.11,0.79,0.87,1.1,1.09,0.13,1.09,0.28,1.8,1.77,0.22,1.77,0.34,0.5,0.36,0.02,0.36,0.25,1.2,0.77,0.11,0.77,0.96,1.9,1.85,0.05,1.85,0.1,2.25,1.96,2.25,2.25,0.6400000000000001,0.36,1.44,1.2100000000000002,3.24,0.25,1.44,3.61,1.96,1.5129,1.8225,2.1316,0.0440999999999999,0.09,0.6241000000000001,1.1881000000000002,3.1329,0.1296,0.5929,3.4225000000000003,0.0025,0.1680999999999999,0.1680999999999999,0.1444,0.1024,0.2304,0.7569,0.0784,0.1156,0.0625,0.9216,0.01,0.0025,0.0064,0.01,0.0121,0.0256,0.0004,0.0121,0.0169,0.0484,0.0004,0.0121,0.0025
10.567999999999977,190.5999999999992,3.8240000000000474,165.37999999999937,-5.187999999999977,-94.76399999999953,37.04000000000008,1.0210000000000516,-4.9445999999996895,29.964399999999976,-22.68200000000048,25.414599999999975,-11.90640000000008,95.6698,-70.64820000000002,118.9826,1.5,1.4,0.05,1.4,0.05,1.4,1.23,0.08,1.23,0.41,1.5,1.35,0.1,1.35,0.41,1.5,1.46,0.11,1.46,0.38,0.8,0.21,0.16,0.21,0.32,0.6,0.3,0.02,0.3,0.48,1.2,0.79,0.11,0.79,0.87,1.1,1.09,0.13,1.09,0.28,1.8,1.77,0.22,1.77,0.34,0.5,0.36,0.02,0.36,0.25,1.2,0.77,0.11,0.77,0.96,1.9,1.85,0.05,1.85,0.1,2.25,1.96,2.25,2.25,0.6400000000000001,0.36,1.44,1.2100000000000002,3.24,0.25,1.44,3.61,1.96,1.5129,1.8225,2.1316,0.0440999999999999,0.09,0.6241000000000001,1.1881000000000002,3.1329,0.1296,0.5929,3.4225000000000003,0.0025,0.1680999999999999,0.1680999999999999,0.1444,0.1024,0.2304,0.7569,0.0784,0.1156,0.0625,0.9216,0.01,0.0025,0.0064,0.01,0.0121,0.0256,0.0004,0.0121,0.0169,0.0484,0.0004,0.0121,0.0025
10.617999999999977,192.2666666666659,3.724000000000045,166.71333333333274,-5.247999999999977,-95.74733333333289,36.873333333333406,0.9126666666667155,-5.596533333333039,30.012733333333312,-21.68200000000045,25.46626666666664,-11.738066666666743,95.68213333333334,-70.6192,118.9772,1.5,1.4,0.05,1.4,0.05,1.4,1.23,0.08,1.23,0.41,1.5,1.35,0.1,1.35,0.41,1.5,1.46,0.11,1.46,0.38,0.8,0.21,0.16,0.21,0.32,0.6,0.3,0.02,0.3,0.48,1.2,0.79,0.11,0.79,0.87,1.1,1.09,0.13,1.09,0.28,1.8,1.77,0.22,1.77,0.34,0.5,0.36,0.02,0.36,0.25,1.2,0.77,0.11,0.77,0.96,1.9,1.85,0.05,1.85,0.1,2.25,1.96,2.25,2.25,0.6400000000000001,0.36,1.44,1.2100000000000002,3.24,0.25,1.44,3.61,1.96,1.5129,1.8225,2.1316,0.0440999999999999,0.09,0.6241000000000001,1.1881000000000002,3.1329,0.1296,0.5929,3.4225000000000003,0.0025,0.1680999999999999,0.1680999999999999,0.1444,0.1024,0.2304,0.7569,0.0784,0.1156,0.0625,0.9216,0.01,0.0025,0.0064,0.01,0.0121,0.0256,0.0004,0.0121,0.0169,0.0484,0.0004,0.0121,0.0025
10.667999999999978,193.9333333333326,3.624000000000044,168.04666666666608,-5.297999999999978,-96.73066666666622,36.89333333333326,0.8043333333333811,-6.0015999999999075,30.061066666666644,-21.021733333333508,25.51793333333331,-11.769466666666583,95.65906666666669,-70.5714666666667,118.93020000000004,1.5,1.4,0.05,1.4,0.05,1.4,1.23,0.08,1.23,0.41,1.5,1.35,0.1,1.35,0.41,1.5,1.46,0.11,1.46,0.38,0.8,0.21,0.16,0.21,0.32,0.6,0.3,0.02,0.3,0.48,1.2,0.79,0.11,0.79,0.87,1.1,1.09,0.13,1.09,0.28,1.8,1.77,0.22,1.77,0.34,0.5,0.36,0.02,0.36,0.25,1.2,0.77,0.11,0.77,0.96,1.9,1.85,0.05,1.85,0.1,2.25,1.96,2.25,2.25,0.6400000000000001,0.36,1.44,1.2100000000000002,3.24,0.25,1.44,3.61,1.96,1.5129,1.8225,2.1316,0.0440999999999999,0.09,0.6241000000000001,1.1881000000000002,3.1329,0.1296,0.5929,3.4225000000000003,0.0025,0.1680999999999999,0.1680999999999999,0.1444,0.1024,0.2304,0.7569,0.0784,0.1156,0.0625,0.9216,0.01,0.0025,0.0064,0.01,0.0121,0.0256,0.0004,0.0121,0.0169,0.0484,0.0004,0.0121,0.0025
10.717999999999977,195.5806451612896,3.519354838709729,169.36451612903167,-5.3574193548386875,-97.70258064516086,37.21612903225792,0.6972580645161768,-5.934709677419458,30.108838709677396,-20.480741935484392,25.569999999999975,-12.085838709677285,95.63722580645158,-70.47090322580652,118.8503870967742,1.5,1.38,0.02,1.38,0.13,1.4,1.33,0.14,1.33,0.42,1.5,1.42,0.05,1.42,0.41,1.5,1.44,0.13,1.44,0.33,0.9,0.22,0.06,0.22,0.54,0.5,0.27,0.03,0.27,0.46,1.2,0.85,0.1,0.85,0.83,1.1,1.1,0.13,1.1,0.26,1.8,1.71,0.24,1.71,0.45,0.4,0.23,0.08,0.23,0.29,1.3,0.9,0.09,0.9,0.89,1.9,1.83,0.03,1.83,0.13,2.25,1.96,2.25,2.25,0.81,0.25,1.44,1.2100000000000002,3.24,0.16,1.6900000000000002,3.61,1.9044,1.7689,2.0164,2.0736,0.0484,0.0729,0.7224999999999999,1.2100000000000002,2.9241,0.0529,0.81,3.3489000000000004,0.0169,0.1763999999999999,0.1680999999999999,0.1089,0.2916,0.2116,0.6889,0.0676,0.2025,0.0841,0.7921,0.0169,0.0004,0.0196,0.0025,0.0169,0.0036,0.0009,0.01,0.0169,0.0576,0.0064,0.0081,0.0009
10.767999999999976,197.23333333333255,3.4036666666667217,170.68666666666604,-5.419333333333302,-98.6776666666662,37.5,0.5898333333333846,-5.661700000000163,30.15676666666664,-19.434233333333736,25.621233333333308,-12.311299999999955,95.60886666666676,-70.2982000000001,118.72720000000012,1.5,1.38,0.02,1.38,0.13,1.4,1.33,0.14,1.33,0.42,1.5,1.42,0.05,1.42,0.41,1.5,1.44,0.13,1.44,0.33,0.9,0.22,0.06,0.22,0.54,0.5,0.27,0.03,0.27,0.46,1.2,0.85,0.1,0.85,0.83,1.1,1.1,0.13,1.1,0.26,1.8,1.71,0.24,1.71,0.45,0.4,0.23,0.08,0.23,0.29,1.3,0.9,0.09,0.9,0.89,1.9,1.83,0.03,1.83,0.13,2.25,1.96,2.25,2.25,0.81,0.25,1.44,1.2100000000000002,3.24,0.16,1.6900000000000002,3.61,1.9044,1.7689,2.0164,2.0736,0.0484,0.0729,0.7224999999999999,1.2100000000000002,2.9241,0.0529,0.81,3.3489000000000004,0.0169,0.1763999999999999,0.1680999999999999,0.1089,0.2916,0.2116,0.6889,0.0676,0.2025,0.0841,0.7921,0.0169,0.0004,0.0196,0.0025,0.0169,0.0036,0.0009,0.01,0.0169,0.0576,0.0064,0.0081,0.0009
10.817999999999977,198.89999999999924,3.287000000000054,172.02899999999937,-5.48599999999997,-99.66099999999955,37.5,0.4815000000000504,-5.350900000000131,30.205999999999975,-19.051199999999994,25.672899999999974,-12.345100000000008,95.43660000000008,-70.10700000000007,118.4833000000001,1.5,1.38,0.02,1.38,0.13,1.4,1.33,0.14,1.33,0.42,1.5,1.42,0.05,1.42,0.41,1.5,1.44,0.13,1.44,0.33,0.9,0.22,0.06,0.22,0.54,0.5,0.27,0.03,0.27,0.46,1.2,0.85,0.1,0.85,0.83,1.1,1.1,0.13,1.1,0.26,1.8,1.71,0.24,1.71,0.45,0.4,0.23,0.08,0.23,0.29,1.3,0.9,0.09,0.9,0.89,1.9,1.83,0.03,1.83,0.13,2.25,1.96,2.25,2.25,0.81,0.25,1.44,1.2100000000000002,3.24,0.16,1.6900000000000002,3.61,1.9044,1.7689,2.0164,2.0736,0.0484,0.0729,0.7224999999999999,1.2100000000000002,2.9241,0.0529,0.81,3.3489000000000004,0.0169,0.1763999999999999,0.1680999999999999,0.1089,0.2916,0.2116,0.6889,0.0676,0.2025,0.0841,0.7921,0.0169,0.0004,0.0196,0.0025,0.0169,0.0036,0.0009,0.01,0.0169,0.0576,0.0064,0.0081,0.0009
10.867999999999977,200.54838709677344,3.166129032258124,173.34870967741875,-5.547419354838673,-100.6280645161286,37.5,0.3743548387097256,-5.24770967741929,30.25390322580643,-19.180870967741992,25.724999999999977,-12.304967741935492,95.34180645161291,-70.01490322580645,118.35425806451613,1.5,1.38,0.02,1.38,0.13,1.4,1.33,0.14,1.33,0.42,1.5,1.42,0.05,1.42,0.41,1.5,1.44,0.13,1.44,0.33,0.9,0.22,0.06,0.22,0.54,0.5,0.27,0.03,0.27,0.46,1.2,0.85,0.1,0.85,0.83,1.1,1.1,0.13,1.1,0.26,1.8,1.71,0.24,1.71,0.45,0.4,0.23,0.08,0.23,0.29,1.3,0.9,0.09,0.9,0.89,1.9,1.83,0.03,1.83,0.13,2.25,1.96,2.25,2.25,0.81,0.25,1.44,1.2100000000000002,3.24,0.16,1.6900000000000002,3.61,1.9044,1.7689,2.0164,2.0736,0.0484,0.0729,0.7224999999999999,1.2100000000000002,2.9241,0.0529,0.81,3.3489000000000004,0.0169,0.1763999999999999,0.1680999999999999,0.1089,0.2916,0.2116,0.6889,0.0676,0.2025,0.0841,0.7921,0.0169,0.0004,0.0196,0.0025,0.0169,0.0036,0.0009,0.01,0.0169,0.0576,0.0064,0.0081,0.0009
10.917999999999976,202.15624999999926,3.0621875000000376,174.6481249999994,-5.575312500000023,-101.55749999999958,37.646874999999774,0.26721875000005196,-5.4815937499998135,30.30184374999998,-18.895218750000268,25.776156249999975,-12.257000000000048,95.24925000000012,-69.64571875000047,118.05718750000038,1.5,1.38,0.02,1.38,0.13,1.4,1.33,0.14,1.33,0.42,1.5,1.42,0.05,1.42,0.41,1.5,1.44,0.13,1.44,0.33,0.9,0.22,0.06,0.22,0.54,0.5,0.27,0.03,0.27,0.46,1.2,0.85,0.1,0.85,0.83,1.1,1.1,0.13,1.1,0.26,1.8,1.71,0.24,1.71,0.45,0.4,0.23,0.08,0.23,0.29,1.3,0.9,0.09,0.9,0.89,1.9,1.83,0.03,1.83,0.13,2.25,1.96,2.25,2.25,0.81,0.25,1.44,1.2100000000000002,3.24,0.16,1.6900000000000002,3.61,1.9044,1.7689,2.0164,2.0736,0.0484,0.0729,0.7224999999999999,1.2100000000000002,2.9241,0.0529,0.81,3.3489000000000004,0.0169,0.1763999999999999,0.1680999999999999,0.1089,0.2916,0.2116,0.6889,0.0676,0.2025,0.0841,0.7921,0.0169,0.0004,0.0196,0.0025,0.0169,0.0036,0.0009,0.01,0.0169,0.0576,0.0064,0.0081,0.0009
10.967999999999975,203.76666666666586,2.9586666666667325,175.96099999999933,-5.5729999999999755,-102.4746666666662,37.9,0.1300333333334181,-5.992833333333008,30.29273333333337,-18.303433333333647,25.728866666666747,-12.14933333333339,95.03053333333342,-69.07743333333337,117.54116666666677,1.5,1.38,0.02,1.38,0.13766666666665844,1.4766666666665844,1.3989999999999259,0.17066666666663374,1.3989999999999259,0.3586666666667325,1.5,1.4506666666666337,0.034666666666683124,1.4506666666666337,0.3716666666667078,1.5,1.4323333333333415,0.12233333333334157,1.4323333333333415,0.29933333333336626,0.9,0.24299999999997532,0.07533333333331688,0.24299999999997532,0.5093333333333663,0.5,0.23166666666670782,0.0529999999999753,0.23166666666670782,0.4523333333333416,1.2,0.85,0.1,0.85,0.83,1.1766666666665844,1.115333333333317,0.15299999999997532,1.115333333333317,0.28299999999997527,1.7233333333334155,1.6486666666667324,0.2629999999999753,1.6486666666667324,0.5266666666665843,0.4,0.1686666666667325,0.09533333333331688,0.1686666666667325,0.30533333333331686,1.3,0.9613333333332674,0.04400000000004938,0.9613333333332674,0.8976666666666585,1.8233333333334156,1.7916666666667078,0.01466666666668313,1.7916666666667078,0.15299999999997532,2.25,2.1823333333330948,2.25,2.25,0.81,0.25,1.44,1.386333333333144,2.971666666666955,0.16,1.6900000000000002,3.326333333333638,1.9044,1.9586499999997962,2.1047199999999053,2.0515966666666903,0.0592099999999884,0.05411666666668683,0.7224999999999999,1.2440399999999636,2.7192466666668866,0.029593333333358354,0.9253066666665429,3.2105166666668152,0.018969999999997777,0.12978666666671668,0.13858333333336498,0.08988666666668707,0.2597066666667009,0.20462333333334085,0.6889,0.08024999999998642,0.27916666666658435,0.09329999999999013,0.8058233333333187,0.02356999999999284,0.0004,0.0294133333333228,0.0012733333333346502,0.01498333333333539,0.005746666666664362,0.0029699999999977782,0.01,0.02356999999999284,0.06932999999998742,0.009159999999997037,0.0025800000000059256,0.00028666666666732506
11.017999999999976,205.38709677419274,2.81903225806458,177.2635483870961,-5.621612903225783,-103.4245161290318,37.76129032258073,-0.04658064516120289,-6.513032258064383,30.201161290322627,-17.607967741935887,25.541935483871065,-12.071903225806457,94.88935483870972,-69.1074193548387,117.44570967741937,1.5,1.38,0.02,1.38,0.14,1.5,1.42,0.18,1.42,0.34,1.5,1.46,0.03,1.46,0.36,1.5,1.43,0.12,1.43,0.29,0.9,0.25,0.08,0.25,0.5,0.5,0.22,0.06,0.22,0.45,1.2,0.85,0.1,0.85,0.83,1.2,1.12,0.16,1.12,0.29,1.7,1.63,0.27,1.63,0.55,0.4,0.15,0.1,0.15,0.31,1.3,0.98,0.03,0.98,0.9,1.8,1.78,0.01,1.78,0.16,2.25,2.25,2.25,2.25,0.81,0.25,1.44,1.44,2.89,0.16,1.6900000000000002,3.24,1.9044,2.0164,2.1316,2.0449,0.0625,0.0484,0.7224999999999999,1.2544000000000002,2.6569,0.0225,0.9604,3.1684,0.0196,0.1156,0.1296,0.0841,0.25,0.2025,0.6889,0.0841,0.3025,0.0961,0.81,0.0256,0.0004,0.0324,0.0009,0.0144,0.0064,0.0036,0.01,0.0256,0.0729,0.01,0.0009,0.0001
11.067999999999977,207.03225806451536,2.6874193548387706,178.5964516129026,-5.660967741935461,-104.38870967741892,37.49677419354846,-0.2275806451612056,-6.789419354838581,30.10406451612908,-16.768483870968133,25.345096774193642,-12.058709677419362,94.81761290322584,-69.13045161290322,117.40722580645163,1.5,1.38,0.02,1.38,0.14,1.5,1.42,0.18,1.42,0.34,1.5,1.46,0.03,1.46,0.36,1.5,1.43,0.12,1.43,0.29,0.9,0.25,0.08,0.25,0.5,0.5,0.22,0.06,0.22,0.45,1.2,0.85,0.1,0.85,0.83,1.2,1.12,0.16,1.12,0.29,1.7,1.63,0.27,1.63,0.55,0.4,0.15,0.1,0.15,0.31,1.3,0.98,0.03,0.98,0.9,1.8,1.78,0.01,1.78,0.16,2.25,2.25,2.25,2.25,0.81,0.25,1.44,1.44,2.89,0.16,1.6900000000000002,3.24,1.9044,2.0164,2.1316,2.0449,0.0625,0.0484,0.7224999999999999,1.2544000000000002,2.6569,0.0225,0.9604,3.1684,0.0196,0.1156,0.1296,0.0841,0.25,0.2025,0.6889,0.0841,0.3025,0.0961,0.81,0.0256,0.0004,0.0324,0.0009,0.0144,0.0064,0.0036,0.01,0.0256,0.0729,0.01,0.0009,0.0001
11.117999999999975,208.6451612903218,2.558387096774257,179.91258064516063,-5.709354838709654,-105.33064516128987,37.27096774193564,-0.40661290322571864,-7.061032258064382,30.007935483871012,-15.942677419355244,25.150580645161387,-12.044838709677427,94.74761290322584,-69.15367741935484,117.36851612903227,1.5,1.38,0.02,1.38,0.14,1.5,1.42,0.18,1.42,0.34,1.5,1.46,0.03,1.46,0.36,1.5,1.43,0.12,1.43,0.29,0.9,0.25,0.08,0.25,0.5,0.5,0.22,0.06,0.22,0.45,1.2,0.85,0.1,0.85,0.83,1.2,1.12,0.16,1.12,0.29,1.7,1.63,0.27,1.63,0.55,0.4,0.15,0.1,0.15,0.31,1.3,0.98,0.03,0.98,0.9,1.8,1.78,0.01,1.78,0.16,2.25,2.25,2.25,2.25,0.81,0.25,1.44,1.44,2.89,0.16,1.6900000000000002,3.24,1.9044,2.0164,2.1316,2.0449,0.0625,0.0484,0.7224999999999999,1.2544000000000002,2.6569,0.0225,0.9604,3.1684,0.0196,0.1156,0.1296,0.0841,0.25,0.2025,0.6889,0.0841,0.3025,0.0961,0.81,0.0256,0.0004,0.0324,0.0009,0.0144,0.0064,0.0036,0.01,0.0256,0.0729,0.01,0.0009,0.0001
11.167999999999974,210.2580645161282,2.4267741935484626,181.21903225806383,-5.747741935483846,-106.27225806451564,37.04838709677436,-0.5856451612902299,-7.332354838709537,29.912774193548437,-15.117129032258491,24.957032258064615,-12.030935483870975,94.67764516129036,-69.1766129032258,117.33006451612906,1.5,1.38,0.02,1.38,0.14,1.5,1.42,0.18,1.42,0.34,1.5,1.46,0.03,1.46,0.36,1.5,1.43,0.12,1.43,0.29,0.9,0.25,0.08,0.25,0.5,0.5,0.22,0.06,0.22,0.45,1.2,0.85,0.1,0.85,0.83,1.2,1.12,0.16,1.12,0.29,1.7,1.63,0.27,1.63,0.55,0.4,0.15,0.1,0.15,0.31,1.3,0.98,0.03,0.98,0.9,1.8,1.78,0.01,1.78,0.16,2.25,2.25,2.25,2.25,0.81,0.25,1.44,1.44,2.89,0.16,1.6900000000000002,3.24,1.9044,2.0164,2.1316,2.0449,0.0625,0.0484,0.7224999999999999,1.2544000000000002,2.6569,0.0225,0.9604,3.1684,0.0196,0.1156,0.1296,0.0841,0.25,0.2025,0.6889,0.0841,0.3025,0.0961,0.81,0.0256,0.0004,0.0324,0.0009,0.0144,0.0064,0.0036,0.01,0.0256,0.0729,0.01,0.0009,0.0001
11.217999999999975,211.8709677419347,2.2903225806452245,182.53419354838644,-5.79612903225804,-107.21516129032213,36.81290322580653,-0.7646774193547508,-7.603322580645028,29.817612903225854,-14.29206451612944,24.762612903225904,-12.017161290322587,94.60754838709681,-69.19919354838709,117.29209677419357,1.5,1.3190322580645717,0.011290322580653092,1.3190322580645717,0.10516129032261237,1.4129032258065308,1.411290322580653,0.14516129032261238,1.411290322580653,0.2354838709678371,1.5,1.4338709677419592,0.06483870967738764,1.4338709677419592,0.29032258064522476,1.5,1.43,0.10258064516130619,1.43,0.2725806451613062,0.6387096774195927,0.1454838709678371,0.26290322580628506,0.1454838709678371,0.4303225806452247,0.5,0.15903225806457164,0.09483870967738764,0.15903225806457164,0.4412903225806531,1.2,0.9196774193547753,0.10870967741934691,0.9196774193547753,0.8038709677419593,1.2,1.12,0.16870967741934692,1.12,0.31612903225804073,1.7870967741934691,1.6387096774193468,0.20032258064522473,1.6387096774193468,0.6806451612902036,0.4,0.1412903225806531,0.06516129032261236,0.1412903225806531,0.33612903225804075,1.387096774193469,1.0061290322580407,0.03870967741934691,1.0061290322580407,0.9696774193547752,1.8,1.7190322580645716,0.05354838709673455,1.7190322580645716,0.1425806451613062,2.25,1.9974193548389396,2.25,2.25,0.4180645161293891,0.25,1.44,1.44,3.194838709677142,0.16,1.9251612903223665,3.24,1.7403967741936979,1.9917516129032482,2.0560870967742626,2.0449,0.0227838709677781,0.025841935483891503,0.8465258064515001,1.2544000000000002,2.685380645161264,0.019974193548389398,1.0123967741935012,2.9556225806453553,0.011238709677426968,0.057070967741988776,0.08500645161294382,0.07434516129033147,0.18589677419360667,0.19474838709678124,0.6463096774193937,0.10003870967740484,0.46580645161275447,0.11308387096772647,0.9409935483869776,0.020374193548391855,0.00013870967741959274,0.021251612903235954,0.004383870967738763,0.01056774193548736,0.07407419354832548,0.009174193548382021,0.01182903225806285,0.02847419354838448,0.04084838709680338,0.004425806451617978,0.0015096774193542836,0.003148387096771418
11.267999999999976,213.48387096774115,2.1512903225807083,183.84193548387032,-5.839677419354823,-108.16064516128986,36.603225806451775,-0.9427096774192668,-7.875290322580511,29.721451612903273,-13.467258064516535,24.568935483871062,-12.00412903225807,94.53719354838714,-69.22177419354838,117.25487096774195,1.5,1.31,0.01,1.31,0.1,1.4,1.41,0.14,1.41,0.22,1.5,1.43,0.07,1.43,0.28,1.5,1.43,0.1,1.43,0.27,0.6,0.13,0.29,0.13,0.42,0.5,0.15,0.1,0.15,0.44,1.2,0.93,0.11,0.93,0.8,1.2,1.12,0.17,1.12,0.32,1.8,1.64,0.19,1.64,0.7,0.4,0.14,0.06,0.14,0.34,1.4,1.01,0.04,1.01,0.98,1.8,1.71,0.06,1.71,0.14,2.25,1.96,2.25,2.25,0.36,0.25,1.44,1.44,3.24,0.16,1.96,3.24,1.7161000000000002,1.9881,2.0449,2.0449,0.0169,0.0225,0.8649000000000001,1.2544000000000002,2.6895999999999995,0.0196,1.0201,2.9241,0.01,0.0484,0.0784,0.0729,0.1763999999999999,0.1936,0.6400000000000001,0.1024,0.4899999999999999,0.1156,0.9604,0.0196,0.0001,0.0196,0.0049,0.01,0.0841,0.01,0.0121,0.0289,0.0361,0.0036,0.0016,0.0036
11.317999999999975,215.1333333333325,1.972666666666776,185.16533333333268,-5.909333333333275,-109.15266666666614,36.3733333333335,-1.27646666666638,-8.148466666666533,29.845199999999764,-12.636533333333746,24.40480000000006,-11.98993333333334,94.44260000000007,-69.23713333333333,117.18300000000006,1.5,1.31,0.01,1.31,0.1,1.4,1.41,0.14,1.41,0.22,1.5,1.43,0.07,1.43,0.28,1.5,1.43,0.1,1.43,0.27,0.6,0.13,0.29,0.13,0.42,0.5,0.15,0.1,0.15,0.44,1.2,0.93,0.11,0.93,0.8,1.2,1.12,0.17,1.12,0.32,1.8,1.64,0.19,1.64,0.7,0.4,0.14,0.06,0.14,0.34,1.4,1.01,0.04,1.01,0.98,1.8,1.71,0.06,1.71,0.14,2.25,1.96,2.25,2.25,0.36,0.25,1.44,1.44,3.24,0.16,1.96,3.24,1.7161000000000002,1.9881,2.0449,2.0449,0.0169,0.0225,0.8649000000000001,1.2544000000000002,2.6895999999999995,0.0196,1.0201,2.9241,0.01,0.0484,0.0784,0.0729,0.1763999999999999,0.1936,0.6400000000000001,0.1024,0.4899999999999999,0.1156,0.9604,0.0196,0.0001,0.0196,0.0049,0.01,0.0841,0.01,0.0121,0.0289,0.0361,0.0036,0.0016,0.0036
11.367999999999974,216.77419354838625,1.7670967741936499,186.469354838709,-6.00096774193545,-110.15451612903176,36.5096774193545,-2.2827096774185796,-8.60387096774159,30.179129032257965,-11.692290322581211,24.188612903225977,-12.278741935483549,94.32003225806457,-69.35180645161279,117.14277419354836,1.5,1.31,0.01,1.31,0.1,1.4,1.41,0.14,1.41,0.22,1.5,1.43,0.07,1.43,0.28,1.5,1.43,0.1,1.43,0.27,0.6,0.13,0.29,0.13,0.42,0.5,0.15,0.1,0.15,0.44,1.2,0.93,0.11,0.93,0.8,1.2,1.12,0.17,1.12,0.32,1.8,1.64,0.19,1.64,0.7,0.4,0.14,0.06,0.14,0.34,1.4,1.01,0.04,1.01,0.98,1.8,1.71,0.06,1.71,0.14,2.25,1.96,2.25,2.25,0.36,0.25,1.44,1.44,3.24,0.16,1.96,3.24,1.7161000000000002,1.9881,2.0449,2.0449,0.0169,0.0225,0.8649000000000001,1.2544000000000002,2.6895999999999995,0.0196,1.0201,2.9241,0.01,0.0484,0.0784,0.0729,0.1763999999999999,0.1936,0.6400000000000001,0.1024,0.4899999999999999,0.1156,0.9604,0.0196,0.0001,0.0196,0.0049,0.01,0.0841,0.01,0.0121,0.0289,0.0361,0.0036,0.0016,0.0036
11.417999999999974,218.40624999999923,1.5934375000000702,187.78906249999937,-6.058124999999984,-111.12562499999954,36.59687500000039,-3.950156249999181,-9.493249999999446,30.33015624999993,-10.53625000000057,23.819343750000183,-12.299625000000546,94.38903124999983,-69.72868749999975,117.43790624999968,1.5,1.31,0.01,1.31,0.1,1.4,1.41,0.14,1.41,0.22,1.5,1.43,0.07,1.43,0.28,1.5,1.43,0.1,1.43,0.27,0.6,0.13,0.29,0.13,0.42,0.5,0.15,0.1,0.15,0.44,1.2,0.93,0.11,0.93,0.8,1.2,1.12,0.17,1.12,0.32,1.8,1.64,0.19,1.64,0.7,0.4,0.14,0.06,0.14,0.34,1.4,1.01,0.04,1.01,0.98,1.8,1.71,0.06,1.71,0.14,2.25,1.96,2.25,2.25,0.36,0.25,1.44,1.44,3.24,0.16,1.96,3.24,1.7161000000000002,1.9881,2.0449,2.0449,0.0169,0.0225,0.8649000000000001,1.2544000000000002,2.6895999999999995,0.0196,1.0201,2.9241,0.01,0.0484,0.0784,0.0729,0.1763999999999999,0.1936,0.6400000000000001,0.1024,0.4899999999999999,0.1156,0.9604,0.0196,0.0001,0.0196,0.0049,0.01,0.0841,0.01,0.0121,0.0289,0.0361,0.0036,0.0016,0.0036
11.467999999999975,220.0322580645153,1.4364516129033158,189.1061290322574,-6.111612903225766,-112.07903225806403,35.15161290322704,-5.966548387095516,-10.641516129031686,29.4868064516141,-9.361967741936068,22.683096774194713,-11.169870967742497,94.91729032258026,-70.36554838709637,118.27858064516072,1.5,1.31,0.01,1.31,0.1,1.4,1.41,0.14,1.41,0.22,1.5,1.43,0.07,1.43,0.28,1.5,1.43,0.1,1.43,0.27,0.6,0.13,0.29,0.13,0.42,0.5,0.15,0.1,0.15,0.44,1.2,0.93,0.11,0.93,0.8,1.2,1.12,0.17,1.12,0.32,1.8,1.64,0.19,1.64,0.7,0.4,0.14,0.06,0.14,0.34,1.4,1.01,0.04,1.01,0.98,1.8,1.71,0.06,1.71,0.14,2.25,1.96,2.25,2.25,0.36,0.25,1.44,1.44,3.24,0.16,1.96,3.24,1.7161000000000002,1.9881,2.0449,2.0449,0.0169,0.0225,0.8649000000000001,1.2544000000000002,2.6895999999999995,0.0196,1.0201,2.9241,0.01,0.0484,0.0784,0.0729,0.1763999999999999,0.1936,0.6400000000000001,0.1024,0.4899999999999999,0.1156,0.9604,0.0196,0.0001,0.0196,0.0049,0.01,0.0841,0.01,0.0121,0.0289,0.0361,0.0036,0.0016,0.0036
11.517999999999974,221.64516129032177,1.2590322580646072,190.40612903225738,-6.18580645161287,-113.03709677419306,32.732258064517374,-8.444612903224535,-11.766677419354261,27.126483870968954,-8.21100000000059,20.387290322581826,-10.062774193548957,95.6818064516125,-71.14296774193508,119.4095483870962,1.5,1.31,0.01,1.31,0.1,1.4,1.41,0.14,1.41,0.22,1.5,1.43,0.07,1.43,0.28,1.5,1.43,0.1,1.43,0.27,0.6,0.13,0.29,0.13,0.42,0.5,0.15,0.1,0.15,0.44,1.2,0.93,0.11,0.93,0.8,1.2,1.12,0.17,1.12,0.32,1.8,1.64,0.19,1.64,0.7,0.4,0.14,0.06,0.14,0.34,1.4,1.01,0.04,1.01,0.98,1.8,1.71,0.06,1.71,0.14,2.25,1.96,2.25,2.25,0.36,0.25,1.44,1.44,3.24,0.16,1.96,3.24,1.7161000000000002,1.9881,2.0449,2.0449,0.0169,0.0225,0.8649000000000001,1.2544000000000002,2.6895999999999995,0.0196,1.0201,2.9241,0.01,0.0484,0.0784,0.0729,0.1763999999999999,0.1936,0.6400000000000001,0.1024,0.4899999999999999,0.1156,0.9604,0.0196,0.0001,0.0196,0.0049,0.01,0.0841,0.01,0.0121,0.0289,0.0361,0.0036,0.0016,0.0036
11.567999999999973,223.2999999999991,1.0640000000001066,191.74299999999928,-6.277999999999946,-114.01999999999947,29.620000000002307,-10.786699999998916,-12.910299999999395,22.594500000004253,-7.040900000000619,17.316300000002265,-8.937000000000594,96.6634999999993,-71.85159999999969,120.67939999999923,1.5,1.31,0.01,1.31,0.1,1.4,1.41,0.14,1.41,0.22,1.5,1.43,0.07,1.43,0.28,1.5,1.43,0.1,1.43,0.27,0.6,0.13,0.29,0.13,0.42,0.5,0.15,0.1,0.15,0.44,1.2,0.93,0.11,0.93,0.8,1.2,1.12,0.17,1.12,0.32,1.8,1.64,0.19,1.64,0.7,0.4,0.14,0.06,0.14,0.34,1.4,1.01,0.04,1.01,0.98,1.8,1.71,0.06,1.71,0.14,2.25,1.96,2.25,2.25,0.36,0.25,1.44,1.44,3.24,0.16,1.96,3.24,1.7161000000000002,1.9881,2.0449,2.0449,0.0169,0.0225,0.8649000000000001,1.2544000000000002,2.6895999999999995,0.0196,1.0201,2.9241,0.01,0.0484,0.0784,0.0729,0.1763999999999999,0.1936,0.6400000000000001,0.1024,0.4899999999999999,0.1156,0.9604,0.0196,0.0001,0.0196,0.0049,0.01,0.0841,0.01,0.0121,0.0289,0.0361,0.0036,0.0016,0.0036
11.617999999999974,224.9666666666658,0.8640000000001045,193.0929999999993,-6.387666666666606,-115.01033333333282,25.28666666666893,-12.818366666665606,-14.045299999999408,14.617566666670832,-5.880200000000606,13.067000000002219,-7.81936666666725,97.97279999999931,-72.42159999999971,122.12993333333257,1.5,1.31,0.01,1.31,0.1,1.4,1.41,0.14,1.41,0.22,1.5,1.43,0.07,1.43,0.28,1.5,1.43,0.1,1.43,0.27,0.6,0.13,0.29,0.13,0.42,0.5,0.15,0.1,0.15,0.44,1.2,0.93,0.11,0.93,0.8,1.2,1.12,0.17,1.12,0.32,1.8,1.64,0.19,1.64,0.7,0.4,0.14,0.06,0.14,0.34,1.4,1.01,0.04,1.01,0.98,1.8,1.71,0.06,1.71,0.14,2.25,1.96,2.25,2.25,0.36,0.25,1.44,1.44,3.24,0.16,1.96,3.24,1.7161000000000002,1.9881,2.0449,2.0449,0.0169,0.0225,0.8649000000000001,1.2544000000000002,2.6895999999999995,0.0196,1.0201,2.9241,0.01,0.0484,0.0784,0.0729,0.1763999999999999,0.1936,0.6400000000000001,0.1024,0.4899999999999999,0.1156,0.9604,0.0196,0.0001,0.0196,0.0049,0.01,0.0841,0.01,0.0121,0.0289,0.0361,0.0036,0.0016,0.0036
11.667999999999974,226.6551724137922,0.6548275862070124,194.4506896551717,-6.499310344827532,-116.0165517241374,21.258620689657132,-13.99806896551735,-15.191896551723536,6.373827586211381,-4.706620689655789,8.995206896553679,-6.691310344828179,99.20562068965461,-72.72782758620697,123.34551724137889,1.5,1.31,0.01,1.31,0.1,1.4,1.41,0.14,1.41,0.22,1.5,1.43,0.07,1.43,0.28,1.5,1.43,0.1,1.43,0.27,0.6,0.13,0.29,0.13,0.42,0.5,0.15,0.1,0.15,0.44,1.2,0.93,0.11,0.93,0.8,1.2,1.12,0.17,1.12,0.32,1.8,1.64,0.19,1.64,0.7,0.4,0.14,0.06,0.14,0.34,1.4,1.01,0.04,1.01,0.98,1.8,1.71,0.06,1.71,0.14,2.25,1.96,2.25,2.25,0.36,0.25,1.44,1.44,3.24,0.16,1.96,3.24,1.7161000000000002,1.9881,2.0449,2.0449,0.0169,0.0225,0.8649000000000001,1.2544000000000002,2.6895999999999995,0.0196,1.0201,2.9241,0.01,0.0484,0.0784,0.0729,0.1763999999999999,0.1936,0.6400000000000001,0.1024,0.4899999999999999,0.1156,0.9604,0.0196,0.0001,0.0196,0.0049,0.01,0.0841,0.01,0.0121,0.0289,0.0361,0.0036,0.0016,0.0036
11.717999999999973,228.32258064516043,0.4316129032259373,195.79806451612833,-6.5503225806451875,-117.01677419354785,15.167741935489367,-13.763967741935616,-16.33054838709617,-0.7737096774167079,-3.5422903225812634,5.776419354840015,-5.570677419355435,99.27929032258147,-72.65687096774194,123.27529032258143,1.4,1.26,0.03,1.26,0.03,1.4,1.39,0.12,1.39,0.0,1.4,1.38,0.1,1.38,0.31,1.5,1.39,0.11,1.39,0.26,0.5,0.13,0.34,0.13,0.25,0.5,0.09,0.12,0.09,0.44,1.2,0.92,0.07,0.92,0.76,1.2,1.1,0.12,1.1,0.33,1.9,1.67,0.1,1.67,0.79,0.5,0.18,0.03,0.18,0.35,1.5,1.04,0.1,1.04,1.05,1.8,1.76,0.03,1.76,0.2,1.96,1.96,1.96,2.25,0.25,0.25,1.44,1.44,3.61,0.25,2.25,3.24,1.5876,1.9321,1.9044,1.9321,0.0169,0.0081,0.8464,1.2100000000000002,2.7889,0.0324,1.0816,3.0976,0.0009,0.0,0.0961,0.0676,0.0625,0.1936,0.5776,0.1089,0.6241000000000001,0.1224999999999999,1.1025,0.04,0.0009,0.0144,0.01,0.0121,0.1156,0.0144,0.0049,0.0144,0.01,0.0009,0.01,0.0009
11.767999999999972,229.99999999999903,0.180000000000147,197.1499999999992,-6.54999999999998,-118.03999999999941,7.5000000000033324,-16.592999999997126,-19.05599999999779,-3.5619999999992813,-4.100999999998981,2.985000000001742,-4.179000000000911,96.13400000000244,-72.29700000000035,120.34300000000228,1.4,1.26,0.03,1.26,0.03,1.4,1.39,0.12,1.39,0.0,1.4,1.38,0.1,1.38,0.31,1.5,1.39,0.11,1.39,0.26,0.5,0.13,0.34,0.13,0.25,0.5,0.09,0.12,0.09,0.44,1.2,0.92,0.07,0.92,0.76,1.2,1.1,0.12,1.1,0.33,1.9,1.67,0.1,1.67,0.79,0.5,0.18,0.03,0.18,0.35,1.5,1.04,0.1,1.04,1.05,1.8,1.76,0.03,1.76,0.2,1.96,1.96,1.96,2.25,0.25,0.25,1.44,1.44,3.61,0.25,2.25,3.24,1.5876,1.9321,1.9044,1.9321,0.0169,0.0081,0.8464,1.2100000000000002,2.7889,0.0324,1.0816,3.0976,0.0009,0.0,0.0961,0.0676,0.0625,0.1936,0.5776,0.1089,0.6241000000000001,0.1224999999999999,1.1025,0.04,0.0009,0.0144,0.01,0.0121,0.1156,0.0144,0.0049,0.0144,0.01,0.0009,0.01,0.0009
11.817999999999973,231.74074074073977,0.01296296296301206,198.41925925925867,-6.61962962962959,-118.99296296296248,4.266666666668434,-22.02314814814697,-24.15340740740472,-3.2065925925924432,-7.3436296296279195,0.22296296296407248,-2.422481481482407,93.05918518518489,-68.35248148148597,115.53755555555792,1.4,1.26,0.03,1.26,0.03,1.4,1.39,0.12,1.39,0.0,1.4,1.38,0.1,1.38,0.31,1.5,1.39,0.11,1.39,0.26,0.5,0.13,0.34,0.13,0.25,0.5,0.09,0.12,0.09,0.44,1.2,0.92,0.07,0.92,0.76,1.2,1.1,0.12,1.1,0.33,1.9,1.67,0.1,1.67,0.79,0.5,0.18,0.03,0.18,0.35,1.5,1.04,0.1,1.04,1.05,1.8,1.76,0.03,1.76,0.2,1.96,1.96,1.96,2.25,0.25,0.25,1.44,1.44,3.61,0.25,2.25,3.24,1.5876,1.9321,1.9044,1.9321,0.0169,0.0081,0.8464,1.2100000000000002,2.7889,0.0324,1.0816,3.0976,0.0009,0.0,0.0961,0.0676,0.0625,0.1936,0.5776,0.1089,0.6241000000000001,0.1224999999999999,1.1025,0.04,0.0009,0.0144,0.01,0.0121,0.1156,0.0144,0.0049,0.0144,0.01,0.0009,0.01,0.0009
