Time,Position,Height above ground [m],X [m],Y [m],Z [m],Opening Angle [°],Stalling Angle Left [°],Stalling Angle Right [°],Roll Angle Left [°],Roll Angle Right [°],Yaw Angle Left [°],Yaw Angle Right [°],Speed hor. [km/h],Speed vert. [km/h],Speed resulting [km/h],W1_Speed,W1_Tangent,W1_Turbulence,W1_CleanTan,W1_Cross,W2_Speed,W2_Tangent,W2_Turbulence,W2_CleanTan,W2_Cross,W3_Speed,W3_Tangent,W3_Turbulence,W3_CleanTan,W3_Cross,W4_Speed,W4_Tangent,W4_Turbulence,W4_CleanTan,W4_Cross,W5_Speed,W5_Tangent,W5_Turbulence,W5_CleanTan,W5_Cross,W6_Speed,W6_Tangent,W6_Turbulence,W6_CleanTan,W6_Cross,W7_Speed,W7_Tangent,W7_Turbulence,W7_CleanTan,W7_Cross,W8_Speed,W8_Tangent,W8_Turbulence,W8_CleanTan,W8_Cross,W9_Speed,W9_Tangent,W9_Turbulence,W9_CleanTan,W9_Cross,W10_Speed,W10_Tangent,W10_Turbulence,W10_CleanTan,W10_Cross,W11_Speed,W11_Tangent,W11_Turbulence,W11_CleanTan,W11_Cross,W12_Speed,W12_Tangent,W12_Turbulence,W12_CleanTan,W12_Cross,W1_Speed_quad,W2_Speed_quad,W3_Speed_quad,W4_Speed_quad,W5_Speed_quad,W6_Speed_quad,W7_Speed_quad,W8_Speed_quad,W9_Speed_quad,W10_Speed_quad,W11_Speed_quad,W12_Speed_quad,W1_Tangent_quad,W2_Tangent_quad,W3_Tangent_quad,W4_Tangent_quad,W5_Tangent_quad,W6_Tangent_quad,W7_Tangent_quad,W8_Tangent_quad,W9_Tangent_quad,W10_Tangent_quad,W11_Tangent_quad,W12_Tangent_quad,W1_Cross_quad,W2_Cross_quad,W3_Cross_quad,W4_Cross_quad,W5_Cross_quad,W6_Cross_quad,W7_Cross_quad,W8_Cross_quad,W9_Cross_quad,W10_Cross_quad,W11_Cross_quad,W12_Cross_quad,W1_Turbulence_quad,W2_Turbulence_quad,W3_Turbulence_quad,W4_Turbulence_quad,W5_Turbulence_quad,W6_Turbulence_quad,W7_Turbulence_quad,W8_Turbulence_quad,W9_Turbulence_quad,W10_Turbulence_quad,W11_Turbulence_quad,W12_Turbulence_quad
4.312,1.0,2.92,1.34,0.01,-0.17,3.5,-8.09,-8.469,-4.545,-2.901,2.224,-1.304,96.978,-9.21,97.418,1.2,-0.03,0.26,-0.03,1.03,0.7,-0.71,0.26,-0.71,0.04,1.1,0.53,0.1,0.53,0.94,1.3,0.29,0.3,0.29,1.28,1.1,0.08,0.03,0.08,1.12,0.4,-0.3,0.09,-0.3,0.05,1.9,-0.02,0.29,-0.02,1.75,0.9,0.1,0.01,0.1,0.9,1.4,-0.96,0.04,-0.96,1.02,1.2,-1.05,0.11,-1.05,0.52,0.6,0.43,0.09,0.43,0.39,1.2,-0.99,0.01,-0.99,0.7,1.44,0.4899999999999999,1.2100000000000002,1.6900000000000002,1.2100000000000002,0.16,3.61,0.81,1.96,1.44,0.36,1.44,0.0009,0.5041,0.2809,0.0841,0.0064,0.09,0.0004,0.01,0.9216,1.1025,0.1848999999999999,0.9801,1.0609,0.0016,0.8835999999999999,1.6384,1.2544000000000002,0.0025,3.0625,0.81,1.0404,0.2704,0.1521,0.4899999999999999,0.0676,0.0676,0.01,0.09,0.0009,0.0081,0.0841,0.0001,0.0016,0.0121,0.0081,0.0001
4.362,2.2820512820512873,2.966923076923077,2.683333333333339,0.022820512820512874,-0.30820512820512874,6.758974358974377,-1.9170769230768885,-3.8415128205127935,-1.320487179487189,-5.7944358974358865,4.1893846153846255,-2.551871794871803,97.95453846153846,-9.490846153846164,98.42158974358973,1.2,-0.03,0.26,-0.03,1.03,0.7,-0.71,0.26,-0.71,0.04,1.1,0.53,0.1,0.53,0.94,1.3,0.29,0.3,0.29,1.28,1.1,0.08,0.03,0.08,1.12,0.4,-0.3,0.09,-0.3,0.05,1.9,-0.02,0.29,-0.02,1.75,0.9,0.1,0.01,0.1,0.9,1.4,-0.96,0.04,-0.96,1.02,1.2,-1.05,0.11,-1.05,0.52,0.6,0.43,0.09,0.43,0.39,1.2,-0.99,0.01,-0.99,0.7,1.44,0.4899999999999999,1.2100000000000002,1.6900000000000002,1.2100000000000002,0.16,3.61,0.81,1.96,1.44,0.36,1.44,0.0009,0.5041,0.2809,0.0841,0.0064,0.09,0.0004,0.01,0.9216,1.1025,0.1848999999999999,0.9801,1.0609,0.0016,0.8835999999999999,1.6384,1.2544000000000002,0.0025,3.0625,0.81,1.0404,0.2704,0.1521,0.4899999999999999,0.0676,0.0676,0.01,0.09,0.0009,0.0081,0.0841,0.0001,0.0016,0.0121,0.0081,0.0001
4.412,3.578947368421055,3.0389473684210526,4.032105263157897,0.03578947368421055,-0.45526315789473715,11.631578947368432,5.521894736842118,1.838631578947377,-3.6207894736842148,-3.7387368421052605,6.89231578947369,-4.808736842105269,96.90336842105263,-11.365315789473687,97.5738947368421,1.2,-0.03,0.26,-0.03,1.03,0.7,-0.71,0.26,-0.71,0.04,1.1,0.53,0.1,0.53,0.94,1.3,0.29,0.3,0.29,1.28,1.1,0.08,0.03,0.08,1.12,0.4,-0.3,0.09,-0.3,0.05,1.9,-0.02,0.29,-0.02,1.75,0.9,0.1,0.01,0.1,0.9,1.4,-0.96,0.04,-0.96,1.02,1.2,-1.05,0.11,-1.05,0.52,0.6,0.43,0.09,0.43,0.39,1.2,-0.99,0.01,-0.99,0.7,1.44,0.4899999999999999,1.2100000000000002,1.6900000000000002,1.2100000000000002,0.16,3.61,0.81,1.96,1.44,0.36,1.44,0.0009,0.5041,0.2809,0.0841,0.0064,0.09,0.0004,0.01,0.9216,1.1025,0.1848999999999999,0.9801,1.0609,0.0016,0.8835999999999999,1.6384,1.2544000000000002,0.0025,3.0625,0.81,1.0404,0.2704,0.1521,0.4899999999999999,0.0676,0.0676,0.01,0.09,0.0009,0.0081,0.0841,0.0001,0.0016,0.0121,0.0081,0.0001
4.462,4.894736842105252,3.1047368421052624,5.3915789473684095,0.048947368421052524,-0.6352631578947353,17.33684210526311,11.155894736842061,5.882052631578915,-5.853526315789455,-2.7576315789473753,9.999578947368395,-7.604947368421028,97.34642105263157,-12.642526315789464,98.16884210526315,1.2,-0.03,0.26,-0.03,1.03,0.7,-0.71,0.26,-0.71,0.04,1.1,0.53,0.1,0.53,0.94,1.3,0.29,0.3,0.29,1.28,1.1,0.08,0.03,0.08,1.12,0.4,-0.3,0.09,-0.3,0.05,1.9,-0.02,0.29,-0.02,1.75,0.9,0.1,0.01,0.1,0.9,1.4,-0.96,0.04,-0.96,1.02,1.2,-1.05,0.11,-1.05,0.52,0.6,0.43,0.09,0.43,0.39,1.2,-0.99,0.01,-0.99,0.7,1.44,0.4899999999999999,1.2100000000000002,1.6900000000000002,1.2100000000000002,0.16,3.61,0.81,1.96,1.44,0.36,1.44,0.0009,0.5041,0.2809,0.0841,0.0064,0.09,0.0004,0.01,0.9216,1.1025,0.1848999999999999,0.9801,1.0609,0.0016,0.8835999999999999,1.6384,1.2544000000000002,0.0025,3.0625,0.81,1.0404,0.2704,0.1521,0.4899999999999999,0.0676,0.0676,0.01,0.09,0.0009,0.0081,0.0841,0.0001,0.0016,0.0121,0.0081,0.0001
4.512,6.210526315789473,3.1926315789473687,6.756842105263157,0.05421052631578945,-0.8236842105263156,23.18947368421052,15.81052631578947,9.123421052631578,-5.939578947368427,-2.9907894736842078,13.26394736842105,-10.489684210526313,97.82463157894736,-14.49515789473684,98.9038947368421,1.3,-0.01,0.38,-0.01,1.18,0.7,-0.74,0.25,-0.74,0.05,1.2,0.59,0.12,0.59,0.93,1.5,0.35,0.41,0.35,1.41,1.1,0.05,0.05,0.05,1.11,0.5,-0.35,0.06,-0.35,0.09,2.0,0.05,0.34,0.05,1.84,0.9,0.11,0.01,0.11,0.92,1.4,-0.9,0.1,-0.9,1.01,1.2,-1.09,0.13,-1.09,0.51,0.5,0.28,0.14,0.28,0.37,1.2,-0.99,0.02,-0.99,0.62,1.6900000000000002,0.4899999999999999,1.44,2.25,1.2100000000000002,0.25,4.0,0.81,1.96,1.44,0.25,1.44,0.0001,0.5476,0.3480999999999999,0.1224999999999999,0.0025,0.1224999999999999,0.0025,0.0121,0.81,1.1881000000000002,0.0784,0.9801,1.3924,0.0025,0.8649000000000001,1.9881,1.2321000000000002,0.0081,3.3856,0.8464,1.0201,0.2601,0.1369,0.3844,0.1444,0.0625,0.0144,0.1680999999999999,0.0025,0.0036,0.1156,0.0001,0.01,0.0169,0.0196,0.0004
4.561999999999999,7.52631578947367,3.27157894736842,8.11210526315788,0.0752631578947367,-1.0447368421052605,29.32105263157888,17.254736842105267,9.954736842105268,0.23357894736834872,-5.652368421052612,16.787894736842066,-13.3833684210526,97.8048947368421,-17.02305263157894,99.28284210526316,1.3,-0.01,0.38,-0.01,1.18,0.7,-0.74,0.25,-0.74,0.05,1.2,0.59,0.12,0.59,0.93,1.5,0.35,0.41,0.35,1.41,1.1,0.05,0.05,0.05,1.11,0.5,-0.35,0.06,-0.35,0.09,2.0,0.05,0.34,0.05,1.84,0.9,0.11,0.01,0.11,0.92,1.4,-0.9,0.1,-0.9,1.01,1.2,-1.09,0.13,-1.09,0.51,0.5,0.28,0.14,0.28,0.37,1.2,-0.99,0.02,-0.99,0.62,1.6900000000000002,0.4899999999999999,1.44,2.25,1.2100000000000002,0.25,4.0,0.81,1.96,1.44,0.25,1.44,0.0001,0.5476,0.3480999999999999,0.1224999999999999,0.0025,0.1224999999999999,0.0025,0.0121,0.81,1.1881000000000002,0.0784,0.9801,1.3924,0.0025,0.8649000000000001,1.9881,1.2321000000000002,0.0081,3.3856,0.8464,1.0201,0.2601,0.1369,0.3844,0.1444,0.0625,0.0144,0.1680999999999999,0.0025,0.0036,0.1156,0.0001,0.01,0.0169,0.0196,0.0004
4.611999999999999,8.842105263157867,3.3589473684210507,9.458947368421024,0.08842105263157866,-1.2899999999999947,34.53157894736832,16.8742105263158,9.702736842105267,5.967789473684096,-8.02821052631573,19.844684210526253,-15.710263157894692,97.92142105263157,-17.979999999999976,99.56552631578947,1.3,-0.01,0.38,-0.01,1.18,0.7,-0.74,0.25,-0.74,0.05,1.2,0.59,0.12,0.59,0.93,1.5,0.35,0.41,0.35,1.41,1.1,0.05,0.05,0.05,1.11,0.5,-0.35,0.06,-0.35,0.09,2.0,0.05,0.34,0.05,1.84,0.9,0.11,0.01,0.11,0.92,1.4,-0.9,0.1,-0.9,1.01,1.2,-1.09,0.13,-1.09,0.51,0.5,0.28,0.14,0.28,0.37,1.2,-0.99,0.02,-0.99,0.62,1.6900000000000002,0.4899999999999999,1.44,2.25,1.2100000000000002,0.25,4.0,0.81,1.96,1.44,0.25,1.44,0.0001,0.5476,0.3480999999999999,0.1224999999999999,0.0025,0.1224999999999999,0.0025,0.0121,0.81,1.1881000000000002,0.0784,0.9801,1.3924,0.0025,0.8649000000000001,1.9881,1.2321000000000002,0.0081,3.3856,0.8464,1.0201,0.2601,0.1369,0.3844,0.1444,0.0625,0.0144,0.1680999999999999,0.0025,0.0036,0.1156,0.0001,0.01,0.0169,0.0196,0.0004
4.661999999999999,10.184210526315761,3.4428947368421032,10.837894736842076,0.10368421052631521,-1.5486842105263097,37.207894736842114,16.824605263157903,9.908157894736847,10.72089473684198,-11.382184210526281,21.568921052631588,-16.710947368421063,98.18992105263158,-19.7396842105263,100.16157894736843,1.3,-0.01,0.38,-0.01,1.18,0.7,-0.74,0.25,-0.74,0.05,1.2,0.59,0.12,0.59,0.93,1.5,0.35,0.41,0.35,1.41,1.1,0.05,0.05,0.05,1.11,0.5,-0.35,0.06,-0.35,0.09,2.0,0.05,0.34,0.05,1.84,0.9,0.11,0.01,0.11,0.92,1.4,-0.9,0.1,-0.9,1.01,1.2,-1.09,0.13,-1.09,0.51,0.5,0.28,0.14,0.28,0.37,1.2,-0.99,0.02,-0.99,0.62,1.6900000000000002,0.4899999999999999,1.44,2.25,1.2100000000000002,0.25,4.0,0.81,1.96,1.44,0.25,1.44,0.0001,0.5476,0.3480999999999999,0.1224999999999999,0.0025,0.1224999999999999,0.0025,0.0121,0.81,1.1881000000000002,0.0784,0.9801,1.3924,0.0025,0.8649000000000001,1.9881,1.2321000000000002,0.0081,3.3856,0.8464,1.0201,0.2601,0.1369,0.3844,0.1444,0.0625,0.0144,0.1680999999999999,0.0025,0.0036,0.1156,0.0001,0.01,0.0169,0.0196,0.0004
4.711999999999999,11.513513513513482,3.5410810810810784,12.188648648648616,0.12513513513513483,-1.827837837837831,36.49189189189191,16.40270270270271,9.642810810810817,16.420432432432296,-12.949432432432394,21.22197297297298,-16.278108108108118,97.8934864864865,-20.524486486486467,100.03018918918919,1.3,-0.10756756756756153,0.38,-0.10756756756756153,1.1748648648648652,0.9054054054053927,-0.8837837837837749,0.1318918918918992,-0.8837837837837749,0.08594594594594372,1.2,0.6208108108108089,0.13027027027026963,0.6208108108108089,0.9145945945945956,1.5513513513513482,0.39108108108107853,0.42540540540540445,0.39108108108107853,1.4408108108108089,1.1,0.039729729729730365,0.06027027027026964,0.039729729729730365,1.0997297297297304,0.5513513513513482,-0.37054054054053925,0.11135135135134817,-0.37054054054053925,0.1208108108108089,2.0513513513513484,0.029459459459460734,0.35027027027026963,0.029459459459460734,1.8708108108108088,0.9,0.11,0.020270270270269633,0.11,0.9302702702702697,1.4,-0.8845945945945956,0.09486486486486519,-0.8845945945945956,1.040810810810809,1.2,-1.1002702702702698,0.14027027027026964,-1.1002702702702698,0.5254054054054045,0.5513513513513482,0.19270270270270812,0.1091891891891911,0.19270270270270812,0.38027027027026966,1.2,-1.0054054054054045,0.014864864864865183,-1.0054054054054045,0.5737837837837867,1.6900000000000002,0.8597297297297068,1.44,2.4091891891891795,1.2100000000000002,0.30648648648648297,4.210540540540528,0.81,1.96,1.44,0.30648648648648297,1.44,0.02058918918918792,0.8006594594594438,0.386305405405403,0.15454324324324115,0.0016783783783784292,0.13769999999999902,0.0012675675675676438,0.0121,0.7827324324324342,1.2106945945945933,0.04435405405405616,1.011064864864863,1.380332432432433,0.008610810810810433,0.8367081081081099,2.0768351351351297,1.209505405405407,0.015494594594594137,3.5008324324324254,0.8655027027027015,1.0841864864864825,0.2762756756756747,0.1447054054054049,0.33125135135135464,0.1444,0.030610810810812787,0.017070270270270103,0.18119459459459372,0.0037324324324323564,0.014897297297296597,0.12278918918918874,0.0005108108108107854,0.009024324324324385,0.019775675675675498,0.01282162162162204,0.0002459459459459555
4.761999999999999,12.842105263157864,3.655789473684208,13.53894736842102,0.14684210526315725,-2.11526315789473,35.77894736842107,15.981052631578956,9.377578947368427,22.116105263157756,-14.514999999999963,20.875210526315797,-15.845473684210537,97.59721052631579,-21.309684210526296,99.90552631578949,1.3,-0.2,0.38,-0.2,1.17,1.1,-1.02,0.02,-1.02,0.12,1.2,0.65,0.14,0.65,0.9,1.6,0.43,0.44,0.43,1.47,1.1,0.03,0.07,0.03,1.09,0.6,-0.39,0.16,-0.39,0.15,2.1,0.01,0.36,0.01,1.9,0.9,0.11,0.03,0.11,0.94,1.4,-0.87,0.09,-0.87,1.07,1.2,-1.11,0.15,-1.11,0.54,0.6,0.11,0.08,0.11,0.39,1.2,-1.02,0.01,-1.02,0.53,1.6900000000000002,1.2100000000000002,1.44,2.5600000000000005,1.2100000000000002,0.36,4.41,0.81,1.96,1.44,0.36,1.44,0.04,1.0404,0.4225,0.1848999999999999,0.0009,0.1521,0.0001,0.0121,0.7569,1.2321000000000002,0.0121,1.0404,1.3688999999999998,0.0144,0.81,2.1609,1.1881000000000002,0.0225,3.61,0.8835999999999999,1.1449,0.2916,0.1521,0.2809,0.1444,0.0004,0.0196,0.1936,0.0049,0.0256,0.1296,0.0009,0.0081,0.0225,0.0064,0.0001
4.8119999999999985,14.184210526315756,3.7765789473684177,14.906052631578914,0.16368421052631513,-2.402368421052624,34.76052631578952,15.407342105263181,8.958605263157915,26.942789473684154,-15.76313157894736,20.319000000000027,-15.291710526315812,97.35978947368422,-22.35089473684206,99.90394736842104,1.3,-0.2,0.38,-0.2,1.17,1.1,-1.02,0.02,-1.02,0.12,1.2,0.65,0.14,0.65,0.9,1.6,0.43,0.44,0.43,1.47,1.1,0.03,0.07,0.03,1.09,0.6,-0.39,0.16,-0.39,0.15,2.1,0.01,0.36,0.01,1.9,0.9,0.11,0.03,0.11,0.94,1.4,-0.87,0.09,-0.87,1.07,1.2,-1.11,0.15,-1.11,0.54,0.6,0.11,0.08,0.11,0.39,1.2,-1.02,0.01,-1.02,0.53,1.6900000000000002,1.2100000000000002,1.44,2.5600000000000005,1.2100000000000002,0.36,4.41,0.81,1.96,1.44,0.36,1.44,0.04,1.0404,0.4225,0.1848999999999999,0.0009,0.1521,0.0001,0.0121,0.7569,1.2321000000000002,0.0121,1.0404,1.3688999999999998,0.0144,0.81,2.1609,1.1881000000000002,0.0225,3.61,0.8835999999999999,1.1449,0.2916,0.1521,0.2809,0.1444,0.0004,0.0196,0.1936,0.0049,0.0256,0.1296,0.0009,0.0081,0.0225,0.0064,0.0001
4.861999999999998,15.51351351351347,3.8962162162162124,16.248648648648604,0.1851351351351347,-2.7183783783783673,33.23783783783788,14.338054054054094,7.837324324324376,29.171189189189118,-15.478243243243284,19.292945945945974,-14.560270270270287,97.31591891891892,-23.9032432432432,100.21956756756755,1.3,-0.2,0.38,-0.2,1.17,1.1,-1.02,0.02,-1.02,0.12,1.2,0.65,0.14,0.65,0.9,1.6,0.43,0.44,0.43,1.47,1.1,0.03,0.07,0.03,1.09,0.6,-0.39,0.16,-0.39,0.15,2.1,0.01,0.36,0.01,1.9,0.9,0.11,0.03,0.11,0.94,1.4,-0.87,0.09,-0.87,1.07,1.2,-1.11,0.15,-1.11,0.54,0.6,0.11,0.08,0.11,0.39,1.2,-1.02,0.01,-1.02,0.53,1.6900000000000002,1.2100000000000002,1.44,2.5600000000000005,1.2100000000000002,0.36,4.41,0.81,1.96,1.44,0.36,1.44,0.04,1.0404,0.4225,0.1848999999999999,0.0009,0.1521,0.0001,0.0121,0.7569,1.2321000000000002,0.0121,1.0404,1.3688999999999998,0.0144,0.81,2.1609,1.1881000000000002,0.0225,3.61,0.8835999999999999,1.1449,0.2916,0.1521,0.2809,0.1444,0.0004,0.0196,0.1936,0.0049,0.0256,0.1296,0.0009,0.0081,0.0225,0.0064,0.0001
4.911999999999998,16.86486486486482,4.009189189189185,17.60486486486482,0.20729729729729637,-3.064864864864853,32.10810810810814,13.265567567567599,6.301054054054104,30.706864864864826,-14.246675675675716,18.49132432432435,-14.090054054054068,97.27840540540541,-25.1592432432432,100.48913513513513,1.3,-0.2,0.38,-0.2,1.17,1.1,-1.02,0.02,-1.02,0.12,1.2,0.65,0.14,0.65,0.9,1.6,0.43,0.44,0.43,1.47,1.1,0.03,0.07,0.03,1.09,0.6,-0.39,0.16,-0.39,0.15,2.1,0.01,0.36,0.01,1.9,0.9,0.11,0.03,0.11,0.94,1.4,-0.87,0.09,-0.87,1.07,1.2,-1.11,0.15,-1.11,0.54,0.6,0.11,0.08,0.11,0.39,1.2,-1.02,0.01,-1.02,0.53,1.6900000000000002,1.2100000000000002,1.44,2.5600000000000005,1.2100000000000002,0.36,4.41,0.81,1.96,1.44,0.36,1.44,0.04,1.0404,0.4225,0.1848999999999999,0.0009,0.1521,0.0001,0.0121,0.7569,1.2321000000000002,0.0121,1.0404,1.3688999999999998,0.0144,0.81,2.1609,1.1881000000000002,0.0225,3.61,0.8835999999999999,1.1449,0.2916,0.1521,0.2809,0.1444,0.0004,0.0196,0.1936,0.0049,0.0256,0.1296,0.0009,0.0081,0.0225,0.0064,0.0001
4.961999999999998,18.216216216216168,4.109459459459455,18.954054054054005,0.2221621621621617,-3.428378378378366,31.14864864864868,12.586864864864888,5.070783783783826,30.881594594594592,-13.39770270270273,17.858756756756776,-13.663891891891906,97.17083783783784,-26.35227027027023,100.68964864864864,1.3,-0.2,0.38,-0.2,1.17,1.1,-1.02,0.02,-1.02,0.12,1.2,0.65,0.14,0.65,0.9,1.6,0.42135135135135326,0.4356756756756766,0.42135135135135326,1.476486486486485,1.1,0.03,0.07,0.03,1.09,0.6216216216216168,-0.40081081081080844,0.17729729729729352,-0.40081081081080844,0.15864864864864675,2.121621621621617,0.020810810810808444,0.36864864864864677,0.020810810810808444,1.9151351351351318,0.9216216216216169,0.09486486486486818,0.03216216216216169,0.09486486486486818,0.9443243243243233,1.4,-0.87,0.09,-0.87,1.07,1.2,-1.11,0.15,-1.11,0.54,0.6,0.11,0.08,0.11,0.39,1.2,-1.0243243243243234,0.01,-1.0243243243243234,0.5235135135135149,1.6900000000000002,1.2100000000000002,1.44,2.5600000000000005,1.2100000000000002,0.3881081081081019,4.502972972972953,0.8510810810810722,1.96,1.44,0.36,1.44,0.04,1.0404,0.4225,0.1778081081081096,0.0009,0.16107297297297102,0.0008567567567565911,0.009829729729730226,0.7569,1.2321000000000002,0.0121,1.0493081081081062,1.3688999999999998,0.0144,0.81,2.1801648648648606,1.1881000000000002,0.025440540540539895,3.66857297297296,0.8918162162162143,1.1449,0.2916,0.1521,0.27421891891892036,0.1444,0.0004,0.0196,0.18988108108108187,0.0049,0.03251891891891741,0.13617297297297154,0.0010513513513513181,0.0081,0.0225,0.0064,0.0001
5.011999999999998,19.56756756756752,4.231081081081077,20.29756756756752,0.23567567567567518,-3.798918918918905,30.372972972972992,12.177810810810813,4.211108108108122,31.07835135135134,-12.824000000000009,17.39627027027028,-13.290432432432445,97.01305405405407,-27.4421351351351,100.82843243243244,1.3,-0.2,0.38,-0.2,1.17,1.1,-1.02,0.02,-1.02,0.12,1.2,0.65,0.14,0.65,0.9,1.6,0.39,0.42,0.39,1.5,1.1,0.03,0.07,0.03,1.09,0.7,-0.44,0.24,-0.44,0.19,2.2,0.06,0.4,0.06,1.97,1.0,0.04,0.04,0.04,0.96,1.4,-0.87,0.09,-0.87,1.07,1.2,-1.11,0.15,-1.11,0.54,0.6,0.11,0.08,0.11,0.39,1.2,-1.04,0.01,-1.04,0.5,1.6900000000000002,1.2100000000000002,1.44,2.5600000000000005,1.2100000000000002,0.4899999999999999,4.840000000000001,1.0,1.96,1.44,0.36,1.44,0.04,1.0404,0.4225,0.1521,0.0009,0.1936,0.0036,0.0016,0.7569,1.2321000000000002,0.0121,1.0816,1.3688999999999998,0.0144,0.81,2.25,1.1881000000000002,0.0361,3.8809,0.9216,1.1449,0.2916,0.1521,0.25,0.1444,0.0004,0.0196,0.1763999999999999,0.0049,0.0576,0.16,0.0016,0.0081,0.0225,0.0064,0.0001
5.061999999999998,20.918918918918845,4.343513513513507,21.639729729729655,0.24918918918918845,-4.177297297297277,30.108108108108116,12.260351351351343,4.085162162162162,31.276189189189186,-12.491297297297317,17.34924324324324,-13.103027027027036,96.81251351351352,-28.377378378378328,100.89362162162162,1.3,-0.2,0.38,-0.2,1.17,1.1,-1.02,0.02,-1.02,0.12,1.2,0.65,0.14,0.65,0.9,1.6,0.39,0.42,0.39,1.5,1.1,0.03,0.07,0.03,1.09,0.7,-0.44,0.24,-0.44,0.19,2.2,0.06,0.4,0.06,1.97,1.0,0.04,0.04,0.04,0.96,1.4,-0.87,0.09,-0.87,1.07,1.2,-1.11,0.15,-1.11,0.54,0.6,0.11,0.08,0.11,0.39,1.2,-1.04,0.01,-1.04,0.5,1.6900000000000002,1.2100000000000002,1.44,2.5600000000000005,1.2100000000000002,0.4899999999999999,4.840000000000001,1.0,1.96,1.44,0.36,1.44,0.04,1.0404,0.4225,0.1521,0.0009,0.1936,0.0036,0.0016,0.7569,1.2321000000000002,0.0121,1.0816,1.3688999999999998,0.0144,0.81,2.25,1.1881000000000002,0.0361,3.8809,0.9216,1.1449,0.2916,0.1521,0.25,0.1444,0.0004,0.0196,0.1763999999999999,0.0049,0.0576,0.16,0.0016,0.0081,0.0225,0.0064,0.0001
5.111999999999997,22.2777777777777,4.454999999999993,22.974999999999923,0.272777777777777,-4.58333333333331,30.48333333333331,12.617166666666634,4.413499999999961,31.29794444444439,-12.038111111111094,17.638666666666648,-13.186277777777763,96.66755555555557,-29.365055555555497,101.0375,1.3,-0.2,0.38,-0.2,1.17,1.1,-1.02,0.02,-1.02,0.12,1.2,0.65,0.14,0.65,0.9,1.6,0.39,0.42,0.39,1.5,1.1,0.03,0.07,0.03,1.09,0.7,-0.44,0.24,-0.44,0.19,2.2,0.06,0.4,0.06,1.97,1.0,0.04,0.04,0.04,0.96,1.4,-0.87,0.09,-0.87,1.07,1.2,-1.11,0.15,-1.11,0.54,0.6,0.11,0.08,0.11,0.39,1.2,-1.04,0.01,-1.04,0.5,1.6900000000000002,1.2100000000000002,1.44,2.5600000000000005,1.2100000000000002,0.4899999999999999,4.840000000000001,1.0,1.96,1.44,0.36,1.44,0.04,1.0404,0.4225,0.1521,0.0009,0.1936,0.0036,0.0016,0.7569,1.2321000000000002,0.0121,1.0816,1.3688999999999998,0.0144,0.81,2.25,1.1881000000000002,0.0361,3.8809,0.9216,1.1449,0.2916,0.1521,0.25,0.1444,0.0004,0.0196,0.1763999999999999,0.0049,0.0576,0.16,0.0016,0.0081,0.0225,0.0064,0.0001
5.161999999999997,23.648648648648578,4.571891891891886,24.32567567567561,0.2864864864864858,-5.001081081081059,31.154054054054004,13.054135135135121,4.99805405405403,31.438351351351393,-11.787675675675718,18.021513513513494,-13.564783783783756,96.49040540540541,-30.420378378378324,101.17837837837837,1.3,-0.2,0.38,-0.2,1.17,1.1,-1.02,0.02,-1.02,0.12,1.2,0.65,0.14,0.65,0.9,1.6,0.39,0.42,0.39,1.5,1.1,0.03,0.07,0.03,1.09,0.7,-0.44,0.24,-0.44,0.19,2.2,0.06,0.4,0.06,1.97,1.0,0.04,0.04,0.04,0.96,1.4,-0.87,0.09,-0.87,1.07,1.2,-1.11,0.15,-1.11,0.54,0.6,0.11,0.08,0.11,0.39,1.2,-1.04,0.01,-1.04,0.5,1.6900000000000002,1.2100000000000002,1.44,2.5600000000000005,1.2100000000000002,0.4899999999999999,4.840000000000001,1.0,1.96,1.44,0.36,1.44,0.04,1.0404,0.4225,0.1521,0.0009,0.1936,0.0036,0.0016,0.7569,1.2321000000000002,0.0121,1.0816,1.3688999999999998,0.0144,0.81,2.25,1.1881000000000002,0.0361,3.8809,0.9216,1.1449,0.2916,0.1521,0.25,0.1444,0.0004,0.0196,0.1763999999999999,0.0049,0.0576,0.16,0.0016,0.0081,0.0225,0.0064,0.0001
5.211999999999997,25.02702702702694,4.672162162162155,25.67621621621613,0.3,-5.428648648648621,32.00810810810808,13.074486486486514,5.384567567567543,30.11170270270279,-11.398972972972867,18.370027027027028,-14.104270270270247,96.26970270270273,-31.405702702702662,101.266,1.3,-0.20486486486484923,0.3770270270270366,-0.20486486486484923,1.1683783783783834,1.1,-1.0210810810810775,0.021351351351347005,-1.0210810810810775,0.1216216216216164,1.2,0.6505405405405388,0.14027027027026942,0.6505405405405388,0.9,1.6,0.3870270270270366,0.42027027027026936,0.3870270270270366,1.5021621621621553,1.1,0.0294594594594612,0.0694594594594612,0.0294594594594612,1.0908108108108083,0.702702702702694,-0.44243243243242464,0.242702702702694,-0.44243243243242464,0.1918918918918858,2.2,0.06,0.4,0.06,1.9708108108108082,1.0,0.03810810810811419,0.0402702702702694,0.03810810810811419,0.96,1.405405405405388,-0.872702702702694,0.0894594594594612,-0.872702702702694,1.0737837837837716,1.2,-1.1091891891891918,0.148648648648653,-1.1091891891891918,0.5397297297297307,0.6,0.11324324324323282,0.0783783783783836,0.11324324324323282,0.3921621621621552,1.202702702702694,-1.041351351351347,0.011351351351347004,-1.041351351351347,0.5005405405405388,1.6900000000000002,1.2100000000000002,1.44,2.5600000000000005,1.2100000000000002,0.4940540540540409,4.840000000000001,1.0,1.976216216216164,1.44,0.36,1.446756756756735,0.04282162162161254,1.0426486486486415,0.4232135135135112,0.15010810810811454,0.0008783783783784479,0.19595945945945187,0.0036,0.001581081081081142,0.761872972972957,1.2303243243243303,0.013202702702699156,1.084478378378369,1.3652027027027145,0.014886486486484921,0.81,2.256659459459438,1.1898918918918864,0.03695135135134861,3.8841189189189085,0.9216,1.1535270270269993,0.2913108108108118,0.1539594594594535,0.2505513513513496,0.14246756756757378,0.0005216216216212304,0.019678378378378127,0.17662972972972887,0.004835135135135344,0.05916756756756252,0.16,0.0016243243243242462,0.008013513513513792,0.022162162162163247,0.00623783783783836,0.00019459459459429034
5.261999999999997,26.3888888888888,4.777222222222216,26.99722222222214,0.303888888888888,-5.864444444444416,32.3,12.646666666666695,5.766666666666642,28.73738888888898,-13.200444444444306,18.371388888888887,-14.357833333333335,95.94183333333335,-32.136777777777716,101.18188888888888,1.3,-0.38,0.27,-0.38,1.11,1.1,-1.06,0.07,-1.06,0.18,1.2,0.67,0.15,0.67,0.9,1.6,0.28,0.43,0.28,1.58,1.1,0.01,0.05,0.01,1.12,0.8,-0.53,0.34,-0.53,0.26,2.2,0.06,0.4,0.06,2.0,1.0,-0.03,0.05,-0.03,0.96,1.6,-0.97,0.07,-0.97,1.21,1.2,-1.08,0.1,-1.08,0.53,0.6,0.23,0.02,0.23,0.47,1.3,-1.09,0.06,-1.09,0.52,1.6900000000000002,1.2100000000000002,1.44,2.5600000000000005,1.2100000000000002,0.6400000000000001,4.840000000000001,1.0,2.5600000000000005,1.44,0.36,1.6900000000000002,0.1444,1.1236000000000002,0.4489000000000001,0.0784,0.0001,0.2809,0.0036,0.0009,0.9409,1.1664,0.0529,1.1881000000000002,1.2321000000000002,0.0324,0.81,2.4964000000000004,1.2544000000000002,0.0676,4.0,0.9216,1.4641,0.2809,0.2208999999999999,0.2704,0.0729,0.0049,0.0225,0.1848999999999999,0.0025,0.1156,0.16,0.0025,0.0049,0.01,0.0004,0.0036
5.311999999999997,27.777777777777683,4.8822222222222145,28.336666666666574,0.3177777777777768,-6.3166666666666345,31.988888888888926,12.123111111111152,6.148222222222197,27.873111111111143,-15.539555555555387,18.208666666666687,-14.212777777777795,95.82833333333333,-33.07877777777772,101.37866666666666,1.3,-0.38,0.27,-0.38,1.11,1.1,-1.06,0.07,-1.06,0.18,1.2,0.67,0.15,0.67,0.9,1.6,0.28,0.43,0.28,1.58,1.1,0.01,0.05,0.01,1.12,0.8,-0.53,0.34,-0.53,0.26,2.2,0.06,0.4,0.06,2.0,1.0,-0.03,0.05,-0.03,0.96,1.6,-0.97,0.07,-0.97,1.21,1.2,-1.08,0.1,-1.08,0.53,0.6,0.23,0.02,0.23,0.47,1.3,-1.09,0.06,-1.09,0.52,1.6900000000000002,1.2100000000000002,1.44,2.5600000000000005,1.2100000000000002,0.6400000000000001,4.840000000000001,1.0,2.5600000000000005,1.44,0.36,1.6900000000000002,0.1444,1.1236000000000002,0.4489000000000001,0.0784,0.0001,0.2809,0.0036,0.0009,0.9409,1.1664,0.0529,1.1881000000000002,1.2321000000000002,0.0324,0.81,2.4964000000000004,1.2544000000000002,0.0676,4.0,0.9216,1.4641,0.2809,0.2208999999999999,0.2704,0.0729,0.0049,0.0225,0.1848999999999999,0.0025,0.1156,0.16,0.0025,0.0049,0.01,0.0004,0.0036
5.3619999999999965,29.13888888888879,4.969722222222215,29.653333333333237,0.3213888888888879,-6.7786111111110765,31.21666666666673,11.411444444444506,6.456083333333321,27.592472222222316,-18.18474999999978,17.79033333333336,-13.830111111111151,95.67475000000002,-33.95019444444438,101.52224999999999,1.3,-0.38,0.27,-0.38,1.11,1.1,-1.06,0.07,-1.06,0.18,1.2,0.67,0.15,0.67,0.9,1.6,0.28,0.43,0.28,1.58,1.1,0.01,0.05,0.01,1.12,0.8,-0.53,0.34,-0.53,0.26,2.2,0.06,0.4,0.06,2.0,1.0,-0.03,0.05,-0.03,0.96,1.6,-0.97,0.07,-0.97,1.21,1.2,-1.08,0.1,-1.08,0.53,0.6,0.23,0.02,0.23,0.47,1.3,-1.09,0.06,-1.09,0.52,1.6900000000000002,1.2100000000000002,1.44,2.5600000000000005,1.2100000000000002,0.6400000000000001,4.840000000000001,1.0,2.5600000000000005,1.44,0.36,1.6900000000000002,0.1444,1.1236000000000002,0.4489000000000001,0.0784,0.0001,0.2809,0.0036,0.0009,0.9409,1.1664,0.0529,1.1881000000000002,1.2321000000000002,0.0324,0.81,2.4964000000000004,1.2544000000000002,0.0676,4.0,0.9216,1.4641,0.2809,0.2208999999999999,0.2704,0.0729,0.0049,0.0225,0.1848999999999999,0.0025,0.1156,0.16,0.0025,0.0049,0.01,0.0004,0.0036
5.411999999999996,30.527777777777676,5.06166666666666,30.98138888888879,0.3352777777777768,-7.264722222222186,30.48888888888893,10.536361111111178,6.564638888888888,26.260833333333434,-21.017999999999816,17.478027777777793,-13.346638888888917,95.49022222222223,-34.90430555555548,101.67274999999998,1.3,-0.38,0.27,-0.38,1.11,1.1,-1.06,0.07,-1.06,0.18,1.2,0.67,0.15,0.67,0.9,1.6,0.28,0.43,0.28,1.58,1.1,0.01,0.05,0.01,1.12,0.8,-0.53,0.34,-0.53,0.26,2.2,0.06,0.4,0.06,2.0,1.0,-0.03,0.05,-0.03,0.96,1.6,-0.97,0.07,-0.97,1.21,1.2,-1.08,0.1,-1.08,0.53,0.6,0.23,0.02,0.23,0.47,1.3,-1.09,0.06,-1.09,0.52,1.6900000000000002,1.2100000000000002,1.44,2.5600000000000005,1.2100000000000002,0.6400000000000001,4.840000000000001,1.0,2.5600000000000005,1.44,0.36,1.6900000000000002,0.1444,1.1236000000000002,0.4489000000000001,0.0784,0.0001,0.2809,0.0036,0.0009,0.9409,1.1664,0.0529,1.1881000000000002,1.2321000000000002,0.0324,0.81,2.4964000000000004,1.2544000000000002,0.0676,4.0,0.9216,1.4641,0.2809,0.2208999999999999,0.2704,0.0729,0.0049,0.0225,0.1848999999999999,0.0025,0.1156,0.16,0.0025,0.0049,0.01,0.0004,0.0036
5.461999999999996,31.916666666666565,5.144999999999994,32.30083333333324,0.34,-7.750833333333298,30.02500000000003,9.676166666666727,6.477166666666677,24.832833333333443,-23.099083333333194,17.314916666666676,-13.045250000000019,95.29633333333335,-35.87258333333326,101.82841666666666,1.3,-0.38,0.27,-0.38,1.11,1.1,-1.06,0.07,-1.06,0.18,1.2,0.67,0.15,0.67,0.9,1.6,0.28,0.43,0.28,1.58,1.1,0.01,0.05,0.01,1.12,0.8,-0.53,0.34,-0.53,0.26,2.2,0.06,0.4,0.06,2.0,1.0,-0.03,0.05,-0.03,0.96,1.6,-0.97,0.07,-0.97,1.21,1.2,-1.08,0.1,-1.08,0.53,0.6,0.23,0.02,0.23,0.47,1.3,-1.09,0.06,-1.09,0.52,1.6900000000000002,1.2100000000000002,1.44,2.5600000000000005,1.2100000000000002,0.6400000000000001,4.840000000000001,1.0,2.5600000000000005,1.44,0.36,1.6900000000000002,0.1444,1.1236000000000002,0.4489000000000001,0.0784,0.0001,0.2809,0.0036,0.0009,0.9409,1.1664,0.0529,1.1881000000000002,1.2321000000000002,0.0324,0.81,2.4964000000000004,1.2544000000000002,0.0676,4.0,0.9216,1.4641,0.2809,0.2208999999999999,0.2704,0.0729,0.0049,0.0225,0.1848999999999999,0.0025,0.1156,0.16,0.0025,0.0049,0.01,0.0004,0.0036
5.511999999999996,33.314285714285596,5.222571428571424,33.62857142857132,0.353142857142856,-8.246285714285671,30.0,8.933571428571488,6.116571428571481,23.25237142857156,-24.533257142856986,17.25737142857143,-12.974857142857136,95.02465714285715,-36.721999999999944,101.87722857142856,1.3,-0.38,0.27,-0.38,1.11,1.1,-1.06,0.07,-1.06,0.18,1.2,0.67,0.15,0.67,0.9,1.6,0.28,0.43,0.28,1.58,1.1,0.01,0.05,0.01,1.12,0.8,-0.53,0.34,-0.53,0.26,2.2,0.06,0.4,0.06,2.0,1.0,-0.03,0.05,-0.03,0.96,1.6,-0.97,0.07,-0.97,1.21,1.2,-1.08,0.1,-1.08,0.53,0.6,0.23,0.02,0.23,0.47,1.3,-1.09,0.06,-1.09,0.52,1.6900000000000002,1.2100000000000002,1.44,2.5600000000000005,1.2100000000000002,0.6400000000000001,4.840000000000001,1.0,2.5600000000000005,1.44,0.36,1.6900000000000002,0.1444,1.1236000000000002,0.4489000000000001,0.0784,0.0001,0.2809,0.0036,0.0009,0.9409,1.1664,0.0529,1.1881000000000002,1.2321000000000002,0.0324,0.81,2.4964000000000004,1.2544000000000002,0.0676,4.0,0.9216,1.4641,0.2809,0.2208999999999999,0.2704,0.0729,0.0049,0.0225,0.1848999999999999,0.0025,0.1156,0.16,0.0025,0.0049,0.01,0.0004,0.0036
5.561999999999996,34.72222222222211,5.2788888888888845,34.95888888888878,0.36722222222222106,-8.767222222222179,30.072222222222212,8.367555555555588,5.374666666666735,21.929777777777865,-26.54738888888872,17.200222222222227,-13.097611111111098,94.92905555555556,-37.46822222222215,102.0596111111111,1.3,-0.38,0.27,-0.38,1.11,1.1,-1.06,0.07,-1.06,0.18,1.2,0.67,0.15,0.67,0.9,1.6,0.28,0.43,0.28,1.58,1.1,0.01,0.05,0.01,1.12,0.8,-0.53,0.34,-0.53,0.26,2.2,0.06,0.4,0.06,2.0,1.0,-0.03,0.05,-0.03,0.96,1.6,-0.97,0.07,-0.97,1.21,1.2,-1.08,0.1,-1.08,0.53,0.6,0.23,0.02,0.23,0.47,1.3,-1.09,0.06,-1.09,0.52,1.6900000000000002,1.2100000000000002,1.44,2.5600000000000005,1.2100000000000002,0.6400000000000001,4.840000000000001,1.0,2.5600000000000005,1.44,0.36,1.6900000000000002,0.1444,1.1236000000000002,0.4489000000000001,0.0784,0.0001,0.2809,0.0036,0.0009,0.9409,1.1664,0.0529,1.1881000000000002,1.2321000000000002,0.0324,0.81,2.4964000000000004,1.2544000000000002,0.0676,4.0,0.9216,1.4641,0.2809,0.2208999999999999,0.2704,0.0729,0.0049,0.0225,0.1848999999999999,0.0025,0.1156,0.16,0.0025,0.0049,0.01,0.0004,0.0036
5.611999999999996,36.138888888888765,5.334166666666663,36.28055555555544,0.38138888888888767,-9.301388888888843,30.213888888888874,8.122000000000014,4.403694444444538,20.921666666666788,-28.463777777777672,17.115250000000014,-13.301194444444423,94.78744444444446,-38.296416666666595,102.23616666666665,1.3,-0.38,0.27,-0.38,1.11,1.1,-1.06,0.07,-1.06,0.18,1.2,0.67,0.15,0.67,0.9,1.6,0.28,0.43,0.28,1.58,1.1,0.01,0.05,0.01,1.12,0.8,-0.53,0.34,-0.53,0.26,2.2,0.06,0.4,0.06,2.0,1.0,-0.03,0.05,-0.03,0.96,1.6,-0.97,0.07,-0.97,1.21,1.2,-1.08,0.1,-1.08,0.53,0.6,0.23,0.02,0.23,0.47,1.3,-1.09,0.06,-1.09,0.52,1.6900000000000002,1.2100000000000002,1.44,2.5600000000000005,1.2100000000000002,0.6400000000000001,4.840000000000001,1.0,2.5600000000000005,1.44,0.36,1.6900000000000002,0.1444,1.1236000000000002,0.4489000000000001,0.0784,0.0001,0.2809,0.0036,0.0009,0.9409,1.1664,0.0529,1.1881000000000002,1.2321000000000002,0.0324,0.81,2.4964000000000004,1.2544000000000002,0.0676,4.0,0.9216,1.4641,0.2809,0.2208999999999999,0.2704,0.0729,0.0049,0.0225,0.1848999999999999,0.0025,0.1156,0.16,0.0025,0.0049,0.01,0.0004,0.0036
5.6619999999999955,37.54285714285702,5.376285714285711,37.589428571428456,0.3954285714285702,-9.831714285714236,30.3542857142857,7.778200000000058,3.4041428571429386,19.967971428571456,-29.74554285714273,16.97354285714287,-13.499828571428559,94.67200000000001,-39.16842857142848,102.46188571428569,1.3,-0.38,0.27,-0.38,1.11,1.1,-1.06,0.07,-1.06,0.18,1.2,0.67,0.15,0.67,0.9,1.6,0.28,0.43,0.28,1.58,1.1,0.01,0.05,0.01,1.12,0.8,-0.53,0.34,-0.53,0.26,2.2,0.06,0.4,0.06,2.0,1.0,-0.03,0.05,-0.03,0.96,1.6,-0.97,0.07,-0.97,1.21,1.2,-1.08,0.1,-1.08,0.53,0.6,0.23,0.02,0.23,0.47,1.3,-1.09,0.06,-1.09,0.52,1.6900000000000002,1.2100000000000002,1.44,2.5600000000000005,1.2100000000000002,0.6400000000000001,4.840000000000001,1.0,2.5600000000000005,1.44,0.36,1.6900000000000002,0.1444,1.1236000000000002,0.4489000000000001,0.0784,0.0001,0.2809,0.0036,0.0009,0.9409,1.1664,0.0529,1.1881000000000002,1.2321000000000002,0.0324,0.81,2.4964000000000004,1.2544000000000002,0.0676,4.0,0.9216,1.4641,0.2809,0.2208999999999999,0.2704,0.0729,0.0049,0.0225,0.1848999999999999,0.0025,0.1156,0.16,0.0025,0.0049,0.01,0.0004,0.0036
5.711999999999995,38.97142857142843,5.409428571428569,38.91342857142844,0.4097142857142843,-10.38885714285709,30.497142857142844,7.047285714285787,2.5600857142857913,19.782314285714296,-30.872514285714193,16.82497142857144,-13.593599999999993,94.70942857142856,-40.270599999999895,102.92479999999995,1.3,-0.38,0.27,-0.38,1.11,1.1,-1.06,0.07,-1.06,0.18,1.2,0.67,0.15,0.67,0.9,1.6,0.28,0.43,0.28,1.58,1.1,0.01,0.05,0.01,1.12,0.8,-0.53,0.34,-0.53,0.26,2.2,0.06,0.4,0.06,2.0,1.0,-0.03,0.05,-0.03,0.96,1.6,-0.97,0.07,-0.97,1.21,1.2,-1.08,0.1,-1.08,0.53,0.6,0.23,0.02,0.23,0.47,1.3,-1.09,0.06,-1.09,0.52,1.6900000000000002,1.2100000000000002,1.44,2.5600000000000005,1.2100000000000002,0.6400000000000001,4.840000000000001,1.0,2.5600000000000005,1.44,0.36,1.6900000000000002,0.1444,1.1236000000000002,0.4489000000000001,0.0784,0.0001,0.2809,0.0036,0.0009,0.9409,1.1664,0.0529,1.1881000000000002,1.2321000000000002,0.0324,0.81,2.4964000000000004,1.2544000000000002,0.0676,4.0,0.9216,1.4641,0.2809,0.2208999999999999,0.2704,0.0729,0.0049,0.0225,0.1848999999999999,0.0025,0.1156,0.16,0.0025,0.0049,0.01,0.0004,0.0036
5.761999999999995,40.38235294117633,5.423823529411763,40.211764705882224,0.4338235294117633,-10.946764705882295,30.423529411764733,6.295735294117722,1.9550882352941614,19.668411764705894,-30.857117647058892,16.679617647058837,-13.525235294117671,94.89155882352941,-41.41973529411752,103.54905882352935,1.2,-0.41,0.18,-0.41,1.07,1.1,-1.02,0.02,-1.02,0.35,1.2,0.68,0.17,0.68,0.96,1.6,-0.08,0.33,-0.08,1.57,1.1,-0.09,0.09,-0.09,1.07,0.7,-0.62,0.3,-0.62,0.16,2.3,0.03,0.41,0.03,2.08,0.9,-0.15,0.03,-0.15,0.92,1.6,-0.99,0.09,-0.99,1.23,1.2,-1.07,0.08,-1.07,0.5,0.8,0.35,0.15,0.35,0.59,1.3,-1.16,0.09,-1.16,0.51,1.44,1.2100000000000002,1.44,2.5600000000000005,1.2100000000000002,0.4899999999999999,5.289999999999999,0.81,2.5600000000000005,1.44,0.6400000000000001,1.6900000000000002,0.1680999999999999,1.0404,0.4624000000000001,0.0064,0.0081,0.3844,0.0009,0.0225,0.9801,1.1449,0.1224999999999999,1.3456,1.1449,0.1224999999999999,0.9216,2.4649,1.1449,0.0256,4.3264000000000005,0.8464,1.5129,0.25,0.3480999999999999,0.2601,0.0324,0.0004,0.0289,0.1089,0.0081,0.09,0.1680999999999999,0.0009,0.0081,0.0064,0.0225,0.0081
5.811999999999995,41.828571428571294,5.421714285714287,41.53399999999987,0.45657142857142585,-11.531428571428517,29.885714285714354,5.531514285714358,1.51277142857147,19.5527142857143,-30.21974285714291,16.53065714285716,-13.182857142857182,94.7896285714286,-42.36028571428565,103.8374857142857,1.2,-0.41,0.18,-0.41,1.07,1.1,-1.02,0.02,-1.02,0.35,1.2,0.68,0.17,0.68,0.96,1.6,-0.08,0.33,-0.08,1.57,1.1,-0.09,0.09,-0.09,1.07,0.7,-0.62,0.3,-0.62,0.16,2.3,0.03,0.41,0.03,2.08,0.9,-0.15,0.03,-0.15,0.92,1.6,-0.99,0.09,-0.99,1.23,1.2,-1.07,0.08,-1.07,0.5,0.8,0.35,0.15,0.35,0.59,1.3,-1.16,0.09,-1.16,0.51,1.44,1.2100000000000002,1.44,2.5600000000000005,1.2100000000000002,0.4899999999999999,5.289999999999999,0.81,2.5600000000000005,1.44,0.6400000000000001,1.6900000000000002,0.1680999999999999,1.0404,0.4624000000000001,0.0064,0.0081,0.3844,0.0009,0.0225,0.9801,1.1449,0.1224999999999999,1.3456,1.1449,0.1224999999999999,0.9216,2.4649,1.1449,0.0256,4.3264000000000005,0.8464,1.5129,0.25,0.3480999999999999,0.2601,0.0324,0.0004,0.0289,0.1089,0.0081,0.09,0.1680999999999999,0.0009,0.0081,0.0064,0.0225,0.0081
5.861999999999995,43.26470588235279,5.414705882352944,42.83823529411752,0.47529411764705587,-12.111176470588175,28.967647058823605,4.7900882352941885,1.0856470588235723,19.742705882352837,-29.64800000000008,16.266676470588298,-12.599058823529491,94.45485294117647,-42.80926470588225,103.71694117647054,1.2,-0.41,0.18,-0.41,1.07,1.1,-1.02,0.02,-1.02,0.35,1.2,0.68,0.17,0.68,0.96,1.6,-0.08,0.33,-0.08,1.57,1.1,-0.09,0.09,-0.09,1.07,0.7,-0.62,0.3,-0.62,0.16,2.3,0.03,0.41,0.03,2.08,0.9,-0.15,0.03,-0.15,0.92,1.6,-0.99,0.09,-0.99,1.23,1.2,-1.07,0.08,-1.07,0.5,0.8,0.35,0.15,0.35,0.59,1.3,-1.16,0.09,-1.16,0.51,1.44,1.2100000000000002,1.44,2.5600000000000005,1.2100000000000002,0.4899999999999999,5.289999999999999,0.81,2.5600000000000005,1.44,0.6400000000000001,1.6900000000000002,0.1680999999999999,1.0404,0.4624000000000001,0.0064,0.0081,0.3844,0.0009,0.0225,0.9801,1.1449,0.1224999999999999,1.3456,1.1449,0.1224999999999999,0.9216,2.4649,1.1449,0.0256,4.3264000000000005,0.8464,1.5129,0.25,0.3480999999999999,0.2601,0.0324,0.0004,0.0289,0.1089,0.0081,0.09,0.1680999999999999,0.0009,0.0081,0.0064,0.0225,0.0081
5.911999999999995,44.714285714285566,5.378571428571433,44.149999999999864,0.49714285714285567,-12.719999999999938,27.814285714285873,4.082000000000071,0.6608571428571849,20.800857142857037,-28.923714285714347,15.667285714285773,-11.777000000000086,94.43785714285714,-43.717142857142775,104.07971428571425,1.2,-0.41,0.18,-0.41,1.07,1.1,-1.02,0.02,-1.02,0.35,1.2,0.68,0.17,0.68,0.96,1.6,-0.08,0.33,-0.08,1.57,1.1,-0.09,0.09,-0.09,1.07,0.7,-0.62,0.3,-0.62,0.16,2.3,0.03,0.41,0.03,2.08,0.9,-0.15,0.03,-0.15,0.92,1.6,-0.99,0.09,-0.99,1.23,1.2,-1.07,0.08,-1.07,0.5,0.8,0.35,0.15,0.35,0.59,1.3,-1.16,0.09,-1.16,0.51,1.44,1.2100000000000002,1.44,2.5600000000000005,1.2100000000000002,0.4899999999999999,5.289999999999999,0.81,2.5600000000000005,1.44,0.6400000000000001,1.6900000000000002,0.1680999999999999,1.0404,0.4624000000000001,0.0064,0.0081,0.3844,0.0009,0.0225,0.9801,1.1449,0.1224999999999999,1.3456,1.1449,0.1224999999999999,0.9216,2.4649,1.1449,0.0256,4.3264000000000005,0.8464,1.5129,0.25,0.3480999999999999,0.2601,0.0324,0.0004,0.0289,0.1089,0.0081,0.09,0.1680999999999999,0.0009,0.0081,0.0064,0.0225,0.0081
5.961999999999994,46.17647058823512,5.342941176470595,45.46882352941161,0.5235294117647024,-13.3358823529411,26.11176470588244,3.5367058823529494,0.2581176470588661,21.751470588235218,-28.36000000000008,15.251117647058809,-10.904882352941272,94.37158823529413,-44.47347058823518,104.34276470588232,1.1823529411764881,-0.41529411764705354,0.15176470588238095,-0.41529411764705354,1.0523529411764883,1.1,-1.011176470588244,0.02705882352940476,-1.011176470588244,0.3182352941176786,1.2,0.6782352941176488,0.16823529411764881,0.6782352941176488,0.9652941176470535,1.5647058823529763,-0.10647058823526784,0.28941176470592267,-0.10647058823526784,1.5382352941176787,1.1,-0.08647058823529762,0.09352941176470238,-0.08647058823529762,1.0629411764705954,0.7,-0.6235294117647023,0.29294117647059525,-0.6235294117647023,0.13705882352943455,2.3,0.02647058823529762,0.41352941176470237,0.02647058823529762,2.090588235294107,0.9,-0.1535294117647024,0.02823529411764881,-0.1535294117647024,0.9094117647058929,1.6,-0.9811764705882441,0.07764705882354167,-0.9811764705882441,1.2194117647058929,1.2,-1.0664705882352976,0.08,-1.0664705882352976,0.5105882352941071,0.8,0.34294117647059524,0.15,0.34294117647059524,0.5970588235294048,1.3,-1.151176470588244,0.08470588235294643,-1.151176470588244,0.5011764705882441,1.3994117647059225,1.2100000000000002,1.44,2.454117647058929,1.2100000000000002,0.4899999999999999,5.289999999999999,0.81,2.5600000000000005,1.44,0.6400000000000001,1.6900000000000002,0.17259999999999545,1.0228411764706056,0.460017647058826,0.01460588235293303,0.007535294117647619,0.388847058823525,0.0007588235294119048,0.02362941176470476,0.963070588235311,1.137417647058831,0.11784117647059278,1.325570588235314,1.1089000000000357,0.10598235294119279,0.9319235294117544,2.3708764705883287,1.13007647058825,0.021241176470592565,4.371082352941133,0.8275529411764894,1.4874882352941428,0.2612235294117536,0.35671176470587374,0.2515411764705967,0.02675294117647619,0.0009647058823523806,0.028317647058824107,0.09144705882354673,0.008805882352940475,0.08604705882353333,0.1710647058823499,0.0008117647058824405,0.006741176470589584,0.0064,0.0225,0.007305882352941964
6.011999999999994,47.628571428571256,5.28485714285715,46.77571428571413,0.5525714285714252,-13.972857142857064,25.448571428571498,3.46782857142858,-0.10039999999995633,22.36928571428564,-27.27171428571448,15.36791428571427,-10.221514285714353,94.28671428571431,-45.439399999999885,104.68717142857139,1.1,-0.44,0.02,-0.44,0.97,1.1,-0.97,0.06,-0.97,0.17,1.2,0.67,0.16,0.67,0.99,1.4,-0.23,0.1,-0.23,1.39,1.1,-0.07,0.11,-0.07,1.03,0.7,-0.64,0.26,-0.64,0.03,2.3,0.01,0.43,0.01,2.14,0.9,-0.17,0.02,-0.17,0.86,1.6,-0.94,0.02,-0.94,1.17,1.2,-1.05,0.08,-1.05,0.56,0.8,0.31,0.15,0.31,0.63,1.3,-1.11,0.06,-1.11,0.46,1.2100000000000002,1.2100000000000002,1.44,1.96,1.2100000000000002,0.4899999999999999,5.289999999999999,0.81,2.5600000000000005,1.44,0.6400000000000001,1.6900000000000002,0.1936,0.9409,0.4489000000000001,0.0529,0.0049,0.4096,0.0001,0.0289,0.8835999999999999,1.1025,0.0961,1.2321000000000002,0.9409,0.0289,0.9801,1.9321,1.0609,0.0009,4.5796,0.7395999999999999,1.3688999999999998,0.3136,0.3969,0.2116,0.0004,0.0036,0.0256,0.01,0.0121,0.0676,0.1848999999999999,0.0004,0.0004,0.0064,0.0225,0.0036
6.061999999999994,49.0588235294116,5.217647058823536,48.07352941176456,0.581764705882348,-14.617058823529335,24.98235294117652,3.3991764705882432,-0.44623529411761287,22.984176470588164,-25.48876470588254,15.48476470588234,-9.764352941176512,94.16705882352943,-46.34758823529403,104.98311764705879,1.1,-0.44,0.02,-0.44,0.97,1.1,-0.97,0.06,-0.97,0.17,1.2,0.67,0.16,0.67,0.99,1.4,-0.23,0.1,-0.23,1.39,1.1,-0.07,0.11,-0.07,1.03,0.7,-0.64,0.26,-0.64,0.03,2.3,0.01,0.43,0.01,2.14,0.9,-0.17,0.02,-0.17,0.86,1.6,-0.94,0.02,-0.94,1.17,1.2,-1.05,0.08,-1.05,0.56,0.8,0.31,0.15,0.31,0.63,1.3,-1.11,0.06,-1.11,0.46,1.2100000000000002,1.2100000000000002,1.44,1.96,1.2100000000000002,0.4899999999999999,5.289999999999999,0.81,2.5600000000000005,1.44,0.6400000000000001,1.6900000000000002,0.1936,0.9409,0.4489000000000001,0.0529,0.0049,0.4096,0.0001,0.0289,0.8835999999999999,1.1025,0.0961,1.2321000000000002,0.9409,0.0289,0.9801,1.9321,1.0609,0.0009,4.5796,0.7395999999999999,1.3688999999999998,0.3136,0.3969,0.2116,0.0004,0.0036,0.0256,0.01,0.0121,0.0676,0.1848999999999999,0.0004,0.0004,0.0064,0.0225,0.0036
6.111999999999994,50.51428571428554,5.154285714285723,49.39799999999985,0.6151428571428554,-15.28657142857135,24.648571428571447,3.3298285714285796,-0.7453714285713939,23.607114285714214,-23.916200000000167,15.60265714285713,-9.455942857142881,94.02480000000003,-47.049914285714216,105.17071428571427,1.1,-0.44,0.02,-0.44,0.97,1.1,-0.97,0.06,-0.97,0.17,1.2,0.67,0.16,0.67,0.99,1.4,-0.23,0.1,-0.23,1.39,1.1,-0.07,0.11,-0.07,1.03,0.7,-0.64,0.26,-0.64,0.03,2.3,0.01,0.43,0.01,2.14,0.9,-0.17,0.02,-0.17,0.86,1.6,-0.94,0.02,-0.94,1.17,1.2,-1.05,0.08,-1.05,0.56,0.8,0.31,0.15,0.31,0.63,1.3,-1.11,0.06,-1.11,0.46,1.2100000000000002,1.2100000000000002,1.44,1.96,1.2100000000000002,0.4899999999999999,5.289999999999999,0.81,2.5600000000000005,1.44,0.6400000000000001,1.6900000000000002,0.1936,0.9409,0.4489000000000001,0.0529,0.0049,0.4096,0.0001,0.0289,0.8835999999999999,1.1025,0.0961,1.2321000000000002,0.9409,0.0289,0.9801,1.9321,1.0609,0.0009,4.5796,0.7395999999999999,1.3688999999999998,0.3136,0.3969,0.2116,0.0004,0.0036,0.0256,0.01,0.0121,0.0676,0.1848999999999999,0.0004,0.0004,0.0064,0.0225,0.0036
6.161999999999994,51.94285714285697,5.092285714285721,50.68857142857128,0.6388571428571395,-15.943714285714208,24.5057142857143,3.261742857142865,-1.0447714285713918,24.2204285714285,-22.62200000000015,15.718371428571416,-9.303971428571442,93.8010285714286,-47.58665714285708,105.21385714285714,1.1,-0.44,0.02,-0.44,0.97,1.1,-0.97,0.06,-0.97,0.17,1.2,0.67,0.16,0.67,0.99,1.4,-0.23,0.1,-0.23,1.39,1.1,-0.07,0.11,-0.07,1.03,0.7,-0.64,0.26,-0.64,0.03,2.3,0.01,0.43,0.01,2.14,0.9,-0.17,0.02,-0.17,0.86,1.6,-0.94,0.02,-0.94,1.17,1.2,-1.05,0.08,-1.05,0.56,0.8,0.31,0.15,0.31,0.63,1.3,-1.11,0.06,-1.11,0.46,1.2100000000000002,1.2100000000000002,1.44,1.96,1.2100000000000002,0.4899999999999999,5.289999999999999,0.81,2.5600000000000005,1.44,0.6400000000000001,1.6900000000000002,0.1936,0.9409,0.4489000000000001,0.0529,0.0049,0.4096,0.0001,0.0289,0.8835999999999999,1.1025,0.0961,1.2321000000000002,0.9409,0.0289,0.9801,1.9321,1.0609,0.0009,4.5796,0.7395999999999999,1.3688999999999998,0.3136,0.3969,0.2116,0.0004,0.0036,0.0256,0.01,0.0121,0.0676,0.1848999999999999,0.0004,0.0004,0.0064,0.0225,0.0036
6.2119999999999935,53.399999999999814,5.020000000000009,52.00999999999983,0.6779999999999963,-16.62799999999991,24.5,3.1922000000000086,-1.35299999999997,24.84739999999992,-21.765000000000008,15.836999999999986,-9.275399999999996,93.6602,-48.101999999999904,105.31819999999995,1.1,-0.44,0.02,-0.44,0.97,1.1,-0.97,0.06,-0.97,0.17,1.2,0.67,0.16,0.67,0.99,1.4,-0.23,0.1,-0.23,1.39,1.060000000000019,-0.07799999999999624,0.11399999999999812,-0.07799999999999624,1.0220000000000038,0.6600000000000188,-0.6160000000000112,0.2240000000000169,-0.6160000000000112,0.04199999999999436,2.339999999999981,-0.009999999999990612,0.43,-0.009999999999990612,2.159999999999991,0.8600000000000187,-0.17,0.04399999999998873,-0.17,0.8320000000000132,1.6,-0.94,0.02,-0.94,1.17,1.2399999999999811,-1.0619999999999945,0.09199999999999436,-1.0619999999999945,0.5799999999999906,0.8,0.29000000000000936,0.14200000000000376,0.29000000000000936,0.6419999999999944,1.2600000000000189,-1.0780000000000152,0.036000000000011266,-1.0780000000000152,0.46,1.2100000000000002,1.2100000000000002,1.44,1.96,1.1260000000000396,0.4380000000000243,5.477999999999911,0.742000000000032,2.5600000000000005,1.5399999999999532,0.6400000000000001,1.590000000000047,0.1936,0.9409,0.4489000000000001,0.0529,0.006179999999999399,0.38032000000001376,0.0006999999999997184,0.0289,0.8835999999999999,1.128059999999988,0.08470000000000535,1.1636200000000323,0.9409,0.0289,0.9801,1.9321,1.0445800000000076,0.001979999999999493,4.666199999999959,0.6934000000000217,1.3688999999999998,0.336999999999989,0.4123799999999927,0.2116,0.0004,0.0036,0.0256,0.01,0.013019999999999568,0.052120000000007265,0.1848999999999999,0.0027999999999988737,0.0004,0.00867999999999893,0.02026000000000105,0.002160000000000676
6.261999999999993,54.85294117647039,4.955882352941185,53.31764705882335,0.7070588235294076,-17.319411764705787,24.5,3.1230588235294214,-1.5428235294117423,25.467205882352857,-21.52264705882358,15.954088235294101,-9.304205882352937,93.6710294117647,-48.750823529411676,105.62479411764703,1.1,-0.44,0.02,-0.44,0.97,1.1,-0.97,0.06,-0.97,0.17,1.2,0.67,0.16,0.67,0.99,1.4,-0.23,0.1,-0.23,1.39,1.0,-0.09,0.12,-0.09,1.01,0.6,-0.58,0.17,-0.58,0.06,2.4,-0.04,0.43,-0.04,2.19,0.8,-0.17,0.08,-0.17,0.79,1.6,-0.94,0.02,-0.94,1.17,1.3,-1.08,0.11,-1.08,0.61,0.8,0.26,0.13,0.26,0.66,1.2,-1.03,0.0,-1.03,0.46,1.2100000000000002,1.2100000000000002,1.44,1.96,1.0,0.36,5.76,0.6400000000000001,2.5600000000000005,1.6900000000000002,0.6400000000000001,1.44,0.1936,0.9409,0.4489000000000001,0.0529,0.0081,0.3364,0.0016,0.0289,0.8835999999999999,1.1664,0.0676,1.0609,0.9409,0.0289,0.9801,1.9321,1.0201,0.0036,4.7961,0.6241000000000001,1.3688999999999998,0.3721,0.4356,0.2116,0.0004,0.0036,0.0256,0.01,0.0144,0.0289,0.1848999999999999,0.0064,0.0004,0.0121,0.0169,0.0
6.311999999999993,56.2857142857141,4.9,54.60999999999983,0.732857142857141,-17.985714285714206,24.771428571428462,3.054285714285723,-1.6120000000000039,26.083571428571346,-21.045857142857148,16.07071428571427,-9.285571428571448,93.67099999999998,-49.48499999999982,105.96571428571418,1.1,-0.44,0.02,-0.44,0.97,1.1,-0.97,0.06,-0.97,0.17,1.2,0.67,0.16,0.67,0.99,1.4,-0.23,0.1,-0.23,1.39,1.0,-0.09,0.12,-0.09,1.01,0.6,-0.58,0.17,-0.58,0.06,2.4,-0.04,0.43,-0.04,2.19,0.8,-0.17,0.08,-0.17,0.79,1.6,-0.94,0.02,-0.94,1.17,1.3,-1.08,0.11,-1.08,0.61,0.8,0.26,0.13,0.26,0.66,1.2,-1.03,0.0,-1.03,0.46,1.2100000000000002,1.2100000000000002,1.44,1.96,1.0,0.36,5.76,0.6400000000000001,2.5600000000000005,1.6900000000000002,0.6400000000000001,1.44,0.1936,0.9409,0.4489000000000001,0.0529,0.0081,0.3364,0.0016,0.0289,0.8835999999999999,1.1664,0.0676,1.0609,0.9409,0.0289,0.9801,1.9321,1.0201,0.0036,4.7961,0.6241000000000001,1.3688999999999998,0.3721,0.4356,0.2116,0.0004,0.0036,0.0256,0.01,0.0144,0.0289,0.1848999999999999,0.0064,0.0004,0.0121,0.0169,0.0
6.361999999999993,57.714285714285516,4.878571428571434,55.902857142856966,0.7542857142857103,-18.635714285714194,25.342857142857103,3.1792857142856707,-1.6005714285714276,26.62928571428565,-21.111571428571402,16.23071428571426,-9.14842857142859,93.7267142857143,-50.593571428571316,106.52999999999994,1.1,-0.44,0.02,-0.44,0.97,1.1,-0.97,0.06,-0.97,0.17,1.2,0.67,0.16,0.67,0.99,1.4,-0.23,0.1,-0.23,1.39,1.0,-0.09,0.12,-0.09,1.01,0.6,-0.58,0.17,-0.58,0.06,2.4,-0.04,0.43,-0.04,2.19,0.8,-0.17,0.08,-0.17,0.79,1.6,-0.94,0.02,-0.94,1.17,1.3,-1.08,0.11,-1.08,0.61,0.8,0.26,0.13,0.26,0.66,1.2,-1.03,0.0,-1.03,0.46,1.2100000000000002,1.2100000000000002,1.44,1.96,1.0,0.36,5.76,0.6400000000000001,2.5600000000000005,1.6900000000000002,0.6400000000000001,1.44,0.1936,0.9409,0.4489000000000001,0.0529,0.0081,0.3364,0.0016,0.0289,0.8835999999999999,1.1664,0.0676,1.0609,0.9409,0.0289,0.9801,1.9321,1.0201,0.0036,4.7961,0.6241000000000001,1.3688999999999998,0.3721,0.4356,0.2116,0.0004,0.0036,0.0256,0.01,0.0144,0.0289,0.1848999999999999,0.0064,0.0004,0.0121,0.0169,0.0
6.411999999999993,59.17647058823509,4.821176470588246,57.21705882352923,0.7835294117647018,-19.346470588235196,25.48235294117649,3.5505882352941054,-1.6254117647058772,27.07499999999993,-21.239470588235335,16.515764705882297,-9.042411764705884,93.62382352941177,-51.24099999999991,106.74841176470584,1.1,-0.44,0.02,-0.44,0.97,1.1,-0.97,0.06,-0.97,0.17,1.2,0.67,0.16,0.67,0.99,1.4,-0.23,0.1,-0.23,1.39,1.0,-0.09,0.12,-0.09,1.01,0.6,-0.58,0.17,-0.58,0.06,2.4,-0.04,0.43,-0.04,2.19,0.8,-0.17,0.08,-0.17,0.79,1.6,-0.94,0.02,-0.94,1.17,1.3,-1.08,0.11,-1.08,0.61,0.8,0.26,0.13,0.26,0.66,1.2,-1.03,0.0,-1.03,0.46,1.2100000000000002,1.2100000000000002,1.44,1.96,1.0,0.36,5.76,0.6400000000000001,2.5600000000000005,1.6900000000000002,0.6400000000000001,1.44,0.1936,0.9409,0.4489000000000001,0.0529,0.0081,0.3364,0.0016,0.0289,0.8835999999999999,1.1664,0.0676,1.0609,0.9409,0.0289,0.9801,1.9321,1.0201,0.0036,4.7961,0.6241000000000001,1.3688999999999998,0.3721,0.4356,0.2116,0.0004,0.0036,0.0256,0.01,0.0144,0.0289,0.1848999999999999,0.0064,0.0004,0.0121,0.0169,0.0
6.461999999999993,60.62857142857122,4.74857142857144,58.50942857142839,0.8125714285714244,-20.057999999999897,25.71428571428561,3.6377142857142735,-1.7069714285714084,27.593399999999924,-21.19219999999996,16.925257142857085,-9.02997142857143,93.58825714285715,-51.91488571428561,107.04037142857139,1.037142857142878,-0.4274285714285756,0.051428571428561026,-0.4274285714285756,0.9260000000000146,1.162857142857122,-1.0265714285714098,0.028571428571438975,-1.0265714285714098,0.08200000000002915,1.2,0.6448571428571512,0.1411428571428634,0.6448571428571512,1.0088571428571367,1.337142857142878,-0.26771428571427325,0.07485714285715118,-0.26771428571427325,1.295714285714317,1.0,-0.11514285714284882,0.15771428571427323,-0.11514285714284882,0.9660000000000145,0.662857142857122,-0.5862857142857122,0.18257142857142442,-0.5862857142857122,0.08514285714284882,2.4,-0.10285714285712205,0.4111428571428634,-0.10285714285712205,2.1962857142857124,0.8,-0.17,0.09885714285713662,-0.17,0.758571428571439,1.537142857142878,-0.9274285714285756,0.051428571428561026,-0.9274285714285756,1.107142857142878,1.3,-1.13657142857141,0.13514285714284882,-1.13657142857141,0.6037142857142878,0.737142857142878,0.20971428571430237,0.05457142857145354,0.20971428571430237,0.6348571428571512,1.2,-1.004857142857151,0.018857142857136616,-1.004857142857151,0.4662857142857122,1.0780000000000438,1.3545714285713808,1.44,1.7902857142857707,1.0,0.4417142857142586,5.76,0.6400000000000001,2.3651428571429216,1.6900000000000002,0.5457142857143169,1.44,0.18278857142857494,1.0557399999999622,0.41621428571429653,0.07251142857142208,0.01363142857142674,0.34375428571428324,0.01291428571428197,0.0289,0.8602171428571506,1.2936857142856721,0.04547428571429303,1.0101114285714454,0.8586200000000273,0.01130000000000583,1.0180028571428446,1.6841285714286536,0.9343000000000283,0.007622857142855812,4.823694285714277,0.5760142857143017,1.2281000000000466,0.3644942857142882,0.4034171428571535,0.2174457142857123,0.0032285714285704924,0.0014000000000007284,0.020131428571430382,0.0059771428571441885,0.02571428571428197,0.03342571428571279,0.16924857142857658,0.009982857142855957,0.0032285714285704924,0.018637142857140694,0.006340000000003496,0.0005657142857140985
6.5119999999999925,62.08823529411742,4.685588235294129,59.80764705882332,0.8417647058823483,-20.784117647058707,26.317647058823482,3.581588235294192,-1.8996764705881917,27.878000000000064,-21.582676470588183,17.313676470588184,-9.011441176470594,93.52173529411766,-52.63999999999989,107.33526470588231,1.0,-0.42,0.07,-0.42,0.9,1.2,-1.06,0.01,-1.06,0.03,1.2,0.63,0.13,0.63,1.02,1.3,-0.29,0.06,-0.29,1.24,1.0,-0.13,0.18,-0.13,0.94,0.7,-0.59,0.19,-0.59,0.1,2.4,-0.14,0.4,-0.14,2.2,0.8,-0.17,0.11,-0.17,0.74,1.5,-0.92,0.07,-0.92,1.07,1.3,-1.17,0.15,-1.17,0.6,0.7,0.18,0.01,0.18,0.62,1.2,-0.99,0.03,-0.99,0.47,1.0,1.44,1.44,1.6900000000000002,1.0,0.4899999999999999,5.76,0.6400000000000001,2.25,1.6900000000000002,0.4899999999999999,1.44,0.1763999999999999,1.1236000000000002,0.3969,0.0841,0.0169,0.3480999999999999,0.0196,0.0289,0.8464,1.3688999999999998,0.0324,0.9801,0.81,0.0009,1.0404,1.5376,0.8835999999999999,0.01,4.840000000000001,0.5476,1.1449,0.36,0.3844,0.2208999999999999,0.0049,0.0001,0.0169,0.0036,0.0324,0.0361,0.16,0.0121,0.0049,0.0225,0.0001,0.0009
6.561999999999992,63.558823529411534,4.617647058823538,61.107352941176266,0.8711764705882308,-21.52499999999988,26.5,3.0398823529412775,-2.2318235294116997,27.39082352941186,-21.726205882352964,17.530411764705878,-8.944764705882369,93.43017647058825,-53.33329411764695,107.59917647058819,1.0,-0.42,0.07,-0.42,0.9,1.2,-1.06,0.01,-1.06,0.03,1.2,0.63,0.13,0.63,1.02,1.3,-0.29,0.06,-0.29,1.24,1.0,-0.13,0.18,-0.13,0.94,0.7,-0.59,0.19,-0.59,0.1,2.4,-0.14,0.4,-0.14,2.2,0.8,-0.17,0.11,-0.17,0.74,1.5,-0.92,0.07,-0.92,1.07,1.3,-1.17,0.15,-1.17,0.6,0.7,0.18,0.01,0.18,0.62,1.2,-0.99,0.03,-0.99,0.47,1.0,1.44,1.44,1.6900000000000002,1.0,0.4899999999999999,5.76,0.6400000000000001,2.25,1.6900000000000002,0.4899999999999999,1.44,0.1763999999999999,1.1236000000000002,0.3969,0.0841,0.0169,0.3480999999999999,0.0196,0.0289,0.8464,1.3688999999999998,0.0324,0.9801,0.81,0.0009,1.0404,1.5376,0.8835999999999999,0.01,4.840000000000001,0.5476,1.1449,0.36,0.3844,0.2208999999999999,0.0049,0.0001,0.0169,0.0036,0.0324,0.0361,0.16,0.0121,0.0049,0.0225,0.0001,0.0009
6.611999999999992,65.02941176470566,4.548529411764717,62.40588235294098,0.9002941176470566,-22.265294117646942,26.29411764705887,2.3591764705883413,-2.673999999999931,26.72644117647069,-21.84658823529395,17.5234705882353,-8.780970588235341,93.3960294117647,-54.02217647058813,107.91094117647053,1.0,-0.42,0.07,-0.42,0.9,1.2,-1.06,0.01,-1.06,0.03,1.2,0.63,0.13,0.63,1.02,1.3,-0.29,0.06,-0.29,1.24,1.0,-0.13,0.18,-0.13,0.94,0.7,-0.59,0.19,-0.59,0.1,2.4,-0.14,0.4,-0.14,2.2,0.8,-0.17,0.11,-0.17,0.74,1.5,-0.92,0.07,-0.92,1.07,1.3,-1.17,0.15,-1.17,0.6,0.7,0.18,0.01,0.18,0.62,1.2,-0.99,0.03,-0.99,0.47,1.0,1.44,1.44,1.6900000000000002,1.0,0.4899999999999999,5.76,0.6400000000000001,2.25,1.6900000000000002,0.4899999999999999,1.44,0.1763999999999999,1.1236000000000002,0.3969,0.0841,0.0169,0.3480999999999999,0.0196,0.0289,0.8464,1.3688999999999998,0.0324,0.9801,0.81,0.0009,1.0404,1.5376,0.8835999999999999,0.01,4.840000000000001,0.5476,1.1449,0.36,0.3844,0.2208999999999999,0.0049,0.0001,0.0169,0.0036,0.0324,0.0361,0.16,0.0121,0.0049,0.0225,0.0001,0.0009
6.661999999999992,66.49999999999976,4.480000000000009,63.69999999999979,0.9199999999999954,-23.02499999999988,25.95000000000007,1.6040000000001406,-3.074499999999951,25.751000000000246,-22.722999999999924,17.48000000000001,-8.484000000000046,93.433,-54.72549999999989,108.29399999999994,1.0,-0.42,0.07,-0.42,0.9,1.2,-1.06,0.01,-1.06,0.03,1.2,0.63,0.13,0.63,1.02,1.3,-0.29,0.06,-0.29,1.24,1.0,-0.13,0.18,-0.13,0.94,0.7,-0.59,0.19,-0.59,0.1,2.4,-0.14,0.4,-0.14,2.2,0.8,-0.17,0.11,-0.17,0.74,1.5,-0.92,0.07,-0.92,1.07,1.3,-1.17,0.15,-1.17,0.6,0.7,0.18,0.01,0.18,0.62,1.2,-0.99,0.03,-0.99,0.47,1.0,1.44,1.44,1.6900000000000002,1.0,0.4899999999999999,5.76,0.6400000000000001,2.25,1.6900000000000002,0.4899999999999999,1.44,0.1763999999999999,1.1236000000000002,0.3969,0.0841,0.0169,0.3480999999999999,0.0196,0.0289,0.8464,1.3688999999999998,0.0324,0.9801,0.81,0.0009,1.0404,1.5376,0.8835999999999999,0.01,4.840000000000001,0.5476,1.1449,0.36,0.3844,0.2208999999999999,0.0049,0.0001,0.0169,0.0036,0.0324,0.0361,0.16,0.0121,0.0049,0.0225,0.0001,0.0009
6.711999999999992,67.99999999999976,4.410000000000013,65.00999999999979,0.9499999999999951,-23.799999999999876,25.60000000000005,0.7210000000001415,-3.2499999999999827,24.254000000000236,-23.15899999999993,17.397000000000013,-8.174000000000051,93.434,-55.34699999999991,108.60999999999996,1.0,-0.42,0.07,-0.42,0.9,1.2,-1.06,0.01,-1.06,0.03,1.2,0.63,0.13,0.63,1.02,1.3,-0.29,0.06,-0.29,1.24,1.0,-0.13,0.18,-0.13,0.94,0.7,-0.59,0.19,-0.59,0.1,2.4,-0.14,0.4,-0.14,2.2,0.8,-0.17,0.11,-0.17,0.74,1.5,-0.92,0.07,-0.92,1.07,1.3,-1.17,0.15,-1.17,0.6,0.7,0.18,0.01,0.18,0.62,1.2,-0.99,0.03,-0.99,0.47,1.0,1.44,1.44,1.6900000000000002,1.0,0.4899999999999999,5.76,0.6400000000000001,2.25,1.6900000000000002,0.4899999999999999,1.44,0.1763999999999999,1.1236000000000002,0.3969,0.0841,0.0169,0.3480999999999999,0.0196,0.0289,0.8464,1.3688999999999998,0.0324,0.9801,0.81,0.0009,1.0404,1.5376,0.8835999999999999,0.01,4.840000000000001,0.5476,1.1449,0.36,0.3844,0.2208999999999999,0.0049,0.0001,0.0169,0.0036,0.0324,0.0361,0.16,0.0121,0.0049,0.0225,0.0001,0.0009
6.761999999999992,69.47058823529386,4.341176470588246,66.29941176470567,0.9694117647058772,-24.564705882352808,25.20588235294123,-0.002882352941074501,-3.0232352941177103,23.20423529411783,-23.55199999999993,17.361176470588223,-7.81958823529418,93.3934117647059,-55.79488235294107,108.80811764705878,1.0,-0.39,0.11,-0.39,0.87,1.3,-1.21,0.13,-1.21,0.23,1.2,0.62,0.14,0.62,1.06,1.2,-0.35,0.16,-0.35,1.11,0.9,-0.15,0.19,-0.15,0.91,0.7,-0.59,0.19,-0.59,0.05,2.4,-0.22,0.33,-0.22,2.18,0.7,-0.16,0.12,-0.16,0.72,1.3,-0.92,0.2,-0.92,0.87,1.3,-1.25,0.16,-1.25,0.51,0.6,0.15,0.07,0.15,0.57,1.1,-0.91,0.13,-0.91,0.38,1.0,1.6900000000000002,1.44,1.44,0.81,0.4899999999999999,5.76,0.4899999999999999,1.6900000000000002,1.6900000000000002,0.36,1.2100000000000002,0.1521,1.4641,0.3844,0.1224999999999999,0.0225,0.3480999999999999,0.0484,0.0256,0.8464,1.5625,0.0225,0.8281000000000001,0.7569,0.0529,1.1236000000000002,1.2321000000000002,0.8281000000000001,0.0025,4.752400000000001,0.5184,0.7569,0.2601,0.3248999999999999,0.1444,0.0121,0.0169,0.0196,0.0256,0.0361,0.0361,0.1089,0.0144,0.04,0.0256,0.0049,0.0169
6.811999999999991,70.96969696969671,4.281212121212132,67.60363636363614,0.9993939393939344,-25.344242424242292,24.906060606060656,-0.4534545454544825,-2.688393939393993,22.301545454545593,-23.919030303030244,17.505242424242393,-7.487393939393993,93.28336363636366,-56.36375757575748,109.00918181818179,1.0,-0.39,0.11,-0.39,0.87,1.3,-1.21,0.13,-1.21,0.23,1.2,0.62,0.14,0.62,1.06,1.2,-0.35,0.16,-0.35,1.11,0.9,-0.15,0.19,-0.15,0.91,0.7,-0.59,0.19,-0.59,0.05,2.4,-0.22,0.33,-0.22,2.18,0.7,-0.16,0.12,-0.16,0.72,1.3,-0.92,0.2,-0.92,0.87,1.3,-1.25,0.16,-1.25,0.51,0.6,0.15,0.07,0.15,0.57,1.1,-0.91,0.13,-0.91,0.38,1.0,1.6900000000000002,1.44,1.44,0.81,0.4899999999999999,5.76,0.4899999999999999,1.6900000000000002,1.6900000000000002,0.36,1.2100000000000002,0.1521,1.4641,0.3844,0.1224999999999999,0.0225,0.3480999999999999,0.0484,0.0256,0.8464,1.5625,0.0225,0.8281000000000001,0.7569,0.0529,1.1236000000000002,1.2321000000000002,0.8281000000000001,0.0025,4.752400000000001,0.5184,0.7569,0.2601,0.3248999999999999,0.1444,0.0121,0.0169,0.0196,0.0256,0.0361,0.0361,0.1089,0.0144,0.04,0.0256,0.0049,0.0169
6.861999999999991,72.45454545454518,4.2263636363636445,68.89545454545431,1.0290909090909037,-26.126363636363497,24.65454545454548,-0.5628181818181628,-2.4681818181818582,21.79336363636373,-24.17618181818177,17.821727272727216,-7.232272727272774,93.15009090909093,-56.84627272727264,109.1462727272727,1.0,-0.39,0.11,-0.39,0.87,1.3,-1.21,0.13,-1.21,0.23,1.2,0.62,0.14,0.62,1.06,1.2,-0.35,0.16,-0.35,1.11,0.9,-0.15,0.19,-0.15,0.91,0.7,-0.59,0.19,-0.59,0.05,2.4,-0.22,0.33,-0.22,2.18,0.7,-0.16,0.12,-0.16,0.72,1.3,-0.92,0.2,-0.92,0.87,1.3,-1.25,0.16,-1.25,0.51,0.6,0.15,0.07,0.15,0.57,1.1,-0.91,0.13,-0.91,0.38,1.0,1.6900000000000002,1.44,1.44,0.81,0.4899999999999999,5.76,0.4899999999999999,1.6900000000000002,1.6900000000000002,0.36,1.2100000000000002,0.1521,1.4641,0.3844,0.1224999999999999,0.0225,0.3480999999999999,0.0484,0.0256,0.8464,1.5625,0.0225,0.8281000000000001,0.7569,0.0529,1.1236000000000002,1.2321000000000002,0.8281000000000001,0.0025,4.752400000000001,0.5184,0.7569,0.2601,0.3248999999999999,0.1444,0.0121,0.0169,0.0196,0.0256,0.0361,0.0361,0.1089,0.0144,0.04,0.0256,0.0049,0.0169
6.911999999999991,73.94117647058798,4.172352941176481,70.17941176470566,1.0588235294117596,-26.90882352941163,24.788235294117598,-0.6659411764705707,-2.446352941176455,21.290882352941264,-24.58247058823521,18.141352941176415,-7.0702941176470775,93.04641176470591,-57.31947058823521,109.30711764705879,1.0,-0.39,0.11,-0.39,0.87,1.3,-1.21,0.13,-1.21,0.23,1.2,0.62,0.14,0.62,1.06,1.2,-0.35,0.16,-0.35,1.11,0.9,-0.15,0.19,-0.15,0.91,0.7,-0.59,0.19,-0.59,0.05,2.4,-0.22,0.33,-0.22,2.18,0.7,-0.16,0.12,-0.16,0.72,1.3,-0.92,0.2,-0.92,0.87,1.3,-1.25,0.16,-1.25,0.51,0.6,0.15,0.07,0.15,0.57,1.1,-0.91,0.13,-0.91,0.38,1.0,1.6900000000000002,1.44,1.44,0.81,0.4899999999999999,5.76,0.4899999999999999,1.6900000000000002,1.6900000000000002,0.36,1.2100000000000002,0.1521,1.4641,0.3844,0.1224999999999999,0.0225,0.3480999999999999,0.0484,0.0256,0.8464,1.5625,0.0225,0.8281000000000001,0.7569,0.0529,1.1236000000000002,1.2321000000000002,0.8281000000000001,0.0025,4.752400000000001,0.5184,0.7569,0.2601,0.3248999999999999,0.1444,0.0121,0.0169,0.0196,0.0256,0.0361,0.0361,0.1089,0.0144,0.04,0.0256,0.0049,0.0169
6.961999999999991,75.44117647058796,4.112352941176481,71.47941176470565,1.0888235294117594,-27.718235294117502,25.676470588235187,-0.807499999999959,-3.027764705882197,20.85591176470593,-25.41752941176453,18.4763235294117,-7.184058823529371,93.00129411764708,-57.85332352941164,109.55088235294112,0.9117647058824065,-0.35029411764708296,0.16735294117643573,-0.35029411764708296,0.8170588235294439,1.4323529411763902,-1.3335294117646308,0.23147058823523242,-1.3335294117646308,0.28294117647055606,1.2441176470587967,0.633235294117639,0.14441176470587969,0.633235294117639,1.06,1.2,-0.3323529411764813,0.16441176470587968,-0.3323529411764813,1.096764705882361,0.9,-0.15882352941175934,0.19441176470587967,-0.15882352941175934,0.9011764705882407,0.7,-0.5944117647058796,0.19441176470587967,-0.5944117647058796,0.027941176470601646,2.355882352941203,-0.2508823529411577,0.303529411764722,-0.2508823529411577,2.1755882352941205,0.7,-0.15558823529412033,0.12441176470587967,-0.15558823529412033,0.7155882352941203,1.3,-0.906764705882361,0.22647058823527805,-0.906764705882361,0.8523529411764813,1.3,-1.236764705882361,0.13794117647060164,-1.236764705882361,0.47029411764708295,0.5558823529412033,0.14558823529412032,0.09205882352939836,0.14558823529412032,0.5391176470588422,1.0558823529412034,-0.8614705882353236,0.18294117647055608,-0.8614705882353236,0.34029411764708295,0.8411764705883319,2.073823529411532,1.5502941176469918,1.44,0.81,0.4899999999999999,5.552647058823655,0.4899999999999999,1.6900000000000002,1.6900000000000002,0.3114705882353236,1.117352941176527,0.12470294117648725,1.797629411764503,0.40120882352940157,0.11085294117647762,0.02532352941176299,0.3533499999999968,0.06414999999999042,0.0242323529411773,0.8224441176470734,1.5298088235294316,0.021220588235294893,0.7451147058824035,0.6711352941176992,0.08360588235292248,1.1236000000000002,1.2031147058823708,0.8122176470588333,0.001397058823530082,4.733208823529424,0.5120911764705921,0.7269000000000182,0.22317352941178709,0.2918558823529612,0.11779705882354558,0.0321735294117525,0.0666205882352639,0.020879411764705105,0.02705588235294029,0.03782058823529307,0.03782058823529307,0.09301764705883318,0.015502941176469918,0.05217647058822789,0.019644117647062444,0.009091176470585688,0.037017647058811304
7.011999999999991,76.93939393939365,4.06181818181819,72.76787878787853,1.1187878787878731,-28.52727272727257,26.27575757575746,-1.1193939393938697,-3.9823939393937455,20.581333333333387,-26.242363636363493,18.806393939393878,-7.449363636363581,92.97751515151515,-58.578484848484706,109.91587878787871,0.8,-0.3,0.24,-0.3,0.75,1.6,-1.49,0.36,-1.49,0.35,1.3,0.65,0.15,0.65,1.06,1.2,-0.31,0.17,-0.31,1.08,0.9,-0.17,0.2,-0.17,0.89,0.7,-0.6,0.2,-0.6,0.0,2.3,-0.29,0.27,-0.29,2.17,0.7,-0.15,0.13,-0.15,0.71,1.3,-0.89,0.26,-0.89,0.83,1.3,-1.22,0.11,-1.22,0.42,0.5,0.14,0.12,0.14,0.5,1.0,-0.8,0.25,-0.8,0.29,0.6400000000000001,2.5600000000000005,1.6900000000000002,1.44,0.81,0.4899999999999999,5.289999999999999,0.4899999999999999,1.6900000000000002,1.6900000000000002,0.25,1.0,0.09,2.2201,0.4225,0.0961,0.0289,0.36,0.0841,0.0225,0.7921,1.4884,0.0196,0.6400000000000001,0.5625,0.1224999999999999,1.1236000000000002,1.1664,0.7921,0.0,4.7089,0.5041,0.6889,0.1763999999999999,0.25,0.0841,0.0576,0.1296,0.0225,0.0289,0.04,0.04,0.0729,0.0169,0.0676,0.0121,0.0144,0.0625
7.0619999999999905,78.45454545454517,4.016363636363645,74.0663636363634,1.1490909090909034,-29.349999999999845,26.645454545454516,-1.753818181818009,-5.127818181817968,20.231272727272806,-26.584363636363616,18.943000000000026,-7.745909090909059,93.06899999999999,-59.25863636363626,110.35736363636359,0.8,-0.3,0.24,-0.3,0.75,1.6,-1.49,0.36,-1.49,0.35,1.3,0.65,0.15,0.65,1.06,1.2,-0.31,0.17,-0.31,1.08,0.9,-0.17,0.2,-0.17,0.89,0.7,-0.6,0.2,-0.6,0.0,2.3,-0.29,0.27,-0.29,2.17,0.7,-0.15,0.13,-0.15,0.71,1.3,-0.89,0.26,-0.89,0.83,1.3,-1.22,0.11,-1.22,0.42,0.5,0.14,0.12,0.14,0.5,1.0,-0.8,0.25,-0.8,0.29,0.6400000000000001,2.5600000000000005,1.6900000000000002,1.44,0.81,0.4899999999999999,5.289999999999999,0.4899999999999999,1.6900000000000002,1.6900000000000002,0.25,1.0,0.09,2.2201,0.4225,0.0961,0.0289,0.36,0.0841,0.0225,0.7921,1.4884,0.0196,0.6400000000000001,0.5625,0.1224999999999999,1.1236000000000002,1.1664,0.7921,0.0,4.7089,0.5041,0.6889,0.1763999999999999,0.25,0.0841,0.0576,0.1296,0.0225,0.0289,0.04,0.04,0.0729,0.0169,0.0676,0.0121,0.0144,0.0625
7.11199999999999,79.96969696969667,3.9709090909091005,75.36393939393913,1.1890909090908999,-30.1736363636362,26.603030303030334,-2.692060606060415,-6.160545454545258,19.80260606060615,-27.034121212121082,18.797060606060636,-7.799242424242427,93.05269696969698,-59.776939393939294,110.62312121212116,0.8,-0.3,0.24,-0.3,0.75,1.6,-1.49,0.36,-1.49,0.35,1.3,0.65,0.15,0.65,1.06,1.2,-0.31,0.17,-0.31,1.08,0.9,-0.17,0.2,-0.17,0.89,0.7,-0.6,0.2,-0.6,0.0,2.3,-0.29,0.27,-0.29,2.17,0.7,-0.15,0.13,-0.15,0.71,1.3,-0.89,0.26,-0.89,0.83,1.3,-1.22,0.11,-1.22,0.42,0.5,0.14,0.12,0.14,0.5,1.0,-0.8,0.25,-0.8,0.29,0.6400000000000001,2.5600000000000005,1.6900000000000002,1.44,0.81,0.4899999999999999,5.289999999999999,0.4899999999999999,1.6900000000000002,1.6900000000000002,0.25,1.0,0.09,2.2201,0.4225,0.0961,0.0289,0.36,0.0841,0.0225,0.7921,1.4884,0.0196,0.6400000000000001,0.5625,0.1224999999999999,1.1236000000000002,1.1664,0.7921,0.0,4.7089,0.5041,0.6889,0.1763999999999999,0.25,0.0841,0.0576,0.1296,0.0225,0.0289,0.04,0.04,0.0729,0.0169,0.0676,0.0121,0.0144,0.0625
7.16199999999999,81.48484848484819,3.9154545454545544,76.65212121212096,1.2245454545454455,-31.01151515151498,25.860606060606273,-3.619696969696795,-6.769636363636307,19.587030303030254,-27.952060606060606,18.53590909090919,-7.460696969697083,93.03754545454542,-60.32224242424228,110.91330303030293,0.8,-0.3,0.24,-0.3,0.75,1.6,-1.49,0.36,-1.49,0.35,1.3,0.65,0.15,0.65,1.06,1.2,-0.31,0.17,-0.31,1.08,0.9,-0.17,0.2,-0.17,0.89,0.7,-0.6,0.2,-0.6,0.0,2.3,-0.29,0.27,-0.29,2.17,0.7,-0.15,0.13,-0.15,0.71,1.3,-0.89,0.26,-0.89,0.83,1.3,-1.22,0.11,-1.22,0.42,0.5,0.14,0.12,0.14,0.5,1.0,-0.8,0.25,-0.8,0.29,0.6400000000000001,2.5600000000000005,1.6900000000000002,1.44,0.81,0.4899999999999999,5.289999999999999,0.4899999999999999,1.6900000000000002,1.6900000000000002,0.25,1.0,0.09,2.2201,0.4225,0.0961,0.0289,0.36,0.0841,0.0225,0.7921,1.4884,0.0196,0.6400000000000001,0.5625,0.1224999999999999,1.1236000000000002,1.1664,0.7921,0.0,4.7089,0.5041,0.6889,0.1763999999999999,0.25,0.0841,0.0576,0.1296,0.0225,0.0289,0.04,0.04,0.0729,0.0169,0.0676,0.0121,0.0144,0.0625
7.21199999999999,82.9999999999997,3.8800000000000057,77.93999999999974,1.2699999999999911,-31.849999999999838,24.700000000000237,-4.430999999999848,-6.9019999999999895,19.447000000000067,-27.650000000000087,18.0250000000001,-6.8050000000001365,93.16699999999997,-61.00399999999987,111.39799999999991,0.8,-0.3,0.24,-0.3,0.75,1.6,-1.49,0.36,-1.49,0.35,1.3,0.65,0.15,0.65,1.06,1.2,-0.31,0.17,-0.31,1.08,0.9,-0.17,0.2,-0.17,0.89,0.7,-0.6,0.2,-0.6,0.0,2.3,-0.29,0.27,-0.29,2.17,0.7,-0.15,0.13,-0.15,0.71,1.3,-0.89,0.26,-0.89,0.83,1.3,-1.22,0.11,-1.22,0.42,0.5,0.14,0.12,0.14,0.5,1.0,-0.8,0.25,-0.8,0.29,0.6400000000000001,2.5600000000000005,1.6900000000000002,1.44,0.81,0.4899999999999999,5.289999999999999,0.4899999999999999,1.6900000000000002,1.6900000000000002,0.25,1.0,0.09,2.2201,0.4225,0.0961,0.0289,0.36,0.0841,0.0225,0.7921,1.4884,0.0196,0.6400000000000001,0.5625,0.1224999999999999,1.1236000000000002,1.1664,0.7921,0.0,4.7089,0.5041,0.6889,0.1763999999999999,0.25,0.0841,0.0576,0.1296,0.0225,0.0289,0.04,0.04,0.0729,0.0169,0.0676,0.0121,0.0144,0.0625
7.26199999999999,84.51515151515122,3.839696969696976,79.22272727272701,1.3054545454545363,-32.698484848484675,23.387878787879032,-4.915484848484809,-6.664090909090958,18.884939393939224,-27.031212121212118,17.50436363636374,-5.987090909091058,93.15554545454548,-61.517303030302934,111.67548484848481,0.8,-0.27,0.24,-0.27,0.72,1.6,-1.56,0.42,-1.56,0.32,1.3,0.74,0.18,0.74,1.06,1.2,-0.23,0.13,-0.23,1.15,0.9,-0.16,0.19,-0.16,0.88,0.8,-0.64,0.25,-0.64,0.02,2.3,-0.3,0.2,-0.3,2.15,0.7,-0.14,0.15,-0.14,0.69,1.2,-0.83,0.31,-0.83,0.81,1.3,-1.2,0.07,-1.2,0.35,0.5,0.16,0.12,0.16,0.47,0.8,-0.73,0.35,-0.73,0.24,0.6400000000000001,2.5600000000000005,1.6900000000000002,1.44,0.81,0.6400000000000001,5.289999999999999,0.4899999999999999,1.44,1.6900000000000002,0.25,0.6400000000000001,0.0729,2.4336,0.5476,0.0529,0.0256,0.4096,0.09,0.0196,0.6889,1.44,0.0256,0.5328999999999999,0.5184,0.1024,1.1236000000000002,1.3224999999999998,0.7744,0.0004,4.6225,0.4760999999999999,0.6561000000000001,0.1224999999999999,0.2208999999999999,0.0576,0.0576,0.1763999999999999,0.0324,0.0169,0.0361,0.0625,0.04,0.0225,0.0961,0.0049,0.0144,0.1224999999999999
7.31199999999999,86.06060606060576,3.808787878787885,80.53090909090884,1.3418181818181727,-33.56393939393922,22.38181818181827,-5.016787878787895,-6.422030303030348,19.70584848484844,-26.996818181818263,17.08484848484851,-5.374666666666713,93.05396969696969,-62.046393939393816,111.88866666666658,0.8,-0.27,0.24,-0.27,0.72,1.6,-1.56,0.42,-1.56,0.32,1.3,0.74,0.18,0.74,1.06,1.2,-0.23,0.13,-0.23,1.15,0.9,-0.16,0.19,-0.16,0.88,0.8,-0.64,0.25,-0.64,0.02,2.3,-0.3,0.2,-0.3,2.15,0.7,-0.14,0.15,-0.14,0.69,1.2,-0.83,0.31,-0.83,0.81,1.3,-1.2,0.07,-1.2,0.35,0.5,0.16,0.12,0.16,0.47,0.8,-0.73,0.35,-0.73,0.24,0.6400000000000001,2.5600000000000005,1.6900000000000002,1.44,0.81,0.6400000000000001,5.289999999999999,0.4899999999999999,1.44,1.6900000000000002,0.25,0.6400000000000001,0.0729,2.4336,0.5476,0.0529,0.0256,0.4096,0.09,0.0196,0.6889,1.44,0.0256,0.5328999999999999,0.5184,0.1024,1.1236000000000002,1.3224999999999998,0.7744,0.0004,4.6225,0.4760999999999999,0.6561000000000001,0.1224999999999999,0.2208999999999999,0.0576,0.0576,0.1763999999999999,0.0324,0.0169,0.0361,0.0625,0.04,0.0225,0.0961,0.0049,0.0144,0.1224999999999999
7.361999999999989,87.59374999999967,3.7781250000000064,81.81874999999972,1.3878124999999901,-34.42843749999981,22.337499999999867,-4.854187500000062,-6.23015625000003,19.919593749999958,-26.558375000000105,17.09524999999995,-5.327968749999946,93.12374999999999,-62.64781249999988,112.28415624999992,0.8,-0.27,0.24,-0.27,0.72,1.6,-1.56,0.42,-1.56,0.32,1.3,0.74,0.18,0.74,1.06,1.2,-0.23,0.13,-0.23,1.15,0.9,-0.16,0.19,-0.16,0.88,0.8,-0.64,0.25,-0.64,0.02,2.3,-0.3,0.2,-0.3,2.15,0.7,-0.14,0.15,-0.14,0.69,1.2,-0.83,0.31,-0.83,0.81,1.3,-1.2,0.07,-1.2,0.35,0.5,0.16,0.12,0.16,0.47,0.8,-0.73,0.35,-0.73,0.24,0.6400000000000001,2.5600000000000005,1.6900000000000002,1.44,0.81,0.6400000000000001,5.289999999999999,0.4899999999999999,1.44,1.6900000000000002,0.25,0.6400000000000001,0.0729,2.4336,0.5476,0.0529,0.0256,0.4096,0.09,0.0196,0.6889,1.44,0.0256,0.5328999999999999,0.5184,0.1024,1.1236000000000002,1.3224999999999998,0.7744,0.0004,4.6225,0.4760999999999999,0.6561000000000001,0.1224999999999999,0.2208999999999999,0.0576,0.0576,0.1763999999999999,0.0324,0.0169,0.0361,0.0625,0.04,0.0225,0.0961,0.0049,0.0144,0.1224999999999999
7.411999999999989,89.12499999999966,3.7487500000000034,83.1049999999997,1.434999999999986,-35.3012499999998,23.074999999999793,-4.537125000000069,-6.09350000000004,20.42087499999969,-26.165000000000024,17.422124999999898,-5.721499999999866,93.14500000000002,-63.151374999999895,112.58762499999996,0.8,-0.27,0.24,-0.27,0.72,1.6,-1.56,0.42,-1.56,0.32,1.3,0.74,0.18,0.74,1.06,1.2,-0.23,0.13,-0.23,1.15,0.9,-0.16,0.19,-0.16,0.88,0.8,-0.64,0.25,-0.64,0.02,2.3,-0.3,0.2,-0.3,2.15,0.7,-0.14,0.15,-0.14,0.69,1.2,-0.83,0.31,-0.83,0.81,1.3,-1.2,0.07,-1.2,0.35,0.5,0.16,0.12,0.16,0.47,0.8,-0.73,0.35,-0.73,0.24,0.6400000000000001,2.5600000000000005,1.6900000000000002,1.44,0.81,0.6400000000000001,5.289999999999999,0.4899999999999999,1.44,1.6900000000000002,0.25,0.6400000000000001,0.0729,2.4336,0.5476,0.0529,0.0256,0.4096,0.09,0.0196,0.6889,1.44,0.0256,0.5328999999999999,0.5184,0.1024,1.1236000000000002,1.3224999999999998,0.7744,0.0004,4.6225,0.4760999999999999,0.6561000000000001,0.1224999999999999,0.2208999999999999,0.0576,0.0576,0.1763999999999999,0.0324,0.0169,0.0361,0.0625,0.04,0.0225,0.0961,0.0049,0.0144,0.1224999999999999
7.461999999999989,90.66666666666633,3.7333333333333365,84.39333333333306,1.48999999999999,-36.17999999999981,23.9999999999998,-4.16833333333343,-5.9446666666666905,21.851999999999677,-26.273999999999916,17.786999999999946,-6.321666666666537,93.11,-63.59499999999991,112.81099999999994,0.8,-0.27,0.24,-0.27,0.72,1.6,-1.56,0.42,-1.56,0.32,1.3,0.74,0.18,0.74,1.06,1.2666666666666335,-0.15000000000003982,0.09666666666668328,-0.15000000000003982,1.2166666666666335,0.9,-0.16,0.19,-0.16,0.88,0.8,-0.6533333333333268,0.25,-0.6533333333333268,0.02,2.2333333333333667,-0.26666666666668326,0.16000000000001993,-0.26666666666668326,2.1366666666666734,0.7,-0.14,0.15,-0.14,0.69,1.2,-0.83,0.31,-0.83,0.81,1.3,-1.2,0.07,-1.2,0.35,0.5,0.16,0.12,0.16,0.47,0.8,-0.7233333333333366,0.36999999999999006,-0.7233333333333366,0.2000000000000199,0.6400000000000001,2.5600000000000005,1.6900000000000002,1.6066666666665839,0.81,0.6400000000000001,4.990000000000149,0.4899999999999999,1.44,1.6900000000000002,0.25,0.6400000000000001,0.0729,2.4336,0.5476,0.025700000000013545,0.0256,0.4269333333333247,0.07166666666667579,0.0196,0.6889,1.44,0.0256,0.5232333333333381,0.5184,0.1024,1.1236000000000002,1.4824999999999202,0.7744,0.0004,4.565433333333361,0.4760999999999999,0.6561000000000001,0.1224999999999999,0.2208999999999999,0.040800000000008364,0.0576,0.1763999999999999,0.0324,0.009900000000003484,0.0361,0.0625,0.026400000000006772,0.0225,0.0961,0.0049,0.0144,0.1370999999999927
7.511999999999989,92.21874999999966,3.72,85.69374999999971,1.5365624999999898,-37.0646874999998,24.765624999999897,-3.6609062500001226,-5.836125000000034,23.325468749999715,-26.83071874999986,17.86325000000007,-6.896156249999894,93.15953125,-64.06799999999986,113.11959374999992,0.8,-0.27,0.24,-0.27,0.72,1.6,-1.56,0.42,-1.56,0.32,1.3,0.74,0.18,0.74,1.06,1.3,-0.11,0.08,-0.11,1.25,0.9,-0.16,0.19,-0.16,0.88,0.8,-0.66,0.25,-0.66,0.02,2.2,-0.25,0.14,-0.25,2.13,0.7,-0.14,0.15,-0.14,0.69,1.2,-0.83,0.31,-0.83,0.81,1.3,-1.2,0.07,-1.2,0.35,0.5,0.16,0.12,0.16,0.47,0.8,-0.72,0.38,-0.72,0.18,0.6400000000000001,2.5600000000000005,1.6900000000000002,1.6900000000000002,0.81,0.6400000000000001,4.840000000000001,0.4899999999999999,1.44,1.6900000000000002,0.25,0.6400000000000001,0.0729,2.4336,0.5476,0.0121,0.0256,0.4356,0.0625,0.0196,0.6889,1.44,0.0256,0.5184,0.5184,0.1024,1.1236000000000002,1.5625,0.7744,0.0004,4.536899999999999,0.4760999999999999,0.6561000000000001,0.1224999999999999,0.2208999999999999,0.0324,0.0576,0.1763999999999999,0.0324,0.0064,0.0361,0.0625,0.0196,0.0225,0.0961,0.0049,0.0144,0.1444
7.561999999999989,93.78124999999964,3.7121875000000033,86.99843749999971,1.591249999999986,-37.9631249999998,25.0,-3.1038750000001247,-5.755656250000001,24.61296874999971,-27.23306249999996,17.551531250000068,-7.371156249999895,93.21187499999998,-64.65784374999988,113.50084374999992,0.8,-0.27,0.24,-0.27,0.72,1.6,-1.56,0.42,-1.56,0.32,1.3,0.74,0.18,0.74,1.06,1.3,-0.11,0.08,-0.11,1.25,0.9,-0.16,0.19,-0.16,0.88,0.8,-0.66,0.25,-0.66,0.02,2.2,-0.25,0.14,-0.25,2.13,0.7,-0.14,0.15,-0.14,0.69,1.2,-0.83,0.31,-0.83,0.81,1.3,-1.2,0.07,-1.2,0.35,0.5,0.16,0.12,0.16,0.47,0.8,-0.72,0.38,-0.72,0.18,0.6400000000000001,2.5600000000000005,1.6900000000000002,1.6900000000000002,0.81,0.6400000000000001,4.840000000000001,0.4899999999999999,1.44,1.6900000000000002,0.25,0.6400000000000001,0.0729,2.4336,0.5476,0.0121,0.0256,0.4356,0.0625,0.0196,0.6889,1.44,0.0256,0.5184,0.5184,0.1024,1.1236000000000002,1.5625,0.7744,0.0004,4.536899999999999,0.4760999999999999,0.6561000000000001,0.1224999999999999,0.2208999999999999,0.0324,0.0576,0.1763999999999999,0.0324,0.0064,0.0361,0.0625,0.0196,0.0225,0.0961,0.0049,0.0144,0.1444
7.6119999999999886,95.34374999999964,3.7,88.29531249999971,1.6403124999999892,-38.86937499999979,24.83125000000007,-2.5646875000001135,-5.904843749999914,25.782031249999804,-27.278374999999944,17.117531250000177,-7.80531249999992,93.3096875,-65.15646874999987,113.86718749999993,0.8,-0.27,0.24,-0.27,0.72,1.6,-1.56,0.42,-1.56,0.32,1.3,0.74,0.18,0.74,1.06,1.3,-0.11,0.08,-0.11,1.25,0.9,-0.16,0.19,-0.16,0.88,0.8,-0.66,0.25,-0.66,0.02,2.2,-0.25,0.14,-0.25,2.13,0.7,-0.14,0.15,-0.14,0.69,1.2,-0.83,0.31,-0.83,0.81,1.3,-1.2,0.07,-1.2,0.35,0.5,0.16,0.12,0.16,0.47,0.8,-0.72,0.38,-0.72,0.18,0.6400000000000001,2.5600000000000005,1.6900000000000002,1.6900000000000002,0.81,0.6400000000000001,4.840000000000001,0.4899999999999999,1.44,1.6900000000000002,0.25,0.6400000000000001,0.0729,2.4336,0.5476,0.0121,0.0256,0.4356,0.0625,0.0196,0.6889,1.44,0.0256,0.5184,0.5184,0.1024,1.1236000000000002,1.5625,0.7744,0.0004,4.536899999999999,0.4760999999999999,0.6561000000000001,0.1224999999999999,0.2208999999999999,0.0324,0.0576,0.1763999999999999,0.0324,0.0064,0.0361,0.0625,0.0196,0.0225,0.0961,0.0049,0.0144,0.1444
7.661999999999988,96.90624999999963,3.6909375000000035,89.5831249999997,1.687187499999989,-39.775624999999785,24.60937500000004,-2.20737500000006,-6.3403124999998886,26.68837499999978,-27.432218749999983,16.336343750000186,-8.121374999999931,93.36899999999997,-65.69415624999988,114.22521874999991,0.8,-0.27,0.24,-0.27,0.72,1.6,-1.56,0.42,-1.56,0.32,1.3,0.74,0.18,0.74,1.06,1.3,-0.11,0.08,-0.11,1.25,0.9,-0.16,0.19,-0.16,0.88,0.8,-0.66,0.25,-0.66,0.02,2.2,-0.25,0.14,-0.25,2.13,0.7,-0.14,0.15,-0.14,0.69,1.2,-0.83,0.31,-0.83,0.81,1.3,-1.2,0.07,-1.2,0.35,0.5,0.16,0.12,0.16,0.47,0.8,-0.72,0.38,-0.72,0.18,0.6400000000000001,2.5600000000000005,1.6900000000000002,1.6900000000000002,0.81,0.6400000000000001,4.840000000000001,0.4899999999999999,1.44,1.6900000000000002,0.25,0.6400000000000001,0.0729,2.4336,0.5476,0.0121,0.0256,0.4356,0.0625,0.0196,0.6889,1.44,0.0256,0.5184,0.5184,0.1024,1.1236000000000002,1.5625,0.7744,0.0004,4.536899999999999,0.4760999999999999,0.6561000000000001,0.1224999999999999,0.2208999999999999,0.0324,0.0576,0.1763999999999999,0.0324,0.0064,0.0361,0.0625,0.0196,0.0225,0.0961,0.0049,0.0144,0.1444
7.711999999999988,98.46874999999963,3.68,90.8643749999997,1.744062499999989,-40.69187499999978,24.331250000000374,-2.1621562500000078,-6.833374999999921,27.710093749999757,-27.417156249999973,15.534468750000189,-8.285968750000006,93.4781875,-66.23615624999984,114.62915624999992,0.846874999999963,-0.22312500000003715,0.18375000000004454,-0.22312500000003715,0.7481249999999777,1.693749999999926,-1.639687499999937,0.5043749999999332,-1.639687499999937,0.1746875000001151,1.346874999999963,0.7681249999999777,0.1753125000000037,0.7681249999999777,1.0365625000000187,1.346874999999963,-0.04906250000004826,0.0425000000000297,-0.04906250000004826,1.296874999999963,0.9,-0.14125000000001486,0.17593750000001113,-0.14125000000001486,0.8846874999999963,0.8,-0.66,0.2453125000000037,-0.66,0.034062499999988866,2.246874999999963,-0.23593750000001112,0.1493749999999926,-0.23593750000001112,2.162812499999974,0.7,-0.13062500000000743,0.15937499999999258,-0.13062500000000743,0.6759375000000111,1.153125000000037,-0.764375000000052,0.3287499999999851,-0.764375000000052,0.8193749999999926,1.2531250000000371,-1.1578125000000334,0.04187500000002228,-1.1578125000000334,0.36406249999998885,0.5468749999999629,0.18812499999997773,0.07781250000003341,0.18812499999997773,0.4653125000000037,0.8,-0.72,0.3846874999999963,-0.72,0.1706250000000074,0.719687499999937,2.878749999999748,1.8165624999999,1.8165624999999,0.81,0.6400000000000001,5.050937499999833,0.4899999999999999,1.3321875000000853,1.5728125000000928,0.30156249999995915,0.6400000000000001,0.052275000000016336,2.6957718749997923,0.5909124999999658,0.006615625000004343,0.020350000000004156,0.4356,0.05589062500000523,0.01716250000000193,0.5891500000000789,1.3425468750000773,0.036287499999991535,0.5184,0.5605874999999666,0.05444687500003798,1.0750843750000385,1.6843749999999034,0.7826968749999934,0.0013843749999992202,4.678978124999888,0.45711562500001496,0.6714749999999878,0.1327656249999918,0.2165406250000034,0.029212500000002525,0.03735000000001604,0.26246249999993176,0.030759375000001296,0.003400000000002376,0.0311781250000039,0.06020312500000182,0.022412499999997774,0.025499999999997622,0.10847499999999015,0.002650000000001782,0.008071875000005013,0.14800937499999714
7.761999999999988,100.06451612903187,3.67,92.17290322580614,1.7925806451612751,-41.61741935483849,22.974193548387248,-2.2524838709676387,-7.133709677419303,28.37890322580654,-27.311483870967923,14.801612903225926,-8.240838709677439,93.47170967741931,-66.90835483870956,115.01277419354828,0.9,-0.17,0.12,-0.17,0.78,1.8,-1.73,0.6,-1.73,0.01,1.4,0.8,0.17,0.8,1.01,1.4,0.02,0.0,0.02,1.35,0.9,-0.12,0.16,-0.12,0.89,0.8,-0.66,0.24,-0.66,0.05,2.3,-0.22,0.16,-0.22,2.2,0.7,-0.12,0.17,-0.12,0.66,1.1,-0.69,0.35,-0.69,0.83,1.2,-1.11,0.01,-1.11,0.38,0.6,0.22,0.03,0.22,0.46,0.8,-0.72,0.39,-0.72,0.16,0.81,3.24,1.96,1.96,0.81,0.6400000000000001,5.289999999999999,0.4899999999999999,1.2100000000000002,1.44,0.36,0.6400000000000001,0.0289,2.9929,0.6400000000000001,0.0004,0.0144,0.4356,0.0484,0.0144,0.4760999999999999,1.2321000000000002,0.0484,0.5184,0.6084,0.0001,1.0201,1.8225,0.7921,0.0025,4.840000000000001,0.4356,0.6889,0.1444,0.2116,0.0256,0.0144,0.36,0.0289,0.0,0.0256,0.0576,0.0256,0.0289,0.1224999999999999,0.0001,0.0009,0.1521
7.811999999999988,101.6562499999996,3.656875000000008,93.47156249999968,1.8496874999999884,-42.547187499999765,22.53437500000004,-2.7376562499998616,-7.190437500000042,28.165906249999995,-26.928062499999964,14.39181250000007,-8.139218750000033,93.63331249999996,-67.37012499999989,115.4134999999999,0.9,-0.17,0.12,-0.17,0.78,1.8,-1.73,0.6,-1.73,0.01,1.4,0.8,0.17,0.8,1.01,1.4,0.02,0.0,0.02,1.35,0.9,-0.12,0.16,-0.12,0.89,0.8,-0.66,0.24,-0.66,0.05,2.3,-0.22,0.16,-0.22,2.2,0.7,-0.12,0.17,-0.12,0.66,1.1,-0.69,0.35,-0.69,0.83,1.2,-1.11,0.01,-1.11,0.38,0.6,0.22,0.03,0.22,0.46,0.8,-0.72,0.39,-0.72,0.16,0.81,3.24,1.96,1.96,0.81,0.6400000000000001,5.289999999999999,0.4899999999999999,1.2100000000000002,1.44,0.36,0.6400000000000001,0.0289,2.9929,0.6400000000000001,0.0004,0.0144,0.4356,0.0484,0.0144,0.4760999999999999,1.2321000000000002,0.0484,0.5184,0.6084,0.0001,1.0201,1.8225,0.7921,0.0025,4.840000000000001,0.4356,0.6889,0.1444,0.2116,0.0256,0.0144,0.36,0.0289,0.0,0.0256,0.0576,0.0256,0.0289,0.1224999999999999,0.0001,0.0009,0.1521
7.861999999999988,103.25806451612863,3.63,94.7690322580642,1.9003225806451454,-43.489677419354614,22.248387096774273,-3.3365806451611384,-6.840935483871119,28.27870967741932,-27.114806451612974,14.169709677419405,-8.078258064516078,93.66970967741943,-67.85419354838693,115.72512903225804,0.9,-0.17,0.12,-0.17,0.78,1.8,-1.73,0.6,-1.73,0.01,1.4,0.8,0.17,0.8,1.01,1.4,0.02,0.0,0.02,1.35,0.9,-0.12,0.16,-0.12,0.89,0.8,-0.66,0.24,-0.66,0.05,2.3,-0.22,0.16,-0.22,2.2,0.7,-0.12,0.17,-0.12,0.66,1.1,-0.69,0.35,-0.69,0.83,1.2,-1.11,0.01,-1.11,0.38,0.6,0.22,0.03,0.22,0.46,0.8,-0.72,0.39,-0.72,0.16,0.81,3.24,1.96,1.96,0.81,0.6400000000000001,5.289999999999999,0.4899999999999999,1.2100000000000002,1.44,0.36,0.6400000000000001,0.0289,2.9929,0.6400000000000001,0.0004,0.0144,0.4356,0.0484,0.0144,0.4760999999999999,1.2321000000000002,0.0484,0.5184,0.6084,0.0001,1.0201,1.8225,0.7921,0.0025,4.840000000000001,0.4356,0.6889,0.1444,0.2116,0.0256,0.0144,0.36,0.0289,0.0,0.0256,0.0576,0.0256,0.0289,0.1224999999999999,0.0001,0.0009,0.1521
7.9119999999999875,104.87096774193508,3.6125806451612985,96.07548387096742,1.956129032258052,-44.43387096774169,22.1,-3.8743225806450408,-6.230645161290479,28.315258064516144,-26.826967741935555,14.023483870967766,-8.278999999999948,93.5158064516129,-68.40841935483859,115.92758064516121,0.9,-0.17,0.12,-0.17,0.78,1.8,-1.73,0.6,-1.73,0.01,1.4,0.8,0.17,0.8,1.01,1.4,0.02,0.0,0.02,1.35,0.9,-0.12,0.16,-0.12,0.89,0.8,-0.66,0.24,-0.66,0.05,2.3,-0.22,0.16,-0.22,2.2,0.7,-0.12,0.17,-0.12,0.66,1.1,-0.69,0.35,-0.69,0.83,1.2,-1.11,0.01,-1.11,0.38,0.6,0.22,0.03,0.22,0.46,0.8,-0.72,0.39,-0.72,0.16,0.81,3.24,1.96,1.96,0.81,0.6400000000000001,5.289999999999999,0.4899999999999999,1.2100000000000002,1.44,0.36,0.6400000000000001,0.0289,2.9929,0.6400000000000001,0.0004,0.0144,0.4356,0.0484,0.0144,0.4760999999999999,1.2321000000000002,0.0484,0.5184,0.6084,0.0001,1.0201,1.8225,0.7921,0.0025,4.840000000000001,0.4356,0.6889,0.1444,0.2116,0.0256,0.0144,0.36,0.0289,0.0,0.0256,0.0576,0.0256,0.0289,0.1224999999999999,0.0001,0.0009,0.1521
7.961999999999987,106.48387096774152,3.575483870967754,97.38193548387063,2.009354838709661,-45.39032258064492,22.493548387096613,-4.143193548387089,-5.69090322580655,27.962903225806638,-26.322161290322835,14.045870967741907,-8.594129032257916,93.61032258064519,-68.7164838709677,116.18829032258064,0.9,-0.17,0.12,-0.17,0.78,1.8,-1.73,0.6,-1.73,0.01,1.351612903225847,0.7951612903225848,0.15064516129033886,0.7951612903225848,0.9906451612903389,1.4483870967741528,0.06354838709673759,0.06774193548381403,0.06354838709673759,1.4274193548386447,0.9,-0.11516129032258471,0.14548387096775414,-0.11516129032258471,0.8996774193548306,0.8,-0.6551612903225847,0.23032258064516942,-0.6551612903225847,0.07419354838707645,2.3,-0.24903225806449175,0.15032258064516943,-0.24903225806449175,2.209677419354831,0.7,-0.11516129032258471,0.17,-0.11516129032258471,0.6551612903225847,1.1,-0.69,0.35,-0.69,0.83,1.2483870967741528,-1.1535483870967376,0.03903225806449173,-1.1535483870967376,0.38,0.6,0.22,0.015483870967754136,0.22,0.46,0.8,-0.7441935483870764,0.3658064516129236,-0.7441935483870764,0.15516129032258472,0.81,3.24,1.8293548387097873,2.1003225806450434,0.81,0.6400000000000001,5.289999999999999,0.4899999999999999,1.2100000000000002,1.5609677419353822,0.36,0.6400000000000001,0.0289,2.9929,0.6323064516129098,0.0060612903225758874,0.013287096774194483,0.429261290322586,0.06291612903224586,0.013287096774194483,0.4760999999999999,1.3326967741934639,0.0484,0.5544483870967438,0.6084,0.0001,0.981777419354871,2.0439193548385237,0.8095193548386951,0.006129032258061466,4.882774193548352,0.429261290322586,0.6889,0.1444,0.2116,0.02410000000000126,0.0144,0.36,0.023093548387101655,0.009483870967733964,0.0213903225806487,0.05314838709677793,0.022696774193550828,0.0289,0.1224999999999999,0.002422580645159338,0.00046451612903262405,0.1344387096774342
8.011999999999986,108.09677419354793,3.538064516129041,98.67838709677382,2.062903225806438,-46.34806451612876,23.009677419354794,-4.162774193548383,-5.404838709677424,27.202838709677632,-25.807677419354583,14.163161290322547,-9.21483870967723,93.56999999999996,-68.92583870967732,116.2799677419354,0.9,-0.17,0.12,-0.17,0.78,1.8,-1.73,0.6,-1.73,0.01,1.3,0.79,0.13,0.79,0.97,1.5,0.11,0.14,0.11,1.51,0.9,-0.11,0.13,-0.11,0.91,0.8,-0.65,0.22,-0.65,0.1,2.3,-0.28,0.14,-0.28,2.22,0.7,-0.11,0.17,-0.11,0.65,1.1,-0.69,0.35,-0.69,0.83,1.3,-1.2,0.07,-1.2,0.38,0.6,0.22,0.0,0.22,0.46,0.8,-0.77,0.34,-0.77,0.15,0.81,3.24,1.6900000000000002,2.25,0.81,0.6400000000000001,5.289999999999999,0.4899999999999999,1.2100000000000002,1.6900000000000002,0.36,0.6400000000000001,0.0289,2.9929,0.6241000000000001,0.0121,0.0121,0.4225,0.0784,0.0121,0.4760999999999999,1.44,0.0484,0.5929,0.6084,0.0001,0.9409,2.2801,0.8281000000000001,0.01,4.928400000000001,0.4225,0.6889,0.1444,0.2116,0.0225,0.0144,0.36,0.0169,0.0196,0.0169,0.0484,0.0196,0.0289,0.1224999999999999,0.0049,0.0,0.1156
8.061999999999987,109.70967741935443,3.498709677419367,99.97774193548354,2.111290322580633,-47.31580645161266,23.170967741935442,-4.17638709677419,-5.384774193548393,26.434193548387288,-26.718967741935256,14.281806451612875,-9.894774193548216,93.66929032258062,-69.30648387096764,116.59680645161282,0.9,-0.17,0.12,-0.17,0.78,1.8,-1.73,0.6,-1.73,0.01,1.3,0.79,0.13,0.79,0.97,1.5,0.11,0.14,0.11,1.51,0.9,-0.11,0.13,-0.11,0.91,0.8,-0.65,0.22,-0.65,0.1,2.3,-0.28,0.14,-0.28,2.22,0.7,-0.11,0.17,-0.11,0.65,1.1,-0.69,0.35,-0.69,0.83,1.3,-1.2,0.07,-1.2,0.38,0.6,0.22,0.0,0.22,0.46,0.8,-0.77,0.34,-0.77,0.15,0.81,3.24,1.6900000000000002,2.25,0.81,0.6400000000000001,5.289999999999999,0.4899999999999999,1.2100000000000002,1.6900000000000002,0.36,0.6400000000000001,0.0289,2.9929,0.6241000000000001,0.0121,0.0121,0.4225,0.0784,0.0121,0.4760999999999999,1.44,0.0484,0.5929,0.6084,0.0001,0.9409,2.2801,0.8281000000000001,0.01,4.928400000000001,0.4225,0.6889,0.1444,0.2116,0.0225,0.0144,0.36,0.0169,0.0196,0.0169,0.0484,0.0196,0.0289,0.1224999999999999,0.0049,0.0,0.1156
8.111999999999988,111.3225806451609,3.466774193548391,101.28129032258032,2.169677419354827,-48.27354838709653,23.951612903225254,-4.209419354838689,-5.363806451612909,26.045290322580485,-27.63090322580623,14.42687096774188,-10.57445161290306,93.74364516129032,-69.65006451612898,116.86316129032255,0.9,-0.17,0.12,-0.17,0.78,1.8,-1.73,0.6,-1.73,0.01,1.3,0.79,0.13,0.79,0.97,1.5,0.11,0.14,0.11,1.51,0.9,-0.11,0.13,-0.11,0.91,0.8,-0.65,0.22,-0.65,0.1,2.3,-0.28,0.14,-0.28,2.22,0.7,-0.11,0.17,-0.11,0.65,1.1,-0.69,0.35,-0.69,0.83,1.3,-1.2,0.07,-1.2,0.38,0.6,0.22,0.0,0.22,0.46,0.8,-0.77,0.34,-0.77,0.15,0.81,3.24,1.6900000000000002,2.25,0.81,0.6400000000000001,5.289999999999999,0.4899999999999999,1.2100000000000002,1.6900000000000002,0.36,0.6400000000000001,0.0289,2.9929,0.6241000000000001,0.0121,0.0121,0.4225,0.0784,0.0121,0.4760999999999999,1.44,0.0484,0.5929,0.6084,0.0001,0.9409,2.2801,0.8281000000000001,0.01,4.928400000000001,0.4225,0.6889,0.1444,0.2116,0.0225,0.0144,0.36,0.0169,0.0196,0.0169,0.0484,0.0196,0.0289,0.1224999999999999,0.0049,0.0,0.1156
8.161999999999987,112.93548387096732,3.4412903225806537,102.57838709677385,2.21806451612902,-49.23193548387072,25.741935483870588,-4.272193548387085,-5.461645161290275,26.393032258064483,-28.65674193548358,14.639677419354785,-11.256709677419177,93.78429032258063,-69.96335483870958,117.06848387096767,0.9,-0.17,0.12,-0.17,0.78,1.8,-1.73,0.6,-1.73,0.01,1.3,0.79,0.13,0.79,0.97,1.5,0.11,0.14,0.11,1.51,0.9,-0.11,0.13,-0.11,0.91,0.8,-0.65,0.22,-0.65,0.1,2.3,-0.28,0.14,-0.28,2.22,0.7,-0.11,0.17,-0.11,0.65,1.1,-0.69,0.35,-0.69,0.83,1.3,-1.2,0.07,-1.2,0.38,0.6,0.22,0.0,0.22,0.46,0.8,-0.77,0.34,-0.77,0.15,0.81,3.24,1.6900000000000002,2.25,0.81,0.6400000000000001,5.289999999999999,0.4899999999999999,1.2100000000000002,1.6900000000000002,0.36,0.6400000000000001,0.0289,2.9929,0.6241000000000001,0.0121,0.0121,0.4225,0.0784,0.0121,0.4760999999999999,1.44,0.0484,0.5929,0.6084,0.0001,0.9409,2.2801,0.8281000000000001,0.01,4.928400000000001,0.4225,0.6889,0.1444,0.2116,0.0225,0.0144,0.36,0.0169,0.0196,0.0169,0.0484,0.0196,0.0289,0.1224999999999999,0.0049,0.0,0.1156
8.211999999999986,114.54838709677371,3.399032258064526,103.8741935483867,2.2719354838709482,-50.20903225806423,26.50967741935474,-4.303322580645138,-5.748483870967706,26.044838709677506,-29.583322580645092,14.733806451612935,-11.803516129032172,93.88564516129031,-70.36790322580637,117.39509677419348,0.9548387096773707,-0.1261290322581034,0.07612903225810341,-0.1261290322581034,0.8348387096773707,1.8,-1.73,0.6109677419354741,-1.73,0.04290322580642245,1.3,0.7735483870967887,0.10258064516131463,0.7735483870967887,0.9535483870967887,1.6096774193547414,0.1538709677418966,0.2058064516128449,0.1538709677418966,1.586774193548319,0.9,-0.11548387096773707,0.11354838709678879,-0.11548387096773707,0.91,0.8,-0.6609677419354741,0.1980645161290517,-0.6609677419354741,0.09451612903226293,2.2451612903226295,-0.3129032258064225,0.09064516129036634,-0.3129032258064225,2.1925806451613146,0.7,-0.08806451612905171,0.15354838709678878,-0.08806451612905171,0.6609677419354741,1.1548387096773707,-0.766774193548319,0.2622580645162068,-0.766774193548319,0.8245161290322629,1.3,-1.2329032258064225,0.0919354838709483,-1.2329032258064225,0.35258064516131465,0.6,0.2254838709677371,0.016451612903211222,0.2254838709677371,0.4216129032258405,0.8,-0.8083870967741595,0.29612903225810344,-0.8083870967741595,0.10612903225810341,0.9141935483870044,3.24,1.6900000000000002,2.6009677419351727,0.81,0.6400000000000001,5.043225806451832,0.4899999999999999,1.3361290322579529,1.6900000000000002,0.36,0.6400000000000001,0.017493548387106886,2.9929,0.5986000000000227,0.025261290322568977,0.013361290322579527,0.4369774193548259,0.0987999999999819,0.008151612903229306,0.5927967741934449,1.5209419354837992,0.050867741935481686,0.6547032258063967,0.6994322580644354,0.002732258064513795,0.9094774193548665,2.522706451612688,0.8281000000000001,0.008958064516129956,4.808029032258172,0.4369774193548259,0.6798516129032337,0.12493225806453338,0.17897096774196442,0.01284838709678275,0.007380645161296545,0.37338064516127845,0.011141935483876072,0.04592258064513795,0.013116129032261418,0.03962580645162068,0.010222580645169602,0.02380000000000452,0.07511935483875165,0.008848387096770693,0.0004935483870963367,0.08927741935486204
8.261999999999986,116.16666666666622,3.3550000000000137,105.17166666666631,2.3249999999999864,-51.18166666666639,26.58333333333338,-4.390166666666642,-5.865499999999947,25.768000000000075,-29.812166666666528,14.595500000000042,-11.953833333333371,93.92983333333333,-70.60966666666658,117.58116666666662,1.0,-0.09,0.04,-0.09,0.88,1.8,-1.73,0.62,-1.73,0.07,1.3,0.76,0.08,0.76,0.94,1.7,0.19,0.26,0.19,1.65,0.9,-0.12,0.1,-0.12,0.91,0.8,-0.67,0.18,-0.67,0.09,2.2,-0.34,0.05,-0.34,2.17,0.7,-0.07,0.14,-0.07,0.67,1.2,-0.83,0.19,-0.83,0.82,1.3,-1.26,0.11,-1.26,0.33,0.6,0.23,0.03,0.23,0.39,0.8,-0.84,0.26,-0.84,0.07,1.0,3.24,1.6900000000000002,2.89,0.81,0.6400000000000001,4.840000000000001,0.4899999999999999,1.44,1.6900000000000002,0.36,0.6400000000000001,0.0081,2.9929,0.5776,0.0361,0.0144,0.4489000000000001,0.1156,0.0049,0.6889,1.5876,0.0529,0.7055999999999999,0.7744,0.0049,0.8835999999999999,2.7225,0.8281000000000001,0.0081,4.7089,0.4489000000000001,0.6723999999999999,0.1089,0.1521,0.0049,0.0016,0.3844,0.0064,0.0676,0.01,0.0324,0.0025,0.0196,0.0361,0.0121,0.0009,0.0676
8.311999999999987,117.8064516129028,3.3058064516129155,106.47516129032225,2.3822580645161127,-52.173870967741685,26.41935483870972,-4.480354838709654,-6.057354838709629,25.49332258064523,-30.326225806451482,14.443806451612941,-11.813645161290358,93.95690322580644,-70.90154838709671,117.76974193548382,1.0,-0.09,0.04,-0.09,0.88,1.8,-1.73,0.62,-1.73,0.07,1.3,0.76,0.08,0.76,0.94,1.7,0.19,0.26,0.19,1.65,0.9,-0.12,0.1,-0.12,0.91,0.8,-0.67,0.18,-0.67,0.09,2.2,-0.34,0.05,-0.34,2.17,0.7,-0.07,0.14,-0.07,0.67,1.2,-0.83,0.19,-0.83,0.82,1.3,-1.26,0.11,-1.26,0.33,0.6,0.23,0.03,0.23,0.39,0.8,-0.84,0.26,-0.84,0.07,1.0,3.24,1.6900000000000002,2.89,0.81,0.6400000000000001,4.840000000000001,0.4899999999999999,1.44,1.6900000000000002,0.36,0.6400000000000001,0.0081,2.9929,0.5776,0.0361,0.0144,0.4489000000000001,0.1156,0.0049,0.6889,1.5876,0.0529,0.7055999999999999,0.7744,0.0049,0.8835999999999999,2.7225,0.8281000000000001,0.0081,4.7089,0.4489000000000001,0.6723999999999999,0.1089,0.1521,0.0049,0.0016,0.3844,0.0064,0.0676,0.01,0.0324,0.0025,0.0196,0.0361,0.0121,0.0009,0.0676
8.361999999999986,119.45161290322534,3.260967741935493,107.79129032258028,2.4435483870967603,-53.17096774193521,26.064516129032395,-4.573999999999971,-6.249838709677365,25.187774193548492,-30.841806451612758,14.30590322580648,-11.67316129032262,94.03661290322574,-71.26403225806436,118.04835483870953,1.0,-0.09,0.04,-0.09,0.88,1.8,-1.73,0.62,-1.73,0.07,1.3,0.76,0.08,0.76,0.94,1.7,0.19,0.26,0.19,1.65,0.9,-0.12,0.1,-0.12,0.91,0.8,-0.67,0.18,-0.67,0.09,2.2,-0.34,0.05,-0.34,2.17,0.7,-0.07,0.14,-0.07,0.67,1.2,-0.83,0.19,-0.83,0.82,1.3,-1.26,0.11,-1.26,0.33,0.6,0.23,0.03,0.23,0.39,0.8,-0.84,0.26,-0.84,0.07,1.0,3.24,1.6900000000000002,2.89,0.81,0.6400000000000001,4.840000000000001,0.4899999999999999,1.44,1.6900000000000002,0.36,0.6400000000000001,0.0081,2.9929,0.5776,0.0361,0.0144,0.4489000000000001,0.1156,0.0049,0.6889,1.5876,0.0529,0.7055999999999999,0.7744,0.0049,0.8835999999999999,2.7225,0.8281000000000001,0.0081,4.7089,0.4489000000000001,0.6723999999999999,0.1089,0.1521,0.0049,0.0016,0.3844,0.0064,0.0676,0.01,0.0324,0.0025,0.0196,0.0361,0.0121,0.0009,0.0676
8.411999999999985,121.09677419354787,3.2270967741935634,109.1074193548383,2.4929032258064368,-54.15903225806421,25.590322580645214,-4.688516129032213,-6.379483870967755,25.0920322580643,-31.254548387096733,14.232903225806453,-11.495645161290408,94.21338709677417,-71.74461290322571,118.4915483870967,1.0,-0.09,0.04,-0.09,0.88,1.8,-1.73,0.62,-1.73,0.07,1.3,0.76,0.08,0.76,0.94,1.7,0.19,0.26,0.19,1.65,0.9,-0.12,0.1,-0.12,0.91,0.8,-0.67,0.18,-0.67,0.09,2.2,-0.34,0.05,-0.34,2.17,0.7,-0.07,0.14,-0.07,0.67,1.2,-0.83,0.19,-0.83,0.82,1.3,-1.26,0.11,-1.26,0.33,0.6,0.23,0.03,0.23,0.39,0.8,-0.84,0.26,-0.84,0.07,1.0,3.24,1.6900000000000002,2.89,0.81,0.6400000000000001,4.840000000000001,0.4899999999999999,1.44,1.6900000000000002,0.36,0.6400000000000001,0.0081,2.9929,0.5776,0.0361,0.0144,0.4489000000000001,0.1156,0.0049,0.6889,1.5876,0.0529,0.7055999999999999,0.7744,0.0049,0.8835999999999999,2.7225,0.8281000000000001,0.0081,4.7089,0.4489000000000001,0.6723999999999999,0.1089,0.1521,0.0049,0.0016,0.3844,0.0064,0.0676,0.01,0.0324,0.0025,0.0196,0.0361,0.0121,0.0009,0.0676
8.461999999999986,122.73333333333284,3.1780000000000146,110.41666666666627,2.5493333333333137,-55.157333333333035,25.5,-4.894133333333249,-6.261400000000064,25.763199999999806,-31.07200000000017,14.286266666666629,-11.253533333333394,94.21860000000002,-72.09233333333322,118.70893333333328,1.0,-0.09,0.04,-0.09,0.88,1.8,-1.73,0.62,-1.73,0.07,1.3,0.76,0.08,0.76,0.94,1.7,0.19,0.26,0.19,1.65,0.9,-0.12,0.1,-0.12,0.91,0.8,-0.67,0.18,-0.67,0.09,2.2,-0.34,0.05,-0.34,2.17,0.7,-0.07,0.14,-0.07,0.67,1.2,-0.83,0.19,-0.83,0.82,1.3,-1.26,0.11,-1.26,0.33,0.6,0.23,0.03,0.23,0.39,0.8,-0.84,0.26,-0.84,0.07,1.0,3.24,1.6900000000000002,2.89,0.81,0.6400000000000001,4.840000000000001,0.4899999999999999,1.44,1.6900000000000002,0.36,0.6400000000000001,0.0081,2.9929,0.5776,0.0361,0.0144,0.4489000000000001,0.1156,0.0049,0.6889,1.5876,0.0529,0.7055999999999999,0.7744,0.0049,0.8835999999999999,2.7225,0.8281000000000001,0.0081,4.7089,0.4489000000000001,0.6723999999999999,0.1089,0.1521,0.0049,0.0016,0.3844,0.0064,0.0676,0.01,0.0324,0.0025,0.0196,0.0361,0.0121,0.0009,0.0676
8.511999999999986,124.36666666666622,3.1353333333333513,111.71333333333297,2.6109999999999864,-56.15366666666639,25.63666666666662,-5.204866666666591,-5.992933333333411,26.190833333333373,-30.267600000000236,14.448499999999953,-11.081600000000046,94.23756666666657,-72.45469999999996,118.94593333333323,1.1,0.03,0.04,0.03,1.0,1.7,-1.46,0.4,-1.46,0.17,1.3,0.74,0.04,0.74,0.93,1.9,0.46,0.45,0.46,1.86,0.9,-0.14,0.09,-0.14,0.89,0.8,-0.67,0.13,-0.67,0.12,2.2,-0.44,0.05,-0.44,2.1,0.7,0.01,0.1,0.01,0.71,1.4,-1.01,0.02,-1.01,0.82,1.4,-1.33,0.15,-1.33,0.29,0.5,0.26,0.11,0.26,0.28,0.9,-0.86,0.23,-0.86,0.09,1.2100000000000002,2.89,1.6900000000000002,3.61,0.81,0.6400000000000001,4.840000000000001,0.4899999999999999,1.96,1.96,0.25,0.81,0.0009,2.1316,0.5476,0.2116,0.0196,0.4489000000000001,0.1936,0.0001,1.0201,1.7689,0.0676,0.7395999999999999,1.0,0.0289,0.8649000000000001,3.4596000000000005,0.7921,0.0144,4.41,0.5041,0.6723999999999999,0.0841,0.0784,0.0081,0.0016,0.16,0.0016,0.2025,0.0081,0.0169,0.0025,0.01,0.0004,0.0225,0.0121,0.0529
8.561999999999985,126.03225806451566,3.0790322580645304,113.03548387096737,2.6709677419354696,-57.1699999999997,25.59354838709687,-5.471645161290254,-5.706516129032339,26.203451612903102,-29.399322580645407,14.613709677419315,-10.912709677419404,94.52670967741933,-72.66506451612891,119.29925806451604,1.1,0.03,0.04,0.03,1.0,1.7,-1.46,0.4,-1.46,0.17,1.3,0.74,0.04,0.74,0.93,1.9,0.46,0.45,0.46,1.86,0.9,-0.14,0.09,-0.14,0.89,0.8,-0.67,0.13,-0.67,0.12,2.2,-0.44,0.05,-0.44,2.1,0.7,0.01,0.1,0.01,0.71,1.4,-1.01,0.02,-1.01,0.82,1.4,-1.33,0.15,-1.33,0.29,0.5,0.26,0.11,0.26,0.28,0.9,-0.86,0.23,-0.86,0.09,1.2100000000000002,2.89,1.6900000000000002,3.61,0.81,0.6400000000000001,4.840000000000001,0.4899999999999999,1.96,1.96,0.25,0.81,0.0009,2.1316,0.5476,0.2116,0.0196,0.4489000000000001,0.1936,0.0001,1.0201,1.7689,0.0676,0.7395999999999999,1.0,0.0289,0.8649000000000001,3.4596000000000005,0.7921,0.0144,4.41,0.5041,0.6723999999999999,0.0841,0.0784,0.0081,0.0016,0.16,0.0016,0.2025,0.0081,0.0169,0.0025,0.01,0.0004,0.0225,0.0121,0.0529
8.611999999999984,127.66666666666613,3.030000000000016,114.3333333333329,2.7266666666666457,-58.17666666666634,25.333333333333385,-5.634999999999981,-5.277333333333544,26.540999999999933,-29.082333333333185,14.718999999999982,-10.732000000000067,94.61533333333331,-72.96833333333328,119.55433333333328,1.1,0.03,0.04,0.03,1.0,1.7,-1.46,0.4,-1.46,0.17,1.3,0.74,0.04,0.74,0.93,1.9,0.46,0.45,0.46,1.86,0.9,-0.14,0.09,-0.14,0.89,0.8,-0.67,0.13,-0.67,0.12,2.2,-0.44,0.05,-0.44,2.1,0.7,0.01,0.1,0.01,0.71,1.4,-1.01,0.02,-1.01,0.82,1.4,-1.33,0.15,-1.33,0.29,0.5,0.26,0.11,0.26,0.28,0.9,-0.86,0.23,-0.86,0.09,1.2100000000000002,2.89,1.6900000000000002,3.61,0.81,0.6400000000000001,4.840000000000001,0.4899999999999999,1.96,1.96,0.25,0.81,0.0009,2.1316,0.5476,0.2116,0.0196,0.4489000000000001,0.1936,0.0001,1.0201,1.7689,0.0676,0.7395999999999999,1.0,0.0289,0.8649000000000001,3.4596000000000005,0.7921,0.0144,4.41,0.5041,0.6723999999999999,0.0841,0.0784,0.0081,0.0016,0.16,0.0016,0.2025,0.0081,0.0169,0.0025,0.01,0.0004,0.0225,0.0121,0.0529
8.661999999999985,129.33333333333283,2.9833333333333436,115.65333333333295,2.779999999999985,-59.19333333333304,25.233333333333285,-5.606666666666713,-4.5686666666668385,26.826999999999803,-29.50900000000017,14.768999999999977,-10.591333333333312,94.70433333333331,-73.13066666666656,119.72633333333326,1.1,0.03,0.04,0.03,1.0,1.7,-1.46,0.4,-1.46,0.17,1.3,0.74,0.04,0.74,0.93,1.9,0.46,0.45,0.46,1.86,0.9,-0.14,0.09,-0.14,0.89,0.8,-0.67,0.13,-0.67,0.12,2.2,-0.44,0.05,-0.44,2.1,0.7,0.01,0.1,0.01,0.71,1.4,-1.01,0.02,-1.01,0.82,1.4,-1.33,0.15,-1.33,0.29,0.5,0.26,0.11,0.26,0.28,0.9,-0.86,0.23,-0.86,0.09,1.2100000000000002,2.89,1.6900000000000002,3.61,0.81,0.6400000000000001,4.840000000000001,0.4899999999999999,1.96,1.96,0.25,0.81,0.0009,2.1316,0.5476,0.2116,0.0196,0.4489000000000001,0.1936,0.0001,1.0201,1.7689,0.0676,0.7395999999999999,1.0,0.0289,0.8649000000000001,3.4596000000000005,0.7921,0.0144,4.41,0.5041,0.6723999999999999,0.0841,0.0784,0.0081,0.0016,0.16,0.0016,0.2025,0.0081,0.0169,0.0025,0.01,0.0004,0.0225,0.0121,0.0529
8.711999999999986,130.99999999999952,2.940000000000014,116.97999999999962,2.8399999999999808,-60.21999999999971,25.399999999999952,-5.457000000000041,-3.984000000000167,27.17799999999996,-29.164000000000055,14.910999999999946,-10.654999999999983,94.78199999999997,-73.41399999999994,119.96299999999994,1.1,0.03,0.04,0.03,1.0,1.7,-1.46,0.4,-1.46,0.17,1.3,0.74,0.04,0.74,0.93,1.9,0.46,0.45,0.46,1.86,0.9,-0.14,0.09,-0.14,0.89,0.8,-0.67,0.13,-0.67,0.12,2.2,-0.44,0.05,-0.44,2.1,0.7,0.01,0.1,0.01,0.71,1.4,-1.01,0.02,-1.01,0.82,1.4,-1.33,0.15,-1.33,0.29,0.5,0.26,0.11,0.26,0.28,0.9,-0.86,0.23,-0.86,0.09,1.2100000000000002,2.89,1.6900000000000002,3.61,0.81,0.6400000000000001,4.840000000000001,0.4899999999999999,1.96,1.96,0.25,0.81,0.0009,2.1316,0.5476,0.2116,0.0196,0.4489000000000001,0.1936,0.0001,1.0201,1.7689,0.0676,0.7395999999999999,1.0,0.0289,0.8649000000000001,3.4596000000000005,0.7921,0.0144,4.41,0.5041,0.6723999999999999,0.0841,0.0784,0.0081,0.0016,0.16,0.0016,0.2025,0.0081,0.0169,0.0025,0.01,0.0004,0.0225,0.0121,0.0529
8.761999999999984,132.66666666666615,2.900000000000016,118.29666666666624,2.8966666666666456,-61.23666666666634,25.599999999999838,-5.322666666666709,-3.52500000000008,26.648666666666834,-29.278333333333393,15.241999999999894,-10.69633333333332,94.8813333333333,-73.57733333333321,120.14066666666656,1.1,0.03,0.04,0.03,1.0,1.7,-1.46,0.4,-1.46,0.17,1.3,0.71,0.01,0.71,0.93,1.9,0.46,0.45,0.46,1.86,1.0,-0.19,0.04,-0.19,0.91,0.8,-0.65,0.1,-0.65,0.15,2.0,-0.54,0.22,-0.54,1.91,0.8,0.09,0.07,0.09,0.72,1.5,-1.19,0.15,-1.19,0.85,1.4,-1.41,0.18,-1.41,0.18,0.5,0.33,0.16,0.33,0.17,0.8,-0.83,0.23,-0.83,0.13,1.2100000000000002,2.89,1.6900000000000002,3.61,1.0,0.6400000000000001,4.0,0.6400000000000001,2.25,1.96,0.25,0.6400000000000001,0.0009,2.1316,0.5041,0.2116,0.0361,0.4225,0.2916,0.0081,1.4161,1.9881,0.1089,0.6889,1.0,0.0289,0.8649000000000001,3.4596000000000005,0.8281000000000001,0.0225,3.6481,0.5184,0.7224999999999999,0.0324,0.0289,0.0169,0.0016,0.16,0.0001,0.2025,0.0016,0.01,0.0484,0.0049,0.0225,0.0324,0.0256,0.0529
8.811999999999983,134.33333333333277,2.8400000000000167,119.61333333333289,2.9633333333333116,-62.266666666666325,26.099999999999834,-5.189333333333377,-3.3550000000000497,26.12133333333351,-28.98100000000011,15.571666666666557,-10.742333333333319,95.01399999999995,-74.01166666666651,120.51966666666654,1.1,0.03,0.04,0.03,1.0,1.7,-1.46,0.4,-1.46,0.17,1.3,0.71,0.01,0.71,0.93,1.9,0.46,0.45,0.46,1.86,1.0,-0.19,0.04,-0.19,0.91,0.8,-0.65,0.1,-0.65,0.15,2.0,-0.54,0.22,-0.54,1.91,0.8,0.09,0.07,0.09,0.72,1.5,-1.19,0.15,-1.19,0.85,1.4,-1.41,0.18,-1.41,0.18,0.5,0.33,0.16,0.33,0.17,0.8,-0.83,0.23,-0.83,0.13,1.2100000000000002,2.89,1.6900000000000002,3.61,1.0,0.6400000000000001,4.0,0.6400000000000001,2.25,1.96,0.25,0.6400000000000001,0.0009,2.1316,0.5041,0.2116,0.0361,0.4225,0.2916,0.0081,1.4161,1.9881,0.1089,0.6889,1.0,0.0289,0.8649000000000001,3.4596000000000005,0.8281000000000001,0.0225,3.6481,0.5184,0.7224999999999999,0.0324,0.0289,0.0169,0.0016,0.16,0.0001,0.2025,0.0016,0.01,0.0484,0.0049,0.0225,0.0324,0.0256,0.0529
8.861999999999984,135.99999999999946,2.790000000000016,120.92999999999958,3.0299999999999785,-63.29999999999967,26.499999999999893,-5.113000000000013,-3.205000000000048,25.541000000000196,-28.655000000000104,15.862999999999914,-10.788999999999985,94.98300000000005,-74.10300000000004,120.55500000000008,1.1,0.03,0.04,0.03,1.0,1.7,-1.46,0.4,-1.46,0.17,1.3,0.71,0.01,0.71,0.93,1.9,0.46,0.45,0.46,1.86,1.0,-0.19,0.04,-0.19,0.91,0.8,-0.65,0.1,-0.65,0.15,2.0,-0.54,0.22,-0.54,1.91,0.8,0.09,0.07,0.09,0.72,1.5,-1.19,0.15,-1.19,0.85,1.4,-1.41,0.18,-1.41,0.18,0.5,0.33,0.16,0.33,0.17,0.8,-0.83,0.23,-0.83,0.13,1.2100000000000002,2.89,1.6900000000000002,3.61,1.0,0.6400000000000001,4.0,0.6400000000000001,2.25,1.96,0.25,0.6400000000000001,0.0009,2.1316,0.5041,0.2116,0.0361,0.4225,0.2916,0.0081,1.4161,1.9881,0.1089,0.6889,1.0,0.0289,0.8649000000000001,3.4596000000000005,0.8281000000000001,0.0225,3.6481,0.5184,0.7224999999999999,0.0324,0.0289,0.0169,0.0016,0.16,0.0001,0.2025,0.0016,0.01,0.0484,0.0049,0.0225,0.0324,0.0256,0.0529
8.911999999999985,137.65517241379257,2.757241379310372,122.2410344827582,3.082758620689628,-64.31275862068931,26.665517241379256,-5.196758620689628,-3.187034482758559,24.82524137931058,-28.577896551724038,16.04541379310339,-10.928379310344734,94.86744827586192,-73.86313793103422,120.31175862068937,1.1,0.03,0.04,0.03,1.0,1.7,-1.46,0.4,-1.46,0.17,1.3,0.71,0.01,0.71,0.93,1.9,0.46,0.45,0.46,1.86,1.0,-0.19,0.04,-0.19,0.91,0.8,-0.65,0.1,-0.65,0.15,2.0,-0.54,0.22,-0.54,1.91,0.8,0.09,0.07,0.09,0.72,1.5,-1.19,0.15,-1.19,0.85,1.4,-1.41,0.18,-1.41,0.18,0.5,0.33,0.16,0.33,0.17,0.8,-0.83,0.23,-0.83,0.13,1.2100000000000002,2.89,1.6900000000000002,3.61,1.0,0.6400000000000001,4.0,0.6400000000000001,2.25,1.96,0.25,0.6400000000000001,0.0009,2.1316,0.5041,0.2116,0.0361,0.4225,0.2916,0.0081,1.4161,1.9881,0.1089,0.6889,1.0,0.0289,0.8649000000000001,3.4596000000000005,0.8281000000000001,0.0225,3.6481,0.5184,0.7224999999999999,0.0324,0.0289,0.0169,0.0016,0.16,0.0001,0.2025,0.0016,0.01,0.0484,0.0049,0.0225,0.0324,0.0256,0.0529
8.961999999999984,139.34482758620635,2.67965517241381,123.55896551724095,3.16034482758619,-65.37379310344792,26.83103448275873,-5.20662068965524,-3.4526206896550775,23.935206896552184,-29.026655172413633,16.082724137931162,-11.268413793103331,95.388724137931,-74.71793103448276,121.2472068965517,1.1344827586206339,0.03344827586206339,0.05724137931031695,0.03344827586206339,1.0275862068965071,1.6310344827587322,-1.3910344827587322,0.337931034482859,-1.3910344827587322,0.15620689655174647,1.265517241379366,0.6996551724138098,0.01,0.6996551724138098,0.9334482758620634,1.934482758620634,0.5013793103447607,0.4568965517241268,0.5013793103447607,1.8668965517241267,1.0,-0.1968965517241268,0.026206896551746444,-0.1968965517241268,0.9134482758620635,0.7655172413793662,-0.6293103448276197,0.07931034482761967,-0.6293103448276197,0.1465517241379366,1.9310344827587322,-0.49517241379317595,0.27862068965507764,-0.49517241379317595,1.8548275862069856,0.8,0.11413793103444372,0.06655172413793661,0.11413793103444372,0.7165517241379366,1.534482758620634,-1.1968965517241268,0.16034482758619018,-1.1968965517241268,0.8603448275861901,1.4,-1.403103448275873,0.16275862068968305,-1.403103448275873,0.1765517241379366,0.5,0.3679310344826973,0.14965517241380982,0.3679310344826973,0.12862068965523935,0.8344827586206339,-0.8265517241379365,0.21965517241380983,-0.8265517241379365,0.13,1.289310344827458,2.6693103448279434,1.6037931034484154,3.744482758620472,1.0,0.5882758620690492,3.7379310344831826,0.6400000000000001,2.356896551723965,1.96,0.25,0.6986206896550777,0.0011413793103444373,1.9440137931037516,0.4897206896551957,0.2546344827585511,0.03885862068965068,0.39684482758624834,0.24901379310351712,0.014134482758610931,1.4326517241379042,1.968789655172445,0.1381068965516769,0.6832103448275954,1.0573793103447349,0.02476206896552393,0.8713482758620585,3.4853931034482346,0.834410344827576,0.021500000000001615,3.446168965517568,0.5134689655172493,0.7403965517241089,0.03119310344827781,0.01979655172415265,0.0169,0.003841379310341203,0.12151724137937257,0.0001,0.2088448275861966,0.0010482758620698578,0.007103448275866753,0.08415862068959734,0.0044517241379317595,0.025913793103442755,0.027055172413801745,0.022600000000004852,0.04845172413793823
9.011999999999983,141.0333333333328,2.6293333333333444,124.8863333333329,3.2213333333333116,-66.42066666666634,26.390000000000164,-4.942400000000142,-3.738666666666573,22.63203333333368,-29.514633333333173,15.654066666666846,-11.623999999999885,95.47566666666665,-74.69806666666668,121.30613333333334,1.2,0.04,0.09,0.04,1.08,1.5,-1.26,0.22,-1.26,0.13,1.2,0.68,0.01,0.68,0.94,2.0,0.58,0.47,0.58,1.88,1.0,-0.21,0.0,-0.21,0.92,0.7,-0.59,0.04,-0.59,0.14,1.8,-0.41,0.39,-0.41,1.75,0.8,0.16,0.06,0.16,0.71,1.6,-1.21,0.18,-1.21,0.88,1.4,-1.39,0.13,-1.39,0.17,0.5,0.44,0.13,0.44,0.05,0.9,-0.82,0.2,-0.82,0.13,1.44,2.25,1.44,4.0,1.0,0.4899999999999999,3.24,0.6400000000000001,2.5600000000000005,1.96,0.25,0.81,0.0016,1.5876,0.4624000000000001,0.3364,0.0440999999999999,0.3480999999999999,0.1680999999999999,0.0256,1.4641,1.9321,0.1936,0.6723999999999999,1.1664,0.0169,0.8835999999999999,3.5344,0.8464,0.0196,3.0625,0.5041,0.7744,0.0289,0.0025,0.0169,0.0081,0.0484,0.0001,0.2208999999999999,0.0,0.0016,0.1521,0.0036,0.0324,0.0169,0.0169,0.04
9.061999999999983,142.69999999999945,2.5960000000000107,126.20299999999956,3.2879999999999776,-67.45399999999965,25.890000000000168,-4.432600000000204,-4.021999999999907,21.738400000000226,-29.99699999999984,15.13400000000016,-11.974699999999883,95.49849999999999,-74.62970000000003,121.28900000000002,1.2,0.04,0.09,0.04,1.08,1.5,-1.26,0.22,-1.26,0.13,1.2,0.68,0.01,0.68,0.94,2.0,0.58,0.47,0.58,1.88,1.0,-0.21,0.0,-0.21,0.92,0.7,-0.59,0.04,-0.59,0.14,1.8,-0.41,0.39,-0.41,1.75,0.8,0.16,0.06,0.16,0.71,1.6,-1.21,0.18,-1.21,0.88,1.4,-1.39,0.13,-1.39,0.17,0.5,0.44,0.13,0.44,0.05,0.9,-0.82,0.2,-0.82,0.13,1.44,2.25,1.44,4.0,1.0,0.4899999999999999,3.24,0.6400000000000001,2.5600000000000005,1.96,0.25,0.81,0.0016,1.5876,0.4624000000000001,0.3364,0.0440999999999999,0.3480999999999999,0.1680999999999999,0.0256,1.4641,1.9321,0.1936,0.6723999999999999,1.1664,0.0169,0.8835999999999999,3.5344,0.8464,0.0196,3.0625,0.5041,0.7744,0.0289,0.0025,0.0169,0.0081,0.0484,0.0001,0.2208999999999999,0.0,0.0016,0.1521,0.0036,0.0324,0.0169,0.0169,0.04
9.111999999999984,144.3666666666661,2.5626666666666775,127.51966666666624,3.3646666666666447,-68.477333333333,25.6,-3.873133333333408,-4.30533333333324,21.07506666666697,-30.480333333333174,14.81849999999996,-12.326733333333218,95.46110000000004,-74.5515,121.21830000000003,1.2,0.04,0.09,0.04,1.08,1.5,-1.26,0.22,-1.26,0.13,1.2,0.68,0.01,0.68,0.94,2.0,0.58,0.47,0.58,1.88,1.0,-0.21,0.0,-0.21,0.92,0.7,-0.59,0.04,-0.59,0.14,1.8,-0.41,0.39,-0.41,1.75,0.8,0.16,0.06,0.16,0.71,1.6,-1.21,0.18,-1.21,0.88,1.4,-1.39,0.13,-1.39,0.17,0.5,0.44,0.13,0.44,0.05,0.9,-0.82,0.2,-0.82,0.13,1.44,2.25,1.44,4.0,1.0,0.4899999999999999,3.24,0.6400000000000001,2.5600000000000005,1.96,0.25,0.81,0.0016,1.5876,0.4624000000000001,0.3364,0.0440999999999999,0.3480999999999999,0.1680999999999999,0.0256,1.4641,1.9321,0.1936,0.6723999999999999,1.1664,0.0169,0.8835999999999999,3.5344,0.8464,0.0196,3.0625,0.5041,0.7744,0.0289,0.0025,0.0169,0.0081,0.0484,0.0001,0.2208999999999999,0.0,0.0016,0.1521,0.0036,0.0324,0.0169,0.0169,0.04
9.161999999999983,146.0333333333328,2.54,128.83666666666622,3.4309999999999836,-69.500333333333,26.456666666665726,-3.8637999999997876,-4.590799999999904,20.45516666666658,-30.965899999999834,15.115099999999734,-12.68119999999988,95.25203333333347,-74.57756666666666,121.08433333333343,1.2,0.04,0.09,0.04,1.08,1.5,-1.26,0.22,-1.26,0.13,1.2,0.68,0.01,0.68,0.94,2.0,0.58,0.47,0.58,1.88,1.0,-0.21,0.0,-0.21,0.92,0.7,-0.59,0.04,-0.59,0.14,1.8,-0.41,0.39,-0.41,1.75,0.8,0.16,0.06,0.16,0.71,1.6,-1.21,0.18,-1.21,0.88,1.4,-1.39,0.13,-1.39,0.17,0.5,0.44,0.13,0.44,0.05,0.9,-0.82,0.2,-0.82,0.13,1.44,2.25,1.44,4.0,1.0,0.4899999999999999,3.24,0.6400000000000001,2.5600000000000005,1.96,0.25,0.81,0.0016,1.5876,0.4624000000000001,0.3364,0.0440999999999999,0.3480999999999999,0.1680999999999999,0.0256,1.4641,1.9321,0.1936,0.6723999999999999,1.1664,0.0169,0.8835999999999999,3.5344,0.8464,0.0196,3.0625,0.5041,0.7744,0.0289,0.0025,0.0169,0.0081,0.0484,0.0001,0.2208999999999999,0.0,0.0016,0.1521,0.0036,0.0324,0.0169,0.0169,0.04
9.211999999999982,147.6999999999994,2.5260000000000122,130.16299999999953,3.4879999999999756,-70.51699999999963,28.72999999999945,-4.692099999999602,-4.828999999999939,20.7218999999999,-31.031100000000194,15.95999999999967,-12.860600000000026,95.00070000000002,-74.68359999999991,120.96409999999996,1.2,0.04,0.09,0.04,1.08,1.5,-1.26,0.22,-1.26,0.13,1.2,0.68,0.01,0.68,0.94,2.0,0.58,0.47,0.58,1.88,1.0,-0.21,0.0,-0.21,0.92,0.7,-0.59,0.04,-0.59,0.14,1.8,-0.41,0.39,-0.41,1.75,0.8,0.16,0.06,0.16,0.71,1.6,-1.21,0.18,-1.21,0.88,1.4,-1.39,0.13,-1.39,0.17,0.5,0.44,0.13,0.44,0.05,0.9,-0.82,0.2,-0.82,0.13,1.44,2.25,1.44,4.0,1.0,0.4899999999999999,3.24,0.6400000000000001,2.5600000000000005,1.96,0.25,0.81,0.0016,1.5876,0.4624000000000001,0.3364,0.0440999999999999,0.3480999999999999,0.1680999999999999,0.0256,1.4641,1.9321,0.1936,0.6723999999999999,1.1664,0.0169,0.8835999999999999,3.5344,0.8464,0.0196,3.0625,0.5041,0.7744,0.0289,0.0025,0.0169,0.0081,0.0484,0.0001,0.2208999999999999,0.0,0.0016,0.1521,0.0036,0.0324,0.0169,0.0169,0.04
9.261999999999983,149.3666666666661,2.506333333333339,131.47966666666622,3.5609999999999826,-71.54366666666631,29.32666666666678,-5.507700000000091,-4.962866666666623,21.0077999999999,-30.219966666666966,16.61096666666671,-12.673433333333406,95.13993333333319,-74.9239666666666,121.22503333333319,1.2,0.04,0.09,0.04,1.08,1.5,-1.26,0.22,-1.26,0.13,1.2,0.68,0.01,0.68,0.94,2.0,0.58,0.47,0.58,1.88,1.0,-0.21,0.0,-0.21,0.92,0.7,-0.59,0.04,-0.59,0.14,1.8,-0.41,0.39,-0.41,1.75,0.8,0.16,0.06,0.16,0.71,1.6,-1.21,0.18,-1.21,0.88,1.4,-1.39,0.13,-1.39,0.17,0.5,0.44,0.13,0.44,0.05,0.9,-0.82,0.2,-0.82,0.13,1.44,2.25,1.44,4.0,1.0,0.4899999999999999,3.24,0.6400000000000001,2.5600000000000005,1.96,0.25,0.81,0.0016,1.5876,0.4624000000000001,0.3364,0.0440999999999999,0.3480999999999999,0.1680999999999999,0.0256,1.4641,1.9321,0.1936,0.6723999999999999,1.1664,0.0169,0.8835999999999999,3.5344,0.8464,0.0196,3.0625,0.5041,0.7744,0.0289,0.0025,0.0169,0.0081,0.0484,0.0001,0.2208999999999999,0.0,0.0016,0.1521,0.0036,0.0324,0.0169,0.0169,0.04
9.311999999999983,151.0666666666661,2.478666666666678,132.82199999999958,3.622666666666644,-72.59133333333298,28.99333333333339,-5.237400000000091,-5.033600000000029,21.302599999999902,-29.415200000000194,16.490333333333375,-12.483333333333373,95.4759333333333,-75.18066666666651,121.63633333333321,1.2,0.04,0.09,0.04,1.08,1.5,-1.26,0.22,-1.26,0.13,1.2,0.68,0.01,0.68,0.94,2.0,0.58,0.47,0.58,1.88,1.0,-0.21,0.0,-0.21,0.92,0.7,-0.59,0.04,-0.59,0.14,1.8,-0.41,0.39,-0.41,1.75,0.8,0.16,0.06,0.16,0.71,1.6,-1.21,0.18,-1.21,0.88,1.4,-1.39,0.13,-1.39,0.17,0.5,0.44,0.13,0.44,0.05,0.9,-0.82,0.2,-0.82,0.13,1.44,2.25,1.44,4.0,1.0,0.4899999999999999,3.24,0.6400000000000001,2.5600000000000005,1.96,0.25,0.81,0.0016,1.5876,0.4624000000000001,0.3364,0.0440999999999999,0.3480999999999999,0.1680999999999999,0.0256,1.4641,1.9321,0.1936,0.6723999999999999,1.1664,0.0169,0.8835999999999999,3.5344,0.8464,0.0196,3.0625,0.5041,0.7744,0.0289,0.0025,0.0169,0.0081,0.0484,0.0001,0.2208999999999999,0.0,0.0016,0.1521,0.0036,0.0324,0.0169,0.0169,0.04
9.361999999999982,152.73333333333275,2.438000000000017,134.12933333333288,3.6893333333333107,-73.63199999999964,28.9,-4.973133333333423,-4.947866666666696,21.5925999999999,-28.845200000000194,16.372933333333375,-12.367400000000039,95.57426666666663,-75.62159999999984,121.99539999999988,1.2,0.04,0.09,0.04,1.08,1.5,-1.26,0.22,-1.26,0.13,1.2,0.68,0.01,0.68,0.94,2.0,0.58,0.47,0.58,1.88,1.0,-0.21,0.0,-0.21,0.92,0.7,-0.59,0.04,-0.59,0.14,1.8,-0.41,0.39,-0.41,1.75,0.8,0.16,0.06,0.16,0.71,1.6,-1.21,0.18,-1.21,0.88,1.4,-1.39,0.13,-1.39,0.17,0.5,0.44,0.13,0.44,0.05,0.9,-0.82,0.2,-0.82,0.13,1.44,2.25,1.44,4.0,1.0,0.4899999999999999,3.24,0.6400000000000001,2.5600000000000005,1.96,0.25,0.81,0.0016,1.5876,0.4624000000000001,0.3364,0.0440999999999999,0.3480999999999999,0.1680999999999999,0.0256,1.4641,1.9321,0.1936,0.6723999999999999,1.1664,0.0169,0.8835999999999999,3.5344,0.8464,0.0196,3.0625,0.5041,0.7744,0.0289,0.0025,0.0169,0.0081,0.0484,0.0001,0.2208999999999999,0.0,0.0016,0.1521,0.0036,0.0324,0.0169,0.0169,0.04
9.411999999999981,154.4333333333327,2.3970000000000184,135.45799999999952,3.761666666666636,-74.6886666666663,28.843333333333273,-4.70453333333343,-4.832733333333405,21.886966666666563,-28.079800000000468,16.253233333333377,-12.320299999999943,95.61476666666671,-75.96366666666665,122.24780000000003,1.2,0.04,0.09,0.04,1.08,1.5,-1.26,0.22,-1.26,0.13,1.2,0.68,0.01,0.68,0.94,2.0,0.58,0.47,0.58,1.88,1.0,-0.21,0.0,-0.21,0.92,0.7,-0.59,0.04,-0.59,0.14,1.8,-0.41,0.39,-0.41,1.75,0.8,0.16,0.06,0.16,0.71,1.6,-1.21,0.18,-1.21,0.88,1.4,-1.39,0.13,-1.39,0.17,0.5,0.44,0.13,0.44,0.05,0.9,-0.82,0.2,-0.82,0.13,1.44,2.25,1.44,4.0,1.0,0.4899999999999999,3.24,0.6400000000000001,2.5600000000000005,1.96,0.25,0.81,0.0016,1.5876,0.4624000000000001,0.3364,0.0440999999999999,0.3480999999999999,0.1680999999999999,0.0256,1.4641,1.9321,0.1936,0.6723999999999999,1.1664,0.0169,0.8835999999999999,3.5344,0.8464,0.0196,3.0625,0.5041,0.7744,0.0289,0.0025,0.0169,0.0081,0.0484,0.0001,0.2208999999999999,0.0,0.0016,0.1521,0.0036,0.0324,0.0169,0.0169,0.04
9.461999999999982,156.13793103448214,2.3458620689655363,136.78758620689607,3.8468965517241065,-75.74551724137892,29.041379310344638,-4.436206896551823,-4.710310344827553,22.180862068965407,-26.756310344828098,16.133344827586253,-12.561344827586032,95.49889655172416,-75.95903448275867,122.16717241379314,1.213793103448213,0.04689655172410657,0.10517241379303444,0.04689655172410657,1.0937931034482131,1.4724137931035737,-1.1951724137933983,0.20344827586214426,-1.1951724137933983,0.1424137931033918,1.2,0.6662068965517869,0.021034482758570505,0.6662068965517869,0.9413793103448213,1.986206896551787,0.5675862068966081,0.45620689655178687,0.5675862068966081,1.8772413793103573,1.013793103448213,-0.2113793103448213,0.006896551724106565,-0.2113793103448213,0.924137931034464,0.7,-0.5693103448276803,0.04413793103446394,-0.5693103448276803,0.12620689655178688,1.7310344827589343,-0.35206896551750483,0.45068965517213777,-0.35206896551750483,1.6906896551726835,0.7862068965517869,0.1586206896551787,0.06551724137928525,0.1586206896551787,0.6975862068966081,1.586206896551787,-1.1906896551725017,0.16344827586214425,-1.1906896551725017,0.8868965517241065,1.3862068965517869,-1.3748275862069654,0.11482758620696557,-1.3748275862069654,0.1796551724137492,0.5137931034482132,0.4579310344826771,0.11344827586214425,0.4579310344826771,0.05275862068964263,0.9,-0.8282758620689279,0.18344827586214424,-0.8282758620689279,0.13551724137928525,1.474482758620533,2.1727586206900065,1.44,3.9462068965519688,1.0289655172412475,0.4899999999999999,3.0262068965526967,0.6193103448276804,2.5172413793105397,1.9227586206898246,0.26517241379303447,0.81,0.002496551724133853,1.4547034482764665,0.44502068965525154,0.3231172413793707,0.04469310344827308,0.32678965517251063,0.14492758620700186,0.025172413793105395,1.4200724137933036,1.891589655172598,0.21171034482750384,0.6864689655171773,1.1975724137929618,0.021244827586187134,0.8862068965517123,3.524082758620737,0.8541379310344476,0.017117241379321635,2.8804172413801385,0.48758965517248887,0.7868827586206328,0.032858620689637165,0.002831034482757115,0.018555172413785573,0.012499999999979989,0.04310344827588616,0.0012034482758570505,0.2093137931035009,0.0003448275862053283,0.002055172413791033,0.22614137931000808,0.00448275862068564,0.028427586206914615,0.014624137931044832,0.014582758620700192,0.03536551724140039
9.511999999999983,157.83333333333277,2.295000000000017,138.11833333333288,3.923333333333311,-76.79666666666633,29.63333333333311,-4.168333333333423,-4.906833333333232,22.473333333333237,-25.43533333333375,16.014666666666706,-13.091833333333138,95.46533333333333,-75.89466666666668,122.10616666666667,1.3,0.09,0.2,0.09,1.18,1.3,-0.79,0.1,-0.79,0.22,1.2,0.58,0.09,0.58,0.95,1.9,0.49,0.37,0.49,1.86,1.1,-0.22,0.05,-0.22,0.95,0.7,-0.44,0.07,-0.44,0.04,1.3,0.01,0.83,0.01,1.32,0.7,0.15,0.1,0.15,0.62,1.5,-1.07,0.06,-1.07,0.93,1.3,-1.28,0.02,-1.28,0.24,0.6,0.57,0.01,0.57,0.07,0.9,-0.88,0.08,-0.88,0.17,1.6900000000000002,1.6900000000000002,1.44,3.61,1.2100000000000002,0.4899999999999999,1.6900000000000002,0.4899999999999999,2.25,1.6900000000000002,0.36,0.81,0.0081,0.6241000000000001,0.3364,0.2400999999999999,0.0484,0.1936,0.0001,0.0225,1.1449,1.6384,0.3248999999999999,0.7744,1.3924,0.0484,0.9025,3.4596000000000005,0.9025,0.0016,1.7424000000000002,0.3844,0.8649000000000001,0.0576,0.0049,0.0289,0.04,0.01,0.0081,0.1369,0.0025,0.0049,0.6889,0.01,0.0036,0.0004,0.0001,0.0064
9.561999999999982,159.53333333333273,2.238666666666691,139.44599999999951,4.006666666666637,-77.85066666666629,30.259999999999817,-3.89973333333343,-5.341266666666506,22.767799999999895,-24.253000000000423,15.89466666666671,-13.754133333333092,95.49566666666665,-75.93439999999998,122.15199999999997,1.3,0.09,0.2,0.09,1.18,1.3,-0.79,0.1,-0.79,0.22,1.2,0.58,0.09,0.58,0.95,1.9,0.49,0.37,0.49,1.86,1.1,-0.22,0.05,-0.22,0.95,0.7,-0.44,0.07,-0.44,0.04,1.3,0.01,0.83,0.01,1.32,0.7,0.15,0.1,0.15,0.62,1.5,-1.07,0.06,-1.07,0.93,1.3,-1.28,0.02,-1.28,0.24,0.6,0.57,0.01,0.57,0.07,0.9,-0.88,0.08,-0.88,0.17,1.6900000000000002,1.6900000000000002,1.44,3.61,1.2100000000000002,0.4899999999999999,1.6900000000000002,0.4899999999999999,2.25,1.6900000000000002,0.36,0.81,0.0081,0.6241000000000001,0.3364,0.2400999999999999,0.0484,0.1936,0.0001,0.0225,1.1449,1.6384,0.3248999999999999,0.7744,1.3924,0.0484,0.9025,3.4596000000000005,0.9025,0.0016,1.7424000000000002,0.3844,0.8649000000000001,0.0576,0.0049,0.0289,0.04,0.01,0.0081,0.1369,0.0025,0.0049,0.6889,0.01,0.0036,0.0004,0.0001,0.0064
9.61199999999998,161.23333333333267,2.180666666666693,140.77199999999948,4.081666666666634,-78.90466666666626,30.89333333333307,-3.6311333333334375,-5.789366666666494,23.062366666666552,-23.078766666667118,15.77543333333338,-14.424933333333074,95.52966666666666,-75.97929999999998,122.20423333333332,1.3,0.09,0.2,0.09,1.18,1.3,-0.79,0.1,-0.79,0.22,1.2,0.58,0.09,0.58,0.95,1.9,0.49,0.37,0.49,1.86,1.1,-0.22,0.05,-0.22,0.95,0.7,-0.44,0.07,-0.44,0.04,1.3,0.01,0.83,0.01,1.32,0.7,0.15,0.1,0.15,0.62,1.5,-1.07,0.06,-1.07,0.93,1.3,-1.28,0.02,-1.28,0.24,0.6,0.57,0.01,0.57,0.07,0.9,-0.88,0.08,-0.88,0.17,1.6900000000000002,1.6900000000000002,1.44,3.61,1.2100000000000002,0.4899999999999999,1.6900000000000002,0.4899999999999999,2.25,1.6900000000000002,0.36,0.81,0.0081,0.6241000000000001,0.3364,0.2400999999999999,0.0484,0.1936,0.0001,0.0225,1.1449,1.6384,0.3248999999999999,0.7744,1.3924,0.0484,0.9025,3.4596000000000005,0.9025,0.0016,1.7424000000000002,0.3844,0.8649000000000001,0.0576,0.0049,0.0289,0.04,0.01,0.0081,0.1369,0.0025,0.0049,0.6889,0.01,0.0036,0.0004,0.0001,0.0064
9.661999999999981,162.93103448275798,2.1127586206896805,142.09620689655122,4.166551724137899,-79.96655172413753,31.572413793103195,-3.3628965517242384,-6.289862068965314,23.355137931034374,-22.04065517241414,15.655827586206941,-15.07799999999976,95.57758620689653,-76.10334482758614,122.31831034482752,1.3,0.09,0.2,0.09,1.18,1.3,-0.79,0.1,-0.79,0.22,1.2,0.58,0.09,0.58,0.95,1.9,0.49,0.37,0.49,1.86,1.1,-0.22,0.05,-0.22,0.95,0.7,-0.44,0.07,-0.44,0.04,1.3,0.01,0.83,0.01,1.32,0.7,0.15,0.1,0.15,0.62,1.5,-1.07,0.06,-1.07,0.93,1.3,-1.28,0.02,-1.28,0.24,0.6,0.57,0.01,0.57,0.07,0.9,-0.88,0.08,-0.88,0.17,1.6900000000000002,1.6900000000000002,1.44,3.61,1.2100000000000002,0.4899999999999999,1.6900000000000002,0.4899999999999999,2.25,1.6900000000000002,0.36,0.81,0.0081,0.6241000000000001,0.3364,0.2400999999999999,0.0484,0.1936,0.0001,0.0225,1.1449,1.6384,0.3248999999999999,0.7744,1.3924,0.0484,0.9025,3.4596000000000005,0.9025,0.0016,1.7424000000000002,0.3844,0.8649000000000001,0.0576,0.0049,0.0289,0.04,0.01,0.0081,0.1369,0.0025,0.0049,0.6889,0.01,0.0036,0.0004,0.0001,0.0064
9.711999999999982,164.62068965517176,2.0351724137931293,143.414137931034,4.2510344827585875,-81.02103448275821,32.02413793103435,-3.096931034482861,-6.862517241379125,23.646758620689543,-21.212241379310736,15.537551724137975,-15.595586206896414,95.65779310344824,-76.37944827586199,122.55748275862061,1.3,0.09,0.2,0.09,1.18,1.3,-0.79,0.1,-0.79,0.22,1.2,0.58,0.09,0.58,0.95,1.9,0.4465517241379764,0.35137931034484704,0.4465517241379764,1.8662068965517178,1.1,-0.22,0.05,-0.22,0.95,0.6379310344828234,-0.3965517241379764,0.09482758620687062,-0.3965517241379764,0.015172413793129388,1.175862068965647,0.07827586206889418,0.9355172413792001,0.07827586206889418,1.177241379310494,0.7,0.12517241379312938,0.10620689655171765,0.12517241379312938,0.6075862068965647,1.5,-1.07,0.06,-1.07,0.93,1.3,-1.28,0.02,-1.28,0.24,0.6,0.57,0.01,0.57,0.07,0.9620689655171766,-0.9048275862068706,0.04896551724141173,-0.9048275862068706,0.17620689655171765,1.6900000000000002,1.6900000000000002,1.44,3.61,1.2100000000000002,0.4093103448276705,1.3920689655175529,0.4899999999999999,2.25,1.6900000000000002,0.36,0.9279310344826355,0.0081,0.6241000000000001,0.3364,0.20056206896555845,0.0484,0.1584068965517609,0.008975862068956243,0.016044827586213638,1.1449,1.6384,0.3248999999999999,0.8190896551723671,1.3924,0.0484,0.9025,3.482751724137908,0.9025,0.0006068965517251755,1.3983517241382906,0.36925517241380895,0.8649000000000001,0.0576,0.0049,0.031072413793101175,0.04,0.01,0.0081,0.12367931034484139,0.0025,0.00936896551723671,0.8819965517239362,0.011303448275860706,0.0036,0.0004,0.0001,0.0029862068965552904
9.761999999999981,166.3333333333327,1.9533333333333658,144.7499999999995,4.326666666666634,-82.08666666666626,32.36666666666653,-2.8273333333334363,-7.326999999999827,23.94233333333322,-20.11666666666709,15.417666666666713,-15.914999999999884,95.74099999999996,-76.58033333333326,122.75233333333327,1.3,0.09,0.2,0.09,1.18,1.3,-0.79,0.1,-0.79,0.22,1.2,0.58,0.09,0.58,0.95,1.9,0.42,0.34,0.42,1.87,1.1,-0.22,0.05,-0.22,0.95,0.6,-0.37,0.11,-0.37,0.0,1.1,0.12,1.0,0.12,1.09,0.7,0.11,0.11,0.11,0.6,1.5,-1.07,0.06,-1.07,0.93,1.3,-1.28,0.02,-1.28,0.24,0.6,0.57,0.01,0.57,0.07,1.0,-0.92,0.03,-0.92,0.18,1.6900000000000002,1.6900000000000002,1.44,3.61,1.2100000000000002,0.36,1.2100000000000002,0.4899999999999999,2.25,1.6900000000000002,0.36,1.0,0.0081,0.6241000000000001,0.3364,0.1763999999999999,0.0484,0.1369,0.0144,0.0121,1.1449,1.6384,0.3248999999999999,0.8464,1.3924,0.0484,0.9025,3.496900000000001,0.9025,0.0,1.1881000000000002,0.36,0.8649000000000001,0.0576,0.0049,0.0324,0.04,0.01,0.0081,0.1156,0.0025,0.0121,1.0,0.0121,0.0036,0.0004,0.0001,0.0009
9.81199999999998,168.03333333333268,1.8893333333333466,146.08633333333282,4.432666666666613,-83.1399999999996,32.27666666666713,-2.5597666666667718,-7.679366666666639,24.234733333333217,-18.93986666666721,15.298666666666714,-16.171399999999952,95.84419999999993,-76.64403333333345,122.87790000000003,1.3,0.09,0.2,0.09,1.18,1.3,-0.79,0.1,-0.79,0.22,1.2,0.58,0.09,0.58,0.95,1.9,0.42,0.34,0.42,1.87,1.1,-0.22,0.05,-0.22,0.95,0.6,-0.37,0.11,-0.37,0.0,1.1,0.12,1.0,0.12,1.09,0.7,0.11,0.11,0.11,0.6,1.5,-1.07,0.06,-1.07,0.93,1.3,-1.28,0.02,-1.28,0.24,0.6,0.57,0.01,0.57,0.07,1.0,-0.92,0.03,-0.92,0.18,1.6900000000000002,1.6900000000000002,1.44,3.61,1.2100000000000002,0.36,1.2100000000000002,0.4899999999999999,2.25,1.6900000000000002,0.36,1.0,0.0081,0.6241000000000001,0.3364,0.1763999999999999,0.0484,0.1369,0.0144,0.0121,1.1449,1.6384,0.3248999999999999,0.8464,1.3924,0.0484,0.9025,3.496900000000001,0.9025,0.0,1.1881000000000002,0.36,0.8649000000000001,0.0576,0.0049,0.0324,0.04,0.01,0.0081,0.1156,0.0025,0.0121,1.0,0.0121,0.0036,0.0004,0.0001,0.0009
9.86199999999998,169.72413793103385,1.8337931034483081,147.42206896551673,4.546206896551691,-84.16896551724098,31.38275862068985,-2.7454482758617686,-7.635000000000074,24.302517241379398,-17.212344827587042,15.162206896551785,-16.230862068965525,95.9927586206896,-76.41089655172419,122.85106896551723,1.3,0.09,0.2,0.09,1.18,1.3,-0.79,0.1,-0.79,0.22,1.2,0.58,0.09,0.58,0.95,1.9,0.42,0.34,0.42,1.87,1.1,-0.22,0.05,-0.22,0.95,0.6,-0.37,0.11,-0.37,0.0,1.1,0.12,1.0,0.12,1.09,0.7,0.11,0.11,0.11,0.6,1.5,-1.07,0.06,-1.07,0.93,1.3,-1.28,0.02,-1.28,0.24,0.6,0.57,0.01,0.57,0.07,1.0,-0.92,0.03,-0.92,0.18,1.6900000000000002,1.6900000000000002,1.44,3.61,1.2100000000000002,0.36,1.2100000000000002,0.4899999999999999,2.25,1.6900000000000002,0.36,1.0,0.0081,0.6241000000000001,0.3364,0.1763999999999999,0.0484,0.1369,0.0144,0.0121,1.1449,1.6384,0.3248999999999999,0.8464,1.3924,0.0484,0.9025,3.496900000000001,0.9025,0.0,1.1881000000000002,0.36,0.8649000000000001,0.0576,0.0049,0.0324,0.04,0.01,0.0081,0.1156,0.0025,0.0121,1.0,0.0121,0.0036,0.0004,0.0001,0.0009
9.911999999999981,171.44827586206833,1.7431034482759007,148.76965517241328,4.622413793103416,-85.24241379310304,31.210344827586336,-3.9139655172409196,-7.2953448275863915,23.887448275862237,-15.358,14.982931034482826,-16.107068965517342,96.10451724137928,-76.40003448275853,122.92686206896545,1.3,0.09,0.2,0.09,1.18,1.3,-0.79,0.1,-0.79,0.22,1.2,0.58,0.09,0.58,0.95,1.9,0.42,0.34,0.42,1.87,1.1,-0.22,0.05,-0.22,0.95,0.6,-0.37,0.11,-0.37,0.0,1.1,0.12,1.0,0.12,1.09,0.7,0.11,0.11,0.11,0.6,1.5,-1.07,0.06,-1.07,0.93,1.3,-1.28,0.02,-1.28,0.24,0.6,0.57,0.01,0.57,0.07,1.0,-0.92,0.03,-0.92,0.18,1.6900000000000002,1.6900000000000002,1.44,3.61,1.2100000000000002,0.36,1.2100000000000002,0.4899999999999999,2.25,1.6900000000000002,0.36,1.0,0.0081,0.6241000000000001,0.3364,0.1763999999999999,0.0484,0.1369,0.0144,0.0121,1.1449,1.6384,0.3248999999999999,0.8464,1.3924,0.0484,0.9025,3.496900000000001,0.9025,0.0,1.1881000000000002,0.36,0.8649000000000001,0.0576,0.0049,0.0324,0.04,0.01,0.0081,0.1156,0.0025,0.0121,1.0,0.0121,0.0036,0.0004,0.0001,0.0009
9.96199999999998,173.17241379310275,1.6379310344828082,150.11448275862014,4.710344827586164,-86.31862068965472,30.848275862069176,-5.149620689654665,-6.766413793103705,23.43917241379329,-14.508310344828903,14.801896551724212,-15.755896551724376,96.19589655172409,-76.5566551724138,123.09724137931029,1.3,0.09689655172410963,0.20862068965513705,0.09689655172410963,1.1903448275861643,1.282758620689726,-0.7658620689656164,0.11379310344821926,-0.7658620689656164,0.21482758620691778,1.2,0.5731034482758903,0.09,0.5731034482758903,0.9551724137930822,1.9,0.41137931034486297,0.33827586206897264,0.41137931034486297,1.8717241379310274,1.1,-0.22,0.05862068965513704,-0.22,0.9655172413792467,0.6,-0.3648275862069178,0.11689655172410962,-0.3648275862069178,0.003448275862054814,1.065517241379452,0.1217241379310274,1.0275862068964385,0.1217241379310274,1.0503448275863696,0.7,0.11,0.10827586206897259,0.11,0.5948275862069178,1.4827586206897259,-1.0562068965517808,0.05137931034486296,-1.0562068965517808,0.9282758620689726,1.282758620689726,-1.2627586206897259,0.026896551724109628,-1.2627586206897259,0.25379310344821926,0.6,0.5562068965517807,0.013448275862054814,0.5562068965517807,0.0682758620689726,1.0,-0.9268965517241097,0.03172413793102741,-0.9268965517241097,0.19551724137924667,1.6900000000000002,1.646896551724315,1.44,3.61,1.2100000000000002,0.36,1.1410344827589038,0.4899999999999999,2.2000000000002053,1.646896551724315,0.36,1.0,0.009617241379304118,0.5893413793104876,0.3286758620689972,0.16958965517244165,0.0484,0.1332275862069116,0.014831034482756852,0.0121,1.1164862068966683,1.5959862068967259,0.3102793103448875,0.8593655172413261,1.4174344827585181,0.04627931034483629,0.9124827586206486,3.503365517241354,0.9333793103447008,6.896551724109628e-05,1.110772413793421,0.35394827586209376,0.8617103448275995,0.06532413793100278,0.004675862068966437,0.039382758620661,0.04387931034481166,0.01386206896550139,0.0081,0.11444482758621163,0.003793103448270555,0.013893103448268503,1.0595862068963071,0.011737931034484244,0.0029965517241404074,0.0009517241379287701,0.00023793103448219253,0.0010206896551719184
10.01199999999998,174.86666666666596,1.528000000000042,151.43599999999944,4.803333333333298,-87.3773333333329,30.34000000000021,-6.365266666666165,-6.151400000000254,22.997800000000183,-11.3570000000013,14.624000000000073,-15.18493333333357,96.31279999999995,-76.55413333333334,123.21926666666661,1.3,0.13,0.25,0.13,1.24,1.2,-0.65,0.18,-0.65,0.19,1.2,0.54,0.09,0.54,0.98,1.9,0.37,0.33,0.37,1.88,1.1,-0.22,0.1,-0.22,1.04,0.6,-0.34,0.15,-0.34,0.02,0.9,0.13,1.16,0.13,0.86,0.7,0.11,0.1,0.11,0.57,1.4,-0.99,0.01,-0.99,0.92,1.2,-1.18,0.06,-1.18,0.32,0.6,0.49,0.03,0.49,0.06,1.0,-0.96,0.04,-0.96,0.27,1.6900000000000002,1.44,1.44,3.61,1.2100000000000002,0.36,0.81,0.4899999999999999,1.96,1.44,0.36,1.0,0.0169,0.4225,0.2916,0.1369,0.0484,0.1156,0.0169,0.0121,0.9801,1.3924,0.2400999999999999,0.9216,1.5376,0.0361,0.9604,3.5344,1.0816,0.0004,0.7395999999999999,0.3248999999999999,0.8464,0.1024,0.0036,0.0729,0.0625,0.0324,0.0081,0.1089,0.01,0.0225,1.3456,0.01,0.0001,0.0036,0.0009,0.0016
10.06199999999998,176.58620689655103,1.4189655172414275,152.7772413793098,4.8893103448275514,-88.45344827586163,29.25517241379386,-7.602827586206398,-5.654413793103549,22.54882758620708,-8.142241379311649,14.44286206896559,-14.470034482759013,96.34293103448282,-76.84334482758587,123.41924137931021,1.3,0.13,0.25,0.13,1.24,1.2,-0.65,0.18,-0.65,0.19,1.2,0.54,0.09,0.54,0.98,1.9,0.37,0.33,0.37,1.88,1.1,-0.22,0.1,-0.22,1.04,0.6,-0.34,0.15,-0.34,0.02,0.9,0.13,1.16,0.13,0.86,0.7,0.11,0.1,0.11,0.57,1.4,-0.99,0.01,-0.99,0.92,1.2,-1.18,0.06,-1.18,0.32,0.6,0.49,0.03,0.49,0.06,1.0,-0.96,0.04,-0.96,0.27,1.6900000000000002,1.44,1.44,3.61,1.2100000000000002,0.36,0.81,0.4899999999999999,1.96,1.44,0.36,1.0,0.0169,0.4225,0.2916,0.1369,0.0484,0.1156,0.0169,0.0121,0.9801,1.3924,0.2400999999999999,0.9216,1.5376,0.0361,0.9604,3.5344,1.0816,0.0004,0.7395999999999999,0.3248999999999999,0.8464,0.1024,0.0036,0.0729,0.0625,0.0324,0.0081,0.1089,0.01,0.0225,1.3456,0.01,0.0001,0.0036,0.0009,0.0016
10.11199999999998,178.27586206896487,1.3006896551724587,154.0951724137926,4.9765517241378925,-89.51103448275822,27.506896551724587,-8.603206896551589,-5.60565517241364,21.06286206896722,-5.049068965518307,14.040793103448673,-13.40817241379357,96.2666206896551,-77.56482758620686,123.75020689655165,1.3,0.13,0.25,0.13,1.24,1.2,-0.65,0.18,-0.65,0.19,1.2,0.54,0.09,0.54,0.98,1.9,0.37,0.33,0.37,1.88,1.1,-0.22,0.1,-0.22,1.04,0.6,-0.34,0.15,-0.34,0.02,0.9,0.13,1.16,0.13,0.86,0.7,0.11,0.1,0.11,0.57,1.4,-0.99,0.01,-0.99,0.92,1.2,-1.18,0.06,-1.18,0.32,0.6,0.49,0.03,0.49,0.06,1.0,-0.96,0.04,-0.96,0.27,1.6900000000000002,1.44,1.44,3.61,1.2100000000000002,0.36,0.81,0.4899999999999999,1.96,1.44,0.36,1.0,0.0169,0.4225,0.2916,0.1369,0.0484,0.1156,0.0169,0.0121,0.9801,1.3924,0.2400999999999999,0.9216,1.5376,0.0361,0.9604,3.5344,1.0816,0.0004,0.7395999999999999,0.3248999999999999,0.8464,0.1024,0.0036,0.0729,0.0625,0.0324,0.0081,0.1089,0.01,0.0225,1.3456,0.01,0.0001,0.0036,0.0009,0.0016
10.16199999999998,179.99999999999926,1.1800000000000515,155.43999999999943,5.069999999999964,-90.57999999999954,26.100000000000662,-8.967999999999844,-5.946999999999876,16.484000000001956,-2.2350000000011847,12.977000000000453,-12.018000000000635,96.41099999999996,-77.4720000000001,123.80200000000004,1.3,0.13,0.25,0.13,1.24,1.2,-0.65,0.18,-0.65,0.19,1.2,0.54,0.09,0.54,0.98,1.9,0.37,0.33,0.37,1.88,1.1,-0.22,0.1,-0.22,1.04,0.6,-0.34,0.15,-0.34,0.02,0.9,0.13,1.16,0.13,0.86,0.7,0.11,0.1,0.11,0.57,1.4,-0.99,0.01,-0.99,0.92,1.2,-1.18,0.06,-1.18,0.32,0.6,0.49,0.03,0.49,0.06,1.0,-0.96,0.04,-0.96,0.27,1.6900000000000002,1.44,1.44,3.61,1.2100000000000002,0.36,0.81,0.4899999999999999,1.96,1.44,0.36,1.0,0.0169,0.4225,0.2916,0.1369,0.0484,0.1156,0.0169,0.0121,0.9801,1.3924,0.2400999999999999,0.9216,1.5376,0.0361,0.9604,3.5344,1.0816,0.0004,0.7395999999999999,0.3248999999999999,0.8464,0.1024,0.0036,0.0729,0.0625,0.0324,0.0081,0.1089,0.01,0.0225,1.3456,0.01,0.0001,0.0036,0.0009,0.0016
10.211999999999978,181.7241379310337,1.0548275862069656,156.78758620689595,5.144482758620675,-91.65620689655124,24.375862068966285,-9.328896551723979,-6.727172413792367,11.943310344829573,0.18244827586115575,11.92134482758667,-10.300344827586937,96.68131034482731,-77.03279310344834,123.73489655172395,1.3,0.13,0.25,0.13,1.24,1.2,-0.65,0.18,-0.65,0.19,1.2,0.54,0.09,0.54,0.98,1.9,0.37,0.33,0.37,1.88,1.1,-0.22,0.1,-0.22,1.04,0.6,-0.34,0.15,-0.34,0.02,0.9,0.13,1.16,0.13,0.86,0.7,0.11,0.1,0.11,0.57,1.4,-0.99,0.01,-0.99,0.92,1.2,-1.18,0.06,-1.18,0.32,0.6,0.49,0.03,0.49,0.06,1.0,-0.96,0.04,-0.96,0.27,1.6900000000000002,1.44,1.44,3.61,1.2100000000000002,0.36,0.81,0.4899999999999999,1.96,1.44,0.36,1.0,0.0169,0.4225,0.2916,0.1369,0.0484,0.1156,0.0169,0.0121,0.9801,1.3924,0.2400999999999999,0.9216,1.5376,0.0361,0.9604,3.5344,1.0816,0.0004,0.7395999999999999,0.3248999999999999,0.8464,0.1024,0.0036,0.0729,0.0625,0.0324,0.0081,0.1089,0.01,0.0225,1.3456,0.01,0.0001,0.0036,0.0009,0.0016
10.26199999999998,183.48275862068897,0.8917241379311039,158.1517241379305,5.169655172413779,-92.77413793103405,22.61724137931104,-9.688482758620548,-8.866689655171536,7.418310344829373,2.0916206896544316,10.869793103448691,-8.667448275862712,97.50755172413758,-77.04806896551723,124.39458620689628,1.4,0.21,0.32,0.21,1.32,1.2,-0.6,0.23,-0.6,0.15,1.2,0.51,0.05,0.51,1.03,2.0,0.36,0.36,0.36,1.93,1.1,-0.24,0.09,-0.24,1.04,0.5,-0.3,0.21,-0.3,0.12,0.7,0.04,1.25,0.04,0.71,0.7,0.1,0.03,0.1,0.6,1.3,-0.94,0.05,-0.94,0.9,1.3,-1.23,0.0,-1.23,0.37,0.6,0.47,0.04,0.47,0.01,1.0,-0.95,0.05,-0.95,0.31,1.96,1.44,1.44,4.0,1.2100000000000002,0.25,0.4899999999999999,0.4899999999999999,1.6900000000000002,1.6900000000000002,0.36,1.0,0.0440999999999999,0.36,0.2601,0.1296,0.0576,0.09,0.0016,0.01,0.8835999999999999,1.5129,0.2208999999999999,0.9025,1.7424000000000002,0.0225,1.0609,3.7249,1.0816,0.0144,0.5041,0.36,0.81,0.1369,0.0001,0.0961,0.1024,0.0529,0.0025,0.1296,0.0081,0.0440999999999999,1.5625,0.0009,0.0025,0.0,0.0016,0.0025
10.31199999999998,185.2499999999993,0.7150000000000714,159.52249999999947,5.192499999999993,-93.89749999999955,20.850000000000716,-10.049999999999855,-11.102249999999097,2.876250000001835,3.9767499999992384,9.813500000000426,-7.032750000000661,98.37349999999965,-77.09224999999998,125.10574999999972,1.4,0.21,0.32,0.21,1.32,1.2,-0.6,0.23,-0.6,0.15,1.2,0.51,0.05,0.51,1.03,2.0,0.36,0.36,0.36,1.93,1.1,-0.24,0.09,-0.24,1.04,0.5,-0.3,0.21,-0.3,0.12,0.7,0.04,1.25,0.04,0.71,0.7,0.1,0.03,0.1,0.6,1.3,-0.94,0.05,-0.94,0.9,1.3,-1.23,0.0,-1.23,0.37,0.6,0.47,0.04,0.47,0.01,1.0,-0.95,0.05,-0.95,0.31,1.96,1.44,1.44,4.0,1.2100000000000002,0.25,0.4899999999999999,0.4899999999999999,1.6900000000000002,1.6900000000000002,0.36,1.0,0.0440999999999999,0.36,0.2601,0.1296,0.0576,0.09,0.0016,0.01,0.8835999999999999,1.5129,0.2208999999999999,0.9025,1.7424000000000002,0.0225,1.0609,3.7249,1.0816,0.0144,0.5041,0.36,0.81,0.1369,0.0001,0.0961,0.1024,0.0529,0.0025,0.1296,0.0081,0.0440999999999999,1.5625,0.0009,0.0025,0.0,0.0016,0.0025
10.361999999999979,186.99999999999926,0.5500000000000662,160.87999999999943,5.239999999999971,-94.99999999999953,18.200000000001396,-10.90799999999948,-13.32999999999906,-0.4239999999989914,5.855999999999207,8.69700000000049,-5.403000000000688,98.8759999999999,-77.7789999999995,125.92599999999962,1.4,0.21,0.32,0.21,1.32,1.2,-0.6,0.23,-0.6,0.15,1.2,0.51,0.05,0.51,1.03,2.0,0.36,0.36,0.36,1.93,1.1,-0.24,0.09,-0.24,1.04,0.5,-0.3,0.21,-0.3,0.12,0.7,0.04,1.25,0.04,0.71,0.7,0.1,0.03,0.1,0.6,1.3,-0.94,0.05,-0.94,0.9,1.3,-1.23,0.0,-1.23,0.37,0.6,0.47,0.04,0.47,0.01,1.0,-0.95,0.05,-0.95,0.31,1.96,1.44,1.44,4.0,1.2100000000000002,0.25,0.4899999999999999,0.4899999999999999,1.6900000000000002,1.6900000000000002,0.36,1.0,0.0440999999999999,0.36,0.2601,0.1296,0.0576,0.09,0.0016,0.01,0.8835999999999999,1.5129,0.2208999999999999,0.9025,1.7424000000000002,0.0225,1.0609,3.7249,1.0816,0.0144,0.5041,0.36,0.81,0.1369,0.0001,0.0961,0.1024,0.0529,0.0025,0.1296,0.0081,0.0440999999999999,1.5625,0.0009,0.0025,0.0,0.0016,0.0025
10.411999999999978,188.7241379310337,0.4120689655173027,162.24206896551664,5.377931034482698,-96.06172413793057,12.682758620692109,-13.21417241379208,-15.56620689655073,-0.17572413793114489,7.741206896550885,7.389103448276443,-3.7677931034490033,98.33734482758645,-80.3307241379299,127.09993103448224,1.4,0.21,0.32,0.21,1.32,1.2,-0.6,0.23,-0.6,0.15,1.2,0.51,0.05,0.51,1.03,2.0,0.36,0.36,0.36,1.93,1.1,-0.24,0.09,-0.24,1.04,0.5,-0.3,0.21,-0.3,0.12,0.7,0.04,1.25,0.04,0.71,0.7,0.1,0.03,0.1,0.6,1.3,-0.94,0.05,-0.94,0.9,1.3,-1.23,0.0,-1.23,0.37,0.6,0.47,0.04,0.47,0.01,1.0,-0.95,0.05,-0.95,0.31,1.96,1.44,1.44,4.0,1.2100000000000002,0.25,0.4899999999999999,0.4899999999999999,1.6900000000000002,1.6900000000000002,0.36,1.0,0.0440999999999999,0.36,0.2601,0.1296,0.0576,0.09,0.0016,0.01,0.8835999999999999,1.5129,0.2208999999999999,0.9025,1.7424000000000002,0.0225,1.0609,3.7249,1.0816,0.0144,0.5041,0.36,0.81,0.1369,0.0001,0.0961,0.1024,0.0529,0.0025,0.1296,0.0081,0.0440999999999999,1.5625,0.0009,0.0025,0.0,0.0016,0.0025
10.461999999999978,190.46428571428496,0.24964285714295759,163.60749999999942,5.498571428571398,-97.15178571428521,7.8107142857156,-16.619357142854316,-18.62546428571195,-0.09135714285697752,8.41642857142977,5.806285714286737,-2.3950357142859855,97.70446428571468,-82.89824999999887,128.26003571428527,1.4464285714284941,0.24249999999994593,0.36642857142849417,0.24249999999994593,1.375714285714193,1.1071428571430117,-0.5117857142858611,0.29499999999989185,-0.5117857142858611,0.09892857142865641,1.2,0.51,0.03607142857145175,0.51,1.0439285714285482,2.0,0.34607142857145173,0.3785714285713977,0.34607142857145173,1.962499999999946,1.1,-0.2353571428571506,0.08535714285715058,-0.2353571428571506,1.0307142857143012,0.5,-0.2628571428572047,0.1867857142857529,-0.2628571428572047,0.2128571428569883,0.7,0.053928571428548254,1.217500000000054,0.053928571428548254,0.7053571428571506,0.7,0.10464285714284942,0.01607142857145175,0.10464285714284942,0.6,1.3,-0.9353571428571505,0.07321428571424708,-0.9353571428571505,0.8489285714286564,1.3,-1.253214285714247,0.018571428571397666,-1.253214285714247,0.3653571428571506,0.6,0.4560714285714517,0.04464285714284942,0.4560714285714517,0.051785714285644754,1.0,-0.9453571428571506,0.054642857142849416,-0.9453571428571506,0.31928571428569885,2.094642857142633,1.2357142857146257,1.44,4.0,1.2100000000000002,0.25,0.4899999999999999,0.4899999999999999,1.6900000000000002,1.6900000000000002,0.36,1.0,0.06002499999997345,0.2709035714287196,0.2601,0.1199892857143017,0.05541785714286077,0.07068571428574642,0.0031321428571403076,0.010974999999998377,0.8749178571428716,1.57116785714276,0.20822500000002103,0.8937250000000145,1.8961714285711726,0.012796428571444718,1.0900107142856659,3.8526249999997875,1.0624714285714603,0.055257142857074865,0.49755357142858225,0.36,0.7236892857144295,0.13351071428571992,0.004696428571420923,0.10204285714284725,0.13675714285708562,0.09189999999993509,0.0015250000000016227,0.14371428571426223,0.007310714285715599,0.03551071428572853,1.4835250000001314,0.00048214285714355244,0.005982142857137062,0.0007428571428559068,0.0020178571428564477,0.003010714285713436
10.51199999999998,192.25925925925847,0.05703703703707676,164.96925925925868,5.577777777777754,-98.27259259259215,4.811111111112303,-22.71840740740529,-23.48707407407263,0.4908518518504062,5.770259259260245,4.041666666666695,-1.1800740740753333,97.31459259259213,-83.3787777777802,128.2790740740753,1.5,0.28,0.42,0.28,1.44,1.0,-0.41,0.37,-0.41,0.04,1.2,0.51,0.02,0.51,1.06,2.0,0.33,0.4,0.33,2.0,1.1,-0.23,0.08,-0.23,1.02,0.5,-0.22,0.16,-0.22,0.32,0.7,0.07,1.18,0.07,0.7,0.7,0.11,0.0,0.11,0.6,1.3,-0.93,0.1,-0.93,0.79,1.3,-1.28,0.04,-1.28,0.36,0.6,0.44,0.05,0.44,0.1,1.0,-0.94,0.06,-0.94,0.33,2.25,1.0,1.44,4.0,1.2100000000000002,0.25,0.4899999999999999,0.4899999999999999,1.6900000000000002,1.6900000000000002,0.36,1.0,0.0784,0.1680999999999999,0.2601,0.1089,0.0529,0.0484,0.0049,0.0121,0.8649000000000001,1.6384,0.1936,0.8835999999999999,2.0736,0.0016,1.1236000000000002,4.0,1.0404,0.1024,0.4899999999999999,0.36,0.6241000000000001,0.1296,0.01,0.1089,0.1763999999999999,0.1369,0.0004,0.16,0.0064,0.0256,1.3924,0.0,0.01,0.0016,0.0025,0.0036
