Time,Position,Height above ground [m],X [m],Y [m],Z [m],Opening Angle [°],Stalling Angle Left [°],Stalling Angle Right [°],Roll Angle Left [°],Roll Angle Right [°],Yaw Angle Left [°],Yaw Angle Right [°],Speed hor. [km/h],Speed vert. [km/h],Speed resulting [km/h],W1_Speed,W1_Tangent,W1_Turbulence,W1_CleanTan,W1_Cross,W2_Speed,W2_Tangent,W2_Turbulence,W2_CleanTan,W2_Cross,W3_Speed,W3_Tangent,W3_Turbulence,W3_CleanTan,W3_Cross,W4_Speed,W4_Tangent,W4_Turbulence,W4_CleanTan,W4_Cross,W5_Speed,W5_Tangent,W5_Turbulence,W5_CleanTan,W5_Cross,W6_Speed,W6_Tangent,W6_Turbulence,W6_CleanTan,W6_Cross,W7_Speed,W7_Tangent,W7_Turbulence,W7_CleanTan,W7_Cross,W8_Speed,W8_Tangent,W8_Turbulence,W8_CleanTan,W8_Cross,W9_Speed,W9_Tangent,W9_Turbulence,W9_CleanTan,W9_Cross,W10_Speed,W10_Tangent,W10_Turbulence,W10_CleanTan,W10_Cross,W11_Speed,W11_Tangent,W11_Turbulence,W11_CleanTan,W11_Cross,W12_Speed,W12_Tangent,W12_Turbulence,W12_CleanTan,W12_Cross,W1_Speed_quad,W2_Speed_quad,W3_Speed_quad,W4_Speed_quad,W5_Speed_quad,W6_Speed_quad,W7_Speed_quad,W8_Speed_quad,W9_Speed_quad,W10_Speed_quad,W11_Speed_quad,W12_Speed_quad,W1_Tangent_quad,W2_Tangent_quad,W3_Tangent_quad,W4_Tangent_quad,W5_Tangent_quad,W6_Tangent_quad,W7_Tangent_quad,W8_Tangent_quad,W9_Tangent_quad,W10_Tangent_quad,W11_Tangent_quad,W12_Tangent_quad,W1_Cross_quad,W2_Cross_quad,W3_Cross_quad,W4_Cross_quad,W5_Cross_quad,W6_Cross_quad,W7_Cross_quad,W8_Cross_quad,W9_Cross_quad,W10_Cross_quad,W11_Cross_quad,W12_Cross_quad,W1_Turbulence_quad,W2_Turbulence_quad,W3_Turbulence_quad,W4_Turbulence_quad,W5_Turbulence_quad,W6_Turbulence_quad,W7_Turbulence_quad,W8_Turbulence_quad,W9_Turbulence_quad,W10_Turbulence_quad,W11_Turbulence_quad,W12_Turbulence_quad
4.139,2.0,2.89,2.38,-0.0,-0.34,3.0,-4.477,-7.594,-3.158,3.275,1.078,-1.931,95.25,-12.476,96.064,0.3,-0.14,0.07,-0.14,0.27,0.5,0.08,0.05,0.08,0.46,1.7,1.36,0.35,1.36,0.09,0.6,0.53,0.06,0.53,0.32,1.5,1.54,0.29,1.54,0.02,1.0,0.85,0.13,0.85,0.09,1.4,1.03,0.08,1.03,0.86,1.4,0.56,0.16,0.56,1.19,0.9,0.41,0.07,0.41,0.77,1.3,0.99,0.15,0.99,0.85,0.9,0.76,0.06,0.76,0.44,1.2,1.03,0.01,1.03,0.43,0.09,0.25,2.89,0.36,2.25,1.0,1.96,1.96,0.81,1.6900000000000002,0.81,1.44,0.0196,0.0064,1.8496000000000004,0.2809,2.3716,0.7224999999999999,1.0609,0.3136,0.1680999999999999,0.9801,0.5776,1.0609,0.0729,0.2116,0.0081,0.1024,0.0004,0.0081,0.7395999999999999,1.4161,0.5929,0.7224999999999999,0.1936,0.1848999999999999,0.0049,0.0025,0.1224999999999999,0.0036,0.0841,0.0169,0.0064,0.0256,0.0049,0.0225,0.0036,0.0001
4.189,2.263157894736842,2.8952631578947368,2.651052631578947,0.0,-0.37684210526315787,3.394736842105263,-3.2217368421052646,-6.932947368421053,-3.810105263157894,4.139210526315789,1.1877368421052632,-2.2262631578947367,95.14078947368421,-12.43178947368421,95.9497894736842,0.3,-0.13473684210526318,0.06473684210526316,-0.13473684210526318,0.2673684210526316,0.5,0.07736842105263159,0.057894736842105256,0.07736842105263159,0.45210526315789473,1.7,1.3494736842105264,0.3394736842105263,1.3494736842105264,0.10315789473684209,0.6,0.5089473684210527,0.07842105263157893,0.5089473684210527,0.31473684210526315,1.4473684210526316,1.458421052631579,0.22421052631578953,1.458421052631579,0.11210526315789464,1.0,0.868421052631579,0.1010526315789474,0.868421052631579,0.08736842105263158,1.4263157894736842,1.0405263157894737,0.0642105263157895,1.0405263157894737,0.8678947368421053,1.4,0.5889473684210527,0.15736842105263157,0.5889473684210527,1.184736842105263,0.9,0.40210526315789474,0.06210526315789475,0.40210526315789474,0.7621052631578947,1.3,1.0005263157894737,0.15,1.0005263157894737,0.8236842105263158,0.9,0.7573684210526316,0.05736842105263158,0.7573684210526316,0.4268421052631579,1.2263157894736842,1.0457894736842106,0.03368421052631577,1.0457894736842106,0.46684210526315784,0.09,0.25,2.89,0.36,2.1026315789473684,1.0,2.0363157894736843,1.96,0.81,1.6900000000000002,0.81,1.5057894736842106,0.01823157894736842,0.0060052631578947375,1.821389473684211,0.2602684210526316,2.1456263157894737,0.7551052631578946,1.0830052631578946,0.3492052631578947,0.16186315789473676,1.0013631578947368,0.5736263157894737,1.0943736842105263,0.07150526315789474,0.2045736842105263,0.011126315789473682,0.09913684210526316,0.03632105263157891,0.007652631578947368,0.7534157894736841,1.403678947368421,0.580978947368421,0.6803947368421053,0.18267894736842105,0.22174210526315777,0.004268421052631579,0.0035263157894736834,0.1155526315789473,0.007099999999999996,0.06238947368421054,0.012557894736842108,0.004821052631578949,0.02478421052631579,0.004031578947368422,0.0225,0.003310526315789474,0.0027052631578947345
4.239,2.5263157894736836,2.900526315789474,2.9221052631578943,0.0,-0.4136842105263157,3.7894736842105257,-1.9664736842105288,-6.271894736842107,-4.462210526315788,5.003421052631577,1.2974736842105261,-2.5215263157894734,95.03157894736842,-12.387578947368421,95.83557894736842,0.3,-0.12947368421052632,0.05947368421052633,-0.12947368421052632,0.26473684210526316,0.5,0.07473684210526317,0.06578947368421051,0.07473684210526317,0.4442105263157895,1.7,1.3389473684210527,0.32894736842105265,1.3389473684210527,0.11631578947368419,0.6,0.4878947368421053,0.09684210526315787,0.4878947368421053,0.30947368421052635,1.3947368421052633,1.376842105263158,0.15842105263157907,1.376842105263158,0.20421052631578926,1.0,0.8868421052631579,0.0721052631578948,0.8868421052631579,0.08473684210526317,1.4526315789473683,1.0510526315789475,0.04842105263157898,1.0510526315789475,0.8757894736842106,1.4,0.6178947368421053,0.15473684210526317,0.6178947368421053,1.1794736842105262,0.9,0.39421052631578946,0.054210526315789494,0.39421052631578946,0.7542105263157894,1.3,1.0110526315789474,0.15,1.0110526315789474,0.7973684210526316,0.9,0.7547368421052632,0.05473684210526317,0.7547368421052632,0.4136842105263158,1.2526315789473683,1.0615789473684212,0.05736842105263154,1.0615789473684212,0.5036842105263157,0.09,0.25,2.89,0.36,1.9552631578947373,1.0,2.112631578947368,1.96,0.81,1.6900000000000002,0.81,1.571578947368421,0.016863157894736844,0.005610526315789475,1.7931789473684214,0.2396368421052632,1.9196526315789477,0.7877105263157894,1.1051105263157894,0.38481052631578944,0.15562631578947364,1.0226263157894735,0.5696526315789474,1.1278473684210526,0.07011052631578947,0.19754736842105258,0.014152631578947363,0.09587368421052632,0.07224210526315782,0.007205263157894737,0.7672315789473684,1.391257894736842,0.5690578947368421,0.6382894736842106,0.17175789473684214,0.25858421052631564,0.003636842105263159,0.004552631578947367,0.1086052631578947,0.010599999999999991,0.04067894736842109,0.008215789473684218,0.0032421052631578977,0.02396842105263158,0.0031631578947368434,0.0225,0.0030210526315789478,0.0053105263157894695
4.289,2.7894736842105257,2.9057894736842105,3.1931578947368413,0.0,-0.45052631578947355,4.1842105263157885,-0.7112105263157931,-5.61084210526316,-5.114315789473682,5.867631578947366,1.4072105263157892,-2.8167894736842096,94.92236842105262,-12.34336842105263,95.72136842105263,0.3,-0.1242105263157895,0.05421052631578949,-0.1242105263157895,0.26210526315789473,0.5,0.07210526315789476,0.07368421052631577,0.07210526315789476,0.4363157894736842,1.7,1.328421052631579,0.318421052631579,1.328421052631579,0.1294736842105263,0.6,0.46684210526315795,0.11526315789473679,0.46684210526315795,0.3042105263157895,1.342105263157895,1.2952631578947371,0.09263157894736862,1.2952631578947371,0.2963157894736839,1.0,0.9052631578947368,0.0431578947368422,0.9052631578947368,0.08210526315789475,1.4789473684210526,1.0615789473684212,0.03263157894736847,1.0615789473684212,0.8836842105263157,1.4,0.6468421052631579,0.15210526315789474,0.6468421052631579,1.1742105263157894,0.9,0.3863157894736842,0.04631578947368424,0.3863157894736842,0.7463157894736843,1.3,1.0215789473684211,0.15,1.0215789473684211,0.7710526315789474,0.9,0.7521052631578947,0.052105263157894745,0.7521052631578947,0.40052631578947373,1.2789473684210526,1.0773684210526315,0.0810526315789473,1.0773684210526315,0.5405263157894735,0.09,0.25,2.89,0.36,1.8078947368421057,1.0,2.1889473684210525,1.96,0.81,1.6900000000000002,0.81,1.6373684210526316,0.015494736842105266,0.005215789473684212,1.764968421052632,0.21900526315789481,1.6936789473684215,0.8203157894736841,1.127215789473684,0.4204157894736842,0.14938947368421052,1.0438894736842104,0.5656789473684211,1.161321052631579,0.06871578947368422,0.1905210526315789,0.017178947368421044,0.09261052631578948,0.10816315789473673,0.006757894736842107,0.7810473684210526,1.378836842105263,0.5571368421052632,0.5961842105263159,0.1608368421052632,0.2954263157894735,0.0030052631578947383,0.00557894736842105,0.10165789473684211,0.014099999999999988,0.018968421052631648,0.0038736842105263278,0.0016631578947368464,0.02315263157894737,0.0022947368421052656,0.0225,0.0027315789473684217,0.007915789473684202
4.3389999999999995,3.1219512195121926,2.9136585365853658,3.5368292682926805,0.0,-0.497073170731707,4.792682926829262,0.9444634146341335,-4.759560975609762,-5.997585365853651,7.120097560975599,1.580365853658535,-3.2550731707317033,94.85536585365853,-12.597634146341457,95.6910975609756,0.3,-0.12,0.05,-0.12,0.26,0.5,0.07,0.08,0.07,0.43,1.7,1.32,0.31,1.32,0.14,0.6,0.45,0.13,0.45,0.3,1.3,1.23,0.04,1.23,0.37,1.0,0.92,0.02,0.92,0.08,1.5,1.07,0.02,1.07,0.89,1.4,0.67,0.15,0.67,1.17,0.9,0.38,0.04,0.38,0.74,1.3,1.03,0.15,1.03,0.75,0.9,0.75,0.05,0.75,0.39,1.3,1.09,0.1,1.09,0.57,0.09,0.25,2.89,0.36,1.6900000000000002,1.0,2.25,1.96,0.81,1.6900000000000002,0.81,1.6900000000000002,0.0144,0.0049,1.7424000000000002,0.2025,1.5129,0.8464,1.1449,0.4489000000000001,0.1444,1.0609,0.5625,1.1881000000000002,0.0676,0.1848999999999999,0.0196,0.09,0.1369,0.0064,0.7921,1.3688999999999998,0.5476,0.5625,0.1521,0.3248999999999999,0.0025,0.0064,0.0961,0.0169,0.0016,0.0004,0.0004,0.0225,0.0016,0.0225,0.0025,0.01
4.388999999999999,3.7317073170731674,2.931951219512195,4.170975609756094,0.0,-0.5824390243902434,6.2560975609756015,4.201780487804859,-3.147365853658546,-7.805512195121942,9.925585365853642,2.007195121951217,-4.265439024390238,94.95719512195122,-14.045804878048772,95.99658536585366,0.3,-0.12,0.05,-0.12,0.26,0.5,0.07,0.08,0.07,0.43,1.7,1.32,0.31,1.32,0.14,0.6,0.45,0.13,0.45,0.3,1.3,1.23,0.04,1.23,0.37,1.0,0.92,0.02,0.92,0.08,1.5,1.07,0.02,1.07,0.89,1.4,0.67,0.15,0.67,1.17,0.9,0.38,0.04,0.38,0.74,1.3,1.03,0.15,1.03,0.75,0.9,0.75,0.05,0.75,0.39,1.3,1.09,0.1,1.09,0.57,0.09,0.25,2.89,0.36,1.6900000000000002,1.0,2.25,1.96,0.81,1.6900000000000002,0.81,1.6900000000000002,0.0144,0.0049,1.7424000000000002,0.2025,1.5129,0.8464,1.1449,0.4489000000000001,0.1444,1.0609,0.5625,1.1881000000000002,0.0676,0.1848999999999999,0.0196,0.09,0.1369,0.0064,0.7921,1.3688999999999998,0.5476,0.5625,0.1521,0.3248999999999999,0.0025,0.0064,0.0961,0.0169,0.0016,0.0004,0.0004,0.0225,0.0016,0.0225,0.0025,0.01
4.438999999999999,5.870192307692303,3.0148076923076923,6.376298076923072,0.0,-0.9179326923076915,16.073076923076897,7.782374999999998,-1.698673076923078,-7.415552884615397,9.031802884615413,6.412370192307678,-9.68849038461537,96.05267307692309,-16.53568269230769,97.46727884615385,0.3,-0.12,0.05,-0.12,0.26,0.5,0.07,0.08,0.07,0.43,1.7,1.32,0.31,1.32,0.14,0.6,0.45,0.13,0.45,0.3,1.3,1.23,0.04,1.23,0.37,1.0,0.92,0.02,0.92,0.08,1.5,1.07,0.02,1.07,0.89,1.4,0.67,0.15,0.67,1.17,0.9,0.38,0.04,0.38,0.74,1.3,1.0474038461538462,0.15,1.0474038461538462,0.7151923076923079,0.9,0.75,0.05,0.75,0.39,1.3,1.09,0.1,1.09,0.57,0.09,0.25,2.89,0.36,1.6900000000000002,1.0,2.25,1.96,0.81,1.6900000000000002,0.81,1.6900000000000002,0.0144,0.0049,1.7424000000000002,0.2025,1.5129,0.8464,1.1449,0.4489000000000001,0.1444,1.0970999999999997,0.5625,1.1881000000000002,0.0676,0.1848999999999999,0.0196,0.09,0.1369,0.0064,0.7921,1.3688999999999998,0.5476,0.5116807692307695,0.1521,0.3248999999999999,0.0025,0.0064,0.0961,0.0169,0.0016,0.0004,0.0004,0.0225,0.0016,0.0225,0.0025,0.01
4.488999999999999,6.214953271028026,3.028598130841121,6.729252336448586,0.0021495327102802574,-0.9808411214953249,18.003738317756945,7.619766355140198,-1.7632990654205556,-6.647943925233668,8.009831775700949,7.390691588785014,-10.640158878504643,95.95560747663552,-16.877476635514007,97.43102803738317,0.3,-0.12,0.05,-0.12,0.26,0.5,0.07,0.08,0.07,0.43,1.7,1.32,0.31,1.32,0.14,0.6,0.45,0.13,0.45,0.3,1.3,1.23,0.04,1.23,0.37,1.0,0.92,0.02,0.92,0.08,1.5,1.07,0.02,1.07,0.89,1.4,0.67,0.15,0.67,1.17,0.9,0.38,0.04,0.38,0.74,1.3,1.05,0.15,1.05,0.71,0.9,0.75,0.05,0.75,0.39,1.3,1.09,0.1,1.09,0.57,0.09,0.25,2.89,0.36,1.6900000000000002,1.0,2.25,1.96,0.81,1.6900000000000002,0.81,1.6900000000000002,0.0144,0.0049,1.7424000000000002,0.2025,1.5129,0.8464,1.1449,0.4489000000000001,0.1444,1.1025,0.5625,1.1881000000000002,0.0676,0.1848999999999999,0.0196,0.09,0.1369,0.0064,0.7921,1.3688999999999998,0.5476,0.5041,0.1521,0.3248999999999999,0.0025,0.0064,0.0961,0.0169,0.0016,0.0004,0.0004,0.0225,0.0016,0.0225,0.0025,0.01
4.538999999999999,6.682242990654191,3.0472897196261677,7.205887850467276,0.006822429906541914,-1.0696261682242962,20.620560747663472,7.156214953271043,-1.972644859813078,-5.708691588785076,7.442074766355158,8.724803738317716,-11.901373831775663,95.93084112149533,-17.411121495327087,97.50065420560747,0.3,-0.12,0.05,-0.12,0.26,0.5,0.07,0.08,0.07,0.43,1.7,1.32,0.31,1.32,0.14,0.6,0.45,0.13,0.45,0.3,1.3,1.23,0.04,1.23,0.37,1.0,0.92,0.02,0.92,0.08,1.5,1.07,0.02,1.07,0.89,1.4,0.67,0.15,0.67,1.17,0.9,0.38,0.04,0.38,0.74,1.3,1.05,0.15,1.05,0.71,0.9,0.75,0.05,0.75,0.39,1.3,1.09,0.1,1.09,0.57,0.09,0.25,2.89,0.36,1.6900000000000002,1.0,2.25,1.96,0.81,1.6900000000000002,0.81,1.6900000000000002,0.0144,0.0049,1.7424000000000002,0.2025,1.5129,0.8464,1.1449,0.4489000000000001,0.1444,1.1025,0.5625,1.1881000000000002,0.0676,0.1848999999999999,0.0196,0.09,0.1369,0.0064,0.7921,1.3688999999999998,0.5476,0.5041,0.1521,0.3248999999999999,0.0025,0.0064,0.0961,0.0169,0.0016,0.0004,0.0004,0.0225,0.0016,0.0225,0.0025,0.01
4.588999999999999,7.421052631578908,3.0768421052631565,7.963684210526275,0.01,-1.2099999999999924,24.46315789473665,6.217421052631638,-2.3642631578947135,-3.833789473684326,7.089684210526313,10.71957894736832,-13.740473684210436,95.97,-18.255263157894692,97.6936842105263,0.3,-0.12,0.05,-0.12,0.26,0.5,0.07,0.08,0.07,0.43,1.7,1.32,0.31,1.32,0.14,0.6,0.45,0.13,0.45,0.3,1.3,1.23,0.04,1.23,0.37,1.0,0.92,0.02,0.92,0.08,1.5,1.07,0.02,1.07,0.89,1.4,0.67,0.15,0.67,1.17,0.9,0.38,0.04,0.38,0.74,1.3,1.05,0.15,1.05,0.71,0.9,0.75,0.05,0.75,0.39,1.3,1.09,0.1,1.09,0.57,0.09,0.25,2.89,0.36,1.6900000000000002,1.0,2.25,1.96,0.81,1.6900000000000002,0.81,1.6900000000000002,0.0144,0.0049,1.7424000000000002,0.2025,1.5129,0.8464,1.1449,0.4489000000000001,0.1444,1.1025,0.5625,1.1881000000000002,0.0676,0.1848999999999999,0.0196,0.09,0.1369,0.0064,0.7921,1.3688999999999998,0.5476,0.5041,0.1521,0.3248999999999999,0.0025,0.0064,0.0961,0.0169,0.0016,0.0004,0.0004,0.0225,0.0016,0.0225,0.0025,0.01
4.6389999999999985,8.717948717948673,3.128717948717947,9.292307692307647,0.017179487179486738,-1.4707692307692215,30.099999999999827,4.616205128205174,-2.8139743589743524,1.856358974358728,5.031692307692438,13.705461538461446,-16.398820512820432,95.83520512820513,-19.411666666666637,97.78343589743591,0.3,-0.12,0.05,-0.12,0.26,0.5,0.07,0.08,0.07,0.43,1.7,1.32,0.31,1.32,0.14,0.6,0.45,0.13,0.45,0.3,1.3,1.23,0.04,1.23,0.37,1.0,0.92,0.02,0.92,0.08,1.5,1.07,0.02,1.07,0.89,1.4,0.67,0.15,0.67,1.17,0.9,0.38,0.04,0.38,0.74,1.3,1.05,0.15,1.05,0.71,0.9,0.75,0.05,0.75,0.39,1.3,1.09,0.1,1.09,0.57,0.09,0.25,2.89,0.36,1.6900000000000002,1.0,2.25,1.96,0.81,1.6900000000000002,0.81,1.6900000000000002,0.0144,0.0049,1.7424000000000002,0.2025,1.5129,0.8464,1.1449,0.4489000000000001,0.1444,1.1025,0.5625,1.1881000000000002,0.0676,0.1848999999999999,0.0196,0.09,0.1369,0.0064,0.7921,1.3688999999999998,0.5476,0.5041,0.1521,0.3248999999999999,0.0025,0.0064,0.0961,0.0169,0.0016,0.0004,0.0004,0.0225,0.0016,0.0225,0.0025,0.01
4.688999999999998,10.026315789473646,3.201578947368419,10.61684210526312,0.03,-1.7355263157894656,35.157894736842024,3.2756842105263364,-2.9940000000000144,9.145684210526051,1.1882894736843492,16.39234210526311,-18.752999999999965,95.45547368421052,-20.303499999999985,97.59268421052631,0.3026315789473646,-0.11921052631579061,0.04947368421052708,-0.11921052631579061,0.26131578947368234,0.5,0.06921052631579062,0.07973684210526354,0.06921052631579062,0.43,1.6947368421052706,1.32,0.30605263157895307,1.32,0.14973684210524907,0.6026315789473646,0.45236842105262814,0.12710526315789894,0.45236842105262814,0.3018421052631552,1.3052631578947294,1.2349999999999928,0.04394736842104691,1.2349999999999928,0.36894736842105413,1.0,0.9186842105263178,0.01973684210526354,0.9186842105263178,0.08631578947367506,1.5,1.0705263157894729,0.02,1.0705263157894729,0.8910526315789459,1.4026315789473645,0.6707894736842094,0.15184210526315522,0.6707894736842094,1.1721052631578917,0.9,0.38026315789473647,0.04,0.38026315789473647,0.74,1.3,1.0502631578947366,0.14947368421052706,1.0502631578947366,0.7097368421052636,0.9,0.75,0.05026315789473646,0.75,0.3886842105263177,1.3052631578947294,1.093421052631574,0.10499999999999277,1.093421052631574,0.5755263157894657,0.09184210526315523,0.25,2.873157894736867,0.363421052631574,1.704736842105242,1.0,2.25,1.9676315789473573,0.81,1.6900000000000002,0.81,1.704736842105242,0.01423421052631603,0.004813157894736968,1.7424000000000002,0.2048447368421019,1.5261499999999808,0.8440447368421087,1.1460368421052616,0.4499815789473669,0.14460263157894707,1.103055263157894,0.5625,1.196002631578936,0.06834999999999891,0.1848999999999999,0.025928947368411878,0.091234210526314,0.1361631578947379,0.008926315789470023,0.7940157894736815,1.3739947368420977,0.5476,0.5037289473684216,0.15113947368421193,0.33236052631577856,0.0024578947368421662,0.006360526315789531,0.09424473684210796,0.01646578947368484,0.00250789473684079,0.0003921052631579062,0.0004,0.023181578947367432,0.0016,0.022352631578947582,0.002528947368421011,0.011949999999997175
4.738999999999998,11.333333333333288,3.28333333333333,11.94666666666662,0.03,-2.016666666666656,37.63333333333328,2.64866666666668,-2.394333333333365,17.629333333333097,-3.403999999999857,17.831333333333305,-19.809333333333317,95.45066666666666,-20.925999999999966,97.71833333333332,0.4,-0.09,0.03,-0.09,0.31,0.5,0.04,0.07,0.04,0.43,1.5,1.32,0.16,1.32,0.51,0.7,0.54,0.02,0.54,0.37,1.5,1.42,0.19,1.42,0.33,1.0,0.87,0.01,0.87,0.32,1.5,1.09,0.02,1.09,0.93,1.5,0.7,0.22,0.7,1.25,0.9,0.39,0.04,0.39,0.74,1.3,1.06,0.13,1.06,0.7,0.9,0.75,0.06,0.75,0.34,1.5,1.22,0.29,1.22,0.78,0.16,0.25,2.25,0.4899999999999999,2.25,1.0,2.25,2.25,0.81,1.6900000000000002,0.81,2.25,0.0081,0.0016,1.7424000000000002,0.2916,2.0164,0.7569,1.1881000000000002,0.4899999999999999,0.1521,1.1236000000000002,0.5625,1.4884,0.0961,0.1848999999999999,0.2601,0.1369,0.1089,0.1024,0.8649000000000001,1.5625,0.5476,0.4899999999999999,0.1156,0.6084,0.0009,0.0049,0.0256,0.0004,0.0361,0.0001,0.0004,0.0484,0.0016,0.0169,0.0036,0.0841
4.788999999999998,12.631578947368372,3.367894736842102,13.257894736842054,0.03,-2.315263157894725,38.426315789473676,2.3573684210526396,-1.386157894736886,22.587473684210405,-6.826631578947263,18.336105263157886,-20.102315789473682,95.74031578947367,-22.12536842105257,98.2644736842105,0.4,-0.09,0.03,-0.09,0.31,0.5,0.04,0.07,0.04,0.43,1.5,1.32,0.16,1.32,0.51,0.7,0.54,0.02,0.54,0.37,1.5,1.42,0.19,1.42,0.33,1.0,0.87,0.01,0.87,0.32,1.5,1.09,0.02,1.09,0.93,1.5,0.7,0.22,0.7,1.25,0.9,0.39,0.04,0.39,0.74,1.3,1.06,0.13,1.06,0.7,0.9,0.75,0.06,0.75,0.34,1.5,1.22,0.29,1.22,0.78,0.16,0.25,2.25,0.4899999999999999,2.25,1.0,2.25,2.25,0.81,1.6900000000000002,0.81,2.25,0.0081,0.0016,1.7424000000000002,0.2916,2.0164,0.7569,1.1881000000000002,0.4899999999999999,0.1521,1.1236000000000002,0.5625,1.4884,0.0961,0.1848999999999999,0.2601,0.1369,0.1089,0.1024,0.8649000000000001,1.5625,0.5476,0.4899999999999999,0.1156,0.6084,0.0009,0.0049,0.0256,0.0004,0.0361,0.0001,0.0004,0.0484,0.0016,0.0169,0.0036,0.0841
4.838999999999998,13.972972972972915,3.458108108108104,14.602972972972918,0.03,-2.6335135135135,38.79189189189187,2.361324324324321,-0.10178378378384034,26.90843243243223,-8.85505405405398,18.68775675675674,-20.08108108108108,95.92489189189189,-23.18248648648645,98.68589189189187,0.4,-0.09,0.03,-0.09,0.31,0.5,0.04,0.07,0.04,0.43,1.5,1.32,0.16,1.32,0.51,0.7,0.54,0.02,0.54,0.37,1.5,1.42,0.19,1.42,0.33,1.0,0.87,0.01,0.87,0.32,1.5,1.09,0.02,1.09,0.93,1.5,0.7,0.22,0.7,1.25,0.9,0.39,0.04,0.39,0.74,1.3,1.06,0.13,1.06,0.7,0.9,0.75,0.06,0.75,0.34,1.5,1.22,0.29,1.22,0.78,0.16,0.25,2.25,0.4899999999999999,2.25,1.0,2.25,2.25,0.81,1.6900000000000002,0.81,2.25,0.0081,0.0016,1.7424000000000002,0.2916,2.0164,0.7569,1.1881000000000002,0.4899999999999999,0.1521,1.1236000000000002,0.5625,1.4884,0.0961,0.1848999999999999,0.2601,0.1369,0.1089,0.1024,0.8649000000000001,1.5625,0.5476,0.4899999999999999,0.1156,0.6084,0.0009,0.0049,0.0256,0.0004,0.0361,0.0001,0.0004,0.0484,0.0016,0.0169,0.0036,0.0841
4.888999999999998,21.797317436661693,4.023785394932935,22.379344262295078,-0.00797317436661695,-4.779195230998508,39.51892697466468,6.2591564828614,4.336947839046199,33.007515648286144,-10.898983606557374,20.250304023845008,-19.44593293591654,94.55376602086437,-29.45443219076006,99.04381073025336,0.3797317436661695,-0.09608047690014915,0.0340536512667661,-0.09608047690014915,0.2998658718330848,0.5,0.04608047690014916,0.07202682563338306,0.04608047690014916,0.43,1.5405365126676611,1.32,0.19040238450074576,1.32,0.4350074515648271,0.6797317436661694,0.5217585692995526,0.04229508196721357,0.5217585692995526,0.3558122205663186,1.4594634873323389,1.381490312965722,0.15959761549925422,1.381490312965722,0.3381073025335322,1.0,0.8801341281669153,0.01202682563338305,0.8801341281669153,0.27135618479880674,1.5,1.085946348733234,0.02,1.085946348733234,0.9218926974664678,1.4797317436661694,0.6939195230998508,0.20581222056631865,0.6939195230998508,1.2337853949329356,0.9,0.38797317436661694,0.04,0.38797317436661694,0.74,1.3,1.0618926974664677,0.1181073025335322,1.0618926974664677,0.7181073025335322,0.9,0.75,0.05797317436661695,0.75,0.35013412816691525,1.4594634873323389,1.1936512667660204,0.251490312965722,1.1936512667660204,0.7374366616989559,0.14581222056631865,0.25,2.379716840536515,0.46365126676602025,2.1364977645305494,1.0,2.25,2.1912220566318914,0.81,1.6900000000000002,0.81,2.1364977645305494,0.009376900149031323,0.002268852459016407,1.7424000000000002,0.27354098360655704,1.9143493293591634,0.7750400894187783,1.1793441132637854,0.48166974664679557,0.15053934426229507,1.1278746646795823,0.5625,1.4275344262295069,0.09032354694485831,0.1848999999999999,0.21135484351713762,0.12739418777943348,0.11457511177347254,0.08294247391952271,0.8501447093889715,1.5232606557377042,0.5476,0.515936661698957,0.12299791356184814,0.5509394932935905,0.001224292101341288,0.0052040238450074576,0.03988912071535051,0.003744262295082035,0.029107451564828475,0.00016080476900149151,0.0004,0.0431505216095379,0.0016,0.014207898658718373,0.003377049180327864,0.06908122205663159
4.938999999999997,21.871833084947834,4.029746646795827,22.453114754098355,-0.008718330849478347,-4.80154992548435,39.548733233979135,6.288143070044708,4.343952309985096,33.01541430700448,-10.938327868852458,20.275192250372577,-19.447795827123695,94.538043219076,-29.503538002980623,99.04351266766021,0.3871833084947835,-0.09384500745156496,0.032563338301043306,-0.09384500745156496,0.30359165424739176,0.5,0.043845007451564964,0.07128166915052166,0.043845007451564964,0.43,1.5256333830104332,1.32,0.1792250372578248,1.32,0.4625782414306988,0.6871833084947834,0.5284649776453052,0.034098360655738194,0.5284649776453052,0.36102831594634843,1.4743666169895668,1.3956482861400885,0.1707749627421752,1.3956482861400885,0.3351266766020866,1.0,0.8764083457526083,0.011281669150521654,0.8764083457526083,0.2892399403874803,1.5,1.0874366616989568,0.02,1.0874366616989568,0.9248733233979134,1.4871833084947834,0.696154992548435,0.2110283159463484,0.696154992548435,1.2397466467958267,0.9,0.3887183308494784,0.04,0.3887183308494784,0.74,1.3,1.0648733233979135,0.11512667660208661,1.0648733233979135,0.7151266766020866,0.9,0.75,0.05871833084947835,0.75,0.34640834575260826,1.4743666169895668,1.2033383010432186,0.26564828614008856,1.2033383010432186,0.7530849478390453,0.1510283159463484,0.25,2.3320268256333856,0.4733383010432184,2.1782265275707875,1.0,2.25,2.212831594634872,0.81,1.6900000000000002,0.81,2.1782265275707875,0.00890745156482864,0.0020229508196721456,1.7424000000000002,0.2801803278688521,1.9518679582712348,0.7683709388971688,1.1825631892697466,0.4847323397913559,0.15111311475409833,1.1341339791356182,0.5625,1.4499114754098348,0.09244724292101329,0.1848999999999999,0.22927585692995422,0.13088897168405345,0.11248867362146062,0.09009597615499214,0.8555694485842025,1.5376868852459007,0.5476,0.5115849478390464,0.12027809239940404,0.5720646795827111,0.0011050670640834646,0.005092250372578247,0.034635767511177654,0.0025147540983607285,0.0316782414307003,0.0001384500745156496,0.0004,0.045080476900148915,0.0016,0.013432935916542519,0.003459016393442618,0.07460283159463454
4.988999999999997,21.946348733233975,4.035707898658718,22.52688524590163,-0.009463487332339746,-4.823904619970192,39.57853949329359,6.3171296572280164,4.350956780923993,33.0233129657228,-10.97767213114754,20.30008047690015,-19.44965871833085,94.52232041728763,-29.55264381520119,99.04321460506706,0.3946348733233975,-0.09160953800298076,0.03107302533532051,-0.09160953800298076,0.30731743666169875,0.5,0.04160953800298077,0.07053651266766026,0.04160953800298077,0.43,1.5107302533532052,1.32,0.16804769001490383,1.32,0.49014903129657056,0.6946348733233974,0.5351713859910577,0.025901639344262817,0.5351713859910577,0.3662444113263782,1.4892697466467948,1.4098062593144551,0.18195230998509618,1.4098062593144551,0.332146050670641,1.0,0.8726825633383013,0.010536512667660255,0.8726825633383013,0.30712369597615385,1.5,1.0889269746646795,0.02,1.0889269746646795,0.927853949329359,1.4946348733233974,0.6983904619970192,0.21624441132637823,0.6983904619970192,1.245707898658718,0.9,0.38946348733233976,0.04,0.38946348733233976,0.74,1.3,1.067853949329359,0.11214605067064103,1.067853949329359,0.712146050670641,0.9,0.75,0.05946348733233974,0.75,0.34268256333830127,1.4892697466467948,1.2130253353204166,0.27980625931445513,1.2130253353204166,0.7687332339791346,0.15624441132637823,0.25,2.2843368107302564,0.4830253353204166,2.2199552906110256,1.0,2.25,2.2344411326378526,0.81,1.6900000000000002,0.81,2.2199552906110256,0.008438002980625959,0.0017770491803278843,1.7424000000000002,0.2868196721311471,1.989386587183306,0.7617017883755592,1.1857822652757077,0.48779493293591625,0.15168688524590163,1.1403932935916539,0.5625,1.4722885245901625,0.09457093889716828,0.1848999999999999,0.24719687034277085,0.13438375558867338,0.11040223546944872,0.09724947839046155,0.8609941877794335,1.5521131147540974,0.5476,0.5072332339791359,0.11755827123695993,0.5931898658718318,0.000985842026825641,0.004980476900149038,0.029382414307004806,0.001285245901639422,0.03424903129657212,0.00011609538002980762,0.0004,0.04701043219075994,0.0016,0.012657973174366665,0.0035409836065573718,0.0801244411326375
5.038999999999997,22.091503267973835,4.046405228758169,22.669673202614355,-0.011830065359476696,-4.868366013071888,39.618300653594765,6.362065359477119,4.300274509803934,32.97711764705884,-11.196784313725445,20.33447058823529,-19.4548431372549,94.49919607843137,-29.654705882352925,99.05215032679739,0.4,-0.09,0.03,-0.09,0.31,0.5,0.04,0.07,0.04,0.43,1.5,1.32,0.16,1.32,0.51,0.7,0.54,0.02,0.54,0.37,1.5,1.42,0.19,1.42,0.33,1.0,0.87,0.01,0.87,0.32,1.5,1.09,0.02,1.09,0.93,1.5,0.7,0.22,0.7,1.25,0.9,0.39,0.04,0.39,0.74,1.3,1.07,0.11,1.07,0.71,0.9,0.75,0.06,0.75,0.34,1.5,1.22,0.29,1.22,0.78,0.16,0.25,2.25,0.4899999999999999,2.25,1.0,2.25,2.25,0.81,1.6900000000000002,0.81,2.25,0.0081,0.0016,1.7424000000000002,0.2916,2.0164,0.7569,1.1881000000000002,0.4899999999999999,0.1521,1.1449,0.5625,1.4884,0.0961,0.1848999999999999,0.2601,0.1369,0.1089,0.1024,0.8649000000000001,1.5625,0.5476,0.5041,0.1156,0.6084,0.0009,0.0049,0.0256,0.0004,0.0361,0.0001,0.0004,0.0484,0.0016,0.0121,0.0036,0.0841
5.088999999999997,22.41830065359475,4.069281045751633,22.989934640522854,-0.01836601307189499,-4.969673202614373,39.68366013071895,6.448013071895419,4.101254901960798,32.79182352941178,-11.878156862745053,20.393294117647056,-19.468568627450978,94.45703921568628,-29.892941176470572,99.08483006535948,0.4,-0.09,0.03,-0.09,0.31,0.5,0.04,0.07,0.04,0.43,1.5,1.32,0.16,1.32,0.51,0.7,0.54,0.02,0.54,0.37,1.5,1.42,0.19,1.42,0.33,1.0,0.87,0.01,0.87,0.32,1.5,1.09,0.02,1.09,0.93,1.5,0.7,0.22,0.7,1.25,0.9,0.39,0.04,0.39,0.74,1.3,1.07,0.11,1.07,0.71,0.9,0.75,0.06,0.75,0.34,1.5,1.22,0.29,1.22,0.78,0.16,0.25,2.25,0.4899999999999999,2.25,1.0,2.25,2.25,0.81,1.6900000000000002,0.81,2.25,0.0081,0.0016,1.7424000000000002,0.2916,2.0164,0.7569,1.1881000000000002,0.4899999999999999,0.1521,1.1449,0.5625,1.4884,0.0961,0.1848999999999999,0.2601,0.1369,0.1089,0.1024,0.8649000000000001,1.5625,0.5476,0.5041,0.1156,0.6084,0.0009,0.0049,0.0256,0.0004,0.0361,0.0001,0.0004,0.0484,0.0016,0.0121,0.0036,0.0841
5.138999999999997,22.745098039215666,4.092156862745097,23.31019607843135,-0.024901960784313282,-5.070980392156856,39.74901960784313,6.533960784313719,3.90223529411766,32.60652941176472,-12.55952941176466,20.45211764705882,-19.482294117647058,94.41488235294118,-30.13117647058822,99.11750980392156,0.4,-0.09,0.03,-0.09,0.31,0.5,0.04,0.07,0.04,0.43,1.5,1.32,0.16,1.32,0.51,0.7,0.54,0.02,0.54,0.37,1.5,1.42,0.19,1.42,0.33,1.0,0.87,0.01,0.87,0.32,1.5,1.09,0.02,1.09,0.93,1.5,0.7,0.22,0.7,1.25,0.9,0.39,0.04,0.39,0.74,1.3,1.07,0.11,1.07,0.71,0.9,0.75,0.06,0.75,0.34,1.5,1.22,0.29,1.22,0.78,0.16,0.25,2.25,0.4899999999999999,2.25,1.0,2.25,2.25,0.81,1.6900000000000002,0.81,2.25,0.0081,0.0016,1.7424000000000002,0.2916,2.0164,0.7569,1.1881000000000002,0.4899999999999999,0.1521,1.1449,0.5625,1.4884,0.0961,0.1848999999999999,0.2601,0.1369,0.1089,0.1024,0.8649000000000001,1.5625,0.5476,0.5041,0.1156,0.6084,0.0009,0.0049,0.0256,0.0004,0.0361,0.0001,0.0004,0.0484,0.0016,0.0121,0.0036,0.0841
5.1889999999999965,23.297297297297206,4.130810810810805,23.84837837837829,-0.0359459459459441,-5.242162162162134,39.85945945945944,6.654513513513497,3.4913243243244034,32.3344594594595,-13.606513513513352,20.54289189189188,-19.501621621621616,94.3715945945946,-30.539972972972905,99.20245945945945,0.4,-0.09,0.03297297297297205,-0.09,0.31,0.5,0.05189189189188821,0.07,0.05189189189188821,0.43,1.5,1.322972972972972,0.13918918918919565,1.322972972972972,0.5248648648648603,0.7,0.5459459459459441,0.02,0.5459459459459441,0.3818918918918882,1.4108108108108384,1.3337837837838105,0.15432432432433538,1.3337837837838105,0.3181081081081118,1.0297297297297205,0.8997297297297205,0.030810810810804362,0.8997297297297205,0.35864864864863666,1.5,1.0870270270270281,0.02,1.0870270270270281,0.9240540540540559,1.5,0.702972972972972,0.22,0.702972972972972,1.2618918918918882,0.9,0.3989189189189162,0.0340540540540559,0.3989189189189162,0.7370270270270279,1.3,1.0670270270270281,0.10405405405405589,1.0670270270270281,0.7189189189189161,0.9,0.7440540540540559,0.0659459459459441,0.7440540540540559,0.33702702702702797,1.5,1.2497297297297205,0.30486486486486025,1.2497297297297205,0.78,0.16,0.25,2.25,0.4899999999999999,2.009189189189264,1.062432432432413,2.25,2.25,0.81,1.6900000000000002,0.81,2.25,0.0081,0.003027027027026585,1.750278378378376,0.2981405405405385,1.7965486486487166,0.8116027027026858,1.1816486486486508,0.4941918918918905,0.15932432432432206,1.1385675675675695,0.5537000000000027,1.56391351351349,0.0961,0.1848999999999999,0.2760054054054005,0.14617567567567277,0.10152702702702932,0.13215945945945023,0.8539594594594629,1.592705405405396,0.543229729729731,0.5170324324324285,0.11360810810810872,0.6084,0.0011081081081080436,0.0049,0.02039729729729891,0.0004,0.0268243243243272,0.0019729729729723927,0.0004,0.0484,0.0012432432432433538,0.010910810810811179,0.004432432432432174,0.09346486486486195
5.238999999999996,24.631578947368325,4.224210526315782,25.142631578947274,-0.056315789473683237,-5.668421052631547,40.126315789473665,6.84857894736841,2.287631578947461,31.858684210526345,-15.556999999999887,20.75005263157893,-19.513789473684213,94.35773684210527,-31.536894736842033,99.50152631578945,0.4,-0.09,0.04,-0.09,0.31,0.5,0.08,0.07,0.08,0.43,1.5,1.33,0.09,1.33,0.56,0.7,0.56,0.02,0.56,0.41,1.2,1.13,0.07,1.13,0.29,1.1,0.97,0.08,0.97,0.45,1.5,1.08,0.02,1.08,0.91,1.5,0.71,0.22,0.71,1.29,0.9,0.42,0.02,0.42,0.73,1.3,1.06,0.09,1.06,0.74,0.9,0.73,0.08,0.73,0.33,1.5,1.32,0.34,1.32,0.78,0.16,0.25,2.25,0.4899999999999999,1.44,1.2100000000000002,2.25,2.25,0.81,1.6900000000000002,0.81,2.25,0.0081,0.0064,1.7689,0.3136,1.2768999999999997,0.9409,1.1664,0.5041,0.1763999999999999,1.1236000000000002,0.5328999999999999,1.7424000000000002,0.0961,0.1848999999999999,0.3136,0.1680999999999999,0.0841,0.2025,0.8281000000000001,1.6641,0.5328999999999999,0.5476,0.1089,0.6084,0.0016,0.0049,0.0081,0.0004,0.0049,0.0064,0.0004,0.0484,0.0004,0.0081,0.0064,0.1156
5.288999999999996,25.97297297297287,4.308378378378372,26.44378378378368,-0.07945945945945736,-6.111081081081046,40.2,6.9288648648648605,1.1168108108108994,30.29072972972989,-18.57599999999972,20.979270270270252,-19.345540540540558,94.1528648648649,-32.44245945945939,99.60567567567567,0.4,-0.09,0.04,-0.09,0.31,0.5,0.08,0.07,0.08,0.43,1.5,1.33,0.09,1.33,0.56,0.7,0.56,0.02,0.56,0.41,1.2,1.13,0.07,1.13,0.29,1.1,0.97,0.08,0.97,0.45,1.5,1.08,0.02,1.08,0.91,1.5,0.71,0.22,0.71,1.29,0.9,0.42,0.02,0.42,0.73,1.3,1.06,0.09,1.06,0.74,0.9,0.73,0.08,0.73,0.33,1.5,1.32,0.34,1.32,0.78,0.16,0.25,2.25,0.4899999999999999,1.44,1.2100000000000002,2.25,2.25,0.81,1.6900000000000002,0.81,2.25,0.0081,0.0064,1.7689,0.3136,1.2768999999999997,0.9409,1.1664,0.5041,0.1763999999999999,1.1236000000000002,0.5328999999999999,1.7424000000000002,0.0961,0.1848999999999999,0.3136,0.1680999999999999,0.0841,0.2025,0.8281000000000001,1.6641,0.5328999999999999,0.5476,0.1089,0.6084,0.0016,0.0049,0.0081,0.0004,0.0049,0.0064,0.0004,0.0484,0.0004,0.0081,0.0064,0.1156
5.338999999999996,27.351351351351244,4.3875675675675625,27.767297297297194,-0.1070270270270249,-6.572972972972936,40.335135135135125,6.7025675675675895,0.1684594594595217,28.175135135135275,-21.524918918918743,21.406216216216183,-19.000000000000032,94.13535135135135,-33.44908108108101,99.92145945945943,0.4,-0.09,0.04,-0.09,0.31,0.5,0.08,0.07,0.08,0.43,1.5,1.33,0.09,1.33,0.56,0.7,0.56,0.02,0.56,0.41,1.2,1.13,0.07,1.13,0.29,1.1,0.97,0.08,0.97,0.45,1.5,1.08,0.02,1.08,0.91,1.5,0.71,0.22,0.71,1.29,0.9,0.42,0.02,0.42,0.73,1.3,1.06,0.09,1.06,0.74,0.9,0.73,0.08,0.73,0.33,1.5,1.32,0.34,1.32,0.78,0.16,0.25,2.25,0.4899999999999999,1.44,1.2100000000000002,2.25,2.25,0.81,1.6900000000000002,0.81,2.25,0.0081,0.0064,1.7689,0.3136,1.2768999999999997,0.9409,1.1664,0.5041,0.1763999999999999,1.1236000000000002,0.5328999999999999,1.7424000000000002,0.0961,0.1848999999999999,0.3136,0.1680999999999999,0.0841,0.2025,0.8281000000000001,1.6641,0.5328999999999999,0.5476,0.1089,0.6084,0.0016,0.0049,0.0081,0.0004,0.0049,0.0064,0.0004,0.0484,0.0004,0.0081,0.0064,0.1156
5.388999999999996,28.702702702702577,4.462162162162155,29.064594594594478,-0.13405405405405157,-7.038918918918877,40.32972972972974,6.411000000000027,-0.5040270270269753,26.760918918919018,-23.166216216216114,21.77254054054051,-18.562756756756798,94.0832972972973,-34.29162162162155,100.15502702702702,0.4,-0.09,0.04,-0.09,0.31,0.5,0.08,0.07,0.08,0.43,1.5,1.33,0.09,1.33,0.56,0.7,0.56,0.02,0.56,0.41,1.2,1.13,0.07,1.13,0.29,1.1,0.97,0.08,0.97,0.45,1.5,1.08,0.02,1.08,0.91,1.5,0.71,0.22,0.71,1.29,0.9,0.42,0.02,0.42,0.73,1.3,1.06,0.09,1.06,0.74,0.9,0.73,0.08,0.73,0.33,1.5,1.32,0.34,1.32,0.78,0.16,0.25,2.25,0.4899999999999999,1.44,1.2100000000000002,2.25,2.25,0.81,1.6900000000000002,0.81,2.25,0.0081,0.0064,1.7689,0.3136,1.2768999999999997,0.9409,1.1664,0.5041,0.1763999999999999,1.1236000000000002,0.5328999999999999,1.7424000000000002,0.0961,0.1848999999999999,0.3136,0.1680999999999999,0.0841,0.2025,0.8281000000000001,1.6641,0.5328999999999999,0.5476,0.1089,0.6084,0.0016,0.0049,0.0081,0.0004,0.0049,0.0064,0.0004,0.0484,0.0004,0.0081,0.0064,0.1156
5.438999999999996,30.081081081080963,4.523243243243238,30.367027027026914,-0.16162162162161928,-7.539189189189147,40.408108108108095,5.6908918918919635,-0.5283783783783894,25.892216216216212,-23.636027027027,22.000189189189186,-18.090108108108147,93.87494594594597,-35.02697297297293,100.21245945945945,0.4,-0.09081081081080963,0.03918918918919036,-0.09081081081080963,0.3075675675675711,0.5,0.08,0.07,0.08,0.43,1.5,1.3291891891891905,0.08594594594595178,1.3291891891891905,0.5567567567567615,0.7,0.5567567567567615,0.019189189189190357,0.5567567567567615,0.40675675675676143,1.2,1.13,0.07,1.13,0.29,1.1,0.9716216216216192,0.08,0.9716216216216192,0.4516216216216193,1.5,1.0832432432432386,0.020810810810809644,1.0832432432432386,0.912432432432429,1.5,0.71,0.22,0.71,1.29,0.9,0.42,0.02,0.42,0.73,1.3,1.0591891891891905,0.08837837837838071,1.0591891891891905,0.7440540540540482,0.9,0.73,0.08,0.73,0.33,1.5,1.32,0.34,1.32,0.78,0.16,0.25,2.25,0.4899999999999999,1.44,1.2100000000000002,2.25,2.25,0.81,1.6900000000000002,0.81,2.25,0.008254054054053831,0.0064,1.7667513513513544,0.31009729729730234,1.2768999999999997,0.9440783783783737,1.1735351351351249,0.5041,0.1763999999999999,1.1218891891891918,0.5328999999999999,1.7424000000000002,0.09466486486486693,0.1848999999999999,0.31009729729730234,0.16557027027027382,0.0841,0.20399189189188974,0.8325999999999936,1.6641,0.5328999999999999,0.5538027027026937,0.1089,0.6084,0.0015432432432433251,0.0049,0.007572972972973732,0.0003756756756757107,0.0049,0.0064,0.0004405405405404822,0.0484,0.0004,0.007840540540540914,0.0064,0.1156
5.488999999999995,31.444444444444315,4.577777777777772,31.6622222222221,-0.1888888888888863,-8.034444444444397,40.5,4.788333333333431,-0.40066666666667866,26.08711111111107,-23.922333333333306,22.021444444444445,-17.621111111111155,93.72633333333334,-35.55488888888884,100.2601111111111,0.4,-0.1,0.03,-0.1,0.28,0.5,0.08,0.07,0.08,0.43,1.5,1.32,0.04,1.32,0.52,0.7,0.52,0.01,0.52,0.37,1.2,1.13,0.07,1.13,0.29,1.1,0.99,0.08,0.99,0.47,1.5,1.12,0.03,1.12,0.94,1.5,0.71,0.22,0.71,1.29,0.9,0.42,0.02,0.42,0.73,1.3,1.05,0.07,1.05,0.79,0.9,0.73,0.08,0.73,0.33,1.5,1.32,0.34,1.32,0.78,0.16,0.25,2.25,0.4899999999999999,1.44,1.2100000000000002,2.25,2.25,0.81,1.6900000000000002,0.81,2.25,0.01,0.0064,1.7424000000000002,0.2704,1.2768999999999997,0.9801,1.2544000000000002,0.5041,0.1763999999999999,1.1025,0.5328999999999999,1.7424000000000002,0.0784,0.1848999999999999,0.2704,0.1369,0.0841,0.2208999999999999,0.8835999999999999,1.6641,0.5328999999999999,0.6241000000000001,0.1089,0.6084,0.0009,0.0049,0.0016,0.0001,0.0049,0.0064,0.0009,0.0484,0.0004,0.0049,0.0064,0.1156
5.538999999999995,32.8333333333332,4.6166666666666645,32.964999999999876,-0.21666666666666404,-8.56499999999995,40.5,3.502500000000137,-0.27150000000001223,26.438499999999976,-24.21316666666664,22.066999999999993,-17.14666666666671,93.65883333333333,-36.28016666666659,100.45566666666664,0.4,-0.1,0.03,-0.1,0.28,0.5,0.08,0.07,0.08,0.43,1.5,1.32,0.04,1.32,0.52,0.7,0.52,0.01,0.52,0.37,1.2,1.13,0.07,1.13,0.29,1.1,0.99,0.08,0.99,0.47,1.5,1.12,0.03,1.12,0.94,1.5,0.71,0.22,0.71,1.29,0.9,0.42,0.02,0.42,0.73,1.3,1.05,0.07,1.05,0.79,0.9,0.73,0.08,0.73,0.33,1.5,1.32,0.34,1.32,0.78,0.16,0.25,2.25,0.4899999999999999,1.44,1.2100000000000002,2.25,2.25,0.81,1.6900000000000002,0.81,2.25,0.01,0.0064,1.7424000000000002,0.2704,1.2768999999999997,0.9801,1.2544000000000002,0.5041,0.1763999999999999,1.1025,0.5328999999999999,1.7424000000000002,0.0784,0.1848999999999999,0.2704,0.1369,0.0841,0.2208999999999999,0.8835999999999999,1.6641,0.5328999999999999,0.6241000000000001,0.1089,0.6084,0.0009,0.0049,0.0016,0.0001,0.0049,0.0064,0.0009,0.0484,0.0004,0.0049,0.0064,0.1156
5.588999999999995,34.19444444444431,4.645833333333329,34.23277777777765,-0.24388888888888619,-9.08583333333328,40.61944444444443,2.088166666666807,-0.14611111111112354,26.710888888888864,-24.49624999999997,22.148472222222214,-16.68408333333338,93.61836111111111,-37.10024999999992,100.7157222222222,0.4,-0.1,0.03,-0.1,0.28,0.5,0.08,0.07,0.08,0.43,1.5,1.32,0.04,1.32,0.52,0.7,0.52,0.01,0.52,0.37,1.2,1.13,0.07,1.13,0.29,1.1,0.99,0.08,0.99,0.47,1.5,1.12,0.03,1.12,0.94,1.5,0.71,0.22,0.71,1.29,0.9,0.42,0.02,0.42,0.73,1.3,1.05,0.07,1.05,0.79,0.9,0.73,0.08,0.73,0.33,1.5,1.32,0.34,1.32,0.78,0.16,0.25,2.25,0.4899999999999999,1.44,1.2100000000000002,2.25,2.25,0.81,1.6900000000000002,0.81,2.25,0.01,0.0064,1.7424000000000002,0.2704,1.2768999999999997,0.9801,1.2544000000000002,0.5041,0.1763999999999999,1.1025,0.5328999999999999,1.7424000000000002,0.0784,0.1848999999999999,0.2704,0.1369,0.0841,0.2208999999999999,0.8835999999999999,1.6641,0.5328999999999999,0.6241000000000001,0.1089,0.6084,0.0009,0.0049,0.0016,0.0001,0.0049,0.0064,0.0009,0.0484,0.0004,0.0049,0.0064,0.1156
5.638999999999995,35.58333333333319,4.681666666666664,35.53249999999987,-0.2658333333333319,-9.621666666666611,40.7,0.6470833333334826,-0.018333333333346573,26.98924999999997,-24.784333333333304,22.23099999999999,-16.212666666666717,93.5775,-37.936583333333246,100.98691666666664,0.4,-0.1,0.03,-0.1,0.28,0.5,0.08,0.07,0.08,0.43,1.5,1.32,0.04,1.32,0.52,0.7,0.52,0.01,0.52,0.37,1.2,1.13,0.07,1.13,0.29,1.1,0.99,0.08,0.99,0.47,1.5,1.12,0.03,1.12,0.94,1.5,0.71,0.22,0.71,1.29,0.9,0.42,0.02,0.42,0.73,1.3,1.05,0.07,1.05,0.79,0.9,0.73,0.08,0.73,0.33,1.5,1.32,0.34,1.32,0.78,0.16,0.25,2.25,0.4899999999999999,1.44,1.2100000000000002,2.25,2.25,0.81,1.6900000000000002,0.81,2.25,0.01,0.0064,1.7424000000000002,0.2704,1.2768999999999997,0.9801,1.2544000000000002,0.5041,0.1763999999999999,1.1025,0.5328999999999999,1.7424000000000002,0.0784,0.1848999999999999,0.2704,0.1369,0.0841,0.2208999999999999,0.8835999999999999,1.6641,0.5328999999999999,0.6241000000000001,0.1089,0.6084,0.0009,0.0049,0.0016,0.0001,0.0049,0.0064,0.0009,0.0484,0.0004,0.0049,0.0064,0.1156
5.688999999999995,36.972222222222065,4.719166666666662,36.82416666666652,-0.2894444444444413,-10.149444444444384,40.7972222222222,-0.7912499999998376,0.10944444444443001,27.26647222222219,-25.07224999999997,22.313361111111103,-15.742388888888943,93.53680555555556,-38.77130555555546,101.26344444444442,0.4,-0.1,0.03,-0.1,0.28,0.5,0.08,0.07,0.08,0.43,1.5,1.32,0.04,1.32,0.52,0.7,0.52,0.01,0.52,0.37,1.2,1.13,0.07,1.13,0.29,1.1,0.99,0.08,0.99,0.47,1.5,1.12,0.03,1.12,0.94,1.5,0.71,0.22,0.71,1.29,0.9,0.42,0.02,0.42,0.73,1.3,1.05,0.07,1.05,0.79,0.9,0.73,0.08,0.73,0.33,1.5,1.32,0.34,1.32,0.78,0.16,0.25,2.25,0.4899999999999999,1.44,1.2100000000000002,2.25,2.25,0.81,1.6900000000000002,0.81,2.25,0.01,0.0064,1.7424000000000002,0.2704,1.2768999999999997,0.9801,1.2544000000000002,0.5041,0.1763999999999999,1.1025,0.5328999999999999,1.7424000000000002,0.0784,0.1848999999999999,0.2704,0.1369,0.0841,0.2208999999999999,0.8835999999999999,1.6641,0.5328999999999999,0.6241000000000001,0.1089,0.6084,0.0009,0.0049,0.0016,0.0001,0.0049,0.0064,0.0009,0.0484,0.0004,0.0049,0.0064,0.1156
5.7389999999999946,38.37142857142842,4.761142857142852,38.12542857142843,-0.31371428571428417,-10.691142857142799,40.502857142857266,-2.184571428571289,0.23742857142855733,27.524742857142837,-25.36002857142854,22.425142857142838,-15.271685714285766,93.52197142857142,-39.71448571428558,101.61462857142851,0.3,-0.09,0.03,-0.09,0.23,0.5,0.1,0.07,0.1,0.41,1.4,1.25,0.05,1.25,0.47,0.7,0.56,0.04,0.56,0.41,1.2,1.11,0.11,1.11,0.25,1.1,1.05,0.09,1.05,0.39,1.5,1.15,0.04,1.15,0.93,1.4,0.7,0.07,0.7,1.18,0.9,0.47,0.04,0.47,0.75,1.4,1.06,0.01,1.06,0.87,0.9,0.73,0.06,0.73,0.35,1.4,1.25,0.19,1.25,0.66,0.09,0.25,1.96,0.4899999999999999,1.44,1.2100000000000002,2.25,1.96,0.81,1.96,0.81,1.96,0.0081,0.01,1.5625,0.3136,1.2321000000000002,1.1025,1.3224999999999998,0.4899999999999999,0.2208999999999999,1.1236000000000002,0.5328999999999999,1.5625,0.0529,0.1680999999999999,0.2208999999999999,0.1680999999999999,0.0625,0.1521,0.8649000000000001,1.3924,0.5625,0.7569,0.1224999999999999,0.4356,0.0009,0.0049,0.0025,0.0016,0.0121,0.0081,0.0016,0.0049,0.0016,0.0001,0.0036,0.0361
5.788999999999994,39.82352941176454,4.796470588235291,39.46764705882338,-0.3282352941176454,-11.242941176470525,38.105882352941556,-3.28258823529401,0.36647058823527967,27.653529411764698,-25.649235294117616,22.722470588235254,-14.798647058823583,93.68158823529409,-41.36723529411743,102.41929411764696,0.3,-0.09,0.03,-0.09,0.23,0.5,0.1,0.07,0.1,0.41,1.4,1.25,0.05,1.25,0.47,0.7,0.56,0.04,0.56,0.41,1.2,1.11,0.11,1.11,0.25,1.1,1.05,0.09,1.05,0.39,1.5,1.15,0.04,1.15,0.93,1.4,0.7,0.07,0.7,1.18,0.9,0.47,0.04,0.47,0.75,1.4,1.06,0.01,1.06,0.87,0.9,0.73,0.06,0.73,0.35,1.4,1.25,0.19,1.25,0.66,0.09,0.25,1.96,0.4899999999999999,1.44,1.2100000000000002,2.25,1.96,0.81,1.96,0.81,1.96,0.0081,0.01,1.5625,0.3136,1.2321000000000002,1.1025,1.3224999999999998,0.4899999999999999,0.2208999999999999,1.1236000000000002,0.5328999999999999,1.5625,0.0529,0.1680999999999999,0.2208999999999999,0.1680999999999999,0.0625,0.1521,0.8649000000000001,1.3924,0.5625,0.7569,0.1224999999999999,0.4356,0.0009,0.0049,0.0025,0.0016,0.0121,0.0081,0.0016,0.0049,0.0016,0.0001,0.0036,0.0361
5.838999999999994,41.25714285714269,4.797428571428573,40.773999999999845,-0.34514285714285375,-11.825428571428503,36.69428571428585,-3.5806000000000098,1.0608857142856283,27.064400000000056,-25.655257142857106,22.4997714285715,-14.229000000000077,93.64751428571431,-42.15631428571421,102.7100857142857,0.3,-0.09,0.03,-0.09,0.23,0.5,0.1,0.07,0.1,0.41,1.4,1.25,0.05,1.25,0.47,0.7,0.56,0.04,0.56,0.41,1.2,1.11,0.11,1.11,0.25,1.1,1.05,0.09,1.05,0.39,1.5,1.15,0.04,1.15,0.93,1.4,0.7,0.07,0.7,1.18,0.9,0.47,0.04,0.47,0.75,1.4,1.06,0.01,1.06,0.87,0.9,0.73,0.06,0.73,0.35,1.4,1.25,0.19,1.25,0.66,0.09,0.25,1.96,0.4899999999999999,1.44,1.2100000000000002,2.25,1.96,0.81,1.96,0.81,1.96,0.0081,0.01,1.5625,0.3136,1.2321000000000002,1.1025,1.3224999999999998,0.4899999999999999,0.2208999999999999,1.1236000000000002,0.5328999999999999,1.5625,0.0529,0.1680999999999999,0.2208999999999999,0.1680999999999999,0.0625,0.1521,0.8649000000000001,1.3924,0.5625,0.7569,0.1224999999999999,0.4356,0.0009,0.0049,0.0025,0.0016,0.0121,0.0081,0.0016,0.0049,0.0016,0.0001,0.0036,0.0361
5.888999999999994,42.685714285714106,4.776285714285717,42.073999999999835,-0.3737142857142821,-12.411142857142783,35.345714285714486,-3.3339714285714823,1.7146571428570705,26.74662857142859,-26.152114285714198,21.75457142857154,-13.547457142857233,93.46197142857146,-42.816485714285626,102.81351428571428,0.3,-0.09,0.03,-0.09,0.23,0.5,0.1,0.07,0.1,0.41,1.4,1.25,0.05,1.25,0.47,0.7,0.56,0.04,0.56,0.41,1.2,1.11,0.11,1.11,0.25,1.1,1.05,0.09,1.05,0.39,1.5,1.15,0.04,1.15,0.93,1.4,0.7,0.07,0.7,1.18,0.9,0.47,0.04,0.47,0.75,1.4,1.06,0.01,1.06,0.87,0.9,0.73,0.06,0.73,0.35,1.4,1.25,0.19,1.25,0.66,0.09,0.25,1.96,0.4899999999999999,1.44,1.2100000000000002,2.25,1.96,0.81,1.96,0.81,1.96,0.0081,0.01,1.5625,0.3136,1.2321000000000002,1.1025,1.3224999999999998,0.4899999999999999,0.2208999999999999,1.1236000000000002,0.5328999999999999,1.5625,0.0529,0.1680999999999999,0.2208999999999999,0.1680999999999999,0.0625,0.1521,0.8649000000000001,1.3924,0.5625,0.7569,0.1224999999999999,0.4356,0.0009,0.0049,0.0025,0.0016,0.0121,0.0081,0.0016,0.0049,0.0016,0.0001,0.0036,0.0361
5.938999999999994,44.11428571428555,4.747714285714289,43.372857142856994,-0.3811428571428555,-13.007999999999932,34.67714285714289,-2.590371428571525,1.918314285714304,26.101257142857236,-25.996428571428524,21.013457142857224,-13.05154285714288,93.17160000000003,-43.46571428571423,102.82134285714287,0.3,-0.08771428571428902,0.03457142857142196,-0.08771428571428902,0.22657142857143353,0.5,0.09771428571428903,0.06885714285714452,0.09771428571428903,0.4111428571428555,1.4,1.2511428571428556,0.05,1.2511428571428556,0.463142857142867,0.7114285714285549,0.5622857142857111,0.04342857142856647,0.5622857142857111,0.412285714285711,1.2114285714285549,1.123714285714266,0.09742857142858961,1.123714285714266,0.25571428571427746,1.1,1.0488571428571445,0.08428571428572255,1.0488571428571445,0.3797142857143006,1.5,1.1522857142857108,0.037714285714289024,1.1522857142857108,0.9231428571428671,1.4,0.697714285714289,0.06542857142857805,0.697714285714289,1.177714285714289,0.9,0.472285714285711,0.04114285714285549,0.472285714285711,0.7511428571428554,1.4,1.064571428571422,0.013428571428566469,1.064571428571422,0.8734285714285664,0.9,0.73,0.05885714285714451,0.73,0.3511428571428555,1.388571428571445,1.2374285714285895,0.17171428571431216,1.2374285714285895,0.6497142857143006,0.09,0.25,1.96,0.5071428571428322,1.4685714285713871,1.2100000000000002,2.25,1.96,0.81,1.96,0.81,1.9291428571429017,0.007734285714286243,0.009588571428572024,1.5653685714285672,0.3162057142857105,1.2641914285713822,1.100111428571432,1.3278028571428493,0.48684571428571877,0.22309428571428244,1.1334742857142717,0.5328999999999999,1.5324542857143293,0.05142571428571642,0.16904857142856994,0.2148657142857229,0.17001999999999712,0.06564285714285259,0.14500285714286743,0.8525571428571608,1.3870514285714364,0.5642257142857118,0.7629685714285627,0.12331142857142731,0.4229485714285897,0.001357142857142196,0.0047514285714287865,0.0025,0.001977142857142312,0.010717142857144858,0.007357142857143931,0.0014628571428573413,0.004442857142857804,0.0017028571428569941,0.0002714285714283235,0.003474285714285896,0.032077142857148674
5.988999999999994,45.54285714285697,4.713714285714291,44.65857142857127,-0.4008571428571393,-13.607999999999926,34.5,-1.7564285714286745,1.6647428571429077,25.31642857142867,-26.63411428571416,20.319171428571515,-12.943542857142852,92.85571428571433,-43.943657142857084,102.74082857142858,0.3,-0.07,0.07,-0.07,0.2,0.5,0.08,0.06,0.08,0.42,1.4,1.26,0.05,1.26,0.41,0.8,0.58,0.07,0.58,0.43,1.3,1.23,0.0,1.23,0.3,1.1,1.04,0.04,1.04,0.3,1.5,1.17,0.02,1.17,0.87,1.4,0.68,0.03,0.68,1.16,0.9,0.49,0.05,0.49,0.76,1.4,1.1,0.04,1.1,0.9,0.9,0.73,0.05,0.73,0.36,1.3,1.14,0.03,1.14,0.57,0.09,0.25,1.96,0.6400000000000001,1.6900000000000002,1.2100000000000002,2.25,1.96,0.81,1.96,0.81,1.6900000000000002,0.0049,0.0064,1.5876,0.3364,1.5129,1.0816,1.3688999999999998,0.4624000000000001,0.2400999999999999,1.2100000000000002,0.5328999999999999,1.2996,0.04,0.1763999999999999,0.1680999999999999,0.1848999999999999,0.09,0.09,0.7569,1.3456,0.5776,0.81,0.1296,0.3248999999999999,0.0049,0.0036,0.0025,0.0049,0.0,0.0016,0.0004,0.0009,0.0025,0.0016,0.0025,0.0009
6.0389999999999935,46.97142857142838,4.661142857142865,45.94428571428554,-0.4197142857142838,-14.22742857142849,34.88857142857135,-0.9197428571429668,1.033714285714382,24.528771428571535,-27.990857142856946,19.62197142857152,-13.293199999999937,92.69885714285716,-44.789714285714155,102.96197142857137,0.3,-0.07,0.07,-0.07,0.2,0.5,0.08,0.06,0.08,0.42,1.4,1.26,0.05,1.26,0.41,0.8,0.58,0.07,0.58,0.43,1.3,1.23,0.0,1.23,0.3,1.1,1.04,0.04,1.04,0.3,1.5,1.17,0.02,1.17,0.87,1.4,0.68,0.03,0.68,1.16,0.9,0.49,0.05,0.49,0.76,1.4,1.1,0.04,1.1,0.9,0.9,0.73,0.05,0.73,0.36,1.3,1.14,0.03,1.14,0.57,0.09,0.25,1.96,0.6400000000000001,1.6900000000000002,1.2100000000000002,2.25,1.96,0.81,1.96,0.81,1.6900000000000002,0.0049,0.0064,1.5876,0.3364,1.5129,1.0816,1.3688999999999998,0.4624000000000001,0.2400999999999999,1.2100000000000002,0.5328999999999999,1.2996,0.04,0.1763999999999999,0.1680999999999999,0.1848999999999999,0.09,0.09,0.7569,1.3456,0.5776,0.81,0.1296,0.3248999999999999,0.0049,0.0036,0.0025,0.0049,0.0,0.0016,0.0004,0.0009,0.0025,0.0016,0.0025,0.0009
6.088999999999993,48.3888888888887,4.604444444444452,47.23388888888872,-0.43388888888888705,-14.854999999999917,35.63333333333322,-0.08000000000011073,0.19061111111122536,23.738611111111215,-27.8468333333334,18.923500000000093,-14.048611111111004,92.56294444444445,-45.4963888888888,103.14783333333331,0.3,-0.07,0.07,-0.07,0.2,0.5,0.08,0.06,0.08,0.42,1.4,1.26,0.05,1.26,0.41,0.8,0.58,0.07,0.58,0.43,1.3,1.23,0.0,1.23,0.3,1.1,1.04,0.04,1.04,0.3,1.5,1.17,0.02,1.17,0.87,1.4,0.68,0.03,0.68,1.16,0.9,0.49,0.05,0.49,0.76,1.4,1.1,0.04,1.1,0.9,0.9,0.73,0.05,0.73,0.36,1.3,1.14,0.03,1.14,0.57,0.09,0.25,1.96,0.6400000000000001,1.6900000000000002,1.2100000000000002,2.25,1.96,0.81,1.96,0.81,1.6900000000000002,0.0049,0.0064,1.5876,0.3364,1.5129,1.0816,1.3688999999999998,0.4624000000000001,0.2400999999999999,1.2100000000000002,0.5328999999999999,1.2996,0.04,0.1763999999999999,0.1680999999999999,0.1848999999999999,0.09,0.09,0.7569,1.3456,0.5776,0.81,0.1296,0.3248999999999999,0.0049,0.0036,0.0025,0.0049,0.0,0.0016,0.0004,0.0009,0.0025,0.0016,0.0025,0.0009
6.138999999999993,49.799999999999805,4.548000000000008,48.51799999999983,-0.44799999999999807,-15.489999999999913,36.399999999999906,0.7573999999998855,-0.6735999999998821,22.950600000000104,-27.33540000000007,18.225800000000095,-14.85999999999989,92.41680000000002,-46.13199999999991,103.29759999999999,0.3,-0.07,0.07,-0.07,0.2,0.5,0.08,0.06,0.08,0.42,1.4,1.26,0.05,1.26,0.41,0.8,0.58,0.07,0.58,0.43,1.3,1.23,0.0,1.23,0.3,1.1,1.04,0.04,1.04,0.3,1.5,1.17,0.02,1.17,0.87,1.4,0.68,0.03,0.68,1.16,0.9,0.49,0.05,0.49,0.76,1.4,1.1,0.04,1.1,0.9,0.9,0.73,0.05,0.73,0.36,1.3,1.14,0.03,1.14,0.57,0.09,0.25,1.96,0.6400000000000001,1.6900000000000002,1.2100000000000002,2.25,1.96,0.81,1.96,0.81,1.6900000000000002,0.0049,0.0064,1.5876,0.3364,1.5129,1.0816,1.3688999999999998,0.4624000000000001,0.2400999999999999,1.2100000000000002,0.5328999999999999,1.2996,0.04,0.1763999999999999,0.1680999999999999,0.1848999999999999,0.09,0.09,0.7569,1.3456,0.5776,0.81,0.1296,0.3248999999999999,0.0049,0.0036,0.0025,0.0049,0.0,0.0016,0.0004,0.0009,0.0025,0.0016,0.0025,0.0009
6.188999999999993,51.264705882352736,4.461470588235309,49.82823529411747,-0.5105882352941095,-16.177058823529315,34.57647058823562,1.5935588235292961,-1.2632941176469852,22.164176470588345,-27.381647058823507,17.530323529411863,-15.042470588235288,92.51779411764703,-46.7529117647058,103.67123529411758,0.3,-0.06735294117647264,0.06735294117647264,-0.06735294117647264,0.2,0.5,0.08,0.06,0.08,0.42,1.4,1.2573529411764726,0.03941176470589053,1.2573529411764726,0.42852941176469156,0.8,0.5747058823529453,0.06735294117647264,0.5747058823529453,0.4273529411764726,1.3,1.23,0.0,1.23,0.3,1.1,1.04,0.04,1.04,0.3,1.5,1.17,0.02,1.17,0.87,1.4,0.68,0.03,0.68,1.16,0.9,0.49,0.05,0.49,0.76,1.4,1.1026470588235275,0.04264705882352737,1.1026470588235275,0.8947058823529452,0.9,0.73,0.05,0.73,0.36,1.3,1.14,0.03,1.14,0.57,0.09,0.25,1.96,0.6400000000000001,1.6900000000000002,1.2100000000000002,2.25,1.96,0.81,1.96,0.81,1.6900000000000002,0.004555882352941442,0.0064,1.5809558823529462,0.33036470588235756,1.5129,1.0816,1.3688999999999998,0.4624000000000001,0.2400999999999999,1.2158499999999957,0.5328999999999999,1.2996,0.04,0.1763999999999999,0.1845911764705754,0.18265000000000164,0.09,0.09,0.7569,1.3456,0.5776,0.8005764705882426,0.1296,0.3248999999999999,0.004555882352941442,0.0036,0.0018647058823534316,0.004555882352941442,0.0,0.0016,0.0004,0.0009,0.0025,0.0018382352941174632,0.0025,0.0009
6.238999999999993,52.73529411764684,4.365882352941189,51.15176470588216,-0.5767647058823419,-16.875588235294014,32.150000000000375,2.4251764705881107,-1.7927058823528617,21.381088235294232,-27.546352941176448,16.83767647058834,-15.090264705882346,92.67147058823527,-47.368352941176376,104.09549999999993,0.3,-0.06,0.06,-0.06,0.2,0.5,0.08,0.06,0.08,0.42,1.4,1.25,0.01,1.25,0.48,0.8,0.56,0.06,0.56,0.42,1.3,1.23,0.0,1.23,0.3,1.1,1.04,0.04,1.04,0.3,1.5,1.17,0.02,1.17,0.87,1.4,0.68,0.03,0.68,1.16,0.9,0.49,0.05,0.49,0.76,1.4,1.11,0.05,1.11,0.88,0.9,0.73,0.05,0.73,0.36,1.3,1.14,0.03,1.14,0.57,0.09,0.25,1.96,0.6400000000000001,1.6900000000000002,1.2100000000000002,2.25,1.96,0.81,1.96,0.81,1.6900000000000002,0.0036,0.0064,1.5625,0.3136,1.5129,1.0816,1.3688999999999998,0.4624000000000001,0.2400999999999999,1.2321000000000002,0.5328999999999999,1.2996,0.04,0.1763999999999999,0.2304,0.1763999999999999,0.09,0.09,0.7569,1.3456,0.5776,0.7744,0.1296,0.3248999999999999,0.0036,0.0036,0.0001,0.0036,0.0,0.0016,0.0004,0.0009,0.0025,0.0025,0.0025,0.0009
6.288999999999993,54.17142857142835,4.303142857142865,52.44428571428551,-0.6,-17.550571428571324,31.26571428571433,3.1188285714285566,-2.3256285714284894,22.278857142856868,-27.713057142857117,16.264628571428627,-15.137828571428564,92.41251428571431,-47.797428571428476,104.0546857142857,0.3,-0.06,0.06,-0.06,0.2,0.5,0.08,0.06,0.08,0.42,1.4,1.25,0.01,1.25,0.48,0.8,0.56,0.06,0.56,0.42,1.3,1.23,0.0,1.23,0.3,1.1,1.04,0.04,1.04,0.3,1.5,1.17,0.02,1.17,0.87,1.4,0.68,0.03,0.68,1.16,0.9,0.49,0.05,0.49,0.76,1.4,1.11,0.05,1.11,0.88,0.9,0.73,0.05,0.73,0.36,1.3,1.14,0.03,1.14,0.57,0.09,0.25,1.96,0.6400000000000001,1.6900000000000002,1.2100000000000002,2.25,1.96,0.81,1.96,0.81,1.6900000000000002,0.0036,0.0064,1.5625,0.3136,1.5129,1.0816,1.3688999999999998,0.4624000000000001,0.2400999999999999,1.2321000000000002,0.5328999999999999,1.2996,0.04,0.1763999999999999,0.2304,0.1763999999999999,0.09,0.09,0.7569,1.3456,0.5776,0.7744,0.1296,0.3248999999999999,0.0036,0.0036,0.0001,0.0036,0.0,0.0016,0.0004,0.0009,0.0025,0.0025,0.0025,0.0009
6.338999999999992,55.58333333333312,4.252500000000007,53.71499999999981,-0.6,-18.208333333333236,31.1,3.0120833333333916,-2.8590833333332544,24.256833333333002,-27.878833333333308,15.973333333333361,-15.185833333333326,92.34258333333332,-48.506166666666545,104.31824999999994,0.3,-0.06,0.06,-0.06,0.2,0.5,0.08,0.06,0.08,0.42,1.4,1.25,0.01,1.25,0.48,0.8,0.56,0.06,0.56,0.42,1.3,1.23,0.0,1.23,0.3,1.1,1.04,0.04,1.04,0.3,1.5,1.17,0.02,1.17,0.87,1.4,0.68,0.03,0.68,1.16,0.9,0.49,0.05,0.49,0.76,1.4,1.11,0.05,1.11,0.88,0.9,0.73,0.05,0.73,0.36,1.3,1.14,0.03,1.14,0.57,0.09,0.25,1.96,0.6400000000000001,1.6900000000000002,1.2100000000000002,2.25,1.96,0.81,1.96,0.81,1.6900000000000002,0.0036,0.0064,1.5625,0.3136,1.5129,1.0816,1.3688999999999998,0.4624000000000001,0.2400999999999999,1.2321000000000002,0.5328999999999999,1.2996,0.04,0.1763999999999999,0.2304,0.1763999999999999,0.09,0.09,0.7569,1.3456,0.5776,0.7744,0.1296,0.3248999999999999,0.0036,0.0036,0.0001,0.0036,0.0,0.0016,0.0004,0.0009,0.0025,0.0025,0.0025,0.0009
6.388999999999992,56.972222222222015,4.21083333333334,54.974722222222034,-0.5902777777777798,-18.847222222222126,31.002777777777798,2.622777777777836,-3.385472222222144,26.46877777777745,-28.042722222222196,15.778888888888918,-15.233055555555548,92.37827777777778,-49.32463888888877,104.73269444444438,0.3,-0.06,0.06,-0.06,0.2,0.5,0.08,0.06,0.08,0.42,1.4,1.25,0.01,1.25,0.48,0.8,0.56,0.06,0.56,0.42,1.3,1.23,0.0,1.23,0.3,1.1,1.04,0.04,1.04,0.3,1.5,1.17,0.02,1.17,0.87,1.4,0.68,0.03,0.68,1.16,0.9,0.49,0.05,0.49,0.76,1.4,1.11,0.05,1.11,0.88,0.9,0.73,0.05,0.73,0.36,1.3,1.14,0.03,1.14,0.57,0.09,0.25,1.96,0.6400000000000001,1.6900000000000002,1.2100000000000002,2.25,1.96,0.81,1.96,0.81,1.6900000000000002,0.0036,0.0064,1.5625,0.3136,1.5129,1.0816,1.3688999999999998,0.4624000000000001,0.2400999999999999,1.2321000000000002,0.5328999999999999,1.2996,0.04,0.1763999999999999,0.2304,0.1763999999999999,0.09,0.09,0.7569,1.3456,0.5776,0.7744,0.1296,0.3248999999999999,0.0036,0.0036,0.0001,0.0036,0.0,0.0016,0.0004,0.0009,0.0025,0.0025,0.0025,0.0009
6.438999999999992,58.41176470588213,4.149411764705894,56.256470588235096,-0.6141176470588212,-19.54176470588224,30.535294117647148,1.3634117647061048,-3.2323529411765253,27.300411764705785,-28.713294117647077,15.91711764705879,-14.635411764705992,92.39611764705882,-50.12605882352929,105.12647058823524,0.3,-0.06411764705882127,0.06,-0.06411764705882127,0.20411764705882127,0.5,0.0676470588235362,0.04352941176471492,0.0676470588235362,0.43647058823528506,1.4,1.2376470588235362,0.01,1.2376470588235362,0.4923529411764638,0.8,0.588823529411749,0.0888235294117489,0.588823529411749,0.44058823529410635,1.3411764705882128,1.258823529411749,0.020588235294106354,1.258823529411749,0.2876470588235362,1.0588235294117874,1.011176470588251,0.052352941176463816,1.011176470588251,0.23411764705885968,1.5,1.1823529411764637,0.02411764705882127,1.1823529411764637,0.8535294117647149,1.3588235294117872,0.6841176470588213,0.03411764705882127,0.6841176470588213,1.1352941176470723,0.9411764705882127,0.49823529411764256,0.05823529411764255,0.49823529411764256,0.7805882352941064,1.4,1.1017647058823576,0.04588235294117873,1.1017647058823576,0.88,0.9,0.7464705882352851,0.02941176470589365,0.7464705882352851,0.36823529411764255,1.2176470588235746,1.094705882352966,0.0711764705882127,1.094705882352966,0.5123529411765022,0.09,0.25,1.96,0.6400000000000001,1.8011764705881743,1.1235294117647534,2.25,1.8488235294118258,0.8882352941176042,1.96,0.81,1.4923529411765792,0.004135294117646765,0.004794117647059705,1.5319882352941343,0.34789999999998117,1.5858235294117247,1.0236647058823847,1.3981764705882191,0.46804117647058513,0.2483352941176425,1.2139823529411866,0.5576058823529275,1.2013117647059364,0.04168823529411668,0.1908941176470508,0.24262941176469915,0.19472352941175455,0.08295882352941562,0.06101176470589825,0.7289000000000153,1.2897647058823836,0.609923529411747,0.7744,0.13569411764705547,0.2672529411765021,0.0036,0.002282352941177193,0.0001,0.009076470588232289,0.0010294117647053178,0.0029588235294110195,0.0006058823529410636,0.001188235294117489,0.003488235294117105,0.0021294117647060857,0.0014705882352946823,0.007488235294114031
6.488999999999992,59.857142857142634,4.085714285714295,57.542857142856946,-0.6285714285714263,-20.24999999999989,29.957142857142944,-0.0019999999997939444,-2.808000000000074,28.11157142857128,-26.92628571428617,16.12042857142854,-13.98771428571438,92.41142857142857,-50.8452857142856,105.4831428571428,0.3,-0.07,0.06,-0.07,0.21,0.5,0.05,0.02,0.05,0.46,1.4,1.22,0.01,1.22,0.51,0.8,0.63,0.13,0.63,0.47,1.4,1.3,0.05,1.3,0.27,1.0,0.97,0.07,0.97,0.14,1.5,1.2,0.03,1.2,0.83,1.3,0.69,0.04,0.69,1.1,1.0,0.51,0.07,0.51,0.81,1.4,1.09,0.04,1.09,0.88,0.9,0.77,0.0,0.77,0.38,1.1,1.03,0.13,1.03,0.43,0.09,0.25,1.96,0.6400000000000001,1.96,1.0,2.25,1.6900000000000002,1.0,1.96,0.81,1.2100000000000002,0.0049,0.0025,1.4884,0.3969,1.6900000000000002,0.9409,1.44,0.4760999999999999,0.2601,1.1881000000000002,0.5929,1.0609,0.0440999999999999,0.2116,0.2601,0.2208999999999999,0.0729,0.0196,0.6889,1.2100000000000002,0.6561000000000001,0.7744,0.1444,0.1848999999999999,0.0036,0.0004,0.0001,0.0169,0.0025,0.0049,0.0009,0.0016,0.0049,0.0016,0.0,0.0169
6.538999999999992,61.28571428571405,4.025714285714297,58.814285714285504,-0.655714285714281,-20.939999999999884,30.071428571428594,-1.3087142857140879,-2.3624285714286426,28.99542857142847,-26.372428571428575,16.327714285714247,-13.418857142857235,92.40828571428571,-51.63057142857133,105.8688571428571,0.3,-0.07,0.06,-0.07,0.21,0.5,0.05,0.02,0.05,0.46,1.4,1.22,0.01,1.22,0.51,0.8,0.63,0.13,0.63,0.47,1.4,1.3,0.05,1.3,0.27,1.0,0.97,0.07,0.97,0.14,1.5,1.2,0.03,1.2,0.83,1.3,0.69,0.04,0.69,1.1,1.0,0.51,0.07,0.51,0.81,1.4,1.09,0.04,1.09,0.88,0.9,0.77,0.0,0.77,0.38,1.1,1.03,0.13,1.03,0.43,0.09,0.25,1.96,0.6400000000000001,1.96,1.0,2.25,1.6900000000000002,1.0,1.96,0.81,1.2100000000000002,0.0049,0.0025,1.4884,0.3969,1.6900000000000002,0.9409,1.44,0.4760999999999999,0.2601,1.1881000000000002,0.5929,1.0609,0.0440999999999999,0.2116,0.2601,0.2208999999999999,0.0729,0.0196,0.6889,1.2100000000000002,0.6561000000000001,0.7744,0.1444,0.1848999999999999,0.0036,0.0004,0.0001,0.0169,0.0025,0.0049,0.0009,0.0016,0.0049,0.0016,0.0,0.0169
6.5889999999999915,62.73529411764681,3.9532352941176594,60.097058823529196,-0.6773529411764682,-21.664999999999875,29.55882352941191,-2.4366764705880577,-1.92688235294125,29.415029411764667,-26.358647058823532,16.59258823529407,-12.860117647058917,92.34488235294118,-52.111852941176416,106.04570588235293,0.3,-0.07,0.06,-0.07,0.21,0.5,0.05,0.02,0.05,0.46,1.4,1.22,0.01,1.22,0.51,0.8,0.63,0.13,0.63,0.47,1.4,1.3,0.05,1.3,0.27,1.0,0.97,0.07,0.97,0.14,1.5,1.2,0.03,1.2,0.83,1.3,0.69,0.04,0.69,1.1,1.0,0.51,0.07,0.51,0.81,1.4,1.09,0.04,1.09,0.88,0.9,0.77,0.0,0.77,0.38,1.1,1.03,0.13,1.03,0.43,0.09,0.25,1.96,0.6400000000000001,1.96,1.0,2.25,1.6900000000000002,1.0,1.96,0.81,1.2100000000000002,0.0049,0.0025,1.4884,0.3969,1.6900000000000002,0.9409,1.44,0.4760999999999999,0.2601,1.1881000000000002,0.5929,1.0609,0.0440999999999999,0.2116,0.2601,0.2208999999999999,0.0729,0.0196,0.6889,1.2100000000000002,0.6561000000000001,0.7744,0.1444,0.1848999999999999,0.0036,0.0004,0.0001,0.0169,0.0025,0.0049,0.0009,0.0016,0.0049,0.0016,0.0,0.0169
6.638999999999991,64.20588235294093,3.8897058823529536,61.393235294117424,-0.6941176470588185,-22.402941176470463,29.1,-3.324411764705738,-1.828,29.400323529411775,-25.8822941176471,17.019235294117568,-12.368882352941258,92.07852941176472,-52.44811764705874,105.97944117647056,0.3,-0.07,0.06,-0.07,0.21,0.5,0.05,0.02,0.05,0.46,1.4,1.22,0.01,1.22,0.51,0.8,0.63,0.13,0.63,0.47,1.4,1.3,0.05,1.3,0.27,1.0,0.97,0.07,0.97,0.14,1.5,1.2,0.03,1.2,0.83,1.3,0.69,0.04,0.69,1.1,1.0,0.51,0.07,0.51,0.81,1.4,1.09,0.04,1.09,0.88,0.9,0.77,0.0,0.77,0.38,1.1,1.03,0.13,1.03,0.43,0.09,0.25,1.96,0.6400000000000001,1.96,1.0,2.25,1.6900000000000002,1.0,1.96,0.81,1.2100000000000002,0.0049,0.0025,1.4884,0.3969,1.6900000000000002,0.9409,1.44,0.4760999999999999,0.2601,1.1881000000000002,0.5929,1.0609,0.0440999999999999,0.2116,0.2601,0.2208999999999999,0.0729,0.0196,0.6889,1.2100000000000002,0.6561000000000001,0.7744,0.1444,0.1848999999999999,0.0036,0.0004,0.0001,0.0169,0.0025,0.0049,0.0009,0.0016,0.0049,0.0016,0.0,0.0169
6.688999999999991,65.6571428571426,3.8237142857142956,62.67171428571407,-0.7165714285714261,-23.13514285714273,29.231428571428523,-4.1536571428570035,-1.8608571428571303,29.353800000000003,-25.80271428571427,17.469399999999922,-11.91088571428579,92.05179999999999,-53.0546857142856,106.2572285714285,0.3,-0.07,0.06,-0.07,0.21,0.5,0.05,0.02,0.05,0.46,1.4,1.22,0.01,1.22,0.51,0.8,0.63,0.13,0.63,0.47,1.4,1.3,0.05,1.3,0.27,1.0,0.97,0.07,0.97,0.14,1.5,1.2,0.03,1.2,0.83,1.3,0.69,0.04,0.69,1.1,1.0,0.51,0.07,0.51,0.81,1.4,1.09,0.04,1.09,0.88,0.9,0.77,0.0,0.77,0.38,1.1,1.03,0.13,1.03,0.43,0.09,0.25,1.96,0.6400000000000001,1.96,1.0,2.25,1.6900000000000002,1.0,1.96,0.81,1.2100000000000002,0.0049,0.0025,1.4884,0.3969,1.6900000000000002,0.9409,1.44,0.4760999999999999,0.2601,1.1881000000000002,0.5929,1.0609,0.0440999999999999,0.2116,0.2601,0.2208999999999999,0.0729,0.0196,0.6889,1.2100000000000002,0.6561000000000001,0.7744,0.1444,0.1848999999999999,0.0036,0.0004,0.0001,0.0169,0.0025,0.0049,0.0009,0.0016,0.0049,0.0016,0.0,0.0169
6.738999999999991,67.11428571428544,3.755428571428582,63.950571428571195,-0.7411428571428545,-23.878285714285578,29.511428571428546,-4.69708571428568,-2.332342857142764,29.708714285714198,-25.512657142857144,17.819599999999987,-11.756942857142862,92.11791428571429,-53.62514285714277,106.60165714285709,0.3,-0.07,0.06,-0.07,0.21,0.5,0.05,0.02,0.05,0.46,1.4,1.22,0.01,1.22,0.51,0.8,0.63,0.13,0.63,0.47,1.4,1.3,0.05,1.3,0.27,1.0,0.97,0.07,0.97,0.14,1.5,1.2,0.03,1.2,0.83,1.3,0.69,0.04,0.69,1.1,1.0,0.51,0.07,0.51,0.81,1.4,1.06,0.04,1.06,0.88,0.9,0.77,0.0,0.77,0.38,1.1,1.03,0.13,1.03,0.43,0.09,0.25,1.96,0.6400000000000001,1.96,1.0,2.25,1.6900000000000002,1.0,1.96,0.81,1.2100000000000002,0.0049,0.0025,1.4884,0.3969,1.6900000000000002,0.9409,1.44,0.4760999999999999,0.2601,1.1236000000000002,0.5929,1.0609,0.0440999999999999,0.2116,0.2601,0.2208999999999999,0.0729,0.0196,0.6889,1.2100000000000002,0.6561000000000001,0.7744,0.1444,0.1848999999999999,0.0036,0.0004,0.0001,0.0169,0.0025,0.0049,0.0009,0.0016,0.0049,0.0016,0.0,0.0169
6.788999999999991,68.5588235294115,3.69764705882354,65.216176470588,-0.7611764705882299,-24.62058823529398,29.6,-4.821264705882349,-2.8461764705881385,30.188764705882264,-25.544088235294105,17.82667647058825,-11.76726470588234,92.10767647058825,-54.07114705882345,106.81938235294115,0.3,-0.07,0.06,-0.07,0.21,0.5,0.05,0.02,0.05,0.46,1.4,1.22,0.01,1.22,0.51,0.8,0.63,0.13,0.63,0.47,1.4,1.3,0.05,1.3,0.27,1.0,0.97,0.07,0.97,0.14,1.5,1.2,0.03,1.2,0.83,1.3,0.69,0.04,0.69,1.1,1.0,0.51,0.07,0.51,0.81,1.4,1.06,0.04,1.06,0.88,0.9,0.77,0.0,0.77,0.38,1.1,1.03,0.13,1.03,0.43,0.09,0.25,1.96,0.6400000000000001,1.96,1.0,2.25,1.6900000000000002,1.0,1.96,0.81,1.2100000000000002,0.0049,0.0025,1.4884,0.3969,1.6900000000000002,0.9409,1.44,0.4760999999999999,0.2601,1.1236000000000002,0.5929,1.0609,0.0440999999999999,0.2116,0.2601,0.2208999999999999,0.0729,0.0196,0.6889,1.2100000000000002,0.6561000000000001,0.7744,0.1444,0.1848999999999999,0.0036,0.0004,0.0001,0.0169,0.0025,0.0049,0.0009,0.0016,0.0049,0.0016,0.0,0.0169
6.838999999999991,70.0294117647056,3.638823529411776,66.49588235294092,-0.7805882352941121,-25.375294117646913,29.90294117647056,-4.840352941176467,-3.573235294117513,30.679705882352852,-25.093676470588132,17.73311764705884,-12.055970588235228,91.98417647058822,-54.4080588235293,106.88714705882346,0.3,-0.07,0.06,-0.07,0.21,0.5,0.05,0.02,0.05,0.46,1.4,1.22,0.01,1.22,0.51,0.8,0.63,0.13,0.63,0.47,1.4,1.3,0.05,1.3,0.27,1.0,0.97,0.07,0.97,0.14,1.5,1.2,0.03,1.2,0.83,1.3,0.69,0.04,0.69,1.1,1.0,0.51,0.07,0.51,0.81,1.4,1.06,0.04,1.06,0.88,0.9,0.77,0.0,0.77,0.38,1.1,1.03,0.13,1.03,0.43,0.09,0.25,1.96,0.6400000000000001,1.96,1.0,2.25,1.6900000000000002,1.0,1.96,0.81,1.2100000000000002,0.0049,0.0025,1.4884,0.3969,1.6900000000000002,0.9409,1.44,0.4760999999999999,0.2601,1.1236000000000002,0.5929,1.0609,0.0440999999999999,0.2116,0.2601,0.2208999999999999,0.0729,0.0196,0.6889,1.2100000000000002,0.6561000000000001,0.7744,0.1444,0.1848999999999999,0.0036,0.0004,0.0001,0.0169,0.0025,0.0049,0.0009,0.0016,0.0049,0.0016,0.0,0.0169
6.8889999999999905,71.49999999999973,3.5850000000000084,67.78499999999976,-0.8049999999999973,-26.139999999999855,30.0,-4.83400000000001,-4.290999999999864,31.165999999999908,-25.836499999999788,17.605500000000035,-12.405499999999934,92.07549999999996,-55.045999999999864,107.2899999999999,0.3,-0.07,0.06,-0.07,0.21,0.5,0.05,0.02,0.05,0.46,1.4,1.22,0.01,1.22,0.51,0.8,0.63,0.13,0.63,0.47,1.4,1.3,0.05,1.3,0.27,1.0,0.97,0.07,0.97,0.14,1.5,1.2,0.03,1.2,0.83,1.3,0.69,0.04,0.69,1.1,1.0,0.51,0.07,0.51,0.81,1.4,1.06,0.04,1.06,0.88,0.9,0.77,0.0,0.77,0.38,1.1,1.03,0.13,1.03,0.43,0.09,0.25,1.96,0.6400000000000001,1.96,1.0,2.25,1.6900000000000002,1.0,1.96,0.81,1.2100000000000002,0.0049,0.0025,1.4884,0.3969,1.6900000000000002,0.9409,1.44,0.4760999999999999,0.2601,1.1236000000000002,0.5929,1.0609,0.0440999999999999,0.2116,0.2601,0.2208999999999999,0.0729,0.0196,0.6889,1.2100000000000002,0.6561000000000001,0.7744,0.1444,0.1848999999999999,0.0036,0.0004,0.0001,0.0169,0.0025,0.0049,0.0009,0.0016,0.0049,0.0016,0.0,0.0169
6.93899999999999,72.97058823529382,3.5408823529411855,69.05470588235268,-0.8294117647058764,-26.90470588235279,29.902941176470616,-4.626735294117705,-5.147558823529226,31.66005882352931,-27.221852941176166,17.19641176470599,-12.794823529411683,92.24349999999997,-55.70820588235281,107.77535294117637,0.3,-0.07,0.06,-0.07,0.21,0.5,0.05,0.02,0.05,0.46,1.4,1.22,0.01,1.22,0.51,0.8,0.63,0.13,0.63,0.47,1.4,1.3,0.05,1.3,0.27,1.0,0.97,0.07,0.97,0.14,1.5,1.2,0.03,1.2,0.83,1.3,0.69,0.04,0.69,1.1,1.0,0.51,0.07,0.51,0.81,1.4,1.06,0.04,1.06,0.88,0.9,0.77,0.0,0.77,0.38,1.1,1.03,0.13,1.03,0.43,0.09,0.25,1.96,0.6400000000000001,1.96,1.0,2.25,1.6900000000000002,1.0,1.96,0.81,1.2100000000000002,0.0049,0.0025,1.4884,0.3969,1.6900000000000002,0.9409,1.44,0.4760999999999999,0.2601,1.1236000000000002,0.5929,1.0609,0.0440999999999999,0.2116,0.2601,0.2208999999999999,0.0729,0.0196,0.6889,1.2100000000000002,0.6561000000000001,0.7744,0.1444,0.1848999999999999,0.0036,0.0004,0.0001,0.0169,0.0025,0.0049,0.0009,0.0016,0.0049,0.0016,0.0,0.0169
6.98899999999999,74.45454545454515,3.486363636363645,70.34090909090884,-0.8590909090909031,-27.69090909090893,29.60909090909097,-4.29254545454552,-5.854090909090791,32.03663636363632,-28.086636363636252,16.689909090909193,-13.066363636363597,92.30327272727271,-56.41190909090895,108.18999999999991,0.3,-0.12,0.06,-0.12,0.2,0.5,0.09,0.0,0.09,0.47,1.5,1.26,0.09,1.26,0.64,0.7,0.51,0.01,0.51,0.41,1.4,1.32,0.06,1.32,0.33,1.0,0.98,0.02,0.98,0.26,1.5,1.21,0.04,1.21,0.83,1.2,0.62,0.12,0.62,1.05,1.0,0.56,0.07,0.56,0.8,1.4,1.03,0.04,1.03,0.91,0.9,0.75,0.02,0.75,0.37,1.2,1.02,0.09,1.02,0.49,0.09,0.25,2.25,0.4899999999999999,1.96,1.0,2.25,1.44,1.0,1.96,0.81,1.44,0.0144,0.0081,1.5876,0.2601,1.7424000000000002,0.9604,1.4641,0.3844,0.3136,1.0609,0.5625,1.0404,0.04,0.2208999999999999,0.4096,0.1680999999999999,0.1089,0.0676,0.6889,1.1025,0.6400000000000001,0.8281000000000001,0.1369,0.2400999999999999,0.0036,0.0,0.0081,0.0001,0.0036,0.0004,0.0016,0.0144,0.0049,0.0016,0.0004,0.0081
7.03899999999999,75.94117647058793,3.432352941176483,71.61941176470562,-0.8888235294117586,-28.48823529411748,29.21764705882362,-4.005411764705936,-6.244999999999943,31.87205882352949,-28.246058823529427,16.185941176470692,-13.156941176470582,92.35847058823528,-57.02923529411753,108.5598823529411,0.3,-0.12,0.06,-0.12,0.2,0.5,0.09,0.0,0.09,0.47,1.5,1.26,0.09,1.26,0.64,0.7,0.51,0.01,0.51,0.41,1.4,1.32,0.06,1.32,0.33,1.0,0.98,0.02,0.98,0.26,1.5,1.21,0.04,1.21,0.83,1.2,0.62,0.12,0.62,1.05,1.0,0.56,0.07,0.56,0.8,1.4,1.03,0.04,1.03,0.91,0.9,0.75,0.02,0.75,0.37,1.2,1.02,0.09,1.02,0.49,0.09,0.25,2.25,0.4899999999999999,1.96,1.0,2.25,1.44,1.0,1.96,0.81,1.44,0.0144,0.0081,1.5876,0.2601,1.7424000000000002,0.9604,1.4641,0.3844,0.3136,1.0609,0.5625,1.0404,0.04,0.2208999999999999,0.4096,0.1680999999999999,0.1089,0.0676,0.6889,1.1025,0.6400000000000001,0.8281000000000001,0.1369,0.2400999999999999,0.0036,0.0,0.0081,0.0001,0.0036,0.0004,0.0016,0.0144,0.0049,0.0016,0.0004,0.0081
7.08899999999999,77.45454545454514,3.3863636363636456,72.92090909090882,-0.919090909090903,-29.295454545454376,28.718181818181943,-3.752090909090954,-6.528999999999942,31.510454545454607,-28.167363636363653,15.6669090909092,-13.185181818181812,92.41754545454545,-57.61027272727261,108.92009090909085,0.3,-0.12,0.06,-0.12,0.2,0.5,0.09,0.0,0.09,0.47,1.5,1.26,0.09,1.26,0.64,0.7,0.51,0.01,0.51,0.41,1.4,1.32,0.06,1.32,0.33,1.0,0.98,0.02,0.98,0.26,1.5,1.21,0.04,1.21,0.83,1.2,0.62,0.12,0.62,1.05,1.0,0.56,0.07,0.56,0.8,1.4,1.03,0.04,1.03,0.91,0.9,0.75,0.02,0.75,0.37,1.2,1.02,0.09,1.02,0.49,0.09,0.25,2.25,0.4899999999999999,1.96,1.0,2.25,1.44,1.0,1.96,0.81,1.44,0.0144,0.0081,1.5876,0.2601,1.7424000000000002,0.9604,1.4641,0.3844,0.3136,1.0609,0.5625,1.0404,0.04,0.2208999999999999,0.4096,0.1680999999999999,0.1089,0.0676,0.6889,1.1025,0.6400000000000001,0.8281000000000001,0.1369,0.2400999999999999,0.0036,0.0,0.0081,0.0001,0.0036,0.0004,0.0016,0.0144,0.0049,0.0016,0.0004,0.0081
7.13899999999999,78.94117647058793,3.341764705882362,74.19941176470562,-0.9488235294117585,-30.09823529411748,28.12352941176483,-3.6137058823529604,-6.806999999999942,31.36347058823531,-28.091000000000015,15.12211764705894,-13.212882352941172,92.4415882352941,-58.15770588235283,109.23041176470582,0.3,-0.12,0.06,-0.12,0.2,0.5,0.09,0.0,0.09,0.47,1.5,1.26,0.09,1.26,0.64,0.7,0.51,0.01,0.51,0.41,1.4,1.32,0.06,1.32,0.33,1.0,0.98,0.02,0.98,0.26,1.5,1.21,0.04,1.21,0.83,1.2,0.62,0.12,0.62,1.05,1.0,0.56,0.07,0.56,0.8,1.4,1.03,0.04,1.03,0.91,0.9,0.75,0.02,0.75,0.37,1.2,1.02,0.09,1.02,0.49,0.09,0.25,2.25,0.4899999999999999,1.96,1.0,2.25,1.44,1.0,1.96,0.81,1.44,0.0144,0.0081,1.5876,0.2601,1.7424000000000002,0.9604,1.4641,0.3844,0.3136,1.0609,0.5625,1.0404,0.04,0.2208999999999999,0.4096,0.1680999999999999,0.1089,0.0676,0.6889,1.1025,0.6400000000000001,0.8281000000000001,0.1369,0.2400999999999999,0.0036,0.0,0.0081,0.0001,0.0036,0.0004,0.0016,0.0144,0.0049,0.0016,0.0004,0.0081
7.188999999999989,80.45454545454513,3.3009090909090975,75.4909090909088,-0.9790909090909026,-30.91545454545437,27.61818181818195,-3.5260909090909243,-7.0899999999999395,31.266181818181856,-28.012363636363656,14.559909090909208,-13.240181818181812,92.43890909090909,-58.66636363636354,109.50054545454542,0.3,-0.12,0.06,-0.12,0.2,0.5,0.09,0.0,0.09,0.47,1.5,1.26,0.09,1.26,0.64,0.7,0.51,0.01,0.51,0.41,1.4,1.32,0.06,1.32,0.33,1.0,0.98,0.02,0.98,0.26,1.5,1.21,0.04,1.21,0.83,1.2,0.62,0.12,0.62,1.05,1.0,0.56,0.07,0.56,0.8,1.4,1.03,0.04,1.03,0.91,0.9,0.75,0.02,0.75,0.37,1.2,1.02,0.09,1.02,0.49,0.09,0.25,2.25,0.4899999999999999,1.96,1.0,2.25,1.44,1.0,1.96,0.81,1.44,0.0144,0.0081,1.5876,0.2601,1.7424000000000002,0.9604,1.4641,0.3844,0.3136,1.0609,0.5625,1.0404,0.04,0.2208999999999999,0.4096,0.1680999999999999,0.1089,0.0676,0.6889,1.1025,0.6400000000000001,0.8281000000000001,0.1369,0.2400999999999999,0.0036,0.0,0.0081,0.0001,0.0036,0.0004,0.0016,0.0144,0.0049,0.0016,0.0004,0.0081
7.238999999999989,81.96969696969664,3.270606060606067,76.78424242424214,-0.9996969696969664,-31.74333333333315,27.10909090909101,-3.4971212121212134,-7.371393939393878,30.915030303030402,-27.93454545454547,14.05172727272738,-13.268424242424237,92.341696969697,-58.877151515151496,109.52933333333335,0.3,-0.13939393939393274,0.05030303030303363,-0.13939393939393274,0.2,0.5,0.10939393939393274,0.0,0.10939393939393274,0.46030303030303366,1.5,1.289090909090899,0.06090909090910089,1.289090909090899,0.6109090909091008,0.7969696969696637,0.5487878787878655,0.04878787878786548,0.5487878787878655,0.44878787878786547,1.3030303030303363,1.3103030303030336,0.011515151515168152,1.3103030303030336,0.16515151515157173,1.0969696969696638,1.08666666666663,0.08787878787876457,1.08666666666663,0.24060606060606726,1.5,1.190606060606067,0.02060606060606726,1.190606060606067,0.8106060606060673,1.2969696969696638,0.5909090909091008,0.10060606060606726,0.5909090909091008,1.0887878787878655,1.0,0.5793939393939327,0.07,0.5793939393939327,0.7903030303030336,1.4,1.03,0.04,1.03,0.91,0.9,0.7403030303030336,0.02969696969696637,0.7403030303030336,0.35060606060606725,1.2,1.02,0.08030303030303364,1.02,0.5481818181817982,0.09,0.25,2.25,0.6354545454544956,1.6981818181819082,1.203636363636294,2.25,1.6824242424241593,1.0,1.96,0.81,1.44,0.019442424242422512,0.011978787878786548,1.6617818181817927,0.3012151515151374,1.7168969696969787,1.1811999999999243,1.4175545454545613,0.349200000000012,0.3357090909090833,1.0609,0.5480515151515201,1.0404,0.04,0.21188181818182128,0.3732363636363761,0.20145757575756432,0.02812424242427014,0.05790303030303363,0.6570939393939504,1.1855060606060324,0.6245818181818236,0.8281000000000001,0.12293636363636833,0.3006090909090701,0.0025333333333336996,0.0,0.0037363636363651337,0.0024272727272719287,0.00020606060606177075,0.007866666666664104,0.00043636363636403563,0.010133333333334799,0.0049,0.0016,0.0008848484848483185,0.006451515151515718
7.288999999999989,83.48484848484816,3.2451515151515187,78.07212121212093,-1.0248484848484816,-32.566666666666485,26.654545454545552,-3.4374545454545555,-7.653181818181757,31.172848484848384,-27.856787878787895,13.561393939394046,-13.295727272727268,92.4872727272727,-59.37184848484835,109.91672727272716,0.3,-0.14,0.05,-0.14,0.2,0.5,0.11,0.0,0.11,0.46,1.5,1.29,0.06,1.29,0.61,0.8,0.55,0.05,0.55,0.45,1.3,1.31,0.01,1.31,0.16,1.1,1.09,0.09,1.09,0.24,1.5,1.19,0.02,1.19,0.81,1.3,0.59,0.1,0.59,1.09,1.0,0.58,0.07,0.58,0.79,1.4,1.03,0.04,1.03,0.91,0.9,0.74,0.03,0.74,0.35,1.2,1.02,0.08,1.02,0.55,0.09,0.25,2.25,0.6400000000000001,1.6900000000000002,1.2100000000000002,2.25,1.6900000000000002,1.0,1.96,0.81,1.44,0.0196,0.0121,1.6641,0.3025,1.7161000000000002,1.1881000000000002,1.4161,0.3480999999999999,0.3364,1.0609,0.5476,1.0404,0.04,0.2116,0.3721,0.2025,0.0256,0.0576,0.6561000000000001,1.1881000000000002,0.6241000000000001,0.8281000000000001,0.1224999999999999,0.3025,0.0025,0.0,0.0036,0.0025,0.0001,0.0081,0.0004,0.01,0.0049,0.0016,0.0009,0.0064
7.338999999999989,84.97058823529379,3.230294117647062,79.34470588235267,-1.0202941176470621,-33.37411764705865,26.208823529411863,-3.4744117647058648,-7.934382352941115,31.798823529411607,-27.77952941176472,13.08538235294128,-13.323441176470581,92.55667647058823,-60.077941176470425,110.35755882352932,0.3,-0.14,0.05,-0.14,0.2,0.5,0.11,0.0,0.11,0.46,1.5,1.29,0.06,1.29,0.61,0.8,0.55,0.05,0.55,0.45,1.3,1.31,0.01,1.31,0.16,1.1,1.09,0.09,1.09,0.24,1.5,1.19,0.02,1.19,0.81,1.3,0.59,0.1,0.59,1.09,1.0,0.58,0.07,0.58,0.79,1.4,1.03,0.04,1.03,0.91,0.9,0.74,0.03,0.74,0.35,1.2,1.02,0.08,1.02,0.55,0.09,0.25,2.25,0.6400000000000001,1.6900000000000002,1.2100000000000002,2.25,1.6900000000000002,1.0,1.96,0.81,1.44,0.0196,0.0121,1.6641,0.3025,1.7161000000000002,1.1881000000000002,1.4161,0.3480999999999999,0.3364,1.0609,0.5476,1.0404,0.04,0.2116,0.3721,0.2025,0.0256,0.0576,0.6561000000000001,1.1881000000000002,0.6241000000000001,0.8281000000000001,0.1224999999999999,0.3025,0.0025,0.0,0.0036,0.0025,0.0001,0.0081,0.0004,0.01,0.0049,0.0016,0.0009,0.0064
7.388999999999989,86.48484848484814,3.215151515151519,80.62212121212092,-1.039696969696963,-34.21666666666648,25.706060606060742,-3.720696969696906,-8.027454545454532,31.516909090909202,-27.5965454545455,12.544030303030429,-13.293424242424253,92.6222424242424,-60.67342424242411,110.7368181818181,0.3,-0.14,0.05,-0.14,0.2,0.5,0.11,0.0,0.11,0.46,1.5,1.29,0.06,1.29,0.61,0.8,0.55,0.05,0.55,0.45,1.3,1.31,0.01,1.31,0.16,1.1,1.09,0.09,1.09,0.24,1.5,1.19,0.02,1.19,0.81,1.3,0.59,0.1,0.59,1.09,1.0,0.58,0.07,0.58,0.79,1.4,1.03,0.04,1.03,0.91,0.9,0.74,0.03,0.74,0.35,1.2,1.02,0.08,1.02,0.55,0.09,0.25,2.25,0.6400000000000001,1.6900000000000002,1.2100000000000002,2.25,1.6900000000000002,1.0,1.96,0.81,1.44,0.0196,0.0121,1.6641,0.3025,1.7161000000000002,1.1881000000000002,1.4161,0.3480999999999999,0.3364,1.0609,0.5476,1.0404,0.04,0.2116,0.3721,0.2025,0.0256,0.0576,0.6561000000000001,1.1881000000000002,0.6241000000000001,0.8281000000000001,0.1224999999999999,0.3025,0.0025,0.0,0.0036,0.0025,0.0001,0.0081,0.0004,0.01,0.0049,0.0016,0.0009,0.0064
7.4389999999999885,87.99999999999964,3.2000000000000037,81.89999999999971,-1.0599999999999965,-35.0599999999998,25.10000000000014,-3.9999999999999356,-8.080999999999987,31.027000000000115,-27.392000000000046,11.992000000000129,-13.25100000000001,92.69799999999998,-61.23199999999987,111.10699999999991,0.3,-0.14,0.05,-0.14,0.2,0.5,0.11,0.0,0.11,0.46,1.5,1.29,0.06,1.29,0.61,0.8,0.55,0.05,0.55,0.45,1.3,1.31,0.01,1.31,0.16,1.1,1.09,0.09,1.09,0.24,1.5,1.19,0.02,1.19,0.81,1.3,0.59,0.1,0.59,1.09,1.0,0.58,0.07,0.58,0.79,1.4,1.03,0.04,1.03,0.91,0.9,0.74,0.03,0.74,0.35,1.2,1.02,0.08,1.02,0.55,0.09,0.25,2.25,0.6400000000000001,1.6900000000000002,1.2100000000000002,2.25,1.6900000000000002,1.0,1.96,0.81,1.44,0.0196,0.0121,1.6641,0.3025,1.7161000000000002,1.1881000000000002,1.4161,0.3480999999999999,0.3364,1.0609,0.5476,1.0404,0.04,0.2116,0.3721,0.2025,0.0256,0.0576,0.6561000000000001,1.1881000000000002,0.6241000000000001,0.8281000000000001,0.1224999999999999,0.3025,0.0025,0.0,0.0036,0.0025,0.0001,0.0081,0.0004,0.01,0.0049,0.0016,0.0009,0.0064
7.488999999999988,89.51515151515116,3.19,83.18272727272698,-1.0851515151515116,-35.90848484848465,24.796969696969768,-4.0884545454545345,-8.089454545454545,30.371090909091073,-26.336303030303284,11.52654545454556,-13.132090909090943,92.65203030303032,-61.60490909090901,111.27551515151512,0.3,-0.14,0.05,-0.14,0.2,0.5,0.11,0.0,0.11,0.46,1.5,1.29,0.06,1.29,0.61,0.8,0.55,0.05,0.55,0.45,1.3,1.31,0.01,1.31,0.16,1.1,1.09,0.09,1.09,0.24,1.5,1.19,0.02,1.19,0.81,1.3,0.59,0.1,0.59,1.09,1.0,0.58,0.07,0.58,0.79,1.4,0.99,0.02,0.99,0.93,0.9,0.74,0.03,0.74,0.35,1.2,1.02,0.08,1.02,0.55,0.09,0.25,2.25,0.6400000000000001,1.6900000000000002,1.2100000000000002,2.25,1.6900000000000002,1.0,1.96,0.81,1.44,0.0196,0.0121,1.6641,0.3025,1.7161000000000002,1.1881000000000002,1.4161,0.3480999999999999,0.3364,0.9801,0.5476,1.0404,0.04,0.2116,0.3721,0.2025,0.0256,0.0576,0.6561000000000001,1.1881000000000002,0.6241000000000001,0.8649000000000001,0.1224999999999999,0.3025,0.0025,0.0,0.0036,0.0025,0.0001,0.0081,0.0004,0.01,0.0049,0.0004,0.0009,0.0064
7.538999999999988,91.0606060606057,3.19,84.4809090909088,-1.1112121212121142,-36.773939393939195,23.981818181818287,-4.128242424242446,-8.067212121212116,29.68896969696974,-26.0655454545455,11.082848484848538,-12.968696969696996,92.72860606060604,-61.98906060606051,111.55309090909084,0.3,-0.14,0.05,-0.14,0.2,0.5,0.11,0.0,0.11,0.46,1.5,1.29,0.06,1.29,0.61,0.8,0.55,0.05,0.55,0.45,1.3,1.31,0.01,1.31,0.16,1.1,1.09,0.09,1.09,0.24,1.5,1.19,0.02,1.19,0.81,1.3,0.59,0.1,0.59,1.09,1.0,0.58,0.07,0.58,0.79,1.4,0.99,0.02,0.99,0.93,0.9,0.74,0.03,0.74,0.35,1.2,1.02,0.08,1.02,0.55,0.09,0.25,2.25,0.6400000000000001,1.6900000000000002,1.2100000000000002,2.25,1.6900000000000002,1.0,1.96,0.81,1.44,0.0196,0.0121,1.6641,0.3025,1.7161000000000002,1.1881000000000002,1.4161,0.3480999999999999,0.3364,0.9801,0.5476,1.0404,0.04,0.2116,0.3721,0.2025,0.0256,0.0576,0.6561000000000001,1.1881000000000002,0.6241000000000001,0.8649000000000001,0.1224999999999999,0.3025,0.0025,0.0,0.0036,0.0025,0.0001,0.0081,0.0004,0.01,0.0049,0.0004,0.0009,0.0064
7.588999999999988,92.59374999999962,3.1959374999999963,85.76874999999967,-1.135937499999996,-37.638437499999775,23.64062500000004,-4.021906250000031,-8.110937499999984,29.57821875,-25.862718750000056,10.911312500000019,-12.876468750000017,92.77434375,-62.3894062499999,111.81346874999994,0.3,-0.14,0.05,-0.14,0.2,0.5,0.11,0.0,0.11,0.46,1.5,1.29,0.06,1.29,0.61,0.8,0.55,0.05,0.55,0.45,1.3,1.31,0.01,1.31,0.16,1.1,1.09,0.09,1.09,0.24,1.5,1.19,0.02,1.19,0.81,1.3,0.59,0.1,0.59,1.09,1.0,0.58,0.07,0.58,0.79,1.4,0.99,0.02,0.99,0.93,0.9,0.74,0.03,0.74,0.35,1.2,1.02,0.08,1.02,0.55,0.09,0.25,2.25,0.6400000000000001,1.6900000000000002,1.2100000000000002,2.25,1.6900000000000002,1.0,1.96,0.81,1.44,0.0196,0.0121,1.6641,0.3025,1.7161000000000002,1.1881000000000002,1.4161,0.3480999999999999,0.3364,0.9801,0.5476,1.0404,0.04,0.2116,0.3721,0.2025,0.0256,0.0576,0.6561000000000001,1.1881000000000002,0.6241000000000001,0.8649000000000001,0.1224999999999999,0.3025,0.0025,0.0,0.0036,0.0025,0.0001,0.0081,0.0004,0.01,0.0049,0.0004,0.0009,0.0064
7.638999999999988,94.12499999999963,3.2012499999999964,87.04499999999969,-1.1612499999999961,-38.501249999999786,23.812499999999964,-4.093249999999972,-8.182249999999987,29.258624999999878,-26.162624999999952,11.051374999999945,-12.867124999999996,92.72299999999997,-62.71449999999989,111.95287499999992,0.3,-0.14,0.05,-0.14,0.2,0.5,0.11,0.0,0.11,0.46,1.5,1.29,0.06,1.29,0.61,0.8,0.55,0.05,0.55,0.45,1.3,1.31,0.01,1.31,0.16,1.1,1.09,0.09,1.09,0.24,1.5,1.19,0.02,1.19,0.81,1.3,0.59,0.1,0.59,1.09,1.0,0.58,0.07,0.58,0.79,1.4,0.99,0.02,0.99,0.93,0.9,0.74,0.03,0.74,0.35,1.2,1.02,0.08,1.02,0.55,0.09,0.25,2.25,0.6400000000000001,1.6900000000000002,1.2100000000000002,2.25,1.6900000000000002,1.0,1.96,0.81,1.44,0.0196,0.0121,1.6641,0.3025,1.7161000000000002,1.1881000000000002,1.4161,0.3480999999999999,0.3364,0.9801,0.5476,1.0404,0.04,0.2116,0.3721,0.2025,0.0256,0.0576,0.6561000000000001,1.1881000000000002,0.6241000000000001,0.8649000000000001,0.1224999999999999,0.3025,0.0025,0.0,0.0036,0.0025,0.0001,0.0081,0.0004,0.01,0.0049,0.0004,0.0009,0.0064
7.688999999999988,95.66666666666629,3.2233333333333256,88.33999999999969,-1.1833333333333258,-39.37999999999978,24.033333333333257,-4.2013333333333085,-8.230666666666655,30.012333333333068,-26.262000000000008,11.275999999999945,-12.880999999999997,92.86133333333329,-63.229666666666525,112.35766666666655,0.3,-0.14,0.05,-0.14,0.2,0.5,0.11,0.0,0.11,0.46,1.5,1.29,0.06,1.29,0.61,0.8,0.55,0.05,0.55,0.45,1.3,1.31,0.01,1.31,0.16,1.1,1.09,0.09,1.09,0.24,1.5,1.19,0.02,1.19,0.81,1.3,0.59,0.1,0.59,1.09,1.0,0.58,0.07,0.58,0.79,1.4,0.99,0.02,0.99,0.93,0.9,0.74,0.03,0.74,0.35,1.2,1.02,0.08,1.02,0.55,0.09,0.25,2.25,0.6400000000000001,1.6900000000000002,1.2100000000000002,2.25,1.6900000000000002,1.0,1.96,0.81,1.44,0.0196,0.0121,1.6641,0.3025,1.7161000000000002,1.1881000000000002,1.4161,0.3480999999999999,0.3364,0.9801,0.5476,1.0404,0.04,0.2116,0.3721,0.2025,0.0256,0.0576,0.6561000000000001,1.1881000000000002,0.6241000000000001,0.8649000000000001,0.1224999999999999,0.3025,0.0025,0.0,0.0036,0.0025,0.0001,0.0081,0.0004,0.01,0.0049,0.0004,0.0009,0.0064
7.7389999999999874,97.2187499999996,3.242187499999996,89.63156249999967,-1.204374999999992,-40.26468749999977,23.97812500000004,-4.395062499999956,-8.361749999999997,29.001875000000304,-26.482874999999957,11.330375000000005,-12.813000000000065,92.99099999999999,-63.741968749999906,112.75756249999993,0.3,-0.14,0.04,-0.14,0.18,0.5,0.11,0.03,0.11,0.41,1.6,1.46,0.13,1.46,0.55,0.7,0.51,0.0,0.51,0.4,1.1,1.05,0.23,1.05,0.06,1.3,1.27,0.24,1.27,0.12,1.5,1.19,0.02,1.19,0.73,1.4,0.54,0.02,0.54,1.18,1.0,0.57,0.06,0.57,0.78,1.4,0.98,0.01,0.98,0.9,0.8,0.7,0.05,0.7,0.32,1.3,1.07,0.02,1.07,0.68,0.09,0.25,2.5600000000000005,0.4899999999999999,1.2100000000000002,1.6900000000000002,2.25,1.96,1.0,1.96,0.6400000000000001,1.6900000000000002,0.0196,0.0121,2.1316,0.2601,1.1025,1.6129,1.4161,0.2916,0.3248999999999999,0.9604,0.4899999999999999,1.1449,0.0324,0.1680999999999999,0.3025,0.16,0.0036,0.0144,0.5328999999999999,1.3924,0.6084,0.81,0.1024,0.4624000000000001,0.0016,0.0009,0.0169,0.0,0.0529,0.0576,0.0004,0.0004,0.0036,0.0001,0.0025,0.0004
7.788999999999987,98.78124999999959,3.265624999999992,90.92843749999966,-1.2356249999999918,-41.14749999999977,23.587500000000162,-4.536468749999971,-8.287531250000042,28.048750000000187,-26.557875,11.294437500000015,-12.467687500000116,93.00428125,-64.02868749999995,112.92865624999997,0.3,-0.14,0.04,-0.14,0.18,0.5,0.11,0.03,0.11,0.41,1.6,1.46,0.13,1.46,0.55,0.7,0.51,0.0,0.51,0.4,1.1,1.05,0.23,1.05,0.06,1.3,1.27,0.24,1.27,0.12,1.5,1.19,0.02,1.19,0.73,1.4,0.54,0.02,0.54,1.18,1.0,0.57,0.06,0.57,0.78,1.4,0.98,0.01,0.98,0.9,0.8,0.7,0.05,0.7,0.32,1.3,1.07,0.02,1.07,0.68,0.09,0.25,2.5600000000000005,0.4899999999999999,1.2100000000000002,1.6900000000000002,2.25,1.96,1.0,1.96,0.6400000000000001,1.6900000000000002,0.0196,0.0121,2.1316,0.2601,1.1025,1.6129,1.4161,0.2916,0.3248999999999999,0.9604,0.4899999999999999,1.1449,0.0324,0.1680999999999999,0.3025,0.16,0.0036,0.0144,0.5328999999999999,1.3924,0.6084,0.81,0.1024,0.4624000000000001,0.0016,0.0009,0.0169,0.0,0.0529,0.0576,0.0004,0.0004,0.0036,0.0001,0.0025,0.0004
7.838999999999987,100.34374999999959,3.283437499999996,92.21531249999967,-1.2634374999999958,-42.03593749999977,23.062500000000163,-4.525625000000002,-8.029625000000095,28.597093749999917,-26.304906250000016,11.323999999999973,-11.867781250000181,93.01384374999999,-64.28721874999992,113.08156249999995,0.3,-0.14,0.04,-0.14,0.18,0.5,0.11,0.03,0.11,0.41,1.6,1.46,0.13,1.46,0.55,0.7,0.51,0.0,0.51,0.4,1.1,1.05,0.23,1.05,0.06,1.3,1.27,0.24,1.27,0.12,1.5,1.19,0.02,1.19,0.73,1.4,0.54,0.02,0.54,1.18,1.0,0.57,0.06,0.57,0.78,1.4,0.98,0.01,0.98,0.9,0.8,0.7,0.05,0.7,0.32,1.3,1.07,0.02,1.07,0.68,0.09,0.25,2.5600000000000005,0.4899999999999999,1.2100000000000002,1.6900000000000002,2.25,1.96,1.0,1.96,0.6400000000000001,1.6900000000000002,0.0196,0.0121,2.1316,0.2601,1.1025,1.6129,1.4161,0.2916,0.3248999999999999,0.9604,0.4899999999999999,1.1449,0.0324,0.1680999999999999,0.3025,0.16,0.0036,0.0144,0.5328999999999999,1.3924,0.6084,0.81,0.1024,0.4624000000000001,0.0016,0.0009,0.0169,0.0,0.0529,0.0576,0.0004,0.0004,0.0036,0.0001,0.0025,0.0004
7.888999999999987,101.90624999999957,3.29,93.50312499999966,-1.2881249999999915,-42.926562499999754,22.528125000000127,-4.56468749999998,-7.569156250000144,28.220593750000234,-26.569812499999866,11.494687499999939,-11.122437500000212,93.05309374999999,-64.58996874999991,113.28768749999995,0.3,-0.14,0.04,-0.14,0.18,0.5,0.11,0.03,0.11,0.41,1.6,1.46,0.13,1.46,0.55,0.7,0.51,0.0,0.51,0.4,1.1,1.05,0.23,1.05,0.06,1.3,1.27,0.24,1.27,0.12,1.5,1.19,0.02,1.19,0.73,1.4,0.54,0.02,0.54,1.18,1.0,0.57,0.06,0.57,0.78,1.4,0.98,0.01,0.98,0.9,0.8,0.7,0.05,0.7,0.32,1.3,1.07,0.02,1.07,0.68,0.09,0.25,2.5600000000000005,0.4899999999999999,1.2100000000000002,1.6900000000000002,2.25,1.96,1.0,1.96,0.6400000000000001,1.6900000000000002,0.0196,0.0121,2.1316,0.2601,1.1025,1.6129,1.4161,0.2916,0.3248999999999999,0.9604,0.4899999999999999,1.1449,0.0324,0.1680999999999999,0.3025,0.16,0.0036,0.0144,0.5328999999999999,1.3924,0.6084,0.81,0.1024,0.4624000000000001,0.0016,0.0009,0.0169,0.0,0.0529,0.0576,0.0004,0.0004,0.0036,0.0001,0.0025,0.0004
7.938999999999987,103.4838709677415,3.3048387096774148,94.79677419354803,-1.30967741935483,-43.835806451612655,22.4967741935483,-4.680677419354789,-7.202354838709768,28.648258064515947,-27.48641935483845,12.025967741935307,-10.594838709677536,92.96180645161293,-64.79629032258059,113.32941935483869,0.3,-0.135161290322585,0.044838709677415,-0.135161290322585,0.175161290322585,0.5,0.11,0.03,0.11,0.41,1.6,1.4454838709677549,0.10096774193551,1.4454838709677549,0.525806451612925,0.7,0.51,0.004838709677415003,0.51,0.395161290322585,1.1,1.05,0.23,1.05,0.06,1.25161290322585,1.245806451612925,0.20612903225809498,1.245806451612925,0.08612903225809498,1.5,1.19,0.02,1.19,0.73,1.4,0.54,0.02,0.54,1.18,1.0,0.57,0.06,0.57,0.78,1.35161290322585,0.965483870967755,0.029354838709660012,0.965483870967755,0.89032258064517,0.8,0.7,0.05,0.7,0.32,1.3,1.07,0.02,1.07,0.68,0.09,0.25,2.5600000000000005,0.4899999999999999,1.2100000000000002,1.569032258064625,2.25,1.96,1.0,1.829354838709795,0.6400000000000001,1.6900000000000002,0.018293548387097947,0.0121,2.089648387096812,0.2601,1.1025,1.5526580645161832,1.4161,0.2916,0.3248999999999999,0.9323838709677671,0.4899999999999999,1.1449,0.030706451612904747,0.1680999999999999,0.27709677419357126,0.15617741935484217,0.0036,0.008641935483876147,0.5328999999999999,1.3924,0.6084,0.7927741935484026,0.1024,0.4624000000000001,0.00203548387096735,0.0009,0.011093548387101998,4.838709677415002e-05,0.0529,0.043712903225818944,0.0004,0.0004,0.0036,0.0012612903225796006,0.0025,0.0004
7.988999999999987,105.06249999999957,3.32,96.10124999999965,-1.3312499999999916,-44.73624999999976,23.031249999999787,-5.033687499999921,-6.879500000000016,29.11662499999965,-28.150249999999957,12.799624999999793,-10.328624999999988,93.03843749999999,-65.13843749999992,113.58618749999994,0.3,-0.13,0.05,-0.13,0.17,0.5,0.11,0.03,0.11,0.41,1.6,1.43,0.07,1.43,0.5,0.7,0.51,0.01,0.51,0.39,1.1,1.05,0.23,1.05,0.06,1.2,1.22,0.17,1.22,0.05,1.5,1.19,0.02,1.19,0.73,1.4,0.54,0.02,0.54,1.18,1.0,0.57,0.06,0.57,0.78,1.3,0.95,0.05,0.95,0.88,0.8,0.7,0.05,0.7,0.32,1.3,1.07,0.02,1.07,0.68,0.09,0.25,2.5600000000000005,0.4899999999999999,1.2100000000000002,1.44,2.25,1.96,1.0,1.6900000000000002,0.6400000000000001,1.6900000000000002,0.0169,0.0121,2.0449,0.2601,1.1025,1.4884,1.4161,0.2916,0.3248999999999999,0.9025,0.4899999999999999,1.1449,0.0289,0.1680999999999999,0.25,0.1521,0.0036,0.0025,0.5328999999999999,1.3924,0.6084,0.7744,0.1024,0.4624000000000001,0.0025,0.0009,0.0049,0.0001,0.0529,0.0289,0.0004,0.0004,0.0036,0.0025,0.0025,0.0004
8.038999999999987,106.6249999999996,3.326249999999996,97.38249999999967,-1.3562499999999962,-45.63624999999977,23.812499999999797,-5.295249999999944,-6.878249999999976,30.54412499999958,-28.27337499999998,13.545249999999816,-10.419874999999957,93.084375,-65.43624999999993,113.79649999999995,0.3,-0.13,0.05,-0.13,0.17,0.5,0.11,0.03,0.11,0.41,1.6,1.43,0.07,1.43,0.5,0.7,0.51,0.01,0.51,0.39,1.1,1.05,0.23,1.05,0.06,1.2,1.22,0.17,1.22,0.05,1.5,1.19,0.02,1.19,0.73,1.4,0.54,0.02,0.54,1.18,1.0,0.57,0.06,0.57,0.78,1.3,0.95,0.05,0.95,0.88,0.8,0.7,0.05,0.7,0.32,1.3,1.07,0.02,1.07,0.68,0.09,0.25,2.5600000000000005,0.4899999999999999,1.2100000000000002,1.44,2.25,1.96,1.0,1.6900000000000002,0.6400000000000001,1.6900000000000002,0.0169,0.0121,2.0449,0.2601,1.1025,1.4884,1.4161,0.2916,0.3248999999999999,0.9025,0.4899999999999999,1.1449,0.0289,0.1680999999999999,0.25,0.1521,0.0036,0.0025,0.5328999999999999,1.3924,0.6084,0.7744,0.1024,0.4624000000000001,0.0025,0.0009,0.0049,0.0001,0.0529,0.0289,0.0004,0.0004,0.0036,0.0025,0.0025,0.0004
8.088999999999986,108.21874999999955,3.33,98.67937499999962,-1.3821874999999952,-46.556874999999735,24.565624999999862,-5.509406249999994,-7.073281249999921,30.825406249999894,-29.282281249999834,14.1155624999999,-10.566187499999968,93.19112499999997,-65.84949999999989,114.12290624999991,0.3,-0.13,0.05,-0.13,0.17,0.5,0.11,0.03,0.11,0.41,1.6,1.43,0.07,1.43,0.5,0.7,0.51,0.01,0.51,0.39,1.1,1.05,0.23,1.05,0.06,1.2,1.22,0.17,1.22,0.05,1.5,1.19,0.02,1.19,0.73,1.4,0.54,0.02,0.54,1.18,1.0,0.57,0.06,0.57,0.78,1.3,0.95,0.05,0.95,0.88,0.8,0.7,0.05,0.7,0.32,1.3,1.07,0.02,1.07,0.68,0.09,0.25,2.5600000000000005,0.4899999999999999,1.2100000000000002,1.44,2.25,1.96,1.0,1.6900000000000002,0.6400000000000001,1.6900000000000002,0.0169,0.0121,2.0449,0.2601,1.1025,1.4884,1.4161,0.2916,0.3248999999999999,0.9025,0.4899999999999999,1.1449,0.0289,0.1680999999999999,0.25,0.1521,0.0036,0.0025,0.5328999999999999,1.3924,0.6084,0.7744,0.1024,0.4624000000000001,0.0025,0.0009,0.0049,0.0001,0.0529,0.0289,0.0004,0.0004,0.0036,0.0025,0.0025,0.0004
8.138999999999985,109.80645161290275,3.338064516129027,99.98129032258025,-1.4061290322580549,-47.4777419354836,24.880645161290275,-5.409129032258129,-7.384193548386994,31.512225806451315,-29.435129032258143,14.367225806451566,-10.67077419354836,93.26219354838709,-66.19022580645152,114.37545161290316,0.3,-0.13,0.05,-0.13,0.17,0.5,0.11,0.03,0.11,0.41,1.6,1.43,0.07,1.43,0.5,0.7,0.51,0.01,0.51,0.39,1.1,1.05,0.23,1.05,0.06,1.2,1.22,0.17,1.22,0.05,1.5,1.19,0.02,1.19,0.73,1.4,0.54,0.02,0.54,1.18,1.0,0.57,0.06,0.57,0.78,1.3,0.95,0.05,0.95,0.88,0.8,0.7,0.05,0.7,0.32,1.3,1.07,0.02,1.07,0.68,0.09,0.25,2.5600000000000005,0.4899999999999999,1.2100000000000002,1.44,2.25,1.96,1.0,1.6900000000000002,0.6400000000000001,1.6900000000000002,0.0169,0.0121,2.0449,0.2601,1.1025,1.4884,1.4161,0.2916,0.3248999999999999,0.9025,0.4899999999999999,1.1449,0.0289,0.1680999999999999,0.25,0.1521,0.0036,0.0025,0.5328999999999999,1.3924,0.6084,0.7744,0.1024,0.4624000000000001,0.0025,0.0009,0.0049,0.0001,0.0529,0.0289,0.0004,0.0004,0.0036,0.0025,0.0025,0.0004
8.188999999999986,111.3870967741931,3.34,101.26741935483834,-1.433870967741931,-48.394516129032,24.82258064516138,-5.182709677419422,-7.75841935483862,32.110999999999805,-28.63770967741949,14.263677419354897,-10.696322580645171,93.32625806451611,-66.39503225806446,114.54793548387093,0.3,-0.14161290322579292,0.042258064516138054,-0.14161290322579292,0.17387096774193098,0.5,0.11387096774193098,0.026129032258069024,0.11387096774193098,0.406129032258069,1.6,1.4454838709677238,0.05451612903227611,1.4454838709677238,0.4380645161291044,0.6612903225806902,0.5022580645161381,0.025483870967723893,0.5022580645161381,0.3745161290322761,1.1387096774193097,1.077096774193517,0.1874193548387593,1.077096774193517,0.10645161290317168,1.1612903225806903,1.1851612903226212,0.1312903225806903,1.1851612903226212,0.0654838709677239,1.5,1.19,0.02,1.19,0.722258064516138,1.4,0.5516129032257929,0.016129032258069026,0.5516129032257929,1.1954838709677238,1.0,0.5583870967742071,0.04838709677420708,0.5583870967742071,0.7761290322580691,1.3,0.9345161290322761,0.05774193548386195,0.9345161290322761,0.876129032258069,0.8387096774193098,0.7038709677419309,0.046129032258069025,0.7038709677419309,0.32,1.3387096774193097,1.085483870967724,0.031612903225792924,1.085483870967724,0.68,0.09,0.25,2.5600000000000005,0.43967741935489724,1.2990322580644125,1.3509677419355877,2.25,1.96,1.0,1.6900000000000002,0.7058064516128266,1.7945161290321363,0.020267741935479946,0.012990322580644123,2.089803225806399,0.252358064516138,1.1612999999999316,1.4065290322581598,1.4161,0.30449032258063014,0.3120096774193698,0.8737000000000336,0.4954580645161226,1.1786548387096383,0.030254838709675838,0.16496451612903584,0.1979741935484477,0.1406419354838843,0.014748387096761205,0.004667741935481345,0.5217516129032388,1.4295612903225374,0.602400000000007,0.7676258064516208,0.1024,0.4624000000000001,0.0018806451612910441,0.0007064516129034513,0.0033516129032276102,0.0010290322580634337,0.03799677419356575,0.019609677419365663,0.0004,0.0002838709677420708,0.0025548387096786373,0.0034290322580634337,0.0021516129032262124,0.0012129032258055043
8.238999999999987,112.96874999999957,3.34,102.56437499999966,-1.4593749999999914,-49.31187499999975,24.409375000000125,-4.940875000000067,-7.962374999999964,33.089999999999684,-28.9102187499998,13.975718750000091,-10.57056250000005,93.3926875,-66.53362499999997,114.68356249999998,0.3,-0.16,0.03,-0.16,0.18,0.5,0.12,0.02,0.12,0.4,1.6,1.47,0.03,1.47,0.34,0.6,0.49,0.05,0.49,0.35,1.2,1.12,0.12,1.12,0.18,1.1,1.13,0.07,1.13,0.09,1.5,1.19,0.02,1.19,0.71,1.4,0.57,0.01,0.57,1.22,1.0,0.54,0.03,0.54,0.77,1.3,0.91,0.07,0.91,0.87,0.9,0.71,0.04,0.71,0.32,1.4,1.11,0.05,1.11,0.68,0.09,0.25,2.5600000000000005,0.36,1.44,1.2100000000000002,2.25,1.96,1.0,1.6900000000000002,0.81,1.96,0.0256,0.0144,2.1609,0.2400999999999999,1.2544000000000002,1.2768999999999997,1.4161,0.3248999999999999,0.2916,0.8281000000000001,0.5041,1.2321000000000002,0.0324,0.16,0.1156,0.1224999999999999,0.0324,0.0081,0.5041,1.4884,0.5929,0.7569,0.1024,0.4624000000000001,0.0009,0.0004,0.0009,0.0025,0.0144,0.0049,0.0004,0.0001,0.0009,0.0049,0.0016,0.0025
8.288999999999985,114.56249999999952,3.345624999999995,103.86124999999961,-1.4812499999999904,-50.246249999999726,24.24375000000005,-5.029374999999951,-7.726750000000102,33.89906249999978,-29.98968749999967,13.631500000000104,-10.500812500000006,93.55606249999995,-66.82656249999991,114.9848749999999,0.3,-0.16,0.03,-0.16,0.18,0.5,0.12,0.02,0.12,0.4,1.6,1.47,0.03,1.47,0.34,0.6,0.49,0.05,0.49,0.35,1.2,1.12,0.12,1.12,0.18,1.1,1.13,0.07,1.13,0.09,1.5,1.19,0.02,1.19,0.71,1.4,0.57,0.01,0.57,1.22,1.0,0.54,0.03,0.54,0.77,1.3,0.91,0.07,0.91,0.87,0.9,0.71,0.04,0.71,0.32,1.4,1.11,0.05,1.11,0.68,0.09,0.25,2.5600000000000005,0.36,1.44,1.2100000000000002,2.25,1.96,1.0,1.6900000000000002,0.81,1.96,0.0256,0.0144,2.1609,0.2400999999999999,1.2544000000000002,1.2768999999999997,1.4161,0.3248999999999999,0.2916,0.8281000000000001,0.5041,1.2321000000000002,0.0324,0.16,0.1156,0.1224999999999999,0.0324,0.0081,0.5041,1.4884,0.5929,0.7569,0.1024,0.4624000000000001,0.0009,0.0004,0.0009,0.0025,0.0144,0.0049,0.0004,0.0001,0.0009,0.0049,0.0016,0.0025
8.338999999999984,116.16129032258016,3.35,105.16225806451573,-1.5116129032258014,-51.183548387096494,24.06774193548397,-5.192290322580596,-7.232193548387268,34.62954838709655,-30.7531935483869,13.286322580645267,-10.675838709677343,93.61012903225806,-67.17829032258054,115.23525806451606,0.3,-0.16,0.03,-0.16,0.18,0.5,0.12,0.02,0.12,0.4,1.6,1.47,0.03,1.47,0.34,0.6,0.49,0.05,0.49,0.35,1.2,1.12,0.12,1.12,0.18,1.1,1.13,0.07,1.13,0.09,1.5,1.19,0.02,1.19,0.71,1.4,0.57,0.01,0.57,1.22,1.0,0.54,0.03,0.54,0.77,1.3,0.91,0.07,0.91,0.87,0.9,0.71,0.04,0.71,0.32,1.4,1.11,0.05,1.11,0.68,0.09,0.25,2.5600000000000005,0.36,1.44,1.2100000000000002,2.25,1.96,1.0,1.6900000000000002,0.81,1.96,0.0256,0.0144,2.1609,0.2400999999999999,1.2544000000000002,1.2768999999999997,1.4161,0.3248999999999999,0.2916,0.8281000000000001,0.5041,1.2321000000000002,0.0324,0.16,0.1156,0.1224999999999999,0.0324,0.0081,0.5041,1.4884,0.5929,0.7569,0.1024,0.4624000000000001,0.0009,0.0004,0.0009,0.0025,0.0144,0.0049,0.0004,0.0001,0.0009,0.0049,0.0016,0.0025
8.388999999999985,117.74999999999953,3.357499999999995,106.45749999999961,-1.5349999999999906,-52.10499999999973,23.750000000000092,-5.3534999999999515,-6.683250000000164,35.353999999999786,-31.385499999999812,12.944000000000102,-10.920499999999928,93.62125,-67.5349999999999,115.45524999999994,0.3,-0.16,0.03,-0.16,0.18,0.5,0.12,0.02,0.12,0.4,1.6,1.47,0.03,1.47,0.34,0.6,0.49,0.05,0.49,0.35,1.2,1.12,0.12,1.12,0.18,1.1,1.13,0.07,1.13,0.09,1.5,1.19,0.02,1.19,0.71,1.4,0.57,0.01,0.57,1.22,1.0,0.54,0.03,0.54,0.77,1.3,0.91,0.07,0.91,0.87,0.9,0.71,0.04,0.71,0.32,1.4,1.11,0.05,1.11,0.68,0.09,0.25,2.5600000000000005,0.36,1.44,1.2100000000000002,2.25,1.96,1.0,1.6900000000000002,0.81,1.96,0.0256,0.0144,2.1609,0.2400999999999999,1.2544000000000002,1.2768999999999997,1.4161,0.3248999999999999,0.2916,0.8281000000000001,0.5041,1.2321000000000002,0.0324,0.16,0.1156,0.1224999999999999,0.0324,0.0081,0.5041,1.4884,0.5929,0.7569,0.1024,0.4624000000000001,0.0009,0.0004,0.0009,0.0025,0.0144,0.0049,0.0004,0.0001,0.0009,0.0049,0.0016,0.0025
8.438999999999986,119.35483870967695,3.36,107.75741935483833,-1.5635483870967695,-53.049354838709405,24.24193548387078,-5.865483870967578,-6.409193548387122,34.97254838709686,-31.786967741935275,12.87454838709677,-11.469774193548195,93.63377419354836,-67.89680645161278,115.6753548387096,0.3,-0.1635483870967695,0.019354838709691506,-0.1635483870967695,0.19064516129030848,0.5,0.12,0.02,0.12,0.4,1.6,1.47,0.03,1.47,0.34,0.6,0.49,0.05,0.49,0.35,1.2,1.12,0.12,1.12,0.18,1.1,1.13,0.07,1.13,0.09,1.5,1.19,0.02,1.19,0.71,1.4,0.57,0.01,0.57,1.22,0.964516129032305,0.5222580645161525,0.019354838709691506,0.5222580645161525,0.7664516129032305,1.3,0.9135483870967696,0.07,0.9135483870967696,0.8664516129032305,0.864516129032305,0.7029032258064609,0.04,0.7029032258064609,0.32354838709676953,1.4,1.11,0.05,1.11,0.68,0.09,0.25,2.5600000000000005,0.36,1.44,1.2100000000000002,2.25,1.96,0.9325806451613795,1.6900000000000002,0.7496774193549186,1.96,0.026770967741933934,0.0144,2.1609,0.2400999999999999,1.2544000000000002,1.2768999999999997,1.4161,0.3248999999999999,0.27332580645163707,0.8345935483870882,0.4941645161290454,1.2321000000000002,0.03655161290322028,0.16,0.1156,0.1224999999999999,0.0324,0.0081,0.5041,1.4884,0.5874709677419426,0.7507612903225888,0.10470645161290018,0.4624000000000001,0.0005806451612907452,0.0004,0.0009,0.0025,0.0144,0.0049,0.0004,0.0001,0.0005806451612907452,0.0049,0.0016,0.0025
8.488999999999985,120.96774193548337,3.36,109.06387096774154,-1.5893548387096676,-54.00096774193519,24.983870967741687,-6.378387096774046,-6.514354838709606,35.21512903225788,-33.06599999999949,12.925516129032236,-12.18590322580622,93.7624838709677,-68.43680645161271,116.09599999999985,0.3,-0.17,0.0,-0.17,0.21,0.5,0.12,0.02,0.12,0.4,1.6,1.47,0.03,1.47,0.34,0.6,0.49,0.05,0.49,0.35,1.2,1.12,0.12,1.12,0.18,1.1,1.13,0.07,1.13,0.09,1.5,1.19,0.02,1.19,0.71,1.4,0.57,0.01,0.57,1.22,0.9,0.49,0.0,0.49,0.76,1.3,0.92,0.07,0.92,0.86,0.8,0.69,0.04,0.69,0.33,1.4,1.11,0.05,1.11,0.68,0.09,0.25,2.5600000000000005,0.36,1.44,1.2100000000000002,2.25,1.96,0.81,1.6900000000000002,0.6400000000000001,1.96,0.0289,0.0144,2.1609,0.2400999999999999,1.2544000000000002,1.2768999999999997,1.4161,0.3248999999999999,0.2400999999999999,0.8464,0.4760999999999999,1.2321000000000002,0.0440999999999999,0.16,0.1156,0.1224999999999999,0.0324,0.0081,0.5041,1.4884,0.5776,0.7395999999999999,0.1089,0.4624000000000001,0.0,0.0004,0.0009,0.0025,0.0144,0.0049,0.0004,0.0001,0.0,0.0049,0.0016,0.0025
8.538999999999984,122.5806451612898,3.35,110.37032258064473,-1.615806451612898,-54.95258064516098,25.41612903225796,-6.695096774193469,-7.05587096774173,33.337225806452395,-32.98316129032273,12.75874193548395,-12.837645161290123,93.91083870967738,-69.04361290322561,116.57306451612888,0.3,-0.17,0.0,-0.17,0.21,0.5,0.12,0.02,0.12,0.4,1.6,1.47,0.03,1.47,0.34,0.6,0.49,0.05,0.49,0.35,1.2,1.12,0.12,1.12,0.18,1.1,1.13,0.07,1.13,0.09,1.5,1.19,0.02,1.19,0.71,1.4,0.57,0.01,0.57,1.22,0.9,0.49,0.0,0.49,0.76,1.3,0.92,0.07,0.92,0.86,0.8,0.69,0.04,0.69,0.33,1.4,1.11,0.05,1.11,0.68,0.09,0.25,2.5600000000000005,0.36,1.44,1.2100000000000002,2.25,1.96,0.81,1.6900000000000002,0.6400000000000001,1.96,0.0289,0.0144,2.1609,0.2400999999999999,1.2544000000000002,1.2768999999999997,1.4161,0.3248999999999999,0.2400999999999999,0.8464,0.4760999999999999,1.2321000000000002,0.0440999999999999,0.16,0.1156,0.1224999999999999,0.0324,0.0081,0.5041,1.4884,0.5776,0.7395999999999999,0.1089,0.4624000000000001,0.0,0.0004,0.0009,0.0025,0.0144,0.0049,0.0004,0.0001,0.0,0.0049,0.0016,0.0025
8.588999999999984,124.19354838709626,3.34,111.674838709677,-1.6319354838709625,-55.91419354838679,25.4,-6.569064516129211,-7.867387096773907,31.074967741936195,-32.56841935483884,12.267064516129276,-13.281096774193493,94.08251612903221,-69.41948387096767,116.93487096774186,0.3,-0.17,0.0,-0.17,0.21,0.5,0.12,0.02,0.12,0.4,1.6,1.47,0.03,1.47,0.34,0.6,0.49,0.05,0.49,0.35,1.2,1.12,0.12,1.12,0.18,1.1,1.13,0.07,1.13,0.09,1.5,1.19,0.02,1.19,0.71,1.4,0.57,0.01,0.57,1.22,0.9,0.49,0.0,0.49,0.76,1.3,0.92,0.07,0.92,0.86,0.8,0.69,0.04,0.69,0.33,1.4,1.11,0.05,1.11,0.68,0.09,0.25,2.5600000000000005,0.36,1.44,1.2100000000000002,2.25,1.96,0.81,1.6900000000000002,0.6400000000000001,1.96,0.0289,0.0144,2.1609,0.2400999999999999,1.2544000000000002,1.2768999999999997,1.4161,0.3248999999999999,0.2400999999999999,0.8464,0.4760999999999999,1.2321000000000002,0.0440999999999999,0.16,0.1156,0.1224999999999999,0.0324,0.0081,0.5041,1.4884,0.5776,0.7395999999999999,0.1089,0.4624000000000001,0.0,0.0004,0.0009,0.0025,0.0144,0.0049,0.0004,0.0001,0.0,0.0049,0.0016,0.0025
8.638999999999985,125.80645161290275,3.34,112.97322580645123,-1.6480645161290275,-56.87387096774165,25.319354838709724,-5.83196774193575,-8.786741935483596,28.819322580645828,-32.16358064516141,11.397709677419641,-13.342387096774209,94.16880645161288,-69.60819354838706,117.11470967741931,0.3,-0.17,0.0,-0.17,0.21,0.5,0.12,0.02,0.12,0.4,1.6,1.47,0.03,1.47,0.34,0.6,0.49,0.05,0.49,0.35,1.2,1.12,0.12,1.12,0.18,1.1,1.13,0.07,1.13,0.09,1.5,1.19,0.02,1.19,0.71,1.4,0.57,0.01,0.57,1.22,0.9,0.49,0.0,0.49,0.76,1.3,0.92,0.07,0.92,0.86,0.8,0.69,0.04,0.69,0.33,1.4,1.11,0.05,1.11,0.68,0.09,0.25,2.5600000000000005,0.36,1.44,1.2100000000000002,2.25,1.96,0.81,1.6900000000000002,0.6400000000000001,1.96,0.0289,0.0144,2.1609,0.2400999999999999,1.2544000000000002,1.2768999999999997,1.4161,0.3248999999999999,0.2400999999999999,0.8464,0.4760999999999999,1.2321000000000002,0.0440999999999999,0.16,0.1156,0.1224999999999999,0.0324,0.0081,0.5041,1.4884,0.5776,0.7395999999999999,0.1089,0.4624000000000001,0.0,0.0004,0.0009,0.0025,0.0144,0.0049,0.0004,0.0001,0.0,0.0049,0.0016,0.0025
8.688999999999984,127.45161290322528,3.325483870967747,114.29580645161248,-1.7035483870967585,-57.86096774193517,23.803225806452183,-4.909161290322883,-9.537096774193325,26.534419354839443,-30.95374193548431,10.435032258064812,-13.071387096774295,94.21616129032256,-69.2468387096775,116.93719354838713,0.3,-0.17,0.0,-0.17,0.21,0.5,0.12,0.02,0.12,0.4,1.6,1.47,0.03,1.47,0.34,0.6,0.49,0.05,0.49,0.35,1.2,1.12,0.12,1.12,0.18,1.1,1.13,0.07,1.13,0.09,1.5,1.19,0.02,1.19,0.71,1.4,0.57,0.01,0.57,1.22,0.9,0.49,0.0,0.49,0.76,1.3,0.92,0.07,0.92,0.86,0.8,0.69,0.04,0.69,0.33,1.4,1.11,0.05,1.11,0.68,0.09,0.25,2.5600000000000005,0.36,1.44,1.2100000000000002,2.25,1.96,0.81,1.6900000000000002,0.6400000000000001,1.96,0.0289,0.0144,2.1609,0.2400999999999999,1.2544000000000002,1.2768999999999997,1.4161,0.3248999999999999,0.2400999999999999,0.8464,0.4760999999999999,1.2321000000000002,0.0440999999999999,0.16,0.1156,0.1224999999999999,0.0324,0.0081,0.5041,1.4884,0.5776,0.7395999999999999,0.1089,0.4624000000000001,0.0,0.0004,0.0009,0.0025,0.0144,0.0049,0.0004,0.0001,0.0,0.0049,0.0016,0.0025
8.738999999999983,129.06451612903172,3.32,115.60161290322536,-1.71,-58.81806451612871,22.27419354838732,-3.866741935484233,-10.234419354838561,24.230516129032168,-29.560290322581235,9.591516129032442,-12.76132258064521,94.3229354838709,-69.57003225806434,117.21235483870952,0.3,-0.17,0.0,-0.17,0.21,0.5,0.12,0.01,0.12,0.4,1.6,1.52,0.06,1.52,0.3,0.7,0.53,0.02,0.53,0.34,1.3,1.29,0.0,1.29,0.14,1.1,1.08,0.02,1.08,0.01,1.4,1.17,0.05,1.17,0.71,1.3,0.53,0.06,0.53,1.16,0.9,0.47,0.01,0.47,0.76,1.3,0.92,0.06,0.92,0.87,0.8,0.69,0.04,0.69,0.33,1.4,1.11,0.05,1.11,0.68,0.09,0.25,2.5600000000000005,0.4899999999999999,1.6900000000000002,1.2100000000000002,1.96,1.6900000000000002,0.81,1.6900000000000002,0.6400000000000001,1.96,0.0289,0.0144,2.3104,0.2809,1.6641,1.1664,1.3688999999999998,0.2809,0.2208999999999999,0.8464,0.4760999999999999,1.2321000000000002,0.0440999999999999,0.16,0.09,0.1156,0.0196,0.0001,0.5041,1.3456,0.5776,0.7569,0.1089,0.4624000000000001,0.0,0.0001,0.0036,0.0004,0.0,0.0004,0.0025,0.0036,0.0001,0.0036,0.0016,0.0025
8.788999999999984,130.67741935483818,3.32,116.89870967741894,-1.7167741935483818,-59.77645161290291,21.9,-2.8204516129035593,-10.603516129032169,25.118677419354274,-27.773451612903834,9.11945161290335,-12.661387096774208,94.46996774193543,-70.06061290322566,117.62522580645148,0.3,-0.17,0.0,-0.17,0.21,0.5,0.12,0.01,0.12,0.4,1.6,1.52,0.06,1.52,0.3,0.7,0.53,0.02,0.53,0.34,1.3,1.29,0.0,1.29,0.14,1.1,1.08,0.02,1.08,0.01,1.4,1.17,0.05,1.17,0.71,1.3,0.53,0.06,0.53,1.16,0.9,0.47,0.01,0.47,0.76,1.3,0.92,0.06,0.92,0.87,0.8,0.69,0.04,0.69,0.33,1.4,1.11,0.05,1.11,0.68,0.09,0.25,2.5600000000000005,0.4899999999999999,1.6900000000000002,1.2100000000000002,1.96,1.6900000000000002,0.81,1.6900000000000002,0.6400000000000001,1.96,0.0289,0.0144,2.3104,0.2809,1.6641,1.1664,1.3688999999999998,0.2809,0.2208999999999999,0.8464,0.4760999999999999,1.2321000000000002,0.0440999999999999,0.16,0.09,0.1156,0.0196,0.0001,0.5041,1.3456,0.5776,0.7569,0.1089,0.4624000000000001,0.0,0.0001,0.0036,0.0004,0.0,0.0004,0.0025,0.0036,0.0001,0.0036,0.0016,0.0025
8.838999999999984,132.29999999999947,3.332999999999995,118.21299999999958,-1.7459999999999898,-60.736999999999696,21.480000000000206,-1.7817000000003302,-10.630700000000012,26.87849999999944,-26.280600000000444,8.734900000000122,-12.710499999999977,94.20130000000012,-69.69660000000019,117.1888000000002,0.3,-0.17,0.0,-0.17,0.21,0.5,0.12,0.01,0.12,0.4,1.6,1.52,0.06,1.52,0.3,0.7,0.53,0.02,0.53,0.34,1.3,1.29,0.0,1.29,0.14,1.1,1.08,0.02,1.08,0.01,1.4,1.17,0.05,1.17,0.71,1.3,0.53,0.06,0.53,1.16,0.9,0.47,0.01,0.47,0.76,1.3,0.92,0.06,0.92,0.87,0.8,0.69,0.04,0.69,0.33,1.4,1.11,0.05,1.11,0.68,0.09,0.25,2.5600000000000005,0.4899999999999999,1.6900000000000002,1.2100000000000002,1.96,1.6900000000000002,0.81,1.6900000000000002,0.6400000000000001,1.96,0.0289,0.0144,2.3104,0.2809,1.6641,1.1664,1.3688999999999998,0.2809,0.2208999999999999,0.8464,0.4760999999999999,1.2321000000000002,0.0440999999999999,0.16,0.09,0.1156,0.0196,0.0001,0.5041,1.3456,0.5776,0.7569,0.1089,0.4624000000000001,0.0,0.0001,0.0036,0.0004,0.0,0.0004,0.0025,0.0036,0.0001,0.0036,0.0016,0.0025
8.888999999999983,133.9354838709672,3.3493548387096723,119.53774193548344,-1.778709677419344,-61.701935483870656,20.919354838709836,-0.7342903225809881,-10.595419354838722,28.652999999999416,-24.877354838710136,8.347290322580774,-12.783161290322557,93.8267741935485,-69.12745161290341,116.54441935483892,0.3,-0.17,0.0,-0.17,0.21,0.5,0.12,0.01,0.12,0.4,1.6,1.52,0.06,1.52,0.3,0.7,0.53,0.02,0.53,0.34,1.3,1.29,0.0,1.29,0.14,1.1,1.08,0.02,1.08,0.01,1.4,1.17,0.05,1.17,0.71,1.3,0.53,0.06,0.53,1.16,0.9,0.47,0.01,0.47,0.76,1.3,0.92,0.06,0.92,0.87,0.8,0.69,0.04,0.69,0.33,1.4,1.11,0.05,1.11,0.68,0.09,0.25,2.5600000000000005,0.4899999999999999,1.6900000000000002,1.2100000000000002,1.96,1.6900000000000002,0.81,1.6900000000000002,0.6400000000000001,1.96,0.0289,0.0144,2.3104,0.2809,1.6641,1.1664,1.3688999999999998,0.2809,0.2208999999999999,0.8464,0.4760999999999999,1.2321000000000002,0.0440999999999999,0.16,0.09,0.1156,0.0196,0.0001,0.5041,1.3456,0.5776,0.7569,0.1089,0.4624000000000001,0.0,0.0001,0.0036,0.0004,0.0,0.0004,0.0025,0.0036,0.0001,0.0036,0.0016,0.0025
8.938999999999982,135.56666666666607,3.334333333333339,120.84333333333285,-1.79,-62.68999999999964,21.113333333333212,-0.3495666666667378,-10.518166666666723,29.66303333333307,-23.46780000000053,8.436133333333261,-12.81980000000001,94.3793333333331,-70.23723333333285,117.6537999999995,0.3,-0.17,0.0,-0.17,0.21,0.5,0.12,0.01,0.12,0.4,1.6,1.52,0.06,1.52,0.3,0.7,0.53,0.02,0.53,0.34,1.3,1.29,0.0,1.29,0.14,1.1,1.08,0.02,1.08,0.01,1.4,1.17,0.05,1.17,0.71,1.3,0.53,0.06,0.53,1.16,0.9,0.47,0.01,0.47,0.76,1.3,0.92,0.06,0.92,0.87,0.8,0.69,0.04,0.69,0.33,1.4,1.11,0.05,1.11,0.68,0.09,0.25,2.5600000000000005,0.4899999999999999,1.6900000000000002,1.2100000000000002,1.96,1.6900000000000002,0.81,1.6900000000000002,0.6400000000000001,1.96,0.0289,0.0144,2.3104,0.2809,1.6641,1.1664,1.3688999999999998,0.2809,0.2208999999999999,0.8464,0.4760999999999999,1.2321000000000002,0.0440999999999999,0.16,0.09,0.1156,0.0196,0.0001,0.5041,1.3456,0.5776,0.7569,0.1089,0.4624000000000001,0.0,0.0001,0.0036,0.0004,0.0,0.0004,0.0025,0.0036,0.0001,0.0036,0.0016,0.0025
8.988999999999983,137.19999999999942,3.33,122.14999999999954,-1.8019999999999943,-63.66999999999965,20.960000000000115,-0.6095999999997429,-9.809600000000286,29.450599999999987,-21.675600000000774,8.721199999999849,-12.316800000000233,94.40520000000001,-70.54540000000001,117.85980000000002,0.3,-0.16,0.02,-0.16,0.2,0.5,0.1,0.01,0.1,0.42,1.6,1.55,0.09,1.55,0.19,0.6,0.49,0.05,0.49,0.35,1.4,1.23,0.08,1.23,0.48,1.2,1.21,0.14,1.21,0.05,1.4,1.11,0.09,1.11,0.77,1.2,0.48,0.16,0.48,1.06,0.9,0.45,0.03,0.45,0.75,1.3,0.9,0.08,0.9,0.87,0.8,0.68,0.04,0.68,0.32,1.3,1.05,0.06,1.05,0.54,0.09,0.25,2.5600000000000005,0.36,1.96,1.44,1.96,1.44,0.81,1.6900000000000002,0.6400000000000001,1.6900000000000002,0.0256,0.01,2.4025000000000003,0.2400999999999999,1.5129,1.4641,1.2321000000000002,0.2304,0.2025,0.81,0.4624000000000001,1.1025,0.04,0.1763999999999999,0.0361,0.1224999999999999,0.2304,0.0025,0.5929,1.1236000000000002,0.5625,0.7569,0.1024,0.2916,0.0004,0.0001,0.0081,0.0025,0.0064,0.0196,0.0081,0.0256,0.0009,0.0064,0.0016,0.0036
9.038999999999984,138.83870967741882,3.33,123.46096774193505,-1.8183870967741882,-64.65322580645129,20.8,-1.518387096773838,-9.067096774193772,29.835709677419118,-19.334322580645978,9.216838709677235,-11.672258064516337,94.4665161290322,-70.57654838709675,117.92854838709671,0.3,-0.16,0.02,-0.16,0.2,0.5,0.1,0.01,0.1,0.42,1.6,1.55,0.09,1.55,0.19,0.6,0.49,0.05,0.49,0.35,1.4,1.23,0.08,1.23,0.48,1.2,1.21,0.14,1.21,0.05,1.4,1.11,0.09,1.11,0.77,1.2,0.48,0.16,0.48,1.06,0.9,0.45,0.03,0.45,0.75,1.3,0.9,0.08,0.9,0.87,0.8,0.68,0.04,0.68,0.32,1.3,1.05,0.06,1.05,0.54,0.09,0.25,2.5600000000000005,0.36,1.96,1.44,1.96,1.44,0.81,1.6900000000000002,0.6400000000000001,1.6900000000000002,0.0256,0.01,2.4025000000000003,0.2400999999999999,1.5129,1.4641,1.2321000000000002,0.2304,0.2025,0.81,0.4624000000000001,1.1025,0.04,0.1763999999999999,0.0361,0.1224999999999999,0.2304,0.0025,0.5929,1.1236000000000002,0.5625,0.7569,0.1024,0.2916,0.0004,0.0001,0.0081,0.0025,0.0064,0.0196,0.0081,0.0256,0.0009,0.0064,0.0016,0.0036
9.088999999999983,140.4666666666661,3.334666666666661,124.77333333333289,-1.849333333333322,-65.62999999999965,20.55333333333339,-2.32973333333308,-8.393066666666874,31.23353333333288,-19.316866666666414,9.502333333333237,-11.184333333333468,94.39820000000003,-70.2706000000001,117.69406666666674,0.3,-0.16,0.02,-0.16,0.2,0.5,0.1,0.01,0.1,0.42,1.6,1.55,0.09,1.55,0.19,0.6,0.49,0.05,0.49,0.35,1.4,1.23,0.08,1.23,0.48,1.2,1.21,0.14,1.21,0.05,1.4,1.11,0.09,1.11,0.77,1.2,0.48,0.16,0.48,1.06,0.9,0.45,0.03,0.45,0.75,1.3,0.9,0.08,0.9,0.87,0.8,0.68,0.04,0.68,0.32,1.3,1.05,0.06,1.05,0.54,0.09,0.25,2.5600000000000005,0.36,1.96,1.44,1.96,1.44,0.81,1.6900000000000002,0.6400000000000001,1.6900000000000002,0.0256,0.01,2.4025000000000003,0.2400999999999999,1.5129,1.4641,1.2321000000000002,0.2304,0.2025,0.81,0.4624000000000001,1.1025,0.04,0.1763999999999999,0.0361,0.1224999999999999,0.2304,0.0025,0.5929,1.1236000000000002,0.5625,0.7569,0.1024,0.2916,0.0004,0.0001,0.0081,0.0025,0.0064,0.0196,0.0081,0.0256,0.0009,0.0064,0.0016,0.0036
9.138999999999982,142.0999999999994,3.35,126.08099999999952,-1.8709999999999942,-66.60999999999964,20.529999999999824,-2.947699999999794,-8.103499999999944,31.67349999999999,-20.631499999999626,9.94619999999981,-11.052299999999992,94.53069999999994,-70.29229999999983,117.81219999999986,0.3,-0.16,0.02,-0.16,0.2,0.5,0.1,0.01,0.1,0.42,1.6,1.55,0.09,1.55,0.19,0.6,0.49,0.05,0.49,0.35,1.4,1.23,0.08,1.23,0.48,1.2,1.21,0.14,1.21,0.05,1.4,1.11,0.09,1.11,0.77,1.2,0.48,0.16,0.48,1.06,0.9,0.45,0.03,0.45,0.75,1.3,0.9,0.08,0.9,0.87,0.8,0.68,0.04,0.68,0.32,1.3,1.05,0.06,1.05,0.54,0.09,0.25,2.5600000000000005,0.36,1.96,1.44,1.96,1.44,0.81,1.6900000000000002,0.6400000000000001,1.6900000000000002,0.0256,0.01,2.4025000000000003,0.2400999999999999,1.5129,1.4641,1.2321000000000002,0.2304,0.2025,0.81,0.4624000000000001,1.1025,0.04,0.1763999999999999,0.0361,0.1224999999999999,0.2304,0.0025,0.5929,1.1236000000000002,0.5625,0.7569,0.1024,0.2916,0.0004,0.0001,0.0081,0.0025,0.0064,0.0196,0.0081,0.0256,0.0009,0.0064,0.0016,0.0036
9.188999999999982,143.7419354838704,3.35,127.40354838709634,-1.8948387096774082,-67.59516129032225,21.170967741935208,-3.5167096774191626,-8.359645161290196,31.69812903225806,-21.484193548386887,10.474161290322403,-11.08329032258063,94.66770967741932,-70.87280645161268,118.27048387096757,0.3,-0.16,0.02,-0.16,0.2,0.5,0.1,0.01,0.1,0.42,1.6,1.55,0.09,1.55,0.19,0.6,0.49,0.05,0.49,0.35,1.4,1.23,0.08,1.23,0.48,1.2,1.21,0.14,1.21,0.05,1.4,1.11,0.09,1.11,0.77,1.2,0.48,0.16,0.48,1.06,0.9,0.45,0.03,0.45,0.75,1.3,0.9,0.08,0.9,0.87,0.8,0.68,0.04,0.68,0.32,1.3,1.05,0.06,1.05,0.54,0.09,0.25,2.5600000000000005,0.36,1.96,1.44,1.96,1.44,0.81,1.6900000000000002,0.6400000000000001,1.6900000000000002,0.0256,0.01,2.4025000000000003,0.2400999999999999,1.5129,1.4641,1.2321000000000002,0.2304,0.2025,0.81,0.4624000000000001,1.1025,0.04,0.1763999999999999,0.0361,0.1224999999999999,0.2304,0.0025,0.5929,1.1236000000000002,0.5625,0.7569,0.1024,0.2916,0.0004,0.0001,0.0081,0.0025,0.0064,0.0196,0.0081,0.0256,0.0009,0.0064,0.0016,0.0036
9.238999999999983,145.387096774193,3.36,128.7196774193544,-1.92774193548386,-68.5922580645158,21.916129032257903,-4.071838709677253,-8.763741935483708,31.373483870968226,-21.949161290322596,10.986225806451463,-11.09819354838712,94.74293548387098,-71.49112903225794,118.70403225806446,0.3,-0.13,0.03,-0.13,0.19,0.5,0.09,0.01,0.09,0.42,1.6,1.52,0.09,1.52,0.29,0.6,0.46,0.07,0.46,0.38,1.0,0.83,0.3,0.83,0.05,1.4,1.36,0.27,1.36,0.04,1.4,1.1,0.08,1.1,0.81,1.3,0.52,0.08,0.52,1.11,0.9,0.46,0.04,0.46,0.73,1.2,0.87,0.1,0.87,0.87,0.8,0.67,0.04,0.67,0.33,1.2,1.05,0.07,1.05,0.5,0.09,0.25,2.5600000000000005,0.36,1.0,1.96,1.96,1.6900000000000002,0.81,1.44,0.6400000000000001,1.44,0.0169,0.0081,2.3104,0.2116,0.6889,1.8496000000000004,1.2100000000000002,0.2704,0.2116,0.7569,0.4489000000000001,1.1025,0.0361,0.1763999999999999,0.0841,0.1444,0.0025,0.0016,0.6561000000000001,1.2321000000000002,0.5328999999999999,0.7569,0.1089,0.25,0.0009,0.0001,0.0081,0.0049,0.09,0.0729,0.0064,0.0064,0.0016,0.01,0.0016,0.0049
9.288999999999982,147.03225806451553,3.37,130.03580645161242,-1.9506451612903106,-69.57967741935448,22.0,-4.495483870967476,-9.408064516128757,28.006903225806877,-21.02180645161333,11.350129032257897,-10.867129032258116,94.50409677419356,-71.36064516129034,118.4363870967742,0.3,-0.13,0.03,-0.13,0.19,0.5,0.09,0.01,0.09,0.42,1.6,1.52,0.09,1.52,0.29,0.6,0.46,0.07,0.46,0.38,1.0,0.83,0.3,0.83,0.05,1.4,1.36,0.27,1.36,0.04,1.4,1.1,0.08,1.1,0.81,1.3,0.52,0.08,0.52,1.11,0.9,0.46,0.04,0.46,0.73,1.2,0.87,0.1,0.87,0.87,0.8,0.67,0.04,0.67,0.33,1.2,1.05,0.07,1.05,0.5,0.09,0.25,2.5600000000000005,0.36,1.0,1.96,1.96,1.6900000000000002,0.81,1.44,0.6400000000000001,1.44,0.0169,0.0081,2.3104,0.2116,0.6889,1.8496000000000004,1.2100000000000002,0.2704,0.2116,0.7569,0.4489000000000001,1.1025,0.0361,0.1763999999999999,0.0841,0.1444,0.0025,0.0016,0.6561000000000001,1.2321000000000002,0.5328999999999999,0.7569,0.1089,0.25,0.0009,0.0001,0.0081,0.0049,0.09,0.0729,0.0064,0.0064,0.0016,0.01,0.0016,0.0049
9.33899999999998,148.666666666666,3.37,131.34333333333282,-1.9766666666666601,-70.56999999999961,22.0,-5.299333333332973,-10.177999999999688,27.478666666666506,-19.898666666667083,11.841999999999787,-10.755666666666691,94.57899999999992,-71.35866666666662,118.50199999999992,0.3,-0.13,0.03,-0.13,0.19,0.5,0.09,0.01,0.09,0.42,1.6,1.52,0.09,1.52,0.29,0.6,0.46,0.07,0.46,0.38,1.0,0.83,0.3,0.83,0.05,1.4,1.36,0.27,1.36,0.04,1.4,1.1,0.08,1.1,0.81,1.3,0.52,0.08,0.52,1.11,0.9,0.46,0.04,0.46,0.73,1.2,0.87,0.1,0.87,0.87,0.8,0.67,0.04,0.67,0.33,1.2,1.05,0.07,1.05,0.5,0.09,0.25,2.5600000000000005,0.36,1.0,1.96,1.96,1.6900000000000002,0.81,1.44,0.6400000000000001,1.44,0.0169,0.0081,2.3104,0.2116,0.6889,1.8496000000000004,1.2100000000000002,0.2704,0.2116,0.7569,0.4489000000000001,1.1025,0.0361,0.1763999999999999,0.0841,0.1444,0.0025,0.0016,0.6561000000000001,1.2321000000000002,0.5328999999999999,0.7569,0.1089,0.25,0.0009,0.0001,0.0081,0.0049,0.09,0.0729,0.0064,0.0064,0.0016,0.01,0.0016,0.0049
9.388999999999982,150.3225806451607,3.38,132.65806451612858,-1.996451612903214,-71.57354838709642,22.06129032258035,-6.2180322580641905,-10.935290322580425,27.888999999999854,-19.134999999999838,12.38348387096755,-10.752387096774106,94.76206451612896,-71.50177419354827,118.7426451612902,0.3,-0.13,0.03,-0.13,0.19,0.5,0.09,0.01,0.09,0.42,1.6,1.52,0.09,1.52,0.29,0.6,0.46,0.07,0.46,0.38,1.0,0.83,0.3,0.83,0.05,1.4,1.36,0.27,1.36,0.04,1.4,1.1,0.08,1.1,0.81,1.3,0.52,0.08,0.52,1.11,0.9,0.46,0.04,0.46,0.73,1.2,0.87,0.1,0.87,0.87,0.8,0.67,0.04,0.67,0.33,1.2,1.05,0.07,1.05,0.5,0.09,0.25,2.5600000000000005,0.36,1.0,1.96,1.96,1.6900000000000002,0.81,1.44,0.6400000000000001,1.44,0.0169,0.0081,2.3104,0.2116,0.6889,1.8496000000000004,1.2100000000000002,0.2704,0.2116,0.7569,0.4489000000000001,1.1025,0.0361,0.1763999999999999,0.0841,0.1444,0.0025,0.0016,0.6561000000000001,1.2321000000000002,0.5328999999999999,0.7569,0.1089,0.25,0.0009,0.0001,0.0081,0.0049,0.09,0.0729,0.0064,0.0064,0.0016,0.01,0.0016,0.0049
9.438999999999982,151.9666666666661,3.389666666666661,133.97333333333287,-2.038999999999983,-72.56966666666632,23.75333333333253,-7.1314666666663475,-11.397833333333208,28.297699999999857,-21.012766666665666,12.923033333333144,-11.288033333333075,94.97249999999993,-72.07119999999975,119.24576666666646,0.3,-0.13,0.03,-0.13,0.19,0.5,0.09,0.01,0.09,0.42,1.6,1.52,0.09,1.52,0.29,0.6,0.46,0.07,0.46,0.38,1.0,0.83,0.3,0.83,0.05,1.4,1.36,0.27,1.36,0.04,1.4,1.1,0.08,1.1,0.81,1.3,0.52,0.08,0.52,1.11,0.9,0.46,0.04,0.46,0.73,1.2,0.87,0.1,0.87,0.87,0.8,0.67,0.04,0.67,0.33,1.2,1.05,0.07,1.05,0.5,0.09,0.25,2.5600000000000005,0.36,1.0,1.96,1.96,1.6900000000000002,0.81,1.44,0.6400000000000001,1.44,0.0169,0.0081,2.3104,0.2116,0.6889,1.8496000000000004,1.2100000000000002,0.2704,0.2116,0.7569,0.4489000000000001,1.1025,0.0361,0.1763999999999999,0.0841,0.1444,0.0025,0.0016,0.6561000000000001,1.2321000000000002,0.5328999999999999,0.7569,0.1089,0.25,0.0009,0.0001,0.0081,0.0049,0.09,0.0729,0.0064,0.0064,0.0016,0.01,0.0016,0.0049
9.488999999999981,153.6333333333327,3.39,135.30033333333284,-2.0726666666666542,-73.56999999999962,24.48999999999981,-8.079866666666316,-11.15086666666681,25.406366666667978,-21.04146666666686,12.943166666666702,-11.926066666666433,95.20813333333325,-72.27066666666664,119.55266666666658,0.3,-0.13,0.03,-0.13,0.19,0.5,0.09,0.01,0.09,0.42,1.6,1.52,0.09,1.52,0.29,0.6,0.46,0.07,0.46,0.38,1.0,0.83,0.3,0.83,0.05,1.4,1.36,0.27,1.36,0.04,1.4,1.1,0.08,1.1,0.81,1.3,0.52,0.08,0.52,1.11,0.9,0.46,0.04,0.46,0.73,1.2,0.87,0.1,0.87,0.87,0.8,0.67,0.04,0.67,0.33,1.2,1.05,0.07,1.05,0.5,0.09,0.25,2.5600000000000005,0.36,1.0,1.96,1.96,1.6900000000000002,0.81,1.44,0.6400000000000001,1.44,0.0169,0.0081,2.3104,0.2116,0.6889,1.8496000000000004,1.2100000000000002,0.2704,0.2116,0.7569,0.4489000000000001,1.1025,0.0361,0.1763999999999999,0.0841,0.1444,0.0025,0.0016,0.6561000000000001,1.2321000000000002,0.5328999999999999,0.7569,0.1089,0.25,0.0009,0.0001,0.0081,0.0049,0.09,0.0729,0.0064,0.0064,0.0016,0.01,0.0016,0.0049
9.53899999999998,155.29999999999936,3.39,136.62699999999947,-2.0959999999999868,-74.57999999999961,25.029999999999934,-8.497799999999893,-10.715000000000229,24.264500000000194,-21.75579999999965,12.822600000000051,-12.461699999999876,95.27489999999995,-72.3338,119.64529999999995,0.3,-0.13,0.03,-0.13,0.19,0.5,0.09,0.01,0.09,0.42,1.6,1.52,0.09,1.52,0.29,0.6,0.46,0.07,0.46,0.38,1.0,0.83,0.3,0.83,0.05,1.4,1.36,0.27,1.36,0.04,1.4,1.1,0.08,1.1,0.81,1.3,0.52,0.08,0.52,1.11,0.9,0.46,0.04,0.46,0.73,1.2,0.87,0.1,0.87,0.87,0.8,0.67,0.04,0.67,0.33,1.2,1.05,0.07,1.05,0.5,0.09,0.25,2.5600000000000005,0.36,1.0,1.96,1.96,1.6900000000000002,0.81,1.44,0.6400000000000001,1.44,0.0169,0.0081,2.3104,0.2116,0.6889,1.8496000000000004,1.2100000000000002,0.2704,0.2116,0.7569,0.4489000000000001,1.1025,0.0361,0.1763999999999999,0.0841,0.1444,0.0025,0.0016,0.6561000000000001,1.2321000000000002,0.5328999999999999,0.7569,0.1089,0.25,0.0009,0.0001,0.0081,0.0049,0.09,0.0729,0.0064,0.0064,0.0016,0.01,0.0016,0.0049
9.58899999999998,156.96666666666604,3.3803333333333394,137.9533333333328,-2.1293333333333204,-75.57999999999961,24.90666666666679,-8.773499999999895,-9.991500000000313,23.772833333333523,-22.469333333333115,12.693566666666715,-12.561133333333355,95.57489999999984,-72.25946666666673,119.83613333333324,0.3,-0.13,0.03,-0.13,0.19,0.5,0.09,0.01,0.09,0.42,1.6,1.52,0.09,1.52,0.29,0.6,0.46,0.07,0.46,0.38,1.0,0.83,0.3,0.83,0.05,1.4,1.36,0.27,1.36,0.04,1.4,1.1,0.08,1.1,0.81,1.3,0.52,0.08,0.52,1.11,0.9,0.46,0.04,0.46,0.73,1.2,0.87,0.1,0.87,0.87,0.8,0.67,0.04,0.67,0.33,1.2,1.05,0.07,1.05,0.5,0.09,0.25,2.5600000000000005,0.36,1.0,1.96,1.96,1.6900000000000002,0.81,1.44,0.6400000000000001,1.44,0.0169,0.0081,2.3104,0.2116,0.6889,1.8496000000000004,1.2100000000000002,0.2704,0.2116,0.7569,0.4489000000000001,1.1025,0.0361,0.1763999999999999,0.0841,0.1444,0.0025,0.0016,0.6561000000000001,1.2321000000000002,0.5328999999999999,0.7569,0.1089,0.25,0.0009,0.0001,0.0081,0.0049,0.09,0.0729,0.0064,0.0064,0.0016,0.01,0.0016,0.0049
9.638999999999982,158.63333333333273,3.37,139.27033333333284,-2.146333333333327,-76.58999999999963,24.410000000000185,-8.098066666666993,-9.703866666666732,24.800166666666204,-23.545766666666232,12.197400000000208,-12.845533333333202,95.68843333333331,-72.52436666666654,120.08026666666657,0.3,-0.13,0.03,-0.13,0.19,0.5,0.09,0.01,0.09,0.42,1.6,1.52,0.09,1.52,0.29,0.6,0.46,0.07,0.46,0.38,1.0,0.83,0.3,0.83,0.05,1.4,1.36,0.27,1.36,0.04,1.4,1.1,0.08,1.1,0.81,1.3,0.52,0.08,0.52,1.11,0.9,0.46,0.04,0.46,0.73,1.2,0.87,0.1,0.87,0.87,0.8,0.67,0.04,0.67,0.33,1.2,1.05,0.07,1.05,0.5,0.09,0.25,2.5600000000000005,0.36,1.0,1.96,1.96,1.6900000000000002,0.81,1.44,0.6400000000000001,1.44,0.0169,0.0081,2.3104,0.2116,0.6889,1.8496000000000004,1.2100000000000002,0.2704,0.2116,0.7569,0.4489000000000001,1.1025,0.0361,0.1763999999999999,0.0841,0.1444,0.0025,0.0016,0.6561000000000001,1.2321000000000002,0.5328999999999999,0.7569,0.1089,0.25,0.0009,0.0001,0.0081,0.0049,0.09,0.0729,0.0064,0.0064,0.0016,0.01,0.0016,0.0049
9.68899999999998,160.29999999999936,3.3470000000000066,140.5969999999995,-2.1629999999999936,-77.59999999999961,23.94000000000013,-7.00470000000045,-9.528500000000069,24.58400000000025,-24.716299999999542,11.677800000000198,-13.199599999999862,95.88949999999991,-72.90809999999985,120.47009999999983,0.27000000000006513,-0.12700000000000652,0.03899999999998046,-0.12700000000000652,0.18400000000001304,0.5,0.09299999999999349,0.015999999999986973,0.09299999999999349,0.42599999999998694,1.5700000000000651,1.4930000000000585,0.0690000000000456,1.4930000000000585,0.31999999999993484,0.6,0.4450000000000326,0.07,0.4450000000000326,0.39499999999996743,1.029999999999935,0.8539999999999479,0.26400000000007817,0.8539999999999479,0.13099999999982415,1.4299999999999349,1.3929999999999285,0.29699999999994137,1.3929999999999285,0.06999999999993486,1.4299999999999349,1.111999999999974,0.05900000000004559,1.111999999999974,0.8309999999999544,1.3,0.5349999999999674,0.06800000000002605,0.5349999999999674,1.1129999999999936,0.9,0.45100000000001955,0.04899999999998046,0.45100000000001955,0.724000000000013,1.2,0.8580000000000261,0.10899999999998046,0.8580000000000261,0.8670000000000065,0.8,0.6670000000000066,0.04,0.6670000000000066,0.33,1.229999999999935,1.0709999999999544,0.05500000000003257,1.0709999999999544,0.4880000000000261,0.07500000000003257,0.25,2.467000000000202,0.36,1.0629999999998634,2.046999999999811,2.046999999999811,1.6900000000000002,0.81,1.44,0.6400000000000001,1.5149999999998371,0.01615000000000163,0.008669999999998762,2.2307500000001728,0.19855000000002831,0.7306599999999093,1.9429899999997975,1.2368799999999418,0.2867499999999645,0.20359000000001737,0.7365000000000443,0.4449100000000087,1.1480699999999011,0.03394000000000469,0.18155999999998873,0.10449999999995571,0.1565499999999736,0.03246999999993493,0.006999999999988275,0.691589999999923,1.2387899999999856,0.5242600000000187,0.7517100000000112,0.1089,0.238480000000025,0.0017099999999982416,0.00033999999999947896,0.005790000000005015,0.0049,0.07272000000003752,0.08990999999996308,0.004510000000004104,0.004960000000003127,0.002589999999997851,0.012069999999995504,0.0016,0.003550000000002931
9.73899999999998,161.99999999999926,3.3200000000000145,141.93999999999943,-2.1799999999999926,-78.62999999999954,23.50000000000022,-5.830000000000508,-9.350000000000076,23.93800000000028,-25.907999999999486,11.161000000000223,-13.558999999999845,96.1349999999999,-73.30999999999983,120.90699999999981,0.2,-0.12,0.06,-0.12,0.17,0.5,0.1,0.03,0.1,0.44,1.5,1.43,0.02,1.43,0.39,0.6,0.41,0.07,0.41,0.43,1.1,0.91,0.18,0.91,0.32,1.5,1.47,0.36,1.47,0.14,1.5,1.14,0.01,1.14,0.88,1.3,0.57,0.04,0.57,1.12,0.9,0.43,0.07,0.43,0.71,1.2,0.83,0.13,0.83,0.86,0.8,0.66,0.04,0.66,0.33,1.3,1.12,0.02,1.12,0.46,0.04,0.25,2.25,0.36,1.2100000000000002,2.25,2.25,1.6900000000000002,0.81,1.44,0.6400000000000001,1.6900000000000002,0.0144,0.01,2.0449,0.1680999999999999,0.8281000000000001,2.1609,1.2996,0.3248999999999999,0.1848999999999999,0.6889,0.4356,1.2544000000000002,0.0289,0.1936,0.1521,0.1848999999999999,0.1024,0.0196,0.7744,1.2544000000000002,0.5041,0.7395999999999999,0.1089,0.2116,0.0036,0.0009,0.0004,0.0049,0.0324,0.1296,0.0001,0.0016,0.0049,0.0169,0.0016,0.0004
9.78899999999998,163.666666666666,3.30333333333334,143.2633333333328,-2.2199999999999807,-79.62999999999961,23.966666666666406,-5.2270000000001895,-9.173333333333403,23.218666666666955,-27.092333333332867,10.984333333333375,-13.917333333333193,96.04666666666672,-73.66399999999987,121.0503333333333,0.2,-0.12,0.06,-0.12,0.17,0.5,0.1,0.03,0.1,0.44,1.5,1.43,0.02,1.43,0.39,0.6,0.41,0.07,0.41,0.43,1.1,0.91,0.18,0.91,0.32,1.5,1.47,0.36,1.47,0.14,1.5,1.14,0.01,1.14,0.88,1.3,0.57,0.04,0.57,1.12,0.9,0.43,0.07,0.43,0.71,1.2,0.83,0.13,0.83,0.86,0.8,0.66,0.04,0.66,0.33,1.3,1.12,0.02,1.12,0.46,0.04,0.25,2.25,0.36,1.2100000000000002,2.25,2.25,1.6900000000000002,0.81,1.44,0.6400000000000001,1.6900000000000002,0.0144,0.01,2.0449,0.1680999999999999,0.8281000000000001,2.1609,1.2996,0.3248999999999999,0.1848999999999999,0.6889,0.4356,1.2544000000000002,0.0289,0.1936,0.1521,0.1848999999999999,0.1024,0.0196,0.7744,1.2544000000000002,0.5041,0.7395999999999999,0.1089,0.2116,0.0036,0.0009,0.0004,0.0049,0.0324,0.1296,0.0001,0.0016,0.0049,0.0169,0.0016,0.0004
9.83899999999998,165.29999999999936,3.287000000000006,144.5599999999995,-2.2559999999999873,-80.61299999999962,24.519999999999747,-4.751700000000184,-8.998900000000068,22.49510000000028,-28.25589999999955,10.880800000000042,-14.269499999999864,95.89050000000006,-74.00209999999987,121.13099999999997,0.2,-0.12,0.06,-0.12,0.17,0.5,0.1,0.03,0.1,0.44,1.5,1.43,0.02,1.43,0.39,0.6,0.41,0.07,0.41,0.43,1.1,0.91,0.18,0.91,0.32,1.5,1.47,0.36,1.47,0.14,1.5,1.14,0.01,1.14,0.88,1.3,0.57,0.04,0.57,1.12,0.9,0.43,0.07,0.43,0.71,1.2,0.83,0.13,0.83,0.86,0.8,0.66,0.04,0.66,0.33,1.3,1.12,0.02,1.12,0.46,0.04,0.25,2.25,0.36,1.2100000000000002,2.25,2.25,1.6900000000000002,0.81,1.44,0.6400000000000001,1.6900000000000002,0.0144,0.01,2.0449,0.1680999999999999,0.8281000000000001,2.1609,1.2996,0.3248999999999999,0.1848999999999999,0.6889,0.4356,1.2544000000000002,0.0289,0.1936,0.1521,0.1848999999999999,0.1024,0.0196,0.7744,1.2544000000000002,0.5041,0.7395999999999999,0.1089,0.2116,0.0036,0.0009,0.0004,0.0049,0.0324,0.1296,0.0001,0.0016,0.0049,0.0169,0.0016,0.0004
9.88899999999998,166.966666666666,3.26066666666668,145.88366666666613,-2.2893333333333197,-81.61999999999959,25.18666666666639,-4.266700000000201,-8.821533333333406,21.756766666666973,-29.44423333333284,10.774133333333378,-14.627833333333184,95.73120000000006,-74.34806666666653,121.21529999999996,0.2,-0.12,0.06,-0.12,0.17,0.5,0.1,0.03,0.1,0.44,1.5,1.43,0.02,1.43,0.39,0.6,0.41,0.07,0.41,0.43,1.1,0.91,0.18,0.91,0.32,1.5,1.47,0.36,1.47,0.14,1.5,1.14,0.01,1.14,0.88,1.3,0.57,0.04,0.57,1.12,0.9,0.43,0.07,0.43,0.71,1.2,0.83,0.13,0.83,0.86,0.8,0.66,0.04,0.66,0.33,1.3,1.12,0.02,1.12,0.46,0.04,0.25,2.25,0.36,1.2100000000000002,2.25,2.25,1.6900000000000002,0.81,1.44,0.6400000000000001,1.6900000000000002,0.0144,0.01,2.0449,0.1680999999999999,0.8281000000000001,2.1609,1.2996,0.3248999999999999,0.1848999999999999,0.6889,0.4356,1.2544000000000002,0.0289,0.1936,0.1521,0.1848999999999999,0.1024,0.0196,0.7744,1.2544000000000002,0.5041,0.7395999999999999,0.1089,0.2116,0.0036,0.0009,0.0004,0.0049,0.0324,0.1296,0.0001,0.0016,0.0049,0.0169,0.0016,0.0004
9.938999999999979,168.63333333333264,3.2273333333333474,147.21033333333278,-2.3326666666666527,-82.61999999999958,25.789999999999793,-3.781333333333534,-8.654633333333395,21.019066666666973,-30.509966666666305,10.66846666666671,-14.979566666666527,95.58803333333339,-74.68866666666652,121.31043333333328,0.2,-0.12,0.06,-0.12,0.17,0.5,0.1,0.03,0.1,0.44,1.5,1.43,0.02,1.43,0.39,0.6,0.41,0.07,0.41,0.43,1.1,0.91,0.18,0.91,0.32,1.5,1.47,0.36,1.47,0.14,1.5,1.14,0.01,1.14,0.88,1.3,0.57,0.04,0.57,1.12,0.9,0.43,0.07,0.43,0.71,1.2,0.83,0.13,0.83,0.86,0.8,0.66,0.04,0.66,0.33,1.3,1.12,0.02,1.12,0.46,0.04,0.25,2.25,0.36,1.2100000000000002,2.25,2.25,1.6900000000000002,0.81,1.44,0.6400000000000001,1.6900000000000002,0.0144,0.01,2.0449,0.1680999999999999,0.8281000000000001,2.1609,1.2996,0.3248999999999999,0.1848999999999999,0.6889,0.4356,1.2544000000000002,0.0289,0.1936,0.1521,0.1848999999999999,0.1024,0.0196,0.7744,1.2544000000000002,0.5041,0.7395999999999999,0.1089,0.2116,0.0036,0.0009,0.0004,0.0049,0.0324,0.1296,0.0001,0.0016,0.0049,0.0169,0.0016,0.0004
9.98899999999998,170.31034482758548,3.1775862068965806,148.53517241379254,-2.353103448275855,-83.63931034482715,25.96896551724145,-3.301551724138137,-8.743896551724166,20.2883103448279,-28.328793103449442,10.563448275862115,-15.085413793103504,95.85906896551711,-74.92151724137919,121.66524137931017,0.2,-0.12,0.06,-0.12,0.17,0.5,0.14,0.03,0.14,0.44,1.6,1.42,0.04,1.42,0.59,0.6,0.37,0.09,0.37,0.43,1.0,0.81,0.24,0.81,0.3,1.5,1.48,0.31,1.48,0.22,1.5,1.14,0.02,1.14,0.94,1.2,0.58,0.15,0.58,0.97,0.9,0.43,0.08,0.43,0.69,1.2,0.85,0.12,0.85,0.86,0.8,0.64,0.04,0.64,0.36,1.2,1.14,0.1,1.14,0.23,0.04,0.25,2.5600000000000005,0.36,1.0,2.25,2.25,1.44,0.81,1.44,0.6400000000000001,1.44,0.0144,0.0196,2.0164,0.1369,0.6561000000000001,2.1904,1.2996,0.3364,0.1848999999999999,0.7224999999999999,0.4096,1.2996,0.0289,0.1936,0.3480999999999999,0.1848999999999999,0.09,0.0484,0.8835999999999999,0.9409,0.4760999999999999,0.7395999999999999,0.1296,0.0529,0.0036,0.0009,0.0016,0.0081,0.0576,0.0961,0.0004,0.0225,0.0064,0.0144,0.0016,0.01
10.03899999999998,171.99999999999935,3.110000000000026,149.8699999999995,-2.36,-84.6699999999996,25.600000000000197,-2.8190000000001865,-8.39500000000021,19.554000000000283,-26.01700000000078,10.458000000000041,-14.742000000000191,96.02899999999997,-75.29499999999983,122.02899999999987,0.2,-0.12,0.06,-0.12,0.17,0.5,0.14,0.03,0.14,0.44,1.6,1.42,0.04,1.42,0.59,0.6,0.37,0.09,0.37,0.43,1.0,0.81,0.24,0.81,0.3,1.5,1.48,0.31,1.48,0.22,1.5,1.14,0.02,1.14,0.94,1.2,0.58,0.15,0.58,0.97,0.9,0.43,0.08,0.43,0.69,1.2,0.85,0.12,0.85,0.86,0.8,0.64,0.04,0.64,0.36,1.2,1.14,0.1,1.14,0.23,0.04,0.25,2.5600000000000005,0.36,1.0,2.25,2.25,1.44,0.81,1.44,0.6400000000000001,1.44,0.0144,0.0196,2.0164,0.1369,0.6561000000000001,2.1904,1.2996,0.3364,0.1848999999999999,0.7224999999999999,0.4096,1.2996,0.0289,0.1936,0.3480999999999999,0.1848999999999999,0.09,0.0484,0.8835999999999999,0.9409,0.4760999999999999,0.7395999999999999,0.1296,0.0529,0.0036,0.0009,0.0016,0.0081,0.0576,0.0961,0.0004,0.0225,0.0064,0.0144,0.0016,0.01
10.088999999999979,173.69999999999928,3.0350000000000357,151.20299999999943,-2.3769999999999927,-85.70699999999957,24.920000000000286,-2.3352000000002016,-7.016400000000652,18.818600000000306,-23.600300000001045,10.351600000000044,-14.031800000000317,96.22089999999992,-75.39309999999999,122.24059999999992,0.2,-0.12,0.06,-0.12,0.17,0.5,0.14,0.03,0.14,0.44,1.6,1.42,0.04,1.42,0.59,0.6,0.37,0.09,0.37,0.43,1.0,0.81,0.24,0.81,0.3,1.5,1.48,0.31,1.48,0.22,1.5,1.14,0.02,1.14,0.94,1.2,0.58,0.15,0.58,0.97,0.9,0.43,0.08,0.43,0.69,1.2,0.85,0.12,0.85,0.86,0.8,0.64,0.04,0.64,0.36,1.2,1.14,0.1,1.14,0.23,0.04,0.25,2.5600000000000005,0.36,1.0,2.25,2.25,1.44,0.81,1.44,0.6400000000000001,1.44,0.0144,0.0196,2.0164,0.1369,0.6561000000000001,2.1904,1.2996,0.3364,0.1848999999999999,0.7224999999999999,0.4096,1.2996,0.0289,0.1936,0.3480999999999999,0.1848999999999999,0.09,0.0484,0.8835999999999999,0.9409,0.4760999999999999,0.7395999999999999,0.1296,0.0529,0.0036,0.0009,0.0016,0.0081,0.0576,0.0961,0.0004,0.0225,0.0064,0.0144,0.0016,0.01
10.138999999999978,175.39999999999927,2.9500000000000375,152.5419999999994,-2.3839999999999923,-86.74799999999954,24.240000000000297,-1.8524000000002119,-5.404800000000778,18.083800000000323,-21.245800000000823,10.246200000000046,-13.294800000000293,96.4441999999999,-75.36920000000008,122.40359999999997,0.2,-0.12,0.06,-0.12,0.17,0.5,0.14,0.03,0.14,0.44,1.6,1.42,0.04,1.42,0.59,0.6,0.37,0.09,0.37,0.43,1.0,0.81,0.24,0.81,0.3,1.5,1.48,0.31,1.48,0.22,1.5,1.14,0.02,1.14,0.94,1.2,0.58,0.15,0.58,0.97,0.9,0.43,0.08,0.43,0.69,1.2,0.85,0.12,0.85,0.86,0.8,0.64,0.04,0.64,0.36,1.2,1.14,0.1,1.14,0.23,0.04,0.25,2.5600000000000005,0.36,1.0,2.25,2.25,1.44,0.81,1.44,0.6400000000000001,1.44,0.0144,0.0196,2.0164,0.1369,0.6561000000000001,2.1904,1.2996,0.3364,0.1848999999999999,0.7224999999999999,0.4096,1.2996,0.0289,0.1936,0.3480999999999999,0.1848999999999999,0.09,0.0484,0.8835999999999999,0.9409,0.4760999999999999,0.7395999999999999,0.1296,0.0529,0.0036,0.0009,0.0016,0.0081,0.0576,0.0961,0.0004,0.0225,0.0064,0.0144,0.0016,0.01
10.188999999999979,177.10344827586133,2.874827586206933,153.88172413793046,-2.4,-87.78310344827541,23.737931034483196,-1.3687241379312411,-3.286827586207993,17.347517241379624,-20.342689655172546,10.140586206896597,-12.769793103448448,96.70537931034502,-74.87106896551765,122.30689655172455,0.2,-0.11896551724138661,0.06,-0.11896551724138661,0.17,0.5,0.14103448275861338,0.03,0.14103448275861338,0.44,1.6,1.42,0.04,1.42,0.5931034482758402,0.6,0.3689655172413866,0.08896551724138661,0.3689655172413866,0.43,1.0103448275861338,0.8255172413792008,0.22344827586218588,0.8255172413792008,0.31551724137920073,1.4896551724138662,1.474827586206933,0.3037931034483197,1.474827586206933,0.21586206896554647,1.4896551724138662,1.137931034482773,0.02103448275861338,1.137931034482773,0.9348275862069331,1.1896551724138662,0.5779310344827732,0.1562068965516803,0.5779310344827732,0.9617241379310929,0.9,0.43,0.07896551724138662,0.43,0.6910344827586133,1.2,0.8541379310344535,0.11689655172415986,0.8541379310344535,0.8589655172413866,0.8,0.64,0.04,0.64,0.3620689655172267,1.2,1.1389655172413866,0.10103448275861339,1.1389655172413866,0.22689655172415987,0.04,0.25,2.5600000000000005,0.36,1.021724137930881,2.220000000000212,2.220000000000212,1.4162068965518921,0.81,1.44,0.6400000000000001,1.44,0.014162068965518922,0.01989999999999788,2.0164,0.1361448275862122,0.6835655172411854,2.1753482758621754,1.2949241379310676,0.3340413793103615,0.1848999999999999,0.7296999999999491,0.4096,1.2972517241379478,0.0289,0.1936,0.3518551724137665,0.1848999999999999,0.10163793103440054,0.04674482758621859,0.8741344827586875,0.9255068965518328,0.4775379310344725,0.737831034482771,0.1311310344827478,0.05156551724138874,0.0036,0.0009,0.0016,0.007924137931035725,0.052303448275899486,0.09262413793105904,0.0004517241379306691,0.024734482758604893,0.006244827586207993,0.01374827586207357,0.0016,0.01021724137930881
10.23899999999998,178.79999999999933,2.790000000000033,155.22199999999947,-2.3920000000000066,-88.8179999999996,22.560000000000528,-0.8894000000001869,-0.654800000001067,16.618800000000284,-20.066400000000097,10.035400000000042,-12.39120000000014,95.99880000000039,-73.82340000000045,121.10800000000059,0.2,-0.11,0.06,-0.11,0.17,0.5,0.15,0.03,0.15,0.44,1.6,1.42,0.04,1.42,0.62,0.6,0.36,0.08,0.36,0.43,1.1,0.96,0.08,0.96,0.45,1.4,1.43,0.25,1.43,0.18,1.4,1.12,0.03,1.12,0.89,1.1,0.56,0.21,0.56,0.89,0.9,0.43,0.07,0.43,0.7,1.2,0.89,0.09,0.89,0.85,0.8,0.64,0.04,0.64,0.38,1.2,1.13,0.11,1.13,0.2,0.04,0.25,2.5600000000000005,0.36,1.2100000000000002,1.96,1.96,1.2100000000000002,0.81,1.44,0.6400000000000001,1.44,0.0121,0.0225,2.0164,0.1296,0.9216,2.0449,1.2544000000000002,0.3136,0.1848999999999999,0.7921,0.4096,1.2768999999999997,0.0289,0.1936,0.3844,0.1848999999999999,0.2025,0.0324,0.7921,0.7921,0.4899999999999999,0.7224999999999999,0.1444,0.04,0.0036,0.0009,0.0016,0.0064,0.0064,0.0625,0.0009,0.0440999999999999,0.0049,0.0081,0.0016,0.0121
10.288999999999978,180.4999999999993,2.7050000000000356,156.56499999999943,-2.414999999999993,-89.84999999999957,22.25000000000007,-0.7090000000000469,2.0079999999989284,14.804500000000864,-21.828999999999105,10.605999999999698,-12.23850000000003,95.74000000000007,-73.29650000000015,120.58000000000015,0.2,-0.11,0.06,-0.11,0.17,0.5,0.15,0.03,0.15,0.44,1.6,1.42,0.04,1.42,0.62,0.6,0.36,0.08,0.36,0.43,1.1,0.96,0.08,0.96,0.45,1.4,1.43,0.25,1.43,0.18,1.4,1.12,0.03,1.12,0.89,1.1,0.56,0.21,0.56,0.89,0.9,0.43,0.07,0.43,0.7,1.2,0.89,0.09,0.89,0.85,0.8,0.64,0.04,0.64,0.38,1.2,1.13,0.11,1.13,0.2,0.04,0.25,2.5600000000000005,0.36,1.2100000000000002,1.96,1.96,1.2100000000000002,0.81,1.44,0.6400000000000001,1.44,0.0121,0.0225,2.0164,0.1296,0.9216,2.0449,1.2544000000000002,0.3136,0.1848999999999999,0.7921,0.4096,1.2768999999999997,0.0289,0.1936,0.3844,0.1848999999999999,0.2025,0.0324,0.7921,0.7921,0.4899999999999999,0.7224999999999999,0.1444,0.04,0.0036,0.0009,0.0016,0.0064,0.0064,0.0625,0.0009,0.0440999999999999,0.0049,0.0081,0.0016,0.0121
10.338999999999977,182.1724137931027,2.621379310344866,157.89620689655112,-2.433448275862054,-90.86344827586161,22.317241379310268,-0.5976206896552232,4.168896551723216,12.767655172414731,-23.59020689655098,11.321793103447947,-12.295724137930982,95.31731034482783,-73.04327586206907,120.08975862068992,0.2,-0.11,0.06,-0.11,0.17,0.5,0.15,0.03,0.15,0.44,1.6,1.42,0.04,1.42,0.62,0.6,0.36,0.08,0.36,0.43,1.1,0.96,0.08,0.96,0.45,1.4,1.43,0.25,1.43,0.18,1.4,1.12,0.03,1.12,0.89,1.1,0.56,0.21,0.56,0.89,0.9,0.43,0.07,0.43,0.7,1.2,0.89,0.09,0.89,0.85,0.8,0.64,0.04,0.64,0.38,1.2,1.13,0.11,1.13,0.2,0.04,0.25,2.5600000000000005,0.36,1.2100000000000002,1.96,1.96,1.2100000000000002,0.81,1.44,0.6400000000000001,1.44,0.0121,0.0225,2.0164,0.1296,0.9216,2.0449,1.2544000000000002,0.3136,0.1848999999999999,0.7921,0.4096,1.2768999999999997,0.0289,0.1936,0.3844,0.1848999999999999,0.2025,0.0324,0.7921,0.7921,0.4899999999999999,0.7224999999999999,0.1444,0.04,0.0036,0.0009,0.0016,0.0064,0.0064,0.0625,0.0009,0.0440999999999999,0.0049,0.0081,0.0016,0.0121
10.388999999999978,183.8666666666659,2.528000000000045,159.23466666666607,-2.4586666666666592,-91.87999999999954,22.4,-0.48580000000004947,6.202866666665766,10.700666666667582,-25.224333333332613,12.047799999999679,-12.410933333333283,94.77093333333357,-72.82980000000009,119.52640000000025,0.2,-0.11,0.06,-0.11,0.17,0.5,0.15,0.03,0.15,0.44,1.6,1.42,0.04,1.42,0.62,0.6,0.36,0.08,0.36,0.43,1.1,0.96,0.08,0.96,0.45,1.4,1.43,0.25,1.43,0.18,1.4,1.12,0.03,1.12,0.89,1.1,0.56,0.21,0.56,0.89,0.9,0.43,0.07,0.43,0.7,1.2,0.89,0.09,0.89,0.85,0.8,0.64,0.04,0.64,0.38,1.2,1.13,0.11,1.13,0.2,0.04,0.25,2.5600000000000005,0.36,1.2100000000000002,1.96,1.96,1.2100000000000002,0.81,1.44,0.6400000000000001,1.44,0.0121,0.0225,2.0164,0.1296,0.9216,2.0449,1.2544000000000002,0.3136,0.1848999999999999,0.7921,0.4096,1.2768999999999997,0.0289,0.1936,0.3844,0.1848999999999999,0.2025,0.0324,0.7921,0.7921,0.4899999999999999,0.7224999999999999,0.1444,0.04,0.0036,0.0009,0.0016,0.0064,0.0064,0.0625,0.0009,0.0440999999999999,0.0049,0.0081,0.0016,0.0121
10.438999999999979,185.53333333333262,2.4280000000000417,160.55133333333276,-2.4853333333333265,-92.89533333333291,22.759999999999792,-0.3742666666667135,7.194133333333047,8.657066666667525,-27.133999999999286,12.765866666666366,-12.802266666666483,94.54913333333342,-72.73240000000003,119.28793333333341,0.2,-0.11,0.06,-0.11,0.17,0.5,0.15,0.03,0.15,0.44,1.6,1.42,0.04,1.42,0.62,0.6,0.36,0.08,0.36,0.43,1.1,0.96,0.08,0.96,0.45,1.4,1.43,0.25,1.43,0.18,1.4,1.12,0.03,1.12,0.89,1.1,0.56,0.21,0.56,0.89,0.9,0.43,0.07,0.43,0.7,1.2,0.89,0.09,0.89,0.85,0.8,0.64,0.04,0.64,0.38,1.2,1.13,0.11,1.13,0.2,0.04,0.25,2.5600000000000005,0.36,1.2100000000000002,1.96,1.96,1.2100000000000002,0.81,1.44,0.6400000000000001,1.44,0.0121,0.0225,2.0164,0.1296,0.9216,2.0449,1.2544000000000002,0.3136,0.1848999999999999,0.7921,0.4096,1.2768999999999997,0.0289,0.1936,0.3844,0.1848999999999999,0.2025,0.0324,0.7921,0.7921,0.4899999999999999,0.7224999999999999,0.1444,0.04,0.0036,0.0009,0.0016,0.0064,0.0064,0.0625,0.0009,0.0440999999999999,0.0049,0.0081,0.0016,0.0121
10.488999999999978,187.19999999999925,2.326000000000053,161.8779999999994,-2.4919999999999924,-93.90199999999953,23.119999999999926,-0.2626000000000508,7.334600000000058,6.606600000000934,-27.28880000000001,13.486599999999672,-13.143399999999927,94.14100000000015,-72.61880000000002,118.89540000000014,0.2,-0.11,0.05,-0.11,0.19,0.5,0.15,0.03,0.15,0.44,1.6,1.42,0.04,1.42,0.62,0.6,0.36,0.08,0.36,0.43,1.1,0.96,0.08,0.96,0.45,1.4,1.43,0.25,1.43,0.18,1.4,1.12,0.03,1.12,0.89,1.1,0.56,0.21,0.56,0.89,0.9,0.43,0.07,0.43,0.7,1.2,0.91,0.07,0.91,0.85,0.8,0.64,0.04,0.64,0.38,1.2,1.13,0.11,1.13,0.2,0.04,0.25,2.5600000000000005,0.36,1.2100000000000002,1.96,1.96,1.2100000000000002,0.81,1.44,0.6400000000000001,1.44,0.0121,0.0225,2.0164,0.1296,0.9216,2.0449,1.2544000000000002,0.3136,0.1848999999999999,0.8281000000000001,0.4096,1.2768999999999997,0.0361,0.1936,0.3844,0.1848999999999999,0.2025,0.0324,0.7921,0.7921,0.4899999999999999,0.7224999999999999,0.1444,0.04,0.0025,0.0009,0.0016,0.0064,0.0064,0.0625,0.0009,0.0440999999999999,0.0049,0.0049,0.0016,0.0121
10.538999999999977,188.8666666666659,2.200666666666727,163.19466666666608,-2.5,-94.9186666666662,23.2,-0.1509333333333841,7.16900000000009,4.553266666667601,-27.53219999999978,14.207399999999673,-13.217533333333337,93.91913333333339,-72.5886,118.70360000000004,0.2,-0.11,0.05,-0.11,0.19,0.5,0.15,0.03,0.15,0.44,1.6,1.42,0.04,1.42,0.62,0.6,0.36,0.08,0.36,0.43,1.1,0.96,0.08,0.96,0.45,1.4,1.43,0.25,1.43,0.18,1.4,1.12,0.03,1.12,0.89,1.1,0.56,0.21,0.56,0.89,0.9,0.43,0.07,0.43,0.7,1.2,0.91,0.07,0.91,0.85,0.8,0.64,0.04,0.64,0.38,1.2,1.13,0.11,1.13,0.2,0.04,0.25,2.5600000000000005,0.36,1.2100000000000002,1.96,1.96,1.2100000000000002,0.81,1.44,0.6400000000000001,1.44,0.0121,0.0225,2.0164,0.1296,0.9216,2.0449,1.2544000000000002,0.3136,0.1848999999999999,0.8281000000000001,0.4096,1.2768999999999997,0.0361,0.1936,0.3844,0.1848999999999999,0.2025,0.0324,0.7921,0.7921,0.4899999999999999,0.7224999999999999,0.1444,0.04,0.0025,0.0009,0.0016,0.0064,0.0064,0.0625,0.0009,0.0440999999999999,0.0049,0.0049,0.0016,0.0121
10.588999999999977,190.51612903225734,2.078709677419413,164.4977419354833,-2.5,-95.92483870967698,23.351612903225735,-0.03990322580650089,6.241290322581149,2.5155483870976703,-25.83287096774286,14.923999999999685,-13.374096774193454,93.62548387096787,-72.86896774193535,118.64545161290326,0.2,-0.11,0.05,-0.11,0.19,0.5,0.15,0.03,0.15,0.44,1.6,1.42,0.04,1.42,0.62,0.6,0.36,0.08,0.36,0.43,1.1,0.96,0.08,0.96,0.45,1.4,1.43,0.25,1.43,0.18,1.4,1.12,0.03,1.12,0.89,1.1,0.56,0.21,0.56,0.89,0.9,0.43,0.07,0.43,0.7,1.2,0.91,0.07,0.91,0.85,0.8,0.64,0.04,0.64,0.38,1.2,1.13,0.11,1.13,0.2,0.04,0.25,2.5600000000000005,0.36,1.2100000000000002,1.96,1.96,1.2100000000000002,0.81,1.44,0.6400000000000001,1.44,0.0121,0.0225,2.0164,0.1296,0.9216,2.0449,1.2544000000000002,0.3136,0.1848999999999999,0.8281000000000001,0.4096,1.2768999999999997,0.0361,0.1936,0.3844,0.1848999999999999,0.2025,0.0324,0.7921,0.7921,0.4899999999999999,0.7224999999999999,0.1444,0.04,0.0025,0.0009,0.0016,0.0064,0.0064,0.0625,0.0009,0.0440999999999999,0.0049,0.0049,0.0016,0.0121
10.638999999999978,192.16666666666592,1.9333333333334073,165.79999999999941,-2.488333333333341,-96.93333333333287,24.08333333333163,0.07116666666661707,4.750500000000846,0.47500000000091047,-23.933666666667808,15.640999999999682,-13.710999999999814,93.46066666666657,-72.9908333333333,118.5919999999999,0.2,-0.11,0.05,-0.11,0.19,0.5,0.15,0.03,0.15,0.44,1.6,1.42,0.04,1.42,0.62,0.6,0.36,0.08,0.36,0.43,1.1,0.96,0.08,0.96,0.45,1.4,1.43,0.25,1.43,0.18,1.4,1.12,0.03,1.12,0.89,1.1,0.56,0.21,0.56,0.89,0.9,0.43,0.07,0.43,0.7,1.2,0.91,0.07,0.91,0.85,0.8,0.64,0.04,0.64,0.38,1.2,1.13,0.11,1.13,0.2,0.04,0.25,2.5600000000000005,0.36,1.2100000000000002,1.96,1.96,1.2100000000000002,0.81,1.44,0.6400000000000001,1.44,0.0121,0.0225,2.0164,0.1296,0.9216,2.0449,1.2544000000000002,0.3136,0.1848999999999999,0.8281000000000001,0.4096,1.2768999999999997,0.0361,0.1936,0.3844,0.1848999999999999,0.2025,0.0324,0.7921,0.7921,0.4899999999999999,0.7224999999999999,0.1444,0.04,0.0025,0.0009,0.0016,0.0064,0.0064,0.0625,0.0009,0.0440999999999999,0.0049,0.0049,0.0016,0.0121
10.688999999999977,193.83333333333255,1.7666666666667457,167.09999999999937,-2.48,-97.9749999999995,29.41666666666343,0.18283333333328045,2.7130000000010277,-1.5699999999990337,-20.972833333334922,16.359333333332994,-14.14349999999979,93.88983333333304,-73.08583333333327,118.9861666666664,0.2,-0.11,0.05,-0.11,0.19,0.5,0.15,0.03,0.15,0.44,1.6,1.42,0.04,1.42,0.62,0.6,0.36,0.08,0.36,0.43,1.1,0.96,0.08,0.96,0.45,1.4,1.43,0.25,1.43,0.18,1.4,1.12,0.03,1.12,0.89,1.1,0.56,0.21,0.56,0.89,0.9,0.43,0.07,0.43,0.7,1.2,0.91,0.07,0.91,0.85,0.8,0.64,0.04,0.64,0.38,1.2,1.13,0.11,1.13,0.2,0.04,0.25,2.5600000000000005,0.36,1.2100000000000002,1.96,1.96,1.2100000000000002,0.81,1.44,0.6400000000000001,1.44,0.0121,0.0225,2.0164,0.1296,0.9216,2.0449,1.2544000000000002,0.3136,0.1848999999999999,0.8281000000000001,0.4096,1.2768999999999997,0.0361,0.1936,0.3844,0.1848999999999999,0.2025,0.0324,0.7921,0.7921,0.4899999999999999,0.7224999999999999,0.1444,0.04,0.0025,0.0009,0.0016,0.0064,0.0064,0.0625,0.0009,0.0440999999999999,0.0049,0.0049,0.0016,0.0121
10.738999999999976,195.4999999999992,1.60000000000008,168.41499999999937,-2.465000000000008,-99.00499999999951,30.550000000000082,-0.8014999999994076,0.9070000000007706,-2.5279999999996594,-17.32800000000177,15.551500000000555,-14.062000000000138,94.03299999999997,-72.8430000000001,118.95050000000003,0.2,-0.08,0.03,-0.08,0.22,0.5,0.15,0.03,0.15,0.43,1.5,1.4,0.01,1.4,0.55,0.6,0.35,0.07,0.35,0.42,1.2,0.99,0.01,0.99,0.58,1.3,1.28,0.07,1.28,0.1,1.4,1.17,0.06,1.17,0.71,1.0,0.53,0.25,0.53,0.81,0.9,0.42,0.05,0.42,0.72,1.2,0.92,0.08,0.92,0.83,0.8,0.61,0.06,0.61,0.41,1.1,1.04,0.16,1.04,0.19,0.04,0.25,2.25,0.36,1.44,1.6900000000000002,1.96,1.0,0.81,1.44,0.6400000000000001,1.2100000000000002,0.0064,0.0225,1.96,0.1224999999999999,0.9801,1.6384,1.3688999999999998,0.2809,0.1763999999999999,0.8464,0.3721,1.0816,0.0484,0.1848999999999999,0.3025,0.1763999999999999,0.3364,0.01,0.5041,0.6561000000000001,0.5184,0.6889,0.1680999999999999,0.0361,0.0009,0.0009,0.0001,0.0049,0.0001,0.0049,0.0036,0.0625,0.0025,0.0064,0.0036,0.0256
10.788999999999977,197.16129032257987,1.4354838709678113,169.7274193548381,-2.438387096774201,-100.02677419354794,29.838709677420127,-2.032483870967166,-0.12670967741921763,-3.235032258064186,-13.739225806453366,14.397096774194088,-13.38132258064559,94.21838709677418,-73.1140322580645,119.26548387096771,0.2,-0.08,0.03,-0.08,0.22,0.5,0.15,0.03,0.15,0.43,1.5,1.4,0.01,1.4,0.55,0.6,0.35,0.07,0.35,0.42,1.2,0.99,0.01,0.99,0.58,1.3,1.28,0.07,1.28,0.1,1.4,1.17,0.06,1.17,0.71,1.0,0.53,0.25,0.53,0.81,0.9,0.42,0.05,0.42,0.72,1.2,0.92,0.08,0.92,0.83,0.8,0.61,0.06,0.61,0.41,1.1,1.04,0.16,1.04,0.19,0.04,0.25,2.25,0.36,1.44,1.6900000000000002,1.96,1.0,0.81,1.44,0.6400000000000001,1.2100000000000002,0.0064,0.0225,1.96,0.1224999999999999,0.9801,1.6384,1.3688999999999998,0.2809,0.1763999999999999,0.8464,0.3721,1.0816,0.0484,0.1848999999999999,0.3025,0.1763999999999999,0.3364,0.01,0.5041,0.6561000000000001,0.5184,0.6889,0.1680999999999999,0.0361,0.0009,0.0009,0.0001,0.0049,0.0001,0.0049,0.0036,0.0625,0.0025,0.0064,0.0036,0.0256
10.838999999999977,198.79999999999924,1.2880000000000693,171.02999999999938,-2.4220000000000077,-101.01799999999953,27.88000000000108,-3.259799999999422,-0.18400000000008854,-3.9387999999996683,-9.906400000001854,13.246000000000542,-12.435800000000462,94.15840000000007,-72.95020000000018,119.12200000000016,0.2,-0.08,0.03,-0.08,0.22,0.5,0.15,0.03,0.15,0.43,1.5,1.4,0.01,1.4,0.55,0.6,0.35,0.07,0.35,0.42,1.2,0.99,0.01,0.99,0.58,1.3,1.28,0.07,1.28,0.1,1.4,1.17,0.06,1.17,0.71,1.0,0.53,0.25,0.53,0.81,0.9,0.42,0.05,0.42,0.72,1.2,0.92,0.08,0.92,0.83,0.8,0.61,0.06,0.61,0.41,1.1,1.04,0.16,1.04,0.19,0.04,0.25,2.25,0.36,1.44,1.6900000000000002,1.96,1.0,0.81,1.44,0.6400000000000001,1.2100000000000002,0.0064,0.0225,1.96,0.1224999999999999,0.9801,1.6384,1.3688999999999998,0.2809,0.1763999999999999,0.8464,0.3721,1.0816,0.0484,0.1848999999999999,0.3025,0.1763999999999999,0.3364,0.01,0.5041,0.6561000000000001,0.5184,0.6889,0.1680999999999999,0.0361,0.0009,0.0009,0.0001,0.0049,0.0001,0.0049,0.0036,0.0625,0.0025,0.0064,0.0036,0.0256
10.888999999999976,200.43333333333254,1.1266666666667455,172.32666666666603,-2.4056666666666744,-102.00433333333285,25.32000000000142,-4.404666666666225,0.0029666666665774596,-4.733466666666163,-5.981200000001886,12.035266666667333,-11.458166666667136,94.08129999999993,-72.59500000000014,118.84883333333336,0.2,-0.08,0.03,-0.08,0.22,0.5,0.15,0.03,0.15,0.43,1.5,1.4,0.01,1.4,0.55,0.6,0.35,0.07,0.35,0.42,1.2,0.99,0.01,0.99,0.58,1.3,1.28,0.07,1.28,0.1,1.4,1.17,0.06,1.17,0.71,1.0,0.53,0.25,0.53,0.81,0.9,0.42,0.05,0.42,0.72,1.2,0.92,0.08,0.92,0.83,0.8,0.61,0.06,0.61,0.41,1.1,1.04,0.16,1.04,0.19,0.04,0.25,2.25,0.36,1.44,1.6900000000000002,1.96,1.0,0.81,1.44,0.6400000000000001,1.2100000000000002,0.0064,0.0225,1.96,0.1224999999999999,0.9801,1.6384,1.3688999999999998,0.2809,0.1763999999999999,0.8464,0.3721,1.0816,0.0484,0.1848999999999999,0.3025,0.1763999999999999,0.3364,0.01,0.5041,0.6561000000000001,0.5184,0.6889,0.1680999999999999,0.0361,0.0009,0.0009,0.0001,0.0049,0.0001,0.0049,0.0036,0.0625,0.0025,0.0064,0.0036,0.0256
10.938999999999975,202.09999999999917,0.9390000000000905,173.63999999999933,-2.379000000000008,-103.0409999999995,21.1300000000014,-4.806899999999762,0.11060000000056296,-6.305199999999775,-2.1911000000008305,10.23800000000089,-10.475000000000527,94.79679999999942,-72.43120000000015,119.31279999999963,0.2099999999999177,-0.08099999999999177,0.027000000000024692,-0.08099999999999177,0.22199999999998354,0.5,0.15,0.03,0.15,0.43,1.5,1.3960000000000328,0.015999999999950616,1.3960000000000328,0.5420000000000659,0.6,0.35,0.07,0.35,0.4170000000000247,1.2,0.99,0.01,0.99,0.58,1.3,1.2740000000000493,0.06500000000004116,1.2740000000000493,0.0900000000000823,1.4,1.177999999999934,0.05500000000004115,1.177999999999934,0.7050000000000411,1.0,0.53,0.25,0.53,0.81,0.9,0.42,0.05,0.42,0.72,1.2,0.9190000000000083,0.08,0.9190000000000083,0.8290000000000082,0.8,0.61,0.06,0.61,0.41,1.1,1.04,0.16,1.04,0.19,0.04499999999995885,0.25,2.25,0.36,1.44,1.6900000000000002,1.96,1.0,0.81,1.44,0.6400000000000001,1.2100000000000002,0.006569999999998601,0.0225,1.9489600000000908,0.1224999999999999,0.9801,1.6234000000001236,1.3882599999998404,0.2809,0.1763999999999999,0.8445700000000151,0.3721,1.0816,0.049319999999992425,0.1848999999999999,0.29434000000006716,0.17397000000001991,0.3364,0.00900000000000823,0.49725000000005637,0.6561000000000001,0.5184,0.6872500000000136,0.1680999999999999,0.0361,0.0008100000000007407,0.0009,0.0005799999999960494,0.0049,0.0001,0.004450000000003704,0.003250000000002881,0.0625,0.0025,0.0064,0.0036,0.0256
10.988999999999976,203.76666666666586,0.7710000000000728,174.97333333333268,-2.3623333333333414,-104.04233333333286,18.833333333334146,-5.411999999999636,-1.451066666665668,-6.276300000000289,-1.2132333333334069,8.508533333334134,-9.378433333333883,96.0153333333327,-72.06323333333356,120.06559999999963,0.3,-0.09,0.0,-0.09,0.24,0.5,0.15,0.03,0.15,0.43,1.5,1.36,0.07,1.36,0.47,0.6,0.35,0.07,0.35,0.39,1.2,0.99,0.01,0.99,0.58,1.3,1.22,0.02,1.22,0.0,1.4,1.25,0.01,1.25,0.66,1.0,0.53,0.25,0.53,0.81,0.9,0.42,0.05,0.42,0.72,1.2,0.91,0.08,0.91,0.82,0.8,0.61,0.06,0.61,0.41,1.1,1.04,0.16,1.04,0.19,0.09,0.25,2.25,0.36,1.44,1.6900000000000002,1.96,1.0,0.81,1.44,0.6400000000000001,1.2100000000000002,0.0081,0.0225,1.8496000000000004,0.1224999999999999,0.9801,1.4884,1.5625,0.2809,0.1763999999999999,0.8281000000000001,0.3721,1.0816,0.0576,0.1848999999999999,0.2208999999999999,0.1521,0.3364,0.0,0.4356,0.6561000000000001,0.5184,0.6723999999999999,0.1680999999999999,0.0361,0.0,0.0009,0.0049,0.0049,0.0001,0.0004,0.0001,0.0625,0.0025,0.0064,0.0036,0.0256
11.038999999999977,205.43333333333257,0.6210000000000687,176.31666666666607,-2.3313333333333484,-105.03566666666622,17.64000000000046,-7.01056666666582,-3.4839333333324047,-5.714233333333708,-1.0630000000000688,7.364533333333752,-8.258233333333846,97.11016666666625,-71.91496666666656,120.86236666666626,0.3,-0.09,0.0,-0.09,0.24,0.5,0.15,0.03,0.15,0.43,1.5,1.36,0.07,1.36,0.47,0.6,0.35,0.07,0.35,0.39,1.2,0.99,0.01,0.99,0.58,1.3,1.22,0.02,1.22,0.0,1.4,1.25,0.01,1.25,0.66,1.0,0.53,0.25,0.53,0.81,0.9,0.42,0.05,0.42,0.72,1.2,0.91,0.08,0.91,0.82,0.8,0.61,0.06,0.61,0.41,1.1,1.04,0.16,1.04,0.19,0.09,0.25,2.25,0.36,1.44,1.6900000000000002,1.96,1.0,0.81,1.44,0.6400000000000001,1.2100000000000002,0.0081,0.0225,1.8496000000000004,0.1224999999999999,0.9801,1.4884,1.5625,0.2809,0.1763999999999999,0.8281000000000001,0.3721,1.0816,0.0576,0.1848999999999999,0.2208999999999999,0.1521,0.3364,0.0,0.4356,0.6561000000000001,0.5184,0.6723999999999999,0.1680999999999999,0.0361,0.0,0.0009,0.0049,0.0049,0.0001,0.0004,0.0001,0.0625,0.0025,0.0064,0.0036,0.0256
11.088999999999976,207.1034482758612,0.4775862068966541,177.67172413793037,-2.2979310344827755,-106.02310344827534,16.903448275863692,-8.970724137930558,-5.511034482757597,-4.342068965517126,-0.9137931034483519,6.781586206896728,-7.140724137931597,97.64851724137905,-73.04703448275733,121.97475862068868,0.3,-0.09,0.0,-0.09,0.24,0.5,0.15,0.03,0.15,0.43,1.5,1.36,0.07,1.36,0.47,0.6,0.35,0.07,0.35,0.39,1.2,0.99,0.01,0.99,0.58,1.3,1.22,0.02,1.22,0.0,1.4,1.25,0.01,1.25,0.66,1.0,0.53,0.25,0.53,0.81,0.9,0.42,0.05,0.42,0.72,1.2,0.91,0.08,0.91,0.82,0.8,0.61,0.06,0.61,0.41,1.1,1.04,0.16,1.04,0.19,0.09,0.25,2.25,0.36,1.44,1.6900000000000002,1.96,1.0,0.81,1.44,0.6400000000000001,1.2100000000000002,0.0081,0.0225,1.8496000000000004,0.1224999999999999,0.9801,1.4884,1.5625,0.2809,0.1763999999999999,0.8281000000000001,0.3721,1.0816,0.0576,0.1848999999999999,0.2208999999999999,0.1521,0.3364,0.0,0.4356,0.6561000000000001,0.5184,0.6723999999999999,0.1680999999999999,0.0361,0.0,0.0009,0.0049,0.0049,0.0001,0.0004,0.0001,0.0625,0.0025,0.0064,0.0036,0.0256
11.138999999999974,208.79999999999916,0.26600000000010926,179.01199999999932,-2.2720000000000082,-107.06599999999948,12.960000000002355,-9.533399999999935,-7.535599999999001,-5.242399999999182,-0.763600000000074,6.456000000000147,-6.025000000000551,98.2017999999997,-75.95839999999838,124.17439999999877,0.3,-0.09,0.0,-0.09,0.24,0.5,0.15,0.03,0.15,0.43,1.5,1.36,0.07,1.36,0.47,0.6,0.35,0.07,0.35,0.39,1.2,0.99,0.01,0.99,0.58,1.3,1.22,0.02,1.22,0.0,1.4,1.25,0.01,1.25,0.66,1.0,0.53,0.25,0.53,0.81,0.9,0.42,0.05,0.42,0.72,1.2,0.91,0.08,0.91,0.82,0.8,0.61,0.06,0.61,0.41,1.1,1.04,0.16,1.04,0.19,0.09,0.25,2.25,0.36,1.44,1.6900000000000002,1.96,1.0,0.81,1.44,0.6400000000000001,1.2100000000000002,0.0081,0.0225,1.8496000000000004,0.1224999999999999,0.9801,1.4884,1.5625,0.2809,0.1763999999999999,0.8281000000000001,0.3721,1.0816,0.0576,0.1848999999999999,0.2208999999999999,0.1521,0.3364,0.0,0.4356,0.6561000000000001,0.5184,0.6723999999999999,0.1680999999999999,0.0361,0.0,0.0009,0.0049,0.0049,0.0001,0.0004,0.0001,0.0625,0.0025,0.0064,0.0036,0.0256
11.188999999999975,210.5357142857134,0.06107142857152502,180.3671428571422,-2.249285714285732,-108.14142857142804,9.382142857144522,-12.665749999997956,-12.94007142856836,-5.91439285714281,-1.72742857142807,5.228107142857962,-4.243928571429555,95.27828571428734,-76.37578571428604,122.14732142857288,0.3,-0.09,0.0,-0.09,0.24,0.5,0.15,0.03,0.15,0.43,1.5,1.36,0.07,1.36,0.47,0.6,0.35,0.07,0.35,0.39,1.2,0.99,0.01,0.99,0.58,1.3,1.22,0.02,1.22,0.0,1.4,1.25,0.01,1.25,0.66,1.0,0.53,0.25,0.53,0.81,0.9,0.42,0.05,0.42,0.72,1.2,0.91,0.08,0.91,0.82,0.8,0.61,0.06,0.61,0.41,1.1,1.04,0.16,1.04,0.19,0.09,0.25,2.25,0.36,1.44,1.6900000000000002,1.96,1.0,0.81,1.44,0.6400000000000001,1.2100000000000002,0.0081,0.0225,1.8496000000000004,0.1224999999999999,0.9801,1.4884,1.5625,0.2809,0.1763999999999999,0.8281000000000001,0.3721,1.0816,0.0576,0.1848999999999999,0.2208999999999999,0.1521,0.3364,0.0,0.4356,0.6561000000000001,0.5184,0.6723999999999999,0.1680999999999999,0.0361,0.0,0.0009,0.0049,0.0049,0.0001,0.0004,0.0001,0.0625,0.0025,0.0064,0.0036,0.0256
